I0,I1,I2,I3,I4,I5,I6,I7,I8,I9,I10,I11,I12,I13,I14,I15,I16,I17,I18,I19,I20,I21,I22,I23,I24,I25,I26,I27
10.000000,6.000000,1.000000,0.000000,0.000000,0.000000,0.000000,0.000000,0.000000,0.000000,0.000000,0.000000,0.000000,0.000000,-0.941121,0.000000,0.000000,0.000000,65535.000000,0.000000,0.000000,6.000000,1.000000,6.000000,1.000000,0.000000,0.000000,1.000000
20.000000,6.000000,1.000000,0.000000,0.000000,0.000000,0.000000,0.000000,0.000000,0.000000,0.015596,0.001379,0.000000,0.001379,-0.932338,0.000000,0.000000,0.000000,65535.000000,0.000000,0.000000,6.000000,1.000000,6.000000,1.000000,0.000000,0.000000,1.000000
30.000000,6.000000,1.000000,0.000000,0.000000,0.000000,0.000000,0.000000,0.000000,0.000000,0.007843,0.000846,0.000000,0.000846,-0.950496,0.000000,0.000000,0.000000,65535.000000,0.000000,0.000000,6.000000,1.000000,6.000000,1.000000,0.000000,0.000000,1.000000
40.000000,6.000000,1.000000,0.000000,0.000000,0.000000,0.000000,0.000000,0.000000,0.000000,0.003275,0.000520,0.000000,0.000520,-0.941538,0.000000,0.000000,0.000000,65535.000000,0.000000,0.000000,6.000000,1.000000,6.000000,1.000000,0.000000,0.000000,1.000000
50.000000,6.000000,1.000000,0.000000,0.000000,0.000000,0.000000,0.000000,0.000000,0.000000,0.001330,0.000319,0.000000,0.000319,-0.932747,0.000000,0.000000,0.000000,65535.000000,0.000000,0.000000,6.000000,1.000000,6.000000,1.000000,0.000000,0.000000,1.000000
60.000000,6.000000,1.000000,0.000000,0.000000,0.000000,0.000000,0.000000,0.000000,0.000000,0.000823,0.000196,0.000000,0.000196,-0.927706,0.000000,0.000000,0.000000,65535.000000,0.000000,0.000000,6.000000,1.000000,6.000000,1.000000,0.000000,0.000000,1.000000
70.000000,6.000000,1.000000,0.000000,0.000000,0.000000,0.000000,0.000000,0.000000,0.000000,0.001587,0.000120,0.000000,0.000120,-0.919335,0.000000,0.000000,0.000000,65535.000000,0.000000,0.000000,6.000000,1.000000,6.000000,1.000000,0.000000,0.000000,1.000000
80.000000,6.000000,1.000000,0.000000,0.000000,0.000000,0.000000,0.000000,0.000000,0.000000,0.001936,0.000074,0.000000,0.000074,-0.911685,0.000000,0.000000,0.000000,65535.000000,0.000000,0.000000,6.000000,1.000000,6.000000,1.000000,0.000000,0.000000,1.000000
90.000000,6.000000,1.000000,0.000000,0.000000,0.000000,0.000000,0.000000,0.000000,0.000000,0.002044,0.000045,0.000000,0.000045,-0.904075,0.000000,0.000000,0.000000,65535.000000,0.000000,0.000000,6.000000,1.000000,6.000000,1.000000,0.000000,0.000000,1.000000
100.000000,6.000000,1.000000,0.000000,0.000000,0.000000,0.000000,0.000000,0.000000,0.000000,0.002015,0.000028,0.000000,0.000028,-0.895978,0.000000,0.000000,0.000000,65535.000000,0.000000,0.000000,6.000000,1.000000,6.000000,1.000000,0.000000,0.000000,1.000000
110.000000,6.000000,1.000000,0.000000,0.000000,0.000000,0.000000,0.000000,0.000000,0.000000,0.001912,0.000017,0.000000,0.000017,-0.888014,0.000000,0.000000,0.000000,65535.000000,0.000000,0.000000,6.000000,1.000000,6.000000,1.000000,0.000000,0.000000,1.000000
120.000000,6.000000,1.000000,0.000000,0.000000,0.000000,0.000000,0.000000,0.000000,0.000000,0.001775,0.000010,0.000000,0.000010,-0.881440,0.000000,0.000000,0.000000,65535.000000,0.000000,0.000000,6.000000,1.000000,6.000000,1.000000,0.000000,0.000000,1.000000
130.000000,6.000000,1.000000,0.000000,0.000000,0.000000,0.000000,0.000000,0.000000,0.000000,0.001623,0.000006,0.000000,0.000006,-0.873731,0.000000,0.000000,0.000000,65535.000000,0.000000,0.000000,6.000000,1.000000,6.000000,1.000000,0.000000,0.000000,1.000000
140.000000,6.000000,1.000000,0.000000,0.000000,0.000000,0.000000,0.000000,0.000000,0.000000,0.001471,0.000004,0.000000,0.000004,-0.866155,0.000000,0.000000,0.000000,65535.000000,0.000000,0.000000,6.000000,1.000000,6.000000,1.000000,0.000000,0.000000,1.000000
150.000000,6.000000,1.000000,0.000000,0.000000,0.000000,0.000000,0.000000,0.000000,0.000000,0.001325,0.000002,0.000000,0.000002,-0.861092,0.000000,0.000000,0.000000,65535.000000,0.000000,0.000000,6.000000,1.000000,6.000000,1.000000,0.000000,0.000000,1.000000
160.000000,6.000000,1.000000,0.000000,0.000000,0.000000,0.000000,0.000000,0.000000,0.000000,0.001188,0.000001,0.000000,0.000001,-0.852346,0.000000,0.000000,0.000000,65535.000000,0.000000,0.000000,6.000000,1.000000,6.000000,1.000000,0.000000,0.000000,1.000000
170.000000,6.000000,1.000000,0.000000,0.000000,0.000000,0.000000,0.000000,0.000000,0.000000,0.001063,0.000001,0.000000,0.000001,-0.844169,0.000000,0.000000,0.000000,65535.000000,0.000000,0.000000,6.000000,1.000000,6.000000,1.000000,0.000000,0.000000,1.000000
180.000000,6.000000,1.000000,0.000000,0.000000,0.000000,0.000000,0.000000,0.000000,0.000000,0.000949,0.000001,0.000000,0.000001,-0.835113,0.000000,0.000000,0.000000,65535.000000,0.000000,0.000000,6.000000,1.000000,6.000000,1.000000,0.000000,0.000000,1.000000
190.000000,6.000000,1.000000,0.000000,0.000000,0.000000,0.000000,0.000000,0.000000,0.000000,0.000846,0.000000,0.000000,0.000000,-0.827266,0.000000,0.000000,0.000000,65535.000000,0.000000,0.000000,6.000000,1.000000,6.000000,1.000000,0.000000,0.000000,1.000000
200.000000,6.000000,1.000000,0.000000,0.000000,0.000000,0.000000,0.000000,0.000000,0.000000,0.000753,0.000000,0.000000,0.000000,-0.820471,0.000000,0.000000,0.000000,65535.000000,0.000000,0.000000,6.000000,1.000000,6.000000,1.000000,0.000000,0.000000,1.000000
210.000000,6.000000,1.000000,0.000000,0.000000,0.000000,0.000000,0.000000,0.000000,0.000000,0.000670,0.000000,0.000000,0.000000,-0.812464,0.000000,0.000000,0.000000,65535.000000,0.000000,0.000000,6.000000,1.000000,6.000000,1.000000,0.000000,0.000000,1.000000
220.000000,6.000000,1.000000,0.000000,0.000000,0.000000,0.000000,0.000000,0.000000,0.000000,0.000597,0.000000,0.000000,0.000000,-0.805636,0.000000,0.000000,0.000000,65535.000000,0.000000,0.000000,6.000000,1.000000,6.000000,1.000000,0.000000,0.000000,1.000000
230.000000,6.000000,1.000000,0.000000,0.000000,0.000000,0.000000,0.000000,0.000000,0.000000,0.000531,0.000000,0.000000,0.000000,-0.799190,0.000000,0.000000,0.000000,65535.000000,0.000000,0.000000,6.000000,1.000000,6.000000,1.000000,0.000000,0.000000,1.000000
240.000000,6.000000,1.000000,0.000000,0.000000,0.000000,0.000000,0.000000,0.000000,0.000000,0.000472,0.000000,0.000000,0.000000,-0.793498,0.000000,0.000000,0.000000,65535.000000,0.000000,0.000000,6.000000,1.000000,6.000000,1.000000,0.000000,0.000000,1.000000
250.000000,6.000000,1.000000,0.000000,0.000000,0.000000,0.000000,0.000000,0.000000,0.000000,0.000420,0.000000,0.000000,0.000000,-0.791694,0.000000,0.000000,0.000000,65535.000000,0.000000,0.000000,6.000000,1.000000,6.000000,1.000000,0.000000,0.000000,1.000000
260.000000,6.000000,1.000000,0.000000,0.000000,0.000000,0.000000,0.000000,0.000000,0.000000,0.000373,0.000000,0.000000,0.000000,-0.784707,0.000000,0.000000,0.000000,65535.000000,0.000000,0.000000,6.000000,1.000000,6.000000,1.000000,0.000000,0.000000,1.000000
270.000000,6.000000,1.000000,0.000000,0.000000,0.000000,0.000000,0.000000,0.000000,0.000000,0.000332,0.000000,0.000000,0.000000,-0.778591,0.000000,0.000000,0.000000,65535.000000,0.000000,0.000000,6.000000,1.000000,6.000000,1.000000,0.000000,0.000000,1.000000
280.000000,6.000000,1.000000,0.000000,0.000000,0.000000,0.000000,0.000000,0.000000,0.000000,0.000295,0.000000,0.000000,0.000000,-0.772931,0.000000,0.000000,0.000000,65535.000000,0.000000,0.000000,6.000000,1.000000,6.000000,1.000000,0.000000,0.000000,1.000000
290.000000,6.000000,1.000000,0.000000,0.000000,0.000000,0.000000,0.000000,0.000000,0.000000,0.000262,0.000000,0.000000,0.000000,-0.766898,0.000000,0.000000,0.000000,65535.000000,0.000000,0.000000,6.000000,1.000000,6.000000,1.000000,0.000000,0.000000,1.000000
300.000000,6.000000,1.000000,0.000000,0.000000,0.000000,0.000000,0.000000,0.000000,0.000000,0.000233,0.000000,0.000000,0.000000,-0.759506,0.000000,0.000000,0.000000,65535.000000,0.000000,0.000000,6.000000,1.000000,6.000000,1.000000,0.000000,0.000000,1.000000
310.000000,6.000000,1.000000,0.000000,0.000000,0.000000,0.000000,0.000000,0.000000,0.000000,0.000207,0.000000,0.000000,0.000000,-0.753775,0.000000,0.000000,0.000000,65535.000000,0.000000,0.000000,6.000000,1.000000,6.000000,1.000000,0.000000,0.000000,1.000000
320.000000,6.000000,1.000000,0.000000,0.000000,0.000000,0.000000,0.000000,0.000000,0.000000,0.000184,0.000000,0.000000,0.000000,-0.748497,0.000000,0.000000,0.000000,65535.000000,0.000000,0.000000,6.000000,1.000000,6.000000,1.000000,0.000000,0.000000,1.000000
330.000000,6.000000,1.000000,0.000000,0.000000,0.000000,0.000000,0.000000,0.000000,0.000000,0.000164,0.000000,0.000000,0.000000,-0.743739,0.000000,0.000000,0.000000,65535.000000,0.000000,0.000000,6.000000,1.000000,6.000000,1.000000,0.000000,0.000000,1.000000
340.000000,6.000000,1.000000,0.000000,0.000000,0.000000,0.000000,0.000000,0.000000,0.000000,0.000145,0.000000,0.000000,0.000000,-0.738243,0.000000,0.000000,0.000000,65535.000000,0.000000,0.000000,6.000000,1.000000,6.000000,1.000000,0.000000,0.000000,1.000000
350.000000,6.000000,1.000000,0.000000,0.000000,0.000000,0.000000,0.000000,0.000000,0.000000,0.000129,0.000000,0.000000,0.000000,-0.733553,0.000000,0.000000,0.000000,65535.000000,0.000000,0.000000,6.000000,1.000000,6.000000,1.000000,0.000000,0.000000,1.000000
360.000000,6.000000,1.000000,0.000000,0.000000,0.000000,0.000000,0.000000,0.000000,0.000000,0.000115,0.000000,0.000000,0.000000,-0.730262,0.000000,0.000000,0.000000,65535.000000,0.000000,0.000000,6.000000,1.000000,6.000000,1.000000,0.000000,0.000000,1.000000
370.000000,6.000000,1.000000,0.000000,0.000000,0.000000,0.000000,0.000000,0.000000,0.000000,0.000102,0.000000,0.000000,0.000000,-0.724963,0.000000,0.000000,0.000000,65535.000000,0.000000,0.000000,6.000000,1.000000,6.000000,1.000000,0.000000,0.000000,1.000000
380.000000,6.000000,1.000000,0.000000,0.000000,0.000000,0.000000,0.000000,0.000000,0.000000,0.000091,0.000000,0.000000,0.000000,-0.719167,0.000000,0.000000,0.000000,65535.000000,0.000000,0.000000,6.000000,1.000000,6.000000,1.000000,0.000000,0.000000,1.000000
390.000000,6.000000,1.000000,0.000000,0.000000,0.000000,0.000000,0.000000,0.000000,0.000000,0.000081,0.000000,0.000000,0.000000,-0.714027,0.000000,0.000000,0.000000,65535.000000,0.000000,0.000000,6.000000,1.000000,6.000000,1.000000,0.000000,0.000000,1.000000
400.000000,6.000000,1.000000,0.000000,0.000000,0.000000,0.000000,0.000000,0.000000,0.000000,0.000072,0.000000,0.000000,0.000000,-0.707898,0.000000,0.000000,0.000000,65535.000000,0.000000,0.000000,6.000000,1.000000,6.000000,1.000000,0.000000,0.000000,1.000000
410.000000,6.000000,1.000000,0.000000,0.000000,0.000000,0.000000,0.000000,0.000000,0.000000,0.000064,0.000000,0.000000,0.000000,-0.702748,0.000000,0.000000,0.000000,65535.000000,0.000000,0.000000,6.000000,1.000000,6.000000,1.000000,0.000000,0.000000,1.000000
420.000000,6.000000,1.000000,0.000000,0.000000,0.000000,0.000000,0.000000,0.000000,0.000000,0.000057,0.000000,0.000000,0.000000,-0.697035,0.000000,0.000000,0.000000,65535.000000,0.000000,0.000000,6.000000,1.000000,6.000000,1.000000,0.000000,0.000000,1.000000
430.000000,6.000000,1.000000,0.000000,0.000000,0.000000,0.000000,0.000000,0.000000,0.000000,0.000050,0.000000,0.000000,0.000000,-0.691669,0.000000,0.000000,0.000000,65535.000000,0.000000,0.000000,6.000000,1.000000,6.000000,1.000000,0.000000,0.000000,1.000000
440.000000,6.000000,1.000000,0.000000,0.000000,0.000000,0.000000,0.000000,0.000000,0.000000,0.000045,0.000000,0.000000,0.000000,-0.686913,0.000000,0.000000,0.000000,65535.000000,0.000000,0.000000,6.000000,1.000000,6.000000,1.000000,0.000000,0.000000,1.000000
450.000000,6.000000,1.000000,0.000000,0.000000,0.000000,0.000000,0.000000,0.000000,0.000000,0.000040,0.000000,0.000000,0.000000,-0.682222,0.000000,0.000000,0.000000,65535.000000,0.000000,0.000000,6.000000,1.000000,6.000000,1.000000,0.000000,0.000000,1.000000
460.000000,6.000000,1.000000,0.000000,0.000000,0.000000,0.000000,0.000000,0.000000,0.000000,0.000035,0.000000,0.000000,0.000000,-0.678624,0.000000,0.000000,0.000000,65535.000000,0.000000,0.000000,6.000000,1.000000,6.000000,1.000000,0.000000,0.000000,1.000000
470.000000,6.000000,1.000000,0.000000,0.000000,0.000000,0.000000,0.000000,0.000000,0.000000,0.000031,0.000000,0.000000,0.000000,-0.673438,0.000000,0.000000,0.000000,65535.000000,0.000000,0.000000,6.000000,1.000000,6.000000,1.000000,0.000000,0.000000,1.000000
480.000000,6.000000,1.000000,0.000000,0.000000,0.000000,0.000000,0.000000,0.000000,0.000000,0.000028,0.000000,0.000000,0.000000,-0.666907,0.000000,0.000000,0.000000,65535.000000,0.000000,0.000000,6.000000,1.000000,6.000000,1.000000,0.000000,0.000000,1.000000
490.000000,6.000000,1.000000,0.000000,0.000000,0.000000,0.000000,0.000000,0.000000,0.000000,0.000025,0.000000,0.000000,0.000000,-0.662352,0.000000,0.000000,0.000000,65535.000000,0.000000,0.000000,6.000000,1.000000,6.000000,1.000000,0.000000,0.000000,1.000000
500.000000,6.000000,1.000000,0.000000,0.000000,0.000000,0.000000,0.000000,0.000000,0.000000,0.000022,0.000000,0.000000,0.000000,-0.657989,0.000000,0.000000,0.000000,65535.000000,0.000000,0.000000,6.000000,1.000000,6.000000,1.000000,0.000000,0.000000,1.000000
510.000000,6.000000,1.000000,0.000000,0.000000,0.000000,0.000000,0.000000,0.000000,0.000000,0.000020,0.000000,0.000000,0.000000,-0.654503,0.000000,0.000000,0.000000,65535.000000,0.000000,0.000000,6.000000,1.000000,6.000000,1.000000,0.000000,0.000000,1.000000
520.000000,6.000000,1.000000,0.000000,0.000000,0.000000,0.000000,0.000000,0.000000,0.000000,0.000017,0.000000,0.000000,0.000000,-0.650296,0.000000,0.000000,0.000000,65535.000000,0.000000,0.000000,6.000000,1.000000,6.000000,1.000000,0.000000,0.000000,1.000000
530.000000,6.000000,1.000000,0.000000,0.000000,0.000000,0.000000,0.000000,0.000000,0.000000,0.000016,0.000000,0.000000,0.000000,-0.650036,0.000000,0.000000,0.000000,65535.000000,0.000000,0.000000,6.000000,1.000000,6.000000,1.000000,0.000000,0.000000,1.000000
540.000000,6.000000,1.000000,0.000000,0.000000,0.000000,0.000000,0.000000,0.000000,0.000000,0.000014,0.000000,0.000000,0.000000,-0.645833,0.000000,0.000000,0.000000,65535.000000,0.000000,0.000000,6.000000,1.000000,6.000000,1.000000,0.000000,0.000000,1.000000
550.000000,6.000000,1.000000,0.000000,0.000000,0.000000,0.000000,0.000000,0.000000,0.000000,0.000012,0.000000,0.000000,0.000000,-0.641847,0.000000,0.000000,0.000000,65535.000000,0.000000,0.000000,6.000000,1.000000,6.000000,1.000000,0.000000,0.000000,1.000000
560.000000,6.000000,1.000000,0.000000,0.000000,0.000000,0.000000,0.000000,0.000000,0.000000,0.000011,0.000000,0.000000,0.000000,-0.636835,0.000000,0.000000,0.000000,65535.000000,0.000000,0.000000,6.000000,1.000000,6.000000,1.000000,0.000000,0.000000,1.000000
570.000000,6.000000,1.000000,0.000000,0.000000,0.000000,0.000000,0.000000,0.000000,0.000000,0.000010,0.000000,0.000000,0.000000,-0.632472,0.000000,0.000000,0.000000,65535.000000,0.000000,0.000000,6.000000,1.000000,6.000000,1.000000,0.000000,0.000000,1.000000
580.000000,6.000000,1.000000,0.000000,0.000000,0.000000,0.000000,0.000000,0.000000,0.000000,0.000009,0.000000,0.000000,0.000000,-0.628493,0.000000,0.000000,0.000000,65535.000000,0.000000,0.000000,6.000000,1.000000,6.000000,1.000000,0.000000,0.000000,1.000000
590.000000,6.000000,1.000000,0.000000,0.000000,0.000000,0.000000,0.000000,0.000000,0.000000,0.000008,0.000000,0.000000,0.000000,-0.624127,0.000000,0.000000,0.000000,65535.000000,0.000000,0.000000,6.000000,1.000000,6.000000,1.000000,0.000000,0.000000,1.000000
600.000000,6.000000,1.000000,0.000000,0.000000,0.000000,0.000000,0.000000,0.000000,0.000000,0.000007,0.000000,0.000000,0.000000,-0.619472,0.000000,0.000000,0.000000,65535.000000,0.000000,0.000000,6.000000,1.000000,6.000000,1.000000,0.000000,0.000000,1.000000
610.000000,6.000000,1.000000,0.000000,0.000000,0.000000,0.000000,0.000000,0.000000,0.000000,0.000006,0.000000,0.000000,0.000000,-0.615654,0.000000,0.000000,0.000000,65535.000000,0.000000,0.000000,6.000000,1.000000,6.000000,1.000000,0.000000,0.000000,1.000000
620.000000,6.000000,1.000000,0.000000,0.000000,0.000000,0.000000,0.000000,0.000000,0.000000,0.000005,0.000000,0.000000,0.000000,-0.612024,0.000000,0.000000,0.000000,65535.000000,0.000000,0.000000,6.000000,1.000000,6.000000,1.000000,0.000000,0.000000,1.000000
630.000000,6.000000,1.000000,0.000000,0.000000,0.000000,0.000000,0.000000,0.000000,0.000000,0.000005,0.000000,0.000000,0.000000,-0.608297,0.000000,0.000000,0.000000,65535.000000,0.000000,0.000000,6.000000,1.000000,6.000000,1.000000,0.000000,0.000000,1.000000
640.000000,6.000000,1.000000,0.000000,0.000000,0.000000,0.000000,0.000000,0.000000,0.000000,0.000004,0.000000,0.000000,0.000000,-0.604616,0.000000,0.000000,0.000000,65535.000000,0.000000,0.000000,6.000000,1.000000,6.000000,1.000000,0.000000,0.000000,1.000000
650.000000,6.000000,1.000000,0.000000,0.000000,0.000000,0.000000,0.000000,0.000000,0.000000,0.000004,0.000000,0.000000,0.000000,-0.600780,0.000000,0.000000,0.000000,65535.000000,0.000000,0.000000,6.000000,1.000000,6.000000,1.000000,0.000000,0.000000,1.000000
660.000000,6.000000,1.000000,0.000000,0.000000,0.000000,0.000000,0.000000,0.000000,0.000000,0.000003,0.000000,0.000000,0.000000,-0.596570,0.000000,0.000000,0.000000,65535.000000,0.000000,0.000000,6.000000,1.000000,6.000000,1.000000,0.000000,0.000000,1.000000
670.000000,6.000000,1.000000,0.000000,0.000000,0.000000,0.000000,0.000000,0.000000,0.000000,0.000003,0.000000,0.000000,0.000000,-0.593028,0.000000,0.000000,0.000000,65535.000000,0.000000,0.000000,6.000000,1.000000,6.000000,1.000000,0.000000,0.000000,1.000000
680.000000,6.000000,1.000000,0.000000,0.000000,0.000000,0.000000,0.000000,0.000000,0.000000,0.000003,0.000000,0.000000,0.000000,-0.589723,0.000000,0.000000,0.000000,65535.000000,0.000000,0.000000,6.000000,1.000000,6.000000,1.000000,0.000000,0.000000,1.000000
690.000000,6.000000,1.000000,0.000000,0.000000,0.000000,0.000000,0.000000,0.000000,0.000000,0.000002,0.000000,0.000000,0.000000,-0.587749,0.000000,0.000000,0.000000,65535.000000,0.000000,0.000000,6.000000,1.000000,6.000000,1.000000,0.000000,0.000000,1.000000
700.000000,6.000000,1.000000,0.000000,0.000000,0.000000,0.000000,0.000000,0.000000,0.000000,0.000002,0.000000,0.000000,0.000000,-0.584311,0.000000,0.000000,0.000000,65535.000000,0.000000,0.000000,6.000000,1.000000,6.000000,1.000000,0.000000,0.000000,1.000000
710.000000,6.000000,1.000000,0.000000,0.000000,0.000000,0.000000,0.000000,0.000000,0.000000,0.000002,0.000000,0.000000,0.000000,-0.581032,0.000000,0.000000,0.000000,65535.000000,0.000000,0.000000,6.000000,1.000000,6.000000,1.000000,0.000000,0.000000,1.000000
720.000000,6.000000,1.000000,0.000000,0.000000,0.000000,0.000000,0.000000,0.000000,0.000000,0.000002,0.000000,0.000000,0.000000,-0.576441,0.000000,0.000000,0.000000,65535.000000,0.000000,0.000000,6.000000,1.000000,6.000000,1.000000,0.000000,0.000000,1.000000
730.000000,6.000000,1.000000,0.000000,0.000000,0.000000,0.000000,0.000000,0.000000,0.000000,0.000001,0.000000,0.000000,0.000000,-0.572466,0.000000,0.000000,0.000000,65535.000000,0.000000,0.000000,6.000000,1.000000,6.000000,1.000000,0.000000,0.000000,1.000000
740.000000,6.000000,1.000000,0.000000,0.000000,0.000000,0.000000,0.000000,0.000000,0.000000,0.000001,0.000000,0.000000,0.000000,-0.568857,0.000000,0.000000,0.000000,65535.000000,0.000000,0.000000,6.000000,1.000000,6.000000,1.000000,0.000000,0.000000,1.000000
750.000000,6.000000,1.000000,0.000000,0.000000,0.000000,0.000000,0.000000,0.000000,0.000000,0.000001,0.000000,0.000000,0.000000,-0.565636,0.000000,0.000000,0.000000,65535.000000,0.000000,0.000000,6.000000,1.000000,6.000000,1.000000,0.000000,0.000000,1.000000
760.000000,6.000000,1.000000,0.000000,0.000000,0.000000,0.000000,0.000000,0.000000,0.000000,0.000001,0.000000,0.000000,0.000000,-0.563067,0.000000,0.000000,0.000000,65535.000000,0.000000,0.000000,6.000000,1.000000,6.000000,1.000000,0.000000,0.000000,1.000000
770.000000,6.000000,1.000000,0.000000,0.000000,0.000000,0.000000,0.000000,0.000000,0.000000,0.000001,0.000000,0.000000,0.000000,-0.562533,0.000000,0.000000,0.000000,65535.000000,0.000000,0.000000,6.000000,1.000000,6.000000,1.000000,0.000000,0.000000,1.000000
780.000000,6.000000,1.000000,0.000000,0.000000,0.000000,0.000000,0.000000,0.000000,0.000000,0.000001,0.000000,0.000000,0.000000,-0.558363,0.000000,0.000000,0.000000,65535.000000,0.000000,0.000000,6.000000,1.000000,6.000000,1.000000,0.000000,0.000000,1.000000
790.000000,6.000000,1.000000,0.000000,0.000000,0.000000,0.000000,0.000000,0.000000,0.000000,0.000001,0.000000,0.000000,0.000000,-0.555260,0.000000,0.000000,0.000000,65535.000000,0.000000,0.000000,6.000000,1.000000,6.000000,1.000000,0.000000,0.000000,1.000000
800.000000,6.000000,1.000000,0.000000,0.000000,0.000000,0.000000,0.000000,0.000000,0.000000,0.000001,0.000000,0.000000,0.000000,-0.552191,0.000000,0.000000,0.000000,65535.000000,0.000000,0.000000,6.000000,1.000000,6.000000,1.000000,0.000000,0.000000,1.000000
810.000000,6.000000,1.000000,0.000000,0.000000,0.000000,0.000000,0.000000,0.000000,0.000000,0.000001,0.000000,0.000000,0.000000,-0.549178,0.000000,0.000000,0.000000,65535.000000,0.000000,0.000000,6.000000,1.000000,6.000000,1.000000,0.000000,0.000000,1.000000
820.000000,6.000000,1.000000,0.000000,0.000000,0.000000,0.000000,0.000000,0.000000,0.000000,0.000001,0.000000,0.000000,0.000000,-0.546118,0.000000,0.000000,0.000000,65535.000000,0.000000,0.000000,6.000000,1.000000,6.000000,1.000000,0.000000,0.000000,1.000000
830.000000,6.000000,1.000000,0.000000,0.000000,0.000000,0.000000,0.000000,0.000000,0.000000,0.000000,0.000000,0.000000,0.000000,-0.541530,0.000000,0.000000,0.000000,65535.000000,0.000000,0.000000,6.000000,1.000000,6.000000,1.000000,0.000000,0.000000,1.000000
840.000000,6.000000,1.000000,0.000000,0.000000,0.000000,0.000000,0.000000,0.000000,0.000000,0.000000,0.000000,0.000000,0.000000,-0.538610,0.000000,0.000000,0.000000,65535.000000,0.000000,0.000000,6.000000,1.000000,6.000000,1.000000,0.000000,0.000000,1.000000
850.000000,6.000000,1.000000,0.000000,0.000000,0.000000,0.000000,0.000000,0.000000,0.000000,0.000000,0.000000,0.000000,0.000000,-0.536109,0.000000,0.000000,0.000000,65535.000000,0.000000,0.000000,6.000000,1.000000,6.000000,1.000000,0.000000,0.000000,1.000000
860.000000,6.000000,1.000000,0.000000,0.000000,0.000000,0.000000,0.000000,0.000000,0.000000,0.000000,0.000000,0.000000,0.000000,-0.529669,0.000000,0.000000,0.000000,65535.000000,0.000000,0.000000,6.000000,1.000000,6.000000,1.000000,0.000000,0.000000,1.000000
870.000000,6.000000,1.000000,0.000000,0.000000,0.000000,0.000000,0.000000,0.000000,0.000000,0.000000,0.000000,0.000000,0.000000,-0.526876,0.000000,0.000000,0.000000,65535.000000,0.000000,0.000000,6.000000,1.000000,6.000000,1.000000,0.000000,0.000000,1.000000
880.000000,6.000000,1.000000,0.000000,0.000000,0.000000,0.000000,0.000000,0.000000,0.000000,0.000000,0.000000,0.000000,0.000000,-0.524112,0.000000,0.000000,0.000000,65535.000000,0.000000,0.000000,6.000000,1.000000,6.000000,1.000000,0.000000,0.000000,1.000000
890.000000,6.000000,1.000000,0.000000,0.000000,0.000000,0.000000,0.000000,0.000000,0.000000,0.000000,0.000000,0.000000,0.000000,-0.525851,0.000000,0.000000,0.000000,65535.000000,0.000000,0.000000,6.000000,1.000000,6.000000,1.000000,0.000000,0.000000,1.000000
900.000000,6.000000,1.000000,0.000000,0.000000,0.000000,0.000000,0.000000,0.000000,0.000000,0.000000,0.000000,0.000000,0.000000,-0.523097,0.000000,0.000000,0.000000,65535.000000,0.000000,0.000000,6.000000,1.000000,6.000000,1.000000,0.000000,0.000000,1.000000
910.000000,6.000000,1.000000,0.000000,0.000000,0.000000,0.000000,0.000000,0.000000,0.000000,0.000000,0.000000,0.000000,0.000000,-0.518986,0.000000,0.000000,0.000000,65535.000000,0.000000,0.000000,6.000000,1.000000,6.000000,1.000000,0.000000,0.000000,1.000000
920.000000,6.000000,1.000000,0.000000,0.000000,0.000000,0.000000,0.000000,0.000000,0.000000,0.000000,0.000000,0.000000,0.000000,-0.515498,0.000000,0.000000,0.000000,65535.000000,0.000000,0.000000,6.000000,1.000000,6.000000,1.000000,0.000000,0.000000,1.000000
930.000000,6.000000,1.000000,0.000000,0.000000,0.000000,0.000000,0.000000,0.000000,0.000000,0.000000,0.000000,0.000000,0.000000,-0.512852,0.000000,0.000000,0.000000,65535.000000,0.000000,0.000000,6.000000,1.000000,6.000000,1.000000,0.000000,0.000000,1.000000
940.000000,6.000000,1.000000,0.000000,0.000000,0.000000,0.000000,0.000000,0.000000,0.000000,0.000000,0.000000,0.000000,0.000000,-0.512739,0.000000,0.000000,0.000000,65535.000000,0.000000,0.000000,6.000000,1.000000,6.000000,1.000000,0.000000,0.000000,1.000000
950.000000,6.000000,1.000000,0.000000,0.000000,0.000000,0.000000,0.000000,0.000000,0.000000,0.000000,0.000000,0.000000,0.000000,-0.512024,0.000000,0.000000,0.000000,65535.000000,0.000000,0.000000,6.000000,1.000000,6.000000,1.000000,0.000000,0.000000,1.000000
960.000000,6.000000,1.000000,0.000000,0.000000,0.000000,0.000000,0.000000,0.000000,0.000000,0.000000,0.000000,0.000000,0.000000,-0.509413,0.000000,0.000000,0.000000,65535.000000,0.000000,0.000000,6.000000,1.000000,6.000000,1.000000,0.000000,0.000000,1.000000
970.000000,6.000000,1.000000,0.000000,0.000000,0.000000,0.000000,0.000000,0.000000,0.000000,0.000000,0.000000,0.000000,0.000000,-0.505480,0.000000,0.000000,0.000000,65535.000000,0.000000,0.000000,6.000000,1.000000,6.000000,1.000000,0.000000,0.000000,1.000000
980.000000,6.000000,1.000000,0.000000,0.000000,0.000000,0.000000,0.000000,0.000000,0.000000,0.000000,0.000000,0.000000,0.000000,-0.502935,0.000000,0.000000,0.000000,65535.000000,0.000000,0.000000,6.000000,1.000000,6.000000,1.000000,0.000000,0.000000,1.000000
990.000000,6.000000,1.000000,0.000000,0.000000,0.000000,0.000000,0.000000,0.000000,0.000000,0.000000,0.000000,0.000000,0.000000,-0.500416,0.000000,0.000000,0.000000,65535.000000,0.000000,0.000000,6.000000,1.000000,6.000000,1.000000,0.000000,0.000000,1.000000
1000.000000,6.000000,1.000000,0.000000,0.000000,0.000000,0.000000,0.000000,0.000000,0.000000,0.000000,0.000000,0.000000,0.000000,-0.501556,0.000000,0.000000,0.000000,65535.000000,0.000000,0.000000,6.000000,1.000000,6.000000,1.000000,0.000000,0.000000,1.000000
1010.000000,6.000000,1.000000,0.000000,0.000000,0.000000,0.000000,0.000000,0.000000,0.000000,0.000000,0.000000,0.000000,0.000000,-0.498821,0.000000,0.000000,0.000000,65535.000000,0.000000,0.000000,6.000000,1.000000,6.000000,1.000000,0.000000,0.000000,1.000000
1020.000000,6.000000,1.000000,0.000000,0.000000,0.000000,0.000000,0.000000,0.000000,0.000000,0.000000,0.000000,0.000000,0.000000,-0.490064,0.000000,0.000000,0.000000,65535.000000,0.000000,0.000000,6.000000,1.000000,6.000000,1.000000,0.000000,0.000000,1.000000
1030.000000,6.000000,1.000000,0.000000,0.000000,0.000000,0.000000,0.000000,0.000000,0.000000,0.000000,0.000000,0.000000,0.000000,-0.487541,0.000000,0.000000,0.000000,65535.000000,0.000000,0.000000,6.000000,1.000000,6.000000,1.000000,0.000000,0.000000,1.000000
1040.000000,6.000000,1.000000,0.000000,0.000000,0.000000,0.000000,0.000000,0.000000,0.000000,0.000000,0.000000,0.000000,0.000000,-0.485173,0.000000,0.000000,0.000000,65535.000000,0.000000,0.000000,6.000000,1.000000,6.000000,1.000000,0.000000,0.000000,1.000000
1050.000000,6.000000,1.000000,0.000000,0.000000,0.000000,0.000000,0.000000,0.000000,0.000000,0.000000,0.000000,0.000000,0.000000,-0.483725,0.000000,0.000000,0.000000,65535.000000,0.000000,0.000000,6.000000,1.000000,6.000000,1.000000,0.000000,0.000000,1.000000
1060.000000,6.000000,1.000000,0.000000,0.000000,0.000000,0.000000,0.000000,0.000000,0.000000,0.000000,0.000000,0.000000,0.000000,-0.480607,0.000000,0.000000,0.000000,65535.000000,0.000000,0.000000,6.000000,1.000000,6.000000,1.000000,0.000000,0.000000,1.000000
1070.000000,6.000000,1.000000,0.000000,0.000000,0.000000,0.000000,0.000000,0.000000,0.000000,0.000000,0.000000,0.000000,0.000000,-0.477266,0.000000,0.000000,0.000000,65535.000000,0.000000,0.000000,6.000000,1.000000,6.000000,1.000000,0.000000,0.000000,1.000000
1080.000000,6.000000,1.000000,0.000000,0.000000,0.000000,0.000000,0.000000,0.000000,0.000000,0.000000,0.000000,0.000000,0.000000,-0.474997,0.000000,0.000000,0.000000,65535.000000,0.000000,0.000000,6.000000,1.000000,6.000000,1.000000,0.000000,0.000000,1.000000
1090.000000,6.000000,1.000000,0.000000,0.000000,0.000000,0.000000,0.000000,0.000000,0.000000,0.000000,0.000000,0.000000,0.000000,-0.474659,0.000000,0.000000,0.000000,65535.000000,0.000000,0.000000,6.000000,1.000000,6.000000,1.000000,0.000000,0.000000,1.000000
1100.000000,6.000000,1.000000,0.000000,0.000000,0.000000,0.000000,0.000000,0.000000,0.000000,0.000000,0.000000,0.000000,0.000000,-0.474587,0.000000,0.000000,0.000000,65535.000000,0.000000,0.000000,6.000000,1.000000,6.000000,1.000000,0.000000,0.000000,1.000000
1110.000000,6.000000,1.000000,0.000000,0.000000,0.000000,0.000000,0.000000,0.000000,0.000000,0.000000,0.000000,0.000000,0.000000,-0.472343,0.000000,0.000000,0.000000,65535.000000,0.000000,0.000000,6.000000,1.000000,6.000000,1.000000,0.000000,0.000000,1.000000
1120.000000,6.000000,1.000000,0.000000,0.000000,0.000000,0.000000,0.000000,0.000000,0.000000,0.000000,0.000000,0.000000,0.000000,-0.470432,0.000000,0.000000,0.000000,65535.000000,0.000000,0.000000,6.000000,1.000000,6.000000,1.000000,0.000000,0.000000,1.000000
1130.000000,6.000000,1.000000,0.000000,0.000000,0.000000,0.000000,0.000000,0.000000,0.000000,0.000000,0.000000,0.000000,0.000000,-0.469778,0.000000,0.000000,0.000000,65535.000000,0.000000,0.000000,6.000000,1.000000,6.000000,1.000000,0.000000,0.000000,1.000000
1140.000000,6.000000,1.000000,0.000000,0.000000,0.000000,0.000000,0.000000,0.000000,0.000000,0.000000,0.000000,0.000000,0.000000,-0.467579,0.000000,0.000000,0.000000,65535.000000,0.000000,0.000000,6.000000,1.000000,6.000000,1.000000,0.000000,0.000000,1.000000
1150.000000,6.000000,1.000000,0.000000,0.000000,0.000000,0.000000,0.000000,0.000000,0.000000,0.000000,0.000000,0.000000,0.000000,-0.466324,0.000000,0.000000,0.000000,65535.000000,0.000000,0.000000,6.000000,1.000000,6.000000,1.000000,0.000000,0.000000,1.000000
1160.000000,6.000000,1.000000,0.000000,0.000000,0.000000,0.000000,0.000000,0.000000,0.000000,0.000000,0.000000,0.000000,0.000000,-0.460960,0.000000,0.000000,0.000000,65535.000000,0.000000,0.000000,6.000000,1.000000,6.000000,1.000000,0.000000,0.000000,1.000000
1170.000000,6.000000,1.000000,0.000000,0.000000,0.000000,0.000000,0.000000,0.000000,0.000000,0.000000,0.000000,0.000000,0.000000,-0.458843,0.000000,0.000000,0.000000,65535.000000,0.000000,0.000000,6.000000,1.000000,6.000000,1.000000,0.000000,0.000000,1.000000
1180.000000,6.000000,1.000000,0.000000,0.000000,0.000000,0.000000,0.000000,0.000000,0.000000,0.000000,0.000000,0.000000,0.000000,-0.456745,0.000000,0.000000,0.000000,65535.000000,0.000000,0.000000,6.000000,1.000000,6.000000,1.000000,0.000000,0.000000,1.000000
1190.000000,6.000000,1.000000,0.000000,0.000000,0.000000,0.000000,0.000000,0.000000,0.000000,0.000000,0.000000,0.000000,0.000000,-0.455917,0.000000,0.000000,0.000000,65535.000000,0.000000,0.000000,6.000000,1.000000,6.000000,1.000000,0.000000,0.000000,1.000000
1200.000000,6.000000,1.000000,0.000000,0.000000,0.000000,0.000000,0.000000,0.000000,0.000000,0.000000,0.000000,0.000000,0.000000,-0.453846,0.000000,0.000000,0.000000,65535.000000,0.000000,0.000000,6.000000,1.000000,6.000000,1.000000,0.000000,0.000000,1.000000
1210.000000,6.000000,1.000000,0.000000,0.000000,0.000000,0.000000,0.000000,0.000000,0.000000,0.000000,0.000000,0.000000,0.000000,-0.452151,0.000000,0.000000,0.000000,65535.000000,0.000000,0.000000,6.000000,1.000000,6.000000,1.000000,0.000000,0.000000,1.000000
1220.000000,6.000000,1.000000,0.000000,0.000000,0.000000,0.000000,0.000000,0.000000,0.000000,0.000000,0.000000,0.000000,0.000000,-0.450208,0.000000,0.000000,0.000000,65535.000000,0.000000,0.000000,6.000000,1.000000,6.000000,1.000000,0.000000,0.000000,1.000000
1230.000000,6.000000,1.000000,0.000000,0.000000,0.000000,0.000000,0.000000,0.000000,0.000000,0.000000,0.000000,0.000000,0.000000,-0.449064,0.000000,0.000000,0.000000,65535.000000,0.000000,0.000000,6.000000,1.000000,6.000000,1.000000,0.000000,0.000000,1.000000
1240.000000,6.000000,1.000000,0.000000,0.000000,0.000000,0.000000,0.000000,0.000000,0.000000,0.000000,0.000000,0.000000,0.000000,-0.448528,0.000000,0.000000,0.000000,65535.000000,0.000000,0.000000,6.000000,1.000000,6.000000,1.000000,0.000000,0.000000,1.000000
1250.000000,6.000000,1.000000,0.000000,0.000000,0.000000,0.000000,0.000000,0.000000,0.000000,0.000000,0.000000,0.000000,0.000000,-0.445850,0.000000,0.000000,0.000000,65535.000000,0.000000,0.000000,6.000000,1.000000,6.000000,1.000000,0.000000,0.000000,1.000000
1260.000000,6.000000,1.000000,0.000000,0.000000,0.000000,0.000000,0.000000,0.000000,0.000000,0.000000,0.000000,0.000000,0.000000,-0.439361,0.000000,0.000000,0.000000,65535.000000,0.000000,0.000000,6.000000,1.000000,6.000000,1.000000,0.000000,0.000000,1.000000
1270.000000,6.000000,1.000000,0.000000,0.000000,0.000000,0.000000,0.000000,0.000000,0.000000,0.000000,0.000000,0.000000,0.000000,-0.437029,0.000000,0.000000,0.000000,65535.000000,0.000000,0.000000,6.000000,1.000000,6.000000,1.000000,0.000000,0.000000,1.000000
1280.000000,6.000000,1.000000,0.000000,0.000000,0.000000,0.000000,0.000000,0.000000,0.000000,0.000000,0.000000,0.000000,0.000000,-0.435125,0.000000,0.000000,0.000000,65535.000000,0.000000,0.000000,6.000000,1.000000,6.000000,1.000000,0.000000,0.000000,1.000000
1290.000000,6.000000,1.000000,0.000000,0.000000,0.000000,0.000000,0.000000,0.000000,0.000000,0.000000,0.000000,0.000000,0.000000,-0.433238,0.000000,0.000000,0.000000,65535.000000,0.000000,0.000000,6.000000,1.000000,6.000000,1.000000,0.000000,0.000000,1.000000
1300.000000,6.000000,1.000000,0.000000,0.000000,0.000000,0.000000,0.000000,0.000000,0.000000,0.000000,0.000000,0.000000,0.000000,-0.434434,0.000000,0.000000,0.000000,65535.000000,0.000000,0.000000,6.000000,1.000000,6.000000,1.000000,0.000000,0.000000,1.000000
1310.000000,6.000000,1.000000,0.000000,0.000000,0.000000,0.000000,0.000000,0.000000,0.000000,0.000000,0.000000,0.000000,0.000000,-0.428105,0.000000,0.000000,0.000000,65535.000000,0.000000,0.000000,6.000000,1.000000,6.000000,1.000000,0.000000,0.000000,1.000000
1320.000000,6.000000,1.000000,0.000000,0.000000,0.000000,0.000000,0.000000,0.000000,0.000000,0.000000,0.000000,0.000000,0.000000,-0.425814,0.000000,0.000000,0.000000,65535.000000,0.000000,0.000000,6.000000,1.000000,6.000000,1.000000,0.000000,0.000000,1.000000
1330.000000,6.000000,1.000000,0.000000,0.000000,0.000000,0.000000,0.000000,0.000000,0.000000,0.000000,0.000000,0.000000,0.000000,-0.424007,0.000000,0.000000,0.000000,65535.000000,0.000000,0.000000,6.000000,1.000000,6.000000,1.000000,0.000000,0.000000,1.000000
1340.000000,6.000000,1.000000,0.000000,0.000000,0.000000,0.000000,0.000000,0.000000,0.000000,0.000000,0.000000,0.000000,0.000000,-0.423173,0.000000,0.000000,0.000000,65535.000000,0.000000,0.000000,6.000000,1.000000,6.000000,1.000000,0.000000,0.000000,1.000000
1350.000000,6.000000,1.000000,0.000000,0.000000,0.000000,0.000000,0.000000,0.000000,0.000000,0.000000,0.000000,0.000000,0.000000,-0.423733,0.000000,0.000000,0.000000,65535.000000,0.000000,0.000000,6.000000,1.000000,6.000000,1.000000,0.000000,0.000000,1.000000
1360.000000,6.000000,1.000000,0.000000,0.000000,0.000000,0.000000,0.000000,0.000000,0.000000,0.000000,0.000000,0.000000,0.000000,-0.421636,0.000000,0.000000,0.000000,65535.000000,0.000000,0.000000,6.000000,1.000000,6.000000,1.000000,0.000000,0.000000,1.000000
1370.000000,6.000000,1.000000,0.000000,0.000000,0.000000,0.000000,0.000000,0.000000,0.000000,0.000000,0.000000,0.000000,0.000000,-0.419864,0.000000,0.000000,0.000000,65535.000000,0.000000,0.000000,6.000000,1.000000,6.000000,1.000000,0.000000,0.000000,1.000000
1380.000000,6.000000,1.000000,0.000000,0.000000,0.000000,0.000000,0.000000,0.000000,0.000000,0.000000,0.000000,0.000000,0.000000,-0.419550,0.000000,0.000000,0.000000,65535.000000,0.000000,0.000000,6.000000,1.000000,6.000000,1.000000,0.000000,0.000000,1.000000
1390.000000,6.000000,1.000000,0.000000,0.000000,0.000000,0.000000,0.000000,0.000000,0.000000,0.000000,0.000000,0.000000,0.000000,-0.420358,0.000000,0.000000,0.000000,65535.000000,0.000000,0.000000,6.000000,1.000000,6.000000,1.000000,0.000000,0.000000,1.000000
1400.000000,6.000000,1.000000,0.000000,0.000000,0.000000,0.000000,0.000000,0.000000,0.000000,0.000000,0.000000,0.000000,0.000000,-0.418369,0.000000,0.000000,0.000000,65535.000000,0.000000,0.000000,6.000000,1.000000,6.000000,1.000000,0.000000,0.000000,1.000000
1410.000000,6.000000,1.000000,0.000000,0.000000,0.000000,0.000000,0.000000,0.000000,0.000000,0.000000,0.000000,0.000000,0.000000,-0.416625,0.000000,0.000000,0.000000,65535.000000,0.000000,0.000000,6.000000,1.000000,6.000000,1.000000,0.000000,0.000000,1.000000
1420.000000,6.000000,1.000000,0.000000,0.000000,0.000000,0.000000,0.000000,0.000000,0.000000,0.000000,0.000000,0.000000,0.000000,-0.416651,0.000000,0.000000,0.000000,65535.000000,0.000000,0.000000,6.000000,1.000000,6.000000,1.000000,0.000000,0.000000,1.000000
1430.000000,6.000000,1.000000,0.000000,0.000000,0.000000,0.000000,0.000000,0.000000,0.000000,0.000000,0.000000,0.000000,0.000000,-0.415134,0.000000,0.000000,0.000000,65535.000000,0.000000,0.000000,6.000000,1.000000,6.000000,1.000000,0.000000,0.000000,1.000000
1440.000000,6.000000,1.000000,0.000000,0.000000,0.000000,0.000000,0.000000,0.000000,0.000000,0.000000,0.000000,0.000000,0.000000,-0.414434,0.000000,0.000000,0.000000,65535.000000,0.000000,0.000000,6.000000,1.000000,6.000000,1.000000,0.000000,0.000000,1.000000
1450.000000,6.000000,1.000000,0.000000,0.000000,0.000000,0.000000,0.000000,0.000000,0.000000,0.000000,0.000000,0.000000,0.000000,-0.407007,0.000000,0.000000,0.000000,65535.000000,0.000000,0.000000,6.000000,1.000000,6.000000,1.000000,0.000000,0.000000,1.000000
1460.000000,6.000000,1.000000,0.000000,0.000000,0.000000,0.000000,0.000000,0.000000,0.000000,0.000000,0.000000,0.000000,0.000000,-0.403086,0.000000,0.000000,0.000000,65535.000000,0.000000,0.000000,6.000000,1.000000,6.000000,1.000000,0.000000,0.000000,1.000000
1470.000000,6.000000,1.000000,0.000000,0.000000,0.000000,0.000000,0.000000,0.000000,0.000000,0.000000,0.000000,0.000000,0.000000,-0.401466,0.000000,0.000000,0.000000,65535.000000,0.000000,0.000000,6.000000,1.000000,6.000000,1.000000,0.000000,0.000000,1.000000
1480.000000,6.000000,1.000000,0.000000,0.000000,0.000000,0.000000,0.000000,0.000000,0.000000,0.000000,0.000000,0.000000,0.000000,-0.399859,0.000000,0.000000,0.000000,65535.000000,0.000000,0.000000,6.000000,1.000000,6.000000,1.000000,0.000000,0.000000,1.000000
1490.000000,6.000000,1.000000,0.000000,0.000000,0.000000,0.000000,0.000000,0.000000,0.000000,0.000000,0.000000,0.000000,0.000000,-0.401222,0.000000,0.000000,0.000000,65535.000000,0.000000,0.000000,6.000000,1.000000,6.000000,1.000000,0.000000,0.000000,1.000000
1500.000000,6.000000,1.000000,0.000000,0.000000,0.000000,0.000000,0.000000,0.000000,0.000000,0.000000,0.000000,0.000000,0.000000,-0.400566,0.000000,0.000000,0.000000,65535.000000,0.000000,0.000000,6.000000,1.000000,6.000000,1.000000,0.000000,0.000000,1.000000
1510.000000,6.000000,1.000000,0.000000,0.000000,0.000000,0.000000,0.000000,0.000000,0.000000,0.000000,0.000000,0.000000,0.000000,-0.403942,0.000000,0.000000,0.000000,65535.000000,0.000000,0.000000,6.000000,1.000000,6.000000,1.000000,0.000000,0.000000,1.000000
1520.000000,6.000000,1.000000,0.000000,0.000000,0.000000,0.000000,0.000000,0.000000,0.000000,0.000000,0.000000,0.000000,0.000000,-0.396859,0.000000,0.000000,0.000000,65535.000000,0.000000,0.000000,6.000000,1.000000,6.000000,1.000000,0.000000,0.000000,1.000000
1530.000000,6.000000,1.000000,0.000000,0.000000,0.000000,0.000000,0.000000,0.000000,0.000000,0.000000,0.000000,0.000000,0.000000,-0.395288,0.000000,0.000000,0.000000,65535.000000,0.000000,0.000000,6.000000,1.000000,6.000000,1.000000,0.000000,0.000000,1.000000
1540.000000,6.000000,1.000000,0.000000,0.000000,0.000000,0.000000,0.000000,0.000000,0.000000,0.000000,0.000000,0.000000,0.000000,-0.393730,0.000000,0.000000,0.000000,65535.000000,0.000000,0.000000,6.000000,1.000000,6.000000,1.000000,0.000000,0.000000,1.000000
1550.000000,6.000000,1.000000,0.000000,0.000000,0.000000,0.000000,0.000000,0.000000,0.000000,0.000000,0.000000,0.000000,0.000000,-0.392421,0.000000,0.000000,0.000000,65535.000000,0.000000,0.000000,6.000000,1.000000,6.000000,1.000000,0.000000,0.000000,1.000000
1560.000000,6.000000,1.000000,0.000000,0.000000,0.000000,0.000000,0.000000,0.000000,0.000000,0.000000,0.000000,0.000000,0.000000,-0.392651,0.000000,0.000000,0.000000,65535.000000,0.000000,0.000000,6.000000,1.000000,6.000000,1.000000,0.000000,0.000000,1.000000
1570.000000,6.000000,1.000000,0.000000,0.000000,0.000000,0.000000,0.000000,0.000000,0.000000,0.000000,0.000000,0.000000,0.000000,-0.391114,0.000000,0.000000,0.000000,65535.000000,0.000000,0.000000,6.000000,1.000000,6.000000,1.000000,0.000000,0.000000,1.000000
1580.000000,6.000000,1.000000,0.000000,0.000000,0.000000,0.000000,0.000000,0.000000,0.000000,0.000000,0.000000,0.000000,0.000000,-0.387296,0.000000,0.000000,0.000000,65535.000000,0.000000,0.000000,6.000000,1.000000,6.000000,1.000000,0.000000,0.000000,1.000000
1590.000000,6.000000,1.000000,0.000000,0.000000,0.000000,0.000000,0.000000,0.000000,0.000000,0.000000,0.000000,0.000000,0.000000,-0.382039,0.000000,0.000000,0.000000,65535.000000,0.000000,0.000000,6.000000,1.000000,6.000000,1.000000,0.000000,0.000000,1.000000
1600.000000,6.000000,1.000000,0.000000,0.000000,0.000000,0.000000,0.000000,0.000000,0.000000,0.000000,0.000000,0.000000,0.000000,-0.380583,0.000000,0.000000,0.000000,65535.000000,0.000000,0.000000,6.000000,1.000000,6.000000,1.000000,0.000000,0.000000,1.000000
1610.000000,6.000000,1.000000,0.000000,0.000000,0.000000,0.000000,0.000000,0.000000,0.000000,0.000000,0.000000,0.000000,0.000000,-0.379139,0.000000,0.000000,0.000000,65535.000000,0.000000,0.000000,6.000000,1.000000,6.000000,1.000000,0.000000,0.000000,1.000000
1620.000000,6.000000,1.000000,0.000000,0.000000,0.000000,0.000000,0.000000,0.000000,0.000000,0.000000,0.000000,0.000000,0.000000,-0.382290,0.000000,0.000000,0.000000,65535.000000,0.000000,0.000000,6.000000,1.000000,6.000000,1.000000,0.000000,0.000000,1.000000
1630.000000,6.000000,1.000000,0.000000,0.000000,0.000000,0.000000,0.000000,0.000000,0.000000,0.000000,0.000000,0.000000,0.000000,-0.383322,0.000000,0.000000,0.000000,65535.000000,0.000000,0.000000,6.000000,1.000000,6.000000,1.000000,0.000000,0.000000,1.000000
1640.000000,6.000000,1.000000,0.000000,0.000000,0.000000,0.000000,0.000000,0.000000,0.000000,0.000000,0.000000,0.000000,0.000000,-0.382146,0.000000,0.000000,0.000000,65535.000000,0.000000,0.000000,6.000000,1.000000,6.000000,1.000000,0.000000,0.000000,1.000000
1650.000000,6.000000,1.000000,0.000000,0.000000,0.000000,0.000000,0.000000,0.000000,0.000000,0.000000,0.000000,0.000000,0.000000,-0.371394,0.000000,0.000000,0.000000,65535.000000,0.000000,0.000000,6.000000,1.000000,6.000000,1.000000,0.000000,0.000000,1.000000
1660.000000,6.000000,1.000000,0.000000,0.000000,0.000000,0.000000,0.000000,0.000000,0.000000,0.000000,0.000000,0.000000,0.000000,-0.370018,0.000000,0.000000,0.000000,65535.000000,0.000000,0.000000,6.000000,1.000000,6.000000,1.000000,0.000000,0.000000,1.000000
1670.000000,6.000000,1.000000,0.000000,0.000000,0.000000,0.000000,0.000000,0.000000,0.000000,0.000000,0.000000,0.000000,0.000000,-0.368653,0.000000,0.000000,0.000000,65535.000000,0.000000,0.000000,6.000000,1.000000,6.000000,1.000000,0.000000,0.000000,1.000000
1680.000000,6.000000,1.000000,0.000000,0.000000,0.000000,0.000000,0.000000,0.000000,0.000000,0.000000,0.000000,0.000000,0.000000,-0.375061,0.000000,0.000000,0.000000,65535.000000,0.000000,0.000000,6.000000,1.000000,6.000000,1.000000,0.000000,0.000000,1.000000
1690.000000,6.000000,1.000000,0.000000,0.000000,0.000000,0.000000,0.000000,0.000000,0.000000,0.000000,0.000000,0.000000,0.000000,-0.373806,0.000000,0.000000,0.000000,65535.000000,0.000000,0.000000,6.000000,1.000000,6.000000,1.000000,0.000000,0.000000,1.000000
1700.000000,6.000000,1.000000,0.000000,0.000000,0.000000,0.000000,0.000000,0.000000,0.000000,0.000000,0.000000,0.000000,0.000000,-0.371809,0.000000,0.000000,0.000000,65535.000000,0.000000,0.000000,6.000000,1.000000,6.000000,1.000000,0.000000,0.000000,1.000000
1710.000000,6.000000,1.000000,0.000000,0.000000,0.000000,0.000000,0.000000,0.000000,0.000000,0.000000,0.000000,0.000000,0.000000,-0.370430,0.000000,0.000000,0.000000,65535.000000,0.000000,0.000000,6.000000,1.000000,6.000000,1.000000,0.000000,0.000000,1.000000
1720.000000,6.000000,1.000000,0.000000,0.000000,0.000000,0.000000,0.000000,0.000000,0.000000,0.000000,0.000000,0.000000,0.000000,-0.371463,0.000000,0.000000,0.000000,65535.000000,0.000000,0.000000,6.000000,1.000000,6.000000,1.000000,0.000000,0.000000,1.000000
1730.000000,6.000000,1.000000,0.000000,0.000000,0.000000,0.000000,0.000000,0.000000,0.000000,0.000000,0.000000,0.000000,0.000000,-0.371293,0.000000,0.000000,0.000000,65535.000000,0.000000,0.000000,6.000000,1.000000,6.000000,1.000000,0.000000,0.000000,1.000000
1740.000000,6.000000,1.000000,0.000000,0.000000,0.000000,0.000000,0.000000,0.000000,0.000000,0.000000,0.000000,0.000000,0.000000,-0.369620,0.000000,0.000000,0.000000,65535.000000,0.000000,0.000000,6.000000,1.000000,6.000000,1.000000,0.000000,0.000000,1.000000
1750.000000,6.000000,1.000000,0.000000,0.000000,0.000000,0.000000,0.000000,0.000000,0.000000,0.000000,0.000000,0.000000,0.000000,-0.365332,0.000000,0.000000,0.000000,65535.000000,0.000000,0.000000,6.000000,1.000000,6.000000,1.000000,0.000000,0.000000,1.000000
1760.000000,6.000000,1.000000,0.000000,0.000000,0.000000,0.000000,0.000000,0.000000,0.000000,0.000000,0.000000,0.000000,0.000000,-0.364001,0.000000,0.000000,0.000000,65535.000000,0.000000,0.000000,6.000000,1.000000,6.000000,1.000000,0.000000,0.000000,1.000000
1770.000000,6.000000,1.000000,0.000000,0.000000,0.000000,0.000000,0.000000,0.000000,0.000000,0.000000,0.000000,0.000000,0.000000,-0.356157,0.000000,0.000000,0.000000,65535.000000,0.000000,0.000000,6.000000,1.000000,6.000000,1.000000,0.000000,0.000000,1.000000
1780.000000,6.000000,1.000000,0.000000,0.000000,0.000000,0.000000,0.000000,0.000000,0.000000,0.000000,0.000000,0.000000,0.000000,-0.354892,0.000000,0.000000,0.000000,65535.000000,0.000000,0.000000,6.000000,1.000000,6.000000,1.000000,0.000000,0.000000,1.000000
1790.000000,6.000000,1.000000,0.000000,0.000000,0.000000,0.000000,0.000000,0.000000,0.000000,0.000000,0.000000,0.000000,0.000000,-0.354729,0.000000,0.000000,0.000000,65535.000000,0.000000,0.000000,6.000000,1.000000,6.000000,1.000000,0.000000,0.000000,1.000000
1800.000000,6.000000,1.000000,0.000000,0.000000,0.000000,0.000000,0.000000,0.000000,0.000000,0.000000,0.000000,0.000000,0.000000,-0.361634,0.000000,0.000000,0.000000,65535.000000,0.000000,0.000000,6.000000,1.000000,6.000000,1.000000,0.000000,0.000000,1.000000
1810.000000,6.000000,1.000000,0.000000,0.000000,0.000000,0.000000,0.000000,0.000000,0.000000,0.000000,0.000000,0.000000,0.000000,-0.360834,0.000000,0.000000,0.000000,65535.000000,0.000000,0.000000,6.000000,1.000000,6.000000,1.000000,0.000000,0.000000,1.000000
1820.000000,6.000000,1.000000,0.000000,0.000000,0.000000,0.000000,0.000000,0.000000,0.000000,0.000000,0.000000,0.000000,0.000000,-0.359708,0.000000,0.000000,0.000000,65535.000000,0.000000,0.000000,6.000000,1.000000,6.000000,1.000000,0.000000,0.000000,1.000000
1830.000000,6.000000,1.000000,0.000000,0.000000,0.000000,0.000000,0.000000,0.000000,0.000000,0.000000,0.000000,0.000000,0.000000,-0.360255,0.000000,0.000000,0.000000,65535.000000,0.000000,0.000000,6.000000,1.000000,6.000000,1.000000,0.000000,0.000000,1.000000
1840.000000,6.000000,1.000000,0.000000,0.000000,0.000000,0.000000,0.000000,0.000000,0.000000,0.000000,0.000000,0.000000,0.000000,-0.358073,0.000000,0.000000,0.000000,65535.000000,0.000000,0.000000,6.000000,1.000000,6.000000,1.000000,0.000000,0.000000,1.000000
1850.000000,6.000000,1.000000,0.000000,0.000000,0.000000,0.000000,0.000000,0.000000,0.000000,0.000000,0.000000,0.000000,0.000000,-0.356211,0.000000,0.000000,0.000000,65535.000000,0.000000,0.000000,6.000000,1.000000,6.000000,1.000000,0.000000,0.000000,1.000000
1860.000000,6.000000,1.000000,0.000000,0.000000,0.000000,0.000000,0.000000,0.000000,0.000000,0.000000,0.000000,0.000000,0.000000,-0.352694,0.000000,0.000000,0.000000,65535.000000,0.000000,0.000000,6.000000,1.000000,6.000000,1.000000,0.000000,0.000000,1.000000
1870.000000,6.000000,1.000000,0.000000,0.000000,0.000000,0.000000,0.000000,0.000000,0.000000,0.000000,0.000000,0.000000,0.000000,-0.351248,0.000000,0.000000,0.000000,65535.000000,0.000000,0.000000,6.000000,1.000000,6.000000,1.000000,0.000000,0.000000,1.000000
1880.000000,6.000000,1.000000,0.000000,0.000000,0.000000,0.000000,0.000000,0.000000,0.000000,0.000000,0.000000,0.000000,0.000000,-0.350017,0.000000,0.000000,0.000000,65535.000000,0.000000,0.000000,6.000000,1.000000,6.000000,1.000000,0.000000,0.000000,1.000000
1890.000000,6.000000,1.000000,0.000000,0.000000,0.000000,0.000000,0.000000,0.000000,0.000000,0.000000,0.000000,0.000000,0.000000,-0.344158,0.000000,0.000000,0.000000,65535.000000,0.000000,0.000000,6.000000,1.000000,6.000000,1.000000,0.000000,0.000000,1.000000
1900.000000,6.000000,1.000000,0.000000,0.000000,0.000000,0.000000,0.000000,0.000000,0.000000,0.000000,0.000000,0.000000,0.000000,-0.342977,0.000000,0.000000,0.000000,65535.000000,0.000000,0.000000,6.000000,1.000000,6.000000,1.000000,0.000000,0.000000,1.000000
1910.000000,6.000000,1.000000,0.000000,0.000000,0.000000,0.000000,0.000000,0.000000,0.000000,0.000000,0.000000,0.000000,0.000000,-0.341803,0.000000,0.000000,0.000000,65535.000000,0.000000,0.000000,6.000000,1.000000,6.000000,1.000000,0.000000,0.000000,1.000000
1920.000000,6.000000,1.000000,0.000000,0.000000,0.000000,0.000000,0.000000,0.000000,0.000000,0.000000,0.000000,0.000000,0.000000,-0.343932,0.000000,0.000000,0.000000,65535.000000,0.000000,0.000000,6.000000,1.000000,6.000000,1.000000,0.000000,0.000000,1.000000
1930.000000,6.000000,1.000000,0.000000,0.000000,0.000000,0.000000,0.000000,0.000000,0.000000,0.000000,0.000000,0.000000,0.000000,-0.345689,0.000000,0.000000,0.000000,65535.000000,0.000000,0.000000,6.000000,1.000000,6.000000,1.000000,0.000000,0.000000,1.000000
1940.000000,6.000000,1.000000,0.000000,0.000000,0.000000,0.000000,0.000000,0.000000,0.000000,0.000000,0.000000,0.000000,0.000000,-0.345054,0.000000,0.000000,0.000000,65535.000000,0.000000,0.000000,6.000000,1.000000,6.000000,1.000000,0.000000,0.000000,1.000000
1950.000000,6.000000,1.000000,0.000000,0.000000,0.000000,0.000000,0.000000,0.000000,0.000000,0.000000,0.000000,0.000000,0.000000,-0.344836,0.000000,0.000000,0.000000,65535.000000,0.000000,0.000000,6.000000,1.000000,6.000000,1.000000,0.000000,0.000000,1.000000
1960.000000,6.000000,1.000000,0.000000,0.000000,0.000000,0.000000,0.000000,0.000000,0.000000,0.000000,0.000000,0.000000,0.000000,-0.339533,0.000000,0.000000,0.000000,65535.000000,0.000000,0.000000,6.000000,1.000000,6.000000,1.000000,0.000000,0.000000,1.000000
1970.000000,6.000000,1.000000,0.000000,0.000000,0.000000,0.000000,0.000000,0.000000,0.000000,0.000000,0.000000,0.000000,0.000000,-0.335306,0.000000,0.000000,0.000000,65535.000000,0.000000,0.000000,6.000000,1.000000,6.000000,1.000000,0.000000,0.000000,1.000000
1980.000000,6.000000,1.000000,0.000000,0.000000,0.000000,0.000000,0.000000,0.000000,0.000000,0.000000,0.000000,0.000000,0.000000,-0.334185,0.000000,0.000000,0.000000,65535.000000,0.000000,0.000000,6.000000,1.000000,6.000000,1.000000,0.000000,0.000000,1.000000
1990.000000,6.000000,1.000000,0.000000,0.000000,0.000000,0.000000,0.000000,0.000000,0.000000,0.000000,0.000000,0.000000,0.000000,-0.334642,0.000000,0.000000,0.000000,65535.000000,0.000000,0.000000,6.000000,1.000000,6.000000,1.000000,0.000000,0.000000,1.000000
2000.000000,6.000000,1.000000,0.000000,0.000000,0.000000,0.000000,0.000000,0.000000,0.000000,0.000000,0.000000,0.000000,0.000000,-0.333525,0.000000,0.000000,0.000000,65535.000000,0.000000,0.000000,6.000000,1.000000,6.000000,1.000000,0.000000,0.000000,1.000000
2010.000000,6.000000,1.000000,0.000000,0.000000,0.000000,0.000000,0.000000,0.000000,0.000000,0.000000,0.000000,0.000000,0.000000,-0.336886,0.000000,0.000000,0.000000,65535.000000,0.000000,0.000000,6.000000,1.000000,6.000000,1.000000,0.000000,0.000000,1.000000
2020.000000,6.000000,1.000000,0.000000,0.000000,0.000000,0.000000,0.000000,0.000000,0.000000,0.000000,0.000000,0.000000,0.000000,-0.337881,0.000000,0.000000,0.000000,65535.000000,0.000000,0.000000,6.000000,1.000000,6.000000,1.000000,0.000000,0.000000,1.000000
2030.000000,6.000000,1.000000,0.000000,0.000000,0.000000,0.000000,0.000000,0.000000,0.000000,0.000000,0.000000,0.000000,0.000000,-0.336742,0.000000,0.000000,0.000000,65535.000000,0.000000,0.000000,6.000000,1.000000,6.000000,1.000000,0.000000,0.000000,1.000000
2040.000000,6.000000,1.000000,0.000000,0.000000,0.000000,0.000000,0.000000,0.000000,0.000000,0.000000,0.000000,0.000000,0.000000,-0.332073,0.000000,0.000000,0.000000,65535.000000,0.000000,0.000000,6.000000,1.000000,6.000000,1.000000,0.000000,0.000000,1.000000
2050.000000,6.000000,1.000000,0.000000,0.000000,0.000000,0.000000,0.000000,0.000000,0.000000,0.000000,0.000000,0.000000,0.000000,-0.330973,0.000000,0.000000,0.000000,65535.000000,0.000000,0.000000,6.000000,1.000000,6.000000,1.000000,0.000000,0.000000,1.000000
2060.000000,6.000000,1.000000,0.000000,0.000000,0.000000,0.000000,0.000000,0.000000,0.000000,0.000000,0.000000,0.000000,0.000000,-0.329880,0.000000,0.000000,0.000000,65535.000000,0.000000,0.000000,6.000000,1.000000,6.000000,1.000000,0.000000,0.000000,1.000000
2070.000000,6.000000,1.000000,0.000000,0.000000,0.000000,0.000000,0.000000,0.000000,0.000000,0.000000,0.000000,0.000000,0.000000,-0.330938,0.000000,0.000000,0.000000,65535.000000,0.000000,0.000000,6.000000,1.000000,6.000000,1.000000,0.000000,0.000000,1.000000
2080.000000,6.000000,1.000000,0.000000,0.000000,0.000000,0.000000,0.000000,0.000000,0.000000,0.000000,0.000000,0.000000,0.000000,-0.327222,0.000000,0.000000,0.000000,65535.000000,0.000000,0.000000,6.000000,1.000000,6.000000,1.000000,0.000000,0.000000,1.000000
2090.000000,6.000000,1.000000,0.000000,0.000000,0.000000,0.000000,0.000000,0.000000,0.000000,0.000000,0.000000,0.000000,0.000000,-0.325215,0.000000,0.000000,0.000000,65535.000000,0.000000,0.000000,6.000000,1.000000,6.000000,1.000000,0.000000,0.000000,1.000000
2100.000000,6.000000,1.000000,0.000000,0.000000,0.000000,0.000000,0.000000,0.000000,0.000000,0.000000,0.000000,0.000000,0.000000,-0.324159,0.000000,0.000000,0.000000,65535.000000,0.000000,0.000000,6.000000,1.000000,6.000000,1.000000,0.000000,0.000000,1.000000
2110.000000,6.000000,1.000000,0.000000,0.000000,0.000000,0.000000,0.000000,0.000000,0.000000,0.000000,0.000000,0.000000,0.000000,-0.328252,0.000000,0.000000,0.000000,65535.000000,0.000000,0.000000,6.000000,1.000000,6.000000,1.000000,0.000000,0.000000,1.000000
2120.000000,6.000000,1.000000,0.000000,0.000000,0.000000,0.000000,0.000000,0.000000,0.000000,0.000000,0.000000,0.000000,0.000000,-0.327739,0.000000,0.000000,0.000000,65535.000000,0.000000,0.000000,6.000000,1.000000,6.000000,1.000000,0.000000,0.000000,1.000000
2130.000000,6.000000,1.000000,0.000000,0.000000,0.000000,0.000000,0.000000,0.000000,0.000000,0.000000,0.000000,0.000000,0.000000,-0.326382,0.000000,0.000000,0.000000,65535.000000,0.000000,0.000000,6.000000,1.000000,6.000000,1.000000,0.000000,0.000000,1.000000
2140.000000,6.000000,1.000000,0.000000,0.000000,0.000000,0.000000,0.000000,0.000000,0.000000,0.000000,0.000000,0.000000,0.000000,-0.324883,0.000000,0.000000,0.000000,65535.000000,0.000000,0.000000,6.000000,1.000000,6.000000,1.000000,0.000000,0.000000,1.000000
2150.000000,6.000000,1.000000,0.000000,0.000000,0.000000,0.000000,0.000000,0.000000,0.000000,0.000000,0.000000,0.000000,0.000000,-0.321014,0.000000,0.000000,0.000000,65535.000000,0.000000,0.000000,6.000000,1.000000,6.000000,1.000000,0.000000,0.000000,1.000000
2160.000000,6.000000,1.000000,0.000000,0.000000,0.000000,0.000000,0.000000,0.000000,0.000000,0.000000,0.000000,0.000000,0.000000,-0.318894,0.000000,0.000000,0.000000,65535.000000,0.000000,0.000000,6.000000,1.000000,6.000000,1.000000,0.000000,0.000000,1.000000
2170.000000,6.000000,1.000000,0.000000,0.000000,0.000000,0.000000,0.000000,0.000000,0.000000,0.000000,0.000000,0.000000,0.000000,-0.317879,0.000000,0.000000,0.000000,65535.000000,0.000000,0.000000,6.000000,1.000000,6.000000,1.000000,0.000000,0.000000,1.000000
2180.000000,6.000000,1.000000,0.000000,0.000000,0.000000,0.000000,0.000000,0.000000,0.000000,0.000000,0.000000,0.000000,0.000000,-0.320256,0.000000,0.000000,0.000000,65535.000000,0.000000,0.000000,6.000000,1.000000,6.000000,1.000000,0.000000,0.000000,1.000000
2190.000000,6.000000,1.000000,0.000000,0.000000,0.000000,0.000000,0.000000,0.000000,0.000000,0.000000,0.000000,0.000000,0.000000,-0.321998,0.000000,0.000000,0.000000,65535.000000,0.000000,0.000000,6.000000,1.000000,6.000000,1.000000,0.000000,0.000000,1.000000
2200.000000,6.000000,1.000000,0.000000,0.000000,0.000000,0.000000,0.000000,0.000000,0.000000,0.000000,0.000000,0.000000,0.000000,-0.316350,0.000000,0.000000,0.000000,65535.000000,0.000000,0.000000,6.000000,1.000000,6.000000,1.000000,0.000000,0.000000,1.000000
2210.000000,6.000000,1.000000,0.000000,0.000000,0.000000,0.000000,0.000000,0.000000,0.000000,0.000000,0.000000,0.000000,0.000000,-0.315351,0.000000,0.000000,0.000000,65535.000000,0.000000,0.000000,6.000000,1.000000,6.000000,1.000000,0.000000,0.000000,1.000000
2220.000000,6.000000,1.000000,0.000000,0.000000,0.000000,0.000000,0.000000,0.000000,0.000000,0.000000,0.000000,0.000000,0.000000,-0.314359,0.000000,0.000000,0.000000,65535.000000,0.000000,0.000000,6.000000,1.000000,6.000000,1.000000,0.000000,0.000000,1.000000
2230.000000,6.000000,1.000000,0.000000,0.000000,0.000000,0.000000,0.000000,0.000000,0.000000,0.000000,0.000000,0.000000,0.000000,-0.312469,0.000000,0.000000,0.000000,65535.000000,0.000000,0.000000,6.000000,1.000000,6.000000,1.000000,0.000000,0.000000,1.000000
2240.000000,6.000000,1.000000,0.000000,0.000000,0.000000,0.000000,0.000000,0.000000,0.000000,0.000000,0.000000,0.000000,0.000000,-0.311495,0.000000,0.000000,0.000000,65535.000000,0.000000,0.000000,6.000000,1.000000,6.000000,1.000000,0.000000,0.000000,1.000000
2250.000000,6.000000,1.000000,0.000000,0.000000,0.000000,0.000000,0.000000,0.000000,0.000000,0.000000,0.000000,0.000000,0.000000,-0.310614,0.000000,0.000000,0.000000,65535.000000,0.000000,0.000000,6.000000,1.000000,6.000000,1.000000,0.000000,0.000000,1.000000
2260.000000,6.000000,1.000000,0.000000,0.000000,0.000000,0.000000,0.000000,0.000000,0.000000,0.000000,0.000000,0.000000,0.000000,-0.313370,0.000000,0.000000,0.000000,65535.000000,0.000000,0.000000,6.000000,1.000000,6.000000,1.000000,0.000000,0.000000,1.000000
2270.000000,6.000000,1.000000,0.000000,0.000000,0.000000,0.000000,0.000000,0.000000,0.000000,0.000000,0.000000,0.000000,0.000000,-0.314730,0.000000,0.000000,0.000000,65535.000000,0.000000,0.000000,6.000000,1.000000,6.000000,1.000000,0.000000,0.000000,1.000000
2280.000000,6.000000,1.000000,0.000000,0.000000,0.000000,0.000000,0.000000,0.000000,0.000000,0.000000,0.000000,0.000000,0.000000,-0.313742,0.000000,0.000000,0.000000,65535.000000,0.000000,0.000000,6.000000,1.000000,6.000000,1.000000,0.000000,0.000000,1.000000
2290.000000,6.000000,1.000000,0.000000,0.000000,0.000000,0.000000,0.000000,0.000000,0.000000,0.000000,0.000000,0.000000,0.000000,-0.316410,0.000000,0.000000,0.000000,65535.000000,0.000000,0.000000,6.000000,1.000000,6.000000,1.000000,0.000000,0.000000,1.000000
2300.000000,6.000000,1.000000,0.000000,0.000000,0.000000,0.000000,0.000000,0.000000,0.000000,0.000000,0.000000,0.000000,0.000000,-0.309871,0.000000,0.000000,0.000000,65535.000000,0.000000,0.000000,6.000000,1.000000,6.000000,1.000000,0.000000,0.000000,1.000000
2310.000000,6.000000,1.000000,0.000000,0.000000,0.000000,0.000000,0.000000,0.000000,0.000000,0.000000,0.000000,0.000000,0.000000,-0.308630,0.000000,0.000000,0.000000,65535.000000,0.000000,0.000000,6.000000,1.000000,6.000000,1.000000,0.000000,0.000000,1.000000
2320.000000,6.000000,1.000000,0.000000,0.000000,0.000000,0.000000,0.000000,0.000000,0.000000,0.000000,0.000000,0.000000,0.000000,-0.307328,0.000000,0.000000,0.000000,65535.000000,0.000000,0.000000,6.000000,1.000000,6.000000,1.000000,0.000000,0.000000,1.000000
2330.000000,6.000000,1.000000,0.000000,0.000000,0.000000,0.000000,0.000000,0.000000,0.000000,0.000000,0.000000,0.000000,0.000000,-0.297387,0.000000,0.000000,0.000000,65535.000000,0.000000,0.000000,6.000000,1.000000,6.000000,1.000000,0.000000,0.000000,1.000000
2340.000000,6.000000,1.000000,0.000000,0.000000,0.000000,0.000000,0.000000,0.000000,0.000000,0.000000,0.000000,0.000000,0.000000,-0.296504,0.000000,0.000000,0.000000,65535.000000,0.000000,0.000000,6.000000,1.000000,6.000000,1.000000,0.000000,0.000000,1.000000
2350.000000,6.000000,1.000000,0.000000,0.000000,0.000000,0.000000,0.000000,0.000000,0.000000,0.000000,0.000000,0.000000,0.000000,-0.295627,0.000000,0.000000,0.000000,65535.000000,0.000000,0.000000,6.000000,1.000000,6.000000,1.000000,0.000000,0.000000,1.000000
2360.000000,6.000000,1.000000,0.000000,0.000000,0.000000,0.000000,0.000000,0.000000,0.000000,0.000000,0.000000,0.000000,0.000000,-0.304640,0.000000,0.000000,0.000000,65535.000000,0.000000,0.000000,6.000000,1.000000,6.000000,1.000000,0.000000,0.000000,1.000000
2370.000000,6.000000,1.000000,0.000000,0.000000,0.000000,0.000000,0.000000,0.000000,0.000000,0.000000,0.000000,0.000000,0.000000,-0.303714,0.000000,0.000000,0.000000,65535.000000,0.000000,0.000000,6.000000,1.000000,6.000000,1.000000,0.000000,0.000000,1.000000
2380.000000,6.000000,1.000000,0.000000,0.000000,0.000000,0.000000,0.000000,0.000000,0.000000,0.000000,0.000000,0.000000,0.000000,-0.297382,0.000000,0.000000,0.000000,65535.000000,0.000000,0.000000,6.000000,1.000000,6.000000,1.000000,0.000000,0.000000,1.000000
2390.000000,6.000000,1.000000,0.000000,0.000000,0.000000,0.000000,0.000000,0.000000,0.000000,0.000000,0.000000,0.000000,0.000000,-0.296239,0.000000,0.000000,0.000000,65535.000000,0.000000,0.000000,6.000000,1.000000,6.000000,1.000000,0.000000,0.000000,1.000000
2400.000000,6.000000,1.000000,0.000000,0.000000,0.000000,0.000000,0.000000,0.000000,0.000000,0.000000,0.000000,0.000000,0.000000,-0.295363,0.000000,0.000000,0.000000,65535.000000,0.000000,0.000000,6.000000,1.000000,6.000000,1.000000,0.000000,0.000000,1.000000
2410.000000,6.000000,1.000000,0.000000,0.000000,0.000000,0.000000,0.000000,0.000000,0.000000,0.000000,0.000000,0.000000,0.000000,-0.294193,0.000000,0.000000,0.000000,65535.000000,0.000000,0.000000,6.000000,1.000000,6.000000,1.000000,0.000000,0.000000,1.000000
2420.000000,6.000000,1.000000,0.000000,0.000000,0.000000,0.000000,0.000000,0.000000,0.000000,0.000000,0.000000,0.000000,0.000000,-0.290041,0.000000,0.000000,0.000000,65535.000000,0.000000,0.000000,6.000000,1.000000,6.000000,1.000000,0.000000,0.000000,1.000000
2430.000000,6.000000,1.000000,0.000000,0.000000,0.000000,0.000000,0.000000,0.000000,0.000000,0.000000,0.000000,0.000000,0.000000,-0.287353,0.000000,0.000000,0.000000,65535.000000,0.000000,0.000000,6.000000,1.000000,6.000000,1.000000,0.000000,0.000000,1.000000
2440.000000,6.000000,1.000000,0.000000,0.000000,0.000000,0.000000,0.000000,0.000000,0.000000,0.000000,0.000000,0.000000,0.000000,-0.286528,0.000000,0.000000,0.000000,65535.000000,0.000000,0.000000,6.000000,1.000000,6.000000,1.000000,0.000000,0.000000,1.000000
2450.000000,6.000000,1.000000,0.000000,0.000000,0.000000,0.000000,0.000000,0.000000,0.000000,0.000000,0.000000,0.000000,0.000000,-0.290521,0.000000,0.000000,0.000000,65535.000000,0.000000,0.000000,6.000000,1.000000,6.000000,1.000000,0.000000,0.000000,1.000000
2460.000000,6.000000,1.000000,0.000000,0.000000,0.000000,0.000000,0.000000,0.000000,0.000000,0.000000,0.000000,0.000000,0.000000,-0.295778,0.000000,0.000000,0.000000,65535.000000,0.000000,0.000000,6.000000,1.000000,6.000000,1.000000,0.000000,0.000000,1.000000
2470.000000,6.000000,1.000000,0.000000,0.000000,0.000000,0.000000,0.000000,0.000000,0.000000,0.000000,0.000000,0.000000,0.000000,-0.279447,0.000000,0.000000,0.000000,65535.000000,0.000000,0.000000,6.000000,1.000000,6.000000,1.000000,0.000000,0.000000,1.000000
2480.000000,6.000000,1.000000,0.000000,0.000000,0.000000,0.000000,0.000000,0.000000,0.000000,0.000000,0.000000,0.000000,0.000000,-0.277222,0.000000,0.000000,0.000000,65535.000000,0.000000,0.000000,6.000000,1.000000,6.000000,1.000000,0.000000,0.000000,1.000000
2490.000000,6.000000,1.000000,0.000000,0.000000,0.000000,0.000000,0.000000,0.000000,0.000000,0.000000,0.000000,0.000000,0.000000,-0.276455,0.000000,0.000000,0.000000,65535.000000,0.000000,0.000000,6.000000,1.000000,6.000000,1.000000,0.000000,0.000000,1.000000
2500.000000,6.000000,1.000000,0.000000,0.000000,0.000000,0.000000,0.000000,0.000000,0.000000,0.000000,0.000000,0.000000,0.000000,-0.286239,0.000000,0.000000,0.000000,65535.000000,0.000000,0.000000,6.000000,1.000000,6.000000,1.000000,0.000000,0.000000,1.000000
2510.000000,6.000000,1.000000,0.000000,0.000000,0.000000,0.000000,0.000000,0.000000,0.000000,0.000000,0.000000,0.000000,0.000000,-0.293677,0.000000,0.000000,0.000000,65535.000000,0.000000,0.000000,6.000000,1.000000,6.000000,1.000000,0.000000,0.000000,1.000000
2520.000000,6.000000,1.000000,0.000000,0.000000,0.000000,0.000000,0.000000,0.000000,0.000000,0.000000,0.000000,0.000000,0.000000,-0.292816,0.000000,0.000000,0.000000,65535.000000,0.000000,0.000000,6.000000,1.000000,6.000000,1.000000,0.000000,0.000000,1.000000
2530.000000,6.000000,1.000000,0.000000,0.000000,0.000000,0.000000,0.000000,0.000000,0.000000,0.000000,0.000000,0.000000,0.000000,-0.290216,0.000000,0.000000,0.000000,65535.000000,0.000000,0.000000,6.000000,1.000000,6.000000,1.000000,0.000000,0.000000,1.000000
2540.000000,6.000000,1.000000,0.000000,0.000000,0.000000,0.000000,0.000000,0.000000,0.000000,0.000000,0.000000,0.000000,0.000000,-0.288390,0.000000,0.000000,0.000000,65535.000000,0.000000,0.000000,6.000000,1.000000,6.000000,1.000000,0.000000,0.000000,1.000000
2550.000000,6.000000,1.000000,0.000000,0.000000,0.000000,0.000000,0.000000,0.000000,0.000000,0.000000,0.000000,0.000000,0.000000,-0.280949,0.000000,0.000000,0.000000,65535.000000,0.000000,0.000000,6.000000,1.000000,6.000000,1.000000,0.000000,0.000000,1.000000
2560.000000,6.000000,1.000000,0.000000,0.000000,0.000000,0.000000,0.000000,0.000000,0.000000,0.000000,0.000000,0.000000,0.000000,-0.277505,0.000000,0.000000,0.000000,65535.000000,0.000000,0.000000,6.000000,1.000000,6.000000,1.000000,0.000000,0.000000,1.000000
2570.000000,6.000000,1.000000,0.000000,0.000000,0.000000,0.000000,0.000000,0.000000,0.000000,0.000000,0.000000,0.000000,0.000000,-0.276736,0.000000,0.000000,0.000000,65535.000000,0.000000,0.000000,6.000000,1.000000,6.000000,1.000000,0.000000,0.000000,1.000000
2580.000000,6.000000,1.000000,0.000000,0.000000,0.000000,0.000000,0.000000,0.000000,0.000000,0.000000,0.000000,0.000000,0.000000,-0.275971,0.000000,0.000000,0.000000,65535.000000,0.000000,0.000000,6.000000,1.000000,6.000000,1.000000,0.000000,0.000000,1.000000
2590.000000,6.000000,1.000000,0.000000,0.000000,0.000000,0.000000,0.000000,0.000000,0.000000,0.000000,0.000000,0.000000,0.000000,-0.285637,0.000000,0.000000,0.000000,65535.000000,0.000000,0.000000,6.000000,1.000000,6.000000,1.000000,0.000000,0.000000,1.000000
2600.000000,6.000000,1.000000,0.000000,0.000000,0.000000,0.000000,0.000000,0.000000,0.000000,0.000000,0.000000,0.000000,0.000000,-0.289785,0.000000,0.000000,0.000000,65535.000000,0.000000,0.000000,6.000000,1.000000,6.000000,1.000000,0.000000,0.000000,1.000000
2610.000000,6.000000,1.000000,0.000000,0.000000,0.000000,0.000000,0.000000,0.000000,0.000000,0.000000,0.000000,0.000000,0.000000,-0.287229,0.000000,0.000000,0.000000,65535.000000,0.000000,0.000000,6.000000,1.000000,6.000000,1.000000,0.000000,0.000000,1.000000
2620.000000,6.000000,1.000000,0.000000,0.000000,0.000000,0.000000,0.000000,0.000000,0.000000,0.000000,0.000000,0.000000,0.000000,-0.284976,0.000000,0.000000,0.000000,65535.000000,0.000000,0.000000,6.000000,1.000000,6.000000,1.000000,0.000000,0.000000,1.000000
2630.000000,6.000000,1.000000,0.000000,0.000000,0.000000,0.000000,0.000000,0.000000,0.000000,0.000000,0.000000,0.000000,0.000000,-0.284166,0.000000,0.000000,0.000000,65535.000000,0.000000,0.000000,6.000000,1.000000,6.000000,1.000000,0.000000,0.000000,1.000000
2640.000000,6.000000,1.000000,0.000000,0.000000,0.000000,0.000000,0.000000,0.000000,0.000000,0.000000,0.000000,0.000000,0.000000,-0.275793,0.000000,0.000000,0.000000,65535.000000,0.000000,0.000000,6.000000,1.000000,6.000000,1.000000,0.000000,0.000000,1.000000
2650.000000,6.000000,1.000000,0.000000,0.000000,0.000000,0.000000,0.000000,0.000000,0.000000,0.000000,0.000000,0.000000,0.000000,-0.275034,0.000000,0.000000,0.000000,65535.000000,0.000000,0.000000,6.000000,1.000000,6.000000,1.000000,0.000000,0.000000,1.000000
2660.000000,6.000000,1.000000,0.000000,0.000000,0.000000,0.000000,0.000000,0.000000,0.000000,0.000000,0.000000,0.000000,0.000000,-0.274808,0.000000,0.000000,0.000000,65535.000000,0.000000,0.000000,6.000000,1.000000,6.000000,1.000000,0.000000,0.000000,1.000000
2670.000000,6.000000,1.000000,0.000000,0.000000,0.000000,0.000000,0.000000,0.000000,0.000000,0.000000,0.000000,0.000000,0.000000,-0.293785,0.000000,0.000000,0.000000,65535.000000,0.000000,0.000000,6.000000,1.000000,6.000000,1.000000,0.000000,0.000000,1.000000
2680.000000,6.000000,1.000000,0.000000,0.000000,0.000000,0.000000,0.000000,0.000000,0.000000,0.000000,0.000000,0.000000,0.000000,-0.286301,0.000000,0.000000,0.000000,65535.000000,0.000000,0.000000,6.000000,1.000000,6.000000,1.000000,0.000000,0.000000,1.000000
2690.000000,6.000000,1.000000,0.000000,0.000000,0.000000,0.000000,0.000000,0.000000,0.000000,0.000000,0.000000,0.000000,0.000000,-0.284277,0.000000,0.000000,0.000000,65535.000000,0.000000,0.000000,6.000000,1.000000,6.000000,1.000000,0.000000,0.000000,1.000000
2700.000000,6.000000,1.000000,0.000000,0.000000,0.000000,0.000000,0.000000,0.000000,0.000000,0.000000,0.000000,0.000000,0.000000,-0.281447,0.000000,0.000000,0.000000,65535.000000,0.000000,0.000000,6.000000,1.000000,6.000000,1.000000,0.000000,0.000000,1.000000
2710.000000,6.000000,1.000000,0.000000,0.000000,0.000000,0.000000,0.000000,0.000000,0.000000,0.000000,0.000000,0.000000,0.000000,-0.281795,0.000000,0.000000,0.000000,65535.000000,0.000000,0.000000,6.000000,1.000000,6.000000,1.000000,0.000000,0.000000,1.000000
2720.000000,6.000000,1.000000,0.000000,0.000000,0.000000,0.000000,0.000000,0.000000,0.000000,0.000000,0.000000,0.000000,0.000000,-0.276514,0.000000,0.000000,0.000000,65535.000000,0.000000,0.000000,6.000000,1.000000,6.000000,1.000000,0.000000,0.000000,1.000000
2730.000000,6.000000,1.000000,0.000000,0.000000,0.000000,0.000000,0.000000,0.000000,0.000000,0.000000,0.000000,0.000000,0.000000,-0.267347,0.000000,0.000000,0.000000,65535.000000,0.000000,0.000000,6.000000,1.000000,6.000000,1.000000,0.000000,0.000000,1.000000
2740.000000,6.000000,1.000000,0.000000,0.000000,0.000000,0.000000,0.000000,0.000000,0.000000,0.000000,0.000000,0.000000,0.000000,-0.258552,0.000000,0.000000,0.000000,65535.000000,0.000000,0.000000,6.000000,1.000000,6.000000,1.000000,0.000000,0.000000,1.000000
2750.000000,6.000000,1.000000,0.000000,0.000000,0.000000,0.000000,0.000000,0.000000,0.000000,0.000000,0.000000,0.000000,0.000000,-0.255978,0.000000,0.000000,0.000000,65535.000000,0.000000,0.000000,6.000000,1.000000,6.000000,1.000000,0.000000,0.000000,1.000000
2760.000000,6.000000,1.000000,0.000000,0.000000,0.000000,0.000000,0.000000,0.000000,0.000000,0.000000,0.000000,0.000000,0.000000,-0.253429,0.000000,0.000000,0.000000,65535.000000,0.000000,0.000000,6.000000,1.000000,6.000000,1.000000,0.000000,0.000000,1.000000
2770.000000,6.000000,1.000000,0.000000,0.000000,0.000000,0.000000,0.000000,0.000000,0.000000,0.000000,0.000000,0.000000,0.000000,-0.255523,0.000000,0.000000,0.000000,65535.000000,0.000000,0.000000,6.000000,1.000000,6.000000,1.000000,0.000000,0.000000,1.000000
2780.000000,6.000000,1.000000,0.000000,0.000000,0.000000,0.000000,0.000000,0.000000,0.000000,0.000000,0.000000,0.000000,0.000000,-0.252980,0.000000,0.000000,0.000000,65535.000000,0.000000,0.000000,6.000000,1.000000,6.000000,1.000000,0.000000,0.000000,1.000000
2790.000000,6.000000,1.000000,0.000000,0.000000,0.000000,0.000000,0.000000,0.000000,0.000000,0.000000,0.000000,0.000000,0.000000,-0.260282,0.000000,0.000000,0.000000,65535.000000,0.000000,0.000000,6.000000,1.000000,6.000000,1.000000,0.000000,0.000000,1.000000
2800.000000,6.000000,1.000000,0.000000,0.000000,0.000000,0.000000,0.000000,0.000000,0.000000,0.000000,0.000000,0.000000,0.000000,-0.245422,0.000000,0.000000,0.000000,65535.000000,0.000000,0.000000,6.000000,1.000000,6.000000,1.000000,0.000000,0.000000,1.000000
2810.000000,6.000000,1.000000,0.000000,0.000000,0.000000,0.000000,0.000000,0.000000,0.000000,0.000000,0.000000,0.000000,0.000000,-0.242884,0.000000,0.000000,0.000000,65535.000000,0.000000,0.000000,6.000000,1.000000,6.000000,1.000000,0.000000,0.000000,1.000000
2820.000000,6.000000,1.000000,0.000000,0.000000,0.000000,0.000000,0.000000,0.000000,0.000000,0.000000,0.000000,0.000000,0.000000,-0.240466,0.000000,0.000000,0.000000,65535.000000,0.000000,0.000000,6.000000,1.000000,6.000000,1.000000,0.000000,0.000000,1.000000
2830.000000,6.000000,1.000000,0.000000,0.000000,0.000000,0.000000,0.000000,0.000000,0.000000,0.000000,0.000000,0.000000,0.000000,-0.243379,0.000000,0.000000,0.000000,65535.000000,0.000000,0.000000,6.000000,1.000000,6.000000,1.000000,0.000000,0.000000,1.000000
2840.000000,6.000000,1.000000,0.000000,0.000000,0.000000,0.000000,0.000000,0.000000,0.000000,0.000000,0.000000,0.000000,0.000000,-0.236895,0.000000,0.000000,0.000000,65535.000000,0.000000,0.000000,6.000000,1.000000,6.000000,1.000000,0.000000,0.000000,1.000000
2850.000000,6.000000,1.000000,0.000000,0.000000,0.000000,0.000000,0.000000,0.000000,0.000000,0.000000,0.000000,0.000000,0.000000,-0.234537,0.000000,0.000000,0.000000,65535.000000,0.000000,0.000000,6.000000,1.000000,6.000000,1.000000,0.000000,0.000000,1.000000
2860.000000,6.000000,1.000000,0.000000,0.000000,0.000000,0.000000,0.000000,0.000000,0.000000,0.000000,0.000000,0.000000,0.000000,-0.232202,0.000000,0.000000,0.000000,65535.000000,0.000000,0.000000,6.000000,1.000000,6.000000,1.000000,0.000000,0.000000,1.000000
2870.000000,6.000000,1.000000,0.000000,0.000000,0.000000,0.000000,0.000000,0.000000,0.000000,0.000000,0.000000,0.000000,0.000000,-0.231217,0.000000,0.000000,0.000000,65535.000000,0.000000,0.000000,6.000000,1.000000,6.000000,1.000000,0.000000,0.000000,1.000000
2880.000000,6.000000,1.000000,0.000000,0.000000,0.000000,0.000000,0.000000,0.000000,0.000000,0.000000,0.000000,0.000000,0.000000,-0.233388,0.000000,0.000000,0.000000,65535.000000,0.000000,0.000000,6.000000,1.000000,6.000000,1.000000,0.000000,0.000000,1.000000
2890.000000,6.000000,1.000000,0.000000,0.000000,0.000000,0.000000,0.000000,0.000000,0.000000,0.000000,0.000000,0.000000,0.000000,-0.226777,0.000000,0.000000,0.000000,65535.000000,0.000000,0.000000,6.000000,1.000000,6.000000,1.000000,0.000000,0.000000,1.000000
2900.000000,6.000000,1.000000,0.000000,0.000000,0.000000,0.000000,0.000000,0.000000,0.000000,0.000000,0.000000,0.000000,0.000000,-0.224520,0.000000,0.000000,0.000000,65535.000000,0.000000,0.000000,6.000000,1.000000,6.000000,1.000000,0.000000,0.000000,1.000000
2910.000000,6.000000,1.000000,0.000000,0.000000,0.000000,0.000000,0.000000,0.000000,0.000000,0.000000,0.000000,0.000000,0.000000,-0.221335,0.000000,0.000000,0.000000,65535.000000,0.000000,0.000000,6.000000,1.000000,6.000000,1.000000,0.000000,0.000000,1.000000
2920.000000,6.000000,1.000000,0.000000,0.000000,0.000000,0.000000,0.000000,0.000000,0.000000,0.000000,0.000000,0.000000,0.000000,-0.210537,0.000000,0.000000,0.000000,65535.000000,0.000000,0.000000,6.000000,1.000000,6.000000,1.000000,0.000000,0.000000,1.000000
2930.000000,6.000000,1.000000,0.000000,0.000000,0.000000,0.000000,0.000000,0.000000,0.000000,0.000000,0.000000,0.000000,0.000000,-0.208441,0.000000,0.000000,0.000000,65535.000000,0.000000,0.000000,6.000000,1.000000,6.000000,1.000000,0.000000,0.000000,1.000000
2940.000000,6.000000,1.000000,0.000000,0.000000,0.000000,0.000000,0.000000,0.000000,0.000000,0.000000,0.000000,0.000000,0.000000,-0.206679,0.000000,0.000000,0.000000,65535.000000,0.000000,0.000000,6.000000,1.000000,6.000000,1.000000,0.000000,0.000000,1.000000
2950.000000,6.000000,1.000000,0.000000,0.000000,0.000000,0.000000,0.000000,0.000000,0.000000,0.000000,0.000000,0.000000,0.000000,-0.212812,0.000000,0.000000,0.000000,65535.000000,0.000000,0.000000,6.000000,1.000000,6.000000,1.000000,0.000000,0.000000,1.000000
2960.000000,6.000000,1.000000,0.000000,0.000000,0.000000,0.000000,0.000000,0.000000,0.000000,0.000000,0.000000,0.000000,0.000000,-0.210694,0.000000,0.000000,0.000000,65535.000000,0.000000,0.000000,6.000000,1.000000,6.000000,1.000000,0.000000,0.000000,1.000000
2970.000000,6.000000,1.000000,0.000000,0.000000,0.000000,0.000000,0.000000,0.000000,0.000000,0.000000,0.000000,0.000000,0.000000,-0.214135,0.000000,0.000000,0.000000,65535.000000,0.000000,0.000000,6.000000,1.000000,6.000000,1.000000,0.000000,0.000000,1.000000
2980.000000,6.000000,1.000000,0.000000,0.000000,0.000000,0.000000,0.000000,0.000000,0.000000,0.000000,0.000000,0.000000,0.000000,-0.217351,0.000000,0.000000,0.000000,65535.000000,0.000000,0.000000,6.000000,1.000000,6.000000,1.000000,0.000000,0.000000,1.000000
2990.000000,6.000000,1.000000,0.000000,0.000000,0.000000,0.000000,0.000000,0.000000,0.000000,0.000000,0.000000,0.000000,0.000000,-0.215187,0.000000,0.000000,0.000000,65535.000000,0.000000,0.000000,6.000000,1.000000,6.000000,1.000000,0.000000,0.000000,1.000000
3000.000000,6.000000,1.000000,0.000000,0.000000,0.000000,0.000000,0.000000,0.000000,0.000000,0.000000,0.000000,0.000000,0.000000,-0.204771,0.000000,0.000000,0.000000,65535.000000,0.000000,0.000000,6.000000,1.000000,6.000000,1.000000,0.000000,0.000000,1.000000
3010.000000,6.000000,1.000000,0.000000,0.000000,0.000000,0.000000,0.000000,0.000000,0.000000,0.000000,0.000000,0.000000,0.000000,-0.202206,0.000000,0.000000,0.000000,65535.000000,0.000000,0.000000,6.000000,1.000000,6.000000,1.000000,0.000000,0.000000,1.000000
3020.000000,6.000000,1.000000,0.000000,0.000000,0.000000,0.000000,0.000000,0.000000,0.000000,0.000000,0.000000,0.000000,0.000000,-0.200193,0.000000,0.000000,0.000000,65535.000000,0.000000,0.000000,6.000000,1.000000,6.000000,1.000000,0.000000,0.000000,1.000000
3030.000000,6.000000,1.000000,0.000000,0.000000,0.000000,0.000000,0.000000,0.000000,0.000000,0.000000,0.000000,0.000000,0.000000,-0.201933,0.000000,0.000000,0.000000,65535.000000,0.000000,0.000000,6.000000,1.000000,6.000000,1.000000,0.000000,0.000000,1.000000
3040.000000,6.000000,1.000000,0.000000,0.000000,0.000000,0.000000,0.000000,0.000000,0.000000,0.000000,0.000000,0.000000,0.000000,-0.198462,0.000000,0.000000,0.000000,65535.000000,0.000000,0.000000,6.000000,1.000000,6.000000,1.000000,0.000000,0.000000,1.000000
3050.000000,6.000000,1.000000,0.000000,0.000000,0.000000,0.000000,0.000000,0.000000,0.000000,0.000000,0.000000,0.000000,0.000000,-0.196486,0.000000,0.000000,0.000000,65535.000000,0.000000,0.000000,6.000000,1.000000,6.000000,1.000000,0.000000,0.000000,1.000000
3060.000000,6.000000,1.000000,0.000000,0.000000,0.000000,0.000000,0.000000,0.000000,0.000000,0.000000,0.000000,0.000000,0.000000,-0.194530,0.000000,0.000000,0.000000,65535.000000,0.000000,0.000000,6.000000,1.000000,6.000000,1.000000,0.000000,0.000000,1.000000
3070.000000,6.000000,1.000000,0.000000,0.000000,0.000000,0.000000,0.000000,0.000000,0.000000,0.000000,0.000000,0.000000,0.000000,-0.192341,0.000000,0.000000,0.000000,65535.000000,0.000000,0.000000,6.000000,1.000000,6.000000,1.000000,0.000000,0.000000,1.000000
3080.000000,6.000000,1.000000,0.000000,0.000000,0.000000,0.000000,0.000000,0.000000,0.000000,0.000000,0.000000,0.000000,0.000000,-0.190426,0.000000,0.000000,0.000000,65535.000000,0.000000,0.000000,6.000000,1.000000,6.000000,1.000000,0.000000,0.000000,1.000000
3090.000000,6.000000,1.000000,0.000000,0.000000,0.000000,0.000000,0.000000,0.000000,0.000000,0.000000,0.000000,0.000000,0.000000,-0.191970,0.000000,0.000000,0.000000,65535.000000,0.000000,0.000000,6.000000,1.000000,6.000000,1.000000,0.000000,0.000000,1.000000
3100.000000,6.000000,1.000000,0.000000,0.000000,0.000000,0.000000,0.000000,0.000000,0.000000,0.000000,0.000000,0.000000,0.000000,-0.193376,0.000000,0.000000,0.000000,65535.000000,0.000000,0.000000,6.000000,1.000000,6.000000,1.000000,0.000000,0.000000,1.000000
3110.000000,6.000000,1.000000,0.000000,0.000000,0.000000,0.000000,0.000000,0.000000,0.000000,0.000000,0.000000,0.000000,0.000000,-0.191455,0.000000,0.000000,0.000000,65535.000000,0.000000,0.000000,6.000000,1.000000,6.000000,1.000000,0.000000,0.000000,1.000000
3120.000000,6.000000,1.000000,0.000000,0.000000,0.000000,0.000000,0.000000,0.000000,0.000000,0.000000,0.000000,0.000000,0.000000,-0.189549,0.000000,0.000000,0.000000,65535.000000,0.000000,0.000000,6.000000,1.000000,6.000000,1.000000,0.000000,0.000000,1.000000
3130.000000,6.000000,1.000000,0.000000,0.000000,0.000000,0.000000,0.000000,0.000000,0.000000,0.000000,0.000000,0.000000,0.000000,-0.171326,0.000000,0.000000,0.000000,65535.000000,0.000000,0.000000,6.000000,1.000000,6.000000,1.000000,0.000000,0.000000,1.000000
3140.000000,6.000000,1.000000,0.000000,0.000000,0.000000,0.000000,0.000000,0.000000,0.000000,0.000000,0.000000,0.000000,0.000000,-0.169264,0.000000,0.000000,0.000000,65535.000000,0.000000,0.000000,6.000000,1.000000,6.000000,1.000000,0.000000,0.000000,1.000000
3150.000000,6.000000,1.000000,0.000000,0.000000,0.000000,0.000000,0.000000,0.000000,0.000000,0.000000,0.000000,0.000000,0.000000,-0.167579,0.000000,0.000000,0.000000,65535.000000,0.000000,0.000000,6.000000,1.000000,6.000000,1.000000,0.000000,0.000000,1.000000
3160.000000,6.000000,1.000000,0.000000,0.000000,0.000000,0.000000,0.000000,0.000000,0.000000,0.000000,0.000000,0.000000,0.000000,-0.172441,0.000000,0.000000,0.000000,65535.000000,0.000000,0.000000,6.000000,1.000000,6.000000,1.000000,0.000000,0.000000,1.000000
3170.000000,6.000000,1.000000,0.000000,0.000000,0.000000,0.000000,0.000000,0.000000,0.000000,0.000000,0.000000,0.000000,0.000000,-0.171575,0.000000,0.000000,0.000000,65535.000000,0.000000,0.000000,6.000000,1.000000,6.000000,1.000000,0.000000,0.000000,1.000000
3180.000000,6.000000,1.000000,0.000000,0.000000,0.000000,0.000000,0.000000,0.000000,0.000000,0.000000,0.000000,0.000000,0.000000,-0.169866,0.000000,0.000000,0.000000,65535.000000,0.000000,0.000000,6.000000,1.000000,6.000000,1.000000,0.000000,0.000000,1.000000
3190.000000,6.000000,1.000000,0.000000,0.000000,0.000000,0.000000,0.000000,0.000000,0.000000,0.000000,0.000000,0.000000,0.000000,-0.168175,0.000000,0.000000,0.000000,65535.000000,0.000000,0.000000,6.000000,1.000000,6.000000,1.000000,0.000000,0.000000,1.000000
3200.000000,6.000000,1.000000,0.000000,0.000000,0.000000,0.000000,0.000000,0.000000,0.000000,0.000000,0.000000,0.000000,0.000000,-0.177308,0.000000,0.000000,0.000000,65535.000000,0.000000,0.000000,6.000000,1.000000,6.000000,1.000000,0.000000,0.000000,1.000000
3210.000000,6.000000,1.000000,0.000000,0.000000,0.000000,0.000000,0.000000,0.000000,0.000000,0.000000,0.000000,0.000000,0.000000,-0.172119,0.000000,0.000000,0.000000,65535.000000,0.000000,0.000000,6.000000,1.000000,6.000000,1.000000,0.000000,0.000000,1.000000
3220.000000,6.000000,1.000000,0.000000,0.000000,0.000000,0.000000,0.000000,0.000000,0.000000,0.000000,0.000000,0.000000,0.000000,-0.170405,0.000000,0.000000,0.000000,65535.000000,0.000000,0.000000,6.000000,1.000000,6.000000,1.000000,0.000000,0.000000,1.000000
3230.000000,6.000000,1.000000,0.000000,0.000000,0.000000,0.000000,0.000000,0.000000,0.000000,0.000000,0.000000,0.000000,0.000000,-0.170455,0.000000,0.000000,0.000000,65535.000000,0.000000,0.000000,6.000000,1.000000,6.000000,1.000000,0.000000,0.000000,1.000000
3240.000000,6.000000,1.000000,0.000000,0.000000,0.000000,0.000000,0.000000,0.000000,0.000000,0.000000,0.000000,0.000000,0.000000,-0.159165,0.000000,0.000000,0.000000,65535.000000,0.000000,0.000000,6.000000,1.000000,6.000000,1.000000,0.000000,0.000000,1.000000
3250.000000,6.000000,1.000000,0.000000,0.000000,0.000000,0.000000,0.000000,0.000000,0.000000,0.000000,0.000000,0.000000,0.000000,-0.157581,0.000000,0.000000,0.000000,65535.000000,0.000000,0.000000,6.000000,1.000000,6.000000,1.000000,0.000000,0.000000,1.000000
3260.000000,6.000000,1.000000,0.000000,0.000000,0.000000,0.000000,0.000000,0.000000,0.000000,0.007293,0.000950,0.000654,-0.000689,-0.156012,0.000000,0.000000,0.000000,65535.000000,0.000000,0.000000,6.000000,1.000000,6.000000,1.000000,0.000000,0.000000,1.000000
3270.000000,6.000000,1.000000,0.000000,0.000000,0.000000,0.000000,0.000000,0.000000,0.000000,0.006989,0.000584,0.000402,-0.000423,-0.154007,0.000000,0.000000,0.000000,65535.000000,0.000000,0.000000,6.000000,1.000000,6.000000,1.000000,0.000000,0.000000,1.000000
3280.000000,6.000000,1.000000,0.000000,0.000000,0.000000,0.000000,0.000000,0.000000,0.000000,0.003275,0.000358,0.000247,-0.000260,-0.147541,0.000000,0.000000,0.000000,65535.000000,0.000000,0.000000,6.000000,1.000000,6.000000,1.000000,0.000000,0.000000,1.000000
3290.000000,6.000000,1.000000,0.000000,0.000000,0.000000,0.000000,0.000000,0.000000,0.000000,0.000917,0.000220,0.000151,-0.000160,-0.146072,0.000000,0.000000,0.000000,65535.000000,0.000000,0.000000,6.000000,1.000000,6.000000,1.000000,0.000000,0.000000,1.000000
3300.000000,6.000000,1.000000,0.000000,0.000000,0.000000,0.000000,0.000000,0.000000,0.000000,0.000823,0.000135,0.000093,-0.000098,-0.131286,0.000000,0.000000,0.000000,65535.000000,0.000000,0.000000,6.000000,1.000000,6.000000,1.000000,0.000000,0.000000,1.000000
3310.000000,6.000000,1.000000,0.000000,0.000000,0.000000,0.000000,0.000000,0.000000,0.000000,0.001587,0.000083,0.000057,-0.000060,-0.129363,0.000000,0.000000,0.000000,65535.000000,0.000000,0.000000,6.000000,1.000000,6.000000,1.000000,0.000000,0.000000,1.000000
3320.000000,6.000000,1.000000,0.000000,0.000000,0.000000,0.000000,0.000000,0.000000,0.000000,0.001936,0.000051,0.000035,-0.000037,-0.128075,0.000000,0.000000,0.000000,65535.000000,0.000000,0.000000,6.000000,1.000000,6.000000,1.000000,0.000000,0.000000,1.000000
3330.000000,6.000000,1.000000,0.000000,0.000000,0.000000,0.000000,0.000000,0.000000,0.000000,0.007843,0.000982,0.000676,-0.000712,-0.121530,0.000000,0.000000,0.000000,65535.000000,0.000000,0.000000,6.000000,1.000000,6.000000,1.000000,0.000000,0.000000,1.000000
3340.000000,6.000000,1.000000,0.000000,0.000000,0.000000,0.000000,0.000000,0.000000,0.000000,0.007189,0.000603,0.000415,-0.000437,-0.120320,0.000000,0.000000,0.000000,65535.000000,0.000000,0.000000,6.000000,1.000000,6.000000,1.000000,0.000000,0.000000,1.000000
3350.000000,6.000000,1.000000,0.000000,0.000000,0.000000,0.000000,0.000000,0.000000,0.000000,0.003275,0.000370,0.000255,-0.000268,-0.123389,0.000000,0.000000,0.000000,65535.000000,0.000000,0.000000,6.000000,1.000000,6.000000,1.000000,0.000000,0.000000,1.000000
3360.000000,6.000000,1.000000,0.000000,0.000000,0.000000,0.000000,0.000000,0.000000,0.000000,0.007861,0.001474,0.001465,-0.000165,-0.117146,0.000000,0.000000,0.000000,65535.000000,0.000000,0.000000,6.000000,1.000000,6.000000,1.000000,0.000000,0.000000,1.000000
3370.000000,6.000000,1.000000,0.000000,0.000000,0.000000,0.000000,0.000000,0.000000,0.000000,0.007189,0.000905,0.000899,-0.000101,-0.115980,0.000000,0.000000,0.000000,65535.000000,0.000000,0.000000,6.000000,1.000000,6.000000,1.000000,0.000000,0.000000,1.000000
3380.000000,6.000000,1.000000,0.000000,0.000000,0.000000,0.000000,0.000000,0.000000,0.000000,0.003275,0.000556,0.000552,-0.000062,-0.127593,0.000000,0.000000,0.000000,65535.000000,0.000000,0.000000,6.000000,1.000000,6.000000,1.000000,0.000000,0.000000,1.000000
3390.000000,6.000000,1.000000,0.000000,0.000000,0.000000,0.000000,0.000000,0.000000,0.000000,0.001936,0.000341,0.000339,-0.000038,-0.126512,0.000000,0.000000,0.000000,65535.000000,0.000000,0.000000,6.000000,1.000000,6.000000,1.000000,0.000000,0.000000,1.000000
3400.000000,6.000000,1.000000,0.000000,0.000000,0.000000,0.000000,0.000000,0.000000,0.000000,0.002044,0.000210,0.000208,-0.000023,-0.125253,0.000000,0.000000,0.000000,65535.000000,0.000000,0.000000,6.000000,1.000000,6.000000,1.000000,0.000000,0.000000,1.000000
3410.000000,6.000000,1.000000,0.000000,0.000000,0.000000,0.000000,0.000000,0.000000,0.000000,0.002650,0.000129,0.000128,-0.000014,-0.065450,0.000000,0.000000,0.000000,65535.000000,0.000000,0.000000,6.000000,1.000000,6.000000,1.000000,0.000000,0.000000,1.000000
3420.000000,6.000000,1.000000,0.000000,0.000000,0.000000,0.000000,0.000000,0.000000,0.000000,0.002885,0.000079,0.000078,-0.000009,-0.064799,0.000000,0.000000,0.000000,65535.000000,0.000000,0.000000,6.000000,1.000000,6.000000,1.000000,0.000000,0.000000,1.000000
3430.000000,6.000000,1.000000,0.000000,0.000000,0.000000,0.000000,0.000000,0.000000,0.000000,0.002889,0.000048,0.000048,-0.000005,-0.056642,0.000000,0.000000,0.000000,65535.000000,0.000000,0.000000,6.000000,1.000000,6.000000,1.000000,0.000000,0.000000,1.000000
3440.000000,6.000000,1.000000,0.000000,0.000000,0.000000,0.000000,0.000000,0.000000,0.000000,0.011759,0.000973,0.000684,-0.000693,-0.056078,0.000000,0.000000,0.000000,65535.000000,0.000000,0.000000,6.000000,1.000000,6.000000,1.000000,0.000000,0.000000,1.000000
3450.000000,6.000000,1.000000,0.000000,0.000000,0.000000,0.000000,0.000000,0.000000,0.000000,0.012651,0.001548,0.001074,-0.001115,-0.055520,0.000000,0.000000,0.000000,65535.000000,0.000000,0.000000,6.000000,1.000000,6.000000,1.000000,0.000000,0.000000,1.000000
3460.000000,6.000000,1.000000,0.000000,0.000000,0.000000,0.000000,0.000000,0.000000,0.000000,0.006518,0.000950,0.000660,-0.000684,-0.104364,0.000000,0.000000,0.000000,65535.000000,0.000000,0.000000,6.000000,1.000000,6.000000,1.000000,0.000000,0.000000,1.000000
3470.000000,6.000000,1.000000,0.000000,0.000000,0.000000,0.000000,0.000000,0.000000,0.000000,0.007316,0.001093,0.001059,0.000269,-0.110388,0.000000,0.000000,0.000000,65535.000000,0.000000,0.000000,6.000000,1.000000,6.000000,1.000000,0.000000,0.000000,1.000000
3480.000000,6.000000,1.000000,0.000000,0.000000,0.000000,0.000000,0.000000,0.000000,0.000000,0.006372,0.000671,0.000650,0.000165,-0.109289,0.000000,0.000000,0.000000,65535.000000,0.000000,0.000000,6.000000,1.000000,6.000000,1.000000,0.000000,0.000000,1.000000
3490.000000,6.000000,1.000000,0.000000,0.000000,0.000000,0.000000,0.000000,0.000000,0.000000,0.007952,0.001206,0.001054,-0.000588,-0.108201,0.000000,0.000000,0.000000,65535.000000,0.000000,0.000000,6.000000,1.000000,6.000000,1.000000,0.000000,0.000000,1.000000
3500.000000,6.000000,1.000000,0.000000,0.000000,0.000000,0.000000,0.000000,0.000000,0.000000,0.008374,0.001672,0.001301,-0.001050,-0.097293,0.000000,0.000000,0.000000,65535.000000,0.000000,0.000000,6.000000,1.000000,6.000000,1.000000,0.000000,0.000000,1.000000
3510.000000,6.000000,1.000000,0.000000,0.000000,0.000000,0.000000,0.000000,0.000000,0.000000,0.008374,0.001973,0.001453,-0.001334,-0.096324,0.000000,0.000000,0.000000,65535.000000,0.000000,0.000000,6.000000,1.000000,6.000000,1.000000,0.000000,0.000000,1.000000
3520.000000,6.000000,1.000000,0.000000,0.000000,0.000000,0.000000,0.000000,0.000000,0.000000,0.005227,0.001211,0.000892,-0.000819,-0.095365,0.000000,0.000000,0.000000,65535.000000,0.000000,0.000000,6.000000,1.000000,6.000000,1.000000,0.000000,0.000000,1.000000
3530.000000,6.000000,1.000000,0.000000,0.000000,0.000000,0.000000,0.000000,0.000000,0.000000,0.008187,0.001693,0.001202,-0.001192,-0.107003,0.000000,0.000000,0.000000,65535.000000,0.000000,0.000000,6.000000,1.000000,6.000000,1.000000,0.000000,0.000000,1.000000
3540.000000,6.000000,1.000000,0.000000,0.000000,0.000000,0.000000,0.000000,0.000000,0.000000,0.004331,0.001040,0.000738,-0.000732,0.132896,0.000000,0.000000,0.000000,65535.000000,0.000000,0.000000,6.000000,1.000000,6.000000,1.000000,0.000000,0.000000,1.000000
3550.000000,6.000000,1.000000,0.000000,0.000000,0.000000,0.000000,0.000000,0.000000,0.000000,0.027358,0.003573,0.003070,-0.001828,0.331148,0.000000,0.000000,0.000000,65535.000000,0.000000,0.000000,6.000000,1.000000,6.000000,1.000000,0.000000,0.000000,1.000000
3560.000000,6.000000,1.000000,0.000000,0.000000,0.000000,0.000000,0.000000,0.000000,0.000000,0.033794,0.005150,0.004502,-0.002501,0.327851,0.000000,0.000000,0.000000,65535.000000,0.000000,0.000000,6.000000,1.000000,6.000000,1.000000,0.000000,0.000000,1.000000
3570.000000,6.000000,1.000000,0.000000,0.000000,0.000000,0.000000,0.000000,0.000000,0.000000,0.027765,0.005596,0.005381,-0.001536,0.321439,0.000000,0.000000,0.000000,65535.000000,0.000000,0.000000,6.000000,1.000000,6.000000,1.000000,0.000000,0.000000,1.000000
3580.000000,6.000000,1.000000,0.000000,0.000000,0.000000,0.000000,0.000000,0.000000,0.000000,0.057789,0.008121,0.007229,-0.003700,0.384104,0.000000,0.000000,0.000000,65535.000000,0.000000,0.000000,6.000000,1.000000,6.000000,1.000000,0.000000,0.000000,1.000000
3590.000000,6.000000,1.000000,0.000000,0.000000,0.000000,0.000000,0.000000,0.000000,0.000000,0.057789,0.011804,0.010327,-0.005718,0.380280,0.000000,0.000000,0.000000,65535.000000,0.000000,0.000000,6.000000,1.000000,6.000000,1.000000,0.000000,0.000000,1.000000
3600.000000,6.000000,1.000000,0.000000,0.000000,0.000000,0.000000,0.000000,0.000000,0.000000,0.057789,0.015221,0.013537,-0.006957,0.376494,0.000000,0.000000,0.000000,65535.000000,0.000000,0.000000,6.000000,1.000000,6.000000,1.000000,0.000000,0.000000,1.000000
3610.000000,6.000000,1.000000,0.000000,0.000000,0.000000,0.000000,0.000000,0.000000,0.000000,0.025867,0.019389,0.017471,-0.008408,0.032294,0.000000,0.000000,0.000000,65535.000000,0.000000,0.000000,6.000000,1.000000,6.000000,1.000000,0.000000,0.000000,1.000000
3620.000000,6.000000,1.000000,0.000000,0.000000,0.000000,0.000000,0.000000,0.000000,0.000000,0.050370,0.023476,0.020541,-0.011366,0.292048,0.000000,0.000000,0.000000,65535.000000,0.000000,0.000000,6.000000,1.000000,6.000000,1.000000,0.000000,0.000000,1.000000
3630.000000,5.999844,1.000297,-0.015645,0.029703,0.000000,0.000000,0.000000,0.000000,0.000000,0.053123,0.027685,0.025043,-0.011804,0.352047,0.000000,0.000000,0.000000,65535.000000,0.000000,0.000000,5.999844,1.000297,5.999844,1.000297,0.000000,0.000000,1.000000
3640.000000,5.999650,1.000623,-0.019333,0.032580,0.000000,0.000000,0.000000,0.000000,0.000000,0.053123,0.033572,0.029769,-0.015519,0.348543,0.000000,0.000000,0.000000,65535.000000,0.000000,0.000000,5.999650,1.000623,5.999650,1.000623,0.000000,0.000000,1.000000
3650.000000,5.999421,1.000992,-0.022997,0.036951,0.000000,0.000000,0.000000,0.000000,0.000000,0.044985,0.037885,0.032672,-0.019179,0.226207,0.000000,0.000000,0.000000,65535.000000,0.000000,0.000000,5.999421,1.000992,5.999421,1.000992,0.000000,0.000000,1.000000
3660.000000,5.999155,1.001389,-0.026625,0.039627,0.000000,0.000000,0.000000,0.000000,0.000000,0.043002,0.043523,0.037071,-0.022804,0.138865,0.000000,0.000000,0.000000,65535.000000,0.000000,0.000000,5.999155,1.001389,5.999155,1.001389,0.000000,0.000000,1.000000
3670.000000,5.998846,1.001821,-0.030916,0.043232,0.000000,0.000000,0.000000,0.000000,0.000000,0.050503,0.047741,0.039771,-0.026409,0.263890,0.000000,0.000000,0.000000,65535.000000,0.000000,0.000000,5.998846,1.001821,5.998846,1.001821,0.000000,0.000000,1.000000
3680.000000,5.998476,1.002308,-0.037002,0.048708,0.000000,0.000000,0.000000,0.000000,0.000000,0.062904,0.053149,0.043393,-0.030690,0.377667,0.000000,0.000000,0.000000,65535.000000,0.000000,0.000000,5.998476,1.002308,5.998476,1.002308,0.000000,0.000000,1.000000
3690.000000,5.998062,1.002809,-0.041413,0.050110,0.000000,0.000000,0.000000,0.000000,0.000000,0.105965,0.061169,0.048887,-0.036765,0.877788,0.000000,0.000000,0.000000,65535.000000,0.000000,0.000000,5.998062,1.002809,5.998062,1.002809,0.000000,0.000000,1.000000
3700.000000,5.997586,1.003338,-0.047580,0.052916,0.000000,0.000000,0.000000,0.000000,0.000000,0.105965,0.065008,0.050298,-0.041185,0.869049,0.000000,0.000000,0.000000,65535.000000,0.000000,0.000000,5.997586,1.003338,5.997586,1.003338,0.000000,0.000000,1.000000
3710.000000,5.997045,1.003911,-0.054139,0.057241,0.000000,0.000000,0.000000,0.000000,0.000000,0.105014,0.071162,0.053127,-0.047344,0.860398,0.000000,0.000000,0.000000,65535.000000,0.000000,0.000000,5.997045,1.003911,5.997045,1.003911,0.000000,0.000000,1.000000
3720.000000,5.996408,1.004549,-0.063693,0.063801,0.000000,0.000000,0.000000,0.000000,0.000000,0.109346,0.078788,0.057481,-0.053884,0.872643,0.000000,0.000000,0.000000,65535.000000,0.000000,0.000000,5.996408,1.004549,5.996408,1.004549,0.000000,0.000000,1.000000
3730.000000,5.995719,1.005234,-0.068861,0.068500,0.000000,0.000000,0.000000,0.000000,0.000000,0.109346,0.090152,0.064080,-0.063413,0.863956,0.000000,0.000000,0.000000,65535.000000,0.000000,0.000000,5.995719,1.005234,5.995719,1.005234,0.000000,0.000000,1.000000
3740.000000,5.994943,1.005987,-0.077584,0.075266,0.000000,0.000000,0.000000,0.000000,0.000000,0.089110,0.097129,0.068786,-0.068575,0.563821,0.000000,0.000000,0.000000,65535.000000,0.000000,0.000000,5.994943,1.005987,5.994943,1.005987,0.000000,0.000000,1.000000
3750.000000,5.994100,1.006807,-0.084354,0.082008,0.000000,0.000000,0.000000,0.000000,0.000000,0.103907,0.108094,0.075601,-0.077259,0.665657,0.000000,0.000000,0.000000,65535.000000,0.000000,0.000000,5.994100,1.006807,5.994100,1.006807,0.000000,0.000000,1.000000
3760.000000,5.993208,1.007701,-0.089184,0.089447,0.000000,0.000000,0.000000,0.000000,0.000000,0.125746,0.117647,0.082402,-0.083969,0.889764,0.000000,0.000000,0.000000,65535.000000,0.000000,0.000000,5.993208,1.007701,5.993208,1.007701,0.000000,0.000000,1.000000
3770.000000,5.992273,1.008628,-0.093507,0.092714,0.000000,0.000000,0.000000,0.000000,0.000000,0.125746,0.126311,0.089849,-0.088778,0.880906,0.000000,0.000000,0.000000,65535.000000,0.000000,0.000000,5.992273,1.008628,5.992273,1.008628,0.000000,0.000000,1.000000
3780.000000,5.991276,1.009594,-0.099648,0.096636,0.000000,0.000000,0.000000,0.000000,0.000000,0.119710,0.131679,0.093113,-0.093110,0.857282,0.000000,0.000000,0.000000,65535.000000,0.000000,0.000000,5.991276,1.009594,5.991276,1.009594,0.000000,0.000000,1.000000
3790.000000,5.990172,1.010663,-0.110395,0.106814,0.000000,0.000000,0.000000,0.000000,0.000000,0.105051,0.138810,0.097080,-0.099216,0.591160,0.000000,0.000000,0.000000,65535.000000,0.000000,0.000000,5.990172,1.010663,5.990172,1.010663,0.000000,0.000000,1.000000
3800.000000,5.988933,1.011832,-0.123941,0.116916,0.000000,0.000000,0.000000,0.000000,0.000000,0.220534,0.153611,0.107366,-0.109858,1.765033,0.000000,0.000000,0.000000,65535.000000,0.000000,0.000000,5.988933,1.011832,5.988933,1.011832,0.000000,0.000000,1.000000
3810.000000,5.987611,1.013076,-0.132222,0.124472,0.000000,0.000000,0.000000,0.000000,0.000000,0.220534,0.170384,0.117608,-0.123285,1.734390,0.000000,0.000000,0.000000,65535.000000,0.000000,0.000000,5.987611,1.013076,5.987611,1.013076,0.000000,0.000000,1.000000
3820.000000,5.986225,1.014368,-0.138635,0.129158,0.000000,0.000000,0.000000,0.000000,0.000000,0.220534,0.181593,0.125204,-0.131529,1.704792,0.000000,0.000000,0.000000,65535.000000,0.000000,0.000000,5.986225,1.014368,5.986225,1.014368,0.000000,0.000000,1.000000
3830.000000,5.984785,1.015715,-0.143945,0.134667,0.000000,0.000000,0.000000,0.000000,0.000000,0.181245,0.189477,0.129869,-0.137970,1.408084,0.000000,0.000000,0.000000,65535.000000,0.000000,0.000000,5.984785,1.015715,5.984785,1.015715,0.000000,0.000000,1.000000
3840.000000,5.983257,1.017147,-0.152800,0.143197,0.000000,0.000000,0.000000,0.000000,0.000000,0.133549,0.197117,0.135350,-0.143303,0.612277,0.000000,0.000000,0.000000,65535.000000,0.000000,0.000000,5.983257,1.017147,5.983257,1.017147,0.000000,0.000000,1.000000
3850.000000,5.981701,1.018591,-0.155580,0.144393,0.000000,0.000000,0.000000,0.000000,0.000000,0.073197,0.209411,0.143949,-0.152091,0.169769,0.000000,0.000000,0.000000,65535.000000,0.000000,0.000000,5.981701,1.018591,5.981701,1.018591,0.000000,0.000000,1.000000
3860.000000,5.980086,1.020106,-0.161541,0.151561,0.000000,0.000000,0.000000,0.000000,0.000000,0.134378,0.212261,0.145303,-0.154731,0.566283,0.000000,0.000000,0.000000,65535.000000,0.000000,0.000000,5.980086,1.020106,5.980086,1.020106,0.000000,0.000000,1.000000
3870.000000,5.978352,1.021719,-0.173429,0.161225,0.000000,0.000000,0.000000,0.000000,0.000000,0.272596,0.221509,0.152677,-0.160487,1.837742,0.000000,0.000000,0.000000,65535.000000,0.000000,0.000000,5.978352,1.021719,5.978352,1.021719,0.000000,0.000000,1.000000
3880.000000,5.976477,1.023418,-0.187426,0.169961,0.000000,0.000000,0.000000,0.000000,0.000000,0.342773,0.236793,0.162439,-0.172292,2.655437,0.000000,0.000000,0.000000,65535.000000,0.000000,0.000000,5.976477,1.023418,5.976477,1.023418,0.000000,0.000000,1.000000
3890.000000,5.974622,1.025101,-0.185516,0.168329,0.000000,0.000000,0.000000,0.000000,0.000000,0.348898,0.253013,0.171049,-0.186434,2.586681,0.000000,0.000000,0.000000,65535.000000,0.000000,0.000000,5.974622,1.025101,5.974622,1.025101,0.000000,0.000000,1.000000
3900.000000,5.972797,1.026806,-0.182426,0.170456,0.000000,0.000000,0.000000,0.000000,0.000000,0.395294,0.250501,0.169139,-0.184778,2.521396,0.000000,0.000000,0.000000,65535.000000,0.000000,0.000000,5.972797,1.026806,5.972797,1.026806,0.000000,0.000000,1.000000
3910.000000,5.970933,1.028585,-0.186390,0.177947,0.000000,0.000000,0.000000,0.000000,0.000000,0.395294,0.249669,0.171238,-0.181693,2.169951,0.000000,0.000000,0.000000,65535.000000,0.000000,0.000000,5.970933,1.028585,5.970933,1.028585,0.000000,0.000000,1.000000
3920.000000,5.968912,1.030441,-0.202113,0.185548,0.000000,0.000000,0.000000,0.000000,0.000000,0.296462,0.257695,0.179069,-0.185313,1.575262,0.000000,0.000000,0.000000,65535.000000,0.000000,0.000000,5.968912,1.030441,5.968912,1.030441,0.000000,0.000000,1.000000
3930.000000,5.966830,1.032311,-0.208225,0.187036,0.000000,0.000000,0.000000,0.000000,0.000000,0.171091,0.274368,0.187148,-0.200632,0.697034,0.000000,0.000000,0.000000,65535.000000,0.000000,0.000000,5.966830,1.032311,5.966830,1.032311,0.000000,0.000000,1.000000
3940.000000,5.964774,1.034174,-0.205560,0.186257,0.000000,0.000000,0.000000,0.000000,0.000000,0.124550,0.279893,0.188838,-0.206592,0.372568,0.000000,0.000000,0.000000,65535.000000,0.000000,0.000000,5.964774,1.034174,5.964774,1.034174,0.000000,0.000000,1.000000
3950.000000,5.962742,1.036025,-0.203227,0.185131,0.000000,0.000000,0.000000,0.000000,0.000000,0.266724,0.277392,0.187913,-0.204047,1.351569,0.000000,0.000000,0.000000,65535.000000,0.000000,0.000000,5.962742,1.036025,5.962742,1.036025,0.000000,0.000000,1.000000
3960.000000,5.960597,1.037971,-0.214461,0.194615,0.000000,0.000000,0.000000,0.000000,0.000000,0.273285,0.274909,0.186690,-0.201796,1.387073,0.000000,0.000000,0.000000,65535.000000,0.000000,0.000000,5.960597,1.037971,5.960597,1.037971,0.000000,0.000000,1.000000
3970.000000,5.958333,1.039980,-0.226336,0.200884,0.000000,0.000000,0.000000,0.000000,0.000000,0.274632,0.289600,0.196407,-0.212820,1.368078,0.000000,0.000000,0.000000,65535.000000,0.000000,0.000000,5.958333,1.039980,5.958333,1.039980,0.000000,0.000000,1.000000
3980.000000,5.956017,1.042047,-0.231624,0.206662,0.000000,0.000000,0.000000,0.000000,0.000000,0.252966,0.302626,0.203028,-0.224415,1.201323,0.000000,0.000000,0.000000,65535.000000,0.000000,0.000000,5.956017,1.042047,5.956017,1.042047,0.000000,0.000000,1.000000
3990.000000,5.953732,1.044117,-0.228563,0.207083,0.000000,0.000000,0.000000,0.000000,0.000000,0.285207,0.310417,0.209056,-0.229466,1.291088,0.000000,0.000000,0.000000,65535.000000,0.000000,0.000000,5.953732,1.044117,5.953732,1.044117,0.000000,0.000000,1.000000
4000.000000,5.951300,1.046296,-0.243183,0.217806,0.000000,0.000000,0.000000,0.000000,0.000000,0.303353,0.308423,0.209486,-0.226363,1.363343,0.000000,0.000000,0.000000,65535.000000,0.000000,0.000000,5.951300,1.046296,5.951300,1.046296,0.000000,0.000000,1.000000
4010.000000,5.948627,1.048605,-0.267258,0.230935,0.000000,0.000000,0.000000,0.000000,0.000000,0.323609,0.326462,0.220217,-0.241001,1.344988,0.000000,0.000000,0.000000,65535.000000,0.000000,0.000000,5.948627,1.048605,5.948627,1.048605,0.000000,0.000000,1.000000
4020.000000,5.945807,1.051061,-0.282039,0.245612,0.000000,0.000000,0.000000,0.000000,0.000000,0.329876,0.353211,0.233349,-0.265153,2.619388,0.000000,0.000000,0.000000,65535.000000,0.000000,0.000000,5.945807,1.051061,5.945807,1.051061,0.000000,0.000000,1.000000
4030.000000,5.943048,1.053556,-0.275908,0.249511,0.000000,0.000000,0.000000,0.000000,0.000000,0.539911,0.373994,0.247954,-0.279983,3.432720,0.000000,0.000000,0.000000,65535.000000,0.000000,0.000000,5.943048,1.053556,5.943048,1.053556,0.000000,0.000000,1.000000
4040.000000,5.940262,1.056092,-0.278573,0.253584,0.000000,0.000000,0.000000,0.000000,0.000000,0.539911,0.371996,0.251688,-0.273924,3.318685,0.000000,0.000000,0.000000,65535.000000,0.000000,0.000000,5.940262,1.056092,5.940262,1.056092,0.000000,0.000000,1.000000
4050.000000,5.937403,1.058637,-0.285917,0.254498,0.000000,0.000000,0.000000,0.000000,0.000000,0.458377,0.376706,0.255943,-0.276407,2.998333,0.000000,0.000000,0.000000,65535.000000,0.000000,0.000000,5.937403,1.058637,5.937403,1.058637,0.000000,0.000000,1.000000
4060.000000,5.934513,1.061214,-0.289057,0.257704,0.000000,0.000000,0.000000,0.000000,0.000000,0.450955,0.382777,0.257247,-0.283446,2.576518,0.000000,0.000000,0.000000,65535.000000,0.000000,0.000000,5.934513,1.061214,5.934513,1.061214,0.000000,0.000000,1.000000
4070.000000,5.931749,1.063768,-0.276324,0.255397,0.000000,0.000000,0.000000,0.000000,0.000000,0.454870,0.387253,0.260665,-0.286389,2.511738,0.000000,0.000000,0.000000,65535.000000,0.000000,0.000000,5.931749,1.063768,5.931749,1.063768,0.000000,0.000000,1.000000
4080.000000,5.928967,1.066372,-0.278190,0.260458,0.000000,0.000000,0.000000,0.000000,0.000000,0.467685,0.376275,0.258184,-0.273722,2.330103,0.000000,0.000000,0.000000,65535.000000,0.000000,0.000000,5.928967,1.066372,5.928967,1.066372,0.000000,0.000000,1.000000
4090.000000,5.926174,1.068968,-0.279337,0.259595,0.000000,0.000000,0.000000,0.000000,0.000000,0.312072,0.381087,0.263203,-0.275594,1.166517,0.000000,0.000000,0.000000,65535.000000,0.000000,0.000000,5.926174,1.068968,5.926174,1.068968,0.000000,0.000000,1.000000
4100.000000,5.923319,1.071572,-0.285517,0.260376,0.000000,0.000000,0.000000,0.000000,0.000000,0.317865,0.381339,0.262359,-0.276743,1.193886,0.000000,0.000000,0.000000,65535.000000,0.000000,0.000000,5.923319,1.071572,5.923319,1.071572,0.000000,0.000000,1.000000
4110.000000,5.920469,1.074170,-0.285011,0.259756,0.000000,0.000000,0.000000,0.000000,0.000000,0.429741,0.386414,0.263150,-0.282963,1.597553,0.000000,0.000000,0.000000,65535.000000,0.000000,0.000000,5.920469,1.074170,5.920469,1.074170,0.000000,0.000000,1.000000
4120.000000,5.917591,1.076839,-0.287755,0.266953,0.000000,0.000000,0.000000,0.000000,0.000000,0.432196,0.385622,0.262326,-0.282646,1.820191,0.000000,0.000000,0.000000,65535.000000,0.000000,0.000000,5.917591,1.076839,5.917591,1.076839,0.000000,0.000000,1.000000
4130.000000,5.914569,1.079627,-0.302225,0.278778,0.000000,0.000000,0.000000,0.000000,0.000000,0.432196,0.392514,0.269672,-0.285209,1.787620,0.000000,0.000000,0.000000,65535.000000,0.000000,0.000000,5.914569,1.079627,5.914569,1.079627,0.000000,0.000000,1.000000
4140.000000,5.911452,1.082403,-0.311638,0.277593,0.000000,0.000000,0.000000,0.000000,0.000000,0.399289,0.411165,0.282033,-0.299190,1.565985,0.000000,0.000000,0.000000,65535.000000,0.000000,0.000000,5.911452,1.082403,5.911452,1.082403,0.000000,0.000000,1.000000
4150.000000,5.908348,1.085160,-0.310453,0.275697,0.000000,0.000000,0.000000,0.000000,0.000000,0.477168,0.417345,0.281117,-0.308463,1.242518,0.000000,0.000000,0.000000,65535.000000,0.000000,0.000000,5.908348,1.085160,5.908348,1.085160,0.000000,0.000000,1.000000
4160.000000,5.905166,1.087995,-0.318177,0.283512,0.000000,0.000000,0.000000,0.000000,0.000000,0.525971,0.415199,0.279247,-0.307264,2.247181,0.000000,0.000000,0.000000,65535.000000,0.000000,0.000000,5.905166,1.087995,5.905166,1.087995,0.000000,0.000000,1.000000
4170.000000,5.902077,1.090763,-0.308867,0.276842,0.000000,0.000000,0.000000,0.000000,0.000000,0.396000,0.426164,0.287257,-0.314800,2.197744,0.000000,0.000000,0.000000,65535.000000,0.000000,0.000000,5.902077,1.090763,5.902077,1.090763,0.000000,0.000000,1.000000
4180.000000,5.899045,1.093504,-0.303164,0.274056,0.000000,0.000000,0.000000,0.000000,0.000000,0.396000,0.414777,0.280400,-0.305641,2.150436,0.000000,0.000000,0.000000,65535.000000,0.000000,0.000000,5.899045,1.093504,5.899045,1.093504,0.000000,0.000000,1.000000
4190.000000,5.895979,1.096252,-0.306627,0.274836,0.000000,0.000000,0.000000,0.000000,0.000000,0.584643,0.408675,0.277498,-0.300017,3.045417,0.000000,0.000000,0.000000,65535.000000,0.000000,0.000000,5.895979,1.096252,5.895979,1.096252,0.000000,0.000000,1.000000
4200.000000,5.892893,1.098994,-0.308607,0.274155,0.000000,0.000000,0.000000,0.000000,0.000000,0.593076,0.411771,0.278333,-0.303457,3.170269,0.000000,0.000000,0.000000,65535.000000,0.000000,0.000000,5.892893,1.098994,5.892893,1.098994,0.000000,0.000000,1.000000
4210.000000,5.889849,1.101744,-0.304402,0.275017,0.000000,0.000000,0.000000,0.000000,0.000000,0.593076,0.412794,0.277537,-0.305569,3.298511,0.000000,0.000000,0.000000,65535.000000,0.000000,0.000000,5.889849,1.101744,5.889849,1.101744,0.000000,0.000000,1.000000
4220.000000,5.886711,1.104554,-0.313873,0.281004,0.000000,0.000000,0.000000,0.000000,0.000000,0.519052,0.410238,0.278357,-0.301351,3.193080,0.000000,0.000000,0.000000,65535.000000,0.000000,0.000000,5.886711,1.104554,5.886711,1.104554,0.000000,0.000000,1.000000
4230.000000,5.883459,1.107374,-0.325183,0.281975,0.000000,0.000000,0.000000,0.000000,0.000000,0.574181,0.421283,0.284748,-0.310480,3.094182,0.000000,0.000000,0.000000,65535.000000,0.000000,0.000000,5.883459,1.107374,5.883459,1.107374,0.000000,0.000000,1.000000
4240.000000,5.880165,1.110253,-0.329396,0.287883,0.000000,0.000000,0.000000,0.000000,0.000000,0.574181,0.430411,0.286056,-0.321599,2.537312,0.000000,0.000000,0.000000,65535.000000,0.000000,0.000000,5.880165,1.110253,5.880165,1.110253,0.000000,0.000000,1.000000
4250.000000,5.876878,1.113134,-0.328636,0.288124,0.000000,0.000000,0.000000,0.000000,0.000000,0.483289,0.437468,0.292093,-0.325669,1.618112,0.000000,0.000000,0.000000,65535.000000,0.000000,0.000000,5.876878,1.113134,5.876878,1.113134,0.000000,0.000000,1.000000
4260.000000,5.873451,1.116113,-0.342747,0.297921,0.000000,0.000000,0.000000,0.000000,0.000000,0.224214,0.437054,0.292528,-0.324721,0.202586,0.000000,0.000000,0.000000,65535.000000,0.000000,0.000000,5.873451,1.116113,5.873451,1.116113,0.000000,0.000000,1.000000
4270.000000,5.870007,1.119128,-0.344435,0.301469,0.000000,0.000000,0.000000,0.000000,0.000000,0.186744,0.454128,0.302609,-0.338615,0.018145,0.000000,0.000000,0.000000,65535.000000,0.000000,0.000000,5.870007,1.119128,5.870007,1.119128,0.000000,0.000000,1.000000
4280.000000,5.866572,1.122171,-0.343452,0.304285,0.000000,0.000000,0.000000,0.000000,0.000000,0.299076,0.457732,0.306181,-0.340252,0.579686,0.000000,0.000000,0.000000,65535.000000,0.000000,0.000000,5.866572,1.122171,5.866572,1.122171,0.000000,0.000000,1.000000
4290.000000,5.863118,1.125140,-0.345359,0.296956,0.000000,0.000000,0.000000,0.000000,0.000000,0.594195,0.458856,0.309029,-0.339190,2.040650,0.000000,0.000000,0.000000,65535.000000,0.000000,0.000000,5.863118,1.125140,5.863118,1.125140,0.000000,0.000000,1.000000
4300.000000,5.859641,1.128080,-0.347705,0.294010,0.000000,0.000000,0.000000,0.000000,0.000000,0.715275,0.455473,0.301619,-0.341295,2.459725,0.000000,0.000000,0.000000,65535.000000,0.000000,0.000000,5.859641,1.128080,5.859641,1.128080,0.000000,0.000000,1.000000
4310.000000,5.856121,1.131133,-0.352032,0.305291,0.000000,0.000000,0.000000,0.000000,0.000000,0.741542,0.455347,0.298377,-0.343966,2.690514,0.000000,0.000000,0.000000,65535.000000,0.000000,0.000000,5.856121,1.131133,5.856121,1.131133,0.000000,0.000000,1.000000
4320.000000,5.852495,1.134284,-0.362544,0.315124,0.000000,0.000000,0.000000,0.000000,0.000000,0.462303,0.465971,0.309471,-0.348363,2.619953,0.000000,0.000000,0.000000,65535.000000,0.000000,0.000000,5.852495,1.134284,5.852495,1.134284,0.000000,0.000000,1.000000
4330.000000,5.848895,1.137384,-0.360061,0.309964,0.000000,0.000000,0.000000,0.000000,0.000000,0.498270,0.480355,0.319554,-0.358645,2.543651,0.000000,0.000000,0.000000,65535.000000,0.000000,0.000000,5.848895,1.137384,5.848895,1.137384,0.000000,0.000000,1.000000
4340.000000,5.845227,1.140504,-0.366786,0.312024,0.000000,0.000000,0.000000,0.000000,0.000000,0.498270,0.475102,0.314623,-0.355997,2.324147,0.000000,0.000000,0.000000,65535.000000,0.000000,0.000000,5.845227,1.140504,5.845227,1.140504,0.000000,0.000000,1.000000
4350.000000,5.841588,1.143627,-0.363829,0.312276,0.000000,0.000000,0.000000,0.000000,0.000000,0.442124,0.481551,0.316830,-0.362643,2.194044,0.000000,0.000000,0.000000,65535.000000,0.000000,0.000000,5.841588,1.143627,5.841588,1.143627,0.000000,0.000000,1.000000
4360.000000,5.837962,1.146798,-0.362641,0.317137,0.000000,0.000000,0.000000,0.000000,0.000000,0.573402,0.479467,0.316876,-0.359831,2.295271,0.000000,0.000000,0.000000,65535.000000,0.000000,0.000000,5.837962,1.146798,5.837962,1.146798,0.000000,0.000000,1.000000
4370.000000,5.834343,1.149946,-0.361931,0.314791,0.000000,0.000000,0.000000,0.000000,0.000000,0.573402,0.481751,0.321484,-0.358793,2.243721,0.000000,0.000000,0.000000,65535.000000,0.000000,0.000000,5.834343,1.149946,5.834343,1.149946,0.000000,0.000000,1.000000
4380.000000,5.830720,1.153099,-0.362242,0.315265,0.000000,0.000000,0.000000,0.000000,0.000000,0.548164,0.479674,0.319079,-0.358156,1.881926,0.000000,0.000000,0.000000,65535.000000,0.000000,0.000000,5.830720,1.153099,5.830720,1.153099,0.000000,0.000000,1.000000
4390.000000,5.827104,1.156262,-0.361690,0.316289,0.000000,0.000000,0.000000,0.000000,0.000000,0.300951,0.480220,0.319565,-0.358454,0.878344,0.000000,0.000000,0.000000,65535.000000,0.000000,0.000000,5.827104,1.156262,5.827104,1.156262,0.000000,0.000000,1.000000
4400.000000,5.823470,1.159438,-0.363375,0.317608,0.000000,0.000000,0.000000,0.000000,0.000000,0.511124,0.480478,0.320518,-0.357948,0.096593,0.000000,0.000000,0.000000,65535.000000,0.000000,0.000000,5.823470,1.159438,5.823470,1.159438,0.000000,0.000000,1.000000
4410.000000,5.819890,1.162539,-0.358008,0.310100,0.000000,0.000000,0.000000,0.000000,0.000000,0.387318,0.482613,0.321758,-0.359705,0.096499,0.000000,0.000000,0.000000,65535.000000,0.000000,0.000000,5.819890,1.162539,5.819890,1.162539,0.000000,0.000000,1.000000
4420.000000,5.816282,1.165655,-0.360752,0.311576,0.000000,0.000000,0.000000,0.000000,0.000000,0.185520,0.473637,0.314013,-0.354580,-0.229373,0.000000,0.000000,0.000000,65535.000000,0.000000,0.000000,5.816282,1.165655,5.816282,1.165655,0.000000,0.000000,1.000000
4430.000000,5.812545,1.168882,-0.373657,0.322739,0.000000,0.000000,0.000000,0.000000,0.000000,0.453838,0.476678,0.315147,-0.357637,0.983313,0.000000,0.000000,0.000000,65535.000000,0.000000,0.000000,5.812545,1.168882,5.812545,1.168882,0.000000,0.000000,1.000000
4440.000000,5.808563,1.172308,-0.398201,0.342574,0.000000,0.000000,0.000000,0.000000,0.000000,0.759959,0.493741,0.326310,-0.370543,3.051870,0.000000,0.000000,0.000000,65535.000000,0.000000,0.000000,5.808563,1.172308,5.808563,1.172308,0.000000,0.000000,1.000000
4450.000000,5.804584,1.175766,-0.397950,0.345818,0.000000,0.000000,0.000000,0.000000,0.000000,1.072414,0.525282,0.346249,-0.395010,4.024719,0.000000,0.000000,0.000000,65535.000000,0.000000,0.000000,5.804584,1.175766,5.804584,1.175766,0.000000,0.000000,1.000000
4460.000000,5.800687,1.179164,-0.389684,0.339769,0.000000,0.000000,0.000000,0.000000,0.000000,1.072414,0.527214,0.349333,-0.394868,3.868852,0.000000,0.000000,0.000000,65535.000000,0.000000,0.000000,5.800687,1.179164,5.800687,1.179164,0.000000,0.000000,1.000000
4470.000000,5.797034,1.182368,-0.365286,0.320394,0.000000,0.000000,0.000000,0.000000,0.000000,0.966743,0.517007,0.343375,-0.386510,3.724608,0.000000,0.000000,0.000000,65535.000000,0.000000,0.000000,5.797034,1.182368,5.797034,1.182368,0.000000,0.000000,1.000000
4480.000000,5.793523,1.185498,-0.351112,0.312994,0.000000,0.000000,0.000000,0.000000,0.000000,0.684830,0.485887,0.324015,-0.362078,1.935586,0.000000,0.000000,0.000000,65535.000000,0.000000,0.000000,5.793523,1.185498,5.793523,1.185498,0.000000,0.000000,1.000000
4490.000000,5.789997,1.188576,-0.352606,0.307840,0.000000,0.000000,0.000000,0.000000,0.000000,0.839000,0.470367,0.316708,-0.347766,1.898796,0.000000,0.000000,0.000000,65535.000000,0.000000,0.000000,5.789997,1.188576,5.789997,1.188576,0.000000,0.000000,1.000000
4500.000000,5.786444,1.191620,-0.355242,0.304400,0.000000,0.000000,0.000000,0.000000,0.000000,0.724970,0.468078,0.311567,-0.349317,1.775032,0.000000,0.000000,0.000000,65535.000000,0.000000,0.000000,5.786444,1.191620,5.786444,1.191620,0.000000,0.000000,1.000000
4510.000000,5.782903,1.194735,-0.354128,0.311542,0.000000,0.000000,0.000000,0.000000,0.000000,0.724970,0.467821,0.307757,-0.352338,1.744044,0.000000,0.000000,0.000000,65535.000000,0.000000,0.000000,5.782903,1.194735,5.782903,1.194735,0.000000,0.000000,1.000000
4520.000000,5.779305,1.197912,-0.359826,0.317648,0.000000,0.000000,0.000000,0.000000,0.000000,0.656129,0.471662,0.314576,-0.351436,1.049029,0.000000,0.000000,0.000000,65535.000000,0.000000,0.000000,5.779305,1.197912,5.779305,1.197912,0.000000,0.000000,1.000000
4530.000000,5.775733,1.201066,-0.357170,0.315449,0.000000,0.000000,0.000000,0.000000,0.000000,0.344412,0.479974,0.320726,-0.357085,0.164896,0.000000,0.000000,0.000000,65535.000000,0.000000,0.000000,5.775733,1.201066,5.775733,1.201066,0.000000,0.000000,1.000000
4540.000000,5.772128,1.204278,-0.360526,0.321144,0.000000,0.000000,0.000000,0.000000,0.000000,0.348895,0.476528,0.318614,-0.354350,0.223281,0.000000,0.000000,0.000000,65535.000000,0.000000,0.000000,5.772128,1.204278,5.772128,1.204278,0.000000,0.000000,1.000000
4550.000000,5.768502,1.207512,-0.362539,0.323373,0.000000,0.000000,0.000000,0.000000,0.000000,0.345640,0.482817,0.324514,-0.357496,0.222783,0.000000,0.000000,0.000000,65535.000000,0.000000,0.000000,5.768502,1.207512,5.768502,1.207512,0.000000,0.000000,1.000000
4560.000000,5.764816,1.210857,-0.368651,0.334556,0.000000,0.000000,0.000000,0.000000,0.000000,0.302833,0.485803,0.326828,-0.359428,0.035806,0.000000,0.000000,0.000000,65535.000000,0.000000,0.000000,5.764816,1.210857,5.764816,1.210857,0.000000,0.000000,1.000000
4570.000000,5.761141,1.214187,-0.367472,0.332992,0.000000,0.000000,0.000000,0.000000,0.000000,0.412460,0.497826,0.338062,-0.365439,0.483899,0.000000,0.000000,0.000000,65535.000000,0.000000,0.000000,5.761141,1.214187,5.761141,1.214187,0.000000,0.000000,1.000000
4580.000000,5.757496,1.217450,-0.364534,0.326266,0.000000,0.000000,0.000000,0.000000,0.000000,0.433167,0.495903,0.336455,-0.364304,0.754148,0.000000,0.000000,0.000000,65535.000000,0.000000,0.000000,5.757496,1.217450,5.757496,1.217450,0.000000,0.000000,1.000000
4590.000000,5.753819,1.220729,-0.367659,0.327924,0.000000,0.000000,0.000000,0.000000,0.000000,0.437014,0.489218,0.329580,-0.361540,1.090368,0.000000,0.000000,0.000000,65535.000000,0.000000,0.000000,5.753819,1.220729,5.753819,1.220729,0.000000,0.000000,1.000000
4600.000000,5.750116,1.223971,-0.370380,0.324180,0.000000,0.000000,0.000000,0.000000,0.000000,0.437014,0.492653,0.331247,-0.364668,1.078595,0.000000,0.000000,0.000000,65535.000000,0.000000,0.000000,5.750116,1.223971,5.750116,1.223971,0.000000,0.000000,1.000000
4610.000000,5.746479,1.227072,-0.363683,0.310162,0.000000,0.000000,0.000000,0.000000,0.000000,0.437014,0.492213,0.327691,-0.367277,0.944591,0.000000,0.000000,0.000000,65535.000000,0.000000,0.000000,5.746479,1.227072,5.746479,1.227072,0.000000,0.000000,1.000000
4620.000000,5.742883,1.230114,-0.359587,0.304180,0.000000,0.000000,0.000000,0.000000,0.000000,0.424754,0.477981,0.313731,-0.360608,0.492367,0.000000,0.000000,0.000000,65535.000000,0.000000,0.000000,5.742883,1.230114,5.742883,1.230114,0.000000,0.000000,1.000000
4630.000000,5.739242,1.233117,-0.364106,0.300265,0.000000,0.000000,0.000000,0.000000,0.000000,0.571087,0.470986,0.307777,-0.356514,1.688080,0.000000,0.000000,0.000000,65535.000000,0.000000,0.000000,5.739242,1.233117,5.739242,1.233117,0.000000,0.000000,1.000000
4640.000000,5.735671,1.236428,-0.357098,0.331131,0.000000,0.000000,0.000000,0.000000,0.000000,0.657260,0.471945,0.304121,-0.360892,1.882926,0.000000,0.000000,0.000000,65535.000000,0.000000,0.000000,5.735671,1.236428,5.735671,1.236428,0.000000,0.000000,1.000000
4650.000000,5.731912,1.239731,-0.375953,0.330254,0.000000,0.000000,0.000000,0.000000,0.000000,0.773826,0.486998,0.335242,-0.353241,1.848092,0.000000,0.000000,0.000000,65535.000000,0.000000,0.000000,5.731912,1.239731,5.731912,1.239731,0.000000,0.000000,1.000000
4660.000000,5.727841,1.242785,-0.407070,0.305464,0.000000,0.000000,0.000000,0.000000,0.000000,0.769823,0.500408,0.334723,-0.371979,1.798520,0.000000,0.000000,0.000000,65535.000000,0.000000,0.000000,5.727841,1.242785,5.727841,1.242785,0.000000,0.000000,1.000000
4670.000000,5.723563,1.245528,-0.427811,0.274264,0.000000,0.000000,0.000000,0.000000,0.000000,0.640990,0.508934,0.310198,-0.403474,1.264080,0.000000,0.000000,0.000000,65535.000000,0.000000,0.000000,5.723563,1.245528,5.723563,1.245528,0.000000,0.000000,1.000000
4680.000000,5.719059,1.248156,-0.450353,0.262806,0.000000,0.000000,0.000000,0.000000,0.000000,0.658149,0.508176,0.278784,-0.424879,1.315153,0.000000,0.000000,0.000000,65535.000000,0.000000,0.000000,5.719059,1.248156,5.719059,1.248156,0.000000,0.000000,1.000000
4690.000000,5.714530,1.250720,-0.452873,0.256416,0.000000,0.000000,0.000000,0.000000,0.000000,0.658149,0.521425,0.267346,-0.447672,1.298064,0.000000,0.000000,0.000000,65535.000000,0.000000,0.000000,5.714530,1.250720,5.714530,1.250720,0.000000,0.000000,1.000000
4700.000000,5.709918,1.253379,-0.461192,0.265931,0.000000,0.000000,0.000000,0.000000,0.000000,0.575735,0.520426,0.260323,-0.450639,0.956457,0.000000,0.000000,0.000000,65535.000000,0.000000,0.000000,5.709918,1.253379,5.709918,1.253379,0.000000,0.000000,1.000000
4710.000000,5.705316,1.256220,-0.460247,0.284101,0.000000,0.000000,0.000000,0.000000,0.000000,0.589604,0.532370,0.269096,-0.459353,1.001307,0.000000,0.000000,0.000000,65535.000000,0.000000,0.000000,5.705316,1.256220,5.705316,1.256220,0.000000,0.000000,1.000000
4720.000000,5.700854,1.259248,-0.446168,0.302809,0.000000,0.000000,0.000000,0.000000,0.000000,0.589604,0.540871,0.286913,-0.458500,0.991370,0.000000,0.000000,0.000000,65535.000000,0.000000,0.000000,5.700854,1.259248,5.700854,1.259248,0.000000,0.000000,1.000000
4730.000000,5.696580,1.262473,-0.427386,0.322449,0.000000,0.000000,0.000000,0.000000,0.000000,0.968854,0.539221,0.305704,-0.444190,1.731383,0.000000,0.000000,0.000000,65535.000000,0.000000,0.000000,5.696580,1.262473,5.696580,1.262473,0.000000,0.000000,1.000000
4740.000000,5.692385,1.265823,-0.419519,0.334981,0.000000,0.000000,0.000000,0.000000,0.000000,0.549321,0.535380,0.326400,-0.424376,1.701887,0.000000,0.000000,0.000000,65535.000000,0.000000,0.000000,5.692385,1.265823,5.692385,1.265823,0.000000,0.000000,1.000000
4750.000000,5.688108,1.269282,-0.427731,0.345949,0.000000,0.000000,0.000000,0.000000,0.000000,0.549321,0.536850,0.339762,-0.415656,1.673379,0.000000,0.000000,0.000000,65535.000000,0.000000,0.000000,5.688108,1.269282,5.688108,1.269282,0.000000,0.000000,1.000000
4760.000000,5.683747,1.272843,-0.436130,0.356076,0.000000,0.000000,0.000000,0.000000,0.000000,0.415594,0.550122,0.351238,-0.423398,1.254395,0.000000,0.000000,0.000000,65535.000000,0.000000,0.000000,5.683747,1.272843,5.683747,1.272843,0.000000,0.000000,1.000000
4770.000000,5.679534,1.276371,-0.421247,0.352801,0.000000,0.000000,0.000000,0.000000,0.000000,0.415594,0.563027,0.361555,-0.431599,1.238839,0.000000,0.000000,0.000000,65535.000000,0.000000,0.000000,5.679534,1.276371,5.679534,1.276371,0.000000,0.000000,1.000000
4780.000000,5.675427,1.279919,-0.410734,0.354755,0.000000,0.000000,0.000000,0.000000,0.000000,0.296265,0.549471,0.357422,-0.417334,0.423250,0.000000,0.000000,0.000000,65535.000000,0.000000,0.000000,5.675427,1.279919,5.675427,1.279919,0.000000,0.000000,1.000000
4790.000000,5.671296,1.283511,-0.413142,0.359275,0.000000,0.000000,0.000000,0.000000,0.000000,0.557440,0.542728,0.358810,-0.407197,2.023873,0.000000,0.000000,0.000000,65535.000000,0.000000,0.000000,5.671296,1.283511,5.671296,1.283511,0.000000,0.000000,1.000000
4800.000000,5.667023,1.287221,-0.427258,0.370926,0.000000,0.000000,0.000000,0.000000,0.000000,0.586688,0.547508,0.362933,-0.409933,1.983685,0.000000,0.000000,0.000000,65535.000000,0.000000,0.000000,5.667023,1.287221,5.667023,1.287221,0.000000,0.000000,1.000000
4810.000000,5.662745,1.290973,-0.427884,0.375247,0.000000,0.000000,0.000000,0.000000,0.000000,0.612897,0.565806,0.374624,-0.424020,1.901621,0.000000,0.000000,0.000000,65535.000000,0.000000,0.000000,5.662745,1.290973,5.662745,1.290973,0.000000,0.000000,1.000000
4820.000000,5.658524,1.294719,-0.422079,0.374641,0.000000,0.000000,0.000000,0.000000,0.000000,0.589771,0.569118,0.379185,-0.424398,0.647987,0.000000,0.000000,0.000000,65535.000000,0.000000,0.000000,5.658524,1.294719,5.658524,1.294719,0.000000,0.000000,1.000000
4830.000000,5.654277,1.298442,-0.424689,0.372256,0.000000,0.000000,0.000000,0.000000,0.000000,0.401499,0.564363,0.378715,-0.418427,0.089188,0.000000,0.000000,0.000000,65535.000000,0.000000,0.000000,5.654277,1.298442,5.654277,1.298442,0.000000,0.000000,1.000000
4840.000000,5.649837,1.302230,-0.443969,0.378838,0.000000,0.000000,0.000000,0.000000,0.000000,0.725187,0.564744,0.376463,-0.420964,1.413119,0.000000,0.000000,0.000000,65535.000000,0.000000,0.000000,5.649837,1.302230,5.649837,1.302230,0.000000,0.000000,1.000000
4850.000000,5.645410,1.306053,-0.442754,0.382293,0.000000,0.000000,0.000000,0.000000,0.000000,0.676324,0.583632,0.382931,-0.440443,1.393409,0.000000,0.000000,0.000000,65535.000000,0.000000,0.000000,5.645410,1.306053,5.645410,1.306053,0.000000,0.000000,1.000000
4860.000000,5.641010,1.309838,-0.439985,0.378431,0.000000,0.000000,0.000000,0.000000,0.000000,0.432884,0.584961,0.386249,-0.439307,0.968511,0.000000,0.000000,0.000000,65535.000000,0.000000,0.000000,5.641010,1.309838,5.641010,1.309838,0.000000,0.000000,1.000000
4870.000000,5.636708,1.313544,-0.430176,0.370657,0.000000,0.000000,0.000000,0.000000,0.000000,0.812210,0.580342,0.382397,-0.436542,3.268883,0.000000,0.000000,0.000000,65535.000000,0.000000,0.000000,5.636708,1.313544,5.636708,1.313544,0.000000,0.000000,1.000000
4880.000000,5.632345,1.317322,-0.436305,0.377840,0.000000,0.000000,0.000000,0.000000,0.000000,0.812210,0.567836,0.374799,-0.426572,3.187466,0.000000,0.000000,0.000000,65535.000000,0.000000,0.000000,5.632345,1.317322,5.632345,1.317322,0.000000,0.000000,1.000000
4890.000000,5.627883,1.321085,-0.446222,0.376271,0.000000,0.000000,0.000000,0.000000,0.000000,0.812210,0.577170,0.382564,-0.432169,3.088910,0.000000,0.000000,0.000000,65535.000000,0.000000,0.000000,5.627883,1.321085,5.627883,1.321085,0.000000,0.000000,1.000000
4900.000000,5.623278,1.324904,-0.460525,0.381905,0.000000,0.000000,0.000000,0.000000,0.000000,0.993502,0.583690,0.381443,-0.441809,3.351854,0.000000,0.000000,0.000000,65535.000000,0.000000,0.000000,5.623278,1.324904,5.623278,1.324904,0.000000,0.000000,1.000000
4910.000000,5.618750,1.328799,-0.452803,0.389494,0.000000,0.000000,0.000000,0.000000,0.000000,1.182031,0.598277,0.387298,-0.455999,3.243043,0.000000,0.000000,0.000000,65535.000000,0.000000,0.000000,5.618750,1.328799,5.618750,1.328799,0.000000,0.000000,1.000000
4920.000000,5.614184,1.332791,-0.456531,0.399135,0.000000,0.000000,0.000000,0.000000,0.000000,1.174554,0.597274,0.394818,-0.448169,2.470295,0.000000,0.000000,0.000000,65535.000000,0.000000,0.000000,5.614184,1.332791,5.614184,1.332791,0.000000,0.000000,1.000000
4930.000000,5.609605,1.336718,-0.457901,0.392724,0.000000,0.000000,0.000000,0.000000,0.000000,0.852428,0.606407,0.404669,-0.451633,1.363142,0.000000,0.000000,0.000000,65535.000000,0.000000,0.000000,5.609605,1.336718,5.609605,1.336718,0.000000,0.000000,1.000000
4940.000000,5.604989,1.340657,-0.461653,0.393882,0.000000,0.000000,0.000000,0.000000,0.000000,0.639254,0.603246,0.398287,-0.453071,1.344792,0.000000,0.000000,0.000000,65535.000000,0.000000,0.000000,5.604989,1.340657,5.604989,1.340657,0.000000,0.000000,1.000000
4950.000000,5.600456,1.344573,-0.453301,0.391646,0.000000,0.000000,0.000000,0.000000,0.000000,0.545785,0.606850,0.399603,-0.456710,0.914071,0.000000,0.000000,0.000000,65535.000000,0.000000,0.000000,5.600456,1.344573,5.600456,1.344573,0.000000,0.000000,1.000000
4960.000000,5.595965,1.348493,-0.449099,0.391995,0.000000,0.000000,0.000000,0.000000,0.000000,0.355959,0.599056,0.397793,-0.447917,-0.313632,0.000000,0.000000,0.000000,65535.000000,0.000000,0.000000,5.595965,1.348493,5.595965,1.348493,0.000000,0.000000,1.000000
4970.000000,5.591550,1.352291,-0.441518,0.379840,0.000000,0.000000,0.000000,0.000000,0.000000,0.440584,0.596112,0.398645,-0.443206,0.047902,0.000000,0.000000,0.000000,65535.000000,0.000000,0.000000,5.591550,1.352291,5.591550,1.352291,0.000000,0.000000,1.000000
4980.000000,5.587057,1.356133,-0.449290,0.384145,0.000000,0.000000,0.000000,0.000000,0.000000,0.519718,0.582423,0.386738,-0.435490,0.828864,0.000000,0.000000,0.000000,65535.000000,0.000000,0.000000,5.587057,1.356133,5.587057,1.356133,0.000000,0.000000,1.000000
4990.000000,5.582504,1.360029,-0.455294,0.389602,0.000000,0.000000,0.000000,0.000000,0.000000,0.519718,0.591125,0.391203,-0.443158,0.877588,0.000000,0.000000,0.000000,65535.000000,0.000000,0.000000,5.582504,1.360029,5.582504,1.360029,0.000000,0.000000,1.000000
5000.000000,5.577852,1.364004,-0.465203,0.397496,0.000000,0.000000,0.000000,0.000000,0.000000,0.563815,0.599235,0.396561,-0.449246,1.181486,0.000000,0.000000,0.000000,65535.000000,0.000000,0.000000,5.577852,1.364004,5.577852,1.364004,0.000000,0.000000,1.000000
5010.000000,5.573139,1.368026,-0.471357,0.402261,0.000000,0.000000,0.000000,0.000000,0.000000,0.563815,0.611896,0.404431,-0.459187,1.167676,0.000000,0.000000,0.000000,65535.000000,0.000000,0.000000,5.573139,1.368026,5.573139,1.368026,0.000000,0.000000,1.000000
5020.000000,5.568407,1.372057,-0.473214,0.403050,0.000000,0.000000,0.000000,0.000000,0.000000,0.522047,0.619671,0.409263,-0.465291,1.074147,0.000000,0.000000,0.000000,65535.000000,0.000000,0.000000,5.568407,1.372057,5.568407,1.372057,0.000000,0.000000,1.000000
5030.000000,5.563735,1.376043,-0.467204,0.398615,0.000000,0.000000,0.000000,0.000000,0.000000,0.326517,0.621595,0.410267,-0.466971,0.023896,0.000000,0.000000,0.000000,65535.000000,0.000000,0.000000,5.563735,1.376043,5.563735,1.376043,0.000000,0.000000,1.000000
5040.000000,5.559105,1.380007,-0.462967,0.396401,0.000000,0.000000,0.000000,0.000000,0.000000,0.312013,0.614145,0.405650,-0.461109,-0.906667,0.000000,0.000000,0.000000,65535.000000,0.000000,0.000000,5.559105,1.380007,5.559105,1.380007,0.000000,0.000000,1.000000
5050.000000,5.554544,1.383920,-0.456038,0.391336,0.000000,0.000000,0.000000,0.000000,0.000000,0.299803,0.609486,0.403469,-0.456821,-0.591567,0.000000,0.000000,0.000000,65535.000000,0.000000,0.000000,5.554544,1.383920,5.554544,1.383920,0.000000,0.000000,1.000000
5060.000000,5.549963,1.387846,-0.458146,0.392604,0.000000,0.000000,0.000000,0.000000,0.000000,0.424090,0.600928,0.398205,-0.450052,-0.123176,0.000000,0.000000,0.000000,65535.000000,0.000000,0.000000,5.549963,1.387846,5.549963,1.387846,0.000000,0.000000,1.000000
5070.000000,5.545334,1.391800,-0.462884,0.395332,0.000000,0.000000,0.000000,0.000000,0.000000,0.549341,0.603354,0.399552,-0.452100,0.172786,0.000000,0.000000,0.000000,65535.000000,0.000000,0.000000,5.545334,1.391800,5.545334,1.391800,0.000000,0.000000,1.000000
5080.000000,5.540542,1.395931,-0.479217,0.413068,0.000000,0.000000,0.000000,0.000000,0.000000,0.549341,0.608727,0.402342,-0.456804,0.571417,0.000000,0.000000,0.000000,65535.000000,0.000000,0.000000,5.540542,1.395931,5.540542,1.395931,0.000000,0.000000,1.000000
5090.000000,5.535765,1.400057,-0.477761,0.412673,0.000000,0.000000,0.000000,0.000000,0.000000,0.631236,0.632672,0.420411,-0.472788,0.568777,0.000000,0.000000,0.000000,65535.000000,0.000000,0.000000,5.535765,1.400057,5.535765,1.400057,0.000000,0.000000,1.000000
5100.000000,5.530902,1.404224,-0.486214,0.416634,0.000000,0.000000,0.000000,0.000000,0.000000,0.631236,0.631312,0.419729,-0.471574,0.565557,0.000000,0.000000,0.000000,65535.000000,0.000000,0.000000,5.530902,1.404224,5.530902,1.404224,0.000000,0.000000,1.000000
5110.000000,5.526082,1.408400,-0.482050,0.417651,0.000000,0.000000,0.000000,0.000000,0.000000,0.541414,0.640303,0.423236,-0.480479,0.266519,0.000000,0.000000,0.000000,65535.000000,0.000000,0.000000,5.526082,1.408400,5.526082,1.408400,0.000000,0.000000,1.000000
5120.000000,5.521259,1.412622,-0.482277,0.422182,0.000000,0.000000,0.000000,0.000000,0.000000,0.237254,0.637812,0.423426,-0.476985,-0.808474,0.000000,0.000000,0.000000,65535.000000,0.000000,0.000000,5.521259,1.412622,5.521259,1.412622,0.000000,0.000000,1.000000
5130.000000,5.516508,1.416796,-0.475147,0.417401,0.000000,0.000000,0.000000,0.000000,0.000000,0.171019,0.640959,0.427468,-0.477598,-1.033022,0.000000,0.000000,0.000000,65535.000000,0.000000,0.000000,5.516508,1.416796,5.516508,1.416796,0.000000,0.000000,1.000000
5140.000000,5.511818,1.420918,-0.468932,0.412240,0.000000,0.000000,0.000000,0.000000,0.000000,0.333719,0.632447,0.422754,-0.470391,-0.449095,0.000000,0.000000,0.000000,65535.000000,0.000000,0.000000,5.511818,1.420918,5.511818,1.420918,0.000000,0.000000,1.000000
5150.000000,5.507100,1.425010,-0.471810,0.409214,0.000000,0.000000,0.000000,0.000000,0.000000,0.336897,0.624371,0.417896,-0.463899,-0.435882,0.000000,0.000000,0.000000,65535.000000,0.000000,0.000000,5.507100,1.425010,5.507100,1.425010,0.000000,0.000000,1.000000
5160.000000,5.502270,1.429205,-0.482976,0.419467,0.000000,0.000000,0.000000,0.000000,0.000000,0.336897,0.624548,0.414914,-0.466805,-0.433989,0.000000,0.000000,0.000000,65535.000000,0.000000,0.000000,5.502270,1.429205,5.502270,1.429205,0.000000,0.000000,1.000000
5170.000000,5.497548,1.433370,-0.472219,0.416447,0.000000,0.000000,0.000000,0.000000,0.000000,0.291234,0.639702,0.424859,-0.478240,-0.596845,0.000000,0.000000,0.000000,65535.000000,0.000000,0.000000,5.497548,1.433370,5.497548,1.433370,0.000000,0.000000,1.000000
5180.000000,5.492824,1.437661,-0.472446,0.429128,0.000000,0.000000,0.000000,0.000000,0.000000,0.398789,0.629618,0.421151,-0.468029,-0.205058,0.000000,0.000000,0.000000,65535.000000,0.000000,0.000000,5.492824,1.437661,5.492824,1.437661,0.000000,0.000000,1.000000
5190.000000,5.488119,1.441932,-0.470442,0.427098,0.000000,0.000000,0.000000,0.000000,0.000000,0.515582,0.638244,0.433268,-0.468652,0.222687,0.000000,0.000000,0.000000,65535.000000,0.000000,0.000000,5.488119,1.441932,5.488119,1.441932,0.000000,0.000000,1.000000
5200.000000,5.483415,1.446139,-0.470448,0.420721,0.000000,0.000000,0.000000,0.000000,0.000000,0.540403,0.635396,0.430895,-0.466966,0.312963,0.000000,0.000000,0.000000,65535.000000,0.000000,0.000000,5.483415,1.446139,5.483415,1.446139,0.000000,0.000000,1.000000
5210.000000,5.478864,1.450218,-0.455077,0.407921,0.000000,0.000000,0.000000,0.000000,0.000000,0.540403,0.631132,0.424203,-0.467310,0.311986,0.000000,0.000000,0.000000,65535.000000,0.000000,0.000000,5.478864,1.450218,5.478864,1.450218,0.000000,0.000000,1.000000
5220.000000,5.474317,1.454355,-0.454728,0.413697,0.000000,0.000000,0.000000,0.000000,0.000000,0.537352,0.611142,0.410935,-0.452357,0.299596,0.000000,0.000000,0.000000,65535.000000,0.000000,0.000000,5.474317,1.454355,5.474317,1.454355,0.000000,0.000000,1.000000
5230.000000,5.469657,1.458588,-0.465971,0.423289,0.000000,0.000000,0.000000,0.000000,0.000000,0.414368,0.614754,0.416528,-0.452137,-0.163558,0.000000,0.000000,0.000000,65535.000000,0.000000,0.000000,5.469657,1.458588,5.469657,1.458588,0.000000,0.000000,1.000000
5240.000000,5.464831,1.462905,-0.482567,0.431697,0.000000,0.000000,0.000000,0.000000,0.000000,0.273698,0.629525,0.426504,-0.463030,-0.692748,0.000000,0.000000,0.000000,65535.000000,0.000000,0.000000,5.464831,1.462905,5.464831,1.462905,0.000000,0.000000,1.000000
5250.000000,5.460101,1.467122,-0.473001,0.421680,0.000000,0.000000,0.000000,0.000000,0.000000,0.273698,0.647482,0.435246,-0.479368,-0.687978,0.000000,0.000000,0.000000,65535.000000,0.000000,0.000000,5.460101,1.467122,5.460101,1.467122,0.000000,0.000000,1.000000
5260.000000,5.455463,1.471284,-0.463817,0.416167,0.000000,0.000000,0.000000,0.000000,0.000000,0.257457,0.633675,0.424912,-0.470100,-0.745090,0.000000,0.000000,0.000000,65535.000000,0.000000,0.000000,5.455463,1.471284,5.455463,1.471284,0.000000,0.000000,1.000000
5270.000000,5.450874,1.475444,-0.458889,0.416038,0.000000,0.000000,0.000000,0.000000,0.000000,0.138725,0.623154,0.418567,-0.461652,-1.188862,0.000000,0.000000,0.000000,65535.000000,0.000000,0.000000,5.450874,1.475444,5.450874,1.475444,0.000000,0.000000,1.000000
5280.000000,5.446175,1.479666,-0.469860,0.422238,0.000000,0.000000,0.000000,0.000000,0.000000,0.337553,0.619408,0.417943,-0.457154,-0.698410,0.000000,0.000000,0.000000,65535.000000,0.000000,0.000000,5.446175,1.479666,5.446175,1.479666,0.000000,0.000000,1.000000
5290.000000,5.441546,1.483808,-0.462914,0.414156,0.000000,0.000000,0.000000,0.000000,0.000000,0.362094,0.631707,0.424102,-0.468179,-0.325992,0.000000,0.000000,0.000000,65535.000000,0.000000,0.000000,5.441546,1.483808,5.441546,1.483808,0.000000,0.000000,1.000000
5300.000000,5.436898,1.488025,-0.464788,0.421728,0.000000,0.000000,0.000000,0.000000,0.000000,0.362094,0.621140,0.416107,-0.461162,-0.324931,0.000000,0.000000,0.000000,65535.000000,0.000000,0.000000,5.436898,1.488025,5.436898,1.488025,0.000000,0.000000,1.000000
5310.000000,5.432224,1.492353,-0.467458,0.432790,0.000000,0.000000,0.000000,0.000000,0.000000,0.352584,0.627601,0.423629,-0.463057,-0.360915,0.000000,0.000000,0.000000,65535.000000,0.000000,0.000000,5.432224,1.492353,5.432224,1.492353,0.000000,0.000000,1.000000
5320.000000,5.427443,1.496820,-0.478134,0.446693,0.000000,0.000000,0.000000,0.000000,0.000000,0.449261,0.637043,0.434789,-0.465599,0.410438,0.000000,0.000000,0.000000,65535.000000,0.000000,0.000000,5.427443,1.496820,5.427443,1.496820,0.000000,0.000000,1.000000
5330.000000,5.422588,1.501312,-0.485444,0.449240,0.000000,0.000000,0.000000,0.000000,0.000000,0.461953,0.654329,0.448839,-0.476121,0.778130,0.000000,0.000000,0.000000,65535.000000,0.000000,0.000000,5.422588,1.501312,5.422588,1.501312,0.000000,0.000000,1.000000
5340.000000,5.417723,1.505734,-0.486547,0.442199,0.000000,0.000000,0.000000,0.000000,0.000000,0.393226,0.661416,0.451577,-0.483270,0.772115,0.000000,0.000000,0.000000,65535.000000,0.000000,0.000000,5.417723,1.505734,5.417723,1.505734,0.000000,0.000000,1.000000
5350.000000,5.413033,1.510012,-0.469038,0.427732,0.000000,0.000000,0.000000,0.000000,0.000000,0.371355,0.657471,0.444753,-0.484214,0.623307,0.000000,0.000000,0.000000,65535.000000,0.000000,0.000000,5.413033,1.510012,5.413033,1.510012,0.000000,0.000000,1.000000
5360.000000,5.408444,1.514169,-0.458848,0.415698,0.000000,0.000000,0.000000,0.000000,0.000000,0.393137,0.634784,0.430095,-0.466871,0.674780,0.000000,0.000000,0.000000,65535.000000,0.000000,0.000000,5.408444,1.514169,5.408444,1.514169,0.000000,0.000000,1.000000
5370.000000,5.403906,1.518175,-0.453743,0.400672,0.000000,0.000000,0.000000,0.000000,0.000000,0.444973,0.619150,0.417824,-0.456913,0.942213,0.000000,0.000000,0.000000,65535.000000,0.000000,0.000000,5.403906,1.518175,5.403906,1.518175,0.000000,0.000000,1.000000
5380.000000,5.399250,1.522222,-0.465665,0.404663,0.000000,0.000000,0.000000,0.000000,0.000000,0.444973,0.605327,0.402439,-0.452177,0.933409,0.000000,0.000000,0.000000,65535.000000,0.000000,0.000000,5.399250,1.522222,5.399250,1.522222,0.000000,0.000000,1.000000
5390.000000,5.394555,1.526327,-0.469462,0.410498,0.000000,0.000000,0.000000,0.000000,0.000000,0.385076,0.616925,0.406077,-0.464433,0.564918,0.000000,0.000000,0.000000,65535.000000,0.000000,0.000000,5.394555,1.526327,5.394555,1.526327,0.000000,0.000000,1.000000
5400.000000,5.389801,1.530525,-0.475394,0.419799,0.000000,0.000000,0.000000,0.000000,0.000000,0.432389,0.623621,0.411582,-0.468512,1.030854,0.000000,0.000000,0.000000,65535.000000,0.000000,0.000000,5.389801,1.530525,5.389801,1.530525,0.000000,0.000000,1.000000
5410.000000,5.385201,1.534620,-0.459988,0.409527,0.000000,0.000000,0.000000,0.000000,0.000000,0.432389,0.634216,0.420850,-0.474463,1.020325,0.000000,0.000000,0.000000,65535.000000,0.000000,0.000000,5.385201,1.534620,5.385201,1.534620,0.000000,0.000000,1.000000
5420.000000,5.380673,1.538591,-0.452766,0.397114,0.000000,0.000000,0.000000,0.000000,0.000000,0.551938,0.615875,0.410839,-0.458816,0.901633,0.000000,0.000000,0.000000,65535.000000,0.000000,0.000000,5.380673,1.538591,5.380673,1.538591,0.000000,0.000000,1.000000
5430.000000,5.376135,1.542487,-0.453793,0.389524,0.000000,0.000000,0.000000,0.000000,0.000000,0.615785,0.602243,0.398805,-0.451278,0.340929,0.000000,0.000000,0.000000,65535.000000,0.000000,0.000000,5.376135,1.542487,5.376135,1.542487,0.000000,0.000000,1.000000
5440.000000,5.371621,1.546417,-0.451455,0.393006,0.000000,0.000000,0.000000,0.000000,0.000000,0.550676,0.598045,0.391415,-0.452163,0.339769,0.000000,0.000000,0.000000,65535.000000,0.000000,0.000000,5.371621,1.546417,5.371621,1.546417,0.000000,0.000000,1.000000
5450.000000,5.367189,1.550316,-0.443148,0.389887,0.000000,0.000000,0.000000,0.000000,0.000000,0.500083,0.598553,0.394729,-0.449950,0.330277,0.000000,0.000000,0.000000,65535.000000,0.000000,0.000000,5.367189,1.550316,5.367189,1.550316,0.000000,0.000000,1.000000
5460.000000,5.362713,1.554274,-0.447646,0.395877,0.000000,0.000000,0.000000,0.000000,0.000000,0.479763,0.590248,0.391530,-0.441698,0.357540,0.000000,0.000000,0.000000,65535.000000,0.000000,0.000000,5.362713,1.554274,5.362713,1.554274,0.000000,0.000000,1.000000
5470.000000,5.358139,1.558321,-0.457399,0.404675,0.000000,0.000000,0.000000,0.000000,0.000000,0.438371,0.597584,0.397416,-0.446281,0.356265,0.000000,0.000000,0.000000,65535.000000,0.000000,0.000000,5.358139,1.558321,5.358139,1.558321,0.000000,0.000000,1.000000
5480.000000,5.353494,1.562464,-0.464530,0.414277,0.000000,0.000000,0.000000,0.000000,0.000000,0.312775,0.610717,0.406264,-0.455988,-0.103214,0.000000,0.000000,0.000000,65535.000000,0.000000,0.000000,5.353494,1.562464,5.353494,1.562464,0.000000,0.000000,1.000000
5490.000000,5.348927,1.566559,-0.456645,0.409545,0.000000,0.000000,0.000000,0.000000,0.000000,0.312775,0.622426,0.415623,-0.463327,-0.103108,0.000000,0.000000,0.000000,65535.000000,0.000000,0.000000,5.348927,1.566559,5.348927,1.566559,0.000000,0.000000,1.000000
5500.000000,5.344402,1.570619,-0.452504,0.405969,0.000000,0.000000,0.000000,0.000000,0.000000,0.153950,0.613394,0.410901,-0.455425,-1.166617,0.000000,0.000000,0.000000,65535.000000,0.000000,0.000000,5.344402,1.570619,5.344402,1.570619,0.000000,0.000000,1.000000
5510.000000,5.339874,1.574669,-0.452768,0.405022,0.000000,0.000000,0.000000,0.000000,0.000000,0.280395,0.607923,0.407347,-0.451263,-0.343876,0.000000,0.000000,0.000000,65535.000000,0.000000,0.000000,5.339874,1.574669,5.339874,1.574669,0.000000,0.000000,1.000000
5520.000000,5.335352,1.578733,-0.452254,0.406399,0.000000,0.000000,0.000000,0.000000,0.000000,0.365222,0.607488,0.406474,-0.451465,-0.183353,0.000000,0.000000,0.000000,65535.000000,0.000000,0.000000,5.335352,1.578733,5.335352,1.578733,0.000000,0.000000,1.000000
5530.000000,5.330930,1.582754,-0.442229,0.402088,0.000000,0.000000,0.000000,0.000000,0.000000,0.416075,0.608024,0.407900,-0.450900,-0.183017,0.000000,0.000000,0.000000,65535.000000,0.000000,0.000000,5.330930,1.582754,5.330930,1.582754,0.000000,0.000000,1.000000
5540.000000,5.326548,1.586755,-0.438155,0.400076,0.000000,0.000000,0.000000,0.000000,0.000000,0.416075,0.597697,0.403542,-0.440902,-0.263446,0.000000,0.000000,0.000000,65535.000000,0.000000,0.000000,5.326548,1.586755,5.326548,1.586755,0.000000,0.000000,1.000000
5550.000000,5.322205,1.590743,-0.434358,0.398756,0.000000,0.000000,0.000000,0.000000,0.000000,0.416075,0.593330,0.401521,-0.436832,-0.092418,0.000000,0.000000,0.000000,65535.000000,0.000000,0.000000,5.322205,1.590743,5.322205,1.590743,0.000000,0.000000,1.000000
5560.000000,5.317779,1.594857,-0.442590,0.411459,0.000000,0.000000,0.000000,0.000000,0.000000,0.371778,0.589638,0.400280,-0.432954,-0.033623,0.000000,0.000000,0.000000,65535.000000,0.000000,0.000000,5.317779,1.594857,5.317779,1.594857,0.000000,0.000000,1.000000
5570.000000,5.313455,1.598880,-0.432418,0.402305,0.000000,0.000000,0.000000,0.000000,0.000000,0.425667,0.604305,0.413256,-0.440912,0.361774,0.000000,0.000000,0.000000,65535.000000,0.000000,0.000000,5.313455,1.598880,5.313455,1.598880,0.000000,0.000000,1.000000
5580.000000,5.309124,1.602899,-0.433074,0.401904,0.000000,0.000000,0.000000,0.000000,0.000000,0.462174,0.590623,0.404214,-0.430634,0.360468,0.000000,0.000000,0.000000,65535.000000,0.000000,0.000000,5.309124,1.602899,5.309124,1.602899,0.000000,0.000000,1.000000
5590.000000,5.304879,1.606845,-0.424460,0.394527,0.000000,0.000000,0.000000,0.000000,0.000000,0.462174,0.590830,0.403896,-0.431217,0.359173,0.000000,0.000000,0.000000,65535.000000,0.000000,0.000000,5.304879,1.606845,5.304879,1.606845,0.000000,0.000000,1.000000
5600.000000,5.300661,1.610745,-0.421841,0.390078,0.000000,0.000000,0.000000,0.000000,0.000000,0.453051,0.579498,0.396504,-0.422614,-0.062262,0.000000,0.000000,0.000000,65535.000000,0.000000,0.000000,5.300661,1.610745,5.300661,1.610745,0.000000,0.000000,1.000000
5610.000000,5.296427,1.614523,-0.423400,0.377785,0.000000,0.000000,0.000000,0.000000,0.000000,0.278456,0.574553,0.391965,-0.420088,-0.969440,0.000000,0.000000,0.000000,65535.000000,0.000000,0.000000,5.296427,1.614523,5.296427,1.614523,0.000000,0.000000,1.000000
5620.000000,5.292128,1.618357,-0.429850,0.383386,0.000000,0.000000,0.000000,0.000000,0.000000,0.422333,0.567440,0.379365,-0.421984,-0.192439,0.000000,0.000000,0.000000,65535.000000,0.000000,0.000000,5.292128,1.618357,5.292128,1.618357,0.000000,0.000000,1.000000
5630.000000,5.287844,1.622263,-0.428460,0.390598,0.000000,0.000000,0.000000,0.000000,0.000000,0.422333,0.575982,0.384713,-0.428663,-0.192069,0.000000,0.000000,0.000000,65535.000000,0.000000,0.000000,5.287844,1.622263,5.287844,1.622263,0.000000,0.000000,1.000000
5640.000000,5.283483,1.626185,-0.436073,0.392158,0.000000,0.000000,0.000000,0.000000,0.000000,0.422333,0.579780,0.391922,-0.427249,-0.191700,0.000000,0.000000,0.000000,65535.000000,0.000000,0.000000,5.283483,1.626185,5.283483,1.626185,0.000000,0.000000,1.000000
5650.000000,5.279143,1.629957,-0.433965,0.377240,0.000000,0.000000,0.000000,0.000000,0.000000,0.371946,0.586470,0.393732,-0.434652,-0.426758,0.000000,0.000000,0.000000,65535.000000,0.000000,0.000000,5.279143,1.629957,5.279143,1.629957,0.000000,0.000000,1.000000
5660.000000,5.274891,1.633591,-0.425210,0.363359,0.000000,0.000000,0.000000,0.000000,0.000000,0.390306,0.575009,0.379141,-0.432305,-0.339278,0.000000,0.000000,0.000000,65535.000000,0.000000,0.000000,5.274891,1.633591,5.274891,1.633591,0.000000,0.000000,1.000000
5670.000000,5.270617,1.637263,-0.427497,0.367206,0.000000,0.000000,0.000000,0.000000,0.000000,0.390306,0.559315,0.365603,-0.423282,-0.338130,0.000000,0.000000,0.000000,65535.000000,0.000000,0.000000,5.270617,1.637263,5.270617,1.637263,0.000000,0.000000,1.000000
5680.000000,5.266246,1.640999,-0.437040,0.373627,0.000000,0.000000,0.000000,0.000000,0.000000,0.387551,0.563554,0.369721,-0.425324,-0.350142,0.000000,0.000000,0.000000,65535.000000,0.000000,0.000000,5.266246,1.640999,5.266246,1.640999,0.000000,0.000000,1.000000
5690.000000,5.261875,1.644726,-0.437093,0.372674,0.000000,0.000000,0.000000,0.000000,0.000000,0.380359,0.574979,0.376175,-0.434849,-0.381452,0.000000,0.000000,0.000000,65535.000000,0.000000,0.000000,5.261875,1.644726,5.261875,1.644726,0.000000,0.000000,1.000000
5700.000000,5.257483,1.648572,-0.439154,0.384623,0.000000,0.000000,0.000000,0.000000,0.000000,0.868147,0.574401,0.374903,-0.435183,1.724904,0.000000,0.000000,0.000000,65535.000000,0.000000,0.000000,5.257483,1.648572,5.257483,1.648572,0.000000,0.000000,1.000000
5710.000000,5.253206,1.652469,-0.427732,0.389681,0.000000,0.000000,0.000000,0.000000,0.000000,0.987548,0.583773,0.386553,-0.437456,4.106713,0.000000,0.000000,0.000000,65535.000000,0.000000,0.000000,5.253206,1.652469,5.253206,1.652469,0.000000,0.000000,1.000000
5720.000000,5.248918,1.656463,-0.428878,0.399428,0.000000,0.000000,0.000000,0.000000,0.000000,0.987548,0.578624,0.391090,-0.426444,4.084019,0.000000,0.000000,0.000000,65535.000000,0.000000,0.000000,5.248918,1.656463,5.248918,1.656463,0.000000,0.000000,1.000000
5730.000000,5.244606,1.660529,-0.431090,0.406575,0.000000,0.000000,0.000000,0.000000,0.000000,0.987548,0.586071,0.400417,-0.427955,3.923617,0.000000,0.000000,0.000000,65535.000000,0.000000,0.000000,5.244606,1.660529,5.244606,1.660529,0.000000,0.000000,1.000000
5740.000000,5.240181,1.664725,-0.442569,0.419625,0.000000,0.000000,0.000000,0.000000,0.000000,0.807556,0.592572,0.407453,-0.430261,2.241459,0.000000,0.000000,0.000000,65535.000000,0.000000,0.000000,5.240181,1.664725,5.240181,1.664725,0.000000,0.000000,1.000000
5750.000000,5.235794,1.668908,-0.438714,0.418355,0.000000,0.000000,0.000000,0.000000,0.000000,0.807556,0.609879,0.420932,-0.441326,2.192271,0.000000,0.000000,0.000000,65535.000000,0.000000,0.000000,5.235794,1.668908,5.235794,1.668908,0.000000,0.000000,1.000000
5760.000000,5.231405,1.673100,-0.438888,0.419106,0.000000,0.000000,0.000000,0.000000,0.000000,0.704729,0.606210,0.420049,-0.437092,1.469603,0.000000,0.000000,0.000000,65535.000000,0.000000,0.000000,5.231405,1.673100,5.231405,1.673100,0.000000,0.000000,1.000000
5770.000000,5.227120,1.677185,-0.428553,0.408548,0.000000,0.000000,0.000000,0.000000,0.000000,0.704729,0.606855,0.420815,-0.437250,1.417925,0.000000,0.000000,0.000000,65535.000000,0.000000,0.000000,5.227120,1.677185,5.227120,1.677185,0.000000,0.000000,1.000000
5780.000000,5.222766,1.681316,-0.435401,0.413079,0.000000,0.000000,0.000000,0.000000,0.000000,0.704729,0.592089,0.410163,-0.427007,1.039999,0.000000,0.000000,0.000000,65535.000000,0.000000,0.000000,5.222766,1.681316,5.222766,1.681316,0.000000,0.000000,1.000000
5790.000000,5.218339,1.685471,-0.442658,0.415536,0.000000,0.000000,0.000000,0.000000,0.000000,0.374366,0.600174,0.414745,-0.433814,-0.986089,0.000000,0.000000,0.000000,65535.000000,0.000000,0.000000,5.218339,1.685471,5.218339,1.685471,0.000000,0.000000,1.000000
5800.000000,5.213833,1.689648,-0.450600,0.417640,0.000000,0.000000,0.000000,0.000000,0.000000,0.283231,0.607138,0.417559,-0.440751,-1.142059,0.000000,0.000000,0.000000,65535.000000,0.000000,0.000000,5.213833,1.689648,5.213833,1.689648,0.000000,0.000000,1.000000
5810.000000,5.209352,1.693750,-0.448075,0.410218,0.000000,0.000000,0.000000,0.000000,0.000000,0.410383,0.614381,0.419940,-0.448457,-0.401711,0.000000,0.000000,0.000000,65535.000000,0.000000,0.000000,5.209352,1.693750,5.209352,1.693750,0.000000,0.000000,1.000000
5820.000000,5.204831,1.697832,-0.452114,0.408172,0.000000,0.000000,0.000000,0.000000,0.000000,0.411605,0.607494,0.412898,-0.445606,-0.394993,0.000000,0.000000,0.000000,65535.000000,0.000000,0.000000,5.204831,1.697832,5.204831,1.697832,0.000000,0.000000,1.000000
5830.000000,5.200255,1.701872,-0.457575,0.404000,0.000000,0.000000,0.000000,0.000000,0.000000,0.411605,0.609107,0.411190,-0.449370,-0.393437,0.000000,0.000000,0.000000,65535.000000,0.000000,0.000000,5.200255,1.701872,5.200255,1.701872,0.000000,0.000000,1.000000
5840.000000,5.195669,1.705882,-0.458663,0.401011,0.000000,0.000000,0.000000,0.000000,0.000000,0.566406,0.610402,0.407525,-0.454438,0.271884,0.000000,0.000000,0.000000,65535.000000,0.000000,0.000000,5.195669,1.705882,5.195669,1.705882,0.000000,0.000000,1.000000
5850.000000,5.191181,1.709791,-0.448787,0.390911,0.000000,0.000000,0.000000,0.000000,0.000000,0.820103,0.609247,0.404620,-0.455482,1.648287,0.000000,0.000000,0.000000,65535.000000,0.000000,0.000000,5.191181,1.709791,5.191181,1.709791,0.000000,0.000000,1.000000
5860.000000,5.186643,1.713729,-0.453766,0.393848,0.000000,0.000000,0.000000,0.000000,0.000000,0.820103,0.595165,0.394332,-0.445784,1.772195,0.000000,0.000000,0.000000,65535.000000,0.000000,0.000000,5.186643,1.713729,5.186643,1.713729,0.000000,0.000000,1.000000
5870.000000,5.182038,1.717769,-0.460460,0.403985,0.000000,0.000000,0.000000,0.000000,0.000000,0.644796,0.600849,0.397174,-0.450858,1.741305,0.000000,0.000000,0.000000,65535.000000,0.000000,0.000000,5.182038,1.717769,5.182038,1.717769,0.000000,0.000000,1.000000
5880.000000,5.177377,1.721895,-0.466119,0.412645,0.000000,0.000000,0.000000,0.000000,0.000000,0.644122,0.612558,0.407424,-0.457419,1.711473,0.000000,0.000000,0.000000,65535.000000,0.000000,0.000000,5.177377,1.721895,5.177377,1.721895,0.000000,0.000000,1.000000
5890.000000,5.172722,1.726036,-0.465471,0.414023,0.000000,0.000000,0.000000,0.000000,0.000000,0.348998,0.622530,0.416335,-0.462827,0.238637,0.000000,0.000000,0.000000,65535.000000,0.000000,0.000000,5.172722,1.726036,5.172722,1.726036,0.000000,0.000000,1.000000
5900.000000,5.167958,1.730246,-0.476392,0.421053,0.000000,0.000000,0.000000,0.000000,0.000000,0.335902,0.622960,0.417880,-0.462011,-0.149620,0.000000,0.000000,0.000000,65535.000000,0.000000,0.000000,5.167958,1.730246,5.167958,1.730246,0.000000,0.000000,1.000000
5910.000000,5.163176,1.734468,-0.478238,0.422145,0.000000,0.000000,0.000000,0.000000,0.000000,0.243232,0.635794,0.425372,-0.472539,-0.741978,0.000000,0.000000,0.000000,65535.000000,0.000000,0.000000,5.163176,1.734468,5.163176,1.734468,0.000000,0.000000,1.000000
5920.000000,5.158431,1.738624,-0.474528,0.415608,0.000000,0.000000,0.000000,0.000000,0.000000,0.243232,0.637901,0.426700,-0.474178,-0.736508,0.000000,0.000000,0.000000,65535.000000,0.000000,0.000000,5.158431,1.738624,5.158431,1.738624,0.000000,0.000000,1.000000
5930.000000,5.153696,1.742675,-0.473462,0.405153,0.000000,0.000000,0.000000,0.000000,0.000000,0.287587,0.630799,0.420319,-0.470360,-0.459662,0.000000,0.000000,0.000000,65535.000000,0.000000,0.000000,5.153696,1.742675,5.153696,1.742675,0.000000,0.000000,1.000000
5940.000000,5.148955,1.746663,-0.474135,0.398780,0.000000,0.000000,0.000000,0.000000,0.000000,0.467705,0.623149,0.409859,-0.469394,0.822768,0.000000,0.000000,0.000000,65535.000000,0.000000,0.000000,5.148955,1.746663,5.148955,1.746663,0.000000,0.000000,1.000000
5950.000000,5.144213,1.750642,-0.474201,0.397929,0.000000,0.000000,0.000000,0.000000,0.000000,0.481561,0.619540,0.403437,-0.470179,0.825638,0.000000,0.000000,0.000000,65535.000000,0.000000,0.000000,5.144213,1.750642,5.144213,1.750642,0.000000,0.000000,1.000000
5960.000000,5.139414,1.754707,-0.479871,0.406476,0.000000,0.000000,0.000000,0.000000,0.000000,0.571566,0.619043,0.402110,-0.470661,1.614194,0.000000,0.000000,0.000000,65535.000000,0.000000,0.000000,5.139414,1.754707,5.139414,1.754707,0.000000,0.000000,1.000000
5970.000000,5.134700,1.758756,-0.471379,0.404849,0.000000,0.000000,0.000000,0.000000,0.000000,0.571566,0.628887,0.410455,-0.476472,1.588527,0.000000,0.000000,0.000000,65535.000000,0.000000,0.000000,5.134700,1.758756,5.134700,1.758756,0.000000,0.000000,1.000000
5980.000000,5.130052,1.762913,-0.464779,0.415731,0.000000,0.000000,0.000000,0.000000,0.000000,0.882889,0.621370,0.408382,-0.468322,1.563663,0.000000,0.000000,0.000000,65535.000000,0.000000,0.000000,5.130052,1.762913,5.130052,1.762913,0.000000,0.000000,1.000000
5990.000000,5.125495,1.767054,-0.455663,0.414130,0.000000,0.000000,0.000000,0.000000,0.000000,1.090683,0.623580,0.418886,-0.461939,2.370419,0.000000,0.000000,0.000000,65535.000000,0.000000,0.000000,5.125495,1.767054,5.125495,1.767054,0.000000,0.000000,1.000000
6000.000000,5.120974,1.771113,-0.452186,0.405831,0.000000,0.000000,0.000000,0.000000,0.000000,1.241423,0.615737,0.416830,-0.453195,2.996304,0.000000,0.000000,0.000000,65535.000000,0.000000,0.000000,5.120974,1.771113,5.120974,1.771113,0.000000,0.000000,1.000000
6010.000000,5.116536,1.775088,-0.443783,0.397553,0.000000,0.000000,0.000000,0.000000,0.000000,1.241423,0.607594,0.408371,-0.449894,2.909053,0.000000,0.000000,0.000000,65535.000000,0.000000,0.000000,5.116536,1.775088,5.116536,1.775088,0.000000,0.000000,1.000000
6020.000000,5.111988,1.779173,-0.454765,0.408516,0.000000,0.000000,0.000000,0.000000,0.000000,1.257884,0.595811,0.399906,-0.441663,2.826739,0.000000,0.000000,0.000000,65535.000000,0.000000,0.000000,5.111988,1.779173,5.111988,1.779173,0.000000,0.000000,1.000000
6030.000000,5.107332,1.783444,-0.465569,0.427068,0.000000,0.000000,0.000000,0.000000,0.000000,1.114786,0.611307,0.411064,-0.452463,2.082894,0.000000,0.000000,0.000000,65535.000000,0.000000,0.000000,5.107332,1.783444,5.107332,1.783444,0.000000,0.000000,1.000000
6040.000000,5.102672,1.787717,-0.466051,0.427249,0.000000,0.000000,0.000000,0.000000,0.000000,1.921145,0.631777,0.430346,-0.462541,3.680470,0.000000,0.000000,0.000000,65535.000000,0.000000,0.000000,5.102672,1.787717,5.102672,1.787717,0.000000,0.000000,1.000000
6050.000000,5.098107,1.791863,-0.456431,0.414620,0.000000,0.000000,0.000000,0.000000,0.000000,1.975605,0.632254,0.431063,-0.462525,5.165856,0.000000,0.000000,0.000000,65535.000000,0.000000,0.000000,5.098107,1.791863,5.098107,1.791863,0.000000,0.000000,1.000000
6060.000000,5.093646,1.795962,-0.446144,0.409888,0.000000,0.000000,0.000000,0.000000,0.000000,1.809696,0.616635,0.417764,-0.453555,4.911862,0.000000,0.000000,0.000000,65535.000000,0.000000,0.000000,5.093646,1.795962,5.093646,1.795962,0.000000,0.000000,1.000000
6070.000000,5.089207,1.800136,-0.443950,0.417465,0.000000,0.000000,0.000000,0.000000,0.000000,1.809696,0.605848,0.411561,-0.444600,4.430480,0.000000,0.000000,0.000000,65535.000000,0.000000,0.000000,5.089207,1.800136,5.089207,1.800136,0.000000,0.000000,1.000000
6080.000000,5.084858,1.804431,-0.434857,0.429426,0.000000,0.000000,0.000000,0.000000,0.000000,1.268078,0.609400,0.418221,-0.443238,0.963376,0.000000,0.000000,0.000000,65535.000000,0.000000,0.000000,5.084858,1.804431,5.084858,1.804431,0.000000,0.000000,1.000000
6090.000000,5.080689,1.808615,-0.416912,0.418396,0.000000,0.000000,0.000000,0.000000,0.000000,0.625267,0.611152,0.430160,-0.434130,0.020542,0.000000,0.000000,0.000000,65535.000000,0.000000,0.000000,5.080689,1.808615,5.080689,1.808615,0.000000,0.000000,1.000000
6100.000000,5.076598,1.812661,-0.409125,0.404625,0.000000,0.000000,0.000000,0.000000,0.000000,0.422111,0.590653,0.419173,-0.416131,-0.663504,0.000000,0.000000,0.000000,65535.000000,0.000000,0.000000,5.076598,1.812661,5.076598,1.812661,0.000000,0.000000,1.000000
6110.000000,5.072596,1.816662,-0.400225,0.400090,0.000000,0.000000,0.000000,0.000000,0.000000,1.084253,0.575417,0.405230,-0.408526,1.133013,0.000000,0.000000,0.000000,65535.000000,0.000000,0.000000,5.072596,1.816662,5.072596,1.816662,0.000000,0.000000,1.000000
6120.000000,5.068621,1.820648,-0.397476,0.398654,0.000000,0.000000,0.000000,0.000000,0.000000,1.212175,0.565908,0.400594,-0.399721,1.120307,0.000000,0.000000,0.000000,65535.000000,0.000000,0.000000,5.068621,1.820648,5.068621,1.820648,0.000000,0.000000,1.000000
6130.000000,5.064697,1.824580,-0.392330,0.393202,0.000000,0.000000,0.000000,0.000000,0.000000,0.920728,0.562949,0.399056,-0.397071,1.172935,0.000000,0.000000,0.000000,65535.000000,0.000000,0.000000,5.064697,1.824580,5.064697,1.824580,0.000000,0.000000,1.000000
6140.000000,5.060848,1.828415,-0.384886,0.383459,0.000000,0.000000,0.000000,0.000000,0.000000,0.636508,0.555455,0.393532,-0.391998,1.159323,0.000000,0.000000,0.000000,65535.000000,0.000000,0.000000,5.060848,1.828415,5.060848,1.828415,0.000000,0.000000,1.000000
6150.000000,5.057156,1.832072,-0.369269,0.365721,0.000000,0.000000,0.000000,0.000000,0.000000,0.522040,0.543303,0.383598,-0.384748,0.660727,0.000000,0.000000,0.000000,65535.000000,0.000000,0.000000,5.057156,1.832072,5.057156,1.832072,0.000000,0.000000,1.000000
6160.000000,5.053581,1.835590,-0.357423,0.351752,0.000000,0.000000,0.000000,0.000000,0.000000,0.992871,0.519722,0.365723,-0.369267,0.588163,0.000000,0.000000,0.000000,65535.000000,0.000000,0.000000,5.053581,1.835590,5.053581,1.835590,0.000000,0.000000,1.000000
6170.000000,5.050288,1.838866,-0.329329,0.327611,0.000000,0.000000,0.000000,0.000000,0.000000,0.801977,0.501478,0.351476,-0.357694,0.485378,0.000000,0.000000,0.000000,65535.000000,0.000000,0.000000,5.050288,1.838866,5.050288,1.838866,0.000000,0.000000,1.000000
6180.000000,5.047206,1.841992,-0.308133,0.312589,0.000000,0.000000,0.000000,0.000000,0.000000,0.444556,0.464529,0.327026,-0.329910,-0.655911,0.000000,0.000000,0.000000,65535.000000,0.000000,0.000000,5.047206,1.841992,5.047206,1.841992,0.000000,0.000000,1.000000
6190.000000,5.044202,1.844962,-0.300467,0.297014,0.000000,0.000000,0.000000,0.000000,0.000000,0.718175,0.438928,0.312015,-0.308715,0.289150,0.000000,0.000000,0.000000,65535.000000,0.000000,0.000000,5.044202,1.844962,5.044202,1.844962,0.000000,0.000000,1.000000
6200.000000,5.041299,1.847797,-0.290259,0.283513,0.000000,0.000000,0.000000,0.000000,0.000000,0.767585,0.422490,0.296255,-0.301215,0.458157,0.000000,0.000000,0.000000,65535.000000,0.000000,0.000000,5.041299,1.847797,5.041299,1.847797,0.000000,0.000000,1.000000
6210.000000,5.038548,1.850580,-0.275185,0.278303,0.000000,0.000000,0.000000,0.000000,0.000000,0.734679,0.405746,0.282653,-0.291096,0.456066,0.000000,0.000000,0.000000,65535.000000,0.000000,0.000000,5.038548,1.850580,5.038548,1.850580,0.000000,0.000000,1.000000
6220.000000,5.035855,1.853378,-0.269266,0.279792,0.000000,0.000000,0.000000,0.000000,0.000000,0.734679,0.391382,0.277573,-0.275922,0.398623,0.000000,0.000000,0.000000,65535.000000,0.000000,0.000000,5.035855,1.853378,5.035855,1.853378,0.000000,0.000000,1.000000
6230.000000,5.033238,1.856079,-0.261627,0.270127,0.000000,0.000000,0.000000,0.000000,0.000000,0.734679,0.388314,0.279033,-0.270052,0.229036,0.000000,0.000000,0.000000,65535.000000,0.000000,0.000000,5.033238,1.856079,5.033238,1.856079,0.000000,0.000000,1.000000
6240.000000,5.030735,1.858692,-0.250302,0.261318,0.000000,0.000000,0.000000,0.000000,0.000000,0.797599,0.376055,0.269462,-0.262312,1.258723,0.000000,0.000000,0.000000,65535.000000,0.000000,0.000000,5.030735,1.858692,5.030735,1.858692,0.000000,0.000000,1.000000
6250.000000,5.028391,1.861127,-0.234397,0.243475,0.000000,0.000000,0.000000,0.000000,0.000000,0.901585,0.361854,0.260968,-0.250667,1.243060,0.000000,0.000000,0.000000,65535.000000,0.000000,0.000000,5.028391,1.861127,5.028391,1.861127,0.000000,0.000000,1.000000
6260.000000,5.026181,1.863382,-0.220995,0.225510,0.000000,0.000000,0.000000,0.000000,0.000000,0.995868,0.337968,0.243323,-0.234556,1.227783,0.000000,0.000000,0.000000,65535.000000,0.000000,0.000000,5.026181,1.863382,5.026181,1.863382,0.000000,0.000000,1.000000
6270.000000,5.024130,1.865521,-0.205146,0.213854,0.000000,0.000000,0.000000,0.000000,0.000000,0.933244,0.315743,0.225292,-0.221217,0.919784,0.000000,0.000000,0.000000,65535.000000,0.000000,0.000000,5.024130,1.865521,5.024130,1.865521,0.000000,0.000000,1.000000
6280.000000,5.022170,1.867608,-0.196041,0.208715,0.000000,0.000000,0.000000,0.000000,0.000000,0.587877,0.296342,0.213566,-0.205445,-0.228121,0.000000,0.000000,0.000000,65535.000000,0.000000,0.000000,5.022170,1.867608,5.022170,1.867608,0.000000,0.000000,1.000000
6290.000000,5.020327,1.869552,-0.184287,0.194408,0.000000,0.000000,0.000000,0.000000,0.000000,0.699155,0.286346,0.208330,-0.196451,0.169054,0.000000,0.000000,0.000000,65535.000000,0.000000,0.000000,5.020327,1.869552,5.020327,1.869552,0.000000,0.000000,1.000000
6300.000000,5.018535,1.871414,-0.179204,0.186217,0.000000,0.000000,0.000000,0.000000,0.000000,0.555818,0.267873,0.193992,-0.184724,0.168769,0.000000,0.000000,0.000000,65535.000000,0.000000,0.000000,5.018535,1.871414,5.018535,1.871414,0.000000,0.000000,1.000000
6310.000000,5.016878,1.873194,-0.165652,0.177988,0.000000,0.000000,0.000000,0.000000,0.000000,0.555818,0.258440,0.185844,-0.179592,0.168484,0.000000,0.000000,0.000000,65535.000000,0.000000,0.000000,5.016878,1.873194,5.016878,1.873194,0.000000,0.000000,1.000000
6320.000000,5.015437,1.874891,-0.144150,0.169704,0.000000,0.000000,0.000000,0.000000,0.000000,0.501849,0.243147,0.177569,-0.166102,-0.333706,0.000000,0.000000,0.000000,65535.000000,0.000000,0.000000,5.015437,1.874891,5.015437,1.874891,0.000000,0.000000,1.000000
6330.000000,5.014169,1.876511,-0.126809,0.161983,0.000000,0.000000,0.000000,0.000000,0.000000,0.257372,0.222663,0.169217,-0.144722,-1.442950,0.000000,0.000000,0.000000,65535.000000,0.000000,0.000000,5.014169,1.876511,5.014169,1.876511,0.000000,0.000000,1.000000
6340.000000,5.013021,1.878017,-0.114829,0.150674,0.000000,0.000000,0.000000,0.000000,0.000000,0.408664,0.205716,0.161472,-0.127459,-1.058630,0.000000,0.000000,0.000000,65535.000000,0.000000,0.000000,5.013021,1.878017,5.013021,1.878017,0.000000,0.000000,1.000000
6350.000000,5.011951,1.879382,-0.106889,0.136472,0.000000,0.000000,0.000000,0.000000,0.000000,0.373979,0.189442,0.150174,-0.115482,-1.047529,0.000000,0.000000,0.000000,65535.000000,0.000000,0.000000,5.011951,1.879382,5.011951,1.879382,0.000000,0.000000,1.000000
6360.000000,5.010966,1.880627,-0.098580,0.124467,0.000000,0.000000,0.000000,0.000000,0.000000,0.258668,0.173349,0.136041,-0.107438,-1.036659,0.000000,0.000000,0.000000,65535.000000,0.000000,0.000000,5.010966,1.880627,5.010966,1.880627,0.000000,0.000000,1.000000
6370.000000,5.010080,1.881739,-0.088582,0.111264,0.000000,0.000000,0.000000,0.000000,0.000000,0.311059,0.158777,0.124092,-0.099053,-0.755626,0.000000,0.000000,0.000000,65535.000000,0.000000,0.000000,5.010080,1.881739,5.010080,1.881739,0.000000,0.000000,1.000000
6380.000000,5.009271,1.882772,-0.080919,0.103266,0.000000,0.000000,0.000000,0.000000,0.000000,0.320391,0.142220,0.110867,-0.089079,-0.738271,0.000000,0.000000,0.000000,65535.000000,0.000000,0.000000,5.009271,1.882772,5.009271,1.882772,0.000000,0.000000,1.000000
6390.000000,5.008543,1.883723,-0.072721,0.095109,0.000000,0.000000,0.000000,0.000000,0.000000,0.320391,0.131193,0.102747,-0.081577,-0.732855,0.000000,0.000000,0.000000,65535.000000,0.000000,0.000000,5.008543,1.883723,5.008543,1.883723,0.000000,0.000000,1.000000
6400.000000,5.007887,1.884591,-0.065678,0.086786,0.000000,0.000000,0.000000,0.000000,0.000000,0.271402,0.119725,0.094490,-0.073524,-1.088078,0.000000,0.000000,0.000000,65535.000000,0.000000,0.000000,5.007887,1.884591,5.007887,1.884591,0.000000,0.000000,1.000000
6410.000000,5.007266,1.885349,-0.062126,0.075777,0.000000,0.000000,0.000000,0.000000,0.000000,0.144392,0.108837,0.086149,-0.066511,-1.784041,0.000000,0.000000,0.000000,65535.000000,0.000000,0.000000,5.007266,1.885349,5.007266,1.885349,0.000000,0.000000,1.000000
6420.000000,5.006713,1.885980,-0.055203,0.063064,0.000000,0.000000,0.000000,0.000000,0.000000,0.157344,0.097989,0.075140,-0.062895,-1.674349,0.000000,0.000000,0.000000,65535.000000,0.000000,0.000000,5.006713,1.885980,5.006713,1.885980,0.000000,0.000000,1.000000
6430.000000,5.006224,1.886512,-0.048919,0.053261,0.000000,0.000000,0.000000,0.000000,0.000000,0.157344,0.083812,0.062492,-0.055850,-1.646749,0.000000,0.000000,0.000000,65535.000000,0.000000,0.000000,5.006224,1.886512,5.006224,1.886512,0.000000,0.000000,1.000000
6440.000000,5.005787,1.886945,-0.043748,0.043277,0.000000,0.000000,0.000000,0.000000,0.000000,0.144118,0.072318,0.052763,-0.049456,-1.632208,0.000000,0.000000,0.000000,65535.000000,0.000000,0.000000,5.005787,1.886945,5.005787,1.886945,0.000000,0.000000,1.000000
6450.000000,5.005429,1.887283,-0.035797,0.033807,0.000000,0.000000,0.000000,0.000000,0.000000,0.137511,0.061536,0.042864,-0.044152,-1.605969,0.000000,0.000000,0.000000,65535.000000,0.000000,0.000000,5.005429,1.887283,5.005429,1.887283,0.000000,0.000000,1.000000
6460.000000,5.005140,1.887517,-0.028870,0.023406,0.000000,0.000000,0.000000,0.000000,0.000000,0.137511,0.049237,0.033515,-0.036070,-1.580560,0.000000,0.000000,0.000000,65535.000000,0.000000,0.000000,5.005140,1.887517,5.005140,1.887517,0.000000,0.000000,1.000000
6470.000000,5.005140,1.887517,0.000000,0.000000,0.000000,0.000000,0.000000,0.000000,0.000000,0.137511,0.037166,0.023195,-0.029040,-1.608327,0.000000,0.000000,0.000000,65535.000000,0.000000,0.000000,5.005140,1.887517,5.005140,1.887517,0.000000,0.000000,1.000000
6480.000000,5.005140,1.887517,0.000000,0.000000,0.000000,0.000000,0.000000,0.000000,0.000000,0.075580,0.024313,0.012933,-0.020588,-1.853884,0.000000,0.000000,0.000000,65535.000000,0.000000,0.000000,5.005140,1.887517,5.005140,1.887517,0.000000,0.000000,1.000000
6490.000000,5.005140,1.887517,0.000000,0.000000,0.000000,0.000000,0.000000,0.000000,0.000000,0.089193,0.012831,0.004670,-0.011951,-1.820108,0.000000,0.000000,0.000000,65535.000000,0.000000,0.000000,5.005140,1.887517,5.005140,1.887517,0.000000,0.000000,1.000000
6500.000000,5.005140,1.887517,0.000000,0.000000,0.000000,0.000000,0.000000,0.000000,0.000000,0.103653,0.005542,-0.001712,-0.005270,-1.707998,0.000000,0.000000,0.000000,65535.000000,0.000000,0.000000,5.005140,1.887517,5.005140,1.887517,0.000000,0.000000,1.000000
6510.000000,5.005140,1.887517,0.000000,0.000000,0.000000,0.000000,0.000000,0.000000,0.000000,0.103653,0.005057,-0.004977,0.000900,-1.679286,0.000000,0.000000,0.000000,65535.000000,0.000000,0.000000,5.005140,1.887517,5.005140,1.887517,0.000000,0.000000,1.000000
6520.000000,5.005140,1.887517,0.000000,0.000000,0.000000,0.000000,0.000000,0.000000,0.000000,0.099236,0.007726,-0.006981,0.003310,-1.676406,0.000000,0.000000,0.000000,65535.000000,0.000000,0.000000,5.005140,1.887517,5.005140,1.887517,0.000000,0.000000,1.000000
6530.000000,5.005140,1.887517,0.000000,0.000000,0.000000,0.000000,0.000000,0.000000,0.000000,0.053979,0.012193,-0.011483,0.004100,-1.779080,0.000000,0.000000,0.000000,65535.000000,0.000000,0.000000,5.005140,1.887517,5.005140,1.887517,0.000000,0.000000,1.000000
6540.000000,5.005140,1.887517,0.000000,0.000000,0.000000,0.000000,0.000000,0.000000,0.000000,0.051916,0.013727,-0.012939,0.004585,-1.747952,0.000000,0.000000,0.000000,65535.000000,0.000000,0.000000,5.005140,1.887517,5.005140,1.887517,0.000000,0.000000,1.000000
6550.000000,5.005140,1.887517,0.000000,0.000000,0.000000,0.000000,0.000000,0.000000,0.000000,0.031264,0.012703,-0.012524,0.002126,-1.708069,0.000000,0.000000,0.000000,65535.000000,0.000000,0.000000,5.005140,1.887517,5.005140,1.887517,0.000000,0.000000,1.000000
6560.000000,5.005140,1.887517,0.000000,0.000000,0.000000,0.000000,0.000000,0.000000,0.000000,0.059373,0.014292,-0.014232,0.001305,-1.578887,0.000000,0.000000,0.000000,65535.000000,0.000000,0.000000,5.005140,1.887517,5.005140,1.887517,0.000000,0.000000,1.000000
6570.000000,5.005140,1.887517,0.000000,0.000000,0.000000,0.000000,0.000000,0.000000,0.000000,0.060862,0.014702,-0.014627,0.001491,-1.541062,0.000000,0.000000,0.000000,65535.000000,0.000000,0.000000,5.005140,1.887517,5.005140,1.887517,0.000000,0.000000,1.000000
6580.000000,5.005140,1.887517,0.000000,0.000000,0.000000,0.000000,0.000000,0.000000,0.000000,0.060862,0.015085,-0.014215,0.005051,-1.517651,0.000000,0.000000,0.000000,65535.000000,0.000000,0.000000,5.005140,1.887517,5.005140,1.887517,0.000000,0.000000,1.000000
6590.000000,5.005140,1.887517,0.000000,0.000000,0.000000,0.000000,0.000000,0.000000,0.000000,0.048357,0.016016,-0.014616,0.006548,-1.540993,0.000000,0.000000,0.000000,65535.000000,0.000000,0.000000,5.005140,1.887517,5.005140,1.887517,0.000000,0.000000,1.000000
6600.000000,5.005140,1.887517,0.000000,0.000000,0.000000,0.000000,0.000000,0.000000,0.000000,0.041013,0.015474,-0.013554,0.007467,-1.538785,0.000000,0.000000,0.000000,65535.000000,0.000000,0.000000,5.005140,1.887517,5.005140,1.887517,0.000000,0.000000,1.000000
6610.000000,5.005140,1.887517,0.000000,0.000000,0.000000,0.000000,0.000000,0.000000,0.000000,0.028172,0.014279,-0.012247,0.007342,-1.567292,0.000000,0.000000,0.000000,65535.000000,0.000000,0.000000,5.005140,1.887517,5.005140,1.887517,0.000000,0.000000,1.000000
6620.000000,5.005140,1.887517,0.000000,0.000000,0.000000,0.000000,0.000000,0.000000,0.000000,0.027230,0.015281,-0.012100,0.009333,-1.579095,0.000000,0.000000,0.000000,65535.000000,0.000000,0.000000,5.005140,1.887517,5.005140,1.887517,0.000000,0.000000,1.000000
6630.000000,5.005140,1.887517,0.000000,0.000000,0.000000,0.000000,0.000000,0.000000,0.000000,0.032325,0.015042,-0.011355,0.009866,-1.532384,0.000000,0.000000,0.000000,65535.000000,0.000000,0.000000,5.005140,1.887517,5.005140,1.887517,0.000000,0.000000,1.000000
6640.000000,5.005140,1.887517,0.000000,0.000000,0.000000,0.000000,0.000000,0.000000,0.000000,0.034581,0.013973,-0.010243,0.009504,-1.508121,0.000000,0.000000,0.000000,65535.000000,0.000000,0.000000,5.005140,1.887517,5.005140,1.887517,0.000000,0.000000,1.000000
6650.000000,5.005140,1.887517,0.000000,0.000000,0.000000,0.000000,0.000000,0.000000,0.000000,0.049289,0.016174,-0.011523,0.011350,-1.397140,0.000000,0.000000,0.000000,65535.000000,0.000000,0.000000,5.005140,1.887517,5.005140,1.887517,0.000000,0.000000,1.000000
6660.000000,5.005140,1.887517,0.000000,0.000000,0.000000,0.000000,0.000000,0.000000,0.000000,0.049289,0.016581,-0.011655,0.011794,-1.377870,0.000000,0.000000,0.000000,65535.000000,0.000000,0.000000,5.005140,1.887517,5.005140,1.887517,0.000000,0.000000,1.000000
6670.000000,5.005140,1.887517,0.000000,0.000000,0.000000,0.000000,0.000000,0.000000,0.000000,0.048950,0.017783,-0.012390,0.012756,-1.359124,0.000000,0.000000,0.000000,65535.000000,0.000000,0.000000,5.005140,1.887517,5.005140,1.887517,0.000000,0.000000,1.000000
6680.000000,5.005140,1.887517,0.000000,0.000000,0.000000,0.000000,0.000000,0.000000,0.000000,0.036138,0.019471,-0.013496,0.014036,-1.407818,0.000000,0.000000,0.000000,65535.000000,0.000000,0.000000,5.005140,1.887517,5.005140,1.887517,0.000000,0.000000,1.000000
6690.000000,5.005140,1.887517,0.000000,0.000000,0.000000,0.000000,0.000000,0.000000,0.000000,0.070030,0.022409,-0.015483,0.016200,-1.228928,0.000000,0.000000,0.000000,65535.000000,0.000000,0.000000,5.005140,1.887517,5.005140,1.887517,0.000000,0.000000,1.000000
6700.000000,5.005140,1.887517,0.000000,0.000000,0.000000,0.000000,0.000000,0.000000,0.000000,0.070030,0.024279,-0.016049,0.018218,-1.213994,0.000000,0.000000,0.000000,65535.000000,0.000000,0.000000,5.005140,1.887517,5.005140,1.887517,0.000000,0.000000,1.000000
6710.000000,5.005417,1.887331,0.027693,-0.018554,0.000000,0.000000,0.000000,0.000000,0.000000,0.070030,0.028554,-0.017051,0.022904,-1.199419,0.000000,0.000000,0.000000,65535.000000,0.000000,0.000000,5.005417,1.887331,5.005417,1.887331,0.000000,0.000000,1.000000
6720.000000,5.005745,1.887105,0.032758,-0.022655,0.000000,0.000000,0.000000,0.000000,0.000000,0.088768,0.033334,-0.018320,0.027849,-1.165456,0.000000,0.000000,0.000000,65535.000000,0.000000,0.000000,5.005745,1.887105,5.005745,1.887105,0.000000,0.000000,1.000000
6730.000000,5.006104,1.886840,0.035851,-0.026488,0.000000,0.000000,0.000000,0.000000,0.000000,0.101880,0.039829,-0.022370,0.032953,-1.152016,0.000000,0.000000,0.000000,65535.000000,0.000000,0.000000,5.006104,1.886840,5.006104,1.886840,0.000000,0.000000,1.000000
6740.000000,5.006481,1.886565,0.037752,-0.027546,0.000000,0.000000,0.000000,0.000000,0.000000,0.108173,0.044575,-0.026166,0.036087,-1.138883,0.000000,0.000000,0.000000,65535.000000,0.000000,0.000000,5.006481,1.886565,5.006481,1.886565,0.000000,0.000000,1.000000
6750.000000,5.006884,1.886269,0.040270,-0.029538,0.000000,0.000000,0.000000,0.000000,0.000000,0.102973,0.046733,-0.027188,0.038011,-1.134893,0.000000,0.000000,0.000000,65535.000000,0.000000,0.000000,5.006884,1.886269,5.006884,1.886269,0.000000,0.000000,1.000000
6760.000000,5.007302,1.885948,0.041793,-0.032082,0.000000,0.000000,0.000000,0.000000,0.000000,0.102973,0.049942,-0.029124,0.040571,-1.122145,0.000000,0.000000,0.000000,65535.000000,0.000000,0.000000,5.007302,1.885948,5.007302,1.885948,0.000000,0.000000,1.000000
6770.000000,5.007743,1.885625,0.044100,-0.032379,0.000000,0.000000,0.000000,0.000000,0.000000,0.092902,0.052687,-0.031621,0.042143,-1.140334,0.000000,0.000000,0.000000,65535.000000,0.000000,0.000000,5.007743,1.885625,5.007743,1.885625,0.000000,0.000000,1.000000
6780.000000,5.008184,1.885325,0.044145,-0.029968,0.000000,0.000000,0.000000,0.000000,0.000000,0.105426,0.054710,-0.031846,0.044486,-1.089318,0.000000,0.000000,0.000000,65535.000000,0.000000,0.000000,5.008184,1.885325,5.008184,1.885325,0.000000,0.000000,1.000000
6790.000000,5.008640,1.885053,0.045547,-0.027242,0.000000,0.000000,0.000000,0.000000,0.000000,0.107808,0.053356,-0.029367,0.044547,-1.070423,0.000000,0.000000,0.000000,65535.000000,0.000000,0.000000,5.008640,1.885053,5.008640,1.885053,0.000000,0.000000,1.000000
6800.000000,5.009097,1.884790,0.045703,-0.026234,0.000000,0.000000,0.000000,0.000000,0.000000,0.107808,0.053073,-0.026536,0.045962,-1.059075,0.000000,0.000000,0.000000,65535.000000,0.000000,0.000000,5.009097,1.884790,5.009097,1.884790,0.000000,0.000000,1.000000
6810.000000,5.009568,1.884521,0.047157,-0.026943,0.000000,0.000000,0.000000,0.000000,0.000000,0.104603,0.052697,-0.025453,0.046142,-1.057724,0.000000,0.000000,0.000000,65535.000000,0.000000,0.000000,5.009568,1.884521,5.009568,1.884521,0.000000,0.000000,1.000000
6820.000000,5.010028,1.884241,0.045990,-0.027964,0.000000,0.000000,0.000000,0.000000,0.000000,0.086594,0.054311,-0.026096,0.047631,-1.100791,0.000000,0.000000,0.000000,65535.000000,0.000000,0.000000,5.010028,1.884241,5.010028,1.884241,0.000000,0.000000,1.000000
6830.000000,5.010480,1.883955,0.045271,-0.028594,0.000000,0.000000,0.000000,0.000000,0.000000,0.106262,0.053824,-0.027145,0.046478,-0.981230,0.000000,0.000000,0.000000,65535.000000,0.000000,0.000000,5.010480,1.883955,5.010480,1.883955,0.000000,0.000000,1.000000
6840.000000,5.010936,1.883697,0.045551,-0.025768,0.000000,0.000000,0.000000,0.000000,0.000000,0.106262,0.053545,-0.027789,0.045770,-0.924638,0.000000,0.000000,0.000000,65535.000000,0.000000,0.000000,5.010936,1.883697,5.010936,1.883697,0.000000,0.000000,1.000000
6850.000000,5.011386,1.883476,0.045051,-0.022104,0.000000,0.000000,0.000000,0.000000,0.000000,0.134364,0.052334,-0.024913,0.046024,-0.827518,0.000000,0.000000,0.000000,65535.000000,0.000000,0.000000,5.011386,1.883476,5.011386,1.883476,0.000000,0.000000,1.000000
6860.000000,5.011819,1.883252,0.043306,-0.022461,0.000000,0.000000,0.000000,0.000000,0.000000,0.134364,0.050182,-0.021185,0.045491,-0.820720,0.000000,0.000000,0.000000,65535.000000,0.000000,0.000000,5.011819,1.883252,5.011819,1.883252,0.000000,0.000000,1.000000
6870.000000,5.012207,1.883019,0.038779,-0.023245,0.000000,0.000000,0.000000,0.000000,0.000000,0.127485,0.048784,-0.021513,0.043785,-0.820485,0.000000,0.000000,0.000000,65535.000000,0.000000,0.000000,5.012207,1.883019,5.012207,1.883019,0.000000,0.000000,1.000000
6880.000000,5.012526,1.882783,0.031879,-0.023608,0.000000,0.000000,0.000000,0.000000,0.000000,0.090046,0.045212,-0.022368,0.039291,-0.944433,0.000000,0.000000,0.000000,65535.000000,0.000000,0.000000,5.012526,1.882783,5.012526,1.882783,0.000000,0.000000,1.000000
6890.000000,5.012782,1.882552,0.025608,-0.023113,0.000000,0.000000,0.000000,0.000000,0.000000,0.085634,0.039669,-0.022893,0.032396,-0.970679,0.000000,0.000000,0.000000,65535.000000,0.000000,0.000000,5.012782,1.882552,5.012782,1.882552,0.000000,0.000000,1.000000
6900.000000,5.013007,1.882330,0.022467,-0.022167,0.000000,0.000000,0.000000,0.000000,0.000000,0.059638,0.034496,-0.022562,0.026095,-1.047938,0.000000,0.000000,0.000000,65535.000000,0.000000,0.000000,5.013007,1.882330,5.013007,1.882330,0.000000,0.000000,1.000000
6910.000000,5.013007,1.882330,0.000000,0.000000,0.000000,0.000000,0.000000,0.000000,0.000000,0.074457,0.031562,-0.021704,0.022915,-1.044522,0.000000,0.000000,0.000000,65535.000000,0.000000,0.000000,5.013007,1.882330,5.013007,1.882330,0.000000,0.000000,1.000000
6920.000000,5.013007,1.882330,0.000000,0.000000,0.000000,0.000000,0.000000,0.000000,0.000000,0.049224,0.027898,-0.019868,0.019584,-1.133494,0.000000,0.000000,0.000000,65535.000000,0.000000,0.000000,5.013007,1.882330,5.013007,1.882330,0.000000,0.000000,1.000000
6930.000000,5.013007,1.882330,0.000000,0.000000,0.000000,0.000000,0.000000,0.000000,0.000000,0.045346,0.023975,-0.019396,0.014093,-1.124650,0.000000,0.000000,0.000000,65535.000000,0.000000,0.000000,5.013007,1.882330,5.013007,1.882330,0.000000,0.000000,1.000000
6940.000000,5.013007,1.882330,0.000000,0.000000,0.000000,0.000000,0.000000,0.000000,0.000000,0.047044,0.019412,-0.015180,0.012099,-1.106978,0.000000,0.000000,0.000000,65535.000000,0.000000,0.000000,5.013007,1.882330,5.013007,1.882330,0.000000,0.000000,1.000000
6950.000000,5.013007,1.882330,0.000000,0.000000,0.000000,0.000000,0.000000,0.000000,0.000000,0.047651,0.017765,-0.014555,0.010186,-1.093083,0.000000,0.000000,0.000000,65535.000000,0.000000,0.000000,5.013007,1.882330,5.013007,1.882330,0.000000,0.000000,1.000000
6960.000000,5.013007,1.882330,0.000000,0.000000,0.000000,0.000000,0.000000,0.000000,0.000000,0.047651,0.014044,-0.012208,0.006944,-1.081237,0.000000,0.000000,0.000000,65535.000000,0.000000,0.000000,5.013007,1.882330,5.013007,1.882330,0.000000,0.000000,1.000000
6970.000000,5.013007,1.882330,0.000000,0.000000,0.000000,0.000000,0.000000,0.000000,0.000000,0.053722,0.010974,-0.010112,0.004263,-1.054681,0.000000,0.000000,0.000000,65535.000000,0.000000,0.000000,5.013007,1.882330,5.013007,1.882330,0.000000,0.000000,1.000000
6980.000000,5.013007,1.882330,0.000000,0.000000,0.000000,0.000000,0.000000,0.000000,0.000000,0.070475,0.008396,-0.008172,0.001928,-0.989364,0.000000,0.000000,0.000000,65535.000000,0.000000,0.000000,5.013007,1.882330,5.013007,1.882330,0.000000,0.000000,1.000000
6990.000000,5.013007,1.882330,0.000000,0.000000,0.000000,0.000000,0.000000,0.000000,0.000000,0.078358,0.007726,-0.007634,0.001184,-0.911082,0.000000,0.000000,0.000000,65535.000000,0.000000,0.000000,5.013007,1.882330,5.013007,1.882330,0.000000,0.000000,1.000000
7000.000000,5.013007,1.882330,0.000000,0.000000,0.000000,0.000000,0.000000,0.000000,0.000000,0.078358,0.006650,-0.006650,0.000038,-0.902849,0.000000,0.000000,0.000000,65535.000000,0.000000,0.000000,5.013007,1.882330,5.013007,1.882330,0.000000,0.000000,1.000000
7010.000000,5.013007,1.882330,0.000000,0.000000,0.000000,0.000000,0.000000,0.000000,0.000000,0.077423,0.004784,-0.004737,-0.000666,-0.894762,0.000000,0.000000,0.000000,65535.000000,0.000000,0.000000,5.013007,1.882330,5.013007,1.882330,0.000000,0.000000,1.000000
7020.000000,5.013007,1.882330,0.000000,0.000000,0.000000,0.000000,0.000000,0.000000,0.000000,0.060660,0.002937,-0.002909,-0.000409,-0.939831,0.000000,0.000000,0.000000,65535.000000,0.000000,0.000000,5.013007,1.882330,5.013007,1.882330,0.000000,0.000000,1.000000
7030.000000,5.013007,1.882330,0.000000,0.000000,0.000000,0.000000,0.000000,0.000000,0.000000,0.058183,0.001804,-0.001786,-0.000251,-0.933547,0.000000,0.000000,0.000000,65535.000000,0.000000,0.000000,5.013007,1.882330,5.013007,1.882330,0.000000,0.000000,1.000000
7040.000000,5.013007,1.882330,0.000000,0.000000,0.000000,0.000000,0.000000,0.000000,0.000000,0.016620,0.000952,-0.000442,-0.000843,-1.071828,0.000000,0.000000,0.000000,65535.000000,0.000000,0.000000,5.013007,1.882330,5.013007,1.882330,0.000000,0.000000,1.000000
7050.000000,5.013007,1.882330,0.000000,0.000000,0.000000,0.000000,0.000000,0.000000,0.000000,0.014479,0.000585,-0.000272,-0.000518,-1.102144,0.000000,0.000000,0.000000,65535.000000,0.000000,0.000000,5.013007,1.882330,5.013007,1.882330,0.000000,0.000000,1.000000
7060.000000,5.013007,1.882330,0.000000,0.000000,0.000000,0.000000,0.000000,0.000000,0.000000,0.014145,0.000359,-0.000167,-0.000318,-1.095635,0.000000,0.000000,0.000000,65535.000000,0.000000,0.000000,5.013007,1.882330,5.013007,1.882330,0.000000,0.000000,1.000000
7070.000000,5.013007,1.882330,0.000000,0.000000,0.000000,0.000000,0.000000,0.000000,0.000000,0.013057,0.000220,-0.000102,-0.000195,-1.054417,0.000000,0.000000,0.000000,65535.000000,0.000000,0.000000,5.013007,1.882330,5.013007,1.882330,0.000000,0.000000,1.000000
7080.000000,5.013007,1.882330,0.000000,0.000000,0.000000,0.000000,0.000000,0.000000,0.000000,0.013057,0.000135,-0.000063,-0.000120,-1.043404,0.000000,0.000000,0.000000,65535.000000,0.000000,0.000000,5.013007,1.882330,5.013007,1.882330,0.000000,0.000000,1.000000
7090.000000,5.013007,1.882330,0.000000,0.000000,0.000000,0.000000,0.000000,0.000000,0.000000,0.013057,0.000083,-0.000039,-0.000074,-1.032619,0.000000,0.000000,0.000000,65535.000000,0.000000,0.000000,5.013007,1.882330,5.013007,1.882330,0.000000,0.000000,1.000000
7100.000000,5.013007,1.882330,0.000000,0.000000,0.000000,0.000000,0.000000,0.000000,0.000000,0.011123,0.000051,-0.000024,-0.000045,-1.038906,0.000000,0.000000,0.000000,65535.000000,0.000000,0.000000,5.013007,1.882330,5.013007,1.882330,0.000000,0.000000,1.000000
7110.000000,5.013007,1.882330,0.000000,0.000000,0.000000,0.000000,0.000000,0.000000,0.000000,0.011123,0.000961,0.000640,-0.000717,-1.028214,0.000000,0.000000,0.000000,65535.000000,0.000000,0.000000,5.013007,1.882330,5.013007,1.882330,0.000000,0.000000,1.000000
7120.000000,5.013007,1.882330,0.000000,0.000000,0.000000,0.000000,0.000000,0.000000,0.000000,0.012963,0.000590,0.000393,-0.000440,-1.004547,0.000000,0.000000,0.000000,65535.000000,0.000000,0.000000,5.013007,1.882330,5.013007,1.882330,0.000000,0.000000,1.000000
7130.000000,5.013007,1.882330,0.000000,0.000000,0.000000,0.000000,0.000000,0.000000,0.000000,0.018325,0.000362,0.000241,-0.000270,-0.971510,0.000000,0.000000,0.000000,65535.000000,0.000000,0.000000,5.013007,1.882330,5.013007,1.882330,0.000000,0.000000,1.000000
7140.000000,5.013007,1.882330,0.000000,0.000000,0.000000,0.000000,0.000000,0.000000,0.000000,0.021478,0.001932,-0.001160,-0.001545,-0.948048,0.000000,0.000000,0.000000,65535.000000,0.000000,0.000000,5.013007,1.882330,5.013007,1.882330,0.000000,0.000000,1.000000
7150.000000,5.013007,1.882330,0.000000,0.000000,0.000000,0.000000,0.000000,0.000000,0.000000,0.021478,0.003082,-0.002021,-0.002327,-0.939135,0.000000,0.000000,0.000000,65535.000000,0.000000,0.000000,5.013007,1.882330,5.013007,1.882330,0.000000,0.000000,1.000000
7160.000000,5.013007,1.882330,0.000000,0.000000,0.000000,0.000000,0.000000,0.000000,0.000000,0.019876,0.001892,-0.001241,-0.001429,-0.936598,0.000000,0.000000,0.000000,65535.000000,0.000000,0.000000,5.013007,1.882330,5.013007,1.882330,0.000000,0.000000,1.000000
7170.000000,5.013007,1.882330,0.000000,0.000000,0.000000,0.000000,0.000000,0.000000,0.000000,0.013862,0.001570,-0.000108,-0.001567,-0.960377,0.000000,0.000000,0.000000,65535.000000,0.000000,0.000000,5.013007,1.882330,5.013007,1.882330,0.000000,0.000000,1.000000
7180.000000,5.013007,1.882330,0.000000,0.000000,0.000000,0.000000,0.000000,0.000000,0.000000,0.013862,0.000964,-0.000066,-0.000962,-0.951261,0.000000,0.000000,0.000000,65535.000000,0.000000,0.000000,5.013007,1.882330,5.013007,1.882330,0.000000,0.000000,1.000000
7190.000000,5.013007,1.882330,0.000000,0.000000,0.000000,0.000000,0.000000,0.000000,0.000000,0.010763,0.000592,-0.000041,-0.000591,-0.967281,0.000000,0.000000,0.000000,65535.000000,0.000000,0.000000,5.013007,1.882330,5.013007,1.882330,0.000000,0.000000,1.000000
7200.000000,5.013007,1.882330,0.000000,0.000000,0.000000,0.000000,0.000000,0.000000,0.000000,0.009665,0.000363,-0.000025,-0.000363,-0.965734,0.000000,0.000000,0.000000,65535.000000,0.000000,0.000000,5.013007,1.882330,5.013007,1.882330,0.000000,0.000000,1.000000
7210.000000,5.013007,1.882330,0.000000,0.000000,0.000000,0.000000,0.000000,0.000000,0.000000,0.006987,0.000223,-0.000015,-0.000223,-0.965367,0.000000,0.000000,0.000000,65535.000000,0.000000,0.000000,5.013007,1.882330,5.013007,1.882330,0.000000,0.000000,1.000000
7220.000000,5.013007,1.882330,0.000000,0.000000,0.000000,0.000000,0.000000,0.000000,0.000000,0.013179,0.000137,-0.000009,-0.000137,-0.916399,0.000000,0.000000,0.000000,65535.000000,0.000000,0.000000,5.013007,1.882330,5.013007,1.882330,0.000000,0.000000,1.000000
7230.000000,5.013007,1.882330,0.000000,0.000000,0.000000,0.000000,0.000000,0.000000,0.000000,0.011715,0.000896,-0.000660,0.000605,-0.907020,0.000000,0.000000,0.000000,65535.000000,0.000000,0.000000,5.013007,1.882330,5.013007,1.882330,0.000000,0.000000,1.000000
7240.000000,5.013007,1.882330,0.000000,0.000000,0.000000,0.000000,0.000000,0.000000,0.000000,0.013337,0.001499,-0.001059,0.001061,-0.864139,0.000000,0.000000,0.000000,65535.000000,0.000000,0.000000,5.013007,1.882330,5.013007,1.882330,0.000000,0.000000,1.000000
7250.000000,5.013007,1.882330,0.000000,0.000000,0.000000,0.000000,0.000000,0.000000,0.000000,0.017944,0.001871,-0.001305,0.001341,-0.802859,0.000000,0.000000,0.000000,65535.000000,0.000000,0.000000,5.013007,1.882330,5.013007,1.882330,0.000000,0.000000,1.000000
7260.000000,5.013007,1.882330,0.000000,0.000000,0.000000,0.000000,0.000000,0.000000,0.000000,0.023074,0.003669,-0.000801,0.003580,-0.796458,0.000000,0.000000,0.000000,65535.000000,0.000000,0.000000,5.013007,1.882330,5.013007,1.882330,0.000000,0.000000,1.000000
7270.000000,5.013007,1.882330,0.000000,0.000000,0.000000,0.000000,0.000000,0.000000,0.000000,0.032037,0.005647,0.000162,0.005645,-0.790158,0.000000,0.000000,0.000000,65535.000000,0.000000,0.000000,5.013007,1.882330,5.013007,1.882330,0.000000,0.000000,1.000000
7280.000000,5.013007,1.882330,0.000000,0.000000,0.000000,0.000000,0.000000,0.000000,0.000000,0.066298,0.008981,0.000100,0.008980,-0.644496,0.000000,0.000000,0.000000,65535.000000,0.000000,0.000000,5.013007,1.882330,5.013007,1.882330,0.000000,0.000000,1.000000
7290.000000,5.013007,1.882330,0.000000,0.000000,0.000000,0.000000,0.000000,0.000000,0.000000,0.071205,0.012469,-0.001247,0.012407,-0.587712,0.000000,0.000000,0.000000,65535.000000,0.000000,0.000000,5.013007,1.882330,5.013007,1.882330,0.000000,0.000000,1.000000
7300.000000,5.013007,1.882330,0.000000,0.000000,0.000000,0.000000,0.000000,0.000000,0.000000,0.077991,0.017596,-0.003383,0.017268,-0.584274,0.000000,0.000000,0.000000,65535.000000,0.000000,0.000000,5.013007,1.882330,5.013007,1.882330,0.000000,0.000000,1.000000
7310.000000,5.013355,1.882282,0.034867,-0.004803,0.000000,0.000000,0.000000,0.000000,0.000000,0.077991,0.024622,-0.003385,0.024388,-0.580877,0.000000,0.000000,0.000000,65535.000000,0.000000,0.000000,5.013355,1.882282,5.013355,1.882282,0.000000,0.000000,1.000000
7320.000000,5.013817,1.882221,0.046155,-0.006145,0.000000,0.000000,0.000000,0.000000,0.000000,0.058331,0.035196,-0.004041,0.034964,-0.683193,0.000000,0.000000,0.000000,65535.000000,0.000000,0.000000,5.013817,1.882221,5.013817,1.882221,0.000000,0.000000,1.000000
7330.000000,5.014341,1.882171,0.052442,-0.004983,0.000000,0.000000,0.000000,0.000000,0.000000,0.133530,0.046562,-0.005098,0.046282,-0.367767,0.000000,0.000000,0.000000,65535.000000,0.000000,0.000000,5.014341,1.882171,5.014341,1.882171,0.000000,0.000000,1.000000
7340.000000,5.014979,1.882094,0.063810,-0.007700,0.000000,0.000000,0.000000,0.000000,0.000000,0.151150,0.052678,-0.003785,0.052542,-0.366418,0.000000,0.000000,0.000000,65535.000000,0.000000,0.000000,5.014979,1.882094,5.014979,1.882094,0.000000,0.000000,1.000000
7350.000000,5.015832,1.882017,0.085308,-0.007708,0.000000,0.000000,0.000000,0.000000,0.000000,0.148744,0.064273,-0.006249,0.063968,-0.365079,0.000000,0.000000,0.000000,65535.000000,0.000000,0.000000,5.015832,1.882017,5.015832,1.882017,0.000000,0.000000,1.000000
7360.000000,5.016886,1.881926,0.105372,-0.009141,0.000000,0.000000,0.000000,0.000000,0.000000,0.137899,0.085655,-0.005800,0.085458,-0.426033,0.000000,0.000000,0.000000,65535.000000,0.000000,0.000000,5.016886,1.881926,5.016886,1.881926,0.000000,0.000000,1.000000
7370.000000,5.018008,1.881814,0.112155,-0.011159,0.000000,0.000000,0.000000,0.000000,0.000000,0.215210,0.105767,-0.006832,0.105547,-0.232829,0.000000,0.000000,0.000000,65535.000000,0.000000,0.000000,5.018008,1.881814,5.018008,1.881814,0.000000,0.000000,1.000000
7380.000000,5.019150,1.881670,0.114203,-0.014388,0.000000,0.000000,0.000000,0.000000,0.000000,0.215210,0.112708,-0.008775,0.112366,-0.232288,0.000000,0.000000,0.000000,65535.000000,0.000000,0.000000,5.019150,1.881670,5.019150,1.881670,0.000000,0.000000,1.000000
7390.000000,5.020275,1.881427,0.112509,-0.024274,0.000000,0.000000,0.000000,0.000000,0.000000,0.215210,0.115106,-0.011930,0.114486,-0.231749,0.000000,0.000000,0.000000,65535.000000,0.000000,0.000000,5.020275,1.881427,5.020275,1.881427,0.000000,0.000000,1.000000
7400.000000,5.021403,1.881137,0.112863,-0.029079,0.000000,0.000000,0.000000,0.000000,0.000000,0.183377,0.115098,-0.021718,0.113030,-0.336296,0.000000,0.000000,0.000000,65535.000000,0.000000,0.000000,5.021403,1.881137,5.021403,1.881137,0.000000,0.000000,1.000000
7410.000000,5.022613,1.880939,0.120960,-0.019750,0.000000,0.000000,0.000000,0.000000,0.000000,0.112399,0.116549,-0.026420,0.113515,-0.568964,0.000000,0.000000,0.000000,65535.000000,0.000000,0.000000,5.022613,1.880939,5.022613,1.880939,0.000000,0.000000,1.000000
7420.000000,5.023853,1.880846,0.123981,-0.009333,0.000000,0.000000,0.000000,0.000000,0.000000,0.240927,0.122562,-0.016876,0.121394,-0.028603,0.000000,0.000000,0.000000,65535.000000,0.000000,0.000000,5.023853,1.880846,5.023853,1.880846,0.000000,0.000000,1.000000
7430.000000,5.025071,1.880870,0.121817,0.002453,0.000000,0.000000,0.000000,0.000000,0.000000,0.343665,0.124331,-0.006436,0.124165,0.206187,0.000000,0.000000,0.000000,65535.000000,0.000000,0.000000,5.025071,1.880870,5.025071,1.880870,0.000000,0.000000,1.000000
7440.000000,5.026275,1.880902,0.120333,0.003185,0.000000,0.000000,0.000000,0.000000,0.000000,0.343980,0.121841,0.005207,0.121730,0.206823,0.000000,0.000000,0.000000,65535.000000,0.000000,0.000000,5.026275,1.880902,5.026275,1.880902,0.000000,0.000000,1.000000
7450.000000,5.027379,1.880908,0.110393,0.000634,0.000000,0.000000,0.000000,0.000000,0.000000,0.343980,0.120376,0.005814,0.120235,0.206396,0.000000,0.000000,0.000000,65535.000000,0.000000,0.000000,5.027379,1.880908,5.027379,1.880908,0.000000,0.000000,1.000000
7460.000000,5.028435,1.880886,0.105647,-0.002209,0.000000,0.000000,0.000000,0.000000,0.000000,0.265256,0.110395,0.002916,0.110356,0.153757,0.000000,0.000000,0.000000,65535.000000,0.000000,0.000000,5.028435,1.880886,5.028435,1.880886,0.000000,0.000000,1.000000
7470.000000,5.029428,1.880841,0.099280,-0.004517,0.000000,0.000000,0.000000,0.000000,0.000000,0.151076,0.105670,-0.000172,0.105670,-0.169445,0.000000,0.000000,0.000000,65535.000000,0.000000,0.000000,5.029428,1.880841,5.029428,1.880841,0.000000,0.000000,1.000000
7480.000000,5.030292,1.880790,0.086425,-0.005141,0.000000,0.000000,0.000000,0.000000,0.000000,0.122804,0.099383,-0.002723,0.099345,-0.324174,0.000000,0.000000,0.000000,65535.000000,0.000000,0.000000,5.030292,1.880790,5.030292,1.880790,0.000000,0.000000,1.000000
7490.000000,5.031035,1.880709,0.074351,-0.008093,0.000000,0.000000,0.000000,0.000000,0.000000,0.060603,0.086578,-0.003635,0.086502,-0.770391,0.000000,0.000000,0.000000,65535.000000,0.000000,0.000000,5.031035,1.880709,5.031035,1.880709,0.000000,0.000000,1.000000
7500.000000,5.031698,1.880617,0.066263,-0.009230,0.000000,0.000000,0.000000,0.000000,0.000000,0.060603,0.074791,-0.006811,0.074480,-0.764496,0.000000,0.000000,0.000000,65535.000000,0.000000,0.000000,5.031698,1.880617,5.031698,1.880617,0.000000,0.000000,1.000000
7510.000000,5.032263,1.880512,0.056467,-0.010472,0.000000,0.000000,0.000000,0.000000,0.000000,0.049053,0.066902,-0.008108,0.066409,-0.858577,0.000000,0.000000,0.000000,65535.000000,0.000000,0.000000,5.032263,1.880512,5.032263,1.880512,0.000000,0.000000,1.000000
7520.000000,5.032740,1.880387,0.047686,-0.012468,0.000000,0.000000,0.000000,0.000000,0.000000,0.053948,0.057430,-0.009558,0.056629,-0.866108,0.000000,0.000000,0.000000,65535.000000,0.000000,0.000000,5.032740,1.880387,5.032740,1.880387,0.000000,0.000000,1.000000
7530.000000,5.033142,1.880231,0.040212,-0.015612,0.000000,0.000000,0.000000,0.000000,0.000000,0.103419,0.049289,-0.011757,0.047867,-0.509745,0.000000,0.000000,0.000000,65535.000000,0.000000,0.000000,5.033142,1.880231,5.033142,1.880231,0.000000,0.000000,1.000000
7540.000000,5.033470,1.880043,0.032851,-0.018832,0.000000,0.000000,0.000000,0.000000,0.000000,0.146992,0.043136,-0.015069,0.040419,-0.483875,0.000000,0.000000,0.000000,65535.000000,0.000000,0.000000,5.033470,1.880043,5.033470,1.880043,0.000000,0.000000,1.000000
7550.000000,5.033740,1.879861,0.026976,-0.018198,0.000000,0.000000,0.000000,0.000000,0.000000,0.138399,0.037866,-0.018412,0.033088,-0.477152,0.000000,0.000000,0.000000,65535.000000,0.000000,0.000000,5.033740,1.879861,5.033740,1.879861,0.000000,0.000000,1.000000
7560.000000,5.033740,1.879861,0.000000,0.000000,0.000000,0.000000,0.000000,0.000000,0.000000,0.138399,0.032540,-0.017847,0.027209,-0.474884,0.000000,0.000000,0.000000,65535.000000,0.000000,0.000000,5.033740,1.879861,5.033740,1.879861,0.000000,0.000000,1.000000
7570.000000,5.033740,1.879861,0.000000,0.000000,0.000000,0.000000,0.000000,0.000000,0.000000,0.137808,0.027339,-0.016846,0.021531,-0.493404,0.000000,0.000000,0.000000,65535.000000,0.000000,0.000000,5.033740,1.879861,5.033740,1.879861,0.000000,0.000000,1.000000
7580.000000,5.033740,1.879861,0.000000,0.000000,0.000000,0.000000,0.000000,0.000000,0.000000,0.120976,0.022315,-0.015578,0.015977,-0.530950,0.000000,0.000000,0.000000,65535.000000,0.000000,0.000000,5.033740,1.879861,5.033740,1.879861,0.000000,0.000000,1.000000
7590.000000,5.033740,1.879861,0.000000,0.000000,0.000000,0.000000,0.000000,0.000000,0.000000,0.132231,0.018470,-0.014144,0.011878,-0.591946,0.000000,0.000000,0.000000,65535.000000,0.000000,0.000000,5.033740,1.879861,5.033740,1.879861,0.000000,0.000000,1.000000
7600.000000,5.033740,1.879861,0.000000,0.000000,0.000000,0.000000,0.000000,0.000000,0.000000,0.048921,0.014567,-0.012610,0.007293,-0.670269,0.000000,0.000000,0.000000,65535.000000,0.000000,0.000000,5.033740,1.879861,5.033740,1.879861,0.000000,0.000000,1.000000
7610.000000,5.033740,1.879861,0.000000,0.000000,0.000000,0.000000,0.000000,0.000000,0.000000,0.042783,0.012166,-0.011014,0.005167,-0.739754,0.000000,0.000000,0.000000,65535.000000,0.000000,0.000000,5.033740,1.879861,5.033740,1.879861,0.000000,0.000000,1.000000
7620.000000,5.033740,1.879861,0.000000,0.000000,0.000000,0.000000,0.000000,0.000000,0.000000,0.042783,0.009901,-0.009379,0.003173,-0.732810,0.000000,0.000000,0.000000,65535.000000,0.000000,0.000000,5.033740,1.879861,5.033740,1.879861,0.000000,0.000000,1.000000
7630.000000,5.033740,1.879861,0.000000,0.000000,0.000000,0.000000,0.000000,0.000000,0.000000,0.042783,0.006934,-0.006413,0.002637,-0.720224,0.000000,0.000000,0.000000,65535.000000,0.000000,0.000000,5.033740,1.879861,5.033740,1.879861,0.000000,0.000000,1.000000
7640.000000,5.033740,1.879861,0.000000,0.000000,0.000000,0.000000,0.000000,0.000000,0.000000,0.039368,0.006042,-0.005246,0.002998,-0.715069,0.000000,0.000000,0.000000,65535.000000,0.000000,0.000000,5.033740,1.879861,5.033740,1.879861,0.000000,0.000000,1.000000
7650.000000,5.033740,1.879861,0.000000,0.000000,0.000000,0.000000,0.000000,0.000000,0.000000,0.055708,0.004628,-0.003875,0.002530,-0.675179,0.000000,0.000000,0.000000,65535.000000,0.000000,0.000000,5.033740,1.879861,5.033740,1.879861,0.000000,0.000000,1.000000
7660.000000,5.033740,1.879861,0.000000,0.000000,0.000000,0.000000,0.000000,0.000000,0.000000,0.055708,0.004002,-0.003688,0.001553,-0.670646,0.000000,0.000000,0.000000,65535.000000,0.000000,0.000000,5.033740,1.879861,5.033740,1.879861,0.000000,0.000000,1.000000
7670.000000,5.033740,1.879861,0.000000,0.000000,0.000000,0.000000,0.000000,0.000000,0.000000,0.062564,0.003698,-0.003573,0.000954,-0.586494,0.000000,0.000000,0.000000,65535.000000,0.000000,0.000000,5.033740,1.879861,5.033740,1.879861,0.000000,0.000000,1.000000
7680.000000,5.033740,1.879861,0.000000,0.000000,0.000000,0.000000,0.000000,0.000000,0.000000,0.062564,0.004348,-0.004156,0.001275,-0.583071,0.000000,0.000000,0.000000,65535.000000,0.000000,0.000000,5.033740,1.879861,5.033740,1.879861,0.000000,0.000000,1.000000
7690.000000,5.033740,1.879861,0.000000,0.000000,0.000000,0.000000,0.000000,0.000000,0.000000,0.062564,0.003528,-0.003206,0.001472,-0.579688,0.000000,0.000000,0.000000,65535.000000,0.000000,0.000000,5.033740,1.879861,5.033740,1.879861,0.000000,0.000000,1.000000
7700.000000,5.033740,1.879861,0.000000,0.000000,0.000000,0.000000,0.000000,0.000000,0.000000,0.044265,0.003400,-0.003277,0.000904,-0.656337,0.000000,0.000000,0.000000,65535.000000,0.000000,0.000000,5.033740,1.879861,5.033740,1.879861,0.000000,0.000000,1.000000
7710.000000,5.033740,1.879861,0.000000,0.000000,0.000000,0.000000,0.000000,0.000000,0.000000,0.044265,0.004165,-0.003975,0.001244,-0.652053,0.000000,0.000000,0.000000,65535.000000,0.000000,0.000000,5.033740,1.879861,5.033740,1.879861,0.000000,0.000000,1.000000
7720.000000,5.033740,1.879861,0.000000,0.000000,0.000000,0.000000,0.000000,0.000000,0.000000,0.040320,0.005894,-0.005712,0.001453,-0.709122,0.000000,0.000000,0.000000,65535.000000,0.000000,0.000000,5.033740,1.879861,5.033740,1.879861,0.000000,0.000000,1.000000
7730.000000,5.033740,1.879861,0.000000,0.000000,0.000000,0.000000,0.000000,0.000000,0.000000,0.059112,0.007486,-0.007432,0.000892,-0.579112,0.000000,0.000000,0.000000,65535.000000,0.000000,0.000000,5.033740,1.879861,5.033740,1.879861,0.000000,0.000000,1.000000
7740.000000,5.033740,1.879861,0.000000,0.000000,0.000000,0.000000,0.000000,0.000000,0.000000,0.070663,0.007434,-0.007180,0.001926,-0.477919,0.000000,0.000000,0.000000,65535.000000,0.000000,0.000000,5.033740,1.879861,5.033740,1.879861,0.000000,0.000000,1.000000
7750.000000,5.033740,1.879861,0.000000,0.000000,0.000000,0.000000,0.000000,0.000000,0.000000,0.054222,0.008719,-0.008334,0.002561,-0.475643,0.000000,0.000000,0.000000,65535.000000,0.000000,0.000000,5.033740,1.879861,5.033740,1.879861,0.000000,0.000000,1.000000
7760.000000,5.033740,1.879861,0.000000,0.000000,0.000000,0.000000,0.000000,0.000000,0.000000,0.057774,0.010026,-0.009043,0.004330,-0.497033,0.000000,0.000000,0.000000,65535.000000,0.000000,0.000000,5.033740,1.879861,5.033740,1.879861,0.000000,0.000000,1.000000
7770.000000,5.033740,1.879861,0.000000,0.000000,0.000000,0.000000,0.000000,0.000000,0.000000,0.057236,0.011829,-0.010132,0.006105,-0.525165,0.000000,0.000000,0.000000,65535.000000,0.000000,0.000000,5.033740,1.879861,5.033740,1.879861,0.000000,0.000000,1.000000
7780.000000,5.033740,1.879861,0.000000,0.000000,0.000000,0.000000,0.000000,0.000000,0.000000,0.049628,0.011911,-0.009492,0.007195,-0.522419,0.000000,0.000000,0.000000,65535.000000,0.000000,0.000000,5.033740,1.879861,5.033740,1.879861,0.000000,0.000000,1.000000
7790.000000,5.033740,1.879861,0.000000,0.000000,0.000000,0.000000,0.000000,0.000000,0.000000,0.054053,0.012973,-0.009754,0.008553,-0.519701,0.000000,0.000000,0.000000,65535.000000,0.000000,0.000000,5.033740,1.879861,5.033740,1.879861,0.000000,0.000000,1.000000
7800.000000,5.033740,1.879861,0.000000,0.000000,0.000000,0.000000,0.000000,0.000000,0.000000,0.064798,0.015552,-0.011223,0.010766,-0.575836,0.000000,0.000000,0.000000,65535.000000,0.000000,0.000000,5.033740,1.879861,5.033740,1.879861,0.000000,0.000000,1.000000
7810.000000,5.033740,1.879861,0.000000,0.000000,0.000000,0.000000,0.000000,0.000000,0.000000,0.075974,0.020048,-0.013433,0.014882,-0.646775,0.000000,0.000000,0.000000,65535.000000,0.000000,0.000000,5.033740,1.879861,5.033740,1.879861,0.000000,0.000000,1.000000
7820.000000,5.034023,1.879666,0.028253,-0.019512,0.000000,0.000000,0.000000,0.000000,0.000000,0.100338,0.024066,-0.014136,0.019477,-0.642614,0.000000,0.000000,0.000000,65535.000000,0.000000,0.000000,5.034023,1.879666,5.034023,1.879666,0.000000,0.000000,1.000000
7830.000000,5.034415,1.879438,0.039242,-0.022775,0.000000,0.000000,0.000000,0.000000,0.000000,0.111101,0.034336,-0.019147,0.028502,-0.329351,0.000000,0.000000,0.000000,65535.000000,0.000000,0.000000,5.034415,1.879438,5.034415,1.879438,0.000000,0.000000,1.000000
7840.000000,5.034930,1.879202,0.051512,-0.023580,0.000000,0.000000,0.000000,0.000000,0.000000,0.152960,0.045373,-0.022224,0.039557,-0.166317,0.000000,0.000000,0.000000,65535.000000,0.000000,0.000000,5.034930,1.879202,5.034930,1.879202,0.000000,0.000000,1.000000
7850.000000,5.035604,1.878973,0.067344,-0.022880,0.000000,0.000000,0.000000,0.000000,0.000000,0.152960,0.056652,-0.022805,0.051859,-0.166040,0.000000,0.000000,0.000000,65535.000000,0.000000,0.000000,5.035604,1.878973,5.035604,1.878973,0.000000,0.000000,1.000000
7860.000000,5.036457,1.878761,0.085359,-0.021262,0.000000,0.000000,0.000000,0.000000,0.000000,0.152960,0.071125,-0.021853,0.067685,-0.165765,0.000000,0.000000,0.000000,65535.000000,0.000000,0.000000,5.036457,1.878761,5.036457,1.878761,0.000000,0.000000,1.000000
7870.000000,5.037580,1.878615,0.112364,-0.014602,0.000000,0.000000,0.000000,0.000000,0.000000,0.129867,0.087967,-0.019960,0.085673,-0.246293,0.000000,0.000000,0.000000,65535.000000,0.000000,0.000000,5.037580,1.878615,5.037580,1.878615,0.000000,0.000000,1.000000
7880.000000,5.038980,1.878535,0.140018,-0.007926,0.000000,0.000000,0.000000,0.000000,0.000000,0.255018,0.113309,-0.012910,0.112571,0.292459,0.000000,0.000000,0.000000,65535.000000,0.000000,0.000000,5.038980,1.878535,5.038980,1.878535,0.000000,0.000000,1.000000
7890.000000,5.040502,1.878440,0.152094,-0.009516,0.000000,0.000000,0.000000,0.000000,0.000000,0.283906,0.140242,-0.005964,0.140115,0.313750,0.000000,0.000000,0.000000,65535.000000,0.000000,0.000000,5.040502,1.878440,5.040502,1.878440,0.000000,0.000000,1.000000
7900.000000,5.042021,1.878318,0.151918,-0.012194,0.000000,0.000000,0.000000,0.000000,0.000000,0.283906,0.152391,-0.007587,0.152202,0.312767,0.000000,0.000000,0.000000,65535.000000,0.000000,0.000000,5.042021,1.878318,5.042021,1.878318,0.000000,0.000000,1.000000
7910.000000,5.043463,1.878122,0.144187,-0.019575,0.000000,0.000000,0.000000,0.000000,0.000000,0.256594,0.152407,-0.010547,0.152041,0.311768,0.000000,0.000000,0.000000,65535.000000,0.000000,0.000000,5.043463,1.878122,5.043463,1.878122,0.000000,0.000000,1.000000
7920.000000,5.044857,1.877802,0.139376,-0.032027,0.000000,0.000000,0.000000,0.000000,0.000000,0.256594,0.145510,-0.018252,0.144360,0.132270,0.000000,0.000000,0.000000,65535.000000,0.000000,0.000000,5.044857,1.877802,5.044857,1.877802,0.000000,0.000000,1.000000
7930.000000,5.046172,1.877398,0.131557,-0.040426,0.000000,0.000000,0.000000,0.000000,0.000000,0.204193,0.143008,-0.030834,0.139644,-0.100548,0.000000,0.000000,0.000000,65535.000000,0.000000,0.000000,5.046172,1.877398,5.046172,1.877398,0.000000,0.000000,1.000000
7940.000000,5.047391,1.876935,0.121886,-0.046276,0.000000,0.000000,0.000000,0.000000,0.000000,0.095118,0.137628,-0.039213,0.131924,-0.575500,0.000000,0.000000,0.000000,65535.000000,0.000000,0.000000,5.047391,1.876935,5.047391,1.876935,0.000000,0.000000,1.000000
7950.000000,5.048536,1.876449,0.114536,-0.048630,0.000000,0.000000,0.000000,0.000000,0.000000,0.095118,0.130375,-0.045013,0.122358,-0.572204,0.000000,0.000000,0.000000,65535.000000,0.000000,0.000000,5.048536,1.876449,5.048536,1.876449,0.000000,0.000000,1.000000
7960.000000,5.049615,1.875928,0.107876,-0.052107,0.000000,0.000000,0.000000,0.000000,0.000000,0.072841,0.124433,-0.047265,0.115107,-0.667040,0.000000,0.000000,0.000000,65535.000000,0.000000,0.000000,5.049615,1.875928,5.049615,1.875928,0.000000,0.000000,1.000000
7970.000000,5.050591,1.875458,0.097665,-0.046982,0.000000,0.000000,0.000000,0.000000,0.000000,0.072841,0.119801,-0.050610,0.108586,-0.662616,0.000000,0.000000,0.000000,65535.000000,0.000000,0.000000,5.050591,1.875458,5.050591,1.875458,0.000000,0.000000,1.000000
7980.000000,5.051527,1.875053,0.093548,-0.040530,0.000000,0.000000,0.000000,0.000000,0.000000,0.072215,0.108378,-0.045468,0.098379,-0.661029,0.000000,0.000000,0.000000,65535.000000,0.000000,0.000000,5.051527,1.875053,5.051527,1.875053,0.000000,0.000000,1.000000
7990.000000,5.052493,1.874687,0.096570,-0.036566,0.000000,0.000000,0.000000,0.000000,0.000000,0.191332,0.101950,-0.039039,0.094180,-0.378879,0.000000,0.000000,0.000000,65535.000000,0.000000,0.000000,5.052493,1.874687,5.052493,1.874687,0.000000,0.000000,1.000000
8000.000000,5.053443,1.874341,0.095023,-0.034583,0.000000,0.000000,0.000000,0.000000,0.000000,0.168699,0.103261,-0.035092,0.097116,0.149587,0.000000,0.000000,0.000000,65535.000000,0.000000,0.000000,5.053443,1.874341,5.053443,1.874341,0.000000,0.000000,1.000000
8010.000000,5.054315,1.873970,0.087178,-0.037097,0.000000,0.000000,0.000000,0.000000,0.000000,0.205638,0.101120,-0.033323,0.095472,0.334858,0.000000,0.000000,0.000000,65535.000000,0.000000,0.000000,5.054315,1.873970,5.054315,1.873970,0.000000,0.000000,1.000000
8020.000000,5.055077,1.873565,0.076186,-0.040491,0.000000,0.000000,0.000000,0.000000,0.000000,0.207334,0.094743,-0.036162,0.087570,0.341876,0.000000,0.000000,0.000000,65535.000000,0.000000,0.000000,5.055077,1.873565,5.055077,1.873565,0.000000,0.000000,1.000000
8030.000000,5.055709,1.873159,0.063259,-0.040594,0.000000,0.000000,0.000000,0.000000,0.000000,0.207334,0.086278,-0.039868,0.076514,0.340710,0.000000,0.000000,0.000000,65535.000000,0.000000,0.000000,5.055709,1.873159,5.055709,1.873159,0.000000,0.000000,1.000000
8040.000000,5.056242,1.872772,0.053250,-0.038725,0.000000,0.000000,0.000000,0.000000,0.000000,0.194326,0.075164,-0.040181,0.063523,0.254056,0.000000,0.000000,0.000000,65535.000000,0.000000,0.000000,5.056242,1.872772,5.056242,1.872772,0.000000,0.000000,1.000000
8050.000000,5.056706,1.872377,0.046390,-0.039558,0.000000,0.000000,0.000000,0.000000,0.000000,0.216490,0.065842,-0.038410,0.053478,0.393503,0.000000,0.000000,0.000000,65535.000000,0.000000,0.000000,5.056706,1.872377,5.056706,1.872377,0.000000,0.000000,1.000000
8060.000000,5.057107,1.872009,0.040128,-0.036787,0.000000,0.000000,0.000000,0.000000,0.000000,0.216490,0.060966,-0.039285,0.046621,0.391959,0.000000,0.000000,0.000000,65535.000000,0.000000,0.000000,5.057107,1.872009,5.057107,1.872009,0.000000,0.000000,1.000000
8070.000000,5.057470,1.871697,0.036302,-0.031166,0.000000,0.000000,0.000000,0.000000,0.000000,0.203012,0.054439,-0.036552,0.040343,0.208012,0.000000,0.000000,0.000000,65535.000000,0.000000,0.000000,5.057470,1.871697,5.057470,1.871697,0.000000,0.000000,1.000000
8080.000000,5.057755,1.871420,0.028436,-0.027684,0.000000,0.000000,0.000000,0.000000,0.000000,0.163252,0.047845,-0.030948,0.036489,0.088050,0.000000,0.000000,0.000000,65535.000000,0.000000,0.000000,5.057755,1.871420,5.057755,1.871420,0.000000,0.000000,1.000000
8090.000000,5.057942,1.871172,0.018788,-0.024858,0.000000,0.000000,0.000000,0.000000,0.000000,0.167806,0.039687,-0.027507,0.028608,0.196605,0.000000,0.000000,0.000000,65535.000000,0.000000,0.000000,5.057942,1.871172,5.057942,1.871172,0.000000,0.000000,1.000000
8100.000000,5.057942,1.871172,0.000000,0.000000,0.000000,0.000000,0.000000,0.000000,0.000000,0.167806,0.031160,-0.024740,0.018944,0.196219,0.000000,0.000000,0.000000,65535.000000,0.000000,0.000000,5.057942,1.871172,5.057942,1.871172,0.000000,0.000000,1.000000
8110.000000,5.057942,1.871172,0.000000,0.000000,0.000000,0.000000,0.000000,0.000000,0.000000,0.157922,0.025916,-0.021079,0.015078,0.152235,0.000000,0.000000,0.000000,65535.000000,0.000000,0.000000,5.057942,1.871172,5.057942,1.871172,0.000000,0.000000,1.000000
8120.000000,5.057942,1.871172,0.000000,0.000000,0.000000,0.000000,0.000000,0.000000,0.000000,0.164076,0.024015,-0.020793,0.012015,-0.211974,0.000000,0.000000,0.000000,65535.000000,0.000000,0.000000,5.057942,1.871172,5.057942,1.871172,0.000000,0.000000,1.000000
8130.000000,5.057942,1.871172,0.000000,0.000000,0.000000,0.000000,0.000000,0.000000,0.000000,0.164076,0.020324,-0.018655,0.008066,-0.211525,0.000000,0.000000,0.000000,65535.000000,0.000000,0.000000,5.057942,1.871172,5.057942,1.871172,0.000000,0.000000,1.000000
8140.000000,5.057942,1.871172,0.000000,0.000000,0.000000,0.000000,0.000000,0.000000,0.000000,0.161806,0.015330,-0.014725,0.004264,-0.220231,0.000000,0.000000,0.000000,65535.000000,0.000000,0.000000,5.057942,1.871172,5.057942,1.871172,0.000000,0.000000,1.000000
8150.000000,5.057942,1.871172,0.000000,0.000000,0.000000,0.000000,0.000000,0.000000,0.000000,0.114690,0.010424,-0.010350,0.001239,-0.402296,0.000000,0.000000,0.000000,65535.000000,0.000000,0.000000,5.057942,1.871172,5.057942,1.871172,0.000000,0.000000,1.000000
8160.000000,5.057942,1.871172,0.000000,0.000000,0.000000,0.000000,0.000000,0.000000,0.000000,0.114690,0.007688,-0.007663,-0.000618,-0.400682,0.000000,0.000000,0.000000,65535.000000,0.000000,0.000000,5.057942,1.871172,5.057942,1.871172,0.000000,0.000000,1.000000
8170.000000,5.057942,1.871172,0.000000,0.000000,0.000000,0.000000,0.000000,0.000000,0.000000,0.069974,0.006026,-0.006014,-0.000379,-0.692727,0.000000,0.000000,0.000000,65535.000000,0.000000,0.000000,5.057942,1.871172,5.057942,1.871172,0.000000,0.000000,1.000000
8180.000000,5.057942,1.871172,0.000000,0.000000,0.000000,0.000000,0.000000,0.000000,0.000000,0.069974,0.003072,-0.003038,0.000456,-0.687957,0.000000,0.000000,0.000000,65535.000000,0.000000,0.000000,5.057942,1.871172,5.057942,1.871172,0.000000,0.000000,1.000000
8190.000000,5.057942,1.871172,0.000000,0.000000,0.000000,0.000000,0.000000,0.000000,0.000000,0.066317,0.001886,-0.001865,0.000280,-0.711098,0.000000,0.000000,0.000000,65535.000000,0.000000,0.000000,5.057942,1.871172,5.057942,1.871172,0.000000,0.000000,1.000000
8200.000000,5.057942,1.871172,0.000000,0.000000,0.000000,0.000000,0.000000,0.000000,0.000000,0.027931,0.001158,-0.001145,0.000172,-0.903050,0.000000,0.000000,0.000000,65535.000000,0.000000,0.000000,5.057942,1.871172,5.057942,1.871172,0.000000,0.000000,1.000000
8210.000000,5.057942,1.871172,0.000000,0.000000,0.000000,0.000000,0.000000,0.000000,0.000000,0.027931,0.000586,-0.000049,-0.000584,-0.894960,0.000000,0.000000,0.000000,65535.000000,0.000000,0.000000,5.057942,1.871172,5.057942,1.871172,0.000000,0.000000,1.000000
8220.000000,5.057942,1.871172,0.000000,0.000000,0.000000,0.000000,0.000000,0.000000,0.000000,0.025582,0.000360,-0.000030,-0.000358,-0.931520,0.000000,0.000000,0.000000,65535.000000,0.000000,0.000000,5.057942,1.871172,5.057942,1.871172,0.000000,0.000000,1.000000
8230.000000,5.057942,1.871172,0.000000,0.000000,0.000000,0.000000,0.000000,0.000000,0.000000,0.025582,0.001110,0.000636,-0.000909,-0.922914,0.000000,0.000000,0.000000,65535.000000,0.000000,0.000000,5.057942,1.871172,5.057942,1.871172,0.000000,0.000000,1.000000
8240.000000,5.057942,1.871172,0.000000,0.000000,0.000000,0.000000,0.000000,0.000000,0.000000,0.025297,0.000681,0.000390,-0.000558,-0.914465,0.000000,0.000000,0.000000,65535.000000,0.000000,0.000000,5.057942,1.871172,5.057942,1.871172,0.000000,0.000000,1.000000
8250.000000,5.057942,1.871172,0.000000,0.000000,0.000000,0.000000,0.000000,0.000000,0.000000,0.011749,0.000959,0.000894,0.000346,-1.018237,0.000000,0.000000,0.000000,65535.000000,0.000000,0.000000,5.057942,1.871172,5.057942,1.871172,0.000000,0.000000,1.000000
8260.000000,5.057942,1.871172,0.000000,0.000000,0.000000,0.000000,0.000000,0.000000,0.000000,0.008963,0.000589,0.000549,0.000213,-1.011112,0.000000,0.000000,0.000000,65535.000000,0.000000,0.000000,5.057942,1.871172,5.057942,1.871172,0.000000,0.000000,1.000000
8270.000000,5.057942,1.871172,0.000000,0.000000,0.000000,0.000000,0.000000,0.000000,0.000000,0.009499,0.000361,0.000337,0.000131,-0.986773,0.000000,0.000000,0.000000,65535.000000,0.000000,0.000000,5.057942,1.871172,5.057942,1.871172,0.000000,0.000000,1.000000
8280.000000,5.057942,1.871172,0.000000,0.000000,0.000000,0.000000,0.000000,0.000000,0.000000,0.009499,0.000222,0.000207,0.000080,-0.977122,0.000000,0.000000,0.000000,65535.000000,0.000000,0.000000,5.057942,1.871172,5.057942,1.871172,0.000000,0.000000,1.000000
8290.000000,5.057942,1.871172,0.000000,0.000000,0.000000,0.000000,0.000000,0.000000,0.000000,0.009499,0.000136,0.000127,0.000049,-0.967657,0.000000,0.000000,0.000000,65535.000000,0.000000,0.000000,5.057942,1.871172,5.057942,1.871172,0.000000,0.000000,1.000000
8300.000000,5.057942,1.871172,0.000000,0.000000,0.000000,0.000000,0.000000,0.000000,0.000000,0.007405,0.000084,0.000078,0.000030,-0.988927,0.000000,0.000000,0.000000,65535.000000,0.000000,0.000000,5.057942,1.871172,5.057942,1.871172,0.000000,0.000000,1.000000
8310.000000,5.057942,1.871172,0.000000,0.000000,0.000000,0.000000,0.000000,0.000000,0.000000,0.009831,0.000051,0.000048,0.000019,-0.975654,0.000000,0.000000,0.000000,65535.000000,0.000000,0.000000,5.057942,1.871172,5.057942,1.871172,0.000000,0.000000,1.000000
8320.000000,5.057942,1.871172,0.000000,0.000000,0.000000,0.000000,0.000000,0.000000,0.000000,0.009831,0.000032,0.000029,0.000011,-0.966218,0.000000,0.000000,0.000000,65535.000000,0.000000,0.000000,5.057942,1.871172,5.057942,1.871172,0.000000,0.000000,1.000000
8330.000000,5.057942,1.871172,0.000000,0.000000,0.000000,0.000000,0.000000,0.000000,0.000000,0.009831,0.000019,0.000018,0.000007,-0.956962,0.000000,0.000000,0.000000,65535.000000,0.000000,0.000000,5.057942,1.871172,5.057942,1.871172,0.000000,0.000000,1.000000
8340.000000,5.057942,1.871172,0.000000,0.000000,0.000000,0.000000,0.000000,0.000000,0.000000,0.007768,0.000012,0.000011,0.000004,-0.948911,0.000000,0.000000,0.000000,65535.000000,0.000000,0.000000,5.057942,1.871172,5.057942,1.871172,0.000000,0.000000,1.000000
8350.000000,5.057942,1.871172,0.000000,0.000000,0.000000,0.000000,0.000000,0.000000,0.000000,0.010609,0.000007,0.000007,0.000003,-0.899335,0.000000,0.000000,0.000000,65535.000000,0.000000,0.000000,5.057942,1.871172,5.057942,1.871172,0.000000,0.000000,1.000000
8360.000000,5.057942,1.871172,0.000000,0.000000,0.000000,0.000000,0.000000,0.000000,0.000000,0.011336,0.000954,0.000658,0.000691,-0.888644,0.000000,0.000000,0.000000,65535.000000,0.000000,0.000000,5.057942,1.871172,5.057942,1.871172,0.000000,0.000000,1.000000
8370.000000,5.057942,1.871172,0.000000,0.000000,0.000000,0.000000,0.000000,0.000000,0.000000,0.015905,0.003207,0.000404,0.003181,-0.839337,0.000000,0.000000,0.000000,65535.000000,0.000000,0.000000,5.057942,1.871172,5.057942,1.871172,0.000000,0.000000,1.000000
8380.000000,5.057942,1.871172,0.000000,0.000000,0.000000,0.000000,0.000000,0.000000,0.000000,0.021406,0.004042,-0.000406,0.004021,-0.799738,0.000000,0.000000,0.000000,65535.000000,0.000000,0.000000,5.057942,1.871172,5.057942,1.871172,0.000000,0.000000,1.000000
8390.000000,5.057942,1.871172,0.000000,0.000000,0.000000,0.000000,0.000000,0.000000,0.000000,0.032627,0.004626,-0.000904,0.004537,-0.502842,0.000000,0.000000,0.000000,65535.000000,0.000000,0.000000,5.057942,1.871172,5.057942,1.871172,0.000000,0.000000,1.000000
8400.000000,5.057942,1.871172,0.000000,0.000000,0.000000,0.000000,0.000000,0.000000,0.000000,0.042305,0.004855,0.000099,0.004854,-0.490922,0.000000,0.000000,0.000000,65535.000000,0.000000,0.000000,5.057942,1.871172,5.057942,1.871172,0.000000,0.000000,1.000000
8410.000000,5.057942,1.871172,0.000000,0.000000,0.000000,0.000000,0.000000,0.000000,0.000000,0.048000,0.007246,0.001370,0.007116,-0.488521,0.000000,0.000000,0.000000,65535.000000,0.000000,0.000000,5.057942,1.871172,5.057942,1.871172,0.000000,0.000000,1.000000
8420.000000,5.057942,1.871172,0.000000,0.000000,0.000000,0.000000,0.000000,0.000000,0.000000,0.064645,0.012668,0.000841,0.012641,-0.429218,0.000000,0.000000,0.000000,65535.000000,0.000000,0.000000,5.057942,1.871172,5.057942,1.871172,0.000000,0.000000,1.000000
8430.000000,5.057942,1.871172,0.000000,0.000000,0.000000,0.000000,0.000000,0.000000,0.000000,0.077502,0.017507,0.001825,0.017411,-0.427382,0.000000,0.000000,0.000000,65535.000000,0.000000,0.000000,5.057942,1.871172,5.057942,1.871172,0.000000,0.000000,1.000000
8440.000000,5.058282,1.871275,0.033968,0.010344,0.000000,0.000000,0.000000,0.000000,0.000000,0.123077,0.024189,0.004392,0.023787,-0.262821,0.000000,0.000000,0.000000,65535.000000,0.000000,0.000000,5.058282,1.871275,5.058282,1.871275,0.000000,0.000000,1.000000
8450.000000,5.058774,1.871461,0.049206,0.018573,0.000000,0.000000,0.000000,0.000000,0.000000,0.123077,0.035508,0.010547,0.033905,-0.244635,0.000000,0.000000,0.000000,65535.000000,0.000000,0.000000,5.058774,1.871461,5.058774,1.871461,0.000000,0.000000,1.000000
8460.000000,5.059436,1.871703,0.066172,0.024165,0.000000,0.000000,0.000000,0.000000,0.000000,0.156809,0.052594,0.018907,0.049078,0.004010,0.000000,0.000000,0.000000,65535.000000,0.000000,0.000000,5.059436,1.871703,5.059436,1.871703,0.000000,0.000000,1.000000
8470.000000,5.060188,1.871978,0.075230,0.027559,0.000000,0.000000,0.000000,0.000000,0.000000,0.182513,0.070447,0.024693,0.065977,0.199144,0.000000,0.000000,0.000000,65535.000000,0.000000,0.000000,5.060188,1.871978,5.060188,1.871978,0.000000,0.000000,1.000000
8480.000000,5.060940,1.872209,0.075221,0.023130,0.000000,0.000000,0.000000,0.000000,0.000000,0.182513,0.080119,0.028246,0.074974,0.227999,0.000000,0.000000,0.000000,65535.000000,0.000000,0.000000,5.060940,1.872209,5.060940,1.872209,0.000000,0.000000,1.000000
8490.000000,5.061672,1.872394,0.073124,0.018466,0.000000,0.000000,0.000000,0.000000,0.000000,0.178661,0.078697,0.023886,0.074984,0.227480,0.000000,0.000000,0.000000,65535.000000,0.000000,0.000000,5.061672,1.872394,5.061672,1.872394,0.000000,0.000000,1.000000
8500.000000,5.062356,1.872557,0.068389,0.016317,0.000000,0.000000,0.000000,0.000000,0.000000,0.107179,0.075419,0.019245,0.072922,-0.167097,0.000000,0.000000,0.000000,65535.000000,0.000000,0.000000,5.062356,1.872557,5.062356,1.872557,0.000000,0.000000,1.000000
8510.000000,5.062990,1.872741,0.063441,0.018320,0.000000,0.000000,0.000000,0.000000,0.000000,0.113983,0.070309,0.017051,0.068210,-0.071311,0.000000,0.000000,0.000000,65535.000000,0.000000,0.000000,5.062990,1.872741,5.062990,1.872741,0.000000,0.000000,1.000000
8520.000000,5.063691,1.872987,0.070104,0.024688,0.000000,0.000000,0.000000,0.000000,0.000000,0.165553,0.066034,0.018974,0.063249,0.036638,0.000000,0.000000,0.000000,65535.000000,0.000000,0.000000,5.063691,1.872987,5.063691,1.872987,0.000000,0.000000,1.000000
8530.000000,5.064579,1.873461,0.088869,0.047399,0.000000,0.000000,0.000000,0.000000,0.000000,0.165553,0.074324,0.025389,0.069853,0.036625,0.000000,0.000000,0.000000,65535.000000,0.000000,0.000000,5.064579,1.873461,5.064579,1.873461,0.000000,0.000000,1.000000
8540.000000,5.065396,1.873939,0.081667,0.047754,0.000000,0.000000,0.000000,0.000000,0.000000,0.161626,0.100719,0.048301,0.088382,-0.087758,0.000000,0.000000,0.000000,65535.000000,0.000000,0.000000,5.065396,1.873939,5.065396,1.873939,0.000000,0.000000,1.000000
8550.000000,5.066016,1.874329,0.061991,0.038969,0.000000,0.000000,0.000000,0.000000,0.000000,0.093299,0.094604,0.048630,0.081149,-0.307653,0.000000,0.000000,0.000000,65535.000000,0.000000,0.000000,5.066016,1.874329,5.066016,1.874329,0.000000,0.000000,1.000000
8560.000000,5.066453,1.874619,0.043647,0.029081,0.000000,0.000000,0.000000,0.000000,0.000000,0.089274,0.073222,0.039672,0.061543,-0.306708,0.000000,0.000000,0.000000,65535.000000,0.000000,0.000000,5.066453,1.874619,5.066453,1.874619,0.000000,0.000000,1.000000
8570.000000,5.066749,1.874837,0.029601,0.021750,0.000000,0.000000,0.000000,0.000000,0.000000,0.094981,0.052448,0.029593,0.043302,-0.305770,0.000000,0.000000,0.000000,65535.000000,0.000000,0.000000,5.066749,1.874837,5.066749,1.874837,0.000000,0.000000,1.000000
8580.000000,5.066749,1.874837,0.000000,0.000000,0.000000,0.000000,0.000000,0.000000,0.000000,0.129376,0.036733,0.022095,0.029344,-0.309450,0.000000,0.000000,0.000000,65535.000000,0.000000,0.000000,5.066749,1.874837,5.066749,1.874837,0.000000,0.000000,1.000000
8590.000000,5.066749,1.874837,0.000000,0.000000,0.000000,0.000000,0.000000,0.000000,0.000000,0.127888,0.025168,0.016838,0.018707,-0.308494,0.000000,0.000000,0.000000,65535.000000,0.000000,0.000000,5.066749,1.874837,5.066749,1.874837,0.000000,0.000000,1.000000
8600.000000,5.066749,1.874837,0.000000,0.000000,0.000000,0.000000,0.000000,0.000000,0.000000,0.122510,0.015622,0.012955,0.008729,-0.330732,0.000000,0.000000,0.000000,65535.000000,0.000000,0.000000,5.066749,1.874837,5.066749,1.874837,0.000000,0.000000,1.000000
8610.000000,5.066749,1.874837,0.000000,0.000000,0.000000,0.000000,0.000000,0.000000,0.000000,0.066259,0.009622,0.009263,0.002602,-0.545303,0.000000,0.000000,0.000000,65535.000000,0.000000,0.000000,5.066749,1.874837,5.066749,1.874837,0.000000,0.000000,1.000000
8620.000000,5.066749,1.874837,0.000000,0.000000,0.000000,0.000000,0.000000,0.000000,0.000000,0.082615,0.005692,0.005687,0.000219,-0.744706,0.000000,0.000000,0.000000,65535.000000,0.000000,0.000000,5.066749,1.874837,5.066749,1.874837,0.000000,0.000000,1.000000
8630.000000,5.066749,1.874837,0.000000,0.000000,0.000000,0.000000,0.000000,0.000000,0.000000,0.082295,0.002513,0.002184,-0.001244,-0.745459,0.000000,0.000000,0.000000,65535.000000,0.000000,0.000000,5.066749,1.874837,5.066749,1.874837,0.000000,0.000000,1.000000
8640.000000,5.066749,1.874837,0.000000,0.000000,0.000000,0.000000,0.000000,0.000000,0.000000,0.045900,0.001543,0.001341,-0.000764,-0.782909,0.000000,0.000000,0.000000,65535.000000,0.000000,0.000000,5.066749,1.874837,5.066749,1.874837,0.000000,0.000000,1.000000
8650.000000,5.066749,1.874837,0.000000,0.000000,0.000000,0.000000,0.000000,0.000000,0.000000,0.033897,0.000947,0.000823,-0.000469,-0.864496,0.000000,0.000000,0.000000,65535.000000,0.000000,0.000000,5.066749,1.874837,5.066749,1.874837,0.000000,0.000000,1.000000
8660.000000,5.066749,1.874837,0.000000,0.000000,0.000000,0.000000,0.000000,0.000000,0.000000,0.040822,0.000988,-0.000149,-0.000977,-0.857079,0.000000,0.000000,0.000000,65535.000000,0.000000,0.000000,5.066749,1.874837,5.066749,1.874837,0.000000,0.000000,1.000000
8670.000000,5.066749,1.874837,0.000000,0.000000,0.000000,0.000000,0.000000,0.000000,0.000000,0.042218,0.001489,-0.000746,-0.001289,-0.849789,0.000000,0.000000,0.000000,65535.000000,0.000000,0.000000,5.066749,1.874837,5.066749,1.874837,0.000000,0.000000,1.000000
8680.000000,5.066749,1.874837,0.000000,0.000000,0.000000,0.000000,0.000000,0.000000,0.000000,0.046634,0.001852,-0.001112,-0.001481,-0.707757,0.000000,0.000000,0.000000,65535.000000,0.000000,0.000000,5.066749,1.874837,5.066749,1.874837,0.000000,0.000000,1.000000
8690.000000,5.066749,1.874837,0.000000,0.000000,0.000000,0.000000,0.000000,0.000000,0.000000,0.053442,0.001137,-0.000683,-0.000909,-0.616149,0.000000,0.000000,0.000000,65535.000000,0.000000,0.000000,5.066749,1.874837,5.066749,1.874837,0.000000,0.000000,1.000000
8700.000000,5.066749,1.874837,0.000000,0.000000,0.000000,0.000000,0.000000,0.000000,0.000000,0.053442,0.000698,-0.000419,-0.000558,-0.612372,0.000000,0.000000,0.000000,65535.000000,0.000000,0.000000,5.066749,1.874837,5.066749,1.874837,0.000000,0.000000,1.000000
8710.000000,5.066749,1.874837,0.000000,0.000000,0.000000,0.000000,0.000000,0.000000,0.000000,0.051530,0.001106,0.000397,-0.001032,-0.610759,0.000000,0.000000,0.000000,65535.000000,0.000000,0.000000,5.066749,1.874837,5.066749,1.874837,0.000000,0.000000,1.000000
8720.000000,5.066749,1.874837,0.000000,0.000000,0.000000,0.000000,0.000000,0.000000,0.000000,0.020098,0.000679,0.000244,-0.000634,-0.868979,0.000000,0.000000,0.000000,65535.000000,0.000000,0.000000,5.066749,1.874837,5.066749,1.874837,0.000000,0.000000,1.000000
8730.000000,5.066749,1.874837,0.000000,0.000000,0.000000,0.000000,0.000000,0.000000,0.000000,0.020098,0.001774,0.000150,-0.001768,-0.862528,0.000000,0.000000,0.000000,65535.000000,0.000000,0.000000,5.066749,1.874837,5.066749,1.874837,0.000000,0.000000,1.000000
8740.000000,5.066749,1.874837,0.000000,0.000000,0.000000,0.000000,0.000000,0.000000,0.000000,0.014642,0.001089,0.000092,-0.001085,-0.885430,0.000000,0.000000,0.000000,65535.000000,0.000000,0.000000,5.066749,1.874837,5.066749,1.874837,0.000000,0.000000,1.000000
8750.000000,5.066749,1.874837,0.000000,0.000000,0.000000,0.000000,0.000000,0.000000,0.000000,0.026101,0.000669,0.000056,-0.000666,-0.774699,0.000000,0.000000,0.000000,65535.000000,0.000000,0.000000,5.066749,1.874837,5.066749,1.874837,0.000000,0.000000,1.000000
8760.000000,5.066749,1.874837,0.000000,0.000000,0.000000,0.000000,0.000000,0.000000,0.000000,0.026101,0.000411,0.000035,-0.000409,-0.768737,0.000000,0.000000,0.000000,65535.000000,0.000000,0.000000,5.066749,1.874837,5.066749,1.874837,0.000000,0.000000,1.000000
8770.000000,5.066749,1.874837,0.000000,0.000000,0.000000,0.000000,0.000000,0.000000,0.000000,0.026101,0.000252,0.000021,-0.000251,-0.762867,0.000000,0.000000,0.000000,65535.000000,0.000000,0.000000,5.066749,1.874837,5.066749,1.874837,0.000000,0.000000,1.000000
8780.000000,5.066749,1.874837,0.000000,0.000000,0.000000,0.000000,0.000000,0.000000,0.000000,0.013488,0.000155,0.000013,-0.000154,-0.879028,0.000000,0.000000,0.000000,65535.000000,0.000000,0.000000,5.066749,1.874837,5.066749,1.874837,0.000000,0.000000,1.000000
8790.000000,5.066749,1.874837,0.000000,0.000000,0.000000,0.000000,0.000000,0.000000,0.000000,0.010987,0.000095,0.000008,-0.000095,-0.891893,0.000000,0.000000,0.000000,65535.000000,0.000000,0.000000,5.066749,1.874837,5.066749,1.874837,0.000000,0.000000,1.000000
8800.000000,5.066749,1.874837,0.000000,0.000000,0.000000,0.000000,0.000000,0.000000,0.000000,0.007594,0.000058,0.000005,-0.000058,-0.926230,0.000000,0.000000,0.000000,65535.000000,0.000000,0.000000,5.066749,1.874837,5.066749,1.874837,0.000000,0.000000,1.000000
8810.000000,5.066749,1.874837,0.000000,0.000000,0.000000,0.000000,0.000000,0.000000,0.000000,0.009912,0.000036,0.000003,-0.000036,-0.915858,0.000000,0.000000,0.000000,65535.000000,0.000000,0.000000,5.066749,1.874837,5.066749,1.874837,0.000000,0.000000,1.000000
8820.000000,5.066749,1.874837,0.000000,0.000000,0.000000,0.000000,0.000000,0.000000,0.000000,0.009912,0.000022,0.000002,-0.000022,-0.907538,0.000000,0.000000,0.000000,65535.000000,0.000000,0.000000,5.066749,1.874837,5.066749,1.874837,0.000000,0.000000,1.000000
8830.000000,5.066749,1.874837,0.000000,0.000000,0.000000,0.000000,0.000000,0.000000,0.000000,0.009912,0.000014,0.000001,-0.000013,-0.899368,0.000000,0.000000,0.000000,65535.000000,0.000000,0.000000,5.066749,1.874837,5.066749,1.874837,0.000000,0.000000,1.000000
8840.000000,5.066749,1.874837,0.000000,0.000000,0.000000,0.000000,0.000000,0.000000,0.000000,0.008136,0.000008,0.000001,-0.000008,-0.907365,0.000000,0.000000,0.000000,65535.000000,0.000000,0.000000,5.066749,1.874837,5.066749,1.874837,0.000000,0.000000,1.000000
8850.000000,5.066749,1.874837,0.000000,0.000000,0.000000,0.000000,0.000000,0.000000,0.000000,0.008384,0.000005,0.000000,-0.000005,-0.898792,0.000000,0.000000,0.000000,65535.000000,0.000000,0.000000,5.066749,1.874837,5.066749,1.874837,0.000000,0.000000,1.000000
8860.000000,5.066749,1.874837,0.000000,0.000000,0.000000,0.000000,0.000000,0.000000,0.000000,0.008384,0.000003,0.000000,-0.000003,-0.890778,0.000000,0.000000,0.000000,65535.000000,0.000000,0.000000,5.066749,1.874837,5.066749,1.874837,0.000000,0.000000,1.000000
8870.000000,5.066749,1.874837,0.000000,0.000000,0.000000,0.000000,0.000000,0.000000,0.000000,0.007622,0.000002,0.000000,-0.000002,-0.892414,0.000000,0.000000,0.000000,65535.000000,0.000000,0.000000,5.066749,1.874837,5.066749,1.874837,0.000000,0.000000,1.000000
8880.000000,5.066749,1.874837,0.000000,0.000000,0.000000,0.000000,0.000000,0.000000,0.000000,0.006453,0.000001,0.000000,-0.000001,-0.881480,0.000000,0.000000,0.000000,65535.000000,0.000000,0.000000,5.066749,1.874837,5.066749,1.874837,0.000000,0.000000,1.000000
8890.000000,5.066749,1.874837,0.000000,0.000000,0.000000,0.000000,0.000000,0.000000,0.000000,0.006457,0.000001,0.000000,-0.000001,-0.873771,0.000000,0.000000,0.000000,65535.000000,0.000000,0.000000,5.066749,1.874837,5.066749,1.874837,0.000000,0.000000,1.000000
8900.000000,5.066749,1.874837,0.000000,0.000000,0.000000,0.000000,0.000000,0.000000,0.000000,0.006457,0.000000,0.000000,-0.000000,-0.861934,0.000000,0.000000,0.000000,65535.000000,0.000000,0.000000,5.066749,1.874837,5.066749,1.874837,0.000000,0.000000,1.000000
8910.000000,5.066749,1.874837,0.000000,0.000000,0.000000,0.000000,0.000000,0.000000,0.000000,0.007084,0.000000,0.000000,-0.000000,-0.854561,0.000000,0.000000,0.000000,65535.000000,0.000000,0.000000,5.066749,1.874837,5.066749,1.874837,0.000000,0.000000,1.000000
8920.000000,5.066749,1.874837,0.000000,0.000000,0.000000,0.000000,0.000000,0.000000,0.000000,0.007084,0.000000,0.000000,-0.000000,-0.847313,0.000000,0.000000,0.000000,65535.000000,0.000000,0.000000,5.066749,1.874837,5.066749,1.874837,0.000000,0.000000,1.000000
8930.000000,5.066749,1.874837,0.000000,0.000000,0.000000,0.000000,0.000000,0.000000,0.000000,0.007084,0.000000,0.000000,-0.000000,-0.849969,0.000000,0.000000,0.000000,65535.000000,0.000000,0.000000,5.066749,1.874837,5.066749,1.874837,0.000000,0.000000,1.000000
8940.000000,5.066749,1.874837,0.000000,0.000000,0.000000,0.000000,0.000000,0.000000,0.000000,0.006103,0.000000,0.000000,-0.000000,-0.841399,0.000000,0.000000,0.000000,65535.000000,0.000000,0.000000,5.066749,1.874837,5.066749,1.874837,0.000000,0.000000,1.000000
8950.000000,5.066749,1.874837,0.000000,0.000000,0.000000,0.000000,0.000000,0.000000,0.000000,0.006103,0.000000,0.000000,-0.000000,-0.834372,0.000000,0.000000,0.000000,65535.000000,0.000000,0.000000,5.066749,1.874837,5.066749,1.874837,0.000000,0.000000,1.000000
8960.000000,5.066749,1.874837,0.000000,0.000000,0.000000,0.000000,0.000000,0.000000,0.000000,0.006180,0.000000,0.000000,-0.000000,-0.830754,0.000000,0.000000,0.000000,65535.000000,0.000000,0.000000,5.066749,1.874837,5.066749,1.874837,0.000000,0.000000,1.000000
8970.000000,5.066749,1.874837,0.000000,0.000000,0.000000,0.000000,0.000000,0.000000,0.000000,0.005802,0.000000,0.000000,-0.000000,-0.820573,0.000000,0.000000,0.000000,65535.000000,0.000000,0.000000,5.066749,1.874837,5.066749,1.874837,0.000000,0.000000,1.000000
8980.000000,5.066749,1.874837,0.000000,0.000000,0.000000,0.000000,0.000000,0.000000,0.000000,0.005157,0.000000,0.000000,-0.000000,-0.813888,0.000000,0.000000,0.000000,65535.000000,0.000000,0.000000,5.066749,1.874837,5.066749,1.874837,0.000000,0.000000,1.000000
8990.000000,5.066749,1.874837,0.000000,0.000000,0.000000,0.000000,0.000000,0.000000,0.000000,0.004584,0.000000,0.000000,-0.000000,-0.807311,0.000000,0.000000,0.000000,65535.000000,0.000000,0.000000,5.066749,1.874837,5.066749,1.874837,0.000000,0.000000,1.000000
9000.000000,5.066749,1.874837,0.000000,0.000000,0.000000,0.000000,0.000000,0.000000,0.000000,0.004075,0.000000,0.000000,-0.000000,-0.808831,0.000000,0.000000,0.000000,65535.000000,0.000000,0.000000,5.066749,1.874837,5.066749,1.874837,0.000000,0.000000,1.000000
9010.000000,5.066749,1.874837,0.000000,0.000000,0.000000,0.000000,0.000000,0.000000,0.000000,0.003622,0.000000,0.000000,-0.000000,-0.802335,0.000000,0.000000,0.000000,65535.000000,0.000000,0.000000,5.066749,1.874837,5.066749,1.874837,0.000000,0.000000,1.000000
9020.000000,5.066749,1.874837,0.000000,0.000000,0.000000,0.000000,0.000000,0.000000,0.000000,0.003220,0.000000,0.000000,-0.000000,-0.795943,0.000000,0.000000,0.000000,65535.000000,0.000000,0.000000,5.066749,1.874837,5.066749,1.874837,0.000000,0.000000,1.000000
9030.000000,5.066749,1.874837,0.000000,0.000000,0.000000,0.000000,0.000000,0.000000,0.000000,0.002862,0.000000,0.000000,-0.000000,-0.791353,0.000000,0.000000,0.000000,65535.000000,0.000000,0.000000,5.066749,1.874837,5.066749,1.874837,0.000000,0.000000,1.000000
9040.000000,5.066749,1.874837,0.000000,0.000000,0.000000,0.000000,0.000000,0.000000,0.000000,0.002544,0.000000,0.000000,-0.000000,-0.776987,0.000000,0.000000,0.000000,65535.000000,0.000000,0.000000,5.066749,1.874837,5.066749,1.874837,0.000000,0.000000,1.000000
9050.000000,5.066749,1.874837,0.000000,0.000000,0.000000,0.000000,0.000000,0.000000,0.000000,0.002334,0.000000,0.000000,-0.000000,-0.770990,0.000000,0.000000,0.000000,65535.000000,0.000000,0.000000,5.066749,1.874837,5.066749,1.874837,0.000000,0.000000,1.000000
9060.000000,5.066749,1.874837,0.000000,0.000000,0.000000,0.000000,0.000000,0.000000,0.000000,0.002193,0.000000,0.000000,-0.000000,-0.765086,0.000000,0.000000,0.000000,65535.000000,0.000000,0.000000,5.066749,1.874837,5.066749,1.874837,0.000000,0.000000,1.000000
9070.000000,5.066749,1.874837,0.000000,0.000000,0.000000,0.000000,0.000000,0.000000,0.000000,0.001949,0.000000,0.000000,-0.000000,-0.759296,0.000000,0.000000,0.000000,65535.000000,0.000000,0.000000,5.066749,1.874837,5.066749,1.874837,0.000000,0.000000,1.000000
9080.000000,5.066749,1.874837,0.000000,0.000000,0.000000,0.000000,0.000000,0.000000,0.000000,0.001733,0.000000,0.000000,-0.000000,-0.759099,0.000000,0.000000,0.000000,65535.000000,0.000000,0.000000,5.066749,1.874837,5.066749,1.874837,0.000000,0.000000,1.000000
9090.000000,5.066749,1.874837,0.000000,0.000000,0.000000,0.000000,0.000000,0.000000,0.000000,0.001540,0.000000,0.000000,-0.000000,-0.753696,0.000000,0.000000,0.000000,65535.000000,0.000000,0.000000,5.066749,1.874837,5.066749,1.874837,0.000000,0.000000,1.000000
9100.000000,5.066749,1.874837,0.000000,0.000000,0.000000,0.000000,0.000000,0.000000,0.000000,0.001255,0.000000,0.000000,-0.000000,-0.752849,0.000000,0.000000,0.000000,65535.000000,0.000000,0.000000,5.066749,1.874837,5.066749,1.874837,0.000000,0.000000,1.000000
9110.000000,5.066749,1.874837,0.000000,0.000000,0.000000,0.000000,0.000000,0.000000,0.000000,0.001191,0.000000,0.000000,-0.000000,-0.747218,0.000000,0.000000,0.000000,65535.000000,0.000000,0.000000,5.066749,1.874837,5.066749,1.874837,0.000000,0.000000,1.000000
9120.000000,5.066749,1.874837,0.000000,0.000000,0.000000,0.000000,0.000000,0.000000,0.000000,0.001082,0.000000,0.000000,-0.000000,-0.736712,0.000000,0.000000,0.000000,65535.000000,0.000000,0.000000,5.066749,1.874837,5.066749,1.874837,0.000000,0.000000,1.000000
9130.000000,5.066749,1.874837,0.000000,0.000000,0.000000,0.000000,0.000000,0.000000,0.000000,0.000961,0.000000,0.000000,-0.000000,-0.726297,0.000000,0.000000,0.000000,65535.000000,0.000000,0.000000,5.066749,1.874837,5.066749,1.874837,0.000000,0.000000,1.000000
9140.000000,5.066749,1.874837,0.000000,0.000000,0.000000,0.000000,0.000000,0.000000,0.000000,0.000855,0.000000,0.000000,-0.000000,-0.721055,0.000000,0.000000,0.000000,65535.000000,0.000000,0.000000,5.066749,1.874837,5.066749,1.874837,0.000000,0.000000,1.000000
9150.000000,5.066749,1.874837,0.000000,0.000000,0.000000,0.000000,0.000000,0.000000,0.000000,0.000760,0.000000,0.000000,-0.000000,-0.715888,0.000000,0.000000,0.000000,65535.000000,0.000000,0.000000,5.066749,1.874837,5.066749,1.874837,0.000000,0.000000,1.000000
9160.000000,5.066749,1.874837,0.000000,0.000000,0.000000,0.000000,0.000000,0.000000,0.000000,0.000675,0.000000,0.000000,-0.000000,-0.718668,0.000000,0.000000,0.000000,65535.000000,0.000000,0.000000,5.066749,1.874837,5.066749,1.874837,0.000000,0.000000,1.000000
9170.000000,5.066749,1.874837,0.000000,0.000000,0.000000,0.000000,0.000000,0.000000,0.000000,0.000600,0.000000,0.000000,-0.000000,-0.713535,0.000000,0.000000,0.000000,65535.000000,0.000000,0.000000,5.066749,1.874837,5.066749,1.874837,0.000000,0.000000,1.000000
9180.000000,5.066749,1.874837,0.000000,0.000000,0.000000,0.000000,0.000000,0.000000,0.000000,0.000534,0.000000,0.000000,-0.000000,-0.695778,0.000000,0.000000,0.000000,65535.000000,0.000000,0.000000,5.066749,1.874837,5.066749,1.874837,0.000000,0.000000,1.000000
9190.000000,5.066749,1.874837,0.000000,0.000000,0.000000,0.000000,0.000000,0.000000,0.000000,0.000474,0.000000,0.000000,-0.000000,-0.690966,0.000000,0.000000,0.000000,65535.000000,0.000000,0.000000,5.066749,1.874837,5.066749,1.874837,0.000000,0.000000,1.000000
9200.000000,5.066749,1.874837,0.000000,0.000000,0.000000,0.000000,0.000000,0.000000,0.000000,0.000422,0.000000,0.000000,-0.000000,-0.688087,0.000000,0.000000,0.000000,65535.000000,0.000000,0.000000,5.066749,1.874837,5.066749,1.874837,0.000000,0.000000,1.000000
9210.000000,5.066749,1.874837,0.000000,0.000000,0.000000,0.000000,0.000000,0.000000,0.000000,0.000375,0.000000,0.000000,-0.000000,-0.686939,0.000000,0.000000,0.000000,65535.000000,0.000000,0.000000,5.066749,1.874837,5.066749,1.874837,0.000000,0.000000,1.000000
9220.000000,5.066749,1.874837,0.000000,0.000000,0.000000,0.000000,0.000000,0.000000,0.000000,0.000333,0.000000,0.000000,-0.000000,-0.687558,0.000000,0.000000,0.000000,65535.000000,0.000000,0.000000,5.066749,1.874837,5.066749,1.874837,0.000000,0.000000,1.000000
9230.000000,5.066749,1.874837,0.000000,0.000000,0.000000,0.000000,0.000000,0.000000,0.000000,0.000296,0.000000,0.000000,-0.000000,-0.684308,0.000000,0.000000,0.000000,65535.000000,0.000000,0.000000,5.066749,1.874837,5.066749,1.874837,0.000000,0.000000,1.000000
9240.000000,5.066749,1.874837,0.000000,0.000000,0.000000,0.000000,0.000000,0.000000,0.000000,0.000263,0.000000,0.000000,-0.000000,-0.679653,0.000000,0.000000,0.000000,65535.000000,0.000000,0.000000,5.066749,1.874837,5.066749,1.874837,0.000000,0.000000,1.000000
9250.000000,5.066749,1.874837,0.000000,0.000000,0.000000,0.000000,0.000000,0.000000,0.000000,0.000234,0.000000,0.000000,-0.000000,-0.668858,0.000000,0.000000,0.000000,65535.000000,0.000000,0.000000,5.066749,1.874837,5.066749,1.874837,0.000000,0.000000,1.000000
9260.000000,5.066749,1.874837,0.000000,0.000000,0.000000,0.000000,0.000000,0.000000,0.000000,0.000208,0.000000,0.000000,-0.000000,-0.664410,0.000000,0.000000,0.000000,65535.000000,0.000000,0.000000,5.066749,1.874837,5.066749,1.874837,0.000000,0.000000,1.000000
9270.000000,5.066749,1.874837,0.000000,0.000000,0.000000,0.000000,0.000000,0.000000,0.000000,0.000185,0.000000,0.000000,-0.000000,-0.660747,0.000000,0.000000,0.000000,65535.000000,0.000000,0.000000,5.066749,1.874837,5.066749,1.874837,0.000000,0.000000,1.000000
9280.000000,5.066749,1.874837,0.000000,0.000000,0.000000,0.000000,0.000000,0.000000,0.000000,0.000164,0.000000,0.000000,-0.000000,-0.665959,0.000000,0.000000,0.000000,65535.000000,0.000000,0.000000,5.066749,1.874837,5.066749,1.874837,0.000000,0.000000,1.000000
9290.000000,5.066749,1.874837,0.000000,0.000000,0.000000,0.000000,0.000000,0.000000,0.000000,0.000146,0.000000,0.000000,-0.000000,-0.661549,0.000000,0.000000,0.000000,65535.000000,0.000000,0.000000,5.066749,1.874837,5.066749,1.874837,0.000000,0.000000,1.000000
9300.000000,5.066749,1.874837,0.000000,0.000000,0.000000,0.000000,0.000000,0.000000,0.000000,0.000130,0.000000,0.000000,-0.000000,-0.654785,0.000000,0.000000,0.000000,65535.000000,0.000000,0.000000,5.066749,1.874837,5.066749,1.874837,0.000000,0.000000,1.000000
9310.000000,5.066749,1.874837,0.000000,0.000000,0.000000,0.000000,0.000000,0.000000,0.000000,0.000115,0.000000,0.000000,-0.000000,-0.647576,0.000000,0.000000,0.000000,65535.000000,0.000000,0.000000,5.066749,1.874837,5.066749,1.874837,0.000000,0.000000,1.000000
9320.000000,5.066749,1.874837,0.000000,0.000000,0.000000,0.000000,0.000000,0.000000,0.000000,0.000103,0.000000,0.000000,-0.000000,-0.641161,0.000000,0.000000,0.000000,65535.000000,0.000000,0.000000,5.066749,1.874837,5.066749,1.874837,0.000000,0.000000,1.000000
9330.000000,5.066749,1.874837,0.000000,0.000000,0.000000,0.000000,0.000000,0.000000,0.000000,0.000091,0.000000,0.000000,-0.000000,-0.629984,0.000000,0.000000,0.000000,65535.000000,0.000000,0.000000,5.066749,1.874837,5.066749,1.874837,0.000000,0.000000,1.000000
9340.000000,5.066749,1.874837,0.000000,0.000000,0.000000,0.000000,0.000000,0.000000,0.000000,0.000081,0.000000,0.000000,-0.000000,-0.624917,0.000000,0.000000,0.000000,65535.000000,0.000000,0.000000,5.066749,1.874837,5.066749,1.874837,0.000000,0.000000,1.000000
9350.000000,5.066749,1.874837,0.000000,0.000000,0.000000,0.000000,0.000000,0.000000,0.000000,0.000072,0.000000,0.000000,-0.000000,-0.621032,0.000000,0.000000,0.000000,65535.000000,0.000000,0.000000,5.066749,1.874837,5.066749,1.874837,0.000000,0.000000,1.000000
9360.000000,5.066749,1.874837,0.000000,0.000000,0.000000,0.000000,0.000000,0.000000,0.000000,0.006041,0.000950,0.000654,-0.000689,-0.626226,0.000000,0.000000,0.000000,65535.000000,0.000000,0.000000,5.066749,1.874837,5.066749,1.874837,0.000000,0.000000,1.000000
9370.000000,5.066749,1.874837,0.000000,0.000000,0.000000,0.000000,0.000000,0.000000,0.000000,0.006022,0.000584,0.000402,-0.000423,-0.622325,0.000000,0.000000,0.000000,65535.000000,0.000000,0.000000,5.066749,1.874837,5.066749,1.874837,0.000000,0.000000,1.000000
9380.000000,5.066749,1.874837,0.000000,0.000000,0.000000,0.000000,0.000000,0.000000,0.000000,0.003009,0.000358,0.000247,-0.000260,-0.614544,0.000000,0.000000,0.000000,65535.000000,0.000000,0.000000,5.066749,1.874837,5.066749,1.874837,0.000000,0.000000,1.000000
9390.000000,5.066749,1.874837,0.000000,0.000000,0.000000,0.000000,0.000000,0.000000,0.000000,0.000917,0.000220,0.000151,-0.000160,-0.598577,0.000000,0.000000,0.000000,65535.000000,0.000000,0.000000,5.066749,1.874837,5.066749,1.874837,0.000000,0.000000,1.000000
9400.000000,5.066749,1.874837,0.000000,0.000000,0.000000,0.000000,0.000000,0.000000,0.000000,0.000817,0.000135,0.000093,-0.000098,-0.595011,0.000000,0.000000,0.000000,65535.000000,0.000000,0.000000,5.066749,1.874837,5.066749,1.874837,0.000000,0.000000,1.000000
9410.000000,5.066749,1.874837,0.000000,0.000000,0.000000,0.000000,0.000000,0.000000,0.000000,0.001582,0.000083,0.000057,-0.000060,-0.581451,0.000000,0.000000,0.000000,65535.000000,0.000000,0.000000,5.066749,1.874837,5.066749,1.874837,0.000000,0.000000,1.000000
9420.000000,5.066749,1.874837,0.000000,0.000000,0.000000,0.000000,0.000000,0.000000,0.000000,0.001932,0.000051,0.000035,-0.000037,-0.569825,0.000000,0.000000,0.000000,65535.000000,0.000000,0.000000,5.066749,1.874837,5.066749,1.874837,0.000000,0.000000,1.000000
9430.000000,5.066749,1.874837,0.000000,0.000000,0.000000,0.000000,0.000000,0.000000,0.000000,0.002039,0.000031,0.000022,-0.000023,-0.566593,0.000000,0.000000,0.000000,65535.000000,0.000000,0.000000,5.066749,1.874837,5.066749,1.874837,0.000000,0.000000,1.000000
9440.000000,5.066749,1.874837,0.000000,0.000000,0.000000,0.000000,0.000000,0.000000,0.000000,0.002011,0.000019,0.000013,-0.000014,-0.572353,0.000000,0.000000,0.000000,65535.000000,0.000000,0.000000,5.066749,1.874837,5.066749,1.874837,0.000000,0.000000,1.000000
9450.000000,5.066749,1.874837,0.000000,0.000000,0.000000,0.000000,0.000000,0.000000,0.000000,0.001909,0.000012,0.000008,-0.000009,-0.576912,0.000000,0.000000,0.000000,65535.000000,0.000000,0.000000,5.066749,1.874837,5.066749,1.874837,0.000000,0.000000,1.000000
9460.000000,5.066749,1.874837,0.000000,0.000000,0.000000,0.000000,0.000000,0.000000,0.000000,0.001772,0.000007,0.000005,-0.000005,-0.577841,0.000000,0.000000,0.000000,65535.000000,0.000000,0.000000,5.066749,1.874837,5.066749,1.874837,0.000000,0.000000,1.000000
9470.000000,5.066749,1.874837,0.000000,0.000000,0.000000,0.000000,0.000000,0.000000,0.000000,0.001621,0.000004,0.000003,-0.000003,-0.561895,0.000000,0.000000,0.000000,65535.000000,0.000000,0.000000,5.066749,1.874837,5.066749,1.874837,0.000000,0.000000,1.000000
9480.000000,5.066749,1.874837,0.000000,0.000000,0.000000,0.000000,0.000000,0.000000,0.000000,0.001469,0.000003,0.000002,-0.000002,-0.556302,0.000000,0.000000,0.000000,65535.000000,0.000000,0.000000,5.066749,1.874837,5.066749,1.874837,0.000000,0.000000,1.000000
9490.000000,5.066749,1.874837,0.000000,0.000000,0.000000,0.000000,0.000000,0.000000,0.000000,0.001323,0.000002,0.000001,-0.000001,-0.537943,0.000000,0.000000,0.000000,65535.000000,0.000000,0.000000,5.066749,1.874837,5.066749,1.874837,0.000000,0.000000,1.000000
9500.000000,5.066749,1.874837,0.000000,0.000000,0.000000,0.000000,0.000000,0.000000,0.000000,0.001186,0.000001,0.000001,-0.000001,-0.517419,0.000000,0.000000,0.000000,65535.000000,0.000000,0.000000,5.066749,1.874837,5.066749,1.874837,0.000000,0.000000,1.000000
9510.000000,5.066749,1.874837,0.000000,0.000000,0.000000,0.000000,0.000000,0.000000,0.000000,0.001061,0.000001,0.000000,-0.000000,-0.512268,0.000000,0.000000,0.000000,65535.000000,0.000000,0.000000,5.066749,1.874837,5.066749,1.874837,0.000000,0.000000,1.000000
9520.000000,5.066749,1.874837,0.000000,0.000000,0.000000,0.000000,0.000000,0.000000,0.000000,0.000947,0.000000,0.000000,-0.000000,-0.509324,0.000000,0.000000,0.000000,65535.000000,0.000000,0.000000,5.066749,1.874837,5.066749,1.874837,0.000000,0.000000,1.000000
9530.000000,5.066749,1.874837,0.000000,0.000000,0.000000,0.000000,0.000000,0.000000,0.000000,0.000844,0.000000,0.000000,-0.000000,-0.536105,0.000000,0.000000,0.000000,65535.000000,0.000000,0.000000,5.066749,1.874837,5.066749,1.874837,0.000000,0.000000,1.000000
9540.000000,5.066749,1.874837,0.000000,0.000000,0.000000,0.000000,0.000000,0.000000,0.000000,0.000752,0.000000,0.000000,-0.000000,-0.520843,0.000000,0.000000,0.000000,65535.000000,0.000000,0.000000,5.066749,1.874837,5.066749,1.874837,0.000000,0.000000,1.000000
9550.000000,5.066749,1.874837,0.000000,0.000000,0.000000,0.000000,0.000000,0.000000,0.000000,0.000669,0.000000,0.000000,-0.000000,-0.515658,0.000000,0.000000,0.000000,65535.000000,0.000000,0.000000,5.066749,1.874837,5.066749,1.874837,0.000000,0.000000,1.000000
9560.000000,5.066749,1.874837,0.000000,0.000000,0.000000,0.000000,0.000000,0.000000,0.000000,0.000596,0.000000,0.000000,-0.000000,-0.510524,0.000000,0.000000,0.000000,65535.000000,0.000000,0.000000,5.066749,1.874837,5.066749,1.874837,0.000000,0.000000,1.000000
9570.000000,5.066749,1.874837,0.000000,0.000000,0.000000,0.000000,0.000000,0.000000,0.000000,0.000530,0.000000,0.000000,-0.000000,-0.515013,0.000000,0.000000,0.000000,65535.000000,0.000000,0.000000,5.066749,1.874837,5.066749,1.874837,0.000000,0.000000,1.000000
9580.000000,5.066749,1.874837,0.000000,0.000000,0.000000,0.000000,0.000000,0.000000,0.000000,0.000471,0.000000,0.000000,-0.000000,-0.477542,0.000000,0.000000,0.000000,65535.000000,0.000000,0.000000,5.066749,1.874837,5.066749,1.874837,0.000000,0.000000,1.000000
9590.000000,5.066749,1.874837,0.000000,0.000000,0.000000,0.000000,0.000000,0.000000,0.000000,0.000419,0.000000,0.000000,-0.000000,-0.472315,0.000000,0.000000,0.000000,65535.000000,0.000000,0.000000,5.066749,1.874837,5.066749,1.874837,0.000000,0.000000,1.000000
9600.000000,5.066749,1.874837,0.000000,0.000000,0.000000,0.000000,0.000000,0.000000,0.000000,0.000372,0.000000,0.000000,-0.000000,-0.467613,0.000000,0.000000,0.000000,65535.000000,0.000000,0.000000,5.066749,1.874837,5.066749,1.874837,0.000000,0.000000,1.000000
9610.000000,5.066749,1.874837,0.000000,0.000000,0.000000,0.000000,0.000000,0.000000,0.000000,0.000331,0.000000,0.000000,-0.000000,-0.487423,0.000000,0.000000,0.000000,65535.000000,0.000000,0.000000,5.066749,1.874837,5.066749,1.874837,0.000000,0.000000,1.000000
9620.000000,5.066749,1.874837,0.000000,0.000000,0.000000,0.000000,0.000000,0.000000,0.000000,0.000294,0.000000,0.000000,-0.000000,-0.495602,0.000000,0.000000,0.000000,65535.000000,0.000000,0.000000,5.066749,1.874837,5.066749,1.874837,0.000000,0.000000,1.000000
9630.000000,5.066749,1.874837,0.000000,0.000000,0.000000,0.000000,0.000000,0.000000,0.000000,0.000262,0.000000,0.000000,-0.000000,-0.482257,0.000000,0.000000,0.000000,65535.000000,0.000000,0.000000,5.066749,1.874837,5.066749,1.874837,0.000000,0.000000,1.000000
9640.000000,5.066749,1.874837,0.000000,0.000000,0.000000,0.000000,0.000000,0.000000,0.000000,0.000233,0.000000,0.000000,-0.000000,-0.452792,0.000000,0.000000,0.000000,65535.000000,0.000000,0.000000,5.066749,1.874837,5.066749,1.874837,0.000000,0.000000,1.000000
9650.000000,5.066749,1.874837,0.000000,0.000000,0.000000,0.000000,0.000000,0.000000,0.000000,0.000207,0.000000,0.000000,-0.000000,-0.448023,0.000000,0.000000,0.000000,65535.000000,0.000000,0.000000,5.066749,1.874837,5.066749,1.874837,0.000000,0.000000,1.000000
9660.000000,5.066749,1.874837,0.000000,0.000000,0.000000,0.000000,0.000000,0.000000,0.000000,0.000184,0.000000,0.000000,-0.000000,-0.443563,0.000000,0.000000,0.000000,65535.000000,0.000000,0.000000,5.066749,1.874837,5.066749,1.874837,0.000000,0.000000,1.000000
9670.000000,5.066749,1.874837,0.000000,0.000000,0.000000,0.000000,0.000000,0.000000,0.000000,0.000163,0.000000,0.000000,-0.000000,-0.460518,0.000000,0.000000,0.000000,65535.000000,0.000000,0.000000,5.066749,1.874837,5.066749,1.874837,0.000000,0.000000,1.000000
9680.000000,5.066749,1.874837,0.000000,0.000000,0.000000,0.000000,0.000000,0.000000,0.000000,0.000145,0.000000,0.000000,-0.000000,-0.463557,0.000000,0.000000,0.000000,65535.000000,0.000000,0.000000,5.066749,1.874837,5.066749,1.874837,0.000000,0.000000,1.000000
9690.000000,5.066749,1.874837,0.000000,0.000000,0.000000,0.000000,0.000000,0.000000,0.000000,0.000129,0.000000,0.000000,-0.000000,-0.458942,0.000000,0.000000,0.000000,65535.000000,0.000000,0.000000,5.066749,1.874837,5.066749,1.874837,0.000000,0.000000,1.000000
9700.000000,5.066749,1.874837,0.000000,0.000000,0.000000,0.000000,0.000000,0.000000,0.000000,0.000115,0.000000,0.000000,-0.000000,-0.454373,0.000000,0.000000,0.000000,65535.000000,0.000000,0.000000,5.066749,1.874837,5.066749,1.874837,0.000000,0.000000,1.000000
9710.000000,5.066749,1.874837,0.000000,0.000000,0.000000,0.000000,0.000000,0.000000,0.000000,0.000102,0.000000,0.000000,-0.000000,-0.452982,0.000000,0.000000,0.000000,65535.000000,0.000000,0.000000,5.066749,1.874837,5.066749,1.874837,0.000000,0.000000,1.000000
9720.000000,5.066749,1.874837,0.000000,0.000000,0.000000,0.000000,0.000000,0.000000,0.000000,0.000091,0.000000,0.000000,-0.000000,-0.443509,0.000000,0.000000,0.000000,65535.000000,0.000000,0.000000,5.066749,1.874837,5.066749,1.874837,0.000000,0.000000,1.000000
9730.000000,5.066749,1.874837,0.000000,0.000000,0.000000,0.000000,0.000000,0.000000,0.000000,0.000081,0.000000,0.000000,-0.000000,-0.439093,0.000000,0.000000,0.000000,65535.000000,0.000000,0.000000,5.066749,1.874837,5.066749,1.874837,0.000000,0.000000,1.000000
9740.000000,5.066749,1.874837,0.000000,0.000000,0.000000,0.000000,0.000000,0.000000,0.000000,0.000072,0.000000,0.000000,-0.000000,-0.435112,0.000000,0.000000,0.000000,65535.000000,0.000000,0.000000,5.066749,1.874837,5.066749,1.874837,0.000000,0.000000,1.000000
9750.000000,5.066749,1.874837,0.000000,0.000000,0.000000,0.000000,0.000000,0.000000,0.000000,0.000064,0.000000,0.000000,-0.000000,-0.439035,0.000000,0.000000,0.000000,65535.000000,0.000000,0.000000,5.066749,1.874837,5.066749,1.874837,0.000000,0.000000,1.000000
9760.000000,5.066749,1.874837,0.000000,0.000000,0.000000,0.000000,0.000000,0.000000,0.000000,0.000057,0.000000,0.000000,-0.000000,-0.425825,0.000000,0.000000,0.000000,65535.000000,0.000000,0.000000,5.066749,1.874837,5.066749,1.874837,0.000000,0.000000,1.000000
9770.000000,5.066749,1.874837,0.000000,0.000000,0.000000,0.000000,0.000000,0.000000,0.000000,0.000050,0.000000,0.000000,-0.000000,-0.416418,0.000000,0.000000,0.000000,65535.000000,0.000000,0.000000,5.066749,1.874837,5.066749,1.874837,0.000000,0.000000,1.000000
9780.000000,5.066749,1.874837,0.000000,0.000000,0.000000,0.000000,0.000000,0.000000,0.000000,0.000045,0.000000,0.000000,-0.000000,-0.412273,0.000000,0.000000,0.000000,65535.000000,0.000000,0.000000,5.066749,1.874837,5.066749,1.874837,0.000000,0.000000,1.000000
9790.000000,5.066749,1.874837,0.000000,0.000000,0.000000,0.000000,0.000000,0.000000,0.000000,0.000040,0.000000,0.000000,-0.000000,-0.419964,0.000000,0.000000,0.000000,65535.000000,0.000000,0.000000,5.066749,1.874837,5.066749,1.874837,0.000000,0.000000,1.000000
9800.000000,5.066749,1.874837,0.000000,0.000000,0.000000,0.000000,0.000000,0.000000,0.000000,0.000035,0.000000,0.000000,-0.000000,-0.416482,0.000000,0.000000,0.000000,65535.000000,0.000000,0.000000,5.066749,1.874837,5.066749,1.874837,0.000000,0.000000,1.000000
9810.000000,5.066749,1.874837,0.000000,0.000000,0.000000,0.000000,0.000000,0.000000,0.000000,0.000031,0.000000,0.000000,-0.000000,-0.412336,0.000000,0.000000,0.000000,65535.000000,0.000000,0.000000,5.066749,1.874837,5.066749,1.874837,0.000000,0.000000,1.000000
9820.000000,5.066749,1.874837,0.000000,0.000000,0.000000,0.000000,0.000000,0.000000,0.000000,0.000028,0.000000,0.000000,-0.000000,-0.392754,0.000000,0.000000,0.000000,65535.000000,0.000000,0.000000,5.066749,1.874837,5.066749,1.874837,0.000000,0.000000,1.000000
9830.000000,5.066749,1.874837,0.000000,0.000000,0.000000,0.000000,0.000000,0.000000,0.000000,0.000025,0.000000,0.000000,-0.000000,-0.388844,0.000000,0.000000,0.000000,65535.000000,0.000000,0.000000,5.066749,1.874837,5.066749,1.874837,0.000000,0.000000,1.000000
9840.000000,5.066749,1.874837,0.000000,0.000000,0.000000,0.000000,0.000000,0.000000,0.000000,0.000022,0.000000,0.000000,-0.000000,-0.384973,0.000000,0.000000,0.000000,65535.000000,0.000000,0.000000,5.066749,1.874837,5.066749,1.874837,0.000000,0.000000,1.000000
9850.000000,5.066749,1.874837,0.000000,0.000000,0.000000,0.000000,0.000000,0.000000,0.000000,0.000020,0.000000,0.000000,-0.000000,-0.385774,0.000000,0.000000,0.000000,65535.000000,0.000000,0.000000,5.066749,1.874837,5.066749,1.874837,0.000000,0.000000,1.000000
9860.000000,5.066749,1.874837,0.000000,0.000000,0.000000,0.000000,0.000000,0.000000,0.000000,0.000017,0.000000,0.000000,-0.000000,-0.387590,0.000000,0.000000,0.000000,65535.000000,0.000000,0.000000,5.066749,1.874837,5.066749,1.874837,0.000000,0.000000,1.000000
9870.000000,5.066749,1.874837,0.000000,0.000000,0.000000,0.000000,0.000000,0.000000,0.000000,0.000015,0.000000,0.000000,-0.000000,-0.377785,0.000000,0.000000,0.000000,65535.000000,0.000000,0.000000,5.066749,1.874837,5.066749,1.874837,0.000000,0.000000,1.000000
9880.000000,5.066749,1.874837,0.000000,0.000000,0.000000,0.000000,0.000000,0.000000,0.000000,0.000014,0.000000,0.000000,-0.000000,-0.374024,0.000000,0.000000,0.000000,65535.000000,0.000000,0.000000,5.066749,1.874837,5.066749,1.874837,0.000000,0.000000,1.000000
9890.000000,5.066749,1.874837,0.000000,0.000000,0.000000,0.000000,0.000000,0.000000,0.000000,0.000012,0.000000,0.000000,-0.000000,-0.370300,0.000000,0.000000,0.000000,65535.000000,0.000000,0.000000,5.066749,1.874837,5.066749,1.874837,0.000000,0.000000,1.000000
9900.000000,5.066749,1.874837,0.000000,0.000000,0.000000,0.000000,0.000000,0.000000,0.000000,0.000011,0.000000,0.000000,-0.000000,-0.376293,0.000000,0.000000,0.000000,65535.000000,0.000000,0.000000,5.066749,1.874837,5.066749,1.874837,0.000000,0.000000,1.000000
9910.000000,5.066749,1.874837,0.000000,0.000000,0.000000,0.000000,0.000000,0.000000,0.000000,0.000010,0.000000,0.000000,-0.000000,-0.357265,0.000000,0.000000,0.000000,65535.000000,0.000000,0.000000,5.066749,1.874837,5.066749,1.874837,0.000000,0.000000,1.000000
9920.000000,5.066749,1.874837,0.000000,0.000000,0.000000,0.000000,0.000000,0.000000,0.000000,0.000009,0.000000,0.000000,-0.000000,-0.353708,0.000000,0.000000,0.000000,65535.000000,0.000000,0.000000,5.066749,1.874837,5.066749,1.874837,0.000000,0.000000,1.000000
9930.000000,5.066749,1.874837,0.000000,0.000000,0.000000,0.000000,0.000000,0.000000,0.000000,0.000008,0.000000,0.000000,-0.000000,-0.350187,0.000000,0.000000,0.000000,65535.000000,0.000000,0.000000,5.066749,1.874837,5.066749,1.874837,0.000000,0.000000,1.000000
9940.000000,5.066749,1.874837,0.000000,0.000000,0.000000,0.000000,0.000000,0.000000,0.000000,0.000007,0.000000,0.000000,-0.000000,-0.366458,0.000000,0.000000,0.000000,65535.000000,0.000000,0.000000,5.066749,1.874837,5.066749,1.874837,0.000000,0.000000,1.000000
9950.000000,5.066749,1.874837,0.000000,0.000000,0.000000,0.000000,0.000000,0.000000,0.000000,0.000006,0.000000,0.000000,-0.000000,-0.368186,0.000000,0.000000,0.000000,65535.000000,0.000000,0.000000,5.066749,1.874837,5.066749,1.874837,0.000000,0.000000,1.000000
9960.000000,5.066749,1.874837,0.000000,0.000000,0.000000,0.000000,0.000000,0.000000,0.000000,0.000005,0.000000,0.000000,-0.000000,-0.364494,0.000000,0.000000,0.000000,65535.000000,0.000000,0.000000,5.066749,1.874837,5.066749,1.874837,0.000000,0.000000,1.000000
9970.000000,5.066749,1.874837,0.000000,0.000000,0.000000,0.000000,0.000000,0.000000,0.000000,0.000005,0.000000,0.000000,-0.000000,-0.351278,0.000000,0.000000,0.000000,65535.000000,0.000000,0.000000,5.066749,1.874837,5.066749,1.874837,0.000000,0.000000,1.000000
9980.000000,5.066749,1.874837,0.000000,0.000000,0.000000,0.000000,0.000000,0.000000,0.000000,0.000004,0.000000,0.000000,-0.000000,-0.345971,0.000000,0.000000,0.000000,65535.000000,0.000000,0.000000,5.066749,1.874837,5.066749,1.874837,0.000000,0.000000,1.000000
9990.000000,5.066749,1.874837,0.000000,0.000000,0.000000,0.000000,0.000000,0.000000,0.000000,0.000004,0.000000,0.000000,-0.000000,-0.342527,0.000000,0.000000,0.000000,65535.000000,0.000000,0.000000,5.066749,1.874837,5.066749,1.874837,0.000000,0.000000,1.000000
10000.000000,5.066749,1.874837,0.000000,0.000000,0.000000,0.000000,0.000000,0.000000,0.000000,0.000003,0.000000,0.000000,-0.000000,-0.344228,0.000000,0.000000,0.000000,65535.000000,0.000000,0.000000,5.066749,1.874837,5.066749,1.874837,0.000000,0.000000,1.000000
10010.000000,5.066749,1.874837,0.000000,0.000000,0.000000,0.000000,0.000000,0.000000,0.000000,0.000003,0.000000,0.000000,-0.000000,-0.339234,0.000000,0.000000,0.000000,65535.000000,0.000000,0.000000,5.066749,1.874837,5.066749,1.874837,0.000000,0.000000,1.000000
10020.000000,5.066749,1.874837,0.000000,0.000000,0.000000,0.000000,0.000000,0.000000,0.000000,0.000003,0.000000,0.000000,-0.000000,-0.335857,0.000000,0.000000,0.000000,65535.000000,0.000000,0.000000,5.066749,1.874837,5.066749,1.874837,0.000000,0.000000,1.000000
10030.000000,5.066749,1.874837,0.000000,0.000000,0.000000,0.000000,0.000000,0.000000,0.000000,0.000002,0.000000,0.000000,-0.000000,-0.332513,0.000000,0.000000,0.000000,65535.000000,0.000000,0.000000,5.066749,1.874837,5.066749,1.874837,0.000000,0.000000,1.000000
10040.000000,5.066749,1.874837,0.000000,0.000000,0.000000,0.000000,0.000000,0.000000,0.000000,0.000002,0.000000,0.000000,-0.000000,-0.329604,0.000000,0.000000,0.000000,65535.000000,0.000000,0.000000,5.066749,1.874837,5.066749,1.874837,0.000000,0.000000,1.000000
10050.000000,5.066749,1.874837,0.000000,0.000000,0.000000,0.000000,0.000000,0.000000,0.000000,0.000002,0.000000,0.000000,-0.000000,-0.323800,0.000000,0.000000,0.000000,65535.000000,0.000000,0.000000,5.066749,1.874837,5.066749,1.874837,0.000000,0.000000,1.000000
10060.000000,5.066749,1.874837,0.000000,0.000000,0.000000,0.000000,0.000000,0.000000,0.000000,0.000002,0.000000,0.000000,-0.000000,-0.320576,0.000000,0.000000,0.000000,65535.000000,0.000000,0.000000,5.066749,1.874837,5.066749,1.874837,0.000000,0.000000,1.000000
10070.000000,5.066749,1.874837,0.000000,0.000000,0.000000,0.000000,0.000000,0.000000,0.000000,0.000001,0.000000,0.000000,-0.000000,-0.320110,0.000000,0.000000,0.000000,65535.000000,0.000000,0.000000,5.066749,1.874837,5.066749,1.874837,0.000000,0.000000,1.000000
10080.000000,5.066749,1.874837,0.000000,0.000000,0.000000,0.000000,0.000000,0.000000,0.000000,0.000001,0.000000,0.000000,-0.000000,-0.316190,0.000000,0.000000,0.000000,65535.000000,0.000000,0.000000,5.066749,1.874837,5.066749,1.874837,0.000000,0.000000,1.000000
10090.000000,5.066749,1.874837,0.000000,0.000000,0.000000,0.000000,0.000000,0.000000,0.000000,0.000001,0.000000,0.000000,-0.000000,-0.313042,0.000000,0.000000,0.000000,65535.000000,0.000000,0.000000,5.066749,1.874837,5.066749,1.874837,0.000000,0.000000,1.000000
10100.000000,5.066749,1.874837,0.000000,0.000000,0.000000,0.000000,0.000000,0.000000,0.000000,0.000001,0.000000,0.000000,-0.000000,-0.319409,0.000000,0.000000,0.000000,65535.000000,0.000000,0.000000,5.066749,1.874837,5.066749,1.874837,0.000000,0.000000,1.000000
10110.000000,5.066749,1.874837,0.000000,0.000000,0.000000,0.000000,0.000000,0.000000,0.000000,0.000001,0.000000,0.000000,-0.000000,-0.312493,0.000000,0.000000,0.000000,65535.000000,0.000000,0.000000,5.066749,1.874837,5.066749,1.874837,0.000000,0.000000,1.000000
10120.000000,5.066749,1.874837,0.000000,0.000000,0.000000,0.000000,0.000000,0.000000,0.000000,0.000001,0.000000,0.000000,-0.000000,-0.302976,0.000000,0.000000,0.000000,65535.000000,0.000000,0.000000,5.066749,1.874837,5.066749,1.874837,0.000000,0.000000,1.000000
10130.000000,5.066749,1.874837,0.000000,0.000000,0.000000,0.000000,0.000000,0.000000,0.000000,0.000001,0.000000,0.000000,-0.000000,-0.295158,0.000000,0.000000,0.000000,65535.000000,0.000000,0.000000,5.066749,1.874837,5.066749,1.874837,0.000000,0.000000,1.000000
10140.000000,5.066749,1.874837,0.000000,0.000000,0.000000,0.000000,0.000000,0.000000,0.000000,0.000001,0.000000,0.000000,-0.000000,-0.292220,0.000000,0.000000,0.000000,65535.000000,0.000000,0.000000,5.066749,1.874837,5.066749,1.874837,0.000000,0.000000,1.000000
10150.000000,5.066749,1.874837,0.000000,0.000000,0.000000,0.000000,0.000000,0.000000,0.000000,0.000001,0.000000,0.000000,-0.000000,-0.298551,0.000000,0.000000,0.000000,65535.000000,0.000000,0.000000,5.066749,1.874837,5.066749,1.874837,0.000000,0.000000,1.000000
10160.000000,5.066749,1.874837,0.000000,0.000000,0.000000,0.000000,0.000000,0.000000,0.000000,0.000001,0.000000,0.000000,-0.000000,-0.306532,0.000000,0.000000,0.000000,65535.000000,0.000000,0.000000,5.066749,1.874837,5.066749,1.874837,0.000000,0.000000,1.000000
10170.000000,5.066749,1.874837,0.000000,0.000000,0.000000,0.000000,0.000000,0.000000,0.000000,0.000000,0.000000,0.000000,-0.000000,-0.294981,0.000000,0.000000,0.000000,65535.000000,0.000000,0.000000,5.066749,1.874837,5.066749,1.874837,0.000000,0.000000,1.000000
10180.000000,5.066749,1.874837,0.000000,0.000000,0.000000,0.000000,0.000000,0.000000,0.000000,0.000000,0.000000,0.000000,-0.000000,-0.292045,0.000000,0.000000,0.000000,65535.000000,0.000000,0.000000,5.066749,1.874837,5.066749,1.874837,0.000000,0.000000,1.000000
10190.000000,5.066749,1.874837,0.000000,0.000000,0.000000,0.000000,0.000000,0.000000,0.000000,0.000000,0.000000,0.000000,-0.000000,-0.289138,0.000000,0.000000,0.000000,65535.000000,0.000000,0.000000,5.066749,1.874837,5.066749,1.874837,0.000000,0.000000,1.000000
10200.000000,5.066749,1.874837,0.000000,0.000000,0.000000,0.000000,0.000000,0.000000,0.000000,0.000000,0.000000,0.000000,-0.000000,-0.291555,0.000000,0.000000,0.000000,65535.000000,0.000000,0.000000,5.066749,1.874837,5.066749,1.874837,0.000000,0.000000,1.000000
10210.000000,5.066749,1.874837,0.000000,0.000000,0.000000,0.000000,0.000000,0.000000,0.000000,0.000000,0.000000,0.000000,-0.000000,-0.287055,0.000000,0.000000,0.000000,65535.000000,0.000000,0.000000,5.066749,1.874837,5.066749,1.874837,0.000000,0.000000,1.000000
10220.000000,5.066749,1.874837,0.000000,0.000000,0.000000,0.000000,0.000000,0.000000,0.000000,0.000000,0.000000,0.000000,-0.000000,-0.276654,0.000000,0.000000,0.000000,65535.000000,0.000000,0.000000,5.066749,1.874837,5.066749,1.874837,0.000000,0.000000,1.000000
10230.000000,5.066749,1.874837,0.000000,0.000000,0.000000,0.000000,0.000000,0.000000,0.000000,0.000000,0.000000,0.000000,-0.000000,-0.273900,0.000000,0.000000,0.000000,65535.000000,0.000000,0.000000,5.066749,1.874837,5.066749,1.874837,0.000000,0.000000,1.000000
10240.000000,5.066749,1.874837,0.000000,0.000000,0.000000,0.000000,0.000000,0.000000,0.000000,0.000000,0.000000,0.000000,-0.000000,-0.276362,0.000000,0.000000,0.000000,65535.000000,0.000000,0.000000,5.066749,1.874837,5.066749,1.874837,0.000000,0.000000,1.000000
10250.000000,5.066749,1.874837,0.000000,0.000000,0.000000,0.000000,0.000000,0.000000,0.000000,0.000000,0.000000,0.000000,-0.000000,-0.276603,0.000000,0.000000,0.000000,65535.000000,0.000000,0.000000,5.066749,1.874837,5.066749,1.874837,0.000000,0.000000,1.000000
10260.000000,5.066749,1.874837,0.000000,0.000000,0.000000,0.000000,0.000000,0.000000,0.000000,0.000000,0.000000,0.000000,-0.000000,-0.273849,0.000000,0.000000,0.000000,65535.000000,0.000000,0.000000,5.066749,1.874837,5.066749,1.874837,0.000000,0.000000,1.000000
10270.000000,5.066749,1.874837,0.000000,0.000000,0.000000,0.000000,0.000000,0.000000,0.000000,0.000000,0.000000,0.000000,-0.000000,-0.271123,0.000000,0.000000,0.000000,65535.000000,0.000000,0.000000,5.066749,1.874837,5.066749,1.874837,0.000000,0.000000,1.000000
10280.000000,5.066749,1.874837,0.000000,0.000000,0.000000,0.000000,0.000000,0.000000,0.000000,0.000000,0.000000,0.000000,-0.000000,-0.270658,0.000000,0.000000,0.000000,65535.000000,0.000000,0.000000,5.066749,1.874837,5.066749,1.874837,0.000000,0.000000,1.000000
10290.000000,5.066749,1.874837,0.000000,0.000000,0.000000,0.000000,0.000000,0.000000,0.000000,0.000000,0.000000,0.000000,-0.000000,-0.268191,0.000000,0.000000,0.000000,65535.000000,0.000000,0.000000,5.066749,1.874837,5.066749,1.874837,0.000000,0.000000,1.000000
10300.000000,5.066749,1.874837,0.000000,0.000000,0.000000,0.000000,0.000000,0.000000,0.000000,0.000000,0.000000,0.000000,-0.000000,-0.260091,0.000000,0.000000,0.000000,65535.000000,0.000000,0.000000,5.066749,1.874837,5.066749,1.874837,0.000000,0.000000,1.000000
10310.000000,5.066749,1.874837,0.000000,0.000000,0.000000,0.000000,0.000000,0.000000,0.000000,0.000000,0.000000,0.000000,-0.000000,-0.257501,0.000000,0.000000,0.000000,65535.000000,0.000000,0.000000,5.066749,1.874837,5.066749,1.874837,0.000000,0.000000,1.000000
10320.000000,5.066749,1.874837,0.000000,0.000000,0.000000,0.000000,0.000000,0.000000,0.000000,0.000000,0.000000,0.000000,-0.000000,-0.254938,0.000000,0.000000,0.000000,65535.000000,0.000000,0.000000,5.066749,1.874837,5.066749,1.874837,0.000000,0.000000,1.000000
10330.000000,5.066749,1.874837,0.000000,0.000000,0.000000,0.000000,0.000000,0.000000,0.000000,0.000000,0.000000,0.000000,-0.000000,-0.253403,0.000000,0.000000,0.000000,65535.000000,0.000000,0.000000,5.066749,1.874837,5.066749,1.874837,0.000000,0.000000,1.000000
10340.000000,5.066749,1.874837,0.000000,0.000000,0.000000,0.000000,0.000000,0.000000,0.000000,0.000000,0.000000,0.000000,-0.000000,-0.245477,0.000000,0.000000,0.000000,65535.000000,0.000000,0.000000,5.066749,1.874837,5.066749,1.874837,0.000000,0.000000,1.000000
10350.000000,5.066749,1.874837,0.000000,0.000000,0.000000,0.000000,0.000000,0.000000,0.000000,0.000000,0.000000,0.000000,-0.000000,-0.238699,0.000000,0.000000,0.000000,65535.000000,0.000000,0.000000,5.066749,1.874837,5.066749,1.874837,0.000000,0.000000,1.000000
10360.000000,5.066749,1.874837,0.000000,0.000000,0.000000,0.000000,0.000000,0.000000,0.000000,0.000000,0.000000,0.000000,-0.000000,-0.236322,0.000000,0.000000,0.000000,65535.000000,0.000000,0.000000,5.066749,1.874837,5.066749,1.874837,0.000000,0.000000,1.000000
10370.000000,5.066749,1.874837,0.000000,0.000000,0.000000,0.000000,0.000000,0.000000,0.000000,0.000000,0.000000,0.000000,-0.000000,-0.238726,0.000000,0.000000,0.000000,65535.000000,0.000000,0.000000,5.066749,1.874837,5.066749,1.874837,0.000000,0.000000,1.000000
10380.000000,5.066749,1.874837,0.000000,0.000000,0.000000,0.000000,0.000000,0.000000,0.000000,0.000000,0.000000,0.000000,-0.000000,-0.236475,0.000000,0.000000,0.000000,65535.000000,0.000000,0.000000,5.066749,1.874837,5.066749,1.874837,0.000000,0.000000,1.000000
10390.000000,5.066749,1.874837,0.000000,0.000000,0.000000,0.000000,0.000000,0.000000,0.000000,0.000000,0.000000,0.000000,-0.000000,-0.235595,0.000000,0.000000,0.000000,65535.000000,0.000000,0.000000,5.066749,1.874837,5.066749,1.874837,0.000000,0.000000,1.000000
10400.000000,5.066749,1.874837,0.000000,0.000000,0.000000,0.000000,0.000000,0.000000,0.000000,0.000000,0.000000,0.000000,-0.000000,-0.235368,0.000000,0.000000,0.000000,65535.000000,0.000000,0.000000,5.066749,1.874837,5.066749,1.874837,0.000000,0.000000,1.000000
10410.000000,5.066749,1.874837,0.000000,0.000000,0.000000,0.000000,0.000000,0.000000,0.000000,0.000000,0.000000,0.000000,-0.000000,-0.231964,0.000000,0.000000,0.000000,65535.000000,0.000000,0.000000,5.066749,1.874837,5.066749,1.874837,0.000000,0.000000,1.000000
10420.000000,5.066749,1.874837,0.000000,0.000000,0.000000,0.000000,0.000000,0.000000,0.000000,0.000000,0.000000,0.000000,-0.000000,-0.229655,0.000000,0.000000,0.000000,65535.000000,0.000000,0.000000,5.066749,1.874837,5.066749,1.874837,0.000000,0.000000,1.000000
10430.000000,5.066749,1.874837,0.000000,0.000000,0.000000,0.000000,0.000000,0.000000,0.000000,0.000000,0.000000,0.000000,-0.000000,-0.227369,0.000000,0.000000,0.000000,65535.000000,0.000000,0.000000,5.066749,1.874837,5.066749,1.874837,0.000000,0.000000,1.000000
10440.000000,5.066749,1.874837,0.000000,0.000000,0.000000,0.000000,0.000000,0.000000,0.000000,0.000000,0.000000,0.000000,-0.000000,-0.227304,0.000000,0.000000,0.000000,65535.000000,0.000000,0.000000,5.066749,1.874837,5.066749,1.874837,0.000000,0.000000,1.000000
10450.000000,5.066749,1.874837,0.000000,0.000000,0.000000,0.000000,0.000000,0.000000,0.000000,0.000000,0.000000,0.000000,-0.000000,-0.218481,0.000000,0.000000,0.000000,65535.000000,0.000000,0.000000,5.066749,1.874837,5.066749,1.874837,0.000000,0.000000,1.000000
10460.000000,5.066749,1.874837,0.000000,0.000000,0.000000,0.000000,0.000000,0.000000,0.000000,0.000000,0.000000,0.000000,-0.000000,-0.216306,0.000000,0.000000,0.000000,65535.000000,0.000000,0.000000,5.066749,1.874837,5.066749,1.874837,0.000000,0.000000,1.000000
10470.000000,5.066749,1.874837,0.000000,0.000000,0.000000,0.000000,0.000000,0.000000,0.000000,0.000000,0.000000,0.000000,-0.000000,-0.214152,0.000000,0.000000,0.000000,65535.000000,0.000000,0.000000,5.066749,1.874837,5.066749,1.874837,0.000000,0.000000,1.000000
10480.000000,5.066749,1.874837,0.000000,0.000000,0.000000,0.000000,0.000000,0.000000,0.000000,0.000000,0.000000,0.000000,-0.000000,-0.221186,0.000000,0.000000,0.000000,65535.000000,0.000000,0.000000,5.066749,1.874837,5.066749,1.874837,0.000000,0.000000,1.000000
10490.000000,5.066749,1.874837,0.000000,0.000000,0.000000,0.000000,0.000000,0.000000,0.000000,0.000000,0.000000,0.000000,-0.000000,-0.221542,0.000000,0.000000,0.000000,65535.000000,0.000000,0.000000,5.066749,1.874837,5.066749,1.874837,0.000000,0.000000,1.000000
10500.000000,5.066749,1.874837,0.000000,0.000000,0.000000,0.000000,0.000000,0.000000,0.000000,0.000000,0.000000,0.000000,-0.000000,-0.219336,0.000000,0.000000,0.000000,65535.000000,0.000000,0.000000,5.066749,1.874837,5.066749,1.874837,0.000000,0.000000,1.000000
10510.000000,5.066749,1.874837,0.000000,0.000000,0.000000,0.000000,0.000000,0.000000,0.000000,0.000000,0.000000,0.000000,-0.000000,-0.211524,0.000000,0.000000,0.000000,65535.000000,0.000000,0.000000,5.066749,1.874837,5.066749,1.874837,0.000000,0.000000,1.000000
10520.000000,5.066749,1.874837,0.000000,0.000000,0.000000,0.000000,0.000000,0.000000,0.000000,0.000000,0.000000,0.000000,-0.000000,-0.209419,0.000000,0.000000,0.000000,65535.000000,0.000000,0.000000,5.066749,1.874837,5.066749,1.874837,0.000000,0.000000,1.000000
10530.000000,5.066749,1.874837,0.000000,0.000000,0.000000,0.000000,0.000000,0.000000,0.000000,0.000000,0.000000,0.000000,-0.000000,-0.209304,0.000000,0.000000,0.000000,65535.000000,0.000000,0.000000,5.066749,1.874837,5.066749,1.874837,0.000000,0.000000,1.000000
10540.000000,5.066749,1.874837,0.000000,0.000000,0.000000,0.000000,0.000000,0.000000,0.000000,0.000000,0.000000,0.000000,-0.000000,-0.204151,0.000000,0.000000,0.000000,65535.000000,0.000000,0.000000,5.066749,1.874837,5.066749,1.874837,0.000000,0.000000,1.000000
10550.000000,5.066749,1.874837,0.000000,0.000000,0.000000,0.000000,0.000000,0.000000,0.000000,0.000000,0.000000,0.000000,-0.000000,-0.202119,0.000000,0.000000,0.000000,65535.000000,0.000000,0.000000,5.066749,1.874837,5.066749,1.874837,0.000000,0.000000,1.000000
10560.000000,5.066749,1.874837,0.000000,0.000000,0.000000,0.000000,0.000000,0.000000,0.000000,0.000000,0.000000,0.000000,-0.000000,-0.200138,0.000000,0.000000,0.000000,65535.000000,0.000000,0.000000,5.066749,1.874837,5.066749,1.874837,0.000000,0.000000,1.000000
10570.000000,5.066749,1.874837,0.000000,0.000000,0.000000,0.000000,0.000000,0.000000,0.000000,0.000000,0.000000,0.000000,-0.000000,-0.196559,0.000000,0.000000,0.000000,65535.000000,0.000000,0.000000,5.066749,1.874837,5.066749,1.874837,0.000000,0.000000,1.000000
10580.000000,5.066749,1.874837,0.000000,0.000000,0.000000,0.000000,0.000000,0.000000,0.000000,0.000000,0.000000,0.000000,-0.000000,-0.194408,0.000000,0.000000,0.000000,65535.000000,0.000000,0.000000,5.066749,1.874837,5.066749,1.874837,0.000000,0.000000,1.000000
10590.000000,5.066749,1.874837,0.000000,0.000000,0.000000,0.000000,0.000000,0.000000,0.000000,0.000000,0.000000,0.000000,-0.000000,-0.192472,0.000000,0.000000,0.000000,65535.000000,0.000000,0.000000,5.066749,1.874837,5.066749,1.874837,0.000000,0.000000,1.000000
10600.000000,5.066749,1.874837,0.000000,0.000000,0.000000,0.000000,0.000000,0.000000,0.000000,0.000000,0.000000,0.000000,-0.000000,-0.190556,0.000000,0.000000,0.000000,65535.000000,0.000000,0.000000,5.066749,1.874837,5.066749,1.874837,0.000000,0.000000,1.000000
10610.000000,5.066749,1.874837,0.000000,0.000000,0.000000,0.000000,0.000000,0.000000,0.000000,0.000000,0.000000,0.000000,-0.000000,-0.189715,0.000000,0.000000,0.000000,65535.000000,0.000000,0.000000,5.066749,1.874837,5.066749,1.874837,0.000000,0.000000,1.000000
10620.000000,5.066749,1.874837,0.000000,0.000000,0.000000,0.000000,0.000000,0.000000,0.000000,0.000000,0.000000,0.000000,-0.000000,-0.183754,0.000000,0.000000,0.000000,65535.000000,0.000000,0.000000,5.066749,1.874837,5.066749,1.874837,0.000000,0.000000,1.000000
10630.000000,5.066749,1.874837,0.000000,0.000000,0.000000,0.000000,0.000000,0.000000,0.000000,0.000000,0.000000,0.000000,-0.000000,-0.179914,0.000000,0.000000,0.000000,65535.000000,0.000000,0.000000,5.066749,1.874837,5.066749,1.874837,0.000000,0.000000,1.000000
10640.000000,5.066749,1.874837,0.000000,0.000000,0.000000,0.000000,0.000000,0.000000,0.000000,0.000000,0.000000,0.000000,-0.000000,-0.178123,0.000000,0.000000,0.000000,65535.000000,0.000000,0.000000,5.066749,1.874837,5.066749,1.874837,0.000000,0.000000,1.000000
10650.000000,5.066749,1.874837,0.000000,0.000000,0.000000,0.000000,0.000000,0.000000,0.000000,0.000000,0.000000,0.000000,-0.000000,-0.175139,0.000000,0.000000,0.000000,65535.000000,0.000000,0.000000,5.066749,1.874837,5.066749,1.874837,0.000000,0.000000,1.000000
10660.000000,5.066749,1.874837,0.000000,0.000000,0.000000,0.000000,0.000000,0.000000,0.000000,0.000000,0.000000,0.000000,-0.000000,-0.173395,0.000000,0.000000,0.000000,65535.000000,0.000000,0.000000,5.066749,1.874837,5.066749,1.874837,0.000000,0.000000,1.000000
10670.000000,5.066749,1.874837,0.000000,0.000000,0.000000,0.000000,0.000000,0.000000,0.000000,0.000000,0.000000,0.000000,-0.000000,-0.182297,0.000000,0.000000,0.000000,65535.000000,0.000000,0.000000,5.066749,1.874837,5.066749,1.874837,0.000000,0.000000,1.000000
10680.000000,5.066749,1.874837,0.000000,0.000000,0.000000,0.000000,0.000000,0.000000,0.000000,0.000000,0.000000,0.000000,-0.000000,-0.180482,0.000000,0.000000,0.000000,65535.000000,0.000000,0.000000,5.066749,1.874837,5.066749,1.874837,0.000000,0.000000,1.000000
10690.000000,5.066749,1.874837,0.000000,0.000000,0.000000,0.000000,0.000000,0.000000,0.000000,0.000000,0.000000,0.000000,-0.000000,-0.170116,0.000000,0.000000,0.000000,65535.000000,0.000000,0.000000,5.066749,1.874837,5.066749,1.874837,0.000000,0.000000,1.000000
10700.000000,5.066749,1.874837,0.000000,0.000000,0.000000,0.000000,0.000000,0.000000,0.000000,0.000000,0.000000,0.000000,-0.000000,-0.162140,0.000000,0.000000,0.000000,65535.000000,0.000000,0.000000,5.066749,1.874837,5.066749,1.874837,0.000000,0.000000,1.000000
10710.000000,5.066749,1.874837,0.000000,0.000000,0.000000,0.000000,0.000000,0.000000,0.000000,0.000000,0.000000,0.000000,-0.000000,-0.160526,0.000000,0.000000,0.000000,65535.000000,0.000000,0.000000,5.066749,1.874837,5.066749,1.874837,0.000000,0.000000,1.000000
10720.000000,5.066749,1.874837,0.000000,0.000000,0.000000,0.000000,0.000000,0.000000,0.000000,0.000000,0.000000,0.000000,-0.000000,-0.159696,0.000000,0.000000,0.000000,65535.000000,0.000000,0.000000,5.066749,1.874837,5.066749,1.874837,0.000000,0.000000,1.000000
10730.000000,5.066749,1.874837,0.000000,0.000000,0.000000,0.000000,0.000000,0.000000,0.000000,0.000000,0.000000,0.000000,-0.000000,-0.156213,0.000000,0.000000,0.000000,65535.000000,0.000000,0.000000,5.066749,1.874837,5.066749,1.874837,0.000000,0.000000,1.000000
10740.000000,5.066749,1.874837,0.000000,0.000000,0.000000,0.000000,0.000000,0.000000,0.000000,0.000000,0.000000,0.000000,-0.000000,-0.154658,0.000000,0.000000,0.000000,65535.000000,0.000000,0.000000,5.066749,1.874837,5.066749,1.874837,0.000000,0.000000,1.000000
10750.000000,5.066749,1.874837,0.000000,0.000000,0.000000,0.000000,0.000000,0.000000,0.000000,0.000000,0.000000,0.000000,-0.000000,-0.153118,0.000000,0.000000,0.000000,65535.000000,0.000000,0.000000,5.066749,1.874837,5.066749,1.874837,0.000000,0.000000,1.000000
10760.000000,5.066749,1.874837,0.000000,0.000000,0.000000,0.000000,0.000000,0.000000,0.000000,0.000000,0.000000,0.000000,-0.000000,-0.165632,0.000000,0.000000,0.000000,65535.000000,0.000000,0.000000,5.066749,1.874837,5.066749,1.874837,0.000000,0.000000,1.000000
10770.000000,5.066749,1.874837,0.000000,0.000000,0.000000,0.000000,0.000000,0.000000,0.000000,0.000000,0.000000,0.000000,-0.000000,-0.161753,0.000000,0.000000,0.000000,65535.000000,0.000000,0.000000,5.066749,1.874837,5.066749,1.874837,0.000000,0.000000,1.000000
10780.000000,5.066749,1.874837,0.000000,0.000000,0.000000,0.000000,0.000000,0.000000,0.000000,0.000000,0.000000,0.000000,-0.000000,-0.160143,0.000000,0.000000,0.000000,65535.000000,0.000000,0.000000,5.066749,1.874837,5.066749,1.874837,0.000000,0.000000,1.000000
10790.000000,5.066749,1.874837,0.000000,0.000000,0.000000,0.000000,0.000000,0.000000,0.000000,0.000000,0.000000,0.000000,-0.000000,-0.158549,0.000000,0.000000,0.000000,65535.000000,0.000000,0.000000,5.066749,1.874837,5.066749,1.874837,0.000000,0.000000,1.000000
10800.000000,5.066749,1.874837,0.000000,0.000000,0.000000,0.000000,0.000000,0.000000,0.000000,0.000000,0.000000,0.000000,-0.000000,-0.157354,0.000000,0.000000,0.000000,65535.000000,0.000000,0.000000,5.066749,1.874837,5.066749,1.874837,0.000000,0.000000,1.000000
10810.000000,5.066749,1.874837,0.000000,0.000000,0.000000,0.000000,0.000000,0.000000,0.000000,0.000000,0.000000,0.000000,-0.000000,-0.155788,0.000000,0.000000,0.000000,65535.000000,0.000000,0.000000,5.066749,1.874837,5.066749,1.874837,0.000000,0.000000,1.000000
10820.000000,5.066749,1.874837,0.000000,0.000000,0.000000,0.000000,0.000000,0.000000,0.000000,0.000000,0.000000,0.000000,-0.000000,-0.157194,0.000000,0.000000,0.000000,65535.000000,0.000000,0.000000,5.066749,1.874837,5.066749,1.874837,0.000000,0.000000,1.000000
10830.000000,5.066749,1.874837,0.000000,0.000000,0.000000,0.000000,0.000000,0.000000,0.000000,0.000000,0.000000,0.000000,-0.000000,-0.155662,0.000000,0.000000,0.000000,65535.000000,0.000000,0.000000,5.066749,1.874837,5.066749,1.874837,0.000000,0.000000,1.000000
10840.000000,5.066749,1.874837,0.000000,0.000000,0.000000,0.000000,0.000000,0.000000,0.000000,0.000000,0.000000,0.000000,-0.000000,-0.152285,0.000000,0.000000,0.000000,65535.000000,0.000000,0.000000,5.066749,1.874837,5.066749,1.874837,0.000000,0.000000,1.000000
10850.000000,5.066749,1.874837,0.000000,0.000000,0.000000,0.000000,0.000000,0.000000,0.000000,0.000000,0.000000,0.000000,-0.000000,-0.149789,0.000000,0.000000,0.000000,65535.000000,0.000000,0.000000,5.066749,1.874837,5.066749,1.874837,0.000000,0.000000,1.000000
10860.000000,5.066749,1.874837,0.000000,0.000000,0.000000,0.000000,0.000000,0.000000,0.000000,0.000000,0.000000,0.000000,-0.000000,-0.148297,0.000000,0.000000,0.000000,65535.000000,0.000000,0.000000,5.066749,1.874837,5.066749,1.874837,0.000000,0.000000,1.000000
10870.000000,5.066749,1.874837,0.000000,0.000000,0.000000,0.000000,0.000000,0.000000,0.000000,0.000000,0.000000,0.000000,-0.000000,-0.148026,0.000000,0.000000,0.000000,65535.000000,0.000000,0.000000,5.066749,1.874837,5.066749,1.874837,0.000000,0.000000,1.000000
10880.000000,5.066749,1.874837,0.000000,0.000000,0.000000,0.000000,0.000000,0.000000,0.000000,0.000000,0.000000,0.000000,-0.000000,-0.143546,0.000000,0.000000,0.000000,65535.000000,0.000000,0.000000,5.066749,1.874837,5.066749,1.874837,0.000000,0.000000,1.000000
10890.000000,5.066749,1.874837,0.000000,0.000000,0.000000,0.000000,0.000000,0.000000,0.000000,0.006968,0.000950,-0.000654,-0.000689,-0.140635,0.000000,0.000000,0.000000,65535.000000,0.000000,0.000000,5.066749,1.874837,5.066749,1.874837,0.000000,0.000000,1.000000
10900.000000,5.066749,1.874837,0.000000,0.000000,0.000000,0.000000,0.000000,0.000000,0.000000,0.006450,0.000584,-0.000402,-0.000423,-0.139375,0.000000,0.000000,0.000000,65535.000000,0.000000,0.000000,5.066749,1.874837,5.066749,1.874837,0.000000,0.000000,1.000000
10910.000000,5.066749,1.874837,0.000000,0.000000,0.000000,0.000000,0.000000,0.000000,0.000000,0.003002,0.000358,-0.000247,-0.000260,-0.137974,0.000000,0.000000,0.000000,65535.000000,0.000000,0.000000,5.066749,1.874837,5.066749,1.874837,0.000000,0.000000,1.000000
10920.000000,5.066749,1.874837,0.000000,0.000000,0.000000,0.000000,0.000000,0.000000,0.000000,0.000917,0.000220,-0.000151,-0.000160,-0.136203,0.000000,0.000000,0.000000,65535.000000,0.000000,0.000000,5.066749,1.874837,5.066749,1.874837,0.000000,0.000000,1.000000
10930.000000,5.066749,1.874837,0.000000,0.000000,0.000000,0.000000,0.000000,0.000000,0.000000,0.000823,0.000135,-0.000093,-0.000098,-0.134847,0.000000,0.000000,0.000000,65535.000000,0.000000,0.000000,5.066749,1.874837,5.066749,1.874837,0.000000,0.000000,1.000000
10940.000000,5.066749,1.874837,0.000000,0.000000,0.000000,0.000000,0.000000,0.000000,0.000000,0.001568,0.000083,-0.000057,-0.000060,-0.137748,0.000000,0.000000,0.000000,65535.000000,0.000000,0.000000,5.066749,1.874837,5.066749,1.874837,0.000000,0.000000,1.000000
10950.000000,5.066749,1.874837,0.000000,0.000000,0.000000,0.000000,0.000000,0.000000,0.000000,0.001775,0.000051,-0.000035,-0.000037,-0.133613,0.000000,0.000000,0.000000,65535.000000,0.000000,0.000000,5.066749,1.874837,5.066749,1.874837,0.000000,0.000000,1.000000
10960.000000,5.066749,1.874837,0.000000,0.000000,0.000000,0.000000,0.000000,0.000000,0.000000,0.001873,0.000031,-0.000022,-0.000023,-0.132283,0.000000,0.000000,0.000000,65535.000000,0.000000,0.000000,5.066749,1.874837,5.066749,1.874837,0.000000,0.000000,1.000000
10970.000000,5.066749,1.874837,0.000000,0.000000,0.000000,0.000000,0.000000,0.000000,0.000000,0.001852,0.000019,-0.000013,-0.000014,-0.131924,0.000000,0.000000,0.000000,65535.000000,0.000000,0.000000,5.066749,1.874837,5.066749,1.874837,0.000000,0.000000,1.000000
10980.000000,5.066749,1.874837,0.000000,0.000000,0.000000,0.000000,0.000000,0.000000,0.000000,0.001896,0.000012,-0.000008,-0.000009,-0.130035,0.000000,0.000000,0.000000,65535.000000,0.000000,0.000000,5.066749,1.874837,5.066749,1.874837,0.000000,0.000000,1.000000
10990.000000,5.066749,1.874837,0.000000,0.000000,0.000000,0.000000,0.000000,0.000000,0.000000,0.001775,0.000007,-0.000005,-0.000005,-0.128740,0.000000,0.000000,0.000000,65535.000000,0.000000,0.000000,5.066749,1.874837,5.066749,1.874837,0.000000,0.000000,1.000000
11000.000000,5.066749,1.874837,0.000000,0.000000,0.000000,0.000000,0.000000,0.000000,0.000000,0.001488,0.000004,-0.000003,-0.000003,-0.129551,0.000000,0.000000,0.000000,65535.000000,0.000000,0.000000,5.066749,1.874837,5.066749,1.874837,0.000000,0.000000,1.000000
11010.000000,5.066749,1.874837,0.000000,0.000000,0.000000,0.000000,0.000000,0.000000,0.000000,0.001348,0.000003,-0.000002,-0.000002,-0.131339,0.000000,0.000000,0.000000,65535.000000,0.000000,0.000000,5.066749,1.874837,5.066749,1.874837,0.000000,0.000000,1.000000
11020.000000,5.066749,1.874837,0.000000,0.000000,0.000000,0.000000,0.000000,0.000000,0.000000,0.001310,0.000002,-0.000001,-0.000001,-0.130032,0.000000,0.000000,0.000000,65535.000000,0.000000,0.000000,5.066749,1.874837,5.066749,1.874837,0.000000,0.000000,1.000000
11030.000000,5.066749,1.874837,0.000000,0.000000,0.000000,0.000000,0.000000,0.000000,0.000000,0.001188,0.000001,-0.000001,-0.000001,-0.116618,0.000000,0.000000,0.000000,65535.000000,0.000000,0.000000,5.066749,1.874837,5.066749,1.874837,0.000000,0.000000,1.000000
11040.000000,5.066749,1.874837,0.000000,0.000000,0.000000,0.000000,0.000000,0.000000,0.000000,0.001063,0.000001,-0.000000,-0.000000,-0.114725,0.000000,0.000000,0.000000,65535.000000,0.000000,0.000000,5.066749,1.874837,5.066749,1.874837,0.000000,0.000000,1.000000
11050.000000,5.066749,1.874837,0.000000,0.000000,0.000000,0.000000,0.000000,0.000000,0.000000,0.008177,0.000951,-0.000655,-0.000690,-0.098770,0.000000,0.000000,0.000000,65535.000000,0.000000,0.000000,5.066749,1.874837,5.066749,1.874837,0.000000,0.000000,1.000000
11060.000000,5.066749,1.874837,0.000000,0.000000,0.000000,0.000000,0.000000,0.000000,0.000000,0.006414,0.000584,-0.000402,-0.000423,-0.093002,0.000000,0.000000,0.000000,65535.000000,0.000000,0.000000,5.066749,1.874837,5.066749,1.874837,0.000000,0.000000,1.000000
11070.000000,5.066749,1.874837,0.000000,0.000000,0.000000,0.000000,0.000000,0.000000,0.000000,0.002522,0.000358,-0.000247,-0.000260,-0.092076,0.000000,0.000000,0.000000,65535.000000,0.000000,0.000000,5.066749,1.874837,5.066749,1.874837,0.000000,0.000000,1.000000
11080.000000,5.066749,1.874837,0.000000,0.000000,0.000000,0.000000,0.000000,0.000000,0.000000,0.000917,0.000220,-0.000152,-0.000160,-0.091299,0.000000,0.000000,0.000000,65535.000000,0.000000,0.000000,5.066749,1.874837,5.066749,1.874837,0.000000,0.000000,1.000000
11090.000000,5.066749,1.874837,0.000000,0.000000,0.000000,0.000000,0.000000,0.000000,0.000000,0.001420,0.000135,-0.000093,-0.000098,-0.106034,0.000000,0.000000,0.000000,65535.000000,0.000000,0.000000,5.066749,1.874837,5.066749,1.874837,0.000000,0.000000,1.000000
11100.000000,5.066749,1.874837,0.000000,0.000000,0.000000,0.000000,0.000000,0.000000,0.000000,0.002118,0.000083,-0.000057,-0.000060,-0.101778,0.000000,0.000000,0.000000,65535.000000,0.000000,0.000000,5.066749,1.874837,5.066749,1.874837,0.000000,0.000000,1.000000
11110.000000,5.066749,1.874837,0.000000,0.000000,0.000000,0.000000,0.000000,0.000000,0.000000,0.002408,0.000051,-0.000035,-0.000037,-0.100765,0.000000,0.000000,0.000000,65535.000000,0.000000,0.000000,5.066749,1.874837,5.066749,1.874837,0.000000,0.000000,1.000000
11120.000000,5.066749,1.874837,0.000000,0.000000,0.000000,0.000000,0.000000,0.000000,0.000000,0.002463,0.000031,-0.000022,-0.000023,-0.103479,0.000000,0.000000,0.000000,65535.000000,0.000000,0.000000,5.066749,1.874837,5.066749,1.874837,0.000000,0.000000,1.000000
11130.000000,5.066749,1.874837,0.000000,0.000000,0.000000,0.000000,0.000000,0.000000,0.000000,0.002388,0.000019,-0.000013,-0.000014,-0.102082,0.000000,0.000000,0.000000,65535.000000,0.000000,0.000000,5.066749,1.874837,5.066749,1.874837,0.000000,0.000000,1.000000
11140.000000,5.066749,1.874837,0.000000,0.000000,0.000000,0.000000,0.000000,0.000000,0.000000,0.002244,0.000012,-0.000008,-0.000009,-0.088985,0.000000,0.000000,0.000000,65535.000000,0.000000,0.000000,5.066749,1.874837,5.066749,1.874837,0.000000,0.000000,1.000000
11150.000000,5.066749,1.874837,0.000000,0.000000,0.000000,0.000000,0.000000,0.000000,0.000000,0.002069,0.000007,-0.000005,-0.000005,-0.065107,0.000000,0.000000,0.000000,65535.000000,0.000000,0.000000,5.066749,1.874837,5.066749,1.874837,0.000000,0.000000,1.000000
11160.000000,5.066749,1.874837,0.000000,0.000000,0.000000,0.000000,0.000000,0.000000,0.000000,0.001885,0.000004,-0.000003,-0.000003,-0.064459,0.000000,0.000000,0.000000,65535.000000,0.000000,0.000000,5.066749,1.874837,5.066749,1.874837,0.000000,0.000000,1.000000
11170.000000,5.066749,1.874837,0.000000,0.000000,0.000000,0.000000,0.000000,0.000000,0.000000,0.001704,0.000003,-0.000002,-0.000002,-0.065932,0.000000,0.000000,0.000000,65535.000000,0.000000,0.000000,5.066749,1.874837,5.066749,1.874837,0.000000,0.000000,1.000000
11180.000000,5.066749,1.874837,0.000000,0.000000,0.000000,0.000000,0.000000,0.000000,0.000000,0.001532,0.000002,-0.000001,-0.000001,-0.065276,0.000000,0.000000,0.000000,65535.000000,0.000000,0.000000,5.066749,1.874837,5.066749,1.874837,0.000000,0.000000,1.000000
11190.000000,5.066749,1.874837,0.000000,0.000000,0.000000,0.000000,0.000000,0.000000,0.000000,0.001372,0.000001,-0.000001,-0.000001,-0.074324,0.000000,0.000000,0.000000,65535.000000,0.000000,0.000000,5.066749,1.874837,5.066749,1.874837,0.000000,0.000000,1.000000
11200.000000,5.066749,1.874837,0.000000,0.000000,0.000000,0.000000,0.000000,0.000000,0.000000,0.001226,0.000001,-0.000000,-0.000000,-0.089108,0.000000,0.000000,0.000000,65535.000000,0.000000,0.000000,5.066749,1.874837,5.066749,1.874837,0.000000,0.000000,1.000000
11210.000000,5.066749,1.874837,0.000000,0.000000,0.000000,0.000000,0.000000,0.000000,0.000000,0.001094,0.000000,-0.000000,-0.000000,-0.073971,0.000000,0.000000,0.000000,65535.000000,0.000000,0.000000,5.066749,1.874837,5.066749,1.874837,0.000000,0.000000,1.000000
11220.000000,5.066749,1.874837,0.000000,0.000000,0.000000,0.000000,0.000000,0.000000,0.000000,0.000975,0.000000,-0.000000,-0.000000,-0.073235,0.000000,0.000000,0.000000,65535.000000,0.000000,0.000000,5.066749,1.874837,5.066749,1.874837,0.000000,0.000000,1.000000
11230.000000,5.066749,1.874837,0.000000,0.000000,0.000000,0.000000,0.000000,0.000000,0.000000,0.000868,0.000000,-0.000000,-0.000000,-0.078569,0.000000,0.000000,0.000000,65535.000000,0.000000,0.000000,5.066749,1.874837,5.066749,1.874837,0.000000,0.000000,1.000000
11240.000000,5.066749,1.874837,0.000000,0.000000,0.000000,0.000000,0.000000,0.000000,0.000000,0.000773,0.000000,-0.000000,-0.000000,-0.103172,0.000000,0.000000,0.000000,65535.000000,0.000000,0.000000,5.066749,1.874837,5.066749,1.874837,0.000000,0.000000,1.000000
11250.000000,5.066749,1.874837,0.000000,0.000000,0.000000,0.000000,0.000000,0.000000,0.000000,0.000687,0.000000,-0.000000,-0.000000,-0.101294,0.000000,0.000000,0.000000,65535.000000,0.000000,0.000000,5.066749,1.874837,5.066749,1.874837,0.000000,0.000000,1.000000
11260.000000,5.066749,1.874837,0.000000,0.000000,0.000000,0.000000,0.000000,0.000000,0.000000,0.000611,0.000000,-0.000000,-0.000000,-0.100286,0.000000,0.000000,0.000000,65535.000000,0.000000,0.000000,5.066749,1.874837,5.066749,1.874837,0.000000,0.000000,1.000000
11270.000000,5.066749,1.874837,0.000000,0.000000,0.000000,0.000000,0.000000,0.000000,0.000000,0.000544,0.000000,-0.000000,-0.000000,-0.089301,0.000000,0.000000,0.000000,65535.000000,0.000000,0.000000,5.066749,1.874837,5.066749,1.874837,0.000000,0.000000,1.000000
11280.000000,5.066749,1.874837,0.000000,0.000000,0.000000,0.000000,0.000000,0.000000,0.000000,0.000483,0.000000,-0.000000,-0.000000,-0.088412,0.000000,0.000000,0.000000,65535.000000,0.000000,0.000000,5.066749,1.874837,5.066749,1.874837,0.000000,0.000000,1.000000
11290.000000,5.066749,1.874837,0.000000,0.000000,0.000000,0.000000,0.000000,0.000000,0.000000,0.000430,0.000000,-0.000000,-0.000000,-0.081705,0.000000,0.000000,0.000000,65535.000000,0.000000,0.000000,5.066749,1.874837,5.066749,1.874837,0.000000,0.000000,1.000000
11300.000000,5.066749,1.874837,0.000000,0.000000,0.000000,0.000000,0.000000,0.000000,0.000000,0.000382,0.000000,-0.000000,-0.000000,-0.080891,0.000000,0.000000,0.000000,65535.000000,0.000000,0.000000,5.066749,1.874837,5.066749,1.874837,0.000000,0.000000,1.000000
11310.000000,5.066749,1.874837,0.000000,0.000000,0.000000,0.000000,0.000000,0.000000,0.000000,0.000340,0.000000,-0.000000,-0.000000,-0.080086,0.000000,0.000000,0.000000,65535.000000,0.000000,0.000000,5.066749,1.874837,5.066749,1.874837,0.000000,0.000000,1.000000
11320.000000,5.066749,1.874837,0.000000,0.000000,0.000000,0.000000,0.000000,0.000000,0.000000,0.000302,0.000000,-0.000000,-0.000000,-0.087845,0.000000,0.000000,0.000000,65535.000000,0.000000,0.000000,5.066749,1.874837,5.066749,1.874837,0.000000,0.000000,1.000000
11330.000000,5.066749,1.874837,0.000000,0.000000,0.000000,0.000000,0.000000,0.000000,0.000000,0.000268,0.000000,-0.000000,-0.000000,-0.086970,0.000000,0.000000,0.000000,65535.000000,0.000000,0.000000,5.066749,1.874837,5.066749,1.874837,0.000000,0.000000,1.000000
11340.000000,5.066749,1.874837,0.000000,0.000000,0.000000,0.000000,0.000000,0.000000,0.000000,0.000239,0.000000,-0.000000,-0.000000,-0.090542,0.000000,0.000000,0.000000,65535.000000,0.000000,0.000000,5.066749,1.874837,5.066749,1.874837,0.000000,0.000000,1.000000
11350.000000,5.066749,1.874837,0.000000,0.000000,0.000000,0.000000,0.000000,0.000000,0.000000,0.000212,0.000000,-0.000000,-0.000000,-0.092746,0.000000,0.000000,0.000000,65535.000000,0.000000,0.000000,5.066749,1.874837,5.066749,1.874837,0.000000,0.000000,1.000000
11360.000000,5.066749,1.874837,0.000000,0.000000,0.000000,0.000000,0.000000,0.000000,0.000000,0.000188,0.000000,-0.000000,-0.000000,-0.091823,0.000000,0.000000,0.000000,65535.000000,0.000000,0.000000,5.066749,1.874837,5.066749,1.874837,0.000000,0.000000,1.000000
11370.000000,5.066749,1.874837,0.000000,0.000000,0.000000,0.000000,0.000000,0.000000,0.000000,0.000168,0.000000,-0.000000,-0.000000,-0.079639,0.000000,0.000000,0.000000,65535.000000,0.000000,0.000000,5.066749,1.874837,5.066749,1.874837,0.000000,0.000000,1.000000
11380.000000,5.066749,1.874837,0.000000,0.000000,0.000000,0.000000,0.000000,0.000000,0.000000,0.000149,0.000000,-0.000000,-0.000000,-0.078846,0.000000,0.000000,0.000000,65535.000000,0.000000,0.000000,5.066749,1.874837,5.066749,1.874837,0.000000,0.000000,1.000000
