I0,I1,I2,I3,I4,I5,I6,I7,I8,I9,I10,I11,I12,I13,I14,I15,I16,I17,I18,I19,I20,I21,I22,I23,I24,I25,I26,I27
2170.000000,6.000000,1.000000,0.000000,0.000000,0.000000,0.000000,0.000000,0.000000,0.000000,0.000000,0.000000,0.000000,0.000000,-0.322418,0.000000,0.000000,0.000000,65535.000000,0.000000,0.000000,6.000000,1.000000,6.000000,1.000000,0.000000,0.000000,1.000000
2180.000000,6.000000,1.000000,0.000000,0.000000,0.000000,0.000000,0.000000,0.000000,0.000000,0.000000,0.000000,0.000000,0.000000,-0.308154,0.000000,0.000000,0.000000,65535.000000,0.000000,0.000000,6.000000,1.000000,6.000000,1.000000,0.000000,0.000000,1.000000
2190.000000,6.000000,1.000000,0.000000,0.000000,0.000000,0.000000,0.000000,0.000000,0.000000,0.000000,0.000000,0.000000,0.000000,-0.307159,0.000000,0.000000,0.000000,65535.000000,0.000000,0.000000,6.000000,1.000000,6.000000,1.000000,0.000000,0.000000,1.000000
2200.000000,6.000000,1.000000,0.000000,0.000000,0.000000,0.000000,0.000000,0.000000,0.000000,0.000000,0.000000,0.000000,0.000000,-0.306218,0.000000,0.000000,0.000000,65535.000000,0.000000,0.000000,6.000000,1.000000,6.000000,1.000000,0.000000,0.000000,1.000000
2210.000000,6.000000,1.000000,0.000000,0.000000,0.000000,0.000000,0.000000,0.000000,0.000000,0.000000,0.000000,0.000000,0.000000,-0.309736,0.000000,0.000000,0.000000,65535.000000,0.000000,0.000000,6.000000,1.000000,6.000000,1.000000,0.000000,0.000000,1.000000
2220.000000,6.000000,1.000000,0.000000,0.000000,0.000000,0.000000,0.000000,0.000000,0.000000,0.000000,0.000000,0.000000,0.000000,-0.308779,0.000000,0.000000,0.000000,65535.000000,0.000000,0.000000,6.000000,1.000000,6.000000,1.000000,0.000000,0.000000,1.000000
2230.000000,6.000000,1.000000,0.000000,0.000000,0.000000,0.000000,0.000000,0.000000,0.000000,0.000000,0.000000,0.000000,0.000000,-0.314414,0.000000,0.000000,0.000000,65535.000000,0.000000,0.000000,6.000000,1.000000,6.000000,1.000000,0.000000,0.000000,1.000000
2240.000000,6.000000,1.000000,0.000000,0.000000,0.000000,0.000000,0.000000,0.000000,0.000000,0.000000,0.000000,0.000000,0.000000,-0.311723,0.000000,0.000000,0.000000,65535.000000,0.000000,0.000000,6.000000,1.000000,6.000000,1.000000,0.000000,0.000000,1.000000
2250.000000,6.000000,1.000000,0.000000,0.000000,0.000000,0.000000,0.000000,0.000000,0.000000,0.000000,0.000000,0.000000,0.000000,-0.310753,0.000000,0.000000,0.000000,65535.000000,0.000000,0.000000,6.000000,1.000000,6.000000,1.000000,0.000000,0.000000,1.000000
2260.000000,6.000000,1.000000,0.000000,0.000000,0.000000,0.000000,0.000000,0.000000,0.000000,0.000000,0.000000,0.000000,0.000000,-0.309789,0.000000,0.000000,0.000000,65535.000000,0.000000,0.000000,6.000000,1.000000,6.000000,1.000000,0.000000,0.000000,1.000000
2280.000000,6.000000,1.000000,0.000000,0.000000,0.000000,0.000000,0.000000,0.000000,0.000000,0.000000,0.000000,0.000000,0.000000,-0.306593,0.000000,0.000000,0.000000,65535.000000,0.000000,0.000000,6.000000,1.000000,6.000000,1.000000,0.000000,0.000000,1.000000
2290.000000,6.000000,1.000000,0.000000,0.000000,0.000000,0.000000,0.000000,0.000000,0.000000,0.000000,0.000000,0.000000,0.000000,-0.306324,0.000000,0.000000,0.000000,65535.000000,0.000000,0.000000,6.000000,1.000000,6.000000,1.000000,0.000000,0.000000,1.000000
2300.000000,6.000000,1.000000,0.000000,0.000000,0.000000,0.000000,0.000000,0.000000,0.000000,0.000000,0.000000,0.000000,0.000000,-0.305388,0.000000,0.000000,0.000000,65535.000000,0.000000,0.000000,6.000000,1.000000,6.000000,1.000000,0.000000,0.000000,1.000000
2310.000000,6.000000,1.000000,0.000000,0.000000,0.000000,0.000000,0.000000,0.000000,0.000000,0.000000,0.000000,0.000000,0.000000,-0.304457,0.000000,0.000000,0.000000,65535.000000,0.000000,0.000000,6.000000,1.000000,6.000000,1.000000,0.000000,0.000000,1.000000
2320.000000,6.000000,1.000000,0.000000,0.000000,0.000000,0.000000,0.000000,0.000000,0.000000,0.000000,0.000000,0.000000,0.000000,-0.303473,0.000000,0.000000,0.000000,65535.000000,0.000000,0.000000,6.000000,1.000000,6.000000,1.000000,0.000000,0.000000,1.000000
2330.000000,6.000000,1.000000,0.000000,0.000000,0.000000,0.000000,0.000000,0.000000,0.000000,0.000000,0.000000,0.000000,0.000000,-0.302554,0.000000,0.000000,0.000000,65535.000000,0.000000,0.000000,6.000000,1.000000,6.000000,1.000000,0.000000,0.000000,1.000000
2340.000000,6.000000,1.000000,0.000000,0.000000,0.000000,0.000000,0.000000,0.000000,0.000000,0.000000,0.000000,0.000000,0.000000,-0.301772,0.000000,0.000000,0.000000,65535.000000,0.000000,0.000000,6.000000,1.000000,6.000000,1.000000,0.000000,0.000000,1.000000
2350.000000,6.000000,1.000000,0.000000,0.000000,0.000000,0.000000,0.000000,0.000000,0.000000,0.000000,0.000000,0.000000,0.000000,-0.291250,0.000000,0.000000,0.000000,65535.000000,0.000000,0.000000,6.000000,1.000000,6.000000,1.000000,0.000000,0.000000,1.000000
2360.000000,6.000000,1.000000,0.000000,0.000000,0.000000,0.000000,0.000000,0.000000,0.000000,0.000000,0.000000,0.000000,0.000000,-0.289734,0.000000,0.000000,0.000000,65535.000000,0.000000,0.000000,6.000000,1.000000,6.000000,1.000000,0.000000,0.000000,1.000000
2370.000000,6.000000,1.000000,0.000000,0.000000,0.000000,0.000000,0.000000,0.000000,0.000000,0.000000,0.000000,0.000000,0.000000,-0.288896,0.000000,0.000000,0.000000,65535.000000,0.000000,0.000000,6.000000,1.000000,6.000000,1.000000,0.000000,0.000000,1.000000
2380.000000,6.000000,1.000000,0.000000,0.000000,0.000000,0.000000,0.000000,0.000000,0.000000,0.000000,0.000000,0.000000,0.000000,-0.295530,0.000000,0.000000,0.000000,65535.000000,0.000000,0.000000,6.000000,1.000000,6.000000,1.000000,0.000000,0.000000,1.000000
2390.000000,6.000000,1.000000,0.000000,0.000000,0.000000,0.000000,0.000000,0.000000,0.000000,0.000000,0.000000,0.000000,0.000000,-0.297480,0.000000,0.000000,0.000000,65535.000000,0.000000,0.000000,6.000000,1.000000,6.000000,1.000000,0.000000,0.000000,1.000000
2400.000000,6.000000,1.000000,0.000000,0.000000,0.000000,0.000000,0.000000,0.000000,0.000000,0.000000,0.000000,0.000000,0.000000,-0.296597,0.000000,0.000000,0.000000,65535.000000,0.000000,0.000000,6.000000,1.000000,6.000000,1.000000,0.000000,0.000000,1.000000
2410.000000,6.000000,1.000000,0.000000,0.000000,0.000000,0.000000,0.000000,0.000000,0.000000,0.000000,0.000000,0.000000,0.000000,-0.295719,0.000000,0.000000,0.000000,65535.000000,0.000000,0.000000,6.000000,1.000000,6.000000,1.000000,0.000000,0.000000,1.000000
2420.000000,6.000000,1.000000,0.000000,0.000000,0.000000,0.000000,0.000000,0.000000,0.000000,0.000000,0.000000,0.000000,0.000000,-0.290648,0.000000,0.000000,0.000000,65535.000000,0.000000,0.000000,6.000000,1.000000,6.000000,1.000000,0.000000,0.000000,1.000000
2430.000000,6.000000,1.000000,0.000000,0.000000,0.000000,0.000000,0.000000,0.000000,0.000000,0.000000,0.000000,0.000000,0.000000,-0.288493,0.000000,0.000000,0.000000,65535.000000,0.000000,0.000000,6.000000,1.000000,6.000000,1.000000,0.000000,0.000000,1.000000
2440.000000,6.000000,1.000000,0.000000,0.000000,0.000000,0.000000,0.000000,0.000000,0.000000,0.000000,0.000000,0.000000,0.000000,-0.287662,0.000000,0.000000,0.000000,65535.000000,0.000000,0.000000,6.000000,1.000000,6.000000,1.000000,0.000000,0.000000,1.000000
2450.000000,6.000000,1.000000,0.000000,0.000000,0.000000,0.000000,0.000000,0.000000,0.000000,0.000000,0.000000,0.000000,0.000000,-0.291598,0.000000,0.000000,0.000000,65535.000000,0.000000,0.000000,6.000000,1.000000,6.000000,1.000000,0.000000,0.000000,1.000000
2460.000000,6.000000,1.000000,0.000000,0.000000,0.000000,0.000000,0.000000,0.000000,0.000000,0.000000,0.000000,0.000000,0.000000,-0.292826,0.000000,0.000000,0.000000,65535.000000,0.000000,0.000000,6.000000,1.000000,6.000000,1.000000,0.000000,0.000000,1.000000
2470.000000,6.000000,1.000000,0.000000,0.000000,0.000000,0.000000,0.000000,0.000000,0.000000,0.000000,0.000000,0.000000,0.000000,-0.291970,0.000000,0.000000,0.000000,65535.000000,0.000000,0.000000,6.000000,1.000000,6.000000,1.000000,0.000000,0.000000,1.000000
2480.000000,6.000000,1.000000,0.000000,0.000000,0.000000,0.000000,0.000000,0.000000,0.000000,0.000000,0.000000,0.000000,0.000000,-0.292528,0.000000,0.000000,0.000000,65535.000000,0.000000,0.000000,6.000000,1.000000,6.000000,1.000000,0.000000,0.000000,1.000000
2490.000000,6.000000,1.000000,0.000000,0.000000,0.000000,0.000000,0.000000,0.000000,0.000000,0.000000,0.000000,0.000000,0.000000,-0.292505,0.000000,0.000000,0.000000,65535.000000,0.000000,0.000000,6.000000,1.000000,6.000000,1.000000,0.000000,0.000000,1.000000
2500.000000,6.000000,1.000000,0.000000,0.000000,0.000000,0.000000,0.000000,0.000000,0.000000,0.000000,0.000000,0.000000,0.000000,-0.290052,0.000000,0.000000,0.000000,65535.000000,0.000000,0.000000,6.000000,1.000000,6.000000,1.000000,0.000000,0.000000,1.000000
2510.000000,6.000000,1.000000,0.000000,0.000000,0.000000,0.000000,0.000000,0.000000,0.000000,0.000000,0.000000,0.000000,0.000000,-0.289213,0.000000,0.000000,0.000000,65535.000000,0.000000,0.000000,6.000000,1.000000,6.000000,1.000000,0.000000,0.000000,1.000000
2520.000000,6.000000,1.000000,0.000000,0.000000,0.000000,0.000000,0.000000,0.000000,0.000000,0.000000,0.000000,0.000000,0.000000,-0.290495,0.000000,0.000000,0.000000,65535.000000,0.000000,0.000000,6.000000,1.000000,6.000000,1.000000,0.000000,0.000000,1.000000
2530.000000,6.000000,1.000000,0.000000,0.000000,0.000000,0.000000,0.000000,0.000000,0.000000,0.000000,0.000000,0.000000,0.000000,-0.295978,0.000000,0.000000,0.000000,65535.000000,0.000000,0.000000,6.000000,1.000000,6.000000,1.000000,0.000000,0.000000,1.000000
2540.000000,6.000000,1.000000,0.000000,0.000000,0.000000,0.000000,0.000000,0.000000,0.000000,0.000000,0.000000,0.000000,0.000000,-0.289645,0.000000,0.000000,0.000000,65535.000000,0.000000,0.000000,6.000000,1.000000,6.000000,1.000000,0.000000,0.000000,1.000000
2550.000000,6.000000,1.000000,0.000000,0.000000,0.000000,0.000000,0.000000,0.000000,0.000000,0.000000,0.000000,0.000000,0.000000,-0.288807,0.000000,0.000000,0.000000,65535.000000,0.000000,0.000000,6.000000,1.000000,6.000000,1.000000,0.000000,0.000000,1.000000
2560.000000,6.000000,1.000000,0.000000,0.000000,0.000000,0.000000,0.000000,0.000000,0.000000,0.000000,0.000000,0.000000,0.000000,-0.288045,0.000000,0.000000,0.000000,65535.000000,0.000000,0.000000,6.000000,1.000000,6.000000,1.000000,0.000000,0.000000,1.000000
2570.000000,6.000000,1.000000,0.000000,0.000000,0.000000,0.000000,0.000000,0.000000,0.000000,0.000000,0.000000,0.000000,0.000000,-0.287464,0.000000,0.000000,0.000000,65535.000000,0.000000,0.000000,6.000000,1.000000,6.000000,1.000000,0.000000,0.000000,1.000000
2580.000000,6.000000,1.000000,0.000000,0.000000,0.000000,0.000000,0.000000,0.000000,0.000000,0.000000,0.000000,0.000000,0.000000,-0.275776,0.000000,0.000000,0.000000,65535.000000,0.000000,0.000000,6.000000,1.000000,6.000000,1.000000,0.000000,0.000000,1.000000
2590.000000,6.000000,1.000000,0.000000,0.000000,0.000000,0.000000,0.000000,0.000000,0.000000,0.000000,0.000000,0.000000,0.000000,-0.275017,0.000000,0.000000,0.000000,65535.000000,0.000000,0.000000,6.000000,1.000000,6.000000,1.000000,0.000000,0.000000,1.000000
2600.000000,6.000000,1.000000,0.000000,0.000000,0.000000,0.000000,0.000000,0.000000,0.000000,0.000000,0.000000,0.000000,0.000000,-0.274262,0.000000,0.000000,0.000000,65535.000000,0.000000,0.000000,6.000000,1.000000,6.000000,1.000000,0.000000,0.000000,1.000000
2610.000000,6.000000,1.000000,0.000000,0.000000,0.000000,0.000000,0.000000,0.000000,0.000000,0.000000,0.000000,0.000000,0.000000,-0.288614,0.000000,0.000000,0.000000,65535.000000,0.000000,0.000000,6.000000,1.000000,6.000000,1.000000,0.000000,0.000000,1.000000
2620.000000,6.000000,1.000000,0.000000,0.000000,0.000000,0.000000,0.000000,0.000000,0.000000,0.000000,0.000000,0.000000,0.000000,-0.287782,0.000000,0.000000,0.000000,65535.000000,0.000000,0.000000,6.000000,1.000000,6.000000,1.000000,0.000000,0.000000,1.000000
2630.000000,6.000000,1.000000,0.000000,0.000000,0.000000,0.000000,0.000000,0.000000,0.000000,0.000000,0.000000,0.000000,0.000000,-0.287541,0.000000,0.000000,0.000000,65535.000000,0.000000,0.000000,6.000000,1.000000,6.000000,1.000000,0.000000,0.000000,1.000000
2640.000000,6.000000,1.000000,0.000000,0.000000,0.000000,0.000000,0.000000,0.000000,0.000000,0.000000,0.000000,0.000000,0.000000,-0.288058,0.000000,0.000000,0.000000,65535.000000,0.000000,0.000000,6.000000,1.000000,6.000000,1.000000,0.000000,0.000000,1.000000
2650.000000,6.000000,1.000000,0.000000,0.000000,0.000000,0.000000,0.000000,0.000000,0.000000,0.000000,0.000000,0.000000,0.000000,-0.277538,0.000000,0.000000,0.000000,65535.000000,0.000000,0.000000,6.000000,1.000000,6.000000,1.000000,0.000000,0.000000,1.000000
2660.000000,6.000000,1.000000,0.000000,0.000000,0.000000,0.000000,0.000000,0.000000,0.000000,0.000000,0.000000,0.000000,0.000000,-0.268567,0.000000,0.000000,0.000000,65535.000000,0.000000,0.000000,6.000000,1.000000,6.000000,1.000000,0.000000,0.000000,1.000000
2670.000000,6.000000,1.000000,0.000000,0.000000,0.000000,0.000000,0.000000,0.000000,0.000000,0.000000,0.000000,0.000000,0.000000,-0.267847,0.000000,0.000000,0.000000,65535.000000,0.000000,0.000000,6.000000,1.000000,6.000000,1.000000,0.000000,0.000000,1.000000
2680.000000,6.000000,1.000000,0.000000,0.000000,0.000000,0.000000,0.000000,0.000000,0.000000,0.000000,0.000000,0.000000,0.000000,-0.267131,0.000000,0.000000,0.000000,65535.000000,0.000000,0.000000,6.000000,1.000000,6.000000,1.000000,0.000000,0.000000,1.000000
2690.000000,6.000000,1.000000,0.000000,0.000000,0.000000,0.000000,0.000000,0.000000,0.000000,0.000000,0.000000,0.000000,0.000000,-0.271266,0.000000,0.000000,0.000000,65535.000000,0.000000,0.000000,6.000000,1.000000,6.000000,1.000000,0.000000,0.000000,1.000000
2700.000000,6.000000,1.000000,0.000000,0.000000,0.000000,0.000000,0.000000,0.000000,0.000000,0.000000,0.000000,0.000000,0.000000,-0.264541,0.000000,0.000000,0.000000,65535.000000,0.000000,0.000000,6.000000,1.000000,6.000000,1.000000,0.000000,0.000000,1.000000
2710.000000,6.000000,1.000000,0.000000,0.000000,0.000000,0.000000,0.000000,0.000000,0.000000,0.000000,0.000000,0.000000,0.000000,-0.261908,0.000000,0.000000,0.000000,65535.000000,0.000000,0.000000,6.000000,1.000000,6.000000,1.000000,0.000000,0.000000,1.000000
2720.000000,6.000000,1.000000,0.000000,0.000000,0.000000,0.000000,0.000000,0.000000,0.000000,0.000000,0.000000,0.000000,0.000000,-0.260543,0.000000,0.000000,0.000000,65535.000000,0.000000,0.000000,6.000000,1.000000,6.000000,1.000000,0.000000,0.000000,1.000000
2730.000000,6.000000,1.000000,0.000000,0.000000,0.000000,0.000000,0.000000,0.000000,0.000000,0.000000,0.000000,0.000000,0.000000,-0.260140,0.000000,0.000000,0.000000,65535.000000,0.000000,0.000000,6.000000,1.000000,6.000000,1.000000,0.000000,0.000000,1.000000
2740.000000,6.000000,1.000000,0.000000,0.000000,0.000000,0.000000,0.000000,0.000000,0.000000,0.000000,0.000000,0.000000,0.000000,-0.254542,0.000000,0.000000,0.000000,65535.000000,0.000000,0.000000,6.000000,1.000000,6.000000,1.000000,0.000000,0.000000,1.000000
2750.000000,6.000000,1.000000,0.000000,0.000000,0.000000,0.000000,0.000000,0.000000,0.000000,0.000000,0.000000,0.000000,0.000000,-0.252008,0.000000,0.000000,0.000000,65535.000000,0.000000,0.000000,6.000000,1.000000,6.000000,1.000000,0.000000,0.000000,1.000000
2760.000000,6.000000,1.000000,0.000000,0.000000,0.000000,0.000000,0.000000,0.000000,0.000000,0.000000,0.000000,0.000000,0.000000,-0.259590,0.000000,0.000000,0.000000,65535.000000,0.000000,0.000000,6.000000,1.000000,6.000000,1.000000,0.000000,0.000000,1.000000
2770.000000,6.000000,1.000000,0.000000,0.000000,0.000000,0.000000,0.000000,0.000000,0.000000,0.000000,0.000000,0.000000,0.000000,-0.256518,0.000000,0.000000,0.000000,65535.000000,0.000000,0.000000,6.000000,1.000000,6.000000,1.000000,0.000000,0.000000,1.000000
2780.000000,6.000000,1.000000,0.000000,0.000000,0.000000,0.000000,0.000000,0.000000,0.000000,0.000000,0.000000,0.000000,0.000000,-0.253964,0.000000,0.000000,0.000000,65535.000000,0.000000,0.000000,6.000000,1.000000,6.000000,1.000000,0.000000,0.000000,1.000000
2790.000000,6.000000,1.000000,0.000000,0.000000,0.000000,0.000000,0.000000,0.000000,0.000000,0.000000,0.000000,0.000000,0.000000,-0.254344,0.000000,0.000000,0.000000,65535.000000,0.000000,0.000000,6.000000,1.000000,6.000000,1.000000,0.000000,0.000000,1.000000
2800.000000,6.000000,1.000000,0.000000,0.000000,0.000000,0.000000,0.000000,0.000000,0.000000,0.000000,0.000000,0.000000,0.000000,-0.254022,0.000000,0.000000,0.000000,65535.000000,0.000000,0.000000,6.000000,1.000000,6.000000,1.000000,0.000000,0.000000,1.000000
2810.000000,6.000000,1.000000,0.000000,0.000000,0.000000,0.000000,0.000000,0.000000,0.000000,0.000000,0.000000,0.000000,0.000000,-0.249105,0.000000,0.000000,0.000000,65535.000000,0.000000,0.000000,6.000000,1.000000,6.000000,1.000000,0.000000,0.000000,1.000000
2820.000000,6.000000,1.000000,0.000000,0.000000,0.000000,0.000000,0.000000,0.000000,0.000000,0.000000,0.000000,0.000000,0.000000,-0.246625,0.000000,0.000000,0.000000,65535.000000,0.000000,0.000000,6.000000,1.000000,6.000000,1.000000,0.000000,0.000000,1.000000
2830.000000,6.000000,1.000000,0.000000,0.000000,0.000000,0.000000,0.000000,0.000000,0.000000,0.000000,0.000000,0.000000,0.000000,-0.243417,0.000000,0.000000,0.000000,65535.000000,0.000000,0.000000,6.000000,1.000000,6.000000,1.000000,0.000000,0.000000,1.000000
2840.000000,6.000000,1.000000,0.000000,0.000000,0.000000,0.000000,0.000000,0.000000,0.000000,0.000000,0.000000,0.000000,0.000000,-0.240187,0.000000,0.000000,0.000000,65535.000000,0.000000,0.000000,6.000000,1.000000,6.000000,1.000000,0.000000,0.000000,1.000000
2850.000000,6.000000,1.000000,0.000000,0.000000,0.000000,0.000000,0.000000,0.000000,0.000000,0.000000,0.000000,0.000000,0.000000,-0.235831,0.000000,0.000000,0.000000,65535.000000,0.000000,0.000000,6.000000,1.000000,6.000000,1.000000,0.000000,0.000000,1.000000
2860.000000,6.000000,1.000000,0.000000,0.000000,0.000000,0.000000,0.000000,0.000000,0.000000,0.000000,0.000000,0.000000,0.000000,-0.233483,0.000000,0.000000,0.000000,65535.000000,0.000000,0.000000,6.000000,1.000000,6.000000,1.000000,0.000000,0.000000,1.000000
2870.000000,6.000000,1.000000,0.000000,0.000000,0.000000,0.000000,0.000000,0.000000,0.000000,0.000000,0.000000,0.000000,0.000000,-0.231158,0.000000,0.000000,0.000000,65535.000000,0.000000,0.000000,6.000000,1.000000,6.000000,1.000000,0.000000,0.000000,1.000000
2880.000000,6.000000,1.000000,0.000000,0.000000,0.000000,0.000000,0.000000,0.000000,0.000000,0.000000,0.000000,0.000000,0.000000,-0.228348,0.000000,0.000000,0.000000,65535.000000,0.000000,0.000000,6.000000,1.000000,6.000000,1.000000,0.000000,0.000000,1.000000
2890.000000,6.000000,1.000000,0.000000,0.000000,0.000000,0.000000,0.000000,0.000000,0.000000,0.000000,0.000000,0.000000,0.000000,-0.226075,0.000000,0.000000,0.000000,65535.000000,0.000000,0.000000,6.000000,1.000000,6.000000,1.000000,0.000000,0.000000,1.000000
2900.000000,6.000000,1.000000,0.000000,0.000000,0.000000,0.000000,0.000000,0.000000,0.000000,0.000000,0.000000,0.000000,0.000000,-0.224614,0.000000,0.000000,0.000000,65535.000000,0.000000,0.000000,6.000000,1.000000,6.000000,1.000000,0.000000,0.000000,1.000000
2910.000000,6.000000,1.000000,0.000000,0.000000,0.000000,0.000000,0.000000,0.000000,0.000000,0.000000,0.000000,0.000000,0.000000,-0.219850,0.000000,0.000000,0.000000,65535.000000,0.000000,0.000000,6.000000,1.000000,6.000000,1.000000,0.000000,0.000000,1.000000
2920.000000,6.000000,1.000000,0.000000,0.000000,0.000000,0.000000,0.000000,0.000000,0.000000,0.000000,0.000000,0.000000,0.000000,-0.217662,0.000000,0.000000,0.000000,65535.000000,0.000000,0.000000,6.000000,1.000000,6.000000,1.000000,0.000000,0.000000,1.000000
2930.000000,6.000000,1.000000,0.000000,0.000000,0.000000,0.000000,0.000000,0.000000,0.000000,0.000000,0.000000,0.000000,0.000000,-0.217797,0.000000,0.000000,0.000000,65535.000000,0.000000,0.000000,6.000000,1.000000,6.000000,1.000000,0.000000,0.000000,1.000000
2940.000000,6.000000,1.000000,0.000000,0.000000,0.000000,0.000000,0.000000,0.000000,0.000000,0.000000,0.000000,0.000000,0.000000,-0.211817,0.000000,0.000000,0.000000,65535.000000,0.000000,0.000000,6.000000,1.000000,6.000000,1.000000,0.000000,0.000000,1.000000
2950.000000,6.000000,1.000000,0.000000,0.000000,0.000000,0.000000,0.000000,0.000000,0.000000,0.000000,0.000000,0.000000,0.000000,-0.209560,0.000000,0.000000,0.000000,65535.000000,0.000000,0.000000,6.000000,1.000000,6.000000,1.000000,0.000000,0.000000,1.000000
2960.000000,6.000000,1.000000,0.000000,0.000000,0.000000,0.000000,0.000000,0.000000,0.000000,0.000000,0.000000,0.000000,0.000000,-0.207474,0.000000,0.000000,0.000000,65535.000000,0.000000,0.000000,6.000000,1.000000,6.000000,1.000000,0.000000,0.000000,1.000000
2970.000000,6.000000,1.000000,0.000000,0.000000,0.000000,0.000000,0.000000,0.000000,0.000000,0.000000,0.000000,0.000000,0.000000,-0.208218,0.000000,0.000000,0.000000,65535.000000,0.000000,0.000000,6.000000,1.000000,6.000000,1.000000,0.000000,0.000000,1.000000
2980.000000,6.000000,1.000000,0.000000,0.000000,0.000000,0.000000,0.000000,0.000000,0.000000,0.000000,0.000000,0.000000,0.000000,-0.213806,0.000000,0.000000,0.000000,65535.000000,0.000000,0.000000,6.000000,1.000000,6.000000,1.000000,0.000000,0.000000,1.000000
2990.000000,6.000000,1.000000,0.000000,0.000000,0.000000,0.000000,0.000000,0.000000,0.000000,0.000000,0.000000,0.000000,0.000000,-0.216551,0.000000,0.000000,0.000000,65535.000000,0.000000,0.000000,6.000000,1.000000,6.000000,1.000000,0.000000,0.000000,1.000000
3000.000000,6.000000,1.000000,0.000000,0.000000,0.000000,0.000000,0.000000,0.000000,0.000000,0.000000,0.000000,0.000000,0.000000,-0.213002,0.000000,0.000000,0.000000,65535.000000,0.000000,0.000000,6.000000,1.000000,6.000000,1.000000,0.000000,0.000000,1.000000
3010.000000,6.000000,1.000000,0.000000,0.000000,0.000000,0.000000,0.000000,0.000000,0.000000,0.000000,0.000000,0.000000,0.000000,-0.210881,0.000000,0.000000,0.000000,65535.000000,0.000000,0.000000,6.000000,1.000000,6.000000,1.000000,0.000000,0.000000,1.000000
3020.000000,6.000000,1.000000,0.000000,0.000000,0.000000,0.000000,0.000000,0.000000,0.000000,0.000000,0.000000,0.000000,0.000000,-0.202780,0.000000,0.000000,0.000000,65535.000000,0.000000,0.000000,6.000000,1.000000,6.000000,1.000000,0.000000,0.000000,1.000000
3030.000000,6.000000,1.000000,0.000000,0.000000,0.000000,0.000000,0.000000,0.000000,0.000000,0.000000,0.000000,0.000000,0.000000,-0.194929,0.000000,0.000000,0.000000,65535.000000,0.000000,0.000000,6.000000,1.000000,6.000000,1.000000,0.000000,0.000000,1.000000
3040.000000,6.000000,1.000000,0.000000,0.000000,0.000000,0.000000,0.000000,0.000000,0.000000,0.000000,0.000000,0.000000,0.000000,-0.192988,0.000000,0.000000,0.000000,65535.000000,0.000000,0.000000,6.000000,1.000000,6.000000,1.000000,0.000000,0.000000,1.000000
3050.000000,6.000000,1.000000,0.000000,0.000000,0.000000,0.000000,0.000000,0.000000,0.000000,0.000000,0.000000,0.000000,0.000000,-0.192102,0.000000,0.000000,0.000000,65535.000000,0.000000,0.000000,6.000000,1.000000,6.000000,1.000000,0.000000,0.000000,1.000000
3060.000000,6.000000,1.000000,0.000000,0.000000,0.000000,0.000000,0.000000,0.000000,0.000000,0.000000,0.000000,0.000000,0.000000,-0.190354,0.000000,0.000000,0.000000,65535.000000,0.000000,0.000000,6.000000,1.000000,6.000000,1.000000,0.000000,0.000000,1.000000
3070.000000,6.000000,1.000000,0.000000,0.000000,0.000000,0.000000,0.000000,0.000000,0.000000,0.000000,0.000000,0.000000,0.000000,-0.188459,0.000000,0.000000,0.000000,65535.000000,0.000000,0.000000,6.000000,1.000000,6.000000,1.000000,0.000000,0.000000,1.000000
3080.000000,6.000000,1.000000,0.000000,0.000000,0.000000,0.000000,0.000000,0.000000,0.000000,0.000000,0.000000,0.000000,0.000000,-0.187136,0.000000,0.000000,0.000000,65535.000000,0.000000,0.000000,6.000000,1.000000,6.000000,1.000000,0.000000,0.000000,1.000000
3090.000000,6.000000,1.000000,0.000000,0.000000,0.000000,0.000000,0.000000,0.000000,0.000000,0.000000,0.000000,0.000000,0.000000,-0.185658,0.000000,0.000000,0.000000,65535.000000,0.000000,0.000000,6.000000,1.000000,6.000000,1.000000,0.000000,0.000000,1.000000
3100.000000,6.000000,1.000000,0.000000,0.000000,0.000000,0.000000,0.000000,0.000000,0.000000,0.000000,0.000000,0.000000,0.000000,-0.182492,0.000000,0.000000,0.000000,65535.000000,0.000000,0.000000,6.000000,1.000000,6.000000,1.000000,0.000000,0.000000,1.000000
3110.000000,6.000000,1.000000,0.000000,0.000000,0.000000,0.000000,0.000000,0.000000,0.000000,0.000000,0.000000,0.000000,0.000000,-0.180229,0.000000,0.000000,0.000000,65535.000000,0.000000,0.000000,6.000000,1.000000,6.000000,1.000000,0.000000,0.000000,1.000000
3120.000000,6.000000,1.000000,0.000000,0.000000,0.000000,0.000000,0.000000,0.000000,0.000000,0.000000,0.000000,0.000000,0.000000,-0.172733,0.000000,0.000000,0.000000,65535.000000,0.000000,0.000000,6.000000,1.000000,6.000000,1.000000,0.000000,0.000000,1.000000
3130.000000,6.000000,1.000000,0.000000,0.000000,0.000000,0.000000,0.000000,0.000000,0.000000,0.000000,0.000000,0.000000,0.000000,-0.170429,0.000000,0.000000,0.000000,65535.000000,0.000000,0.000000,6.000000,1.000000,6.000000,1.000000,0.000000,0.000000,1.000000
3140.000000,6.000000,1.000000,0.000000,0.000000,0.000000,0.000000,0.000000,0.000000,0.000000,0.000000,0.000000,0.000000,0.000000,-0.168733,0.000000,0.000000,0.000000,65535.000000,0.000000,0.000000,6.000000,1.000000,6.000000,1.000000,0.000000,0.000000,1.000000
3150.000000,6.000000,1.000000,0.000000,0.000000,0.000000,0.000000,0.000000,0.000000,0.000000,0.000000,0.000000,0.000000,0.000000,-0.170467,0.000000,0.000000,0.000000,65535.000000,0.000000,0.000000,6.000000,1.000000,6.000000,1.000000,0.000000,0.000000,1.000000
3160.000000,6.000000,1.000000,0.000000,0.000000,0.000000,0.000000,0.000000,0.000000,0.000000,0.000000,0.000000,0.000000,0.000000,-0.168770,0.000000,0.000000,0.000000,65535.000000,0.000000,0.000000,6.000000,1.000000,6.000000,1.000000,0.000000,0.000000,1.000000
3170.000000,6.000000,1.000000,0.000000,0.000000,0.000000,0.000000,0.000000,0.000000,0.000000,0.000000,0.000000,0.000000,0.000000,-0.167090,0.000000,0.000000,0.000000,65535.000000,0.000000,0.000000,6.000000,1.000000,6.000000,1.000000,0.000000,0.000000,1.000000
3180.000000,6.000000,1.000000,0.000000,0.000000,0.000000,0.000000,0.000000,0.000000,0.000000,0.000000,0.000000,0.000000,0.000000,-0.174402,0.000000,0.000000,0.000000,65535.000000,0.000000,0.000000,6.000000,1.000000,6.000000,1.000000,0.000000,0.000000,1.000000
3190.000000,6.000000,1.000000,0.000000,0.000000,0.000000,0.000000,0.000000,0.000000,0.000000,0.000000,0.000000,0.000000,0.000000,-0.174126,0.000000,0.000000,0.000000,65535.000000,0.000000,0.000000,6.000000,1.000000,6.000000,1.000000,0.000000,0.000000,1.000000
3200.000000,6.000000,1.000000,0.000000,0.000000,0.000000,0.000000,0.000000,0.000000,0.000000,0.000000,0.000000,0.000000,0.000000,-0.172240,0.000000,0.000000,0.000000,65535.000000,0.000000,0.000000,6.000000,1.000000,6.000000,1.000000,0.000000,0.000000,1.000000
3210.000000,6.000000,1.000000,0.000000,0.000000,0.000000,0.000000,0.000000,0.000000,0.000000,0.000000,0.000000,0.000000,0.000000,-0.162458,0.000000,0.000000,0.000000,65535.000000,0.000000,0.000000,6.000000,1.000000,6.000000,1.000000,0.000000,0.000000,1.000000
3220.000000,6.000000,1.000000,0.000000,0.000000,0.000000,0.000000,0.000000,0.000000,0.000000,0.000000,0.000000,0.000000,0.000000,-0.160841,0.000000,0.000000,0.000000,65535.000000,0.000000,0.000000,6.000000,1.000000,6.000000,1.000000,0.000000,0.000000,1.000000
3230.000000,6.000000,1.000000,0.000000,0.000000,0.000000,0.000000,0.000000,0.000000,0.000000,0.000000,0.000000,0.000000,0.000000,-0.159752,0.000000,0.000000,0.000000,65535.000000,0.000000,0.000000,6.000000,1.000000,6.000000,1.000000,0.000000,0.000000,1.000000
3240.000000,6.000000,1.000000,0.000000,0.000000,0.000000,0.000000,0.000000,0.000000,0.000000,0.000000,0.000000,0.000000,0.000000,-0.161858,0.000000,0.000000,0.000000,65535.000000,0.000000,0.000000,6.000000,1.000000,6.000000,1.000000,0.000000,0.000000,1.000000
3250.000000,6.000000,1.000000,0.000000,0.000000,0.000000,0.000000,0.000000,0.000000,0.000000,0.000000,0.000000,0.000000,0.000000,-0.160009,0.000000,0.000000,0.000000,65535.000000,0.000000,0.000000,6.000000,1.000000,6.000000,1.000000,0.000000,0.000000,1.000000
3260.000000,6.000000,1.000000,0.000000,0.000000,0.000000,0.000000,0.000000,0.000000,0.000000,0.000000,0.000000,0.000000,0.000000,-0.158416,0.000000,0.000000,0.000000,65535.000000,0.000000,0.000000,6.000000,1.000000,6.000000,1.000000,0.000000,0.000000,1.000000
3270.000000,6.000000,1.000000,0.000000,0.000000,0.000000,0.000000,0.000000,0.000000,0.000000,0.000000,0.000000,0.000000,0.000000,-0.158419,0.000000,0.000000,0.000000,65535.000000,0.000000,0.000000,6.000000,1.000000,6.000000,1.000000,0.000000,0.000000,1.000000
3280.000000,6.000000,1.000000,0.000000,0.000000,0.000000,0.000000,0.000000,0.000000,0.000000,0.000000,0.000000,0.000000,0.000000,-0.162205,0.000000,0.000000,0.000000,65535.000000,0.000000,0.000000,6.000000,1.000000,6.000000,1.000000,0.000000,0.000000,1.000000
3290.000000,6.000000,1.000000,0.000000,0.000000,0.000000,0.000000,0.000000,0.000000,0.000000,0.000000,0.000000,0.000000,0.000000,-0.157657,0.000000,0.000000,0.000000,65535.000000,0.000000,0.000000,6.000000,1.000000,6.000000,1.000000,0.000000,0.000000,1.000000
3300.000000,6.000000,1.000000,0.000000,0.000000,0.000000,0.000000,0.000000,0.000000,0.000000,0.000000,0.000000,0.000000,0.000000,-0.156087,0.000000,0.000000,0.000000,65535.000000,0.000000,0.000000,6.000000,1.000000,6.000000,1.000000,0.000000,0.000000,1.000000
3310.000000,6.000000,1.000000,0.000000,0.000000,0.000000,0.000000,0.000000,0.000000,0.000000,0.000000,0.000000,0.000000,0.000000,-0.152244,0.000000,0.000000,0.000000,65535.000000,0.000000,0.000000,6.000000,1.000000,6.000000,1.000000,0.000000,0.000000,1.000000
3320.000000,6.000000,1.000000,0.000000,0.000000,0.000000,0.000000,0.000000,0.000000,0.000000,0.000000,0.000000,0.000000,0.000000,-0.150122,0.000000,0.000000,0.000000,65535.000000,0.000000,0.000000,6.000000,1.000000,6.000000,1.000000,0.000000,0.000000,1.000000
3330.000000,6.000000,1.000000,0.000000,0.000000,0.000000,0.000000,0.000000,0.000000,0.000000,0.000000,0.000000,0.000000,0.000000,-0.148628,0.000000,0.000000,0.000000,65535.000000,0.000000,0.000000,6.000000,1.000000,6.000000,1.000000,0.000000,0.000000,1.000000
3340.000000,6.000000,1.000000,0.000000,0.000000,0.000000,0.000000,0.000000,0.000000,0.000000,0.000000,0.000000,0.000000,0.000000,-0.150209,0.000000,0.000000,0.000000,65535.000000,0.000000,0.000000,6.000000,1.000000,6.000000,1.000000,0.000000,0.000000,1.000000
3350.000000,6.000000,1.000000,0.000000,0.000000,0.000000,0.000000,0.000000,0.000000,0.000000,0.000000,0.000000,0.000000,0.000000,-0.150515,0.000000,0.000000,0.000000,65535.000000,0.000000,0.000000,6.000000,1.000000,6.000000,1.000000,0.000000,0.000000,1.000000
3360.000000,6.000000,1.000000,0.000000,0.000000,0.000000,0.000000,0.000000,0.000000,0.000000,0.000000,0.000000,0.000000,0.000000,-0.146757,0.000000,0.000000,0.000000,65535.000000,0.000000,0.000000,6.000000,1.000000,6.000000,1.000000,0.000000,0.000000,1.000000
3370.000000,6.000000,1.000000,0.000000,0.000000,0.000000,0.000000,0.000000,0.000000,0.000000,0.000000,0.000000,0.000000,0.000000,-0.145296,0.000000,0.000000,0.000000,65535.000000,0.000000,0.000000,6.000000,1.000000,6.000000,1.000000,0.000000,0.000000,1.000000
3380.000000,6.000000,1.000000,0.000000,0.000000,0.000000,0.000000,0.000000,0.000000,0.000000,0.000000,0.000000,0.000000,0.000000,-0.145215,0.000000,0.000000,0.000000,65535.000000,0.000000,0.000000,6.000000,1.000000,6.000000,1.000000,0.000000,0.000000,1.000000
3390.000000,6.000000,1.000000,0.000000,0.000000,0.000000,0.000000,0.000000,0.000000,0.000000,0.000000,0.000000,0.000000,0.000000,-0.139586,0.000000,0.000000,0.000000,65535.000000,0.000000,0.000000,6.000000,1.000000,6.000000,1.000000,0.000000,0.000000,1.000000
3400.000000,6.000000,1.000000,0.000000,0.000000,0.000000,0.000000,0.000000,0.000000,0.000000,0.000000,0.000000,0.000000,0.000000,-0.135828,0.000000,0.000000,0.000000,65535.000000,0.000000,0.000000,6.000000,1.000000,6.000000,1.000000,0.000000,0.000000,1.000000
3410.000000,6.000000,1.000000,0.000000,0.000000,0.000000,0.000000,0.000000,0.000000,0.000000,0.000000,0.000000,0.000000,0.000000,-0.134476,0.000000,0.000000,0.000000,65535.000000,0.000000,0.000000,6.000000,1.000000,6.000000,1.000000,0.000000,0.000000,1.000000
3420.000000,6.000000,1.000000,0.000000,0.000000,0.000000,0.000000,0.000000,0.000000,0.000000,0.000000,0.000000,0.000000,0.000000,-0.133759,0.000000,0.000000,0.000000,65535.000000,0.000000,0.000000,6.000000,1.000000,6.000000,1.000000,0.000000,0.000000,1.000000
3430.000000,6.000000,1.000000,0.000000,0.000000,0.000000,0.000000,0.000000,0.000000,0.000000,0.000000,0.000000,0.000000,0.000000,-0.144254,0.000000,0.000000,0.000000,65535.000000,0.000000,0.000000,6.000000,1.000000,6.000000,1.000000,0.000000,0.000000,1.000000
3440.000000,6.000000,1.000000,0.000000,0.000000,0.000000,0.000000,0.000000,0.000000,0.000000,0.000000,0.000000,0.000000,0.000000,-0.134063,0.000000,0.000000,0.000000,65535.000000,0.000000,0.000000,6.000000,1.000000,6.000000,1.000000,0.000000,0.000000,1.000000
3450.000000,6.000000,1.000000,0.000000,0.000000,0.000000,0.000000,0.000000,0.000000,0.000000,0.000000,0.000000,0.000000,0.000000,-0.128720,0.000000,0.000000,0.000000,65535.000000,0.000000,0.000000,6.000000,1.000000,6.000000,1.000000,0.000000,0.000000,1.000000
3460.000000,6.000000,1.000000,0.000000,0.000000,0.000000,0.000000,0.000000,0.000000,0.000000,0.000000,0.000000,0.000000,0.000000,-0.127333,0.000000,0.000000,0.000000,65535.000000,0.000000,0.000000,6.000000,1.000000,6.000000,1.000000,0.000000,0.000000,1.000000
3470.000000,6.000000,1.000000,0.000000,0.000000,0.000000,0.000000,0.000000,0.000000,0.000000,0.000000,0.000000,0.000000,0.000000,-0.126066,0.000000,0.000000,0.000000,65535.000000,0.000000,0.000000,6.000000,1.000000,6.000000,1.000000,0.000000,0.000000,1.000000
3480.000000,6.000000,1.000000,0.000000,0.000000,0.000000,0.000000,0.000000,0.000000,0.000000,0.000000,0.000000,0.000000,0.000000,-0.128653,0.000000,0.000000,0.000000,65535.000000,0.000000,0.000000,6.000000,1.000000,6.000000,1.000000,0.000000,0.000000,1.000000
3490.000000,6.000000,1.000000,0.000000,0.000000,0.000000,0.000000,0.000000,0.000000,0.000000,0.000000,0.000000,0.000000,0.000000,-0.127372,0.000000,0.000000,0.000000,65535.000000,0.000000,0.000000,6.000000,1.000000,6.000000,1.000000,0.000000,0.000000,1.000000
3500.000000,6.000000,1.000000,0.000000,0.000000,0.000000,0.000000,0.000000,0.000000,0.000000,0.000000,0.000000,0.000000,0.000000,-0.126104,0.000000,0.000000,0.000000,65535.000000,0.000000,0.000000,6.000000,1.000000,6.000000,1.000000,0.000000,0.000000,1.000000
3510.000000,6.000000,1.000000,0.000000,0.000000,0.000000,0.000000,0.000000,0.000000,0.000000,0.000000,0.000000,0.000000,0.000000,-0.132263,0.000000,0.000000,0.000000,65535.000000,0.000000,0.000000,6.000000,1.000000,6.000000,1.000000,0.000000,0.000000,1.000000
3520.000000,6.000000,1.000000,0.000000,0.000000,0.000000,0.000000,0.000000,0.000000,0.000000,0.000000,0.000000,0.000000,0.000000,-0.130946,0.000000,0.000000,0.000000,65535.000000,0.000000,0.000000,6.000000,1.000000,6.000000,1.000000,0.000000,0.000000,1.000000
3530.000000,6.000000,1.000000,0.000000,0.000000,0.000000,0.000000,0.000000,0.000000,0.000000,0.000000,0.000000,0.000000,0.000000,-0.129579,0.000000,0.000000,0.000000,65535.000000,0.000000,0.000000,6.000000,1.000000,6.000000,1.000000,0.000000,0.000000,1.000000
3540.000000,6.000000,1.000000,0.000000,0.000000,0.000000,0.000000,0.000000,0.000000,0.000000,0.000000,0.000000,0.000000,0.000000,-0.122682,0.000000,0.000000,0.000000,65535.000000,0.000000,0.000000,6.000000,1.000000,6.000000,1.000000,0.000000,0.000000,1.000000
3550.000000,6.000000,1.000000,0.000000,0.000000,0.000000,0.000000,0.000000,0.000000,0.000000,0.000000,0.000000,0.000000,0.000000,-0.119885,0.000000,0.000000,0.000000,65535.000000,0.000000,0.000000,6.000000,1.000000,6.000000,1.000000,0.000000,0.000000,1.000000
3560.000000,6.000000,1.000000,0.000000,0.000000,0.000000,0.000000,0.000000,0.000000,0.000000,0.000000,0.000000,0.000000,0.000000,-0.118692,0.000000,0.000000,0.000000,65535.000000,0.000000,0.000000,6.000000,1.000000,6.000000,1.000000,0.000000,0.000000,1.000000
3570.000000,6.000000,1.000000,0.000000,0.000000,0.000000,0.000000,0.000000,0.000000,0.000000,0.000000,0.000000,0.000000,0.000000,-0.120578,0.000000,0.000000,0.000000,65535.000000,0.000000,0.000000,6.000000,1.000000,6.000000,1.000000,0.000000,0.000000,1.000000
3580.000000,6.000000,1.000000,0.000000,0.000000,0.000000,0.000000,0.000000,0.000000,0.000000,0.000000,0.000000,0.000000,0.000000,-0.118852,0.000000,0.000000,0.000000,65535.000000,0.000000,0.000000,6.000000,1.000000,6.000000,1.000000,0.000000,0.000000,1.000000
3590.000000,6.000000,1.000000,0.000000,0.000000,0.000000,0.000000,0.000000,0.000000,0.000000,0.000000,0.000000,0.000000,0.000000,-0.117669,0.000000,0.000000,0.000000,65535.000000,0.000000,0.000000,6.000000,1.000000,6.000000,1.000000,0.000000,0.000000,1.000000
3600.000000,6.000000,1.000000,0.000000,0.000000,0.000000,0.000000,0.000000,0.000000,0.000000,0.000000,0.000000,0.000000,0.000000,-0.119007,0.000000,0.000000,0.000000,65535.000000,0.000000,0.000000,6.000000,1.000000,6.000000,1.000000,0.000000,0.000000,1.000000
3610.000000,6.000000,1.000000,0.000000,0.000000,0.000000,0.000000,0.000000,0.000000,0.000000,0.000000,0.000000,0.000000,0.000000,-0.117822,0.000000,0.000000,0.000000,65535.000000,0.000000,0.000000,6.000000,1.000000,6.000000,1.000000,0.000000,0.000000,1.000000
3620.000000,6.000000,1.000000,0.000000,0.000000,0.000000,0.000000,0.000000,0.000000,0.000000,0.000000,0.000000,0.000000,0.000000,-0.125597,0.000000,0.000000,0.000000,65535.000000,0.000000,0.000000,6.000000,1.000000,6.000000,1.000000,0.000000,0.000000,1.000000
3630.000000,6.000000,1.000000,0.000000,0.000000,0.000000,0.000000,0.000000,0.000000,0.000000,0.000000,0.000000,0.000000,0.000000,-0.118025,0.000000,0.000000,0.000000,65535.000000,0.000000,0.000000,6.000000,1.000000,6.000000,1.000000,0.000000,0.000000,1.000000
3640.000000,6.000000,1.000000,0.000000,0.000000,0.000000,0.000000,0.000000,0.000000,0.000000,0.000000,0.000000,0.000000,0.000000,-0.116850,0.000000,0.000000,0.000000,65535.000000,0.000000,0.000000,6.000000,1.000000,6.000000,1.000000,0.000000,0.000000,1.000000
3650.000000,6.000000,1.000000,0.000000,0.000000,0.000000,0.000000,0.000000,0.000000,0.000000,0.000000,0.000000,0.000000,0.000000,-0.114461,0.000000,0.000000,0.000000,65535.000000,0.000000,0.000000,6.000000,1.000000,6.000000,1.000000,0.000000,0.000000,1.000000
3660.000000,6.000000,1.000000,0.000000,0.000000,0.000000,0.000000,0.000000,0.000000,0.000000,0.000000,0.000000,0.000000,0.000000,-0.100401,0.000000,0.000000,0.000000,65535.000000,0.000000,0.000000,6.000000,1.000000,6.000000,1.000000,0.000000,0.000000,1.000000
3670.000000,6.000000,1.000000,0.000000,0.000000,0.000000,0.000000,0.000000,0.000000,0.000000,0.000000,0.000000,0.000000,0.000000,-0.098568,0.000000,0.000000,0.000000,65535.000000,0.000000,0.000000,6.000000,1.000000,6.000000,1.000000,0.000000,0.000000,1.000000
3680.000000,6.000000,1.000000,0.000000,0.000000,0.000000,0.000000,0.000000,0.000000,0.000000,0.000000,0.000000,0.000000,0.000000,-0.097587,0.000000,0.000000,0.000000,65535.000000,0.000000,0.000000,6.000000,1.000000,6.000000,1.000000,0.000000,0.000000,1.000000
3690.000000,6.000000,1.000000,0.000000,0.000000,0.000000,0.000000,0.000000,0.000000,0.000000,0.000000,0.000000,0.000000,0.000000,-0.096615,0.000000,0.000000,0.000000,65535.000000,0.000000,0.000000,6.000000,1.000000,6.000000,1.000000,0.000000,0.000000,1.000000
3700.000000,6.000000,1.000000,0.000000,0.000000,0.000000,0.000000,0.000000,0.000000,0.000000,0.000000,0.000000,0.000000,0.000000,-0.100456,0.000000,0.000000,0.000000,65535.000000,0.000000,0.000000,6.000000,1.000000,6.000000,1.000000,0.000000,0.000000,1.000000
3710.000000,6.000000,1.000000,0.000000,0.000000,0.000000,0.000000,0.000000,0.000000,0.000000,0.000000,0.000000,0.000000,0.000000,-0.099456,0.000000,0.000000,0.000000,65535.000000,0.000000,0.000000,6.000000,1.000000,6.000000,1.000000,0.000000,0.000000,1.000000
3720.000000,6.000000,1.000000,0.000000,0.000000,0.000000,0.000000,0.000000,0.000000,0.000000,0.000000,0.000000,0.000000,0.000000,-0.103908,0.000000,0.000000,0.000000,65535.000000,0.000000,0.000000,6.000000,1.000000,6.000000,1.000000,0.000000,0.000000,1.000000
3730.000000,6.000000,1.000000,0.000000,0.000000,0.000000,0.000000,0.000000,0.000000,0.000000,0.000000,0.000000,0.000000,0.000000,-0.099597,0.000000,0.000000,0.000000,65535.000000,0.000000,0.000000,6.000000,1.000000,6.000000,1.000000,0.000000,0.000000,1.000000
3740.000000,6.000000,1.000000,0.000000,0.000000,0.000000,0.000000,0.000000,0.000000,0.000000,0.000000,0.000000,0.000000,0.000000,-0.098605,0.000000,0.000000,0.000000,65535.000000,0.000000,0.000000,6.000000,1.000000,6.000000,1.000000,0.000000,0.000000,1.000000
3750.000000,6.000000,1.000000,0.000000,0.000000,0.000000,0.000000,0.000000,0.000000,0.000000,0.000000,0.000000,0.000000,0.000000,-0.097624,0.000000,0.000000,0.000000,65535.000000,0.000000,0.000000,6.000000,1.000000,6.000000,1.000000,0.000000,0.000000,1.000000
3760.000000,6.000000,1.000000,0.000000,0.000000,0.000000,0.000000,0.000000,0.000000,0.000000,0.000000,0.000000,0.000000,0.000000,-0.097966,0.000000,0.000000,0.000000,65535.000000,0.000000,0.000000,6.000000,1.000000,6.000000,1.000000,0.000000,0.000000,1.000000
3770.000000,6.000000,1.000000,0.000000,0.000000,0.000000,0.000000,0.000000,0.000000,0.000000,0.000000,0.000000,0.000000,0.000000,-0.096991,0.000000,0.000000,0.000000,65535.000000,0.000000,0.000000,6.000000,1.000000,6.000000,1.000000,0.000000,0.000000,1.000000
3780.000000,6.000000,1.000000,0.000000,0.000000,0.000000,0.000000,0.000000,0.000000,0.000000,0.000000,0.000000,0.000000,0.000000,-0.100183,0.000000,0.000000,0.000000,65535.000000,0.000000,0.000000,6.000000,1.000000,6.000000,1.000000,0.000000,0.000000,1.000000
3790.000000,6.000000,1.000000,0.000000,0.000000,0.000000,0.000000,0.000000,0.000000,0.000000,0.000000,0.000000,0.000000,0.000000,-0.099186,0.000000,0.000000,0.000000,65535.000000,0.000000,0.000000,6.000000,1.000000,6.000000,1.000000,0.000000,0.000000,1.000000
3800.000000,6.000000,1.000000,0.000000,0.000000,0.000000,0.000000,0.000000,0.000000,0.000000,0.000000,0.000000,0.000000,0.000000,-0.090865,0.000000,0.000000,0.000000,65535.000000,0.000000,0.000000,6.000000,1.000000,6.000000,1.000000,0.000000,0.000000,1.000000
3810.000000,6.000000,1.000000,0.000000,0.000000,0.000000,0.000000,0.000000,0.000000,0.000000,0.000000,0.000000,0.000000,0.000000,-0.089961,0.000000,0.000000,0.000000,65535.000000,0.000000,0.000000,6.000000,1.000000,6.000000,1.000000,0.000000,0.000000,1.000000
3820.000000,6.000000,1.000000,0.000000,0.000000,0.000000,0.000000,0.000000,0.000000,0.000000,0.000000,0.000000,0.000000,0.000000,-0.085894,0.000000,0.000000,0.000000,65535.000000,0.000000,0.000000,6.000000,1.000000,6.000000,1.000000,0.000000,0.000000,1.000000
3830.000000,6.000000,1.000000,0.000000,0.000000,0.000000,0.000000,0.000000,0.000000,0.000000,0.000000,0.000000,0.000000,0.000000,-0.084921,0.000000,0.000000,0.000000,65535.000000,0.000000,0.000000,6.000000,1.000000,6.000000,1.000000,0.000000,0.000000,1.000000
3840.000000,6.000000,1.000000,0.000000,0.000000,0.000000,0.000000,0.000000,0.000000,0.000000,0.000000,0.000000,0.000000,0.000000,-0.084075,0.000000,0.000000,0.000000,65535.000000,0.000000,0.000000,6.000000,1.000000,6.000000,1.000000,0.000000,0.000000,1.000000
3850.000000,6.000000,1.000000,0.000000,0.000000,0.000000,0.000000,0.000000,0.000000,0.000000,0.000000,0.000000,0.000000,0.000000,-0.087092,0.000000,0.000000,0.000000,65535.000000,0.000000,0.000000,6.000000,1.000000,6.000000,1.000000,0.000000,0.000000,1.000000
3860.000000,6.000000,1.000000,0.000000,0.000000,0.000000,0.000000,0.000000,0.000000,0.000000,0.000000,0.000000,0.000000,0.000000,-0.077510,0.000000,0.000000,0.000000,65535.000000,0.000000,0.000000,6.000000,1.000000,6.000000,1.000000,0.000000,0.000000,1.000000
3870.000000,6.000000,1.000000,0.000000,0.000000,0.000000,0.000000,0.000000,0.000000,0.000000,0.000000,0.000000,0.000000,0.000000,-0.076739,0.000000,0.000000,0.000000,65535.000000,0.000000,0.000000,6.000000,1.000000,6.000000,1.000000,0.000000,0.000000,1.000000
3880.000000,6.000000,1.000000,0.000000,0.000000,0.000000,0.000000,0.000000,0.000000,0.000000,0.000000,0.000000,0.000000,0.000000,-0.075975,0.000000,0.000000,0.000000,65535.000000,0.000000,0.000000,6.000000,1.000000,6.000000,1.000000,0.000000,0.000000,1.000000
3890.000000,6.000000,1.000000,0.000000,0.000000,0.000000,0.000000,0.000000,0.000000,0.000000,0.000000,0.000000,0.000000,0.000000,-0.087036,0.000000,0.000000,0.000000,65535.000000,0.000000,0.000000,6.000000,1.000000,6.000000,1.000000,0.000000,0.000000,1.000000
3900.000000,6.000000,1.000000,0.000000,0.000000,0.000000,0.000000,0.000000,0.000000,0.000000,0.000000,0.000000,0.000000,0.000000,-0.088659,0.000000,0.000000,0.000000,65535.000000,0.000000,0.000000,6.000000,1.000000,6.000000,1.000000,0.000000,0.000000,1.000000
3910.000000,6.000000,1.000000,0.000000,0.000000,0.000000,0.000000,0.000000,0.000000,0.000000,0.000000,0.000000,0.000000,0.000000,-0.088381,0.000000,0.000000,0.000000,65535.000000,0.000000,0.000000,6.000000,1.000000,6.000000,1.000000,0.000000,0.000000,1.000000
3920.000000,6.000000,1.000000,0.000000,0.000000,0.000000,0.000000,0.000000,0.000000,0.000000,0.000000,0.000000,0.000000,0.000000,-0.087561,0.000000,0.000000,0.000000,65535.000000,0.000000,0.000000,6.000000,1.000000,6.000000,1.000000,0.000000,0.000000,1.000000
3930.000000,6.000000,1.000000,0.000000,0.000000,0.000000,0.000000,0.000000,0.000000,0.000000,0.000000,0.000000,0.000000,0.000000,-0.073614,0.000000,0.000000,0.000000,65535.000000,0.000000,0.000000,6.000000,1.000000,6.000000,1.000000,0.000000,0.000000,1.000000
3940.000000,6.000000,1.000000,0.000000,0.000000,0.000000,0.000000,0.000000,0.000000,0.000000,0.000000,0.000000,0.000000,0.000000,-0.071302,0.000000,0.000000,0.000000,65535.000000,0.000000,0.000000,6.000000,1.000000,6.000000,1.000000,0.000000,0.000000,1.000000
3950.000000,6.000000,1.000000,0.000000,0.000000,0.000000,0.000000,0.000000,0.000000,0.000000,0.000000,0.000000,0.000000,0.000000,-0.070592,0.000000,0.000000,0.000000,65535.000000,0.000000,0.000000,6.000000,1.000000,6.000000,1.000000,0.000000,0.000000,1.000000
3960.000000,6.000000,1.000000,0.000000,0.000000,0.000000,0.000000,0.000000,0.000000,0.000000,0.000000,0.000000,0.000000,0.000000,-0.081149,0.000000,0.000000,0.000000,65535.000000,0.000000,0.000000,6.000000,1.000000,6.000000,1.000000,0.000000,0.000000,1.000000
3970.000000,6.000000,1.000000,0.000000,0.000000,0.000000,0.000000,0.000000,0.000000,0.000000,0.000000,0.000000,0.000000,0.000000,-0.083887,0.000000,0.000000,0.000000,65535.000000,0.000000,0.000000,6.000000,1.000000,6.000000,1.000000,0.000000,0.000000,1.000000
3980.000000,6.000000,1.000000,0.000000,0.000000,0.000000,0.000000,0.000000,0.000000,0.000000,0.000000,0.000000,0.000000,0.000000,-0.083052,0.000000,0.000000,0.000000,65535.000000,0.000000,0.000000,6.000000,1.000000,6.000000,1.000000,0.000000,0.000000,1.000000
3990.000000,6.000000,1.000000,0.000000,0.000000,0.000000,0.000000,0.000000,0.000000,0.000000,0.000000,0.000000,0.000000,0.000000,-0.082225,0.000000,0.000000,0.000000,65535.000000,0.000000,0.000000,6.000000,1.000000,6.000000,1.000000,0.000000,0.000000,1.000000
4000.000000,6.000000,1.000000,0.000000,0.000000,0.000000,0.000000,0.000000,0.000000,0.000000,0.000000,0.000000,0.000000,0.000000,-0.084949,0.000000,0.000000,0.000000,65535.000000,0.000000,0.000000,6.000000,1.000000,6.000000,1.000000,0.000000,0.000000,1.000000
4010.000000,6.000000,1.000000,0.000000,0.000000,0.000000,0.000000,0.000000,0.000000,0.000000,0.000000,0.000000,0.000000,0.000000,-0.087023,0.000000,0.000000,0.000000,65535.000000,0.000000,0.000000,6.000000,1.000000,6.000000,1.000000,0.000000,0.000000,1.000000
4020.000000,6.000000,1.000000,0.000000,0.000000,0.000000,0.000000,0.000000,0.000000,0.000000,0.000000,0.000000,0.000000,0.000000,-0.085324,0.000000,0.000000,0.000000,65535.000000,0.000000,0.000000,6.000000,1.000000,6.000000,1.000000,0.000000,0.000000,1.000000
4030.000000,6.000000,1.000000,0.000000,0.000000,0.000000,0.000000,0.000000,0.000000,0.000000,0.000000,0.000000,0.000000,0.000000,-0.084475,0.000000,0.000000,0.000000,65535.000000,0.000000,0.000000,6.000000,1.000000,6.000000,1.000000,0.000000,0.000000,1.000000
4040.000000,6.000000,1.000000,0.000000,0.000000,0.000000,0.000000,0.000000,0.000000,0.000000,0.000000,0.000000,0.000000,0.000000,-0.083634,0.000000,0.000000,0.000000,65535.000000,0.000000,0.000000,6.000000,1.000000,6.000000,1.000000,0.000000,0.000000,1.000000
4050.000000,6.000000,1.000000,0.000000,0.000000,0.000000,0.000000,0.000000,0.000000,0.000000,0.000000,0.000000,0.000000,0.000000,-0.073161,0.000000,0.000000,0.000000,65535.000000,0.000000,0.000000,6.000000,1.000000,6.000000,1.000000,0.000000,0.000000,1.000000
4060.000000,6.000000,1.000000,0.000000,0.000000,0.000000,0.000000,0.000000,0.000000,0.000000,0.000000,0.000000,0.000000,0.000000,-0.072433,0.000000,0.000000,0.000000,65535.000000,0.000000,0.000000,6.000000,1.000000,6.000000,1.000000,0.000000,0.000000,1.000000
4070.000000,6.000000,1.000000,0.000000,0.000000,0.000000,0.000000,0.000000,0.000000,0.000000,0.000000,0.000000,0.000000,0.000000,-0.063043,0.000000,0.000000,0.000000,65535.000000,0.000000,0.000000,6.000000,1.000000,6.000000,1.000000,0.000000,0.000000,1.000000
4080.000000,6.000000,1.000000,0.000000,0.000000,0.000000,0.000000,0.000000,0.000000,0.000000,0.000000,0.000000,0.000000,0.000000,-0.062415,0.000000,0.000000,0.000000,65535.000000,0.000000,0.000000,6.000000,1.000000,6.000000,1.000000,0.000000,0.000000,1.000000
4090.000000,6.000000,1.000000,0.000000,0.000000,0.000000,0.000000,0.000000,0.000000,0.000000,0.000000,0.000000,0.000000,0.000000,-0.061794,0.000000,0.000000,0.000000,65535.000000,0.000000,0.000000,6.000000,1.000000,6.000000,1.000000,0.000000,0.000000,1.000000
4100.000000,6.000000,1.000000,0.000000,0.000000,0.000000,0.000000,0.000000,0.000000,0.000000,0.000000,0.000000,0.000000,0.000000,-0.069218,0.000000,0.000000,0.000000,65535.000000,0.000000,0.000000,6.000000,1.000000,6.000000,1.000000,0.000000,0.000000,1.000000
4110.000000,6.000000,1.000000,0.000000,0.000000,0.000000,0.000000,0.000000,0.000000,0.000000,0.000000,0.000000,0.000000,0.000000,-0.069090,0.000000,0.000000,0.000000,65535.000000,0.000000,0.000000,6.000000,1.000000,6.000000,1.000000,0.000000,0.000000,1.000000
4120.000000,6.000000,1.000000,0.000000,0.000000,0.000000,0.000000,0.000000,0.000000,0.000000,0.000000,0.000000,0.000000,0.000000,-0.065902,0.000000,0.000000,0.000000,65535.000000,0.000000,0.000000,6.000000,1.000000,6.000000,1.000000,0.000000,0.000000,1.000000
4130.000000,6.000000,1.000000,0.000000,0.000000,0.000000,0.000000,0.000000,0.000000,0.000000,0.000000,0.000000,0.000000,0.000000,-0.064751,0.000000,0.000000,0.000000,65535.000000,0.000000,0.000000,6.000000,1.000000,6.000000,1.000000,0.000000,0.000000,1.000000
4140.000000,6.000000,1.000000,0.000000,0.000000,0.000000,0.000000,0.000000,0.000000,0.000000,0.000000,0.000000,0.000000,0.000000,-0.064106,0.000000,0.000000,0.000000,65535.000000,0.000000,0.000000,6.000000,1.000000,6.000000,1.000000,0.000000,0.000000,1.000000
4150.000000,6.000000,1.000000,0.000000,0.000000,0.000000,0.000000,0.000000,0.000000,0.000000,0.000000,0.000000,0.000000,0.000000,-0.072096,0.000000,0.000000,0.000000,65535.000000,0.000000,0.000000,6.000000,1.000000,6.000000,1.000000,0.000000,0.000000,1.000000
4160.000000,6.000000,1.000000,0.000000,0.000000,0.000000,0.000000,0.000000,0.000000,0.000000,0.000000,0.000000,0.000000,0.000000,-0.061603,0.000000,0.000000,0.000000,65535.000000,0.000000,0.000000,6.000000,1.000000,6.000000,1.000000,0.000000,0.000000,1.000000
4170.000000,6.000000,1.000000,0.000000,0.000000,0.000000,0.000000,0.000000,0.000000,0.000000,0.000000,0.000000,0.000000,0.000000,-0.060990,0.000000,0.000000,0.000000,65535.000000,0.000000,0.000000,6.000000,1.000000,6.000000,1.000000,0.000000,0.000000,1.000000
4180.000000,6.000000,1.000000,0.000000,0.000000,0.000000,0.000000,0.000000,0.000000,0.000000,0.000000,0.000000,0.000000,0.000000,-0.061393,0.000000,0.000000,0.000000,65535.000000,0.000000,0.000000,6.000000,1.000000,6.000000,1.000000,0.000000,0.000000,1.000000
4190.000000,6.000000,1.000000,0.000000,0.000000,0.000000,0.000000,0.000000,0.000000,0.000000,0.000000,0.000000,0.000000,0.000000,-0.072368,0.000000,0.000000,0.000000,65535.000000,0.000000,0.000000,6.000000,1.000000,6.000000,1.000000,0.000000,0.000000,1.000000
4200.000000,6.000000,1.000000,0.000000,0.000000,0.000000,0.000000,0.000000,0.000000,0.000000,0.000000,0.000000,0.000000,0.000000,-0.060744,0.000000,0.000000,0.000000,65535.000000,0.000000,0.000000,6.000000,1.000000,6.000000,1.000000,0.000000,0.000000,1.000000
4210.000000,6.000000,1.000000,0.000000,0.000000,0.000000,0.000000,0.000000,0.000000,0.000000,0.000000,0.000000,0.000000,0.000000,-0.060140,0.000000,0.000000,0.000000,65535.000000,0.000000,0.000000,6.000000,1.000000,6.000000,1.000000,0.000000,0.000000,1.000000
4220.000000,6.000000,1.000000,0.000000,0.000000,0.000000,0.000000,0.000000,0.000000,0.000000,0.000000,0.000000,0.000000,0.000000,-0.059541,0.000000,0.000000,0.000000,65535.000000,0.000000,0.000000,6.000000,1.000000,6.000000,1.000000,0.000000,0.000000,1.000000
4230.000000,6.000000,1.000000,0.000000,0.000000,0.000000,0.000000,0.000000,0.000000,0.000000,0.000000,0.000000,0.000000,0.000000,-0.066284,0.000000,0.000000,0.000000,65535.000000,0.000000,0.000000,6.000000,1.000000,6.000000,1.000000,0.000000,0.000000,1.000000
4240.000000,6.000000,1.000000,0.000000,0.000000,0.000000,0.000000,0.000000,0.000000,0.000000,0.000000,0.000000,0.000000,0.000000,-0.071688,0.000000,0.000000,0.000000,65535.000000,0.000000,0.000000,6.000000,1.000000,6.000000,1.000000,0.000000,0.000000,1.000000
4250.000000,6.000000,1.000000,0.000000,0.000000,0.000000,0.000000,0.000000,0.000000,0.000000,0.000000,0.000000,0.000000,0.000000,-0.056038,0.000000,0.000000,0.000000,65535.000000,0.000000,0.000000,6.000000,1.000000,6.000000,1.000000,0.000000,0.000000,1.000000
4260.000000,6.000000,1.000000,0.000000,0.000000,0.000000,0.000000,0.000000,0.000000,0.000000,0.000000,0.000000,0.000000,0.000000,-0.054398,0.000000,0.000000,0.000000,65535.000000,0.000000,0.000000,6.000000,1.000000,6.000000,1.000000,0.000000,0.000000,1.000000
4270.000000,6.000000,1.000000,0.000000,0.000000,0.000000,0.000000,0.000000,0.000000,0.000000,0.000000,0.000000,0.000000,0.000000,-0.053857,0.000000,0.000000,0.000000,65535.000000,0.000000,0.000000,6.000000,1.000000,6.000000,1.000000,0.000000,0.000000,1.000000
4280.000000,6.000000,1.000000,0.000000,0.000000,0.000000,0.000000,0.000000,0.000000,0.000000,0.000000,0.000000,0.000000,0.000000,-0.062807,0.000000,0.000000,0.000000,65535.000000,0.000000,0.000000,6.000000,1.000000,6.000000,1.000000,0.000000,0.000000,1.000000
4290.000000,6.000000,1.000000,0.000000,0.000000,0.000000,0.000000,0.000000,0.000000,0.000000,0.000000,0.000000,0.000000,0.000000,-0.064172,0.000000,0.000000,0.000000,65535.000000,0.000000,0.000000,6.000000,1.000000,6.000000,1.000000,0.000000,0.000000,1.000000
4300.000000,6.000000,1.000000,0.000000,0.000000,0.000000,0.000000,0.000000,0.000000,0.000000,0.000000,0.000000,0.000000,0.000000,-0.063533,0.000000,0.000000,0.000000,65535.000000,0.000000,0.000000,6.000000,1.000000,6.000000,1.000000,0.000000,0.000000,1.000000
4310.000000,6.000000,1.000000,0.000000,0.000000,0.000000,0.000000,0.000000,0.000000,0.000000,0.000000,0.000000,0.000000,0.000000,-0.065506,0.000000,0.000000,0.000000,65535.000000,0.000000,0.000000,6.000000,1.000000,6.000000,1.000000,0.000000,0.000000,1.000000
4320.000000,6.000000,1.000000,0.000000,0.000000,0.000000,0.000000,0.000000,0.000000,0.000000,0.000000,0.000000,0.000000,0.000000,-0.064854,0.000000,0.000000,0.000000,65535.000000,0.000000,0.000000,6.000000,1.000000,6.000000,1.000000,0.000000,0.000000,1.000000
4330.000000,6.000000,1.000000,0.000000,0.000000,0.000000,0.000000,0.000000,0.000000,0.000000,0.000000,0.000000,0.000000,0.000000,-0.064208,0.000000,0.000000,0.000000,65535.000000,0.000000,0.000000,6.000000,1.000000,6.000000,1.000000,0.000000,0.000000,1.000000
4340.000000,6.000000,1.000000,0.000000,0.000000,0.000000,0.000000,0.000000,0.000000,0.000000,0.000000,0.000000,0.000000,0.000000,-0.064223,0.000000,0.000000,0.000000,65535.000000,0.000000,0.000000,6.000000,1.000000,6.000000,1.000000,0.000000,0.000000,1.000000
4350.000000,6.000000,1.000000,0.000000,0.000000,0.000000,0.000000,0.000000,0.000000,0.000000,0.000000,0.000000,0.000000,0.000000,-0.061654,0.000000,0.000000,0.000000,65535.000000,0.000000,0.000000,6.000000,1.000000,6.000000,1.000000,0.000000,0.000000,1.000000
4360.000000,6.000000,1.000000,0.000000,0.000000,0.000000,0.000000,0.000000,0.000000,0.000000,0.000000,0.000000,0.000000,0.000000,-0.061040,0.000000,0.000000,0.000000,65535.000000,0.000000,0.000000,6.000000,1.000000,6.000000,1.000000,0.000000,0.000000,1.000000
4370.000000,6.000000,1.000000,0.000000,0.000000,0.000000,0.000000,0.000000,0.000000,0.000000,0.000000,0.000000,0.000000,0.000000,-0.060432,0.000000,0.000000,0.000000,65535.000000,0.000000,0.000000,6.000000,1.000000,6.000000,1.000000,0.000000,0.000000,1.000000
4380.000000,6.000000,1.000000,0.000000,0.000000,0.000000,0.000000,0.000000,0.000000,0.000000,0.000000,0.000000,0.000000,0.000000,-0.060296,0.000000,0.000000,0.000000,65535.000000,0.000000,0.000000,6.000000,1.000000,6.000000,1.000000,0.000000,0.000000,1.000000
4390.000000,6.000000,1.000000,0.000000,0.000000,0.000000,0.000000,0.000000,0.000000,0.000000,0.000000,0.000000,0.000000,0.000000,-0.057686,0.000000,0.000000,0.000000,65535.000000,0.000000,0.000000,6.000000,1.000000,6.000000,1.000000,0.000000,0.000000,1.000000
4400.000000,6.000000,1.000000,0.000000,0.000000,0.000000,0.000000,0.000000,0.000000,0.000000,0.000000,0.000000,0.000000,0.000000,-0.057112,0.000000,0.000000,0.000000,65535.000000,0.000000,0.000000,6.000000,1.000000,6.000000,1.000000,0.000000,0.000000,1.000000
4410.000000,6.000000,1.000000,0.000000,0.000000,0.000000,0.000000,0.000000,0.000000,0.000000,0.000000,0.000000,0.000000,0.000000,-0.057233,0.000000,0.000000,0.000000,65535.000000,0.000000,0.000000,6.000000,1.000000,6.000000,1.000000,0.000000,0.000000,1.000000
4420.000000,6.000000,1.000000,0.000000,0.000000,0.000000,0.000000,0.000000,0.000000,0.000000,0.000000,0.000000,0.000000,0.000000,-0.063074,0.000000,0.000000,0.000000,65535.000000,0.000000,0.000000,6.000000,1.000000,6.000000,1.000000,0.000000,0.000000,1.000000
4430.000000,6.000000,1.000000,0.000000,0.000000,0.000000,0.000000,0.000000,0.000000,0.000000,0.000000,0.000000,0.000000,0.000000,-0.055811,0.000000,0.000000,0.000000,65535.000000,0.000000,0.000000,6.000000,1.000000,6.000000,1.000000,0.000000,0.000000,1.000000
4440.000000,6.000000,1.000000,0.000000,0.000000,0.000000,0.000000,0.000000,0.000000,0.000000,0.000000,0.000000,0.000000,0.000000,-0.048618,0.000000,0.000000,0.000000,65535.000000,0.000000,0.000000,6.000000,1.000000,6.000000,1.000000,0.000000,0.000000,1.000000
4450.000000,6.000000,1.000000,0.000000,0.000000,0.000000,0.000000,0.000000,0.000000,0.000000,0.000000,0.000000,0.000000,0.000000,-0.048134,0.000000,0.000000,0.000000,65535.000000,0.000000,0.000000,6.000000,1.000000,6.000000,1.000000,0.000000,0.000000,1.000000
4460.000000,6.000000,1.000000,0.000000,0.000000,0.000000,0.000000,0.000000,0.000000,0.000000,0.000000,0.000000,0.000000,0.000000,-0.047654,0.000000,0.000000,0.000000,65535.000000,0.000000,0.000000,6.000000,1.000000,6.000000,1.000000,0.000000,0.000000,1.000000
4470.000000,6.000000,1.000000,0.000000,0.000000,0.000000,0.000000,0.000000,0.000000,0.000000,0.000000,0.000000,0.000000,0.000000,-0.053450,0.000000,0.000000,0.000000,65535.000000,0.000000,0.000000,6.000000,1.000000,6.000000,1.000000,0.000000,0.000000,1.000000
4480.000000,6.000000,1.000000,0.000000,0.000000,0.000000,0.000000,0.000000,0.000000,0.000000,0.000000,0.000000,0.000000,0.000000,-0.052918,0.000000,0.000000,0.000000,65535.000000,0.000000,0.000000,6.000000,1.000000,6.000000,1.000000,0.000000,0.000000,1.000000
4490.000000,6.000000,1.000000,0.000000,0.000000,0.000000,0.000000,0.000000,0.000000,0.000000,0.000000,0.000000,0.000000,0.000000,-0.055587,0.000000,0.000000,0.000000,65535.000000,0.000000,0.000000,6.000000,1.000000,6.000000,1.000000,0.000000,0.000000,1.000000
4500.000000,6.000000,1.000000,0.000000,0.000000,0.000000,0.000000,0.000000,0.000000,0.000000,0.000000,0.000000,0.000000,0.000000,-0.048327,0.000000,0.000000,0.000000,65535.000000,0.000000,0.000000,6.000000,1.000000,6.000000,1.000000,0.000000,0.000000,1.000000
4510.000000,6.000000,1.000000,0.000000,0.000000,0.000000,0.000000,0.000000,0.000000,0.000000,0.000000,0.000000,0.000000,0.000000,-0.047765,0.000000,0.000000,0.000000,65535.000000,0.000000,0.000000,6.000000,1.000000,6.000000,1.000000,0.000000,0.000000,1.000000
4520.000000,6.000000,1.000000,0.000000,0.000000,0.000000,0.000000,0.000000,0.000000,0.000000,0.000000,0.000000,0.000000,0.000000,-0.047290,0.000000,0.000000,0.000000,65535.000000,0.000000,0.000000,6.000000,1.000000,6.000000,1.000000,0.000000,0.000000,1.000000
4530.000000,6.000000,1.000000,0.000000,0.000000,0.000000,0.000000,0.000000,0.000000,0.000000,0.000000,0.000000,0.000000,0.000000,-0.049926,0.000000,0.000000,0.000000,65535.000000,0.000000,0.000000,6.000000,1.000000,6.000000,1.000000,0.000000,0.000000,1.000000
4540.000000,6.000000,1.000000,0.000000,0.000000,0.000000,0.000000,0.000000,0.000000,0.000000,0.000000,0.000000,0.000000,0.000000,-0.049429,0.000000,0.000000,0.000000,65535.000000,0.000000,0.000000,6.000000,1.000000,6.000000,1.000000,0.000000,0.000000,1.000000
4550.000000,6.000000,1.000000,0.000000,0.000000,0.000000,0.000000,0.000000,0.000000,0.000000,0.000000,0.000000,0.000000,0.000000,-0.051619,0.000000,0.000000,0.000000,65535.000000,0.000000,0.000000,6.000000,1.000000,6.000000,1.000000,0.000000,0.000000,1.000000
4560.000000,6.000000,1.000000,0.000000,0.000000,0.000000,0.000000,0.000000,0.000000,0.000000,0.000000,0.000000,0.000000,0.000000,-0.051106,0.000000,0.000000,0.000000,65535.000000,0.000000,0.000000,6.000000,1.000000,6.000000,1.000000,0.000000,0.000000,1.000000
4570.000000,6.000000,1.000000,0.000000,0.000000,0.000000,0.000000,0.000000,0.000000,0.000000,0.000000,0.000000,0.000000,0.000000,-0.043538,0.000000,0.000000,0.000000,65535.000000,0.000000,0.000000,6.000000,1.000000,6.000000,1.000000,0.000000,0.000000,1.000000
4580.000000,6.000000,1.000000,0.000000,0.000000,0.000000,0.000000,0.000000,0.000000,0.000000,0.000000,0.000000,0.000000,0.000000,-0.041915,0.000000,0.000000,0.000000,65535.000000,0.000000,0.000000,6.000000,1.000000,6.000000,1.000000,0.000000,0.000000,1.000000
4590.000000,6.000000,1.000000,0.000000,0.000000,0.000000,0.000000,0.000000,0.000000,0.000000,0.000000,0.000000,0.000000,0.000000,-0.041498,0.000000,0.000000,0.000000,65535.000000,0.000000,0.000000,6.000000,1.000000,6.000000,1.000000,0.000000,0.000000,1.000000
4600.000000,6.000000,1.000000,0.000000,0.000000,0.000000,0.000000,0.000000,0.000000,0.000000,0.000000,0.000000,0.000000,0.000000,-0.041143,0.000000,0.000000,0.000000,65535.000000,0.000000,0.000000,6.000000,1.000000,6.000000,1.000000,0.000000,0.000000,1.000000
4610.000000,6.000000,1.000000,0.000000,0.000000,0.000000,0.000000,0.000000,0.000000,0.000000,0.000000,0.000000,0.000000,0.000000,-0.040733,0.000000,0.000000,0.000000,65535.000000,0.000000,0.000000,6.000000,1.000000,6.000000,1.000000,0.000000,0.000000,1.000000
4620.000000,6.000000,1.000000,0.000000,0.000000,0.000000,0.000000,0.000000,0.000000,0.000000,0.000000,0.000000,0.000000,0.000000,-0.040328,0.000000,0.000000,0.000000,65535.000000,0.000000,0.000000,6.000000,1.000000,6.000000,1.000000,0.000000,0.000000,1.000000
4630.000000,6.000000,1.000000,0.000000,0.000000,0.000000,0.000000,0.000000,0.000000,0.000000,0.000000,0.000000,0.000000,0.000000,-0.044991,0.000000,0.000000,0.000000,65535.000000,0.000000,0.000000,6.000000,1.000000,6.000000,1.000000,0.000000,0.000000,1.000000
4640.000000,6.000000,1.000000,0.000000,0.000000,0.000000,0.000000,0.000000,0.000000,0.000000,0.000000,0.000000,0.000000,0.000000,-0.053461,0.000000,0.000000,0.000000,65535.000000,0.000000,0.000000,6.000000,1.000000,6.000000,1.000000,0.000000,0.000000,1.000000
4650.000000,6.000000,1.000000,0.000000,0.000000,0.000000,0.000000,0.000000,0.000000,0.000000,0.000000,0.000000,0.000000,0.000000,-0.043046,0.000000,0.000000,0.000000,65535.000000,0.000000,0.000000,6.000000,1.000000,6.000000,1.000000,0.000000,0.000000,1.000000
4660.000000,6.000000,1.000000,0.000000,0.000000,0.000000,0.000000,0.000000,0.000000,0.000000,0.000000,0.000000,0.000000,0.000000,-0.042019,0.000000,0.000000,0.000000,65535.000000,0.000000,0.000000,6.000000,1.000000,6.000000,1.000000,0.000000,0.000000,1.000000
4670.000000,6.000000,1.000000,0.000000,0.000000,0.000000,0.000000,0.000000,0.000000,0.000000,0.000000,0.000000,0.000000,0.000000,-0.041600,0.000000,0.000000,0.000000,65535.000000,0.000000,0.000000,6.000000,1.000000,6.000000,1.000000,0.000000,0.000000,1.000000
4690.000000,6.000000,1.000000,0.000000,0.000000,0.000000,0.000000,0.000000,0.000000,0.000000,0.000000,0.000000,0.000000,0.000000,-0.051102,0.000000,0.000000,0.000000,65535.000000,0.000000,0.000000,6.000000,1.000000,6.000000,1.000000,0.000000,0.000000,1.000000
4700.000000,6.000000,1.000000,0.000000,0.000000,0.000000,0.000000,0.000000,0.000000,0.000000,0.000000,0.000000,0.000000,0.000000,-0.052343,0.000000,0.000000,0.000000,65535.000000,0.000000,0.000000,6.000000,1.000000,6.000000,1.000000,0.000000,0.000000,1.000000
4710.000000,6.000000,1.000000,0.000000,0.000000,0.000000,0.000000,0.000000,0.000000,0.000000,0.000000,0.000000,0.000000,0.000000,-0.047178,0.000000,0.000000,0.000000,65535.000000,0.000000,0.000000,6.000000,1.000000,6.000000,1.000000,0.000000,0.000000,1.000000
4720.000000,6.000000,1.000000,0.000000,0.000000,0.000000,0.000000,0.000000,0.000000,0.000000,0.000000,0.000000,0.000000,0.000000,-0.041767,0.000000,0.000000,0.000000,65535.000000,0.000000,0.000000,6.000000,1.000000,6.000000,1.000000,0.000000,0.000000,1.000000
4730.000000,6.000000,1.000000,0.000000,0.000000,0.000000,0.000000,0.000000,0.000000,0.000000,0.000000,0.000000,0.000000,0.000000,-0.041351,0.000000,0.000000,0.000000,65535.000000,0.000000,0.000000,6.000000,1.000000,6.000000,1.000000,0.000000,0.000000,1.000000
4740.000000,6.000000,1.000000,0.000000,0.000000,0.000000,0.000000,0.000000,0.000000,0.000000,0.000000,0.000000,0.000000,0.000000,-0.040939,0.000000,0.000000,0.000000,65535.000000,0.000000,0.000000,6.000000,1.000000,6.000000,1.000000,0.000000,0.000000,1.000000
4750.000000,6.000000,1.000000,0.000000,0.000000,0.000000,0.000000,0.000000,0.000000,0.000000,0.000000,0.000000,0.000000,0.000000,-0.042806,0.000000,0.000000,0.000000,65535.000000,0.000000,0.000000,6.000000,1.000000,6.000000,1.000000,0.000000,0.000000,1.000000
4760.000000,6.000000,1.000000,0.000000,0.000000,0.000000,0.000000,0.000000,0.000000,0.000000,0.000000,0.000000,0.000000,0.000000,-0.042422,0.000000,0.000000,0.000000,65535.000000,0.000000,0.000000,6.000000,1.000000,6.000000,1.000000,0.000000,0.000000,1.000000
4770.000000,6.000000,1.000000,0.000000,0.000000,0.000000,0.000000,0.000000,0.000000,0.000000,0.000000,0.000000,0.000000,0.000000,-0.001580,0.000000,0.000000,0.000000,65535.000000,0.000000,0.000000,6.000000,1.000000,6.000000,1.000000,0.000000,0.000000,1.000000
4780.000000,6.000000,1.000000,0.000000,0.000000,0.000000,0.000000,0.000000,0.000000,0.000000,0.000000,0.000000,0.000000,0.000000,0.053528,0.000000,0.000000,0.000000,65535.000000,0.000000,0.000000,6.000000,1.000000,6.000000,1.000000,0.000000,0.000000,1.000000
4790.000000,6.000000,1.000000,0.000000,0.000000,0.000000,0.000000,0.000000,0.000000,0.000000,0.011668,0.000950,0.000654,-0.000689,0.052995,0.000000,0.000000,0.000000,65535.000000,0.000000,0.000000,6.000000,1.000000,6.000000,1.000000,0.000000,0.000000,1.000000
4800.000000,6.000000,1.000000,0.000000,0.000000,0.000000,0.000000,0.000000,0.000000,0.000000,0.011528,0.001089,0.001056,0.000266,0.051589,0.000000,0.000000,0.000000,65535.000000,0.000000,0.000000,6.000000,1.000000,6.000000,1.000000,0.000000,0.000000,1.000000
4810.000000,6.000000,1.000000,0.000000,0.000000,0.000000,0.000000,0.000000,0.000000,0.000000,0.013491,0.002491,0.001957,0.001542,0.071978,0.000000,0.000000,0.000000,65535.000000,0.000000,0.000000,6.000000,1.000000,6.000000,1.000000,0.000000,0.000000,1.000000
4820.000000,6.000000,1.000000,0.000000,0.000000,0.000000,0.000000,0.000000,0.000000,0.000000,0.013517,0.003175,0.003164,0.000257,0.071262,0.000000,0.000000,0.000000,65535.000000,0.000000,0.000000,6.000000,1.000000,6.000000,1.000000,0.000000,0.000000,1.000000
4830.000000,6.000000,1.000000,0.000000,0.000000,0.000000,0.000000,0.000000,0.000000,0.000000,0.013517,0.005282,0.005214,0.000847,0.070552,0.000000,0.000000,0.000000,65535.000000,0.000000,0.000000,6.000000,1.000000,6.000000,1.000000,0.000000,0.000000,1.000000
4840.000000,6.000000,1.000000,0.000000,0.000000,0.000000,0.000000,0.000000,0.000000,0.000000,0.029821,0.005842,0.005818,0.000520,0.174000,0.000000,0.000000,0.000000,65535.000000,0.000000,0.000000,6.000000,1.000000,6.000000,1.000000,0.000000,0.000000,1.000000
4850.000000,6.000000,1.000000,0.000000,0.000000,0.000000,0.000000,0.000000,0.000000,0.000000,0.030641,0.009468,0.009461,-0.000370,0.177635,0.000000,0.000000,0.000000,65535.000000,0.000000,0.000000,6.000000,1.000000,6.000000,1.000000,0.000000,0.000000,1.000000
4860.000000,6.000000,1.000000,0.000000,0.000000,0.000000,0.000000,0.000000,0.000000,0.000000,0.030641,0.010429,0.010388,-0.000916,0.175867,0.000000,0.000000,0.000000,65535.000000,0.000000,0.000000,6.000000,1.000000,6.000000,1.000000,0.000000,0.000000,1.000000
4870.000000,6.000000,1.000000,0.000000,0.000000,0.000000,0.000000,0.000000,0.000000,0.000000,0.022860,0.012078,0.011612,-0.003320,0.097023,0.000000,0.000000,0.000000,65535.000000,0.000000,0.000000,6.000000,1.000000,6.000000,1.000000,0.000000,0.000000,1.000000
4880.000000,6.000000,1.000000,0.000000,0.000000,0.000000,0.000000,0.000000,0.000000,0.000000,0.028046,0.013088,0.013018,-0.001349,0.119430,0.000000,0.000000,0.000000,65535.000000,0.000000,0.000000,6.000000,1.000000,6.000000,1.000000,0.000000,0.000000,1.000000
4890.000000,6.000000,1.000000,0.000000,0.000000,0.000000,0.000000,0.000000,0.000000,0.000000,0.028046,0.015190,0.015190,-0.000139,0.118241,0.000000,0.000000,0.000000,65535.000000,0.000000,0.000000,6.000000,1.000000,6.000000,1.000000,0.000000,0.000000,1.000000
4900.000000,6.000000,1.000000,0.000000,0.000000,0.000000,0.000000,0.000000,0.000000,0.000000,0.027482,0.015869,0.015869,-0.000085,0.117064,0.000000,0.000000,0.000000,65535.000000,0.000000,0.000000,6.000000,1.000000,6.000000,1.000000,0.000000,0.000000,1.000000
4910.000000,6.000000,1.000000,0.000000,0.000000,0.000000,0.000000,0.000000,0.000000,0.000000,0.057974,0.017644,0.017594,0.001326,0.449615,0.000000,0.000000,0.000000,65535.000000,0.000000,0.000000,6.000000,1.000000,6.000000,1.000000,0.000000,0.000000,1.000000
4920.000000,6.000000,1.000000,0.000000,0.000000,0.000000,0.000000,0.000000,0.000000,0.000000,0.060723,0.021383,0.021271,0.002193,0.473789,0.000000,0.000000,0.000000,65535.000000,0.000000,0.000000,6.000000,1.000000,6.000000,1.000000,0.000000,0.000000,1.000000
4930.000000,6.000000,1.000000,0.000000,0.000000,0.000000,0.000000,0.000000,0.000000,0.000000,0.060723,0.022260,0.022220,0.001346,0.469073,0.000000,0.000000,0.000000,65535.000000,0.000000,0.000000,6.000000,1.000000,6.000000,1.000000,0.000000,0.000000,1.000000
4940.000000,6.000000,1.000000,0.000000,0.000000,0.000000,0.000000,0.000000,0.000000,0.000000,0.047992,0.022183,0.022148,-0.001241,0.354993,0.000000,0.000000,0.000000,65535.000000,0.000000,0.000000,6.000000,1.000000,6.000000,1.000000,0.000000,0.000000,1.000000
4950.000000,6.000000,1.000000,0.000000,0.000000,0.000000,0.000000,0.000000,0.000000,0.000000,0.041212,0.023457,0.023412,-0.001451,0.318749,0.000000,0.000000,0.000000,65535.000000,0.000000,0.000000,6.000000,1.000000,6.000000,1.000000,0.000000,0.000000,1.000000
4960.000000,6.000000,1.000000,0.000000,0.000000,0.000000,0.000000,0.000000,0.000000,0.000000,0.030405,0.023644,0.023535,-0.002270,0.176340,0.000000,0.000000,0.000000,65535.000000,0.000000,0.000000,6.000000,1.000000,6.000000,1.000000,0.000000,0.000000,1.000000
4970.000000,6.000000,1.000000,0.000000,0.000000,0.000000,0.000000,0.000000,0.000000,0.000000,0.024393,0.024353,0.024264,-0.002083,0.185707,0.000000,0.000000,0.000000,65535.000000,0.000000,0.000000,6.000000,1.000000,6.000000,1.000000,0.000000,0.000000,1.000000
4980.000000,6.000000,1.000000,0.000000,0.000000,0.000000,0.000000,0.000000,0.000000,0.000000,0.053193,0.025398,0.025366,-0.001279,0.467400,0.000000,0.000000,0.000000,65535.000000,0.000000,0.000000,6.000000,1.000000,6.000000,1.000000,0.000000,0.000000,1.000000
4990.000000,6.000000,1.000000,0.000000,0.000000,0.000000,0.000000,0.000000,0.000000,0.000000,0.065299,0.026054,0.026042,-0.000785,0.537882,0.000000,0.000000,0.000000,65535.000000,0.000000,0.000000,6.000000,1.000000,6.000000,1.000000,0.000000,0.000000,1.000000
5000.000000,6.000000,1.000000,0.000000,0.000000,0.000000,0.000000,0.000000,0.000000,0.000000,0.065299,0.026462,0.026458,-0.000482,0.532527,0.000000,0.000000,0.000000,65535.000000,0.000000,0.000000,6.000000,1.000000,6.000000,1.000000,0.000000,0.000000,1.000000
5010.000000,6.000000,1.000000,0.000000,0.000000,0.000000,0.000000,0.000000,0.000000,0.000000,0.065299,0.028730,0.028676,0.001772,0.527226,0.000000,0.000000,0.000000,65535.000000,0.000000,0.000000,6.000000,1.000000,6.000000,1.000000,0.000000,0.000000,1.000000
5020.000000,6.000057,1.000318,0.005729,0.031794,0.000000,0.000000,0.000000,0.000000,0.000000,0.072088,0.029634,0.029383,0.003845,0.724822,0.000000,0.000000,0.000000,65535.000000,0.000000,0.000000,6.000057,1.000318,6.000057,1.000318,0.000000,0.000000,1.000000
5030.000000,6.000147,1.000657,0.008993,0.033929,0.000000,0.000000,0.000000,0.000000,0.000000,0.073458,0.032306,0.031780,0.005807,0.753438,0.000000,0.000000,0.000000,65535.000000,0.000000,0.000000,6.000147,1.000657,6.000147,1.000657,0.000000,0.000000,1.000000
5040.000000,6.000237,1.001016,0.008933,0.035888,0.000000,0.000000,0.000000,0.000000,0.000000,0.073458,0.035101,0.033906,0.009080,0.745938,0.000000,0.000000,0.000000,65535.000000,0.000000,0.000000,6.000237,1.001016,6.000237,1.001016,0.000000,0.000000,1.000000
5050.000000,6.000319,1.001380,0.008207,0.036435,0.000000,0.000000,0.000000,0.000000,0.000000,0.057591,0.036983,0.035866,0.009022,0.537704,0.000000,0.000000,0.000000,65535.000000,0.000000,0.000000,6.000319,1.001380,6.000319,1.001380,0.000000,0.000000,1.000000
5060.000000,6.000410,1.001774,0.009136,0.039391,0.000000,0.000000,0.000000,0.000000,0.000000,0.031871,0.037348,0.036415,0.008296,0.127685,0.000000,0.000000,0.000000,65535.000000,0.000000,0.000000,6.000410,1.001774,6.000410,1.001774,0.000000,0.000000,1.000000
5070.000000,6.000479,1.002213,0.006934,0.043817,0.000000,0.000000,0.000000,0.000000,0.000000,0.120725,0.040436,0.039369,0.009230,0.426267,0.000000,0.000000,0.000000,65535.000000,0.000000,0.000000,6.000479,1.002213,6.000479,1.002213,0.000000,0.000000,1.000000
5080.000000,6.000528,1.002711,0.004864,0.049806,0.000000,0.000000,0.000000,0.000000,0.000000,0.134677,0.044363,0.043800,0.007046,0.422024,0.000000,0.000000,0.000000,65535.000000,0.000000,0.000000,6.000528,1.002711,6.000528,1.002711,0.000000,0.000000,1.000000
5090.000000,6.000557,1.003239,0.002885,0.052827,0.000000,0.000000,0.000000,0.000000,0.000000,0.077720,0.050043,0.049791,0.005015,0.414775,0.000000,0.000000,0.000000,65535.000000,0.000000,0.000000,6.000557,1.003239,6.000557,1.003239,0.000000,0.000000,1.000000
5100.000000,6.000601,1.003812,0.004410,0.057309,0.000000,0.000000,0.000000,0.000000,0.000000,0.094870,0.052906,0.052816,0.003079,0.538357,0.000000,0.000000,0.000000,65535.000000,0.000000,0.000000,6.000601,1.003812,6.000601,1.003812,0.000000,0.000000,1.000000
5110.000000,6.000661,1.004484,0.005984,0.067263,0.000000,0.000000,0.000000,0.000000,0.000000,0.094870,0.057478,0.057290,0.004648,0.532998,0.000000,0.000000,0.000000,65535.000000,0.000000,0.000000,6.000661,1.004484,6.000661,1.004484,0.000000,0.000000,1.000000
5120.000000,6.000709,1.005251,0.004803,0.076639,0.000000,0.000000,0.000000,0.000000,0.000000,0.094870,0.067528,0.067234,0.006300,0.527692,0.000000,0.000000,0.000000,65535.000000,0.000000,0.000000,6.000709,1.005251,6.000709,1.005251,0.000000,0.000000,1.000000
5130.000000,6.000777,1.006062,0.006799,0.081108,0.000000,0.000000,0.000000,0.000000,0.000000,0.085869,0.076790,0.076610,0.005247,0.434909,0.000000,0.000000,0.000000,65535.000000,0.000000,0.000000,6.000777,1.006062,6.000777,1.006062,0.000000,0.000000,1.000000
5140.000000,6.000851,1.006920,0.007347,0.085808,0.000000,0.000000,0.000000,0.000000,0.000000,0.070419,0.081392,0.081059,0.007357,0.336101,0.000000,0.000000,0.000000,65535.000000,0.000000,0.000000,6.000851,1.006920,6.000851,1.006920,0.000000,0.000000,1.000000
5150.000000,6.000914,1.007872,0.006283,0.095225,0.000000,0.000000,0.000000,0.000000,0.000000,0.094894,0.086122,0.085753,0.007964,0.486217,0.000000,0.000000,0.000000,65535.000000,0.000000,0.000000,6.000914,1.007872,6.000914,1.007872,0.000000,0.000000,1.000000
5160.000000,6.000948,1.008967,0.003475,0.109498,0.000000,0.000000,0.000000,0.000000,0.000000,0.111593,0.095432,0.095178,0.006958,0.634842,0.000000,0.000000,0.000000,65535.000000,0.000000,0.000000,6.000948,1.008967,6.000948,1.008967,0.000000,0.000000,1.000000
5170.000000,6.000958,1.010156,0.000987,0.118911,0.000000,0.000000,0.000000,0.000000,0.000000,0.138876,0.109553,0.109470,0.004272,0.832196,0.000000,0.000000,0.000000,65535.000000,0.000000,0.000000,6.000958,1.010156,6.000958,1.010156,0.000000,0.000000,1.000000
5180.000000,6.000966,1.011403,0.000780,0.124701,0.000000,0.000000,0.000000,0.000000,0.000000,0.205682,0.118915,0.118899,0.001934,1.322502,0.000000,0.000000,0.000000,65535.000000,0.000000,0.000000,6.000966,1.011403,6.000966,1.011403,0.000000,0.000000,1.000000
5190.000000,6.000959,1.012725,-0.000707,0.132168,0.000000,0.000000,0.000000,0.000000,0.000000,0.281036,0.124703,0.124689,0.001877,1.813847,0.000000,0.000000,0.000000,65535.000000,0.000000,0.000000,6.000959,1.012725,6.000959,1.012725,0.000000,0.000000,1.000000
5200.000000,6.000957,1.014145,-0.000231,0.141999,0.000000,0.000000,0.000000,0.000000,0.000000,0.310466,0.132170,0.132169,0.000463,2.120212,0.000000,0.000000,0.000000,65535.000000,0.000000,0.000000,6.000957,1.014145,6.000957,1.014145,0.000000,0.000000,1.000000
5210.000000,6.000943,1.015638,-0.001332,0.149332,0.000000,0.000000,0.000000,0.000000,0.000000,0.351774,0.141999,0.141996,0.000974,2.296438,0.000000,0.000000,0.000000,65535.000000,0.000000,0.000000,6.000943,1.015638,6.000943,1.015638,0.000000,0.000000,1.000000
5220.000000,6.000929,1.017209,-0.001381,0.157111,0.000000,0.000000,0.000000,0.000000,0.000000,0.380055,0.149338,0.149338,-0.000092,2.300798,0.000000,0.000000,0.000000,65535.000000,0.000000,0.000000,6.000929,1.017209,6.000929,1.017209,0.000000,0.000000,1.000000
5230.000000,6.000929,1.018868,-0.000040,0.165825,0.000000,0.000000,0.000000,0.000000,0.000000,0.373835,0.157117,0.157117,-0.000056,2.249002,0.000000,0.000000,0.000000,65535.000000,0.000000,0.000000,6.000929,1.018868,6.000929,1.018868,0.000000,0.000000,1.000000
5240.000000,6.000949,1.020619,0.002032,0.175112,0.000000,0.000000,0.000000,0.000000,0.000000,0.168649,0.165825,0.165819,0.001344,1.414417,0.000000,0.000000,0.000000,65535.000000,0.000000,0.000000,6.000949,1.020619,6.000949,1.020619,0.000000,0.000000,1.000000
5250.000000,6.001029,1.022473,0.008007,0.185443,0.000000,0.000000,0.000000,0.000000,0.000000,0.192328,0.175124,0.175088,0.003582,1.600378,0.000000,0.000000,0.000000,65535.000000,0.000000,0.000000,6.001029,1.022473,6.001029,1.022473,0.000000,0.000000,1.000000
5260.000000,6.001315,1.024622,0.028586,0.214871,0.000000,0.000000,0.000000,0.000000,0.000000,0.192328,0.185616,0.185358,0.009782,1.575145,0.000000,0.000000,0.000000,65535.000000,0.000000,0.000000,6.001315,1.024622,6.001315,1.024622,0.000000,0.000000,1.000000
5270.000000,6.001582,1.026878,0.026685,0.225617,0.000000,0.000000,0.000000,0.000000,0.000000,0.192328,0.216765,0.214562,0.030820,1.550694,0.000000,0.000000,0.000000,65535.000000,0.000000,0.000000,6.001582,1.026878,6.001582,1.026878,0.000000,0.000000,1.000000
5280.000000,6.001700,1.029198,0.011808,0.232042,0.000000,0.000000,0.000000,0.000000,0.000000,0.129461,0.227190,0.225297,0.029263,0.902494,0.000000,0.000000,0.000000,65535.000000,0.000000,0.000000,6.001700,1.029198,6.001700,1.029198,0.000000,0.000000,1.000000
5290.000000,6.001737,1.031512,0.003626,0.231409,0.000000,0.000000,0.000000,0.000000,0.000000,0.177946,0.232343,0.231888,0.014521,0.855674,0.000000,0.000000,0.000000,65535.000000,0.000000,0.000000,6.001737,1.031512,6.001737,1.031512,0.000000,0.000000,1.000000
5300.000000,6.001690,1.033829,-0.004677,0.231648,0.000000,0.000000,0.000000,0.000000,0.000000,0.181622,0.231438,0.231356,0.006159,1.208724,0.000000,0.000000,0.000000,65535.000000,0.000000,0.000000,6.001690,1.033829,6.001690,1.033829,0.000000,0.000000,1.000000
5310.000000,6.001613,1.036154,-0.007667,0.232480,0.000000,0.000000,0.000000,0.000000,0.000000,0.261575,0.231696,0.231683,-0.002422,2.250544,0.000000,0.000000,0.000000,65535.000000,0.000000,0.000000,6.001613,1.036154,6.001613,1.036154,0.000000,0.000000,1.000000
5320.000000,6.001475,1.038549,-0.013832,0.239493,0.000000,0.000000,0.000000,0.000000,0.000000,0.261575,0.232606,0.232538,-0.005623,2.200960,0.000000,0.000000,0.000000,65535.000000,0.000000,0.000000,6.001475,1.038549,6.001475,1.038549,0.000000,0.000000,1.000000
5330.000000,6.001310,1.040974,-0.016439,0.242489,0.000000,0.000000,0.000000,0.000000,0.000000,0.261575,0.239892,0.239606,-0.011724,2.153515,0.000000,0.000000,0.000000,65535.000000,0.000000,0.000000,6.001310,1.040974,6.001310,1.040974,0.000000,0.000000,1.000000
5340.000000,6.001114,1.043443,-0.019636,0.246914,0.000000,0.000000,0.000000,0.000000,0.000000,0.206798,0.243045,0.242636,-0.014091,1.785202,0.000000,0.000000,0.000000,65535.000000,0.000000,0.000000,6.001114,1.043443,6.001114,1.043443,0.000000,0.000000,1.000000
5350.000000,6.000837,1.045879,-0.027698,0.243670,0.000000,0.000000,0.000000,0.000000,0.000000,0.206695,0.247693,0.247114,-0.016924,1.753861,0.000000,0.000000,0.000000,65535.000000,0.000000,0.000000,6.000837,1.045879,6.000837,1.045879,0.000000,0.000000,1.000000
5360.000000,6.000484,1.048362,-0.035266,0.248214,0.000000,0.000000,0.000000,0.000000,0.000000,0.300352,0.245240,0.243976,-0.024866,1.653758,0.000000,0.000000,0.000000,65535.000000,0.000000,0.000000,6.000484,1.048362,6.000484,1.048362,0.000000,0.000000,1.000000
5370.000000,6.000087,1.050846,-0.039698,0.248419,0.000000,0.000000,0.000000,0.000000,0.000000,0.254848,0.250706,0.248591,-0.032500,0.925341,0.000000,0.000000,0.000000,65535.000000,0.000000,0.000000,6.000087,1.050846,6.000087,1.050846,0.000000,0.000000,1.000000
5380.000000,5.999601,1.053324,-0.048603,0.247840,0.000000,0.000000,0.000000,0.000000,0.000000,0.112316,0.251571,0.248808,-0.037187,0.227784,0.000000,0.000000,0.000000,65535.000000,0.000000,0.000000,5.999601,1.053324,5.999601,1.053324,0.000000,0.000000,1.000000
5390.000000,5.998991,1.055746,-0.060992,0.242176,0.000000,0.000000,0.000000,0.000000,0.000000,0.126393,0.252561,0.248287,-0.046269,0.319085,0.000000,0.000000,0.000000,65535.000000,0.000000,0.000000,5.998991,1.055746,5.998991,1.055746,0.000000,0.000000,1.000000
5400.000000,5.998404,1.058284,-0.058710,0.253770,0.000000,0.000000,0.000000,0.000000,0.000000,0.126393,0.249738,0.242733,-0.058737,0.318069,0.000000,0.000000,0.000000,65535.000000,0.000000,0.000000,5.998404,1.058284,5.998404,1.058284,0.000000,0.000000,1.000000
5410.000000,5.997884,1.060867,-0.051998,0.258293,0.000000,0.000000,0.000000,0.000000,0.000000,0.245068,0.260473,0.254370,-0.056054,1.105525,0.000000,0.000000,0.000000,65535.000000,0.000000,0.000000,5.997884,1.060867,5.997884,1.060867,0.000000,0.000000,1.000000
5420.000000,5.997321,1.063542,-0.056321,0.267497,0.000000,0.000000,0.000000,0.000000,0.000000,0.326154,0.263475,0.258898,-0.048892,2.834583,0.000000,0.000000,0.000000,65535.000000,0.000000,0.000000,5.997321,1.063542,5.997321,1.063542,0.000000,0.000000,1.000000
5430.000000,5.996727,1.066228,-0.059348,0.268614,0.000000,0.000000,0.000000,0.000000,0.000000,0.504158,0.273362,0.268221,-0.052766,3.528584,0.000000,0.000000,0.000000,65535.000000,0.000000,0.000000,5.996727,1.066228,5.996727,1.066228,0.000000,0.000000,1.000000
5440.000000,5.996083,1.068940,-0.064491,0.271262,0.000000,0.000000,0.000000,0.000000,0.000000,0.504158,0.275092,0.269366,-0.055834,3.408202,0.000000,0.000000,0.000000,65535.000000,0.000000,0.000000,5.996083,1.068940,5.996083,1.068940,0.000000,0.000000,1.000000
5450.000000,5.995385,1.071702,-0.069786,0.276131,0.000000,0.000000,0.000000,0.000000,0.000000,0.504158,0.278823,0.272031,-0.061164,3.295763,0.000000,0.000000,0.000000,65535.000000,0.000000,0.000000,5.995385,1.071702,5.995385,1.071702,0.000000,0.000000,1.000000
5460.000000,5.994611,1.074531,-0.077393,0.282951,0.000000,0.000000,0.000000,0.000000,0.000000,0.342776,0.284812,0.276939,-0.066505,2.163714,0.000000,0.000000,0.000000,65535.000000,0.000000,0.000000,5.994611,1.074531,5.994611,1.074531,0.000000,0.000000,1.000000
5470.000000,5.993768,1.077356,-0.084311,0.282460,0.000000,0.000000,0.000000,0.000000,0.000000,0.342776,0.293344,0.283878,-0.073920,1.611861,0.000000,0.000000,0.000000,65535.000000,0.000000,0.000000,5.993768,1.077356,5.993768,1.077356,0.000000,0.000000,1.000000
5480.000000,5.992801,1.080163,-0.096724,0.280758,0.000000,0.000000,0.000000,0.000000,0.000000,0.376063,0.294775,0.283559,-0.080540,1.586267,0.000000,0.000000,0.000000,65535.000000,0.000000,0.000000,5.992801,1.080163,5.992801,1.080163,0.000000,0.000000,1.000000
5490.000000,5.991786,1.082935,-0.101421,0.277178,0.000000,0.000000,0.000000,0.000000,0.000000,0.360722,0.296952,0.282054,-0.092877,1.234847,0.000000,0.000000,0.000000,65535.000000,0.000000,0.000000,5.991786,1.082935,5.991786,1.082935,0.000000,0.000000,1.000000
5500.000000,5.990740,1.085842,-0.104602,0.290650,0.000000,0.000000,0.000000,0.000000,0.000000,0.371668,0.295151,0.278513,-0.097694,1.536112,0.000000,0.000000,0.000000,65535.000000,0.000000,0.000000,5.990740,1.085842,5.990740,1.085842,0.000000,0.000000,1.000000
5510.000000,5.989645,1.088856,-0.109511,0.301441,0.000000,0.000000,0.000000,0.000000,0.000000,0.487130,0.308899,0.292041,-0.100652,2.072873,0.000000,0.000000,0.000000,65535.000000,0.000000,0.000000,5.989645,1.088856,5.989645,1.088856,0.000000,0.000000,1.000000
5520.000000,5.988388,1.091902,-0.125689,0.304558,0.000000,0.000000,0.000000,0.000000,0.000000,0.505803,0.320717,0.302964,-0.105225,2.239469,0.000000,0.000000,0.000000,65535.000000,0.000000,0.000000,5.988388,1.091902,5.988388,1.091902,0.000000,0.000000,1.000000
5530.000000,5.987028,1.094869,-0.135983,0.296719,0.000000,0.000000,0.000000,0.000000,0.000000,0.505803,0.329474,0.306400,-0.121130,2.190367,0.000000,0.000000,0.000000,65535.000000,0.000000,0.000000,5.987028,1.094869,5.987028,1.094869,0.000000,0.000000,1.000000
5540.000000,5.985579,1.097854,-0.144849,0.298559,0.000000,0.000000,0.000000,0.000000,0.000000,0.496382,0.326395,0.298695,-0.131584,2.093441,0.000000,0.000000,0.000000,65535.000000,0.000000,0.000000,5.985579,1.097854,5.985579,1.097854,0.000000,0.000000,1.000000
5550.000000,5.984019,1.100929,-0.156001,0.307429,0.000000,0.000000,0.000000,0.000000,0.000000,0.517786,0.331841,0.300508,-0.140761,2.174603,0.000000,0.000000,0.000000,65535.000000,0.000000,0.000000,5.984019,1.100929,5.984019,1.100929,0.000000,0.000000,1.000000
5560.000000,5.982396,1.104023,-0.162384,0.309475,0.000000,0.000000,0.000000,0.000000,0.000000,0.466332,0.344744,0.309471,-0.151909,2.213432,0.000000,0.000000,0.000000,65535.000000,0.000000,0.000000,5.982396,1.104023,5.982396,1.104023,0.000000,0.000000,1.000000
5570.000000,5.980700,1.107006,-0.169627,0.298219,0.000000,0.000000,0.000000,0.000000,0.000000,0.533601,0.349490,0.311703,-0.158065,2.165452,0.000000,0.000000,0.000000,65535.000000,0.000000,0.000000,5.980700,1.107006,5.980700,1.107006,0.000000,0.000000,1.000000
5580.000000,5.978906,1.109932,-0.179384,0.292663,0.000000,0.000000,0.000000,0.000000,0.000000,0.512750,0.343086,0.300643,-0.165291,1.510978,0.000000,0.000000,0.000000,65535.000000,0.000000,0.000000,5.978906,1.109932,5.978906,1.109932,0.000000,0.000000,1.000000
5590.000000,5.976951,1.112884,-0.195524,0.295180,0.000000,0.000000,0.000000,0.000000,0.000000,0.344918,0.343264,0.295161,-0.175242,1.083349,0.000000,0.000000,0.000000,65535.000000,0.000000,0.000000,5.976951,1.112884,5.976951,1.112884,0.000000,0.000000,1.000000
5600.000000,5.974800,1.115930,-0.215067,0.304554,0.000000,0.000000,0.000000,0.000000,0.000000,0.245892,0.354064,0.297683,-0.191692,0.542584,0.000000,0.000000,0.000000,65535.000000,0.000000,0.000000,5.974800,1.115930,5.974800,1.115930,0.000000,0.000000,1.000000
5610.000000,5.972559,1.118903,-0.224080,0.297333,0.000000,0.000000,0.000000,0.000000,0.000000,0.245892,0.372837,0.307083,-0.211442,0.539653,0.000000,0.000000,0.000000,65535.000000,0.000000,0.000000,5.972559,1.118903,5.972559,1.118903,0.000000,0.000000,1.000000
5620.000000,5.970201,1.121811,-0.235902,0.290801,0.000000,0.000000,0.000000,0.000000,0.000000,0.245828,0.372316,0.299769,-0.220811,0.536406,0.000000,0.000000,0.000000,65535.000000,0.000000,0.000000,5.970201,1.121811,5.970201,1.121811,0.000000,0.000000,1.000000
5630.000000,5.967677,1.124709,-0.252344,0.289805,0.000000,0.000000,0.000000,0.000000,0.000000,0.294494,0.374453,0.293316,-0.232767,0.551569,0.000000,0.000000,0.000000,65535.000000,0.000000,0.000000,5.967677,1.124709,5.967677,1.124709,0.000000,0.000000,1.000000
5640.000000,5.964905,1.127643,-0.277216,0.293362,0.000000,0.000000,0.000000,0.000000,0.000000,0.189585,0.384272,0.292625,-0.249069,0.886174,0.000000,0.000000,0.000000,65535.000000,0.000000,0.000000,5.964905,1.127643,5.964905,1.127643,0.000000,0.000000,1.000000
5650.000000,5.962057,1.130474,-0.284764,0.283169,0.000000,0.000000,0.000000,0.000000,0.000000,0.189585,0.403621,0.296780,-0.273553,0.878382,0.000000,0.000000,0.000000,65535.000000,0.000000,0.000000,5.962057,1.130474,5.962057,1.130474,0.000000,0.000000,1.000000
5660.000000,5.959177,1.133217,-0.288002,0.274282,0.000000,0.000000,0.000000,0.000000,0.000000,0.219168,0.401592,0.286901,-0.281005,0.795418,0.000000,0.000000,0.000000,65535.000000,0.000000,0.000000,5.959177,1.133217,5.959177,1.133217,0.000000,0.000000,1.000000
5670.000000,5.956202,1.135899,-0.297483,0.268144,0.000000,0.000000,0.000000,0.000000,0.000000,0.380731,0.397713,0.278218,-0.284201,1.242368,0.000000,0.000000,0.000000,65535.000000,0.000000,0.000000,5.956202,1.135899,5.956202,1.135899,0.000000,0.000000,1.000000
5680.000000,5.953059,1.138581,-0.314347,0.268192,0.000000,0.000000,0.000000,0.000000,0.000000,0.380731,0.400496,0.272233,-0.293746,1.227107,0.000000,0.000000,0.000000,65535.000000,0.000000,0.000000,5.953059,1.138581,5.953059,1.138581,0.000000,0.000000,1.000000
5690.000000,5.949965,1.141175,-0.309310,0.259396,0.000000,0.000000,0.000000,0.000000,0.000000,0.380731,0.413208,0.272483,-0.310635,1.212217,0.000000,0.000000,0.000000,65535.000000,0.000000,0.000000,5.949965,1.141175,5.949965,1.141175,0.000000,0.000000,1.000000
5700.000000,5.946881,1.143785,-0.308459,0.261071,0.000000,0.000000,0.000000,0.000000,0.000000,0.315325,0.403682,0.263478,-0.305841,0.844205,0.000000,0.000000,0.000000,65535.000000,0.000000,0.000000,5.946881,1.143785,5.946881,1.143785,0.000000,0.000000,1.000000
5710.000000,5.943654,1.146381,-0.322721,0.259526,0.000000,0.000000,0.000000,0.000000,0.000000,0.449314,0.404110,0.265145,-0.304965,1.083557,0.000000,0.000000,0.000000,65535.000000,0.000000,0.000000,5.943654,1.146381,5.943654,1.146381,0.000000,0.000000,1.000000
5720.000000,5.940297,1.148911,-0.335709,0.253027,0.000000,0.000000,0.000000,0.000000,0.000000,0.412529,0.414129,0.264206,-0.318902,2.343844,0.000000,0.000000,0.000000,65535.000000,0.000000,0.000000,5.940297,1.148911,5.940297,1.148911,0.000000,0.000000,1.000000
5730.000000,5.936972,1.151365,-0.332448,0.245460,0.000000,0.000000,0.000000,0.000000,0.000000,0.412529,0.420385,0.258395,-0.331595,2.290114,0.000000,0.000000,0.000000,65535.000000,0.000000,0.000000,5.936972,1.151365,5.936972,1.151365,0.000000,0.000000,1.000000
5740.000000,5.933523,1.153885,-0.344934,0.251923,0.000000,0.000000,0.000000,0.000000,0.000000,0.436271,0.413246,0.250902,-0.328360,2.423605,0.000000,0.000000,0.000000,65535.000000,0.000000,0.000000,5.933523,1.153885,5.933523,1.153885,0.000000,0.000000,1.000000
5750.000000,5.929920,1.156461,-0.360248,0.257686,0.000000,0.000000,0.000000,0.000000,0.000000,0.455372,0.427135,0.257423,-0.340849,2.576123,0.000000,0.000000,0.000000,65535.000000,0.000000,0.000000,5.929920,1.156461,5.929920,1.156461,0.000000,0.000000,1.000000
5760.000000,5.926177,1.159068,-0.374376,0.260623,0.000000,0.000000,0.000000,0.000000,0.000000,0.455372,0.442923,0.263390,-0.356099,2.511362,0.000000,0.000000,0.000000,65535.000000,0.000000,0.000000,5.926177,1.159068,5.926177,1.159068,0.000000,0.000000,1.000000
5770.000000,5.922334,1.161601,-0.384223,0.253351,0.000000,0.000000,0.000000,0.000000,0.000000,0.422534,0.456160,0.266400,-0.370288,2.182039,0.000000,0.000000,0.000000,65535.000000,0.000000,0.000000,5.922334,1.161601,5.922334,1.161601,0.000000,0.000000,1.000000
5780.000000,5.918417,1.164090,-0.391682,0.248822,0.000000,0.000000,0.000000,0.000000,0.000000,0.430628,0.460233,0.259088,-0.380378,2.584428,0.000000,0.000000,0.000000,65535.000000,0.000000,0.000000,5.918417,1.164090,5.918417,1.164090,0.000000,0.000000,1.000000
5790.000000,5.914524,1.166524,-0.389383,0.243446,0.000000,0.000000,0.000000,0.000000,0.000000,0.431532,0.464034,0.254599,-0.387952,2.519254,0.000000,0.000000,0.000000,65535.000000,0.000000,0.000000,5.914524,1.166524,5.914524,1.166524,0.000000,0.000000,1.000000
5800.000000,5.910532,1.168934,-0.399195,0.240996,0.000000,0.000000,0.000000,0.000000,0.000000,0.431532,0.459222,0.249225,-0.385710,1.905210,0.000000,0.000000,0.000000,65535.000000,0.000000,0.000000,5.910532,1.168934,5.910532,1.168934,0.000000,0.000000,1.000000
5810.000000,5.906523,1.171213,-0.400829,0.227887,0.000000,0.000000,0.000000,0.000000,0.000000,0.306086,0.466300,0.247234,-0.395362,0.477257,0.000000,0.000000,0.000000,65535.000000,0.000000,0.000000,5.906523,1.171213,5.906523,1.171213,0.000000,0.000000,1.000000
5820.000000,5.902454,1.173418,-0.406924,0.220523,0.000000,0.000000,0.000000,0.000000,0.000000,0.149386,0.461081,0.234236,-0.397152,-0.282557,0.000000,0.000000,0.000000,65535.000000,0.000000,0.000000,5.902454,1.173418,5.902454,1.173418,0.000000,0.000000,1.000000
5830.000000,5.898182,1.175684,-0.427183,0.226596,0.000000,0.000000,0.000000,0.000000,0.000000,0.344955,0.462837,0.226255,-0.403766,0.676333,0.000000,0.000000,0.000000,65535.000000,0.000000,0.000000,5.898182,1.175684,5.898182,1.175684,0.000000,0.000000,1.000000
5840.000000,5.893665,1.178080,-0.451659,0.239626,0.000000,0.000000,0.000000,0.000000,0.000000,0.515979,0.483560,0.231822,-0.424369,1.500305,0.000000,0.000000,0.000000,65535.000000,0.000000,0.000000,5.893665,1.178080,5.893665,1.178080,0.000000,0.000000,1.000000
5850.000000,5.889008,1.180602,-0.465741,0.252198,0.000000,0.000000,0.000000,0.000000,0.000000,0.515979,0.511290,0.245054,-0.448738,1.478107,0.000000,0.000000,0.000000,65535.000000,0.000000,0.000000,5.889008,1.180602,5.889008,1.180602,0.000000,0.000000,1.000000
5860.000000,5.884337,1.183123,-0.467125,0.252061,0.000000,0.000000,0.000000,0.000000,0.000000,0.515979,0.529639,0.258412,-0.462321,1.456556,0.000000,0.000000,0.000000,65535.000000,0.000000,0.000000,5.884337,1.183123,5.884337,1.183123,0.000000,0.000000,1.000000
5870.000000,5.879632,1.185498,-0.470507,0.237488,0.000000,0.000000,0.000000,0.000000,0.000000,0.448402,0.530792,0.259418,-0.463080,1.110998,0.000000,0.000000,0.000000,65535.000000,0.000000,0.000000,5.879632,1.185498,5.879632,1.185498,0.000000,0.000000,1.000000
5880.000000,5.875048,1.187725,-0.458418,0.222742,0.000000,0.000000,0.000000,0.000000,0.000000,0.244392,0.527046,0.245642,-0.466302,-0.029095,0.000000,0.000000,0.000000,65535.000000,0.000000,0.000000,5.875048,1.187725,5.875048,1.187725,0.000000,0.000000,1.000000
5890.000000,5.870575,1.189903,-0.447234,0.217785,0.000000,0.000000,0.000000,0.000000,0.000000,0.229950,0.509668,0.230641,-0.454495,0.049145,0.000000,0.000000,0.000000,65535.000000,0.000000,0.000000,5.870575,1.189903,5.870575,1.189903,0.000000,0.000000,1.000000
5900.000000,5.866097,1.192139,-0.447843,0.223594,0.000000,0.000000,0.000000,0.000000,0.000000,0.229950,0.497442,0.224702,-0.443799,0.049121,0.000000,0.000000,0.000000,65535.000000,0.000000,0.000000,5.866097,1.192139,5.866097,1.192139,0.000000,0.000000,1.000000
5910.000000,5.861458,1.194391,-0.463930,0.225224,0.000000,0.000000,0.000000,0.000000,0.000000,0.229950,0.500557,0.229560,-0.444814,0.049097,0.000000,0.000000,0.000000,65535.000000,0.000000,0.000000,5.861458,1.194391,5.861458,1.194391,0.000000,0.000000,1.000000
5920.000000,5.856483,1.196674,-0.497439,0.228249,0.000000,0.000000,0.000000,0.000000,0.000000,0.130227,0.515710,0.230580,-0.461291,-0.452116,0.000000,0.000000,0.000000,65535.000000,0.000000,0.000000,5.856483,1.196674,5.856483,1.196674,0.000000,0.000000,1.000000
5930.000000,5.851184,1.198989,-0.529935,0.231532,0.000000,0.000000,0.000000,0.000000,0.000000,0.107698,0.547306,0.233824,-0.494843,-0.562596,0.000000,0.000000,0.000000,65535.000000,0.000000,0.000000,5.851184,1.198989,5.851184,1.198989,0.000000,0.000000,1.000000
5940.000000,5.845557,1.201394,-0.562681,0.240552,0.000000,0.000000,0.000000,0.000000,0.000000,0.105238,0.578307,0.237778,-0.527162,-0.571869,0.000000,0.000000,0.000000,65535.000000,0.000000,0.000000,5.845557,1.201394,5.845557,1.201394,0.000000,0.000000,1.000000
5950.000000,5.840438,1.203235,-0.511901,0.184090,0.000000,0.000000,0.000000,0.000000,0.000000,0.436370,0.611944,0.248057,-0.559413,1.116220,0.000000,0.000000,0.000000,65535.000000,0.000000,0.000000,5.840438,1.203235,5.840438,1.203235,0.000000,0.000000,1.000000
5960.000000,5.835506,1.205017,-0.493228,0.178164,0.000000,0.000000,0.000000,0.000000,0.000000,0.709355,0.609174,0.239975,-0.559916,2.188762,0.000000,0.000000,0.000000,65535.000000,0.000000,0.000000,5.835506,1.205017,5.835506,1.205017,0.000000,0.000000,1.000000
5970.000000,5.830716,1.206831,-0.478982,0.181446,0.000000,0.000000,0.000000,0.000000,0.000000,0.709355,0.576777,0.224544,-0.531274,2.141835,0.000000,0.000000,0.000000,65535.000000,0.000000,0.000000,5.830716,1.206831,5.830716,1.206831,0.000000,0.000000,1.000000
5980.000000,5.825822,1.208720,-0.489447,0.188825,0.000000,0.000000,0.000000,0.000000,0.000000,0.580511,0.535555,0.205911,-0.494388,2.372580,0.000000,0.000000,0.000000,65535.000000,0.000000,0.000000,5.825822,1.208720,5.825822,1.208720,0.000000,0.000000,1.000000
5990.000000,5.820798,1.210513,-0.502413,0.179310,0.000000,0.000000,0.000000,0.000000,0.000000,0.642891,0.524790,0.195778,-0.486904,2.317539,0.000000,0.000000,0.000000,65535.000000,0.000000,0.000000,5.820798,1.210513,5.820798,1.210513,0.000000,0.000000,1.000000
6000.000000,5.815608,1.212289,-0.519039,0.177587,0.000000,0.000000,0.000000,0.000000,0.000000,0.589687,0.532690,0.184977,-0.499541,2.264995,0.000000,0.000000,0.000000,65535.000000,0.000000,0.000000,5.815608,1.212289,5.815608,1.212289,0.000000,0.000000,1.000000
6010.000000,5.810515,1.214080,-0.509191,0.179120,0.000000,0.000000,0.000000,0.000000,0.000000,0.251445,0.548579,0.183580,-0.516950,0.043304,0.000000,0.000000,0.000000,65535.000000,0.000000,0.000000,5.810515,1.214080,5.810515,1.214080,0.000000,0.000000,1.000000
6020.000000,5.805545,1.215831,-0.497048,0.175105,0.000000,0.000000,0.000000,0.000000,0.000000,0.207483,0.539778,0.185338,-0.506961,-0.168013,0.000000,0.000000,0.000000,65535.000000,0.000000,0.000000,5.805545,1.215831,5.805545,1.215831,0.000000,0.000000,1.000000
6030.000000,5.800564,1.217646,-0.498044,0.181545,0.000000,0.000000,0.000000,0.000000,0.000000,0.293222,0.526990,0.181838,-0.494624,0.250394,0.000000,0.000000,0.000000,65535.000000,0.000000,0.000000,5.800564,1.217646,5.800564,1.217646,0.000000,0.000000,1.000000
6040.000000,5.795392,1.219519,-0.517259,0.187292,0.000000,0.000000,0.000000,0.000000,0.000000,0.354595,0.530100,0.188849,-0.495321,0.548862,0.000000,0.000000,0.000000,65535.000000,0.000000,0.000000,5.795392,1.219519,5.795392,1.219519,0.000000,0.000000,1.000000
6050.000000,5.790159,1.221328,-0.523244,0.180839,0.000000,0.000000,0.000000,0.000000,0.000000,0.354595,0.550123,0.195116,-0.514359,0.545863,0.000000,0.000000,0.000000,65535.000000,0.000000,0.000000,5.790159,1.221328,5.790159,1.221328,0.000000,0.000000,1.000000
6060.000000,5.784829,1.223078,-0.533045,0.174983,0.000000,0.000000,0.000000,0.000000,0.000000,0.649383,0.553612,0.188496,-0.520534,0.904717,0.000000,0.000000,0.000000,65535.000000,0.000000,0.000000,5.784829,1.223078,5.784829,1.223078,0.000000,0.000000,1.000000
6070.000000,5.779425,1.224766,-0.540386,0.168832,0.000000,0.000000,0.000000,0.000000,0.000000,0.992522,0.561032,0.182469,-0.530529,5.702584,0.000000,0.000000,0.000000,65535.000000,0.000000,0.000000,5.779425,1.224766,5.779425,1.224766,0.000000,0.000000,1.000000
6080.000000,5.774127,1.226405,-0.529721,0.163939,0.000000,0.000000,0.000000,0.000000,0.000000,0.992522,0.566146,0.176151,-0.538045,5.458004,0.000000,0.000000,0.000000,65535.000000,0.000000,0.000000,5.774127,1.226405,5.774127,1.226405,0.000000,0.000000,1.000000
6090.000000,5.768984,1.228045,-0.514356,0.164006,0.000000,0.000000,0.000000,0.000000,0.000000,0.992522,0.554509,0.170964,-0.527495,5.175254,0.000000,0.000000,0.000000,65535.000000,0.000000,0.000000,5.768984,1.228045,5.768984,1.228045,0.000000,0.000000,1.000000
6100.000000,5.763775,1.229659,-0.520897,0.161388,0.000000,0.000000,0.000000,0.000000,0.000000,0.958999,0.539871,0.171050,-0.512057,4.588285,0.000000,0.000000,0.000000,65535.000000,0.000000,0.000000,5.763775,1.229659,5.763775,1.229659,0.000000,0.000000,1.000000
6110.000000,5.758477,1.231220,-0.529802,0.156022,0.000000,0.000000,0.000000,0.000000,0.000000,0.690005,0.545325,0.169140,-0.518432,3.406849,0.000000,0.000000,0.000000,65535.000000,0.000000,0.000000,5.758477,1.231220,5.758477,1.231220,0.000000,0.000000,1.000000
6120.000000,5.753061,1.232748,-0.541590,0.152863,0.000000,0.000000,0.000000,0.000000,0.000000,0.690005,0.552298,0.164696,-0.527171,3.294497,0.000000,0.000000,0.000000,65535.000000,0.000000,0.000000,5.753061,1.232748,5.753061,1.232748,0.000000,0.000000,1.000000
6130.000000,5.747767,1.234195,-0.529408,0.144708,0.000000,0.000000,0.000000,0.000000,0.000000,0.690005,0.562749,0.162622,-0.538740,3.189320,0.000000,0.000000,0.000000,65535.000000,0.000000,0.000000,5.747767,1.234195,5.747767,1.234195,0.000000,0.000000,1.000000
6140.000000,5.742388,1.235648,-0.537894,0.145259,0.000000,0.000000,0.000000,0.000000,0.000000,0.702434,0.548829,0.154806,-0.526543,0.608624,0.000000,0.000000,0.000000,65535.000000,0.000000,0.000000,5.742388,1.235648,5.742388,1.235648,0.000000,0.000000,1.000000
6150.000000,5.736730,1.237066,-0.565793,0.141812,0.000000,0.000000,0.000000,0.000000,0.000000,0.702434,0.557163,0.155895,-0.534908,1.879984,0.000000,0.000000,0.000000,65535.000000,0.000000,0.000000,5.736730,1.237066,5.736730,1.237066,0.000000,0.000000,1.000000
6160.000000,5.731010,1.238588,-0.571997,0.152212,0.000000,0.000000,0.000000,0.000000,0.000000,0.821143,0.583294,0.153292,-0.562791,3.224100,0.000000,0.000000,0.000000,65535.000000,0.000000,0.000000,5.731010,1.238588,5.731010,1.238588,0.000000,0.000000,1.000000
6170.000000,5.725120,1.239911,-0.589050,0.132292,0.000000,0.000000,0.000000,0.000000,0.000000,0.821143,0.591903,0.163471,-0.568882,3.123301,0.000000,0.000000,0.000000,65535.000000,0.000000,0.000000,5.725120,1.239911,5.725120,1.239911,0.000000,0.000000,1.000000
6180.000000,5.719111,1.241099,-0.600864,0.118845,0.000000,0.000000,0.000000,0.000000,0.000000,1.172852,0.603723,0.143551,-0.586408,2.728547,0.000000,0.000000,0.000000,65535.000000,0.000000,0.000000,5.719111,1.241099,5.719111,1.241099,0.000000,0.000000,1.000000
6190.000000,5.713156,1.242206,-0.595482,0.110673,0.000000,0.000000,0.000000,0.000000,0.000000,1.326791,0.612505,0.130011,-0.598547,2.629595,0.000000,0.000000,0.000000,65535.000000,0.000000,0.000000,5.713156,1.242206,5.713156,1.242206,0.000000,0.000000,1.000000
6200.000000,5.707269,1.243312,-0.588755,0.110619,0.000000,0.000000,0.000000,0.000000,0.000000,1.092365,0.605679,0.120390,-0.593594,2.562153,0.000000,0.000000,0.000000,65535.000000,0.000000,0.000000,5.707269,1.243312,5.707269,1.243312,0.000000,0.000000,1.000000
6210.000000,5.701541,1.244406,-0.572758,0.109423,0.000000,0.000000,0.000000,0.000000,0.000000,1.097477,0.599057,0.119062,-0.587106,2.524286,0.000000,0.000000,0.000000,65535.000000,0.000000,0.000000,5.701541,1.244406,5.701541,1.244406,0.000000,0.000000,1.000000
6220.000000,5.695650,1.245477,-0.589115,0.107080,0.000000,0.000000,0.000000,0.000000,0.000000,0.816214,0.583116,0.116283,-0.571404,2.462073,0.000000,0.000000,0.000000,65535.000000,0.000000,0.000000,5.695650,1.245477,5.695650,1.245477,0.000000,0.000000,1.000000
6230.000000,5.689526,1.246492,-0.612358,0.101483,0.000000,0.000000,0.000000,0.000000,0.000000,0.816214,0.598768,0.113269,-0.587957,2.402854,0.000000,0.000000,0.000000,65535.000000,0.000000,0.000000,5.689526,1.246492,5.689526,1.246492,0.000000,0.000000,1.000000
6240.000000,5.683366,1.247646,-0.616005,0.115403,0.000000,0.000000,0.000000,0.000000,0.000000,0.707058,0.620710,0.108147,-0.611216,2.056720,0.000000,0.000000,0.000000,65535.000000,0.000000,0.000000,5.683366,1.247646,5.683366,1.247646,0.000000,0.000000,1.000000
6250.000000,5.677378,1.248999,-0.598761,0.135332,0.000000,0.000000,0.000000,0.000000,0.000000,1.064241,0.626722,0.123321,-0.614469,2.339197,0.000000,0.000000,0.000000,65535.000000,0.000000,0.000000,5.677378,1.248999,5.677378,1.248999,0.000000,0.000000,1.000000
6260.000000,5.671646,1.250530,-0.573203,0.153050,0.000000,0.000000,0.000000,0.000000,0.000000,1.064241,0.613864,0.145068,-0.596477,2.526778,0.000000,0.000000,0.000000,65535.000000,0.000000,0.000000,5.671646,1.250530,5.671646,1.250530,0.000000,0.000000,1.000000
6270.000000,5.665955,1.252179,-0.569139,0.164891,0.000000,0.000000,0.000000,0.000000,0.000000,1.064241,0.593284,0.163655,-0.570265,2.906117,0.000000,0.000000,0.000000,65535.000000,0.000000,0.000000,5.665955,1.252179,5.665955,1.252179,0.000000,0.000000,1.000000
6280.000000,5.660117,1.253851,-0.583797,0.167231,0.000000,0.000000,0.000000,0.000000,0.000000,0.931445,0.592544,0.175721,-0.565889,2.823967,0.000000,0.000000,0.000000,65535.000000,0.000000,0.000000,5.660117,1.253851,5.660117,1.253851,0.000000,0.000000,1.000000
6290.000000,5.654326,1.255347,-0.579063,0.149577,0.000000,0.000000,0.000000,0.000000,0.000000,1.157009,0.607276,0.178551,-0.580435,3.478271,0.000000,0.000000,0.000000,65535.000000,0.000000,0.000000,5.654326,1.255347,5.654326,1.255347,0.000000,0.000000,1.000000
6300.000000,5.648636,1.256761,-0.569006,0.141400,0.000000,0.000000,0.000000,0.000000,0.000000,1.157009,0.598070,0.160006,-0.576269,3.361241,0.000000,0.000000,0.000000,65535.000000,0.000000,0.000000,5.648636,1.256761,5.648636,1.256761,0.000000,0.000000,1.000000
6310.000000,5.642987,1.258202,-0.564863,0.144137,0.000000,0.000000,0.000000,0.000000,0.000000,1.157009,0.586312,0.149929,-0.566818,3.251830,0.000000,0.000000,0.000000,65535.000000,0.000000,0.000000,5.642987,1.258202,5.642987,1.258202,0.000000,0.000000,1.000000
6320.000000,5.637203,1.259793,-0.578392,0.159071,0.000000,0.000000,0.000000,0.000000,0.000000,0.867341,0.582963,0.150938,-0.563084,1.774330,0.000000,0.000000,0.000000,65535.000000,0.000000,0.000000,5.637203,1.259793,5.637203,1.259793,0.000000,0.000000,1.000000
6330.000000,5.631537,1.261499,-0.566572,0.170642,0.000000,0.000000,0.000000,0.000000,0.000000,0.312833,0.599868,0.165296,-0.576644,-0.438593,0.000000,0.000000,0.000000,65535.000000,0.000000,0.000000,5.631537,1.261499,5.631537,1.261499,0.000000,0.000000,1.000000
6340.000000,5.625957,1.263206,-0.558057,0.170638,0.000000,0.000000,0.000000,0.000000,0.000000,0.301227,0.591711,0.178038,-0.564292,-0.469932,0.000000,0.000000,0.000000,65535.000000,0.000000,0.000000,5.625957,1.263206,5.625957,1.263206,0.000000,0.000000,1.000000
6350.000000,5.620338,1.264955,-0.561913,0.174939,0.000000,0.000000,0.000000,0.000000,0.000000,0.264069,0.583562,0.179318,-0.555329,-0.667198,0.000000,0.000000,0.000000,65535.000000,0.000000,0.000000,5.620338,1.264955,5.620338,1.264955,0.000000,0.000000,1.000000
6360.000000,5.614619,1.266765,-0.571851,0.180958,0.000000,0.000000,0.000000,0.000000,0.000000,0.245526,0.588515,0.184685,-0.558786,-0.624387,0.000000,0.000000,0.000000,65535.000000,0.000000,0.000000,5.614619,1.266765,5.614619,1.266765,0.000000,0.000000,1.000000
6370.000000,5.608803,1.268489,-0.581578,0.172408,0.000000,0.000000,0.000000,0.000000,0.000000,0.521219,0.599799,0.191251,-0.568491,-0.032177,0.000000,0.000000,0.000000,65535.000000,0.000000,0.000000,5.608803,1.268489,5.608803,1.268489,0.000000,0.000000,1.000000
6380.000000,5.602950,1.270104,-0.585330,0.161562,0.000000,0.000000,0.000000,0.000000,0.000000,0.781135,0.606595,0.182197,-0.578586,0.953519,0.000000,0.000000,0.000000,65535.000000,0.000000,0.000000,5.602950,1.270104,5.602950,1.270104,0.000000,0.000000,1.000000
6390.000000,5.597139,1.271659,-0.581135,0.155469,0.000000,0.000000,0.000000,0.000000,0.000000,0.790511,0.607218,0.170750,-0.582716,0.971787,0.000000,0.000000,0.000000,65535.000000,0.000000,0.000000,5.597139,1.271659,5.597139,1.271659,0.000000,0.000000,1.000000
6400.000000,5.591221,1.273315,-0.591741,0.165625,0.000000,0.000000,0.000000,0.000000,0.000000,0.790511,0.601571,0.163068,-0.579048,0.962424,0.000000,0.000000,0.000000,65535.000000,0.000000,0.000000,5.591221,1.273315,5.591221,1.273315,0.000000,0.000000,1.000000
6410.000000,5.585395,1.275117,-0.582577,0.180167,0.000000,0.000000,0.000000,0.000000,0.000000,0.727502,0.614482,0.172090,-0.589893,0.742395,0.000000,0.000000,0.000000,65535.000000,0.000000,0.000000,5.585395,1.275117,5.585395,1.275117,0.000000,0.000000,1.000000
6420.000000,5.579403,1.277054,-0.599174,0.193718,0.000000,0.000000,0.000000,0.000000,0.000000,0.513603,0.609800,0.186134,-0.580698,0.592895,0.000000,0.000000,0.000000,65535.000000,0.000000,0.000000,5.579403,1.277054,5.579403,1.277054,0.000000,0.000000,1.000000
6430.000000,5.573307,1.279107,-0.609646,0.205257,0.000000,0.000000,0.000000,0.000000,0.000000,0.513603,0.629711,0.199992,-0.597109,0.609305,0.000000,0.000000,0.000000,65535.000000,0.000000,0.000000,5.573307,1.279107,5.573307,1.279107,0.000000,0.000000,1.000000
6440.000000,5.567187,1.281106,-0.612019,0.199961,0.000000,0.000000,0.000000,0.000000,0.000000,0.836767,0.643272,0.212425,-0.607186,2.172753,0.000000,0.000000,0.000000,65535.000000,0.000000,0.000000,5.567187,1.281106,5.567187,1.281106,0.000000,0.000000,1.000000
6450.000000,5.561117,1.282899,-0.606972,0.179241,0.000000,0.000000,0.000000,0.000000,0.000000,0.836767,0.643857,0.208283,-0.609237,2.126503,0.000000,0.000000,0.000000,65535.000000,0.000000,0.000000,5.561117,1.282899,5.561117,1.282899,0.000000,0.000000,1.000000
6460.000000,5.554998,1.284501,-0.611936,0.160198,0.000000,0.000000,0.000000,0.000000,0.000000,0.836767,0.632884,0.188076,-0.604293,2.082181,0.000000,0.000000,0.000000,65535.000000,0.000000,0.000000,5.554998,1.284501,5.554998,1.284501,0.000000,0.000000,1.000000
6470.000000,5.549038,1.285873,-0.595987,0.137242,0.000000,0.000000,0.000000,0.000000,0.000000,0.750347,0.632557,0.169126,-0.609529,1.427032,0.000000,0.000000,0.000000,65535.000000,0.000000,0.000000,5.549038,1.285873,5.549038,1.285873,0.000000,0.000000,1.000000
6480.000000,5.543170,1.287185,-0.586812,0.131183,0.000000,0.000000,0.000000,0.000000,0.000000,0.661413,0.611585,0.145060,-0.594133,0.426841,0.000000,0.000000,0.000000,65535.000000,0.000000,0.000000,5.543170,1.287185,5.543170,1.287185,0.000000,0.000000,1.000000
6490.000000,5.537371,1.288471,-0.579861,0.128615,0.000000,0.000000,0.000000,0.000000,0.000000,0.661413,0.601297,0.137481,-0.585369,0.425025,0.000000,0.000000,0.000000,65535.000000,0.000000,0.000000,5.537371,1.288471,5.537371,1.288471,0.000000,0.000000,1.000000
6500.000000,5.531469,1.289822,-0.590221,0.135082,0.000000,0.000000,0.000000,0.000000,0.000000,0.468319,0.593954,0.134135,-0.578609,0.423224,0.000000,0.000000,0.000000,65535.000000,0.000000,0.000000,5.531469,1.289822,5.531469,1.289822,0.000000,0.000000,1.000000
6510.000000,5.525543,1.291260,-0.592618,0.143810,0.000000,0.000000,0.000000,0.000000,0.000000,0.450956,0.605481,0.140586,-0.588934,-0.158933,0.000000,0.000000,0.000000,65535.000000,0.000000,0.000000,5.525543,1.291260,5.525543,1.291260,0.000000,0.000000,1.000000
6520.000000,5.519628,1.292772,-0.591531,0.151176,0.000000,0.000000,0.000000,0.000000,0.000000,0.260215,0.609818,0.149781,-0.591138,-0.718758,0.000000,0.000000,0.000000,65535.000000,0.000000,0.000000,5.519628,1.292772,5.519628,1.292772,0.000000,0.000000,1.000000
6530.000000,5.513835,1.294293,-0.579247,0.152083,0.000000,0.000000,0.000000,0.000000,0.000000,0.260215,0.610543,0.158043,-0.589733,-0.713624,0.000000,0.000000,0.000000,65535.000000,0.000000,0.000000,5.513835,1.294293,5.513835,1.294293,0.000000,0.000000,1.000000
6540.000000,5.507911,1.295832,-0.592353,0.153861,0.000000,0.000000,0.000000,0.000000,0.000000,0.456591,0.598880,0.159845,-0.577154,-0.099635,0.000000,0.000000,0.000000,65535.000000,0.000000,0.000000,5.507911,1.295832,5.507911,1.295832,0.000000,0.000000,1.000000
6550.000000,5.501944,1.297371,-0.596695,0.153934,0.000000,0.000000,0.000000,0.000000,0.000000,0.456591,0.612010,0.162260,-0.590108,-0.097252,0.000000,0.000000,0.000000,65535.000000,0.000000,0.000000,5.501944,1.297371,5.501944,1.297371,0.000000,0.000000,1.000000
6560.000000,5.495986,1.298965,-0.595763,0.159391,0.000000,0.000000,0.000000,0.000000,0.000000,0.625835,0.616231,0.161780,-0.594616,0.015456,0.000000,0.000000,0.000000,65535.000000,0.000000,0.000000,5.495986,1.298965,5.495986,1.298965,0.000000,0.000000,1.000000
6570.000000,5.490144,1.300550,-0.584222,0.158525,0.000000,0.000000,0.000000,0.000000,0.000000,0.633777,0.616716,0.166065,-0.593937,0.015454,0.000000,0.000000,0.000000,65535.000000,0.000000,0.000000,5.490144,1.300550,5.490144,1.300550,0.000000,0.000000,1.000000
6580.000000,5.484282,1.302130,-0.586248,0.158014,0.000000,0.000000,0.000000,0.000000,0.000000,0.431160,0.605348,0.164771,-0.582491,-0.206549,0.000000,0.000000,0.000000,65535.000000,0.000000,0.000000,5.484282,1.302130,5.484282,1.302130,0.000000,0.000000,1.000000
6590.000000,5.478297,1.303694,-0.598477,0.156369,0.000000,0.000000,0.000000,0.000000,0.000000,0.161496,0.607170,0.164630,-0.584425,-1.036323,0.000000,0.000000,0.000000,65535.000000,0.000000,0.000000,5.478297,1.303694,5.478297,1.303694,0.000000,0.000000,1.000000
6600.000000,5.472259,1.305206,-0.603753,0.151246,0.000000,0.000000,0.000000,0.000000,0.000000,0.183509,0.618567,0.163236,-0.596640,-0.958570,0.000000,0.000000,0.000000,65535.000000,0.000000,0.000000,5.472259,1.305206,5.472259,1.305206,0.000000,0.000000,1.000000
6610.000000,5.466305,1.306732,-0.595390,0.152556,0.000000,0.000000,0.000000,0.000000,0.000000,0.520007,0.622409,0.157800,-0.602073,0.093809,0.000000,0.000000,0.000000,65535.000000,0.000000,0.000000,5.466305,1.306732,5.466305,1.306732,0.000000,0.000000,1.000000
6620.000000,5.460284,1.308291,-0.602158,0.155929,0.000000,0.000000,0.000000,0.000000,0.000000,0.999082,0.614624,0.159041,-0.593691,0.939476,0.000000,0.000000,0.000000,65535.000000,0.000000,0.000000,5.460284,1.308291,5.460284,1.308291,0.000000,0.000000,1.000000
6630.000000,5.454222,1.309822,-0.606179,0.153047,0.000000,0.000000,0.000000,0.000000,0.000000,1.002489,0.622019,0.163075,-0.600262,2.788823,0.000000,0.000000,0.000000,65535.000000,0.000000,0.000000,5.454222,1.309822,5.454222,1.309822,0.000000,0.000000,1.000000
6640.000000,5.448145,1.311270,-0.607687,0.144865,0.000000,0.000000,0.000000,0.000000,0.000000,1.013095,0.625201,0.160318,-0.604297,2.713084,0.000000,0.000000,0.000000,65535.000000,0.000000,0.000000,5.448145,1.311270,5.448145,1.311270,0.000000,0.000000,1.000000
6650.000000,5.442220,1.312592,-0.592536,0.132163,0.000000,0.000000,0.000000,0.000000,0.000000,1.013095,0.624715,0.151428,-0.606084,2.641350,0.000000,0.000000,0.000000,65535.000000,0.000000,0.000000,5.442220,1.312592,5.442220,1.312592,0.000000,0.000000,1.000000
6660.000000,5.436358,1.313908,-0.586191,0.131658,0.000000,0.000000,0.000000,0.000000,0.000000,1.147419,0.607097,0.137465,-0.591329,2.140877,0.000000,0.000000,0.000000,65535.000000,0.000000,0.000000,5.436358,1.313908,5.436358,1.313908,0.000000,0.000000,1.000000
6670.000000,5.430541,1.315207,-0.581792,0.129842,0.000000,0.000000,0.000000,0.000000,0.000000,1.136467,0.600794,0.136743,-0.585026,1.653868,0.000000,0.000000,0.000000,65535.000000,0.000000,0.000000,5.430541,1.315207,5.430541,1.315207,0.000000,0.000000,1.000000
6680.000000,5.424743,1.316462,-0.579721,0.125555,0.000000,0.000000,0.000000,0.000000,0.000000,0.908188,0.596105,0.135645,-0.580467,1.089546,0.000000,0.000000,0.000000,65535.000000,0.000000,0.000000,5.424743,1.316462,5.424743,1.316462,0.000000,0.000000,1.000000
6690.000000,5.418994,1.317649,-0.574887,0.118694,0.000000,0.000000,0.000000,0.000000,0.000000,0.614224,0.593162,0.131699,-0.578356,0.040027,0.000000,0.000000,0.000000,65535.000000,0.000000,0.000000,5.418994,1.317649,5.418994,1.317649,0.000000,0.000000,1.000000
6700.000000,5.413213,1.318813,-0.578145,0.116369,0.000000,0.000000,0.000000,0.000000,0.000000,0.842632,0.587012,0.124697,-0.573614,0.895446,0.000000,0.000000,0.000000,65535.000000,0.000000,0.000000,5.413213,1.318813,5.413213,1.318813,0.000000,0.000000,1.000000
6710.000000,5.407431,1.320020,-0.578166,0.120721,0.000000,0.000000,0.000000,0.000000,0.000000,0.928911,0.589740,0.122361,-0.576906,1.094854,0.000000,0.000000,0.000000,65535.000000,0.000000,0.000000,5.407431,1.320020,5.407431,1.320020,0.000000,0.000000,1.000000
6720.000000,5.401622,1.321281,-0.580936,0.126111,0.000000,0.000000,0.000000,0.000000,0.000000,0.951240,0.590634,0.126814,-0.576860,1.190906,0.000000,0.000000,0.000000,65535.000000,0.000000,0.000000,5.401622,1.321281,5.401622,1.321281,0.000000,0.000000,1.000000
6730.000000,5.395936,1.322531,-0.568649,0.125006,0.000000,0.000000,0.000000,0.000000,0.000000,0.826784,0.594466,0.132166,-0.579588,1.190965,0.000000,0.000000,0.000000,65535.000000,0.000000,0.000000,5.395936,1.322531,5.395936,1.322531,0.000000,0.000000,1.000000
6740.000000,5.390139,1.323808,-0.579701,0.127621,0.000000,0.000000,0.000000,0.000000,0.000000,0.826784,0.582227,0.130217,-0.567478,1.176934,0.000000,0.000000,0.000000,65535.000000,0.000000,0.000000,5.390139,1.323808,5.390139,1.323808,0.000000,0.000000,1.000000
6750.000000,5.384259,1.325055,-0.587947,0.124776,0.000000,0.000000,0.000000,0.000000,0.000000,0.692987,0.593583,0.132293,-0.578653,1.074398,0.000000,0.000000,0.000000,65535.000000,0.000000,0.000000,5.384259,1.325055,5.384259,1.325055,0.000000,0.000000,1.000000
6760.000000,5.378439,1.326247,-0.581960,0.119134,0.000000,0.000000,0.000000,0.000000,0.000000,0.692987,0.601041,0.129641,-0.586893,1.062966,0.000000,0.000000,0.000000,65535.000000,0.000000,0.000000,5.378439,1.326247,5.378439,1.326247,0.000000,0.000000,1.000000
6770.000000,5.372890,1.327576,-0.554988,0.132915,0.000000,0.000000,0.000000,0.000000,0.000000,0.686008,0.594029,0.124088,-0.580924,0.000422,0.000000,0.000000,0.000000,65535.000000,0.000000,0.000000,5.372890,1.327576,5.372890,1.327576,0.000000,0.000000,1.000000
6780.000000,5.367381,1.328999,-0.550910,0.142333,0.000000,0.000000,0.000000,0.000000,0.000000,0.420447,0.570682,0.137688,-0.553823,-0.423556,0.000000,0.000000,0.000000,65535.000000,0.000000,0.000000,5.367381,1.328999,5.367381,1.328999,0.000000,0.000000,1.000000
6790.000000,5.361615,1.330341,-0.576538,0.134125,0.000000,0.000000,0.000000,0.000000,0.000000,0.310994,0.569000,0.147347,-0.549590,-0.743153,0.000000,0.000000,0.000000,65535.000000,0.000000,0.000000,5.361615,1.330341,5.361615,1.330341,0.000000,0.000000,1.000000
6800.000000,5.355754,1.331652,-0.586077,0.131147,0.000000,0.000000,0.000000,0.000000,0.000000,0.310994,0.591934,0.139539,-0.575252,-0.737666,0.000000,0.000000,0.000000,65535.000000,0.000000,0.000000,5.355754,1.331652,5.355754,1.331652,0.000000,0.000000,1.000000
6810.000000,5.350051,1.332922,-0.570359,0.127045,0.000000,0.000000,0.000000,0.000000,0.000000,0.284122,0.600571,0.136707,-0.584805,-0.812090,0.000000,0.000000,0.000000,65535.000000,0.000000,0.000000,5.350051,1.332922,5.350051,1.332922,0.000000,0.000000,1.000000
6820.000000,5.344175,1.334215,-0.587555,0.129224,0.000000,0.000000,0.000000,0.000000,0.000000,0.318976,0.584337,0.131698,-0.569302,-0.699246,0.000000,0.000000,0.000000,65535.000000,0.000000,0.000000,5.344175,1.334215,5.344175,1.334215,0.000000,0.000000,1.000000
6830.000000,5.338111,1.335600,-0.606395,0.138536,0.000000,0.000000,0.000000,0.000000,0.000000,0.677926,0.601597,0.133201,-0.586666,0.186668,0.000000,0.000000,0.000000,65535.000000,0.000000,0.000000,5.338111,1.335600,5.338111,1.335600,0.000000,0.000000,1.000000
6840.000000,5.332173,1.336997,-0.593838,0.139675,0.000000,0.000000,0.000000,0.000000,0.000000,0.437343,0.622018,0.141975,-0.605599,0.319276,0.000000,0.000000,0.000000,65535.000000,0.000000,0.000000,5.332173,1.336997,5.332173,1.336997,0.000000,0.000000,1.000000
6850.000000,5.326600,1.338410,-0.557312,0.141320,0.000000,0.000000,0.000000,0.000000,0.000000,0.441481,0.610043,0.142783,-0.593098,0.318258,0.000000,0.000000,0.000000,65535.000000,0.000000,0.000000,5.326600,1.338410,5.326600,1.338410,0.000000,0.000000,1.000000
6860.000000,5.321098,1.339816,-0.550135,0.140587,0.000000,0.000000,0.000000,0.000000,0.000000,0.456053,0.574950,0.144587,-0.556473,0.317248,0.000000,0.000000,0.000000,65535.000000,0.000000,0.000000,5.321098,1.339816,5.321098,1.339816,0.000000,0.000000,1.000000
6870.000000,5.315504,1.341152,-0.559432,0.133629,0.000000,0.000000,0.000000,0.000000,0.000000,0.456053,0.567814,0.144387,-0.549149,-0.074830,0.000000,0.000000,0.000000,65535.000000,0.000000,0.000000,5.315504,1.341152,5.315504,1.341152,0.000000,0.000000,1.000000
6880.000000,5.309846,1.342456,-0.565753,0.130344,0.000000,0.000000,0.000000,0.000000,0.000000,0.456053,0.575170,0.137721,-0.558438,-0.074774,0.000000,0.000000,0.000000,65535.000000,0.000000,0.000000,5.309846,1.342456,5.309846,1.342456,0.000000,0.000000,1.000000
6890.000000,5.304407,1.343727,-0.543975,0.127158,0.000000,0.000000,0.000000,0.000000,0.000000,0.257631,0.580574,0.134283,-0.564831,-0.677699,0.000000,0.000000,0.000000,65535.000000,0.000000,0.000000,5.304407,1.343727,5.304407,1.343727,0.000000,0.000000,1.000000
6900.000000,5.299108,1.345013,-0.529911,0.128546,0.000000,0.000000,0.000000,0.000000,0.000000,0.368394,0.558639,0.130209,-0.543253,-0.673133,0.000000,0.000000,0.000000,65535.000000,0.000000,0.000000,5.299108,1.345013,5.299108,1.345013,0.000000,0.000000,1.000000
6910.000000,5.293687,1.346369,-0.542040,0.135596,0.000000,0.000000,0.000000,0.000000,0.000000,0.399480,0.545279,0.130979,-0.529314,-0.400154,0.000000,0.000000,0.000000,65535.000000,0.000000,0.000000,5.293687,1.346369,5.293687,1.346369,0.000000,0.000000,1.000000
6920.000000,5.287951,1.347772,-0.573641,0.140366,0.000000,0.000000,0.000000,0.000000,0.000000,0.399480,0.558743,0.137994,-0.541435,-0.040447,0.000000,0.000000,0.000000,65535.000000,0.000000,0.000000,5.287951,1.347772,5.287951,1.347772,0.000000,0.000000,1.000000
6930.000000,5.282344,1.349187,-0.560642,0.141469,0.000000,0.000000,0.000000,0.000000,0.000000,0.421002,0.590565,0.142955,-0.573002,-0.040430,0.000000,0.000000,0.000000,65535.000000,0.000000,0.000000,5.282344,1.349187,5.282344,1.349187,0.000000,0.000000,1.000000
6940.000000,5.276872,1.350671,-0.547270,0.148370,0.000000,0.000000,0.000000,0.000000,0.000000,0.446977,0.578215,0.144039,-0.559987,-0.040414,0.000000,0.000000,0.000000,65535.000000,0.000000,0.000000,5.276872,1.350671,5.276872,1.350671,0.000000,0.000000,1.000000
6950.000000,5.271500,1.352158,-0.537143,0.148762,0.000000,0.000000,0.000000,0.000000,0.000000,0.358783,0.567026,0.151247,-0.546482,-0.627555,0.000000,0.000000,0.000000,65535.000000,0.000000,0.000000,5.271500,1.352158,5.271500,1.352158,0.000000,0.000000,1.000000
6960.000000,5.266094,1.353618,-0.540653,0.145968,0.000000,0.000000,0.000000,0.000000,0.000000,0.153117,0.557363,0.152401,-0.536122,-1.289674,0.000000,0.000000,0.000000,65535.000000,0.000000,0.000000,5.266094,1.353618,5.266094,1.353618,0.000000,0.000000,1.000000
6970.000000,5.260598,1.354996,-0.549598,0.137793,0.000000,0.000000,0.000000,0.000000,0.000000,0.170283,0.560011,0.150493,-0.539411,-1.218178,0.000000,0.000000,0.000000,65535.000000,0.000000,0.000000,5.260598,1.354996,5.260598,1.354996,0.000000,0.000000,1.000000
6980.000000,5.255113,1.356197,-0.548520,0.120142,0.000000,0.000000,0.000000,0.000000,0.000000,0.172517,0.566608,0.142779,-0.548324,-1.196213,0.000000,0.000000,0.000000,65535.000000,0.000000,0.000000,5.255113,1.356197,5.255113,1.356197,0.000000,0.000000,1.000000
6990.000000,5.249677,1.357405,-0.543608,0.120753,0.000000,0.000000,0.000000,0.000000,0.000000,0.350600,0.561523,0.124304,-0.547592,-0.606572,0.000000,0.000000,0.000000,65535.000000,0.000000,0.000000,5.249677,1.357405,5.249677,1.357405,0.000000,0.000000,1.000000
7000.000000,5.244298,1.358798,-0.537923,0.139338,0.000000,0.000000,0.000000,0.000000,0.000000,0.356640,0.556858,0.123427,-0.543007,-0.583354,0.000000,0.000000,0.000000,65535.000000,0.000000,0.000000,5.244298,1.358798,5.244298,1.358798,0.000000,0.000000,1.000000
7010.000000,5.239089,1.360273,-0.520814,0.147455,0.000000,0.000000,0.000000,0.000000,0.000000,0.356640,0.555676,0.141208,-0.537435,-0.579967,0.000000,0.000000,0.000000,65535.000000,0.000000,0.000000,5.239089,1.360273,5.239089,1.360273,0.000000,0.000000,1.000000
7020.000000,5.233847,1.361818,-0.524246,0.154544,0.000000,0.000000,0.000000,0.000000,0.000000,0.337477,0.541285,0.149509,-0.520228,-0.639953,0.000000,0.000000,0.000000,65535.000000,0.000000,0.000000,5.233847,1.361818,5.233847,1.361818,0.000000,0.000000,1.000000
7030.000000,5.228598,1.363329,-0.524940,0.151040,0.000000,0.000000,0.000000,0.000000,0.000000,0.213426,0.546550,0.157222,-0.523449,-1.044587,0.000000,0.000000,0.000000,65535.000000,0.000000,0.000000,5.228598,1.363329,5.228598,1.363329,0.000000,0.000000,1.000000
7040.000000,5.223344,1.364884,-0.525372,0.155541,0.000000,0.000000,0.000000,0.000000,0.000000,0.109310,0.546237,0.154107,-0.524047,-1.373323,0.000000,0.000000,0.000000,65535.000000,0.000000,0.000000,5.223344,1.364884,5.223344,1.364884,0.000000,0.000000,1.000000
7050.000000,5.218142,1.366466,-0.520160,0.158221,0.000000,0.000000,0.000000,0.000000,0.000000,0.120619,0.547913,0.158737,-0.524415,-1.317763,0.000000,0.000000,0.000000,65535.000000,0.000000,0.000000,5.218142,1.366466,5.218142,1.366466,0.000000,0.000000,1.000000
7060.000000,5.212953,1.368007,-0.518966,0.154047,0.000000,0.000000,0.000000,0.000000,0.000000,0.120619,0.543692,0.161580,-0.519127,-1.300607,0.000000,0.000000,0.000000,65535.000000,0.000000,0.000000,5.212953,1.368007,5.212953,1.368007,0.000000,0.000000,1.000000
7070.000000,5.207778,1.369519,-0.517414,0.151262,0.000000,0.000000,0.000000,0.000000,0.000000,0.120619,0.541346,0.157437,-0.517947,-1.283892,0.000000,0.000000,0.000000,65535.000000,0.000000,0.000000,5.207778,1.369519,5.207778,1.369519,0.000000,0.000000,1.000000
7080.000000,5.202540,1.371002,-0.523834,0.148259,0.000000,0.000000,0.000000,0.000000,0.000000,0.246539,0.539071,0.154239,-0.516534,-0.857897,0.000000,0.000000,0.000000,65535.000000,0.000000,0.000000,5.202540,1.371002,5.202540,1.371002,0.000000,0.000000,1.000000
7090.000000,5.197490,1.372421,-0.505021,0.141920,0.000000,0.000000,0.000000,0.000000,0.000000,0.573138,0.544410,0.150313,-0.523248,0.215816,0.000000,0.000000,0.000000,65535.000000,0.000000,0.000000,5.197490,1.372421,5.197490,1.372421,0.000000,0.000000,1.000000
7100.000000,5.192482,1.373920,-0.500748,0.149909,0.000000,0.000000,0.000000,0.000000,0.000000,0.700150,0.524583,0.143323,-0.504624,0.632120,0.000000,0.000000,0.000000,65535.000000,0.000000,0.000000,5.192482,1.373920,5.192482,1.373920,0.000000,0.000000,1.000000
7110.000000,5.187319,1.375444,-0.516364,0.152364,0.000000,0.000000,0.000000,0.000000,0.000000,0.700150,0.522706,0.152115,-0.500082,0.628146,0.000000,0.000000,0.000000,65535.000000,0.000000,0.000000,5.187319,1.375444,5.187319,1.375444,0.000000,0.000000,1.000000
7120.000000,5.181873,1.376932,-0.544610,0.148777,0.000000,0.000000,0.000000,0.000000,0.000000,0.700150,0.538374,0.156206,-0.515215,0.624221,0.000000,0.000000,0.000000,65535.000000,0.000000,0.000000,5.181873,1.376932,5.181873,1.376932,0.000000,0.000000,1.000000
7130.000000,5.176506,1.378267,-0.536677,0.133576,0.000000,0.000000,0.000000,0.000000,0.000000,0.579682,0.564566,0.154137,-0.543117,0.134811,0.000000,0.000000,0.000000,65535.000000,0.000000,0.000000,5.176506,1.378267,5.176506,1.378267,0.000000,0.000000,1.000000
7140.000000,5.171191,1.379549,-0.531537,0.128120,0.000000,0.000000,0.000000,0.000000,0.000000,0.316952,0.553051,0.138474,-0.535434,-0.663755,0.000000,0.000000,0.000000,65535.000000,0.000000,0.000000,5.171191,1.379549,5.171191,1.379549,0.000000,0.000000,1.000000
7150.000000,5.165913,1.380905,-0.527811,0.135682,0.000000,0.000000,0.000000,0.000000,0.000000,0.488527,0.546760,0.131474,-0.530718,-0.080752,0.000000,0.000000,0.000000,65535.000000,0.000000,0.000000,5.165913,1.380905,5.165913,1.380905,0.000000,0.000000,1.000000
7160.000000,5.160511,1.382231,-0.540091,0.132530,0.000000,0.000000,0.000000,0.000000,0.000000,0.781344,0.544972,0.138298,-0.527132,0.916989,0.000000,0.000000,0.000000,65535.000000,0.000000,0.000000,5.160511,1.382231,5.160511,1.382231,0.000000,0.000000,1.000000
7170.000000,5.155036,1.383284,-0.547576,0.105340,0.000000,0.000000,0.000000,0.000000,0.000000,0.929550,0.556113,0.135291,-0.539406,1.407183,0.000000,0.000000,0.000000,65535.000000,0.000000,0.000000,5.155036,1.383284,5.155036,1.383284,0.000000,0.000000,1.000000
7180.000000,5.149563,1.384096,-0.547321,0.081186,0.000000,0.000000,0.000000,0.000000,0.000000,0.929550,0.557616,0.108584,-0.546941,1.387636,0.000000,0.000000,0.000000,65535.000000,0.000000,0.000000,5.149563,1.384096,5.149563,1.384096,0.000000,0.000000,1.000000
7190.000000,5.144001,1.384896,-0.556205,0.080027,0.000000,0.000000,0.000000,0.000000,0.000000,0.882131,0.553310,0.084989,-0.546743,1.368626,0.000000,0.000000,0.000000,65535.000000,0.000000,0.000000,5.144001,1.384896,5.144001,1.384896,0.000000,0.000000,1.000000
7200.000000,5.138322,1.385693,-0.567902,0.079675,0.000000,0.000000,0.000000,0.000000,0.000000,0.566393,0.561933,0.084241,-0.555583,0.793935,0.000000,0.000000,0.000000,65535.000000,0.000000,0.000000,5.138322,1.385693,5.138322,1.385693,0.000000,0.000000,1.000000
7210.000000,5.132578,1.386437,-0.574412,0.074423,0.000000,0.000000,0.000000,0.000000,0.000000,0.393631,0.573464,0.084436,-0.567213,-0.454789,0.000000,0.000000,0.000000,65535.000000,0.000000,0.000000,5.132578,1.386437,5.132578,1.386437,0.000000,0.000000,1.000000
7220.000000,5.126732,1.387115,-0.584582,0.067769,0.000000,0.000000,0.000000,0.000000,0.000000,0.517985,0.579213,0.079976,-0.573665,-0.030992,0.000000,0.000000,0.000000,65535.000000,0.000000,0.000000,5.126732,1.387115,5.126732,1.387115,0.000000,0.000000,1.000000
7230.000000,5.120935,1.387695,-0.579644,0.058022,0.000000,0.000000,0.000000,0.000000,0.000000,0.532568,0.588497,0.073966,-0.583831,0.019056,0.000000,0.000000,0.000000,65535.000000,0.000000,0.000000,5.120935,1.387695,5.120935,1.387695,0.000000,0.000000,1.000000
7240.000000,5.115128,1.388409,-0.580789,0.071442,0.000000,0.000000,0.000000,0.000000,0.000000,0.532568,0.582540,0.063734,-0.579043,0.019052,0.000000,0.000000,0.000000,65535.000000,0.000000,0.000000,5.115128,1.388409,5.115128,1.388409,0.000000,0.000000,1.000000
7250.000000,5.109334,1.389323,-0.579384,0.091302,0.000000,0.000000,0.000000,0.000000,0.000000,0.532568,0.585166,0.075770,-0.580240,0.019049,0.000000,0.000000,0.000000,65535.000000,0.000000,0.000000,5.109334,1.389323,5.109334,1.389323,0.000000,0.000000,1.000000
7260.000000,5.103554,1.390317,-0.577918,0.099403,0.000000,0.000000,0.000000,0.000000,0.000000,0.509612,0.586534,0.094282,-0.578906,-0.212561,0.000000,0.000000,0.000000,65535.000000,0.000000,0.000000,5.103554,1.390317,5.103554,1.390317,0.000000,0.000000,1.000000
7270.000000,5.097713,1.391309,-0.584092,0.099239,0.000000,0.000000,0.000000,0.000000,0.000000,0.365644,0.586405,0.102377,-0.577399,-0.573638,0.000000,0.000000,0.000000,65535.000000,0.000000,0.000000,5.097713,1.391309,5.097713,1.391309,0.000000,0.000000,1.000000
7280.000000,5.091601,1.392109,-0.611248,0.079977,0.000000,0.000000,0.000000,0.000000,0.000000,0.201878,0.592462,0.103422,-0.583366,-1.151455,0.000000,0.000000,0.000000,65535.000000,0.000000,0.000000,5.091601,1.392109,5.091601,1.392109,0.000000,0.000000,1.000000
7290.000000,5.085647,1.392749,-0.595420,0.063997,0.000000,0.000000,0.000000,0.000000,0.000000,0.201878,0.616458,0.085745,-0.610465,-1.138334,0.000000,0.000000,0.000000,65535.000000,0.000000,0.000000,5.085647,1.392749,5.085647,1.392749,0.000000,0.000000,1.000000
7300.000000,5.079671,1.393415,-0.597522,0.066679,0.000000,0.000000,0.000000,0.000000,0.000000,0.219020,0.598850,0.070312,-0.594708,-1.064383,0.000000,0.000000,0.000000,65535.000000,0.000000,0.000000,5.079671,1.393415,5.079671,1.393415,0.000000,0.000000,1.000000
7310.000000,5.073539,1.394083,-0.613208,0.066738,0.000000,0.000000,0.000000,0.000000,0.000000,0.535929,0.601231,0.073267,-0.596751,0.073145,0.000000,0.000000,0.000000,65535.000000,0.000000,0.000000,5.073539,1.394083,5.073539,1.394083,0.000000,0.000000,1.000000
7320.000000,5.067168,1.394714,-0.637165,0.063095,0.000000,0.000000,0.000000,0.000000,0.000000,0.598741,0.616829,0.073118,-0.612480,0.298311,0.000000,0.000000,0.000000,65535.000000,0.000000,0.000000,5.067168,1.394714,5.067168,1.394714,0.000000,0.000000,1.000000
7330.000000,5.060854,1.395452,-0.631332,0.073865,0.000000,0.000000,0.000000,0.000000,0.000000,0.598741,0.640282,0.068447,-0.636613,0.297423,0.000000,0.000000,0.000000,65535.000000,0.000000,0.000000,5.060854,1.395452,5.060854,1.395452,0.000000,0.000000,1.000000
7340.000000,5.054625,1.396216,-0.622996,0.076404,0.000000,0.000000,0.000000,0.000000,0.000000,0.753691,0.635638,0.078664,-0.630752,0.862780,0.000000,0.000000,0.000000,65535.000000,0.000000,0.000000,5.054625,1.396216,5.054625,1.396216,0.000000,0.000000,1.000000
7350.000000,5.048378,1.396894,-0.624646,0.067744,0.000000,0.000000,0.000000,0.000000,0.000000,0.622020,0.627663,0.081666,-0.622328,1.270876,0.000000,0.000000,0.000000,65535.000000,0.000000,0.000000,5.048378,1.396894,5.048378,1.396894,0.000000,0.000000,1.000000
7360.000000,5.041826,1.397429,-0.655236,0.053528,0.000000,0.000000,0.000000,0.000000,0.000000,0.622020,0.628309,0.073041,-0.624049,1.254912,0.000000,0.000000,0.000000,65535.000000,0.000000,0.000000,5.041826,1.397429,5.041826,1.397429,0.000000,0.000000,1.000000
7370.000000,5.035079,1.397855,-0.674704,0.042555,0.000000,0.000000,0.000000,0.000000,0.000000,0.533998,0.657419,0.059240,-0.654744,1.110271,0.000000,0.000000,0.000000,65535.000000,0.000000,0.000000,5.035079,1.397855,5.035079,1.397855,0.000000,0.000000,1.000000
7380.000000,5.028274,1.398189,-0.680452,0.033456,0.000000,0.000000,0.000000,0.000000,0.000000,0.572433,0.676045,0.048804,-0.674281,1.184644,0.000000,0.000000,0.000000,65535.000000,0.000000,0.000000,5.028274,1.398189,5.028274,1.398189,0.000000,0.000000,1.000000
7390.000000,5.021345,1.398401,-0.692889,0.021219,0.000000,0.000000,0.000000,0.000000,0.000000,0.572433,0.681274,0.040434,-0.680073,1.170761,0.000000,0.000000,0.000000,65535.000000,0.000000,0.000000,5.021345,1.398401,5.021345,1.398401,0.000000,0.000000,1.000000
7400.000000,5.014320,1.398499,-0.702507,0.009756,0.000000,0.000000,0.000000,0.000000,0.000000,0.852813,0.693214,0.029406,-0.692590,1.157200,0.000000,0.000000,0.000000,65535.000000,0.000000,0.000000,5.014320,1.398499,5.014320,1.398499,0.000000,0.000000,1.000000
7410.000000,5.007345,1.398607,-0.697476,0.010800,0.000000,0.000000,0.000000,0.000000,0.000000,0.777746,0.702575,0.018055,-0.702343,0.744334,0.000000,0.000000,0.000000,65535.000000,0.000000,0.000000,5.007345,1.398607,5.007345,1.398607,0.000000,0.000000,1.000000
7420.000000,5.000331,1.398813,-0.701384,0.020581,0.000000,0.000000,0.000000,0.000000,0.000000,0.611757,0.697560,0.018937,-0.697303,0.324412,0.000000,0.000000,0.000000,65535.000000,0.000000,0.000000,5.000331,1.398813,5.000331,1.398813,0.000000,0.000000,1.000000
7430.000000,4.993218,1.399069,-0.711363,0.025653,0.000000,0.000000,0.000000,0.000000,0.000000,0.490260,0.701686,0.028637,-0.701101,0.460179,0.000000,0.000000,0.000000,65535.000000,0.000000,0.000000,4.993218,1.399069,4.993218,1.399069,0.000000,0.000000,1.000000
7440.000000,4.985872,1.399192,-0.734566,0.012273,0.000000,0.000000,0.000000,0.000000,0.000000,0.697297,0.711825,0.033939,-0.711015,1.604041,0.000000,0.000000,0.000000,65535.000000,0.000000,0.000000,4.985872,1.399192,4.985872,1.399192,0.000000,0.000000,1.000000
7450.000000,4.978401,1.399008,-0.747085,-0.018359,0.000000,0.000000,0.000000,0.000000,0.000000,0.727004,0.734669,0.022147,-0.734335,1.723625,0.000000,0.000000,0.000000,65535.000000,0.000000,0.000000,4.978401,1.399008,4.978401,1.399008,0.000000,0.000000,1.000000
7460.000000,4.971048,1.398935,-0.735285,-0.007360,0.000000,0.000000,0.000000,0.000000,0.000000,0.727004,0.747310,-0.007337,-0.747274,1.694390,0.000000,0.000000,0.000000,65535.000000,0.000000,0.000000,4.971048,1.398935,4.971048,1.398935,0.000000,0.000000,1.000000
7470.000000,4.963517,1.398723,-0.753100,-0.021202,0.000000,0.000000,0.000000,0.000000,0.000000,0.713815,0.773974,-0.035908,-0.773141,1.718838,0.000000,0.000000,0.000000,65535.000000,0.000000,0.000000,4.963517,1.398723,4.963517,1.398723,0.000000,0.000000,1.000000
7480.000000,4.955780,1.398385,-0.773704,-0.033745,0.000000,0.000000,0.000000,0.000000,0.000000,0.746940,0.801835,-0.053451,-0.800051,1.807481,0.000000,0.000000,0.000000,65535.000000,0.000000,0.000000,4.955780,1.398385,4.955780,1.398385,0.000000,0.000000,1.000000
7490.000000,4.948025,1.398084,-0.775481,-0.030168,0.000000,0.000000,0.000000,0.000000,0.000000,0.842931,0.827133,-0.070111,-0.824156,1.775360,0.000000,0.000000,0.000000,65535.000000,0.000000,0.000000,4.948025,1.398084,4.948025,1.398084,0.000000,0.000000,1.000000
7500.000000,4.940054,1.397698,-0.797106,-0.038587,0.000000,0.000000,0.000000,0.000000,0.000000,0.842931,0.838193,-0.075105,-0.834821,1.418440,0.000000,0.000000,0.000000,65535.000000,0.000000,0.000000,4.940054,1.397698,4.940054,1.397698,0.000000,0.000000,1.000000
7510.000000,4.932181,1.397505,-0.787281,-0.019230,0.000000,0.000000,0.000000,0.000000,0.000000,0.674466,0.855349,-0.078827,-0.851709,0.347224,0.000000,0.000000,0.000000,65535.000000,0.000000,0.000000,4.932181,1.397505,4.932181,1.397505,0.000000,0.000000,1.000000
7520.000000,4.924059,1.397469,-0.812202,-0.003608,0.000000,0.000000,0.000000,0.000000,0.000000,0.682210,0.849336,-0.064101,-0.846914,0.326025,0.000000,0.000000,0.000000,65535.000000,0.000000,0.000000,4.924059,1.397469,4.924059,1.397469,0.000000,0.000000,1.000000
7530.000000,4.915982,1.397582,-0.807747,0.011261,0.000000,0.000000,0.000000,0.000000,0.000000,0.854276,0.855964,-0.040667,-0.854998,0.831556,0.000000,0.000000,0.000000,65535.000000,0.000000,0.000000,4.915982,1.397582,4.915982,1.397582,0.000000,0.000000,1.000000
7540.000000,4.907778,1.397908,-0.820405,0.032587,0.000000,0.000000,0.000000,0.000000,0.000000,0.669757,0.823569,-0.015156,-0.823429,0.824691,0.000000,0.000000,0.000000,65535.000000,0.000000,0.000000,4.907778,1.397908,4.907778,1.397908,0.000000,0.000000,1.000000
7550.000000,4.899486,1.398178,-0.829201,0.027026,0.000000,0.000000,0.000000,0.000000,0.000000,0.671302,0.809618,0.009667,-0.809561,1.065454,0.000000,0.000000,0.000000,65535.000000,0.000000,0.000000,4.899486,1.398178,4.899486,1.398178,0.000000,0.000000,1.000000
7560.000000,4.891323,1.398280,-0.816303,0.010202,0.000000,0.000000,0.000000,0.000000,0.000000,0.675152,0.809525,0.018366,-0.809317,1.073741,0.000000,0.000000,0.000000,65535.000000,0.000000,0.000000,4.891323,1.398280,4.891323,1.398280,0.000000,0.000000,1.000000
7570.000000,4.883325,1.398426,-0.799816,0.014612,0.000000,0.000000,0.000000,0.000000,0.000000,0.675152,0.816367,0.022399,-0.816060,1.062323,0.000000,0.000000,0.000000,65535.000000,0.000000,0.000000,4.883325,1.398426,4.883325,1.398426,0.000000,0.000000,1.000000
7580.000000,4.875380,1.398605,-0.794527,0.017839,0.000000,0.000000,0.000000,0.000000,0.000000,0.559229,0.799950,0.026183,-0.799521,1.020244,0.000000,0.000000,0.000000,65535.000000,0.000000,0.000000,4.875380,1.398605,4.875380,1.398605,0.000000,0.000000,1.000000
7590.000000,4.867437,1.398895,-0.794228,0.029026,0.000000,0.000000,0.000000,0.000000,0.000000,0.799881,0.794727,0.029161,-0.794192,1.009930,0.000000,0.000000,0.000000,65535.000000,0.000000,0.000000,4.867437,1.398895,4.867437,1.398895,0.000000,0.000000,1.000000
7600.000000,4.859257,1.399211,-0.818081,0.031622,0.000000,0.000000,0.000000,0.000000,0.000000,0.848415,0.794759,0.041458,-0.793677,0.896417,0.000000,0.000000,0.000000,65535.000000,0.000000,0.000000,4.859257,1.399211,4.859257,1.399211,0.000000,0.000000,1.000000
7610.000000,4.851066,1.399658,-0.819061,0.044731,0.000000,0.000000,0.000000,0.000000,0.000000,0.612203,0.818692,0.044428,-0.817485,0.052727,0.000000,0.000000,0.000000,65535.000000,0.000000,0.000000,4.851066,1.399658,4.851066,1.399658,0.000000,0.000000,1.000000
7620.000000,4.842759,1.400241,-0.830721,0.058292,0.000000,0.000000,0.000000,0.000000,0.000000,0.612738,0.820281,0.056719,-0.818318,0.054624,0.000000,0.000000,0.000000,65535.000000,0.000000,0.000000,4.842759,1.400241,4.842759,1.400241,0.000000,0.000000,1.000000
7630.000000,4.834312,1.400840,-0.844681,0.059892,0.000000,0.000000,0.000000,0.000000,0.000000,0.612738,0.832763,0.069500,-0.829858,0.054594,0.000000,0.000000,0.000000,65535.000000,0.000000,0.000000,4.834312,1.400840,4.834312,1.400840,0.000000,0.000000,1.000000
7640.000000,4.825787,1.401397,-0.852546,0.055688,0.000000,0.000000,0.000000,0.000000,0.000000,0.534091,0.846802,0.070805,-0.843836,-0.235858,0.000000,0.000000,0.000000,65535.000000,0.000000,0.000000,4.825787,1.401397,4.825787,1.401397,0.000000,0.000000,1.000000
7650.000000,4.817271,1.401759,-0.851630,0.036176,0.000000,0.000000,0.000000,0.000000,0.000000,0.453869,0.854363,0.067027,-0.851730,-0.858898,0.000000,0.000000,0.000000,65535.000000,0.000000,0.000000,4.817271,1.401759,4.817271,1.401759,0.000000,0.000000,1.000000
7660.000000,4.808739,1.402022,-0.853151,0.026325,0.000000,0.000000,0.000000,0.000000,0.000000,0.503130,0.852398,0.047697,-0.851062,-0.032982,0.000000,0.000000,0.000000,65535.000000,0.000000,0.000000,4.808739,1.402022,4.808739,1.402022,0.000000,0.000000,1.000000
7670.000000,4.800149,1.402340,-0.859042,0.031812,0.000000,0.000000,0.000000,0.000000,0.000000,0.428322,0.853557,0.037791,-0.852720,0.010875,0.000000,0.000000,0.000000,65535.000000,0.000000,0.000000,4.800149,1.402340,4.800149,1.402340,0.000000,0.000000,1.000000
7680.000000,4.791301,1.402828,-0.884832,0.048756,0.000000,0.000000,0.000000,0.000000,0.000000,0.428322,0.859631,0.042831,-0.858563,0.010873,0.000000,0.000000,0.000000,65535.000000,0.000000,0.000000,4.791301,1.402828,4.791301,1.402828,0.000000,0.000000,1.000000
7690.000000,4.782424,1.403538,-0.887630,0.070992,0.000000,0.000000,0.000000,0.000000,0.000000,0.359625,0.886174,0.059010,-0.884208,-0.167427,0.000000,0.000000,0.000000,65535.000000,0.000000,0.000000,4.782424,1.403538,4.782424,1.403538,0.000000,0.000000,1.000000
7700.000000,4.773277,1.404383,-0.914744,0.084515,0.000000,0.000000,0.000000,0.000000,0.000000,0.359625,0.890464,0.080066,-0.886857,-0.167147,0.000000,0.000000,0.000000,65535.000000,0.000000,0.000000,4.773277,1.404383,4.773277,1.404383,0.000000,0.000000,1.000000
7710.000000,4.763888,1.405338,-0.938896,0.095478,0.000000,0.000000,0.000000,0.000000,0.000000,0.648244,0.918640,0.092340,-0.913987,-0.153729,0.000000,0.000000,0.000000,65535.000000,0.000000,0.000000,4.763888,1.405338,4.763888,1.405338,0.000000,0.000000,1.000000
7720.000000,4.754846,1.405543,-0.904166,0.020531,0.000000,0.000000,0.000000,0.000000,0.000000,0.603360,0.943738,0.101839,-0.938228,-0.153494,0.000000,0.000000,0.000000,65535.000000,0.000000,0.000000,4.754846,1.405543,4.754846,1.405543,0.000000,0.000000,1.000000
7730.000000,4.746043,1.405469,-0.880275,-0.007415,0.000000,0.000000,0.000000,0.000000,0.000000,0.562388,0.983366,0.096550,-0.978615,-0.119693,0.000000,0.000000,0.000000,65535.000000,0.000000,0.000000,4.746043,1.405469,4.746043,1.405469,0.000000,0.000000,1.000000
7740.000000,4.737054,1.405283,-0.898872,-0.018583,0.000000,0.000000,0.000000,0.000000,0.000000,0.562388,0.976315,0.087414,-0.972394,-0.119550,0.000000,0.000000,0.000000,65535.000000,0.000000,0.000000,4.737054,1.405283,4.737054,1.405283,0.000000,0.000000,1.000000
7750.000000,4.728062,1.405089,-0.899276,-0.019439,0.000000,0.000000,0.000000,0.000000,0.000000,0.557168,0.996682,0.089001,-0.992700,-0.140462,0.000000,0.000000,0.000000,65535.000000,0.000000,0.000000,4.728062,1.405089,4.728062,1.405089,0.000000,0.000000,1.000000
7760.000000,4.719034,1.405232,-0.902743,0.014316,0.000000,0.000000,0.000000,0.000000,0.000000,0.478053,1.014685,0.104369,-1.009304,-0.459520,0.000000,0.000000,0.000000,65535.000000,0.000000,0.000000,4.719034,1.405232,4.719034,1.405232,0.000000,0.000000,1.000000
7770.000000,4.709892,1.405584,-0.914250,0.035209,0.000000,0.000000,0.000000,0.000000,0.000000,0.838664,1.021571,0.124272,-1.013984,1.008042,0.000000,0.000000,0.000000,65535.000000,0.000000,0.000000,4.709892,1.405584,4.709892,1.405584,0.000000,0.000000,1.000000
7780.000000,4.700652,1.405896,-0.923980,0.031178,0.000000,0.000000,0.000000,0.000000,0.000000,0.874628,1.013857,0.127334,-1.005829,1.205399,0.000000,0.000000,0.000000,65535.000000,0.000000,0.000000,4.700652,1.405896,4.700652,1.405896,0.000000,0.000000,1.000000
7790.000000,4.691450,1.406030,-0.920181,0.013447,0.000000,0.000000,0.000000,0.000000,0.000000,0.866989,1.015144,0.116783,-1.008404,1.191028,0.000000,0.000000,0.000000,65535.000000,0.000000,0.000000,4.691450,1.406030,4.691450,1.406030,0.000000,0.000000,1.000000
7800.000000,4.682162,1.405993,-0.928821,-0.003679,0.000000,0.000000,0.000000,0.000000,0.000000,0.408323,1.013665,0.101145,-1.008606,-0.003045,0.000000,0.000000,0.000000,65535.000000,0.000000,0.000000,4.682162,1.405993,4.682162,1.405993,0.000000,0.000000,1.000000
7810.000000,4.672833,1.405831,-0.932877,-0.016213,0.000000,0.000000,0.000000,0.000000,0.000000,0.456537,1.033827,0.095469,-1.029409,0.472148,0.000000,0.000000,0.000000,65535.000000,0.000000,0.000000,4.672833,1.405831,4.672833,1.405831,0.000000,0.000000,1.000000
7820.000000,4.663382,1.405520,-0.945091,-0.031136,0.000000,0.000000,0.000000,0.000000,0.000000,0.726268,1.035365,0.093293,-1.031154,0.469927,0.000000,0.000000,0.000000,65535.000000,0.000000,0.000000,4.663382,1.405520,4.663382,1.405520,0.000000,0.000000,1.000000
7830.000000,4.653855,1.405084,-0.952671,-0.043545,0.000000,0.000000,0.000000,0.000000,0.000000,0.536289,1.042209,0.088685,-1.038428,-0.333054,0.000000,0.000000,0.000000,65535.000000,0.000000,0.000000,4.653855,1.405084,4.653855,1.405084,0.000000,0.000000,1.000000
7840.000000,4.644296,1.404599,-0.955960,-0.048495,0.000000,0.000000,0.000000,0.000000,0.000000,0.908905,1.047905,0.087165,-1.044274,1.548601,0.000000,0.000000,0.000000,65535.000000,0.000000,0.000000,4.644296,1.404599,4.644296,1.404599,0.000000,0.000000,1.000000
7850.000000,4.634993,1.404169,-0.930330,-0.043005,0.000000,0.000000,0.000000,0.000000,0.000000,0.908905,1.050772,0.086885,-1.047173,2.067817,0.000000,0.000000,0.000000,65535.000000,0.000000,0.000000,4.634993,1.404169,4.634993,1.404169,0.000000,0.000000,1.000000
7860.000000,4.625669,1.403933,-0.932369,-0.023616,0.000000,0.000000,0.000000,0.000000,0.000000,0.908905,1.032495,0.093256,-1.028275,2.025884,0.000000,0.000000,0.000000,65535.000000,0.000000,0.000000,4.625669,1.403933,4.625669,1.403933,0.000000,0.000000,1.000000
7870.000000,4.616181,1.403790,-0.948804,-0.014260,0.000000,0.000000,0.000000,0.000000,0.000000,0.755555,1.037652,0.095859,-1.033214,1.867154,0.000000,0.000000,0.000000,65535.000000,0.000000,0.000000,4.616181,1.403790,4.616181,1.403790,0.000000,0.000000,1.000000
7880.000000,4.606343,1.403461,-0.983798,-0.032995,0.000000,0.000000,0.000000,0.000000,0.000000,0.615413,1.033667,0.077830,-1.030733,0.930771,0.000000,0.000000,0.000000,65535.000000,0.000000,0.000000,4.606343,1.403461,4.606343,1.403461,0.000000,0.000000,1.000000
7890.000000,4.596303,1.402929,-1.003913,-0.053177,0.000000,0.000000,0.000000,0.000000,0.000000,0.615413,1.022262,0.036012,-1.021627,0.922179,0.000000,0.000000,0.000000,65535.000000,0.000000,0.000000,4.596303,1.402929,4.596303,1.402929,0.000000,0.000000,1.000000
7900.000000,4.586294,1.402170,-1.000972,-0.075905,0.000000,0.000000,0.000000,0.000000,0.000000,0.484556,0.993340,-0.009947,-0.993290,-0.297627,0.000000,0.000000,0.000000,65535.000000,0.000000,0.000000,4.586294,1.402170,4.586294,1.402170,0.000000,0.000000,1.000000
7910.000000,4.576686,1.401311,-0.960762,-0.085853,0.000000,0.000000,0.000000,0.000000,0.000000,0.226943,0.973829,-0.051904,-0.972444,-1.602033,0.000000,0.000000,0.000000,65535.000000,0.000000,0.000000,4.576686,1.401311,4.576686,1.401311,0.000000,0.000000,1.000000
7920.000000,4.567371,1.400419,-0.931462,-0.089247,0.000000,0.000000,0.000000,0.000000,0.000000,0.077423,0.948093,-0.074394,-0.945170,-2.165562,0.000000,0.000000,0.000000,65535.000000,0.000000,0.000000,4.567371,1.400419,4.567371,1.400419,0.000000,0.000000,1.000000
7930.000000,4.558356,1.399450,-0.901539,-0.096855,0.000000,0.000000,0.000000,0.000000,0.000000,0.078557,0.935727,-0.092129,-0.931181,-2.115253,0.000000,0.000000,0.000000,65535.000000,0.000000,0.000000,4.558356,1.399450,4.558356,1.399450,0.000000,0.000000,1.000000
7940.000000,4.549290,1.398433,-0.906574,-0.101715,0.000000,0.000000,0.000000,0.000000,0.000000,0.078557,0.906727,-0.099747,-0.901224,-2.071394,0.000000,0.000000,0.000000,65535.000000,0.000000,0.000000,4.549290,1.398433,4.549290,1.398433,0.000000,0.000000,1.000000
7950.000000,4.540214,1.397379,-0.907600,-0.105342,0.000000,0.000000,0.000000,0.000000,0.000000,0.077622,0.912262,-0.104424,-0.906266,-2.032897,0.000000,0.000000,0.000000,65535.000000,0.000000,0.000000,4.540214,1.397379,4.540214,1.397379,0.000000,0.000000,1.000000
7960.000000,4.530912,1.396259,-0.930228,-0.112019,0.000000,0.000000,0.000000,0.000000,0.000000,0.077622,0.913693,-0.107950,-0.907293,-1.992354,0.000000,0.000000,0.000000,65535.000000,0.000000,0.000000,4.530912,1.396259,4.530912,1.396259,0.000000,0.000000,1.000000
7970.000000,4.521657,1.395059,-0.925438,-0.120005,0.000000,0.000000,0.000000,0.000000,0.000000,0.071415,0.936948,-0.114041,-0.929982,-1.976918,0.000000,0.000000,0.000000,65535.000000,0.000000,0.000000,4.521657,1.395059,4.521657,1.395059,0.000000,0.000000,1.000000
7980.000000,4.512343,1.393752,-0.931469,-0.130673,0.000000,0.000000,0.000000,0.000000,0.000000,0.037067,0.933186,-0.121052,-0.925302,-2.065282,0.000000,0.000000,0.000000,65535.000000,0.000000,0.000000,4.512343,1.393752,4.512343,1.393752,0.000000,0.000000,1.000000
7990.000000,4.502929,1.392480,-0.941386,-0.127272,0.000000,0.000000,0.000000,0.000000,0.000000,0.037067,0.940590,-0.131244,-0.931389,-2.023450,0.000000,0.000000,0.000000,65535.000000,0.000000,0.000000,4.502929,1.392480,4.502929,1.392480,0.000000,0.000000,1.000000
8000.000000,4.493447,1.391356,-0.948205,-0.112384,0.000000,0.000000,0.000000,0.000000,0.000000,0.400142,0.949951,-0.127689,-0.941330,-0.653689,0.000000,0.000000,0.000000,65535.000000,0.000000,0.000000,4.493447,1.391356,4.493447,1.391356,0.000000,0.000000,1.000000
8010.000000,4.484076,1.390372,-0.937180,-0.098396,0.000000,0.000000,0.000000,0.000000,0.000000,0.449645,0.954842,-0.113076,-0.948123,0.053730,0.000000,0.000000,0.000000,65535.000000,0.000000,0.000000,4.484076,1.390372,4.484076,1.390372,0.000000,0.000000,1.000000
8020.000000,4.474599,1.389403,-0.947661,-0.096861,0.000000,0.000000,0.000000,0.000000,0.000000,0.449645,0.942331,-0.098869,-0.937130,0.053701,0.000000,0.000000,0.000000,65535.000000,0.000000,0.000000,4.474599,1.389403,4.474599,1.389403,0.000000,0.000000,1.000000
8030.000000,4.464934,1.388327,-0.966519,-0.107613,0.000000,0.000000,0.000000,0.000000,0.000000,0.309651,0.952598,-0.097343,-0.947612,-0.293915,0.000000,0.000000,0.000000,65535.000000,0.000000,0.000000,4.464934,1.388327,4.464934,1.388327,0.000000,0.000000,1.000000
8040.000000,4.455112,1.387091,-0.982211,-0.123601,0.000000,0.000000,0.000000,0.000000,0.000000,0.448242,0.972491,-0.108182,-0.966455,0.247670,0.000000,0.000000,0.000000,65535.000000,0.000000,0.000000,4.455112,1.387091,4.455112,1.387091,0.000000,0.000000,1.000000
8050.000000,4.445407,1.385787,-0.970440,-0.130407,0.000000,0.000000,0.000000,0.000000,0.000000,0.448242,0.989957,-0.123997,-0.982161,0.247058,0.000000,0.000000,0.000000,65535.000000,0.000000,0.000000,4.445407,1.385787,4.445407,1.385787,0.000000,0.000000,1.000000
8060.000000,4.435797,1.384444,-0.961086,-0.134331,0.000000,0.000000,0.000000,0.000000,0.000000,0.433536,0.979163,-0.130436,-0.970436,-0.275262,0.000000,0.000000,0.000000,65535.000000,0.000000,0.000000,4.435797,1.384444,4.435797,1.384444,0.000000,0.000000,1.000000
8070.000000,4.426160,1.383012,-0.963626,-0.143147,0.000000,0.000000,0.000000,0.000000,0.000000,0.433536,0.970428,-0.133735,-0.961169,-0.274505,0.000000,0.000000,0.000000,65535.000000,0.000000,0.000000,4.426160,1.383012,4.426160,1.383012,0.000000,0.000000,1.000000
8080.000000,4.416350,1.381530,-0.980993,-0.148213,0.000000,0.000000,0.000000,0.000000,0.000000,0.405500,0.974200,-0.142303,-0.963751,-0.674319,0.000000,0.000000,0.000000,65535.000000,0.000000,0.000000,4.416350,1.381530,4.416350,1.381530,0.000000,0.000000,1.000000
8090.000000,4.406564,1.380031,-0.978679,-0.149877,0.000000,0.000000,0.000000,0.000000,0.000000,0.235348,0.992126,-0.146910,-0.981189,-1.336521,0.000000,0.000000,0.000000,65535.000000,0.000000,0.000000,4.406564,1.380031,4.406564,1.380031,0.000000,0.000000,1.000000
8100.000000,4.396613,1.378584,-0.995122,-0.144793,0.000000,0.000000,0.000000,0.000000,0.000000,0.203904,0.990089,-0.149084,-0.978800,-1.437087,0.000000,0.000000,0.000000,65535.000000,0.000000,0.000000,4.396613,1.378584,4.396613,1.378584,0.000000,0.000000,1.000000
8110.000000,4.386595,1.377223,-1.001742,-0.136048,0.000000,0.000000,0.000000,0.000000,0.000000,0.530846,1.005601,-0.143876,-0.995255,-0.994506,0.000000,0.000000,0.000000,65535.000000,0.000000,0.000000,4.386595,1.377223,4.386595,1.377223,0.000000,0.000000,1.000000
8120.000000,4.376488,1.375992,-1.010697,-0.123062,0.000000,0.000000,0.000000,0.000000,0.000000,0.664050,1.010938,-0.134791,-1.001912,0.106461,0.000000,0.000000,0.000000,65535.000000,0.000000,0.000000,4.376488,1.375992,4.376488,1.375992,0.000000,0.000000,1.000000
8130.000000,4.366719,1.374859,-0.976879,-0.113314,0.000000,0.000000,0.000000,0.000000,0.000000,0.614356,1.018161,-0.122016,-1.010824,0.368436,0.000000,0.000000,0.000000,65535.000000,0.000000,0.000000,4.366719,1.374859,4.366719,1.374859,0.000000,0.000000,1.000000
8140.000000,4.357102,1.373804,-0.961681,-0.105569,0.000000,0.000000,0.000000,0.000000,0.000000,0.614356,0.983429,-0.112209,-0.977006,0.367082,0.000000,0.000000,0.000000,65535.000000,0.000000,0.000000,4.357102,1.373804,4.357102,1.373804,0.000000,0.000000,1.000000
8150.000000,4.347538,1.372820,-0.956469,-0.098347,0.000000,0.000000,0.000000,0.000000,0.000000,0.598815,0.967459,-0.104880,-0.961757,0.126671,0.000000,0.000000,0.000000,65535.000000,0.000000,0.000000,4.347538,1.372820,4.347538,1.372820,0.000000,0.000000,1.000000
8160.000000,4.337887,1.371864,-0.965009,-0.095648,0.000000,0.000000,0.000000,0.000000,0.000000,0.526658,0.961512,-0.097762,-0.956529,-0.174121,0.000000,0.000000,0.000000,65535.000000,0.000000,0.000000,4.337887,1.371864,4.337887,1.371864,0.000000,0.000000,1.000000
8170.000000,4.328310,1.371042,-0.957742,-0.082117,0.000000,0.000000,0.000000,0.000000,0.000000,0.525738,0.969737,-0.095355,-0.965038,-0.198725,0.000000,0.000000,0.000000,65535.000000,0.000000,0.000000,4.328310,1.371042,4.328310,1.371042,0.000000,0.000000,1.000000
8180.000000,4.318694,1.370334,-0.961598,-0.070851,0.000000,0.000000,0.000000,0.000000,0.000000,0.379080,0.961256,-0.080792,-0.957854,-0.767106,0.000000,0.000000,0.000000,65535.000000,0.000000,0.000000,4.318694,1.370334,4.318694,1.370334,0.000000,0.000000,1.000000
8190.000000,4.309020,1.369805,-0.967430,-0.052929,0.000000,0.000000,0.000000,0.000000,0.000000,0.093585,0.964204,-0.069233,-0.961715,-1.918837,0.000000,0.000000,0.000000,65535.000000,0.000000,0.000000,4.309020,1.369805,4.309020,1.369805,0.000000,0.000000,1.000000
8200.000000,4.299241,1.369451,-0.977924,-0.035359,0.000000,0.000000,0.000000,0.000000,0.000000,0.107079,0.968877,-0.051014,-0.967533,-1.826149,0.000000,0.000000,0.000000,65535.000000,0.000000,0.000000,4.299241,1.369451,4.299241,1.369451,0.000000,0.000000,1.000000
8210.000000,4.289659,1.369141,-0.958163,-0.031066,0.000000,0.000000,0.000000,0.000000,0.000000,0.225799,0.978563,-0.033286,-0.977997,-1.321900,0.000000,0.000000,0.000000,65535.000000,0.000000,0.000000,4.289659,1.369141,4.289659,1.369141,0.000000,0.000000,1.000000
8220.000000,4.279999,1.368747,-0.966002,-0.039387,0.000000,0.000000,0.000000,0.000000,0.000000,0.273555,0.958666,-0.028942,-0.958229,-1.115040,0.000000,0.000000,0.000000,65535.000000,0.000000,0.000000,4.279999,1.368747,4.279999,1.368747,0.000000,0.000000,1.000000
8230.000000,4.270194,1.368160,-0.980454,-0.058657,0.000000,0.000000,0.000000,0.000000,0.000000,0.345018,0.966805,-0.037398,-0.966081,-0.817285,0.000000,0.000000,0.000000,65535.000000,0.000000,0.000000,4.270194,1.368160,4.270194,1.368160,0.000000,0.000000,1.000000
8240.000000,4.260204,1.367482,-0.998991,-0.067837,0.000000,0.000000,0.000000,0.000000,0.000000,0.532314,0.982207,-0.056983,-0.980553,-0.137699,0.000000,0.000000,0.000000,65535.000000,0.000000,0.000000,4.260204,1.367482,4.260204,1.367482,0.000000,0.000000,1.000000
8250.000000,4.250273,1.366897,-0.993158,-0.058466,0.000000,0.000000,0.000000,0.000000,0.000000,0.532314,1.001291,-0.066391,-0.999088,-0.137509,0.000000,0.000000,0.000000,65535.000000,0.000000,0.000000,4.250273,1.366897,4.250273,1.366897,0.000000,0.000000,1.000000
8260.000000,4.240329,1.366543,-0.994412,-0.035399,0.000000,0.000000,0.000000,0.000000,0.000000,0.839745,0.994878,-0.057120,-0.993236,1.511728,0.000000,0.000000,0.000000,65535.000000,0.000000,0.000000,4.240329,1.366543,4.240329,1.366543,0.000000,0.000000,1.000000
8270.000000,4.230287,1.366375,-1.004155,-0.016792,0.000000,0.000000,0.000000,0.000000,0.000000,0.919563,0.995042,-0.033763,-0.994469,1.489193,0.000000,0.000000,0.000000,65535.000000,0.000000,0.000000,4.230287,1.366375,4.230287,1.366375,0.000000,0.000000,1.000000
8280.000000,4.220269,1.366230,-1.001853,-0.014472,0.000000,0.000000,0.000000,0.000000,0.000000,0.919563,1.004295,-0.014842,-1.004186,1.467320,0.000000,0.000000,0.000000,65535.000000,0.000000,0.000000,4.220269,1.366230,4.220269,1.366230,0.000000,0.000000,1.000000
8290.000000,4.210430,1.366052,-0.983893,-0.017810,0.000000,0.000000,0.000000,0.000000,0.000000,0.753959,1.001957,-0.012384,-1.001881,0.110268,0.000000,0.000000,0.000000,65535.000000,0.000000,0.000000,4.210430,1.366052,4.210430,1.366052,0.000000,0.000000,1.000000
8300.000000,4.200570,1.365757,-0.985954,-0.029522,0.000000,0.000000,0.000000,0.000000,0.000000,0.361240,0.984055,-0.016109,-0.983923,-0.802714,0.000000,0.000000,0.000000,65535.000000,0.000000,0.000000,4.200570,1.365757,4.200570,1.365757,0.000000,0.000000,1.000000
8310.000000,4.190650,1.365319,-0.992046,-0.043822,0.000000,0.000000,0.000000,0.000000,0.000000,0.119355,0.986396,-0.028210,-0.985993,-1.765539,0.000000,0.000000,0.000000,65535.000000,0.000000,0.000000,4.190650,1.365319,4.190650,1.365319,0.000000,0.000000,1.000000
8320.000000,4.180671,1.364839,-0.997866,-0.047945,0.000000,0.000000,0.000000,0.000000,0.000000,0.119355,0.993013,-0.042836,-0.992089,-1.734879,0.000000,0.000000,0.000000,65535.000000,0.000000,0.000000,4.180671,1.364839,4.180671,1.364839,0.000000,0.000000,1.000000
8330.000000,4.170856,1.364427,-0.981433,-0.041217,0.000000,0.000000,0.000000,0.000000,0.000000,0.280734,0.999017,-0.047237,-0.997900,-1.065446,0.000000,0.000000,0.000000,65535.000000,0.000000,0.000000,4.170856,1.364427,4.170856,1.364427,0.000000,0.000000,1.000000
8340.000000,4.161074,1.364170,-0.978245,-0.025676,0.000000,0.000000,0.000000,0.000000,0.000000,0.508173,0.982298,-0.040125,-0.981478,-0.321647,0.000000,0.000000,0.000000,65535.000000,0.000000,0.000000,4.161074,1.364170,4.161074,1.364170,0.000000,0.000000,1.000000
8350.000000,4.151346,1.364034,-0.972863,-0.013620,0.000000,0.000000,0.000000,0.000000,0.000000,0.599029,0.978582,-0.023983,-0.978288,0.172986,0.000000,0.000000,0.000000,65535.000000,0.000000,0.000000,4.151346,1.364034,4.151346,1.364034,0.000000,0.000000,1.000000
8360.000000,4.141526,1.363848,-0.981960,-0.018566,0.000000,0.000000,0.000000,0.000000,0.000000,0.612731,0.972959,-0.012109,-0.972883,0.546538,0.000000,0.000000,0.000000,65535.000000,0.000000,0.000000,4.141526,1.363848,4.141526,1.363848,0.000000,0.000000,1.000000
8370.000000,4.131809,1.363557,-0.971723,-0.029168,0.000000,0.000000,0.000000,0.000000,0.000000,0.569383,0.982135,-0.017902,-0.981972,0.844987,0.000000,0.000000,0.000000,65535.000000,0.000000,0.000000,4.131809,1.363557,4.131809,1.363557,0.000000,0.000000,1.000000
8380.000000,4.122120,1.363218,-0.968893,-0.033859,0.000000,0.000000,0.000000,0.000000,0.000000,0.529994,0.972160,-0.029965,-0.971699,0.854480,0.000000,0.000000,0.000000,65535.000000,0.000000,0.000000,4.122120,1.363218,4.122120,1.363218,0.000000,0.000000,1.000000
8390.000000,4.112573,1.362911,-0.954722,-0.030729,0.000000,0.000000,0.000000,0.000000,0.000000,0.506154,0.969484,-0.035409,-0.968837,0.847234,0.000000,0.000000,0.000000,65535.000000,0.000000,0.000000,4.112573,1.362911,4.112573,1.362911,0.000000,0.000000,1.000000
8400.000000,4.102982,1.362685,-0.959085,-0.022543,0.000000,0.000000,0.000000,0.000000,0.000000,0.390425,0.955216,-0.032209,-0.954673,0.053025,0.000000,0.000000,0.000000,65535.000000,0.000000,0.000000,4.102982,1.362685,4.102982,1.362685,0.000000,0.000000,1.000000
8410.000000,4.093647,1.362609,-0.933513,-0.007660,0.000000,0.000000,0.000000,0.000000,0.000000,0.390425,0.959350,-0.023047,-0.959073,-0.203832,0.000000,0.000000,0.000000,65535.000000,0.000000,0.000000,4.093647,1.362609,4.093647,1.362609,0.000000,0.000000,1.000000
8420.000000,4.084407,1.362655,-0.924027,0.004602,0.000000,0.000000,0.000000,0.000000,0.000000,0.359384,0.933545,-0.007609,-0.933514,-0.798918,0.000000,0.000000,0.000000,65535.000000,0.000000,0.000000,4.084407,1.362655,4.084407,1.362655,0.000000,0.000000,1.000000
8430.000000,4.075328,1.362657,-0.907858,0.000183,0.000000,0.000000,0.000000,0.000000,0.000000,0.531685,0.924038,0.005142,-0.924024,-0.074412,0.000000,0.000000,0.000000,65535.000000,0.000000,0.000000,4.075328,1.362657,4.075328,1.362657,0.000000,0.000000,1.000000
8440.000000,4.066177,1.362443,-0.915162,-0.021329,0.000000,0.000000,0.000000,0.000000,0.000000,0.586380,0.907858,0.000540,-0.907858,1.232868,0.000000,0.000000,0.000000,65535.000000,0.000000,0.000000,4.066177,1.362443,4.066177,1.362443,0.000000,0.000000,1.000000
8450.000000,4.057325,1.362362,-0.885189,-0.008099,0.000000,0.000000,0.000000,0.000000,0.000000,0.590580,0.915411,-0.021258,-0.915164,1.301150,0.000000,0.000000,0.000000,65535.000000,0.000000,0.000000,4.057325,1.362362,4.057325,1.362362,0.000000,0.000000,1.000000
8460.000000,4.048630,1.362497,-0.869521,0.013511,0.000000,0.000000,0.000000,0.000000,0.000000,0.590580,0.885226,-0.008473,-0.885186,1.284422,0.000000,0.000000,0.000000,65535.000000,0.000000,0.000000,4.048630,1.362497,4.048630,1.362497,0.000000,0.000000,1.000000
8470.000000,4.039962,1.362679,-0.866782,0.018102,0.000000,0.000000,0.000000,0.000000,0.000000,0.873898,0.869626,0.012462,-0.869536,2.743556,0.000000,0.000000,0.000000,65535.000000,0.000000,0.000000,4.039962,1.362679,4.039962,1.362679,0.000000,0.000000,1.000000
8480.000000,4.031283,1.362942,-0.867834,0.026297,0.000000,0.000000,0.000000,0.000000,0.000000,0.873898,0.866971,0.016157,-0.866820,2.670224,0.000000,0.000000,0.000000,65535.000000,0.000000,0.000000,4.031283,1.362942,4.031283,1.362942,0.000000,0.000000,1.000000
8490.000000,4.022874,1.363216,-0.840911,0.027452,0.000000,0.000000,0.000000,0.000000,0.000000,0.838265,0.868232,0.023659,-0.867910,2.140062,0.000000,0.000000,0.000000,65535.000000,0.000000,0.000000,4.022874,1.363216,4.022874,1.363216,0.000000,0.000000,1.000000
8500.000000,4.014645,1.363589,-0.822964,0.037308,0.000000,0.000000,0.000000,0.000000,0.000000,0.571898,0.841359,0.024340,-0.841007,-0.552368,0.000000,0.000000,0.000000,65535.000000,0.000000,0.000000,4.014645,1.363589,4.014645,1.363589,0.000000,0.000000,1.000000
8510.000000,4.006276,1.363838,-0.836843,0.024855,0.000000,0.000000,0.000000,0.000000,0.000000,0.604600,0.823809,0.033918,-0.823111,0.096148,0.000000,0.000000,0.000000,65535.000000,0.000000,0.000000,4.006276,1.363838,4.006276,1.363838,0.000000,0.000000,1.000000
8520.000000,3.997823,1.364053,-0.845338,0.021521,0.000000,0.000000,0.000000,0.000000,0.000000,0.850551,0.837212,0.021480,-0.836936,1.841603,0.000000,0.000000,0.000000,65535.000000,0.000000,0.000000,3.997823,1.364053,3.997823,1.364053,0.000000,0.000000,1.000000
8530.000000,3.989717,1.364364,-0.810521,0.031089,0.000000,0.000000,0.000000,0.000000,0.000000,0.976317,0.845612,0.017768,-0.845425,2.518747,0.000000,0.000000,0.000000,65535.000000,0.000000,0.000000,3.989717,1.364364,3.989717,1.364364,0.000000,0.000000,1.000000
8540.000000,3.981951,1.364958,-0.776606,0.059396,0.000000,0.000000,0.000000,0.000000,0.000000,0.976317,0.811117,0.027266,-0.810659,2.456804,0.000000,0.000000,0.000000,65535.000000,0.000000,0.000000,3.981951,1.364958,3.981951,1.364958,0.000000,0.000000,1.000000
8550.000000,3.974360,1.365838,-0.759138,0.088029,0.000000,0.000000,0.000000,0.000000,0.000000,0.791870,0.778874,0.055341,-0.776905,2.397835,0.000000,0.000000,0.000000,65535.000000,0.000000,0.000000,3.974360,1.365838,3.974360,1.365838,0.000000,0.000000,1.000000
8560.000000,3.966654,1.366812,-0.770560,0.097430,0.000000,0.000000,0.000000,0.000000,0.000000,0.791870,0.764225,0.083701,-0.759627,1.991333,0.000000,0.000000,0.000000,65535.000000,0.000000,0.000000,3.966654,1.366812,3.966654,1.366812,0.000000,0.000000,1.000000
8570.000000,3.958905,1.367777,-0.774877,0.096448,0.000000,0.000000,0.000000,0.000000,0.000000,0.789255,0.776695,0.093264,-0.771075,2.145333,0.000000,0.000000,0.000000,65535.000000,0.000000,0.000000,3.958905,1.367777,3.958905,1.367777,0.000000,0.000000,1.000000
8580.000000,3.951164,1.368689,-0.774106,0.091218,0.000000,0.000000,0.000000,0.000000,0.000000,0.789255,0.780857,0.092593,-0.775347,2.100231,0.000000,0.000000,0.000000,65535.000000,0.000000,0.000000,3.951164,1.368689,3.951164,1.368689,0.000000,0.000000,1.000000
8590.000000,3.943594,1.369648,-0.757035,0.095934,0.000000,0.000000,0.000000,0.000000,0.000000,1.158011,0.779462,0.087601,-0.774524,1.907821,0.000000,0.000000,0.000000,65535.000000,0.000000,0.000000,3.943594,1.369648,3.943594,1.369648,0.000000,0.000000,1.000000
8600.000000,3.936108,1.370706,-0.748627,0.105751,0.000000,0.000000,0.000000,0.000000,0.000000,1.158011,0.763089,0.092387,-0.757476,1.646050,0.000000,0.000000,0.000000,65535.000000,0.000000,0.000000,3.936108,1.370706,3.936108,1.370706,0.000000,0.000000,1.000000
8610.000000,3.928514,1.371600,-0.759360,0.089414,0.000000,0.000000,0.000000,0.000000,0.000000,1.040920,0.756059,0.102522,-0.749076,1.520257,0.000000,0.000000,0.000000,65535.000000,0.000000,0.000000,3.928514,1.371600,3.928514,1.371600,0.000000,0.000000,1.000000
8620.000000,3.920945,1.372455,-0.756935,0.085517,0.000000,0.000000,0.000000,0.000000,0.000000,1.006091,0.764606,0.085847,-0.759772,1.146209,0.000000,0.000000,0.000000,65535.000000,0.000000,0.000000,3.920945,1.372455,3.920945,1.372455,0.000000,0.000000,1.000000
8630.000000,3.913667,1.373303,-0.727809,0.084800,0.000000,0.000000,0.000000,0.000000,0.000000,0.801699,0.761750,0.081496,-0.757378,0.618668,0.000000,0.000000,0.000000,65535.000000,0.000000,0.000000,3.913667,1.373303,3.913667,1.373303,0.000000,0.000000,1.000000
8640.000000,3.906610,1.374282,-0.705626,0.097905,0.000000,0.000000,0.000000,0.000000,0.000000,0.715434,0.732732,0.080134,-0.728337,0.486573,0.000000,0.000000,0.000000,65535.000000,0.000000,0.000000,3.906610,1.374282,3.906610,1.374282,0.000000,0.000000,1.000000
8650.000000,3.900023,1.375573,-0.658722,0.129069,0.000000,0.000000,0.000000,0.000000,0.000000,0.715434,0.712386,0.092382,-0.706371,0.484214,0.000000,0.000000,0.000000,65535.000000,0.000000,0.000000,3.900023,1.375573,3.900023,1.375573,0.000000,0.000000,1.000000
8660.000000,3.893488,1.376988,-0.653471,0.141485,0.000000,0.000000,0.000000,0.000000,0.000000,0.721507,0.671248,0.123455,-0.659797,0.481879,0.000000,0.000000,0.000000,65535.000000,0.000000,0.000000,3.893488,1.376988,3.893488,1.376988,0.000000,0.000000,1.000000
8670.000000,3.886868,1.378418,-0.662086,0.142992,0.000000,0.000000,0.000000,0.000000,0.000000,0.665876,0.668613,0.135991,-0.654637,0.108310,0.000000,0.000000,0.000000,65535.000000,0.000000,0.000000,3.886868,1.378418,3.886868,1.378418,0.000000,0.000000,1.000000
8680.000000,3.880139,1.379796,-0.672867,0.137768,0.000000,0.000000,0.000000,0.000000,0.000000,0.994313,0.677352,0.137800,-0.663186,1.336212,0.000000,0.000000,0.000000,65535.000000,0.000000,0.000000,3.880139,1.379796,3.880139,1.379796,0.000000,0.000000,1.000000
8690.000000,3.873585,1.381220,-0.655379,0.142478,0.000000,0.000000,0.000000,0.000000,0.000000,1.234936,0.686826,0.132369,-0.673950,1.814624,0.000000,0.000000,0.000000,65535.000000,0.000000,0.000000,3.873585,1.381220,3.873585,1.381220,0.000000,0.000000,1.000000
8700.000000,3.867140,1.382743,-0.644515,0.152268,0.000000,0.000000,0.000000,0.000000,0.000000,1.299430,0.670688,0.137539,-0.656434,2.371762,0.000000,0.000000,0.000000,65535.000000,0.000000,0.000000,3.867140,1.382743,3.867140,1.382743,0.000000,0.000000,1.000000
8710.000000,3.860680,1.384319,-0.645986,0.157601,0.000000,0.000000,0.000000,0.000000,0.000000,0.838270,0.662258,0.147256,-0.645679,2.316759,0.000000,0.000000,0.000000,65535.000000,0.000000,0.000000,3.860680,1.384319,3.860680,1.384319,0.000000,0.000000,1.000000
8720.000000,3.854287,1.385897,-0.639275,0.157769,0.000000,0.000000,0.000000,0.000000,0.000000,0.856962,0.664933,0.151913,-0.647347,2.651660,0.000000,0.000000,0.000000,65535.000000,0.000000,0.000000,3.854287,1.385897,3.854287,1.385897,0.000000,0.000000,1.000000
8730.000000,3.848178,1.387457,-0.610947,0.156060,0.000000,0.000000,0.000000,0.000000,0.000000,0.939178,0.658455,0.151502,-0.640789,2.583097,0.000000,0.000000,0.000000,65535.000000,0.000000,0.000000,3.848178,1.387457,3.848178,1.387457,0.000000,0.000000,1.000000
8740.000000,3.842000,1.389011,-0.617812,0.155359,0.000000,0.000000,0.000000,0.000000,0.000000,1.142076,0.630564,0.149287,-0.612637,2.517990,0.000000,0.000000,0.000000,65535.000000,0.000000,0.000000,3.842000,1.389011,3.842000,1.389011,0.000000,0.000000,1.000000
8750.000000,3.835515,1.390441,-0.648435,0.143037,0.000000,0.000000,0.000000,0.000000,0.000000,1.093976,0.637046,0.148581,-0.619477,1.416173,0.000000,0.000000,0.000000,65535.000000,0.000000,0.000000,3.835515,1.390441,3.835515,1.390441,0.000000,0.000000,1.000000
8760.000000,3.829099,1.392056,-0.641618,0.161407,0.000000,0.000000,0.000000,0.000000,0.000000,0.606854,0.664024,0.136371,-0.649870,-0.261655,0.000000,0.000000,0.000000,65535.000000,0.000000,0.000000,3.829099,1.392056,3.829099,1.392056,0.000000,0.000000,1.000000
8770.000000,3.823050,1.393777,-0.604948,0.172203,0.000000,0.000000,0.000000,0.000000,0.000000,0.608852,0.661608,0.155698,-0.643027,-0.254088,0.000000,0.000000,0.000000,65535.000000,0.000000,0.000000,3.823050,1.393777,3.823050,1.393777,0.000000,0.000000,1.000000
8780.000000,3.817166,1.395669,-0.588397,0.189189,0.000000,0.000000,0.000000,0.000000,0.000000,0.675168,0.628980,0.166910,-0.606429,-0.021283,0.000000,0.000000,0.000000,65535.000000,0.000000,0.000000,3.817166,1.395669,3.817166,1.395669,0.000000,0.000000,1.000000
8790.000000,3.811413,1.397733,-0.575313,0.206364,0.000000,0.000000,0.000000,0.000000,0.000000,0.640012,0.618064,0.183608,-0.590162,0.127005,0.000000,0.000000,0.000000,65535.000000,0.000000,0.000000,3.811413,1.397733,3.811413,1.397733,0.000000,0.000000,1.000000
8800.000000,3.805790,1.399976,-0.562244,0.224338,0.000000,0.000000,0.000000,0.000000,0.000000,0.605071,0.611205,0.200403,-0.577417,0.126844,0.000000,0.000000,0.000000,65535.000000,0.000000,0.000000,3.805790,1.399976,3.805790,1.399976,0.000000,0.000000,1.000000
8810.000000,3.800517,1.402346,-0.527302,0.236988,0.000000,0.000000,0.000000,0.000000,0.000000,0.500312,0.605348,0.217912,-0.564766,-0.052928,0.000000,0.000000,0.000000,65535.000000,0.000000,0.000000,3.800517,1.402346,3.800517,1.402346,0.000000,0.000000,1.000000
8820.000000,3.795396,1.404735,-0.512148,0.238856,0.000000,0.000000,0.000000,0.000000,0.000000,0.500312,0.578110,0.230625,-0.530116,-0.052900,0.000000,0.000000,0.000000,65535.000000,0.000000,0.000000,3.795396,1.404735,3.795396,1.404735,0.000000,0.000000,1.000000
8830.000000,3.790283,1.407144,-0.511318,0.240942,0.000000,0.000000,0.000000,0.000000,0.000000,0.500312,0.565108,0.232543,-0.515045,-0.164801,0.000000,0.000000,0.000000,65535.000000,0.000000,0.000000,3.790283,1.407144,3.790283,1.407144,0.000000,0.000000,1.000000
8840.000000,3.785042,1.409571,-0.524071,0.242651,0.000000,0.000000,0.000000,0.000000,0.000000,0.650527,0.565242,0.235029,-0.514063,0.920507,0.000000,0.000000,0.000000,65535.000000,0.000000,0.000000,3.785042,1.409571,3.785042,1.409571,0.000000,0.000000,1.000000
8850.000000,3.779557,1.411932,-0.548462,0.236130,0.000000,0.000000,0.000000,0.000000,0.000000,0.650527,0.577520,0.237209,-0.526556,0.911270,0.000000,0.000000,0.000000,65535.000000,0.000000,0.000000,3.779557,1.411932,3.779557,1.411932,0.000000,0.000000,1.000000
8860.000000,3.774151,1.414183,-0.540610,0.225060,0.000000,0.000000,0.000000,0.000000,0.000000,0.650527,0.597133,0.230697,-0.550770,0.903033,0.000000,0.000000,0.000000,65535.000000,0.000000,0.000000,3.774151,1.414183,3.774151,1.414183,0.000000,0.000000,1.000000
8870.000000,3.768921,1.416423,-0.523034,0.224059,0.000000,0.000000,0.000000,0.000000,0.000000,0.462289,0.585586,0.219502,-0.542890,0.122672,0.000000,0.000000,0.000000,65535.000000,0.000000,0.000000,3.768921,1.416423,3.768921,1.416423,0.000000,0.000000,1.000000
8880.000000,3.763759,1.418815,-0.516194,0.239140,0.000000,0.000000,0.000000,0.000000,0.000000,0.462289,0.569005,0.217863,-0.525645,0.122522,0.000000,0.000000,0.000000,65535.000000,0.000000,0.000000,3.763759,1.418815,3.763759,1.418815,0.000000,0.000000,1.000000
8890.000000,3.758734,1.421282,-0.502469,0.246713,0.000000,0.000000,0.000000,0.000000,0.000000,0.670547,0.568897,0.232557,-0.519193,-0.231530,0.000000,0.000000,0.000000,65535.000000,0.000000,0.000000,3.758734,1.421282,3.758734,1.421282,0.000000,0.000000,1.000000
8900.000000,3.753829,1.423815,-0.490551,0.253317,0.000000,0.000000,0.000000,0.000000,0.000000,0.670547,0.559770,0.240272,-0.505581,-0.230995,0.000000,0.000000,0.000000,65535.000000,0.000000,0.000000,3.753829,1.423815,3.753829,1.423815,0.000000,0.000000,1.000000
8910.000000,3.748967,1.426347,-0.486183,0.253208,0.000000,0.000000,0.000000,0.000000,0.000000,0.592740,0.552096,0.246971,-0.493777,-0.367093,0.000000,0.000000,0.000000,65535.000000,0.000000,0.000000,3.748967,1.426347,3.748967,1.426347,0.000000,0.000000,1.000000
8920.000000,3.744085,1.428927,-0.488159,0.257992,0.000000,0.000000,0.000000,0.000000,0.000000,0.220326,0.548168,0.247159,-0.489286,-1.648846,0.000000,0.000000,0.000000,65535.000000,0.000000,0.000000,3.744085,1.428927,3.744085,1.428927,0.000000,0.000000,1.000000
8930.000000,3.739282,1.431517,-0.480334,0.259043,0.000000,0.000000,0.000000,0.000000,0.000000,0.264488,0.552140,0.251854,-0.491354,-1.622073,0.000000,0.000000,0.000000,65535.000000,0.000000,0.000000,3.739282,1.431517,3.739282,1.431517,0.000000,0.000000,1.000000
8940.000000,3.734514,1.434103,-0.476826,0.258578,0.000000,0.000000,0.000000,0.000000,0.000000,0.234774,0.545733,0.252774,-0.483663,-1.676406,0.000000,0.000000,0.000000,65535.000000,0.000000,0.000000,3.734514,1.434103,3.734514,1.434103,0.000000,0.000000,1.000000
8950.000000,3.729796,1.436791,-0.471723,0.268797,0.000000,0.000000,0.000000,0.000000,0.000000,0.133670,0.542426,0.252030,-0.480319,-2.018827,0.000000,0.000000,0.000000,65535.000000,0.000000,0.000000,3.729796,1.436791,3.729796,1.436791,0.000000,0.000000,1.000000
8960.000000,3.725061,1.439611,-0.473540,0.281936,0.000000,0.000000,0.000000,0.000000,0.000000,0.432842,0.542931,0.262041,-0.475509,-1.349265,0.000000,0.000000,0.000000,65535.000000,0.000000,0.000000,3.725061,1.439611,3.725061,1.439611,0.000000,0.000000,1.000000
8970.000000,3.720390,1.442464,-0.467122,0.285356,0.000000,0.000000,0.000000,0.000000,0.000000,0.657891,0.551116,0.275385,-0.477380,-0.030238,0.000000,0.000000,0.000000,65535.000000,0.000000,0.000000,3.720390,1.442464,3.720390,1.442464,0.000000,0.000000,1.000000
8980.000000,3.715793,1.445385,-0.459614,0.292086,0.000000,0.000000,0.000000,0.000000,0.000000,0.664992,0.547386,0.278998,-0.470947,0.181065,0.000000,0.000000,0.000000,65535.000000,0.000000,0.000000,3.715793,1.445385,3.715793,1.445385,0.000000,0.000000,1.000000
8990.000000,3.711244,1.448361,-0.454908,0.297644,0.000000,0.000000,0.000000,0.000000,0.000000,0.717407,0.544572,0.285796,-0.463551,0.180738,0.000000,0.000000,0.000000,65535.000000,0.000000,0.000000,3.711244,1.448361,3.711244,1.448361,0.000000,0.000000,1.000000
9000.000000,3.706574,1.451479,-0.466997,0.311788,0.000000,0.000000,0.000000,0.000000,0.000000,0.717407,0.543630,0.291279,-0.459009,0.180412,0.000000,0.000000,0.000000,65535.000000,0.000000,0.000000,3.706574,1.451479,3.706574,1.451479,0.000000,0.000000,1.000000
9010.000000,3.701966,1.454641,-0.460846,0.316122,0.000000,0.000000,0.000000,0.000000,0.000000,0.693677,0.561514,0.305113,-0.471385,0.101318,0.000000,0.000000,0.000000,65535.000000,0.000000,0.000000,3.701966,1.454641,3.701966,1.454641,0.000000,0.000000,1.000000
9020.000000,3.697300,1.457896,-0.466588,0.325520,0.000000,0.000000,0.000000,0.000000,0.000000,0.607856,0.558849,0.309682,-0.465198,-0.269218,0.000000,0.000000,0.000000,65535.000000,0.000000,0.000000,3.697300,1.457896,3.697300,1.457896,0.000000,0.000000,1.000000
9030.000000,3.692634,1.461203,-0.466579,0.330727,0.000000,0.000000,0.000000,0.000000,0.000000,0.416047,0.568918,0.319029,-0.471050,-0.456635,0.000000,0.000000,0.000000,65535.000000,0.000000,0.000000,3.692634,1.461203,3.692634,1.461203,0.000000,0.000000,1.000000
9040.000000,3.688094,1.464529,-0.454036,0.332642,0.000000,0.000000,0.000000,0.000000,0.000000,0.357578,0.571905,0.324115,-0.471196,-0.730945,0.000000,0.000000,0.000000,65535.000000,0.000000,0.000000,3.688094,1.464529,3.688094,1.464529,0.000000,0.000000,1.000000
9050.000000,3.683664,1.467847,-0.442975,0.331717,0.000000,0.000000,0.000000,0.000000,0.000000,0.415559,0.562849,0.325928,-0.458879,-0.340796,0.000000,0.000000,0.000000,65535.000000,0.000000,0.000000,3.683664,1.467847,3.683664,1.467847,0.000000,0.000000,1.000000
9060.000000,3.679251,1.471174,-0.441288,0.332774,0.000000,0.000000,0.000000,0.000000,0.000000,0.415559,0.553411,0.325079,-0.447869,-0.339637,0.000000,0.000000,0.000000,65535.000000,0.000000,0.000000,3.679251,1.471174,3.679251,1.471174,0.000000,0.000000,1.000000
9070.000000,3.674984,1.474427,-0.426666,0.325267,0.000000,0.000000,0.000000,0.000000,0.000000,0.409289,0.552697,0.326521,-0.445935,-0.338486,0.000000,0.000000,0.000000,65535.000000,0.000000,0.000000,3.674984,1.474427,3.674984,1.474427,0.000000,0.000000,1.000000
9080.000000,3.670751,1.477735,-0.423339,0.330854,0.000000,0.000000,0.000000,0.000000,0.000000,0.603927,0.536510,0.319555,-0.430961,-0.478822,0.000000,0.000000,0.000000,65535.000000,0.000000,0.000000,3.670751,1.477735,3.670751,1.477735,0.000000,0.000000,1.000000
9090.000000,3.666522,1.480947,-0.422894,0.321133,0.000000,0.000000,0.000000,0.000000,0.000000,0.491979,0.537289,0.325746,-0.427281,-0.681552,0.000000,0.000000,0.000000,65535.000000,0.000000,0.000000,3.666522,1.480947,3.666522,1.480947,0.000000,0.000000,1.000000
9100.000000,3.662270,1.484164,-0.425271,0.321775,0.000000,0.000000,0.000000,0.000000,0.000000,0.314242,0.531005,0.316462,-0.426401,-1.392480,0.000000,0.000000,0.000000,65535.000000,0.000000,0.000000,3.662270,1.484164,3.662270,1.484164,0.000000,0.000000,1.000000
9110.000000,3.658038,1.487472,-0.423114,0.330746,0.000000,0.000000,0.000000,0.000000,0.000000,0.364653,0.533287,0.317304,-0.428617,-1.219590,0.000000,0.000000,0.000000,65535.000000,0.000000,0.000000,3.658038,1.487472,3.658038,1.487472,0.000000,0.000000,1.000000
9120.000000,3.653810,1.490903,-0.422828,0.343147,0.000000,0.000000,0.000000,0.000000,0.000000,0.370497,0.537046,0.326327,-0.426532,-1.132842,0.000000,0.000000,0.000000,65535.000000,0.000000,0.000000,3.653810,1.490903,3.653810,1.490903,0.000000,0.000000,1.000000
9130.000000,3.649735,1.494357,-0.407488,0.345413,0.000000,0.000000,0.000000,0.000000,0.000000,0.334687,0.544549,0.338409,-0.426630,-1.120140,0.000000,0.000000,0.000000,65535.000000,0.000000,0.000000,3.649735,1.494357,3.649735,1.494357,0.000000,0.000000,1.000000
9140.000000,3.645730,1.497894,-0.400519,0.353628,0.000000,0.000000,0.000000,0.000000,0.000000,0.396672,0.534188,0.340593,-0.411526,-1.002313,0.000000,0.000000,0.000000,65535.000000,0.000000,0.000000,3.645730,1.497894,3.645730,1.497894,0.000000,0.000000,1.000000
9150.000000,3.641762,1.501552,-0.396854,0.365838,0.000000,0.000000,0.000000,0.000000,0.000000,0.447343,0.534292,0.348477,-0.405009,-0.396827,0.000000,0.000000,0.000000,65535.000000,0.000000,0.000000,3.641762,1.501552,3.641762,1.501552,0.000000,0.000000,1.000000
9160.000000,3.637807,1.505316,-0.395451,0.376394,0.000000,0.000000,0.000000,0.000000,0.000000,0.447343,0.539751,0.360514,-0.401697,-0.320396,0.000000,0.000000,0.000000,65535.000000,0.000000,0.000000,3.637807,1.505316,3.637807,1.505316,0.000000,0.000000,1.000000
9170.000000,3.633916,1.509131,-0.389081,0.381509,0.000000,0.000000,0.000000,0.000000,0.000000,0.452126,0.545943,0.371176,-0.400353,0.038628,0.000000,0.000000,0.000000,65535.000000,0.000000,0.000000,3.633916,1.509131,3.633916,1.509131,0.000000,0.000000,1.000000
9180.000000,3.630069,1.512982,-0.384719,0.385051,0.000000,0.000000,0.000000,0.000000,0.000000,0.519921,0.544916,0.376414,-0.394013,0.187913,0.000000,0.000000,0.000000,65535.000000,0.000000,0.000000,3.630069,1.512982,3.630069,1.512982,0.000000,0.000000,1.000000
9190.000000,3.626105,1.516954,-0.396398,0.397215,0.000000,0.000000,0.000000,0.000000,0.000000,0.606423,0.544309,0.380284,-0.389431,0.187560,0.000000,0.000000,0.000000,65535.000000,0.000000,0.000000,3.626105,1.516954,3.626105,1.516954,0.000000,0.000000,1.000000
9200.000000,3.622066,1.521100,-0.403981,0.414665,0.000000,0.000000,0.000000,0.000000,0.000000,0.606423,0.561170,0.392474,-0.401093,0.077474,0.000000,0.000000,0.000000,65535.000000,0.000000,0.000000,3.622066,1.521100,3.622066,1.521100,0.000000,0.000000,1.000000
9210.000000,3.618149,1.525278,-0.391681,0.417796,0.000000,0.000000,0.000000,0.000000,0.000000,0.596131,0.578919,0.409772,-0.408942,-0.197561,0.000000,0.000000,0.000000,65535.000000,0.000000,0.000000,3.618149,1.525278,3.618149,1.525278,0.000000,0.000000,1.000000
9220.000000,3.614261,1.529523,-0.388739,0.424516,0.000000,0.000000,0.000000,0.000000,0.000000,0.719645,0.572685,0.413197,-0.396530,0.329528,0.000000,0.000000,0.000000,65535.000000,0.000000,0.000000,3.614261,1.529523,3.614261,1.529523,0.000000,0.000000,1.000000
9230.000000,3.610255,1.533864,-0.400657,0.434037,0.000000,0.000000,0.000000,0.000000,0.000000,0.933608,0.575615,0.420533,-0.393044,0.994752,0.000000,0.000000,0.000000,65535.000000,0.000000,0.000000,3.610255,1.533864,3.610255,1.533864,0.000000,0.000000,1.000000
9240.000000,3.605886,1.538395,-0.436864,0.453104,0.000000,0.000000,0.000000,0.000000,0.000000,0.976970,0.590689,0.430926,-0.404001,1.323565,0.000000,0.000000,0.000000,65535.000000,0.000000,0.000000,3.605886,1.538395,3.605886,1.538395,0.000000,0.000000,1.000000
9250.000000,3.601364,1.542963,-0.452251,0.456836,0.000000,0.000000,0.000000,0.000000,0.000000,0.980843,0.629407,0.451046,-0.438989,1.306259,0.000000,0.000000,0.000000,65535.000000,0.000000,0.000000,3.601364,1.542963,3.601364,1.542963,0.000000,0.000000,1.000000
9260.000000,3.597480,1.546819,-0.388368,0.385595,0.000000,0.000000,0.000000,0.000000,0.000000,0.975084,0.642830,0.456203,-0.452889,1.289399,0.000000,0.000000,0.000000,65535.000000,0.000000,0.000000,3.597480,1.546819,3.597480,1.546819,0.000000,0.000000,1.000000
9270.000000,3.593985,1.550370,-0.349552,0.355083,0.000000,0.000000,0.000000,0.000000,0.000000,0.674193,0.635035,0.446285,-0.451774,0.081278,0.000000,0.000000,0.000000,65535.000000,0.000000,0.000000,3.593985,1.550370,3.593985,1.550370,0.000000,0.000000,1.000000
9280.000000,3.590574,1.554090,-0.341108,0.372031,0.000000,0.000000,0.000000,0.000000,0.000000,0.470605,0.579686,0.410755,-0.409043,-0.783991,0.000000,0.000000,0.000000,65535.000000,0.000000,0.000000,3.590574,1.554090,3.590574,1.554090,0.000000,0.000000,1.000000
9290.000000,3.587252,1.557825,-0.332183,0.373522,0.000000,0.000000,0.000000,0.000000,0.000000,0.470605,0.545651,0.398753,-0.372467,-0.777886,0.000000,0.000000,0.000000,65535.000000,0.000000,0.000000,3.587252,1.557825,3.587252,1.557825,0.000000,0.000000,1.000000
9300.000000,3.583640,1.561571,-0.361147,0.374529,0.000000,0.000000,0.000000,0.000000,0.000000,0.456899,0.525908,0.389420,-0.353455,-0.830689,0.000000,0.000000,0.000000,65535.000000,0.000000,0.000000,3.583640,1.561571,3.583640,1.561571,0.000000,0.000000,1.000000
9310.000000,3.580018,1.565311,-0.362207,0.374065,0.000000,0.000000,0.000000,0.000000,0.000000,0.313316,0.520288,0.371914,-0.363839,-1.530392,0.000000,0.000000,0.000000,65535.000000,0.000000,0.000000,3.580018,1.565311,3.580018,1.565311,0.000000,0.000000,1.000000
9320.000000,3.576327,1.569237,-0.369135,0.392607,0.000000,0.000000,0.000000,0.000000,0.000000,0.239362,0.520690,0.371633,-0.364701,-1.724365,0.000000,0.000000,0.000000,65535.000000,0.000000,0.000000,3.576327,1.569237,3.576327,1.569237,0.000000,0.000000,1.000000
9330.000000,3.572729,1.573237,-0.359728,0.399909,0.000000,0.000000,0.000000,0.000000,0.000000,0.203282,0.538889,0.390434,-0.371434,-1.844315,0.000000,0.000000,0.000000,65535.000000,0.000000,0.000000,3.572729,1.573237,3.572729,1.573237,0.000000,0.000000,1.000000
9340.000000,3.569190,1.577306,-0.353982,0.406983,0.000000,0.000000,0.000000,0.000000,0.000000,0.203282,0.537895,0.398052,-0.361782,-1.810883,0.000000,0.000000,0.000000,65535.000000,0.000000,0.000000,3.569190,1.577306,3.569190,1.577306,0.000000,0.000000,1.000000
9350.000000,3.565731,1.581397,-0.345895,0.409066,0.000000,0.000000,0.000000,0.000000,0.000000,0.203141,0.539387,0.405346,-0.355855,-1.779225,0.000000,0.000000,0.000000,65535.000000,0.000000,0.000000,3.565731,1.581397,3.565731,1.581397,0.000000,0.000000,1.000000
9360.000000,3.562276,1.585627,-0.345432,0.423001,0.000000,0.000000,0.000000,0.000000,0.000000,0.110171,0.535704,0.407208,-0.348081,-2.127076,0.000000,0.000000,0.000000,65535.000000,0.000000,0.000000,3.562276,1.585627,3.562276,1.585627,0.000000,0.000000,1.000000
9370.000000,3.558868,1.590022,-0.340832,0.439464,0.000000,0.000000,0.000000,0.000000,0.000000,0.333543,0.546126,0.420782,-0.348132,-1.179943,0.000000,0.000000,0.000000,65535.000000,0.000000,0.000000,3.558868,1.590022,3.558868,1.590022,0.000000,0.000000,1.000000
9380.000000,3.555487,1.594659,-0.338133,0.463777,0.000000,0.000000,0.000000,0.000000,0.000000,0.633003,0.556143,0.436967,-0.344028,0.051542,0.000000,0.000000,0.000000,65535.000000,0.000000,0.000000,3.555487,1.594659,3.555487,1.594659,0.000000,0.000000,1.000000
9390.000000,3.552153,1.599450,-0.333374,0.479092,0.000000,0.000000,0.000000,0.000000,0.000000,0.726946,0.573954,0.461298,-0.341508,0.278683,0.000000,0.000000,0.000000,65535.000000,0.000000,0.000000,3.552153,1.599450,3.552153,1.599450,0.000000,0.000000,1.000000
9400.000000,3.548796,1.604403,-0.335683,0.495247,0.000000,0.000000,0.000000,0.000000,0.000000,0.726946,0.583667,0.476891,-0.336515,0.277908,0.000000,0.000000,0.000000,65535.000000,0.000000,0.000000,3.548796,1.604403,3.548796,1.604403,0.000000,0.000000,1.000000
9410.000000,3.545418,1.609370,-0.337802,0.496695,0.000000,0.000000,0.000000,0.000000,0.000000,0.583003,0.598291,0.493008,-0.338963,0.219810,0.000000,0.000000,0.000000,65535.000000,0.000000,0.000000,3.545418,1.609370,3.545418,1.609370,0.000000,0.000000,1.000000
9420.000000,3.542007,1.614390,-0.341120,0.502015,0.000000,0.000000,0.000000,0.000000,0.000000,0.583003,0.600680,0.494398,-0.341155,-0.026194,0.000000,0.000000,0.000000,65535.000000,0.000000,0.000000,3.542007,1.614390,3.542007,1.614390,0.000000,0.000000,1.000000
9430.000000,3.538560,1.619494,-0.344635,0.510428,0.000000,0.000000,0.000000,0.000000,0.000000,0.420366,0.606945,0.499177,-0.345259,-0.946989,0.000000,0.000000,0.000000,65535.000000,0.000000,0.000000,3.538560,1.619494,3.538560,1.619494,0.000000,0.000000,1.000000
9440.000000,3.535004,1.624671,-0.355674,0.517680,0.000000,0.000000,0.000000,0.000000,0.000000,0.308794,0.615882,0.507346,-0.349157,-1.210364,0.000000,0.000000,0.000000,65535.000000,0.000000,0.000000,3.535004,1.624671,3.535004,1.624671,0.000000,0.000000,1.000000
9450.000000,3.531480,1.629857,-0.352377,0.518608,0.000000,0.000000,0.000000,0.000000,0.000000,0.286842,0.628090,0.514324,-0.360511,-1.561579,0.000000,0.000000,0.000000,65535.000000,0.000000,0.000000,3.531480,1.629857,3.531480,1.629857,0.000000,0.000000,1.000000
9460.000000,3.528092,1.635157,-0.338789,0.530030,0.000000,0.000000,0.000000,0.000000,0.000000,0.123638,0.626996,0.515337,-0.357143,-2.058881,0.000000,0.000000,0.000000,65535.000000,0.000000,0.000000,3.528092,1.635157,3.528092,1.635157,0.000000,0.000000,1.000000
9470.000000,3.524862,1.640663,-0.323008,0.550578,0.000000,0.000000,0.000000,0.000000,0.000000,0.195372,0.629054,0.527081,-0.343357,-1.718884,0.000000,0.000000,0.000000,65535.000000,0.000000,0.000000,3.524862,1.640663,3.524862,1.640663,0.000000,0.000000,1.000000
9480.000000,3.521676,1.646362,-0.318627,0.569888,0.000000,0.000000,0.000000,0.000000,0.000000,0.416483,0.638334,0.548031,-0.327311,-1.087322,0.000000,0.000000,0.000000,65535.000000,0.000000,0.000000,3.521676,1.646362,3.521676,1.646362,0.000000,0.000000,1.000000
9490.000000,3.518433,1.651958,-0.324307,0.559606,0.000000,0.000000,0.000000,0.000000,0.000000,0.449575,0.652913,0.567437,-0.322972,-0.512483,0.000000,0.000000,0.000000,65535.000000,0.000000,0.000000,3.518433,1.651958,3.518433,1.651958,0.000000,0.000000,1.000000
9500.000000,3.515137,1.657474,-0.329528,0.551555,0.000000,0.000000,0.000000,0.000000,0.000000,0.479836,0.646788,0.557108,-0.328580,-0.509867,0.000000,0.000000,0.000000,65535.000000,0.000000,0.000000,3.515137,1.657474,3.515137,1.657474,0.000000,0.000000,1.000000
9510.000000,3.511856,1.662994,-0.328141,0.552061,0.000000,0.000000,0.000000,0.000000,0.000000,0.479836,0.642497,0.548803,-0.334091,-0.507278,0.000000,0.000000,0.000000,65535.000000,0.000000,0.000000,3.511856,1.662994,3.511856,1.662994,0.000000,0.000000,1.000000
9520.000000,3.508552,1.668670,-0.330421,0.567546,0.000000,0.000000,0.000000,0.000000,0.000000,0.422002,0.642221,0.548938,-0.333339,-0.748525,0.000000,0.000000,0.000000,65535.000000,0.000000,0.000000,3.508552,1.668670,3.508552,1.668670,0.000000,0.000000,1.000000
9530.000000,3.505266,1.674302,-0.328534,0.563267,0.000000,0.000000,0.000000,0.000000,0.000000,0.327657,0.656724,0.564068,-0.336324,-1.302116,0.000000,0.000000,0.000000,65535.000000,0.000000,0.000000,3.505266,1.674302,3.505266,1.674302,0.000000,0.000000,1.000000
9540.000000,3.501935,1.679999,-0.333131,0.569659,0.000000,0.000000,0.000000,0.000000,0.000000,0.276104,0.652077,0.559619,-0.334710,-0.763016,0.000000,0.000000,0.000000,65535.000000,0.000000,0.000000,3.501935,1.679999,3.501935,1.679999,0.000000,0.000000,1.000000
9550.000000,3.498552,1.685818,-0.338266,0.581917,0.000000,0.000000,0.000000,0.000000,0.000000,0.390741,0.659915,0.566047,-0.339233,-0.132541,0.000000,0.000000,0.000000,65535.000000,0.000000,0.000000,3.498552,1.685818,3.498552,1.685818,0.000000,0.000000,1.000000
9560.000000,3.495091,1.691733,-0.346156,0.591493,0.000000,0.000000,0.000000,0.000000,0.000000,0.460861,0.673090,0.578499,-0.344079,0.012726,0.000000,0.000000,0.000000,65535.000000,0.000000,0.000000,3.495091,1.691733,3.495091,1.691733,0.000000,0.000000,1.000000
9570.000000,3.491650,1.697654,-0.344120,0.592095,0.000000,0.000000,0.000000,0.000000,0.000000,0.522012,0.685338,0.588107,-0.351879,0.512110,0.000000,0.000000,0.000000,65535.000000,0.000000,0.000000,3.491650,1.697654,3.491650,1.697654,0.000000,0.000000,1.000000
9580.000000,3.488251,1.703593,-0.339880,0.593873,0.000000,0.000000,0.000000,0.000000,0.000000,0.536248,0.684832,0.588772,-0.349775,0.743485,0.000000,0.000000,0.000000,65535.000000,0.000000,0.000000,3.488251,1.703593,3.488251,1.703593,0.000000,0.000000,1.000000
9590.000000,3.484849,1.709594,-0.340162,0.600122,0.000000,0.000000,0.000000,0.000000,0.000000,0.614730,0.684254,0.590489,-0.345726,1.116014,0.000000,0.000000,0.000000,65535.000000,0.000000,0.000000,3.484849,1.709594,3.484849,1.709594,0.000000,0.000000,1.000000
9600.000000,3.481207,1.715464,-0.364187,0.587021,0.000000,0.000000,0.000000,0.000000,0.000000,0.614730,0.689824,0.596777,-0.345997,1.103685,0.000000,0.000000,0.000000,65535.000000,0.000000,0.000000,3.481207,1.715464,3.481207,1.715464,0.000000,0.000000,1.000000
9610.000000,3.477547,1.721232,-0.366009,0.576786,0.000000,0.000000,0.000000,0.000000,0.000000,0.614730,0.690815,0.583628,-0.369599,1.091625,0.000000,0.000000,0.000000,65535.000000,0.000000,0.000000,3.477547,1.721232,3.477547,1.721232,0.000000,0.000000,1.000000
9620.000000,3.473912,1.727165,-0.363547,0.593332,0.000000,0.000000,0.000000,0.000000,0.000000,0.464005,0.683114,0.573592,-0.370995,0.257169,0.000000,0.000000,0.000000,65535.000000,0.000000,0.000000,3.473912,1.727165,3.473912,1.727165,0.000000,0.000000,1.000000
9630.000000,3.470450,1.733258,-0.346144,0.609254,0.000000,0.000000,0.000000,0.000000,0.000000,0.877050,0.695851,0.590328,-0.368405,1.751777,0.000000,0.000000,0.000000,65535.000000,0.000000,0.000000,3.470450,1.733258,3.470450,1.733258,0.000000,0.000000,1.000000
9640.000000,3.467333,1.739474,-0.311716,0.621617,0.000000,0.000000,0.000000,0.000000,0.000000,1.185486,0.700718,0.606492,-0.350961,1.834468,0.000000,0.000000,0.000000,65535.000000,0.000000,0.000000,3.467333,1.739474,3.467333,1.739474,0.000000,0.000000,1.000000
9650.000000,3.464533,1.745708,-0.279995,0.623353,0.000000,0.000000,0.000000,0.000000,0.000000,1.385038,0.695395,0.619033,-0.316815,2.146669,0.000000,0.000000,0.000000,65535.000000,0.000000,0.000000,3.464533,1.745708,3.464533,1.745708,0.000000,0.000000,1.000000
9660.000000,3.461849,1.752088,-0.268384,0.638034,0.000000,0.000000,0.000000,0.000000,0.000000,1.719688,0.683349,0.620846,-0.285510,7.928937,0.000000,0.000000,0.000000,65535.000000,0.000000,0.000000,3.461849,1.752088,3.461849,1.752088,0.000000,0.000000,1.000000
9670.000000,3.459141,1.758602,-0.270895,0.651409,0.000000,0.000000,0.000000,0.000000,0.000000,1.748115,0.692183,0.635698,-0.273871,7.812052,0.000000,0.000000,0.000000,65535.000000,0.000000,0.000000,3.459141,1.758602,3.459141,1.758602,0.000000,0.000000,1.000000
9680.000000,3.456242,1.765336,-0.289840,0.673366,0.000000,0.000000,0.000000,0.000000,0.000000,1.748115,0.705491,0.649396,-0.275685,7.245466,0.000000,0.000000,0.000000,65535.000000,0.000000,0.000000,3.456242,1.765336,3.456242,1.765336,0.000000,0.000000,1.000000
9690.000000,3.453109,1.772080,-0.313284,0.674461,0.000000,0.000000,0.000000,0.000000,0.000000,2.038198,0.733095,0.671546,-0.294032,5.034470,0.000000,0.000000,0.000000,65535.000000,0.000000,0.000000,3.453109,1.772080,3.453109,1.772080,0.000000,0.000000,1.000000
9700.000000,3.449811,1.778743,-0.329797,0.666312,0.000000,0.000000,0.000000,0.000000,0.000000,2.452168,0.743670,0.672716,-0.317014,4.231585,0.000000,0.000000,0.000000,65535.000000,0.000000,0.000000,3.449811,1.778743,3.449811,1.778743,0.000000,0.000000,1.000000
9710.000000,3.446740,1.785243,-0.307082,0.649919,0.000000,0.000000,0.000000,0.000000,0.000000,2.374829,0.743464,0.664275,-0.333882,3.822159,0.000000,0.000000,0.000000,65535.000000,0.000000,0.000000,3.446740,1.785243,3.446740,1.785243,0.000000,0.000000,1.000000
9720.000000,3.443856,1.791975,-0.288453,0.673287,0.000000,0.000000,0.000000,0.000000,0.000000,2.515496,0.718814,0.647315,-0.312532,5.454473,0.000000,0.000000,0.000000,65535.000000,0.000000,0.000000,3.443856,1.791975,3.443856,1.791975,0.000000,0.000000,1.000000
9730.000000,3.441258,1.798943,-0.259788,0.696765,0.000000,0.000000,0.000000,0.000000,0.000000,1.871266,0.732475,0.670923,-0.293909,5.172082,0.000000,0.000000,0.000000,65535.000000,0.000000,0.000000,3.441258,1.798943,3.441258,1.798943,0.000000,0.000000,1.000000
9740.000000,3.438496,1.805953,-0.276222,0.700972,0.000000,0.000000,0.000000,0.000000,0.000000,1.871266,0.743620,0.695231,-0.263864,4.826940,0.000000,0.000000,0.000000,65535.000000,0.000000,0.000000,3.438496,1.805953,3.438496,1.805953,0.000000,0.000000,1.000000
9750.000000,3.435446,1.812931,-0.305014,0.697821,0.000000,0.000000,0.000000,0.000000,0.000000,1.575778,0.753432,0.700343,-0.277812,2.769713,0.000000,0.000000,0.000000,65535.000000,0.000000,0.000000,3.435446,1.812931,3.435446,1.812931,0.000000,0.000000,1.000000
9760.000000,3.432427,1.819577,-0.301818,0.664612,0.000000,0.000000,0.000000,0.000000,0.000000,0.905793,0.763425,0.699557,-0.305677,0.337517,0.000000,0.000000,0.000000,65535.000000,0.000000,0.000000,3.432427,1.819577,3.432427,1.819577,0.000000,0.000000,1.000000
9770.000000,3.429683,1.825885,-0.274423,0.630751,0.000000,0.000000,0.000000,0.000000,0.000000,0.415627,0.769067,0.694494,-0.330368,-0.992680,0.000000,0.000000,0.000000,65535.000000,0.000000,0.000000,3.429683,1.825885,3.429683,1.825885,0.000000,0.000000,1.000000
9780.000000,3.427063,1.832267,-0.262070,0.638286,0.000000,0.000000,0.000000,0.000000,0.000000,0.505367,0.722291,0.656711,-0.300724,-0.736595,0.000000,0.000000,0.000000,65535.000000,0.000000,0.000000,3.427063,1.832267,3.427063,1.832267,0.000000,0.000000,1.000000
9790.000000,3.424366,1.838886,-0.269651,0.661837,0.000000,0.000000,0.000000,0.000000,0.000000,0.666156,0.701817,0.646597,-0.272873,-0.283920,0.000000,0.000000,0.000000,65535.000000,0.000000,0.000000,3.424366,1.838886,3.424366,1.838886,0.000000,0.000000,1.000000
9800.000000,3.421692,1.845615,-0.267356,0.672884,0.000000,0.000000,0.000000,0.000000,0.000000,0.665483,0.712250,0.658705,-0.270937,-0.283115,0.000000,0.000000,0.000000,65535.000000,0.000000,0.000000,3.421692,1.845615,3.421692,1.845615,0.000000,0.000000,1.000000
9810.000000,3.419110,1.852210,-0.258246,0.659537,0.000000,0.000000,0.000000,0.000000,0.000000,0.665483,0.724053,0.671374,-0.271127,-0.282315,0.000000,0.000000,0.000000,65535.000000,0.000000,0.000000,3.419110,1.852210,3.419110,1.852210,0.000000,0.000000,1.000000
9820.000000,3.416511,1.858736,-0.259854,0.652560,0.000000,0.000000,0.000000,0.000000,0.000000,0.530223,0.708294,0.658217,-0.261593,-0.672655,0.000000,0.000000,0.000000,65535.000000,0.000000,0.000000,3.416511,1.858736,3.416511,1.858736,0.000000,0.000000,1.000000
9830.000000,3.413907,1.865211,-0.260397,0.647519,0.000000,0.000000,0.000000,0.000000,0.000000,0.240318,0.702395,0.651447,-0.262633,-1.470759,0.000000,0.000000,0.000000,65535.000000,0.000000,0.000000,3.413907,1.865211,3.413907,1.865211,0.000000,0.000000,1.000000
9840.000000,3.411360,1.871683,-0.254780,0.647191,0.000000,0.000000,0.000000,0.000000,0.000000,0.217179,0.697916,0.646636,-0.262581,-1.630772,0.000000,0.000000,0.000000,65535.000000,0.000000,0.000000,3.411360,1.871683,3.411360,1.871683,0.000000,0.000000,1.000000
9850.000000,3.408961,1.878036,-0.239847,0.635363,0.000000,0.000000,0.000000,0.000000,0.000000,0.554536,0.695535,0.646299,-0.257036,-0.563428,0.000000,0.000000,0.000000,65535.000000,0.000000,0.000000,3.408961,1.878036,3.408961,1.878036,0.000000,0.000000,1.000000
9860.000000,3.406583,1.884469,-0.237843,0.643302,0.000000,0.000000,0.000000,0.000000,0.000000,0.497304,0.679126,0.634316,-0.242602,-0.461995,0.000000,0.000000,0.000000,65535.000000,0.000000,0.000000,3.406583,1.884469,3.406583,1.884469,0.000000,0.000000,1.000000
9870.000000,3.404167,1.890931,-0.241521,0.646213,0.000000,0.000000,0.000000,0.000000,0.000000,0.497304,0.685862,0.642005,-0.241322,-0.459868,0.000000,0.000000,0.000000,65535.000000,0.000000,0.000000,3.404167,1.890931,3.404167,1.890931,0.000000,0.000000,1.000000
9880.000000,3.401846,1.897456,-0.232157,0.652463,0.000000,0.000000,0.000000,0.000000,0.000000,0.577677,0.689872,0.644764,-0.245361,-0.493096,0.000000,0.000000,0.000000,65535.000000,0.000000,0.000000,3.401846,1.897456,3.401846,1.897456,0.000000,0.000000,1.000000
9890.000000,3.399649,1.903875,-0.219688,0.641834,0.000000,0.000000,0.000000,0.000000,0.000000,0.415776,0.692535,0.651038,-0.236123,-1.099464,0.000000,0.000000,0.000000,65535.000000,0.000000,0.000000,3.399649,1.903875,3.399649,1.903875,0.000000,0.000000,1.000000
9900.000000,3.397524,1.910261,-0.212532,0.638640,0.000000,0.000000,0.000000,0.000000,0.000000,0.418039,0.678391,0.640496,-0.223558,-0.926050,0.000000,0.000000,0.000000,65535.000000,0.000000,0.000000,3.397524,1.910261,3.397524,1.910261,0.000000,0.000000,1.000000
9910.000000,3.395519,1.916673,-0.200543,0.641204,0.000000,0.000000,0.000000,0.000000,0.000000,0.729391,0.673076,0.637295,-0.216533,-0.040760,0.000000,0.000000,0.000000,65535.000000,0.000000,0.000000,3.395519,1.916673,3.395519,1.916673,0.000000,0.000000,1.000000
9920.000000,3.393656,1.923179,-0.186283,0.650570,0.000000,0.000000,0.000000,0.000000,0.000000,0.849861,0.671834,0.639910,-0.204637,0.254809,0.000000,0.000000,0.000000,65535.000000,0.000000,0.000000,3.393656,1.923179,3.393656,1.923179,0.000000,0.000000,1.000000
9930.000000,3.391791,1.929658,-0.186477,0.647892,0.000000,0.000000,0.000000,0.000000,0.000000,0.914233,0.676715,0.649365,-0.190440,0.485930,0.000000,0.000000,0.000000,65535.000000,0.000000,0.000000,3.391791,1.929658,3.391791,1.929658,0.000000,0.000000,1.000000
9940.000000,3.389766,1.936227,-0.202567,0.656979,0.000000,0.000000,0.000000,0.000000,0.000000,0.920482,0.674194,0.646666,-0.190684,0.501430,0.000000,0.000000,0.000000,65535.000000,0.000000,0.000000,3.389766,1.936227,3.389766,1.936227,0.000000,0.000000,1.000000
9950.000000,3.387761,1.942872,-0.200492,0.664507,0.000000,0.000000,0.000000,0.000000,0.000000,0.920482,0.687499,0.655477,-0.207376,0.498926,0.000000,0.000000,0.000000,65535.000000,0.000000,0.000000,3.387761,1.942872,3.387761,1.942872,0.000000,0.000000,1.000000
9960.000000,3.385911,1.949555,-0.184940,0.668294,0.000000,0.000000,0.000000,0.000000,0.000000,0.914959,0.694094,0.662849,-0.205908,0.304217,0.000000,0.000000,0.000000,65535.000000,0.000000,0.000000,3.385911,1.949555,3.385911,1.949555,0.000000,0.000000,1.000000
9970.000000,3.383947,1.955988,-0.196412,0.643281,0.000000,0.000000,0.000000,0.000000,0.000000,0.826311,0.693412,0.666722,-0.190531,0.219837,0.000000,0.000000,0.000000,65535.000000,0.000000,0.000000,3.383947,1.955988,3.383947,1.955988,0.000000,0.000000,1.000000
9980.000000,3.382065,1.962449,-0.188191,0.646099,0.000000,0.000000,0.000000,0.000000,0.000000,0.634516,0.672598,0.641621,-0.201768,-0.347461,0.000000,0.000000,0.000000,65535.000000,0.000000,0.000000,3.382065,1.962449,3.382065,1.962449,0.000000,0.000000,1.000000
9990.000000,3.380400,1.969018,-0.166505,0.656860,0.000000,0.000000,0.000000,0.000000,0.000000,0.496482,0.672949,0.644528,-0.193503,-0.753272,0.000000,0.000000,0.000000,65535.000000,0.000000,0.000000,3.380400,1.969018,3.380400,1.969018,0.000000,0.000000,1.000000
10000.000000,3.378871,1.975744,-0.152943,0.672666,0.000000,0.000000,0.000000,0.000000,0.000000,0.445179,0.677635,0.655473,-0.171886,-0.899105,0.000000,0.000000,0.000000,65535.000000,0.000000,0.000000,3.378871,1.975744,3.378871,1.975744,0.000000,0.000000,1.000000
10010.000000,3.377446,1.982583,-0.142458,0.683824,0.000000,0.000000,0.000000,0.000000,0.000000,0.374533,0.689834,0.671352,-0.158613,-1.099921,0.000000,0.000000,0.000000,65535.000000,0.000000,0.000000,3.377446,1.982583,3.377446,1.982583,0.000000,0.000000,1.000000
10020.000000,3.376161,1.989646,-0.128542,0.706365,0.000000,0.000000,0.000000,0.000000,0.000000,0.396438,0.698505,0.682410,-0.149085,-1.036086,0.000000,0.000000,0.000000,65535.000000,0.000000,0.000000,3.376161,1.989646,3.376161,1.989646,0.000000,0.000000,1.000000
10030.000000,3.375233,1.997001,-0.092747,0.735493,0.000000,0.000000,0.000000,0.000000,0.000000,0.396438,0.717966,0.704901,-0.136342,-1.025451,0.000000,0.000000,0.000000,65535.000000,0.000000,0.000000,3.375233,1.997001,3.375233,1.997001,0.000000,0.000000,1.000000
10040.000000,3.374522,2.004482,-0.071148,0.748110,0.000000,0.000000,0.000000,0.000000,0.000000,0.382024,0.741318,0.734413,-0.100946,-1.045429,0.000000,0.000000,0.000000,65535.000000,0.000000,0.000000,3.374522,2.004482,3.374522,2.004482,0.000000,0.000000,1.000000
10050.000000,3.373827,2.011845,-0.069529,0.736317,0.000000,0.000000,0.000000,0.000000,0.000000,0.353638,0.751485,0.747299,-0.079213,-1.117636,0.000000,0.000000,0.000000,65535.000000,0.000000,0.000000,3.373827,2.011845,3.373827,2.011845,0.000000,0.000000,1.000000
10060.000000,3.373128,2.019129,-0.069823,0.728373,0.000000,0.000000,0.000000,0.000000,0.000000,0.353638,0.739592,0.735584,-0.076897,-1.105271,0.000000,0.000000,0.000000,65535.000000,0.000000,0.000000,3.373128,2.019129,3.373128,2.019129,0.000000,0.000000,1.000000
10070.000000,3.372317,2.026320,-0.081185,0.719072,0.000000,0.000000,0.000000,0.000000,0.000000,0.299019,0.731712,0.727737,-0.076165,-1.254640,0.000000,0.000000,0.000000,65535.000000,0.000000,0.000000,3.372317,2.026320,3.372317,2.026320,0.000000,0.000000,1.000000
10080.000000,3.371313,2.033436,-0.100384,0.711638,0.000000,0.000000,0.000000,0.000000,0.000000,0.256157,0.723640,0.718339,-0.087433,-1.363315,0.000000,0.000000,0.000000,65535.000000,0.000000,0.000000,3.371313,2.033436,3.371313,2.033436,0.000000,0.000000,1.000000
10090.000000,3.370502,2.040524,-0.081084,0.708736,0.000000,0.000000,0.000000,0.000000,0.000000,0.256157,0.718683,0.710606,-0.107448,-1.344961,0.000000,0.000000,0.000000,65535.000000,0.000000,0.000000,3.370502,2.040524,3.370502,2.040524,0.000000,0.000000,1.000000
10100.000000,3.369822,2.047783,-0.068054,0.725928,0.000000,0.000000,0.000000,0.000000,0.000000,0.235886,0.713359,0.707820,-0.088720,-1.386351,0.000000,0.000000,0.000000,65535.000000,0.000000,0.000000,3.369822,2.047783,3.369822,2.047783,0.000000,0.000000,1.000000
10110.000000,3.369246,2.055265,-0.057530,0.748184,0.000000,0.000000,0.000000,0.000000,0.000000,0.148492,0.729111,0.725083,-0.076531,-1.619833,0.000000,0.000000,0.000000,65535.000000,0.000000,0.000000,3.369246,2.055265,3.369246,2.055265,0.000000,0.000000,1.000000
10120.000000,3.368783,2.062973,-0.046374,0.770887,0.000000,0.000000,0.000000,0.000000,0.000000,0.137959,0.750392,0.747459,-0.066290,-1.622445,0.000000,0.000000,0.000000,65535.000000,0.000000,0.000000,3.368783,2.062973,3.368783,2.062973,0.000000,0.000000,1.000000
10130.000000,3.368438,2.070690,-0.034422,0.771692,0.000000,0.000000,0.000000,0.000000,0.000000,0.147697,0.772281,0.770357,-0.054488,-1.569094,0.000000,0.000000,0.000000,65535.000000,0.000000,0.000000,3.368438,2.070690,3.368438,2.070690,0.000000,0.000000,1.000000
10140.000000,3.368161,2.078511,-0.027721,0.782016,0.000000,0.000000,0.000000,0.000000,0.000000,0.147697,0.772459,0.771331,-0.041727,-1.544830,0.000000,0.000000,0.000000,65535.000000,0.000000,0.000000,3.368161,2.078511,3.368161,2.078511,0.000000,0.000000,1.000000
10150.000000,3.368140,2.086550,-0.002107,0.803891,0.000000,0.000000,0.000000,0.000000,0.000000,0.177817,0.782508,0.781743,-0.034581,-1.435232,0.000000,0.000000,0.000000,65535.000000,0.000000,0.000000,3.368140,2.086550,3.368140,2.086550,0.000000,0.000000,1.000000
10160.000000,3.368290,2.094677,0.014964,0.812713,0.000000,0.000000,0.000000,0.000000,0.000000,0.468493,0.803894,0.803838,-0.009515,0.269464,0.000000,0.000000,0.000000,65535.000000,0.000000,0.000000,3.368290,2.094677,3.368290,2.094677,0.000000,0.000000,1.000000
10170.000000,3.368279,2.102625,-0.001089,0.794848,0.000000,0.000000,0.000000,0.000000,0.000000,0.662610,0.812851,0.812824,0.006565,1.152121,0.000000,0.000000,0.000000,65535.000000,0.000000,0.000000,3.368279,2.102625,3.368279,2.102625,0.000000,0.000000,1.000000
10180.000000,3.368004,2.110440,-0.027523,0.781458,0.000000,0.000000,0.000000,0.000000,0.000000,0.693262,0.794849,0.794789,-0.009755,1.265090,0.000000,0.000000,0.000000,65535.000000,0.000000,0.000000,3.368004,2.110440,3.368004,2.110440,0.000000,0.000000,1.000000
10190.000000,3.367700,2.118393,-0.030346,0.795307,0.000000,0.000000,0.000000,0.000000,0.000000,0.731543,0.781943,0.781099,-0.036318,1.249270,0.000000,0.000000,0.000000,65535.000000,0.000000,0.000000,3.367700,2.118393,3.367700,2.118393,0.000000,0.000000,1.000000
10200.000000,3.367522,2.126600,-0.017783,0.820683,0.000000,0.000000,0.000000,0.000000,0.000000,0.731543,0.795886,0.794937,-0.038842,1.013846,0.000000,0.000000,0.000000,65535.000000,0.000000,0.000000,3.367522,2.126600,3.367522,2.126600,0.000000,0.000000,1.000000
10210.000000,3.367531,2.134863,0.000842,0.826324,0.000000,0.000000,0.000000,0.000000,0.000000,0.884233,0.820875,0.820444,-0.026606,2.164218,0.000000,0.000000,0.000000,65535.000000,0.000000,0.000000,3.367531,2.134863,3.367531,2.134863,0.000000,0.000000,1.000000
10220.000000,3.367813,2.143389,0.028215,0.852555,0.000000,0.000000,0.000000,0.000000,0.000000,0.884233,0.826324,0.826292,-0.007375,2.118327,0.000000,0.000000,0.000000,65535.000000,0.000000,0.000000,3.367813,2.143389,3.367813,2.143389,0.000000,0.000000,1.000000
10230.000000,3.368346,2.152114,0.053349,0.872527,0.000000,0.000000,0.000000,0.000000,0.000000,0.828741,0.853022,0.852780,0.020286,1.813422,0.000000,0.000000,0.000000,65535.000000,0.000000,0.000000,3.368346,2.152114,3.368346,2.152114,0.000000,0.000000,1.000000
10240.000000,3.368800,2.160741,0.045401,0.862747,0.000000,0.000000,0.000000,0.000000,0.000000,0.640350,0.874157,0.872970,0.045541,0.946330,0.000000,0.000000,0.000000,65535.000000,0.000000,0.000000,3.368800,2.160741,3.368800,2.160741,0.000000,0.000000,1.000000
10250.000000,3.368877,2.168945,0.007701,0.820402,0.000000,0.000000,0.000000,0.000000,0.000000,0.640350,0.863941,0.863122,0.037612,0.937450,0.000000,0.000000,0.000000,65535.000000,0.000000,0.000000,3.368877,2.168945,3.368877,2.168945,0.000000,0.000000,1.000000
10260.000000,3.368822,2.177098,-0.005534,0.815267,0.000000,0.000000,0.000000,0.000000,0.000000,0.374610,0.820438,0.820438,-0.000342,-0.411122,0.000000,0.000000,0.000000,65535.000000,0.000000,0.000000,3.368822,2.177098,3.368822,2.177098,0.000000,0.000000,1.000000
10270.000000,3.368830,2.185368,0.000806,0.827014,0.000000,0.000000,0.000000,0.000000,0.000000,0.682173,0.815286,0.815166,-0.013996,0.898335,0.000000,0.000000,0.000000,65535.000000,0.000000,0.000000,3.368830,2.185368,3.368830,2.185368,0.000000,0.000000,1.000000
10280.000000,3.368908,2.193965,0.007764,0.859708,0.000000,0.000000,0.000000,0.000000,0.000000,0.736726,0.827014,0.826976,-0.007904,1.062412,0.000000,0.000000,0.000000,65535.000000,0.000000,0.000000,3.368908,2.193965,3.368908,2.193965,0.000000,0.000000,1.000000
10290.000000,3.369054,2.202580,0.014612,0.861444,0.000000,0.000000,0.000000,0.000000,0.000000,0.736726,0.859743,0.859743,-0.000717,1.051232,0.000000,0.000000,0.000000,65535.000000,0.000000,0.000000,3.369054,2.202580,3.369054,2.202580,0.000000,0.000000,1.000000
10300.000000,3.369488,2.211379,0.043374,0.879939,0.000000,0.000000,0.000000,0.000000,0.000000,0.523960,0.861567,0.861543,0.006452,0.161446,0.000000,0.000000,0.000000,65535.000000,0.000000,0.000000,3.369488,2.211379,3.369488,2.211379,0.000000,0.000000,1.000000
10310.000000,3.370159,2.220272,0.067169,0.889276,0.000000,0.000000,0.000000,0.000000,0.000000,0.780780,0.881008,0.880313,0.034980,-0.381037,0.000000,0.000000,0.000000,65535.000000,0.000000,0.000000,3.370159,2.220272,3.370159,2.220272,0.000000,0.000000,1.000000
10320.000000,3.370710,2.229238,0.055109,0.896596,0.000000,0.000000,0.000000,0.000000,0.000000,0.762819,0.891809,0.889875,0.058699,0.041511,0.000000,0.000000,0.000000,65535.000000,0.000000,0.000000,3.370710,2.229238,3.370710,2.229238,0.000000,0.000000,1.000000
10330.000000,3.370829,2.237669,0.011886,0.843165,0.000000,0.000000,0.000000,0.000000,0.000000,0.957640,0.898288,0.897054,0.047070,0.057500,0.000000,0.000000,0.000000,65535.000000,0.000000,0.000000,3.370829,2.237669,3.370829,2.237669,0.000000,0.000000,1.000000
10340.000000,3.370756,2.246047,-0.007299,0.837759,0.000000,0.000000,0.000000,0.000000,0.000000,0.719046,0.843249,0.843235,0.004776,0.057467,0.000000,0.000000,0.000000,65535.000000,0.000000,0.000000,3.370756,2.246047,3.370756,2.246047,0.000000,0.000000,1.000000
10350.000000,3.370712,2.254390,-0.004455,0.834328,0.000000,0.000000,0.000000,0.000000,0.000000,0.969804,0.837791,0.837669,-0.014300,0.341941,0.000000,0.000000,0.000000,65535.000000,0.000000,0.000000,3.370712,2.254390,3.370712,2.254390,0.000000,0.000000,1.000000
10360.000000,3.370720,2.262823,0.000868,0.843307,0.000000,0.000000,0.000000,0.000000,0.000000,0.932540,0.834340,0.834251,-0.012226,0.340775,0.000000,0.000000,0.000000,65535.000000,0.000000,0.000000,3.370720,2.262823,3.370720,2.262823,0.000000,0.000000,1.000000
10370.000000,3.370776,2.271272,0.005615,0.844876,0.000000,0.000000,0.000000,0.000000,0.000000,0.860606,0.843307,0.843274,-0.007507,-0.056399,0.000000,0.000000,0.000000,65535.000000,0.000000,0.000000,3.370776,2.271272,3.370776,2.271272,0.000000,0.000000,1.000000
10380.000000,3.371005,2.279893,0.022828,0.862046,0.000000,0.000000,0.000000,0.000000,0.000000,0.691476,0.844895,0.844889,-0.003231,0.019666,0.000000,0.000000,0.000000,65535.000000,0.000000,0.000000,3.371005,2.279893,3.371005,2.279893,0.000000,0.000000,1.000000
10390.000000,3.371415,2.288572,0.041058,0.867925,0.000000,0.000000,0.000000,0.000000,0.000000,0.673489,0.862348,0.862236,0.013870,0.804482,0.000000,0.000000,0.000000,65535.000000,0.000000,0.000000,3.371415,2.288572,3.371415,2.288572,0.000000,0.000000,1.000000
10400.000000,3.371810,2.297158,0.039452,0.858592,0.000000,0.000000,0.000000,0.000000,0.000000,0.852672,0.868896,0.868308,0.031952,1.596064,0.000000,0.000000,0.000000,65535.000000,0.000000,0.000000,3.371810,2.297158,3.371810,2.297158,0.000000,0.000000,1.000000
10410.000000,3.372108,2.305413,0.029799,0.825472,0.000000,0.000000,0.000000,0.000000,0.000000,0.852672,0.859498,0.858951,0.030647,1.570965,0.000000,0.000000,0.000000,65535.000000,0.000000,0.000000,3.372108,2.305413,3.372108,2.305413,0.000000,0.000000,1.000000
10420.000000,3.372238,2.313544,0.012991,0.813092,0.000000,0.000000,0.000000,0.000000,0.000000,0.894498,0.826010,0.825728,0.021574,1.546643,0.000000,0.000000,0.000000,65535.000000,0.000000,0.000000,3.372238,2.313544,3.372238,2.313544,0.000000,0.000000,1.000000
10430.000000,3.372110,2.321521,-0.012791,0.797783,0.000000,0.000000,0.000000,0.000000,0.000000,1.015634,0.813195,0.813180,0.004975,1.038729,0.000000,0.000000,0.000000,65535.000000,0.000000,0.000000,3.372110,2.321521,3.372110,2.321521,0.000000,0.000000,1.000000
10440.000000,3.371943,2.329424,-0.016630,0.790233,0.000000,0.000000,0.000000,0.000000,0.000000,1.015634,0.797885,0.797625,-0.020381,1.028040,0.000000,0.000000,0.000000,65535.000000,0.000000,0.000000,3.371943,2.329424,3.371943,2.329424,0.000000,0.000000,1.000000
10450.000000,3.371877,2.337161,-0.006607,0.773703,0.000000,0.000000,0.000000,0.000000,0.000000,0.773423,0.790408,0.790037,-0.024232,0.044687,0.000000,0.000000,0.000000,65535.000000,0.000000,0.000000,3.371877,2.337161,3.371877,2.337161,0.000000,0.000000,1.000000
10460.000000,3.371943,2.344913,0.006542,0.775259,0.000000,0.000000,0.000000,0.000000,0.000000,0.503423,0.773731,0.773601,-0.014189,-0.758537,0.000000,0.000000,0.000000,65535.000000,0.000000,0.000000,3.371943,2.344913,3.371943,2.344913,0.000000,0.000000,1.000000
10470.000000,3.372058,2.352715,0.011547,0.780171,0.000000,0.000000,0.000000,0.000000,0.000000,0.554715,0.775287,0.775286,-0.001130,-0.597193,0.000000,0.000000,0.000000,65535.000000,0.000000,0.000000,3.372058,2.352715,3.372058,2.352715,0.000000,0.000000,1.000000
10480.000000,3.372222,2.360619,0.016385,0.790374,0.000000,0.000000,0.000000,0.000000,0.000000,0.687389,0.780257,0.780246,0.004131,-0.202126,0.000000,0.000000,0.000000,65535.000000,0.000000,0.000000,3.372222,2.360619,3.372222,2.360619,0.000000,0.000000,1.000000
10490.000000,3.372489,2.368251,0.026677,0.763213,0.000000,0.000000,0.000000,0.000000,0.000000,0.687389,0.790544,0.790488,0.009429,-0.201718,0.000000,0.000000,0.000000,65535.000000,0.000000,0.000000,3.372489,2.368251,3.372489,2.368251,0.000000,0.000000,1.000000
10500.000000,3.372813,2.375736,0.032406,0.748506,0.000000,0.000000,0.000000,0.000000,0.000000,0.687389,0.763679,0.763410,0.020265,-0.201312,0.000000,0.000000,0.000000,65535.000000,0.000000,0.000000,3.372813,2.375736,3.372813,2.375736,0.000000,0.000000,1.000000
10510.000000,3.373098,2.383099,0.028540,0.736258,0.000000,0.000000,0.000000,0.000000,0.000000,0.547205,0.749207,0.748748,0.026228,-0.624805,0.000000,0.000000,0.000000,65535.000000,0.000000,0.000000,3.373098,2.383099,3.373098,2.383099,0.000000,0.000000,1.000000
10520.000000,3.373381,2.390471,0.028263,0.737228,0.000000,0.000000,0.000000,0.000000,0.000000,0.714323,0.736811,0.736473,0.022308,-0.103731,0.000000,0.000000,0.000000,65535.000000,0.000000,0.000000,3.373381,2.390471,3.373381,2.390471,0.000000,0.000000,1.000000
10530.000000,3.373692,2.397646,0.031091,0.717525,0.000000,0.000000,0.000000,0.000000,0.000000,0.948562,0.737769,0.737442,0.021968,0.190069,0.000000,0.000000,0.000000,65535.000000,0.000000,0.000000,3.373692,2.397646,3.373692,2.397646,0.000000,0.000000,1.000000
10540.000000,3.374021,2.404687,0.032966,0.704113,0.000000,0.000000,0.000000,0.000000,0.000000,0.949781,0.718198,0.717756,0.025206,0.502779,0.000000,0.000000,0.000000,65535.000000,0.000000,0.000000,3.374021,2.404687,3.374021,2.404687,0.000000,0.000000,1.000000
10550.000000,3.374297,2.411673,0.027600,0.698538,0.000000,0.000000,0.000000,0.000000,0.000000,0.639610,0.704884,0.704360,0.027195,0.500260,0.000000,0.000000,0.000000,65535.000000,0.000000,0.000000,3.374297,2.411673,3.374297,2.411673,0.000000,0.000000,1.000000
10560.000000,3.374495,2.418566,0.019753,0.689263,0.000000,0.000000,0.000000,0.000000,0.000000,0.936453,0.699083,0.698751,0.021522,0.183126,0.000000,0.000000,0.000000,65535.000000,0.000000,0.000000,3.374495,2.418566,3.374495,2.418566,0.000000,0.000000,1.000000
10570.000000,3.374648,2.425198,0.015324,0.663290,0.000000,0.000000,0.000000,0.000000,0.000000,0.971369,0.689546,0.689420,0.013215,1.130247,0.000000,0.000000,0.000000,65535.000000,0.000000,0.000000,3.374648,2.425198,3.374648,2.425198,0.000000,0.000000,1.000000
10580.000000,3.374907,2.431631,0.025904,0.643298,0.000000,0.000000,0.000000,0.000000,0.000000,0.971369,0.663467,0.663409,0.008803,1.117603,0.000000,0.000000,0.000000,65535.000000,0.000000,0.000000,3.374907,2.431631,3.374907,2.431631,0.000000,0.000000,1.000000
10590.000000,3.375293,2.437850,0.038604,0.621845,0.000000,0.000000,0.000000,0.000000,0.000000,0.760786,0.643820,0.643513,0.019880,1.291706,0.000000,0.000000,0.000000,65535.000000,0.000000,0.000000,3.375293,2.437850,3.375293,2.437850,0.000000,0.000000,1.000000
10600.000000,3.375841,2.443956,0.054822,0.610639,0.000000,0.000000,0.000000,0.000000,0.000000,0.871074,0.623042,0.622137,0.033574,1.697943,0.000000,0.000000,0.000000,65535.000000,0.000000,0.000000,3.375841,2.443956,3.375841,2.443956,0.000000,0.000000,1.000000
10610.000000,3.376937,2.450121,0.109600,0.616462,1.000000,1.000000,1.000000,1.000000,2.000000,1.215823,0.613095,0.610975,0.050943,3.014843,0.000000,0.000000,0.000000,65535.000000,0.000000,0.000000,3.376937,2.450121,3.376937,2.450121,0.000000,0.000000,1.000000
10620.000000,3.378267,2.456167,0.133021,0.604598,1.000000,1.000000,1.000000,1.000000,2.000000,1.215823,0.582408,0.578607,0.066433,2.926524,0.000000,0.000000,0.000000,65535.000000,3.376937,2.450121,3.378267,2.456167,3.378267,2.456167,0.250000,0.000000,1.000000
10630.000000,3.379742,2.462101,0.147461,0.593374,1.000000,1.000000,1.000000,1.000000,2.000000,1.206137,0.556461,0.551536,0.073875,2.832987,0.000000,0.000000,0.000000,65535.000000,3.376937,2.450121,3.379742,2.462101,3.379742,2.462101,0.250000,0.000000,1.000000
10640.000000,3.381283,2.467844,0.154088,0.574293,1.000000,1.000000,1.000000,1.000000,2.000000,1.050507,0.532276,0.527063,0.074309,2.212620,0.000000,0.000000,0.000000,65535.000000,3.376937,2.450121,3.381283,2.467844,3.381283,2.467844,0.250000,0.000000,1.000000
10650.000000,3.382759,2.473305,0.147650,0.546091,1.000000,1.000000,1.000000,1.000000,2.000000,1.455799,0.509672,0.504186,0.074576,2.240352,0.000000,0.000000,0.000000,65535.000000,3.376937,2.450121,3.382759,2.473305,3.382759,2.473305,0.250000,0.000000,1.000000
10660.000000,3.384300,2.478685,0.154119,0.538077,1.000000,1.000000,1.000000,1.000000,2.000000,1.455799,0.488144,0.483598,0.066468,2.191213,0.000000,0.000000,0.000000,65535.000000,3.376937,2.450121,3.384300,2.478685,3.384300,2.478685,0.250000,0.000000,1.000000
10670.000000,3.385908,2.484070,0.160745,0.538432,1.000000,1.000000,1.000000,1.000000,2.000000,1.427591,0.479034,0.474227,0.067694,1.921279,0.000000,0.000000,0.000000,65535.000000,3.376937,2.450121,3.385908,2.484070,3.385908,2.484070,0.250000,0.000000,1.000000
10680.000000,3.387530,2.489390,0.162250,0.532057,1.000000,1.000000,1.000000,1.000000,2.000000,0.906830,0.473738,0.467820,0.074650,0.617664,0.000000,0.000000,0.000000,65535.000000,3.376937,2.450121,3.387530,2.489390,3.387530,2.489390,0.250000,0.000000,1.000000
10690.000000,3.389218,2.494514,0.168755,0.512410,1.000000,1.000000,1.000000,1.000000,2.000000,0.715062,0.463050,0.456034,0.080299,-0.332216,0.000000,0.000000,0.000000,65535.000000,3.376937,2.450121,3.389218,2.494514,3.389218,2.494514,0.250000,0.000000,1.000000
10700.000000,3.390871,2.499452,0.165343,0.493782,1.000000,1.000000,1.000000,1.000000,2.000000,0.293405,0.443699,0.436368,0.080322,-1.522307,0.000000,0.000000,0.000000,65535.000000,3.376937,2.450121,3.390871,2.499452,3.390871,2.499452,0.250000,0.000000,1.000000
10710.000000,3.392577,2.504211,0.170555,0.475853,1.000000,1.000000,1.000000,1.000000,2.000000,0.398489,0.425404,0.417750,0.080335,-1.199906,0.000000,0.000000,0.000000,65535.000000,3.376937,2.450121,3.392577,2.504211,3.392577,2.504211,0.250000,0.000000,1.000000
10720.000000,3.394297,2.508913,0.171977,0.470232,1.000000,1.000000,1.000000,1.000000,2.000000,0.859150,0.408276,0.400431,0.079654,-0.200704,0.000000,0.000000,0.000000,65535.000000,3.376937,2.450121,3.394297,2.508913,3.394297,2.508913,0.250000,0.000000,1.000000
10730.000000,3.396106,2.513432,0.180980,0.451868,0.000000,1.000000,0.000000,1.000000,1.000000,0.776281,0.400888,0.392414,0.081994,-0.200301,0.000000,0.000000,0.000000,65535.000000,3.376937,2.450121,3.396106,2.513432,3.396106,2.513432,0.250000,0.000000,1.000000
10740.000000,3.398068,2.517818,0.196172,0.438590,0.000000,1.000000,0.000000,1.000000,1.000000,0.525426,0.378654,0.367210,0.092390,-0.199900,0.000000,0.000000,0.000000,65535.000000,3.376937,2.450121,3.398068,2.517818,3.398068,2.517818,0.250000,0.000000,1.000000
10750.000000,3.400016,2.522091,0.194792,0.427362,0.000000,1.000000,0.000000,1.000000,1.000000,0.362303,0.362326,0.347809,0.101531,-0.682981,0.000000,0.000000,0.000000,65535.000000,3.376937,2.450121,3.400016,2.522091,3.400016,2.522091,0.250000,0.000000,1.000000
10760.000000,3.401683,2.526192,0.166696,0.410068,0.000000,1.000000,0.000000,1.000000,1.000000,0.477473,0.350261,0.337206,0.094737,-0.209286,0.000000,0.000000,0.000000,65535.000000,3.376937,2.450121,3.401683,2.526192,3.401683,2.526192,0.250000,0.000000,1.000000
10770.000000,3.402991,2.530055,0.130748,0.386281,0.000000,1.000000,0.000000,1.000000,1.000000,0.477473,0.348316,0.340509,0.073333,-0.208848,0.000000,0.000000,0.000000,65535.000000,3.376937,2.450121,3.402991,2.530055,3.402991,2.530055,0.250000,0.000000,1.000000
10780.000000,3.404146,2.533759,0.115536,0.370410,0.000000,1.000000,0.000000,1.000000,1.000000,0.475238,0.336473,0.331415,0.058123,-0.208412,0.000000,0.000000,0.000000,65535.000000,3.376937,2.450121,3.404146,2.533759,3.404146,2.533759,0.250000,0.000000,1.000000
10790.000000,3.405149,2.537289,0.100264,0.353013,0.000000,1.000000,0.000000,1.000000,1.000000,0.596858,0.321770,0.316672,0.057055,0.233317,0.000000,0.000000,0.000000,65535.000000,3.376937,2.450121,3.405149,2.537289,3.405149,2.537289,0.250000,0.000000,1.000000
10800.000000,3.405902,2.540687,0.075311,0.339800,0.000000,1.000000,0.000000,1.000000,1.000000,0.596858,0.313318,0.308928,0.052264,0.232773,0.000000,0.000000,0.000000,65535.000000,3.376937,2.450121,3.405902,2.540687,3.405902,2.540687,0.250000,0.000000,1.000000
10810.000000,3.406267,2.543653,0.036571,0.296595,0.000000,1.000000,0.000000,1.000000,1.000000,0.589931,0.312303,0.309407,0.042429,0.038720,0.000000,0.000000,0.000000,65535.000000,3.376937,2.450121,3.406267,2.543653,3.406267,2.543653,0.250000,0.000000,1.000000
10820.000000,3.406622,2.546462,0.035467,0.280909,0.000000,1.000000,0.000000,1.000000,1.000000,0.427689,0.298841,0.296617,0.036391,-1.057827,0.000000,0.000000,0.000000,65535.000000,3.376937,2.450121,3.406622,2.546462,3.406622,2.546462,0.250000,0.000000,1.000000
10830.000000,3.407061,2.549129,0.043924,0.266673,0.000000,1.000000,0.000000,1.000000,1.000000,0.410957,0.283139,0.280912,0.035440,-1.080793,0.000000,0.000000,0.000000,65535.000000,3.376937,2.450121,3.407061,2.549129,3.407061,2.549129,0.250000,0.000000,1.000000
10840.000000,3.407507,2.551662,0.044573,0.253302,0.000000,1.000000,0.000000,1.000000,1.000000,0.214010,0.270266,0.266690,0.043818,-1.611521,0.000000,0.000000,0.000000,65535.000000,3.376937,2.450121,3.407507,2.551662,3.407507,2.551662,0.250000,0.000000,1.000000
10850.000000,3.407884,2.554106,0.037691,0.244407,0.000000,1.000000,0.000000,1.000000,0.000000,0.279108,0.257194,0.253378,0.044136,-1.585938,0.000000,0.000000,0.000000,65535.000000,3.376937,2.450121,3.407884,2.554106,3.407884,2.554106,0.250000,0.000000,1.000000
10860.000000,3.408185,2.556437,0.030069,0.233078,0.000000,1.000000,0.000000,1.000000,0.000000,0.282405,0.247296,0.244551,0.036750,-1.149677,0.000000,0.000000,0.000000,65535.000000,3.376937,2.450121,3.408185,2.556437,3.408185,2.556437,0.250000,0.000000,1.000000
10870.000000,3.408492,2.558645,0.030736,0.220881,0.000000,1.000000,0.000000,1.000000,0.000000,0.282405,0.235010,0.233242,0.028768,-1.136597,0.000000,0.000000,0.000000,65535.000000,3.376937,2.450121,3.408492,2.558645,3.408492,2.558645,0.250000,0.000000,1.000000
10880.000000,3.408822,2.560760,0.033018,0.211443,0.000000,1.000000,0.000000,1.000000,0.000000,0.496928,0.223009,0.221065,0.029381,-0.084781,0.000000,0.000000,0.000000,65535.000000,3.376937,2.450121,3.408822,2.560760,3.408822,2.560760,0.250000,0.000000,1.000000
10890.000000,3.409105,2.562758,0.028261,0.199784,0.000000,1.000000,0.000000,1.000000,0.000000,0.496928,0.214005,0.211625,0.031826,-0.084709,0.000000,0.000000,0.000000,65535.000000,3.376937,2.450121,3.409105,2.562758,3.409105,2.562758,0.250000,0.000000,1.000000
10900.000000,3.409372,2.564618,0.026715,0.186070,0.000000,1.000000,0.000000,1.000000,0.000000,0.496928,0.201773,0.199941,0.027123,-0.084637,0.000000,0.000000,0.000000,65535.000000,3.376937,2.450121,3.409372,2.564618,3.409372,2.564618,0.250000,0.000000,1.000000
10910.000000,3.409630,2.566303,0.025782,0.168480,0.000000,1.000000,0.000000,1.000000,0.000000,0.337332,0.187978,0.186225,0.025614,-0.961741,0.000000,0.000000,0.000000,65535.000000,3.376937,2.450121,3.409630,2.566303,3.409630,2.566303,0.250000,0.000000,1.000000
10920.000000,3.409896,2.567827,0.026611,0.152425,0.000000,1.000000,0.000000,1.000000,0.000000,0.365521,0.170441,0.168644,0.024688,-1.026120,0.000000,0.000000,0.000000,65535.000000,3.376937,2.450121,3.409896,2.567827,3.409896,2.567827,0.250000,0.000000,1.000000
10930.000000,3.410160,2.569207,0.026387,0.137991,0.000000,1.000000,0.000000,1.000000,0.000000,0.365521,0.154730,0.152615,0.025498,-1.015687,0.000000,0.000000,0.000000,65535.000000,3.376937,2.450121,3.410160,2.569207,3.410160,2.569207,0.250000,0.000000,1.000000
10940.000000,3.410414,2.570440,0.025496,0.123249,0.000000,1.000000,0.000000,1.000000,0.000000,0.329679,0.140492,0.138194,0.025306,-1.151515,0.000000,0.000000,0.000000,65535.000000,3.376937,2.450121,3.410414,2.570440,3.410414,2.570440,0.250000,0.000000,1.000000
10950.000000,3.410656,2.571536,0.024201,0.109627,0.000000,1.000000,0.000000,1.000000,0.000000,0.101879,0.125858,0.123451,0.024498,-1.912520,0.000000,0.000000,0.000000,65535.000000,3.376937,2.450121,3.410656,2.571536,3.410656,2.571536,0.250000,0.000000,1.000000
10960.000000,3.410904,2.572470,0.024741,0.093396,0.000000,1.000000,0.000000,1.000000,0.000000,0.105591,0.112267,0.109819,0.023313,-1.858693,0.000000,0.000000,0.000000,65535.000000,3.376937,2.450121,3.410904,2.572470,3.410904,2.572470,0.250000,0.000000,1.000000
10970.000000,3.411169,2.573278,0.026457,0.080791,0.000000,1.000000,0.000000,1.000000,0.000000,0.105591,0.096618,0.093599,0.023964,-1.824742,0.000000,0.000000,0.000000,65535.000000,3.376937,2.450121,3.411169,2.573278,3.411169,2.573278,0.250000,0.000000,1.000000
10980.000000,3.411430,2.573956,0.026121,0.067814,0.000000,1.000000,0.000000,1.000000,0.000000,0.181426,0.085013,0.081022,0.025743,-1.554868,0.000000,0.000000,0.000000,65535.000000,3.376937,2.450121,3.411430,2.573956,3.411430,2.573956,0.250000,0.000000,1.000000
10990.000000,3.411689,2.574515,0.025878,0.055913,0.000000,1.000000,0.000000,1.000000,0.000000,0.181426,0.072671,0.068066,0.025456,-1.531039,0.000000,0.000000,0.000000,65535.000000,3.376937,2.450121,3.411689,2.574515,3.411689,2.574515,0.250000,0.000000,1.000000
11000.000000,3.411924,2.574943,0.023582,0.042743,0.000000,1.000000,0.000000,1.000000,0.000000,0.181426,0.061611,0.056186,0.025280,-1.507928,0.000000,0.000000,0.000000,65535.000000,3.376937,2.450121,3.411924,2.574943,3.411924,2.574943,0.250000,0.000000,1.000000
11010.000000,3.412132,2.575237,0.020719,0.029446,0.000000,1.000000,0.000000,1.000000,0.000000,0.115287,0.048817,0.043003,0.023104,-1.802122,0.000000,0.000000,0.000000,65535.000000,3.376937,2.450121,3.412132,2.575237,3.412132,2.575237,0.250000,0.000000,1.000000
11020.000000,3.412132,2.575237,0.000000,0.000000,0.000000,1.000000,0.000000,1.000000,0.000000,0.066422,0.036005,0.029675,0.020389,-1.917740,0.000000,0.000000,0.000000,65535.000000,3.376937,2.450121,3.412132,2.575237,3.412132,2.575237,0.250000,0.000000,1.000000
11030.000000,3.412132,2.575237,0.000000,0.000000,0.000000,1.000000,0.000000,1.000000,0.000000,0.054137,0.024685,0.018221,0.016655,-1.881619,0.000000,0.000000,0.000000,65535.000000,3.376937,2.450121,3.412132,2.575237,3.412132,2.575237,0.250000,0.000000,1.000000
11040.000000,3.412132,2.575237,0.000000,0.000000,0.000000,1.000000,0.000000,1.000000,0.000000,0.060381,0.015186,0.006608,0.013673,-1.922997,0.000000,0.000000,0.000000,65535.000000,3.376937,2.450121,3.412132,2.575237,3.412132,2.575237,0.250000,0.000000,1.000000
11050.000000,3.412132,2.575237,0.000000,0.000000,0.000000,1.000000,0.000000,1.000000,0.000000,0.060381,0.008755,-0.002485,0.008395,-1.819864,0.000000,0.000000,0.000000,65535.000000,3.376937,2.450121,3.412132,2.575237,3.412132,2.575237,0.250000,0.000000,1.000000
11060.000000,3.412132,2.575237,0.000000,0.000000,0.000000,1.000000,0.000000,1.000000,0.000000,0.060804,0.010700,-0.009377,0.005154,-1.787305,0.000000,0.000000,0.000000,65535.000000,3.376937,2.450121,3.412132,2.575237,3.412132,2.575237,0.250000,0.000000,1.000000
11070.000000,3.412132,2.575237,0.000000,0.000000,0.000000,1.000000,0.000000,1.000000,0.000000,0.066554,0.016323,-0.016225,0.001786,-1.791064,0.000000,0.000000,0.000000,65535.000000,3.376937,2.450121,3.412132,2.575237,3.412132,2.575237,0.250000,0.000000,1.000000
11080.000000,3.412132,2.575237,0.000000,0.000000,0.000000,1.000000,0.000000,1.000000,0.000000,0.066554,0.017815,-0.017813,-0.000282,-1.787232,0.000000,0.000000,0.000000,65535.000000,3.376937,2.450121,3.412132,2.575237,3.412132,2.575237,0.250000,0.000000,1.000000
11090.000000,3.412132,2.575237,0.000000,0.000000,0.000000,1.000000,0.000000,1.000000,0.000000,0.065947,0.019449,-0.019442,0.000516,-1.770340,0.000000,0.000000,0.000000,65535.000000,3.376937,2.450121,3.412132,2.575237,3.412132,2.575237,0.250000,0.000000,1.000000
11100.000000,3.412132,2.575237,0.000000,0.000000,0.000000,1.000000,0.000000,1.000000,0.000000,0.045359,0.018734,-0.018480,0.003074,-1.728124,0.000000,0.000000,0.000000,65535.000000,3.376937,2.450121,3.412132,2.575237,3.412132,2.575237,0.250000,0.000000,1.000000
11110.000000,3.412132,2.575237,0.000000,0.000000,0.000000,1.000000,0.000000,1.000000,0.000000,0.045359,0.018721,-0.018543,0.002577,-1.701632,0.000000,0.000000,0.000000,65535.000000,3.376937,2.450121,3.412132,2.575237,3.412132,2.575237,0.250000,0.000000,1.000000
11120.000000,3.412132,2.575237,0.000000,0.000000,0.000000,1.000000,0.000000,1.000000,0.000000,0.045359,0.017655,-0.017274,0.003650,-1.630834,0.000000,0.000000,0.000000,65535.000000,3.376937,2.450121,3.412132,2.575237,3.412132,2.575237,0.250000,0.000000,1.000000
11130.000000,3.412132,2.575237,0.000000,0.000000,0.000000,1.000000,0.000000,1.000000,0.000000,0.040575,0.013709,-0.013223,0.003620,-1.604294,0.000000,0.000000,0.000000,65535.000000,3.376937,2.450121,3.412132,2.575237,3.412132,2.575237,0.250000,0.000000,1.000000
11140.000000,3.412132,2.575237,0.000000,0.000000,0.000000,1.000000,0.000000,1.000000,0.000000,0.040575,0.011835,-0.010736,0.004980,-1.578938,0.000000,0.000000,0.000000,65535.000000,3.376937,2.450121,3.412132,2.575237,3.412132,2.575237,0.250000,0.000000,1.000000
11150.000000,3.412132,2.575237,0.000000,0.000000,0.000000,1.000000,0.000000,1.000000,0.000000,0.034774,0.009809,-0.007900,0.005815,-1.607162,0.000000,0.000000,0.000000,65535.000000,3.376937,2.450121,3.412132,2.575237,3.412132,2.575237,0.250000,0.000000,1.000000
11160.000000,3.412132,2.575237,0.000000,0.000000,0.000000,1.000000,0.000000,1.000000,0.000000,0.034774,0.008844,-0.006813,0.005638,-1.583302,0.000000,0.000000,0.000000,65535.000000,3.376937,2.450121,3.412132,2.575237,3.412132,2.575237,0.250000,0.000000,1.000000
11170.000000,3.412132,2.575237,0.000000,0.000000,0.000000,1.000000,0.000000,1.000000,0.000000,0.027459,0.006398,-0.004183,0.004840,-1.566971,0.000000,0.000000,0.000000,65535.000000,3.376937,2.450121,3.412132,2.575237,3.412132,2.575237,0.250000,0.000000,1.000000
11180.000000,3.412132,2.575237,0.000000,0.000000,0.000000,1.000000,0.000000,1.000000,0.000000,0.023924,0.004878,-0.003223,0.003661,-1.542772,0.000000,0.000000,0.000000,65535.000000,3.376937,2.450121,3.412132,2.575237,3.412132,2.575237,0.250000,0.000000,1.000000
11190.000000,3.412132,2.575237,0.000000,0.000000,0.000000,1.000000,0.000000,1.000000,0.000000,0.023924,0.002995,-0.001979,0.002248,-1.519309,0.000000,0.000000,0.000000,65535.000000,3.376937,2.450121,3.412132,2.575237,3.412132,2.575237,0.250000,0.000000,1.000000
11200.000000,3.412132,2.575237,0.000000,0.000000,0.000000,1.000000,0.000000,1.000000,0.000000,0.023294,0.002144,-0.000561,0.002070,-1.553575,0.000000,0.000000,0.000000,65535.000000,3.376937,2.450121,3.412132,2.575237,3.412132,2.575237,0.250000,0.000000,1.000000
11210.000000,3.412132,2.575237,0.000000,0.000000,0.000000,1.000000,0.000000,1.000000,0.000000,0.017466,0.003353,0.000310,0.003339,-1.520567,0.000000,0.000000,0.000000,65535.000000,3.376937,2.450121,3.412132,2.575237,3.412132,2.575237,0.250000,0.000000,1.000000
11220.000000,3.412132,2.575237,0.000000,0.000000,0.000000,1.000000,0.000000,1.000000,0.000000,0.017466,0.004203,0.000845,0.004118,-1.497214,0.000000,0.000000,0.000000,65535.000000,3.376937,2.450121,3.412132,2.575237,3.412132,2.575237,0.250000,0.000000,1.000000
11230.000000,3.412132,2.575237,0.000000,0.000000,0.000000,1.000000,0.000000,1.000000,0.000000,0.016243,0.004598,-0.000136,0.004596,-1.475107,0.000000,0.000000,0.000000,65535.000000,3.376937,2.450121,3.412132,2.575237,3.412132,2.575237,0.250000,0.000000,1.000000
11240.000000,3.412132,2.575237,0.000000,0.000000,0.000000,1.000000,0.000000,1.000000,0.000000,0.025308,0.006958,-0.000083,0.006958,-1.422295,0.000000,0.000000,0.000000,65535.000000,3.376937,2.450121,3.412132,2.575237,3.412132,2.575237,0.250000,0.000000,1.000000
11250.000000,3.412132,2.575237,0.000000,0.000000,0.000000,1.000000,0.000000,1.000000,0.000000,0.027058,0.008517,-0.001360,0.008408,-1.394911,0.000000,0.000000,0.000000,65535.000000,3.376937,2.450121,3.412132,2.575237,3.412132,2.575237,0.250000,0.000000,1.000000
11260.000000,3.412132,2.575237,0.000000,0.000000,0.000000,1.000000,0.000000,1.000000,0.000000,0.027058,0.013048,-0.002798,0.012745,-1.375702,0.000000,0.000000,0.000000,65535.000000,3.376937,2.450121,3.412132,2.575237,3.412132,2.575237,0.250000,0.000000,1.000000
11270.000000,3.412132,2.575237,0.000000,0.000000,0.000000,1.000000,0.000000,1.000000,0.000000,0.024750,0.016670,-0.004335,0.016097,-1.362252,0.000000,0.000000,0.000000,65535.000000,3.376937,2.450121,3.412132,2.575237,3.412132,2.575237,0.250000,0.000000,1.000000
11280.000000,3.412132,2.575237,0.000000,0.000000,0.000000,1.000000,0.000000,1.000000,0.000000,0.024750,0.021925,-0.006587,0.020912,-1.343926,0.000000,0.000000,0.000000,65535.000000,3.376937,2.450121,3.412132,2.575237,3.412132,2.575237,0.250000,0.000000,1.000000
11290.000000,3.412459,2.575095,0.032736,-0.014209,0.000000,1.000000,0.000000,1.000000,0.000000,0.026865,0.029162,-0.011895,0.026626,-1.298673,0.000000,0.000000,0.000000,65535.000000,3.376937,2.450121,3.412459,2.575095,3.412459,2.575095,0.250000,0.000000,1.000000
11300.000000,3.412831,2.574934,0.037239,-0.016140,0.000000,1.000000,0.000000,1.000000,0.000000,0.071009,0.035687,-0.013846,0.032891,-1.134117,0.000000,0.000000,0.000000,65535.000000,3.376937,2.450121,3.412831,2.574934,3.412831,2.574934,0.250000,0.000000,1.000000
11310.000000,3.413272,2.574746,0.044111,-0.018714,0.000000,1.000000,0.000000,1.000000,0.000000,0.089616,0.040586,-0.015698,0.037427,-1.121386,0.000000,0.000000,0.000000,65535.000000,3.376937,2.450121,3.413272,2.574746,3.413272,2.574746,0.250000,0.000000,1.000000
11320.000000,3.413825,2.574555,0.055226,-0.019118,0.000000,1.000000,0.000000,1.000000,0.000000,0.090703,0.047916,-0.018144,0.044348,-1.052621,0.000000,0.000000,0.000000,65535.000000,3.376937,2.450121,3.413825,2.574555,3.413825,2.574555,0.250000,0.000000,1.000000
11330.000000,3.414438,2.574368,0.061365,-0.018737,0.000000,1.000000,0.000000,1.000000,0.000000,0.142943,0.058442,-0.018337,0.055490,-0.948400,0.000000,0.000000,0.000000,65535.000000,3.376937,2.450121,3.414438,2.574368,3.414438,2.574368,0.250000,0.000000,1.000000
11340.000000,3.415131,2.574208,0.069307,-0.015974,0.000000,1.000000,0.000000,1.000000,0.000000,0.142943,0.064161,-0.017801,0.061643,-0.938053,0.000000,0.000000,0.000000,65535.000000,3.376937,2.450121,3.415131,2.574208,3.415131,2.574208,0.250000,0.000000,1.000000
11350.000000,3.415921,2.574032,0.078957,-0.017631,0.000000,1.000000,0.000000,1.000000,0.000000,0.142943,0.071124,-0.014855,0.069556,-0.929327,0.000000,0.000000,0.000000,65535.000000,3.376937,2.450121,3.415921,2.574032,3.415921,2.574032,0.250000,0.000000,1.000000
11360.000000,3.416823,2.573752,0.090238,-0.027912,0.000000,1.000000,0.000000,1.000000,0.000000,0.163620,0.080902,-0.016318,0.079239,-0.938776,0.000000,0.000000,0.000000,65535.000000,3.376937,2.450121,3.416823,2.573752,3.416823,2.573752,0.250000,0.000000,1.000000
11370.000000,3.417774,2.573365,0.095028,-0.038739,0.000000,1.000000,0.000000,1.000000,0.000000,0.199167,0.094456,-0.026375,0.090699,-0.834319,0.000000,0.000000,0.000000,65535.000000,3.376937,2.450121,3.417774,2.573365,3.417774,2.573365,0.250000,0.000000,1.000000
11380.000000,3.418796,2.572963,0.102219,-0.040157,0.000000,1.000000,0.000000,1.000000,0.000000,0.199167,0.102621,-0.037130,0.095668,-0.827409,0.000000,0.000000,0.000000,65535.000000,3.376937,2.450121,3.418796,2.572963,3.418796,2.572963,0.250000,0.000000,1.000000
11390.000000,3.420036,2.572649,0.124037,-0.031411,0.000000,1.000000,0.000000,1.000000,0.000000,0.274330,0.109824,-0.038499,0.102854,-0.654184,0.000000,0.000000,0.000000,65535.000000,3.376937,2.450121,3.420036,2.572649,3.420036,2.572649,0.250000,0.000000,1.000000
11400.000000,3.421611,2.572420,0.157469,-0.022977,0.000000,1.000000,0.000000,1.000000,0.000000,0.288720,0.127953,-0.029527,0.124499,-0.649928,0.000000,0.000000,0.000000,65535.000000,3.376937,2.450121,3.421611,2.572420,3.421611,2.572420,0.250000,0.000000,1.000000
11410.000000,3.423398,2.572262,0.178710,-0.015738,0.000000,1.000000,0.000000,1.000000,0.000000,0.273736,0.159136,-0.020746,0.157778,-0.645727,0.000000,0.000000,0.000000,65535.000000,3.376937,2.450121,3.423398,2.572262,3.423398,2.572262,0.250000,0.000000,1.000000
11420.000000,3.425385,2.572200,0.198700,-0.006192,0.000000,1.000000,0.000000,1.000000,0.000000,0.269060,0.179401,-0.013393,0.178901,-0.640559,0.000000,0.000000,0.000000,65535.000000,3.376937,2.450121,3.425385,2.572200,3.425385,2.572200,0.250000,0.000000,1.000000
11430.000000,3.427536,2.572233,0.215160,0.003281,0.000000,1.000000,0.000000,1.000000,0.000000,0.211780,0.198796,-0.003643,0.198763,-0.636478,0.000000,0.000000,0.000000,65535.000000,3.376937,2.450121,3.427536,2.572233,3.427536,2.572233,0.250000,0.000000,1.000000
11440.000000,3.429803,2.572309,0.226640,0.007635,0.000000,1.000000,0.000000,1.000000,0.000000,0.183792,0.215185,0.006268,0.215094,-0.627504,0.000000,0.000000,0.000000,65535.000000,3.376937,2.450121,3.429803,2.572309,3.429803,2.572309,0.250000,0.000000,1.000000
11450.000000,3.432209,2.572410,0.240592,0.010053,0.000000,1.000000,0.000000,1.000000,0.000000,0.231028,0.226769,0.011045,0.226500,-0.524981,0.000000,0.000000,0.000000,65535.000000,3.376937,2.450121,3.432209,2.572410,3.432209,2.572410,0.250000,0.000000,1.000000
11460.000000,3.434817,2.572503,0.260845,0.009331,0.000000,1.000000,0.000000,1.000000,0.000000,0.311553,0.240802,0.013978,0.240396,-0.522237,0.000000,0.000000,0.000000,65535.000000,3.376937,2.450121,3.434817,2.572503,3.434817,2.572503,0.250000,0.000000,1.000000
11470.000000,3.437680,2.572558,0.286314,0.005492,0.000000,1.000000,0.000000,1.000000,0.000000,0.297606,0.261012,0.013817,0.260646,-0.545133,0.000000,0.000000,0.000000,65535.000000,3.376937,2.450121,3.437680,2.572558,3.437680,2.572558,0.250000,0.000000,1.000000
11480.000000,3.440783,2.572578,0.310197,0.002007,0.000000,1.000000,0.000000,1.000000,0.000000,0.291754,0.286366,0.010446,0.286176,-0.557002,0.000000,0.000000,0.000000,65535.000000,3.376937,2.450121,3.440783,2.572578,3.440783,2.572578,0.250000,0.000000,1.000000
11490.000000,3.443963,2.572662,0.318083,0.008335,0.000000,1.000000,0.000000,1.000000,0.000000,0.291754,0.310203,0.007068,0.310123,-0.553913,0.000000,0.000000,0.000000,65535.000000,3.376937,2.450121,3.443963,2.572662,3.443963,2.572662,0.250000,0.000000,1.000000
11500.000000,3.447187,2.572895,0.322369,0.023339,0.000000,1.000000,0.000000,1.000000,0.000000,0.282475,0.318193,0.012845,0.317933,-0.574818,0.000000,0.000000,0.000000,65535.000000,3.376937,2.450121,3.447187,2.572895,3.447187,2.572895,0.250000,0.000000,1.000000
11510.000000,3.450506,2.573202,0.331907,0.030649,0.000000,1.000000,0.000000,1.000000,0.000000,0.234906,0.323213,0.027514,0.322040,-0.759530,0.000000,0.000000,0.000000,65535.000000,3.376937,2.450121,3.450506,2.573202,3.450506,2.573202,0.250000,0.000000,1.000000
11520.000000,3.454050,2.573559,0.354380,0.035692,0.000000,1.000000,0.000000,1.000000,0.000000,0.183664,0.333319,0.035212,0.331454,-0.821090,0.000000,0.000000,0.000000,65535.000000,3.376937,2.450121,3.454050,2.573559,3.454050,2.573559,0.250000,0.000000,1.000000
11530.000000,3.457830,2.574021,0.377994,0.046245,0.000000,1.000000,0.000000,1.000000,0.000000,0.282061,0.356173,0.041247,0.353777,-0.559543,0.000000,0.000000,0.000000,65535.000000,3.376937,2.450121,3.457830,2.574021,3.457830,2.574021,0.250000,0.000000,1.000000
11540.000000,3.461901,2.574676,0.407104,0.065520,0.000000,1.000000,0.000000,1.000000,0.000000,0.342803,0.380812,0.052804,0.377133,-0.398272,0.000000,0.000000,0.000000,65535.000000,3.376937,2.450121,3.461901,2.574676,3.461901,2.574676,0.250000,0.000000,1.000000
11550.000000,3.465947,2.575337,0.404641,0.066099,0.000000,1.000000,0.000000,1.000000,0.000000,0.344237,0.412343,0.072330,0.405949,-0.392946,0.000000,0.000000,0.000000,65535.000000,3.376937,2.450121,3.465947,2.575337,3.465947,2.575337,0.250000,0.000000,1.000000
11560.000000,3.469999,2.576035,0.405220,0.069802,0.000000,1.000000,0.000000,1.000000,0.000000,0.344237,0.410004,0.071889,0.403653,-0.391407,0.000000,0.000000,0.000000,65535.000000,3.376937,2.450121,3.469999,2.576035,3.469999,2.576035,0.250000,0.000000,1.000000
11570.000000,3.474036,2.576771,0.403623,0.073524,0.000000,1.000000,0.000000,1.000000,0.000000,0.331716,0.411188,0.074889,0.404311,-0.435267,0.000000,0.000000,0.000000,65535.000000,3.376937,2.450121,3.474036,2.576771,3.474036,2.576771,0.250000,0.000000,1.000000
11580.000000,3.478047,2.577381,0.401135,0.061063,0.000000,1.000000,0.000000,1.000000,0.000000,0.281987,0.410265,0.078694,0.402647,-0.554178,0.000000,0.000000,0.000000,65535.000000,3.376937,2.450121,3.478047,2.577381,3.478047,2.577381,0.250000,0.000000,1.000000
11590.000000,3.481848,2.577787,0.380102,0.040638,0.000000,1.000000,0.000000,1.000000,0.000000,0.229222,0.405756,0.066637,0.400247,-0.692635,0.000000,0.000000,0.000000,65535.000000,3.376937,2.450121,3.481848,2.577787,3.481848,2.577787,0.250000,0.000000,1.000000
11600.000000,3.485687,2.578170,0.383885,0.038213,0.000000,1.000000,0.000000,1.000000,0.000000,0.191626,0.382269,0.046149,0.379473,-0.787907,0.000000,0.000000,0.000000,65535.000000,3.376937,2.450121,3.485687,2.578170,3.485687,2.578170,0.250000,0.000000,1.000000
11610.000000,3.489743,2.578653,0.405666,0.048377,0.000000,1.000000,0.000000,1.000000,0.000000,0.223912,0.385782,0.044037,0.383261,-0.694817,0.000000,0.000000,0.000000,65535.000000,3.376937,2.450121,3.489743,2.578653,3.489743,2.578653,0.250000,0.000000,1.000000
11620.000000,3.493962,2.579255,0.421825,0.060158,0.000000,1.000000,0.000000,1.000000,0.000000,0.349413,0.408540,0.054517,0.404886,-0.350450,0.000000,0.000000,0.000000,65535.000000,3.376937,2.450121,3.493962,2.579255,3.493962,2.579255,0.250000,0.000000,1.000000
11630.000000,3.498245,2.579937,0.428288,0.068185,0.000000,1.000000,0.000000,1.000000,0.000000,0.523407,0.426093,0.066185,0.420922,0.125946,0.000000,0.000000,0.000000,65535.000000,3.376937,2.450121,3.498245,2.579937,3.498245,2.579937,0.250000,0.000000,1.000000
11640.000000,3.502706,2.580730,0.446151,0.079310,0.000000,1.000000,0.000000,1.000000,0.000000,0.613988,0.433682,0.074004,0.427321,0.375657,0.000000,0.000000,0.000000,65535.000000,3.376937,2.450121,3.502706,2.580730,3.502706,2.580730,0.250000,0.000000,1.000000
11650.000000,3.507325,2.581544,0.461890,0.081449,0.000000,1.000000,0.000000,1.000000,0.000000,0.642979,0.453146,0.085347,0.445036,0.454393,0.000000,0.000000,0.000000,65535.000000,3.376937,2.450121,3.507325,2.581544,3.507325,2.581544,0.250000,0.000000,1.000000
11660.000000,3.512081,2.582361,0.475620,0.081692,0.000000,1.000000,0.000000,1.000000,0.000000,0.644577,0.469016,0.087732,0.460738,0.456750,0.000000,0.000000,0.000000,65535.000000,3.376937,2.450121,3.512081,2.582361,3.512081,2.582361,0.250000,0.000000,1.000000
11670.000000,3.516779,2.583305,0.469746,0.094404,0.000000,1.000000,0.000000,1.000000,0.000000,0.644577,0.482585,0.087888,0.474514,0.454672,0.000000,0.000000,0.000000,65535.000000,3.376937,2.450121,3.516779,2.583305,3.516779,2.583305,0.250000,0.000000,1.000000
11680.000000,3.521776,2.584593,0.499695,0.128771,0.000000,1.000000,0.000000,1.000000,0.000000,0.631239,0.479138,0.100414,0.468498,0.269356,0.000000,0.000000,0.000000,65535.000000,3.376937,2.450121,3.521776,2.584593,3.521776,2.584593,0.250000,0.000000,1.000000
11690.000000,3.526852,2.585956,0.507564,0.136317,0.000000,1.000000,0.000000,1.000000,0.000000,0.493460,0.516021,0.135583,0.497890,0.023319,0.000000,0.000000,0.000000,65535.000000,3.376937,2.450121,3.526852,2.585956,3.526852,2.585956,0.250000,0.000000,1.000000
11700.000000,3.531917,2.587188,0.506512,0.123164,0.000000,1.000000,0.000000,1.000000,0.000000,0.578981,0.525550,0.143438,0.505597,0.267843,0.000000,0.000000,0.000000,65535.000000,3.376937,2.450121,3.531917,2.587188,3.531917,2.587188,0.250000,0.000000,1.000000
11710.000000,3.536982,2.588295,0.506473,0.110643,0.000000,1.000000,0.000000,1.000000,0.000000,0.578981,0.521271,0.129942,0.504815,0.267127,0.000000,0.000000,0.000000,65535.000000,3.376937,2.450121,3.536982,2.588295,3.536982,2.588295,0.250000,0.000000,1.000000
11720.000000,3.542088,2.589352,0.510587,0.105707,0.000000,1.000000,0.000000,1.000000,0.000000,0.578981,0.518417,0.117076,0.505024,0.266414,0.000000,0.000000,0.000000,65535.000000,3.376937,2.450121,3.542088,2.589352,3.542088,2.589352,0.250000,0.000000,1.000000
11730.000000,3.546998,2.590313,0.491037,0.096131,0.000000,1.000000,0.000000,1.000000,0.000000,0.435372,0.521414,0.111793,0.509289,-0.155176,0.000000,0.000000,0.000000,65535.000000,3.376937,2.450121,3.546998,2.590313,3.546998,2.590313,0.250000,0.000000,1.000000
11740.000000,3.551711,2.591020,0.471322,0.070713,0.000000,1.000000,0.000000,1.000000,0.000000,0.548160,0.500358,0.102007,0.489850,0.091655,0.000000,0.000000,0.000000,65535.000000,3.376937,2.450121,3.551711,2.591020,3.551711,2.591020,0.250000,0.000000,1.000000
11750.000000,3.556691,2.591707,0.498019,0.068721,0.000000,1.000000,0.000000,1.000000,0.000000,0.593305,0.476597,0.077026,0.470332,0.313093,0.000000,0.000000,0.000000,65535.000000,3.376937,2.450121,3.556691,2.591707,3.556691,2.591707,0.250000,0.000000,1.000000
11760.000000,3.561821,2.592359,0.512954,0.065148,0.000000,1.000000,0.000000,1.000000,0.000000,0.593305,0.502738,0.076080,0.496948,0.312115,0.000000,0.000000,0.000000,65535.000000,3.376937,2.450121,3.561821,2.592359,3.561821,2.592359,0.250000,0.000000,1.000000
11770.000000,3.566858,2.593117,0.503675,0.075852,0.000000,1.000000,0.000000,1.000000,0.000000,0.593305,0.517074,0.072883,0.511912,0.311143,0.000000,0.000000,0.000000,65535.000000,3.376937,2.450121,3.566858,2.593117,3.566858,2.593117,0.250000,0.000000,1.000000
11780.000000,3.572065,2.594029,0.520741,0.091190,0.000000,1.000000,0.000000,1.000000,0.000000,0.572318,0.509355,0.083350,0.502489,0.246313,0.000000,0.000000,0.000000,65535.000000,3.376937,2.450121,3.572065,2.594029,3.572065,2.594029,0.250000,0.000000,1.000000
11790.000000,3.577404,2.595025,0.533887,0.099576,0.000000,1.000000,0.000000,1.000000,0.000000,0.572318,0.528665,0.098282,0.519450,0.206420,0.000000,0.000000,0.000000,65535.000000,3.376937,2.450121,3.577404,2.595025,3.577404,2.595025,0.250000,0.000000,1.000000
11800.000000,3.583080,2.596113,0.567553,0.108766,0.000000,1.000000,0.000000,1.000000,0.000000,0.501770,0.543094,0.106142,0.532621,0.027271,0.000000,0.000000,0.000000,65535.000000,3.376937,2.450121,3.583080,2.596113,3.583080,2.596113,0.250000,0.000000,1.000000
11810.000000,3.588803,2.597238,0.572363,0.112554,0.000000,1.000000,0.000000,1.000000,0.000000,0.592816,0.577881,0.115547,0.566211,0.311794,0.000000,0.000000,0.000000,65535.000000,3.376937,2.450121,3.588803,2.597238,3.588803,2.597238,0.250000,0.000000,1.000000
11820.000000,3.594336,2.598334,0.553274,0.109524,0.000000,1.000000,0.000000,1.000000,0.000000,0.631155,0.583324,0.119360,0.570982,0.430596,0.000000,0.000000,0.000000,65535.000000,3.376937,2.450121,3.594336,2.598334,3.594336,2.598334,0.250000,0.000000,1.000000
11830.000000,3.599835,2.599379,0.549875,0.104499,0.000000,1.000000,0.000000,1.000000,0.000000,0.631155,0.564011,0.116466,0.551855,0.428748,0.000000,0.000000,0.000000,65535.000000,3.376937,2.450121,3.599835,2.599379,3.599835,2.599379,0.250000,0.000000,1.000000
11840.000000,3.605392,2.600158,0.555677,0.077988,0.000000,1.000000,0.000000,1.000000,0.000000,0.630587,0.559717,0.112073,0.548382,0.425105,0.000000,0.000000,0.000000,65535.000000,3.376937,2.450121,3.605392,2.600158,3.605392,2.600158,0.250000,0.000000,1.000000
11850.000000,3.610901,2.600790,0.550975,0.063166,0.000000,1.000000,0.000000,1.000000,0.000000,0.452918,0.561123,0.085823,0.554521,-0.144871,0.000000,0.000000,0.000000,65535.000000,3.376937,2.450121,3.610901,2.600790,3.610901,2.600790,0.250000,0.000000,1.000000
11860.000000,3.616482,2.601534,0.558091,0.074446,0.000000,1.000000,0.000000,1.000000,0.000000,0.169687,0.554584,0.071014,0.550018,-1.049667,0.000000,0.000000,0.000000,65535.000000,3.376937,2.450121,3.616482,2.601534,3.616482,2.601534,0.250000,0.000000,1.000000
11870.000000,3.622086,2.602374,0.560336,0.084004,0.000000,1.000000,0.000000,1.000000,0.000000,0.186475,0.563034,0.082857,0.556904,-0.985712,0.000000,0.000000,0.000000,65535.000000,3.376937,2.450121,3.622086,2.602374,3.622086,2.602374,0.250000,0.000000,1.000000
11880.000000,3.627716,2.603332,0.563048,0.095756,0.000000,1.000000,0.000000,1.000000,0.000000,0.426148,0.566598,0.092091,0.559064,-0.206258,0.000000,0.000000,0.000000,65535.000000,3.376937,2.450121,3.627716,2.603332,3.627716,2.603332,0.250000,0.000000,1.000000
11890.000000,3.633507,2.604388,0.579047,0.105568,0.000000,1.000000,0.000000,1.000000,0.000000,1.033739,0.571133,0.102995,0.561769,1.751389,0.000000,0.000000,0.000000,65535.000000,3.376937,2.450121,3.633507,2.604388,3.633507,2.604388,0.250000,0.000000,1.000000
11900.000000,3.639508,2.605656,0.600097,0.126864,0.000000,1.000000,0.000000,1.000000,0.000000,1.033739,0.588592,0.111652,0.577905,2.341427,0.000000,0.000000,0.000000,65535.000000,3.376937,2.450121,3.639508,2.605656,3.639508,2.605656,0.250000,0.000000,1.000000
11910.000000,3.645447,2.606993,0.593931,0.133690,0.000000,1.000000,0.000000,1.000000,0.000000,1.132911,0.613361,0.132670,0.598841,2.915055,0.000000,0.000000,0.000000,65535.000000,3.376937,2.450121,3.645447,2.606993,3.645447,2.606993,0.250000,0.000000,1.000000
11920.000000,3.651346,2.608188,0.589949,0.119499,0.000000,1.000000,0.000000,1.000000,0.000000,1.431552,0.608792,0.140341,0.592395,2.832406,0.000000,0.000000,0.000000,65535.000000,3.376937,2.450121,3.651346,2.608188,3.651346,2.608188,0.250000,0.000000,1.000000
11930.000000,3.657060,2.609220,0.571407,0.103160,0.000000,1.000000,0.000000,1.000000,0.000000,1.431552,0.601930,0.126732,0.588438,2.754315,0.000000,0.000000,0.000000,65535.000000,3.376937,2.450121,3.657060,2.609220,3.657060,2.609220,0.250000,0.000000,1.000000
11940.000000,3.662852,2.610116,0.579175,0.089682,0.000000,1.000000,0.000000,1.000000,0.000000,1.390795,0.580644,0.109871,0.570154,2.648765,0.000000,0.000000,0.000000,65535.000000,3.376937,2.450121,3.662852,2.610116,3.662852,2.610116,0.250000,0.000000,1.000000
11950.000000,3.668745,2.610765,0.589274,0.064792,0.000000,1.000000,0.000000,1.000000,0.000000,1.106964,0.586077,0.095593,0.578228,1.951542,0.000000,0.000000,0.000000,65535.000000,3.376937,2.450121,3.668745,2.610765,3.668745,2.610765,0.250000,0.000000,1.000000
11960.000000,3.674742,2.611331,0.599777,0.056665,0.000000,1.000000,0.000000,1.000000,0.000000,0.866714,0.592826,0.069816,0.588700,0.930138,0.000000,0.000000,0.000000,65535.000000,3.376937,2.450121,3.674742,2.611331,3.674742,2.611331,0.250000,0.000000,1.000000
11970.000000,3.680718,2.611945,0.597518,0.061365,0.000000,1.000000,0.000000,1.000000,0.000000,1.053898,0.602448,0.061840,0.599265,1.462365,0.000000,0.000000,0.000000,65535.000000,3.376937,2.450121,3.680718,2.611945,3.680718,2.611945,0.250000,0.000000,1.000000
11980.000000,3.686652,2.612573,0.593389,0.062819,0.000000,1.000000,0.000000,1.000000,0.000000,1.053898,0.600661,0.068065,0.596792,1.441267,0.000000,0.000000,0.000000,65535.000000,3.376937,2.450121,3.686652,2.612573,3.686652,2.612573,0.250000,0.000000,1.000000
11990.000000,3.692601,2.613227,0.594967,0.065373,0.000000,1.000000,0.000000,1.000000,0.000000,1.053898,0.596705,0.070578,0.592516,1.420769,0.000000,0.000000,0.000000,65535.000000,3.376937,2.450121,3.692601,2.613227,3.692601,2.613227,0.250000,0.000000,1.000000
12000.000000,3.698802,2.613934,0.620008,0.070733,0.000000,1.000000,0.000000,1.000000,0.000000,0.822645,0.598547,0.073430,0.594026,0.738810,0.000000,0.000000,0.000000,65535.000000,3.376937,2.450121,3.698802,2.613934,3.698802,2.613934,0.250000,0.000000,1.000000
12010.000000,3.705064,2.614629,0.626218,0.069451,0.000000,1.000000,0.000000,1.000000,0.000000,0.644967,0.624030,0.078452,0.619079,0.898949,0.000000,0.000000,0.000000,65535.000000,3.376937,2.450121,3.705064,2.614629,3.705064,2.614629,0.250000,0.000000,1.000000
12020.000000,3.711356,2.615248,0.629241,0.061965,0.000000,1.000000,0.000000,1.000000,0.000000,0.644967,0.630058,0.075648,0.625500,0.890932,0.000000,0.000000,0.000000,65535.000000,3.376937,2.450121,3.711356,2.615248,3.711356,2.615248,0.250000,0.000000,1.000000
12030.000000,3.717839,2.615819,0.648309,0.057011,0.000000,1.000000,0.000000,1.000000,0.000000,0.616878,0.632284,0.066729,0.628753,0.824408,0.000000,0.000000,0.000000,65535.000000,3.376937,2.450121,3.717839,2.615819,3.717839,2.615819,0.250000,0.000000,1.000000
12040.000000,3.725040,2.616862,0.720118,0.104385,0.000000,1.000000,0.000000,1.000000,0.000000,0.596340,0.650811,0.060599,0.647983,0.646755,0.000000,0.000000,0.000000,65535.000000,3.376937,2.450121,3.725040,2.616862,3.725040,2.616862,0.250000,0.000000,1.000000
12050.000000,3.732153,2.618077,0.711281,0.121482,0.000000,1.000000,0.000000,1.000000,0.000000,0.809651,0.666031,0.052909,0.663926,0.642594,0.000000,0.000000,0.000000,65535.000000,3.376937,2.450121,3.732153,2.618077,3.732153,2.618077,0.250000,0.000000,1.000000
12060.000000,3.739199,2.619353,0.704578,0.127557,0.000000,1.000000,0.000000,1.000000,0.000000,0.746517,0.659770,0.050151,0.657861,0.326187,0.000000,0.000000,0.000000,65535.000000,3.376937,2.450121,3.739199,2.619353,3.739199,2.619353,0.250000,0.000000,1.000000
12070.000000,3.746107,2.620458,0.690859,0.110567,0.000000,1.000000,0.000000,1.000000,0.000000,0.717138,0.655194,0.047803,0.653448,0.398020,0.000000,0.000000,0.000000,65535.000000,3.376937,2.450121,3.746107,2.620458,3.746107,2.620458,0.250000,0.000000,1.000000
12080.000000,3.753002,2.621543,0.689424,0.108535,0.000000,1.000000,0.000000,1.000000,0.000000,0.630774,0.639571,0.049632,0.637642,0.813543,0.000000,0.000000,0.000000,65535.000000,3.376937,2.450121,3.753002,2.621543,3.753002,2.621543,0.250000,0.000000,1.000000
12090.000000,3.759541,2.622492,0.653957,0.094849,0.000000,1.000000,0.000000,1.000000,0.000000,0.693019,0.637412,0.064495,0.634141,1.405737,0.000000,0.000000,0.000000,65535.000000,3.376937,2.450121,3.759541,2.622492,3.759541,2.622492,0.250000,0.000000,1.000000
12100.000000,3.765576,2.623163,0.603438,0.067127,0.000000,1.000000,0.000000,1.000000,0.000000,0.724604,0.622880,0.070349,0.618895,1.386231,0.000000,0.000000,0.000000,65535.000000,3.376937,2.450121,3.765576,2.623163,3.765576,2.623163,0.250000,0.000000,1.000000
12110.000000,3.771524,2.623970,0.594876,0.080671,0.000000,1.000000,0.000000,1.000000,0.000000,0.806211,0.607160,0.073943,0.602641,1.696415,0.000000,0.000000,0.000000,65535.000000,3.376937,2.450121,3.771524,2.623970,3.771524,2.623970,0.250000,0.000000,1.000000
12120.000000,3.777654,2.624907,0.612927,0.093646,0.000000,1.000000,0.000000,1.000000,0.000000,0.806211,0.600321,0.086618,0.594039,1.668089,0.000000,0.000000,0.000000,65535.000000,3.376937,2.450121,3.777654,2.624907,3.777654,2.624907,0.250000,0.000000,1.000000
12130.000000,3.783769,2.625942,0.611501,0.103525,0.000000,1.000000,0.000000,1.000000,0.000000,0.572346,0.620040,0.098326,0.612194,0.826903,0.000000,0.000000,0.000000,65535.000000,3.376937,2.450121,3.783769,2.625942,3.783769,2.625942,0.250000,0.000000,1.000000
12140.000000,3.789958,2.627060,0.618952,0.111810,0.000000,1.000000,0.000000,1.000000,0.000000,0.557426,0.620202,0.106823,0.610933,0.537527,0.000000,0.000000,0.000000,65535.000000,3.376937,2.450121,3.789958,2.627060,3.789958,2.627060,0.250000,0.000000,1.000000
12150.000000,3.796043,2.628062,0.608467,0.100208,0.000000,1.000000,0.000000,1.000000,0.000000,0.555855,0.628970,0.114657,0.618431,0.524876,0.000000,0.000000,0.000000,65535.000000,3.376937,2.450121,3.796043,2.628062,3.796043,2.628062,0.250000,0.000000,1.000000
12160.000000,3.801856,2.628762,0.581312,0.069984,0.000000,1.000000,0.000000,1.000000,0.000000,0.569632,0.616663,0.103766,0.607870,0.059808,0.000000,0.000000,0.000000,65535.000000,3.376937,2.450121,3.801856,2.628762,3.801856,2.628762,0.250000,0.000000,1.000000
12170.000000,3.807515,2.629263,0.565935,0.050129,0.000000,1.000000,0.000000,1.000000,0.000000,0.852378,0.585509,0.074834,0.580707,0.700079,0.000000,0.000000,0.000000,65535.000000,3.376937,2.450121,3.807515,2.629263,3.807515,2.629263,0.250000,0.000000,1.000000
12180.000000,3.813157,2.629773,0.564120,0.050979,0.000000,1.000000,0.000000,1.000000,0.000000,0.863096,0.568151,0.055762,0.565408,0.726460,0.000000,0.000000,0.000000,65535.000000,3.376937,2.450121,3.813157,2.629773,3.813157,2.629773,0.250000,0.000000,1.000000
12190.000000,3.818870,2.630450,0.571365,0.067658,0.000000,1.000000,0.000000,1.000000,0.000000,0.863096,0.566419,0.056482,0.563596,0.721216,0.000000,0.000000,0.000000,65535.000000,3.376937,2.450121,3.818870,2.630450,3.818870,2.630450,0.250000,0.000000,1.000000
12200.000000,3.824870,2.631219,0.599923,0.076996,0.000000,1.000000,0.000000,1.000000,0.000000,0.823196,0.575357,0.072626,0.570755,0.543375,0.000000,0.000000,0.000000,65535.000000,3.376937,2.450121,3.824870,2.631219,3.824870,2.631219,0.250000,0.000000,1.000000
12210.000000,3.830885,2.631854,0.601498,0.063460,0.000000,1.000000,0.000000,1.000000,0.000000,0.598563,0.604844,0.081884,0.599276,-0.074545,0.000000,0.000000,0.000000,65535.000000,3.376937,2.450121,3.830885,2.631854,3.830885,2.631854,0.250000,0.000000,1.000000
12220.000000,3.836944,2.632355,0.605905,0.050061,0.000000,1.000000,0.000000,1.000000,0.000000,0.485862,0.604836,0.068595,0.600934,-0.413223,0.000000,0.000000,0.000000,65535.000000,3.376937,2.450121,3.836944,2.632355,3.836944,2.632355,0.250000,0.000000,1.000000
12230.000000,3.842947,2.632737,0.600273,0.038207,0.000000,1.000000,0.000000,1.000000,0.000000,0.395620,0.607970,0.055856,0.605398,-0.684221,0.000000,0.000000,0.000000,65535.000000,3.376937,2.450121,3.842947,2.632737,3.842947,2.632737,0.250000,0.000000,1.000000
12240.000000,3.848771,2.633164,0.582412,0.042697,0.000000,1.000000,0.000000,1.000000,0.000000,0.220814,0.601488,0.044109,0.599868,-1.205916,0.000000,0.000000,0.000000,65535.000000,3.376937,2.450121,3.848771,2.633164,3.848771,2.633164,0.250000,0.000000,1.000000
12250.000000,3.854567,2.633667,0.579663,0.050282,0.000000,1.000000,0.000000,1.000000,0.000000,0.220814,0.583975,0.048019,0.581998,-1.191532,0.000000,0.000000,0.000000,65535.000000,3.376937,2.450121,3.854567,2.633667,3.854567,2.633667,0.250000,0.000000,1.000000
12260.000000,3.860601,2.634150,0.603363,0.048340,0.000000,1.000000,0.000000,1.000000,0.000000,0.478678,0.581840,0.054345,0.579297,-0.400702,0.000000,0.000000,0.000000,65535.000000,3.376937,2.450121,3.860601,2.634150,3.860601,2.634150,0.250000,0.000000,1.000000
12270.000000,3.866663,2.634653,0.606231,0.050302,0.000000,1.000000,0.000000,1.000000,0.000000,0.536483,0.605297,0.051032,0.603142,-0.224310,0.000000,0.000000,0.000000,65535.000000,3.376937,2.450121,3.866663,2.634653,3.866663,2.634653,0.250000,0.000000,1.000000
12280.000000,3.872601,2.635276,0.593731,0.062242,0.000000,1.000000,0.000000,1.000000,0.000000,0.536483,0.608315,0.052269,0.606065,-0.223807,0.000000,0.000000,0.000000,65535.000000,3.376937,2.450121,3.872601,2.635276,3.872601,2.635276,0.250000,0.000000,1.000000
12290.000000,3.878283,2.635937,0.568257,0.066135,0.000000,1.000000,0.000000,1.000000,0.000000,0.516755,0.596984,0.065459,0.593384,-0.284551,0.000000,0.000000,0.000000,65535.000000,3.376937,2.450121,3.878283,2.635937,3.878283,2.635937,0.250000,0.000000,1.000000
12300.000000,3.883664,2.636523,0.538098,0.058553,0.000000,1.000000,0.000000,1.000000,0.000000,0.225070,0.572093,0.070941,0.567677,-1.187498,0.000000,0.000000,0.000000,65535.000000,3.376937,2.450121,3.883664,2.636523,3.883664,2.636523,0.250000,0.000000,1.000000
12310.000000,3.888970,2.637105,0.530595,0.058167,0.000000,1.000000,0.000000,1.000000,0.000000,0.084780,0.541274,0.064493,0.537418,-1.600518,0.000000,0.000000,0.000000,65535.000000,3.376937,2.450121,3.888970,2.637105,3.888970,2.637105,0.250000,0.000000,1.000000
12320.000000,3.894456,2.637726,0.548642,0.062104,0.000000,1.000000,0.000000,1.000000,0.000000,0.085227,0.533774,0.064460,0.529868,-1.573934,0.000000,0.000000,0.000000,65535.000000,3.376937,2.450121,3.894456,2.637726,3.894456,2.637726,0.250000,0.000000,1.000000
12330.000000,3.899865,2.638313,0.540908,0.058754,0.000000,1.000000,0.000000,1.000000,0.000000,0.218177,0.552145,0.067711,0.547978,-1.144634,0.000000,0.000000,0.000000,65535.000000,3.376937,2.450121,3.899865,2.638313,3.899865,2.638313,0.250000,0.000000,1.000000
12340.000000,3.905311,2.639023,0.544518,0.071010,0.000000,1.000000,0.000000,1.000000,0.000000,0.369164,0.544090,0.062510,0.540487,-0.674204,0.000000,0.000000,0.000000,65535.000000,3.376937,2.450121,3.905311,2.639023,3.905311,2.639023,0.250000,0.000000,1.000000
12350.000000,3.911075,2.639886,0.576482,0.086273,0.000000,1.000000,0.000000,1.000000,0.000000,0.369164,0.549129,0.073710,0.544159,-0.669685,0.000000,0.000000,0.000000,65535.000000,3.376937,2.450121,3.911075,2.639886,3.911075,2.639886,0.250000,0.000000,1.000000
12360.000000,3.917001,2.640529,0.592576,0.064317,0.000000,1.000000,0.000000,1.000000,0.000000,0.369164,0.582902,0.089092,0.576053,-0.665226,0.000000,0.000000,0.000000,65535.000000,3.376937,2.450121,3.917001,2.640529,3.917001,2.640529,0.250000,0.000000,1.000000
12370.000000,3.922785,2.641078,0.578406,0.054894,0.000000,1.000000,0.000000,1.000000,0.000000,0.304039,0.596057,0.067787,0.592189,-0.861988,0.000000,0.000000,0.000000,65535.000000,3.376937,2.450121,3.922785,2.641078,3.922785,2.641078,0.250000,0.000000,1.000000
12380.000000,3.928428,2.641630,0.564287,0.055162,0.000000,1.000000,0.000000,1.000000,0.000000,0.295872,0.581005,0.059286,0.577972,-0.888225,0.000000,0.000000,0.000000,65535.000000,3.376937,2.450121,3.928428,2.641630,3.928428,2.641630,0.250000,0.000000,1.000000
12390.000000,3.933822,2.641880,0.539421,0.025017,0.000000,1.000000,0.000000,1.000000,0.000000,0.295872,0.566977,0.060608,0.563728,-0.880397,0.000000,0.000000,0.000000,65535.000000,3.376937,2.450121,3.933822,2.641880,3.933822,2.641880,0.250000,0.000000,1.000000
12400.000000,3.939305,2.641968,0.548264,0.008876,0.000000,1.000000,0.000000,1.000000,0.000000,0.292969,0.540001,0.030671,0.539129,-0.872706,0.000000,0.000000,0.000000,65535.000000,3.376937,2.450121,3.939305,2.641968,3.939305,2.641968,0.250000,0.000000,1.000000
12410.000000,3.944774,2.642135,0.546952,0.016683,0.000000,1.000000,0.000000,1.000000,0.000000,0.510199,0.548336,0.014252,0.548150,-0.192427,0.000000,0.000000,0.000000,65535.000000,3.376937,2.450121,3.944774,2.642135,3.944774,2.642135,0.250000,0.000000,1.000000
12420.000000,3.950222,2.642408,0.544769,0.027245,0.000000,1.000000,0.000000,1.000000,0.000000,0.535344,0.547207,0.021181,0.546796,0.226375,0.000000,0.000000,0.000000,65535.000000,3.376937,2.450121,3.950222,2.642408,3.950222,2.642408,0.250000,0.000000,1.000000
12430.000000,3.955760,2.642790,0.553778,0.038160,0.000000,1.000000,0.000000,1.000000,0.000000,0.570362,0.545450,0.030670,0.544587,0.496493,0.000000,0.000000,0.000000,65535.000000,3.376937,2.450121,3.955760,2.642790,3.955760,2.642790,0.250000,0.000000,1.000000
12440.000000,3.961450,2.643231,0.569004,0.044112,0.000000,1.000000,0.000000,1.000000,0.000000,0.570362,0.555091,0.041075,0.553569,0.494038,0.000000,0.000000,0.000000,65535.000000,3.376937,2.450121,3.961450,2.643231,3.961450,2.643231,0.250000,0.000000,1.000000
12450.000000,3.966944,2.643663,0.549441,0.043280,0.000000,1.000000,0.000000,1.000000,0.000000,0.640690,0.570711,0.047464,0.568734,0.542645,0.000000,0.000000,0.000000,65535.000000,3.376937,2.450121,3.966944,2.643663,3.966944,2.643663,0.250000,0.000000,1.000000
12460.000000,3.972353,2.644097,0.540889,0.043322,0.000000,1.000000,0.000000,1.000000,0.000000,0.640690,0.551143,0.047462,0.549096,0.539714,0.000000,0.000000,0.000000,65535.000000,3.376937,2.450121,3.972353,2.644097,3.972353,2.644097,0.250000,0.000000,1.000000
12470.000000,3.978007,2.644587,0.565328,0.049025,0.000000,1.000000,0.000000,1.000000,0.000000,0.598280,0.542621,0.048114,0.540484,0.062394,0.000000,0.000000,0.000000,65535.000000,3.376937,2.450121,3.978007,2.644587,3.978007,2.644587,0.250000,0.000000,1.000000
12480.000000,3.984093,2.645181,0.608668,0.059421,0.000000,1.000000,0.000000,1.000000,0.000000,0.331514,0.567450,0.054403,0.564836,-0.800617,0.000000,0.000000,0.000000,65535.000000,3.376937,2.450121,3.984093,2.645181,3.984093,2.645181,0.250000,0.000000,1.000000
12490.000000,3.990037,2.645633,0.594352,0.045217,0.000000,1.000000,0.000000,1.000000,0.000000,0.331514,0.611562,0.065461,0.608048,-0.794252,0.000000,0.000000,0.000000,65535.000000,3.376937,2.450121,3.990037,2.645633,3.990037,2.645633,0.250000,0.000000,1.000000
12500.000000,3.995940,2.645986,0.590332,0.035314,0.000000,1.000000,0.000000,1.000000,0.000000,0.331151,0.596070,0.050661,0.593913,-0.789172,0.000000,0.000000,0.000000,65535.000000,3.376937,2.450121,3.995940,2.645986,3.995940,2.645986,0.250000,0.000000,1.000000
12510.000000,4.001832,2.646244,0.589218,0.025744,0.000000,1.000000,0.000000,1.000000,0.000000,0.197014,0.591387,0.039611,0.590059,-1.218357,0.000000,0.000000,0.000000,65535.000000,3.376937,2.450121,4.001832,2.646244,4.001832,2.646244,0.250000,0.000000,1.000000
12520.000000,4.007704,2.646451,0.587194,0.020772,0.000000,1.000000,0.000000,1.000000,0.000000,0.243254,0.589780,0.028901,0.589071,-1.054174,0.000000,0.000000,0.000000,65535.000000,3.376937,2.450121,4.007704,2.646451,4.007704,2.646451,0.250000,0.000000,1.000000
12530.000000,4.013286,2.646345,0.558240,-0.010619,0.000000,1.000000,0.000000,1.000000,0.000000,0.249794,0.587562,0.023633,0.587086,-1.022220,0.000000,0.000000,0.000000,65535.000000,3.376937,2.450121,4.013286,2.646345,4.013286,2.646345,0.250000,0.000000,1.000000
12540.000000,4.018973,2.646058,0.568659,-0.028724,0.000000,1.000000,0.000000,1.000000,0.000000,0.249794,0.558341,-0.007079,0.558296,-1.011866,0.000000,0.000000,0.000000,65535.000000,3.376937,2.450121,4.018973,2.646058,4.018973,2.646058,0.250000,0.000000,1.000000
12550.000000,4.024649,2.645798,0.567574,-0.026010,0.000000,1.000000,0.000000,1.000000,0.000000,0.324926,0.569384,-0.023974,0.568879,-0.757514,0.000000,0.000000,0.000000,65535.000000,3.376937,2.450121,4.024649,2.645798,4.024649,2.645798,0.250000,0.000000,1.000000
12560.000000,4.030334,2.645741,0.568480,-0.005721,0.000000,1.000000,0.000000,1.000000,0.000000,0.525315,0.568169,-0.020608,0.567796,-0.100065,0.000000,0.000000,0.000000,65535.000000,3.376937,2.450121,4.030334,2.645741,4.030334,2.645741,0.250000,0.000000,1.000000
12570.000000,4.036100,2.645859,0.576653,0.011879,0.000000,1.000000,0.000000,1.000000,0.000000,0.553528,0.568509,-0.000223,0.568509,-0.027991,0.000000,0.000000,0.000000,65535.000000,3.376937,2.450121,4.036100,2.645859,4.036100,2.645859,0.250000,0.000000,1.000000
12580.000000,4.041930,2.646080,0.582999,0.022009,0.000000,1.000000,0.000000,1.000000,0.000000,0.553528,0.576775,0.016873,0.576529,-0.027983,0.000000,0.000000,0.000000,65535.000000,3.376937,2.450121,4.041930,2.646080,4.041930,2.646080,0.250000,0.000000,1.000000
12590.000000,4.047709,2.646409,0.577939,0.032976,0.000000,1.000000,0.000000,1.000000,0.000000,0.547176,0.583414,0.026062,0.582831,-0.027976,0.000000,0.000000,0.000000,65535.000000,3.376937,2.450121,4.047709,2.646409,4.047709,2.646409,0.250000,0.000000,1.000000
12600.000000,4.053643,2.646706,0.593385,0.029713,0.000000,1.000000,0.000000,1.000000,0.000000,0.455829,0.578879,0.036283,0.577741,-0.337814,0.000000,0.000000,0.000000,65535.000000,3.376937,2.450121,4.053643,2.646706,4.053643,2.646706,0.250000,0.000000,1.000000
12610.000000,4.059609,2.646912,0.596634,0.020547,0.000000,1.000000,0.000000,1.000000,0.000000,0.353262,0.594129,0.032746,0.593226,-0.685430,0.000000,0.000000,0.000000,65535.000000,3.376937,2.450121,4.059609,2.646912,4.059609,2.646912,0.250000,0.000000,1.000000
12620.000000,4.065707,2.647225,0.609768,0.031287,0.000000,1.000000,0.000000,1.000000,0.000000,0.347395,0.596988,0.023377,0.596530,-0.808881,0.000000,0.000000,0.000000,65535.000000,3.376937,2.450121,4.065707,2.647225,4.065707,2.647225,0.250000,0.000000,1.000000
12630.000000,4.071850,2.647407,0.614302,0.018247,0.000000,1.000000,0.000000,1.000000,0.000000,0.435761,0.610570,0.034635,0.609587,-0.718079,0.000000,0.000000,0.000000,65535.000000,3.376937,2.450121,4.071850,2.647407,4.071850,2.647407,0.250000,0.000000,1.000000
12640.000000,4.078021,2.647522,0.617077,0.011501,0.000000,1.000000,0.000000,1.000000,0.000000,0.254311,0.614573,0.022574,0.614158,-0.630577,0.000000,0.000000,0.000000,65535.000000,3.376937,2.450121,4.078021,2.647522,4.078021,2.647522,0.250000,0.000000,1.000000
12650.000000,4.084175,2.647776,0.615467,0.025419,0.000000,1.000000,0.000000,1.000000,0.000000,0.324383,0.617184,0.016478,0.616964,-0.626621,0.000000,0.000000,0.000000,65535.000000,3.376937,2.450121,4.084175,2.647776,4.084175,2.647776,0.250000,0.000000,1.000000
12660.000000,4.090423,2.648074,0.624756,0.029814,0.000000,1.000000,0.000000,1.000000,0.000000,0.373016,0.615992,0.030399,0.615241,-0.894142,0.000000,0.000000,0.000000,65535.000000,3.376937,2.450121,4.090423,2.648074,4.090423,2.648074,0.250000,0.000000,1.000000
12670.000000,4.096768,2.648388,0.634574,0.031369,0.000000,1.000000,0.000000,1.000000,0.000000,0.262881,0.625467,0.034366,0.624522,-0.963057,0.000000,0.000000,0.000000,65535.000000,3.376937,2.450121,4.096768,2.648388,4.096768,2.648388,0.250000,0.000000,1.000000
12680.000000,4.103251,2.648755,0.648222,0.036671,0.000000,1.000000,0.000000,1.000000,0.000000,0.262881,0.635349,0.035494,0.634357,-0.953862,0.000000,0.000000,0.000000,65535.000000,3.376937,2.450121,4.103251,2.648755,4.103251,2.648755,0.250000,0.000000,1.000000
12690.000000,4.109797,2.649197,0.654580,0.044238,0.000000,1.000000,0.000000,1.000000,0.000000,0.262881,0.649258,0.040766,0.647977,-0.944840,0.000000,0.000000,0.000000,65535.000000,3.376937,2.450121,4.109797,2.649197,4.109797,2.649197,0.250000,0.000000,1.000000
12700.000000,4.116645,2.649893,0.684828,0.069586,0.000000,1.000000,0.000000,1.000000,0.000000,0.193254,0.656074,0.048583,0.654272,-1.176397,0.000000,0.000000,0.000000,65535.000000,3.376937,2.450121,4.116645,2.649893,4.116645,2.649893,0.250000,0.000000,1.000000
12710.000000,4.123535,2.650749,0.688969,0.085636,0.000000,1.000000,0.000000,1.000000,0.000000,0.324835,0.688354,0.074318,0.684330,-0.710075,0.000000,0.000000,0.000000,65535.000000,3.376937,2.450121,4.123535,2.650749,4.123535,2.650749,0.250000,0.000000,1.000000
12720.000000,4.130324,2.651495,0.678961,0.074557,0.000000,1.000000,0.000000,1.000000,0.000000,0.449369,0.694271,0.090774,0.688311,-0.273041,0.000000,0.000000,0.000000,65535.000000,3.376937,2.450121,4.130324,2.651495,4.130324,2.651495,0.250000,0.000000,1.000000
12730.000000,4.136886,2.651962,0.656115,0.046696,0.000000,1.000000,0.000000,1.000000,0.000000,0.630892,0.683042,0.079942,0.678348,0.363965,0.000000,0.000000,0.000000,65535.000000,3.376937,2.450121,4.136886,2.651962,4.136886,2.651962,0.250000,0.000000,1.000000
12740.000000,4.143395,2.652181,0.650979,0.021883,0.000000,1.000000,0.000000,1.000000,0.000000,0.692254,0.657775,0.052355,0.655688,0.577627,0.000000,0.000000,0.000000,65535.000000,3.376937,2.450121,4.143395,2.652181,4.143395,2.652181,0.250000,0.000000,1.000000
12750.000000,4.150178,2.652400,0.678293,0.021915,0.000000,1.000000,0.000000,1.000000,0.000000,0.692254,0.651347,0.028221,0.650735,0.574307,0.000000,0.000000,0.000000,65535.000000,3.376937,2.450121,4.150178,2.652400,4.150178,2.652400,0.250000,0.000000,1.000000
12760.000000,4.157267,2.652609,0.708821,0.020905,0.000000,1.000000,0.000000,1.000000,0.000000,0.692254,0.678647,0.029104,0.678023,0.571024,0.000000,0.000000,0.000000,65535.000000,3.376937,2.450121,4.157267,2.652609,4.157267,2.652609,0.250000,0.000000,1.000000
12770.000000,4.164191,2.652845,0.692402,0.023597,0.000000,1.000000,0.000000,1.000000,0.000000,0.547294,0.709130,0.028338,0.708563,0.049887,0.000000,0.000000,0.000000,65535.000000,3.376937,2.450121,4.164191,2.652845,4.164191,2.652845,0.250000,0.000000,1.000000
12780.000000,4.171090,2.653137,0.689893,0.029204,0.000000,1.000000,0.000000,1.000000,0.000000,0.264278,0.692804,0.029830,0.692161,-0.967535,0.000000,0.000000,0.000000,65535.000000,3.376937,2.450121,4.171090,2.653137,4.171090,2.653137,0.250000,0.000000,1.000000
12790.000000,4.178236,2.653525,0.714583,0.038850,0.000000,1.000000,0.000000,1.000000,0.000000,0.269055,0.690511,0.034017,0.689673,-0.936590,0.000000,0.000000,0.000000,65535.000000,3.376937,2.450121,4.178236,2.653525,4.178236,2.653525,0.250000,0.000000,1.000000
12800.000000,4.185859,2.654246,0.762343,0.072102,0.000000,1.000000,0.000000,1.000000,0.000000,0.357519,0.715639,0.043131,0.714338,-0.612400,0.000000,0.000000,0.000000,65535.000000,3.376937,2.450121,4.185859,2.654246,4.185859,2.654246,0.250000,0.000000,1.000000
12810.000000,4.193417,2.655040,0.755779,0.079383,0.000000,1.000000,0.000000,1.000000,0.000000,0.357519,0.765745,0.076858,0.761878,-0.608669,0.000000,0.000000,0.000000,65535.000000,3.376937,2.450121,4.193417,2.655040,4.193417,2.655040,0.250000,0.000000,1.000000
12820.000000,4.200747,2.655634,0.733004,0.059362,0.000000,1.000000,0.000000,1.000000,0.000000,0.357519,0.759936,0.084483,0.755225,-0.604983,0.000000,0.000000,0.000000,65535.000000,3.376937,2.450121,4.200747,2.655634,4.200747,2.655634,0.250000,0.000000,1.000000
12830.000000,4.207665,2.655822,0.691902,0.018817,0.000000,1.000000,0.000000,1.000000,0.000000,0.227703,0.735404,0.064957,0.732530,-1.072678,0.000000,0.000000,0.000000,65535.000000,3.376937,2.450121,4.207665,2.655822,4.207665,2.655822,0.250000,0.000000,1.000000
12840.000000,4.214649,2.655809,0.698378,-0.001317,0.000000,1.000000,0.000000,1.000000,0.000000,0.033847,0.692158,0.024836,0.691713,-1.757492,0.000000,0.000000,0.000000,65535.000000,3.376937,2.450121,4.214649,2.655809,4.214649,2.655809,0.250000,0.000000,1.000000
12850.000000,4.221708,2.655751,0.705861,-0.005816,0.000000,1.000000,0.000000,1.000000,0.000000,0.101620,0.698379,0.005436,0.698358,-1.483956,0.000000,0.000000,0.000000,65535.000000,3.376937,2.450121,4.221708,2.655751,4.221708,2.655751,0.250000,0.000000,1.000000
12860.000000,4.228800,2.655789,0.709182,0.003804,0.000000,1.000000,0.000000,1.000000,0.000000,0.171153,0.705885,0.000721,0.705885,-1.216733,0.000000,0.000000,0.000000,65535.000000,3.376937,2.450121,4.228800,2.655789,4.228800,2.655789,0.250000,0.000000,1.000000
12870.000000,4.235953,2.655891,0.715340,0.010214,0.000000,1.000000,0.000000,1.000000,0.000000,0.245629,0.709193,0.009602,0.709127,-0.935099,0.000000,0.000000,0.000000,65535.000000,3.376937,2.450121,4.235953,2.655891,4.235953,2.655891,0.250000,0.000000,1.000000
12880.000000,4.243268,2.656050,0.731515,0.015931,0.000000,1.000000,0.000000,1.000000,0.000000,0.796573,0.715413,0.015055,0.715254,1.048543,0.000000,0.000000,0.000000,65535.000000,3.376937,2.450121,4.243268,2.656050,4.243268,2.656050,0.250000,0.000000,1.000000
12890.000000,4.250684,2.656340,0.741521,0.028971,0.000000,1.000000,0.000000,1.000000,0.000000,0.865769,0.731689,0.019711,0.731423,1.589208,0.000000,0.000000,0.000000,65535.000000,3.376937,2.450121,4.250684,2.656340,4.250684,2.656340,0.250000,0.000000,1.000000
12900.000000,4.258465,2.656858,0.778135,0.051778,0.000000,1.000000,0.000000,1.000000,0.000000,0.865769,0.742087,0.033038,0.741351,1.564322,0.000000,0.000000,0.000000,65535.000000,3.376937,2.450121,4.258465,2.656858,4.258465,2.656858,0.250000,0.000000,1.000000
12910.000000,4.266216,2.657472,0.775095,0.061476,0.000000,1.000000,0.000000,1.000000,0.000000,0.774066,0.779855,0.056923,0.777775,2.283163,0.000000,0.000000,0.000000,65535.000000,3.376937,2.450121,4.266216,2.657472,4.266216,2.657472,0.250000,0.000000,1.000000
12920.000000,4.273739,2.657839,0.752300,0.036625,0.000000,1.000000,0.000000,1.000000,0.000000,0.774066,0.777529,0.067008,0.774636,2.232149,0.000000,0.000000,0.000000,65535.000000,3.376937,2.450121,4.273739,2.657839,4.273739,2.657839,0.250000,0.000000,1.000000
12930.000000,4.280756,2.657856,0.701642,0.001785,0.000000,1.000000,0.000000,1.000000,0.000000,0.793580,0.753191,0.041797,0.752030,2.503295,0.000000,0.000000,0.000000,65535.000000,3.376937,2.450121,4.280756,2.657856,4.280756,2.657856,0.250000,0.000000,1.000000
12940.000000,4.287883,2.657857,0.712725,0.000055,0.000000,1.000000,0.000000,1.000000,0.000000,0.793580,0.701644,0.006036,0.701618,2.523600,0.000000,0.000000,0.000000,65535.000000,3.376937,2.450121,4.287883,2.657857,4.287883,2.657857,0.250000,0.000000,1.000000
12950.000000,4.295299,2.657889,0.741622,0.003166,0.000000,1.000000,0.000000,1.000000,0.000000,0.984218,0.712725,0.004361,0.712711,2.925497,0.000000,0.000000,0.000000,65535.000000,3.376937,2.450121,4.295299,2.657889,4.295299,2.657889,0.250000,0.000000,1.000000
12960.000000,4.302982,2.657884,0.768284,-0.000439,0.000000,1.000000,0.000000,1.000000,0.000000,1.055435,0.741629,0.008566,0.741580,2.842264,0.000000,0.000000,0.000000,65535.000000,3.376937,2.450121,4.302982,2.657884,4.302982,2.657884,0.250000,0.000000,1.000000
12970.000000,4.310518,2.657817,0.753604,-0.006773,0.000000,1.000000,0.000000,1.000000,0.000000,1.055435,0.768284,0.005259,0.768266,2.763635,0.000000,0.000000,0.000000,65535.000000,3.376937,2.450121,4.310518,2.657817,4.310518,2.657817,0.250000,0.000000,1.000000
12980.000000,4.318054,2.657768,0.753593,-0.004921,0.000000,1.000000,0.000000,1.000000,0.000000,0.980989,0.753634,-0.001350,0.753633,1.296483,0.000000,0.000000,0.000000,65535.000000,3.376937,2.450121,4.318054,2.657768,4.318054,2.657768,0.250000,0.000000,1.000000
12990.000000,4.325922,2.657908,0.786807,0.014053,0.000000,1.000000,0.000000,1.000000,0.000000,0.388539,0.753609,0.000479,0.753609,-0.590023,0.000000,0.000000,0.000000,65535.000000,3.376937,2.450121,4.325922,2.657908,4.325922,2.657908,0.250000,0.000000,1.000000
13000.000000,4.333931,2.658028,0.800897,0.012017,0.000000,1.000000,0.000000,1.000000,0.000000,0.100051,0.786933,0.019921,0.786680,-1.495791,0.000000,0.000000,0.000000,65535.000000,3.376937,2.450121,4.333931,2.658028,4.333931,2.658028,0.250000,0.000000,1.000000
13010.000000,4.341722,2.658081,0.779165,0.005312,0.000000,1.000000,0.000000,1.000000,0.000000,0.100051,0.800987,0.018120,0.800782,-1.473725,0.000000,0.000000,0.000000,65535.000000,3.376937,2.450121,4.341722,2.658081,4.341722,2.658081,0.250000,0.000000,1.000000
13020.000000,4.349195,2.658048,0.747190,-0.003313,0.000000,1.000000,0.000000,1.000000,0.000000,0.108760,0.779183,0.010471,0.779113,-1.425107,0.000000,0.000000,0.000000,65535.000000,3.376937,2.450121,4.349195,2.658048,4.349195,2.658048,0.250000,0.000000,1.000000
13030.000000,4.356386,2.657713,0.719146,-0.033536,0.000000,1.000000,0.000000,1.000000,0.000000,0.108760,0.747198,0.001196,0.747197,-1.405063,0.000000,0.000000,0.000000,65535.000000,3.376937,2.450121,4.356386,2.657713,4.356386,2.657713,0.250000,0.000000,1.000000
13040.000000,4.363750,2.657228,0.736413,-0.048475,0.000000,1.000000,0.000000,1.000000,0.000000,0.383316,0.719928,-0.029361,0.719329,-0.533663,0.000000,0.000000,0.000000,65535.000000,3.376937,2.450121,4.363750,2.657228,4.363750,2.657228,0.250000,0.000000,1.000000
13050.000000,4.371290,2.656687,0.753910,-0.054051,0.000000,1.000000,0.000000,1.000000,0.000000,0.412280,0.738007,-0.044197,0.736682,-0.440500,0.000000,0.000000,0.000000,65535.000000,3.376937,2.450121,4.371290,2.656687,4.371290,2.656687,0.250000,0.000000,1.000000
13060.000000,4.378992,2.656215,0.770223,-0.047201,0.000000,1.000000,0.000000,1.000000,0.000000,0.412280,0.755845,-0.049381,0.754230,-0.438566,0.000000,0.000000,0.000000,65535.000000,3.376937,2.450121,4.378992,2.656215,4.378992,2.656215,0.250000,0.000000,1.000000
13070.000000,4.386746,2.655729,0.775389,-0.048662,0.000000,1.000000,0.000000,1.000000,0.000000,0.439361,0.771668,-0.042096,0.770519,-0.349843,0.000000,0.000000,0.000000,65535.000000,3.376937,2.450121,4.386746,2.655729,4.386746,2.655729,0.250000,0.000000,1.000000
13080.000000,4.394718,2.655343,0.797246,-0.038541,0.000000,1.000000,0.000000,1.000000,0.000000,0.556657,0.776914,-0.043512,0.775695,-0.024343,0.000000,0.000000,0.000000,65535.000000,3.376937,2.450121,4.394718,2.655343,4.394718,2.655343,0.250000,0.000000,1.000000
13090.000000,4.402978,2.655268,0.825995,-0.007506,0.000000,1.000000,0.000000,1.000000,0.000000,0.583566,0.798177,-0.033258,0.797484,0.114053,0.000000,0.000000,0.000000,65535.000000,3.376937,2.450121,4.402978,2.655268,4.402978,2.655268,0.250000,0.000000,1.000000
13100.000000,4.411213,2.655240,0.823560,-0.002839,0.000000,1.000000,0.000000,1.000000,0.000000,0.723655,0.826029,-0.002102,0.826026,0.332246,0.000000,0.000000,0.000000,65535.000000,3.376937,2.450121,4.411213,2.655240,4.411213,2.655240,0.250000,0.000000,1.000000
13110.000000,4.419213,2.655180,0.799972,-0.006006,0.000000,1.000000,0.000000,1.000000,0.000000,0.785885,0.823565,0.001981,0.823562,0.733079,0.000000,0.000000,0.000000,65535.000000,3.376937,2.450121,4.419213,2.655180,4.419213,2.655180,0.250000,0.000000,1.000000
13120.000000,4.426895,2.654769,0.768128,-0.041023,0.000000,1.000000,0.000000,1.000000,0.000000,0.718269,0.799995,-0.002055,0.799992,1.167041,0.000000,0.000000,0.000000,65535.000000,3.376937,2.450121,4.426895,2.654769,4.426895,2.654769,0.250000,0.000000,1.000000
13130.000000,4.434526,2.654269,0.763132,-0.050055,0.000000,1.000000,0.000000,1.000000,0.000000,0.723831,0.769222,-0.037899,0.768288,1.153565,0.000000,0.000000,0.000000,65535.000000,3.376937,2.450121,4.434526,2.654269,4.434526,2.654269,0.250000,0.000000,1.000000
13140.000000,4.442430,2.653778,0.790421,-0.049113,0.000000,1.000000,0.000000,1.000000,0.000000,0.890724,0.764772,-0.047477,0.763297,1.103624,0.000000,0.000000,0.000000,65535.000000,3.376937,2.450121,4.442430,2.653778,4.442430,2.653778,0.250000,0.000000,1.000000
13150.000000,4.450294,2.653336,0.786457,-0.044210,0.000000,1.000000,0.000000,1.000000,0.000000,0.692175,0.791946,-0.046815,0.790561,0.421274,0.000000,0.000000,0.000000,65535.000000,3.376937,2.450121,4.450294,2.653336,4.450294,2.653336,0.250000,0.000000,1.000000
13160.000000,4.458210,2.652988,0.791609,-0.034816,0.000000,1.000000,0.000000,1.000000,0.000000,0.314083,0.787699,-0.041175,0.786622,-0.823451,0.000000,0.000000,0.000000,65535.000000,3.376937,2.450121,4.458210,2.652988,4.458210,2.652988,0.250000,0.000000,1.000000
13170.000000,4.466110,2.652671,0.789966,-0.031693,0.000000,1.000000,0.000000,1.000000,0.000000,0.481078,0.792374,-0.030515,0.791786,-0.327191,0.000000,0.000000,0.000000,65535.000000,3.376937,2.450121,4.466110,2.652671,4.466110,2.652671,0.250000,0.000000,1.000000
13180.000000,4.474111,2.652565,0.800104,-0.010592,0.000000,1.000000,0.000000,1.000000,0.000000,0.485568,0.790601,-0.027242,0.790132,-0.285138,0.000000,0.000000,0.000000,65535.000000,3.376937,2.450121,4.474111,2.652565,4.474111,2.652565,0.250000,0.000000,1.000000
13190.000000,4.482388,2.652797,0.827738,0.023218,0.000000,1.000000,0.000000,1.000000,0.000000,0.485568,0.800174,-0.006913,0.800144,-0.284327,0.000000,0.000000,0.000000,65535.000000,3.376937,2.450121,4.482388,2.652797,4.482388,2.652797,0.250000,0.000000,1.000000
13200.000000,4.490573,2.653143,0.818457,0.034621,0.000000,1.000000,0.000000,1.000000,0.000000,0.736231,0.828064,0.025850,0.827660,0.599373,0.000000,0.000000,0.000000,65535.000000,3.376937,2.450121,4.490573,2.653143,4.490573,2.653143,0.250000,0.000000,1.000000
13210.000000,4.498417,2.653422,0.784463,0.027851,0.000000,1.000000,0.000000,1.000000,0.000000,1.080783,0.819189,0.036808,0.818362,1.804822,0.000000,0.000000,0.000000,65535.000000,3.376937,2.450121,4.498417,2.653422,4.498417,2.653422,0.250000,0.000000,1.000000
13220.000000,4.506246,2.653529,0.782859,0.010754,0.000000,1.000000,0.000000,1.000000,0.000000,1.080783,0.784958,0.029797,0.784392,1.772794,0.000000,0.000000,0.000000,65535.000000,3.376937,2.450121,4.506246,2.653529,4.506246,2.653529,0.250000,0.000000,1.000000
13230.000000,4.514030,2.653289,0.778386,-0.024025,0.000000,1.000000,0.000000,1.000000,0.000000,0.963574,0.782933,0.012407,0.782835,1.741883,0.000000,0.000000,0.000000,65535.000000,3.376937,2.450121,4.514030,2.653289,4.514030,2.653289,0.250000,0.000000,1.000000
13240.000000,4.521917,2.652786,0.788713,-0.050271,0.000000,1.000000,0.000000,1.000000,0.000000,0.685498,0.778756,-0.022477,0.778432,1.320832,0.000000,0.000000,0.000000,65535.000000,3.376937,2.450121,4.521917,2.652786,4.521917,2.652786,0.250000,0.000000,1.000000
13250.000000,4.529682,2.652344,0.776446,-0.044251,0.000000,1.000000,0.000000,1.000000,0.000000,0.783098,0.790313,-0.048475,0.788825,2.358811,0.000000,0.000000,0.000000,65535.000000,3.376937,2.450121,4.529682,2.652344,4.529682,2.652344,0.250000,0.000000,1.000000
13260.000000,4.537523,2.651992,0.784119,-0.035134,0.000000,1.000000,0.000000,1.000000,0.000000,0.783378,0.777706,-0.041540,0.776596,2.305218,0.000000,0.000000,0.000000,65535.000000,3.376937,2.450121,4.537523,2.651992,4.537523,2.651992,0.250000,0.000000,1.000000
13270.000000,4.545398,2.651811,0.787521,-0.018150,0.000000,1.000000,0.000000,1.000000,0.000000,0.783378,0.784906,-0.032048,0.784251,2.253225,0.000000,0.000000,0.000000,65535.000000,3.376937,2.450121,4.545398,2.651811,4.545398,2.651811,0.250000,0.000000,1.000000
13280.000000,4.553612,2.652010,0.821365,0.019947,0.000000,1.000000,0.000000,1.000000,0.000000,0.656426,0.787731,-0.015752,0.787573,0.276064,0.000000,0.000000,0.000000,65535.000000,3.376937,2.450121,4.553612,2.652010,4.553612,2.652010,0.250000,0.000000,1.000000
13290.000000,4.561688,2.652277,0.807612,0.026668,0.000000,1.000000,0.000000,1.000000,0.000000,0.656426,0.821607,0.021732,0.821320,0.275303,0.000000,0.000000,0.000000,65535.000000,3.376937,2.450121,4.561688,2.652277,4.561688,2.652277,0.250000,0.000000,1.000000
13300.000000,4.569397,2.652393,0.770891,0.011546,0.000000,1.000000,0.000000,1.000000,0.000000,0.252376,0.808052,0.027736,0.807576,-1.128564,0.000000,0.000000,0.000000,65535.000000,3.376937,2.450121,4.569397,2.652393,4.569397,2.652393,0.250000,0.000000,1.000000
13310.000000,4.576949,2.652207,0.755219,-0.018585,0.000000,1.000000,0.000000,1.000000,0.000000,0.440918,0.770977,0.012450,0.770877,-0.276243,0.000000,0.000000,0.000000,65535.000000,3.376937,2.450121,4.576949,2.652207,4.576949,2.652207,0.250000,0.000000,1.000000
13320.000000,4.584646,2.651958,0.769732,-0.024870,0.000000,1.000000,0.000000,1.000000,0.000000,0.707860,0.755448,-0.017871,0.755236,1.315935,0.000000,0.000000,0.000000,65535.000000,3.376937,2.450121,4.584646,2.651958,4.584646,2.651958,0.250000,0.000000,1.000000
13330.000000,4.592481,2.651714,0.783465,-0.024404,0.000000,1.000000,0.000000,1.000000,0.000000,0.707860,0.770134,-0.024057,0.769758,1.298826,0.000000,0.000000,0.000000,65535.000000,3.376937,2.450121,4.592481,2.651714,4.592481,2.651714,0.250000,0.000000,1.000000
13340.000000,4.600462,2.651482,0.798110,-0.023185,0.000000,1.000000,0.000000,1.000000,0.000000,0.707860,0.783845,-0.023276,0.783499,1.282156,0.000000,0.000000,0.000000,65535.000000,3.376937,2.450121,4.600462,2.651482,4.600462,2.651482,0.250000,0.000000,1.000000
13350.000000,4.608450,2.651428,0.798852,-0.005411,0.000000,1.000000,0.000000,1.000000,0.000000,0.527491,0.798447,-0.022142,0.798140,0.847959,0.000000,0.000000,0.000000,65535.000000,3.376937,2.450121,4.608450,2.651428,4.608450,2.651428,0.250000,0.000000,1.000000
13360.000000,4.616637,2.651656,0.818617,0.022796,0.000000,1.000000,0.000000,1.000000,0.000000,0.952060,0.798870,-0.004436,0.798858,2.364478,0.000000,0.000000,0.000000,65535.000000,3.376937,2.450121,4.616637,2.651656,4.616637,2.651656,0.250000,0.000000,1.000000
13370.000000,4.624731,2.652139,0.809400,0.048261,0.000000,1.000000,0.000000,1.000000,0.000000,0.952060,0.818935,0.023446,0.818599,2.309808,0.000000,0.000000,0.000000,65535.000000,3.376937,2.450121,4.624731,2.652139,4.624731,2.652139,0.250000,0.000000,1.000000
13380.000000,4.632692,2.652550,0.796130,0.041171,0.000000,1.000000,0.000000,1.000000,0.000000,0.952060,0.810838,0.049070,0.809352,2.257610,0.000000,0.000000,0.000000,65535.000000,3.376937,2.450121,4.632692,2.652550,4.632692,2.652550,0.250000,0.000000,1.000000
13390.000000,4.640420,2.652818,0.772794,0.026802,0.000000,1.000000,0.000000,1.000000,0.000000,0.713778,0.797194,0.041905,0.796092,1.688217,0.000000,0.000000,0.000000,65535.000000,3.376937,2.450121,4.640420,2.652818,4.640420,2.652818,0.250000,0.000000,1.000000
13400.000000,4.647894,2.652855,0.747447,0.003657,0.000000,1.000000,0.000000,1.000000,0.000000,0.713778,0.773259,0.027038,0.772786,1.660162,0.000000,0.000000,0.000000,65535.000000,3.376937,2.450121,4.647894,2.652855,4.647894,2.652855,0.250000,0.000000,1.000000
13410.000000,4.655269,2.652776,0.737409,-0.007883,0.000000,1.000000,0.000000,1.000000,0.000000,0.573890,0.747456,0.003517,0.747448,0.771709,0.000000,0.000000,0.000000,65535.000000,3.376937,2.450121,4.655269,2.652776,4.655269,2.652776,0.250000,0.000000,1.000000
13420.000000,4.662788,2.652739,0.751917,-0.003687,0.000000,1.000000,0.000000,1.000000,0.000000,0.573890,0.737451,-0.008308,0.737404,0.765794,0.000000,0.000000,0.000000,65535.000000,3.376937,2.450121,4.662788,2.652739,4.662788,2.652739,0.250000,0.000000,1.000000
13430.000000,4.670465,2.652651,0.767720,-0.008791,0.000000,1.000000,0.000000,1.000000,0.000000,0.580199,0.751926,-0.003793,0.751916,0.759968,0.000000,0.000000,0.000000,65535.000000,3.376937,2.450121,4.670465,2.652651,4.670465,2.652651,0.250000,0.000000,1.000000
13440.000000,4.678267,2.652545,0.780181,-0.010609,0.000000,1.000000,0.000000,1.000000,0.000000,0.580199,0.767771,-0.008871,0.767720,0.624392,0.000000,0.000000,0.000000,65535.000000,3.376937,2.450121,4.678267,2.652545,4.678267,2.652545,0.250000,0.000000,1.000000
13450.000000,4.686021,2.652479,0.775423,-0.006549,0.000000,1.000000,0.000000,1.000000,0.000000,0.580199,0.780253,-0.010681,0.780180,0.620514,0.000000,0.000000,0.000000,65535.000000,3.376937,2.450121,4.686021,2.652479,4.686021,2.652479,0.250000,0.000000,1.000000
13460.000000,4.693739,2.652399,0.771819,-0.008090,0.000000,1.000000,0.000000,1.000000,0.000000,0.386206,0.775451,-0.006558,0.775423,-0.297805,0.000000,0.000000,0.000000,65535.000000,3.376937,2.450121,4.693739,2.652399,4.693739,2.652399,0.250000,0.000000,1.000000
13470.000000,4.701360,2.652330,0.762025,-0.006822,0.000000,1.000000,0.000000,1.000000,0.000000,0.398714,0.771861,-0.008606,0.771813,-0.117523,0.000000,0.000000,0.000000,65535.000000,3.376937,2.450121,4.701360,2.652330,4.701360,2.652330,0.250000,0.000000,1.000000
13480.000000,4.708968,2.652188,0.760857,-0.014271,0.000000,1.000000,0.000000,1.000000,0.000000,0.477925,0.762056,-0.007901,0.762015,0.046797,0.000000,0.000000,0.000000,65535.000000,3.376937,2.450121,4.708968,2.652188,4.708968,2.652188,0.250000,0.000000,1.000000
13490.000000,4.716308,2.651995,0.733945,-0.019240,0.000000,1.000000,0.000000,1.000000,0.000000,0.642961,0.760991,-0.015973,0.760824,0.046775,0.000000,0.000000,0.000000,65535.000000,3.376937,2.450121,4.716308,2.651995,4.716308,2.651995,0.250000,0.000000,1.000000
13500.000000,4.723516,2.651698,0.720876,-0.029697,0.000000,1.000000,0.000000,1.000000,0.000000,0.642961,0.734198,-0.020930,0.733899,0.046753,0.000000,0.000000,0.000000,65535.000000,3.376937,2.450121,4.723516,2.651698,4.723516,2.651698,0.250000,0.000000,1.000000
13510.000000,4.730783,2.651206,0.726654,-0.049249,0.000000,1.000000,0.000000,1.000000,0.000000,0.309241,0.721488,-0.031169,0.720814,-1.121716,0.000000,0.000000,0.000000,65535.000000,3.376937,2.450121,4.730783,2.651206,4.730783,2.651206,0.250000,0.000000,1.000000
13520.000000,4.738078,2.650584,0.729484,-0.062202,0.000000,1.000000,0.000000,1.000000,0.000000,0.527039,0.728321,-0.050541,0.726566,-0.409848,0.000000,0.000000,0.000000,65535.000000,3.376937,2.450121,4.738078,2.650584,4.738078,2.650584,0.250000,0.000000,1.000000
13530.000000,4.745314,2.649873,0.723609,-0.071058,0.000000,1.000000,0.000000,1.000000,0.000000,0.702800,0.732131,-0.063090,0.729408,0.060182,0.000000,0.000000,0.000000,65535.000000,3.376937,2.450121,4.745314,2.649873,4.745314,2.649873,0.250000,0.000000,1.000000
13540.000000,4.752410,2.649085,0.709618,-0.078810,0.000000,1.000000,0.000000,1.000000,0.000000,0.882217,0.727090,-0.071449,0.723571,0.752629,0.000000,0.000000,0.000000,65535.000000,3.376937,2.450121,4.752410,2.649085,4.752410,2.649085,0.250000,0.000000,1.000000
13550.000000,4.759324,2.648172,0.691382,-0.091261,0.000000,1.000000,0.000000,1.000000,0.000000,1.000971,0.713981,-0.078544,0.709647,1.443302,0.000000,0.000000,0.000000,65535.000000,3.376937,2.450121,4.759324,2.648172,4.759324,2.648172,0.250000,0.000000,1.000000
13560.000000,4.766243,2.647222,0.691980,-0.095063,0.000000,1.000000,0.000000,1.000000,0.000000,1.006428,0.697379,-0.090752,0.691449,1.422747,0.000000,0.000000,0.000000,65535.000000,3.376937,2.450121,4.766243,2.647222,4.766243,2.647222,0.250000,0.000000,1.000000
13570.000000,4.773099,2.646240,0.685531,-0.098199,0.000000,1.000000,0.000000,1.000000,0.000000,0.770386,0.698479,-0.094976,0.691992,1.402769,0.000000,0.000000,0.000000,65535.000000,3.376937,2.450121,4.773099,2.646240,4.773099,2.646240,0.250000,0.000000,1.000000
13580.000000,4.779757,2.645142,0.665771,-0.109767,0.000000,1.000000,0.000000,1.000000,0.000000,0.712335,0.692528,-0.098878,0.685433,1.155938,0.000000,0.000000,0.000000,65535.000000,3.376937,2.450121,4.779757,2.645142,4.779757,2.645142,0.250000,0.000000,1.000000
13590.000000,4.786202,2.644027,0.644606,-0.111427,0.000000,1.000000,0.000000,1.000000,0.000000,0.712335,0.674760,-0.111087,0.665552,1.142715,0.000000,0.000000,0.000000,65535.000000,3.376937,2.450121,4.786202,2.644027,4.786202,2.644027,0.250000,0.000000,1.000000
13600.000000,4.792670,2.642639,0.646774,-0.138824,0.000000,1.000000,0.000000,1.000000,0.000000,0.712335,0.654165,-0.112696,0.644385,1.129792,0.000000,0.000000,0.000000,65535.000000,3.376937,2.450121,4.792670,2.642639,4.792670,2.642639,0.250000,0.000000,1.000000
13610.000000,4.798963,2.641002,0.629283,-0.163683,0.000000,1.000000,0.000000,1.000000,0.000000,0.609257,0.661505,-0.139853,0.646552,0.768911,0.000000,0.000000,0.000000,65535.000000,3.376937,2.450121,4.798963,2.641002,4.798963,2.641002,0.250000,0.000000,1.000000
13620.000000,4.805085,2.639061,0.612233,-0.194142,0.000000,1.000000,0.000000,1.000000,0.000000,0.609257,0.650222,-0.163724,0.629272,0.754128,0.000000,0.000000,0.000000,65535.000000,3.376937,2.450121,4.805085,2.639061,4.805085,2.639061,0.250000,0.000000,1.000000
13630.000000,4.810978,2.636958,0.589300,-0.210254,0.000000,1.000000,0.000000,1.000000,0.000000,0.384141,0.642278,-0.193428,0.612459,-0.438990,0.000000,0.000000,0.000000,65535.000000,3.376937,2.450121,4.810978,2.636958,4.810978,2.636958,0.250000,0.000000,1.000000
13640.000000,4.816697,2.634635,0.571809,-0.232346,0.000000,1.000000,0.000000,1.000000,0.000000,0.468475,0.625685,-0.209050,0.589728,-0.703426,0.000000,0.000000,0.000000,65535.000000,3.376937,2.450121,4.816697,2.634635,4.816697,2.634635,0.250000,0.000000,1.000000
13650.000000,4.822220,2.632110,0.552335,-0.252544,0.000000,1.000000,0.000000,1.000000,0.000000,0.476289,0.617212,-0.231072,0.572325,-0.124903,0.000000,0.000000,0.000000,65535.000000,3.376937,2.450121,4.822220,2.632110,4.822220,2.632110,0.250000,0.000000,1.000000
13660.000000,4.827574,2.629359,0.535417,-0.275055,0.000000,1.000000,0.000000,1.000000,0.000000,0.783513,0.607332,-0.251790,0.552679,0.347356,0.000000,0.000000,0.000000,65535.000000,3.376937,2.450121,4.827574,2.629359,4.827574,2.629359,0.250000,0.000000,1.000000
13670.000000,4.832762,2.626449,0.518743,-0.290974,0.000000,1.000000,0.000000,1.000000,0.000000,0.819509,0.601936,-0.274324,0.535791,0.466307,0.000000,0.000000,0.000000,65535.000000,3.376937,2.450121,4.832762,2.626449,4.832762,2.626449,0.250000,0.000000,1.000000
13680.000000,4.837941,2.623308,0.517934,-0.314164,0.000000,1.000000,0.000000,1.000000,0.000000,1.022449,0.594777,-0.290123,0.519219,1.143646,0.000000,0.000000,0.000000,65535.000000,3.376937,2.450121,4.837941,2.623308,4.837941,2.623308,0.250000,0.000000,1.000000
13690.000000,4.843009,2.619869,0.506749,-0.343843,0.000000,1.000000,0.000000,1.000000,0.000000,1.098536,0.605768,-0.312909,0.518693,2.670701,0.000000,0.000000,0.000000,65535.000000,3.376937,2.450121,4.843009,2.619869,4.843009,2.619869,0.250000,0.000000,1.000000
13700.000000,4.847872,2.616095,0.486388,-0.377415,0.000000,1.000000,0.000000,1.000000,0.000000,1.189885,0.612391,-0.341946,0.508031,3.285450,0.000000,0.000000,0.000000,65535.000000,3.376937,2.450121,4.847872,2.616095,4.847872,2.616095,0.250000,0.000000,1.000000
13710.000000,4.852467,2.612098,0.459437,-0.399765,0.000000,1.000000,0.000000,1.000000,0.000000,1.189885,0.615642,-0.374823,0.488388,3.180840,0.000000,0.000000,0.000000,65535.000000,3.376937,2.450121,4.852467,2.612098,4.852467,2.612098,0.250000,0.000000,1.000000
13720.000000,4.856922,2.607910,0.445538,-0.418781,0.000000,1.000000,0.000000,1.000000,0.000000,1.180028,0.609011,-0.396972,0.461853,3.082687,0.000000,0.000000,0.000000,65535.000000,3.376937,2.450121,4.856922,2.607910,4.856922,2.607910,0.250000,0.000000,1.000000
13730.000000,4.861169,2.603607,0.424732,-0.430218,0.000000,1.000000,0.000000,1.000000,0.000000,0.827094,0.611459,-0.415805,0.448317,1.987594,0.000000,0.000000,0.000000,65535.000000,3.376937,2.450121,4.861169,2.603607,4.861169,2.603607,0.250000,0.000000,1.000000
13740.000000,4.865198,2.599163,0.402879,-0.444438,0.000000,1.000000,0.000000,1.000000,0.000000,0.827094,0.604553,-0.427369,0.427599,1.948821,0.000000,0.000000,0.000000,65535.000000,3.376937,2.450121,4.865198,2.599163,4.865198,2.599163,0.250000,0.000000,1.000000
13750.000000,4.868940,2.594658,0.374234,-0.450509,0.000000,1.000000,0.000000,1.000000,0.000000,0.821309,0.599864,-0.441665,0.405917,1.527086,0.000000,0.000000,0.000000,65535.000000,3.376937,2.450121,4.868940,2.594658,4.868940,2.594658,0.250000,0.000000,1.000000
13760.000000,4.872436,2.590101,0.349518,-0.455659,0.000000,1.000000,0.000000,1.000000,0.000000,0.859731,0.585670,-0.447827,0.377440,1.578265,0.000000,0.000000,0.000000,65535.000000,3.376937,2.450121,4.872436,2.590101,4.872436,2.590101,0.250000,0.000000,1.000000
13770.000000,4.875717,2.585351,0.328097,-0.475043,0.000000,1.000000,0.000000,1.000000,0.000000,0.967943,0.574272,-0.452918,0.353063,2.532779,0.000000,0.000000,0.000000,65535.000000,3.376937,2.450121,4.875717,2.585351,4.875717,2.585351,0.250000,0.000000,1.000000
13780.000000,4.878787,2.580226,0.307009,-0.512478,0.000000,1.000000,0.000000,1.000000,0.000000,1.033505,0.577333,-0.472400,0.331891,2.787133,0.000000,0.000000,0.000000,65535.000000,3.376937,2.450121,4.878787,2.580226,4.878787,2.580226,0.250000,0.000000,1.000000
13790.000000,4.881631,2.574794,0.284418,-0.543176,0.000000,1.000000,0.000000,1.000000,0.000000,1.247148,0.597402,-0.509877,0.311310,3.338762,0.000000,0.000000,0.000000,65535.000000,3.376937,2.450121,4.881631,2.574794,4.881631,2.574794,0.250000,0.000000,1.000000
13800.000000,4.884297,2.569110,0.266598,-0.568414,0.000000,1.000000,0.000000,1.000000,0.000000,1.247148,0.613134,-0.540739,0.289023,3.230787,0.000000,0.000000,0.000000,65535.000000,3.376937,2.450121,4.884297,2.569110,4.884297,2.569110,0.250000,0.000000,1.000000
13810.000000,4.886685,2.563349,0.238793,-0.576098,0.000000,1.000000,0.000000,1.000000,0.000000,1.094326,0.627828,-0.566231,0.271203,2.595016,0.000000,0.000000,0.000000,65535.000000,3.376937,2.450121,4.886685,2.563349,4.886685,2.563349,0.250000,0.000000,1.000000
13820.000000,4.888844,2.557432,0.215874,-0.591704,0.000000,1.000000,0.000000,1.000000,0.000000,0.888819,0.623628,-0.574032,0.243719,0.403190,0.000000,0.000000,0.000000,65535.000000,3.376937,2.450121,4.888844,2.557432,4.888844,2.557432,0.250000,0.000000,1.000000
13830.000000,4.890813,2.551252,0.196967,-0.618009,0.000000,1.000000,0.000000,1.000000,0.000000,0.861863,0.629853,-0.589944,0.220640,0.531909,0.000000,0.000000,0.000000,65535.000000,3.376937,2.450121,4.890813,2.551252,4.890813,2.551252,0.250000,0.000000,1.000000
13840.000000,4.892588,2.544668,0.177448,-0.658420,0.000000,1.000000,0.000000,1.000000,0.000000,0.871820,0.648638,-0.616724,0.200955,0.789923,0.000000,0.000000,0.000000,65535.000000,3.376937,2.450121,4.892588,2.544668,4.892588,2.544668,0.250000,0.000000,1.000000
13850.000000,4.894081,2.538009,0.149312,-0.665907,0.000000,1.000000,0.000000,1.000000,0.000000,0.871820,0.681912,-0.657373,0.181286,0.783726,0.000000,0.000000,0.000000,65535.000000,3.376937,2.450121,4.894081,2.538009,4.894081,2.538009,0.250000,0.000000,1.000000
13860.000000,4.895980,2.530655,0.189941,-0.735356,0.000000,1.000000,0.000000,1.000000,0.000000,1.088693,0.682441,-0.664668,0.154735,0.777625,0.000000,0.000000,0.000000,65535.000000,3.376937,2.450121,4.895980,2.530655,4.895980,2.530655,0.250000,0.000000,1.000000
13870.000000,4.898054,2.522974,0.207419,-0.768106,0.000000,1.000000,0.000000,1.000000,0.000000,0.913221,0.698035,-0.682886,0.144636,0.111741,0.000000,0.000000,0.000000,65535.000000,3.376937,2.450121,4.898054,2.522974,4.898054,2.522974,0.250000,0.000000,1.000000
13880.000000,4.900238,2.515031,0.218407,-0.794281,0.000000,1.000000,0.000000,1.000000,0.000000,0.576422,0.709066,-0.694726,0.141881,-0.651330,0.000000,0.000000,0.000000,65535.000000,3.376937,2.450121,4.900238,2.515031,4.900238,2.515031,0.250000,0.000000,1.000000
13890.000000,4.902387,2.507148,0.214876,-0.788361,0.000000,1.000000,0.000000,1.000000,0.000000,0.230191,0.730553,-0.715735,0.146394,-1.610890,0.000000,0.000000,0.000000,65535.000000,3.376937,2.450121,4.902387,2.507148,4.902387,2.507148,0.250000,0.000000,1.000000
13900.000000,4.904251,2.499611,0.186397,-0.753666,0.000000,1.000000,0.000000,1.000000,0.000000,0.174534,0.730374,-0.715549,0.146407,-1.736695,0.000000,0.000000,0.000000,65535.000000,3.376937,2.450121,4.904251,2.499611,4.904251,2.499611,0.250000,0.000000,1.000000
13910.000000,4.905472,2.492316,0.122167,-0.729546,0.000000,1.000000,0.000000,1.000000,0.000000,0.386216,0.718134,-0.704313,0.140212,-1.124803,0.000000,0.000000,0.000000,65535.000000,3.376937,2.450121,4.905472,2.492316,4.905472,2.492316,0.250000,0.000000,1.000000
13920.000000,4.906398,2.484260,0.092535,-0.805627,0.000000,1.000000,0.000000,1.000000,0.000000,0.657896,0.731173,-0.721621,0.117797,-0.729062,0.000000,0.000000,0.000000,65535.000000,3.376937,2.450121,4.906398,2.484260,4.906398,2.484260,0.250000,0.000000,1.000000
13930.000000,4.906838,2.476183,0.044014,-0.807694,0.000000,1.000000,0.000000,1.000000,0.000000,0.534594,0.788042,-0.784587,0.073706,-0.378997,0.000000,0.000000,0.000000,65535.000000,3.376937,2.450121,4.906838,2.476183,4.906838,2.476183,0.250000,0.000000,1.000000
13940.000000,4.907247,2.468029,0.040882,-0.815328,0.000000,1.000000,0.000000,1.000000,0.000000,0.663607,0.808892,-0.807547,0.046634,-0.377565,0.000000,0.000000,0.000000,65535.000000,3.376937,2.450121,4.907247,2.468029,4.907247,2.468029,0.250000,0.000000,1.000000
13950.000000,4.907849,2.460128,0.060201,-0.790137,0.000000,1.000000,0.000000,1.000000,0.000000,0.601586,0.816352,-0.815102,0.045176,-0.515245,0.000000,0.000000,0.000000,65535.000000,3.376937,2.450121,4.907849,2.460128,4.907849,2.460128,0.250000,0.000000,1.000000
13960.000000,4.908504,2.452199,0.065457,-0.792941,0.000000,1.000000,0.000000,1.000000,0.000000,0.362253,0.792427,-0.789645,0.066338,-1.242644,0.000000,0.000000,0.000000,65535.000000,3.376937,2.450121,4.908504,2.452199,4.908504,2.452199,0.250000,0.000000,1.000000
13970.000000,4.909026,2.444085,0.052257,-0.811404,0.000000,1.000000,0.000000,1.000000,0.000000,0.493123,0.795638,-0.792334,0.072439,-0.802560,0.000000,0.000000,0.000000,65535.000000,3.376937,2.450121,4.909026,2.444085,4.909026,2.444085,0.250000,0.000000,1.000000
13980.000000,4.909420,2.435753,0.039414,-0.833152,0.000000,1.000000,0.000000,1.000000,0.000000,0.493123,0.813085,-0.810995,0.058263,-0.796164,0.000000,0.000000,0.000000,65535.000000,3.376937,2.450121,4.909420,2.435753,4.909420,2.435753,0.250000,0.000000,1.000000
13990.000000,4.909698,2.427360,0.027776,-0.839331,0.000000,1.000000,0.000000,1.000000,0.000000,0.493123,0.834084,-0.832920,0.044045,-0.789869,0.000000,0.000000,0.000000,65535.000000,3.376937,2.450121,4.909698,2.427360,4.909698,2.427360,0.250000,0.000000,1.000000
14000.000000,4.909807,2.418765,0.010814,-0.859459,0.000000,1.000000,0.000000,1.000000,0.000000,0.413123,0.839791,-0.839186,0.031869,-1.009781,0.000000,0.000000,0.000000,65535.000000,3.376937,2.450121,4.909807,2.418765,4.909807,2.418765,0.250000,0.000000,1.000000
14010.000000,4.909694,2.410015,-0.011252,-0.875016,0.000000,1.000000,0.000000,1.000000,0.000000,0.127292,0.859527,-0.859389,0.015432,-1.798597,0.000000,0.000000,0.000000,65535.000000,3.376937,2.450121,4.909694,2.410015,4.909694,2.410015,0.250000,0.000000,1.000000
14020.000000,4.909440,2.401019,-0.025452,-0.899610,0.000000,1.000000,0.000000,1.000000,0.000000,0.303913,0.875088,-0.875065,-0.006379,-1.274138,0.000000,0.000000,0.000000,65535.000000,3.376937,2.450121,4.909440,2.401019,4.909440,2.401019,0.250000,0.000000,1.000000
14030.000000,4.909300,2.391969,-0.013962,-0.905011,0.000000,1.000000,0.000000,1.000000,0.000000,0.806970,0.899970,-0.899737,-0.020459,0.257205,0.000000,0.000000,0.000000,65535.000000,3.376937,2.450121,4.909300,2.391969,4.909300,2.391969,0.250000,0.000000,1.000000
14040.000000,4.909235,2.382781,-0.006532,-0.918796,0.000000,1.000000,0.000000,1.000000,0.000000,0.806970,0.905118,-0.905073,-0.009116,0.927906,0.000000,0.000000,0.000000,65535.000000,3.376937,2.450121,4.909235,2.382781,4.909235,2.382781,0.250000,0.000000,1.000000
14050.000000,4.909401,2.373920,0.016683,-0.886092,0.000000,1.000000,0.000000,1.000000,0.000000,0.761976,0.918819,-0.918816,-0.002151,0.919366,0.000000,0.000000,0.000000,65535.000000,3.376937,2.450121,4.909401,2.373920,4.909401,2.373920,0.250000,0.000000,1.000000
14060.000000,4.909724,2.365090,0.032244,-0.882986,0.000000,1.000000,0.000000,1.000000,0.000000,0.597378,0.886249,-0.886038,0.019358,0.337613,0.000000,0.000000,0.000000,65535.000000,3.376937,2.450121,4.909724,2.365090,4.909724,2.365090,0.250000,0.000000,1.000000
14070.000000,4.910106,2.356234,0.038232,-0.885642,0.000000,1.000000,0.000000,1.000000,0.000000,0.623961,0.883574,-0.882922,0.033943,-0.254748,0.000000,0.000000,0.000000,65535.000000,3.376937,2.450121,4.910106,2.356234,4.910106,2.356234,0.250000,0.000000,1.000000
14080.000000,4.910475,2.347250,0.036860,-0.898396,0.000000,1.000000,0.000000,1.000000,0.000000,0.623961,0.886467,-0.885589,0.039452,-0.254100,0.000000,0.000000,0.000000,65535.000000,3.376937,2.450121,4.910475,2.347250,4.910475,2.347250,0.250000,0.000000,1.000000
14090.000000,4.910826,2.338306,0.035079,-0.894432,0.000000,1.000000,0.000000,1.000000,0.000000,0.584836,0.899152,-0.898348,0.038009,-0.364309,0.000000,0.000000,0.000000,65535.000000,3.376937,2.450121,4.910826,2.338306,4.910826,2.338306,0.250000,0.000000,1.000000
14100.000000,4.911091,2.329196,0.026532,-0.910966,0.000000,1.000000,0.000000,1.000000,0.000000,0.520844,0.895120,-0.894406,0.035745,-0.377621,0.000000,0.000000,0.000000,65535.000000,3.376937,2.450121,4.911091,2.329196,4.911091,2.329196,0.250000,0.000000,1.000000
14110.000000,4.911303,2.319926,0.021172,-0.926996,0.000000,1.000000,0.000000,1.000000,0.000000,0.514788,0.911352,-0.910959,0.026772,-0.525522,0.000000,0.000000,0.000000,65535.000000,3.376937,2.450121,4.911303,2.319926,4.911303,2.319926,0.250000,0.000000,1.000000
14120.000000,4.911455,2.310414,0.015221,-0.951240,0.000000,1.000000,0.000000,1.000000,0.000000,0.423346,0.927238,-0.927010,0.020574,-1.284736,0.000000,0.000000,0.000000,65535.000000,3.376937,2.450121,4.911455,2.310414,4.911455,2.310414,0.250000,0.000000,1.000000
14130.000000,4.911547,2.301093,0.009255,-0.932109,0.000000,1.000000,0.000000,1.000000,0.000000,0.554492,0.951362,-0.951259,0.014011,-0.543643,0.000000,0.000000,0.000000,65535.000000,3.376937,2.450121,4.911547,2.301093,4.911547,2.301093,0.250000,0.000000,1.000000
14140.000000,4.911683,2.291811,0.013587,-0.928201,0.000000,1.000000,0.000000,1.000000,0.000000,0.554492,0.932155,-0.932127,0.007224,-0.510537,0.000000,0.000000,0.000000,65535.000000,3.376937,2.450121,4.911683,2.291811,4.911683,2.291811,0.250000,0.000000,1.000000
14150.000000,4.911815,2.282598,0.013206,-0.921223,0.000000,1.000000,0.000000,1.000000,0.000000,0.578658,0.928300,-0.928231,0.011328,-0.507941,0.000000,0.000000,0.000000,65535.000000,3.376937,2.450121,4.911815,2.282598,4.911815,2.282598,0.250000,0.000000,1.000000
14160.000000,4.911922,2.273291,0.010727,-0.930688,0.000000,1.000000,0.000000,1.000000,0.000000,0.532393,0.921318,-0.921259,0.010402,-0.642907,0.000000,0.000000,0.000000,65535.000000,3.376937,2.450121,4.911922,2.273291,4.911922,2.273291,0.250000,0.000000,1.000000
14170.000000,4.911995,2.263946,0.007311,-0.934543,0.000000,1.000000,0.000000,1.000000,0.000000,0.257741,0.930750,-0.930718,0.007765,-1.448683,0.000000,0.000000,0.000000,65535.000000,3.376937,2.450121,4.911995,2.263946,4.911995,2.263946,0.250000,0.000000,1.000000
14180.000000,4.912006,2.254433,0.001050,-0.951319,0.000000,1.000000,0.000000,1.000000,0.000000,0.447360,0.934571,-0.934562,0.004079,-0.869559,0.000000,0.000000,0.000000,65535.000000,3.376937,2.450121,4.912006,2.254433,4.912006,2.254433,0.250000,0.000000,1.000000
14190.000000,4.911922,2.244783,-0.008430,-0.964918,0.000000,1.000000,0.000000,1.000000,0.000000,0.452255,0.951319,-0.951316,-0.002321,-0.380081,0.000000,0.000000,0.000000,65535.000000,3.376937,2.450121,4.911922,2.244783,4.911922,2.244783,0.250000,0.000000,1.000000
14200.000000,4.911864,2.235182,-0.005763,-0.960153,0.000000,1.000000,0.000000,1.000000,0.000000,0.922855,0.964955,-0.964874,-0.012453,0.551368,0.000000,0.000000,0.000000,65535.000000,3.376937,2.450121,4.911864,2.235182,4.911864,2.235182,0.250000,0.000000,1.000000
14210.000000,4.911894,2.225976,0.002994,-0.920552,0.000000,1.000000,0.000000,1.000000,0.000000,0.922855,0.960171,-0.960114,-0.010404,0.548341,0.000000,0.000000,0.000000,65535.000000,3.376937,2.450121,4.911894,2.225976,4.911894,2.225976,0.250000,0.000000,1.000000
14220.000000,4.911964,2.216844,0.006997,-0.913249,0.000000,1.000000,0.000000,1.000000,0.000000,0.920882,0.920557,-0.920554,-0.002252,0.539378,0.000000,0.000000,0.000000,65535.000000,3.376937,2.450121,4.911964,2.216844,4.911964,2.216844,0.250000,0.000000,1.000000
14230.000000,4.912006,2.207677,0.004218,-0.916648,0.000000,1.000000,0.000000,1.000000,0.000000,0.793117,0.913276,-0.913275,0.001374,-0.624129,0.000000,0.000000,0.000000,65535.000000,3.376937,2.450121,4.912006,2.207677,4.912006,2.207677,0.250000,0.000000,1.000000
14240.000000,4.912081,2.198327,0.007476,-0.935058,0.000000,1.000000,0.000000,1.000000,0.000000,0.416023,0.916658,-0.916656,-0.001913,-0.621836,0.000000,0.000000,0.000000,65535.000000,3.376937,2.450121,4.912081,2.198327,4.912081,2.198327,0.250000,0.000000,1.000000
14250.000000,4.912116,2.188935,0.003521,-0.939209,0.000000,1.000000,0.000000,1.000000,0.000000,0.497911,0.935088,-0.935088,0.000893,0.123296,0.000000,0.000000,0.000000,65535.000000,3.376937,2.450121,4.912116,2.188935,4.912116,2.188935,0.250000,0.000000,1.000000
14260.000000,4.912114,2.179478,-0.000185,-0.945695,0.000000,1.000000,0.000000,1.000000,0.000000,0.581973,0.939215,-0.939208,-0.003587,0.687535,0.000000,0.000000,0.000000,65535.000000,3.376937,2.450121,4.912114,2.179478,4.912114,2.179478,0.250000,0.000000,1.000000
14270.000000,4.912126,2.170132,0.001145,-0.934604,0.000000,1.000000,0.000000,1.000000,0.000000,0.911653,0.945695,-0.945664,-0.007717,1.043547,0.000000,0.000000,0.000000,65535.000000,3.376937,2.450121,4.912126,2.170132,4.912126,2.170132,0.250000,0.000000,1.000000
14280.000000,4.912209,2.160966,0.008307,-0.916615,0.000000,1.000000,0.000000,1.000000,0.000000,1.052794,0.934605,-0.934580,-0.006806,1.032759,0.000000,0.000000,0.000000,65535.000000,3.376937,2.450121,4.912209,2.160966,4.912209,2.160966,0.250000,0.000000,1.000000
14290.000000,4.912339,2.152015,0.013009,-0.895092,0.000000,1.000000,0.000000,1.000000,0.000000,1.039339,0.916652,-0.916652,-0.000043,0.890278,0.000000,0.000000,0.000000,65535.000000,3.376937,2.450121,4.912339,2.152015,4.912339,2.152015,0.250000,0.000000,1.000000
14300.000000,4.912448,2.143078,0.010933,-0.893701,0.000000,1.000000,0.000000,1.000000,0.000000,0.432211,0.895187,-0.895177,0.004109,-0.989577,0.000000,0.000000,0.000000,65535.000000,3.376937,2.450121,4.912448,2.143078,4.912448,2.143078,0.250000,0.000000,1.000000
14310.000000,4.912531,2.134162,0.008352,-0.891557,0.000000,1.000000,0.000000,1.000000,0.000000,0.387524,0.893768,-0.893768,0.001144,-1.115739,0.000000,0.000000,0.000000,65535.000000,3.376937,2.450121,4.912531,2.134162,4.912531,2.134162,0.250000,0.000000,1.000000
14320.000000,4.912611,2.125168,0.007940,-0.899387,0.000000,1.000000,0.000000,1.000000,0.000000,0.386373,0.891596,-0.891594,-0.002054,-1.106974,0.000000,0.000000,0.000000,65535.000000,3.376937,2.450121,4.912611,2.125168,4.912611,2.125168,0.250000,0.000000,1.000000
14330.000000,4.912675,2.116309,0.006446,-0.885891,0.000000,1.000000,0.000000,1.000000,0.000000,0.325469,0.899422,-0.899418,-0.002640,-1.279412,0.000000,0.000000,0.000000,65535.000000,3.376937,2.450121,4.912675,2.116309,4.912675,2.116309,0.250000,0.000000,1.000000
14340.000000,4.912680,2.107362,0.000419,-0.894683,0.000000,1.000000,0.000000,1.000000,0.000000,0.542733,0.885915,-0.885904,-0.004378,-0.798646,0.000000,0.000000,0.000000,65535.000000,3.376937,2.450121,4.912680,2.107362,4.912680,2.107362,0.250000,0.000000,1.000000
14350.000000,4.912614,2.098446,-0.006558,-0.891627,0.000000,1.000000,0.000000,1.000000,0.000000,0.484688,0.894683,-0.894616,-0.010960,0.006593,0.000000,0.000000,0.000000,65535.000000,3.376937,2.450121,4.912614,2.098446,4.912614,2.098446,0.250000,0.000000,1.000000
14360.000000,4.912572,2.089680,-0.004142,-0.876577,0.000000,1.000000,0.000000,1.000000,0.000000,0.484688,0.891651,-0.891460,-0.018447,0.006593,0.000000,0.000000,0.000000,65535.000000,3.376937,2.450121,4.912572,2.089680,4.912572,2.089680,0.250000,0.000000,1.000000
14370.000000,4.912623,2.081185,0.005125,-0.849565,0.000000,1.000000,0.000000,1.000000,0.000000,0.484688,0.876587,-0.876438,-0.016152,0.006593,0.000000,0.000000,0.000000,65535.000000,3.376937,2.450121,4.912623,2.081185,4.912623,2.081185,0.250000,0.000000,1.000000
14380.000000,4.912776,2.072843,0.015248,-0.834214,0.000000,1.000000,0.000000,1.000000,0.000000,0.840537,0.849580,-0.849550,-0.007160,1.482215,0.000000,0.000000,0.000000,65535.000000,3.376937,2.450121,4.912776,2.072843,4.912776,2.072843,0.250000,0.000000,1.000000
14390.000000,4.912909,2.064594,0.013317,-0.824908,0.000000,1.000000,0.000000,1.000000,0.000000,0.840537,0.834353,-0.834349,0.002497,1.460545,0.000000,0.000000,0.000000,65535.000000,3.376937,2.450121,4.912909,2.064594,4.912909,2.064594,0.250000,0.000000,1.000000
14400.000000,4.912988,2.056257,0.007853,-0.833659,0.000000,1.000000,0.000000,1.000000,0.000000,0.760957,0.825016,-0.825016,0.000154,1.069953,0.000000,0.000000,0.000000,65535.000000,3.376937,2.450121,4.912988,2.056257,4.912988,2.056257,0.250000,0.000000,1.000000
14410.000000,4.913026,2.047952,0.003821,-0.830538,0.000000,1.000000,0.000000,1.000000,0.000000,0.512627,0.833696,-0.833678,-0.005419,0.317814,0.000000,0.000000,0.000000,65535.000000,3.376937,2.450121,4.913026,2.047952,4.913026,2.047952,0.250000,0.000000,1.000000
14420.000000,4.913055,2.039639,0.002888,-0.831216,0.000000,1.000000,0.000000,1.000000,0.000000,0.512627,0.830547,-0.830492,-0.009531,0.316806,0.000000,0.000000,0.000000,65535.000000,3.376937,2.450121,4.913055,2.039639,4.913055,2.039639,0.250000,0.000000,1.000000
14430.000000,4.913104,2.031579,0.004884,-0.806082,0.000000,1.000000,0.000000,1.000000,0.000000,0.512627,0.831221,-0.831153,-0.010677,0.271775,0.000000,0.000000,0.000000,65535.000000,3.376937,2.450121,4.913104,2.031579,4.913104,2.031579,0.250000,0.000000,1.000000
14440.000000,4.913141,2.023815,0.003718,-0.776305,0.000000,1.000000,0.000000,1.000000,0.000000,0.546971,0.806097,-0.806043,-0.009313,-0.130500,0.000000,0.000000,0.000000,65535.000000,3.376937,2.450121,4.913141,2.023815,4.913141,2.023815,0.250000,0.000000,1.000000
14450.000000,4.913175,2.016366,0.003392,-0.744940,0.000000,1.000000,0.000000,1.000000,0.000000,0.570685,0.776314,-0.776232,-0.011232,-0.412265,0.000000,0.000000,0.000000,65535.000000,3.376937,2.450121,4.913175,2.016366,4.913175,2.016366,0.250000,0.000000,1.000000
14460.000000,4.913199,2.009024,0.002423,-0.734203,0.000000,1.000000,0.000000,1.000000,0.000000,0.751440,0.744947,-0.744844,-0.012411,0.005096,0.000000,0.000000,0.000000,65535.000000,3.376937,2.450121,4.913199,2.009024,4.913199,2.009024,0.250000,0.000000,1.000000
14470.000000,4.913328,2.001776,0.012881,-0.724738,0.000000,1.000000,0.000000,1.000000,0.000000,0.813097,0.734207,-0.734077,-0.013824,0.224301,0.000000,0.000000,0.000000,65535.000000,3.376937,2.450121,4.913328,2.001776,4.913328,2.001776,0.250000,0.000000,1.000000
14480.000000,4.913478,1.994521,0.015019,-0.725570,0.000000,1.000000,0.000000,1.000000,0.000000,0.813097,0.724852,-0.724848,-0.002284,0.223799,0.000000,0.000000,0.000000,65535.000000,3.376937,2.450121,4.913478,1.994521,4.913478,1.994521,0.250000,0.000000,1.000000
14490.000000,4.913363,1.987143,-0.011503,-0.737746,0.000000,1.000000,0.000000,1.000000,0.000000,0.530439,0.725725,-0.725725,0.000665,0.223299,0.000000,0.000000,0.000000,65535.000000,3.376937,2.450121,4.913363,1.987143,4.913363,1.987143,0.250000,0.000000,1.000000
14500.000000,4.913190,1.979771,-0.017305,-0.737201,0.000000,1.000000,0.000000,1.000000,0.000000,0.343063,0.737835,-0.737385,-0.025784,-1.058795,0.000000,0.000000,0.000000,65535.000000,3.376937,2.450121,4.913190,1.979771,4.913190,1.979771,0.250000,0.000000,1.000000
14510.000000,4.913128,1.972595,-0.006174,-0.717605,0.000000,1.000000,0.000000,1.000000,0.000000,0.239076,0.737404,-0.736693,-0.032374,-1.705243,0.000000,0.000000,0.000000,65535.000000,3.376937,2.450121,4.913128,1.972595,4.913128,1.972595,0.250000,0.000000,1.000000
14520.000000,4.913464,1.965796,0.033516,-0.679925,0.000000,1.000000,0.000000,1.000000,0.000000,0.239076,0.717631,-0.717296,-0.021946,-1.676623,0.000000,0.000000,0.000000,65535.000000,3.376937,2.450121,4.913464,1.965796,4.913464,1.965796,0.250000,0.000000,1.000000
14530.000000,4.913849,1.959368,0.038526,-0.642793,0.000000,1.000000,0.000000,1.000000,0.000000,0.258914,0.680751,-0.680525,0.017543,-1.584213,0.000000,0.000000,0.000000,65535.000000,3.376937,2.450121,4.913849,1.959368,4.913849,1.959368,0.250000,0.000000,1.000000
14540.000000,4.914126,1.953060,0.027728,-0.630822,0.000000,1.000000,0.000000,1.000000,0.000000,0.312533,0.643947,-0.643554,0.022489,-1.383778,0.000000,0.000000,0.000000,65535.000000,3.376937,2.450121,4.914126,1.953060,4.914126,1.953060,0.250000,0.000000,1.000000
14550.000000,4.914397,1.946755,0.027122,-0.630527,0.000000,1.000000,0.000000,1.000000,0.000000,0.723306,0.631431,-0.631322,0.011741,-0.020745,0.000000,0.000000,0.000000,65535.000000,3.376937,2.450121,4.914397,1.946755,4.914397,1.946755,0.250000,0.000000,1.000000
14560.000000,4.914696,1.940589,0.029905,-0.616523,0.000000,1.000000,0.000000,1.000000,0.000000,0.974494,0.631110,-0.631008,0.011344,0.789163,0.000000,0.000000,0.000000,65535.000000,3.376937,2.450121,4.914696,1.940589,4.914696,1.940589,0.250000,0.000000,1.000000
14570.000000,4.914933,1.934633,0.023707,-0.595687,0.000000,1.000000,0.000000,1.000000,0.000000,0.974494,0.617248,-0.617076,0.014548,2.115913,0.000000,0.000000,0.000000,65535.000000,3.376937,2.450121,4.914933,1.934633,4.914933,1.934633,0.250000,0.000000,1.000000
14580.000000,4.915128,1.928745,0.019452,-0.588793,0.000000,1.000000,0.000000,1.000000,0.000000,0.970023,0.596158,-0.596092,0.008932,2.072027,0.000000,0.000000,0.000000,65535.000000,3.376937,2.450121,4.915128,1.928745,4.915128,1.928745,0.250000,0.000000,1.000000
14590.000000,4.915232,1.922884,0.010423,-0.586033,0.000000,1.000000,0.000000,1.000000,0.000000,0.903745,0.589115,-0.589095,0.004795,1.763715,0.000000,0.000000,0.000000,65535.000000,3.376937,2.450121,4.915232,1.922884,4.915232,1.922884,0.250000,0.000000,1.000000
14600.000000,4.915092,1.916787,-0.013981,-0.609699,0.000000,1.000000,0.000000,1.000000,0.000000,0.570034,0.586126,-0.586108,-0.004638,0.431744,0.000000,0.000000,0.000000,65535.000000,3.376937,2.450121,4.915092,1.916787,4.915092,1.916787,0.250000,0.000000,1.000000
14610.000000,4.914967,1.910791,-0.012538,-0.599585,0.000000,1.000000,0.000000,1.000000,0.000000,0.787624,0.609860,-0.609135,-0.029730,1.786494,0.000000,0.000000,0.000000,65535.000000,3.376937,2.450121,4.914967,1.910791,4.914967,1.910791,0.250000,0.000000,1.000000
14620.000000,4.914842,1.904916,-0.012510,-0.587506,0.000000,1.000000,0.000000,1.000000,0.000000,0.787624,0.599716,-0.599066,-0.027904,1.755108,0.000000,0.000000,0.000000,65535.000000,3.376937,2.450121,4.914842,1.904916,4.914842,1.904916,0.250000,0.000000,1.000000
14630.000000,4.914863,1.899315,0.002058,-0.560084,0.000000,1.000000,0.000000,1.000000,0.000000,0.853355,0.587639,-0.586996,-0.027472,1.724805,0.000000,0.000000,0.000000,65535.000000,3.376937,2.450121,4.914863,1.899315,4.914863,1.899315,0.250000,0.000000,1.000000
14640.000000,4.915193,1.893967,0.033002,-0.534843,0.000000,1.000000,0.000000,1.000000,0.000000,0.913046,0.560088,-0.559958,-0.012043,0.460438,0.000000,0.000000,0.000000,65535.000000,3.376937,2.450121,4.915193,1.893967,4.915193,1.893967,0.250000,0.000000,1.000000
14650.000000,4.915530,1.888763,0.033696,-0.520449,0.000000,1.000000,0.000000,1.000000,0.000000,0.928107,0.535860,-0.535506,0.019488,0.505918,0.000000,0.000000,0.000000,65535.000000,3.376937,2.450121,4.915530,1.888763,4.915530,1.888763,0.250000,0.000000,1.000000
14660.000000,4.915704,1.883629,0.017450,-0.513358,0.000000,1.000000,0.000000,1.000000,0.000000,0.928107,0.521539,-0.521146,0.020237,0.503368,0.000000,0.000000,0.000000,65535.000000,3.376937,2.450121,4.915704,1.883629,4.915704,1.883629,0.250000,0.000000,1.000000
14670.000000,4.915841,1.878495,0.013639,-0.513427,0.000000,1.000000,0.000000,1.000000,0.000000,0.525496,0.513655,-0.513638,0.004154,0.134525,0.000000,0.000000,0.000000,65535.000000,3.376937,2.450121,4.915841,1.878495,4.915841,1.878495,0.250000,0.000000,1.000000
14680.000000,4.916009,1.873361,0.016848,-0.513326,0.000000,1.000000,0.000000,1.000000,0.000000,0.552914,0.513608,-0.513608,0.000483,-0.106694,0.000000,0.000000,0.000000,65535.000000,3.376937,2.450121,4.916009,1.873361,4.916009,1.873361,0.250000,0.000000,1.000000
14690.000000,4.916140,1.868371,0.013080,-0.499013,0.000000,1.000000,0.000000,1.000000,0.000000,0.534395,0.513603,-0.513589,0.003743,-0.485951,0.000000,0.000000,0.000000,65535.000000,3.376937,2.450121,4.916140,1.868371,4.916140,1.868371,0.250000,0.000000,1.000000
14700.000000,4.916187,1.863448,0.004751,-0.492347,0.000000,1.000000,0.000000,1.000000,0.000000,0.577595,0.499184,-0.499184,0.000230,-0.274799,0.000000,0.000000,0.000000,65535.000000,3.376937,2.450121,4.916187,1.863448,4.916187,1.863448,0.250000,0.000000,1.000000
14710.000000,4.916337,1.858504,0.015022,-0.494395,0.000000,1.000000,0.000000,1.000000,0.000000,0.717863,0.492370,-0.492303,-0.008130,-0.274046,0.000000,0.000000,0.000000,65535.000000,3.376937,2.450121,4.916337,1.858504,4.916337,1.858504,0.250000,0.000000,1.000000
14720.000000,4.916476,1.853434,0.013846,-0.506975,0.000000,1.000000,0.000000,1.000000,0.000000,0.717863,0.494623,-0.494620,0.001901,-0.367506,0.000000,0.000000,0.000000,65535.000000,3.376937,2.450121,4.916476,1.853434,4.916476,1.853434,0.250000,0.000000,1.000000
14730.000000,4.916270,1.848220,-0.020585,-0.521468,0.000000,1.000000,0.000000,1.000000,0.000000,0.527484,0.507164,-0.507164,0.000478,-0.809026,0.000000,0.000000,0.000000,65535.000000,3.376937,2.450121,4.916270,1.848220,4.916270,1.848220,0.250000,0.000000,1.000000
14740.000000,4.915993,1.843018,-0.027651,-0.520165,0.000000,1.000000,0.000000,1.000000,0.000000,0.358942,0.521875,-0.520755,-0.034171,-1.360101,0.000000,0.000000,0.000000,65535.000000,3.376937,2.450121,4.915993,1.843018,4.915993,1.843018,0.250000,0.000000,1.000000
14750.000000,4.915893,1.837843,-0.010054,-0.517493,0.000000,1.000000,0.000000,1.000000,0.000000,0.359488,0.520899,-0.519286,-0.040970,-1.340048,0.000000,0.000000,0.000000,65535.000000,3.376937,2.450121,4.915893,1.837843,4.915893,1.837843,0.250000,0.000000,1.000000
14760.000000,4.915912,1.832776,0.001922,-0.506669,0.000000,1.000000,0.000000,1.000000,0.000000,0.359488,0.517591,-0.517075,-0.023088,-1.322312,0.000000,0.000000,0.000000,65535.000000,3.376937,2.450121,4.915912,1.832776,4.915912,1.832776,0.250000,0.000000,1.000000
14770.000000,4.916137,1.828002,0.022511,-0.477446,0.000000,1.000000,0.000000,1.000000,0.000000,0.317241,0.506673,-0.506559,-0.010730,-1.444628,0.000000,0.000000,0.000000,65535.000000,3.376937,2.450121,4.916137,1.828002,4.916137,1.828002,0.250000,0.000000,1.000000
14780.000000,4.916491,1.823328,0.035428,-0.467348,0.000000,1.000000,0.000000,1.000000,0.000000,0.183760,0.477976,-0.477858,0.010644,-1.858151,0.000000,0.000000,0.000000,65535.000000,3.376937,2.450121,4.916491,1.823328,4.916491,1.823328,0.250000,0.000000,1.000000
14790.000000,4.916808,1.818655,0.031687,-0.467333,0.000000,1.000000,0.000000,1.000000,0.000000,0.470666,0.468689,-0.468086,0.023768,-0.894849,0.000000,0.000000,0.000000,65535.000000,3.376937,2.450121,4.916808,1.818655,4.916808,1.818655,0.250000,0.000000,1.000000
14800.000000,4.916924,1.813886,0.011589,-0.476924,0.000000,1.000000,0.000000,1.000000,0.000000,0.677079,0.468406,-0.467974,0.020108,-0.261575,0.000000,0.000000,0.000000,65535.000000,3.376937,2.450121,4.916924,1.813886,4.916924,1.813886,0.250000,0.000000,1.000000
14810.000000,4.916892,1.809142,-0.003190,-0.474353,0.000000,1.000000,0.000000,1.000000,0.000000,0.722193,0.477065,-0.477065,-0.000061,0.145144,0.000000,0.000000,0.000000,65535.000000,3.376937,2.450121,4.916892,1.809142,4.916892,1.809142,0.250000,0.000000,1.000000
14820.000000,4.916995,1.804374,0.010296,-0.476816,0.000000,1.000000,0.000000,1.000000,0.000000,0.551451,0.474364,-0.474142,-0.014512,0.341597,0.000000,0.000000,0.000000,65535.000000,3.376937,2.450121,4.916995,1.804374,4.916995,1.804374,0.250000,0.000000,1.000000
14830.000000,4.917124,1.799642,0.012915,-0.473232,0.000000,1.000000,0.000000,1.000000,0.000000,0.884681,0.476927,-0.476926,-0.000639,0.479922,0.000000,0.000000,0.000000,65535.000000,3.376937,2.450121,4.917124,1.799642,4.917124,1.799642,0.250000,0.000000,1.000000
14840.000000,4.917106,1.794849,-0.001868,-0.479244,0.000000,1.000000,0.000000,1.000000,0.000000,0.884681,0.473408,-0.473402,0.002365,0.477628,0.000000,0.000000,0.000000,65535.000000,3.376937,2.450121,4.917106,1.794849,4.917106,1.794849,0.250000,0.000000,1.000000
14850.000000,4.917088,1.790002,-0.001807,-0.484699,0.000000,1.000000,0.000000,1.000000,0.000000,0.861512,0.479248,-0.479089,-0.012334,0.396471,0.000000,0.000000,0.000000,65535.000000,3.376937,2.450121,4.917088,1.790002,4.917088,1.790002,0.250000,0.000000,1.000000
14860.000000,4.917145,1.785091,0.005749,-0.491155,0.000000,1.000000,0.000000,1.000000,0.000000,0.676254,0.484702,-0.484544,-0.012398,-0.633491,0.000000,0.000000,0.000000,65535.000000,3.376937,2.450121,4.917145,1.785091,4.917145,1.785091,0.250000,0.000000,1.000000
14870.000000,4.917165,1.780164,0.001951,-0.492682,0.000000,1.000000,0.000000,1.000000,0.000000,0.488890,0.491188,-0.491164,-0.004855,-0.876899,0.000000,0.000000,0.000000,65535.000000,3.376937,2.450121,4.917165,1.780164,4.917165,1.780164,0.250000,0.000000,1.000000
14880.000000,4.917069,1.775167,-0.009608,-0.499685,0.000000,1.000000,0.000000,1.000000,0.000000,0.662696,0.492685,-0.492612,-0.008495,-0.274097,0.000000,0.000000,0.000000,65535.000000,3.376937,2.450121,4.917069,1.775167,4.917069,1.775167,0.250000,0.000000,1.000000
14890.000000,4.916950,1.770069,-0.011921,-0.509763,0.000000,1.000000,0.000000,1.000000,0.000000,0.662696,0.499777,-0.499389,-0.019691,-0.273348,0.000000,0.000000,0.000000,65535.000000,3.376937,2.450121,4.916950,1.770069,4.916950,1.770069,0.250000,0.000000,1.000000
14900.000000,4.916875,1.764845,-0.007501,-0.522390,0.000000,1.000000,0.000000,1.000000,0.000000,0.662696,0.509902,-0.509439,-0.021740,-0.272603,0.000000,0.000000,0.000000,65535.000000,3.376937,2.450121,4.916875,1.764845,4.916875,1.764845,0.250000,0.000000,1.000000
14910.000000,4.916793,1.759576,-0.008205,-0.526940,0.000000,1.000000,0.000000,1.000000,0.000000,0.546340,0.522444,-0.522151,-0.017484,-0.681762,0.000000,0.000000,0.000000,65535.000000,3.376937,2.450121,4.916793,1.759576,4.916793,1.759576,0.250000,0.000000,1.000000
14920.000000,4.916681,1.754213,-0.011227,-0.536329,0.000000,1.000000,0.000000,1.000000,0.000000,0.419589,0.527004,-0.526686,-0.018318,-0.894615,0.000000,0.000000,0.000000,65535.000000,3.376937,2.450121,4.916681,1.754213,4.916681,1.754213,0.250000,0.000000,1.000000
14930.000000,4.916620,1.748931,-0.006053,-0.528208,0.000000,1.000000,0.000000,1.000000,0.000000,0.487616,0.536447,-0.536012,-0.021586,-0.886675,0.000000,0.000000,0.000000,65535.000000,3.376937,2.450121,4.916620,1.748931,4.916620,1.748931,0.250000,0.000000,1.000000
14940.000000,4.916601,1.743699,-0.001936,-0.523196,0.000000,1.000000,0.000000,1.000000,0.000000,0.487616,0.528242,-0.528000,-0.016011,-0.957966,0.000000,0.000000,0.000000,65535.000000,3.376937,2.450121,4.916601,1.743699,4.916601,1.743699,0.250000,0.000000,1.000000
14950.000000,4.916558,1.738503,-0.004300,-0.519552,0.000000,1.000000,0.000000,1.000000,0.000000,0.589880,0.523200,-0.523080,-0.011209,-0.495051,0.000000,0.000000,0.000000,65535.000000,3.376937,2.450121,4.916558,1.738503,4.916558,1.738503,0.250000,0.000000,1.000000
14960.000000,4.916576,1.733272,0.001879,-0.523076,0.000000,1.000000,0.000000,1.000000,0.000000,0.874574,0.519570,-0.519405,-0.013086,0.520020,0.000000,0.000000,0.000000,65535.000000,3.376937,2.450121,4.916576,1.733272,4.916576,1.733272,0.250000,0.000000,1.000000
14970.000000,4.916632,1.728138,0.005557,-0.513467,0.000000,1.000000,0.000000,1.000000,0.000000,1.006239,0.523079,-0.523037,-0.006656,0.984309,0.000000,0.000000,0.000000,65535.000000,3.376937,2.450121,4.916632,1.728138,4.916632,1.728138,0.250000,0.000000,1.000000
14980.000000,4.916698,1.723049,0.006543,-0.508898,0.000000,1.000000,0.000000,1.000000,0.000000,1.006239,0.513497,-0.513490,-0.002708,0.974705,0.000000,0.000000,0.000000,65535.000000,3.376937,2.450121,4.916698,1.723049,4.916698,1.723049,0.250000,0.000000,1.000000
14990.000000,4.916665,1.718032,-0.003278,-0.501680,0.000000,1.000000,0.000000,1.000000,0.000000,1.006239,0.508940,-0.508937,-0.001663,0.965287,0.000000,0.000000,0.000000,65535.000000,3.376937,2.450121,4.916665,1.718032,4.916665,1.718032,0.250000,0.000000,1.000000
15000.000000,4.916567,1.712922,-0.009714,-0.510998,0.000000,1.000000,0.000000,1.000000,0.000000,1.152610,0.501691,-0.501562,-0.011360,0.291984,0.000000,0.000000,0.000000,65535.000000,3.376937,2.450121,4.916567,1.712922,4.916567,1.712922,0.250000,0.000000,1.000000
15010.000000,4.916414,1.707741,-0.015292,-0.518042,0.000000,1.000000,0.000000,1.000000,0.000000,0.970094,0.511090,-0.510773,-0.018004,-0.718682,0.000000,0.000000,0.000000,65535.000000,3.376937,2.450121,4.916414,1.707741,4.916414,1.707741,0.250000,0.000000,1.000000
15020.000000,4.916051,1.702188,-0.036309,-0.555339,0.000000,1.000000,0.000000,1.000000,0.000000,0.336652,0.518268,-0.517736,-0.023461,-0.713548,0.000000,0.000000,0.000000,65535.000000,3.376937,2.450121,4.916051,1.702188,4.916051,1.702188,0.250000,0.000000,1.000000
15030.000000,4.915846,1.696711,-0.020557,-0.547713,0.000000,1.000000,0.000000,1.000000,0.000000,0.336652,0.556525,-0.554724,-0.044734,-0.708487,0.000000,0.000000,0.000000,65535.000000,3.376937,2.450121,4.915846,1.696711,4.915846,1.696711,0.250000,0.000000,1.000000
15040.000000,4.915947,1.691447,0.010150,-0.526357,0.000000,1.000000,0.000000,1.000000,0.000000,0.433100,0.548099,-0.547340,-0.028845,-0.285423,0.000000,0.000000,0.000000,65535.000000,3.376937,2.450121,4.915947,1.691447,4.915947,1.691447,0.250000,0.000000,1.000000
15050.000000,4.916152,1.686405,0.020393,-0.504222,0.000000,1.000000,0.000000,1.000000,0.000000,0.433246,0.526454,-0.526450,0.002278,-0.284611,0.000000,0.000000,0.000000,65535.000000,3.376937,2.450121,4.916152,1.686405,4.916152,1.686405,0.250000,0.000000,1.000000
15060.000000,4.916264,1.681385,0.011267,-0.501975,0.000000,1.000000,0.000000,1.000000,0.000000,0.452228,0.504634,-0.504464,0.013117,0.036032,0.000000,0.000000,0.000000,65535.000000,3.376937,2.450121,4.916264,1.681385,4.916264,1.681385,0.250000,0.000000,1.000000
15070.000000,4.916254,1.676339,-0.001025,-0.504625,0.000000,1.000000,0.000000,1.000000,0.000000,0.458975,0.502102,-0.502087,0.003918,0.107141,0.000000,0.000000,0.000000,65535.000000,3.376937,2.450121,4.916254,1.676339,4.916254,1.676339,0.250000,0.000000,1.000000
15080.000000,4.916289,1.671292,0.003577,-0.504760,0.000000,1.000000,0.000000,1.000000,0.000000,0.586594,0.504626,-0.504552,-0.008623,0.896744,0.000000,0.000000,0.000000,65535.000000,3.376937,2.450121,4.916289,1.671292,4.916289,1.671292,0.250000,0.000000,1.000000
15090.000000,4.916350,1.666400,0.006103,-0.489145,0.000000,1.000000,0.000000,1.000000,0.000000,0.586594,0.504773,-0.504758,-0.003916,0.888765,0.000000,0.000000,0.000000,65535.000000,3.376937,2.450121,4.916350,1.666400,4.916350,1.666400,0.250000,0.000000,1.000000
15100.000000,4.916347,1.661512,-0.000343,-0.488836,0.000000,1.000000,0.000000,1.000000,0.000000,0.599845,0.489183,-0.489182,-0.001026,0.880928,0.000000,0.000000,0.000000,65535.000000,3.376937,2.450121,4.916347,1.661512,4.916347,1.661512,0.250000,0.000000,1.000000
15110.000000,4.916313,1.656593,-0.003417,-0.491909,0.000000,1.000000,0.000000,1.000000,0.000000,0.599845,0.488836,-0.488778,-0.007523,-0.424133,0.000000,0.000000,0.000000,65535.000000,3.376937,2.450121,4.916313,1.656593,4.916313,1.656593,0.250000,0.000000,1.000000
15120.000000,4.916322,1.651662,0.000913,-0.493047,0.000000,1.000000,0.000000,1.000000,0.000000,0.468146,0.491920,-0.491801,-0.010822,-1.016539,0.000000,0.000000,0.000000,65535.000000,3.376937,2.450121,4.916322,1.651662,4.916322,1.651662,0.250000,0.000000,1.000000
15130.000000,4.916288,1.646841,-0.003379,-0.482078,0.000000,1.000000,0.000000,1.000000,0.000000,0.518517,0.493048,-0.493003,-0.006645,-0.877330,0.000000,0.000000,0.000000,65535.000000,3.376937,2.450121,4.916288,1.646841,4.916288,1.646841,0.250000,0.000000,1.000000
15140.000000,4.916012,1.641797,-0.027569,-0.504483,0.000000,1.000000,0.000000,1.000000,0.000000,0.518517,0.482090,-0.481965,-0.010973,-0.869693,0.000000,0.000000,0.000000,65535.000000,3.376937,2.450121,4.916012,1.641797,4.916012,1.641797,0.250000,0.000000,1.000000
15150.000000,4.915708,1.636760,-0.030457,-0.503642,0.000000,1.000000,0.000000,1.000000,0.000000,0.543243,0.505236,-0.503974,-0.035687,0.655724,0.000000,0.000000,0.000000,65535.000000,3.376937,2.450121,4.915708,1.636760,4.915708,1.636760,0.250000,0.000000,1.000000
15160.000000,4.915553,1.631895,-0.015436,-0.486493,0.000000,1.000000,0.000000,1.000000,0.000000,0.598060,0.504562,-0.503094,-0.038455,0.993230,0.000000,0.000000,0.000000,65535.000000,3.376937,2.450121,4.915553,1.631895,4.915553,1.631895,0.250000,0.000000,1.000000
15170.000000,4.915545,1.627254,-0.000768,-0.464114,0.000000,1.000000,0.000000,1.000000,0.000000,0.762482,0.486738,-0.486198,-0.022922,0.983452,0.000000,0.000000,0.000000,65535.000000,3.376937,2.450121,4.915545,1.627254,4.915545,1.627254,0.250000,0.000000,1.000000
15180.000000,4.915625,1.622731,0.007925,-0.452341,0.000000,1.000000,0.000000,1.000000,0.000000,0.788747,0.464114,-0.464048,-0.007871,0.828681,0.000000,0.000000,0.000000,65535.000000,3.376937,2.450121,4.915625,1.622731,4.915625,1.622731,0.250000,0.000000,1.000000
15190.000000,4.915873,1.618406,0.024826,-0.432482,0.000000,1.000000,0.000000,1.000000,0.000000,0.780567,0.452411,-0.452410,0.000682,0.821864,0.000000,0.000000,0.000000,65535.000000,3.376937,2.450121,4.915873,1.618406,4.915873,1.618406,0.250000,0.000000,1.000000
15200.000000,4.916162,1.614235,0.028880,-0.417117,0.000000,1.000000,0.000000,1.000000,0.000000,0.785570,0.433194,-0.432834,0.017651,0.171835,0.000000,0.000000,0.000000,65535.000000,3.376937,2.450121,4.916162,1.614235,4.916162,1.614235,0.250000,0.000000,1.000000
15210.000000,4.916385,1.610163,0.022326,-0.407183,0.000000,1.000000,0.000000,1.000000,0.000000,0.278281,0.418115,-0.417543,0.021866,-1.773098,0.000000,0.000000,0.000000,65535.000000,3.376937,2.450121,4.916385,1.610163,4.916385,1.610163,0.250000,0.000000,1.000000
15220.000000,4.916543,1.606099,0.015751,-0.406358,0.000000,1.000000,0.000000,1.000000,0.000000,0.357419,0.407795,-0.407500,0.015494,-1.441078,0.000000,0.000000,0.000000,65535.000000,3.376937,2.450121,4.916543,1.606099,4.916543,1.606099,0.250000,0.000000,1.000000
15230.000000,4.916722,1.602114,0.017912,-0.398546,0.000000,1.000000,0.000000,1.000000,0.000000,0.817217,0.406664,-0.406568,0.008824,0.324270,0.000000,0.000000,0.000000,65535.000000,3.376937,2.450121,4.916722,1.602114,4.916722,1.602114,0.250000,0.000000,1.000000
15240.000000,4.916883,1.598359,0.016181,-0.375481,0.000000,1.000000,0.000000,1.000000,0.000000,0.982496,0.398949,-0.398799,0.010932,0.951881,0.000000,0.000000,0.000000,65535.000000,3.376937,2.450121,4.916883,1.598359,4.916883,1.598359,0.250000,0.000000,1.000000
15250.000000,4.917039,1.594792,0.015580,-0.356734,0.000000,1.000000,0.000000,1.000000,0.000000,0.982496,0.375829,-0.375710,0.009469,0.942897,0.000000,0.000000,0.000000,65535.000000,3.376937,2.450121,4.917039,1.594792,4.917039,1.594792,0.250000,0.000000,1.000000
15260.000000,4.917317,1.591198,0.027818,-0.359400,0.000000,1.000000,0.000000,1.000000,0.000000,0.982496,0.357074,-0.356954,0.009261,0.934081,0.000000,0.000000,0.000000,65535.000000,3.376937,2.450121,4.917317,1.591198,4.917317,1.591198,0.250000,0.000000,1.000000
15270.000000,4.917675,1.587646,0.035720,-0.355161,0.000000,1.000000,0.000000,1.000000,0.000000,0.851501,0.360475,-0.359831,0.021540,-0.116330,0.000000,0.000000,0.000000,65535.000000,3.376937,2.450121,4.917675,1.587646,4.917675,1.587646,0.250000,0.000000,1.000000
15280.000000,4.918015,1.584217,0.034016,-0.342872,0.000000,1.000000,0.000000,1.000000,0.000000,0.582732,0.356952,-0.355709,0.029768,-0.612613,0.000000,0.000000,0.000000,65535.000000,3.376937,2.450121,4.918015,1.584217,4.918015,1.584217,0.250000,0.000000,1.000000
15290.000000,4.918287,1.580902,0.027298,-0.331493,0.000000,1.000000,0.000000,1.000000,0.000000,0.482805,0.344555,-0.343365,0.028617,-0.992077,0.000000,0.000000,0.000000,65535.000000,3.376937,2.450121,4.918287,1.580902,4.918287,1.580902,0.250000,0.000000,1.000000
15300.000000,4.918253,1.577425,-0.003444,-0.347776,0.000000,1.000000,0.000000,1.000000,0.000000,0.709437,0.332615,-0.331860,0.022396,0.163930,0.000000,0.000000,0.000000,65535.000000,3.376937,2.450121,4.918253,1.577425,4.918253,1.577425,0.250000,0.000000,1.000000
15310.000000,4.918163,1.573947,-0.009029,-0.347770,0.000000,1.000000,0.000000,1.000000,0.000000,0.709437,0.347793,-0.347694,-0.008306,0.245328,0.000000,0.000000,0.000000,65535.000000,3.376937,2.450121,4.918163,1.573947,4.918163,1.573947,0.250000,0.000000,1.000000
15320.000000,4.918227,1.570557,0.006384,-0.338983,0.000000,1.000000,0.000000,1.000000,0.000000,0.562367,0.347887,-0.347603,-0.014061,0.244727,0.000000,0.000000,0.000000,65535.000000,3.376937,2.450121,4.918227,1.570557,4.918227,1.570557,0.250000,0.000000,1.000000
15330.000000,4.918444,1.567425,0.021709,-0.313185,0.000000,1.000000,0.000000,1.000000,0.000000,0.565489,0.339043,-0.339042,0.001017,0.244129,0.000000,0.000000,0.000000,65535.000000,3.376937,2.450121,4.918444,1.567425,4.918444,1.567425,0.250000,0.000000,1.000000
15340.000000,4.918778,1.564478,0.033490,-0.294704,0.000000,1.000000,0.000000,1.000000,0.000000,0.565489,0.313937,-0.313504,0.016478,0.240828,0.000000,0.000000,0.000000,65535.000000,3.376937,2.450121,4.918778,1.564478,4.918778,1.564478,0.250000,0.000000,1.000000
15350.000000,4.919190,1.561638,0.041189,-0.284042,0.000000,1.000000,0.000000,1.000000,0.000000,0.565489,0.296601,-0.295207,0.028728,-0.012906,0.000000,0.000000,0.000000,65535.000000,3.376937,2.450121,4.919190,1.561638,4.919190,1.561638,0.250000,0.000000,1.000000
15360.000000,4.919717,1.558876,0.052690,-0.276120,0.000000,1.000000,0.000000,1.000000,0.000000,0.412154,0.287013,-0.284626,0.036939,-1.333405,0.000000,0.000000,0.000000,65535.000000,3.376937,2.450121,4.919717,1.558876,4.919717,1.558876,0.250000,0.000000,1.000000
15370.000000,4.920316,1.556216,0.059864,-0.265998,0.000000,1.000000,0.000000,1.000000,0.000000,0.252082,0.281103,-0.276822,0.048873,-1.948876,0.000000,0.000000,0.000000,65535.000000,3.376937,2.450121,4.920316,1.556216,4.920316,1.556216,0.250000,0.000000,1.000000
15380.000000,4.921007,1.553692,0.069152,-0.252478,0.000000,1.000000,0.000000,1.000000,0.000000,0.252082,0.272651,-0.266796,0.056201,-1.911584,0.000000,0.000000,0.000000,65535.000000,3.376937,2.450121,4.921007,1.553692,4.921007,1.553692,0.250000,0.000000,1.000000
15390.000000,4.921802,1.551401,0.079470,-0.229047,0.000000,1.000000,0.000000,1.000000,0.000000,0.252082,0.261776,-0.253443,0.065525,-1.875693,0.000000,0.000000,0.000000,65535.000000,3.376937,2.450121,4.921802,1.551401,4.921802,1.551401,0.250000,0.000000,1.000000
15400.000000,4.922761,1.549315,0.095948,-0.208658,0.000000,1.000000,0.000000,1.000000,0.000000,0.234321,0.242442,-0.230197,0.076075,-1.910432,0.000000,0.000000,0.000000,65535.000000,3.376937,2.450121,4.922761,1.549315,4.922761,1.549315,0.250000,0.000000,1.000000
15410.000000,4.923787,1.547412,0.102532,-0.190308,0.000000,1.000000,0.000000,1.000000,0.000000,0.302737,0.229661,-0.210036,0.092892,-1.609308,0.000000,0.000000,0.000000,65535.000000,3.376937,2.450121,4.923787,1.547412,4.923787,1.547412,0.250000,0.000000,1.000000
15420.000000,4.924943,1.545590,0.115610,-0.182167,0.000000,1.000000,0.000000,1.000000,0.000000,0.428702,0.216170,-0.191769,0.099772,-1.100379,0.000000,0.000000,0.000000,65535.000000,3.376937,2.450121,4.924943,1.545590,4.924943,1.545590,0.250000,0.000000,1.000000
15430.000000,4.926241,1.543892,0.129791,-0.169841,0.000000,1.000000,0.000000,1.000000,0.000000,0.487513,0.215755,-0.183824,0.112956,-0.985260,0.000000,0.000000,0.000000,65535.000000,3.376937,2.450121,4.926241,1.543892,4.926241,1.543892,0.250000,0.000000,1.000000
15440.000000,4.927666,1.542321,0.142486,-0.157031,0.000000,1.000000,0.000000,1.000000,0.000000,0.488276,0.213756,-0.171749,0.127255,-0.931372,0.000000,0.000000,0.000000,65535.000000,3.376937,2.450121,4.927666,1.542321,4.927666,1.542321,0.250000,0.000000,1.000000
15450.000000,4.929139,1.540854,0.147310,-0.146770,0.000000,1.000000,0.000000,1.000000,0.000000,0.387352,0.212040,-0.159102,0.140170,-0.922769,0.000000,0.000000,0.000000,65535.000000,3.376937,2.450121,4.929139,1.540854,4.929139,1.540854,0.250000,0.000000,1.000000
15460.000000,4.930662,1.539428,0.152292,-0.142506,0.000000,1.000000,0.000000,1.000000,0.000000,0.387352,0.207947,-0.148719,0.145343,-0.914324,0.000000,0.000000,0.000000,65535.000000,3.376937,2.450121,4.930662,1.539428,4.930662,1.539428,0.250000,0.000000,1.000000
15470.000000,4.932230,1.538004,0.156848,-0.142404,0.000000,1.000000,0.000000,1.000000,0.000000,0.326778,0.208569,-0.144307,0.150587,-1.208611,0.000000,0.000000,0.000000,65535.000000,3.376937,2.450121,4.932230,1.538004,4.932230,1.538004,0.250000,0.000000,1.000000
15480.000000,4.933890,1.536564,0.165998,-0.144089,0.000000,1.000000,0.000000,1.000000,0.000000,0.326778,0.211850,-0.144214,0.155186,-1.135260,0.000000,0.000000,0.000000,65535.000000,3.376937,2.450121,4.933890,1.536564,4.933890,1.536564,0.250000,0.000000,1.000000
15490.000000,4.935641,1.535106,0.175073,-0.145726,0.000000,1.000000,0.000000,1.000000,0.000000,0.326778,0.219811,-0.146121,0.164212,-1.122504,0.000000,0.000000,0.000000,65535.000000,3.376937,2.450121,4.935641,1.535106,4.935641,1.535106,0.250000,0.000000,1.000000
15500.000000,4.937501,1.533651,0.186028,-0.145494,0.000000,1.000000,0.000000,1.000000,0.000000,0.311719,0.227786,-0.147945,0.173201,-1.350876,0.000000,0.000000,0.000000,65535.000000,3.376937,2.450121,4.937501,1.533651,4.937501,1.533651,0.250000,0.000000,1.000000
15510.000000,4.939419,1.532214,0.191796,-0.143731,0.000000,1.000000,0.000000,1.000000,0.000000,0.311719,0.236167,-0.147757,0.184235,-1.332853,0.000000,0.000000,0.000000,65535.000000,3.376937,2.450121,4.939419,1.532214,4.939419,1.532214,0.250000,0.000000,1.000000
15520.000000,4.941412,1.530760,0.199347,-0.145450,0.000000,1.000000,0.000000,1.000000,0.000000,0.274456,0.239675,-0.145679,0.190320,-1.572920,0.000000,0.000000,0.000000,65535.000000,3.376937,2.450121,4.941412,1.530760,4.941412,1.530760,0.250000,0.000000,1.000000
15530.000000,4.943514,1.529341,0.210152,-0.141906,0.000000,1.000000,0.000000,1.000000,0.000000,0.152616,0.246769,-0.147020,0.198192,-2.005047,0.000000,0.000000,0.000000,65535.000000,3.376937,2.450121,4.943514,1.529341,4.943514,1.529341,0.250000,0.000000,1.000000
15540.000000,4.945753,1.527854,0.223874,-0.148659,0.000000,1.000000,0.000000,1.000000,0.000000,0.235893,0.253577,-0.143263,0.209229,-1.600515,0.000000,0.000000,0.000000,65535.000000,3.376937,2.450121,4.945753,1.527854,4.945753,1.527854,0.250000,0.000000,1.000000
15550.000000,4.948036,1.526288,0.228315,-0.156573,0.000000,1.000000,0.000000,1.000000,0.000000,0.235893,0.268736,-0.150116,0.222899,-1.575277,0.000000,0.000000,0.000000,65535.000000,3.376937,2.450121,4.948036,1.526288,4.948036,1.526288,0.250000,0.000000,1.000000
15560.000000,4.950331,1.524777,0.229490,-0.151121,0.000000,1.000000,0.000000,1.000000,0.000000,0.250898,0.276845,-0.158249,0.227156,-1.550823,0.000000,0.000000,0.000000,65535.000000,3.376937,2.450121,4.950331,1.524777,4.950331,1.524777,0.250000,0.000000,1.000000
15570.000000,4.952706,1.523395,0.237550,-0.138206,0.000000,1.000000,0.000000,1.000000,0.000000,0.196643,0.274778,-0.152775,0.228392,-1.857107,0.000000,0.000000,0.000000,65535.000000,3.376937,2.450121,4.952706,1.523395,4.952706,1.523395,0.250000,0.000000,1.000000
15580.000000,4.955303,1.522059,0.259680,-0.133635,0.000000,1.000000,0.000000,1.000000,0.000000,0.142905,0.274828,-0.139601,0.236733,-1.888754,0.000000,0.000000,0.000000,65535.000000,3.376937,2.450121,4.955303,1.522059,4.955303,1.522059,0.250000,0.000000,1.000000
15590.000000,4.958154,1.520719,0.285046,-0.134000,0.000000,1.000000,0.000000,1.000000,0.000000,0.312692,0.292048,-0.134783,0.259086,-1.240245,0.000000,0.000000,0.000000,65535.000000,3.376937,2.450121,4.958154,1.520719,4.958154,1.520719,0.250000,0.000000,1.000000
15600.000000,4.961119,1.519456,0.296511,-0.126279,0.000000,1.000000,0.000000,1.000000,0.000000,0.331485,0.314972,-0.135095,0.284529,-1.159007,0.000000,0.000000,0.000000,65535.000000,3.376937,2.450121,4.961119,1.519456,4.961119,1.519456,0.250000,0.000000,1.000000
15610.000000,4.964126,1.518252,0.300745,-0.120346,0.000000,1.000000,0.000000,1.000000,0.000000,0.331485,0.322281,-0.127437,0.296015,-1.144402,0.000000,0.000000,0.000000,65535.000000,3.376937,2.450121,4.964126,1.518252,4.964126,1.518252,0.250000,0.000000,1.000000
15620.000000,4.967344,1.517142,0.321836,-0.111046,0.000000,1.000000,0.000000,1.000000,0.000000,0.311635,0.323930,-0.121426,0.300310,-1.203620,0.000000,0.000000,0.000000,65535.000000,3.376937,2.450121,4.967344,1.517142,4.967344,1.517142,0.250000,0.000000,1.000000
15630.000000,4.970912,1.516114,0.356810,-0.102834,0.000000,1.000000,0.000000,1.000000,0.000000,0.125045,0.340455,-0.111847,0.321558,-1.856347,0.000000,0.000000,0.000000,65535.000000,3.376937,2.450121,4.970912,1.516114,4.970912,1.516114,0.250000,0.000000,1.000000
15640.000000,4.974633,1.515168,0.372090,-0.094554,0.000000,1.000000,0.000000,1.000000,0.000000,0.311381,0.371334,-0.103349,0.356662,-1.463874,0.000000,0.000000,0.000000,65535.000000,3.376937,2.450121,4.974633,1.515168,4.974633,1.515168,0.250000,0.000000,1.000000
15650.000000,4.978261,1.514289,0.362778,-0.087883,0.000000,1.000000,0.000000,1.000000,0.000000,0.375173,0.383916,-0.094859,0.372012,-0.026234,0.000000,0.000000,0.000000,65535.000000,3.376937,2.450121,4.978261,1.514289,4.978261,1.514289,0.250000,0.000000,1.000000
15660.000000,4.981969,1.513370,0.370769,-0.091952,0.000000,1.000000,0.000000,1.000000,0.000000,0.386730,0.373271,-0.087684,0.362826,0.021052,0.000000,0.000000,0.000000,65535.000000,3.376937,2.450121,4.981969,1.513370,4.981969,1.513370,0.250000,0.000000,1.000000
15670.000000,4.985898,1.512380,0.392923,-0.098953,0.000000,1.000000,0.000000,1.000000,0.000000,0.451090,0.382001,-0.091130,0.370972,0.021047,0.000000,0.000000,0.000000,65535.000000,3.376937,2.450121,4.985898,1.512380,4.985898,1.512380,0.250000,0.000000,1.000000
15680.000000,4.989957,1.511344,0.405913,-0.103591,0.000000,1.000000,0.000000,1.000000,0.000000,0.451090,0.405191,-0.097825,0.393205,-0.215939,0.000000,0.000000,0.000000,65535.000000,3.376937,2.450121,4.989957,1.511344,4.989957,1.511344,0.250000,0.000000,1.000000
15690.000000,4.993896,1.510339,0.393896,-0.100577,0.000000,1.000000,0.000000,1.000000,0.000000,0.498079,0.418923,-0.102590,0.406167,-0.215473,0.000000,0.000000,0.000000,65535.000000,3.376937,2.450121,4.993896,1.510339,4.993896,1.510339,0.250000,0.000000,1.000000
15700.000000,4.997823,1.509341,0.392633,-0.099733,0.000000,1.000000,0.000000,1.000000,0.000000,0.241054,0.406533,-0.099627,0.394137,-1.442693,0.000000,0.000000,0.000000,65535.000000,3.376937,2.450121,4.997823,1.509341,4.997823,1.509341,0.250000,0.000000,1.000000
15710.000000,5.001975,1.508334,0.415252,-0.100764,0.000000,1.000000,0.000000,1.000000,0.000000,0.503932,0.405102,-0.098463,0.392953,-1.069551,0.000000,0.000000,0.000000,65535.000000,3.376937,2.450121,5.001975,1.508334,5.001975,1.508334,0.250000,0.000000,1.000000
15720.000000,5.006425,1.507439,0.444982,-0.089402,0.000000,1.000000,0.000000,1.000000,0.000000,0.465901,0.427303,-0.099056,0.415663,-0.092385,0.000000,0.000000,0.000000,65535.000000,3.376937,2.450121,5.006425,1.507439,5.006425,1.507439,0.250000,0.000000,1.000000
15730.000000,5.010912,1.506609,0.448767,-0.083057,0.000000,1.000000,0.000000,1.000000,0.000000,0.465901,0.453874,-0.086990,0.445460,-0.092300,0.000000,0.000000,0.000000,65535.000000,3.376937,2.450121,5.010912,1.506609,5.010912,1.506609,0.250000,0.000000,1.000000
15740.000000,5.015459,1.505802,0.454612,-0.080687,0.000000,1.000000,0.000000,1.000000,0.000000,0.465901,0.456388,-0.080236,0.449280,-0.092214,0.000000,0.000000,0.000000,65535.000000,3.376937,2.450121,5.015459,1.505802,5.015459,1.505802,0.250000,0.000000,1.000000
15750.000000,5.020137,1.505088,0.467889,-0.071460,0.000000,1.000000,0.000000,1.000000,0.000000,0.270570,0.461717,-0.078051,0.455072,-0.917954,0.000000,0.000000,0.000000,65535.000000,3.376937,2.450121,5.020137,1.505088,5.020137,1.505088,0.250000,0.000000,1.000000
15760.000000,5.024849,1.504370,0.471167,-0.071750,0.000000,1.000000,0.000000,1.000000,0.000000,0.326051,0.473314,-0.068859,0.468279,-1.124791,0.000000,0.000000,0.000000,65535.000000,3.376937,2.450121,5.024849,1.504370,5.024849,1.504370,0.250000,0.000000,1.000000
15770.000000,5.029518,1.503577,0.466898,-0.079313,0.000000,1.000000,0.000000,1.000000,0.000000,0.326051,0.476599,-0.069103,0.471562,-1.112268,0.000000,0.000000,0.000000,65535.000000,3.376937,2.450121,5.029518,1.503577,5.029518,1.503577,0.250000,0.000000,1.000000
15780.000000,5.034229,1.502695,0.471096,-0.088157,0.000000,1.000000,0.000000,1.000000,0.000000,0.410080,0.473586,-0.076450,0.467375,-0.777497,0.000000,0.000000,0.000000,65535.000000,3.376937,2.450121,5.034229,1.502695,5.034229,1.502695,0.250000,0.000000,1.000000
15790.000000,5.038932,1.501755,0.470244,-0.094080,0.000000,1.000000,0.000000,1.000000,0.000000,0.550641,0.479274,-0.084886,0.471697,-0.235197,0.000000,0.000000,0.000000,65535.000000,3.376937,2.450121,5.038932,1.501755,5.038932,1.501755,0.250000,0.000000,1.000000
15800.000000,5.043615,1.500701,0.468322,-0.105391,0.000000,1.000000,0.000000,1.000000,0.000000,0.550641,0.479563,-0.090720,0.470904,-0.234645,0.000000,0.000000,0.000000,65535.000000,3.376937,2.450121,5.043615,1.500701,5.043615,1.500701,0.250000,0.000000,1.000000
15810.000000,5.048105,1.499393,0.449044,-0.130722,0.000000,1.000000,0.000000,1.000000,0.000000,0.550641,0.480034,-0.102153,0.469039,-0.234095,0.000000,0.000000,0.000000,65535.000000,3.376937,2.450121,5.048105,1.499393,5.048105,1.499393,0.250000,0.000000,1.000000
15820.000000,5.052642,1.498042,0.453664,-0.135174,0.000000,1.000000,0.000000,1.000000,0.000000,0.479389,0.467684,-0.127491,0.449972,-0.514035,0.000000,0.000000,0.000000,65535.000000,3.376937,2.450121,5.052642,1.498042,5.052642,1.498042,0.250000,0.000000,1.000000
15830.000000,5.057235,1.496804,0.459317,-0.123807,0.000000,1.000000,0.000000,1.000000,0.000000,0.250774,0.473374,-0.131273,0.454808,-1.406910,0.000000,0.000000,0.000000,65535.000000,3.376937,2.450121,5.057235,1.496804,5.057235,1.496804,0.250000,0.000000,1.000000
15840.000000,5.062085,1.495611,0.484949,-0.119221,0.000000,1.000000,0.000000,1.000000,0.000000,0.614470,0.475711,-0.119202,0.460534,0.036753,0.000000,0.000000,0.000000,65535.000000,3.376937,2.450121,5.062085,1.495611,5.062085,1.495611,0.250000,0.000000,1.000000
15850.000000,5.066976,1.494461,0.489121,-0.115017,0.000000,1.000000,0.000000,1.000000,0.000000,0.971955,0.499389,-0.114407,0.486107,0.852362,0.000000,0.000000,0.000000,65535.000000,3.376937,2.450121,5.066976,1.494461,5.066976,1.494461,0.250000,0.000000,1.000000
15860.000000,5.071796,1.493325,0.482021,-0.113648,0.000000,1.000000,0.000000,1.000000,0.000000,1.024112,0.502462,-0.110808,0.490091,1.632217,0.000000,0.000000,0.000000,65535.000000,3.376937,2.450121,5.071796,1.493325,5.071796,1.493325,0.250000,0.000000,1.000000
15870.000000,5.076571,1.492102,0.477513,-0.122292,0.000000,1.000000,0.000000,1.000000,0.000000,1.024112,0.495237,-0.109908,0.482887,1.605978,0.000000,0.000000,0.000000,65535.000000,3.376937,2.450121,5.076571,1.492102,5.076571,1.492102,0.250000,0.000000,1.000000
15880.000000,5.081442,1.490835,0.487074,-0.126722,0.000000,1.000000,0.000000,1.000000,0.000000,1.014430,0.492924,-0.118514,0.478464,1.542898,0.000000,0.000000,0.000000,65535.000000,3.376937,2.450121,5.081442,1.490835,5.081442,1.490835,0.250000,0.000000,1.000000
15890.000000,5.086199,1.489611,0.475714,-0.122335,0.000000,1.000000,0.000000,1.000000,0.000000,0.780809,0.503289,-0.122489,0.488156,0.440994,0.000000,0.000000,0.000000,65535.000000,3.376937,2.450121,5.086199,1.489611,5.086199,1.489611,0.250000,0.000000,1.000000
15900.000000,5.090873,1.488339,0.467338,-0.127272,0.000000,1.000000,0.000000,1.000000,0.000000,0.437623,0.491193,-0.117734,0.476874,-0.722087,0.000000,0.000000,0.000000,65535.000000,3.376937,2.450121,5.090873,1.488339,5.090873,1.488339,0.250000,0.000000,1.000000
15910.000000,5.095516,1.487031,0.464299,-0.130822,0.000000,1.000000,0.000000,1.000000,0.000000,0.133972,0.484358,-0.122665,0.468569,-1.893380,0.000000,0.000000,0.000000,65535.000000,3.376937,2.450121,5.095516,1.487031,5.095516,1.487031,0.250000,0.000000,1.000000
15920.000000,5.100160,1.485705,0.464449,-0.132574,0.000000,1.000000,0.000000,1.000000,0.000000,0.275908,0.482377,-0.126347,0.465537,-1.315406,0.000000,0.000000,0.000000,65535.000000,3.376937,2.450121,5.100160,1.485705,5.100160,1.485705,0.250000,0.000000,1.000000
15930.000000,5.104825,1.484333,0.466518,-0.137137,0.000000,1.000000,0.000000,1.000000,0.000000,0.295828,0.483000,-0.127953,0.465743,-1.222219,0.000000,0.000000,0.000000,65535.000000,3.376937,2.450121,5.104825,1.484333,5.104825,1.484333,0.250000,0.000000,1.000000
15940.000000,5.109781,1.483051,0.495545,-0.128230,0.000000,1.000000,0.000000,1.000000,0.000000,0.302544,0.486256,-0.132211,0.467938,-1.181836,0.000000,0.000000,0.000000,65535.000000,3.376937,2.450121,5.109781,1.483051,5.109781,1.483051,0.250000,0.000000,1.000000
15950.000000,5.114722,1.481789,0.494089,-0.126238,0.000000,1.000000,0.000000,1.000000,0.000000,0.302544,0.511867,-0.123049,0.496857,-1.168018,0.000000,0.000000,0.000000,65535.000000,3.376937,2.450121,5.114722,1.481789,5.114722,1.481789,0.250000,0.000000,1.000000
15960.000000,5.119459,1.480383,0.473747,-0.140528,0.000000,1.000000,0.000000,1.000000,0.000000,0.302544,0.509961,-0.121348,0.495313,-1.154520,0.000000,0.000000,0.000000,65535.000000,3.376937,2.450121,5.119459,1.480383,5.119459,1.480383,0.250000,0.000000,1.000000
15970.000000,5.124030,1.478863,0.457039,-0.152078,0.000000,1.000000,0.000000,1.000000,0.000000,0.254360,0.494150,-0.136006,0.475065,-1.325714,0.000000,0.000000,0.000000,65535.000000,3.376937,2.450121,5.124030,1.478863,5.124030,1.478863,0.250000,0.000000,1.000000
15980.000000,5.128468,1.477241,0.443861,-0.162121,0.000000,1.000000,0.000000,1.000000,0.000000,0.438989,0.481676,-0.147623,0.458497,-0.602256,0.000000,0.000000,0.000000,65535.000000,3.376937,2.450121,5.128468,1.477241,5.128468,1.477241,0.250000,0.000000,1.000000
15990.000000,5.132720,1.475448,0.425254,-0.179383,0.000000,1.000000,0.000000,1.000000,0.000000,0.629198,0.472542,-0.157373,0.445567,0.101554,0.000000,0.000000,0.000000,65535.000000,3.376937,2.450121,5.132720,1.475448,5.132720,1.475448,0.250000,0.000000,1.000000
16000.000000,5.136984,1.473613,0.426355,-0.183447,0.000000,1.000000,0.000000,1.000000,0.000000,0.638835,0.461540,-0.174481,0.427289,0.101451,0.000000,0.000000,0.000000,65535.000000,3.376937,2.450121,5.136984,1.473613,5.136984,1.473613,0.250000,0.000000,1.000000
16010.000000,5.141133,1.471876,0.414876,-0.173750,0.000000,1.000000,0.000000,1.000000,0.000000,0.700394,0.464146,-0.178443,0.428473,0.101348,0.000000,0.000000,0.000000,65535.000000,3.376937,2.450121,5.141133,1.471876,5.141133,1.471876,0.250000,0.000000,1.000000
16020.000000,5.145198,1.470124,0.406549,-0.175198,0.000000,1.000000,0.000000,1.000000,0.000000,0.397018,0.449790,-0.169100,0.416793,-0.112323,0.000000,0.000000,0.000000,65535.000000,3.376937,2.450121,5.145198,1.470124,5.145198,1.470124,0.250000,0.000000,1.000000
16030.000000,5.149165,1.468307,0.396681,-0.181683,0.000000,1.000000,0.000000,1.000000,0.000000,0.347090,0.442693,-0.171214,0.408243,-0.393664,0.000000,0.000000,0.000000,65535.000000,3.376937,2.450121,5.149165,1.468307,5.149165,1.468307,0.250000,0.000000,1.000000
16040.000000,5.153037,1.466365,0.387138,-0.194130,0.000000,1.000000,0.000000,1.000000,0.000000,0.501602,0.436308,-0.178400,0.398168,0.756210,0.000000,0.000000,0.000000,65535.000000,3.376937,2.450121,5.153037,1.466365,5.153037,1.466365,0.250000,0.000000,1.000000
16050.000000,5.156675,1.464364,0.363833,-0.200142,0.000000,1.000000,0.000000,1.000000,0.000000,0.501602,0.433085,-0.191317,0.388536,0.750528,0.000000,0.000000,0.000000,65535.000000,3.376937,2.450121,5.156675,1.464364,5.156675,1.464364,0.250000,0.000000,1.000000
16060.000000,5.160160,1.462236,0.348473,-0.212793,0.000000,1.000000,0.000000,1.000000,0.000000,0.459814,0.415249,-0.197286,0.365390,0.646472,0.000000,0.000000,0.000000,65535.000000,3.376937,2.450121,5.160160,1.462236,5.160160,1.462236,0.250000,0.000000,1.000000
16070.000000,5.163493,1.459964,0.333312,-0.227201,0.000000,1.000000,0.000000,1.000000,0.000000,0.301957,0.408306,-0.209455,0.350489,-0.401598,0.000000,0.000000,0.000000,65535.000000,3.376937,2.450121,5.163493,1.459964,5.163493,1.459964,0.250000,0.000000,1.000000
16080.000000,5.166720,1.457684,0.322782,-0.228038,0.000000,1.000000,0.000000,1.000000,0.000000,0.368065,0.403382,-0.223470,0.335825,-0.059948,0.000000,0.000000,0.000000,65535.000000,3.376937,2.450121,5.166720,1.457684,5.166720,1.457684,0.250000,0.000000,1.000000
16090.000000,5.169878,1.455472,0.315798,-0.221221,0.000000,1.000000,0.000000,1.000000,0.000000,0.368065,0.395208,-0.224224,0.325443,-0.059912,0.000000,0.000000,0.000000,65535.000000,3.376937,2.450121,5.169878,1.455472,5.169878,1.455472,0.250000,0.000000,1.000000
16100.000000,5.173016,1.453270,0.313699,-0.220103,0.000000,1.000000,0.000000,1.000000,0.000000,0.323258,0.385574,-0.217491,0.318379,-0.310459,0.000000,0.000000,0.000000,65535.000000,3.376937,2.450121,5.173016,1.453270,5.173016,1.453270,0.250000,0.000000,1.000000
16110.000000,5.176100,1.451118,0.308471,-0.215228,0.000000,1.000000,0.000000,1.000000,0.000000,0.342390,0.383214,-0.216627,0.316110,-1.320291,0.000000,0.000000,0.000000,65535.000000,3.376937,2.450121,5.176100,1.451118,5.176100,1.451118,0.250000,0.000000,1.000000
16120.000000,5.179147,1.449029,0.304649,-0.208885,0.000000,1.000000,0.000000,1.000000,0.000000,0.372719,0.376135,-0.212172,0.310581,-0.100758,0.000000,0.000000,0.000000,65535.000000,3.376937,2.450121,5.179147,1.449029,5.179147,1.449029,0.250000,0.000000,1.000000
16130.000000,5.182117,1.447060,0.296965,-0.196922,0.000000,1.000000,0.000000,1.000000,0.000000,0.388514,0.369383,-0.206165,0.306497,0.018919,0.000000,0.000000,0.000000,65535.000000,3.376937,2.450121,5.182117,1.447060,5.182117,1.447060,0.250000,0.000000,1.000000
16140.000000,5.185033,1.445160,0.291696,-0.189994,0.000000,1.000000,0.000000,1.000000,0.000000,0.388514,0.356323,-0.194626,0.298475,0.018915,0.000000,0.000000,0.000000,65535.000000,3.376937,2.450121,5.185033,1.445160,5.185033,1.445160,0.250000,0.000000,1.000000
16150.000000,5.187815,1.443310,0.278137,-0.185008,0.000000,1.000000,0.000000,1.000000,0.000000,0.375800,0.348115,-0.188195,0.292860,-0.105084,0.000000,0.000000,0.000000,65535.000000,3.376937,2.450121,5.187815,1.443310,5.187815,1.443310,0.250000,0.000000,1.000000
16160.000000,5.190456,1.441502,0.264173,-0.180811,0.000000,1.000000,0.000000,1.000000,0.000000,0.436336,0.334048,-0.183593,0.279073,-0.020278,0.000000,0.000000,0.000000,65535.000000,3.376937,2.450121,5.190456,1.441502,5.190456,1.441502,0.250000,0.000000,1.000000
16170.000000,5.192923,1.439818,0.246655,-0.168423,0.000000,1.000000,0.000000,1.000000,0.000000,0.436336,0.320125,-0.179458,0.265094,-0.020274,0.000000,0.000000,0.000000,65535.000000,3.376937,2.450121,5.192923,1.439818,5.192923,1.439818,0.250000,0.000000,1.000000
16180.000000,5.195337,1.438196,0.241431,-0.162120,0.000000,1.000000,0.000000,1.000000,0.000000,0.341242,0.298672,-0.167106,0.247550,-0.311374,0.000000,0.000000,0.000000,65535.000000,3.376937,2.450121,5.195337,1.438196,5.195337,1.438196,0.250000,0.000000,1.000000
16190.000000,5.197672,1.436543,0.233450,-0.165294,0.000000,1.000000,0.000000,1.000000,0.000000,0.257115,0.290812,-0.160830,0.242292,-1.505231,0.000000,0.000000,0.000000,65535.000000,3.376937,2.450121,5.197672,1.436543,5.197672,1.436543,0.250000,0.000000,1.000000
16200.000000,5.199875,1.434911,0.220336,-0.163231,0.000000,1.000000,0.000000,1.000000,0.000000,0.298612,0.286043,-0.164173,0.234239,-1.043103,0.000000,0.000000,0.000000,65535.000000,3.376937,2.450121,5.199875,1.434911,5.199875,1.434911,0.250000,0.000000,1.000000
16210.000000,5.201972,1.433371,0.209649,-0.153985,0.000000,1.000000,0.000000,1.000000,0.000000,0.298612,0.274213,-0.162301,0.221023,-1.032324,0.000000,0.000000,0.000000,65535.000000,3.376937,2.450121,5.201972,1.433371,5.201972,1.433371,0.250000,0.000000,1.000000
16220.000000,5.203997,1.431870,0.202462,-0.150174,0.000000,1.000000,0.000000,1.000000,0.000000,0.268641,0.260124,-0.153300,0.210151,-1.098791,0.000000,0.000000,0.000000,65535.000000,3.376937,2.450121,5.203997,1.431870,5.203997,1.431870,0.250000,0.000000,1.000000
16230.000000,5.205984,1.430346,0.198765,-0.152374,0.000000,1.000000,0.000000,1.000000,0.000000,0.301783,0.252078,-0.149736,0.202786,-1.786831,0.000000,0.000000,0.000000,65535.000000,3.376937,2.450121,5.205984,1.430346,5.205984,1.430346,0.250000,0.000000,1.000000
16240.000000,5.207914,1.428776,0.193039,-0.157010,0.000000,1.000000,0.000000,1.000000,0.000000,0.354000,0.250450,-0.152128,0.198954,-1.014185,0.000000,0.000000,0.000000,65535.000000,3.376937,2.450121,5.207914,1.428776,5.207914,1.428776,0.250000,0.000000,1.000000
16250.000000,5.209740,1.427321,0.182602,-0.145507,0.000000,1.000000,0.000000,1.000000,0.000000,0.358054,0.248829,-0.156868,0.193154,-1.003992,0.000000,0.000000,0.000000,65535.000000,3.376937,2.450121,5.209740,1.427321,5.209740,1.427321,0.250000,0.000000,1.000000
16260.000000,5.211515,1.426001,0.177534,-0.131961,0.000000,1.000000,0.000000,1.000000,0.000000,0.358054,0.233487,-0.145385,0.182700,-0.994003,0.000000,0.000000,0.000000,65535.000000,3.376937,2.450121,5.211515,1.426001,5.211515,1.426001,0.250000,0.000000,1.000000
16270.000000,5.213197,1.424731,0.168177,-0.126962,0.000000,1.000000,0.000000,1.000000,0.000000,0.296317,0.221206,-0.131792,0.177660,-1.200033,0.000000,0.000000,0.000000,65535.000000,3.376937,2.450121,5.213197,1.424731,5.213197,1.424731,0.250000,0.000000,1.000000
16280.000000,5.214800,1.423420,0.160306,-0.131139,0.000000,1.000000,0.000000,1.000000,0.000000,0.200447,0.210720,-0.126717,0.168362,-1.607791,0.000000,0.000000,0.000000,65535.000000,3.376937,2.450121,5.214800,1.423420,5.214800,1.423420,0.250000,0.000000,1.000000
16290.000000,5.216328,1.422149,0.152749,-0.127126,0.000000,1.000000,0.000000,1.000000,0.000000,0.385493,0.207112,-0.130797,0.160585,-1.037712,0.000000,0.000000,0.000000,65535.000000,3.376937,2.450121,5.216328,1.422149,5.216328,1.422149,0.250000,0.000000,1.000000
16300.000000,5.217795,1.420981,0.146766,-0.116788,0.000000,1.000000,0.000000,1.000000,0.000000,0.689842,0.198729,-0.126760,0.153053,0.564648,0.000000,0.000000,0.000000,65535.000000,3.376937,2.450121,5.217795,1.420981,5.217795,1.420981,0.250000,0.000000,1.000000
16310.000000,5.219198,1.419928,0.140283,-0.105286,0.000000,1.000000,0.000000,1.000000,0.000000,0.719043,0.187562,-0.116431,0.147049,0.902286,0.000000,0.000000,0.000000,65535.000000,3.376937,2.450121,5.219198,1.419928,5.219198,1.419928,0.250000,0.000000,1.000000
16320.000000,5.220540,1.418912,0.134145,-0.101598,0.000000,1.000000,0.000000,1.000000,0.000000,0.719043,0.175398,-0.104855,0.140606,0.894209,0.000000,0.000000,0.000000,65535.000000,3.376937,2.450121,5.220540,1.418912,5.220540,1.418912,0.250000,0.000000,1.000000
16330.000000,5.221760,1.417970,0.122049,-0.094163,0.000000,1.000000,0.000000,1.000000,0.000000,0.675152,0.168277,-0.101018,0.134582,0.886276,0.000000,0.000000,0.000000,65535.000000,3.376937,2.450121,5.221760,1.417970,5.221760,1.417970,0.250000,0.000000,1.000000
16340.000000,5.222927,1.417055,0.116691,-0.091552,0.000000,1.000000,0.000000,1.000000,0.000000,0.282565,0.154151,-0.093428,0.122612,-0.509099,0.000000,0.000000,0.000000,65535.000000,3.376937,2.450121,5.222927,1.417055,5.222927,1.417055,0.250000,0.000000,1.000000
16350.000000,5.223979,1.416196,0.105254,-0.085843,0.000000,1.000000,0.000000,1.000000,0.000000,0.279928,0.148319,-0.090731,0.117330,-0.520034,0.000000,0.000000,0.000000,65535.000000,3.376937,2.450121,5.223979,1.416196,5.223979,1.416196,0.250000,0.000000,1.000000
16360.000000,5.224948,1.415374,0.096911,-0.082263,0.000000,1.000000,0.000000,1.000000,0.000000,0.322105,0.135821,-0.085150,0.105816,-0.148130,0.000000,0.000000,0.000000,65535.000000,3.376937,2.450121,5.224948,1.415374,5.224948,1.415374,0.250000,0.000000,1.000000
16370.000000,5.225867,1.414599,0.091819,-0.077432,0.000000,1.000000,0.000000,1.000000,0.000000,0.322105,0.127118,-0.081723,0.097367,-0.147910,0.000000,0.000000,0.000000,65535.000000,3.376937,2.450121,5.225867,1.414599,5.225867,1.414599,0.250000,0.000000,1.000000
16380.000000,5.226754,1.413881,0.088694,-0.071859,0.000000,1.000000,0.000000,1.000000,0.000000,0.322105,0.120110,-0.077001,0.092180,-0.147691,0.000000,0.000000,0.000000,65535.000000,3.376937,2.450121,5.226754,1.413881,5.226754,1.413881,0.250000,0.000000,1.000000
16390.000000,5.227600,1.413228,0.084651,-0.065246,0.000000,1.000000,0.000000,1.000000,0.000000,0.220999,0.114150,-0.071486,0.088995,-1.213189,0.000000,0.000000,0.000000,65535.000000,3.376937,2.450121,5.227600,1.413228,5.227600,1.413228,0.250000,0.000000,1.000000
16400.000000,5.228421,1.412629,0.082117,-0.059960,0.000000,1.000000,0.000000,1.000000,0.000000,0.220999,0.106877,-0.064828,0.084971,-1.198632,0.000000,0.000000,0.000000,65535.000000,3.376937,2.450121,5.228421,1.412629,5.228421,1.412629,0.250000,0.000000,1.000000
16410.000000,5.229227,1.412088,0.080577,-0.054113,0.000000,1.000000,0.000000,1.000000,0.000000,0.227486,0.101678,-0.059431,0.082501,-1.408314,0.000000,0.000000,0.000000,65535.000000,3.376937,2.450121,5.229227,1.412088,5.229227,1.412088,0.250000,0.000000,1.000000
16420.000000,5.230024,1.411622,0.079684,-0.046572,0.000000,1.000000,0.000000,1.000000,0.000000,0.227486,0.097061,-0.053501,0.080984,-1.388737,0.000000,0.000000,0.000000,65535.000000,3.376937,2.450121,5.230024,1.411622,5.230024,1.411622,0.250000,0.000000,1.000000
16430.000000,5.230823,1.411248,0.079874,-0.037349,0.000000,1.000000,0.000000,1.000000,0.000000,0.114405,0.092295,-0.045934,0.080053,-1.990849,0.000000,0.000000,0.000000,65535.000000,3.376937,2.450121,5.230823,1.411248,5.230823,1.411248,0.250000,0.000000,1.000000
16440.000000,5.231658,1.410964,0.083476,-0.028407,0.000000,1.000000,0.000000,1.000000,0.000000,0.114665,0.088175,-0.036709,0.080170,-1.919448,0.000000,0.000000,0.000000,65535.000000,3.376937,2.450121,5.231658,1.410964,5.231658,1.410964,0.250000,0.000000,1.000000
16450.000000,5.232522,1.410755,0.086397,-0.020917,0.000000,1.000000,0.000000,1.000000,0.000000,0.114665,0.088177,-0.027773,0.083689,-1.883264,0.000000,0.000000,0.000000,65535.000000,3.376937,2.450121,5.232522,1.410755,5.232522,1.410755,0.250000,0.000000,1.000000
16460.000000,5.233424,1.410625,0.090278,-0.013031,0.000000,1.000000,0.000000,1.000000,0.000000,0.102715,0.088893,-0.020324,0.086539,-1.899969,0.000000,0.000000,0.000000,65535.000000,3.376937,2.450121,5.233424,1.410625,5.233424,1.410625,0.250000,0.000000,1.000000
16470.000000,5.234372,1.410575,0.094740,-0.004957,0.000000,1.000000,0.000000,1.000000,0.000000,0.110698,0.091214,-0.012479,0.090356,-1.817225,0.000000,0.000000,0.000000,65535.000000,3.376937,2.450121,5.234372,1.410575,5.234372,1.410575,0.250000,0.000000,1.000000
16480.000000,5.235367,1.410634,0.099583,0.005840,0.000000,1.000000,0.000000,1.000000,0.000000,0.142440,0.094870,-0.004391,0.094768,-1.578703,0.000000,0.000000,0.000000,65535.000000,3.376937,2.450121,5.235367,1.410634,5.235367,1.410634,0.250000,0.000000,1.000000
16490.000000,5.236435,1.410849,0.106770,0.021523,0.000000,1.000000,0.000000,1.000000,0.000000,0.143478,0.099754,0.006463,0.099545,-1.530094,0.000000,0.000000,0.000000,65535.000000,3.376937,2.450121,5.236435,1.410849,5.236435,1.410849,0.250000,0.000000,1.000000
16500.000000,5.237582,1.411245,0.114709,0.039623,0.000000,1.000000,0.000000,1.000000,0.000000,0.143478,0.108918,0.022287,0.106613,-1.507013,0.000000,0.000000,0.000000,65535.000000,3.376937,2.450121,5.237582,1.411245,5.237582,1.411245,0.250000,0.000000,1.000000
16510.000000,5.238812,1.411799,0.123029,0.055392,0.000000,1.000000,0.000000,1.000000,0.000000,0.148796,0.121360,0.040508,0.114400,-1.276964,0.000000,0.000000,0.000000,65535.000000,3.376937,2.450121,5.238812,1.411799,5.238812,1.411799,0.250000,0.000000,1.000000
16520.000000,5.240162,1.412491,0.134927,0.069193,0.000000,1.000000,0.000000,1.000000,0.000000,0.232426,0.134923,0.056275,0.122627,-0.617875,0.000000,0.000000,0.000000,65535.000000,3.376937,2.450121,5.240162,1.412491,5.240162,1.412491,0.250000,0.000000,1.000000
16530.000000,5.241534,1.413317,0.137220,0.082586,0.000000,1.000000,0.000000,1.000000,0.000000,0.232426,0.151634,0.069882,0.134572,-0.614077,0.000000,0.000000,0.000000,65535.000000,3.376937,2.450121,5.241534,1.413317,5.241534,1.413317,0.250000,0.000000,1.000000
16540.000000,5.242906,1.414252,0.137174,0.093475,0.000000,1.000000,0.000000,1.000000,0.000000,0.251373,0.160155,0.082816,0.137081,-0.420902,0.000000,0.000000,0.000000,65535.000000,3.376937,2.450121,5.242906,1.414252,5.242906,1.414252,0.250000,0.000000,1.000000
16550.000000,5.244265,1.415304,0.135838,0.105253,0.000000,1.000000,0.000000,1.000000,0.000000,0.285437,0.165995,0.093374,0.137242,-0.306886,0.000000,0.000000,0.000000,65535.000000,3.376937,2.450121,5.244265,1.415304,5.244265,1.415304,0.250000,0.000000,1.000000
16560.000000,5.245637,1.416486,0.137220,0.118204,0.000000,1.000000,0.000000,1.000000,0.000000,0.285437,0.171843,0.105091,0.135963,-0.305946,0.000000,0.000000,0.000000,65535.000000,3.376937,2.450121,5.245637,1.416486,5.245637,1.416486,0.250000,0.000000,1.000000
16570.000000,5.247101,1.417826,0.146416,0.133935,0.000000,1.000000,0.000000,1.000000,0.000000,0.285437,0.181111,0.118173,0.137246,-0.369806,0.000000,0.000000,0.000000,65535.000000,3.376937,2.450121,5.247101,1.417826,5.247101,1.417826,0.250000,0.000000,1.000000
16580.000000,5.248766,1.419387,0.166480,0.156093,0.000000,1.000000,0.000000,1.000000,0.000000,0.244486,0.198435,0.134057,0.146305,-0.685669,0.000000,0.000000,0.000000,65535.000000,3.376937,2.450121,5.248766,1.419387,5.248766,1.419387,0.250000,0.000000,1.000000
16590.000000,5.250786,1.421282,0.202022,0.189549,0.000000,1.000000,0.000000,1.000000,0.000000,0.310277,0.228211,0.156240,0.166342,-0.569096,0.000000,0.000000,0.000000,65535.000000,3.376937,2.450121,5.250786,1.421282,5.250786,1.421282,0.250000,0.000000,1.000000
16600.000000,5.252912,1.423320,0.212566,0.203807,0.000000,1.000000,0.000000,1.000000,0.000000,0.310277,0.277023,0.189487,0.202080,-0.565873,0.000000,0.000000,0.000000,65535.000000,3.376937,2.450121,5.252912,1.423320,5.252912,1.423320,0.250000,0.000000,1.000000
16610.000000,5.254999,1.425387,0.208667,0.206687,0.000000,1.000000,0.000000,1.000000,0.000000,0.303064,0.294485,0.203359,0.212995,-0.609922,0.000000,0.000000,0.000000,65535.000000,3.376937,2.450121,5.254999,1.425387,5.254999,1.425387,0.250000,0.000000,1.000000
16620.000000,5.257111,1.427555,0.211239,0.216801,0.000000,1.000000,0.000000,1.000000,0.000000,0.304485,0.293703,0.205988,0.209358,-0.984850,0.000000,0.000000,0.000000,65535.000000,3.376937,2.450121,5.257111,1.427555,5.257111,1.427555,0.250000,0.000000,1.000000
16630.000000,5.259329,1.429818,0.221785,0.226295,0.000000,1.000000,0.000000,1.000000,0.000000,0.292832,0.302696,0.216107,0.211949,-0.975235,0.000000,0.000000,0.000000,65535.000000,3.376937,2.450121,5.259329,1.429818,5.259329,1.429818,0.250000,0.000000,1.000000
16640.000000,5.261643,1.432188,0.231397,0.237004,0.000000,1.000000,0.000000,1.000000,0.000000,0.446871,0.316857,0.225591,0.222501,-0.445717,0.000000,0.000000,0.000000,65535.000000,3.376937,2.450121,5.261643,1.432188,5.261643,1.432188,0.250000,0.000000,1.000000
16650.000000,5.263781,1.434480,0.213764,0.229227,0.000000,1.000000,0.000000,1.000000,0.000000,0.475450,0.331233,0.235994,0.232426,0.480852,0.000000,0.000000,0.000000,65535.000000,3.376937,2.450121,5.263781,1.434480,5.263781,1.434480,0.250000,0.000000,1.000000
16660.000000,5.265914,1.436888,0.213315,0.240732,0.000000,1.000000,0.000000,1.000000,0.000000,0.466076,0.313433,0.227989,0.215085,0.541512,0.000000,0.000000,0.000000,65535.000000,3.376937,2.450121,5.265914,1.436888,5.265914,1.436888,0.250000,0.000000,1.000000
16670.000000,5.268285,1.439504,0.237111,0.261652,0.000000,1.000000,0.000000,1.000000,0.000000,0.624706,0.321644,0.239429,0.214776,0.538592,0.000000,0.000000,0.000000,65535.000000,3.376937,2.450121,5.268285,1.439504,5.268285,1.439504,0.250000,0.000000,1.000000
16680.000000,5.270902,1.442338,0.261684,0.283367,0.000000,1.000000,0.000000,1.000000,0.000000,0.661768,0.353106,0.260193,0.238712,1.040196,0.000000,0.000000,0.000000,65535.000000,3.376937,2.450121,5.270902,1.442338,5.270902,1.442338,0.250000,0.000000,1.000000
16690.000000,5.273626,1.445410,0.272413,0.307262,0.000000,1.000000,0.000000,1.000000,0.000000,0.835135,0.385713,0.281446,0.263748,1.445681,0.000000,0.000000,0.000000,65535.000000,3.376937,2.450121,5.273626,1.445410,5.273626,1.445410,0.250000,0.000000,1.000000
16700.000000,5.276433,1.448666,0.280723,0.325536,0.000000,1.000000,0.000000,1.000000,0.000000,0.841019,0.410633,0.304964,0.274984,1.554735,0.000000,0.000000,0.000000,65535.000000,3.376937,2.450121,5.276433,1.448666,5.276433,1.448666,0.250000,0.000000,1.000000
16710.000000,5.279312,1.451975,0.287847,0.330965,0.000000,1.000000,0.000000,1.000000,0.000000,0.732800,0.429859,0.323329,0.283262,1.662559,0.000000,0.000000,0.000000,65535.000000,3.376937,2.450121,5.279312,1.451975,5.279312,1.451975,0.250000,0.000000,1.000000
16720.000000,5.282287,1.455425,0.297448,0.344988,0.000000,1.000000,0.000000,1.000000,0.000000,0.717213,0.438628,0.328717,0.290412,2.099650,0.000000,0.000000,0.000000,65535.000000,3.376937,2.450121,5.282287,1.455425,5.282287,1.455425,0.250000,0.000000,1.000000
16730.000000,5.285560,1.459153,0.327309,0.372771,0.000000,1.000000,0.000000,1.000000,0.000000,0.717213,0.455513,0.342493,0.300316,2.056429,0.000000,0.000000,0.000000,65535.000000,3.376937,2.450121,5.285560,1.459153,5.285560,1.459153,0.250000,0.000000,1.000000
16740.000000,5.288898,1.462915,0.333788,0.376221,0.000000,1.000000,0.000000,1.000000,0.000000,0.717213,0.496074,0.369925,0.330523,2.014951,0.000000,0.000000,0.000000,65535.000000,3.376937,2.450121,5.288898,1.462915,5.288898,1.462915,0.250000,0.000000,1.000000
16750.000000,5.292145,1.466716,0.324776,0.380066,0.000000,1.000000,0.000000,1.000000,0.000000,0.688482,0.502948,0.373029,0.337352,2.578845,0.000000,0.000000,0.000000,65535.000000,3.376937,2.450121,5.292145,1.466716,5.292145,1.466716,0.250000,0.000000,1.000000
16760.000000,5.295274,1.470417,0.312898,0.370157,0.000000,1.000000,0.000000,1.000000,0.000000,0.688482,0.499930,0.376897,0.328448,2.513949,0.000000,0.000000,0.000000,65535.000000,3.376937,2.450121,5.295274,1.470417,5.295274,1.470417,0.250000,0.000000,1.000000
16770.000000,5.298376,1.474093,0.310183,0.367572,0.000000,1.000000,0.000000,1.000000,0.000000,0.684154,0.484687,0.366842,0.316778,2.303200,0.000000,0.000000,0.000000,65535.000000,3.376937,2.450121,5.298376,1.474093,5.298376,1.474093,0.250000,0.000000,1.000000
16780.000000,5.301528,1.477886,0.315132,0.379316,0.000000,1.000000,0.000000,1.000000,0.000000,0.740980,0.480960,0.363939,0.314437,2.251296,0.000000,0.000000,0.000000,65535.000000,3.376937,2.450121,5.301528,1.477886,5.301528,1.477886,0.250000,0.000000,1.000000
16790.000000,5.304786,1.481771,0.325845,0.388477,0.000000,1.000000,0.000000,1.000000,0.000000,0.740980,0.493142,0.375896,0.319204,2.005662,0.000000,0.000000,0.000000,65535.000000,3.376937,2.450121,5.304786,1.481771,5.304786,1.481771,0.250000,0.000000,1.000000
16800.000000,5.308122,1.485766,0.333598,0.399475,0.000000,1.000000,0.000000,1.000000,0.000000,0.633806,0.507040,0.385200,0.329713,1.404143,0.000000,0.000000,0.000000,65535.000000,3.376937,2.450121,5.308122,1.485766,5.308122,1.485766,0.250000,0.000000,1.000000
16810.000000,5.311533,1.489880,0.341145,0.411421,0.000000,1.000000,0.000000,1.000000,0.000000,0.403411,0.520450,0.396147,0.337544,-0.170560,0.000000,0.000000,0.000000,65535.000000,3.376937,2.450121,5.311533,1.489880,5.311533,1.489880,0.250000,0.000000,1.000000
16820.000000,5.315125,1.494201,0.359250,0.432130,0.000000,1.000000,0.000000,1.000000,0.000000,0.210514,0.534460,0.408102,0.345109,-1.454911,0.000000,0.000000,0.000000,65535.000000,3.376937,2.450121,5.315125,1.494201,5.315125,1.494201,0.250000,0.000000,1.000000
16830.000000,5.318939,1.498846,0.381382,0.464430,0.000000,1.000000,0.000000,1.000000,0.000000,0.214063,0.561958,0.428527,0.363540,-1.385518,0.000000,0.000000,0.000000,65535.000000,3.376937,2.450121,5.318939,1.498846,5.318939,1.498846,0.250000,0.000000,1.000000
16840.000000,5.322761,1.503678,0.382130,0.483190,0.000000,1.000000,0.000000,1.000000,0.000000,0.214063,0.600955,0.460695,0.385885,-1.364698,0.000000,0.000000,0.000000,65535.000000,3.376937,2.450121,5.322761,1.503678,5.322761,1.503678,0.250000,0.000000,1.000000
16850.000000,5.326305,1.508407,0.354430,0.472901,0.000000,1.000000,0.000000,1.000000,0.000000,0.567342,0.616032,0.479138,0.387198,0.053279,0.000000,0.000000,0.000000,65535.000000,3.376937,2.450121,5.326305,1.508407,5.326305,1.508407,0.250000,0.000000,1.000000
16860.000000,5.329823,1.513224,0.351796,0.481730,0.000000,1.000000,0.000000,1.000000,0.000000,0.554753,0.590979,0.468872,0.359743,0.485043,0.000000,0.000000,0.000000,65535.000000,3.376937,2.450121,5.329823,1.513224,5.329823,1.513224,0.250000,0.000000,1.000000
16870.000000,5.333367,1.518134,0.354455,0.490987,0.000000,1.000000,0.000000,1.000000,0.000000,0.554753,0.596510,0.477616,0.357361,0.482700,0.000000,0.000000,0.000000,65535.000000,3.376937,2.450121,5.333367,1.518134,5.333367,1.518134,0.250000,0.000000,1.000000
16880.000000,5.336892,1.523082,0.352481,0.494800,0.000000,1.000000,0.000000,1.000000,0.000000,0.603244,0.605563,0.486911,0.360034,0.480379,0.000000,0.000000,0.000000,65535.000000,3.376937,2.450121,5.336892,1.523082,5.336892,1.523082,0.250000,0.000000,1.000000
16890.000000,5.340394,1.528011,0.350174,0.492879,0.000000,1.000000,0.000000,1.000000,0.000000,0.609023,0.607511,0.490655,0.358229,0.912320,0.000000,0.000000,0.000000,65535.000000,3.376937,2.450121,5.340394,1.528011,5.340394,1.528011,0.250000,0.000000,1.000000
16900.000000,5.344166,1.533168,0.377211,0.515769,0.000000,1.000000,0.000000,1.000000,0.000000,0.609023,0.604609,0.488374,0.356431,0.904064,0.000000,0.000000,0.000000,65535.000000,3.376937,2.450121,5.344166,1.533168,5.344166,1.533168,0.250000,0.000000,1.000000
16910.000000,5.348214,1.538702,0.404748,0.553361,0.000000,1.000000,0.000000,1.000000,0.000000,0.745868,0.638988,0.510526,0.384277,1.918783,0.000000,0.000000,0.000000,65535.000000,3.376937,2.450121,5.348214,1.538702,5.348214,1.538702,0.250000,0.000000,1.000000
16920.000000,5.352373,1.544469,0.415914,0.576672,0.000000,1.000000,0.000000,1.000000,0.000000,0.745868,0.685587,0.547680,0.412403,1.882623,0.000000,0.000000,0.000000,65535.000000,3.376937,2.450121,5.352373,1.544469,5.352373,1.544469,0.250000,0.000000,1.000000
16930.000000,5.356188,1.549868,0.381537,0.539962,0.000000,1.000000,0.000000,1.000000,0.000000,0.745868,0.711010,0.571147,0.423469,1.847802,0.000000,0.000000,0.000000,65535.000000,3.376937,2.450121,5.356188,1.549868,5.356188,1.549868,0.250000,0.000000,1.000000
16940.000000,5.359831,1.555161,0.364345,0.529308,0.000000,1.000000,0.000000,1.000000,0.000000,0.500206,0.661157,0.535179,0.388217,0.615547,0.000000,0.000000,0.000000,65535.000000,3.376937,2.450121,5.359831,1.555161,5.359831,1.555161,0.250000,0.000000,1.000000
16950.000000,5.363309,1.560522,0.347754,0.536026,0.000000,1.000000,0.000000,1.000000,0.000000,0.650217,0.642584,0.524871,0.370708,0.611777,0.000000,0.000000,0.000000,65535.000000,3.376937,2.450121,5.363309,1.560522,5.363309,1.560522,0.250000,0.000000,1.000000
16960.000000,5.366763,1.566044,0.345390,0.552209,0.000000,1.000000,0.000000,1.000000,0.000000,0.591297,0.638950,0.531627,0.354443,0.047974,0.000000,0.000000,0.000000,65535.000000,3.376937,2.450121,5.366763,1.566044,5.366763,1.566044,0.250000,0.000000,1.000000
16970.000000,5.370208,1.571542,0.344559,0.549867,0.000000,1.000000,0.000000,1.000000,0.000000,0.375139,0.651329,0.547551,0.352728,-0.825799,0.000000,0.000000,0.000000,65535.000000,3.376937,2.450121,5.370208,1.571542,5.370208,1.571542,0.250000,0.000000,1.000000
16980.000000,5.373785,1.577199,0.357630,0.565611,0.000000,1.000000,0.000000,1.000000,0.000000,0.267700,0.648903,0.544898,0.352364,-1.250378,0.000000,0.000000,0.000000,65535.000000,3.376937,2.450121,5.373785,1.577199,5.373785,1.577199,0.250000,0.000000,1.000000
16990.000000,5.377355,1.583006,0.357047,0.580763,0.000000,1.000000,0.000000,1.000000,0.000000,0.212896,0.669190,0.560279,0.365927,-1.453958,0.000000,0.000000,0.000000,65535.000000,3.376937,2.450121,5.377355,1.583006,5.377355,1.583006,0.250000,0.000000,1.000000
17000.000000,5.381036,1.588906,0.368058,0.590012,0.000000,1.000000,0.000000,1.000000,0.000000,0.741505,0.681739,0.575611,0.365293,0.691251,0.000000,0.000000,0.000000,65535.000000,3.376937,2.450121,5.381036,1.588906,5.381036,1.588906,0.250000,0.000000,1.000000
17010.000000,5.384498,1.594496,0.346175,0.558997,0.000000,1.000000,0.000000,1.000000,0.000000,1.246165,0.695399,0.585025,0.375933,1.914279,0.000000,0.000000,0.000000,65535.000000,3.376937,2.450121,5.384498,1.594496,5.384498,1.594496,0.250000,0.000000,1.000000
17020.000000,5.387876,1.599875,0.337803,0.537912,0.000000,1.000000,0.000000,1.000000,0.000000,1.360553,0.657506,0.554823,0.352826,3.079739,0.000000,0.000000,0.000000,65535.000000,3.376937,2.450121,5.387876,1.599875,5.387876,1.599875,0.250000,0.000000,1.000000
17030.000000,5.391177,1.605175,0.330103,0.530013,0.000000,1.000000,0.000000,1.000000,0.000000,1.360553,0.635185,0.534315,0.343464,2.987635,0.000000,0.000000,0.000000,65535.000000,3.376937,2.450121,5.391177,1.605175,5.391177,1.605175,0.250000,0.000000,1.000000
17040.000000,5.394370,1.610417,0.319323,0.524148,0.000000,1.000000,0.000000,1.000000,0.000000,1.357846,0.624405,0.526958,0.334958,2.890624,0.000000,0.000000,0.000000,65535.000000,3.376937,2.450121,5.394370,1.610417,5.394370,1.610417,0.250000,0.000000,1.000000
17050.000000,5.397309,1.615535,0.293910,0.511769,0.000000,1.000000,0.000000,1.000000,0.000000,1.710395,0.613757,0.521132,0.324222,3.055082,0.000000,0.000000,0.000000,65535.000000,3.376937,2.450121,5.397309,1.615535,5.397309,1.615535,0.250000,0.000000,1.000000
17060.000000,5.400066,1.620832,0.275645,0.529761,0.000000,1.000000,0.000000,1.000000,0.000000,1.814579,0.590161,0.508395,0.299708,3.955900,0.000000,0.000000,0.000000,65535.000000,3.376937,2.450121,5.400066,1.620832,5.400066,1.620832,0.250000,0.000000,1.000000
17070.000000,5.402662,1.626220,0.259639,0.538728,0.000000,1.000000,0.000000,1.000000,0.000000,1.038939,0.597183,0.526090,0.282588,3.805219,0.000000,0.000000,0.000000,65535.000000,3.376937,2.450121,5.402662,1.626220,5.402662,1.626220,0.250000,0.000000,1.000000
17080.000000,5.405199,1.631602,0.253624,0.538245,0.000000,1.000000,0.000000,1.000000,0.000000,0.996222,0.598030,0.534992,0.267252,3.471840,0.000000,0.000000,0.000000,65535.000000,3.376937,2.450121,5.405199,1.631602,5.405199,1.631602,0.250000,0.000000,1.000000
17090.000000,5.407753,1.636816,0.255493,0.521417,0.000000,1.000000,0.000000,1.000000,0.000000,1.102358,0.595007,0.534570,0.261282,-0.264208,0.000000,0.000000,0.000000,65535.000000,3.376937,2.450121,5.407753,1.636816,5.407753,1.636816,0.250000,0.000000,1.000000
17100.000000,5.410219,1.642022,0.246573,0.520569,0.000000,1.000000,0.000000,1.000000,0.000000,0.396806,0.580648,0.517955,0.262441,-0.835877,0.000000,0.000000,0.000000,65535.000000,3.376937,2.450121,5.410219,1.642022,5.410219,1.642022,0.250000,0.000000,1.000000
17110.000000,5.412464,1.647234,0.224452,0.521221,0.000000,1.000000,0.000000,1.000000,0.000000,0.156902,0.576012,0.517567,0.252814,-1.636562,0.000000,0.000000,0.000000,65535.000000,3.376937,2.450121,5.412464,1.647234,5.412464,1.647234,0.250000,0.000000,1.000000
17120.000000,5.414428,1.652351,0.196387,0.511709,0.000000,1.000000,0.000000,1.000000,0.000000,0.156902,0.567494,0.518637,0.230360,-1.610183,0.000000,0.000000,0.000000,65535.000000,3.376937,2.450121,5.414428,1.652351,5.414428,1.652351,0.250000,0.000000,1.000000
17130.000000,5.416245,1.657280,0.181776,0.492923,0.000000,1.000000,0.000000,1.000000,0.000000,0.134645,0.548100,0.509480,0.202098,-1.659053,0.000000,0.000000,0.000000,65535.000000,3.376937,2.450121,5.416245,1.657280,5.416245,1.657280,0.250000,0.000000,1.000000
17140.000000,5.417966,1.662127,0.172028,0.484665,0.000000,1.000000,0.000000,1.000000,0.000000,0.163827,0.525372,0.490773,0.187503,-1.547534,0.000000,0.000000,0.000000,65535.000000,3.376937,2.450121,5.417966,1.662127,5.417966,1.662127,0.250000,0.000000,1.000000
17150.000000,5.419517,1.666973,0.155089,0.484646,0.000000,1.000000,0.000000,1.000000,0.000000,0.200116,0.514290,0.482559,0.177852,-1.392502,0.000000,0.000000,0.000000,65535.000000,3.376937,2.450121,5.419517,1.666973,5.419517,1.666973,0.250000,0.000000,1.000000
17160.000000,5.421010,1.671958,0.149408,0.498412,0.000000,1.000000,0.000000,1.000000,0.000000,0.259762,0.508856,0.482749,0.160897,-1.177296,0.000000,0.000000,0.000000,65535.000000,3.376937,2.450121,5.421010,1.671958,5.421010,1.671958,0.250000,0.000000,1.000000
17170.000000,5.422650,1.677054,0.163994,0.509635,0.000000,1.000000,0.000000,1.000000,0.000000,0.276814,0.520325,0.496604,0.155312,-1.109801,0.000000,0.000000,0.000000,65535.000000,3.376937,2.450121,5.422650,1.677054,5.422650,1.677054,0.250000,0.000000,1.000000
17180.000000,5.424245,1.682060,0.159504,0.500614,0.000000,1.000000,0.000000,1.000000,0.000000,0.277881,0.535371,0.507729,0.169805,-1.092164,0.000000,0.000000,0.000000,65535.000000,3.376937,2.450121,5.424245,1.682060,5.424245,1.682060,0.250000,0.000000,1.000000
17190.000000,5.425743,1.686906,0.149780,0.484594,0.000000,1.000000,0.000000,1.000000,0.000000,0.482249,0.525411,0.498857,0.164917,-0.406572,0.000000,0.000000,0.000000,65535.000000,3.376937,2.450121,5.425743,1.686906,5.425743,1.686906,0.250000,0.000000,1.000000
17200.000000,5.427141,1.691705,0.139740,0.479911,0.000000,1.000000,0.000000,1.000000,0.000000,0.733380,0.507214,0.482942,0.155023,0.431930,0.000000,0.000000,0.000000,65535.000000,3.376937,2.450121,5.427141,1.691705,5.427141,1.691705,0.250000,0.000000,1.000000
17210.000000,5.428381,1.696409,0.124045,0.470381,0.000000,1.000000,0.000000,1.000000,0.000000,0.697339,0.499842,0.478405,0.144813,0.561662,0.000000,0.000000,0.000000,65535.000000,3.376937,2.450121,5.428381,1.696409,5.428381,1.696409,0.250000,0.000000,1.000000
17220.000000,5.429292,1.700791,0.091073,0.438163,0.000000,1.000000,0.000000,1.000000,0.000000,0.697339,0.486463,0.469076,0.128894,0.558522,0.000000,0.000000,0.000000,65535.000000,3.376937,2.450121,5.429292,1.700791,5.429292,1.700791,0.250000,0.000000,1.000000
17230.000000,5.430007,1.704876,0.071547,0.408582,0.000000,1.000000,0.000000,1.000000,0.000000,0.769932,0.447527,0.437179,0.095684,0.545291,0.000000,0.000000,0.000000,65535.000000,3.376937,2.450121,5.430007,1.704876,5.430007,1.704876,0.250000,0.000000,1.000000
17240.000000,5.430610,1.708839,0.060278,0.396295,0.000000,1.000000,0.000000,1.000000,0.000000,0.666259,0.414799,0.407780,0.075982,0.092530,0.000000,0.000000,0.000000,65535.000000,3.376937,2.450121,5.430610,1.708839,5.430610,1.708839,0.250000,0.000000,1.000000
17250.000000,5.431115,1.712674,0.050494,0.383510,0.000000,1.000000,0.000000,1.000000,0.000000,0.510660,0.400853,0.395618,0.064574,-0.342786,0.000000,0.000000,0.000000,65535.000000,3.376937,2.450121,5.431115,1.712674,5.431115,1.712674,0.250000,0.000000,1.000000
17260.000000,5.431669,1.716459,0.055388,0.378414,0.000000,1.000000,0.000000,1.000000,0.000000,0.863541,0.386819,0.382916,0.054813,0.876974,0.000000,0.000000,0.000000,65535.000000,3.376937,2.450121,5.431669,1.716459,5.431669,1.716459,0.250000,0.000000,1.000000
17270.000000,5.432292,1.720238,0.062384,0.377974,0.000000,1.000000,0.000000,1.000000,0.000000,0.912246,0.382446,0.377734,0.059848,1.041921,0.000000,0.000000,0.000000,65535.000000,3.376937,2.450121,5.432292,1.720238,5.432292,1.720238,0.250000,0.000000,1.000000
17280.000000,5.432806,1.724124,0.051365,0.388537,0.000000,1.000000,0.000000,1.000000,0.000000,0.912246,0.383087,0.377169,0.067075,1.031167,0.000000,0.000000,0.000000,65535.000000,3.376937,2.450121,5.432806,1.724124,5.432806,1.724124,0.250000,0.000000,1.000000
17290.000000,5.433268,1.727975,0.046223,0.385134,0.000000,1.000000,0.000000,1.000000,0.000000,1.438694,0.391917,0.387945,0.055659,2.451693,0.000000,0.000000,0.000000,65535.000000,3.376937,2.450121,5.433268,1.727975,5.433268,1.727975,0.250000,0.000000,1.000000
17300.000000,5.433769,1.731688,0.050051,0.371325,0.000000,1.000000,0.000000,1.000000,0.000000,1.616234,0.387898,0.384747,0.049339,3.784142,0.000000,0.000000,0.000000,65535.000000,3.376937,2.450121,5.433769,1.731688,5.433769,1.731688,0.250000,0.000000,1.000000
17310.000000,5.434279,1.735251,0.051016,0.356293,0.000000,1.000000,0.000000,1.000000,0.000000,1.090406,0.374683,0.371008,0.052351,3.646033,0.000000,0.000000,0.000000,65535.000000,3.376937,2.450121,5.434279,1.735251,5.434279,1.735251,0.250000,0.000000,1.000000
17320.000000,5.434773,1.738781,0.049453,0.352947,0.000000,1.000000,0.000000,1.000000,0.000000,1.090406,0.359926,0.356029,0.052822,3.517650,0.000000,0.000000,0.000000,65535.000000,3.376937,2.450121,5.434773,1.738781,5.434773,1.738781,0.250000,0.000000,1.000000
17330.000000,5.435092,1.742250,0.031858,0.346910,0.000000,1.000000,0.000000,1.000000,0.000000,1.407218,0.356395,0.352721,0.051044,2.360019,0.000000,0.000000,0.000000,65535.000000,3.376937,2.450121,5.435092,1.742250,5.435092,1.742250,0.250000,0.000000,1.000000
17340.000000,5.435423,1.745879,0.033080,0.362912,1.000000,2.000000,1.000000,1.000000,2.000000,0.932046,0.348369,0.346764,0.033409,0.845510,0.000000,0.000000,0.000000,65535.000000,3.376937,2.450121,5.435423,1.745879,5.435423,1.745879,0.250000,0.000000,1.000000
17350.000000,5.435828,1.749463,0.040551,0.358413,1.000000,2.000000,1.000000,1.000000,2.000000,1.112240,0.364417,0.362733,0.034988,0.973469,0.000000,0.000000,0.000000,65535.000000,5.435423,1.745879,5.435828,1.749463,5.435828,1.749463,0.250000,0.000000,1.000000
17360.000000,5.436163,1.752842,0.033534,0.337913,1.000000,2.000000,1.000000,1.000000,2.000000,1.112240,0.360700,0.358145,0.042850,1.182581,0.000000,0.000000,0.000000,65535.000000,5.435423,1.745879,5.436163,1.752842,5.436163,1.752842,0.250000,0.000000,1.000000
17370.000000,5.436436,1.756089,0.027296,0.324642,1.000000,2.000000,1.000000,1.000000,2.000000,0.989949,0.339573,0.337664,0.035960,1.168746,0.000000,0.000000,0.000000,65535.000000,5.435423,1.745879,5.436436,1.756089,5.436436,1.756089,0.250000,0.000000,1.000000
17380.000000,5.436631,1.759318,0.019495,0.322991,1.000000,2.000000,1.000000,1.000000,2.000000,1.053591,0.325787,0.324434,0.029662,1.369096,0.000000,0.000000,0.000000,65535.000000,5.435423,1.745879,5.436631,1.759318,5.436631,1.759318,0.250000,0.000000,1.000000
17390.000000,5.436772,1.762571,0.014124,0.325244,1.000000,2.000000,1.000000,1.000000,2.000000,1.077543,0.323579,0.322853,0.021659,1.636868,0.000000,0.000000,0.000000,65535.000000,5.435423,1.745879,5.436772,1.762571,5.436772,1.762571,0.250000,0.000000,1.000000
17400.000000,5.436879,1.765759,0.010642,0.318788,1.000000,2.000000,1.000000,1.000000,2.000000,1.077543,0.325550,0.325154,0.016056,1.610480,0.000000,0.000000,0.000000,65535.000000,5.435423,1.745879,5.436879,1.765759,5.436879,1.765759,0.250000,0.000000,1.000000
17410.000000,5.436931,1.768691,0.005269,0.293210,1.000000,2.000000,1.000000,1.000000,2.000000,0.890985,0.318965,0.318716,0.012615,1.552976,0.000000,0.000000,0.000000,65535.000000,5.435423,1.745879,5.436931,1.768691,5.436931,1.768691,0.250000,0.000000,1.000000
17420.000000,5.436938,1.771466,0.000656,0.277498,1.000000,2.000000,1.000000,1.000000,2.000000,0.706851,0.293258,0.293173,0.007056,-0.210234,0.000000,0.000000,0.000000,65535.000000,5.435423,1.745879,5.436938,1.771466,5.436938,1.771466,0.250000,0.000000,1.000000
17430.000000,5.436903,1.774184,-0.003473,0.271771,1.000000,2.000000,1.000000,1.000000,2.000000,0.445483,0.277499,0.277489,0.002265,-0.771901,0.000000,0.000000,0.000000,65535.000000,5.435423,1.745879,5.436903,1.774184,5.436903,1.774184,0.250000,0.000000,1.000000
17440.000000,5.436842,1.776866,-0.006070,0.268256,1.000000,2.000000,1.000000,1.000000,2.000000,0.466863,0.271793,0.271785,-0.002056,-0.680186,0.000000,0.000000,0.000000,65535.000000,5.435423,1.745879,5.436842,1.776866,5.436842,1.776866,0.250000,0.000000,1.000000
17450.000000,5.436780,1.779422,-0.006270,0.255636,1.000000,2.000000,1.000000,1.000000,2.000000,0.466863,0.268324,0.268283,-0.004709,-0.675587,0.000000,0.000000,0.000000,65535.000000,5.435423,1.745879,5.436780,1.779422,5.436780,1.779422,0.250000,0.000000,1.000000
17460.000000,5.436750,1.781816,-0.002969,0.239399,0.000000,2.000000,0.000000,1.000000,2.000000,0.467576,0.255713,0.255665,-0.004959,-0.689304,0.000000,0.000000,0.000000,65535.000000,5.435423,1.745879,5.436750,1.781816,5.436750,1.781816,0.250000,0.000000,1.000000
17470.000000,5.436693,1.784078,-0.005709,0.226134,0.000000,2.000000,0.000000,1.000000,2.000000,0.494962,0.239418,0.239412,-0.001666,-0.596635,0.000000,0.000000,0.000000,65535.000000,5.435423,1.745879,5.436693,1.784078,5.436693,1.784078,0.250000,0.000000,1.000000
17480.000000,5.436626,1.786290,-0.006735,0.221263,0.000000,2.000000,0.000000,1.000000,2.000000,0.693073,0.226206,0.226162,-0.004470,-0.276648,0.000000,0.000000,0.000000,65535.000000,5.435423,1.745879,5.436626,1.786290,5.436626,1.786290,0.250000,0.000000,1.000000
17490.000000,5.436561,1.788453,-0.006529,0.216318,0.000000,2.000000,0.000000,1.000000,2.000000,0.713631,0.221366,0.221297,-0.005501,-0.275884,0.000000,0.000000,0.000000,65535.000000,5.435423,1.745879,5.436561,1.788453,5.436561,1.788453,0.250000,0.000000,1.000000
17500.000000,5.436490,1.790554,-0.007064,0.210007,0.000000,2.000000,0.000000,1.000000,2.000000,0.353639,0.216416,0.216348,-0.005446,-0.654182,0.000000,0.000000,0.000000,65535.000000,5.435423,1.745879,5.436490,1.790554,5.436490,1.790554,0.250000,0.000000,1.000000
17510.000000,5.436443,1.792563,-0.004681,0.200910,0.000000,2.000000,0.000000,1.000000,2.000000,0.236680,0.210126,0.210037,-0.006101,-1.018301,0.000000,0.000000,0.000000,65535.000000,5.435423,1.745879,5.436443,1.792563,5.436443,1.792563,0.250000,0.000000,1.000000
17520.000000,5.436405,1.794470,-0.003861,0.190741,0.000000,2.000000,0.000000,1.000000,2.000000,0.235893,0.200964,0.200929,-0.003746,-1.011416,0.000000,0.000000,0.000000,65535.000000,5.435423,1.745879,5.436405,1.794470,5.436405,1.794470,0.250000,0.000000,1.000000
17530.000000,5.436357,1.796250,-0.004758,0.177948,0.000000,2.000000,0.000000,1.000000,2.000000,0.167431,0.190780,0.190757,-0.002989,-1.326675,0.000000,0.000000,0.000000,65535.000000,5.435423,1.745879,5.436357,1.796250,5.436357,1.796250,0.250000,0.000000,1.000000
17540.000000,5.436290,1.797924,-0.006679,0.167469,0.000000,2.000000,0.000000,1.000000,2.000000,0.167431,0.178012,0.177969,-0.003903,-1.309288,0.000000,0.000000,0.000000,65535.000000,5.435423,1.745879,5.436290,1.797924,5.436290,1.797924,0.250000,0.000000,1.000000
17550.000000,5.436226,1.799469,-0.006381,0.154501,0.000000,2.000000,0.000000,1.000000,2.000000,0.319680,0.167602,0.167500,-0.005843,-0.815645,0.000000,0.000000,0.000000,65535.000000,5.435423,1.745879,5.436226,1.799469,5.436226,1.799469,0.250000,0.000000,1.000000
17560.000000,5.436151,1.800909,-0.007572,0.143916,0.000000,2.000000,0.000000,1.000000,2.000000,0.326723,0.154633,0.154530,-0.005655,-0.784471,0.000000,0.000000,0.000000,65535.000000,5.435423,1.745879,5.436151,1.800909,5.436151,1.800909,0.250000,0.000000,1.000000
17570.000000,5.436067,1.802243,-0.008361,0.133487,0.000000,2.000000,0.000000,1.000000,2.000000,0.326723,0.144115,0.143949,-0.006919,-0.778359,0.000000,0.000000,0.000000,65535.000000,5.435423,1.745879,5.436067,1.802243,5.436067,1.802243,0.250000,0.000000,1.000000
17580.000000,5.435986,1.803495,-0.008163,0.125123,0.000000,2.000000,0.000000,1.000000,0.000000,0.310088,0.133749,0.133527,-0.007695,-0.859429,0.000000,0.000000,0.000000,65535.000000,5.435423,1.745879,5.435986,1.803495,5.435986,1.803495,0.250000,0.000000,1.000000
17590.000000,5.435879,1.804642,-0.010699,0.114744,0.000000,2.000000,0.000000,1.000000,0.000000,0.194934,0.125389,0.125165,-0.007482,-1.285561,0.000000,0.000000,0.000000,65535.000000,5.435423,1.745879,5.435879,1.804642,5.435879,1.804642,0.250000,0.000000,1.000000
17600.000000,5.435757,1.805739,-0.012162,0.109692,0.000000,2.000000,0.000000,1.000000,0.000000,0.200440,0.115241,0.114797,-0.010108,-1.117689,0.000000,0.000000,0.000000,65535.000000,5.435423,1.745879,5.435757,1.805739,5.435757,1.805739,0.250000,0.000000,1.000000
17610.000000,5.435640,1.806740,-0.011679,0.100052,0.000000,2.000000,0.000000,1.000000,0.000000,0.200440,0.110364,0.109740,-0.011721,-1.105322,0.000000,0.000000,0.000000,65535.000000,5.435423,1.745879,5.435640,1.806740,5.435640,1.806740,0.250000,0.000000,1.000000
17620.000000,5.435526,1.807655,-0.011467,0.091505,0.000000,2.000000,0.000000,1.000000,0.000000,0.172790,0.100732,0.100092,-0.011332,-1.138264,0.000000,0.000000,0.000000,65535.000000,5.435423,1.745879,5.435526,1.807655,5.435526,1.807655,0.250000,0.000000,1.000000
17630.000000,5.435412,1.808439,-0.011332,0.078402,0.000000,2.000000,0.000000,1.000000,0.000000,0.161036,0.092221,0.091551,-0.011094,-1.319884,0.000000,0.000000,0.000000,65535.000000,5.435423,1.745879,5.435412,1.808439,5.435412,1.808439,0.250000,0.000000,1.000000
17640.000000,5.435314,1.809116,-0.009818,0.067751,0.000000,2.000000,0.000000,1.000000,0.000000,0.127510,0.079217,0.078457,-0.010947,-1.539729,0.000000,0.000000,0.000000,65535.000000,5.435423,1.745879,5.435314,1.809116,5.435314,1.809116,0.250000,0.000000,1.000000
17650.000000,5.435192,1.809695,-0.012255,0.057936,0.000000,2.000000,0.000000,1.000000,0.000000,0.111615,0.068459,0.067800,-0.009479,-1.541765,0.000000,0.000000,0.000000,65535.000000,5.435423,1.745879,5.435192,1.809695,5.435192,1.809695,0.250000,0.000000,1.000000
17660.000000,5.435020,1.810221,-0.017180,0.052565,0.000000,2.000000,0.000000,1.000000,0.000000,0.096039,0.059218,0.057985,-0.012024,-1.618942,0.000000,0.000000,0.000000,65535.000000,5.435423,1.745879,5.435020,1.810221,5.435020,1.810221,0.250000,0.000000,1.000000
17670.000000,5.434839,1.810642,-0.018140,0.042075,0.000000,2.000000,0.000000,1.000000,0.000000,0.096039,0.055301,0.052613,-0.017032,-1.604930,0.000000,0.000000,0.000000,65535.000000,5.435423,1.745879,5.434839,1.810642,5.434839,1.810642,0.250000,0.000000,1.000000
17680.000000,5.434679,1.810959,-0.016001,0.031699,0.000000,2.000000,0.000000,1.000000,0.000000,0.095979,0.045819,0.042118,-0.018040,-1.579554,0.000000,0.000000,0.000000,65535.000000,5.435423,1.745879,5.434679,1.810959,5.434679,1.810959,0.250000,0.000000,1.000000
17690.000000,5.434679,1.810959,0.000000,0.000000,0.000000,2.000000,0.000000,1.000000,0.000000,0.059282,0.035508,0.031748,-0.015902,-1.626908,0.000000,0.000000,0.000000,65535.000000,5.435423,1.745879,5.434679,1.810959,5.434679,1.810959,0.250000,0.000000,1.000000
17700.000000,5.434679,1.810959,0.000000,0.000000,0.000000,2.000000,0.000000,1.000000,0.000000,0.069098,0.029559,0.023419,-0.018035,-1.592001,0.000000,0.000000,0.000000,65535.000000,5.435423,1.745879,5.434679,1.810959,5.434679,1.810959,0.250000,0.000000,1.000000
17710.000000,5.434679,1.810959,0.000000,0.000000,0.000000,2.000000,0.000000,1.000000,0.000000,0.069098,0.027583,0.018959,-0.020034,-1.562476,0.000000,0.000000,0.000000,65535.000000,5.435423,1.745879,5.434679,1.810959,5.434679,1.810959,0.250000,0.000000,1.000000
17720.000000,5.434679,1.810959,0.000000,0.000000,0.000000,2.000000,0.000000,1.000000,0.000000,0.066582,0.024309,0.012949,-0.020572,-1.538414,0.000000,0.000000,0.000000,65535.000000,5.435423,1.745879,5.434679,1.810959,5.434679,1.810959,0.250000,0.000000,1.000000
17730.000000,5.434679,1.810959,0.000000,0.000000,0.000000,2.000000,0.000000,1.000000,0.000000,0.078015,0.021490,0.007297,-0.020214,-1.467731,0.000000,0.000000,0.000000,65535.000000,5.435423,1.745879,5.434679,1.810959,5.434679,1.810959,0.250000,0.000000,1.000000
17740.000000,5.434679,1.810959,0.000000,0.000000,0.000000,2.000000,0.000000,1.000000,0.000000,0.078015,0.023323,0.005134,-0.022750,-1.446479,0.000000,0.000000,0.000000,65535.000000,5.435423,1.745879,5.434679,1.810959,5.434679,1.810959,0.250000,0.000000,1.000000
17750.000000,5.434679,1.810959,0.000000,0.000000,0.000000,2.000000,0.000000,1.000000,0.000000,0.078015,0.024036,0.004461,-0.023619,-1.438738,0.000000,0.000000,0.000000,65535.000000,5.435423,1.745879,5.434679,1.810959,5.434679,1.810959,0.250000,0.000000,1.000000
17760.000000,5.434679,1.810959,0.000000,0.000000,0.000000,2.000000,0.000000,1.000000,0.000000,0.073592,0.024307,0.002739,-0.024152,-1.434925,0.000000,0.000000,0.000000,65535.000000,5.435423,1.745879,5.434679,1.810959,5.434679,1.810959,0.250000,0.000000,1.000000
17770.000000,5.434679,1.810959,0.000000,0.000000,0.000000,2.000000,0.000000,1.000000,0.000000,0.098782,0.025861,0.000373,-0.025858,-1.289946,0.000000,0.000000,0.000000,65535.000000,5.435423,1.745879,5.434679,1.810959,5.434679,1.810959,0.250000,0.000000,1.000000
17780.000000,5.434353,1.810957,-0.032531,-0.000171,0.000000,2.000000,0.000000,1.000000,0.000000,0.098782,0.028384,-0.002388,-0.028284,-1.273501,0.000000,0.000000,0.000000,65535.000000,5.435423,1.745879,5.434353,1.810957,5.434353,1.810957,0.250000,0.000000,1.000000
17790.000000,5.433968,1.810976,-0.038584,0.001871,0.000000,2.000000,0.000000,1.000000,0.000000,0.097541,0.032531,-0.000158,-0.032531,-1.260364,0.000000,0.000000,0.000000,65535.000000,5.435423,1.745879,5.433968,1.810976,5.433968,1.810976,0.250000,0.000000,1.000000
17800.000000,5.433545,1.810968,-0.042302,-0.000805,0.000000,2.000000,0.000000,1.000000,0.000000,0.062091,0.038630,0.001866,-0.038584,-1.364893,0.000000,0.000000,0.000000,65535.000000,5.435423,1.745879,5.433545,1.810968,5.433545,1.810968,0.250000,0.000000,1.000000
17810.000000,5.433078,1.810923,-0.046651,-0.004439,0.000000,2.000000,0.000000,1.000000,0.000000,0.134717,0.042309,-0.000817,-0.042302,-1.296450,0.000000,0.000000,0.000000,65535.000000,5.435423,1.745879,5.433078,1.810923,5.433078,1.810923,0.250000,0.000000,1.000000
17820.000000,5.432544,1.810869,-0.053448,-0.005435,0.000000,2.000000,0.000000,1.000000,0.000000,0.143612,0.046861,-0.004427,-0.046652,-1.208277,0.000000,0.000000,0.000000,65535.000000,5.435423,1.745879,5.432544,1.810869,5.432544,1.810869,0.250000,0.000000,1.000000
17830.000000,5.431940,1.810821,-0.060378,-0.004806,0.000000,2.000000,0.000000,1.000000,0.000000,0.167936,0.053724,-0.005335,-0.053458,-1.175970,0.000000,0.000000,0.000000,65535.000000,5.435423,1.745879,5.431940,1.810821,5.431940,1.810821,0.250000,0.000000,1.000000
17840.000000,5.431273,1.810796,-0.066711,-0.002467,0.000000,2.000000,0.000000,1.000000,0.000000,0.119656,0.060569,-0.004584,-0.060395,-1.128219,0.000000,0.000000,0.000000,65535.000000,5.435423,1.745879,5.431273,1.810796,5.431273,1.810796,0.250000,0.000000,1.000000
17850.000000,5.430553,1.810773,-0.071976,-0.002289,0.000000,2.000000,0.000000,1.000000,0.000000,0.108035,0.066757,-0.002161,-0.066722,-1.115620,0.000000,0.000000,0.000000,65535.000000,5.435423,1.745879,5.430553,1.810773,5.430553,1.810773,0.250000,0.000000,1.000000
17860.000000,5.429780,1.810746,-0.077277,-0.002758,0.000000,2.000000,0.000000,1.000000,0.000000,0.099882,0.072012,-0.001981,-0.071985,-1.159507,0.000000,0.000000,0.000000,65535.000000,5.435423,1.745879,5.429780,1.810746,5.429780,1.810746,0.250000,0.000000,1.000000
17870.000000,5.428975,1.810729,-0.080536,-0.001687,0.000000,2.000000,0.000000,1.000000,0.000000,0.128468,0.077326,-0.002525,-0.077285,-0.990022,0.000000,0.000000,0.000000,65535.000000,5.435423,1.745879,5.428975,1.810729,5.428975,1.810729,0.250000,0.000000,1.000000
17880.000000,5.428088,1.810737,-0.088742,0.000849,0.000000,2.000000,0.000000,1.000000,0.000000,0.128468,0.080553,-0.001550,-0.080538,-0.980307,0.000000,0.000000,0.000000,65535.000000,5.435423,1.745879,5.428088,1.810737,5.428088,1.810737,0.250000,0.000000,1.000000
17890.000000,5.427143,1.810740,-0.094467,0.000227,0.000000,2.000000,0.000000,1.000000,0.000000,0.128110,0.088746,0.001011,-0.088740,-0.971192,0.000000,0.000000,0.000000,65535.000000,5.435423,1.745879,5.427143,1.810740,5.427143,1.810740,0.250000,0.000000,1.000000
17900.000000,5.426150,1.810684,-0.099319,-0.005602,0.000000,2.000000,0.000000,1.000000,0.000000,0.123097,0.094467,0.000621,-0.094465,-0.959047,0.000000,0.000000,0.000000,65535.000000,5.435423,1.745879,5.426150,1.810684,5.426150,1.810684,0.250000,0.000000,1.000000
17910.000000,5.425114,1.810578,-0.103639,-0.010579,0.000000,2.000000,0.000000,1.000000,0.000000,0.123097,0.099477,-0.004853,-0.099359,-0.949928,0.000000,0.000000,0.000000,65535.000000,5.435423,1.745879,5.425114,1.810578,5.425114,1.810578,0.250000,0.000000,1.000000
17920.000000,5.424023,1.810429,-0.109036,-0.014879,0.000000,2.000000,0.000000,1.000000,0.000000,0.124795,0.104178,-0.009522,-0.103742,-0.948550,0.000000,0.000000,0.000000,65535.000000,5.435423,1.745879,5.424023,1.810429,5.424023,1.810429,0.250000,0.000000,1.000000
17930.000000,5.422907,1.810235,-0.111650,-0.019393,0.000000,2.000000,0.000000,1.000000,0.000000,0.124795,0.110046,-0.013697,-0.109190,-0.939628,0.000000,0.000000,0.000000,65535.000000,5.435423,1.745879,5.422907,1.810235,5.422907,1.810235,0.250000,0.000000,1.000000
17940.000000,5.421726,1.810033,-0.118102,-0.020244,0.000000,2.000000,0.000000,1.000000,0.000000,0.145187,0.113321,-0.018224,-0.111846,-0.930873,0.000000,0.000000,0.000000,65535.000000,5.435423,1.745879,5.421726,1.810033,5.421726,1.810033,0.250000,0.000000,1.000000
17950.000000,5.420519,1.809798,-0.120646,-0.023437,0.000000,2.000000,0.000000,1.000000,0.000000,0.141612,0.119825,-0.019040,-0.118302,-1.191537,0.000000,0.000000,0.000000,65535.000000,5.435423,1.745879,5.420519,1.809798,5.420519,1.809798,0.250000,0.000000,1.000000
17960.000000,5.419228,1.809556,-0.129108,-0.024196,0.000000,2.000000,0.000000,1.000000,0.000000,0.090186,0.122902,-0.022158,-0.120888,-1.181581,0.000000,0.000000,0.000000,65535.000000,5.435423,1.745879,5.419228,1.809556,5.419228,1.809556,0.250000,0.000000,1.000000
17970.000000,5.417892,1.809316,-0.133617,-0.024027,0.000000,2.000000,0.000000,1.000000,0.000000,0.188892,0.131355,-0.022765,-0.129368,-1.142354,0.000000,0.000000,0.000000,65535.000000,5.435423,1.745879,5.417892,1.809316,5.417892,1.809316,0.250000,0.000000,1.000000
17980.000000,5.416487,1.809089,-0.140526,-0.022731,0.000000,2.000000,0.000000,1.000000,0.000000,0.124685,0.135760,-0.022483,-0.133885,-0.978328,0.000000,0.000000,0.000000,65535.000000,5.435423,1.745879,5.416487,1.809089,5.416487,1.809089,0.250000,0.000000,1.000000
17990.000000,5.414991,1.808874,-0.149589,-0.021441,0.000000,2.000000,0.000000,1.000000,0.000000,0.167564,0.142353,-0.021001,-0.140795,-0.790191,0.000000,0.000000,0.000000,65535.000000,5.435423,1.745879,5.414991,1.808874,5.414991,1.808874,0.250000,0.000000,1.000000
18000.000000,5.413370,1.808680,-0.162061,-0.019484,0.000000,2.000000,0.000000,1.000000,0.000000,0.167564,0.151118,-0.019437,-0.149862,-0.715412,0.000000,0.000000,0.000000,65535.000000,5.435423,1.745879,5.413370,1.808680,5.413370,1.808680,0.250000,0.000000,1.000000
18010.000000,5.411631,1.808522,-0.173895,-0.015733,0.000000,2.000000,0.000000,1.000000,0.000000,0.231693,0.163228,-0.017168,-0.162323,-0.363680,0.000000,0.000000,0.000000,65535.000000,5.435423,1.745879,5.411631,1.808522,5.411631,1.808522,0.250000,0.000000,1.000000
18020.000000,5.409710,1.808348,-0.192137,-0.017469,0.000000,2.000000,0.000000,1.000000,0.000000,0.231693,0.174605,-0.013158,-0.174109,-0.360067,0.000000,0.000000,0.000000,65535.000000,5.435423,1.745879,5.409710,1.808348,5.409710,1.808348,0.250000,0.000000,1.000000
18030.000000,5.407629,1.808130,-0.208122,-0.021787,0.000000,2.000000,0.000000,1.000000,0.000000,0.231693,0.192929,-0.014622,-0.192374,-0.358774,0.000000,0.000000,0.000000,65535.000000,5.435423,1.745879,5.407629,1.808130,5.407629,1.808130,0.250000,0.000000,1.000000
18040.000000,5.405394,1.807924,-0.223512,-0.020548,0.000000,2.000000,0.000000,1.000000,0.000000,0.197758,0.209260,-0.018791,-0.208414,-0.473951,0.000000,0.000000,0.000000,65535.000000,5.435423,1.745879,5.405394,1.807924,5.405394,1.807924,0.250000,0.000000,1.000000
18050.000000,5.403126,1.807721,-0.226750,-0.020342,0.000000,2.000000,0.000000,1.000000,0.000000,0.197758,0.224455,-0.017426,-0.223777,-0.630760,0.000000,0.000000,0.000000,65535.000000,5.435423,1.745879,5.403126,1.807721,5.403126,1.807721,0.250000,0.000000,1.000000
18060.000000,5.400791,1.807535,-0.233571,-0.018535,0.000000,2.000000,0.000000,1.000000,0.000000,0.162438,0.227660,-0.017242,-0.227006,-0.862452,0.000000,0.000000,0.000000,65535.000000,5.435423,1.745879,5.400791,1.807535,5.400791,1.807535,0.250000,0.000000,1.000000
18070.000000,5.398462,1.807341,-0.232894,-0.019476,0.000000,2.000000,0.000000,1.000000,0.000000,0.093143,0.234305,-0.015166,-0.233814,-1.130961,0.000000,0.000000,0.000000,65535.000000,5.435423,1.745879,5.398462,1.807341,5.398462,1.807341,0.250000,0.000000,1.000000
18080.000000,5.396069,1.807085,-0.239268,-0.025555,0.000000,2.000000,0.000000,1.000000,0.000000,0.197565,0.233707,-0.015854,-0.233169,-0.807986,0.000000,0.000000,0.000000,65535.000000,5.435423,1.745879,5.396069,1.807085,5.396069,1.807085,0.250000,0.000000,1.000000
18090.000000,5.393555,1.806751,-0.251371,-0.033395,0.000000,2.000000,0.000000,1.000000,0.000000,0.243420,0.240629,-0.021511,-0.239666,-0.238724,0.000000,0.000000,0.000000,65535.000000,5.435423,1.745879,5.393555,1.806751,5.393555,1.806751,0.250000,0.000000,1.000000
18100.000000,5.390838,1.806295,-0.271758,-0.045648,0.000000,2.000000,0.000000,1.000000,0.000000,0.351831,0.253579,-0.028909,-0.251926,0.101173,0.000000,0.000000,0.000000,65535.000000,5.435423,1.745879,5.390838,1.806295,5.390838,1.806295,0.250000,0.000000,1.000000
18110.000000,5.387980,1.805778,-0.285709,-0.051697,0.000000,2.000000,0.000000,1.000000,0.000000,0.388406,0.275565,-0.040649,-0.272551,0.101071,0.000000,0.000000,0.000000,65535.000000,5.435423,1.745879,5.387980,1.805778,5.387980,1.805778,0.250000,0.000000,1.000000
18120.000000,5.385070,1.805312,-0.291024,-0.046575,0.000000,2.000000,0.000000,1.000000,0.000000,0.504951,0.290348,-0.046548,-0.286592,0.100968,0.000000,0.000000,0.000000,65535.000000,5.435423,1.745879,5.385070,1.805312,5.385070,1.805312,0.250000,0.000000,1.000000
18130.000000,5.382140,1.804945,-0.293030,-0.036700,0.000000,2.000000,0.000000,1.000000,0.000000,0.484739,0.294728,-0.041665,-0.291768,-0.004265,0.000000,0.000000,0.000000,65535.000000,5.435423,1.745879,5.382140,1.804945,5.382140,1.804945,0.250000,0.000000,1.000000
18140.000000,5.379163,1.804642,-0.297679,-0.030292,0.000000,2.000000,0.000000,1.000000,0.000000,0.473033,0.295319,-0.032125,-0.293567,-0.055422,0.000000,0.000000,0.000000,65535.000000,5.435423,1.745879,5.379163,1.804642,5.379163,1.804642,0.250000,0.000000,1.000000
18150.000000,5.376091,1.804308,-0.307281,-0.033395,0.000000,2.000000,0.000000,1.000000,0.000000,0.285452,0.299216,-0.025613,-0.298118,-0.040961,0.000000,0.000000,0.000000,65535.000000,5.435423,1.745879,5.376091,1.804308,5.376091,1.804308,0.250000,0.000000,1.000000
18160.000000,5.372967,1.803906,-0.312362,-0.040189,0.000000,2.000000,0.000000,1.000000,0.000000,0.285452,0.309090,-0.028157,-0.307805,-0.040944,0.000000,0.000000,0.000000,65535.000000,5.435423,1.745879,5.372967,1.803906,5.372967,1.803906,0.250000,0.000000,1.000000
18170.000000,5.369901,1.803485,-0.306562,-0.042146,0.000000,2.000000,0.000000,1.000000,0.000000,0.274877,0.314937,-0.034298,-0.313064,-0.222783,0.000000,0.000000,0.000000,65535.000000,5.435423,1.745879,5.369901,1.803485,5.369901,1.803485,0.250000,0.000000,1.000000
18180.000000,5.366807,1.803126,-0.309388,-0.035920,0.000000,2.000000,0.000000,1.000000,0.000000,0.319252,0.309446,-0.036107,-0.307332,-0.628018,0.000000,0.000000,0.000000,65535.000000,5.435423,1.745879,5.366807,1.803126,5.366807,1.803126,0.250000,0.000000,1.000000
18190.000000,5.363613,1.802846,-0.319498,-0.027924,0.000000,2.000000,0.000000,1.000000,0.000000,0.279590,0.311466,-0.030020,-0.310016,-0.682332,0.000000,0.000000,0.000000,65535.000000,5.435423,1.745879,5.363613,1.802846,5.363613,1.802846,0.250000,0.000000,1.000000
18200.000000,5.360253,1.802584,-0.335989,-0.026282,0.000000,2.000000,0.000000,1.000000,0.000000,0.140674,0.320716,-0.022358,-0.319936,-1.045209,0.000000,0.000000,0.000000,65535.000000,5.435423,1.745879,5.360253,1.802584,5.360253,1.802584,0.250000,0.000000,1.000000
18210.000000,5.356826,1.802337,-0.342668,-0.024658,0.000000,2.000000,0.000000,1.000000,0.000000,0.134892,0.337016,-0.020924,-0.336365,-1.052960,0.000000,0.000000,0.000000,65535.000000,5.435423,1.745879,5.356826,1.802337,5.356826,1.802337,0.250000,0.000000,1.000000
18220.000000,5.353394,1.802090,-0.343281,-0.024713,0.000000,2.000000,0.000000,1.000000,0.000000,0.457563,0.343555,-0.019390,-0.343007,0.009854,0.000000,0.000000,0.000000,65535.000000,5.435423,1.745879,5.353394,1.802090,5.353394,1.802090,0.250000,0.000000,1.000000
18230.000000,5.349985,1.801827,-0.340855,-0.026297,0.000000,2.000000,0.000000,1.000000,0.000000,0.497564,0.344169,-0.019102,-0.343638,0.675031,0.000000,0.000000,0.000000,65535.000000,5.435423,1.745879,5.349985,1.801827,5.349985,1.801827,0.250000,0.000000,1.000000
18240.000000,5.346398,1.801590,-0.358736,-0.023680,0.000000,2.000000,0.000000,1.000000,0.000000,0.622248,0.341868,-0.020234,-0.341269,0.675888,0.000000,0.000000,0.000000,65535.000000,5.435423,1.745879,5.346398,1.801590,5.346398,1.801590,0.250000,0.000000,1.000000
18250.000000,5.342652,1.801363,-0.374537,-0.022690,0.000000,2.000000,0.000000,1.000000,0.000000,0.622248,0.359517,-0.017003,-0.359114,0.671346,0.000000,0.000000,0.000000,65535.000000,5.435423,1.745879,5.342652,1.801363,5.342652,1.801363,0.250000,0.000000,1.000000
18260.000000,5.338818,1.801086,-0.383457,-0.027716,0.000000,2.000000,0.000000,1.000000,0.000000,0.579586,0.375224,-0.015674,-0.374896,0.469447,0.000000,0.000000,0.000000,65535.000000,5.435423,1.745879,5.338818,1.801086,5.338818,1.801086,0.250000,0.000000,1.000000
18270.000000,5.334956,1.800768,-0.386176,-0.031820,0.000000,2.000000,0.000000,1.000000,0.000000,0.359409,0.384457,-0.020746,-0.383897,-0.501289,0.000000,0.000000,0.000000,65535.000000,5.435423,1.745879,5.334956,1.800768,5.334956,1.800768,0.250000,0.000000,1.000000
18280.000000,5.331098,1.800406,-0.385758,-0.036172,0.000000,2.000000,0.000000,1.000000,0.000000,0.223220,0.387485,-0.025168,-0.386666,-0.797493,0.000000,0.000000,0.000000,65535.000000,5.435423,1.745879,5.331098,1.800406,5.331098,1.800406,0.250000,0.000000,1.000000
18290.000000,5.327250,1.800051,-0.384873,-0.035511,0.000000,2.000000,0.000000,1.000000,0.000000,0.223220,0.387450,-0.029847,-0.386299,-0.791177,0.000000,0.000000,0.000000,65535.000000,5.435423,1.745879,5.327250,1.800051,5.327250,1.800051,0.250000,0.000000,1.000000
18300.000000,5.323192,1.799753,-0.405764,-0.029828,0.000000,2.000000,0.000000,1.000000,0.000000,0.452600,0.386507,-0.029448,-0.385384,0.288440,0.000000,0.000000,0.000000,65535.000000,5.435423,1.745879,5.323192,1.799753,5.323192,1.799753,0.250000,0.000000,1.000000
18310.000000,5.318902,1.799518,-0.428968,-0.023522,0.000000,2.000000,0.000000,1.000000,0.000000,0.473271,0.406859,-0.023315,-0.406190,0.862695,0.000000,0.000000,0.000000,65535.000000,5.435423,1.745879,5.318902,1.799518,5.318902,1.799518,0.250000,0.000000,1.000000
18320.000000,5.314588,1.799289,-0.431438,-0.022926,0.000000,2.000000,0.000000,1.000000,0.000000,0.473271,0.429613,-0.016278,-0.429304,0.855309,0.000000,0.000000,0.000000,65535.000000,5.435423,1.745879,5.314588,1.799289,5.314588,1.799289,0.250000,0.000000,1.000000
18330.000000,5.310487,1.798984,-0.410071,-0.030451,0.000000,2.000000,0.000000,1.000000,0.000000,0.473271,0.432047,-0.015229,-0.431778,0.848048,0.000000,0.000000,0.000000,65535.000000,5.435423,1.745879,5.310487,1.798984,5.310487,1.798984,0.250000,0.000000,1.000000
18340.000000,5.306345,1.798612,-0.414162,-0.037154,0.000000,2.000000,0.000000,1.000000,0.000000,0.375924,0.411200,-0.023089,-0.410551,-0.047159,0.000000,0.000000,0.000000,65535.000000,5.435423,1.745879,5.306345,1.798612,5.306345,1.798612,0.250000,0.000000,1.000000
18350.000000,5.301979,1.798205,-0.436694,-0.040743,0.000000,2.000000,0.000000,1.000000,0.000000,0.202770,0.415825,-0.029879,-0.414750,-0.858498,0.000000,0.000000,0.000000,65535.000000,5.435423,1.745879,5.301979,1.798205,5.301979,1.798205,0.250000,0.000000,1.000000
18360.000000,5.297397,1.797820,-0.458188,-0.038469,0.000000,2.000000,0.000000,1.000000,0.000000,0.267093,0.438590,-0.033393,-0.437317,-0.297561,0.000000,0.000000,0.000000,65535.000000,5.435423,1.745879,5.297397,1.797820,5.297397,1.797820,0.250000,0.000000,1.000000
18370.000000,5.292972,1.797467,-0.442460,-0.035281,0.000000,2.000000,0.000000,1.000000,0.000000,0.304095,0.459800,-0.030971,-0.458756,-0.116450,0.000000,0.000000,0.000000,65535.000000,5.435423,1.745879,5.292972,1.797467,5.292972,1.797467,0.250000,0.000000,1.000000
18380.000000,5.288630,1.797171,-0.434227,-0.029649,0.000000,2.000000,0.000000,1.000000,0.000000,0.304095,0.443864,-0.028176,-0.442969,-0.116314,0.000000,0.000000,0.000000,65535.000000,5.435423,1.745879,5.288630,1.797171,5.288630,1.797171,0.250000,0.000000,1.000000
18390.000000,5.284173,1.796919,-0.445733,-0.025216,0.000000,2.000000,0.000000,1.000000,0.000000,0.238148,0.435238,-0.022534,-0.434654,-0.761827,0.000000,0.000000,0.000000,65535.000000,5.435423,1.745879,5.284173,1.796919,5.284173,1.796919,0.250000,0.000000,1.000000
18400.000000,5.279346,1.796788,-0.482602,-0.013098,0.000000,2.000000,0.000000,1.000000,0.000000,0.243208,0.446445,-0.017761,-0.446092,-0.509422,0.000000,0.000000,0.000000,65535.000000,5.435423,1.745879,5.279346,1.796788,5.279346,1.796788,0.250000,0.000000,1.000000
18410.000000,5.274548,1.796795,-0.479839,0.000724,0.000000,2.000000,0.000000,1.000000,0.000000,0.215247,0.482780,-0.005017,-0.482754,-0.406571,0.000000,0.000000,0.000000,65535.000000,5.435423,1.745879,5.274548,1.796795,5.274548,1.796795,0.250000,0.000000,1.000000
18420.000000,5.269933,1.796826,-0.461491,0.003131,0.000000,2.000000,0.000000,1.000000,0.000000,0.589318,0.479840,0.008696,-0.479761,-0.404924,0.000000,0.000000,0.000000,65535.000000,5.435423,1.745879,5.269933,1.796826,5.269933,1.796826,0.250000,0.000000,1.000000
18430.000000,5.265397,1.796838,-0.453618,0.001137,0.000000,2.000000,0.000000,1.000000,0.000000,0.445843,0.461502,0.010573,-0.461380,-0.719337,0.000000,0.000000,0.000000,65535.000000,5.435423,1.745879,5.265397,1.796838,5.265397,1.796838,0.250000,0.000000,1.000000
18440.000000,5.260448,1.796755,-0.494841,-0.008287,0.000000,2.000000,0.000000,1.000000,0.000000,0.191768,0.453620,0.008455,-0.453541,-0.939620,0.000000,0.000000,0.000000,65535.000000,5.435423,1.745879,5.260448,1.796755,5.260448,1.796755,0.250000,0.000000,1.000000
18450.000000,5.255239,1.796669,-0.520929,-0.008628,0.000000,2.000000,0.000000,1.000000,0.000000,0.206702,0.494910,-0.000043,-0.494910,-0.876627,0.000000,0.000000,0.000000,65535.000000,5.435423,1.745879,5.255239,1.796669,5.255239,1.796669,0.250000,0.000000,1.000000
18460.000000,5.250078,1.796469,-0.516066,-0.019952,0.000000,2.000000,0.000000,1.000000,0.000000,0.686819,0.521000,0.000628,-0.521000,1.091380,0.000000,0.000000,0.000000,65535.000000,5.435423,1.745879,5.250078,1.796469,5.250078,1.796469,0.250000,0.000000,1.000000
18470.000000,5.245064,1.796215,-0.501408,-0.025411,0.000000,2.000000,0.000000,1.000000,0.000000,0.746772,0.516452,-0.010736,-0.516340,1.741845,0.000000,0.000000,0.000000,65535.000000,5.435423,1.745879,5.245064,1.796215,5.245064,1.796215,0.250000,0.000000,1.000000
18480.000000,5.239940,1.795969,-0.512470,-0.024602,0.000000,2.000000,0.000000,1.000000,0.000000,0.926122,0.502051,-0.017060,-0.501761,1.928068,0.000000,0.000000,0.000000,65535.000000,5.435423,1.745879,5.239940,1.795969,5.239940,1.795969,0.250000,0.000000,1.000000
18490.000000,5.234636,1.795797,-0.530390,-0.017151,0.000000,2.000000,0.000000,1.000000,0.000000,0.926122,0.513060,-0.016363,-0.512799,1.891561,0.000000,0.000000,0.000000,65535.000000,5.435423,1.745879,5.234636,1.795797,5.234636,1.795797,0.250000,0.000000,1.000000
18500.000000,5.229292,1.795592,-0.534362,-0.020517,0.000000,2.000000,0.000000,1.000000,0.000000,0.949604,0.530667,-0.008084,-0.530605,1.700452,0.000000,0.000000,0.000000,65535.000000,5.435423,1.745879,5.229292,1.795592,5.229292,1.795592,0.250000,0.000000,1.000000
18510.000000,5.224021,1.795337,-0.527115,-0.025531,0.000000,2.000000,0.000000,1.000000,0.000000,0.831336,0.534755,-0.010852,-0.534645,1.121752,0.000000,0.000000,0.000000,65535.000000,5.435423,1.745879,5.224021,1.795337,5.224021,1.795337,0.250000,0.000000,1.000000
18520.000000,5.218552,1.795128,-0.546921,-0.020837,0.000000,2.000000,0.000000,1.000000,0.000000,0.697532,0.527733,-0.016477,-0.527476,0.782028,0.000000,0.000000,0.000000,65535.000000,5.435423,1.745879,5.218552,1.795128,5.218552,1.795128,0.250000,0.000000,1.000000
18530.000000,5.212912,1.794998,-0.563988,-0.013030,0.000000,2.000000,0.000000,1.000000,0.000000,0.410438,0.547318,-0.011425,-0.547199,-0.351056,0.000000,0.000000,0.000000,65535.000000,5.435423,1.745879,5.212912,1.794998,5.212912,1.794998,0.250000,0.000000,1.000000
18540.000000,5.207258,1.794841,-0.565366,-0.015750,0.000000,2.000000,0.000000,1.000000,0.000000,0.140980,0.564139,-0.002435,-0.564134,-1.181428,0.000000,0.000000,0.000000,65535.000000,5.435423,1.745879,5.207258,1.794841,5.207258,1.794841,0.250000,0.000000,1.000000
18550.000000,5.201701,1.794605,-0.555750,-0.023592,0.000000,2.000000,0.000000,1.000000,0.000000,0.142501,0.565586,-0.004112,-0.565571,-1.162344,0.000000,0.000000,0.000000,65535.000000,5.435423,1.745879,5.201701,1.794605,5.201701,1.794605,0.250000,0.000000,1.000000
18560.000000,5.195966,1.794388,-0.573436,-0.021697,0.000000,2.000000,0.000000,1.000000,0.000000,0.216432,0.556251,-0.012338,-0.556114,-0.889264,0.000000,0.000000,0.000000,65535.000000,5.435423,1.745879,5.195966,1.794388,5.195966,1.794388,0.250000,0.000000,1.000000
18570.000000,5.190269,1.794155,-0.569771,-0.023260,0.000000,2.000000,0.000000,1.000000,0.000000,0.372999,0.573846,-0.010847,-0.573743,-0.330164,0.000000,0.000000,0.000000,65535.000000,5.435423,1.745879,5.190269,1.794155,5.190269,1.794155,0.250000,0.000000,1.000000
18580.000000,5.184677,1.793826,-0.559116,-0.032953,0.000000,2.000000,0.000000,1.000000,0.000000,0.502867,0.570246,-0.013202,-0.570093,0.133556,0.000000,0.000000,0.000000,65535.000000,5.435423,1.745879,5.184677,1.793826,5.184677,1.793826,0.250000,0.000000,1.000000
18590.000000,5.178965,1.793477,-0.571254,-0.034827,0.000000,2.000000,0.000000,1.000000,0.000000,0.623436,0.560086,-0.023808,-0.559580,0.566424,0.000000,0.000000,0.000000,65535.000000,5.435423,1.745879,5.178965,1.793477,5.178965,1.793477,0.250000,0.000000,1.000000
18600.000000,5.173053,1.793159,-0.591149,-0.031811,0.000000,2.000000,0.000000,1.000000,0.000000,0.891760,0.572315,-0.025740,-0.571736,1.223406,0.000000,0.000000,0.000000,65535.000000,5.435423,1.745879,5.173053,1.793159,5.173053,1.793159,0.250000,0.000000,1.000000
18610.000000,5.167263,1.792761,-0.579042,-0.039801,0.000000,2.000000,0.000000,1.000000,0.000000,0.888477,0.592004,-0.021693,-0.591606,2.757895,0.000000,0.000000,0.000000,65535.000000,5.435423,1.745879,5.167263,1.792761,5.167263,1.792761,0.250000,0.000000,1.000000
18620.000000,5.161555,1.792272,-0.570845,-0.048941,0.000000,2.000000,0.000000,1.000000,0.000000,0.811150,0.580408,-0.029021,-0.579682,2.683804,0.000000,0.000000,0.000000,65535.000000,5.435423,1.745879,5.161555,1.792272,5.161555,1.792272,0.250000,0.000000,1.000000
18630.000000,5.155847,1.791824,-0.570829,-0.044746,0.000000,2.000000,0.000000,1.000000,0.000000,0.811150,0.572939,-0.038100,-0.571671,2.613590,0.000000,0.000000,0.000000,65535.000000,5.435423,1.745879,5.155847,1.791824,5.155847,1.791824,0.250000,0.000000,1.000000
18640.000000,5.150111,1.791376,-0.573528,-0.044802,0.000000,2.000000,0.000000,1.000000,0.000000,0.489215,0.572580,-0.033861,-0.571578,0.689850,0.000000,0.000000,0.000000,65535.000000,5.435423,1.745879,5.150111,1.791376,5.150111,1.791376,0.250000,0.000000,1.000000
18650.000000,5.144477,1.790865,-0.563395,-0.051131,0.000000,2.000000,0.000000,1.000000,0.000000,0.711967,0.575275,-0.033876,-0.574277,1.628502,0.000000,0.000000,0.000000,65535.000000,5.435423,1.745879,5.144477,1.790865,5.144477,1.790865,0.250000,0.000000,1.000000
18660.000000,5.138787,1.790341,-0.569012,-0.052396,0.000000,2.000000,0.000000,1.000000,0.000000,0.711967,0.565711,-0.041081,-0.564217,1.602381,0.000000,0.000000,0.000000,65535.000000,5.435423,1.745879,5.138787,1.790341,5.138787,1.790341,0.250000,0.000000,1.000000
18670.000000,5.132993,1.789859,-0.579414,-0.048232,0.000000,2.000000,0.000000,1.000000,0.000000,0.711967,0.571419,-0.043542,-0.569758,1.577085,0.000000,0.000000,0.000000,65535.000000,5.435423,1.745879,5.132993,1.789859,5.132993,1.789859,0.250000,0.000000,1.000000
18680.000000,5.127109,1.789366,-0.588440,-0.049251,0.000000,2.000000,0.000000,1.000000,0.000000,0.600052,0.581418,-0.039820,-0.580053,0.301706,0.000000,0.000000,0.000000,65535.000000,5.435423,1.745879,5.127109,1.789366,5.127109,1.789366,0.250000,0.000000,1.000000
18690.000000,5.121163,1.788864,-0.594598,-0.050236,0.000000,2.000000,0.000000,1.000000,0.000000,0.341940,0.590498,-0.040151,-0.589131,-0.572383,0.000000,0.000000,0.000000,65535.000000,5.435423,1.745879,5.121163,1.788864,5.121163,1.788864,0.250000,0.000000,1.000000
18700.000000,5.115097,1.788360,-0.606614,-0.050425,0.000000,2.000000,0.000000,1.000000,0.000000,0.280231,0.596716,-0.039700,-0.595394,-0.777602,0.000000,0.000000,0.000000,65535.000000,5.435423,1.745879,5.115097,1.788360,5.115097,1.788360,0.250000,0.000000,1.000000
18710.000000,5.108992,1.787798,-0.610439,-0.056156,0.000000,2.000000,0.000000,1.000000,0.000000,0.226825,0.608706,-0.038115,-0.607511,-0.953078,0.000000,0.000000,0.000000,65535.000000,5.435423,1.745879,5.108992,1.787798,5.108992,1.787798,0.250000,0.000000,1.000000
18720.000000,5.102939,1.787198,-0.605302,-0.060042,0.000000,2.000000,0.000000,1.000000,0.000000,0.115837,0.613017,-0.043030,-0.611505,-1.318039,0.000000,0.000000,0.000000,65535.000000,5.435423,1.745879,5.102939,1.787198,5.102939,1.787198,0.250000,0.000000,1.000000
18730.000000,5.097038,1.786763,-0.590123,-0.043509,0.000000,2.000000,0.000000,1.000000,0.000000,0.115837,0.608272,-0.048010,-0.606375,-1.300876,0.000000,0.000000,0.000000,65535.000000,5.435423,1.745879,5.097038,1.786763,5.097038,1.786763,0.250000,0.000000,1.000000
18740.000000,5.091072,1.786433,-0.596640,-0.032988,0.000000,2.000000,0.000000,1.000000,0.000000,0.069142,0.591725,-0.032749,-0.590818,-1.441147,0.000000,0.000000,0.000000,65535.000000,5.435423,1.745879,5.091072,1.786433,5.091072,1.786433,0.250000,0.000000,1.000000
18750.000000,5.085041,1.785998,-0.603114,-0.043465,0.000000,2.000000,0.000000,1.000000,0.000000,0.074629,0.597551,-0.022725,-0.597119,-1.402553,0.000000,0.000000,0.000000,65535.000000,5.435423,1.745879,5.085041,1.785998,5.085041,1.785998,0.250000,0.000000,1.000000
18760.000000,5.079025,1.785533,-0.601598,-0.046517,0.000000,2.000000,0.000000,1.000000,0.000000,0.273520,0.604679,-0.033580,-0.603746,-0.718351,0.000000,0.000000,0.000000,65535.000000,5.435423,1.745879,5.079025,1.785533,5.079025,1.785533,0.250000,0.000000,1.000000
18770.000000,5.073107,1.785099,-0.591731,-0.043406,0.000000,2.000000,0.000000,1.000000,0.000000,0.553091,0.603394,-0.036320,-0.602300,0.053273,0.000000,0.000000,0.000000,65535.000000,5.435423,1.745879,5.073107,1.785099,5.073107,1.785099,0.250000,0.000000,1.000000
18780.000000,5.067113,1.784679,-0.599445,-0.042027,0.000000,2.000000,0.000000,1.000000,0.000000,0.767476,0.593321,-0.032114,-0.592451,0.955022,0.000000,0.000000,0.000000,65535.000000,5.435423,1.745879,5.067113,1.784679,5.067113,1.784679,0.250000,0.000000,1.000000
18790.000000,5.060970,1.784146,-0.614299,-0.053267,0.000000,2.000000,0.000000,1.000000,0.000000,0.864628,0.600916,-0.029532,-0.600190,1.272686,0.000000,0.000000,0.000000,65535.000000,5.435423,1.745879,5.060970,1.784146,5.060970,1.784146,0.250000,0.000000,1.000000
18800.000000,5.054667,1.783502,-0.630214,-0.064369,0.000000,2.000000,0.000000,1.000000,0.000000,0.864628,0.616604,-0.040376,-0.615281,1.256676,0.000000,0.000000,0.000000,65535.000000,5.435423,1.745879,5.054667,1.783502,5.054667,1.783502,0.250000,0.000000,1.000000
18810.000000,5.048307,1.782850,-0.636020,-0.065283,0.000000,2.000000,0.000000,1.000000,0.000000,0.864628,0.633493,-0.050961,-0.631440,1.241064,0.000000,0.000000,0.000000,65535.000000,5.435423,1.745879,5.048307,1.782850,5.048307,1.782850,0.250000,0.000000,1.000000
18820.000000,5.041978,1.782244,-0.632889,-0.060584,0.000000,2.000000,0.000000,1.000000,0.000000,0.799155,0.639362,-0.052225,-0.637225,1.005772,0.000000,0.000000,0.000000,65535.000000,5.435423,1.745879,5.041978,1.782244,5.041978,1.782244,0.250000,0.000000,1.000000
18830.000000,5.035668,1.781732,-0.631067,-0.051161,0.000000,2.000000,0.000000,1.000000,0.000000,0.542912,0.635782,-0.049077,-0.633885,0.134475,0.000000,0.000000,0.000000,65535.000000,5.435423,1.745879,5.035668,1.781732,5.035668,1.781732,0.250000,0.000000,1.000000
18840.000000,5.029286,1.781257,-0.638129,-0.047569,0.000000,2.000000,0.000000,1.000000,0.000000,0.401027,0.633137,-0.040601,-0.631834,-0.346996,0.000000,0.000000,0.000000,65535.000000,5.435423,1.745879,5.029286,1.781257,5.029286,1.781257,0.250000,0.000000,1.000000
18850.000000,5.022931,1.780815,-0.635585,-0.044111,0.000000,2.000000,0.000000,1.000000,0.000000,0.480737,0.639900,-0.036705,-0.638846,-0.073253,0.000000,0.000000,0.000000,65535.000000,5.435423,1.745879,5.022931,1.780815,5.022931,1.780815,0.250000,0.000000,1.000000
18860.000000,5.016667,1.780374,-0.626384,-0.044174,0.000000,2.000000,0.000000,1.000000,0.000000,0.480864,0.637114,-0.033005,-0.636259,-0.072761,0.000000,0.000000,0.000000,65535.000000,5.435423,1.745879,5.016667,1.780374,5.016667,1.780374,0.250000,0.000000,1.000000
18870.000000,5.010425,1.779960,-0.624217,-0.041372,0.000000,2.000000,0.000000,1.000000,0.000000,0.480864,0.627940,-0.032695,-0.627088,-0.072708,0.000000,0.000000,0.000000,65535.000000,5.435423,1.745879,5.010425,1.779960,5.010425,1.779960,0.250000,0.000000,1.000000
18880.000000,5.004058,1.779539,-0.636651,-0.042093,0.000000,2.000000,0.000000,1.000000,0.000000,0.468773,0.625587,-0.029234,-0.624903,-0.115434,0.000000,0.000000,0.000000,65535.000000,5.435423,1.745879,5.004058,1.779539,5.004058,1.779539,0.250000,0.000000,1.000000
18890.000000,4.997713,1.779031,-0.634517,-0.050779,0.000000,2.000000,0.000000,1.000000,0.000000,0.449380,0.638041,-0.029726,-0.637348,-0.184262,0.000000,0.000000,0.000000,65535.000000,5.435423,1.745879,4.997713,1.779031,4.997713,1.779031,0.250000,0.000000,1.000000
18900.000000,4.991366,1.778482,-0.634613,-0.054907,0.000000,2.000000,0.000000,1.000000,0.000000,0.402730,0.636546,-0.039187,-0.635339,-0.351236,0.000000,0.000000,0.000000,65535.000000,5.435423,1.745879,4.991366,1.778482,4.991366,1.778482,0.250000,0.000000,1.000000
18910.000000,4.985023,1.778139,-0.634393,-0.034319,0.000000,2.000000,0.000000,1.000000,0.000000,0.327850,0.636984,-0.043688,-0.635484,-0.619071,0.000000,0.000000,0.000000,65535.000000,5.435423,1.745879,4.985023,1.778139,4.985023,1.778139,0.250000,0.000000,1.000000
18920.000000,4.978514,1.777939,-0.650825,-0.020021,0.000000,2.000000,0.000000,1.000000,0.000000,0.557445,0.635320,-0.023553,-0.634883,-0.055003,0.000000,0.000000,0.000000,65535.000000,5.435423,1.745879,4.978514,1.777939,4.978514,1.777939,0.250000,0.000000,1.000000
18930.000000,4.972008,1.777884,-0.650642,-0.005418,0.000000,2.000000,0.000000,1.000000,0.000000,0.713081,0.651133,-0.009882,-0.651058,0.782366,0.000000,0.000000,0.000000,65535.000000,5.435423,1.745879,4.972008,1.777884,4.972008,1.777884,0.250000,0.000000,1.000000
18940.000000,4.965419,1.777977,-0.658901,0.009218,0.000000,2.000000,0.000000,1.000000,0.000000,0.714909,0.650664,0.004400,-0.650649,0.782884,0.000000,0.000000,0.000000,65535.000000,5.435423,1.745879,4.965419,1.777977,4.965419,1.777977,0.250000,0.000000,1.000000
18950.000000,4.958782,1.777960,-0.663661,-0.001669,0.000000,2.000000,0.000000,1.000000,0.000000,0.714909,0.658965,0.019712,-0.658670,0.776796,0.000000,0.000000,0.000000,65535.000000,5.435423,1.745879,4.958782,1.777960,4.958782,1.777960,0.250000,0.000000,1.000000
18960.000000,4.952096,1.777843,-0.668585,-0.011659,0.000000,2.000000,0.000000,1.000000,0.000000,0.673202,0.663663,0.009486,-0.663595,0.617503,0.000000,0.000000,0.000000,65535.000000,5.435423,1.745879,4.952096,1.777843,4.952096,1.777843,0.250000,0.000000,1.000000
18970.000000,4.945511,1.777701,-0.658569,-0.014193,0.000000,2.000000,0.000000,1.000000,0.000000,0.482915,0.668687,-0.000064,-0.668687,-0.320783,0.000000,0.000000,0.000000,65535.000000,5.435423,1.745879,4.945511,1.777701,4.945511,1.777701,0.250000,0.000000,1.000000
18980.000000,4.938981,1.777462,-0.652969,-0.023950,0.000000,2.000000,0.000000,1.000000,0.000000,0.709421,0.658722,-0.002656,-0.658716,0.755205,0.000000,0.000000,0.000000,65535.000000,5.435423,1.745879,4.938981,1.777462,4.938981,1.777462,0.250000,0.000000,1.000000
18990.000000,4.932486,1.777166,-0.649550,-0.029602,0.000000,2.000000,0.000000,1.000000,0.000000,0.575524,0.653408,-0.012753,-0.653284,0.811512,0.000000,0.000000,0.000000,65535.000000,5.435423,1.745879,4.932486,1.777166,4.932486,1.777166,0.250000,0.000000,1.000000
19000.000000,4.925901,1.776834,-0.658484,-0.033230,0.000000,2.000000,0.000000,1.000000,0.000000,0.575524,0.650225,-0.018952,-0.649948,0.804973,0.000000,0.000000,0.000000,65535.000000,5.435423,1.745879,4.925901,1.776834,4.925901,1.776834,0.250000,0.000000,1.000000
19010.000000,4.919371,1.776496,-0.652976,-0.033743,0.000000,2.000000,0.000000,1.000000,0.000000,0.417901,0.659322,-0.022759,-0.658929,-0.021690,0.000000,0.000000,0.000000,65535.000000,5.435423,1.745879,4.919371,1.776496,4.919371,1.776496,0.250000,0.000000,1.000000
19020.000000,4.912846,1.776245,-0.652483,-0.025062,0.000000,2.000000,0.000000,1.000000,0.000000,0.470285,0.653847,-0.023787,-0.653415,-0.163034,0.000000,0.000000,0.000000,65535.000000,5.435423,1.745879,4.912846,1.776245,4.912846,1.776245,0.250000,0.000000,1.000000
19030.000000,4.906399,1.776154,-0.644753,-0.009179,0.000000,2.000000,0.000000,1.000000,0.000000,0.225263,0.652964,-0.015260,-0.652786,-1.087970,0.000000,0.000000,0.000000,65535.000000,5.435423,1.745879,4.906399,1.776154,4.906399,1.776154,0.250000,0.000000,1.000000
19040.000000,4.900000,1.776067,-0.639869,-0.008702,0.000000,2.000000,0.000000,1.000000,0.000000,0.337302,0.644819,0.001098,-0.644818,-0.651603,0.000000,0.000000,0.000000,65535.000000,5.435423,1.745879,4.900000,1.776067,4.900000,1.776067,0.250000,0.000000,1.000000
19050.000000,4.893694,1.775958,-0.630624,-0.010868,0.000000,2.000000,0.000000,1.000000,0.000000,0.511706,0.639928,0.001983,-0.639925,0.842361,0.000000,0.000000,0.000000,65535.000000,5.435423,1.745879,4.893694,1.775958,4.893694,1.775958,0.250000,0.000000,1.000000
19060.000000,4.887333,1.775928,-0.636121,-0.003029,0.000000,2.000000,0.000000,1.000000,0.000000,0.578955,0.630718,-0.000745,-0.630718,1.270990,0.000000,0.000000,0.000000,65535.000000,5.435423,1.745879,4.887333,1.775928,4.887333,1.775928,0.250000,0.000000,1.000000
19070.000000,4.881056,1.775917,-0.627726,-0.001092,0.000000,2.000000,0.000000,1.000000,0.000000,0.578955,0.636129,0.006739,-0.636093,1.255023,0.000000,0.000000,0.000000,65535.000000,5.435423,1.745879,4.881056,1.775917,4.881056,1.775917,0.250000,0.000000,1.000000
19080.000000,4.874818,1.775802,-0.623786,-0.011518,0.000000,2.000000,0.000000,1.000000,0.000000,0.449657,0.627727,0.008063,-0.627675,0.541007,0.000000,0.000000,0.000000,65535.000000,5.435423,1.745879,4.874818,1.775802,4.874818,1.775802,0.250000,0.000000,1.000000
19090.000000,4.868700,1.775699,-0.611825,-0.010255,0.000000,2.000000,0.000000,1.000000,0.000000,0.633468,0.623892,-0.002900,-0.623885,1.754666,0.000000,0.000000,0.000000,65535.000000,5.435423,1.745879,4.868700,1.775699,4.868700,1.775699,0.250000,0.000000,1.000000
19100.000000,4.862758,1.775635,-0.594185,-0.006436,0.000000,2.000000,0.000000,1.000000,0.000000,0.643734,0.611911,-0.001781,-0.611908,1.907006,0.000000,0.000000,0.000000,65535.000000,5.435423,1.745879,4.862758,1.775635,4.862758,1.775635,0.250000,0.000000,1.000000
19110.000000,4.857007,1.775571,-0.575049,-0.006320,0.000000,2.000000,0.000000,1.000000,0.000000,0.643734,0.594219,0.002178,-0.594215,1.892960,0.000000,0.000000,0.000000,65535.000000,5.435423,1.745879,4.857007,1.775571,4.857007,1.775571,0.250000,0.000000,1.000000
19120.000000,4.851446,1.775805,-0.556140,0.023387,0.000000,2.000000,0.000000,1.000000,0.000000,0.694194,0.575084,0.001991,-0.575080,2.117126,0.000000,0.000000,0.000000,65535.000000,5.435423,1.745879,4.851446,1.775805,4.851446,1.775805,0.250000,0.000000,1.000000
19130.000000,4.846153,1.776184,-0.529309,0.037864,0.000000,2.000000,0.000000,1.000000,0.000000,0.694194,0.556631,0.031318,-0.555749,2.073190,0.000000,0.000000,0.000000,65535.000000,5.435423,1.745879,4.846153,1.776184,4.846153,1.776184,0.250000,0.000000,1.000000
19140.000000,4.841081,1.776536,-0.507141,0.035225,0.000000,2.000000,0.000000,1.000000,0.000000,0.694194,0.530661,0.045399,-0.528716,1.969318,0.000000,0.000000,0.000000,65535.000000,5.435423,1.745879,4.841081,1.776536,4.841081,1.776536,0.250000,0.000000,1.000000
19150.000000,4.836076,1.776937,-0.500507,0.040121,0.000000,2.000000,0.000000,1.000000,0.000000,0.569544,0.508363,0.042268,-0.506603,1.207237,0.000000,0.000000,0.000000,65535.000000,5.435423,1.745879,4.836076,1.776937,4.836076,1.776937,0.250000,0.000000,1.000000
19160.000000,4.830931,1.777509,-0.514558,0.057147,0.000000,2.000000,0.000000,1.000000,0.000000,0.849714,0.502113,0.046888,-0.499918,1.784062,0.000000,0.000000,0.000000,65535.000000,5.435423,1.745879,4.830931,1.777509,4.830931,1.777509,0.250000,0.000000,1.000000
19170.000000,4.825872,1.778102,-0.505838,0.059339,0.000000,2.000000,0.000000,1.000000,0.000000,0.849714,0.517721,0.064118,-0.513736,1.752760,0.000000,0.000000,0.000000,65535.000000,5.435423,1.745879,4.825872,1.778102,4.825872,1.778102,0.250000,0.000000,1.000000
19180.000000,4.821013,1.778668,-0.485916,0.056586,0.000000,2.000000,0.000000,1.000000,0.000000,1.036565,0.509307,0.066192,-0.504987,1.657132,0.000000,0.000000,0.000000,65535.000000,5.435423,1.745879,4.821013,1.778668,4.821013,1.778668,0.250000,0.000000,1.000000
19190.000000,4.816233,1.779374,-0.478017,0.070546,0.000000,2.000000,0.000000,1.000000,0.000000,0.711491,0.489200,0.062886,-0.485141,0.312948,0.000000,0.000000,0.000000,65535.000000,5.435423,1.745879,4.816233,1.779374,4.816233,1.779374,0.250000,0.000000,1.000000
19200.000000,4.811409,1.780339,-0.482357,0.096577,0.000000,2.000000,0.000000,1.000000,0.000000,0.465094,0.483194,0.076558,-0.477091,-0.365634,0.000000,0.000000,0.000000,65535.000000,5.435423,1.745879,4.811409,1.780339,4.811409,1.780339,0.250000,0.000000,1.000000
19210.000000,4.806726,1.781429,-0.468398,0.108984,0.000000,2.000000,0.000000,1.000000,0.000000,0.468170,0.491931,0.102617,-0.481109,-0.353419,0.000000,0.000000,0.000000,65535.000000,5.435423,1.745879,4.806726,1.781429,4.806726,1.781429,0.250000,0.000000,1.000000
19220.000000,4.802162,1.782590,-0.456358,0.116024,0.000000,2.000000,0.000000,1.000000,0.000000,0.468170,0.480909,0.114691,-0.467033,-0.352173,0.000000,0.000000,0.000000,65535.000000,5.435423,1.745879,4.802162,1.782590,4.802162,1.782590,0.250000,0.000000,1.000000
19230.000000,4.797612,1.783644,-0.454928,0.105493,0.000000,2.000000,0.000000,1.000000,0.000000,0.386569,0.470876,0.121451,-0.454944,-0.646224,0.000000,0.000000,0.000000,65535.000000,5.435423,1.745879,4.797612,1.783644,4.797612,1.783644,0.250000,0.000000,1.000000
19240.000000,4.793092,1.784694,-0.452053,0.104936,0.000000,2.000000,0.000000,1.000000,0.000000,0.541807,0.466999,0.110554,-0.453725,-0.075700,0.000000,0.000000,0.000000,65535.000000,5.435423,1.745879,4.793092,1.784694,4.793092,1.784694,0.250000,0.000000,1.000000
19250.000000,4.788669,1.785853,-0.442272,0.115949,0.000000,2.000000,0.000000,1.000000,0.000000,1.009286,0.464073,0.109751,-0.450908,1.619762,0.000000,0.000000,0.000000,65535.000000,5.435423,1.745879,4.788669,1.785853,4.788669,1.785853,0.250000,0.000000,1.000000
19260.000000,4.784227,1.787239,-0.444201,0.138516,0.000000,2.000000,0.000000,1.000000,0.000000,0.713243,0.457219,0.121035,-0.440908,1.911389,0.000000,0.000000,0.000000,65535.000000,5.435423,1.745879,4.784227,1.787239,4.784227,1.787239,0.250000,0.000000,1.000000
19270.000000,4.779912,1.788742,-0.431458,0.150353,0.000000,2.000000,0.000000,1.000000,0.000000,0.713243,0.465297,0.144319,-0.442350,1.875505,0.000000,0.000000,0.000000,65535.000000,5.435423,1.745879,4.779912,1.788742,4.779912,1.788742,0.250000,0.000000,1.000000
19280.000000,4.775718,1.790401,-0.419481,0.165832,0.000000,2.000000,0.000000,1.000000,0.000000,0.654851,0.456905,0.155998,-0.429449,1.712944,0.000000,0.000000,0.000000,65535.000000,5.435423,1.745879,4.775718,1.790401,4.775718,1.790401,0.250000,0.000000,1.000000
19290.000000,4.771607,1.792282,-0.411042,0.188106,0.000000,2.000000,0.000000,1.000000,0.000000,0.654851,0.451070,0.171020,-0.417392,0.070098,0.000000,0.000000,0.000000,65535.000000,5.435423,1.745879,4.771607,1.792282,4.771607,1.792282,0.250000,0.000000,1.000000
19300.000000,4.767521,1.794327,-0.408581,0.204521,0.000000,2.000000,0.000000,1.000000,0.000000,0.391453,0.452039,0.193328,-0.408611,-0.683619,0.000000,0.000000,0.000000,65535.000000,5.435423,1.745879,4.767521,1.794327,4.767521,1.794327,0.250000,0.000000,1.000000
19310.000000,4.763527,1.796494,-0.399440,0.216785,0.000000,2.000000,0.000000,1.000000,0.000000,0.245846,0.456910,0.209643,-0.405976,-1.194392,0.000000,0.000000,0.000000,65535.000000,5.435423,1.745879,4.763527,1.796494,4.763527,1.796494,0.250000,0.000000,1.000000
19320.000000,4.759544,1.798851,-0.398299,0.235698,0.000000,2.000000,0.000000,1.000000,0.000000,0.194792,0.454476,0.221622,-0.396777,-1.357675,0.000000,0.000000,0.000000,65535.000000,5.435423,1.745879,4.759544,1.798851,4.759544,1.798851,0.250000,0.000000,1.000000
19330.000000,4.755721,1.801275,-0.382321,0.242368,0.000000,2.000000,0.000000,1.000000,0.000000,0.501176,0.462813,0.240754,-0.395264,-0.258308,0.000000,0.000000,0.000000,65535.000000,5.435423,1.745879,4.755721,1.801275,4.755721,1.801275,0.250000,0.000000,1.000000
19340.000000,4.751982,1.803820,-0.373868,0.254478,0.000000,2.000000,0.000000,1.000000,0.000000,0.608772,0.452671,0.247267,-0.379171,0.259063,0.000000,0.000000,0.000000,65535.000000,5.435423,1.745879,4.751982,1.803820,4.751982,1.803820,0.250000,0.000000,1.000000
19350.000000,4.748334,1.806543,-0.364730,0.272341,0.000000,2.000000,0.000000,1.000000,0.000000,0.514818,0.452257,0.259117,-0.370668,0.382223,0.000000,0.000000,0.000000,65535.000000,5.435423,1.745879,4.748334,1.806543,4.748334,1.806543,0.250000,0.000000,1.000000
19360.000000,4.744765,1.809438,-0.356921,0.289474,0.000000,2.000000,0.000000,1.000000,0.000000,0.555073,0.455190,0.276860,-0.361311,0.818888,0.000000,0.000000,0.000000,65535.000000,5.435423,1.745879,4.744765,1.809438,4.744765,1.809438,0.250000,0.000000,1.000000
19370.000000,4.741302,1.812481,-0.346379,0.304278,0.000000,2.000000,0.000000,1.000000,0.000000,0.555073,0.459552,0.293643,-0.353499,0.812230,0.000000,0.000000,0.000000,65535.000000,5.435423,1.745879,4.741302,1.812481,4.741302,1.812481,0.250000,0.000000,1.000000
19380.000000,4.737831,1.815663,-0.347076,0.318254,0.000000,2.000000,0.000000,1.000000,0.000000,0.555073,0.461046,0.307873,-0.343188,0.805680,0.000000,0.000000,0.000000,65535.000000,5.435423,1.745879,4.737831,1.815663,4.737831,1.815663,0.250000,0.000000,1.000000
19390.000000,4.734308,1.818912,-0.352305,0.324826,0.000000,2.000000,0.000000,1.000000,0.000000,0.482197,0.470901,0.321844,-0.343749,0.383177,0.000000,0.000000,0.000000,65535.000000,5.435423,1.745879,4.734308,1.818912,4.734308,1.818912,0.250000,0.000000,1.000000
19400.000000,4.730731,1.822312,-0.357605,0.340059,0.000000,2.000000,0.000000,1.000000,0.000000,0.482197,0.479198,0.328460,-0.348919,0.381713,0.000000,0.000000,0.000000,65535.000000,5.435423,1.745879,4.730731,1.822312,4.730731,1.822312,0.250000,0.000000,1.000000
19410.000000,4.727156,1.825785,-0.357566,0.347303,0.000000,2.000000,0.000000,1.000000,0.000000,0.637858,0.493479,0.343644,-0.354161,0.380260,0.000000,0.000000,0.000000,65535.000000,5.435423,1.745879,4.727156,1.825785,4.727156,1.825785,0.250000,0.000000,1.000000
19420.000000,4.723582,1.829331,-0.357370,0.354571,0.000000,2.000000,0.000000,1.000000,0.000000,0.552470,0.498471,0.351004,-0.353934,-0.461165,0.000000,0.000000,0.000000,65535.000000,5.435423,1.745879,4.723582,1.829331,4.723582,1.829331,0.250000,0.000000,1.000000
19430.000000,4.720078,1.832948,-0.350377,0.361722,0.000000,2.000000,0.000000,1.000000,0.000000,0.429761,0.503423,0.358140,-0.353794,-0.573780,0.000000,0.000000,0.000000,65535.000000,5.435423,1.745879,4.720078,1.832948,4.720078,1.832948,0.250000,0.000000,1.000000
19440.000000,4.716537,1.836624,-0.354141,0.367556,0.000000,2.000000,0.000000,1.000000,0.000000,0.514281,0.503594,0.365139,-0.346815,-0.253252,0.000000,0.000000,0.000000,65535.000000,5.435423,1.745879,4.716537,1.836624,4.716537,1.836624,0.250000,0.000000,1.000000
19450.000000,4.713087,1.840248,-0.344990,0.362411,0.000000,2.000000,0.000000,1.000000,0.000000,0.548409,0.510405,0.370744,-0.350802,-0.072339,0.000000,0.000000,0.000000,65535.000000,5.435423,1.745879,4.713087,1.840248,4.713087,1.840248,0.250000,0.000000,1.000000
19460.000000,4.709634,1.843955,-0.345279,0.370693,0.000000,2.000000,0.000000,1.000000,0.000000,0.548409,0.500360,0.365027,-0.342221,-0.072286,0.000000,0.000000,0.000000,65535.000000,5.435423,1.745879,4.709634,1.843955,4.709634,1.843955,0.250000,0.000000,1.000000
19470.000000,4.706192,1.847751,-0.344228,0.379604,0.000000,2.000000,0.000000,1.000000,0.000000,0.377248,0.506587,0.373293,-0.342466,-0.260931,0.000000,0.000000,0.000000,65535.000000,5.435423,1.745879,4.706192,1.847751,4.706192,1.847751,0.250000,0.000000,1.000000
19480.000000,4.702781,1.851705,-0.341078,0.395422,0.000000,2.000000,0.000000,1.000000,0.000000,0.585996,0.512437,0.382293,-0.341239,-0.260251,0.000000,0.000000,0.000000,65535.000000,5.435423,1.745879,4.702781,1.851705,4.702781,1.851705,0.250000,0.000000,1.000000
19490.000000,4.699395,1.855762,-0.338566,0.405717,0.000000,2.000000,0.000000,1.000000,0.000000,0.465404,0.522200,0.398287,-0.337728,-0.448468,0.000000,0.000000,0.000000,65535.000000,5.435423,1.745879,4.699395,1.855762,4.699395,1.855762,0.250000,0.000000,1.000000
19500.000000,4.696008,1.859918,-0.338744,0.415604,0.000000,2.000000,0.000000,1.000000,0.000000,0.450067,0.528425,0.408762,-0.334883,-1.074570,0.000000,0.000000,0.000000,65535.000000,5.435423,1.745879,4.696008,1.859918,4.696008,1.859918,0.250000,0.000000,1.000000
19510.000000,4.692613,1.864168,-0.339457,0.425026,0.000000,2.000000,0.000000,1.000000,0.000000,0.347535,0.536166,0.418465,-0.335204,-0.632630,0.000000,0.000000,0.000000,65535.000000,5.435423,1.745879,4.692613,1.864168,4.692613,1.864168,0.250000,0.000000,1.000000
19520.000000,4.689183,1.868591,-0.343016,0.442220,0.000000,2.000000,0.000000,1.000000,0.000000,0.455581,0.543947,0.427693,-0.336090,-0.628649,0.000000,0.000000,0.000000,65535.000000,5.435423,1.745879,4.689183,1.868591,4.689183,1.868591,0.250000,0.000000,1.000000
19530.000000,4.685807,1.873125,-0.337613,0.453472,0.000000,2.000000,0.000000,1.000000,0.000000,0.426462,0.559660,0.444482,-0.340081,-0.624718,0.000000,0.000000,0.000000,65535.000000,5.435423,1.745879,4.685807,1.873125,4.685807,1.873125,0.250000,0.000000,1.000000
19540.000000,4.682360,1.877748,-0.344703,0.462235,0.000000,2.000000,0.000000,1.000000,0.000000,0.241931,0.565349,0.455444,-0.334949,-1.300851,0.000000,0.000000,0.000000,65535.000000,5.435423,1.745879,4.682360,1.877748,4.682360,1.877748,0.250000,0.000000,1.000000
19550.000000,4.678840,1.882462,-0.351981,0.471417,0.000000,2.000000,0.000000,1.000000,0.000000,0.079279,0.576612,0.464137,-0.342137,-1.918439,0.000000,0.000000,0.000000,65535.000000,5.435423,1.745879,4.678840,1.882462,4.678840,1.882462,0.250000,0.000000,1.000000
19560.000000,4.675292,1.887355,-0.354732,0.489295,0.000000,2.000000,0.000000,1.000000,0.000000,0.081833,0.588323,0.473401,-0.349308,-1.872267,0.000000,0.000000,0.000000,65535.000000,5.435423,1.745879,4.675292,1.887355,4.675292,1.887355,0.250000,0.000000,1.000000
19570.000000,4.671793,1.892353,-0.350012,0.499806,0.000000,2.000000,0.000000,1.000000,0.000000,0.139108,0.604354,0.491519,-0.351643,-1.618080,0.000000,0.000000,0.000000,65535.000000,5.435423,1.745879,4.671793,1.892353,4.671793,1.892353,0.250000,0.000000,1.000000
19580.000000,4.668266,1.897520,-0.352605,0.516753,0.000000,2.000000,0.000000,1.000000,0.000000,0.162321,0.610175,0.501989,-0.346873,-1.504371,0.000000,0.000000,0.000000,65535.000000,5.435423,1.745879,4.668266,1.897520,4.668266,1.897520,0.250000,0.000000,1.000000
19590.000000,4.664687,1.902807,-0.357944,0.528709,0.000000,2.000000,0.000000,1.000000,0.000000,0.162321,0.625591,0.518886,-0.349459,-1.482053,0.000000,0.000000,0.000000,65535.000000,5.435423,1.745879,4.664687,1.902807,4.664687,1.902807,0.250000,0.000000,1.000000
19600.000000,4.661105,1.908222,-0.358207,0.541482,0.000000,2.000000,0.000000,1.000000,0.000000,0.161838,0.638481,0.530569,-0.355182,-1.462236,0.000000,0.000000,0.000000,65535.000000,5.435423,1.745879,4.661105,1.908222,4.661105,1.908222,0.250000,0.000000,1.000000
19610.000000,4.657697,1.913554,-0.340792,0.533206,0.000000,2.000000,0.000000,1.000000,0.000000,0.084588,0.649242,0.542976,-0.355939,-1.732377,0.000000,0.000000,0.000000,65535.000000,5.435423,1.745879,4.657697,1.913554,4.657697,1.913554,0.250000,0.000000,1.000000
19620.000000,4.654413,1.918905,-0.328373,0.535112,0.000000,2.000000,0.000000,1.000000,0.000000,0.104433,0.632809,0.534238,-0.339171,-1.625557,0.000000,0.000000,0.000000,65535.000000,5.435423,1.745879,4.654413,1.918905,4.654413,1.918905,0.250000,0.000000,1.000000
19630.000000,4.651114,1.924417,-0.329934,0.551195,0.000000,2.000000,0.000000,1.000000,0.000000,0.262112,0.627833,0.536070,-0.326808,-1.014333,0.000000,0.000000,0.000000,65535.000000,5.435423,1.745879,4.651114,1.924417,4.651114,1.924417,0.250000,0.000000,1.000000
19640.000000,4.647762,1.930158,-0.335191,0.574072,0.000000,2.000000,0.000000,1.000000,0.000000,0.274191,0.642395,0.552242,-0.328178,-0.959433,0.000000,0.000000,0.000000,65535.000000,5.435423,1.745879,4.647762,1.930158,4.647762,1.930158,0.250000,0.000000,1.000000
19650.000000,4.644497,1.936008,-0.326536,0.584980,0.000000,2.000000,0.000000,1.000000,0.000000,0.274191,0.664764,0.575256,-0.333155,-0.950307,0.000000,0.000000,0.000000,65535.000000,5.435423,1.745879,4.644497,1.936008,4.644497,1.936008,0.250000,0.000000,1.000000
19660.000000,4.641262,1.941970,-0.323491,0.596149,0.000000,2.000000,0.000000,1.000000,0.000000,0.445145,0.669946,0.586116,-0.324493,-0.299073,0.000000,0.000000,0.000000,65535.000000,5.435423,1.745879,4.641262,1.941970,4.641262,1.941970,0.250000,0.000000,1.000000
19670.000000,4.638083,1.947995,-0.317871,0.602527,0.000000,2.000000,0.000000,1.000000,0.000000,0.486813,0.678262,0.597363,-0.321242,-0.141003,0.000000,0.000000,0.000000,65535.000000,5.435423,1.745879,4.638083,1.947995,4.638083,1.947995,0.250000,0.000000,1.000000
19680.000000,4.635022,1.954164,-0.306174,0.616939,0.000000,2.000000,0.000000,1.000000,0.000000,0.486813,0.681234,0.603615,-0.315800,-0.140804,0.000000,0.000000,0.000000,65535.000000,5.435423,1.745879,4.635022,1.954164,4.635022,1.954164,0.250000,0.000000,1.000000
19690.000000,4.632320,1.960554,-0.270120,0.638943,0.000000,2.000000,0.000000,1.000000,0.000000,0.472698,0.688735,0.617921,-0.304187,-0.195321,0.000000,0.000000,0.000000,65535.000000,5.435423,1.745879,4.632320,1.960554,4.632320,1.960554,0.250000,0.000000,1.000000
19700.000000,4.629688,1.967051,-0.263218,0.649754,0.000000,2.000000,0.000000,1.000000,0.000000,0.685012,0.693695,0.639790,-0.268106,0.629909,0.000000,0.000000,0.000000,65535.000000,5.435423,1.745879,4.629688,1.967051,4.629688,1.967051,0.250000,0.000000,1.000000
19710.000000,4.626988,1.973549,-0.269975,0.649819,0.000000,2.000000,0.000000,1.000000,0.000000,0.693094,0.701045,0.650601,-0.261117,0.657157,0.000000,0.000000,0.000000,65535.000000,5.435423,1.745879,4.626988,1.973549,4.626988,1.973549,0.250000,0.000000,1.000000
19720.000000,4.624208,1.980167,-0.278066,0.661719,0.000000,2.000000,0.000000,1.000000,0.000000,0.693094,0.703670,0.650696,-0.267855,0.652863,0.000000,0.000000,0.000000,65535.000000,5.435423,1.745879,4.624208,1.980167,4.624208,1.980167,0.250000,0.000000,1.000000
19730.000000,4.621367,1.986688,-0.284159,0.652103,0.000000,2.000000,0.000000,1.000000,0.000000,0.629877,0.717770,0.662531,-0.276127,1.519191,0.000000,0.000000,0.000000,65535.000000,5.435423,1.745879,4.621367,1.986688,4.621367,1.986688,0.250000,0.000000,1.000000
19740.000000,4.618366,1.993360,-0.300063,0.667244,0.000000,2.000000,0.000000,1.000000,0.000000,0.580370,0.711326,0.652787,-0.282585,1.496435,0.000000,0.000000,0.000000,65535.000000,5.435423,1.745879,4.618366,1.993360,4.618366,1.993360,0.250000,0.000000,1.000000
19750.000000,4.615456,2.000094,-0.291002,0.673390,0.000000,2.000000,0.000000,1.000000,0.000000,0.832473,0.731609,0.667740,-0.298957,1.474350,0.000000,0.000000,0.000000,65535.000000,5.435423,1.745879,4.615456,2.000094,4.615456,2.000094,0.250000,0.000000,1.000000
19760.000000,4.612570,2.006864,-0.288593,0.676984,0.000000,2.000000,0.000000,1.000000,0.000000,1.068192,0.733577,0.673650,-0.290399,0.928976,0.000000,0.000000,0.000000,65535.000000,5.435423,1.745879,4.612570,2.006864,4.612570,2.006864,0.250000,0.000000,1.000000
19770.000000,4.609512,2.013403,-0.305795,0.653944,0.000000,2.000000,0.000000,1.000000,0.000000,0.831644,0.735931,0.677279,-0.287901,0.920416,0.000000,0.000000,0.000000,65535.000000,5.435423,1.745879,4.609512,2.013403,4.609512,2.013403,0.250000,0.000000,1.000000
19780.000000,4.606446,2.020067,-0.306540,0.666416,0.000000,2.000000,0.000000,1.000000,0.000000,0.237187,0.721909,0.654646,-0.304289,-1.192638,0.000000,0.000000,0.000000,65535.000000,5.435423,1.745879,4.606446,2.020067,4.606446,2.020067,0.250000,0.000000,1.000000
19790.000000,4.603423,2.026893,-0.302292,0.682574,0.000000,2.000000,0.000000,1.000000,0.000000,0.195653,0.733537,0.667573,-0.304012,-1.336694,0.000000,0.000000,0.000000,65535.000000,5.435423,1.745879,4.603423,2.026893,4.603423,2.026893,0.250000,0.000000,1.000000
19800.000000,4.600391,2.033939,-0.303217,0.704548,0.000000,2.000000,0.000000,1.000000,0.000000,0.191270,0.746517,0.684015,-0.299017,-1.335490,0.000000,0.000000,0.000000,65535.000000,5.435423,1.745879,4.600391,2.033939,4.600391,2.033939,0.250000,0.000000,1.000000
19810.000000,4.597497,2.040912,-0.289450,0.697351,0.000000,2.000000,0.000000,1.000000,0.000000,0.331000,0.767025,0.705887,-0.300086,-0.783588,0.000000,0.000000,0.000000,65535.000000,5.435423,1.745879,4.597497,2.040912,4.597497,2.040912,0.250000,0.000000,1.000000
19820.000000,4.594696,2.047928,-0.280036,0.701549,0.000000,2.000000,0.000000,1.000000,0.000000,0.385966,0.755036,0.698381,-0.286956,-0.565858,0.000000,0.000000,0.000000,65535.000000,5.435423,1.745879,4.594696,2.047928,4.594696,2.047928,0.250000,0.000000,1.000000
19830.000000,4.591954,2.054982,-0.274194,0.705450,0.000000,2.000000,0.000000,1.000000,0.000000,0.551872,0.755375,0.702277,-0.278205,0.082993,0.000000,0.000000,0.000000,65535.000000,5.435423,1.745879,4.591954,2.054982,4.591954,2.054982,0.250000,0.000000,1.000000
19840.000000,4.589213,2.062185,-0.274069,0.720267,0.000000,2.000000,0.000000,1.000000,0.000000,0.873773,0.756863,0.705978,-0.272832,0.941778,0.000000,0.000000,0.000000,65535.000000,5.435423,1.745879,4.589213,2.062185,4.589213,2.062185,0.250000,0.000000,1.000000
19850.000000,4.586698,2.069288,-0.251568,0.710296,0.000000,2.000000,0.000000,1.000000,0.000000,0.998114,0.770648,0.720680,-0.272980,2.279211,0.000000,0.000000,0.000000,65535.000000,5.435423,1.745879,4.586698,2.069288,4.586698,2.069288,0.250000,0.000000,1.000000
19860.000000,4.584277,2.076543,-0.242080,0.725481,0.000000,2.000000,0.000000,1.000000,0.000000,0.998114,0.753529,0.710735,-0.250324,2.344540,0.000000,0.000000,0.000000,65535.000000,5.435423,1.745879,4.584277,2.076543,4.584277,2.076543,0.250000,0.000000,1.000000
19870.000000,4.581754,2.083896,-0.252236,0.735375,0.000000,2.000000,0.000000,1.000000,0.000000,0.998114,0.764805,0.726219,-0.239860,2.290778,0.000000,0.000000,0.000000,65535.000000,5.435423,1.745879,4.581754,2.083896,4.581754,2.083896,0.250000,0.000000,1.000000
19880.000000,4.579175,2.091273,-0.257972,0.737687,0.000000,2.000000,0.000000,1.000000,0.000000,0.747025,0.777431,0.736380,-0.249288,1.909057,0.000000,0.000000,0.000000,65535.000000,5.435423,1.745879,4.579175,2.091273,4.579175,2.091273,0.250000,0.000000,1.000000
19890.000000,4.576722,2.098594,-0.245277,0.732084,0.000000,2.000000,0.000000,1.000000,0.000000,0.747025,0.781493,0.738693,-0.255077,1.873259,0.000000,0.000000,0.000000,65535.000000,5.435423,1.745879,4.576722,2.098594,4.576722,2.098594,0.250000,0.000000,1.000000
19900.000000,4.574311,2.105965,-0.241068,0.737096,0.000000,2.000000,0.000000,1.000000,0.000000,0.544769,0.772080,0.732917,-0.242778,1.080523,0.000000,0.000000,0.000000,65535.000000,5.435423,1.745879,4.574311,2.105965,4.574311,2.105965,0.250000,0.000000,1.000000
19910.000000,4.571899,2.113432,-0.241173,0.746735,0.000000,2.000000,0.000000,1.000000,0.000000,0.544769,0.775516,0.737875,-0.238673,1.068962,0.000000,0.000000,0.000000,65535.000000,5.435423,1.745879,4.571899,2.113432,4.571899,2.113432,0.250000,0.000000,1.000000
19920.000000,4.569459,2.121037,-0.243953,0.760516,0.000000,2.000000,0.000000,1.000000,0.000000,0.507906,0.784715,0.747462,-0.238909,0.957744,0.000000,0.000000,0.000000,65535.000000,5.435423,1.745879,4.569459,2.121037,4.569459,2.121037,0.250000,0.000000,1.000000
19930.000000,4.567000,2.128543,-0.245962,0.750544,0.000000,2.000000,0.000000,1.000000,0.000000,0.452210,0.798685,0.761199,-0.241812,0.455615,0.000000,0.000000,0.000000,65535.000000,5.435423,1.745879,4.567000,2.128543,4.567000,2.128543,0.250000,0.000000,1.000000
19940.000000,4.564444,2.136065,-0.255567,0.752217,0.000000,2.000000,0.000000,1.000000,0.000000,0.440761,0.789818,0.751315,-0.243594,0.254458,0.000000,0.000000,0.000000,65535.000000,5.435423,1.745879,4.564444,2.136065,4.564444,2.136065,0.250000,0.000000,1.000000
19950.000000,4.561859,2.143519,-0.258549,0.745446,0.000000,2.000000,0.000000,1.000000,0.000000,0.380377,0.794446,0.753098,-0.252960,0.004636,0.000000,0.000000,0.000000,65535.000000,5.435423,1.745879,4.561859,2.143519,4.561859,2.143519,0.250000,0.000000,1.000000
19960.000000,4.559249,2.150952,-0.260929,0.743300,0.000000,2.000000,0.000000,1.000000,0.000000,0.475774,0.789010,0.746341,-0.255953,-0.464573,0.000000,0.000000,0.000000,65535.000000,5.435423,1.745879,4.559249,2.150952,4.559249,2.150952,0.250000,0.000000,1.000000
19970.000000,4.556653,2.158254,-0.259606,0.730212,0.000000,2.000000,0.000000,1.000000,0.000000,0.655819,0.787768,0.744155,-0.258480,0.321271,0.000000,0.000000,0.000000,65535.000000,5.435423,1.745879,4.556653,2.158254,4.556653,2.158254,0.250000,0.000000,1.000000
19980.000000,4.554077,2.165537,-0.257668,0.728228,0.000000,2.000000,0.000000,1.000000,0.000000,0.761747,0.774987,0.731037,-0.257275,0.925848,0.000000,0.000000,0.000000,65535.000000,5.435423,1.745879,4.554077,2.165537,4.554077,2.165537,0.250000,0.000000,1.000000
19990.000000,4.551495,2.172906,-0.258196,0.736948,0.000000,2.000000,0.000000,1.000000,0.000000,0.761747,0.772469,0.728870,-0.255845,0.917346,0.000000,0.000000,0.000000,65535.000000,5.435423,1.745879,4.551495,2.172906,4.551495,2.172906,0.250000,0.000000,1.000000
20000.000000,4.548892,2.180446,-0.260212,0.753971,0.000000,2.000000,0.000000,1.000000,0.000000,0.665208,0.780869,0.737353,-0.257035,0.652624,0.000000,0.000000,0.000000,65535.000000,5.435423,1.745879,4.548892,2.180446,4.548892,2.180446,0.250000,0.000000,1.000000
20010.000000,4.546269,2.187952,-0.262363,0.750598,0.000000,2.000000,0.000000,1.000000,0.000000,0.617623,0.797610,0.754338,-0.259145,0.144904,0.000000,0.000000,0.000000,65535.000000,5.435423,1.745879,4.546269,2.187952,4.546269,2.187952,0.250000,0.000000,1.000000
20020.000000,4.543545,2.195523,-0.272411,0.757105,0.000000,2.000000,0.000000,1.000000,0.000000,0.218885,0.795130,0.751028,-0.261129,-1.385860,0.000000,0.000000,0.000000,65535.000000,5.435423,1.745879,4.543545,2.195523,4.543545,2.195523,0.250000,0.000000,1.000000
20030.000000,4.540899,2.202965,-0.264598,0.744172,0.000000,2.000000,0.000000,1.000000,0.000000,0.367101,0.804621,0.757501,-0.271308,-0.799721,0.000000,0.000000,0.000000,65535.000000,5.435423,1.745879,4.540899,2.202965,4.540899,2.202965,0.250000,0.000000,1.000000
20040.000000,4.538376,2.210399,-0.252234,0.743430,0.000000,2.000000,0.000000,1.000000,0.000000,0.389991,0.789812,0.744465,-0.263773,-0.706472,0.000000,0.000000,0.000000,65535.000000,5.435423,1.745879,4.538376,2.210399,4.538376,2.210399,0.250000,0.000000,1.000000
20050.000000,4.535802,2.217710,-0.257391,0.731063,0.000000,2.000000,0.000000,1.000000,0.000000,0.389991,0.785054,0.743657,-0.251564,-0.701511,0.000000,0.000000,0.000000,65535.000000,5.435423,1.745879,4.535802,2.217710,4.535802,2.217710,0.250000,0.000000,1.000000
20060.000000,4.533106,2.225016,-0.269599,0.730624,0.000000,2.000000,0.000000,1.000000,0.000000,0.337099,0.775051,0.731385,-0.256474,-0.901337,0.000000,0.000000,0.000000,65535.000000,5.435423,1.745879,4.533106,2.225016,4.533106,2.225016,0.250000,0.000000,1.000000
20070.000000,4.530345,2.232357,-0.276082,0.734144,0.000000,2.000000,0.000000,1.000000,0.000000,0.272308,0.778778,0.731047,-0.268450,-1.140159,0.000000,0.000000,0.000000,65535.000000,5.435423,1.745879,4.530345,2.232357,4.530345,2.232357,0.250000,0.000000,1.000000
20080.000000,4.527436,2.239668,-0.290927,0.731098,0.000000,2.000000,0.000000,1.000000,0.000000,0.271979,0.784339,0.734764,-0.274425,-1.128562,0.000000,0.000000,0.000000,65535.000000,5.435423,1.745879,4.527436,2.239668,4.527436,2.239668,0.250000,0.000000,1.000000
20090.000000,4.524412,2.246775,-0.302456,0.710661,0.000000,2.000000,0.000000,1.000000,0.000000,0.214467,0.786856,0.731813,-0.289122,-1.334347,0.000000,0.000000,0.000000,65535.000000,5.435423,1.745879,4.524412,2.246775,4.524412,2.246775,0.250000,0.000000,1.000000
20100.000000,4.521300,2.253686,-0.311183,0.691130,0.000000,2.000000,0.000000,1.000000,0.000000,0.214467,0.772346,0.711028,-0.301592,-1.316760,0.000000,0.000000,0.000000,65535.000000,5.435423,1.745879,4.521300,2.253686,4.521300,2.253686,0.250000,0.000000,1.000000
20110.000000,4.518215,2.260476,-0.308505,0.679048,0.000000,2.000000,0.000000,1.000000,0.000000,0.139543,0.757955,0.691070,-0.311317,-1.583554,0.000000,0.000000,0.000000,65535.000000,5.435423,1.745879,4.518215,2.260476,4.518215,2.260476,0.250000,0.000000,1.000000
20120.000000,4.515072,2.267203,-0.314303,0.672690,0.000000,2.000000,0.000000,1.000000,0.000000,0.338343,0.745843,0.678815,-0.309016,-0.436473,0.000000,0.000000,0.000000,65535.000000,5.435423,1.745879,4.515072,2.267203,4.515072,2.267203,0.250000,0.000000,1.000000
20130.000000,4.511853,2.273581,-0.321923,0.637724,0.000000,2.000000,0.000000,1.000000,0.000000,0.590356,0.742494,0.672599,-0.314497,0.155325,0.000000,0.000000,0.000000,65535.000000,5.435423,1.745879,4.511853,2.273581,4.511853,2.273581,0.250000,0.000000,1.000000
20140.000000,4.508383,2.279747,-0.346957,0.616636,0.000000,2.000000,0.000000,1.000000,0.000000,0.664313,0.714371,0.638034,-0.321308,0.312266,0.000000,0.000000,0.000000,65535.000000,5.435423,1.745879,4.508383,2.279747,4.508383,2.279747,0.250000,0.000000,1.000000
20150.000000,4.504647,2.285829,-0.373652,0.608194,0.000000,2.000000,0.000000,1.000000,0.000000,0.892584,0.707544,0.617464,-0.345480,1.325686,0.000000,0.000000,0.000000,65535.000000,5.435423,1.745879,4.504647,2.285829,4.504647,2.285829,0.250000,0.000000,1.000000
20160.000000,4.500733,2.291831,-0.391391,0.600233,0.000000,2.000000,0.000000,1.000000,0.000000,1.009653,0.713804,0.608760,-0.372728,1.898196,0.000000,0.000000,0.000000,65535.000000,5.435423,1.745879,4.500733,2.291831,4.500733,2.291831,0.250000,0.000000,1.000000
20170.000000,4.496721,2.297511,-0.401159,0.567920,0.000000,2.000000,0.000000,1.000000,0.000000,1.118595,0.716566,0.600145,-0.391526,2.707180,0.000000,0.000000,0.000000,65535.000000,5.435423,1.745879,4.496721,2.297511,4.496721,2.297511,0.250000,0.000000,1.000000
20180.000000,4.492458,2.302784,-0.426315,0.527317,0.000000,2.000000,0.000000,1.000000,0.000000,1.118595,0.695314,0.568031,-0.401001,2.635754,0.000000,0.000000,0.000000,65535.000000,5.435423,1.745879,4.492458,2.302784,4.492458,2.302784,0.250000,0.000000,1.000000
20190.000000,4.487972,2.307570,-0.448662,0.478666,0.000000,2.000000,0.000000,1.000000,0.000000,1.112833,0.678091,0.528032,-0.425429,2.568000,0.000000,0.000000,0.000000,65535.000000,5.435423,1.745879,4.487972,2.307570,4.487972,2.307570,0.250000,0.000000,1.000000
20200.000000,4.483262,2.312160,-0.470973,0.458914,0.000000,2.000000,0.000000,1.000000,0.000000,1.089689,0.656063,0.479920,-0.447320,2.023947,0.000000,0.000000,0.000000,65535.000000,5.435423,1.745879,4.483262,2.312160,4.483262,2.312160,0.250000,0.000000,1.000000
20210.000000,4.478426,2.316612,-0.483638,0.445290,0.000000,2.000000,0.000000,1.000000,0.000000,0.837359,0.657584,0.460193,-0.469723,0.902905,0.000000,0.000000,0.000000,65535.000000,5.435423,1.745879,4.478426,2.316612,4.478426,2.316612,0.250000,0.000000,1.000000
20220.000000,4.473330,2.320982,-0.509521,0.436950,0.000000,2.000000,0.000000,1.000000,0.000000,0.522936,0.657410,0.445464,-0.483478,-0.241631,0.000000,0.000000,0.000000,65535.000000,5.435423,1.745879,4.473330,2.320982,4.473330,2.320982,0.250000,0.000000,1.000000
20230.000000,4.467959,2.325123,-0.537142,0.414144,0.000000,2.000000,0.000000,1.000000,0.000000,0.395167,0.671220,0.435766,-0.510534,-0.703105,0.000000,0.000000,0.000000,65535.000000,5.435423,1.745879,4.467959,2.325123,4.467959,2.325123,0.250000,0.000000,1.000000
20240.000000,4.462285,2.328930,-0.567375,0.380649,0.000000,2.000000,0.000000,1.000000,0.000000,0.493129,0.678260,0.412801,-0.538175,-0.341707,0.000000,0.000000,0.000000,65535.000000,5.435423,1.745879,4.462285,2.328930,4.462285,2.328930,0.250000,0.000000,1.000000
20250.000000,4.456660,2.332542,-0.562498,0.361253,0.000000,2.000000,0.000000,1.000000,0.000000,0.494731,0.683233,0.380382,-0.567554,-0.334682,0.000000,0.000000,0.000000,65535.000000,5.435423,1.745879,4.456660,2.332542,4.456660,2.332542,0.250000,0.000000,1.000000
20260.000000,4.451131,2.336127,-0.552902,0.358466,0.000000,2.000000,0.000000,1.000000,0.000000,0.494731,0.668512,0.361785,-0.562156,-0.333565,0.000000,0.000000,0.000000,65535.000000,5.435423,1.745879,4.451131,2.336127,4.451131,2.336127,0.250000,0.000000,1.000000
20270.000000,4.445552,2.339658,-0.557888,0.353056,0.000000,2.000000,0.000000,1.000000,0.000000,0.491892,0.658938,0.358871,-0.552639,-0.343061,0.000000,0.000000,0.000000,65535.000000,5.435423,1.745879,4.445552,2.339658,4.445552,2.339658,0.250000,0.000000,1.000000
20280.000000,4.439721,2.343035,-0.583171,0.337690,0.000000,2.000000,0.000000,1.000000,0.000000,0.491892,0.660218,0.353157,-0.557824,-0.341887,0.000000,0.000000,0.000000,65535.000000,5.435423,1.745879,4.439721,2.343035,4.439721,2.343035,0.250000,0.000000,1.000000
20290.000000,4.433861,2.346318,-0.585936,0.328305,0.000000,2.000000,0.000000,1.000000,0.000000,0.474305,0.673886,0.337872,-0.583065,-0.407407,0.000000,0.000000,0.000000,65535.000000,5.435423,1.745879,4.433861,2.346318,4.433861,2.346318,0.250000,0.000000,1.000000
20300.000000,4.428095,2.349766,-0.576617,0.344848,0.000000,2.000000,0.000000,1.000000,0.000000,0.374157,0.671643,0.329142,-0.585466,-0.816485,0.000000,0.000000,0.000000,65535.000000,5.435423,1.745879,4.428095,2.349766,4.428095,2.349766,0.250000,0.000000,1.000000
20310.000000,4.422363,2.353333,-0.573166,0.356668,0.000000,2.000000,0.000000,1.000000,0.000000,0.374157,0.671869,0.346025,-0.575912,-0.809322,0.000000,0.000000,0.000000,65535.000000,5.435423,1.745879,4.422363,2.353333,4.422363,2.353333,0.250000,0.000000,1.000000
20320.000000,4.416401,2.356808,-0.596195,0.347493,0.000000,2.000000,0.000000,1.000000,0.000000,0.374157,0.675079,0.358354,-0.572113,-0.802818,0.000000,0.000000,0.000000,65535.000000,5.435423,1.745879,4.416401,2.356808,4.416401,2.356808,0.250000,0.000000,1.000000
20330.000000,4.410451,2.360018,-0.594995,0.321054,0.000000,2.000000,0.000000,1.000000,0.000000,0.392910,0.690072,0.350223,-0.594595,-0.691597,0.000000,0.000000,0.000000,65535.000000,5.435423,1.745879,4.410451,2.360018,4.410451,2.360018,0.250000,0.000000,1.000000
20340.000000,4.404572,2.363116,-0.587886,0.309769,0.000000,2.000000,0.000000,1.000000,0.000000,0.649811,0.676088,0.324294,-0.593235,0.300300,0.000000,0.000000,0.000000,65535.000000,5.435423,1.745879,4.404572,2.363116,4.404572,2.363116,0.250000,0.000000,1.000000
20350.000000,4.398778,2.366196,-0.579451,0.308025,0.000000,2.000000,0.000000,1.000000,0.000000,0.710629,0.664505,0.312954,-0.586196,0.594374,0.000000,0.000000,0.000000,65535.000000,5.435423,1.745879,4.398778,2.366196,4.398778,2.366196,0.250000,0.000000,1.000000
20360.000000,4.392765,2.369294,-0.601312,0.309805,0.000000,2.000000,0.000000,1.000000,0.000000,0.713915,0.656234,0.311225,-0.577739,0.590859,0.000000,0.000000,0.000000,65535.000000,5.435423,1.745879,4.392765,2.369294,4.392765,2.369294,0.250000,0.000000,1.000000
20370.000000,4.386555,2.372302,-0.621017,0.300745,0.000000,2.000000,0.000000,1.000000,0.000000,0.713915,0.676428,0.313435,-0.599428,0.587385,0.000000,0.000000,0.000000,65535.000000,5.435423,1.745879,4.386555,2.372302,4.386555,2.372302,0.250000,0.000000,1.000000
20380.000000,4.380044,2.375210,-0.651127,0.290828,0.000000,2.000000,0.000000,1.000000,0.000000,0.522807,0.690007,0.304978,-0.618949,-0.575129,0.000000,0.000000,0.000000,65535.000000,5.435423,1.745879,4.380044,2.375210,4.380044,2.375210,0.250000,0.000000,1.000000
20390.000000,4.373321,2.377899,-0.672257,0.268927,0.000000,2.000000,0.000000,1.000000,0.000000,0.294568,0.713125,0.295860,-0.648856,-1.111608,0.000000,0.000000,0.000000,65535.000000,5.435423,1.745879,4.373321,2.377899,4.373321,2.377899,0.250000,0.000000,1.000000
20400.000000,4.366498,2.380472,-0.682298,0.257259,0.000000,2.000000,0.000000,1.000000,0.000000,0.136166,0.724052,0.274559,-0.669976,-1.715194,0.000000,0.000000,0.000000,65535.000000,5.435423,1.745879,4.366498,2.380472,4.366498,2.380472,0.250000,0.000000,1.000000
20410.000000,4.359908,2.382978,-0.658974,0.250617,0.000000,2.000000,0.000000,1.000000,0.000000,0.123175,0.729186,0.262790,-0.680187,-1.732669,0.000000,0.000000,0.000000,65535.000000,5.435423,1.745879,4.359908,2.382978,4.359908,2.382978,0.250000,0.000000,1.000000
20420.000000,4.353233,2.385445,-0.667524,0.246672,0.000000,2.000000,0.000000,1.000000,0.000000,0.538509,0.705022,0.256217,-0.656817,-0.925879,0.000000,0.000000,0.000000,65535.000000,5.435423,1.745879,4.353233,2.385445,4.353233,2.385445,0.250000,0.000000,1.000000
20430.000000,4.346259,2.387676,-0.697356,0.223147,0.000000,2.000000,0.000000,1.000000,0.000000,0.690515,0.711643,0.252836,-0.665214,1.587345,0.000000,0.000000,0.000000,65535.000000,5.435423,1.745879,4.346259,2.387676,4.346259,2.387676,0.250000,0.000000,1.000000
20440.000000,4.338792,2.389741,-0.746658,0.206441,0.000000,2.000000,0.000000,1.000000,0.000000,0.690515,0.732189,0.229824,-0.695184,1.562518,0.000000,0.000000,0.000000,65535.000000,5.435423,1.745879,4.338792,2.389741,4.338792,2.389741,0.250000,0.000000,1.000000
20450.000000,4.331353,2.391742,-0.743974,0.200084,0.000000,2.000000,0.000000,1.000000,0.000000,0.690515,0.774672,0.213733,-0.744604,1.538455,0.000000,0.000000,0.000000,65535.000000,5.435423,1.745879,4.331353,2.391742,4.331353,2.391742,0.250000,0.000000,1.000000
20460.000000,4.323970,2.393687,-0.738272,0.194541,0.000000,2.000000,0.000000,1.000000,0.000000,0.653797,0.770409,0.207778,-0.741862,1.821183,0.000000,0.000000,0.000000,65535.000000,5.435423,1.745879,4.323970,2.393687,4.323970,2.393687,0.250000,0.000000,1.000000
20470.000000,4.316403,2.395452,-0.756659,0.176464,0.000000,2.000000,0.000000,1.000000,0.000000,0.957178,0.763473,0.202813,-0.736042,2.793502,0.000000,0.000000,0.000000,65535.000000,5.435423,1.745879,4.316403,2.395452,4.316403,2.395452,0.250000,0.000000,1.000000
20480.000000,4.308609,2.396955,-0.779431,0.150384,0.000000,2.000000,0.000000,1.000000,0.000000,0.969400,0.776964,0.185371,-0.754526,2.819260,0.000000,0.000000,0.000000,65535.000000,5.435423,1.745879,4.308609,2.396955,4.308609,2.396955,0.250000,0.000000,1.000000
20490.000000,4.300917,2.398284,-0.769235,0.132866,0.000000,2.000000,0.000000,1.000000,0.000000,0.969400,0.793806,0.159614,-0.777594,2.741882,0.000000,0.000000,0.000000,65535.000000,5.435423,1.745879,4.300917,2.398284,4.300917,2.398284,0.250000,0.000000,1.000000
20500.000000,4.293231,2.399558,-0.768532,0.127403,0.000000,2.000000,0.000000,1.000000,0.000000,0.766324,0.780626,0.141837,-0.767632,1.938198,0.000000,0.000000,0.000000,65535.000000,5.435423,1.745879,4.293231,2.399558,4.293231,2.399558,0.250000,0.000000,1.000000
20510.000000,4.285466,2.400843,-0.776555,0.128441,0.000000,2.000000,0.000000,1.000000,0.000000,0.637359,0.779020,0.136156,-0.767030,0.945027,0.000000,0.000000,0.000000,65535.000000,5.435423,1.745879,4.285466,2.400843,4.285466,2.400843,0.250000,0.000000,1.000000
20520.000000,4.277513,2.402074,-0.795283,0.123135,0.000000,2.000000,0.000000,1.000000,0.000000,0.637359,0.787106,0.137901,-0.774931,0.805107,0.000000,0.000000,0.000000,65535.000000,5.435423,1.745879,4.277513,2.402074,4.277513,2.402074,0.250000,0.000000,1.000000
20530.000000,4.269468,2.403163,-0.804534,0.108900,0.000000,2.000000,0.000000,1.000000,0.000000,0.270270,0.804759,0.133739,-0.793568,-0.972631,0.000000,0.000000,0.000000,65535.000000,5.435423,1.745879,4.269468,2.403163,4.269468,2.403163,0.250000,0.000000,1.000000
20540.000000,4.261250,2.404192,-0.821837,0.102865,0.000000,2.000000,0.000000,1.000000,0.000000,0.609629,0.811870,0.120062,-0.802944,0.958703,0.000000,0.000000,0.000000,65535.000000,5.435423,1.745879,4.261250,2.404192,4.261250,2.404192,0.250000,0.000000,1.000000
20550.000000,4.252876,2.405198,-0.837364,0.100669,0.000000,2.000000,0.000000,1.000000,0.000000,0.617903,0.828249,0.113626,-0.820418,0.996496,0.000000,0.000000,0.000000,65535.000000,5.435423,1.745879,4.252876,2.405198,4.252876,2.405198,0.250000,0.000000,1.000000
20560.000000,4.244435,2.406153,-0.844089,0.095435,0.000000,2.000000,0.000000,1.000000,0.000000,0.617903,0.843394,0.111638,-0.835972,0.986654,0.000000,0.000000,0.000000,65535.000000,5.435423,1.745879,4.244435,2.406153,4.244435,2.406153,0.250000,0.000000,1.000000
20570.000000,4.236180,2.407096,-0.825518,0.094326,0.000000,2.000000,0.000000,1.000000,0.000000,0.479529,0.849467,0.106491,-0.842766,0.241003,0.000000,0.000000,0.000000,65535.000000,5.435423,1.745879,4.236180,2.407096,4.236180,2.407096,0.250000,0.000000,1.000000
20580.000000,4.227949,2.407996,-0.823061,0.089972,0.000000,2.000000,0.000000,1.000000,0.000000,0.414501,0.830889,0.105294,-0.824190,-0.167441,0.000000,0.000000,0.000000,65535.000000,5.435423,1.745879,4.227949,2.407996,4.227949,2.407996,0.250000,0.000000,1.000000
20590.000000,4.219452,2.408850,-0.849735,0.085406,0.000000,2.000000,0.000000,1.000000,0.000000,0.496191,0.827965,0.101288,-0.821746,-0.167161,0.000000,0.000000,0.000000,65535.000000,5.435423,1.745879,4.219452,2.408850,4.219452,2.408850,0.250000,0.000000,1.000000
20600.000000,4.210757,2.409619,-0.869461,0.076908,0.000000,2.000000,0.000000,1.000000,0.000000,0.496191,0.854017,0.096865,-0.848505,-0.513526,0.000000,0.000000,0.000000,65535.000000,5.435423,1.745879,4.210757,2.409619,4.210757,2.409619,0.250000,0.000000,1.000000
20610.000000,4.202072,2.410357,-0.868509,0.073806,0.000000,2.000000,0.000000,1.000000,0.000000,0.361429,0.872856,0.088262,-0.868382,-0.940312,0.000000,0.000000,0.000000,65535.000000,5.435423,1.745879,4.202072,2.410357,4.202072,2.410357,0.250000,0.000000,1.000000
20620.000000,4.193332,2.410985,-0.874055,0.062823,0.000000,2.000000,0.000000,1.000000,0.000000,0.591439,0.871639,0.084942,-0.867490,0.021977,0.000000,0.000000,0.000000,65535.000000,5.435423,1.745879,4.193332,2.410985,4.193332,2.410985,0.250000,0.000000,1.000000
20630.000000,4.184448,2.411393,-0.888324,0.040792,0.000000,2.000000,0.000000,1.000000,0.000000,0.638756,0.876310,0.074398,-0.873146,0.092364,0.000000,0.000000,0.000000,65535.000000,5.435423,1.745879,4.184448,2.411393,4.184448,2.411393,0.250000,0.000000,1.000000
20640.000000,4.175329,2.411471,-0.911927,0.007745,0.000000,2.000000,0.000000,1.000000,0.000000,0.638756,0.889260,0.053531,-0.887647,0.092279,0.000000,0.000000,0.000000,65535.000000,5.435423,1.745879,4.175329,2.411471,4.175329,2.411471,0.250000,0.000000,1.000000
20650.000000,4.166278,2.411368,-0.905073,-0.010282,0.000000,2.000000,0.000000,1.000000,0.000000,0.602383,0.911960,0.021092,-0.911716,-0.047068,0.000000,0.000000,0.000000,65535.000000,5.435423,1.745879,4.166278,2.411368,4.166278,2.411368,0.250000,0.000000,1.000000
20660.000000,4.157180,2.411177,-0.909859,-0.019087,0.000000,2.000000,0.000000,1.000000,0.000000,0.300105,0.905131,0.003137,-0.905126,-1.204951,0.000000,0.000000,0.000000,65535.000000,5.435423,1.745879,4.157180,2.411177,4.157180,2.411177,0.250000,0.000000,1.000000
20670.000000,4.148132,2.411103,-0.904773,-0.007374,0.000000,2.000000,0.000000,1.000000,0.000000,0.206929,0.910059,-0.005925,-0.910040,-1.536698,0.000000,0.000000,0.000000,65535.000000,5.435423,1.745879,4.148132,2.411103,4.148132,2.411103,0.250000,0.000000,1.000000
20680.000000,4.138950,2.411101,-0.918189,-0.000198,0.000000,2.000000,0.000000,1.000000,0.000000,0.511949,0.904803,0.005522,-0.904786,-0.884575,0.000000,0.000000,0.000000,65535.000000,5.435423,1.745879,4.138950,2.411101,4.138950,2.411101,0.250000,0.000000,1.000000
20690.000000,4.129714,2.411103,-0.923613,0.000183,0.000000,2.000000,0.000000,1.000000,0.000000,0.547027,0.918189,0.012550,-0.918103,0.624572,0.000000,0.000000,0.000000,65535.000000,5.435423,1.745879,4.129714,2.411103,4.129714,2.411103,0.250000,0.000000,1.000000
20700.000000,4.120324,2.410880,-0.939036,-0.022282,0.000000,2.000000,0.000000,1.000000,0.000000,0.735734,0.923613,0.012939,-0.923522,1.812094,0.000000,0.000000,0.000000,65535.000000,5.435423,1.745879,4.120324,2.410880,4.120324,2.410880,0.250000,0.000000,1.000000
20710.000000,4.110817,2.410556,-0.950628,-0.032451,0.000000,2.000000,0.000000,1.000000,0.000000,0.735734,0.939301,-0.009065,-0.939257,1.884422,0.000000,0.000000,0.000000,65535.000000,5.435423,1.745879,4.110817,2.410556,4.110817,2.410556,0.250000,0.000000,1.000000
20720.000000,4.101150,2.410178,-0.966732,-0.037770,0.000000,2.000000,0.000000,1.000000,0.000000,0.735734,0.951182,-0.019305,-0.950986,1.849534,0.000000,0.000000,0.000000,65535.000000,5.435423,1.745879,4.101150,2.410178,4.101150,2.410178,0.250000,0.000000,1.000000
20730.000000,4.091589,2.409873,-0.956073,-0.030563,0.000000,2.000000,0.000000,1.000000,0.000000,0.697407,0.967470,-0.024938,-0.967148,1.793497,0.000000,0.000000,0.000000,65535.000000,5.435423,1.745879,4.091589,2.409873,4.091589,2.409873,0.250000,0.000000,1.000000
20740.000000,4.081907,2.409688,-0.968238,-0.018484,0.000000,2.000000,0.000000,1.000000,0.000000,0.697407,0.956561,-0.017929,-0.956393,1.761866,0.000000,0.000000,0.000000,65535.000000,5.435423,1.745879,4.081907,2.409688,4.081907,2.409688,0.250000,0.000000,1.000000
20750.000000,4.072245,2.409684,-0.966213,-0.000375,0.000000,2.000000,0.000000,1.000000,0.000000,0.652165,0.968414,-0.005120,-0.968400,1.622881,0.000000,0.000000,0.000000,65535.000000,5.435423,1.745879,4.072245,2.409684,4.072245,2.409684,0.250000,0.000000,1.000000
20760.000000,4.062534,2.409772,-0.971149,0.008799,0.000000,2.000000,0.000000,1.000000,0.000000,0.473636,0.966213,0.013212,-0.966123,-0.236792,0.000000,0.000000,0.000000,65535.000000,5.435423,1.745879,4.062534,2.409772,4.062534,2.409772,0.250000,0.000000,1.000000
20770.000000,4.052828,2.409815,-0.970597,0.004278,0.000000,2.000000,0.000000,1.000000,0.000000,0.623721,0.971189,0.022505,-0.970928,-0.458846,0.000000,0.000000,0.000000,65535.000000,5.435423,1.745879,4.052828,2.409815,4.052828,2.409815,0.250000,0.000000,1.000000
20780.000000,4.042969,2.409687,-0.985901,-0.012749,0.000000,2.000000,0.000000,1.000000,0.000000,0.466775,0.970606,0.018398,-0.970432,-0.613350,0.000000,0.000000,0.000000,65535.000000,5.435423,1.745879,4.042969,2.409687,4.042969,2.409687,0.250000,0.000000,1.000000
20790.000000,4.033230,2.409443,-0.973904,-0.024396,0.000000,2.000000,0.000000,1.000000,0.000000,0.539656,0.985983,0.002137,-0.985981,-0.115857,0.000000,0.000000,0.000000,65535.000000,5.435423,1.745879,4.033230,2.409443,4.033230,2.409443,0.250000,0.000000,1.000000
20800.000000,4.023476,2.409070,-0.975420,-0.037333,0.000000,2.000000,0.000000,1.000000,0.000000,0.508447,0.974210,-0.009810,-0.974160,-0.115722,0.000000,0.000000,0.000000,65535.000000,5.435423,1.745879,4.023476,2.409070,4.023476,2.409070,0.250000,0.000000,1.000000
20810.000000,4.013967,2.408618,-0.950863,-0.045199,0.000000,2.000000,0.000000,1.000000,0.000000,0.443963,0.976135,-0.023033,-0.975863,-0.109854,0.000000,0.000000,0.000000,65535.000000,5.435423,1.745879,4.013967,2.408618,4.013967,2.408618,0.250000,0.000000,1.000000
20820.000000,4.004388,2.408155,-0.957904,-0.046287,0.000000,2.000000,0.000000,1.000000,0.000000,0.627396,0.951936,-0.031807,-0.951405,-0.109733,0.000000,0.000000,0.000000,65535.000000,5.435423,1.745879,4.004388,2.408155,4.004388,2.408155,0.250000,0.000000,1.000000
20830.000000,3.994793,2.407698,-0.959484,-0.045710,0.000000,2.000000,0.000000,1.000000,0.000000,0.577789,0.959022,-0.033268,-0.958445,-0.199313,0.000000,0.000000,0.000000,65535.000000,5.435423,1.745879,3.994793,2.407698,3.994793,2.407698,0.250000,0.000000,1.000000
20840.000000,3.984982,2.407185,-0.981040,-0.051279,0.000000,2.000000,0.000000,1.000000,0.000000,0.388084,0.960572,-0.032857,-0.960010,-0.935550,0.000000,0.000000,0.000000,65535.000000,5.435423,1.745879,3.984982,2.407185,3.984982,2.407185,0.250000,0.000000,1.000000
20850.000000,3.975343,2.406608,-0.963920,-0.057750,0.000000,2.000000,0.000000,1.000000,0.000000,0.392381,0.982379,-0.037839,-0.981650,-0.910358,0.000000,0.000000,0.000000,65535.000000,5.435423,1.745879,3.975343,2.406608,3.975343,2.406608,0.250000,0.000000,1.000000
20860.000000,3.965849,2.406100,-0.949439,-0.050737,0.000000,2.000000,0.000000,1.000000,0.000000,0.392381,0.965649,-0.044823,-0.964608,-0.902137,0.000000,0.000000,0.000000,65535.000000,5.435423,1.745879,3.965849,2.406100,3.965849,2.406100,0.250000,0.000000,1.000000
20870.000000,3.956567,2.405657,-0.928183,-0.044375,0.000000,2.000000,0.000000,1.000000,0.000000,0.386081,0.950794,-0.038643,-0.950009,-0.918174,0.000000,0.000000,0.000000,65535.000000,5.435423,1.745879,3.956567,2.405657,3.956567,2.405657,0.250000,0.000000,1.000000
20880.000000,3.947387,2.405409,-0.918057,-0.024741,0.000000,2.000000,0.000000,1.000000,0.000000,0.479564,0.929243,-0.033541,-0.928637,-0.584621,0.000000,0.000000,0.000000,65535.000000,5.435423,1.745879,3.947387,2.405409,3.947387,2.405409,0.250000,0.000000,1.000000
20890.000000,3.938364,2.405401,-0.902300,-0.000785,0.000000,2.000000,0.000000,1.000000,0.000000,0.537054,0.918390,-0.014706,-0.918273,-0.581219,0.000000,0.000000,0.000000,65535.000000,5.435423,1.745879,3.938364,2.405401,3.938364,2.405401,0.250000,0.000000,1.000000
20900.000000,3.929374,2.405691,-0.898966,0.028994,0.000000,2.000000,0.000000,1.000000,0.000000,0.427825,0.902300,0.008635,-0.902259,-0.577857,0.000000,0.000000,0.000000,65535.000000,5.435423,1.745879,3.929374,2.405691,3.929374,2.405691,0.250000,0.000000,1.000000
20910.000000,3.920418,2.406246,-0.895582,0.055518,0.000000,2.000000,0.000000,1.000000,0.000000,0.483716,0.899433,0.038014,-0.898630,0.039203,0.000000,0.000000,0.000000,65535.000000,5.435423,1.745879,3.920418,2.406246,3.920418,2.406246,0.250000,0.000000,1.000000
20920.000000,3.911332,2.406948,-0.908658,0.070114,0.000000,2.000000,0.000000,1.000000,0.000000,0.573960,0.897301,0.063903,-0.895023,0.039188,0.000000,0.000000,0.000000,65535.000000,5.435423,1.745879,3.911332,2.406948,3.911332,2.406948,0.250000,0.000000,1.000000
20930.000000,3.902427,2.407715,-0.890466,0.076727,0.000000,2.000000,0.000000,1.000000,0.000000,0.573960,0.911359,0.078491,-0.907973,0.039172,0.000000,0.000000,0.000000,65535.000000,5.435423,1.745879,3.902427,2.407715,3.902427,2.407715,0.250000,0.000000,1.000000
20940.000000,3.893936,2.408737,-0.849130,0.102224,0.000000,2.000000,0.000000,1.000000,0.000000,0.543778,0.893766,0.084831,-0.889731,-0.137440,0.000000,0.000000,0.000000,65535.000000,5.435423,1.745879,3.893936,2.408737,3.893936,2.408737,0.250000,0.000000,1.000000
20950.000000,3.885611,2.409811,-0.832514,0.107386,0.000000,2.000000,0.000000,1.000000,0.000000,0.388676,0.855261,0.109659,-0.848202,-0.929347,0.000000,0.000000,0.000000,65535.000000,5.435423,1.745879,3.885611,2.409811,3.885611,2.409811,0.250000,0.000000,1.000000
20960.000000,3.877374,2.410919,-0.823644,0.110832,0.000000,2.000000,0.000000,1.000000,0.000000,0.230222,0.839411,0.113781,-0.831664,-1.649288,0.000000,0.000000,0.000000,65535.000000,5.435423,1.745879,3.877374,2.410919,3.877374,2.410919,0.250000,0.000000,1.000000
20970.000000,3.869186,2.412005,-0.818823,0.108611,0.000000,2.000000,0.000000,1.000000,0.000000,0.483401,0.831068,0.116313,-0.822888,-0.510706,0.000000,0.000000,0.000000,65535.000000,5.435423,1.745879,3.869186,2.412005,3.869186,2.412005,0.250000,0.000000,1.000000
20980.000000,3.860897,2.413114,-0.828926,0.110839,0.000000,2.000000,0.000000,1.000000,0.000000,0.611827,0.825995,0.113287,-0.818189,0.050166,0.000000,0.000000,0.000000,65535.000000,5.435423,1.745879,3.860897,2.413114,3.860897,2.413114,0.250000,0.000000,1.000000
20990.000000,3.852504,2.414118,-0.839219,0.100393,0.000000,2.000000,0.000000,1.000000,0.000000,0.611827,0.836303,0.114701,-0.828400,0.050140,0.000000,0.000000,0.000000,65535.000000,5.435423,1.745879,3.852504,2.414118,3.852504,2.414118,0.250000,0.000000,1.000000
21000.000000,3.844055,2.415141,-0.844906,0.102342,0.000000,2.000000,0.000000,1.000000,0.000000,0.542425,0.845203,0.103792,-0.838805,0.050115,0.000000,0.000000,0.000000,65535.000000,5.435423,1.745879,3.844055,2.415141,3.844055,2.415141,0.250000,0.000000,1.000000
21010.000000,3.835813,2.416122,-0.824210,0.098088,0.000000,2.000000,0.000000,1.000000,0.000000,0.523797,0.851082,0.105600,-0.844505,-0.405478,0.000000,0.000000,0.000000,65535.000000,5.435423,1.745879,3.835813,2.416122,3.835813,2.416122,0.250000,0.000000,1.000000
21020.000000,3.827760,2.417254,-0.805351,0.113163,0.000000,2.000000,0.000000,1.000000,0.000000,0.249039,0.830026,0.100821,-0.823880,-1.511997,0.000000,0.000000,0.000000,65535.000000,5.435423,1.745879,3.827760,2.417254,3.827760,2.417254,0.250000,0.000000,1.000000
21030.000000,3.820056,2.418572,-0.770321,0.131849,0.000000,2.000000,0.000000,1.000000,0.000000,0.190839,0.813263,0.115552,-0.805012,-1.727728,0.000000,0.000000,0.000000,65535.000000,5.435423,1.745879,3.820056,2.418572,3.820056,2.418572,0.250000,0.000000,1.000000
21040.000000,3.812611,2.420286,-0.744591,0.171384,0.000000,2.000000,0.000000,1.000000,0.000000,0.339058,0.781523,0.133756,-0.769992,-1.084053,0.000000,0.000000,0.000000,65535.000000,5.435423,1.745879,3.812611,2.420286,3.812611,2.420286,0.250000,0.000000,1.000000
21050.000000,3.805262,2.422159,-0.734888,0.187356,0.000000,2.000000,0.000000,1.000000,0.000000,0.464577,0.764060,0.172411,-0.744353,-0.549014,0.000000,0.000000,0.000000,65535.000000,5.435423,1.745879,3.805262,2.422159,3.805262,2.422159,0.250000,0.000000,1.000000
21060.000000,3.797884,2.424165,-0.737830,0.200589,0.000000,2.000000,0.000000,1.000000,0.000000,0.569445,0.758394,0.187640,-0.734815,-0.105049,0.000000,0.000000,0.000000,65535.000000,5.435423,1.745879,3.797884,2.424165,3.797884,2.424165,0.250000,0.000000,1.000000
21070.000000,3.790508,2.426300,-0.737517,0.213425,0.000000,2.000000,0.000000,1.000000,0.000000,0.579543,0.764611,0.200262,-0.737919,-0.076630,0.000000,0.000000,0.000000,65535.000000,5.435423,1.745879,3.790508,2.426300,3.790508,2.426300,0.250000,0.000000,1.000000
21080.000000,3.783114,2.428557,-0.739412,0.225774,0.000000,2.000000,0.000000,1.000000,0.000000,0.579543,0.767777,0.212591,-0.737758,-0.076572,0.000000,0.000000,0.000000,65535.000000,5.435423,1.745879,3.783114,2.428557,3.783114,2.428557,0.250000,0.000000,1.000000
21090.000000,3.775971,2.430763,-0.714303,0.220543,0.000000,2.000000,0.000000,1.000000,0.000000,0.675751,0.773113,0.224741,-0.739726,0.357333,0.000000,0.000000,0.000000,65535.000000,5.435423,1.745879,3.775971,2.430763,3.775971,2.430763,0.250000,0.000000,1.000000
21100.000000,3.769039,2.433005,-0.693253,0.224176,0.000000,2.000000,0.000000,1.000000,0.000000,1.144516,0.747575,0.219117,-0.714742,2.383170,0.000000,0.000000,0.000000,65535.000000,5.435423,1.745879,3.769039,2.433005,3.769039,2.433005,0.250000,0.000000,1.000000
21110.000000,3.762099,2.435246,-0.694016,0.224140,0.000000,2.000000,0.000000,1.000000,0.000000,1.204193,0.728598,0.222205,-0.693887,2.963876,0.000000,0.000000,0.000000,65535.000000,5.435423,1.745879,3.762099,2.435246,3.762099,2.435246,0.250000,0.000000,1.000000
21120.000000,3.755064,2.437533,-0.703423,0.228748,0.000000,2.000000,0.000000,1.000000,0.000000,1.005231,0.729313,0.221485,-0.694868,2.878476,0.000000,0.000000,0.000000,65535.000000,5.435423,1.745879,3.755064,2.437533,3.755064,2.437533,0.250000,0.000000,1.000000
21130.000000,3.748241,2.439893,-0.682296,0.236019,0.000000,2.000000,0.000000,1.000000,0.000000,0.774796,0.739681,0.225622,-0.704431,2.485195,0.000000,0.000000,0.000000,65535.000000,5.435423,1.745879,3.748241,2.439893,3.748241,2.439893,0.250000,0.000000,1.000000
21140.000000,3.741645,2.442416,-0.659591,0.252261,0.000000,2.000000,0.000000,1.000000,0.000000,0.547403,0.721965,0.232742,-0.683421,1.182256,0.000000,0.000000,0.000000,65535.000000,5.435423,1.745879,3.741645,2.442416,3.741645,2.442416,0.250000,0.000000,1.000000
21150.000000,3.735162,2.445145,-0.648281,0.272866,0.000000,2.000000,0.000000,1.000000,0.000000,0.508003,0.706184,0.248890,-0.660870,0.150716,0.000000,0.000000,0.000000,65535.000000,5.435423,1.745879,3.735162,2.445145,3.735162,2.445145,0.250000,0.000000,1.000000
21160.000000,3.728714,2.447966,-0.644862,0.282104,0.000000,2.000000,0.000000,1.000000,0.000000,0.576343,0.703366,0.269273,-0.649782,-0.189797,0.000000,0.000000,0.000000,65535.000000,5.435423,1.745879,3.728714,2.447966,3.728714,2.447966,0.250000,0.000000,1.000000
21170.000000,3.722420,2.450731,-0.629346,0.276525,0.000000,2.000000,0.000000,1.000000,0.000000,0.520361,0.703868,0.278517,-0.646419,-0.420746,0.000000,0.000000,0.000000,65535.000000,5.435423,1.745879,3.722420,2.450731,3.722420,2.450731,0.250000,0.000000,1.000000
21180.000000,3.716264,2.453462,-0.615700,0.273053,0.000000,2.000000,0.000000,1.000000,0.000000,0.406603,0.687417,0.273724,-0.630569,-0.891972,0.000000,0.000000,0.000000,65535.000000,5.435423,1.745879,3.716264,2.453462,3.716264,2.453462,0.250000,0.000000,1.000000
21190.000000,3.710330,2.456148,-0.593389,0.268605,0.000000,2.000000,0.000000,1.000000,0.000000,0.410537,0.673531,0.270782,-0.616702,-0.861451,0.000000,0.000000,0.000000,65535.000000,5.435423,1.745879,3.710330,2.456148,3.710330,2.456148,0.250000,0.000000,1.000000
21200.000000,3.704577,2.458956,-0.575230,0.280803,0.000000,2.000000,0.000000,1.000000,0.000000,0.731431,0.651352,0.266358,-0.594401,0.481188,0.000000,0.000000,0.000000,65535.000000,5.435423,1.745879,3.704577,2.458956,3.704577,2.458956,0.250000,0.000000,1.000000
21210.000000,3.699055,2.461886,-0.552182,0.293061,0.000000,2.000000,0.000000,1.000000,0.000000,0.704706,0.640110,0.278036,-0.576573,0.686281,0.000000,0.000000,0.000000,65535.000000,5.435423,1.745879,3.699055,2.461886,3.699055,2.461886,0.250000,0.000000,1.000000
21220.000000,3.693636,2.464960,-0.541980,0.307362,0.000000,2.000000,0.000000,1.000000,0.000000,0.781807,0.625132,0.289785,-0.553909,0.681599,0.000000,0.000000,0.000000,65535.000000,5.435423,1.745879,3.693636,2.464960,3.693636,2.464960,0.250000,0.000000,1.000000
21230.000000,3.688342,2.468297,-0.529383,0.333712,0.000000,2.000000,0.000000,1.000000,0.000000,0.779508,0.623068,0.303542,-0.544129,0.669532,0.000000,0.000000,0.000000,65535.000000,5.435423,1.745879,3.688342,2.468297,3.688342,2.468297,0.250000,0.000000,1.000000
21240.000000,3.683014,2.471718,-0.532771,0.342047,0.000000,2.000000,0.000000,1.000000,0.000000,0.638966,0.625787,0.329653,-0.531920,0.069762,0.000000,0.000000,0.000000,65535.000000,5.435423,1.745879,3.683014,2.471718,3.683014,2.471718,0.250000,0.000000,1.000000
21250.000000,3.677856,2.475042,-0.515791,0.332423,0.000000,2.000000,0.000000,1.000000,0.000000,0.462583,0.633120,0.337834,-0.535452,-0.680727,0.000000,0.000000,0.000000,65535.000000,5.435423,1.745879,3.677856,2.475042,3.677856,2.475042,0.250000,0.000000,1.000000
21260.000000,3.672898,2.478331,-0.495817,0.328877,0.000000,2.000000,0.000000,1.000000,0.000000,0.379729,0.613633,0.328464,-0.518321,-1.028169,0.000000,0.000000,0.000000,65535.000000,5.435423,1.745879,3.672898,2.478331,3.672898,2.478331,0.250000,0.000000,1.000000
21270.000000,3.668075,2.481608,-0.482321,0.327777,0.000000,2.000000,0.000000,1.000000,0.000000,0.265346,0.594974,0.325328,-0.498153,-1.642529,0.000000,0.000000,0.000000,65535.000000,5.435423,1.745879,3.668075,2.481608,3.668075,2.481608,0.250000,0.000000,1.000000
21280.000000,3.663274,2.485031,-0.480069,0.342308,0.000000,2.000000,0.000000,1.000000,0.000000,0.145644,0.583156,0.324710,-0.484391,-1.971242,0.000000,0.000000,0.000000,65535.000000,5.435423,1.745879,3.663274,2.485031,3.663274,2.485031,0.250000,0.000000,1.000000
21290.000000,3.658509,2.488526,-0.476513,0.349422,0.000000,2.000000,0.000000,1.000000,0.000000,0.153223,0.589611,0.339379,-0.482145,-1.902176,0.000000,0.000000,0.000000,65535.000000,5.435423,1.745879,3.658509,2.488526,3.658509,2.488526,0.250000,0.000000,1.000000
21300.000000,3.653795,2.492170,-0.471345,0.364445,0.000000,2.000000,0.000000,1.000000,0.000000,0.153223,0.590898,0.346423,-0.478697,-1.866634,0.000000,0.000000,0.000000,65535.000000,5.435423,1.745879,3.653795,2.492170,3.653795,2.492170,0.250000,0.000000,1.000000
21310.000000,3.649226,2.495909,-0.456910,0.373862,0.000000,2.000000,0.000000,1.000000,0.000000,0.338838,0.595807,0.361215,-0.473824,-1.072492,0.000000,0.000000,0.000000,65535.000000,5.435423,1.745879,3.649226,2.495909,3.649226,2.495909,0.250000,0.000000,1.000000
21320.000000,3.644699,2.499765,-0.452715,0.385676,0.000000,2.000000,0.000000,1.000000,0.000000,0.423188,0.590372,0.370298,-0.459803,-0.173329,0.000000,0.000000,0.000000,65535.000000,5.435423,1.745879,3.644699,2.499765,3.644699,2.499765,0.250000,0.000000,1.000000
21330.000000,3.640323,2.503604,-0.437618,0.383869,0.000000,2.000000,0.000000,1.000000,0.000000,0.447616,0.594724,0.381763,-0.456019,-0.025959,0.000000,0.000000,0.000000,65535.000000,5.435423,1.745879,3.640323,2.503604,3.640323,2.503604,0.250000,0.000000,1.000000
21340.000000,3.636040,2.507484,-0.428287,0.387989,0.000000,2.000000,0.000000,1.000000,0.000000,0.546833,0.582121,0.379643,-0.441289,0.867107,0.000000,0.000000,0.000000,65535.000000,5.435423,1.745879,3.636040,2.507484,3.636040,2.507484,0.250000,0.000000,1.000000
21350.000000,3.631872,2.511364,-0.416862,0.388060,0.000000,2.000000,0.000000,1.000000,0.000000,0.560959,0.577897,0.383575,-0.432244,0.933189,0.000000,0.000000,0.000000,65535.000000,5.435423,1.745879,3.631872,2.511364,3.631872,2.511364,0.250000,0.000000,1.000000
21360.000000,3.627801,2.515259,-0.407018,0.389429,0.000000,2.000000,0.000000,1.000000,0.000000,0.560959,0.569530,0.383373,-0.421176,0.924553,0.000000,0.000000,0.000000,65535.000000,5.435423,1.745879,3.627801,2.515259,3.627801,2.515259,0.250000,0.000000,1.000000
21370.000000,3.623789,2.519146,-0.401239,0.388696,0.000000,2.000000,0.000000,1.000000,0.000000,0.297675,0.563310,0.384557,-0.411624,-0.602345,0.000000,0.000000,0.000000,65535.000000,5.435423,1.745879,3.623789,2.519146,3.623789,2.519146,0.250000,0.000000,1.000000
21380.000000,3.619810,2.523000,-0.397924,0.385420,0.000000,2.000000,0.000000,1.000000,0.000000,0.543887,0.558639,0.383976,-0.405758,-0.088083,0.000000,0.000000,0.000000,65535.000000,5.435423,1.745879,3.619810,2.523000,3.619810,2.523000,0.250000,0.000000,1.000000
21390.000000,3.615796,2.526860,-0.401421,0.386037,0.000000,2.000000,0.000000,1.000000,0.000000,0.854477,0.553979,0.381002,-0.402157,-0.088005,0.000000,0.000000,0.000000,65535.000000,5.435423,1.745879,3.615796,2.526860,3.615796,2.526860,0.250000,0.000000,1.000000
21400.000000,3.611748,2.530752,-0.404820,0.389150,0.000000,2.000000,0.000000,1.000000,0.000000,0.577482,0.556923,0.381793,-0.405460,-0.109624,0.000000,0.000000,0.000000,65535.000000,5.435423,1.745879,3.611748,2.530752,3.611748,2.530752,0.250000,0.000000,1.000000
21410.000000,3.607741,2.534630,-0.400645,0.387820,0.000000,2.000000,0.000000,1.000000,0.000000,0.507630,0.561530,0.384895,-0.408867,-1.175997,0.000000,0.000000,0.000000,65535.000000,5.435423,1.745879,3.607741,2.534630,3.607741,2.534630,0.250000,0.000000,1.000000
21420.000000,3.603817,2.538513,-0.392470,0.388338,0.000000,2.000000,0.000000,1.000000,0.000000,0.464857,0.557603,0.383529,-0.404755,-0.560698,0.000000,0.000000,0.000000,65535.000000,5.435423,1.745879,3.603817,2.538513,3.603817,2.538513,0.250000,0.000000,1.000000
21430.000000,3.599990,2.542367,-0.382630,0.385359,0.000000,2.000000,0.000000,1.000000,0.000000,0.514395,0.552122,0.383999,-0.396716,-0.557569,0.000000,0.000000,0.000000,65535.000000,5.435423,1.745879,3.599990,2.542367,3.599990,2.542367,0.250000,0.000000,1.000000
21440.000000,3.596177,2.546184,-0.381343,0.381714,0.000000,2.000000,0.000000,1.000000,0.000000,0.469939,0.543054,0.381016,-0.386955,-0.554474,0.000000,0.000000,0.000000,65535.000000,5.435423,1.745879,3.596177,2.546184,3.596177,2.546184,0.250000,0.000000,1.000000
21450.000000,3.592466,2.549872,-0.371107,0.368815,0.000000,2.000000,0.000000,1.000000,0.000000,0.214291,0.539563,0.377222,-0.385787,-1.665766,0.000000,0.000000,0.000000,65535.000000,5.435423,1.745879,3.592466,2.549872,3.592466,2.549872,0.250000,0.000000,1.000000
21460.000000,3.588707,2.553573,-0.375886,0.370038,0.000000,2.000000,0.000000,1.000000,0.000000,0.208480,0.523206,0.364424,-0.375420,-1.547418,0.000000,0.000000,0.000000,65535.000000,5.435423,1.745879,3.588707,2.553573,3.588707,2.553573,0.250000,0.000000,1.000000
21470.000000,3.584884,2.557301,-0.382230,0.372804,0.000000,2.000000,0.000000,1.000000,0.000000,0.274000,0.527464,0.365726,-0.380083,-1.354231,0.000000,0.000000,0.000000,65535.000000,5.435423,1.745879,3.584884,2.557301,3.584884,2.557301,0.250000,0.000000,1.000000
21480.000000,3.580976,2.561105,-0.390890,0.380437,0.000000,2.000000,0.000000,1.000000,0.000000,0.274000,0.533931,0.368488,-0.386392,-1.336119,0.000000,0.000000,0.000000,65535.000000,5.435423,1.745879,3.580976,2.561105,3.580976,2.561105,0.250000,0.000000,1.000000
21490.000000,3.577047,2.564910,-0.392855,0.380461,0.000000,2.000000,0.000000,1.000000,0.000000,0.274000,0.545461,0.376072,-0.395091,-1.318485,0.000000,0.000000,0.000000,65535.000000,5.435423,1.745879,3.577047,2.564910,3.577047,2.564910,0.250000,0.000000,1.000000
21500.000000,3.573127,2.568708,-0.392018,0.379782,0.000000,2.000000,0.000000,1.000000,0.000000,0.252270,0.546887,0.376149,-0.396986,-1.393841,0.000000,0.000000,0.000000,65535.000000,5.435423,1.745879,3.573127,2.568708,3.573127,2.568708,0.250000,0.000000,1.000000
21510.000000,3.569203,2.572493,-0.392345,0.378567,0.000000,2.000000,0.000000,1.000000,0.000000,0.225708,0.545813,0.375542,-0.396082,-1.501949,0.000000,0.000000,0.000000,65535.000000,5.435423,1.745879,3.569203,2.572493,3.569203,2.572493,0.250000,0.000000,1.000000
21520.000000,3.565312,2.576239,-0.389104,0.374545,0.000000,2.000000,0.000000,1.000000,0.000000,0.207229,0.545205,0.374515,-0.396215,-1.540995,0.000000,0.000000,0.000000,65535.000000,5.435423,1.745879,3.565312,2.576239,3.565312,2.576239,0.250000,0.000000,1.000000
21530.000000,3.561510,2.579855,-0.380245,0.361624,0.000000,2.000000,0.000000,1.000000,0.000000,0.191684,0.540080,0.370613,-0.392851,-1.582437,0.000000,0.000000,0.000000,65535.000000,5.435423,1.745879,3.561510,2.579855,3.561510,2.579855,0.250000,0.000000,1.000000
21540.000000,3.557693,2.583445,-0.381694,0.358943,0.000000,2.000000,0.000000,1.000000,0.000000,0.207226,0.524746,0.357750,-0.383893,-1.493121,0.000000,0.000000,0.000000,65535.000000,5.435423,1.745879,3.557693,2.583445,3.557693,2.583445,0.250000,0.000000,1.000000
21550.000000,3.553894,2.587043,-0.379891,0.359789,0.000000,2.000000,0.000000,1.000000,0.000000,0.214296,0.523956,0.355085,-0.385285,-1.441665,0.000000,0.000000,0.000000,65535.000000,5.435423,1.745879,3.553894,2.587043,3.553894,2.587043,0.250000,0.000000,1.000000
21560.000000,3.550045,2.590705,-0.384931,0.366258,0.000000,2.000000,0.000000,1.000000,0.000000,0.271712,0.523226,0.356067,-0.383383,-1.262736,0.000000,0.000000,0.000000,65535.000000,5.435423,1.745879,3.550045,2.590705,3.550045,2.590705,0.250000,0.000000,1.000000
21570.000000,3.546226,2.594334,-0.381931,0.362931,0.000000,2.000000,0.000000,1.000000,0.000000,0.350497,0.531335,0.362557,-0.388419,-0.973512,0.000000,0.000000,0.000000,65535.000000,5.435423,1.745879,3.546226,2.594334,3.546226,2.594334,0.250000,0.000000,1.000000
21580.000000,3.542438,2.597904,-0.378721,0.356979,0.000000,2.000000,0.000000,1.000000,0.000000,0.295451,0.526869,0.359346,-0.385307,-0.271628,0.000000,0.000000,0.000000,65535.000000,5.435423,1.745879,3.542438,2.597904,3.542438,2.597904,0.250000,0.000000,1.000000
21590.000000,3.538656,2.601436,-0.378237,0.353220,0.000000,2.000000,0.000000,1.000000,0.000000,0.515131,0.520445,0.353448,-0.382018,1.027802,0.000000,0.000000,0.000000,65535.000000,5.435423,1.745879,3.538656,2.601436,3.538656,2.601436,0.250000,0.000000,1.000000
21600.000000,3.534884,2.604888,-0.377183,0.345147,0.000000,2.000000,0.000000,1.000000,0.000000,0.543091,0.517520,0.349827,-0.381377,1.295916,0.000000,0.000000,0.000000,65535.000000,5.435423,1.745879,3.534884,2.604888,3.534884,2.604888,0.250000,0.000000,1.000000
21610.000000,3.531174,2.608289,-0.371013,0.340150,0.000000,2.000000,0.000000,1.000000,0.000000,0.543091,0.511266,0.341716,-0.380294,1.279321,0.000000,0.000000,0.000000,65535.000000,5.435423,1.745879,3.531174,2.608289,3.531174,2.608289,0.250000,0.000000,1.000000
21620.000000,3.527481,2.611693,-0.369298,0.340333,0.000000,2.000000,0.000000,1.000000,0.000000,0.395456,0.503342,0.336736,-0.374115,0.375294,0.000000,0.000000,0.000000,65535.000000,5.435423,1.745879,3.527481,2.611693,3.527481,2.611693,0.250000,0.000000,1.000000
21630.000000,3.523930,2.615051,-0.355153,0.335787,0.000000,2.000000,0.000000,1.000000,0.000000,0.592142,0.502203,0.336949,-0.372389,0.481610,0.000000,0.000000,0.000000,65535.000000,5.435423,1.745879,3.523930,2.615051,3.523930,2.615051,0.250000,0.000000,1.000000
21640.000000,3.520333,2.618465,-0.359673,0.341423,0.000000,2.000000,0.000000,1.000000,0.000000,0.592142,0.488760,0.332500,-0.358232,0.479300,0.000000,0.000000,0.000000,65535.000000,5.435423,1.745879,3.520333,2.618465,3.520333,2.618465,0.250000,0.000000,1.000000
21650.000000,3.516689,2.621856,-0.364439,0.339151,0.000000,2.000000,0.000000,1.000000,0.000000,0.580226,0.495918,0.338274,-0.362637,0.071227,0.000000,0.000000,0.000000,65535.000000,5.435423,1.745879,3.516689,2.621856,3.516689,2.621856,0.250000,0.000000,1.000000
21660.000000,3.512969,2.625321,-0.371972,0.346456,0.000000,2.000000,0.000000,1.000000,0.000000,0.196315,0.497834,0.335931,-0.367409,-1.625208,0.000000,0.000000,0.000000,65535.000000,5.435423,1.745879,3.512969,2.625321,3.512969,2.625321,0.250000,0.000000,1.000000
21670.000000,3.509202,2.628855,-0.376685,0.353439,0.000000,2.000000,0.000000,1.000000,0.000000,0.106364,0.508326,0.342997,-0.375164,-1.900691,0.000000,0.000000,0.000000,65535.000000,5.435423,1.745879,3.509202,2.628855,3.509202,2.628855,0.250000,0.000000,1.000000
21680.000000,3.505432,2.632417,-0.377025,0.356190,0.000000,2.000000,0.000000,1.000000,0.000000,0.106364,0.516537,0.349953,-0.379926,-1.865204,0.000000,0.000000,0.000000,65535.000000,5.435423,1.745879,3.505432,2.632417,3.505432,2.632417,0.250000,0.000000,1.000000
21690.000000,3.501703,2.635945,-0.372912,0.352771,0.000000,2.000000,0.000000,1.000000,0.000000,0.106099,0.518671,0.352915,-0.380092,-1.832113,0.000000,0.000000,0.000000,65535.000000,5.435423,1.745879,3.501703,2.635945,3.501703,2.635945,0.250000,0.000000,1.000000
21700.000000,3.497920,2.639442,-0.378236,0.349778,0.000000,2.000000,0.000000,1.000000,0.000000,0.066883,0.513332,0.350154,-0.375370,-1.958207,0.000000,0.000000,0.000000,65535.000000,5.435423,1.745879,3.497920,2.639442,3.497920,2.639442,0.250000,0.000000,1.000000
21710.000000,3.494169,2.642838,-0.375151,0.339603,0.000000,2.000000,0.000000,1.000000,0.000000,0.214200,0.515177,0.347805,-0.380052,-1.327934,0.000000,0.000000,0.000000,65535.000000,5.435423,1.745879,3.494169,2.642838,3.494169,2.642838,0.250000,0.000000,1.000000
21720.000000,3.490338,2.646210,-0.383108,0.337204,0.000000,2.000000,0.000000,1.000000,0.000000,0.258223,0.506032,0.337857,-0.376723,-1.134019,0.000000,0.000000,0.000000,65535.000000,5.435423,1.745879,3.490338,2.646210,3.490338,2.646210,0.250000,0.000000,1.000000
21730.000000,3.486475,2.649455,-0.386276,0.324452,0.000000,2.000000,0.000000,1.000000,0.000000,0.258223,0.510371,0.335021,-0.385019,-1.121291,0.000000,0.000000,0.000000,65535.000000,5.435423,1.745879,3.486475,2.649455,3.486475,2.649455,0.250000,0.000000,1.000000
21740.000000,3.482553,2.652688,-0.392217,0.323337,0.000000,2.000000,0.000000,1.000000,0.000000,0.257688,0.504458,0.321503,-0.388734,-1.111016,0.000000,0.000000,0.000000,65535.000000,5.435423,1.745879,3.482553,2.652688,3.482553,2.652688,0.250000,0.000000,1.000000
21750.000000,3.478572,2.655946,-0.398043,0.325780,0.000000,2.000000,0.000000,1.000000,0.000000,0.155530,0.508312,0.319745,-0.395150,-1.509164,0.000000,0.000000,0.000000,65535.000000,5.435423,1.745879,3.478572,2.655946,3.478572,2.655946,0.250000,0.000000,1.000000
21760.000000,3.474595,2.659202,-0.397757,0.325617,0.000000,2.000000,0.000000,1.000000,0.000000,0.136762,0.514365,0.321937,-0.401158,-1.560518,0.000000,0.000000,0.000000,65535.000000,5.435423,1.745879,3.474595,2.659202,3.474595,2.659202,0.250000,0.000000,1.000000
21770.000000,3.470595,2.662408,-0.399961,0.320617,0.000000,2.000000,0.000000,1.000000,0.000000,0.136762,0.514040,0.321974,-0.400711,-1.536517,0.000000,0.000000,0.000000,65535.000000,5.435423,1.745879,3.470595,2.662408,3.470595,2.662408,0.250000,0.000000,1.000000
21780.000000,3.466499,2.665545,-0.409612,0.313675,0.000000,2.000000,0.000000,1.000000,0.000000,0.098812,0.512605,0.317418,-0.402504,-1.663404,0.000000,0.000000,0.000000,65535.000000,5.435423,1.745879,3.466499,2.665545,3.466499,2.665545,0.250000,0.000000,1.000000
21790.000000,3.462463,2.668622,-0.403602,0.307660,0.000000,2.000000,0.000000,1.000000,0.000000,0.106278,0.515920,0.310694,-0.411877,-1.605392,0.000000,0.000000,0.000000,65535.000000,5.435423,1.745879,3.462463,2.668622,3.462463,2.668622,0.250000,0.000000,1.000000
21800.000000,3.458426,2.671705,-0.403675,0.308374,0.000000,2.000000,0.000000,1.000000,0.000000,0.135151,0.507493,0.304604,-0.405914,-1.468269,0.000000,0.000000,0.000000,65535.000000,5.435423,1.745879,3.458426,2.671705,3.458426,2.671705,0.250000,0.000000,1.000000
21810.000000,3.454460,2.674666,-0.396625,0.296101,0.000000,2.000000,0.000000,1.000000,0.000000,0.149020,0.507984,0.304789,-0.406388,-1.393056,0.000000,0.000000,0.000000,65535.000000,5.435423,1.745879,3.454460,2.674666,3.454460,2.674666,0.250000,0.000000,1.000000
21820.000000,3.450392,2.677496,-0.406786,0.282952,0.000000,2.000000,0.000000,1.000000,0.000000,0.293145,0.494962,0.291819,-0.399787,-0.815390,0.000000,0.000000,0.000000,65535.000000,5.435423,1.745879,3.450392,2.677496,3.450392,2.677496,0.250000,0.000000,1.000000
21830.000000,3.446224,2.680183,-0.416760,0.268751,0.000000,2.000000,0.000000,1.000000,0.000000,0.615893,0.495516,0.277966,-0.410208,0.452969,0.000000,0.000000,0.000000,65535.000000,5.435423,1.745879,3.446224,2.680183,3.446224,2.680183,0.250000,0.000000,1.000000
21840.000000,3.442082,2.682719,-0.414268,0.253597,0.000000,2.000000,0.000000,1.000000,0.000000,0.906274,0.495899,0.263573,-0.420054,1.127570,0.000000,0.000000,0.000000,65535.000000,5.435423,1.745879,3.442082,2.682719,3.442082,2.682719,0.250000,0.000000,1.000000
21850.000000,3.437841,2.685183,-0.424099,0.246384,0.000000,2.000000,0.000000,1.000000,0.000000,0.906274,0.485725,0.248847,-0.417138,1.687753,0.000000,0.000000,0.000000,65535.000000,5.435423,1.745879,3.437841,2.685183,3.437841,2.685183,0.250000,0.000000,1.000000
21860.000000,3.433372,2.687549,-0.446835,0.236592,0.000000,2.000000,0.000000,1.000000,0.000000,0.759433,0.490475,0.242423,-0.426376,1.659714,0.000000,0.000000,0.000000,65535.000000,5.435423,1.745879,3.433372,2.687549,3.433372,2.687549,0.250000,0.000000,1.000000
21870.000000,3.428861,2.689762,-0.451171,0.221347,0.000000,2.000000,0.000000,1.000000,0.000000,0.759433,0.505606,0.233244,-0.448591,1.289393,0.000000,0.000000,0.000000,65535.000000,5.435423,1.745879,3.428861,2.689762,3.428861,2.689762,0.250000,0.000000,1.000000
21880.000000,3.424282,2.691870,-0.457914,0.210800,0.000000,2.000000,0.000000,1.000000,0.000000,0.736367,0.502544,0.218449,-0.452582,0.840232,0.000000,0.000000,0.000000,65535.000000,5.435423,1.745879,3.424282,2.691870,3.424282,2.691870,0.250000,0.000000,1.000000
21890.000000,3.419691,2.693803,-0.459064,0.193235,0.000000,2.000000,0.000000,1.000000,0.000000,0.599166,0.504105,0.208057,-0.459167,-0.046861,0.000000,0.000000,0.000000,65535.000000,5.435423,1.745879,3.419691,2.693803,3.419691,2.693803,0.250000,0.000000,1.000000
21900.000000,3.415192,2.695596,-0.449853,0.179256,0.000000,2.000000,0.000000,1.000000,0.000000,0.416725,0.498076,0.189899,-0.460454,-0.402625,0.000000,0.000000,0.000000,65535.000000,5.435423,1.745879,3.415192,2.695596,3.415192,2.695596,0.250000,0.000000,1.000000
21910.000000,3.410732,2.697365,-0.446087,0.176937,0.000000,2.000000,0.000000,1.000000,0.000000,0.343421,0.484253,0.174825,-0.451594,-0.682634,0.000000,0.000000,0.000000,65535.000000,5.435423,1.745879,3.410732,2.697365,3.410732,2.697365,0.250000,0.000000,1.000000
21920.000000,3.406216,2.699008,-0.451597,0.164264,0.000000,2.000000,0.000000,1.000000,0.000000,0.384759,0.479896,0.171458,-0.448221,-0.524037,0.000000,0.000000,0.000000,65535.000000,5.435423,1.745879,3.406216,2.699008,3.406216,2.699008,0.250000,0.000000,1.000000
21930.000000,3.401614,2.700456,-0.460143,0.144890,0.000000,2.000000,0.000000,1.000000,0.000000,0.384759,0.480544,0.158268,-0.453733,-0.521302,0.000000,0.000000,0.000000,65535.000000,5.435423,1.745879,3.401614,2.700456,3.401614,2.700456,0.250000,0.000000,1.000000
21940.000000,3.396821,2.701857,-0.479338,0.140086,0.000000,2.000000,0.000000,1.000000,0.000000,0.384759,0.482416,0.139048,-0.461942,-0.518596,0.000000,0.000000,0.000000,65535.000000,5.435423,1.745879,3.396821,2.701857,3.396821,2.701857,0.250000,0.000000,1.000000
21950.000000,3.392003,2.703191,-0.481766,0.133390,0.000000,2.000000,0.000000,1.000000,0.000000,0.343983,0.499389,0.135098,-0.480768,-0.670902,0.000000,0.000000,0.000000,65535.000000,5.435423,1.745879,3.392003,2.703191,3.392003,2.703191,0.250000,0.000000,1.000000
21960.000000,3.387218,2.704475,-0.478462,0.128419,0.000000,2.000000,0.000000,1.000000,0.000000,0.191544,0.499892,0.130055,-0.482677,-1.270055,0.000000,0.000000,0.000000,65535.000000,5.435423,1.745879,3.387218,2.704475,3.387218,2.704475,0.250000,0.000000,1.000000
21970.000000,3.382423,2.705760,-0.479576,0.128426,0.000000,2.000000,0.000000,1.000000,0.000000,0.047439,0.495396,0.126305,-0.479025,-1.818724,0.000000,0.000000,0.000000,65535.000000,5.435423,1.745879,3.382423,2.705760,3.382423,2.705760,0.250000,0.000000,1.000000
21980.000000,3.377547,2.706946,-0.487601,0.118605,0.000000,2.000000,0.000000,1.000000,0.000000,0.094067,0.496474,0.125965,-0.480228,-1.646870,0.000000,0.000000,0.000000,65535.000000,5.435423,1.745879,3.377547,2.706946,3.377547,2.706946,0.250000,0.000000,1.000000
21990.000000,3.372746,2.708074,-0.480072,0.112818,0.000000,2.000000,0.000000,1.000000,0.000000,0.190908,0.501818,0.114634,-0.488549,-1.204013,0.000000,0.000000,0.000000,65535.000000,5.435423,1.745879,3.372746,2.708074,3.372746,2.708074,0.250000,0.000000,1.000000
22000.000000,3.367867,2.709254,-0.487905,0.117960,0.000000,2.000000,0.000000,1.000000,0.000000,0.191980,0.493150,0.107677,-0.481252,-1.185567,0.000000,0.000000,0.000000,65535.000000,5.435423,1.745879,3.367867,2.709254,3.367867,2.709254,0.250000,0.000000,1.000000
22010.000000,3.363061,2.710403,-0.480554,0.114958,0.000000,2.000000,0.000000,1.000000,0.000000,0.301129,0.501962,0.112564,-0.489178,-0.746298,0.000000,0.000000,0.000000,65535.000000,5.435423,1.745879,3.363061,2.710403,3.363061,2.710403,0.250000,0.000000,1.000000
22020.000000,3.358216,2.711346,-0.484598,0.094216,0.000000,2.000000,0.000000,1.000000,0.000000,0.486991,0.494113,0.110331,-0.481637,-0.016455,0.000000,0.000000,0.000000,65535.000000,5.435423,1.745879,3.358216,2.711346,3.358216,2.711346,0.250000,0.000000,1.000000
22030.000000,3.353380,2.712155,-0.483572,0.080922,0.000000,2.000000,0.000000,1.000000,0.000000,0.486991,0.493671,0.090642,-0.485279,-0.016453,0.000000,0.000000,0.000000,65535.000000,5.435423,1.745879,3.353380,2.712155,3.353380,2.712155,0.250000,0.000000,1.000000
22040.000000,3.348420,2.712956,-0.495972,0.080102,0.000000,2.000000,0.000000,1.000000,0.000000,0.486991,0.490296,0.077898,-0.484068,-0.016450,0.000000,0.000000,0.000000,65535.000000,5.435423,1.745879,3.348420,2.712956,3.348420,2.712956,0.250000,0.000000,1.000000
22050.000000,3.343514,2.713588,-0.490567,0.063246,0.000000,2.000000,0.000000,1.000000,0.000000,0.437094,0.502399,0.077270,-0.496422,-0.271796,0.000000,0.000000,0.000000,65535.000000,5.435423,1.745879,3.343514,2.713588,3.343514,2.713588,0.250000,0.000000,1.000000
22060.000000,3.338641,2.713913,-0.487329,0.032420,0.000000,2.000000,0.000000,1.000000,0.000000,0.539733,0.494627,0.060529,-0.490910,0.201616,0.000000,0.000000,0.000000,65535.000000,5.435423,1.745879,3.338641,2.713913,3.338641,2.713913,0.250000,0.000000,1.000000
22070.000000,3.333760,2.714079,-0.488088,0.016646,0.000000,2.000000,0.000000,1.000000,0.000000,0.721878,0.488406,0.029314,-0.487526,0.943730,0.000000,0.000000,0.000000,65535.000000,5.435423,1.745879,3.333760,2.714079,3.333760,2.714079,0.250000,0.000000,1.000000
22080.000000,3.328861,2.714194,-0.489910,0.011469,0.000000,2.000000,0.000000,1.000000,0.000000,0.745664,0.488372,0.012765,-0.488205,1.005823,0.000000,0.000000,0.000000,65535.000000,5.435423,1.745879,3.328861,2.714194,3.328861,2.714194,0.250000,0.000000,1.000000
22090.000000,3.324124,2.714359,-0.473715,0.016554,0.000000,2.000000,0.000000,1.000000,0.000000,0.745664,0.490044,0.006529,-0.490001,0.995796,0.000000,0.000000,0.000000,65535.000000,5.435423,1.745879,3.324124,2.714359,3.324124,2.714359,0.250000,0.000000,1.000000
22100.000000,3.319590,2.714596,-0.453393,0.023702,0.000000,2.000000,0.000000,1.000000,0.000000,0.638586,0.474004,0.011205,-0.473871,0.539119,0.000000,0.000000,0.000000,65535.000000,5.435423,1.745879,3.319590,2.714596,3.319590,2.714596,0.250000,0.000000,1.000000
22110.000000,3.315319,2.714883,-0.427154,0.028707,0.000000,2.000000,0.000000,1.000000,0.000000,0.442511,0.454012,0.018656,-0.453628,-0.236329,0.000000,0.000000,0.000000,65535.000000,5.435423,1.745879,3.315319,2.714883,3.315319,2.714883,0.250000,0.000000,1.000000
22120.000000,3.311194,2.715158,-0.412496,0.027420,0.000000,2.000000,0.000000,1.000000,0.000000,0.305097,0.428117,0.024540,-0.427414,-0.799745,0.000000,0.000000,0.000000,65535.000000,5.435423,1.745879,3.311194,2.715158,3.311194,2.715158,0.250000,0.000000,1.000000
22130.000000,3.307241,2.715387,-0.395233,0.022955,0.000000,2.000000,0.000000,1.000000,0.000000,0.305097,0.413407,0.024227,-0.412696,-0.793393,0.000000,0.000000,0.000000,65535.000000,5.435423,1.745879,3.307241,2.715387,3.307241,2.715387,0.250000,0.000000,1.000000
22140.000000,3.303471,2.715600,-0.377017,0.021332,0.000000,2.000000,0.000000,1.000000,0.000000,0.537352,0.395899,0.020109,-0.395388,-0.182344,0.000000,0.000000,0.000000,65535.000000,5.435423,1.745879,3.303471,2.715600,3.303471,2.715600,0.250000,0.000000,1.000000
22150.000000,3.299986,2.715862,-0.348541,0.026166,0.000000,2.000000,0.000000,1.000000,0.000000,0.660720,0.377620,0.018235,-0.377179,0.125270,0.000000,0.000000,0.000000,65535.000000,5.435423,1.745879,3.299986,2.715862,3.299986,2.715862,0.250000,0.000000,1.000000
22160.000000,3.296863,2.716264,-0.312315,0.040209,0.000000,2.000000,0.000000,1.000000,0.000000,0.515597,0.349522,0.022973,-0.348767,0.513162,0.000000,0.000000,0.000000,65535.000000,5.435423,1.745879,3.296863,2.716264,3.296863,2.716264,0.250000,0.000000,1.000000
22170.000000,3.293940,2.716603,-0.292278,0.033858,0.000000,2.000000,0.000000,1.000000,0.000000,0.558280,0.314892,0.037004,-0.312711,0.510539,0.000000,0.000000,0.000000,65535.000000,5.435423,1.745879,3.293940,2.716603,3.293940,2.716603,0.250000,0.000000,1.000000
22180.000000,3.291098,2.716875,-0.284160,0.027253,0.000000,2.000000,0.000000,1.000000,0.000000,0.517051,0.294232,0.030571,-0.292640,0.082343,0.000000,0.000000,0.000000,65535.000000,5.435423,1.745879,3.291098,2.716875,3.291098,2.716875,0.250000,0.000000,1.000000
22190.000000,3.288389,2.717105,-0.270915,0.022986,0.000000,2.000000,0.000000,1.000000,0.000000,0.388820,0.285463,0.024004,-0.284452,-0.464973,0.000000,0.000000,0.000000,65535.000000,5.435423,1.745879,3.288389,2.717105,3.288389,2.717105,0.250000,0.000000,1.000000
22200.000000,3.285844,2.717281,-0.254546,0.017570,0.000000,2.000000,0.000000,1.000000,0.000000,0.498337,0.271888,0.019973,-0.271154,-0.120949,0.000000,0.000000,0.000000,65535.000000,5.435423,1.745879,3.285844,2.717281,3.285844,2.717281,0.250000,0.000000,1.000000
22210.000000,3.283578,2.717407,-0.226592,0.012636,0.000000,2.000000,0.000000,1.000000,0.000000,0.571577,0.255151,0.014880,-0.254717,0.121568,0.000000,0.000000,0.000000,65535.000000,5.435423,1.745879,3.283578,2.717407,3.283578,2.717407,0.250000,0.000000,1.000000
22220.000000,3.281525,2.717463,-0.205326,0.005617,0.000000,2.000000,0.000000,1.000000,0.000000,0.584970,0.226944,0.010445,-0.226703,0.744419,0.000000,0.000000,0.000000,65535.000000,5.435423,1.745879,3.281525,2.717463,3.281525,2.717463,0.250000,0.000000,1.000000
22230.000000,3.279657,2.717476,-0.186749,0.001204,0.000000,2.000000,0.000000,1.000000,0.000000,0.584970,0.205402,0.003796,-0.205367,0.841077,0.000000,0.000000,0.000000,65535.000000,5.435423,1.745879,3.279657,2.717476,3.279657,2.717476,0.250000,0.000000,1.000000
22240.000000,3.277945,2.717486,-0.171184,0.001084,0.000000,2.000000,0.000000,1.000000,0.000000,0.584970,0.186753,-0.000286,-0.186753,0.834055,0.000000,0.000000,0.000000,65535.000000,5.435423,1.745879,3.277945,2.717486,3.277945,2.717486,0.250000,0.000000,1.000000
22250.000000,3.276398,2.717471,-0.154754,-0.001548,0.000000,2.000000,0.000000,1.000000,0.000000,0.383916,0.171188,-0.000176,-0.171188,0.538767,0.000000,0.000000,0.000000,65535.000000,5.435423,1.745879,3.276398,2.717471,3.276398,2.717471,0.250000,0.000000,1.000000
22260.000000,3.274965,2.717453,-0.143279,-0.001814,0.000000,2.000000,0.000000,1.000000,0.000000,0.150053,0.154762,-0.002725,-0.154738,-1.492473,0.000000,0.000000,0.000000,65535.000000,5.435423,1.745879,3.274965,2.717453,3.274965,2.717453,0.250000,0.000000,1.000000
22270.000000,3.273699,2.717431,-0.126582,-0.002149,0.000000,2.000000,0.000000,1.000000,0.000000,0.312470,0.143290,-0.002982,-0.143259,-1.054148,0.000000,0.000000,0.000000,65535.000000,5.435423,1.745879,3.273699,2.717431,3.273699,2.717431,0.250000,0.000000,1.000000
22280.000000,3.272598,2.717439,-0.110102,0.000760,0.000000,2.000000,0.000000,1.000000,0.000000,0.353878,0.126600,-0.003139,-0.126561,-1.043141,0.000000,0.000000,0.000000,65535.000000,5.435423,1.745879,3.272598,2.717439,3.272598,2.717439,0.250000,0.000000,1.000000
22290.000000,3.271646,2.717431,-0.095181,-0.000787,0.000000,2.000000,0.000000,1.000000,0.000000,0.234400,0.110105,0.000035,-0.110105,-1.148236,0.000000,0.000000,0.000000,65535.000000,5.435423,1.745879,3.271646,2.717431,3.271646,2.717431,0.250000,0.000000,1.000000
22300.000000,3.270786,2.717348,-0.086044,-0.008289,0.000000,2.000000,0.000000,1.000000,0.000000,0.171030,0.095185,-0.001287,-0.095176,-1.520445,0.000000,0.000000,0.000000,65535.000000,5.435423,1.745879,3.270786,2.717348,3.270786,2.717348,0.250000,0.000000,1.000000
22310.000000,3.270064,2.717219,-0.072147,-0.012948,0.000000,2.000000,0.000000,1.000000,0.000000,0.220010,0.086442,-0.008641,-0.086009,-1.568599,0.000000,0.000000,0.000000,65535.000000,5.435423,1.745879,3.270064,2.717219,3.270064,2.717219,0.250000,0.000000,1.000000
22320.000000,3.269532,2.717080,-0.053269,-0.013841,0.000000,2.000000,0.000000,1.000000,0.000000,0.109017,0.073300,-0.013156,-0.072110,-1.544350,0.000000,0.000000,0.000000,65535.000000,5.435423,1.745879,3.269532,2.717080,3.269532,2.717080,0.250000,0.000000,1.000000
22330.000000,3.269170,2.716949,-0.036163,-0.013073,0.000000,2.000000,0.000000,1.000000,0.000000,0.155106,0.055038,-0.013966,-0.053236,-1.438531,0.000000,0.000000,0.000000,65535.000000,5.435423,1.745879,3.269170,2.716949,3.269170,2.716949,0.250000,0.000000,1.000000
22340.000000,3.269170,2.716949,0.000000,0.000000,0.000000,2.000000,0.000000,1.000000,0.000000,0.155106,0.038454,-0.013155,-0.036133,-1.418110,0.000000,0.000000,0.000000,65535.000000,5.435423,1.745879,3.269170,2.716949,3.269170,2.716949,0.250000,0.000000,1.000000
22350.000000,3.269170,2.716949,0.000000,0.000000,0.000000,2.000000,0.000000,1.000000,0.000000,0.190167,0.027506,-0.015274,-0.022875,-0.835811,0.000000,0.000000,0.000000,65535.000000,5.435423,1.745879,3.269170,2.716949,3.269170,2.716949,0.250000,0.000000,1.000000
22360.000000,3.269170,2.716949,0.000000,0.000000,0.000000,2.000000,0.000000,1.000000,0.000000,0.199648,0.021286,-0.016575,-0.013356,-0.762579,0.000000,0.000000,0.000000,65535.000000,5.435423,1.745879,3.269170,2.716949,3.269170,2.716949,0.250000,0.000000,1.000000
22370.000000,3.269170,2.716949,0.000000,0.000000,0.000000,2.000000,0.000000,1.000000,0.000000,0.199648,0.018057,-0.016719,-0.006822,-0.756803,0.000000,0.000000,0.000000,65535.000000,5.435423,1.745879,3.269170,2.716949,3.269170,2.716949,0.250000,0.000000,1.000000
22380.000000,3.269170,2.716949,0.000000,0.000000,0.000000,2.000000,0.000000,1.000000,0.000000,0.191724,0.015565,-0.015499,-0.001432,-0.819234,0.000000,0.000000,0.000000,65535.000000,5.435423,1.745879,3.269170,2.716949,3.269170,2.716949,0.250000,0.000000,1.000000
22390.000000,3.269170,2.716949,0.000000,0.000000,0.000000,2.000000,0.000000,1.000000,0.000000,0.113500,0.013573,-0.013442,0.001878,-1.405818,0.000000,0.000000,0.000000,65535.000000,5.435423,1.745879,3.269170,2.716949,3.269170,2.716949,0.250000,0.000000,1.000000
22400.000000,3.269170,2.716949,0.000000,0.000000,0.000000,2.000000,0.000000,1.000000,0.000000,0.054126,0.011671,-0.011525,0.001842,-1.627764,0.000000,0.000000,0.000000,65535.000000,5.435423,1.745879,3.269170,2.716949,3.269170,2.716949,0.250000,0.000000,1.000000
22410.000000,3.269170,2.716949,0.000000,0.000000,0.000000,2.000000,0.000000,1.000000,0.000000,0.047882,0.009759,-0.009693,0.001131,-1.746266,0.000000,0.000000,0.000000,65535.000000,5.435423,1.745879,3.269170,2.716949,3.269170,2.716949,0.250000,0.000000,1.000000
22420.000000,3.269170,2.716949,0.000000,0.000000,0.000000,2.000000,0.000000,1.000000,0.000000,0.058284,0.005992,-0.005952,0.000695,-1.536953,0.000000,0.000000,0.000000,65535.000000,5.435423,1.745879,3.269170,2.716949,3.269170,2.716949,0.250000,0.000000,1.000000
22430.000000,3.269170,2.716949,0.000000,0.000000,0.000000,2.000000,0.000000,1.000000,0.000000,0.058284,0.003679,-0.003654,0.000426,-1.513665,0.000000,0.000000,0.000000,65535.000000,5.435423,1.745879,3.269170,2.716949,3.269170,2.716949,0.250000,0.000000,1.000000
22440.000000,3.269170,2.716949,0.000000,0.000000,0.000000,2.000000,0.000000,1.000000,0.000000,0.058284,0.001852,-0.001589,0.000951,-1.491073,0.000000,0.000000,0.000000,65535.000000,5.435423,1.745879,3.269170,2.716949,3.269170,2.716949,0.250000,0.000000,1.000000
22450.000000,3.269170,2.716949,0.000000,0.000000,0.000000,2.000000,0.000000,1.000000,0.000000,0.043812,0.001611,0.000987,0.001273,-1.607170,0.000000,0.000000,0.000000,65535.000000,5.435423,1.745879,3.269170,2.716949,3.269170,2.716949,0.250000,0.000000,1.000000
22460.000000,3.269170,2.716949,0.000000,0.000000,0.000000,2.000000,0.000000,1.000000,0.000000,0.041158,0.002068,0.001914,0.000782,-1.643836,0.000000,0.000000,0.000000,65535.000000,5.435423,1.745879,3.269170,2.716949,3.269170,2.716949,0.250000,0.000000,1.000000
22470.000000,3.269170,2.716949,0.000000,0.000000,0.000000,2.000000,0.000000,1.000000,0.000000,0.041158,0.003102,0.002484,0.001859,-1.617225,0.000000,0.000000,0.000000,65535.000000,5.435423,1.745879,3.269170,2.716949,3.269170,2.716949,0.250000,0.000000,1.000000
22480.000000,3.269170,2.716949,0.000000,0.000000,0.000000,2.000000,0.000000,1.000000,0.000000,0.034024,0.002846,0.002179,0.001830,-1.635465,0.000000,0.000000,0.000000,65535.000000,5.435423,1.745879,3.269170,2.716949,3.269170,2.716949,0.250000,0.000000,1.000000
22490.000000,3.269170,2.716949,0.000000,0.000000,0.000000,2.000000,0.000000,1.000000,0.000000,0.011295,0.001747,0.001338,0.001124,-1.682645,0.000000,0.000000,0.000000,65535.000000,5.435423,1.745879,3.269170,2.716949,3.269170,2.716949,0.250000,0.000000,1.000000
22500.000000,3.269170,2.716949,0.000000,0.000000,0.000000,2.000000,0.000000,1.000000,0.000000,0.007987,0.001073,0.000822,0.000690,-1.689063,0.000000,0.000000,0.000000,65535.000000,5.435423,1.745879,3.269170,2.716949,3.269170,2.716949,0.250000,0.000000,1.000000
22510.000000,3.269170,2.716949,0.000000,0.000000,0.000000,2.000000,0.000000,1.000000,0.000000,0.012555,0.000659,0.000504,0.000424,-1.649881,0.000000,0.000000,0.000000,65535.000000,5.435423,1.745879,3.269170,2.716949,3.269170,2.716949,0.250000,0.000000,1.000000
22520.000000,3.269170,2.716949,0.000000,0.000000,0.000000,2.000000,0.000000,1.000000,0.000000,0.012555,0.000405,0.000310,0.000260,-1.623076,0.000000,0.000000,0.000000,65535.000000,5.435423,1.745879,3.269170,2.716949,3.269170,2.716949,0.250000,0.000000,1.000000
22530.000000,3.269170,2.716949,0.000000,0.000000,0.000000,2.000000,0.000000,1.000000,0.000000,0.012555,0.000248,0.000190,0.000160,-1.597127,0.000000,0.000000,0.000000,65535.000000,5.435423,1.745879,3.269170,2.716949,3.269170,2.716949,0.250000,0.000000,1.000000
22540.000000,3.269170,2.716949,0.000000,0.000000,0.000000,2.000000,0.000000,1.000000,0.000000,0.009299,0.000152,0.000117,0.000098,-1.575559,0.000000,0.000000,0.000000,65535.000000,5.435423,1.745879,3.269170,2.716949,3.269170,2.716949,0.250000,0.000000,1.000000
22550.000000,3.269170,2.716949,0.000000,0.000000,0.000000,2.000000,0.000000,1.000000,0.000000,0.009631,0.000094,0.000072,0.000060,-1.551096,0.000000,0.000000,0.000000,65535.000000,5.435423,1.745879,3.269170,2.716949,3.269170,2.716949,0.250000,0.000000,1.000000
22560.000000,3.269170,2.716949,0.000000,0.000000,0.000000,2.000000,0.000000,1.000000,0.000000,0.010085,0.000057,0.000044,0.000037,-1.528778,0.000000,0.000000,0.000000,65535.000000,5.435423,1.745879,3.269170,2.716949,3.269170,2.716949,0.250000,0.000000,1.000000
22570.000000,3.269170,2.716949,0.000000,0.000000,0.000000,2.000000,0.000000,1.000000,0.000000,0.010085,0.000035,0.000027,0.000023,-1.501351,0.000000,0.000000,0.000000,65535.000000,5.435423,1.745879,3.269170,2.716949,3.269170,2.716949,0.250000,0.000000,1.000000
22580.000000,3.269170,2.716949,0.000000,0.000000,0.000000,2.000000,0.000000,1.000000,0.000000,0.009318,0.000022,0.000017,0.000014,-1.476935,0.000000,0.000000,0.000000,65535.000000,5.435423,1.745879,3.269170,2.716949,3.269170,2.716949,0.250000,0.000000,1.000000
22590.000000,3.269170,2.716949,0.000000,0.000000,0.000000,2.000000,0.000000,1.000000,0.000000,0.008846,0.000013,0.000010,0.000009,-1.463827,0.000000,0.000000,0.000000,65535.000000,5.435423,1.745879,3.269170,2.716949,3.269170,2.716949,0.250000,0.000000,1.000000
22600.000000,3.269170,2.716949,0.000000,0.000000,0.000000,2.000000,0.000000,1.000000,0.000000,0.008079,0.000008,0.000006,0.000005,-1.451390,0.000000,0.000000,0.000000,65535.000000,5.435423,1.745879,3.269170,2.716949,3.269170,2.716949,0.250000,0.000000,1.000000
22610.000000,3.269170,2.716949,0.000000,0.000000,0.000000,2.000000,0.000000,1.000000,0.000000,0.006974,0.000005,0.000004,0.000003,-1.423670,0.000000,0.000000,0.000000,65535.000000,5.435423,1.745879,3.269170,2.716949,3.269170,2.716949,0.250000,0.000000,1.000000
22620.000000,3.269170,2.716949,0.000000,0.000000,0.000000,2.000000,0.000000,1.000000,0.000000,0.007180,0.000003,0.000002,0.000002,-1.403666,0.000000,0.000000,0.000000,65535.000000,5.435423,1.745879,3.269170,2.716949,3.269170,2.716949,0.250000,0.000000,1.000000
22630.000000,3.269170,2.716949,0.000000,0.000000,0.000000,2.000000,0.000000,1.000000,0.000000,0.007180,0.000002,0.000001,0.000001,-1.379631,0.000000,0.000000,0.000000,65535.000000,5.435423,1.745879,3.269170,2.716949,3.269170,2.716949,0.250000,0.000000,1.000000
22640.000000,3.269170,2.716949,0.000000,0.000000,0.000000,2.000000,0.000000,1.000000,0.000000,0.009447,0.000951,0.000655,0.000690,-1.359964,0.000000,0.000000,0.000000,65535.000000,5.435423,1.745879,3.269170,2.716949,3.269170,2.716949,0.250000,0.000000,1.000000
22650.000000,3.269170,2.716949,0.000000,0.000000,0.000000,2.000000,0.000000,1.000000,0.000000,0.011975,0.000584,0.000402,0.000424,-1.311454,0.000000,0.000000,0.000000,65535.000000,5.435423,1.745879,3.269170,2.716949,3.269170,2.716949,0.250000,0.000000,1.000000
22660.000000,3.269170,2.716949,0.000000,0.000000,0.000000,2.000000,0.000000,1.000000,0.000000,0.011975,0.000359,0.000247,0.000260,-1.294461,0.000000,0.000000,0.000000,65535.000000,5.435423,1.745879,3.269170,2.716949,3.269170,2.716949,0.250000,0.000000,1.000000
22670.000000,3.269170,2.716949,0.000000,0.000000,0.000000,2.000000,0.000000,1.000000,0.000000,0.011975,0.000220,0.000152,0.000160,-1.277902,0.000000,0.000000,0.000000,65535.000000,5.435423,1.745879,3.269170,2.716949,3.269170,2.716949,0.250000,0.000000,1.000000
22680.000000,3.269170,2.716949,0.000000,0.000000,0.000000,2.000000,0.000000,1.000000,0.000000,0.009305,0.000135,0.000093,0.000098,-1.305545,0.000000,0.000000,0.000000,65535.000000,5.435423,1.745879,3.269170,2.716949,3.269170,2.716949,0.250000,0.000000,1.000000
22690.000000,3.269170,2.716949,0.000000,0.000000,0.000000,2.000000,0.000000,1.000000,0.000000,0.010205,0.000083,0.000057,0.000060,-1.286256,0.000000,0.000000,0.000000,65535.000000,5.435423,1.745879,3.269170,2.716949,3.269170,2.716949,0.250000,0.000000,1.000000
22700.000000,3.269170,2.716949,0.000000,0.000000,0.000000,2.000000,0.000000,1.000000,0.000000,0.010205,0.000051,0.000035,0.000037,-1.258500,0.000000,0.000000,0.000000,65535.000000,5.435423,1.745879,3.269170,2.716949,3.269170,2.716949,0.250000,0.000000,1.000000
22710.000000,3.269170,2.716949,0.000000,0.000000,0.000000,2.000000,0.000000,1.000000,0.000000,0.009902,0.000031,0.000022,0.000023,-1.242511,0.000000,0.000000,0.000000,65535.000000,5.435423,1.745879,3.269170,2.716949,3.269170,2.716949,0.250000,0.000000,1.000000
22720.000000,3.269170,2.716949,0.000000,0.000000,0.000000,2.000000,0.000000,1.000000,0.000000,0.007739,0.000019,0.000013,0.000014,-1.227247,0.000000,0.000000,0.000000,65535.000000,5.435423,1.745879,3.269170,2.716949,3.269170,2.716949,0.250000,0.000000,1.000000
22730.000000,3.269170,2.716949,0.000000,0.000000,0.000000,2.000000,0.000000,1.000000,0.000000,0.007782,0.000012,0.000008,0.000009,-1.218074,0.000000,0.000000,0.000000,65535.000000,5.435423,1.745879,3.269170,2.716949,3.269170,2.716949,0.250000,0.000000,1.000000
22740.000000,3.269170,2.716949,0.000000,0.000000,0.000000,2.000000,0.000000,1.000000,0.000000,0.007782,0.000007,0.000005,0.000005,-1.210901,0.000000,0.000000,0.000000,65535.000000,5.435423,1.745879,3.269170,2.716949,3.269170,2.716949,0.250000,0.000000,1.000000
22750.000000,3.269170,2.716949,0.000000,0.000000,0.000000,2.000000,0.000000,1.000000,0.000000,0.007027,0.000004,0.000003,0.000003,-1.196399,0.000000,0.000000,0.000000,65535.000000,5.435423,1.745879,3.269170,2.716949,3.269170,2.716949,0.250000,0.000000,1.000000
22760.000000,3.269170,2.716949,0.000000,0.000000,0.000000,2.000000,0.000000,1.000000,0.000000,0.006612,0.000003,0.000002,0.000002,-1.183393,0.000000,0.000000,0.000000,65535.000000,5.435423,1.745879,3.269170,2.716949,3.269170,2.716949,0.250000,0.000000,1.000000
22770.000000,3.269170,2.716949,0.000000,0.000000,0.000000,2.000000,0.000000,1.000000,0.000000,0.005878,0.000002,0.000001,0.000001,-1.171925,0.000000,0.000000,0.000000,65535.000000,5.435423,1.745879,3.269170,2.716949,3.269170,2.716949,0.250000,0.000000,1.000000
22780.000000,3.269170,2.716949,0.000000,0.000000,0.000000,2.000000,0.000000,1.000000,0.000000,0.005225,0.000001,0.000001,0.000001,-1.151123,0.000000,0.000000,0.000000,65535.000000,5.435423,1.745879,3.269170,2.716949,3.269170,2.716949,0.250000,0.000000,1.000000
22790.000000,3.269170,2.716949,0.000000,0.000000,0.000000,2.000000,0.000000,1.000000,0.000000,0.004644,0.000001,0.000000,0.000000,-1.138010,0.000000,0.000000,0.000000,65535.000000,5.435423,1.745879,3.269170,2.716949,3.269170,2.716949,0.250000,0.000000,1.000000
22800.000000,3.269170,2.716949,0.000000,0.000000,0.000000,2.000000,0.000000,1.000000,0.000000,0.004128,0.000000,0.000000,0.000000,-1.125399,0.000000,0.000000,0.000000,65535.000000,5.435423,1.745879,3.269170,2.716949,3.269170,2.716949,0.250000,0.000000,1.000000
22810.000000,3.269170,2.716949,0.000000,0.000000,0.000000,2.000000,0.000000,1.000000,0.000000,0.003669,0.000000,0.000000,0.000000,-1.117815,0.000000,0.000000,0.000000,65535.000000,5.435423,1.745879,3.269170,2.716949,3.269170,2.716949,0.250000,0.000000,1.000000
22820.000000,3.269170,2.716949,0.000000,0.000000,0.000000,2.000000,0.000000,1.000000,0.000000,0.003558,0.000000,0.000000,0.000000,-1.105446,0.000000,0.000000,0.000000,65535.000000,5.435423,1.745879,3.269170,2.716949,3.269170,2.716949,0.250000,0.000000,1.000000
22830.000000,3.269170,2.716949,0.000000,0.000000,0.000000,2.000000,0.000000,1.000000,0.000000,0.003149,0.000000,0.000000,0.000000,-1.095455,0.000000,0.000000,0.000000,65535.000000,5.435423,1.745879,3.269170,2.716949,3.269170,2.716949,0.250000,0.000000,1.000000
22840.000000,3.269170,2.716949,0.000000,0.000000,0.000000,2.000000,0.000000,1.000000,0.000000,0.002577,0.000000,0.000000,0.000000,-1.084005,0.000000,0.000000,0.000000,65535.000000,5.435423,1.745879,3.269170,2.716949,3.269170,2.716949,0.250000,0.000000,1.000000
22850.000000,3.269170,2.716949,0.000000,0.000000,0.000000,2.000000,0.000000,1.000000,0.000000,0.002291,0.000000,0.000000,0.000000,-1.072368,0.000000,0.000000,0.000000,65535.000000,5.435423,1.745879,3.269170,2.716949,3.269170,2.716949,0.250000,0.000000,1.000000
22860.000000,3.269170,2.716949,0.000000,0.000000,0.000000,2.000000,0.000000,1.000000,0.000000,0.002156,0.000000,0.000000,0.000000,-1.062774,0.000000,0.000000,0.000000,65535.000000,5.435423,1.745879,3.269170,2.716949,3.269170,2.716949,0.250000,0.000000,1.000000
22870.000000,3.269170,2.716949,0.000000,0.000000,0.000000,2.000000,0.000000,1.000000,0.000000,0.001975,0.000000,0.000000,0.000000,-1.052593,0.000000,0.000000,0.000000,65535.000000,5.435423,1.745879,3.269170,2.716949,3.269170,2.716949,0.250000,0.000000,1.000000
22880.000000,3.269170,2.716949,0.000000,0.000000,0.000000,2.000000,0.000000,1.000000,0.000000,0.001755,0.000000,0.000000,0.000000,-1.041618,0.000000,0.000000,0.000000,65535.000000,5.435423,1.745879,3.269170,2.716949,3.269170,2.716949,0.250000,0.000000,1.000000
22890.000000,3.269170,2.716949,0.000000,0.000000,0.000000,2.000000,0.000000,1.000000,0.000000,0.001560,0.000000,0.000000,0.000000,-1.025047,0.000000,0.000000,0.000000,65535.000000,5.435423,1.745879,3.269170,2.716949,3.269170,2.716949,0.250000,0.000000,1.000000
22900.000000,3.269170,2.716949,0.000000,0.000000,0.000000,2.000000,0.000000,1.000000,0.000000,0.001387,0.000000,0.000000,0.000000,-1.014636,0.000000,0.000000,0.000000,65535.000000,5.435423,1.745879,3.269170,2.716949,3.269170,2.716949,0.250000,0.000000,1.000000
22910.000000,3.269170,2.716949,0.000000,0.000000,0.000000,2.000000,0.000000,1.000000,0.000000,0.001233,0.000000,0.000000,0.000000,-1.004434,0.000000,0.000000,0.000000,65535.000000,5.435423,1.745879,3.269170,2.716949,3.269170,2.716949,0.250000,0.000000,1.000000
22920.000000,3.269170,2.716949,0.000000,0.000000,0.000000,2.000000,0.000000,1.000000,0.000000,0.001096,0.000000,0.000000,0.000000,-0.996241,0.000000,0.000000,0.000000,65535.000000,5.435423,1.745879,3.269170,2.716949,3.269170,2.716949,0.250000,0.000000,1.000000
22930.000000,3.269170,2.716949,0.000000,0.000000,0.000000,2.000000,0.000000,1.000000,0.000000,0.000974,0.000000,0.000000,0.000000,-0.990730,0.000000,0.000000,0.000000,65535.000000,5.435423,1.745879,3.269170,2.716949,3.269170,2.716949,0.250000,0.000000,1.000000
22940.000000,3.269170,2.716949,0.000000,0.000000,0.000000,2.000000,0.000000,1.000000,0.000000,0.000866,0.000000,0.000000,0.000000,-0.975330,0.000000,0.000000,0.000000,65535.000000,5.435423,1.745879,3.269170,2.716949,3.269170,2.716949,0.250000,0.000000,1.000000
22950.000000,3.269170,2.716949,0.000000,0.000000,0.000000,2.000000,0.000000,1.000000,0.000000,0.000770,0.000000,0.000000,0.000000,-0.965900,0.000000,0.000000,0.000000,65535.000000,5.435423,1.745879,3.269170,2.716949,3.269170,2.716949,0.250000,0.000000,1.000000
22960.000000,3.269170,2.716949,0.000000,0.000000,0.000000,2.000000,0.000000,1.000000,0.000000,0.000684,0.000000,0.000000,0.000000,-0.956650,0.000000,0.000000,0.000000,65535.000000,5.435423,1.745879,3.269170,2.716949,3.269170,2.716949,0.250000,0.000000,1.000000
22970.000000,3.269170,2.716949,0.000000,0.000000,0.000000,2.000000,0.000000,1.000000,0.000000,0.000608,0.000000,0.000000,0.000000,-0.951723,0.000000,0.000000,0.000000,65535.000000,5.435423,1.745879,3.269170,2.716949,3.269170,2.716949,0.250000,0.000000,1.000000
22980.000000,3.269170,2.716949,0.000000,0.000000,0.000000,2.000000,0.000000,1.000000,0.000000,0.000540,0.000000,0.000000,0.000000,-0.942742,0.000000,0.000000,0.000000,65535.000000,5.435423,1.745879,3.269170,2.716949,3.269170,2.716949,0.250000,0.000000,1.000000
22990.000000,3.269170,2.716949,0.000000,0.000000,0.000000,2.000000,0.000000,1.000000,0.000000,0.000480,0.000000,0.000000,0.000000,-0.933928,0.000000,0.000000,0.000000,65535.000000,5.435423,1.745879,3.269170,2.716949,3.269170,2.716949,0.250000,0.000000,1.000000
23000.000000,3.269170,2.716949,0.000000,0.000000,0.000000,2.000000,0.000000,1.000000,0.000000,0.000427,0.000000,0.000000,0.000000,-0.926768,0.000000,0.000000,0.000000,65535.000000,5.435423,1.745879,3.269170,2.716949,3.269170,2.716949,0.250000,0.000000,1.000000
23010.000000,3.269170,2.716949,0.000000,0.000000,0.000000,2.000000,0.000000,1.000000,0.000000,0.000380,0.000000,0.000000,0.000000,-0.918783,0.000000,0.000000,0.000000,65535.000000,5.435423,1.745879,3.269170,2.716949,3.269170,2.716949,0.250000,0.000000,1.000000
23020.000000,3.269170,2.716949,0.000000,0.000000,0.000000,2.000000,0.000000,1.000000,0.000000,0.000337,0.000000,0.000000,0.000000,-0.908259,0.000000,0.000000,0.000000,65535.000000,5.435423,1.745879,3.269170,2.716949,3.269170,2.716949,0.250000,0.000000,1.000000
23030.000000,3.269170,2.716949,0.000000,0.000000,0.000000,2.000000,0.000000,1.000000,0.000000,0.000300,0.000000,0.000000,0.000000,-0.899405,0.000000,0.000000,0.000000,65535.000000,5.435423,1.745879,3.269170,2.716949,3.269170,2.716949,0.250000,0.000000,1.000000
23040.000000,3.269170,2.716949,0.000000,0.000000,0.000000,2.000000,0.000000,1.000000,0.000000,0.000267,0.000000,0.000000,0.000000,-0.891380,0.000000,0.000000,0.000000,65535.000000,5.435423,1.745879,3.269170,2.716949,3.269170,2.716949,0.250000,0.000000,1.000000
23050.000000,3.269170,2.716949,0.000000,0.000000,0.000000,2.000000,0.000000,1.000000,0.000000,0.000237,0.000000,0.000000,0.000000,-0.880025,0.000000,0.000000,0.000000,65535.000000,5.435423,1.745879,3.269170,2.716949,3.269170,2.716949,0.250000,0.000000,1.000000
23060.000000,3.269170,2.716949,0.000000,0.000000,0.000000,2.000000,0.000000,1.000000,0.000000,0.000211,0.000000,0.000000,0.000000,-0.872341,0.000000,0.000000,0.000000,65535.000000,5.435423,1.745879,3.269170,2.716949,3.269170,2.716949,0.250000,0.000000,1.000000
23070.000000,3.269170,2.716949,0.000000,0.000000,0.000000,2.000000,0.000000,1.000000,0.000000,0.000187,0.000000,0.000000,0.000000,-0.864789,0.000000,0.000000,0.000000,65535.000000,5.435423,1.745879,3.269170,2.716949,3.269170,2.716949,0.250000,0.000000,1.000000
23080.000000,3.269170,2.716949,0.000000,0.000000,0.000000,2.000000,0.000000,1.000000,0.000000,0.000166,0.000000,0.000000,0.000000,-0.861592,0.000000,0.000000,0.000000,65535.000000,5.435423,1.745879,3.269170,2.716949,3.269170,2.716949,0.250000,0.000000,1.000000
23090.000000,3.269170,2.716949,0.000000,0.000000,0.000000,2.000000,0.000000,1.000000,0.000000,0.000148,0.000000,0.000000,0.000000,-0.856702,0.000000,0.000000,0.000000,65535.000000,5.435423,1.745879,3.269170,2.716949,3.269170,2.716949,0.250000,0.000000,1.000000
23100.000000,3.269170,2.716949,0.000000,0.000000,0.000000,2.000000,0.000000,1.000000,0.000000,0.000132,0.000000,0.000000,0.000000,-0.849418,0.000000,0.000000,0.000000,65535.000000,5.435423,1.745879,3.269170,2.716949,3.269170,2.716949,0.250000,0.000000,1.000000
23110.000000,3.269170,2.716949,0.000000,0.000000,0.000000,2.000000,0.000000,1.000000,0.000000,0.000117,0.000000,0.000000,0.000000,-0.843177,0.000000,0.000000,0.000000,65535.000000,5.435423,1.745879,3.269170,2.716949,3.269170,2.716949,0.250000,0.000000,1.000000
23120.000000,3.269170,2.716949,0.000000,0.000000,0.000000,2.000000,0.000000,1.000000,0.000000,0.000104,0.000000,0.000000,0.000000,-0.837496,0.000000,0.000000,0.000000,65535.000000,5.435423,1.745879,3.269170,2.716949,3.269170,2.716949,0.250000,0.000000,1.000000
23130.000000,3.269170,2.716949,0.000000,0.000000,0.000000,2.000000,0.000000,1.000000,0.000000,0.000092,0.000000,0.000000,0.000000,-0.830469,0.000000,0.000000,0.000000,65535.000000,5.435423,1.745879,3.269170,2.716949,3.269170,2.716949,0.250000,0.000000,1.000000
23140.000000,3.269170,2.716949,0.000000,0.000000,0.000000,2.000000,0.000000,1.000000,0.000000,0.000082,0.000000,0.000000,0.000000,-0.822484,0.000000,0.000000,0.000000,65535.000000,5.435423,1.745879,3.269170,2.716949,3.269170,2.716949,0.250000,0.000000,1.000000
23150.000000,3.269170,2.716949,0.000000,0.000000,0.000000,2.000000,0.000000,1.000000,0.000000,0.000073,0.000000,0.000000,0.000000,-0.814728,0.000000,0.000000,0.000000,65535.000000,5.435423,1.745879,3.269170,2.716949,3.269170,2.716949,0.250000,0.000000,1.000000
23160.000000,3.269170,2.716949,0.000000,0.000000,0.000000,2.000000,0.000000,1.000000,0.000000,0.000065,0.000000,0.000000,0.000000,-0.808137,0.000000,0.000000,0.000000,65535.000000,5.435423,1.745879,3.269170,2.716949,3.269170,2.716949,0.250000,0.000000,1.000000
23170.000000,3.269170,2.716949,0.000000,0.000000,0.000000,2.000000,0.000000,1.000000,0.000000,0.000058,0.000000,0.000000,0.000000,-0.802120,0.000000,0.000000,0.000000,65535.000000,5.435423,1.745879,3.269170,2.716949,3.269170,2.716949,0.250000,0.000000,1.000000
23180.000000,3.269170,2.716949,0.000000,0.000000,0.000000,2.000000,0.000000,1.000000,0.000000,0.000051,0.000000,0.000000,0.000000,-0.795782,0.000000,0.000000,0.000000,65535.000000,5.435423,1.745879,3.269170,2.716949,3.269170,2.716949,0.250000,0.000000,1.000000
23190.000000,3.269170,2.716949,0.000000,0.000000,0.000000,2.000000,0.000000,1.000000,0.000000,0.000046,0.000000,0.000000,0.000000,-0.789493,0.000000,0.000000,0.000000,65535.000000,5.435423,1.745879,3.269170,2.716949,3.269170,2.716949,0.250000,0.000000,1.000000
23200.000000,3.269170,2.716949,0.000000,0.000000,0.000000,2.000000,0.000000,1.000000,0.000000,0.000040,0.000000,0.000000,0.000000,-0.784979,0.000000,0.000000,0.000000,65535.000000,5.435423,1.745879,3.269170,2.716949,3.269170,2.716949,0.250000,0.000000,1.000000
23210.000000,3.269170,2.716949,0.000000,0.000000,0.000000,2.000000,0.000000,1.000000,0.000000,0.000036,0.000000,0.000000,0.000000,-0.778859,0.000000,0.000000,0.000000,65535.000000,5.435423,1.745879,3.269170,2.716949,3.269170,2.716949,0.250000,0.000000,1.000000
23220.000000,3.269170,2.716949,0.000000,0.000000,0.000000,2.000000,0.000000,1.000000,0.000000,0.000032,0.000000,0.000000,0.000000,-0.769967,0.000000,0.000000,0.000000,65535.000000,5.435423,1.745879,3.269170,2.716949,3.269170,2.716949,0.250000,0.000000,1.000000
23230.000000,3.269170,2.716949,0.000000,0.000000,0.000000,2.000000,0.000000,1.000000,0.000000,0.000028,0.000000,0.000000,0.000000,-0.764078,0.000000,0.000000,0.000000,65535.000000,5.435423,1.745879,3.269170,2.716949,3.269170,2.716949,0.250000,0.000000,1.000000
23240.000000,3.269170,2.716949,0.000000,0.000000,0.000000,2.000000,0.000000,1.000000,0.000000,0.000025,0.000000,0.000000,0.000000,-0.758279,0.000000,0.000000,0.000000,65535.000000,5.435423,1.745879,3.269170,2.716949,3.269170,2.716949,0.250000,0.000000,1.000000
23250.000000,3.269170,2.716949,0.000000,0.000000,0.000000,2.000000,0.000000,1.000000,0.000000,0.000022,0.000000,0.000000,0.000000,-0.753024,0.000000,0.000000,0.000000,65535.000000,5.435423,1.745879,3.269170,2.716949,3.269170,2.716949,0.250000,0.000000,1.000000
23260.000000,3.269170,2.716949,0.000000,0.000000,0.000000,2.000000,0.000000,1.000000,0.000000,0.000020,0.000000,0.000000,0.000000,-0.747390,0.000000,0.000000,0.000000,65535.000000,5.435423,1.745879,3.269170,2.716949,3.269170,2.716949,0.250000,0.000000,1.000000
23270.000000,3.269170,2.716949,0.000000,0.000000,0.000000,2.000000,0.000000,1.000000,0.000000,0.000018,0.000000,0.000000,0.000000,-0.741840,0.000000,0.000000,0.000000,65535.000000,5.435423,1.745879,3.269170,2.716949,3.269170,2.716949,0.250000,0.000000,1.000000
23280.000000,3.269170,2.716949,0.000000,0.000000,0.000000,2.000000,0.000000,1.000000,0.000000,0.000016,0.000000,0.000000,0.000000,-0.742382,0.000000,0.000000,0.000000,65535.000000,5.435423,1.745879,3.269170,2.716949,3.269170,2.716949,0.250000,0.000000,1.000000
23290.000000,3.269170,2.716949,0.000000,0.000000,0.000000,2.000000,0.000000,1.000000,0.000000,0.000014,0.000000,0.000000,0.000000,-0.736905,0.000000,0.000000,0.000000,65535.000000,5.435423,1.745879,3.269170,2.716949,3.269170,2.716949,0.250000,0.000000,1.000000
23300.000000,3.269170,2.716949,0.000000,0.000000,0.000000,2.000000,0.000000,1.000000,0.000000,0.000012,0.000000,0.000000,0.000000,-0.722946,0.000000,0.000000,0.000000,65535.000000,5.435423,1.745879,3.269170,2.716949,3.269170,2.716949,0.250000,0.000000,1.000000
23310.000000,3.269170,2.716949,0.000000,0.000000,0.000000,2.000000,0.000000,1.000000,0.000000,0.000011,0.000000,0.000000,0.000000,-0.716218,0.000000,0.000000,0.000000,65535.000000,5.435423,1.745879,3.269170,2.716949,3.269170,2.716949,0.250000,0.000000,1.000000
23320.000000,3.269170,2.716949,0.000000,0.000000,0.000000,2.000000,0.000000,1.000000,0.000000,0.000010,0.000000,0.000000,0.000000,-0.711119,0.000000,0.000000,0.000000,65535.000000,5.435423,1.745879,3.269170,2.716949,3.269170,2.716949,0.250000,0.000000,1.000000
23330.000000,3.269170,2.716949,0.000000,0.000000,0.000000,2.000000,0.000000,1.000000,0.000000,0.000009,0.000000,0.000000,0.000000,-0.703601,0.000000,0.000000,0.000000,65535.000000,5.435423,1.745879,3.269170,2.716949,3.269170,2.716949,0.250000,0.000000,1.000000
23340.000000,3.269170,2.716949,0.000000,0.000000,0.000000,2.000000,0.000000,1.000000,0.000000,0.000008,0.000000,0.000000,0.000000,-0.698680,0.000000,0.000000,0.000000,65535.000000,5.435423,1.745879,3.269170,2.716949,3.269170,2.716949,0.250000,0.000000,1.000000
23350.000000,3.269170,2.716949,0.000000,0.000000,0.000000,2.000000,0.000000,1.000000,0.000000,0.000007,0.000000,0.000000,0.000000,-0.693828,0.000000,0.000000,0.000000,65535.000000,5.435423,1.745879,3.269170,2.716949,3.269170,2.716949,0.250000,0.000000,1.000000
23360.000000,3.269170,2.716949,0.000000,0.000000,0.000000,2.000000,0.000000,1.000000,0.000000,0.000006,0.000000,0.000000,0.000000,-0.692968,0.000000,0.000000,0.000000,65535.000000,5.435423,1.745879,3.269170,2.716949,3.269170,2.716949,0.250000,0.000000,1.000000
23370.000000,3.269170,2.716949,0.000000,0.000000,0.000000,2.000000,0.000000,1.000000,0.000000,0.000005,0.000000,0.000000,0.000000,-0.688419,0.000000,0.000000,0.000000,65535.000000,5.435423,1.745879,3.269170,2.716949,3.269170,2.716949,0.250000,0.000000,1.000000
23380.000000,3.269170,2.716949,0.000000,0.000000,0.000000,2.000000,0.000000,1.000000,0.000000,0.000005,0.000000,0.000000,0.000000,-0.682934,0.000000,0.000000,0.000000,65535.000000,5.435423,1.745879,3.269170,2.716949,3.269170,2.716949,0.250000,0.000000,1.000000
23390.000000,3.269170,2.716949,0.000000,0.000000,0.000000,2.000000,0.000000,1.000000,0.000000,0.000004,0.000000,0.000000,0.000000,-0.678758,0.000000,0.000000,0.000000,65535.000000,5.435423,1.745879,3.269170,2.716949,3.269170,2.716949,0.250000,0.000000,1.000000
23400.000000,3.269170,2.716949,0.000000,0.000000,0.000000,2.000000,0.000000,1.000000,0.000000,0.000004,0.000000,0.000000,0.000000,-0.672883,0.000000,0.000000,0.000000,65535.000000,5.435423,1.745879,3.269170,2.716949,3.269170,2.716949,0.250000,0.000000,1.000000
23410.000000,3.269170,2.716949,0.000000,0.000000,0.000000,2.000000,0.000000,1.000000,0.000000,0.000003,0.000000,0.000000,0.000000,-0.667518,0.000000,0.000000,0.000000,65535.000000,5.435423,1.745879,3.269170,2.716949,3.269170,2.716949,0.250000,0.000000,1.000000
23420.000000,3.269170,2.716949,0.000000,0.000000,0.000000,2.000000,0.000000,1.000000,0.000000,0.000003,0.000000,0.000000,0.000000,-0.663087,0.000000,0.000000,0.000000,65535.000000,5.435423,1.745879,3.269170,2.716949,3.269170,2.716949,0.250000,0.000000,1.000000
23430.000000,3.269170,2.716949,0.000000,0.000000,0.000000,2.000000,0.000000,1.000000,0.000000,0.000003,0.000000,0.000000,0.000000,-0.658715,0.000000,0.000000,0.000000,65535.000000,5.435423,1.745879,3.269170,2.716949,3.269170,2.716949,0.250000,0.000000,1.000000
23440.000000,3.269170,2.716949,0.000000,0.000000,0.000000,2.000000,0.000000,1.000000,0.000000,0.000002,0.000000,0.000000,0.000000,-0.659189,0.000000,0.000000,0.000000,65535.000000,5.435423,1.745879,3.269170,2.716949,3.269170,2.716949,0.250000,0.000000,1.000000
23450.000000,3.269170,2.716949,0.000000,0.000000,0.000000,2.000000,0.000000,1.000000,0.000000,0.000002,0.000000,0.000000,0.000000,-0.651843,0.000000,0.000000,0.000000,65535.000000,5.435423,1.745879,3.269170,2.716949,3.269170,2.716949,0.250000,0.000000,1.000000
23460.000000,3.269170,2.716949,0.000000,0.000000,0.000000,2.000000,0.000000,1.000000,0.000000,0.000002,0.000000,0.000000,0.000000,-0.644756,0.000000,0.000000,0.000000,65535.000000,5.435423,1.745879,3.269170,2.716949,3.269170,2.716949,0.250000,0.000000,1.000000
23470.000000,3.269170,2.716949,0.000000,0.000000,0.000000,2.000000,0.000000,1.000000,0.000000,0.000002,0.000000,0.000000,0.000000,-0.640622,0.000000,0.000000,0.000000,65535.000000,5.435423,1.745879,3.269170,2.716949,3.269170,2.716949,0.250000,0.000000,1.000000
23480.000000,3.269170,2.716949,0.000000,0.000000,0.000000,2.000000,0.000000,1.000000,0.000000,0.000001,0.000000,0.000000,0.000000,-0.637620,0.000000,0.000000,0.000000,65535.000000,5.435423,1.745879,3.269170,2.716949,3.269170,2.716949,0.250000,0.000000,1.000000
23490.000000,3.269170,2.716949,0.000000,0.000000,0.000000,2.000000,0.000000,1.000000,0.000000,0.000001,0.000000,0.000000,0.000000,-0.634551,0.000000,0.000000,0.000000,65535.000000,5.435423,1.745879,3.269170,2.716949,3.269170,2.716949,0.250000,0.000000,1.000000
23500.000000,3.269170,2.716949,0.000000,0.000000,0.000000,2.000000,0.000000,1.000000,0.000000,0.000001,0.000000,0.000000,0.000000,-0.630545,0.000000,0.000000,0.000000,65535.000000,5.435423,1.745879,3.269170,2.716949,3.269170,2.716949,0.250000,0.000000,1.000000
23510.000000,3.269170,2.716949,0.000000,0.000000,0.000000,2.000000,0.000000,1.000000,0.000000,0.000001,0.000000,0.000000,0.000000,-0.630002,0.000000,0.000000,0.000000,65535.000000,5.435423,1.745879,3.269170,2.716949,3.269170,2.716949,0.250000,0.000000,1.000000
23520.000000,3.269170,2.716949,0.000000,0.000000,0.000000,2.000000,0.000000,1.000000,0.000000,0.000001,0.000000,0.000000,0.000000,-0.627449,0.000000,0.000000,0.000000,65535.000000,5.435423,1.745879,3.269170,2.716949,3.269170,2.716949,0.250000,0.000000,1.000000
23530.000000,3.269170,2.716949,0.000000,0.000000,0.000000,2.000000,0.000000,1.000000,0.000000,0.000001,0.000000,0.000000,0.000000,-0.616151,0.000000,0.000000,0.000000,65535.000000,5.435423,1.745879,3.269170,2.716949,3.269170,2.716949,0.250000,0.000000,1.000000
23540.000000,3.269170,2.716949,0.000000,0.000000,0.000000,2.000000,0.000000,1.000000,0.000000,0.000001,0.000000,0.000000,0.000000,-0.604046,0.000000,0.000000,0.000000,65535.000000,5.435423,1.745879,3.269170,2.716949,3.269170,2.716949,0.250000,0.000000,1.000000
23550.000000,3.269170,2.716949,0.000000,0.000000,0.000000,2.000000,0.000000,1.000000,0.000000,0.000001,0.000000,0.000000,0.000000,-0.587226,0.000000,0.000000,0.000000,65535.000000,5.435423,1.745879,3.269170,2.716949,3.269170,2.716949,0.250000,0.000000,1.000000
23560.000000,3.269170,2.716949,0.000000,0.000000,0.000000,2.000000,0.000000,1.000000,0.000000,0.000001,0.000000,0.000000,0.000000,-0.583088,0.000000,0.000000,0.000000,65535.000000,5.435423,1.745879,3.269170,2.716949,3.269170,2.716949,0.250000,0.000000,1.000000
23570.000000,3.269170,2.716949,0.000000,0.000000,0.000000,2.000000,0.000000,1.000000,0.000000,0.000001,0.000000,0.000000,0.000000,-0.574261,0.000000,0.000000,0.000000,65535.000000,5.435423,1.745879,3.269170,2.716949,3.269170,2.716949,0.250000,0.000000,1.000000
23580.000000,3.269170,2.716949,0.000000,0.000000,0.000000,2.000000,0.000000,1.000000,0.000000,0.000000,0.000000,0.000000,0.000000,-0.570978,0.000000,0.000000,0.000000,65535.000000,5.435423,1.745879,3.269170,2.716949,3.269170,2.716949,0.250000,0.000000,1.000000
23590.000000,3.269170,2.716949,0.000000,0.000000,0.000000,2.000000,0.000000,1.000000,0.000000,0.000000,0.000000,0.000000,0.000000,-0.571850,0.000000,0.000000,0.000000,65535.000000,5.435423,1.745879,3.269170,2.716949,3.269170,2.716949,0.250000,0.000000,1.000000
23600.000000,3.269170,2.716949,0.000000,0.000000,0.000000,2.000000,0.000000,1.000000,0.000000,0.000000,0.000000,0.000000,0.000000,-0.579706,0.000000,0.000000,0.000000,65535.000000,5.435423,1.745879,3.269170,2.716949,3.269170,2.716949,0.250000,0.000000,1.000000
23610.000000,3.269170,2.716949,0.000000,0.000000,0.000000,2.000000,0.000000,1.000000,0.000000,0.000000,0.000000,0.000000,0.000000,-0.579777,0.000000,0.000000,0.000000,65535.000000,5.435423,1.745879,3.269170,2.716949,3.269170,2.716949,0.250000,0.000000,1.000000
23620.000000,3.269170,2.716949,0.000000,0.000000,0.000000,2.000000,0.000000,1.000000,0.000000,0.000000,0.000000,0.000000,0.000000,-0.576432,0.000000,0.000000,0.000000,65535.000000,5.435423,1.745879,3.269170,2.716949,3.269170,2.716949,0.250000,0.000000,1.000000
23630.000000,3.269170,2.716949,0.000000,0.000000,0.000000,2.000000,0.000000,1.000000,0.000000,0.000000,0.000000,0.000000,0.000000,-0.583071,0.000000,0.000000,0.000000,65535.000000,5.435423,1.745879,3.269170,2.716949,3.269170,2.716949,0.250000,0.000000,1.000000
23640.000000,3.269170,2.716949,0.000000,0.000000,0.000000,2.000000,0.000000,1.000000,0.000000,0.000000,0.000000,0.000000,0.000000,-0.567821,0.000000,0.000000,0.000000,65535.000000,5.435423,1.745879,3.269170,2.716949,3.269170,2.716949,0.250000,0.000000,1.000000
23650.000000,3.269170,2.716949,0.000000,0.000000,0.000000,2.000000,0.000000,1.000000,0.000000,0.000000,0.000000,0.000000,0.000000,-0.564212,0.000000,0.000000,0.000000,65535.000000,5.435423,1.745879,3.269170,2.716949,3.269170,2.716949,0.250000,0.000000,1.000000
23660.000000,3.269170,2.716949,0.000000,0.000000,0.000000,2.000000,0.000000,1.000000,0.000000,0.000000,0.000000,0.000000,0.000000,-0.561043,0.000000,0.000000,0.000000,65535.000000,5.435423,1.745879,3.269170,2.716949,3.269170,2.716949,0.250000,0.000000,1.000000
23670.000000,3.269170,2.716949,0.000000,0.000000,0.000000,2.000000,0.000000,1.000000,0.000000,0.000000,0.000000,0.000000,0.000000,-0.563338,0.000000,0.000000,0.000000,65535.000000,5.435423,1.745879,3.269170,2.716949,3.269170,2.716949,0.250000,0.000000,1.000000
23680.000000,3.269170,2.716949,0.000000,0.000000,0.000000,2.000000,0.000000,1.000000,0.000000,0.000000,0.000000,0.000000,0.000000,-0.568277,0.000000,0.000000,0.000000,65535.000000,5.435423,1.745879,3.269170,2.716949,3.269170,2.716949,0.250000,0.000000,1.000000
23690.000000,3.269170,2.716949,0.000000,0.000000,0.000000,2.000000,0.000000,1.000000,0.000000,0.000000,0.000000,0.000000,0.000000,-0.567904,0.000000,0.000000,0.000000,65535.000000,5.435423,1.745879,3.269170,2.716949,3.269170,2.716949,0.250000,0.000000,1.000000
23700.000000,3.269170,2.716949,0.000000,0.000000,0.000000,2.000000,0.000000,1.000000,0.000000,0.000000,0.000000,0.000000,0.000000,-0.559488,0.000000,0.000000,0.000000,65535.000000,5.435423,1.745879,3.269170,2.716949,3.269170,2.716949,0.250000,0.000000,1.000000
23710.000000,3.269170,2.716949,0.000000,0.000000,0.000000,2.000000,0.000000,1.000000,0.000000,0.000000,0.000000,0.000000,0.000000,-0.554583,0.000000,0.000000,0.000000,65535.000000,5.435423,1.745879,3.269170,2.716949,3.269170,2.716949,0.250000,0.000000,1.000000
23720.000000,3.269170,2.716949,0.000000,0.000000,0.000000,2.000000,0.000000,1.000000,0.000000,0.000000,0.000000,0.000000,0.000000,-0.551522,0.000000,0.000000,0.000000,65535.000000,5.435423,1.745879,3.269170,2.716949,3.269170,2.716949,0.250000,0.000000,1.000000
23730.000000,3.269170,2.716949,0.000000,0.000000,0.000000,2.000000,0.000000,1.000000,0.000000,0.000000,0.000000,0.000000,0.000000,-0.548494,0.000000,0.000000,0.000000,65535.000000,5.435423,1.745879,3.269170,2.716949,3.269170,2.716949,0.250000,0.000000,1.000000
23740.000000,3.269170,2.716949,0.000000,0.000000,0.000000,2.000000,0.000000,1.000000,0.000000,0.000000,0.000000,0.000000,0.000000,-0.551666,0.000000,0.000000,0.000000,65535.000000,5.435423,1.745879,3.269170,2.716949,3.269170,2.716949,0.250000,0.000000,1.000000
23750.000000,3.269170,2.716949,0.000000,0.000000,0.000000,2.000000,0.000000,1.000000,0.000000,0.000000,0.000000,0.000000,0.000000,-0.548636,0.000000,0.000000,0.000000,65535.000000,5.435423,1.745879,3.269170,2.716949,3.269170,2.716949,0.250000,0.000000,1.000000
23760.000000,3.269170,2.716949,0.000000,0.000000,0.000000,2.000000,0.000000,1.000000,0.000000,0.000000,0.000000,0.000000,0.000000,-0.546404,0.000000,0.000000,0.000000,65535.000000,5.435423,1.745879,3.269170,2.716949,3.269170,2.716949,0.250000,0.000000,1.000000
23770.000000,3.269170,2.716949,0.000000,0.000000,0.000000,2.000000,0.000000,1.000000,0.000000,0.000000,0.000000,0.000000,0.000000,-0.540166,0.000000,0.000000,0.000000,65535.000000,5.435423,1.745879,3.269170,2.716949,3.269170,2.716949,0.250000,0.000000,1.000000
23780.000000,3.269170,2.716949,0.000000,0.000000,0.000000,2.000000,0.000000,1.000000,0.000000,0.000000,0.000000,0.000000,0.000000,-0.537261,0.000000,0.000000,0.000000,65535.000000,5.435423,1.745879,3.269170,2.716949,3.269170,2.716949,0.250000,0.000000,1.000000
23790.000000,3.269170,2.716949,0.000000,0.000000,0.000000,2.000000,0.000000,1.000000,0.000000,0.000000,0.000000,0.000000,0.000000,-0.534387,0.000000,0.000000,0.000000,65535.000000,5.435423,1.745879,3.269170,2.716949,3.269170,2.716949,0.250000,0.000000,1.000000
23800.000000,3.269170,2.716949,0.000000,0.000000,0.000000,2.000000,0.000000,1.000000,0.000000,0.000000,0.000000,0.000000,0.000000,-0.539177,0.000000,0.000000,0.000000,65535.000000,5.435423,1.745879,3.269170,2.716949,3.269170,2.716949,0.250000,0.000000,1.000000
23810.000000,3.269170,2.716949,0.000000,0.000000,0.000000,2.000000,0.000000,1.000000,0.000000,0.000000,0.000000,0.000000,0.000000,-0.536909,0.000000,0.000000,0.000000,65535.000000,5.435423,1.745879,3.269170,2.716949,3.269170,2.716949,0.250000,0.000000,1.000000
23820.000000,3.269170,2.716949,0.000000,0.000000,0.000000,2.000000,0.000000,1.000000,0.000000,0.000000,0.000000,0.000000,0.000000,-0.530510,0.000000,0.000000,0.000000,65535.000000,5.435423,1.745879,3.269170,2.716949,3.269170,2.716949,0.250000,0.000000,1.000000
23830.000000,3.269170,2.716949,0.000000,0.000000,0.000000,2.000000,0.000000,1.000000,0.000000,0.000000,0.000000,0.000000,0.000000,-0.526366,0.000000,0.000000,0.000000,65535.000000,5.435423,1.745879,3.269170,2.716949,3.269170,2.716949,0.250000,0.000000,1.000000
23840.000000,3.269170,2.716949,0.000000,0.000000,0.000000,2.000000,0.000000,1.000000,0.000000,0.000000,0.000000,0.000000,0.000000,-0.518697,0.000000,0.000000,0.000000,65535.000000,5.435423,1.745879,3.269170,2.716949,3.269170,2.716949,0.250000,0.000000,1.000000
23850.000000,3.269170,2.716949,0.000000,0.000000,0.000000,2.000000,0.000000,1.000000,0.000000,0.000000,0.000000,0.000000,0.000000,-0.516018,0.000000,0.000000,0.000000,65535.000000,5.435423,1.745879,3.269170,2.716949,3.269170,2.716949,0.250000,0.000000,1.000000
23860.000000,3.269170,2.716949,0.000000,0.000000,0.000000,2.000000,0.000000,1.000000,0.000000,0.000000,0.000000,0.000000,0.000000,-0.513366,0.000000,0.000000,0.000000,65535.000000,5.435423,1.745879,3.269170,2.716949,3.269170,2.716949,0.250000,0.000000,1.000000
23870.000000,3.269170,2.716949,0.000000,0.000000,0.000000,2.000000,0.000000,1.000000,0.000000,0.000000,0.000000,0.000000,0.000000,-0.521407,0.000000,0.000000,0.000000,65535.000000,5.435423,1.745879,3.269170,2.716949,3.269170,2.716949,0.250000,0.000000,1.000000
23880.000000,3.269170,2.716949,0.000000,0.000000,0.000000,2.000000,0.000000,1.000000,0.000000,0.000000,0.000000,0.000000,0.000000,-0.522293,0.000000,0.000000,0.000000,65535.000000,5.435423,1.745879,3.269170,2.716949,3.269170,2.716949,0.250000,0.000000,1.000000
23890.000000,3.269170,2.716949,0.000000,0.000000,0.000000,2.000000,0.000000,1.000000,0.000000,0.000000,0.000000,0.000000,0.000000,-0.521024,0.000000,0.000000,0.000000,65535.000000,5.435423,1.745879,3.269170,2.716949,3.269170,2.716949,0.250000,0.000000,1.000000
23900.000000,3.269170,2.716949,0.000000,0.000000,0.000000,2.000000,0.000000,1.000000,0.000000,0.000000,0.000000,0.000000,0.000000,-0.511151,0.000000,0.000000,0.000000,65535.000000,5.435423,1.745879,3.269170,2.716949,3.269170,2.716949,0.250000,0.000000,1.000000
23910.000000,3.269170,2.716949,0.000000,0.000000,0.000000,2.000000,0.000000,1.000000,0.000000,0.000000,0.000000,0.000000,0.000000,-0.502275,0.000000,0.000000,0.000000,65535.000000,5.435423,1.745879,3.269170,2.716949,3.269170,2.716949,0.250000,0.000000,1.000000
23920.000000,3.269170,2.716949,0.000000,0.000000,0.000000,2.000000,0.000000,1.000000,0.000000,0.000000,0.000000,0.000000,0.000000,-0.499763,0.000000,0.000000,0.000000,65535.000000,5.435423,1.745879,3.269170,2.716949,3.269170,2.716949,0.250000,0.000000,1.000000
23930.000000,3.269170,2.716949,0.000000,0.000000,0.000000,2.000000,0.000000,1.000000,0.000000,0.000000,0.000000,0.000000,0.000000,-0.498263,0.000000,0.000000,0.000000,65535.000000,5.435423,1.745879,3.269170,2.716949,3.269170,2.716949,0.250000,0.000000,1.000000
23940.000000,3.269170,2.716949,0.000000,0.000000,0.000000,2.000000,0.000000,1.000000,0.000000,0.000000,0.000000,0.000000,0.000000,-0.500989,0.000000,0.000000,0.000000,65535.000000,5.435423,1.745879,3.269170,2.716949,3.269170,2.716949,0.250000,0.000000,1.000000
23950.000000,3.269170,2.716949,0.000000,0.000000,0.000000,2.000000,0.000000,1.000000,0.000000,0.000000,0.000000,0.000000,0.000000,-0.498596,0.000000,0.000000,0.000000,65535.000000,5.435423,1.745879,3.269170,2.716949,3.269170,2.716949,0.250000,0.000000,1.000000
23960.000000,3.269170,2.716949,0.000000,0.000000,0.000000,2.000000,0.000000,1.000000,0.000000,0.000000,0.000000,0.000000,0.000000,-0.493958,0.000000,0.000000,0.000000,65535.000000,5.435423,1.745879,3.269170,2.716949,3.269170,2.716949,0.250000,0.000000,1.000000
23970.000000,3.269170,2.716949,0.000000,0.000000,0.000000,2.000000,0.000000,1.000000,0.000000,0.000000,0.000000,0.000000,0.000000,-0.491528,0.000000,0.000000,0.000000,65535.000000,5.435423,1.745879,3.269170,2.716949,3.269170,2.716949,0.250000,0.000000,1.000000
23980.000000,3.269170,2.716949,0.000000,0.000000,0.000000,2.000000,0.000000,1.000000,0.000000,0.000000,0.000000,0.000000,0.000000,-0.491518,0.000000,0.000000,0.000000,65535.000000,5.435423,1.745879,3.269170,2.716949,3.269170,2.716949,0.250000,0.000000,1.000000
23990.000000,3.269170,2.716949,0.000000,0.000000,0.000000,2.000000,0.000000,1.000000,0.000000,0.000000,0.000000,0.000000,0.000000,-0.491093,0.000000,0.000000,0.000000,65535.000000,5.435423,1.745879,3.269170,2.716949,3.269170,2.716949,0.250000,0.000000,1.000000
24000.000000,3.269170,2.716949,0.000000,0.000000,0.000000,2.000000,0.000000,1.000000,0.000000,0.000000,0.000000,0.000000,0.000000,-0.488983,0.000000,0.000000,0.000000,65535.000000,5.435423,1.745879,3.269170,2.716949,3.269170,2.716949,0.250000,0.000000,1.000000
24010.000000,3.269170,2.716949,0.000000,0.000000,0.000000,2.000000,0.000000,1.000000,0.000000,0.000000,0.000000,0.000000,0.000000,-0.490261,0.000000,0.000000,0.000000,65535.000000,5.435423,1.745879,3.269170,2.716949,3.269170,2.716949,0.250000,0.000000,1.000000
24020.000000,3.269170,2.716949,0.000000,0.000000,0.000000,2.000000,0.000000,1.000000,0.000000,0.000000,0.000000,0.000000,0.000000,-0.483737,0.000000,0.000000,0.000000,65535.000000,5.435423,1.745879,3.269170,2.716949,3.269170,2.716949,0.250000,0.000000,1.000000
24030.000000,3.269170,2.716949,0.000000,0.000000,0.000000,2.000000,0.000000,1.000000,0.000000,0.000000,0.000000,0.000000,0.000000,-0.480600,0.000000,0.000000,0.000000,65535.000000,5.435423,1.745879,3.269170,2.716949,3.269170,2.716949,0.250000,0.000000,1.000000
24040.000000,3.269170,2.716949,0.000000,0.000000,0.000000,2.000000,0.000000,1.000000,0.000000,0.000000,0.000000,0.000000,0.000000,-0.478299,0.000000,0.000000,0.000000,65535.000000,5.435423,1.745879,3.269170,2.716949,3.269170,2.716949,0.250000,0.000000,1.000000
24050.000000,3.269170,2.716949,0.000000,0.000000,0.000000,2.000000,0.000000,1.000000,0.000000,0.000000,0.000000,0.000000,0.000000,-0.479231,0.000000,0.000000,0.000000,65535.000000,5.435423,1.745879,3.269170,2.716949,3.269170,2.716949,0.250000,0.000000,1.000000
24060.000000,3.269170,2.716949,0.000000,0.000000,0.000000,2.000000,0.000000,1.000000,0.000000,0.000000,0.000000,0.000000,0.000000,-0.475841,0.000000,0.000000,0.000000,65535.000000,5.435423,1.745879,3.269170,2.716949,3.269170,2.716949,0.250000,0.000000,1.000000
24070.000000,3.269170,2.716949,0.000000,0.000000,0.000000,2.000000,0.000000,1.000000,0.000000,0.000000,0.000000,0.000000,0.000000,-0.473585,0.000000,0.000000,0.000000,65535.000000,5.435423,1.745879,3.269170,2.716949,3.269170,2.716949,0.250000,0.000000,1.000000
24080.000000,3.269170,2.716949,0.000000,0.000000,0.000000,2.000000,0.000000,1.000000,0.000000,0.000000,0.000000,0.000000,0.000000,-0.471350,0.000000,0.000000,0.000000,65535.000000,5.435423,1.745879,3.269170,2.716949,3.269170,2.716949,0.250000,0.000000,1.000000
24090.000000,3.269170,2.716949,0.000000,0.000000,0.000000,2.000000,0.000000,1.000000,0.000000,0.000000,0.000000,0.000000,0.000000,-0.466950,0.000000,0.000000,0.000000,65535.000000,5.435423,1.745879,3.269170,2.716949,3.269170,2.716949,0.250000,0.000000,1.000000
24100.000000,3.269170,2.716949,0.000000,0.000000,0.000000,2.000000,0.000000,1.000000,0.000000,0.000000,0.000000,0.000000,0.000000,-0.461272,0.000000,0.000000,0.000000,65535.000000,5.435423,1.745879,3.269170,2.716949,3.269170,2.716949,0.250000,0.000000,1.000000
24110.000000,3.269170,2.716949,0.000000,0.000000,0.000000,2.000000,0.000000,1.000000,0.000000,0.000000,0.000000,0.000000,0.000000,-0.458356,0.000000,0.000000,0.000000,65535.000000,5.435423,1.745879,3.269170,2.716949,3.269170,2.716949,0.250000,0.000000,1.000000
24120.000000,3.269170,2.716949,0.000000,0.000000,0.000000,2.000000,0.000000,1.000000,0.000000,0.000000,0.000000,0.000000,0.000000,-0.456263,0.000000,0.000000,0.000000,65535.000000,5.435423,1.745879,3.269170,2.716949,3.269170,2.716949,0.250000,0.000000,1.000000
24130.000000,3.269170,2.716949,0.000000,0.000000,0.000000,2.000000,0.000000,1.000000,0.000000,0.000000,0.000000,0.000000,0.000000,-0.459862,0.000000,0.000000,0.000000,65535.000000,5.435423,1.745879,3.269170,2.716949,3.269170,2.716949,0.250000,0.000000,1.000000
24140.000000,3.269170,2.716949,0.000000,0.000000,0.000000,2.000000,0.000000,1.000000,0.000000,0.000000,0.000000,0.000000,0.000000,-0.459512,0.000000,0.000000,0.000000,65535.000000,5.435423,1.745879,3.269170,2.716949,3.269170,2.716949,0.250000,0.000000,1.000000
24150.000000,3.269170,2.716949,0.000000,0.000000,0.000000,2.000000,0.000000,1.000000,0.000000,0.000000,0.000000,0.000000,0.000000,-0.457081,0.000000,0.000000,0.000000,65535.000000,5.435423,1.745879,3.269170,2.716949,3.269170,2.716949,0.250000,0.000000,1.000000
24160.000000,3.269170,2.716949,0.000000,0.000000,0.000000,2.000000,0.000000,1.000000,0.000000,0.000000,0.000000,0.000000,0.000000,-0.444293,0.000000,0.000000,0.000000,65535.000000,5.435423,1.745879,3.269170,2.716949,3.269170,2.716949,0.250000,0.000000,1.000000
24170.000000,3.269170,2.716949,0.000000,0.000000,0.000000,2.000000,0.000000,1.000000,0.000000,0.000000,0.000000,0.000000,0.000000,-0.442325,0.000000,0.000000,0.000000,65535.000000,5.435423,1.745879,3.269170,2.716949,3.269170,2.716949,0.250000,0.000000,1.000000
24180.000000,3.269170,2.716949,0.000000,0.000000,0.000000,2.000000,0.000000,1.000000,0.000000,0.000000,0.000000,0.000000,0.000000,-0.440375,0.000000,0.000000,0.000000,65535.000000,5.435423,1.745879,3.269170,2.716949,3.269170,2.716949,0.250000,0.000000,1.000000
24190.000000,3.269170,2.716949,0.000000,0.000000,0.000000,2.000000,0.000000,1.000000,0.000000,0.000000,0.000000,0.000000,0.000000,-0.444468,0.000000,0.000000,0.000000,65535.000000,5.435423,1.745879,3.269170,2.716949,3.269170,2.716949,0.250000,0.000000,1.000000
24200.000000,3.269170,2.716949,0.000000,0.000000,0.000000,2.000000,0.000000,1.000000,0.000000,0.000000,0.000000,0.000000,0.000000,-0.447280,0.000000,0.000000,0.000000,65535.000000,5.435423,1.745879,3.269170,2.716949,3.269170,2.716949,0.250000,0.000000,1.000000
24210.000000,3.269170,2.716949,0.000000,0.000000,0.000000,2.000000,0.000000,1.000000,0.000000,0.000000,0.000000,0.000000,0.000000,-0.445287,0.000000,0.000000,0.000000,65535.000000,5.435423,1.745879,3.269170,2.716949,3.269170,2.716949,0.250000,0.000000,1.000000
24220.000000,3.269170,2.716949,0.000000,0.000000,0.000000,2.000000,0.000000,1.000000,0.000000,0.000000,0.000000,0.000000,0.000000,-0.443547,0.000000,0.000000,0.000000,65535.000000,5.435423,1.745879,3.269170,2.716949,3.269170,2.716949,0.250000,0.000000,1.000000
24230.000000,3.269170,2.716949,0.000000,0.000000,0.000000,2.000000,0.000000,1.000000,0.000000,0.000000,0.000000,0.000000,0.000000,-0.442584,0.000000,0.000000,0.000000,65535.000000,5.435423,1.745879,3.269170,2.716949,3.269170,2.716949,0.250000,0.000000,1.000000
24240.000000,3.269170,2.716949,0.000000,0.000000,0.000000,2.000000,0.000000,1.000000,0.000000,0.000000,0.000000,0.000000,0.000000,-0.440631,0.000000,0.000000,0.000000,65535.000000,5.435423,1.745879,3.269170,2.716949,3.269170,2.716949,0.250000,0.000000,1.000000
24250.000000,3.269170,2.716949,0.000000,0.000000,0.000000,2.000000,0.000000,1.000000,0.000000,0.000000,0.000000,0.000000,0.000000,-0.437842,0.000000,0.000000,0.000000,65535.000000,5.435423,1.745879,3.269170,2.716949,3.269170,2.716949,0.250000,0.000000,1.000000
24260.000000,3.269170,2.716949,0.000000,0.000000,0.000000,2.000000,0.000000,1.000000,0.000000,0.000000,0.000000,0.000000,0.000000,-0.435932,0.000000,0.000000,0.000000,65535.000000,5.435423,1.745879,3.269170,2.716949,3.269170,2.716949,0.250000,0.000000,1.000000
24270.000000,3.269170,2.716949,0.000000,0.000000,0.000000,2.000000,0.000000,1.000000,0.000000,0.000000,0.000000,0.000000,0.000000,-0.434038,0.000000,0.000000,0.000000,65535.000000,5.435423,1.745879,3.269170,2.716949,3.269170,2.716949,0.250000,0.000000,1.000000
24280.000000,3.269170,2.716949,0.000000,0.000000,0.000000,2.000000,0.000000,1.000000,0.000000,0.000000,0.000000,0.000000,0.000000,-0.429459,0.000000,0.000000,0.000000,65535.000000,5.435423,1.745879,3.269170,2.716949,3.269170,2.716949,0.250000,0.000000,1.000000
24290.000000,3.269170,2.716949,0.000000,0.000000,0.000000,2.000000,0.000000,1.000000,0.000000,0.000000,0.000000,0.000000,0.000000,-0.427621,0.000000,0.000000,0.000000,65535.000000,5.435423,1.745879,3.269170,2.716949,3.269170,2.716949,0.250000,0.000000,1.000000
24300.000000,3.269170,2.716949,0.000000,0.000000,0.000000,2.000000,0.000000,1.000000,0.000000,0.000000,0.000000,0.000000,0.000000,-0.425798,0.000000,0.000000,0.000000,65535.000000,5.435423,1.745879,3.269170,2.716949,3.269170,2.716949,0.250000,0.000000,1.000000
24310.000000,3.269170,2.716949,0.000000,0.000000,0.000000,2.000000,0.000000,1.000000,0.000000,0.000000,0.000000,0.000000,0.000000,-0.424398,0.000000,0.000000,0.000000,65535.000000,5.435423,1.745879,3.269170,2.716949,3.269170,2.716949,0.250000,0.000000,1.000000
24320.000000,3.269170,2.716949,0.000000,0.000000,0.000000,2.000000,0.000000,1.000000,0.000000,0.000000,0.000000,0.000000,0.000000,-0.419131,0.000000,0.000000,0.000000,65535.000000,5.435423,1.745879,3.269170,2.716949,3.269170,2.716949,0.250000,0.000000,1.000000
24330.000000,3.269170,2.716949,0.000000,0.000000,0.000000,2.000000,0.000000,1.000000,0.000000,0.000000,0.000000,0.000000,0.000000,-0.410537,0.000000,0.000000,0.000000,65535.000000,5.435423,1.745879,3.269170,2.716949,3.269170,2.716949,0.250000,0.000000,1.000000
24340.000000,3.269170,2.716949,0.000000,0.000000,0.000000,2.000000,0.000000,1.000000,0.000000,0.000000,0.000000,0.000000,0.000000,-0.408857,0.000000,0.000000,0.000000,65535.000000,5.435423,1.745879,3.269170,2.716949,3.269170,2.716949,0.250000,0.000000,1.000000
24350.000000,3.269170,2.716949,0.000000,0.000000,0.000000,2.000000,0.000000,1.000000,0.000000,0.000000,0.000000,0.000000,0.000000,-0.407253,0.000000,0.000000,0.000000,65535.000000,5.435423,1.745879,3.269170,2.716949,3.269170,2.716949,0.250000,0.000000,1.000000
24360.000000,3.269170,2.716949,0.000000,0.000000,0.000000,2.000000,0.000000,1.000000,0.000000,0.000000,0.000000,0.000000,0.000000,-0.417159,0.000000,0.000000,0.000000,65535.000000,5.435423,1.745879,3.269170,2.716949,3.269170,2.716949,0.250000,0.000000,1.000000
24370.000000,3.269170,2.716949,0.000000,0.000000,0.000000,2.000000,0.000000,1.000000,0.000000,0.000000,0.000000,0.000000,0.000000,-0.408207,0.000000,0.000000,0.000000,65535.000000,5.435423,1.745879,3.269170,2.716949,3.269170,2.716949,0.250000,0.000000,1.000000
24380.000000,3.269170,2.716949,0.000000,0.000000,0.000000,2.000000,0.000000,1.000000,0.000000,0.000000,0.000000,0.000000,0.000000,-0.406000,0.000000,0.000000,0.000000,65535.000000,5.435423,1.745879,3.269170,2.716949,3.269170,2.716949,0.250000,0.000000,1.000000
24390.000000,3.269170,2.716949,0.000000,0.000000,0.000000,2.000000,0.000000,1.000000,0.000000,0.000000,0.000000,0.000000,0.000000,-0.404357,0.000000,0.000000,0.000000,65535.000000,5.435423,1.745879,3.269170,2.716949,3.269170,2.716949,0.250000,0.000000,1.000000
24400.000000,3.269170,2.716949,0.000000,0.000000,0.000000,2.000000,0.000000,1.000000,0.000000,0.000000,0.000000,0.000000,0.000000,-0.410163,0.000000,0.000000,0.000000,65535.000000,5.435423,1.745879,3.269170,2.716949,3.269170,2.716949,0.250000,0.000000,1.000000
24410.000000,3.269170,2.716949,0.000000,0.000000,0.000000,2.000000,0.000000,1.000000,0.000000,0.000000,0.000000,0.000000,0.000000,-0.410816,0.000000,0.000000,0.000000,65535.000000,5.435423,1.745879,3.269170,2.716949,3.269170,2.716949,0.250000,0.000000,1.000000
24420.000000,3.269170,2.716949,0.000000,0.000000,0.000000,2.000000,0.000000,1.000000,0.000000,0.000000,0.000000,0.000000,0.000000,-0.410899,0.000000,0.000000,0.000000,65535.000000,5.435423,1.745879,3.269170,2.716949,3.269170,2.716949,0.250000,0.000000,1.000000
24430.000000,3.269170,2.716949,0.000000,0.000000,0.000000,2.000000,0.000000,1.000000,0.000000,0.000000,0.000000,0.000000,0.000000,-0.408727,0.000000,0.000000,0.000000,65535.000000,5.435423,1.745879,3.269170,2.716949,3.269170,2.716949,0.250000,0.000000,1.000000
24440.000000,3.269170,2.716949,0.000000,0.000000,0.000000,2.000000,0.000000,1.000000,0.000000,0.000000,0.000000,0.000000,0.000000,-0.402831,0.000000,0.000000,0.000000,65535.000000,5.435423,1.745879,3.269170,2.716949,3.269170,2.716949,0.250000,0.000000,1.000000
24450.000000,3.269170,2.716949,0.000000,0.000000,0.000000,2.000000,0.000000,1.000000,0.000000,0.000000,0.000000,0.000000,0.000000,-0.400142,0.000000,0.000000,0.000000,65535.000000,5.435423,1.745879,3.269170,2.716949,3.269170,2.716949,0.250000,0.000000,1.000000
24460.000000,3.269170,2.716949,0.000000,0.000000,0.000000,2.000000,0.000000,1.000000,0.000000,0.000000,0.000000,0.000000,0.000000,-0.398539,0.000000,0.000000,0.000000,65535.000000,5.435423,1.745879,3.269170,2.716949,3.269170,2.716949,0.250000,0.000000,1.000000
24470.000000,3.269170,2.716949,0.000000,0.000000,0.000000,2.000000,0.000000,1.000000,0.000000,0.000000,0.000000,0.000000,0.000000,-0.395417,0.000000,0.000000,0.000000,65535.000000,5.435423,1.745879,3.269170,2.716949,3.269170,2.716949,0.250000,0.000000,1.000000
24480.000000,3.269170,2.716949,0.000000,0.000000,0.000000,2.000000,0.000000,1.000000,0.000000,0.000000,0.000000,0.000000,0.000000,-0.393858,0.000000,0.000000,0.000000,65535.000000,5.435423,1.745879,3.269170,2.716949,3.269170,2.716949,0.250000,0.000000,1.000000
24490.000000,3.269170,2.716949,0.000000,0.000000,0.000000,2.000000,0.000000,1.000000,0.000000,0.000000,0.000000,0.000000,0.000000,-0.392311,0.000000,0.000000,0.000000,65535.000000,5.435423,1.745879,3.269170,2.716949,3.269170,2.716949,0.250000,0.000000,1.000000
24500.000000,3.269170,2.716949,0.000000,0.000000,0.000000,2.000000,0.000000,1.000000,0.000000,0.000000,0.000000,0.000000,0.000000,-0.392565,0.000000,0.000000,0.000000,65535.000000,5.435423,1.745879,3.269170,2.716949,3.269170,2.716949,0.250000,0.000000,1.000000
24510.000000,3.269170,2.716949,0.000000,0.000000,0.000000,2.000000,0.000000,1.000000,0.000000,0.000000,0.000000,0.000000,0.000000,-0.391028,0.000000,0.000000,0.000000,65535.000000,5.435423,1.745879,3.269170,2.716949,3.269170,2.716949,0.250000,0.000000,1.000000
24520.000000,3.269170,2.716949,0.000000,0.000000,0.000000,2.000000,0.000000,1.000000,0.000000,0.000000,0.000000,0.000000,0.000000,-0.389503,0.000000,0.000000,0.000000,65535.000000,5.435423,1.745879,3.269170,2.716949,3.269170,2.716949,0.250000,0.000000,1.000000
24530.000000,3.269170,2.716949,0.000000,0.000000,0.000000,2.000000,0.000000,1.000000,0.000000,0.000000,0.000000,0.000000,0.000000,-0.393757,0.000000,0.000000,0.000000,65535.000000,5.435423,1.745879,3.269170,2.716949,3.269170,2.716949,0.250000,0.000000,1.000000
24540.000000,3.269170,2.716949,0.000000,0.000000,0.000000,2.000000,0.000000,1.000000,0.000000,0.000000,0.000000,0.000000,0.000000,-0.385716,0.000000,0.000000,0.000000,65535.000000,5.435423,1.745879,3.269170,2.716949,3.269170,2.716949,0.250000,0.000000,1.000000
24550.000000,3.269170,2.716949,0.000000,0.000000,0.000000,2.000000,0.000000,1.000000,0.000000,0.000000,0.000000,0.000000,0.000000,-0.373507,0.000000,0.000000,0.000000,65535.000000,5.435423,1.745879,3.269170,2.716949,3.269170,2.716949,0.250000,0.000000,1.000000
24560.000000,3.269170,2.716949,0.000000,0.000000,0.000000,2.000000,0.000000,1.000000,0.000000,0.000000,0.000000,0.000000,0.000000,-0.372115,0.000000,0.000000,0.000000,65535.000000,5.435423,1.745879,3.269170,2.716949,3.269170,2.716949,0.250000,0.000000,1.000000
24570.000000,3.269170,2.716949,0.000000,0.000000,0.000000,2.000000,0.000000,1.000000,0.000000,0.000000,0.000000,0.000000,0.000000,-0.370734,0.000000,0.000000,0.000000,65535.000000,5.435423,1.745879,3.269170,2.716949,3.269170,2.716949,0.250000,0.000000,1.000000
24580.000000,3.269170,2.716949,0.000000,0.000000,0.000000,2.000000,0.000000,1.000000,0.000000,0.000000,0.000000,0.000000,0.000000,-0.377960,0.000000,0.000000,0.000000,65535.000000,5.435423,1.745879,3.269170,2.716949,3.269170,2.716949,0.250000,0.000000,1.000000
24590.000000,3.269170,2.716949,0.000000,0.000000,0.000000,2.000000,0.000000,1.000000,0.000000,0.000000,0.000000,0.000000,0.000000,-0.376536,0.000000,0.000000,0.000000,65535.000000,5.435423,1.745879,3.269170,2.716949,3.269170,2.716949,0.250000,0.000000,1.000000
24600.000000,3.269170,2.716949,0.000000,0.000000,0.000000,2.000000,0.000000,1.000000,0.000000,0.000000,0.000000,0.000000,0.000000,-0.375122,0.000000,0.000000,0.000000,65535.000000,5.435423,1.745879,3.269170,2.716949,3.269170,2.716949,0.250000,0.000000,1.000000
24610.000000,3.269170,2.716949,0.000000,0.000000,0.000000,2.000000,0.000000,1.000000,0.000000,0.000000,0.000000,0.000000,0.000000,-0.370731,0.000000,0.000000,0.000000,65535.000000,5.435423,1.745879,3.269170,2.716949,3.269170,2.716949,0.250000,0.000000,1.000000
24620.000000,3.269170,2.716949,0.000000,0.000000,0.000000,2.000000,0.000000,1.000000,0.000000,0.000000,0.000000,0.000000,0.000000,-0.363847,0.000000,0.000000,0.000000,65535.000000,5.435423,1.745879,3.269170,2.716949,3.269170,2.716949,0.250000,0.000000,1.000000
24630.000000,3.269170,2.716949,0.000000,0.000000,0.000000,2.000000,0.000000,1.000000,0.000000,0.000000,0.000000,0.000000,0.000000,-0.362527,0.000000,0.000000,0.000000,65535.000000,5.435423,1.745879,3.269170,2.716949,3.269170,2.716949,0.250000,0.000000,1.000000
24640.000000,3.269170,2.716949,0.000000,0.000000,0.000000,2.000000,0.000000,1.000000,0.000000,0.000000,0.000000,0.000000,0.000000,-0.365627,0.000000,0.000000,0.000000,65535.000000,5.435423,1.745879,3.269170,2.716949,3.269170,2.716949,0.250000,0.000000,1.000000
24650.000000,3.269170,2.716949,0.000000,0.000000,0.000000,2.000000,0.000000,1.000000,0.000000,0.000000,0.000000,0.000000,0.000000,-0.365390,0.000000,0.000000,0.000000,65535.000000,5.435423,1.745879,3.269170,2.716949,3.269170,2.716949,0.250000,0.000000,1.000000
24660.000000,3.269170,2.716949,0.000000,0.000000,0.000000,2.000000,0.000000,1.000000,0.000000,0.000000,0.000000,0.000000,0.000000,-0.364059,0.000000,0.000000,0.000000,65535.000000,5.435423,1.745879,3.269170,2.716949,3.269170,2.716949,0.250000,0.000000,1.000000
24670.000000,3.269170,2.716949,0.000000,0.000000,0.000000,2.000000,0.000000,1.000000,0.000000,0.000000,0.000000,0.000000,0.000000,-0.360897,0.000000,0.000000,0.000000,65535.000000,5.435423,1.745879,3.269170,2.716949,3.269170,2.716949,0.250000,0.000000,1.000000
24680.000000,3.269170,2.716949,0.000000,0.000000,0.000000,2.000000,0.000000,1.000000,0.000000,0.000000,0.000000,0.000000,0.000000,-0.367541,0.000000,0.000000,0.000000,65535.000000,5.435423,1.745879,3.269170,2.716949,3.269170,2.716949,0.250000,0.000000,1.000000
24690.000000,3.269170,2.716949,0.000000,0.000000,0.000000,2.000000,0.000000,1.000000,0.000000,0.000000,0.000000,0.000000,0.000000,-0.363883,0.000000,0.000000,0.000000,65535.000000,5.435423,1.745879,3.269170,2.716949,3.269170,2.716949,0.250000,0.000000,1.000000
24700.000000,3.269170,2.716949,0.000000,0.000000,0.000000,2.000000,0.000000,1.000000,0.000000,0.000000,0.000000,0.000000,0.000000,-0.358802,0.000000,0.000000,0.000000,65535.000000,5.435423,1.745879,3.269170,2.716949,3.269170,2.716949,0.250000,0.000000,1.000000
24710.000000,3.269170,2.716949,0.000000,0.000000,0.000000,2.000000,0.000000,1.000000,0.000000,0.000000,0.000000,0.000000,0.000000,-0.355231,0.000000,0.000000,0.000000,65535.000000,5.435423,1.745879,3.269170,2.716949,3.269170,2.716949,0.250000,0.000000,1.000000
24720.000000,3.269170,2.716949,0.000000,0.000000,0.000000,2.000000,0.000000,1.000000,0.000000,0.000000,0.000000,0.000000,0.000000,-0.352093,0.000000,0.000000,0.000000,65535.000000,5.435423,1.745879,3.269170,2.716949,3.269170,2.716949,0.250000,0.000000,1.000000
24730.000000,3.269170,2.716949,0.000000,0.000000,0.000000,2.000000,0.000000,1.000000,0.000000,0.000000,0.000000,0.000000,0.000000,-0.353060,0.000000,0.000000,0.000000,65535.000000,5.435423,1.745879,3.269170,2.716949,3.269170,2.716949,0.250000,0.000000,1.000000
24740.000000,3.269170,2.716949,0.000000,0.000000,0.000000,2.000000,0.000000,1.000000,0.000000,0.000000,0.000000,0.000000,0.000000,-0.349545,0.000000,0.000000,0.000000,65535.000000,5.435423,1.745879,3.269170,2.716949,3.269170,2.716949,0.250000,0.000000,1.000000
24750.000000,3.269170,2.716949,0.000000,0.000000,0.000000,2.000000,0.000000,1.000000,0.000000,0.000000,0.000000,0.000000,0.000000,-0.342304,0.000000,0.000000,0.000000,65535.000000,5.435423,1.745879,3.269170,2.716949,3.269170,2.716949,0.250000,0.000000,1.000000
24760.000000,3.269170,2.716949,0.000000,0.000000,0.000000,2.000000,0.000000,1.000000,0.000000,0.000000,0.000000,0.000000,0.000000,-0.338897,0.000000,0.000000,0.000000,65535.000000,5.435423,1.745879,3.269170,2.716949,3.269170,2.716949,0.250000,0.000000,1.000000
24770.000000,3.269170,2.716949,0.000000,0.000000,0.000000,2.000000,0.000000,1.000000,0.000000,0.000000,0.000000,0.000000,0.000000,-0.337509,0.000000,0.000000,0.000000,65535.000000,5.435423,1.745879,3.269170,2.716949,3.269170,2.716949,0.250000,0.000000,1.000000
24780.000000,3.269170,2.716949,0.000000,0.000000,0.000000,2.000000,0.000000,1.000000,0.000000,0.000000,0.000000,0.000000,0.000000,-0.311277,0.000000,0.000000,0.000000,65535.000000,5.435423,1.745879,3.269170,2.716949,3.269170,2.716949,0.250000,0.000000,1.000000
24790.000000,3.269170,2.716949,0.000000,0.000000,0.000000,2.000000,0.000000,1.000000,0.000000,0.000000,0.000000,0.000000,0.000000,-0.225209,0.000000,0.000000,0.000000,65535.000000,5.435423,1.745879,3.269170,2.716949,3.269170,2.716949,0.250000,0.000000,1.000000
24800.000000,3.269170,2.716949,0.000000,0.000000,0.000000,2.000000,0.000000,1.000000,0.000000,0.013280,0.000950,0.000654,0.000689,-0.206576,0.000000,0.000000,0.000000,65535.000000,5.435423,1.745879,3.269170,2.716949,3.269170,2.716949,0.250000,0.000000,1.000000
24810.000000,3.269170,2.716949,0.000000,0.000000,0.000000,2.000000,0.000000,1.000000,0.000000,0.007843,0.000584,0.000402,0.000423,-0.204519,0.000000,0.000000,0.000000,65535.000000,5.435423,1.745879,3.269170,2.716949,3.269170,2.716949,0.250000,0.000000,1.000000
24820.000000,3.269170,2.716949,0.000000,0.000000,0.000000,2.000000,0.000000,1.000000,0.000000,0.003275,0.000358,0.000247,0.000260,-0.204194,0.000000,0.000000,0.000000,65535.000000,5.435423,1.745879,3.269170,2.716949,3.269170,2.716949,0.250000,0.000000,1.000000
24830.000000,3.269170,2.716949,0.000000,0.000000,0.000000,2.000000,0.000000,1.000000,0.000000,0.000917,0.000220,0.000151,0.000160,-0.266908,0.000000,0.000000,0.000000,65535.000000,5.435423,1.745879,3.269170,2.716949,3.269170,2.716949,0.250000,0.000000,1.000000
24840.000000,3.269170,2.716949,0.000000,0.000000,0.000000,2.000000,0.000000,1.000000,0.000000,0.000823,0.000135,0.000093,0.000098,-0.300822,0.000000,0.000000,0.000000,65535.000000,5.435423,1.745879,3.269170,2.716949,3.269170,2.716949,0.250000,0.000000,1.000000
24850.000000,3.269170,2.716949,0.000000,0.000000,0.000000,2.000000,0.000000,1.000000,0.000000,0.001587,0.000083,0.000057,0.000060,-0.284636,0.000000,0.000000,0.000000,65535.000000,5.435423,1.745879,3.269170,2.716949,3.269170,2.716949,0.250000,0.000000,1.000000
24860.000000,3.269170,2.716949,0.000000,0.000000,0.000000,2.000000,0.000000,1.000000,0.000000,0.001936,0.000051,0.000035,0.000037,-0.281802,0.000000,0.000000,0.000000,65535.000000,5.435423,1.745879,3.269170,2.716949,3.269170,2.716949,0.250000,0.000000,1.000000
24870.000000,3.269170,2.716949,0.000000,0.000000,0.000000,2.000000,0.000000,1.000000,0.000000,0.002044,0.000031,0.000022,0.000023,-0.281114,0.000000,0.000000,0.000000,65535.000000,5.435423,1.745879,3.269170,2.716949,3.269170,2.716949,0.250000,0.000000,1.000000
24880.000000,3.269170,2.716949,0.000000,0.000000,0.000000,2.000000,0.000000,1.000000,0.000000,0.002015,0.000019,0.000013,0.000014,-0.288625,0.000000,0.000000,0.000000,65535.000000,5.435423,1.745879,3.269170,2.716949,3.269170,2.716949,0.250000,0.000000,1.000000
24890.000000,3.269170,2.716949,0.000000,0.000000,0.000000,2.000000,0.000000,1.000000,0.000000,0.001912,0.000012,0.000008,0.000009,-0.285752,0.000000,0.000000,0.000000,65535.000000,5.435423,1.745879,3.269170,2.716949,3.269170,2.716949,0.250000,0.000000,1.000000
24900.000000,3.269170,2.716949,0.000000,0.000000,0.000000,2.000000,0.000000,1.000000,0.000000,0.001775,0.000007,0.000005,0.000005,-0.282907,0.000000,0.000000,0.000000,65535.000000,5.435423,1.745879,3.269170,2.716949,3.269170,2.716949,0.250000,0.000000,1.000000
24910.000000,3.269170,2.716949,0.000000,0.000000,0.000000,2.000000,0.000000,1.000000,0.000000,0.001488,0.000004,0.000003,0.000003,-0.301497,0.000000,0.000000,0.000000,65535.000000,5.435423,1.745879,3.269170,2.716949,3.269170,2.716949,0.250000,0.000000,1.000000
24920.000000,3.269170,2.716949,0.000000,0.000000,0.000000,2.000000,0.000000,1.000000,0.000000,0.001471,0.000003,0.000002,0.000002,-0.276877,0.000000,0.000000,0.000000,65535.000000,5.435423,1.745879,3.269170,2.716949,3.269170,2.716949,0.250000,0.000000,1.000000
24930.000000,3.269170,2.716949,0.000000,0.000000,0.000000,2.000000,0.000000,1.000000,0.000000,0.001325,0.000002,0.000001,0.000001,-0.272294,0.000000,0.000000,0.000000,65535.000000,5.435423,1.745879,3.269170,2.716949,3.269170,2.716949,0.250000,0.000000,1.000000
24940.000000,3.269170,2.716949,0.000000,0.000000,0.000000,2.000000,0.000000,1.000000,0.000000,0.001188,0.000001,0.000001,0.000001,-0.269583,0.000000,0.000000,0.000000,65535.000000,5.435423,1.745879,3.269170,2.716949,3.269170,2.716949,0.250000,0.000000,1.000000
24950.000000,3.269170,2.716949,0.000000,0.000000,0.000000,2.000000,0.000000,1.000000,0.000000,0.001063,0.000001,0.000000,0.000000,-0.271193,0.000000,0.000000,0.000000,65535.000000,5.435423,1.745879,3.269170,2.716949,3.269170,2.716949,0.250000,0.000000,1.000000
24960.000000,3.269170,2.716949,0.000000,0.000000,0.000000,2.000000,0.000000,1.000000,0.000000,0.000949,0.000000,0.000000,0.000000,-0.290681,0.000000,0.000000,0.000000,65535.000000,5.435423,1.745879,3.269170,2.716949,3.269170,2.716949,0.250000,0.000000,1.000000
24970.000000,3.269170,2.716949,0.000000,0.000000,0.000000,2.000000,0.000000,1.000000,0.000000,0.000846,0.000000,0.000000,0.000000,-0.285686,0.000000,0.000000,0.000000,65535.000000,5.435423,1.745879,3.269170,2.716949,3.269170,2.716949,0.250000,0.000000,1.000000
24980.000000,3.269170,2.716949,0.000000,0.000000,0.000000,2.000000,0.000000,1.000000,0.000000,0.000753,0.000000,0.000000,0.000000,-0.276096,0.000000,0.000000,0.000000,65535.000000,5.435423,1.745879,3.269170,2.716949,3.269170,2.716949,0.250000,0.000000,1.000000
24990.000000,3.269170,2.716949,0.000000,0.000000,0.000000,2.000000,0.000000,1.000000,0.000000,0.000670,0.000000,0.000000,0.000000,-0.270270,0.000000,0.000000,0.000000,65535.000000,5.435423,1.745879,3.269170,2.716949,3.269170,2.716949,0.250000,0.000000,1.000000
25000.000000,3.269170,2.716949,0.000000,0.000000,0.000000,2.000000,0.000000,1.000000,0.000000,0.000597,0.000000,0.000000,0.000000,-0.266883,0.000000,0.000000,0.000000,65535.000000,5.435423,1.745879,3.269170,2.716949,3.269170,2.716949,0.250000,0.000000,1.000000
25010.000000,3.269170,2.716949,0.000000,0.000000,0.000000,2.000000,0.000000,1.000000,0.000000,0.000531,0.000000,0.000000,0.000000,-0.264226,0.000000,0.000000,0.000000,65535.000000,5.435423,1.745879,3.269170,2.716949,3.269170,2.716949,0.250000,0.000000,1.000000
25020.000000,3.269170,2.716949,0.000000,0.000000,0.000000,2.000000,0.000000,1.000000,0.000000,0.000472,0.000000,0.000000,0.000000,-0.253490,0.000000,0.000000,0.000000,65535.000000,5.435423,1.745879,3.269170,2.716949,3.269170,2.716949,0.250000,0.000000,1.000000
25030.000000,3.269170,2.716949,0.000000,0.000000,0.000000,2.000000,0.000000,1.000000,0.000000,0.000420,0.000000,0.000000,0.000000,-0.250967,0.000000,0.000000,0.000000,65535.000000,5.435423,1.745879,3.269170,2.716949,3.269170,2.716949,0.250000,0.000000,1.000000
25040.000000,3.269170,2.716949,0.000000,0.000000,0.000000,2.000000,0.000000,1.000000,0.000000,0.000373,0.000000,0.000000,0.000000,-0.249263,0.000000,0.000000,0.000000,65535.000000,5.435423,1.745879,3.269170,2.716949,3.269170,2.716949,0.250000,0.000000,1.000000
25050.000000,3.269170,2.716949,0.000000,0.000000,0.000000,2.000000,0.000000,1.000000,0.000000,0.000332,0.000000,0.000000,0.000000,-0.244602,0.000000,0.000000,0.000000,65535.000000,5.435423,1.745879,3.269170,2.716949,3.269170,2.716949,0.250000,0.000000,1.000000
25060.000000,3.269170,2.716949,0.000000,0.000000,0.000000,2.000000,0.000000,1.000000,0.000000,0.000295,0.000000,0.000000,0.000000,-0.242167,0.000000,0.000000,0.000000,65535.000000,5.435423,1.745879,3.269170,2.716949,3.269170,2.716949,0.250000,0.000000,1.000000
25070.000000,3.269170,2.716949,0.000000,0.000000,0.000000,2.000000,0.000000,1.000000,0.000000,0.000262,0.000000,0.000000,0.000000,-0.239757,0.000000,0.000000,0.000000,65535.000000,5.435423,1.745879,3.269170,2.716949,3.269170,2.716949,0.250000,0.000000,1.000000
25080.000000,3.269170,2.716949,0.000000,0.000000,0.000000,2.000000,0.000000,1.000000,0.000000,0.000233,0.000000,0.000000,0.000000,-0.250935,0.000000,0.000000,0.000000,65535.000000,5.435423,1.745879,3.269170,2.716949,3.269170,2.716949,0.250000,0.000000,1.000000
25090.000000,3.269170,2.716949,0.000000,0.000000,0.000000,2.000000,0.000000,1.000000,0.000000,0.000207,0.000000,0.000000,0.000000,-0.252505,0.000000,0.000000,0.000000,65535.000000,5.435423,1.745879,3.269170,2.716949,3.269170,2.716949,0.250000,0.000000,1.000000
25100.000000,3.269170,2.716949,0.000000,0.000000,0.000000,2.000000,0.000000,1.000000,0.000000,0.000184,0.000000,0.000000,0.000000,-0.249710,0.000000,0.000000,0.000000,65535.000000,5.435423,1.745879,3.269170,2.716949,3.269170,2.716949,0.250000,0.000000,1.000000
25110.000000,3.269170,2.716949,0.000000,0.000000,0.000000,2.000000,0.000000,1.000000,0.000000,0.000164,0.000000,0.000000,0.000000,-0.246538,0.000000,0.000000,0.000000,65535.000000,5.435423,1.745879,3.269170,2.716949,3.269170,2.716949,0.250000,0.000000,1.000000
25120.000000,3.269170,2.716949,0.000000,0.000000,0.000000,2.000000,0.000000,1.000000,0.000000,0.000145,0.000000,0.000000,0.000000,-0.236013,0.000000,0.000000,0.000000,65535.000000,5.435423,1.745879,3.269170,2.716949,3.269170,2.716949,0.250000,0.000000,1.000000
25130.000000,3.269170,2.716949,0.000000,0.000000,0.000000,2.000000,0.000000,1.000000,0.000000,0.000129,0.000000,0.000000,0.000000,-0.233663,0.000000,0.000000,0.000000,65535.000000,5.435423,1.745879,3.269170,2.716949,3.269170,2.716949,0.250000,0.000000,1.000000
25140.000000,3.269170,2.716949,0.000000,0.000000,0.000000,2.000000,0.000000,1.000000,0.000000,0.000115,0.000000,0.000000,0.000000,-0.231337,0.000000,0.000000,0.000000,65535.000000,5.435423,1.745879,3.269170,2.716949,3.269170,2.716949,0.250000,0.000000,1.000000
25150.000000,3.269170,2.716949,0.000000,0.000000,0.000000,2.000000,0.000000,1.000000,0.000000,0.000102,0.000000,0.000000,0.000000,-0.231176,0.000000,0.000000,0.000000,65535.000000,5.435423,1.745879,3.269170,2.716949,3.269170,2.716949,0.250000,0.000000,1.000000
25160.000000,3.269170,2.716949,0.000000,0.000000,0.000000,2.000000,0.000000,1.000000,0.000000,0.000091,0.000000,0.000000,0.000000,-0.228875,0.000000,0.000000,0.000000,65535.000000,5.435423,1.745879,3.269170,2.716949,3.269170,2.716949,0.250000,0.000000,1.000000
25170.000000,3.269170,2.716949,0.000000,0.000000,0.000000,2.000000,0.000000,1.000000,0.000000,0.000081,0.000000,0.000000,0.000000,-0.226596,0.000000,0.000000,0.000000,65535.000000,5.435423,1.745879,3.269170,2.716949,3.269170,2.716949,0.250000,0.000000,1.000000
25180.000000,3.269170,2.716949,0.000000,0.000000,0.000000,2.000000,0.000000,1.000000,0.000000,0.000072,0.000000,0.000000,0.000000,-0.228547,0.000000,0.000000,0.000000,65535.000000,5.435423,1.745879,3.269170,2.716949,3.269170,2.716949,0.250000,0.000000,1.000000
25190.000000,3.269170,2.716949,0.000000,0.000000,0.000000,2.000000,0.000000,1.000000,0.000000,0.000064,0.000000,0.000000,0.000000,-0.225567,0.000000,0.000000,0.000000,65535.000000,5.435423,1.745879,3.269170,2.716949,3.269170,2.716949,0.250000,0.000000,1.000000
25200.000000,3.269170,2.716949,0.000000,0.000000,0.000000,2.000000,0.000000,1.000000,0.000000,0.000057,0.000000,0.000000,0.000000,-0.223013,0.000000,0.000000,0.000000,65535.000000,5.435423,1.745879,3.269170,2.716949,3.269170,2.716949,0.250000,0.000000,1.000000
25210.000000,3.269170,2.716949,0.000000,0.000000,0.000000,2.000000,0.000000,1.000000,0.000000,0.000050,0.000000,0.000000,0.000000,-0.220347,0.000000,0.000000,0.000000,65535.000000,5.435423,1.745879,3.269170,2.716949,3.269170,2.716949,0.250000,0.000000,1.000000
25220.000000,3.269170,2.716949,0.000000,0.000000,0.000000,2.000000,0.000000,1.000000,0.000000,0.000045,0.000000,0.000000,0.000000,-0.218153,0.000000,0.000000,0.000000,65535.000000,5.435423,1.745879,3.269170,2.716949,3.269170,2.716949,0.250000,0.000000,1.000000
25230.000000,3.269170,2.716949,0.000000,0.000000,0.000000,2.000000,0.000000,1.000000,0.000000,0.000040,0.000000,0.000000,0.000000,-0.211109,0.000000,0.000000,0.000000,65535.000000,5.435423,1.745879,3.269170,2.716949,3.269170,2.716949,0.250000,0.000000,1.000000
25240.000000,3.269170,2.716949,0.000000,0.000000,0.000000,2.000000,0.000000,1.000000,0.000000,0.000035,0.000000,0.000000,0.000000,-0.206057,0.000000,0.000000,0.000000,65535.000000,5.435423,1.745879,3.269170,2.716949,3.269170,2.716949,0.250000,0.000000,1.000000
25250.000000,3.269170,2.716949,0.000000,0.000000,0.000000,2.000000,0.000000,1.000000,0.000000,0.000031,0.000000,0.000000,0.000000,-0.204005,0.000000,0.000000,0.000000,65535.000000,5.435423,1.745879,3.269170,2.716949,3.269170,2.716949,0.250000,0.000000,1.000000
25260.000000,3.269170,2.716949,0.000000,0.000000,0.000000,2.000000,0.000000,1.000000,0.000000,0.000028,0.000000,0.000000,0.000000,-0.205954,0.000000,0.000000,0.000000,65535.000000,5.435423,1.745879,3.269170,2.716949,3.269170,2.716949,0.250000,0.000000,1.000000
25270.000000,3.269170,2.716949,0.000000,0.000000,0.000000,2.000000,0.000000,1.000000,0.000000,0.000025,0.000000,0.000000,0.000000,-0.213198,0.000000,0.000000,0.000000,65535.000000,5.435423,1.745879,3.269170,2.716949,3.269170,2.716949,0.250000,0.000000,1.000000
25280.000000,3.269170,2.716949,0.000000,0.000000,0.000000,2.000000,0.000000,1.000000,0.000000,0.000022,0.000000,0.000000,0.000000,-0.200976,0.000000,0.000000,0.000000,65535.000000,5.435423,1.745879,3.269170,2.716949,3.269170,2.716949,0.250000,0.000000,1.000000
25290.000000,3.269170,2.716949,0.000000,0.000000,0.000000,2.000000,0.000000,1.000000,0.000000,0.000020,0.000000,0.000000,0.000000,-0.197756,0.000000,0.000000,0.000000,65535.000000,5.435423,1.745879,3.269170,2.716949,3.269170,2.716949,0.250000,0.000000,1.000000
25300.000000,3.269170,2.716949,0.000000,0.000000,0.000000,2.000000,0.000000,1.000000,0.000000,0.000017,0.000000,0.000000,0.000000,-0.193002,0.000000,0.000000,0.000000,65535.000000,5.435423,1.745879,3.269170,2.716949,3.269170,2.716949,0.250000,0.000000,1.000000
25310.000000,3.269170,2.716949,0.000000,0.000000,0.000000,2.000000,0.000000,1.000000,0.000000,0.000016,0.000000,0.000000,0.000000,-0.191081,0.000000,0.000000,0.000000,65535.000000,5.435423,1.745879,3.269170,2.716949,3.269170,2.716949,0.250000,0.000000,1.000000
25320.000000,3.269170,2.716949,0.000000,0.000000,0.000000,2.000000,0.000000,1.000000,0.000000,0.000014,0.000000,0.000000,0.000000,-0.192049,0.000000,0.000000,0.000000,65535.000000,5.435423,1.745879,3.269170,2.716949,3.269170,2.716949,0.250000,0.000000,1.000000
25330.000000,3.269170,2.716949,0.000000,0.000000,0.000000,2.000000,0.000000,1.000000,0.000000,0.000012,0.000000,0.000000,0.000000,-0.200066,0.000000,0.000000,0.000000,65535.000000,5.435423,1.745879,3.269170,2.716949,3.269170,2.716949,0.250000,0.000000,1.000000
25340.000000,3.269170,2.716949,0.000000,0.000000,0.000000,2.000000,0.000000,1.000000,0.000000,0.000011,0.000000,0.000000,0.000000,-0.191545,0.000000,0.000000,0.000000,65535.000000,5.435423,1.745879,3.269170,2.716949,3.269170,2.716949,0.250000,0.000000,1.000000
25350.000000,3.269170,2.716949,0.000000,0.000000,0.000000,2.000000,0.000000,1.000000,0.000000,0.000010,0.000000,0.000000,0.000000,-0.185373,0.000000,0.000000,0.000000,65535.000000,5.435423,1.745879,3.269170,2.716949,3.269170,2.716949,0.250000,0.000000,1.000000
25360.000000,3.269170,2.716949,0.000000,0.000000,0.000000,2.000000,0.000000,1.000000,0.000000,0.000009,0.000000,0.000000,0.000000,-0.180874,0.000000,0.000000,0.000000,65535.000000,5.435423,1.745879,3.269170,2.716949,3.269170,2.716949,0.250000,0.000000,1.000000
25370.000000,3.269170,2.716949,0.000000,0.000000,0.000000,2.000000,0.000000,1.000000,0.000000,0.000008,0.000000,0.000000,0.000000,-0.179074,0.000000,0.000000,0.000000,65535.000000,5.435423,1.745879,3.269170,2.716949,3.269170,2.716949,0.250000,0.000000,1.000000
25380.000000,3.269170,2.716949,0.000000,0.000000,0.000000,2.000000,0.000000,1.000000,0.000000,0.000007,0.000000,0.000000,0.000000,-0.187083,0.000000,0.000000,0.000000,65535.000000,5.435423,1.745879,3.269170,2.716949,3.269170,2.716949,0.250000,0.000000,1.000000
25390.000000,3.269170,2.716949,0.000000,0.000000,0.000000,2.000000,0.000000,1.000000,0.000000,0.000006,0.000000,0.000000,0.000000,-0.183180,0.000000,0.000000,0.000000,65535.000000,5.435423,1.745879,3.269170,2.716949,3.269170,2.716949,0.250000,0.000000,1.000000
25400.000000,3.269170,2.716949,0.000000,0.000000,0.000000,2.000000,0.000000,1.000000,0.000000,0.000005,0.000000,0.000000,0.000000,-0.181356,0.000000,0.000000,0.000000,65535.000000,5.435423,1.745879,3.269170,2.716949,3.269170,2.716949,0.250000,0.000000,1.000000
25410.000000,3.269170,2.716949,0.000000,0.000000,0.000000,2.000000,0.000000,1.000000,0.000000,0.000005,0.000000,0.000000,0.000000,-0.179574,0.000000,0.000000,0.000000,65535.000000,5.435423,1.745879,3.269170,2.716949,3.269170,2.716949,0.250000,0.000000,1.000000
25420.000000,3.269170,2.716949,0.000000,0.000000,0.000000,2.000000,0.000000,1.000000,0.000000,0.000004,0.000000,0.000000,0.000000,-0.183277,0.000000,0.000000,0.000000,65535.000000,5.435423,1.745879,3.269170,2.716949,3.269170,2.716949,0.250000,0.000000,1.000000
25430.000000,3.269170,2.716949,0.000000,0.000000,0.000000,2.000000,0.000000,1.000000,0.000000,0.000004,0.000000,0.000000,0.000000,-0.176663,0.000000,0.000000,0.000000,65535.000000,5.435423,1.745879,3.269170,2.716949,3.269170,2.716949,0.250000,0.000000,1.000000
25440.000000,3.269170,2.716949,0.000000,0.000000,0.000000,2.000000,0.000000,1.000000,0.000000,0.000003,0.000000,0.000000,0.000000,-0.174904,0.000000,0.000000,0.000000,65535.000000,5.435423,1.745879,3.269170,2.716949,3.269170,2.716949,0.250000,0.000000,1.000000
25450.000000,3.269170,2.716949,0.000000,0.000000,0.000000,2.000000,0.000000,1.000000,0.000000,0.000003,0.000000,0.000000,0.000000,-0.167739,0.000000,0.000000,0.000000,65535.000000,5.435423,1.745879,3.269170,2.716949,3.269170,2.716949,0.250000,0.000000,1.000000
25460.000000,3.269170,2.716949,0.000000,0.000000,0.000000,2.000000,0.000000,1.000000,0.000000,0.000003,0.000000,0.000000,0.000000,-0.166070,0.000000,0.000000,0.000000,65535.000000,5.435423,1.745879,3.269170,2.716949,3.269170,2.716949,0.250000,0.000000,1.000000
25470.000000,3.269170,2.716949,0.000000,0.000000,0.000000,2.000000,0.000000,1.000000,0.000000,0.000002,0.000000,0.000000,0.000000,-0.164416,0.000000,0.000000,0.000000,65535.000000,5.435423,1.745879,3.269170,2.716949,3.269170,2.716949,0.250000,0.000000,1.000000
25480.000000,3.269170,2.716949,0.000000,0.000000,0.000000,2.000000,0.000000,1.000000,0.000000,0.000002,0.000000,0.000000,0.000000,-0.170425,0.000000,0.000000,0.000000,65535.000000,5.435423,1.745879,3.269170,2.716949,3.269170,2.716949,0.250000,0.000000,1.000000
25490.000000,3.269170,2.716949,0.000000,0.000000,0.000000,2.000000,0.000000,1.000000,0.000000,0.000002,0.000000,0.000000,0.000000,-0.175537,0.000000,0.000000,0.000000,65535.000000,5.435423,1.745879,3.269170,2.716949,3.269170,2.716949,0.250000,0.000000,1.000000
25500.000000,3.269170,2.716949,0.000000,0.000000,0.000000,2.000000,0.000000,1.000000,0.000000,0.000002,0.000000,0.000000,0.000000,-0.171295,0.000000,0.000000,0.000000,65535.000000,5.435423,1.745879,3.269170,2.716949,3.269170,2.716949,0.250000,0.000000,1.000000
25510.000000,3.269170,2.716949,0.000000,0.000000,0.000000,2.000000,0.000000,1.000000,0.000000,0.000001,0.000000,0.000000,0.000000,-0.164155,0.000000,0.000000,0.000000,65535.000000,5.435423,1.745879,3.269170,2.716949,3.269170,2.716949,0.250000,0.000000,1.000000
25520.000000,3.269170,2.716949,0.000000,0.000000,0.000000,2.000000,0.000000,1.000000,0.000000,0.000001,0.000000,0.000000,0.000000,-0.162521,0.000000,0.000000,0.000000,65535.000000,5.435423,1.745879,3.269170,2.716949,3.269170,2.716949,0.250000,0.000000,1.000000
25530.000000,3.269170,2.716949,0.000000,0.000000,0.000000,2.000000,0.000000,1.000000,0.000000,0.000001,0.000000,0.000000,0.000000,-0.160601,0.000000,0.000000,0.000000,65535.000000,5.435423,1.745879,3.269170,2.716949,3.269170,2.716949,0.250000,0.000000,1.000000
25540.000000,3.269170,2.716949,0.000000,0.000000,0.000000,2.000000,0.000000,1.000000,0.000000,0.000001,0.000000,0.000000,0.000000,-0.159002,0.000000,0.000000,0.000000,65535.000000,5.435423,1.745879,3.269170,2.716949,3.269170,2.716949,0.250000,0.000000,1.000000
25550.000000,3.269170,2.716949,0.000000,0.000000,0.000000,2.000000,0.000000,1.000000,0.000000,0.000001,0.000000,0.000000,0.000000,-0.157419,0.000000,0.000000,0.000000,65535.000000,5.435423,1.745879,3.269170,2.716949,3.269170,2.716949,0.250000,0.000000,1.000000
25560.000000,3.269170,2.716949,0.000000,0.000000,0.000000,2.000000,0.000000,1.000000,0.000000,0.000001,0.000000,0.000000,0.000000,-0.162534,0.000000,0.000000,0.000000,65535.000000,5.435423,1.745879,3.269170,2.716949,3.269170,2.716949,0.250000,0.000000,1.000000
25570.000000,3.269170,2.716949,0.000000,0.000000,0.000000,2.000000,0.000000,1.000000,0.000000,0.000001,0.000000,0.000000,0.000000,-0.160916,0.000000,0.000000,0.000000,65535.000000,5.435423,1.745879,3.269170,2.716949,3.269170,2.716949,0.250000,0.000000,1.000000
25580.000000,3.269170,2.716949,0.000000,0.000000,0.000000,2.000000,0.000000,1.000000,0.000000,0.000001,0.000000,0.000000,0.000000,-0.150063,0.000000,0.000000,0.000000,65535.000000,5.435423,1.745879,3.269170,2.716949,3.269170,2.716949,0.250000,0.000000,1.000000
25590.000000,3.269170,2.716949,0.000000,0.000000,0.000000,2.000000,0.000000,1.000000,0.000000,0.000001,0.000000,0.000000,0.000000,-0.148569,0.000000,0.000000,0.000000,65535.000000,5.435423,1.745879,3.269170,2.716949,3.269170,2.716949,0.250000,0.000000,1.000000
25600.000000,3.269170,2.716949,0.000000,0.000000,0.000000,2.000000,0.000000,1.000000,0.000000,0.000001,0.000000,0.000000,0.000000,-0.147564,0.000000,0.000000,0.000000,65535.000000,5.435423,1.745879,3.269170,2.716949,3.269170,2.716949,0.250000,0.000000,1.000000
25610.000000,3.269170,2.716949,0.000000,0.000000,0.000000,2.000000,0.000000,1.000000,0.000000,0.000000,0.000000,0.000000,0.000000,-0.151556,0.000000,0.000000,0.000000,65535.000000,5.435423,1.745879,3.269170,2.716949,3.269170,2.716949,0.250000,0.000000,1.000000
25620.000000,3.269170,2.716949,0.000000,0.000000,0.000000,2.000000,0.000000,1.000000,0.000000,0.000000,0.000000,0.000000,0.000000,-0.150047,0.000000,0.000000,0.000000,65535.000000,5.435423,1.745879,3.269170,2.716949,3.269170,2.716949,0.250000,0.000000,1.000000
25630.000000,3.269170,2.716949,0.000000,0.000000,0.000000,2.000000,0.000000,1.000000,0.000000,0.000000,0.000000,0.000000,0.000000,-0.150185,0.000000,0.000000,0.000000,65535.000000,5.435423,1.745879,3.269170,2.716949,3.269170,2.716949,0.250000,0.000000,1.000000
25640.000000,3.269170,2.716949,0.000000,0.000000,0.000000,2.000000,0.000000,1.000000,0.000000,0.000000,0.000000,0.000000,0.000000,-0.150654,0.000000,0.000000,0.000000,65535.000000,5.435423,1.745879,3.269170,2.716949,3.269170,2.716949,0.250000,0.000000,1.000000
25650.000000,3.269170,2.716949,0.000000,0.000000,0.000000,2.000000,0.000000,1.000000,0.000000,0.000000,0.000000,0.000000,0.000000,-0.149154,0.000000,0.000000,0.000000,65535.000000,5.435423,1.745879,3.269170,2.716949,3.269170,2.716949,0.250000,0.000000,1.000000
25660.000000,3.269170,2.716949,0.000000,0.000000,0.000000,2.000000,0.000000,1.000000,0.000000,0.000000,0.000000,0.000000,0.000000,-0.145822,0.000000,0.000000,0.000000,65535.000000,5.435423,1.745879,3.269170,2.716949,3.269170,2.716949,0.250000,0.000000,1.000000
25670.000000,3.269170,2.716949,0.000000,0.000000,0.000000,2.000000,0.000000,1.000000,0.000000,0.000000,0.000000,0.000000,0.000000,-0.139789,0.000000,0.000000,0.000000,65535.000000,5.435423,1.745879,3.269170,2.716949,3.269170,2.716949,0.250000,0.000000,1.000000
25680.000000,3.269170,2.716949,0.000000,0.000000,0.000000,2.000000,0.000000,1.000000,0.000000,0.000000,0.000000,0.000000,0.000000,-0.138397,0.000000,0.000000,0.000000,65535.000000,5.435423,1.745879,3.269170,2.716949,3.269170,2.716949,0.250000,0.000000,1.000000
25690.000000,3.269170,2.716949,0.000000,0.000000,0.000000,2.000000,0.000000,1.000000,0.000000,0.000000,0.000000,0.000000,0.000000,-0.137020,0.000000,0.000000,0.000000,65535.000000,5.435423,1.745879,3.269170,2.716949,3.269170,2.716949,0.250000,0.000000,1.000000
25700.000000,3.269170,2.716949,0.000000,0.000000,0.000000,2.000000,0.000000,1.000000,0.000000,0.000000,0.000000,0.000000,0.000000,-0.136308,0.000000,0.000000,0.000000,65535.000000,5.435423,1.745879,3.269170,2.716949,3.269170,2.716949,0.250000,0.000000,1.000000
25710.000000,3.269170,2.716949,0.000000,0.000000,0.000000,2.000000,0.000000,1.000000,0.000000,0.000000,0.000000,0.000000,0.000000,-0.134951,0.000000,0.000000,0.000000,65535.000000,5.435423,1.745879,3.269170,2.716949,3.269170,2.716949,0.250000,0.000000,1.000000
25720.000000,3.269170,2.716949,0.000000,0.000000,0.000000,2.000000,0.000000,1.000000,0.000000,0.000000,0.000000,0.000000,0.000000,-0.134978,0.000000,0.000000,0.000000,65535.000000,5.435423,1.745879,3.269170,2.716949,3.269170,2.716949,0.250000,0.000000,1.000000
25730.000000,3.269170,2.716949,0.000000,0.000000,0.000000,2.000000,0.000000,1.000000,0.000000,0.000000,0.000000,0.000000,0.000000,-0.139678,0.000000,0.000000,0.000000,65535.000000,5.435423,1.745879,3.269170,2.716949,3.269170,2.716949,0.250000,0.000000,1.000000
25740.000000,3.269170,2.716949,0.000000,0.000000,0.000000,2.000000,0.000000,1.000000,0.000000,0.000000,0.000000,0.000000,0.000000,-0.134021,0.000000,0.000000,0.000000,65535.000000,5.435423,1.745879,3.269170,2.716949,3.269170,2.716949,0.250000,0.000000,1.000000
25750.000000,3.269170,2.716949,0.000000,0.000000,0.000000,2.000000,0.000000,1.000000,0.000000,0.000000,0.000000,0.000000,0.000000,-0.132686,0.000000,0.000000,0.000000,65535.000000,5.435423,1.745879,3.269170,2.716949,3.269170,2.716949,0.250000,0.000000,1.000000
25760.000000,3.269170,2.716949,0.000000,0.000000,0.000000,2.000000,0.000000,1.000000,0.000000,0.000000,0.000000,0.000000,0.000000,-0.128942,0.000000,0.000000,0.000000,65535.000000,5.435423,1.745879,3.269170,2.716949,3.269170,2.716949,0.250000,0.000000,1.000000
25770.000000,3.269170,2.716949,0.000000,0.000000,0.000000,2.000000,0.000000,1.000000,0.000000,0.000000,0.000000,0.000000,0.000000,-0.127658,0.000000,0.000000,0.000000,65535.000000,5.435423,1.745879,3.269170,2.716949,3.269170,2.716949,0.250000,0.000000,1.000000
25780.000000,3.269170,2.716949,0.000000,0.000000,0.000000,2.000000,0.000000,1.000000,0.000000,0.000000,0.000000,0.000000,0.000000,-0.126388,0.000000,0.000000,0.000000,65535.000000,5.435423,1.745879,3.269170,2.716949,3.269170,2.716949,0.250000,0.000000,1.000000
25790.000000,3.269170,2.716949,0.000000,0.000000,0.000000,2.000000,0.000000,1.000000,0.000000,0.000000,0.000000,0.000000,0.000000,-0.128315,0.000000,0.000000,0.000000,65535.000000,5.435423,1.745879,3.269170,2.716949,3.269170,2.716949,0.250000,0.000000,1.000000
25800.000000,3.269170,2.716949,0.000000,0.000000,0.000000,2.000000,0.000000,1.000000,0.000000,0.000000,0.000000,0.000000,0.000000,-0.126310,0.000000,0.000000,0.000000,65535.000000,5.435423,1.745879,3.269170,2.716949,3.269170,2.716949,0.250000,0.000000,1.000000
25810.000000,3.269170,2.716949,0.000000,0.000000,0.000000,2.000000,0.000000,1.000000,0.000000,0.000000,0.000000,0.000000,0.000000,-0.120528,0.000000,0.000000,0.000000,65535.000000,5.435423,1.745879,3.269170,2.716949,3.269170,2.716949,0.250000,0.000000,1.000000
25820.000000,3.269170,2.716949,0.000000,0.000000,0.000000,2.000000,0.000000,1.000000,0.000000,0.000000,0.000000,0.000000,0.000000,-0.119194,0.000000,0.000000,0.000000,65535.000000,5.435423,1.745879,3.269170,2.716949,3.269170,2.716949,0.250000,0.000000,1.000000
25830.000000,3.269170,2.716949,0.000000,0.000000,0.000000,2.000000,0.000000,1.000000,0.000000,0.000000,0.000000,0.000000,0.000000,-0.117023,0.000000,0.000000,0.000000,65535.000000,5.435423,1.745879,3.269170,2.716949,3.269170,2.716949,0.250000,0.000000,1.000000
25840.000000,3.269170,2.716949,0.000000,0.000000,0.000000,2.000000,0.000000,1.000000,0.000000,0.000000,0.000000,0.000000,0.000000,-0.115858,0.000000,0.000000,0.000000,65535.000000,5.435423,1.745879,3.269170,2.716949,3.269170,2.716949,0.250000,0.000000,1.000000
25850.000000,3.269170,2.716949,0.000000,0.000000,0.000000,2.000000,0.000000,1.000000,0.000000,0.000000,0.000000,0.000000,0.000000,-0.110836,0.000000,0.000000,0.000000,65535.000000,5.435423,1.745879,3.269170,2.716949,3.269170,2.716949,0.250000,0.000000,1.000000
25860.000000,3.269170,2.716949,0.000000,0.000000,0.000000,2.000000,0.000000,1.000000,0.000000,0.000000,0.000000,0.000000,0.000000,-0.109733,0.000000,0.000000,0.000000,65535.000000,5.435423,1.745879,3.269170,2.716949,3.269170,2.716949,0.250000,0.000000,1.000000
25870.000000,3.269170,2.716949,0.000000,0.000000,0.000000,2.000000,0.000000,1.000000,0.000000,0.000000,0.000000,0.000000,0.000000,-0.108640,0.000000,0.000000,0.000000,65535.000000,5.435423,1.745879,3.269170,2.716949,3.269170,2.716949,0.250000,0.000000,1.000000
25880.000000,3.269170,2.716949,0.000000,0.000000,0.000000,2.000000,0.000000,1.000000,0.000000,0.000000,0.000000,0.000000,0.000000,-0.108488,0.000000,0.000000,0.000000,65535.000000,5.435423,1.745879,3.269170,2.716949,3.269170,2.716949,0.250000,0.000000,1.000000
25890.000000,3.269170,2.716949,0.000000,0.000000,0.000000,2.000000,0.000000,1.000000,0.000000,0.000000,0.000000,0.000000,0.000000,-0.107408,0.000000,0.000000,0.000000,65535.000000,5.435423,1.745879,3.269170,2.716949,3.269170,2.716949,0.250000,0.000000,1.000000
25900.000000,3.269170,2.716949,0.000000,0.000000,0.000000,2.000000,0.000000,1.000000,0.000000,0.000000,0.000000,0.000000,0.000000,-0.110839,0.000000,0.000000,0.000000,65535.000000,5.435423,1.745879,3.269170,2.716949,3.269170,2.716949,0.250000,0.000000,1.000000
25910.000000,3.269170,2.716949,0.000000,0.000000,0.000000,2.000000,0.000000,1.000000,0.000000,0.000000,0.000000,0.000000,0.000000,-0.109736,0.000000,0.000000,0.000000,65535.000000,5.435423,1.745879,3.269170,2.716949,3.269170,2.716949,0.250000,0.000000,1.000000
25920.000000,3.269170,2.716949,0.000000,0.000000,0.000000,2.000000,0.000000,1.000000,0.000000,0.000000,0.000000,0.000000,0.000000,-0.108643,0.000000,0.000000,0.000000,65535.000000,5.435423,1.745879,3.269170,2.716949,3.269170,2.716949,0.250000,0.000000,1.000000
25930.000000,3.269170,2.716949,0.000000,0.000000,0.000000,2.000000,0.000000,1.000000,0.000000,0.000000,0.000000,0.000000,0.000000,-0.111182,0.000000,0.000000,0.000000,65535.000000,5.435423,1.745879,3.269170,2.716949,3.269170,2.716949,0.250000,0.000000,1.000000
25940.000000,3.269170,2.716949,0.000000,0.000000,0.000000,2.000000,0.000000,1.000000,0.000000,0.000000,0.000000,0.000000,0.000000,-0.114033,0.000000,0.000000,0.000000,65535.000000,5.435423,1.745879,3.269170,2.716949,3.269170,2.716949,0.250000,0.000000,1.000000
25950.000000,3.269170,2.716949,0.000000,0.000000,0.000000,2.000000,0.000000,1.000000,0.000000,0.000000,0.000000,0.000000,0.000000,-0.079881,0.000000,0.000000,0.000000,65535.000000,5.435423,1.745879,3.269170,2.716949,3.269170,2.716949,0.250000,0.000000,1.000000
25960.000000,3.269170,2.716949,0.000000,0.000000,0.000000,2.000000,0.000000,1.000000,0.000000,0.008685,0.000950,0.000654,0.000689,-0.035035,0.000000,0.000000,0.000000,65535.000000,5.435423,1.745879,3.269170,2.716949,3.269170,2.716949,0.250000,0.000000,1.000000
25970.000000,3.269170,2.716949,0.000000,0.000000,0.000000,2.000000,0.000000,1.000000,0.000000,0.007843,0.000584,0.000402,0.000423,-0.025180,0.000000,0.000000,0.000000,65535.000000,5.435423,1.745879,3.269170,2.716949,3.269170,2.716949,0.250000,0.000000,1.000000
25980.000000,3.269170,2.716949,0.000000,0.000000,0.000000,2.000000,0.000000,1.000000,0.000000,0.003275,0.000358,0.000247,0.000260,-0.024929,0.000000,0.000000,0.000000,65535.000000,5.435423,1.745879,3.269170,2.716949,3.269170,2.716949,0.250000,0.000000,1.000000
25990.000000,3.269170,2.716949,0.000000,0.000000,0.000000,2.000000,0.000000,1.000000,0.000000,0.000917,0.000220,0.000151,0.000160,-0.026441,0.000000,0.000000,0.000000,65535.000000,5.435423,1.745879,3.269170,2.716949,3.269170,2.716949,0.250000,0.000000,1.000000
26000.000000,3.269170,2.716949,0.000000,0.000000,0.000000,2.000000,0.000000,1.000000,0.000000,0.008067,0.001085,0.000747,0.000787,-0.070397,0.000000,0.000000,0.000000,65535.000000,5.435423,1.745879,3.269170,2.716949,3.269170,2.716949,0.250000,0.000000,1.000000
26010.000000,3.269170,2.716949,0.000000,0.000000,0.000000,2.000000,0.000000,1.000000,0.000000,0.005735,0.000666,0.000459,0.000483,-0.076056,0.000000,0.000000,0.000000,65535.000000,5.435423,1.745879,3.269170,2.716949,3.269170,2.716949,0.250000,0.000000,1.000000
26020.000000,3.269170,2.716949,0.000000,0.000000,0.000000,2.000000,0.000000,1.000000,0.000000,0.001705,0.000409,0.000282,0.000297,-0.076505,0.000000,0.000000,0.000000,65535.000000,5.435423,1.745879,3.269170,2.716949,3.269170,2.716949,0.250000,0.000000,1.000000
26030.000000,3.269170,2.716949,0.000000,0.000000,0.000000,2.000000,0.000000,1.000000,0.000000,0.001402,0.000251,0.000173,0.000182,-0.079847,0.000000,0.000000,0.000000,65535.000000,5.435423,1.745879,3.269170,2.716949,3.269170,2.716949,0.250000,0.000000,1.000000
26040.000000,3.269170,2.716949,0.000000,0.000000,0.000000,2.000000,0.000000,1.000000,0.000000,0.002838,0.000154,0.000106,0.000112,-0.079052,0.000000,0.000000,0.000000,65535.000000,5.435423,1.745879,3.269170,2.716949,3.269170,2.716949,0.250000,0.000000,1.000000
26050.000000,3.269170,2.716949,0.000000,0.000000,0.000000,2.000000,0.000000,1.000000,0.000000,0.003208,0.000095,0.000065,0.000069,-0.090382,0.000000,0.000000,0.000000,65535.000000,5.435423,1.745879,3.269170,2.716949,3.269170,2.716949,0.250000,0.000000,1.000000
26060.000000,3.269170,2.716949,0.000000,0.000000,0.000000,2.000000,0.000000,1.000000,0.000000,0.003401,0.000058,0.000040,0.000042,-0.089482,0.000000,0.000000,0.000000,65535.000000,5.435423,1.745879,3.269170,2.716949,3.269170,2.716949,0.250000,0.000000,1.000000
26070.000000,3.269170,2.716949,0.000000,0.000000,0.000000,2.000000,0.000000,1.000000,0.000000,0.003361,0.000036,0.000025,0.000026,-0.092816,0.000000,0.000000,0.000000,65535.000000,5.435423,1.745879,3.269170,2.716949,3.269170,2.716949,0.250000,0.000000,1.000000
26080.000000,3.269170,2.716949,0.000000,0.000000,0.000000,2.000000,0.000000,1.000000,0.000000,0.003195,0.000022,0.000015,0.000016,-0.093938,0.000000,0.000000,0.000000,65535.000000,5.435423,1.745879,3.269170,2.716949,3.269170,2.716949,0.250000,0.000000,1.000000
26090.000000,3.269170,2.716949,0.000000,0.000000,0.000000,2.000000,0.000000,1.000000,0.000000,0.002967,0.000013,0.000009,0.000010,-0.091145,0.000000,0.000000,0.000000,65535.000000,5.435423,1.745879,3.269170,2.716949,3.269170,2.716949,0.250000,0.000000,1.000000
26100.000000,3.269170,2.716949,0.000000,0.000000,0.000000,2.000000,0.000000,1.000000,0.000000,0.002716,0.000008,0.000006,0.000006,-0.090238,0.000000,0.000000,0.000000,65535.000000,5.435423,1.745879,3.269170,2.716949,3.269170,2.716949,0.250000,0.000000,1.000000
26110.000000,3.269170,2.716949,0.000000,0.000000,0.000000,2.000000,0.000000,1.000000,0.000000,0.002462,0.000005,0.000003,0.000004,-0.086457,0.000000,0.000000,0.000000,65535.000000,5.435423,1.745879,3.269170,2.716949,3.269170,2.716949,0.250000,0.000000,1.000000
26120.000000,3.269170,2.716949,0.000000,0.000000,0.000000,2.000000,0.000000,1.000000,0.000000,0.002250,0.000003,0.000002,0.000002,-0.085596,0.000000,0.000000,0.000000,65535.000000,5.435423,1.745879,3.269170,2.716949,3.269170,2.716949,0.250000,0.000000,1.000000
26130.000000,3.269170,2.716949,0.000000,0.000000,0.000000,2.000000,0.000000,1.000000,0.000000,0.001990,0.000002,0.000001,0.000001,-0.094606,0.000000,0.000000,0.000000,65535.000000,5.435423,1.745879,3.269170,2.716949,3.269170,2.716949,0.250000,0.000000,1.000000
26140.000000,3.269170,2.716949,0.000000,0.000000,0.000000,2.000000,0.000000,1.000000,0.000000,0.001780,0.000001,0.000001,0.000001,-0.093664,0.000000,0.000000,0.000000,65535.000000,5.435423,1.745879,3.269170,2.716949,3.269170,2.716949,0.250000,0.000000,1.000000
26150.000000,3.269170,2.716949,0.000000,0.000000,0.000000,2.000000,0.000000,1.000000,0.000000,0.001589,0.000001,0.000000,0.000001,-0.093296,0.000000,0.000000,0.000000,65535.000000,5.435423,1.745879,3.269170,2.716949,3.269170,2.716949,0.250000,0.000000,1.000000
26160.000000,3.269170,2.716949,0.000000,0.000000,0.000000,2.000000,0.000000,1.000000,0.000000,0.001545,0.000000,0.000000,0.000000,-0.086027,0.000000,0.000000,0.000000,65535.000000,5.435423,1.745879,3.269170,2.716949,3.269170,2.716949,0.250000,0.000000,1.000000
26170.000000,3.269170,2.716949,0.000000,0.000000,0.000000,2.000000,0.000000,1.000000,0.000000,0.001376,0.000000,0.000000,0.000000,-0.083414,0.000000,0.000000,0.000000,65535.000000,5.435423,1.745879,3.269170,2.716949,3.269170,2.716949,0.250000,0.000000,1.000000
26180.000000,3.269170,2.716949,0.000000,0.000000,0.000000,2.000000,0.000000,1.000000,0.000000,0.001225,0.000000,0.000000,0.000000,-0.082583,0.000000,0.000000,0.000000,65535.000000,5.435423,1.745879,3.269170,2.716949,3.269170,2.716949,0.250000,0.000000,1.000000
26190.000000,3.269170,2.716949,0.000000,0.000000,0.000000,2.000000,0.000000,1.000000,0.000000,0.001090,0.000000,0.000000,0.000000,-0.086105,0.000000,0.000000,0.000000,65535.000000,5.435423,1.745879,3.269170,2.716949,3.269170,2.716949,0.250000,0.000000,1.000000
26200.000000,3.269170,2.716949,0.000000,0.000000,0.000000,2.000000,0.000000,1.000000,0.000000,0.000970,0.000000,0.000000,0.000000,-0.086485,0.000000,0.000000,0.000000,65535.000000,5.435423,1.745879,3.269170,2.716949,3.269170,2.716949,0.250000,0.000000,1.000000
26210.000000,3.269170,2.716949,0.000000,0.000000,0.000000,2.000000,0.000000,1.000000,0.000000,0.000862,0.000000,0.000000,0.000000,-0.085625,0.000000,0.000000,0.000000,65535.000000,5.435423,1.745879,3.269170,2.716949,3.269170,2.716949,0.250000,0.000000,1.000000
26220.000000,3.269170,2.716949,0.000000,0.000000,0.000000,2.000000,0.000000,1.000000,0.000000,0.000767,0.000000,0.000000,0.000000,-0.082944,0.000000,0.000000,0.000000,65535.000000,5.435423,1.745879,3.269170,2.716949,3.269170,2.716949,0.250000,0.000000,1.000000
26230.000000,3.269170,2.716949,0.000000,0.000000,0.000000,2.000000,0.000000,1.000000,0.000000,0.000682,0.000000,0.000000,0.000000,-0.082118,0.000000,0.000000,0.000000,65535.000000,5.435423,1.745879,3.269170,2.716949,3.269170,2.716949,0.250000,0.000000,1.000000
26240.000000,3.269170,2.716949,0.000000,0.000000,0.000000,2.000000,0.000000,1.000000,0.000000,0.000606,0.000000,0.000000,0.000000,-0.084138,0.000000,0.000000,0.000000,65535.000000,5.435423,1.745879,3.269170,2.716949,3.269170,2.716949,0.250000,0.000000,1.000000
26250.000000,3.269170,2.716949,0.000000,0.000000,0.000000,2.000000,0.000000,1.000000,0.000000,0.000539,0.000000,0.000000,0.000000,-0.076140,0.000000,0.000000,0.000000,65535.000000,5.435423,1.745879,3.269170,2.716949,3.269170,2.716949,0.250000,0.000000,1.000000
26260.000000,3.269170,2.716949,0.000000,0.000000,0.000000,2.000000,0.000000,1.000000,0.000000,0.000479,0.000000,0.000000,0.000000,-0.072758,0.000000,0.000000,0.000000,65535.000000,5.435423,1.745879,3.269170,2.716949,3.269170,2.716949,0.250000,0.000000,1.000000
26270.000000,3.269170,2.716949,0.000000,0.000000,0.000000,2.000000,0.000000,1.000000,0.000000,0.000426,0.000000,0.000000,0.000000,-0.072034,0.000000,0.000000,0.000000,65535.000000,5.435423,1.745879,3.269170,2.716949,3.269170,2.716949,0.250000,0.000000,1.000000
26280.000000,3.269170,2.716949,0.000000,0.000000,0.000000,2.000000,0.000000,1.000000,0.000000,0.000378,0.000000,0.000000,0.000000,-0.079208,0.000000,0.000000,0.000000,65535.000000,5.435423,1.745879,3.269170,2.716949,3.269170,2.716949,0.250000,0.000000,1.000000
26290.000000,3.269170,2.716949,0.000000,0.000000,0.000000,2.000000,0.000000,1.000000,0.000000,0.000336,0.000000,0.000000,0.000000,-0.078380,0.000000,0.000000,0.000000,65535.000000,5.435423,1.745879,3.269170,2.716949,3.269170,2.716949,0.250000,0.000000,1.000000
26300.000000,3.269170,2.716949,0.000000,0.000000,0.000000,2.000000,0.000000,1.000000,0.000000,0.000299,0.000000,0.000000,0.000000,-0.075931,0.000000,0.000000,0.000000,65535.000000,5.435423,1.745879,3.269170,2.716949,3.269170,2.716949,0.250000,0.000000,1.000000
26310.000000,3.269170,2.716949,0.000000,0.000000,0.000000,2.000000,0.000000,1.000000,0.000000,0.000266,0.000000,0.000000,0.000000,-0.075175,0.000000,0.000000,0.000000,65535.000000,5.435423,1.745879,3.269170,2.716949,3.269170,2.716949,0.250000,0.000000,1.000000
26320.000000,3.269170,2.716949,0.000000,0.000000,0.000000,2.000000,0.000000,1.000000,0.000000,0.000236,0.000000,0.000000,0.000000,-0.074427,0.000000,0.000000,0.000000,65535.000000,5.435423,1.745879,3.269170,2.716949,3.269170,2.716949,0.250000,0.000000,1.000000
26330.000000,3.269170,2.716949,0.000000,0.000000,0.000000,2.000000,0.000000,1.000000,0.000000,0.000210,0.000000,0.000000,0.000000,-0.081625,0.000000,0.000000,0.000000,65535.000000,5.435423,1.745879,3.269170,2.716949,3.269170,2.716949,0.250000,0.000000,1.000000
26340.000000,3.269170,2.716949,0.000000,0.000000,0.000000,2.000000,0.000000,1.000000,0.000000,0.000187,0.000000,0.000000,0.000000,-0.080397,0.000000,0.000000,0.000000,65535.000000,5.435423,1.745879,3.269170,2.716949,3.269170,2.716949,0.250000,0.000000,1.000000
26350.000000,3.269170,2.716949,0.000000,0.000000,0.000000,2.000000,0.000000,1.000000,0.000000,0.000166,0.000000,0.000000,0.000000,-0.079596,0.000000,0.000000,0.000000,65535.000000,5.435423,1.745879,3.269170,2.716949,3.269170,2.716949,0.250000,0.000000,1.000000
26360.000000,3.269170,2.716949,0.000000,0.000000,0.000000,2.000000,0.000000,1.000000,0.000000,0.000147,0.000000,0.000000,0.000000,-0.079283,0.000000,0.000000,0.000000,65535.000000,5.435423,1.745879,3.269170,2.716949,3.269170,2.716949,0.250000,0.000000,1.000000
26370.000000,3.269170,2.716949,0.000000,0.000000,0.000000,2.000000,0.000000,1.000000,0.000000,0.000131,0.000000,0.000000,0.000000,-0.078700,0.000000,0.000000,0.000000,65535.000000,5.435423,1.745879,3.269170,2.716949,3.269170,2.716949,0.250000,0.000000,1.000000
26380.000000,3.269170,2.716949,0.000000,0.000000,0.000000,2.000000,0.000000,1.000000,0.000000,0.000117,0.000000,0.000000,0.000000,-0.076804,0.000000,0.000000,0.000000,65535.000000,5.435423,1.745879,3.269170,2.716949,3.269170,2.716949,0.250000,0.000000,1.000000
26390.000000,3.269170,2.716949,0.000000,0.000000,0.000000,2.000000,0.000000,1.000000,0.000000,0.000104,0.000000,0.000000,0.000000,-0.072877,0.000000,0.000000,0.000000,65535.000000,5.435423,1.745879,3.269170,2.716949,3.269170,2.716949,0.250000,0.000000,1.000000
26400.000000,3.269170,2.716949,0.000000,0.000000,0.000000,2.000000,0.000000,1.000000,0.000000,0.000092,0.000000,0.000000,0.000000,-0.072152,0.000000,0.000000,0.000000,65535.000000,5.435423,1.745879,3.269170,2.716949,3.269170,2.716949,0.250000,0.000000,1.000000
26410.000000,3.269170,2.716949,0.000000,0.000000,0.000000,2.000000,0.000000,1.000000,0.000000,0.000082,0.000000,0.000000,0.000000,-0.071959,0.000000,0.000000,0.000000,65535.000000,5.435423,1.745879,3.269170,2.716949,3.269170,2.716949,0.250000,0.000000,1.000000
26420.000000,3.269170,2.716949,0.000000,0.000000,0.000000,2.000000,0.000000,1.000000,0.000000,0.000073,0.000000,0.000000,0.000000,-0.070009,0.000000,0.000000,0.000000,65535.000000,5.435423,1.745879,3.269170,2.716949,3.269170,2.716949,0.250000,0.000000,1.000000
26430.000000,3.269170,2.716949,0.000000,0.000000,0.000000,2.000000,0.000000,1.000000,0.000000,0.000065,0.000000,0.000000,0.000000,-0.067580,0.000000,0.000000,0.000000,65535.000000,5.435423,1.745879,3.269170,2.716949,3.269170,2.716949,0.250000,0.000000,1.000000
26440.000000,3.269170,2.716949,0.000000,0.000000,0.000000,2.000000,0.000000,1.000000,0.000000,0.000057,0.000000,0.000000,0.000000,-0.063129,0.000000,0.000000,0.000000,65535.000000,5.435423,1.745879,3.269170,2.716949,3.269170,2.716949,0.250000,0.000000,1.000000
26450.000000,3.269170,2.716949,0.000000,0.000000,0.000000,2.000000,0.000000,1.000000,0.000000,0.000051,0.000000,0.000000,0.000000,-0.055014,0.000000,0.000000,0.000000,65535.000000,5.435423,1.745879,3.269170,2.716949,3.269170,2.716949,0.250000,0.000000,1.000000
26460.000000,3.269170,2.716949,0.000000,0.000000,0.000000,2.000000,0.000000,1.000000,0.000000,0.000045,0.000000,0.000000,0.000000,-0.054466,0.000000,0.000000,0.000000,65535.000000,5.435423,1.745879,3.269170,2.716949,3.269170,2.716949,0.250000,0.000000,1.000000
26470.000000,3.269170,2.716949,0.000000,0.000000,0.000000,2.000000,0.000000,1.000000,0.000000,0.000040,0.000000,0.000000,0.000000,-0.054321,0.000000,0.000000,0.000000,65535.000000,5.435423,1.745879,3.269170,2.716949,3.269170,2.716949,0.250000,0.000000,1.000000
26480.000000,3.269170,2.716949,0.000000,0.000000,0.000000,2.000000,0.000000,1.000000,0.000000,0.000036,0.000000,0.000000,0.000000,-0.062769,0.000000,0.000000,0.000000,65535.000000,5.435423,1.745879,3.269170,2.716949,3.269170,2.716949,0.250000,0.000000,1.000000
26490.000000,3.269170,2.716949,0.000000,0.000000,0.000000,2.000000,0.000000,1.000000,0.000000,0.000032,0.000000,0.000000,0.000000,-0.056435,0.000000,0.000000,0.000000,65535.000000,5.435423,1.745879,3.269170,2.716949,3.269170,2.716949,0.250000,0.000000,1.000000
26500.000000,3.269170,2.716949,0.000000,0.000000,0.000000,2.000000,0.000000,1.000000,0.000000,0.000028,0.000000,0.000000,0.000000,-0.055873,0.000000,0.000000,0.000000,65535.000000,5.435423,1.745879,3.269170,2.716949,3.269170,2.716949,0.250000,0.000000,1.000000
