I0,I1,I2,I3,I4,I5,I6,I7,I8,I9,I10,I11,I12,I13,I14,I15,I16,I17,I18,I19,I20,I21,I22,I23,I24,I25,I26,I27
5160.000000,6.000000,1.000000,0.000000,0.000000,0.000000,0.000000,0.000000,0.000000,0.000000,0.000000,0.000000,0.000000,0.000000,-0.025527,0.000000,0.000000,0.000000,65535.000000,0.000000,0.000000,6.000000,1.000000,6.000000,1.000000,0.000000,0.000000,1.000000
5170.000000,6.000000,1.000000,0.000000,0.000000,0.000000,0.000000,0.000000,0.000000,0.000000,0.000000,0.000000,0.000000,0.000000,-0.033867,0.000000,0.000000,0.000000,65535.000000,0.000000,0.000000,6.000000,1.000000,6.000000,1.000000,0.000000,0.000000,1.000000
5180.000000,6.000000,1.000000,0.000000,0.000000,0.000000,0.000000,0.000000,0.000000,0.000000,0.000000,0.000000,0.000000,0.000000,-0.027937,0.000000,0.000000,0.000000,65535.000000,0.000000,0.000000,6.000000,1.000000,6.000000,1.000000,0.000000,0.000000,1.000000
5190.000000,6.000000,1.000000,0.000000,0.000000,0.000000,0.000000,0.000000,0.000000,0.000000,0.000000,0.000000,0.000000,0.000000,-0.027659,0.000000,0.000000,0.000000,65535.000000,0.000000,0.000000,6.000000,1.000000,6.000000,1.000000,0.000000,0.000000,1.000000
5200.000000,6.000000,1.000000,0.000000,0.000000,0.000000,0.000000,0.000000,0.000000,0.000000,0.000000,0.000000,0.000000,0.000000,-0.033892,0.000000,0.000000,0.000000,65535.000000,0.000000,0.000000,6.000000,1.000000,6.000000,1.000000,0.000000,0.000000,1.000000
5210.000000,6.000000,1.000000,0.000000,0.000000,0.000000,0.000000,0.000000,0.000000,0.000000,0.000000,0.000000,0.000000,0.000000,-0.033730,0.000000,0.000000,0.000000,65535.000000,0.000000,0.000000,6.000000,1.000000,6.000000,1.000000,0.000000,0.000000,1.000000
5220.000000,6.000000,1.000000,0.000000,0.000000,0.000000,0.000000,0.000000,0.000000,0.000000,0.000000,0.000000,0.000000,0.000000,-0.025823,0.000000,0.000000,0.000000,65535.000000,0.000000,0.000000,6.000000,1.000000,6.000000,1.000000,0.000000,0.000000,1.000000
5230.000000,6.000000,1.000000,0.000000,0.000000,0.000000,0.000000,0.000000,0.000000,0.000000,0.000000,0.000000,0.000000,0.000000,-0.025566,0.000000,0.000000,0.000000,65535.000000,0.000000,0.000000,6.000000,1.000000,6.000000,1.000000,0.000000,0.000000,1.000000
5240.000000,6.000000,1.000000,0.000000,0.000000,0.000000,0.000000,0.000000,0.000000,0.000000,0.000000,0.000000,0.000000,0.000000,-0.024082,0.000000,0.000000,0.000000,65535.000000,0.000000,0.000000,6.000000,1.000000,6.000000,1.000000,0.000000,0.000000,1.000000
5250.000000,6.000000,1.000000,0.000000,0.000000,0.000000,0.000000,0.000000,0.000000,0.000000,0.000000,0.000000,0.000000,0.000000,-0.023842,0.000000,0.000000,0.000000,65535.000000,0.000000,0.000000,6.000000,1.000000,6.000000,1.000000,0.000000,0.000000,1.000000
5260.000000,6.000000,1.000000,0.000000,0.000000,0.000000,0.000000,0.000000,0.000000,0.000000,0.000000,0.000000,0.000000,0.000000,-0.023605,0.000000,0.000000,0.000000,65535.000000,0.000000,0.000000,6.000000,1.000000,6.000000,1.000000,0.000000,0.000000,1.000000
5270.000000,6.000000,1.000000,0.000000,0.000000,0.000000,0.000000,0.000000,0.000000,0.000000,0.000000,0.000000,0.000000,0.000000,-0.031365,0.000000,0.000000,0.000000,65535.000000,0.000000,0.000000,6.000000,1.000000,6.000000,1.000000,0.000000,0.000000,1.000000
5280.000000,6.000000,1.000000,0.000000,0.000000,0.000000,0.000000,0.000000,0.000000,0.000000,0.000000,0.000000,0.000000,0.000000,-0.030438,0.000000,0.000000,0.000000,65535.000000,0.000000,0.000000,6.000000,1.000000,6.000000,1.000000,0.000000,0.000000,1.000000
5290.000000,6.000000,1.000000,0.000000,0.000000,0.000000,0.000000,0.000000,0.000000,0.000000,0.000000,0.000000,0.000000,0.000000,-0.022750,0.000000,0.000000,0.000000,65535.000000,0.000000,0.000000,6.000000,1.000000,6.000000,1.000000,0.000000,0.000000,1.000000
5300.000000,6.000000,1.000000,0.000000,0.000000,0.000000,0.000000,0.000000,0.000000,0.000000,0.000000,0.000000,0.000000,0.000000,-0.022524,0.000000,0.000000,0.000000,65535.000000,0.000000,0.000000,6.000000,1.000000,6.000000,1.000000,0.000000,0.000000,1.000000
5310.000000,6.000000,1.000000,0.000000,0.000000,0.000000,0.000000,0.000000,0.000000,0.000000,0.000000,0.000000,0.000000,0.000000,-0.022299,0.000000,0.000000,0.000000,65535.000000,0.000000,0.000000,6.000000,1.000000,6.000000,1.000000,0.000000,0.000000,1.000000
5320.000000,6.000000,1.000000,0.000000,0.000000,0.000000,0.000000,0.000000,0.000000,0.000000,0.000000,0.000000,0.000000,0.000000,-0.025965,0.000000,0.000000,0.000000,65535.000000,0.000000,0.000000,6.000000,1.000000,6.000000,1.000000,0.000000,0.000000,1.000000
5330.000000,6.000000,1.000000,0.000000,0.000000,0.000000,0.000000,0.000000,0.000000,0.000000,0.000000,0.000000,0.000000,0.000000,-0.040389,0.000000,0.000000,0.000000,65535.000000,0.000000,0.000000,6.000000,1.000000,6.000000,1.000000,0.000000,0.000000,1.000000
5340.000000,6.000000,1.000000,0.000000,0.000000,0.000000,0.000000,0.000000,0.000000,0.000000,0.000000,0.000000,0.000000,0.000000,-0.030000,0.000000,0.000000,0.000000,65535.000000,0.000000,0.000000,6.000000,1.000000,6.000000,1.000000,0.000000,0.000000,1.000000
5350.000000,6.000000,1.000000,0.000000,0.000000,0.000000,0.000000,0.000000,0.000000,0.000000,0.000000,0.000000,0.000000,0.000000,-0.018666,0.000000,0.000000,0.000000,65535.000000,0.000000,0.000000,6.000000,1.000000,6.000000,1.000000,0.000000,0.000000,1.000000
5360.000000,6.000000,1.000000,0.000000,0.000000,0.000000,0.000000,0.000000,0.000000,0.000000,0.000000,0.000000,0.000000,0.000000,-0.017738,0.000000,0.000000,0.000000,65535.000000,0.000000,0.000000,6.000000,1.000000,6.000000,1.000000,0.000000,0.000000,1.000000
5370.000000,6.000000,1.000000,0.000000,0.000000,0.000000,0.000000,0.000000,0.000000,0.000000,0.000000,0.000000,0.000000,0.000000,-0.017561,0.000000,0.000000,0.000000,65535.000000,0.000000,0.000000,6.000000,1.000000,6.000000,1.000000,0.000000,0.000000,1.000000
5380.000000,6.000000,1.000000,0.000000,0.000000,0.000000,0.000000,0.000000,0.000000,0.000000,0.000000,0.000000,0.000000,0.000000,-0.019724,0.000000,0.000000,0.000000,65535.000000,0.000000,0.000000,6.000000,1.000000,6.000000,1.000000,0.000000,0.000000,1.000000
5390.000000,6.000000,1.000000,0.000000,0.000000,0.000000,0.000000,0.000000,0.000000,0.000000,0.000000,0.000000,0.000000,0.000000,-0.020252,0.000000,0.000000,0.000000,65535.000000,0.000000,0.000000,6.000000,1.000000,6.000000,1.000000,0.000000,0.000000,1.000000
5400.000000,6.000000,1.000000,0.000000,0.000000,0.000000,0.000000,0.000000,0.000000,0.000000,0.000000,0.000000,0.000000,0.000000,-0.024741,0.000000,0.000000,0.000000,65535.000000,0.000000,0.000000,6.000000,1.000000,6.000000,1.000000,0.000000,0.000000,1.000000
5410.000000,6.000000,1.000000,0.000000,0.000000,0.000000,0.000000,0.000000,0.000000,0.000000,0.000000,0.000000,0.000000,0.000000,-0.024495,0.000000,0.000000,0.000000,65535.000000,0.000000,0.000000,6.000000,1.000000,6.000000,1.000000,0.000000,0.000000,1.000000
5420.000000,6.000000,1.000000,0.000000,0.000000,0.000000,0.000000,0.000000,0.000000,0.000000,0.000000,0.000000,0.000000,0.000000,-0.027675,0.000000,0.000000,0.000000,65535.000000,0.000000,0.000000,6.000000,1.000000,6.000000,1.000000,0.000000,0.000000,1.000000
5430.000000,6.000000,1.000000,0.000000,0.000000,0.000000,0.000000,0.000000,0.000000,0.000000,0.000000,0.000000,0.000000,0.000000,-0.022352,0.000000,0.000000,0.000000,65535.000000,0.000000,0.000000,6.000000,1.000000,6.000000,1.000000,0.000000,0.000000,1.000000
5440.000000,6.000000,1.000000,0.000000,0.000000,0.000000,0.000000,0.000000,0.000000,0.000000,0.000000,0.000000,0.000000,0.000000,-0.022130,0.000000,0.000000,0.000000,65535.000000,0.000000,0.000000,6.000000,1.000000,6.000000,1.000000,0.000000,0.000000,1.000000
5450.000000,6.000000,1.000000,0.000000,0.000000,0.000000,0.000000,0.000000,0.000000,0.000000,0.000000,0.000000,0.000000,0.000000,-0.021910,0.000000,0.000000,0.000000,65535.000000,0.000000,0.000000,6.000000,1.000000,6.000000,1.000000,0.000000,0.000000,1.000000
5460.000000,6.000000,1.000000,0.000000,0.000000,0.000000,0.000000,0.000000,0.000000,0.000000,0.000000,0.000000,0.000000,0.000000,-0.027734,0.000000,0.000000,0.000000,65535.000000,0.000000,0.000000,6.000000,1.000000,6.000000,1.000000,0.000000,0.000000,1.000000
5470.000000,6.000000,1.000000,0.000000,0.000000,0.000000,0.000000,0.000000,0.000000,0.000000,0.000000,0.000000,0.000000,0.000000,-0.027746,0.000000,0.000000,0.000000,65535.000000,0.000000,0.000000,6.000000,1.000000,6.000000,1.000000,0.000000,0.000000,1.000000
5480.000000,6.000000,1.000000,0.000000,0.000000,0.000000,0.000000,0.000000,0.000000,0.000000,0.000000,0.000000,0.000000,0.000000,-0.027400,0.000000,0.000000,0.000000,65535.000000,0.000000,0.000000,6.000000,1.000000,6.000000,1.000000,0.000000,0.000000,1.000000
5490.000000,6.000000,1.000000,0.000000,0.000000,0.000000,0.000000,0.000000,0.000000,0.000000,0.000000,0.000000,0.000000,0.000000,-0.022502,0.000000,0.000000,0.000000,65535.000000,0.000000,0.000000,6.000000,1.000000,6.000000,1.000000,0.000000,0.000000,1.000000
5500.000000,6.000000,1.000000,0.000000,0.000000,0.000000,0.000000,0.000000,0.000000,0.000000,0.000000,0.000000,0.000000,0.000000,-0.017582,0.000000,0.000000,0.000000,65535.000000,0.000000,0.000000,6.000000,1.000000,6.000000,1.000000,0.000000,0.000000,1.000000
5510.000000,6.000000,1.000000,0.000000,0.000000,0.000000,0.000000,0.000000,0.000000,0.000000,0.000000,0.000000,0.000000,0.000000,-0.014841,0.000000,0.000000,0.000000,65535.000000,0.000000,0.000000,6.000000,1.000000,6.000000,1.000000,0.000000,0.000000,1.000000
5520.000000,6.000000,1.000000,0.000000,0.000000,0.000000,0.000000,0.000000,0.000000,0.000000,0.000000,0.000000,0.000000,0.000000,-0.014693,0.000000,0.000000,0.000000,65535.000000,0.000000,0.000000,6.000000,1.000000,6.000000,1.000000,0.000000,0.000000,1.000000
5530.000000,6.000000,1.000000,0.000000,0.000000,0.000000,0.000000,0.000000,0.000000,0.000000,0.000000,0.000000,0.000000,0.000000,-0.019446,0.000000,0.000000,0.000000,65535.000000,0.000000,0.000000,6.000000,1.000000,6.000000,1.000000,0.000000,0.000000,1.000000
5540.000000,6.000000,1.000000,0.000000,0.000000,0.000000,0.000000,0.000000,0.000000,0.000000,0.000000,0.000000,0.000000,0.000000,-0.025988,0.000000,0.000000,0.000000,65535.000000,0.000000,0.000000,6.000000,1.000000,6.000000,1.000000,0.000000,0.000000,1.000000
5550.000000,6.000000,1.000000,0.000000,0.000000,0.000000,0.000000,0.000000,0.000000,0.000000,0.000000,0.000000,0.000000,0.000000,-0.024267,0.000000,0.000000,0.000000,65535.000000,0.000000,0.000000,6.000000,1.000000,6.000000,1.000000,0.000000,0.000000,1.000000
5560.000000,6.000000,1.000000,0.000000,0.000000,0.000000,0.000000,0.000000,0.000000,0.000000,0.000000,0.000000,0.000000,0.000000,-0.023624,0.000000,0.000000,0.000000,65535.000000,0.000000,0.000000,6.000000,1.000000,6.000000,1.000000,0.000000,0.000000,1.000000
5570.000000,6.000000,1.000000,0.000000,0.000000,0.000000,0.000000,0.000000,0.000000,0.000000,0.000000,0.000000,0.000000,0.000000,-0.009026,0.000000,0.000000,0.000000,65535.000000,0.000000,0.000000,6.000000,1.000000,6.000000,1.000000,0.000000,0.000000,1.000000
5580.000000,6.000000,1.000000,0.000000,0.000000,0.000000,0.000000,0.000000,0.000000,0.000000,0.000000,0.000000,0.000000,0.000000,-0.008937,0.000000,0.000000,0.000000,65535.000000,0.000000,0.000000,6.000000,1.000000,6.000000,1.000000,0.000000,0.000000,1.000000
5590.000000,6.000000,1.000000,0.000000,0.000000,0.000000,0.000000,0.000000,0.000000,0.000000,0.000000,0.000000,0.000000,0.000000,-0.008848,0.000000,0.000000,0.000000,65535.000000,0.000000,0.000000,6.000000,1.000000,6.000000,1.000000,0.000000,0.000000,1.000000
5600.000000,6.000000,1.000000,0.000000,0.000000,0.000000,0.000000,0.000000,0.000000,0.000000,0.000000,0.000000,0.000000,0.000000,-0.012871,0.000000,0.000000,0.000000,65535.000000,0.000000,0.000000,6.000000,1.000000,6.000000,1.000000,0.000000,0.000000,1.000000
5610.000000,6.000000,1.000000,0.000000,0.000000,0.000000,0.000000,0.000000,0.000000,0.000000,0.000000,0.000000,0.000000,0.000000,-0.030893,0.000000,0.000000,0.000000,65535.000000,0.000000,0.000000,6.000000,1.000000,6.000000,1.000000,0.000000,0.000000,1.000000
5620.000000,6.000000,1.000000,0.000000,0.000000,0.000000,0.000000,0.000000,0.000000,0.000000,0.000000,0.000000,0.000000,0.000000,-0.026150,0.000000,0.000000,0.000000,65535.000000,0.000000,0.000000,6.000000,1.000000,6.000000,1.000000,0.000000,0.000000,1.000000
5630.000000,6.000000,1.000000,0.000000,0.000000,0.000000,0.000000,0.000000,0.000000,0.000000,0.000000,0.000000,0.000000,0.000000,-0.023312,0.000000,0.000000,0.000000,65535.000000,0.000000,0.000000,6.000000,1.000000,6.000000,1.000000,0.000000,0.000000,1.000000
5640.000000,6.000000,1.000000,0.000000,0.000000,0.000000,0.000000,0.000000,0.000000,0.000000,0.000000,0.000000,0.000000,0.000000,-0.019676,0.000000,0.000000,0.000000,65535.000000,0.000000,0.000000,6.000000,1.000000,6.000000,1.000000,0.000000,0.000000,1.000000
5650.000000,6.000000,1.000000,0.000000,0.000000,0.000000,0.000000,0.000000,0.000000,0.000000,0.000000,0.000000,0.000000,0.000000,-0.019481,0.000000,0.000000,0.000000,65535.000000,0.000000,0.000000,6.000000,1.000000,6.000000,1.000000,0.000000,0.000000,1.000000
5660.000000,6.000000,1.000000,0.000000,0.000000,0.000000,0.000000,0.000000,0.000000,0.000000,0.000000,0.000000,0.000000,0.000000,-0.019437,0.000000,0.000000,0.000000,65535.000000,0.000000,0.000000,6.000000,1.000000,6.000000,1.000000,0.000000,0.000000,1.000000
5670.000000,6.000000,1.000000,0.000000,0.000000,0.000000,0.000000,0.000000,0.000000,0.000000,0.000000,0.000000,0.000000,0.000000,-0.021801,0.000000,0.000000,0.000000,65535.000000,0.000000,0.000000,6.000000,1.000000,6.000000,1.000000,0.000000,0.000000,1.000000
5680.000000,6.000000,1.000000,0.000000,0.000000,0.000000,0.000000,0.000000,0.000000,0.000000,0.000000,0.000000,0.000000,0.000000,-0.034802,0.000000,0.000000,0.000000,65535.000000,0.000000,0.000000,6.000000,1.000000,6.000000,1.000000,0.000000,0.000000,1.000000
5690.000000,6.000000,1.000000,0.000000,0.000000,0.000000,0.000000,0.000000,0.000000,0.000000,0.000000,0.000000,0.000000,0.000000,-0.018371,0.000000,0.000000,0.000000,65535.000000,0.000000,0.000000,6.000000,1.000000,6.000000,1.000000,0.000000,0.000000,1.000000
5700.000000,6.000000,1.000000,0.000000,0.000000,0.000000,0.000000,0.000000,0.000000,0.000000,0.000000,0.000000,0.000000,0.000000,-0.018188,0.000000,0.000000,0.000000,65535.000000,0.000000,0.000000,6.000000,1.000000,6.000000,1.000000,0.000000,0.000000,1.000000
5710.000000,6.000000,1.000000,0.000000,0.000000,0.000000,0.000000,0.000000,0.000000,0.000000,0.000000,0.000000,0.000000,0.000000,-0.018007,0.000000,0.000000,0.000000,65535.000000,0.000000,0.000000,6.000000,1.000000,6.000000,1.000000,0.000000,0.000000,1.000000
5720.000000,6.000000,1.000000,0.000000,0.000000,0.000000,0.000000,0.000000,0.000000,0.000000,0.000000,0.000000,0.000000,0.000000,-0.023685,0.000000,0.000000,0.000000,65535.000000,0.000000,0.000000,6.000000,1.000000,6.000000,1.000000,0.000000,0.000000,1.000000
5730.000000,6.000000,1.000000,0.000000,0.000000,0.000000,0.000000,0.000000,0.000000,0.000000,0.000000,0.000000,0.000000,0.000000,-0.023928,0.000000,0.000000,0.000000,65535.000000,0.000000,0.000000,6.000000,1.000000,6.000000,1.000000,0.000000,0.000000,1.000000
5740.000000,6.000000,1.000000,0.000000,0.000000,0.000000,0.000000,0.000000,0.000000,0.000000,0.000000,0.000000,0.000000,0.000000,-0.018932,0.000000,0.000000,0.000000,65535.000000,0.000000,0.000000,6.000000,1.000000,6.000000,1.000000,0.000000,0.000000,1.000000
5750.000000,6.000000,1.000000,0.000000,0.000000,0.000000,0.000000,0.000000,0.000000,0.000000,0.000000,0.000000,0.000000,0.000000,-0.018744,0.000000,0.000000,0.000000,65535.000000,0.000000,0.000000,6.000000,1.000000,6.000000,1.000000,0.000000,0.000000,1.000000
5760.000000,6.000000,1.000000,0.000000,0.000000,0.000000,0.000000,0.000000,0.000000,0.000000,0.000000,0.000000,0.000000,0.000000,-0.018793,0.000000,0.000000,0.000000,65535.000000,0.000000,0.000000,6.000000,1.000000,6.000000,1.000000,0.000000,0.000000,1.000000
5770.000000,6.000000,1.000000,0.000000,0.000000,0.000000,0.000000,0.000000,0.000000,0.000000,0.000000,0.000000,0.000000,0.000000,-0.027708,0.000000,0.000000,0.000000,65535.000000,0.000000,0.000000,6.000000,1.000000,6.000000,1.000000,0.000000,0.000000,1.000000
5780.000000,6.000000,1.000000,0.000000,0.000000,0.000000,0.000000,0.000000,0.000000,0.000000,0.000000,0.000000,0.000000,0.000000,-0.019170,0.000000,0.000000,0.000000,65535.000000,0.000000,0.000000,6.000000,1.000000,6.000000,1.000000,0.000000,0.000000,1.000000
5790.000000,6.000000,1.000000,0.000000,0.000000,0.000000,0.000000,0.000000,0.000000,0.000000,0.000000,0.000000,0.000000,0.000000,-0.015808,0.000000,0.000000,0.000000,65535.000000,0.000000,0.000000,6.000000,1.000000,6.000000,1.000000,0.000000,0.000000,1.000000
5800.000000,6.000000,1.000000,0.000000,0.000000,0.000000,0.000000,0.000000,0.000000,0.000000,0.000000,0.000000,0.000000,0.000000,-0.015651,0.000000,0.000000,0.000000,65535.000000,0.000000,0.000000,6.000000,1.000000,6.000000,1.000000,0.000000,0.000000,1.000000
5810.000000,6.000000,1.000000,0.000000,0.000000,0.000000,0.000000,0.000000,0.000000,0.000000,0.000000,0.000000,0.000000,0.000000,-0.015495,0.000000,0.000000,0.000000,65535.000000,0.000000,0.000000,6.000000,1.000000,6.000000,1.000000,0.000000,0.000000,1.000000
5820.000000,6.000000,1.000000,0.000000,0.000000,0.000000,0.000000,0.000000,0.000000,0.000000,0.000000,0.000000,0.000000,0.000000,-0.017430,0.000000,0.000000,0.000000,65535.000000,0.000000,0.000000,6.000000,1.000000,6.000000,1.000000,0.000000,0.000000,1.000000
5830.000000,6.000000,1.000000,0.000000,0.000000,0.000000,0.000000,0.000000,0.000000,0.000000,0.000000,0.000000,0.000000,0.000000,-0.016081,0.000000,0.000000,0.000000,65535.000000,0.000000,0.000000,6.000000,1.000000,6.000000,1.000000,0.000000,0.000000,1.000000
5840.000000,6.000000,1.000000,0.000000,0.000000,0.000000,0.000000,0.000000,0.000000,0.000000,0.000000,0.000000,0.000000,0.000000,-0.009890,0.000000,0.000000,0.000000,65535.000000,0.000000,0.000000,6.000000,1.000000,6.000000,1.000000,0.000000,0.000000,1.000000
5850.000000,6.000000,1.000000,0.000000,0.000000,0.000000,0.000000,0.000000,0.000000,0.000000,0.000000,0.000000,0.000000,0.000000,-0.008119,0.000000,0.000000,0.000000,65535.000000,0.000000,0.000000,6.000000,1.000000,6.000000,1.000000,0.000000,0.000000,1.000000
5860.000000,6.000000,1.000000,0.000000,0.000000,0.000000,0.000000,0.000000,0.000000,0.000000,0.000000,0.000000,0.000000,0.000000,-0.008039,0.000000,0.000000,0.000000,65535.000000,0.000000,0.000000,6.000000,1.000000,6.000000,1.000000,0.000000,0.000000,1.000000
5870.000000,6.000000,1.000000,0.000000,0.000000,0.000000,0.000000,0.000000,0.000000,0.000000,0.000000,0.000000,0.000000,0.000000,-0.011705,0.000000,0.000000,0.000000,65535.000000,0.000000,0.000000,6.000000,1.000000,6.000000,1.000000,0.000000,0.000000,1.000000
5880.000000,6.000000,1.000000,0.000000,0.000000,0.000000,0.000000,0.000000,0.000000,0.000000,0.000000,0.000000,0.000000,0.000000,-0.000438,0.000000,0.000000,0.000000,65535.000000,0.000000,0.000000,6.000000,1.000000,6.000000,1.000000,0.000000,0.000000,1.000000
5890.000000,6.000000,1.000000,0.000000,0.000000,0.000000,0.000000,0.000000,0.000000,0.000000,0.000000,0.000000,0.000000,0.000000,0.000587,0.000000,0.000000,0.000000,65535.000000,0.000000,0.000000,6.000000,1.000000,6.000000,1.000000,0.000000,0.000000,1.000000
5900.000000,6.000000,1.000000,0.000000,0.000000,0.000000,0.000000,0.000000,0.000000,0.000000,0.000000,0.000000,0.000000,0.000000,0.000581,0.000000,0.000000,0.000000,65535.000000,0.000000,0.000000,6.000000,1.000000,6.000000,1.000000,0.000000,0.000000,1.000000
5910.000000,6.000000,1.000000,0.000000,0.000000,0.000000,0.000000,0.000000,0.000000,0.000000,0.000000,0.000000,0.000000,0.000000,-0.012949,0.000000,0.000000,0.000000,65535.000000,0.000000,0.000000,6.000000,1.000000,6.000000,1.000000,0.000000,0.000000,1.000000
5920.000000,6.000000,1.000000,0.000000,0.000000,0.000000,0.000000,0.000000,0.000000,0.000000,0.000000,0.000000,0.000000,0.000000,-0.014697,0.000000,0.000000,0.000000,65535.000000,0.000000,0.000000,6.000000,1.000000,6.000000,1.000000,0.000000,0.000000,1.000000
5930.000000,6.000000,1.000000,0.000000,0.000000,0.000000,0.000000,0.000000,0.000000,0.000000,0.000000,0.000000,0.000000,0.000000,-0.014551,0.000000,0.000000,0.000000,65535.000000,0.000000,0.000000,6.000000,1.000000,6.000000,1.000000,0.000000,0.000000,1.000000
5940.000000,6.000000,1.000000,0.000000,0.000000,0.000000,0.000000,0.000000,0.000000,0.000000,0.000000,0.000000,0.000000,0.000000,-0.016039,0.000000,0.000000,0.000000,65535.000000,0.000000,0.000000,6.000000,1.000000,6.000000,1.000000,0.000000,0.000000,1.000000
5950.000000,6.000000,1.000000,0.000000,0.000000,0.000000,0.000000,0.000000,0.000000,0.000000,0.000000,0.000000,0.000000,0.000000,-0.013099,0.000000,0.000000,0.000000,65535.000000,0.000000,0.000000,6.000000,1.000000,6.000000,1.000000,0.000000,0.000000,1.000000
5960.000000,6.000000,1.000000,0.000000,0.000000,0.000000,0.000000,0.000000,0.000000,0.000000,0.000000,0.000000,0.000000,0.000000,-0.012969,0.000000,0.000000,0.000000,65535.000000,0.000000,0.000000,6.000000,1.000000,6.000000,1.000000,0.000000,0.000000,1.000000
5970.000000,6.000000,1.000000,0.000000,0.000000,0.000000,0.000000,0.000000,0.000000,0.000000,0.000000,0.000000,0.000000,0.000000,-0.012840,0.000000,0.000000,0.000000,65535.000000,0.000000,0.000000,6.000000,1.000000,6.000000,1.000000,0.000000,0.000000,1.000000
5980.000000,6.000000,1.000000,0.000000,0.000000,0.000000,0.000000,0.000000,0.000000,0.000000,0.000000,0.000000,0.000000,0.000000,-0.021838,0.000000,0.000000,0.000000,65535.000000,0.000000,0.000000,6.000000,1.000000,6.000000,1.000000,0.000000,0.000000,1.000000
5990.000000,6.000000,1.000000,0.000000,0.000000,0.000000,0.000000,0.000000,0.000000,0.000000,0.000000,0.000000,0.000000,0.000000,-0.018392,0.000000,0.000000,0.000000,65535.000000,0.000000,0.000000,6.000000,1.000000,6.000000,1.000000,0.000000,0.000000,1.000000
6000.000000,6.000000,1.000000,0.000000,0.000000,0.000000,0.000000,0.000000,0.000000,0.000000,0.000000,0.000000,0.000000,0.000000,-0.018208,0.000000,0.000000,0.000000,65535.000000,0.000000,0.000000,6.000000,1.000000,6.000000,1.000000,0.000000,0.000000,1.000000
6010.000000,6.000000,1.000000,0.000000,0.000000,0.000000,0.000000,0.000000,0.000000,0.000000,0.000000,0.000000,0.000000,0.000000,-0.018027,0.000000,0.000000,0.000000,65535.000000,0.000000,0.000000,6.000000,1.000000,6.000000,1.000000,0.000000,0.000000,1.000000
6020.000000,6.000000,1.000000,0.000000,0.000000,0.000000,0.000000,0.000000,0.000000,0.000000,0.000000,0.000000,0.000000,0.000000,-0.016891,0.000000,0.000000,0.000000,65535.000000,0.000000,0.000000,6.000000,1.000000,6.000000,1.000000,0.000000,0.000000,1.000000
6030.000000,6.000000,1.000000,0.000000,0.000000,0.000000,0.000000,0.000000,0.000000,0.000000,0.000000,0.000000,0.000000,0.000000,-0.016723,0.000000,0.000000,0.000000,65535.000000,0.000000,0.000000,6.000000,1.000000,6.000000,1.000000,0.000000,0.000000,1.000000
6040.000000,6.000000,1.000000,0.000000,0.000000,0.000000,0.000000,0.000000,0.000000,0.000000,0.000000,0.000000,0.000000,0.000000,-0.001846,0.000000,0.000000,0.000000,65535.000000,0.000000,0.000000,6.000000,1.000000,6.000000,1.000000,0.000000,0.000000,1.000000
6050.000000,6.000000,1.000000,0.000000,0.000000,0.000000,0.000000,0.000000,0.000000,0.000000,0.000000,0.000000,0.000000,0.000000,-0.001827,0.000000,0.000000,0.000000,65535.000000,0.000000,0.000000,6.000000,1.000000,6.000000,1.000000,0.000000,0.000000,1.000000
6060.000000,6.000000,1.000000,0.000000,0.000000,0.000000,0.000000,0.000000,0.000000,0.000000,0.000000,0.000000,0.000000,0.000000,-0.001809,0.000000,0.000000,0.000000,65535.000000,0.000000,0.000000,6.000000,1.000000,6.000000,1.000000,0.000000,0.000000,1.000000
6070.000000,6.000000,1.000000,0.000000,0.000000,0.000000,0.000000,0.000000,0.000000,0.000000,0.000000,0.000000,0.000000,0.000000,-0.015572,0.000000,0.000000,0.000000,65535.000000,0.000000,0.000000,6.000000,1.000000,6.000000,1.000000,0.000000,0.000000,1.000000
6080.000000,6.000000,1.000000,0.000000,0.000000,0.000000,0.000000,0.000000,0.000000,0.000000,0.000000,0.000000,0.000000,0.000000,-0.018817,0.000000,0.000000,0.000000,65535.000000,0.000000,0.000000,6.000000,1.000000,6.000000,1.000000,0.000000,0.000000,1.000000
6090.000000,6.000000,1.000000,0.000000,0.000000,0.000000,0.000000,0.000000,0.000000,0.000000,0.000000,0.000000,0.000000,0.000000,-0.018629,0.000000,0.000000,0.000000,65535.000000,0.000000,0.000000,6.000000,1.000000,6.000000,1.000000,0.000000,0.000000,1.000000
6100.000000,6.000000,1.000000,0.000000,0.000000,0.000000,0.000000,0.000000,0.000000,0.000000,0.000000,0.000000,0.000000,0.000000,-0.017438,0.000000,0.000000,0.000000,65535.000000,0.000000,0.000000,6.000000,1.000000,6.000000,1.000000,0.000000,0.000000,1.000000
6110.000000,6.000000,1.000000,0.000000,0.000000,0.000000,0.000000,0.000000,0.000000,0.000000,0.000000,0.000000,0.000000,0.000000,-0.017265,0.000000,0.000000,0.000000,65535.000000,0.000000,0.000000,6.000000,1.000000,6.000000,1.000000,0.000000,0.000000,1.000000
6120.000000,6.000000,1.000000,0.000000,0.000000,0.000000,0.000000,0.000000,0.000000,0.000000,0.000000,0.000000,0.000000,0.000000,-0.017093,0.000000,0.000000,0.000000,65535.000000,0.000000,0.000000,6.000000,1.000000,6.000000,1.000000,0.000000,0.000000,1.000000
6130.000000,6.000000,1.000000,0.000000,0.000000,0.000000,0.000000,0.000000,0.000000,0.000000,0.000000,0.000000,0.000000,0.000000,-0.016982,0.000000,0.000000,0.000000,65535.000000,0.000000,0.000000,6.000000,1.000000,6.000000,1.000000,0.000000,0.000000,1.000000
6140.000000,6.000000,1.000000,0.000000,0.000000,0.000000,0.000000,0.000000,0.000000,0.000000,0.000000,0.000000,0.000000,0.000000,-0.008845,0.000000,0.000000,0.000000,65535.000000,0.000000,0.000000,6.000000,1.000000,6.000000,1.000000,0.000000,0.000000,1.000000
6150.000000,6.000000,1.000000,0.000000,0.000000,0.000000,0.000000,0.000000,0.000000,0.000000,0.000000,0.000000,0.000000,0.000000,-0.008757,0.000000,0.000000,0.000000,65535.000000,0.000000,0.000000,6.000000,1.000000,6.000000,1.000000,0.000000,0.000000,1.000000
6160.000000,6.000000,1.000000,0.000000,0.000000,0.000000,0.000000,0.000000,0.000000,0.000000,0.000000,0.000000,0.000000,0.000000,-0.008669,0.000000,0.000000,0.000000,65535.000000,0.000000,0.000000,6.000000,1.000000,6.000000,1.000000,0.000000,0.000000,1.000000
6170.000000,6.000000,1.000000,0.000000,0.000000,0.000000,0.000000,0.000000,0.000000,0.000000,0.000000,0.000000,0.000000,0.000000,-0.015330,0.000000,0.000000,0.000000,65535.000000,0.000000,0.000000,6.000000,1.000000,6.000000,1.000000,0.000000,0.000000,1.000000
6180.000000,6.000000,1.000000,0.000000,0.000000,0.000000,0.000000,0.000000,0.000000,0.000000,0.000000,0.000000,0.000000,0.000000,-0.017923,0.000000,0.000000,0.000000,65535.000000,0.000000,0.000000,6.000000,1.000000,6.000000,1.000000,0.000000,0.000000,1.000000
6190.000000,6.000000,1.000000,0.000000,0.000000,0.000000,0.000000,0.000000,0.000000,0.000000,0.000000,0.000000,0.000000,0.000000,-0.010583,0.000000,0.000000,0.000000,65535.000000,0.000000,0.000000,6.000000,1.000000,6.000000,1.000000,0.000000,0.000000,1.000000
6200.000000,6.000000,1.000000,0.000000,0.000000,0.000000,0.000000,0.000000,0.000000,0.000000,0.000000,0.000000,0.000000,0.000000,-0.010478,0.000000,0.000000,0.000000,65535.000000,0.000000,0.000000,6.000000,1.000000,6.000000,1.000000,0.000000,0.000000,1.000000
6210.000000,6.000000,1.000000,0.000000,0.000000,0.000000,0.000000,0.000000,0.000000,0.000000,0.000000,0.000000,0.000000,0.000000,-0.010625,0.000000,0.000000,0.000000,65535.000000,0.000000,0.000000,6.000000,1.000000,6.000000,1.000000,0.000000,0.000000,1.000000
6220.000000,6.000000,1.000000,0.000000,0.000000,0.000000,0.000000,0.000000,0.000000,0.000000,0.000000,0.000000,0.000000,0.000000,-0.016271,0.000000,0.000000,0.000000,65535.000000,0.000000,0.000000,6.000000,1.000000,6.000000,1.000000,0.000000,0.000000,1.000000
6230.000000,6.000000,1.000000,0.000000,0.000000,0.000000,0.000000,0.000000,0.000000,0.000000,0.000000,0.000000,0.000000,0.000000,-0.016177,0.000000,0.000000,0.000000,65535.000000,0.000000,0.000000,6.000000,1.000000,6.000000,1.000000,0.000000,0.000000,1.000000
6240.000000,6.000000,1.000000,0.000000,0.000000,0.000000,0.000000,0.000000,0.000000,0.000000,0.000000,0.000000,0.000000,0.000000,-0.016016,0.000000,0.000000,0.000000,65535.000000,0.000000,0.000000,6.000000,1.000000,6.000000,1.000000,0.000000,0.000000,1.000000
6250.000000,6.000000,1.000000,0.000000,0.000000,0.000000,0.000000,0.000000,0.000000,0.000000,0.000000,0.000000,0.000000,0.000000,-0.011469,0.000000,0.000000,0.000000,65535.000000,0.000000,0.000000,6.000000,1.000000,6.000000,1.000000,0.000000,0.000000,1.000000
6260.000000,6.000000,1.000000,0.000000,0.000000,0.000000,0.000000,0.000000,0.000000,0.000000,0.000000,0.000000,0.000000,0.000000,-0.011355,0.000000,0.000000,0.000000,65535.000000,0.000000,0.000000,6.000000,1.000000,6.000000,1.000000,0.000000,0.000000,1.000000
6270.000000,6.000000,1.000000,0.000000,0.000000,0.000000,0.000000,0.000000,0.000000,0.000000,0.000000,0.000000,0.000000,0.000000,-0.011241,0.000000,0.000000,0.000000,65535.000000,0.000000,0.000000,6.000000,1.000000,6.000000,1.000000,0.000000,0.000000,1.000000
6280.000000,6.000000,1.000000,0.000000,0.000000,0.000000,0.000000,0.000000,0.000000,0.000000,0.000000,0.000000,0.000000,0.000000,-0.012895,0.000000,0.000000,0.000000,65535.000000,0.000000,0.000000,6.000000,1.000000,6.000000,1.000000,0.000000,0.000000,1.000000
6290.000000,6.000000,1.000000,0.000000,0.000000,0.000000,0.000000,0.000000,0.000000,0.000000,0.000000,0.000000,0.000000,0.000000,-0.023174,0.000000,0.000000,0.000000,65535.000000,0.000000,0.000000,6.000000,1.000000,6.000000,1.000000,0.000000,0.000000,1.000000
6300.000000,6.000000,1.000000,0.000000,0.000000,0.000000,0.000000,0.000000,0.000000,0.000000,0.000000,0.000000,0.000000,0.000000,-0.016919,0.000000,0.000000,0.000000,65535.000000,0.000000,0.000000,6.000000,1.000000,6.000000,1.000000,0.000000,0.000000,1.000000
6310.000000,6.000000,1.000000,0.000000,0.000000,0.000000,0.000000,0.000000,0.000000,0.000000,0.000000,0.000000,0.000000,0.000000,-0.016751,0.000000,0.000000,0.000000,65535.000000,0.000000,0.000000,6.000000,1.000000,6.000000,1.000000,0.000000,0.000000,1.000000
6320.000000,6.000000,1.000000,0.000000,0.000000,0.000000,0.000000,0.000000,0.000000,0.000000,0.000000,0.000000,0.000000,0.000000,-0.016678,0.000000,0.000000,0.000000,65535.000000,0.000000,0.000000,6.000000,1.000000,6.000000,1.000000,0.000000,0.000000,1.000000
6330.000000,6.000000,1.000000,0.000000,0.000000,0.000000,0.000000,0.000000,0.000000,0.000000,0.000000,0.000000,0.000000,0.000000,-0.017725,0.000000,0.000000,0.000000,65535.000000,0.000000,0.000000,6.000000,1.000000,6.000000,1.000000,0.000000,0.000000,1.000000
6340.000000,6.000000,1.000000,0.000000,0.000000,0.000000,0.000000,0.000000,0.000000,0.000000,0.000000,0.000000,0.000000,0.000000,-0.017109,0.000000,0.000000,0.000000,65535.000000,0.000000,0.000000,6.000000,1.000000,6.000000,1.000000,0.000000,0.000000,1.000000
6350.000000,6.000000,1.000000,0.000000,0.000000,0.000000,0.000000,0.000000,0.000000,0.000000,0.000000,0.000000,0.000000,0.000000,-0.016939,0.000000,0.000000,0.000000,65535.000000,0.000000,0.000000,6.000000,1.000000,6.000000,1.000000,0.000000,0.000000,1.000000
6360.000000,6.000000,1.000000,0.000000,0.000000,0.000000,0.000000,0.000000,0.000000,0.000000,0.000000,0.000000,0.000000,0.000000,-0.014194,0.000000,0.000000,0.000000,65535.000000,0.000000,0.000000,6.000000,1.000000,6.000000,1.000000,0.000000,0.000000,1.000000
6370.000000,6.000000,1.000000,0.000000,0.000000,0.000000,0.000000,0.000000,0.000000,0.000000,0.000000,0.000000,0.000000,0.000000,-0.014053,0.000000,0.000000,0.000000,65535.000000,0.000000,0.000000,6.000000,1.000000,6.000000,1.000000,0.000000,0.000000,1.000000
6380.000000,6.000000,1.000000,0.000000,0.000000,0.000000,0.000000,0.000000,0.000000,0.000000,0.000000,0.000000,0.000000,0.000000,-0.013323,0.000000,0.000000,0.000000,65535.000000,0.000000,0.000000,6.000000,1.000000,6.000000,1.000000,0.000000,0.000000,1.000000
6390.000000,6.000000,1.000000,0.000000,0.000000,0.000000,0.000000,0.000000,0.000000,0.000000,0.000000,0.000000,0.000000,0.000000,-0.013191,0.000000,0.000000,0.000000,65535.000000,0.000000,0.000000,6.000000,1.000000,6.000000,1.000000,0.000000,0.000000,1.000000
6400.000000,6.000000,1.000000,0.000000,0.000000,0.000000,0.000000,0.000000,0.000000,0.000000,0.000000,0.000000,0.000000,0.000000,-0.013059,0.000000,0.000000,0.000000,65535.000000,0.000000,0.000000,6.000000,1.000000,6.000000,1.000000,0.000000,0.000000,1.000000
6410.000000,6.000000,1.000000,0.000000,0.000000,0.000000,0.000000,0.000000,0.000000,0.000000,0.000000,0.000000,0.000000,0.000000,-0.015932,0.000000,0.000000,0.000000,65535.000000,0.000000,0.000000,6.000000,1.000000,6.000000,1.000000,0.000000,0.000000,1.000000
6420.000000,6.000000,1.000000,0.000000,0.000000,0.000000,0.000000,0.000000,0.000000,0.000000,0.000000,0.000000,0.000000,0.000000,-0.011255,0.000000,0.000000,0.000000,65535.000000,0.000000,0.000000,6.000000,1.000000,6.000000,1.000000,0.000000,0.000000,1.000000
6430.000000,6.000000,1.000000,0.000000,0.000000,0.000000,0.000000,0.000000,0.000000,0.000000,0.000000,0.000000,0.000000,0.000000,-0.011143,0.000000,0.000000,0.000000,65535.000000,0.000000,0.000000,6.000000,1.000000,6.000000,1.000000,0.000000,0.000000,1.000000
6440.000000,6.000000,1.000000,0.000000,0.000000,0.000000,0.000000,0.000000,0.000000,0.000000,0.000000,0.000000,0.000000,0.000000,-0.012001,0.000000,0.000000,0.000000,65535.000000,0.000000,0.000000,6.000000,1.000000,6.000000,1.000000,0.000000,0.000000,1.000000
6450.000000,6.000000,1.000000,0.000000,0.000000,0.000000,0.000000,0.000000,0.000000,0.000000,0.000000,0.000000,0.000000,0.000000,-0.022825,0.000000,0.000000,0.000000,65535.000000,0.000000,0.000000,6.000000,1.000000,6.000000,1.000000,0.000000,0.000000,1.000000
6460.000000,6.000000,1.000000,0.000000,0.000000,0.000000,0.000000,0.000000,0.000000,0.000000,0.000000,0.000000,0.000000,0.000000,-0.016578,0.000000,0.000000,0.000000,65535.000000,0.000000,0.000000,6.000000,1.000000,6.000000,1.000000,0.000000,0.000000,1.000000
6470.000000,6.000000,1.000000,0.000000,0.000000,0.000000,0.000000,0.000000,0.000000,0.000000,0.000000,0.000000,0.000000,0.000000,-0.011602,0.000000,0.000000,0.000000,65535.000000,0.000000,0.000000,6.000000,1.000000,6.000000,1.000000,0.000000,0.000000,1.000000
6480.000000,6.000000,1.000000,0.000000,0.000000,0.000000,0.000000,0.000000,0.000000,0.000000,0.000000,0.000000,0.000000,0.000000,-0.011486,0.000000,0.000000,0.000000,65535.000000,0.000000,0.000000,6.000000,1.000000,6.000000,1.000000,0.000000,0.000000,1.000000
6490.000000,6.000000,1.000000,0.000000,0.000000,0.000000,0.000000,0.000000,0.000000,0.000000,0.000000,0.000000,0.000000,0.000000,-0.011372,0.000000,0.000000,0.000000,65535.000000,0.000000,0.000000,6.000000,1.000000,6.000000,1.000000,0.000000,0.000000,1.000000
6500.000000,6.000000,1.000000,0.000000,0.000000,0.000000,0.000000,0.000000,0.000000,0.000000,0.000000,0.000000,0.000000,0.000000,-0.014999,0.000000,0.000000,0.000000,65535.000000,0.000000,0.000000,6.000000,1.000000,6.000000,1.000000,0.000000,0.000000,1.000000
6510.000000,6.000000,1.000000,0.000000,0.000000,0.000000,0.000000,0.000000,0.000000,0.000000,0.000000,0.000000,0.000000,0.000000,-0.014850,0.000000,0.000000,0.000000,65535.000000,0.000000,0.000000,6.000000,1.000000,6.000000,1.000000,0.000000,0.000000,1.000000
6520.000000,6.000000,1.000000,0.000000,0.000000,0.000000,0.000000,0.000000,0.000000,0.000000,0.000000,0.000000,0.000000,0.000000,-0.015202,0.000000,0.000000,0.000000,65535.000000,0.000000,0.000000,6.000000,1.000000,6.000000,1.000000,0.000000,0.000000,1.000000
6530.000000,6.000000,1.000000,0.000000,0.000000,0.000000,0.000000,0.000000,0.000000,0.000000,0.000000,0.000000,0.000000,0.000000,-0.014162,0.000000,0.000000,0.000000,65535.000000,0.000000,0.000000,6.000000,1.000000,6.000000,1.000000,0.000000,0.000000,1.000000
6540.000000,6.000000,1.000000,0.000000,0.000000,0.000000,0.000000,0.000000,0.000000,0.000000,0.000000,0.000000,0.000000,0.000000,-0.010248,0.000000,0.000000,0.000000,65535.000000,0.000000,0.000000,6.000000,1.000000,6.000000,1.000000,0.000000,0.000000,1.000000
6550.000000,6.000000,1.000000,0.000000,0.000000,0.000000,0.000000,0.000000,0.000000,0.000000,0.000000,0.000000,0.000000,0.000000,-0.010146,0.000000,0.000000,0.000000,65535.000000,0.000000,0.000000,6.000000,1.000000,6.000000,1.000000,0.000000,0.000000,1.000000
6560.000000,6.000000,1.000000,0.000000,0.000000,0.000000,0.000000,0.000000,0.000000,0.000000,0.000000,0.000000,0.000000,0.000000,-0.010045,0.000000,0.000000,0.000000,65535.000000,0.000000,0.000000,6.000000,1.000000,6.000000,1.000000,0.000000,0.000000,1.000000
6570.000000,6.000000,1.000000,0.000000,0.000000,0.000000,0.000000,0.000000,0.000000,0.000000,0.000000,0.000000,0.000000,0.000000,-0.014073,0.000000,0.000000,0.000000,65535.000000,0.000000,0.000000,6.000000,1.000000,6.000000,1.000000,0.000000,0.000000,1.000000
6580.000000,6.000000,1.000000,0.000000,0.000000,0.000000,0.000000,0.000000,0.000000,0.000000,0.000000,0.000000,0.000000,0.000000,-0.013933,0.000000,0.000000,0.000000,65535.000000,0.000000,0.000000,6.000000,1.000000,6.000000,1.000000,0.000000,0.000000,1.000000
6590.000000,6.000000,1.000000,0.000000,0.000000,0.000000,0.000000,0.000000,0.000000,0.000000,0.000000,0.000000,0.000000,0.000000,-0.016017,0.000000,0.000000,0.000000,65535.000000,0.000000,0.000000,6.000000,1.000000,6.000000,1.000000,0.000000,0.000000,1.000000
6600.000000,6.000000,1.000000,0.000000,0.000000,0.000000,0.000000,0.000000,0.000000,0.000000,0.000000,0.000000,0.000000,0.000000,-0.016586,0.000000,0.000000,0.000000,65535.000000,0.000000,0.000000,6.000000,1.000000,6.000000,1.000000,0.000000,0.000000,1.000000
6610.000000,6.000000,1.000000,0.000000,0.000000,0.000000,0.000000,0.000000,0.000000,0.000000,0.000000,0.000000,0.000000,0.000000,-0.016421,0.000000,0.000000,0.000000,65535.000000,0.000000,0.000000,6.000000,1.000000,6.000000,1.000000,0.000000,0.000000,1.000000
6620.000000,6.000000,1.000000,0.000000,0.000000,0.000000,0.000000,0.000000,0.000000,0.000000,0.000000,0.000000,0.000000,0.000000,-0.022045,0.000000,0.000000,0.000000,65535.000000,0.000000,0.000000,6.000000,1.000000,6.000000,1.000000,0.000000,0.000000,1.000000
6630.000000,6.000000,1.000000,0.000000,0.000000,0.000000,0.000000,0.000000,0.000000,0.000000,0.000000,0.000000,0.000000,0.000000,-0.021825,0.000000,0.000000,0.000000,65535.000000,0.000000,0.000000,6.000000,1.000000,6.000000,1.000000,0.000000,0.000000,1.000000
6640.000000,6.000000,1.000000,0.000000,0.000000,0.000000,0.000000,0.000000,0.000000,0.000000,0.000000,0.000000,0.000000,0.000000,-0.009113,0.000000,0.000000,0.000000,65535.000000,0.000000,0.000000,6.000000,1.000000,6.000000,1.000000,0.000000,0.000000,1.000000
6650.000000,6.000000,1.000000,0.000000,0.000000,0.000000,0.000000,0.000000,0.000000,0.000000,0.000000,0.000000,0.000000,0.000000,-0.009022,0.000000,0.000000,0.000000,65535.000000,0.000000,0.000000,6.000000,1.000000,6.000000,1.000000,0.000000,0.000000,1.000000
6660.000000,6.000000,1.000000,0.000000,0.000000,0.000000,0.000000,0.000000,0.000000,0.000000,0.000000,0.000000,0.000000,0.000000,-0.008932,0.000000,0.000000,0.000000,65535.000000,0.000000,0.000000,6.000000,1.000000,6.000000,1.000000,0.000000,0.000000,1.000000
6670.000000,6.000000,1.000000,0.000000,0.000000,0.000000,0.000000,0.000000,0.000000,0.000000,0.000000,0.000000,0.000000,0.000000,-0.016242,0.000000,0.000000,0.000000,65535.000000,0.000000,0.000000,6.000000,1.000000,6.000000,1.000000,0.000000,0.000000,1.000000
6680.000000,6.000000,1.000000,0.000000,0.000000,0.000000,0.000000,0.000000,0.000000,0.000000,0.000000,0.000000,0.000000,0.000000,-0.013987,0.000000,0.000000,0.000000,65535.000000,0.000000,0.000000,6.000000,1.000000,6.000000,1.000000,0.000000,0.000000,1.000000
6690.000000,6.000000,1.000000,0.000000,0.000000,0.000000,0.000000,0.000000,0.000000,0.000000,0.000000,0.000000,0.000000,0.000000,-0.013848,0.000000,0.000000,0.000000,65535.000000,0.000000,0.000000,6.000000,1.000000,6.000000,1.000000,0.000000,0.000000,1.000000
6700.000000,6.000000,1.000000,0.000000,0.000000,0.000000,0.000000,0.000000,0.000000,0.000000,0.000000,0.000000,0.000000,0.000000,-0.010231,0.000000,0.000000,0.000000,65535.000000,0.000000,0.000000,6.000000,1.000000,6.000000,1.000000,0.000000,0.000000,1.000000
6710.000000,6.000000,1.000000,0.000000,0.000000,0.000000,0.000000,0.000000,0.000000,0.000000,0.000000,0.000000,0.000000,0.000000,-0.009315,0.000000,0.000000,0.000000,65535.000000,0.000000,0.000000,6.000000,1.000000,6.000000,1.000000,0.000000,0.000000,1.000000
6720.000000,6.000000,1.000000,0.000000,0.000000,0.000000,0.000000,0.000000,0.000000,0.000000,0.000000,0.000000,0.000000,0.000000,-0.009222,0.000000,0.000000,0.000000,65535.000000,0.000000,0.000000,6.000000,1.000000,6.000000,1.000000,0.000000,0.000000,1.000000
6730.000000,6.000000,1.000000,0.000000,0.000000,0.000000,0.000000,0.000000,0.000000,0.000000,0.000000,0.000000,0.000000,0.000000,-0.000265,0.000000,0.000000,0.000000,65535.000000,0.000000,0.000000,6.000000,1.000000,6.000000,1.000000,0.000000,0.000000,1.000000
6740.000000,6.000000,1.000000,0.000000,0.000000,0.000000,0.000000,0.000000,0.000000,0.000000,0.000000,0.000000,0.000000,0.000000,-0.000262,0.000000,0.000000,0.000000,65535.000000,0.000000,0.000000,6.000000,1.000000,6.000000,1.000000,0.000000,0.000000,1.000000
6750.000000,6.000000,1.000000,0.000000,0.000000,0.000000,0.000000,0.000000,0.000000,0.000000,0.000000,0.000000,0.000000,0.000000,-0.000260,0.000000,0.000000,0.000000,65535.000000,0.000000,0.000000,6.000000,1.000000,6.000000,1.000000,0.000000,0.000000,1.000000
6760.000000,6.000000,1.000000,0.000000,0.000000,0.000000,0.000000,0.000000,0.000000,0.000000,0.000000,0.000000,0.000000,0.000000,-0.002807,0.000000,0.000000,0.000000,65535.000000,0.000000,0.000000,6.000000,1.000000,6.000000,1.000000,0.000000,0.000000,1.000000
6770.000000,6.000000,1.000000,0.000000,0.000000,0.000000,0.000000,0.000000,0.000000,0.000000,0.000000,0.000000,0.000000,0.000000,-0.002779,0.000000,0.000000,0.000000,65535.000000,0.000000,0.000000,6.000000,1.000000,6.000000,1.000000,0.000000,0.000000,1.000000
6780.000000,6.000000,1.000000,0.000000,0.000000,0.000000,0.000000,0.000000,0.000000,0.000000,0.000000,0.000000,0.000000,0.000000,-0.014679,0.000000,0.000000,0.000000,65535.000000,0.000000,0.000000,6.000000,1.000000,6.000000,1.000000,0.000000,0.000000,1.000000
6790.000000,6.000000,1.000000,0.000000,0.000000,0.000000,0.000000,0.000000,0.000000,0.000000,0.000000,0.000000,0.000000,0.000000,-0.010406,0.000000,0.000000,0.000000,65535.000000,0.000000,0.000000,6.000000,1.000000,6.000000,1.000000,0.000000,0.000000,1.000000
6800.000000,6.000000,1.000000,0.000000,0.000000,0.000000,0.000000,0.000000,0.000000,0.000000,0.000000,0.000000,0.000000,0.000000,-0.010303,0.000000,0.000000,0.000000,65535.000000,0.000000,0.000000,6.000000,1.000000,6.000000,1.000000,0.000000,0.000000,1.000000
6810.000000,6.000000,1.000000,0.000000,0.000000,0.000000,0.000000,0.000000,0.000000,0.000000,0.000000,0.000000,0.000000,0.000000,-0.008139,0.000000,0.000000,0.000000,65535.000000,0.000000,0.000000,6.000000,1.000000,6.000000,1.000000,0.000000,0.000000,1.000000
6820.000000,6.000000,1.000000,0.000000,0.000000,0.000000,0.000000,0.000000,0.000000,0.000000,0.000000,0.000000,0.000000,0.000000,-0.007856,0.000000,0.000000,0.000000,65535.000000,0.000000,0.000000,6.000000,1.000000,6.000000,1.000000,0.000000,0.000000,1.000000
6830.000000,6.000000,1.000000,0.000000,0.000000,0.000000,0.000000,0.000000,0.000000,0.000000,0.000000,0.000000,0.000000,0.000000,0.008523,0.000000,0.000000,0.000000,65535.000000,0.000000,0.000000,6.000000,1.000000,6.000000,1.000000,0.000000,0.000000,1.000000
6840.000000,6.000000,1.000000,0.000000,0.000000,0.000000,0.000000,0.000000,0.000000,0.000000,0.000000,0.000000,0.000000,0.000000,0.008926,0.000000,0.000000,0.000000,65535.000000,0.000000,0.000000,6.000000,1.000000,6.000000,1.000000,0.000000,0.000000,1.000000
6850.000000,6.000000,1.000000,0.000000,0.000000,0.000000,0.000000,0.000000,0.000000,0.000000,0.000000,0.000000,0.000000,0.000000,0.008837,0.000000,0.000000,0.000000,65535.000000,0.000000,0.000000,6.000000,1.000000,6.000000,1.000000,0.000000,0.000000,1.000000
6860.000000,6.000000,1.000000,0.000000,0.000000,0.000000,0.000000,0.000000,0.000000,0.000000,0.000000,0.000000,0.000000,0.000000,-0.007900,0.000000,0.000000,0.000000,65535.000000,0.000000,0.000000,6.000000,1.000000,6.000000,1.000000,0.000000,0.000000,1.000000
6870.000000,6.000000,1.000000,0.000000,0.000000,0.000000,0.000000,0.000000,0.000000,0.000000,0.000000,0.000000,0.000000,0.000000,-0.007830,0.000000,0.000000,0.000000,65535.000000,0.000000,0.000000,6.000000,1.000000,6.000000,1.000000,0.000000,0.000000,1.000000
6880.000000,6.000000,1.000000,0.000000,0.000000,0.000000,0.000000,0.000000,0.000000,0.000000,0.000000,0.000000,0.000000,0.000000,-0.010348,0.000000,0.000000,0.000000,65535.000000,0.000000,0.000000,6.000000,1.000000,6.000000,1.000000,0.000000,0.000000,1.000000
6890.000000,6.000000,1.000000,0.000000,0.000000,0.000000,0.000000,0.000000,0.000000,0.000000,0.000000,0.000000,0.000000,0.000000,-0.021594,0.000000,0.000000,0.000000,65535.000000,0.000000,0.000000,6.000000,1.000000,6.000000,1.000000,0.000000,0.000000,1.000000
6900.000000,6.000000,1.000000,0.000000,0.000000,0.000000,0.000000,0.000000,0.000000,0.000000,0.000000,0.000000,0.000000,0.000000,-0.010415,0.000000,0.000000,0.000000,65535.000000,0.000000,0.000000,6.000000,1.000000,6.000000,1.000000,0.000000,0.000000,1.000000
6910.000000,6.000000,1.000000,0.000000,0.000000,0.000000,0.000000,0.000000,0.000000,0.000000,0.000000,0.000000,0.000000,0.000000,-0.010181,0.000000,0.000000,0.000000,65535.000000,0.000000,0.000000,6.000000,1.000000,6.000000,1.000000,0.000000,0.000000,1.000000
6920.000000,6.000000,1.000000,0.000000,0.000000,0.000000,0.000000,0.000000,0.000000,0.000000,0.000000,0.000000,0.000000,0.000000,-0.008743,0.000000,0.000000,0.000000,65535.000000,0.000000,0.000000,6.000000,1.000000,6.000000,1.000000,0.000000,0.000000,1.000000
6930.000000,6.000000,1.000000,0.000000,0.000000,0.000000,0.000000,0.000000,0.000000,0.000000,0.000000,0.000000,0.000000,0.000000,-0.008656,0.000000,0.000000,0.000000,65535.000000,0.000000,0.000000,6.000000,1.000000,6.000000,1.000000,0.000000,0.000000,1.000000
6940.000000,6.000000,1.000000,0.000000,0.000000,0.000000,0.000000,0.000000,0.000000,0.000000,0.000000,0.000000,0.000000,0.000000,-0.008570,0.000000,0.000000,0.000000,65535.000000,0.000000,0.000000,6.000000,1.000000,6.000000,1.000000,0.000000,0.000000,1.000000
6950.000000,6.000000,1.000000,0.000000,0.000000,0.000000,0.000000,0.000000,0.000000,0.000000,0.000000,0.000000,0.000000,0.000000,-0.017334,0.000000,0.000000,0.000000,65535.000000,0.000000,0.000000,6.000000,1.000000,6.000000,1.000000,0.000000,0.000000,1.000000
6960.000000,6.000000,1.000000,0.000000,0.000000,0.000000,0.000000,0.000000,0.000000,0.000000,0.000000,0.000000,0.000000,0.000000,-0.017162,0.000000,0.000000,0.000000,65535.000000,0.000000,0.000000,6.000000,1.000000,6.000000,1.000000,0.000000,0.000000,1.000000
6970.000000,6.000000,1.000000,0.000000,0.000000,0.000000,0.000000,0.000000,0.000000,0.000000,0.000000,0.000000,0.000000,0.000000,-0.016479,0.000000,0.000000,0.000000,65535.000000,0.000000,0.000000,6.000000,1.000000,6.000000,1.000000,0.000000,0.000000,1.000000
6980.000000,6.000000,1.000000,0.000000,0.000000,0.000000,0.000000,0.000000,0.000000,0.000000,0.000000,0.000000,0.000000,0.000000,-0.009217,0.000000,0.000000,0.000000,65535.000000,0.000000,0.000000,6.000000,1.000000,6.000000,1.000000,0.000000,0.000000,1.000000
6990.000000,6.000000,1.000000,0.000000,0.000000,0.000000,0.000000,0.000000,0.000000,0.000000,0.000000,0.000000,0.000000,0.000000,-0.009125,0.000000,0.000000,0.000000,65535.000000,0.000000,0.000000,6.000000,1.000000,6.000000,1.000000,0.000000,0.000000,1.000000
7000.000000,6.000000,1.000000,0.000000,0.000000,0.000000,0.000000,0.000000,0.000000,0.000000,0.000000,0.000000,0.000000,0.000000,-0.009035,0.000000,0.000000,0.000000,65535.000000,0.000000,0.000000,6.000000,1.000000,6.000000,1.000000,0.000000,0.000000,1.000000
7010.000000,6.000000,1.000000,0.000000,0.000000,0.000000,0.000000,0.000000,0.000000,0.000000,0.000000,0.000000,0.000000,0.000000,-0.010210,0.000000,0.000000,0.000000,65535.000000,0.000000,0.000000,6.000000,1.000000,6.000000,1.000000,0.000000,0.000000,1.000000
7020.000000,6.000000,1.000000,0.000000,0.000000,0.000000,0.000000,0.000000,0.000000,0.000000,0.000000,0.000000,0.000000,0.000000,-0.010109,0.000000,0.000000,0.000000,65535.000000,0.000000,0.000000,6.000000,1.000000,6.000000,1.000000,0.000000,0.000000,1.000000
7030.000000,6.000000,1.000000,0.000000,0.000000,0.000000,0.000000,0.000000,0.000000,0.000000,0.000000,0.000000,0.000000,0.000000,-0.010784,0.000000,0.000000,0.000000,65535.000000,0.000000,0.000000,6.000000,1.000000,6.000000,1.000000,0.000000,0.000000,1.000000
7040.000000,6.000000,1.000000,0.000000,0.000000,0.000000,0.000000,0.000000,0.000000,0.000000,0.000000,0.000000,0.000000,0.000000,-0.018164,0.000000,0.000000,0.000000,65535.000000,0.000000,0.000000,6.000000,1.000000,6.000000,1.000000,0.000000,0.000000,1.000000
7050.000000,6.000000,1.000000,0.000000,0.000000,0.000000,0.000000,0.000000,0.000000,0.000000,0.000000,0.000000,0.000000,0.000000,-0.010987,0.000000,0.000000,0.000000,65535.000000,0.000000,0.000000,6.000000,1.000000,6.000000,1.000000,0.000000,0.000000,1.000000
7060.000000,6.000000,1.000000,0.000000,0.000000,0.000000,0.000000,0.000000,0.000000,0.000000,0.000000,0.000000,0.000000,0.000000,-0.006075,0.000000,0.000000,0.000000,65535.000000,0.000000,0.000000,6.000000,1.000000,6.000000,1.000000,0.000000,0.000000,1.000000
7070.000000,6.000000,1.000000,0.000000,0.000000,0.000000,0.000000,0.000000,0.000000,0.000000,0.000000,0.000000,0.000000,0.000000,-0.006014,0.000000,0.000000,0.000000,65535.000000,0.000000,0.000000,6.000000,1.000000,6.000000,1.000000,0.000000,0.000000,1.000000
7080.000000,6.000000,1.000000,0.000000,0.000000,0.000000,0.000000,0.000000,0.000000,0.000000,0.000000,0.000000,0.000000,0.000000,-0.007597,0.000000,0.000000,0.000000,65535.000000,0.000000,0.000000,6.000000,1.000000,6.000000,1.000000,0.000000,0.000000,1.000000
7090.000000,6.000000,1.000000,0.000000,0.000000,0.000000,0.000000,0.000000,0.000000,0.000000,0.000000,0.000000,0.000000,0.000000,-0.012595,0.000000,0.000000,0.000000,65535.000000,0.000000,0.000000,6.000000,1.000000,6.000000,1.000000,0.000000,0.000000,1.000000
7100.000000,6.000000,1.000000,0.000000,0.000000,0.000000,0.000000,0.000000,0.000000,0.000000,0.000000,0.000000,0.000000,0.000000,-0.013610,0.000000,0.000000,0.000000,65535.000000,0.000000,0.000000,6.000000,1.000000,6.000000,1.000000,0.000000,0.000000,1.000000
7110.000000,6.000000,1.000000,0.000000,0.000000,0.000000,0.000000,0.000000,0.000000,0.000000,0.000000,0.000000,0.000000,0.000000,-0.013474,0.000000,0.000000,0.000000,65535.000000,0.000000,0.000000,6.000000,1.000000,6.000000,1.000000,0.000000,0.000000,1.000000
7120.000000,6.000000,1.000000,0.000000,0.000000,0.000000,0.000000,0.000000,0.000000,0.000000,0.000000,0.000000,0.000000,0.000000,-0.012328,0.000000,0.000000,0.000000,65535.000000,0.000000,0.000000,6.000000,1.000000,6.000000,1.000000,0.000000,0.000000,1.000000
7130.000000,6.000000,1.000000,0.000000,0.000000,0.000000,0.000000,0.000000,0.000000,0.000000,0.000000,0.000000,0.000000,0.000000,-0.012206,0.000000,0.000000,0.000000,65535.000000,0.000000,0.000000,6.000000,1.000000,6.000000,1.000000,0.000000,0.000000,1.000000
7140.000000,6.000000,1.000000,0.000000,0.000000,0.000000,0.000000,0.000000,0.000000,0.000000,0.000000,0.000000,0.000000,0.000000,-0.012084,0.000000,0.000000,0.000000,65535.000000,0.000000,0.000000,6.000000,1.000000,6.000000,1.000000,0.000000,0.000000,1.000000
7150.000000,6.000000,1.000000,0.000000,0.000000,0.000000,0.000000,0.000000,0.000000,0.000000,0.000000,0.000000,0.000000,0.000000,-0.007243,0.000000,0.000000,0.000000,65535.000000,0.000000,0.000000,6.000000,1.000000,6.000000,1.000000,0.000000,0.000000,1.000000
7160.000000,6.000000,1.000000,0.000000,0.000000,0.000000,0.000000,0.000000,0.000000,0.000000,0.000000,0.000000,0.000000,0.000000,-0.007171,0.000000,0.000000,0.000000,65535.000000,0.000000,0.000000,6.000000,1.000000,6.000000,1.000000,0.000000,0.000000,1.000000
7170.000000,6.000000,1.000000,0.000000,0.000000,0.000000,0.000000,0.000000,0.000000,0.000000,0.000000,0.000000,0.000000,0.000000,-0.008399,0.000000,0.000000,0.000000,65535.000000,0.000000,0.000000,6.000000,1.000000,6.000000,1.000000,0.000000,0.000000,1.000000
7180.000000,6.000000,1.000000,0.000000,0.000000,0.000000,0.000000,0.000000,0.000000,0.000000,0.000000,0.000000,0.000000,0.000000,-0.010537,0.000000,0.000000,0.000000,65535.000000,0.000000,0.000000,6.000000,1.000000,6.000000,1.000000,0.000000,0.000000,1.000000
7190.000000,6.000000,1.000000,0.000000,0.000000,0.000000,0.000000,0.000000,0.000000,0.000000,0.000000,0.000000,0.000000,0.000000,-0.010432,0.000000,0.000000,0.000000,65535.000000,0.000000,0.000000,6.000000,1.000000,6.000000,1.000000,0.000000,0.000000,1.000000
7200.000000,6.000000,1.000000,0.000000,0.000000,0.000000,0.000000,0.000000,0.000000,0.000000,0.000000,0.000000,0.000000,0.000000,-0.010691,0.000000,0.000000,0.000000,65535.000000,0.000000,0.000000,6.000000,1.000000,6.000000,1.000000,0.000000,0.000000,1.000000
7210.000000,6.000000,1.000000,0.000000,0.000000,0.000000,0.000000,0.000000,0.000000,0.000000,0.000000,0.000000,0.000000,0.000000,-0.010092,0.000000,0.000000,0.000000,65535.000000,0.000000,0.000000,6.000000,1.000000,6.000000,1.000000,0.000000,0.000000,1.000000
7220.000000,6.000000,1.000000,0.000000,0.000000,0.000000,0.000000,0.000000,0.000000,0.000000,0.000000,0.000000,0.000000,0.000000,-0.009991,0.000000,0.000000,0.000000,65535.000000,0.000000,0.000000,6.000000,1.000000,6.000000,1.000000,0.000000,0.000000,1.000000
7230.000000,6.000000,1.000000,0.000000,0.000000,0.000000,0.000000,0.000000,0.000000,0.000000,0.000000,0.000000,0.000000,0.000000,-0.009793,0.000000,0.000000,0.000000,65535.000000,0.000000,0.000000,6.000000,1.000000,6.000000,1.000000,0.000000,0.000000,1.000000
7240.000000,6.000000,1.000000,0.000000,0.000000,0.000000,0.000000,0.000000,0.000000,0.000000,0.000000,0.000000,0.000000,0.000000,-0.009695,0.000000,0.000000,0.000000,65535.000000,0.000000,0.000000,6.000000,1.000000,6.000000,1.000000,0.000000,0.000000,1.000000
7250.000000,6.000000,1.000000,0.000000,0.000000,0.000000,0.000000,0.000000,0.000000,0.000000,0.000000,0.000000,0.000000,0.000000,-0.011124,0.000000,0.000000,0.000000,65535.000000,0.000000,0.000000,6.000000,1.000000,6.000000,1.000000,0.000000,0.000000,1.000000
7260.000000,6.000000,1.000000,0.000000,0.000000,0.000000,0.000000,0.000000,0.000000,0.000000,0.000000,0.000000,0.000000,0.000000,-0.014491,0.000000,0.000000,0.000000,65535.000000,0.000000,0.000000,6.000000,1.000000,6.000000,1.000000,0.000000,0.000000,1.000000
7270.000000,6.000000,1.000000,0.000000,0.000000,0.000000,0.000000,0.000000,0.000000,0.000000,0.000000,0.000000,0.000000,0.000000,-0.014347,0.000000,0.000000,0.000000,65535.000000,0.000000,0.000000,6.000000,1.000000,6.000000,1.000000,0.000000,0.000000,1.000000
7280.000000,6.000000,1.000000,0.000000,0.000000,0.000000,0.000000,0.000000,0.000000,0.000000,0.000000,0.000000,0.000000,0.000000,-0.004732,0.000000,0.000000,0.000000,65535.000000,0.000000,0.000000,6.000000,1.000000,6.000000,1.000000,0.000000,0.000000,1.000000
7290.000000,6.000000,1.000000,0.000000,0.000000,0.000000,0.000000,0.000000,0.000000,0.000000,0.000000,0.000000,0.000000,0.000000,-0.004685,0.000000,0.000000,0.000000,65535.000000,0.000000,0.000000,6.000000,1.000000,6.000000,1.000000,0.000000,0.000000,1.000000
7300.000000,6.000000,1.000000,0.000000,0.000000,0.000000,0.000000,0.000000,0.000000,0.000000,0.000000,0.000000,0.000000,0.000000,-0.004782,0.000000,0.000000,0.000000,65535.000000,0.000000,0.000000,6.000000,1.000000,6.000000,1.000000,0.000000,0.000000,1.000000
7310.000000,6.000000,1.000000,0.000000,0.000000,0.000000,0.000000,0.000000,0.000000,0.000000,0.000000,0.000000,0.000000,0.000000,-0.008039,0.000000,0.000000,0.000000,65535.000000,0.000000,0.000000,6.000000,1.000000,6.000000,1.000000,0.000000,0.000000,1.000000
7320.000000,6.000000,1.000000,0.000000,0.000000,0.000000,0.000000,0.000000,0.000000,0.000000,0.000000,0.000000,0.000000,0.000000,0.000024,0.000000,0.000000,0.000000,65535.000000,0.000000,0.000000,6.000000,1.000000,6.000000,1.000000,0.000000,0.000000,1.000000
7330.000000,6.000000,1.000000,0.000000,0.000000,0.000000,0.000000,0.000000,0.000000,0.000000,0.000000,0.000000,0.000000,0.000000,0.001168,0.000000,0.000000,0.000000,65535.000000,0.000000,0.000000,6.000000,1.000000,6.000000,1.000000,0.000000,0.000000,1.000000
7340.000000,6.000000,1.000000,0.000000,0.000000,0.000000,0.000000,0.000000,0.000000,0.000000,0.000000,0.000000,0.000000,0.000000,0.001156,0.000000,0.000000,0.000000,65535.000000,0.000000,0.000000,6.000000,1.000000,6.000000,1.000000,0.000000,0.000000,1.000000
7350.000000,6.000000,1.000000,0.000000,0.000000,0.000000,0.000000,0.000000,0.000000,0.000000,0.000000,0.000000,0.000000,0.000000,-0.003220,0.000000,0.000000,0.000000,65535.000000,0.000000,0.000000,6.000000,1.000000,6.000000,1.000000,0.000000,0.000000,1.000000
7360.000000,6.000000,1.000000,0.000000,0.000000,0.000000,0.000000,0.000000,0.000000,0.000000,0.000000,0.000000,0.000000,0.000000,-0.008006,0.000000,0.000000,0.000000,65535.000000,0.000000,0.000000,6.000000,1.000000,6.000000,1.000000,0.000000,0.000000,1.000000
7370.000000,6.000000,1.000000,0.000000,0.000000,0.000000,0.000000,0.000000,0.000000,0.000000,0.000000,0.000000,0.000000,0.000000,-0.011304,0.000000,0.000000,0.000000,65535.000000,0.000000,0.000000,6.000000,1.000000,6.000000,1.000000,0.000000,0.000000,1.000000
7380.000000,6.000000,1.000000,0.000000,0.000000,0.000000,0.000000,0.000000,0.000000,0.000000,0.000000,0.000000,0.000000,0.000000,-0.008081,0.000000,0.000000,0.000000,65535.000000,0.000000,0.000000,6.000000,1.000000,6.000000,1.000000,0.000000,0.000000,1.000000
7390.000000,6.000000,1.000000,0.000000,0.000000,0.000000,0.000000,0.000000,0.000000,0.000000,0.000000,0.000000,0.000000,0.000000,-0.005673,0.000000,0.000000,0.000000,65535.000000,0.000000,0.000000,6.000000,1.000000,6.000000,1.000000,0.000000,0.000000,1.000000
7400.000000,6.000000,1.000000,0.000000,0.000000,0.000000,0.000000,0.000000,0.000000,0.000000,0.000000,0.000000,0.000000,0.000000,-0.005617,0.000000,0.000000,0.000000,65535.000000,0.000000,0.000000,6.000000,1.000000,6.000000,1.000000,0.000000,0.000000,1.000000
7410.000000,6.000000,1.000000,0.000000,0.000000,0.000000,0.000000,0.000000,0.000000,0.000000,0.000000,0.000000,0.000000,0.000000,-0.005561,0.000000,0.000000,0.000000,65535.000000,0.000000,0.000000,6.000000,1.000000,6.000000,1.000000,0.000000,0.000000,1.000000
7420.000000,6.000000,1.000000,0.000000,0.000000,0.000000,0.000000,0.000000,0.000000,0.000000,0.000000,0.000000,0.000000,0.000000,-0.008651,0.000000,0.000000,0.000000,65535.000000,0.000000,0.000000,6.000000,1.000000,6.000000,1.000000,0.000000,0.000000,1.000000
7430.000000,6.000000,1.000000,0.000000,0.000000,0.000000,0.000000,0.000000,0.000000,0.000000,0.000000,0.000000,0.000000,0.000000,-0.004011,0.000000,0.000000,0.000000,65535.000000,0.000000,0.000000,6.000000,1.000000,6.000000,1.000000,0.000000,0.000000,1.000000
7440.000000,6.000000,1.000000,0.000000,0.000000,0.000000,0.000000,0.000000,0.000000,0.000000,0.000000,0.000000,0.000000,0.000000,-0.003971,0.000000,0.000000,0.000000,65535.000000,0.000000,0.000000,6.000000,1.000000,6.000000,1.000000,0.000000,0.000000,1.000000
7450.000000,6.000000,1.000000,0.000000,0.000000,0.000000,0.000000,0.000000,0.000000,0.000000,0.000000,0.000000,0.000000,0.000000,-0.003932,0.000000,0.000000,0.000000,65535.000000,0.000000,0.000000,6.000000,1.000000,6.000000,1.000000,0.000000,0.000000,1.000000
7460.000000,6.000000,1.000000,0.000000,0.000000,0.000000,0.000000,0.000000,0.000000,0.000000,0.000000,0.000000,0.000000,0.000000,-0.007070,0.000000,0.000000,0.000000,65535.000000,0.000000,0.000000,6.000000,1.000000,6.000000,1.000000,0.000000,0.000000,1.000000
7470.000000,6.000000,1.000000,0.000000,0.000000,0.000000,0.000000,0.000000,0.000000,0.000000,0.000000,0.000000,0.000000,0.000000,-0.007000,0.000000,0.000000,0.000000,65535.000000,0.000000,0.000000,6.000000,1.000000,6.000000,1.000000,0.000000,0.000000,1.000000
7480.000000,6.000000,1.000000,0.000000,0.000000,0.000000,0.000000,0.000000,0.000000,0.000000,0.000000,0.000000,0.000000,0.000000,-0.003334,0.000000,0.000000,0.000000,65535.000000,0.000000,0.000000,6.000000,1.000000,6.000000,1.000000,0.000000,0.000000,1.000000
7490.000000,6.000000,1.000000,0.000000,0.000000,0.000000,0.000000,0.000000,0.000000,0.000000,0.000000,0.000000,0.000000,0.000000,0.005814,0.000000,0.000000,0.000000,65535.000000,0.000000,0.000000,6.000000,1.000000,6.000000,1.000000,0.000000,0.000000,1.000000
7500.000000,6.000000,1.000000,0.000000,0.000000,0.000000,0.000000,0.000000,0.000000,0.000000,0.000000,0.000000,0.000000,0.000000,0.005756,0.000000,0.000000,0.000000,65535.000000,0.000000,0.000000,6.000000,1.000000,6.000000,1.000000,0.000000,0.000000,1.000000
7510.000000,6.000000,1.000000,0.000000,0.000000,0.000000,0.000000,0.000000,0.000000,0.000000,0.000000,0.000000,0.000000,0.000000,0.005699,0.000000,0.000000,0.000000,65535.000000,0.000000,0.000000,6.000000,1.000000,6.000000,1.000000,0.000000,0.000000,1.000000
7520.000000,6.000000,1.000000,0.000000,0.000000,0.000000,0.000000,0.000000,0.000000,0.000000,0.000000,0.000000,0.000000,0.000000,-0.008933,0.000000,0.000000,0.000000,65535.000000,0.000000,0.000000,6.000000,1.000000,6.000000,1.000000,0.000000,0.000000,1.000000
7530.000000,6.000000,1.000000,0.000000,0.000000,0.000000,0.000000,0.000000,0.000000,0.000000,0.000000,0.000000,0.000000,0.000000,-0.012022,0.000000,0.000000,0.000000,65535.000000,0.000000,0.000000,6.000000,1.000000,6.000000,1.000000,0.000000,0.000000,1.000000
7540.000000,6.000000,1.000000,0.000000,0.000000,0.000000,0.000000,0.000000,0.000000,0.000000,0.000000,0.000000,0.000000,0.000000,-0.011902,0.000000,0.000000,0.000000,65535.000000,0.000000,0.000000,6.000000,1.000000,6.000000,1.000000,0.000000,0.000000,1.000000
7550.000000,6.000000,1.000000,0.000000,0.000000,0.000000,0.000000,0.000000,0.000000,0.000000,0.000000,0.000000,0.000000,0.000000,-0.015422,0.000000,0.000000,0.000000,65535.000000,0.000000,0.000000,6.000000,1.000000,6.000000,1.000000,0.000000,0.000000,1.000000
7560.000000,6.000000,1.000000,0.000000,0.000000,0.000000,0.000000,0.000000,0.000000,0.000000,0.000000,0.000000,0.000000,0.000000,-0.011367,0.000000,0.000000,0.000000,65535.000000,0.000000,0.000000,6.000000,1.000000,6.000000,1.000000,0.000000,0.000000,1.000000
7570.000000,6.000000,1.000000,0.000000,0.000000,0.000000,0.000000,0.000000,0.000000,0.000000,0.000000,0.000000,0.000000,0.000000,-0.007161,0.000000,0.000000,0.000000,65535.000000,0.000000,0.000000,6.000000,1.000000,6.000000,1.000000,0.000000,0.000000,1.000000
7580.000000,6.000000,1.000000,0.000000,0.000000,0.000000,0.000000,0.000000,0.000000,0.000000,0.000000,0.000000,0.000000,0.000000,-0.005413,0.000000,0.000000,0.000000,65535.000000,0.000000,0.000000,6.000000,1.000000,6.000000,1.000000,0.000000,0.000000,1.000000
7590.000000,6.000000,1.000000,0.000000,0.000000,0.000000,0.000000,0.000000,0.000000,0.000000,0.000000,0.000000,0.000000,0.000000,-0.002397,0.000000,0.000000,0.000000,65535.000000,0.000000,0.000000,6.000000,1.000000,6.000000,1.000000,0.000000,0.000000,1.000000
7600.000000,6.000000,1.000000,0.000000,0.000000,0.000000,0.000000,0.000000,0.000000,0.000000,0.000000,0.000000,0.000000,0.000000,-0.002289,0.000000,0.000000,0.000000,65535.000000,0.000000,0.000000,6.000000,1.000000,6.000000,1.000000,0.000000,0.000000,1.000000
7610.000000,6.000000,1.000000,0.000000,0.000000,0.000000,0.000000,0.000000,0.000000,0.000000,0.000000,0.000000,0.000000,0.000000,-0.002266,0.000000,0.000000,0.000000,65535.000000,0.000000,0.000000,6.000000,1.000000,6.000000,1.000000,0.000000,0.000000,1.000000
7620.000000,6.000000,1.000000,0.000000,0.000000,0.000000,0.000000,0.000000,0.000000,0.000000,0.000000,0.000000,0.000000,0.000000,-0.001161,0.000000,0.000000,0.000000,65535.000000,0.000000,0.000000,6.000000,1.000000,6.000000,1.000000,0.000000,0.000000,1.000000
7630.000000,6.000000,1.000000,0.000000,0.000000,0.000000,0.000000,0.000000,0.000000,0.000000,0.000000,0.000000,0.000000,0.000000,-0.001149,0.000000,0.000000,0.000000,65535.000000,0.000000,0.000000,6.000000,1.000000,6.000000,1.000000,0.000000,0.000000,1.000000
7640.000000,6.000000,1.000000,0.000000,0.000000,0.000000,0.000000,0.000000,0.000000,0.000000,0.000000,0.000000,0.000000,0.000000,-0.001138,0.000000,0.000000,0.000000,65535.000000,0.000000,0.000000,6.000000,1.000000,6.000000,1.000000,0.000000,0.000000,1.000000
7650.000000,6.000000,1.000000,0.000000,0.000000,0.000000,0.000000,0.000000,0.000000,0.000000,0.000000,0.000000,0.000000,0.000000,-0.003997,0.000000,0.000000,0.000000,65535.000000,0.000000,0.000000,6.000000,1.000000,6.000000,1.000000,0.000000,0.000000,1.000000
7660.000000,6.000000,1.000000,0.000000,0.000000,0.000000,0.000000,0.000000,0.000000,0.000000,0.000000,0.000000,0.000000,0.000000,-0.000291,0.000000,0.000000,0.000000,65535.000000,0.000000,0.000000,6.000000,1.000000,6.000000,1.000000,0.000000,0.000000,1.000000
7670.000000,6.000000,1.000000,0.000000,0.000000,0.000000,0.000000,0.000000,0.000000,0.000000,0.000000,0.000000,0.000000,0.000000,0.000359,0.000000,0.000000,0.000000,65535.000000,0.000000,0.000000,6.000000,1.000000,6.000000,1.000000,0.000000,0.000000,1.000000
7680.000000,6.000000,1.000000,0.000000,0.000000,0.000000,0.000000,0.000000,0.000000,0.000000,0.000000,0.000000,0.000000,0.000000,0.004613,0.000000,0.000000,0.000000,65535.000000,0.000000,0.000000,6.000000,1.000000,6.000000,1.000000,0.000000,0.000000,1.000000
7690.000000,6.000000,1.000000,0.000000,0.000000,0.000000,0.000000,0.000000,0.000000,0.000000,0.000000,0.000000,0.000000,0.000000,0.004567,0.000000,0.000000,0.000000,65535.000000,0.000000,0.000000,6.000000,1.000000,6.000000,1.000000,0.000000,0.000000,1.000000
7700.000000,6.000000,1.000000,0.000000,0.000000,0.000000,0.000000,0.000000,0.000000,0.000000,0.000000,0.000000,0.000000,0.000000,0.004522,0.000000,0.000000,0.000000,65535.000000,0.000000,0.000000,6.000000,1.000000,6.000000,1.000000,0.000000,0.000000,1.000000
7710.000000,6.000000,1.000000,0.000000,0.000000,0.000000,0.000000,0.000000,0.000000,0.000000,0.000000,0.000000,0.000000,0.000000,-0.004606,0.000000,0.000000,0.000000,65535.000000,0.000000,0.000000,6.000000,1.000000,6.000000,1.000000,0.000000,0.000000,1.000000
7720.000000,6.000000,1.000000,0.000000,0.000000,0.000000,0.000000,0.000000,0.000000,0.000000,0.000000,0.000000,0.000000,0.000000,-0.004561,0.000000,0.000000,0.000000,65535.000000,0.000000,0.000000,6.000000,1.000000,6.000000,1.000000,0.000000,0.000000,1.000000
7730.000000,6.000000,1.000000,0.000000,0.000000,0.000000,0.000000,0.000000,0.000000,0.000000,0.000000,0.000000,0.000000,0.000000,-0.007459,0.000000,0.000000,0.000000,65535.000000,0.000000,0.000000,6.000000,1.000000,6.000000,1.000000,0.000000,0.000000,1.000000
7740.000000,6.000000,1.000000,0.000000,0.000000,0.000000,0.000000,0.000000,0.000000,0.000000,0.000000,0.000000,0.000000,0.000000,-0.010024,0.000000,0.000000,0.000000,65535.000000,0.000000,0.000000,6.000000,1.000000,6.000000,1.000000,0.000000,0.000000,1.000000
7750.000000,6.000000,1.000000,0.000000,0.000000,0.000000,0.000000,0.000000,0.000000,0.000000,0.000000,0.000000,0.000000,0.000000,-0.017404,0.000000,0.000000,0.000000,65535.000000,0.000000,0.000000,6.000000,1.000000,6.000000,1.000000,0.000000,0.000000,1.000000
7760.000000,6.000000,1.000000,0.000000,0.000000,0.000000,0.000000,0.000000,0.000000,0.000000,0.000000,0.000000,0.000000,0.000000,-0.010667,0.000000,0.000000,0.000000,65535.000000,0.000000,0.000000,6.000000,1.000000,6.000000,1.000000,0.000000,0.000000,1.000000
7770.000000,6.000000,1.000000,0.000000,0.000000,0.000000,0.000000,0.000000,0.000000,0.000000,0.000000,0.000000,0.000000,0.000000,-0.006567,0.000000,0.000000,0.000000,65535.000000,0.000000,0.000000,6.000000,1.000000,6.000000,1.000000,0.000000,0.000000,1.000000
7780.000000,6.000000,1.000000,0.000000,0.000000,0.000000,0.000000,0.000000,0.000000,0.000000,0.000000,0.000000,0.000000,0.000000,-0.006502,0.000000,0.000000,0.000000,65535.000000,0.000000,0.000000,6.000000,1.000000,6.000000,1.000000,0.000000,0.000000,1.000000
7790.000000,6.000000,1.000000,0.000000,0.000000,0.000000,0.000000,0.000000,0.000000,0.000000,0.000000,0.000000,0.000000,0.000000,-0.007338,0.000000,0.000000,0.000000,65535.000000,0.000000,0.000000,6.000000,1.000000,6.000000,1.000000,0.000000,0.000000,1.000000
7800.000000,6.000000,1.000000,0.000000,0.000000,0.000000,0.000000,0.000000,0.000000,0.000000,0.000000,0.000000,0.000000,0.000000,-0.013961,0.000000,0.000000,0.000000,65535.000000,0.000000,0.000000,6.000000,1.000000,6.000000,1.000000,0.000000,0.000000,1.000000
7810.000000,6.000000,1.000000,0.000000,0.000000,0.000000,0.000000,0.000000,0.000000,0.000000,0.000000,0.000000,0.000000,0.000000,-0.013822,0.000000,0.000000,0.000000,65535.000000,0.000000,0.000000,6.000000,1.000000,6.000000,1.000000,0.000000,0.000000,1.000000
7820.000000,6.000000,1.000000,0.000000,0.000000,0.000000,0.000000,0.000000,0.000000,0.000000,0.000000,0.000000,0.000000,0.000000,-0.011428,0.000000,0.000000,0.000000,65535.000000,0.000000,0.000000,6.000000,1.000000,6.000000,1.000000,0.000000,0.000000,1.000000
7830.000000,6.000000,1.000000,0.000000,0.000000,0.000000,0.000000,0.000000,0.000000,0.000000,0.000000,0.000000,0.000000,0.000000,-0.011314,0.000000,0.000000,0.000000,65535.000000,0.000000,0.000000,6.000000,1.000000,6.000000,1.000000,0.000000,0.000000,1.000000
7840.000000,6.000000,1.000000,0.000000,0.000000,0.000000,0.000000,0.000000,0.000000,0.000000,0.000000,0.000000,0.000000,0.000000,-0.011940,0.000000,0.000000,0.000000,65535.000000,0.000000,0.000000,6.000000,1.000000,6.000000,1.000000,0.000000,0.000000,1.000000
7850.000000,6.000000,1.000000,0.000000,0.000000,0.000000,0.000000,0.000000,0.000000,0.000000,0.000000,0.000000,0.000000,0.000000,-0.011821,0.000000,0.000000,0.000000,65535.000000,0.000000,0.000000,6.000000,1.000000,6.000000,1.000000,0.000000,0.000000,1.000000
7860.000000,6.000000,1.000000,0.000000,0.000000,0.000000,0.000000,0.000000,0.000000,0.000000,0.000000,0.000000,0.000000,0.000000,-0.006469,0.000000,0.000000,0.000000,65535.000000,0.000000,0.000000,6.000000,1.000000,6.000000,1.000000,0.000000,0.000000,1.000000
7870.000000,6.000000,1.000000,0.000000,0.000000,0.000000,0.000000,0.000000,0.000000,0.000000,0.000000,0.000000,0.000000,0.000000,-0.005378,0.000000,0.000000,0.000000,65535.000000,0.000000,0.000000,6.000000,1.000000,6.000000,1.000000,0.000000,0.000000,1.000000
7880.000000,6.000000,1.000000,0.000000,0.000000,0.000000,0.000000,0.000000,0.000000,0.000000,0.000000,0.000000,0.000000,0.000000,-0.005324,0.000000,0.000000,0.000000,65535.000000,0.000000,0.000000,6.000000,1.000000,6.000000,1.000000,0.000000,0.000000,1.000000
7890.000000,6.000000,1.000000,0.000000,0.000000,0.000000,0.000000,0.000000,0.000000,0.000000,0.000000,0.000000,0.000000,0.000000,-0.005271,0.000000,0.000000,0.000000,65535.000000,0.000000,0.000000,6.000000,1.000000,6.000000,1.000000,0.000000,0.000000,1.000000
7900.000000,6.000000,1.000000,0.000000,0.000000,0.000000,0.000000,0.000000,0.000000,0.000000,0.000000,0.000000,0.000000,0.000000,-0.009876,0.000000,0.000000,0.000000,65535.000000,0.000000,0.000000,6.000000,1.000000,6.000000,1.000000,0.000000,0.000000,1.000000
7910.000000,6.000000,1.000000,0.000000,0.000000,0.000000,0.000000,0.000000,0.000000,0.000000,0.000000,0.000000,0.000000,0.000000,-0.006191,0.000000,0.000000,0.000000,65535.000000,0.000000,0.000000,6.000000,1.000000,6.000000,1.000000,0.000000,0.000000,1.000000
7920.000000,6.000000,1.000000,0.000000,0.000000,0.000000,0.000000,0.000000,0.000000,0.000000,0.000000,0.000000,0.000000,0.000000,-0.006130,0.000000,0.000000,0.000000,65535.000000,0.000000,0.000000,6.000000,1.000000,6.000000,1.000000,0.000000,0.000000,1.000000
7930.000000,6.000000,1.000000,0.000000,0.000000,0.000000,0.000000,0.000000,0.000000,0.000000,0.000000,0.000000,0.000000,0.000000,-0.006069,0.000000,0.000000,0.000000,65535.000000,0.000000,0.000000,6.000000,1.000000,6.000000,1.000000,0.000000,0.000000,1.000000
7940.000000,6.000000,1.000000,0.000000,0.000000,0.000000,0.000000,0.000000,0.000000,0.000000,0.000000,0.000000,0.000000,0.000000,-0.010981,0.000000,0.000000,0.000000,65535.000000,0.000000,0.000000,6.000000,1.000000,6.000000,1.000000,0.000000,0.000000,1.000000
7950.000000,6.000000,1.000000,0.000000,0.000000,0.000000,0.000000,0.000000,0.000000,0.000000,0.000000,0.000000,0.000000,0.000000,-0.007361,0.000000,0.000000,0.000000,65535.000000,0.000000,0.000000,6.000000,1.000000,6.000000,1.000000,0.000000,0.000000,1.000000
7960.000000,6.000000,1.000000,0.000000,0.000000,0.000000,0.000000,0.000000,0.000000,0.000000,0.000000,0.000000,0.000000,0.000000,-0.007280,0.000000,0.000000,0.000000,65535.000000,0.000000,0.000000,6.000000,1.000000,6.000000,1.000000,0.000000,0.000000,1.000000
7970.000000,6.000000,1.000000,0.000000,0.000000,0.000000,0.000000,0.000000,0.000000,0.000000,0.000000,0.000000,0.000000,0.000000,-0.007208,0.000000,0.000000,0.000000,65535.000000,0.000000,0.000000,6.000000,1.000000,6.000000,1.000000,0.000000,0.000000,1.000000
7980.000000,6.000000,1.000000,0.000000,0.000000,0.000000,0.000000,0.000000,0.000000,0.000000,0.000000,0.000000,0.000000,0.000000,-0.013940,0.000000,0.000000,0.000000,65535.000000,0.000000,0.000000,6.000000,1.000000,6.000000,1.000000,0.000000,0.000000,1.000000
7990.000000,6.000000,1.000000,0.000000,0.000000,0.000000,0.000000,0.000000,0.000000,0.000000,0.000000,0.000000,0.000000,0.000000,-0.010414,0.000000,0.000000,0.000000,65535.000000,0.000000,0.000000,6.000000,1.000000,6.000000,1.000000,0.000000,0.000000,1.000000
8000.000000,6.000000,1.000000,0.000000,0.000000,0.000000,0.000000,0.000000,0.000000,0.000000,0.000000,0.000000,0.000000,0.000000,-0.010311,0.000000,0.000000,0.000000,65535.000000,0.000000,0.000000,6.000000,1.000000,6.000000,1.000000,0.000000,0.000000,1.000000
8010.000000,6.000000,1.000000,0.000000,0.000000,0.000000,0.000000,0.000000,0.000000,0.000000,0.000000,0.000000,0.000000,0.000000,-0.011438,0.000000,0.000000,0.000000,65535.000000,0.000000,0.000000,6.000000,1.000000,6.000000,1.000000,0.000000,0.000000,1.000000
8020.000000,6.000000,1.000000,0.000000,0.000000,0.000000,0.000000,0.000000,0.000000,0.000000,0.000000,0.000000,0.000000,0.000000,-0.011324,0.000000,0.000000,0.000000,65535.000000,0.000000,0.000000,6.000000,1.000000,6.000000,1.000000,0.000000,0.000000,1.000000
8030.000000,6.000000,1.000000,0.000000,0.000000,0.000000,0.000000,0.000000,0.000000,0.000000,0.000000,0.000000,0.000000,0.000000,-0.002420,0.000000,0.000000,0.000000,65535.000000,0.000000,0.000000,6.000000,1.000000,6.000000,1.000000,0.000000,0.000000,1.000000
8040.000000,6.000000,1.000000,0.000000,0.000000,0.000000,0.000000,0.000000,0.000000,0.000000,0.000000,0.000000,0.000000,0.000000,-0.002104,0.000000,0.000000,0.000000,65535.000000,0.000000,0.000000,6.000000,1.000000,6.000000,1.000000,0.000000,0.000000,1.000000
8050.000000,6.000000,1.000000,0.000000,0.000000,0.000000,0.000000,0.000000,0.000000,0.000000,0.000000,0.000000,0.000000,0.000000,-0.002083,0.000000,0.000000,0.000000,65535.000000,0.000000,0.000000,6.000000,1.000000,6.000000,1.000000,0.000000,0.000000,1.000000
8060.000000,6.000000,1.000000,0.000000,0.000000,0.000000,0.000000,0.000000,0.000000,0.000000,0.000000,0.000000,0.000000,0.000000,-0.005578,0.000000,0.000000,0.000000,65535.000000,0.000000,0.000000,6.000000,1.000000,6.000000,1.000000,0.000000,0.000000,1.000000
8070.000000,6.000000,1.000000,0.000000,0.000000,0.000000,0.000000,0.000000,0.000000,0.000000,0.000000,0.000000,0.000000,0.000000,-0.006751,0.000000,0.000000,0.000000,65535.000000,0.000000,0.000000,6.000000,1.000000,6.000000,1.000000,0.000000,0.000000,1.000000
8080.000000,6.000000,1.000000,0.000000,0.000000,0.000000,0.000000,0.000000,0.000000,0.000000,0.000000,0.000000,0.000000,0.000000,-0.006307,0.000000,0.000000,0.000000,65535.000000,0.000000,0.000000,6.000000,1.000000,6.000000,1.000000,0.000000,0.000000,1.000000
8090.000000,6.000000,1.000000,0.000000,0.000000,0.000000,0.000000,0.000000,0.000000,0.000000,0.000000,0.000000,0.000000,0.000000,-0.004758,0.000000,0.000000,0.000000,65535.000000,0.000000,0.000000,6.000000,1.000000,6.000000,1.000000,0.000000,0.000000,1.000000
8100.000000,6.000000,1.000000,0.000000,0.000000,0.000000,0.000000,0.000000,0.000000,0.000000,0.000000,0.000000,0.000000,0.000000,-0.001438,0.000000,0.000000,0.000000,65535.000000,0.000000,0.000000,6.000000,1.000000,6.000000,1.000000,0.000000,0.000000,1.000000
8110.000000,6.000000,1.000000,0.000000,0.000000,0.000000,0.000000,0.000000,0.000000,0.000000,0.000000,0.000000,0.000000,0.000000,-0.001424,0.000000,0.000000,0.000000,65535.000000,0.000000,0.000000,6.000000,1.000000,6.000000,1.000000,0.000000,0.000000,1.000000
8120.000000,6.000000,1.000000,0.000000,0.000000,0.000000,0.000000,0.000000,0.000000,0.000000,0.000000,0.000000,0.000000,0.000000,-0.004502,0.000000,0.000000,0.000000,65535.000000,0.000000,0.000000,6.000000,1.000000,6.000000,1.000000,0.000000,0.000000,1.000000
8130.000000,6.000000,1.000000,0.000000,0.000000,0.000000,0.000000,0.000000,0.000000,0.000000,0.000000,0.000000,0.000000,0.000000,0.001348,0.000000,0.000000,0.000000,65535.000000,0.000000,0.000000,6.000000,1.000000,6.000000,1.000000,0.000000,0.000000,1.000000
8140.000000,6.000000,1.000000,0.000000,0.000000,0.000000,0.000000,0.000000,0.000000,0.000000,0.000000,0.000000,0.000000,0.000000,0.006733,0.000000,0.000000,0.000000,65535.000000,0.000000,0.000000,6.000000,1.000000,6.000000,1.000000,0.000000,0.000000,1.000000
8150.000000,6.000000,1.000000,0.000000,0.000000,0.000000,0.000000,0.000000,0.000000,0.000000,0.000000,0.000000,0.000000,0.000000,0.006666,0.000000,0.000000,0.000000,65535.000000,0.000000,0.000000,6.000000,1.000000,6.000000,1.000000,0.000000,0.000000,1.000000
8160.000000,6.000000,1.000000,0.000000,0.000000,0.000000,0.000000,0.000000,0.000000,0.000000,0.000000,0.000000,0.000000,0.000000,0.003844,0.000000,0.000000,0.000000,65535.000000,0.000000,0.000000,6.000000,1.000000,6.000000,1.000000,0.000000,0.000000,1.000000
8170.000000,6.000000,1.000000,0.000000,0.000000,0.000000,0.000000,0.000000,0.000000,0.000000,0.000000,0.000000,0.000000,0.000000,0.000215,0.000000,0.000000,0.000000,65535.000000,0.000000,0.000000,6.000000,1.000000,6.000000,1.000000,0.000000,0.000000,1.000000
8180.000000,6.000000,1.000000,0.000000,0.000000,0.000000,0.000000,0.000000,0.000000,0.000000,0.000000,0.000000,0.000000,0.000000,0.000213,0.000000,0.000000,0.000000,65535.000000,0.000000,0.000000,6.000000,1.000000,6.000000,1.000000,0.000000,0.000000,1.000000
8190.000000,6.000000,1.000000,0.000000,0.000000,0.000000,0.000000,0.000000,0.000000,0.000000,0.000000,0.000000,0.000000,0.000000,-0.002657,0.000000,0.000000,0.000000,65535.000000,0.000000,0.000000,6.000000,1.000000,6.000000,1.000000,0.000000,0.000000,1.000000
8200.000000,6.000000,1.000000,0.000000,0.000000,0.000000,0.000000,0.000000,0.000000,0.000000,0.000000,0.000000,0.000000,0.000000,0.004022,0.000000,0.000000,0.000000,65535.000000,0.000000,0.000000,6.000000,1.000000,6.000000,1.000000,0.000000,0.000000,1.000000
8210.000000,6.000000,1.000000,0.000000,0.000000,0.000000,0.000000,0.000000,0.000000,0.000000,0.000000,0.000000,0.000000,0.000000,0.009361,0.000000,0.000000,0.000000,65535.000000,0.000000,0.000000,6.000000,1.000000,6.000000,1.000000,0.000000,0.000000,1.000000
8220.000000,6.000000,1.000000,0.000000,0.000000,0.000000,0.000000,0.000000,0.000000,0.000000,0.000000,0.000000,0.000000,0.000000,0.009268,0.000000,0.000000,0.000000,65535.000000,0.000000,0.000000,6.000000,1.000000,6.000000,1.000000,0.000000,0.000000,1.000000
8230.000000,6.000000,1.000000,0.000000,0.000000,0.000000,0.000000,0.000000,0.000000,0.000000,0.000000,0.000000,0.000000,0.000000,0.008297,0.000000,0.000000,0.000000,65535.000000,0.000000,0.000000,6.000000,1.000000,6.000000,1.000000,0.000000,0.000000,1.000000
8240.000000,6.000000,1.000000,0.000000,0.000000,0.000000,0.000000,0.000000,0.000000,0.000000,0.000000,0.000000,0.000000,0.000000,-0.005378,0.000000,0.000000,0.000000,65535.000000,0.000000,0.000000,6.000000,1.000000,6.000000,1.000000,0.000000,0.000000,1.000000
8250.000000,6.000000,1.000000,0.000000,0.000000,0.000000,0.000000,0.000000,0.000000,0.000000,0.000000,0.000000,0.000000,0.000000,0.000414,0.000000,0.000000,0.000000,65535.000000,0.000000,0.000000,6.000000,1.000000,6.000000,1.000000,0.000000,0.000000,1.000000
8260.000000,6.000000,1.000000,0.000000,0.000000,0.000000,0.000000,0.000000,0.000000,0.000000,0.000000,0.000000,0.000000,0.000000,0.000410,0.000000,0.000000,0.000000,65535.000000,0.000000,0.000000,6.000000,1.000000,6.000000,1.000000,0.000000,0.000000,1.000000
8270.000000,6.000000,1.000000,0.000000,0.000000,0.000000,0.000000,0.000000,0.000000,0.000000,0.000000,0.000000,0.000000,0.000000,0.000405,0.000000,0.000000,0.000000,65535.000000,0.000000,0.000000,6.000000,1.000000,6.000000,1.000000,0.000000,0.000000,1.000000
8280.000000,6.000000,1.000000,0.000000,0.000000,0.000000,0.000000,0.000000,0.000000,0.000000,0.000000,0.000000,0.000000,0.000000,-0.000502,0.000000,0.000000,0.000000,65535.000000,0.000000,0.000000,6.000000,1.000000,6.000000,1.000000,0.000000,0.000000,1.000000
8290.000000,6.000000,1.000000,0.000000,0.000000,0.000000,0.000000,0.000000,0.000000,0.000000,0.000000,0.000000,0.000000,0.000000,-0.003462,0.000000,0.000000,0.000000,65535.000000,0.000000,0.000000,6.000000,1.000000,6.000000,1.000000,0.000000,0.000000,1.000000
8300.000000,6.000000,1.000000,0.000000,0.000000,0.000000,0.000000,0.000000,0.000000,0.000000,0.000000,0.000000,0.000000,0.000000,-0.007252,0.000000,0.000000,0.000000,65535.000000,0.000000,0.000000,6.000000,1.000000,6.000000,1.000000,0.000000,0.000000,1.000000
8310.000000,6.000000,1.000000,0.000000,0.000000,0.000000,0.000000,0.000000,0.000000,0.000000,0.000000,0.000000,0.000000,0.000000,-0.000776,0.000000,0.000000,0.000000,65535.000000,0.000000,0.000000,6.000000,1.000000,6.000000,1.000000,0.000000,0.000000,1.000000
8320.000000,6.000000,1.000000,0.000000,0.000000,0.000000,0.000000,0.000000,0.000000,0.000000,0.000000,0.000000,0.000000,0.000000,0.000108,0.000000,0.000000,0.000000,65535.000000,0.000000,0.000000,6.000000,1.000000,6.000000,1.000000,0.000000,0.000000,1.000000
8330.000000,6.000000,1.000000,0.000000,0.000000,0.000000,0.000000,0.000000,0.000000,0.000000,0.000000,0.000000,0.000000,0.000000,0.000106,0.000000,0.000000,0.000000,65535.000000,0.000000,0.000000,6.000000,1.000000,6.000000,1.000000,0.000000,0.000000,1.000000
8340.000000,6.000000,1.000000,0.000000,0.000000,0.000000,0.000000,0.000000,0.000000,0.000000,0.000000,0.000000,0.000000,0.000000,0.000030,0.000000,0.000000,0.000000,65535.000000,0.000000,0.000000,6.000000,1.000000,6.000000,1.000000,0.000000,0.000000,1.000000
8350.000000,6.000000,1.000000,0.000000,0.000000,0.000000,0.000000,0.000000,0.000000,0.000000,0.000000,0.000000,0.000000,0.000000,0.000263,0.000000,0.000000,0.000000,65535.000000,0.000000,0.000000,6.000000,1.000000,6.000000,1.000000,0.000000,0.000000,1.000000
8360.000000,6.000000,1.000000,0.000000,0.000000,0.000000,0.000000,0.000000,0.000000,0.000000,0.000000,0.000000,0.000000,0.000000,0.000260,0.000000,0.000000,0.000000,65535.000000,0.000000,0.000000,6.000000,1.000000,6.000000,1.000000,0.000000,0.000000,1.000000
8370.000000,6.000000,1.000000,0.000000,0.000000,0.000000,0.000000,0.000000,0.000000,0.000000,0.000000,0.000000,0.000000,0.000000,0.005256,0.000000,0.000000,0.000000,65535.000000,0.000000,0.000000,6.000000,1.000000,6.000000,1.000000,0.000000,0.000000,1.000000
8380.000000,6.000000,1.000000,0.000000,0.000000,0.000000,0.000000,0.000000,0.000000,0.000000,0.000000,0.000000,0.000000,0.000000,0.005204,0.000000,0.000000,0.000000,65535.000000,0.000000,0.000000,6.000000,1.000000,6.000000,1.000000,0.000000,0.000000,1.000000
8390.000000,6.000000,1.000000,0.000000,0.000000,0.000000,0.000000,0.000000,0.000000,0.000000,0.000000,0.000000,0.000000,0.000000,0.006868,0.000000,0.000000,0.000000,65535.000000,0.000000,0.000000,6.000000,1.000000,6.000000,1.000000,0.000000,0.000000,1.000000
8400.000000,6.000000,1.000000,0.000000,0.000000,0.000000,0.000000,0.000000,0.000000,0.000000,0.000000,0.000000,0.000000,0.000000,0.006800,0.000000,0.000000,0.000000,65535.000000,0.000000,0.000000,6.000000,1.000000,6.000000,1.000000,0.000000,0.000000,1.000000
8410.000000,6.000000,1.000000,0.000000,0.000000,0.000000,0.000000,0.000000,0.000000,0.000000,0.000000,0.000000,0.000000,0.000000,0.006732,0.000000,0.000000,0.000000,65535.000000,0.000000,0.000000,6.000000,1.000000,6.000000,1.000000,0.000000,0.000000,1.000000
8420.000000,6.000000,1.000000,0.000000,0.000000,0.000000,0.000000,0.000000,0.000000,0.000000,0.000000,0.000000,0.000000,0.000000,0.012584,0.000000,0.000000,0.000000,65535.000000,0.000000,0.000000,6.000000,1.000000,6.000000,1.000000,0.000000,0.000000,1.000000
8430.000000,6.000000,1.000000,0.000000,0.000000,0.000000,0.000000,0.000000,0.000000,0.000000,0.000000,0.000000,0.000000,0.000000,0.012459,0.000000,0.000000,0.000000,65535.000000,0.000000,0.000000,6.000000,1.000000,6.000000,1.000000,0.000000,0.000000,1.000000
8440.000000,6.000000,1.000000,0.000000,0.000000,0.000000,0.000000,0.000000,0.000000,0.000000,0.000000,0.000000,0.000000,0.000000,0.012335,0.000000,0.000000,0.000000,65535.000000,0.000000,0.000000,6.000000,1.000000,6.000000,1.000000,0.000000,0.000000,1.000000
8450.000000,6.000000,1.000000,0.000000,0.000000,0.000000,0.000000,0.000000,0.000000,0.000000,0.000000,0.000000,0.000000,0.000000,0.011190,0.000000,0.000000,0.000000,65535.000000,0.000000,0.000000,6.000000,1.000000,6.000000,1.000000,0.000000,0.000000,1.000000
8460.000000,6.000000,1.000000,0.000000,0.000000,0.000000,0.000000,0.000000,0.000000,0.000000,0.000000,0.000000,0.000000,0.000000,0.011079,0.000000,0.000000,0.000000,65535.000000,0.000000,0.000000,6.000000,1.000000,6.000000,1.000000,0.000000,0.000000,1.000000
8470.000000,6.000000,1.000000,0.000000,0.000000,0.000000,0.000000,0.000000,0.000000,0.000000,0.000000,0.000000,0.000000,0.000000,0.010968,0.000000,0.000000,0.000000,65535.000000,0.000000,0.000000,6.000000,1.000000,6.000000,1.000000,0.000000,0.000000,1.000000
8480.000000,6.000000,1.000000,0.000000,0.000000,0.000000,0.000000,0.000000,0.000000,0.000000,0.000000,0.000000,0.000000,0.000000,-0.004212,0.000000,0.000000,0.000000,65535.000000,0.000000,0.000000,6.000000,1.000000,6.000000,1.000000,0.000000,0.000000,1.000000
8490.000000,6.000000,1.000000,0.000000,0.000000,0.000000,0.000000,0.000000,0.000000,0.000000,0.000000,0.000000,0.000000,0.000000,-0.003034,0.000000,0.000000,0.000000,65535.000000,0.000000,0.000000,6.000000,1.000000,6.000000,1.000000,0.000000,0.000000,1.000000
8500.000000,6.000000,1.000000,0.000000,0.000000,0.000000,0.000000,0.000000,0.000000,0.000000,0.000000,0.000000,0.000000,0.000000,-0.003004,0.000000,0.000000,0.000000,65535.000000,0.000000,0.000000,6.000000,1.000000,6.000000,1.000000,0.000000,0.000000,1.000000
8510.000000,6.000000,1.000000,0.000000,0.000000,0.000000,0.000000,0.000000,0.000000,0.000000,0.000000,0.000000,0.000000,0.000000,-0.011869,0.000000,0.000000,0.000000,65535.000000,0.000000,0.000000,6.000000,1.000000,6.000000,1.000000,0.000000,0.000000,1.000000
8520.000000,6.000000,1.000000,0.000000,0.000000,0.000000,0.000000,0.000000,0.000000,0.000000,0.000000,0.000000,0.000000,0.000000,-0.013041,0.000000,0.000000,0.000000,65535.000000,0.000000,0.000000,6.000000,1.000000,6.000000,1.000000,0.000000,0.000000,1.000000
8530.000000,6.000000,1.000000,0.000000,0.000000,0.000000,0.000000,0.000000,0.000000,0.000000,0.000000,0.000000,0.000000,0.000000,-0.009218,0.000000,0.000000,0.000000,65535.000000,0.000000,0.000000,6.000000,1.000000,6.000000,1.000000,0.000000,0.000000,1.000000
8540.000000,6.000000,1.000000,0.000000,0.000000,0.000000,0.000000,0.000000,0.000000,0.000000,0.000000,0.000000,0.000000,0.000000,-0.006979,0.000000,0.000000,0.000000,65535.000000,0.000000,0.000000,6.000000,1.000000,6.000000,1.000000,0.000000,0.000000,1.000000
8550.000000,6.000000,1.000000,0.000000,0.000000,0.000000,0.000000,0.000000,0.000000,0.000000,0.000000,0.000000,0.000000,0.000000,-0.006909,0.000000,0.000000,0.000000,65535.000000,0.000000,0.000000,6.000000,1.000000,6.000000,1.000000,0.000000,0.000000,1.000000
8560.000000,6.000000,1.000000,0.000000,0.000000,0.000000,0.000000,0.000000,0.000000,0.000000,0.000000,0.000000,0.000000,0.000000,0.012771,0.000000,0.000000,0.000000,65535.000000,0.000000,0.000000,6.000000,1.000000,6.000000,1.000000,0.000000,0.000000,1.000000
8570.000000,6.000000,1.000000,0.000000,0.000000,0.000000,0.000000,0.000000,0.000000,0.000000,0.000000,0.000000,0.000000,0.000000,0.013325,0.000000,0.000000,0.000000,65535.000000,0.000000,0.000000,6.000000,1.000000,6.000000,1.000000,0.000000,0.000000,1.000000
8580.000000,6.000000,1.000000,0.000000,0.000000,0.000000,0.000000,0.000000,0.000000,0.000000,0.000000,0.000000,0.000000,0.000000,0.013193,0.000000,0.000000,0.000000,65535.000000,0.000000,0.000000,6.000000,1.000000,6.000000,1.000000,0.000000,0.000000,1.000000
8590.000000,6.000000,1.000000,0.000000,0.000000,0.000000,0.000000,0.000000,0.000000,0.000000,0.000000,0.000000,0.000000,0.000000,-0.004960,0.000000,0.000000,0.000000,65535.000000,0.000000,0.000000,6.000000,1.000000,6.000000,1.000000,0.000000,0.000000,1.000000
8600.000000,6.000000,1.000000,0.000000,0.000000,0.000000,0.000000,0.000000,0.000000,0.000000,0.000000,0.000000,0.000000,0.000000,0.000149,0.000000,0.000000,0.000000,65535.000000,0.000000,0.000000,6.000000,1.000000,6.000000,1.000000,0.000000,0.000000,1.000000
8610.000000,6.000000,1.000000,0.000000,0.000000,0.000000,0.000000,0.000000,0.000000,0.000000,0.000000,0.000000,0.000000,0.000000,0.019901,0.000000,0.000000,0.000000,65535.000000,0.000000,0.000000,6.000000,1.000000,6.000000,1.000000,0.000000,0.000000,1.000000
8620.000000,6.000000,1.000000,0.000000,0.000000,0.000000,0.000000,0.000000,0.000000,0.000000,0.000000,0.000000,0.000000,0.000000,0.020153,0.000000,0.000000,0.000000,65535.000000,0.000000,0.000000,6.000000,1.000000,6.000000,1.000000,0.000000,0.000000,1.000000
8630.000000,6.000000,1.000000,0.000000,0.000000,0.000000,0.000000,0.000000,0.000000,0.000000,0.000000,0.000000,0.000000,0.000000,0.019952,0.000000,0.000000,0.000000,65535.000000,0.000000,0.000000,6.000000,1.000000,6.000000,1.000000,0.000000,0.000000,1.000000
8640.000000,6.000000,1.000000,0.000000,0.000000,0.000000,0.000000,0.000000,0.000000,0.000000,0.000000,0.000000,0.000000,0.000000,0.007903,0.000000,0.000000,0.000000,65535.000000,0.000000,0.000000,6.000000,1.000000,6.000000,1.000000,0.000000,0.000000,1.000000
8650.000000,6.000000,1.000000,0.000000,0.000000,0.000000,0.000000,0.000000,0.000000,0.000000,0.000000,0.000000,0.000000,0.000000,0.007825,0.000000,0.000000,0.000000,65535.000000,0.000000,0.000000,6.000000,1.000000,6.000000,1.000000,0.000000,0.000000,1.000000
8660.000000,6.000000,1.000000,0.000000,0.000000,0.000000,0.000000,0.000000,0.000000,0.000000,0.000000,0.000000,0.000000,0.000000,0.007747,0.000000,0.000000,0.000000,65535.000000,0.000000,0.000000,6.000000,1.000000,6.000000,1.000000,0.000000,0.000000,1.000000
8670.000000,6.000000,1.000000,0.000000,0.000000,0.000000,0.000000,0.000000,0.000000,0.000000,0.000000,0.000000,0.000000,0.000000,0.044537,0.000000,0.000000,0.000000,65535.000000,0.000000,0.000000,6.000000,1.000000,6.000000,1.000000,0.000000,0.000000,1.000000
8680.000000,6.000000,1.000000,0.000000,0.000000,0.000000,0.000000,0.000000,0.000000,0.000000,0.000000,0.000000,0.000000,0.000000,0.045037,0.000000,0.000000,0.000000,65535.000000,0.000000,0.000000,6.000000,1.000000,6.000000,1.000000,0.000000,0.000000,1.000000
8690.000000,6.000000,1.000000,0.000000,0.000000,0.000000,0.000000,0.000000,0.000000,0.000000,0.000000,0.000000,0.000000,0.000000,0.057044,0.000000,0.000000,0.000000,65535.000000,0.000000,0.000000,6.000000,1.000000,6.000000,1.000000,0.000000,0.000000,1.000000
8700.000000,6.000000,1.000000,0.000000,0.000000,0.000000,0.000000,0.000000,0.000000,0.000000,0.000000,0.000000,0.000000,0.000000,0.070397,0.000000,0.000000,0.000000,65535.000000,0.000000,0.000000,6.000000,1.000000,6.000000,1.000000,0.000000,0.000000,1.000000
8710.000000,6.000000,1.000000,0.000000,0.000000,0.000000,0.000000,0.000000,0.000000,0.000000,0.000000,0.000000,0.000000,0.000000,0.069696,0.000000,0.000000,0.000000,65535.000000,0.000000,0.000000,6.000000,1.000000,6.000000,1.000000,0.000000,0.000000,1.000000
8720.000000,6.000000,1.000000,0.000000,0.000000,0.000000,0.000000,0.000000,0.000000,0.000000,0.000000,0.000000,0.000000,0.000000,0.069002,0.000000,0.000000,0.000000,65535.000000,0.000000,0.000000,6.000000,1.000000,6.000000,1.000000,0.000000,0.000000,1.000000
8730.000000,6.000000,1.000000,0.000000,0.000000,0.000000,0.000000,0.000000,0.000000,0.000000,0.000000,0.000000,0.000000,0.000000,0.038957,0.000000,0.000000,0.000000,65535.000000,0.000000,0.000000,6.000000,1.000000,6.000000,1.000000,0.000000,0.000000,1.000000
8740.000000,6.000000,1.000000,0.000000,0.000000,0.000000,0.000000,0.000000,0.000000,0.000000,0.000000,0.000000,0.000000,0.000000,0.029175,0.000000,0.000000,0.000000,65535.000000,0.000000,0.000000,6.000000,1.000000,6.000000,1.000000,0.000000,0.000000,1.000000
8750.000000,6.000000,1.000000,0.000000,0.000000,0.000000,0.000000,0.000000,0.000000,0.000000,0.000000,0.000000,0.000000,0.000000,0.006090,0.000000,0.000000,0.000000,65535.000000,0.000000,0.000000,6.000000,1.000000,6.000000,1.000000,0.000000,0.000000,1.000000
8760.000000,6.000000,1.000000,0.000000,0.000000,0.000000,0.000000,0.000000,0.000000,0.000000,0.000000,0.000000,0.000000,0.000000,-0.005562,0.000000,0.000000,0.000000,65535.000000,0.000000,0.000000,6.000000,1.000000,6.000000,1.000000,0.000000,0.000000,1.000000
8770.000000,6.000000,1.000000,0.000000,0.000000,0.000000,0.000000,0.000000,0.000000,0.000000,0.000000,0.000000,0.000000,0.000000,-0.001759,0.000000,0.000000,0.000000,65535.000000,0.000000,0.000000,6.000000,1.000000,6.000000,1.000000,0.000000,0.000000,1.000000
8780.000000,6.000000,1.000000,0.000000,0.000000,0.000000,0.000000,0.000000,0.000000,0.000000,0.000000,0.000000,0.000000,0.000000,-0.000351,0.000000,0.000000,0.000000,65535.000000,0.000000,0.000000,6.000000,1.000000,6.000000,1.000000,0.000000,0.000000,1.000000
8790.000000,6.000000,1.000000,0.000000,0.000000,0.000000,0.000000,0.000000,0.000000,0.000000,0.000000,0.000000,0.000000,0.000000,-0.000347,0.000000,0.000000,0.000000,65535.000000,0.000000,0.000000,6.000000,1.000000,6.000000,1.000000,0.000000,0.000000,1.000000
8800.000000,6.000000,1.000000,0.000000,0.000000,0.000000,0.000000,0.000000,0.000000,0.000000,0.000000,0.000000,0.000000,0.000000,-0.002536,0.000000,0.000000,0.000000,65535.000000,0.000000,0.000000,6.000000,1.000000,6.000000,1.000000,0.000000,0.000000,1.000000
8810.000000,6.000000,1.000000,0.000000,0.000000,0.000000,0.000000,0.000000,0.000000,0.000000,0.000000,0.000000,0.000000,0.000000,-0.006975,0.000000,0.000000,0.000000,65535.000000,0.000000,0.000000,6.000000,1.000000,6.000000,1.000000,0.000000,0.000000,1.000000
8820.000000,6.000000,1.000000,0.000000,0.000000,0.000000,0.000000,0.000000,0.000000,0.000000,0.000000,0.000000,0.000000,0.000000,-0.006906,0.000000,0.000000,0.000000,65535.000000,0.000000,0.000000,6.000000,1.000000,6.000000,1.000000,0.000000,0.000000,1.000000
8830.000000,6.000000,1.000000,0.000000,0.000000,0.000000,0.000000,0.000000,0.000000,0.000000,0.000000,0.000000,0.000000,0.000000,-0.006837,0.000000,0.000000,0.000000,65535.000000,0.000000,0.000000,6.000000,1.000000,6.000000,1.000000,0.000000,0.000000,1.000000
8840.000000,6.000000,1.000000,0.000000,0.000000,0.000000,0.000000,0.000000,0.000000,0.000000,0.000000,0.000000,0.000000,0.000000,-0.007468,0.000000,0.000000,0.000000,65535.000000,0.000000,0.000000,6.000000,1.000000,6.000000,1.000000,0.000000,0.000000,1.000000
8850.000000,6.000000,1.000000,0.000000,0.000000,0.000000,0.000000,0.000000,0.000000,0.000000,0.000000,0.000000,0.000000,0.000000,0.003450,0.000000,0.000000,0.000000,65535.000000,0.000000,0.000000,6.000000,1.000000,6.000000,1.000000,0.000000,0.000000,1.000000
8860.000000,6.000000,1.000000,0.000000,0.000000,0.000000,0.000000,0.000000,0.000000,0.000000,0.000000,0.000000,0.000000,0.000000,0.003697,0.000000,0.000000,0.000000,65535.000000,0.000000,0.000000,6.000000,1.000000,6.000000,1.000000,0.000000,0.000000,1.000000
8870.000000,6.000000,1.000000,0.000000,0.000000,0.000000,0.000000,0.000000,0.000000,0.000000,0.000000,0.000000,0.000000,0.000000,0.003660,0.000000,0.000000,0.000000,65535.000000,0.000000,0.000000,6.000000,1.000000,6.000000,1.000000,0.000000,0.000000,1.000000
8880.000000,6.000000,1.000000,0.000000,0.000000,0.000000,0.000000,0.000000,0.000000,0.000000,0.000000,0.000000,0.000000,0.000000,-0.001198,0.000000,0.000000,0.000000,65535.000000,0.000000,0.000000,6.000000,1.000000,6.000000,1.000000,0.000000,0.000000,1.000000
8890.000000,6.000000,1.000000,0.000000,0.000000,0.000000,0.000000,0.000000,0.000000,0.000000,0.000000,0.000000,0.000000,0.000000,-0.002478,0.000000,0.000000,0.000000,65535.000000,0.000000,0.000000,6.000000,1.000000,6.000000,1.000000,0.000000,0.000000,1.000000
8900.000000,6.000000,1.000000,0.000000,0.000000,0.000000,0.000000,0.000000,0.000000,0.000000,0.000000,0.000000,0.000000,0.000000,-0.001596,0.000000,0.000000,0.000000,65535.000000,0.000000,0.000000,6.000000,1.000000,6.000000,1.000000,0.000000,0.000000,1.000000
8910.000000,6.000000,1.000000,0.000000,0.000000,0.000000,0.000000,0.000000,0.000000,0.000000,0.000000,0.000000,0.000000,0.000000,-0.001580,0.000000,0.000000,0.000000,65535.000000,0.000000,0.000000,6.000000,1.000000,6.000000,1.000000,0.000000,0.000000,1.000000
8920.000000,6.000000,1.000000,0.000000,0.000000,0.000000,0.000000,0.000000,0.000000,0.000000,0.000000,0.000000,0.000000,0.000000,-0.010682,0.000000,0.000000,0.000000,65535.000000,0.000000,0.000000,6.000000,1.000000,6.000000,1.000000,0.000000,0.000000,1.000000
8930.000000,6.000000,1.000000,0.000000,0.000000,0.000000,0.000000,0.000000,0.000000,0.000000,0.000000,0.000000,0.000000,0.000000,-0.014848,0.000000,0.000000,0.000000,65535.000000,0.000000,0.000000,6.000000,1.000000,6.000000,1.000000,0.000000,0.000000,1.000000
8940.000000,6.000000,1.000000,0.000000,0.000000,0.000000,0.000000,0.000000,0.000000,0.000000,0.000000,0.000000,0.000000,0.000000,-0.006273,0.000000,0.000000,0.000000,65535.000000,0.000000,0.000000,6.000000,1.000000,6.000000,1.000000,0.000000,0.000000,1.000000
8950.000000,6.000000,1.000000,0.000000,0.000000,0.000000,0.000000,0.000000,0.000000,0.000000,0.000000,0.000000,0.000000,0.000000,0.085519,0.000000,0.000000,0.000000,65535.000000,0.000000,0.000000,6.000000,1.000000,6.000000,1.000000,0.000000,0.000000,1.000000
8960.000000,6.000000,1.000000,0.000000,0.000000,0.000000,0.000000,0.000000,0.000000,0.000000,0.015596,0.000950,0.000654,-0.000689,0.167723,0.000000,0.000000,0.000000,65535.000000,0.000000,0.000000,6.000000,1.000000,6.000000,1.000000,0.000000,0.000000,1.000000
8970.000000,6.000000,1.000000,0.000000,0.000000,0.000000,0.000000,0.000000,0.000000,0.000000,0.019348,0.001762,0.001710,-0.000423,0.166053,0.000000,0.000000,0.000000,65535.000000,0.000000,0.000000,6.000000,1.000000,6.000000,1.000000,0.000000,0.000000,1.000000
8980.000000,6.000000,1.000000,0.000000,0.000000,0.000000,0.000000,0.000000,0.000000,0.000000,0.019348,0.002373,0.002359,-0.000260,0.162018,0.000000,0.000000,0.000000,65535.000000,0.000000,0.000000,6.000000,1.000000,6.000000,1.000000,0.000000,0.000000,1.000000
8990.000000,6.000000,1.000000,0.000000,0.000000,0.000000,0.000000,0.000000,0.000000,0.000000,0.012960,0.003157,0.002757,-0.001538,0.063640,0.000000,0.000000,0.000000,65535.000000,0.000000,0.000000,6.000000,1.000000,6.000000,1.000000,0.000000,0.000000,1.000000
9000.000000,6.000000,1.000000,0.000000,0.000000,0.000000,0.000000,0.000000,0.000000,0.000000,0.014022,0.003146,0.003001,-0.000944,0.107770,0.000000,0.000000,0.000000,65535.000000,0.000000,0.000000,6.000000,1.000000,6.000000,1.000000,0.000000,0.000000,1.000000
9010.000000,6.000000,1.000000,0.000000,0.000000,0.000000,0.000000,0.000000,0.000000,0.000000,0.014022,0.004497,0.004460,-0.000580,0.106697,0.000000,0.000000,0.000000,65535.000000,0.000000,0.000000,6.000000,1.000000,6.000000,1.000000,0.000000,0.000000,1.000000
9020.000000,6.000000,1.000000,0.000000,0.000000,0.000000,0.000000,0.000000,0.000000,0.000000,0.017356,0.005367,0.005355,-0.000356,0.122625,0.000000,0.000000,0.000000,65535.000000,0.000000,0.000000,6.000000,1.000000,6.000000,1.000000,0.000000,0.000000,1.000000
9030.000000,6.000000,1.000000,0.000000,0.000000,0.000000,0.000000,0.000000,0.000000,0.000000,0.021131,0.006622,0.006559,-0.000908,0.148881,0.000000,0.000000,0.000000,65535.000000,0.000000,0.000000,6.000000,1.000000,6.000000,1.000000,0.000000,0.000000,1.000000
9040.000000,6.000000,1.000000,0.000000,0.000000,0.000000,0.000000,0.000000,0.000000,0.000000,0.021131,0.008185,0.007953,-0.001936,0.147399,0.000000,0.000000,0.000000,65535.000000,0.000000,0.000000,6.000000,1.000000,6.000000,1.000000,0.000000,0.000000,1.000000
9050.000000,6.000000,1.000000,0.000000,0.000000,0.000000,0.000000,0.000000,0.000000,0.000000,0.019133,0.009175,0.008808,-0.002567,0.123983,0.000000,0.000000,0.000000,65535.000000,0.000000,0.000000,6.000000,1.000000,6.000000,1.000000,0.000000,0.000000,1.000000
9060.000000,6.000000,1.000000,0.000000,0.000000,0.000000,0.000000,0.000000,0.000000,0.000000,0.015715,0.011521,0.011297,-0.002266,0.114869,0.000000,0.000000,0.000000,65535.000000,0.000000,0.000000,6.000000,1.000000,6.000000,1.000000,0.000000,0.000000,1.000000
9070.000000,6.000000,1.000000,0.000000,0.000000,0.000000,0.000000,0.000000,0.000000,0.000000,0.057588,0.014938,0.014133,-0.004838,0.509145,0.000000,0.000000,0.000000,65535.000000,0.000000,0.000000,6.000000,1.000000,6.000000,1.000000,0.000000,0.000000,1.000000
9080.000000,6.000000,1.000000,0.000000,0.000000,0.000000,0.000000,0.000000,0.000000,0.000000,0.060060,0.019573,0.018491,-0.006417,0.515161,0.000000,0.000000,0.000000,65535.000000,0.000000,0.000000,6.000000,1.000000,6.000000,1.000000,0.000000,0.000000,1.000000
9090.000000,6.000000,1.000000,0.000000,0.000000,0.000000,0.000000,0.000000,0.000000,0.000000,0.060060,0.022826,0.021821,-0.006697,0.510033,0.000000,0.000000,0.000000,65535.000000,0.000000,0.000000,6.000000,1.000000,6.000000,1.000000,0.000000,0.000000,1.000000
9100.000000,5.999894,1.000319,-0.010619,0.031949,0.000000,0.000000,0.000000,0.000000,0.000000,0.072738,0.027738,0.026483,-0.008248,0.570179,0.000000,0.000000,0.000000,65535.000000,0.000000,0.000000,5.999894,1.000319,5.999894,1.000319,0.000000,0.000000,1.000000
9110.000000,5.999780,1.000705,-0.011373,0.038582,0.000000,0.000000,0.000000,0.000000,0.000000,0.084070,0.033667,0.031962,-0.010578,0.650990,0.000000,0.000000,0.000000,65535.000000,0.000000,0.000000,5.999780,1.000705,5.999780,1.000705,0.000000,0.000000,1.000000
9120.000000,5.999640,1.001151,-0.013922,0.044610,0.000000,0.000000,0.000000,0.000000,0.000000,0.084070,0.040223,0.038598,-0.011320,0.644509,0.000000,0.000000,0.000000,65535.000000,0.000000,0.000000,5.999640,1.001151,5.999640,1.001151,0.000000,0.000000,1.000000
9130.000000,5.999430,1.001647,-0.021032,0.049597,0.000000,0.000000,0.000000,0.000000,0.000000,0.087177,0.046732,0.044635,-0.013843,0.813343,0.000000,0.000000,0.000000,65535.000000,0.000000,0.000000,5.999430,1.001647,5.999430,1.001647,0.000000,0.000000,1.000000
9140.000000,5.999148,1.002226,-0.028204,0.057864,0.000000,0.000000,0.000000,0.000000,0.000000,0.087177,0.053872,0.049650,-0.020907,0.805246,0.000000,0.000000,0.000000,65535.000000,0.000000,0.000000,5.999148,1.002226,5.999148,1.002226,0.000000,0.000000,1.000000
9150.000000,5.998801,1.002862,-0.034699,0.063572,0.000000,0.000000,0.000000,0.000000,0.000000,0.086066,0.064372,0.057963,-0.028001,0.794588,0.000000,0.000000,0.000000,65535.000000,0.000000,0.000000,5.998801,1.002862,5.998801,1.002862,0.000000,0.000000,1.000000
9160.000000,5.998345,1.003584,-0.045596,0.072281,0.000000,0.000000,0.000000,0.000000,0.000000,0.101167,0.072426,0.063721,-0.034425,1.013897,0.000000,0.000000,0.000000,65535.000000,0.000000,0.000000,5.998345,1.003584,5.998345,1.003584,0.000000,0.000000,1.000000
9170.000000,5.997774,1.004393,-0.057120,0.080880,0.000000,0.000000,0.000000,0.000000,0.000000,0.101167,0.085461,0.072491,-0.045262,1.003710,0.000000,0.000000,0.000000,65535.000000,0.000000,0.000000,5.997774,1.004393,5.997774,1.004393,0.000000,0.000000,1.000000
9180.000000,5.997097,1.005301,-0.067650,0.090733,0.000000,0.000000,0.000000,0.000000,0.000000,0.101167,0.099017,0.081147,-0.056741,0.993726,0.000000,0.000000,0.000000,65535.000000,0.000000,0.000000,5.997097,1.005301,5.997097,1.005301,0.000000,0.000000,1.000000
9190.000000,5.996349,1.006314,-0.074844,0.101346,0.000000,0.000000,0.000000,0.000000,0.000000,0.139223,0.113177,0.091041,-0.067235,1.149380,0.000000,0.000000,0.000000,65535.000000,0.000000,0.000000,5.996349,1.006314,5.996349,1.006314,0.000000,0.000000,1.000000
9200.000000,5.995500,1.007457,-0.084864,0.114336,0.000000,0.000000,0.000000,0.000000,0.000000,0.152293,0.125987,0.101696,-0.074368,1.271247,0.000000,0.000000,0.000000,65535.000000,0.000000,0.000000,5.995500,1.007457,5.995500,1.007457,0.000000,0.000000,1.000000
9210.000000,5.994602,1.008693,-0.089769,0.123538,0.000000,0.000000,0.000000,0.000000,0.000000,0.152293,0.142389,0.114780,-0.084262,1.255273,0.000000,0.000000,0.000000,65535.000000,0.000000,0.000000,5.994602,1.008693,5.994602,1.008693,0.000000,0.000000,1.000000
9220.000000,5.993645,1.009997,-0.095683,0.130378,0.000000,0.000000,0.000000,0.000000,0.000000,0.128473,0.152709,0.124123,-0.088958,0.898843,0.000000,0.000000,0.000000,65535.000000,0.000000,0.000000,5.993645,1.009997,5.993645,1.009997,0.000000,0.000000,1.000000
9230.000000,5.992630,1.011400,-0.101526,0.140382,0.000000,0.000000,0.000000,0.000000,0.000000,0.134457,0.161721,0.131167,-0.094599,1.396347,0.000000,0.000000,0.000000,65535.000000,0.000000,0.000000,5.992630,1.011400,5.992630,1.011400,0.000000,0.000000,1.000000
9240.000000,5.991544,1.012924,-0.108596,0.152396,0.000000,0.000000,0.000000,0.000000,0.000000,0.139063,0.173247,0.141381,-0.100130,1.377099,0.000000,0.000000,0.000000,65535.000000,0.000000,0.000000,5.991544,1.012924,5.991544,1.012924,0.000000,0.000000,1.000000
9250.000000,5.990345,1.014574,-0.119875,0.164941,0.000000,0.000000,0.000000,0.000000,0.000000,0.139063,0.187130,0.153540,-0.106973,1.358374,0.000000,0.000000,0.000000,65535.000000,0.000000,0.000000,5.990345,1.014574,5.990345,1.014574,0.000000,0.000000,1.000000
9260.000000,5.988981,1.016378,-0.136446,0.180454,0.000000,0.000000,0.000000,0.000000,0.000000,0.141977,0.203901,0.166240,-0.118067,0.917891,0.000000,0.000000,0.000000,65535.000000,0.000000,0.000000,5.988981,1.016378,5.988981,1.016378,0.000000,0.000000,1.000000
9270.000000,5.987482,1.018272,-0.149945,0.189382,0.000000,0.000000,0.000000,0.000000,0.000000,0.299425,0.226233,0.181888,-0.134529,3.093460,0.000000,0.000000,0.000000,65535.000000,0.000000,0.000000,5.987482,1.018272,5.987482,1.018272,0.000000,0.000000,1.000000
9280.000000,5.985914,1.020274,-0.156799,0.200198,0.000000,0.000000,0.000000,0.000000,0.000000,0.305638,0.241556,0.190842,-0.148083,3.052057,0.000000,0.000000,0.000000,65535.000000,0.000000,0.000000,5.985914,1.020274,5.985914,1.020274,0.000000,0.000000,1.000000
9290.000000,5.984330,1.022382,-0.158340,0.210742,0.000000,0.000000,0.000000,0.000000,0.000000,0.481310,0.254293,0.201574,-0.155026,2.961578,0.000000,0.000000,0.000000,65535.000000,0.000000,0.000000,5.984330,1.022382,5.984330,1.022382,0.000000,0.000000,1.000000
9300.000000,5.982596,1.024642,-0.173416,0.226053,0.000000,0.000000,0.000000,0.000000,0.000000,0.489523,0.263598,0.212088,-0.156533,2.538223,0.000000,0.000000,0.000000,65535.000000,0.000000,0.000000,5.982596,1.024642,5.982596,1.024642,0.000000,0.000000,1.000000
9310.000000,5.980697,1.027020,-0.189888,0.237762,0.000000,0.000000,0.000000,0.000000,0.000000,0.393019,0.284909,0.227704,-0.171243,2.324337,0.000000,0.000000,0.000000,65535.000000,0.000000,0.000000,5.980697,1.027020,5.980697,1.027020,0.000000,0.000000,1.000000
9320.000000,5.978717,1.029435,-0.198053,0.241563,0.000000,0.000000,0.000000,0.000000,0.000000,0.296740,0.304283,0.239908,-0.187168,1.637718,0.000000,0.000000,0.000000,65535.000000,0.000000,0.000000,5.978717,1.029435,5.978717,1.029435,0.000000,0.000000,1.000000
9330.000000,5.976798,1.031798,-0.191886,0.236228,0.000000,0.000000,0.000000,0.000000,0.000000,0.204903,0.312374,0.244131,-0.194879,1.007076,0.000000,0.000000,0.000000,65535.000000,0.000000,0.000000,5.976798,1.031798,5.976798,1.031798,0.000000,0.000000,1.000000
9340.000000,5.974853,1.034237,-0.194486,0.243967,0.000000,0.000000,0.000000,0.000000,0.000000,0.204903,0.304342,0.238873,-0.188584,0.997026,0.000000,0.000000,0.000000,65535.000000,0.000000,0.000000,5.974853,1.034237,5.974853,1.034237,0.000000,0.000000,1.000000
9350.000000,5.972766,1.036827,-0.208714,0.258947,0.000000,0.000000,0.000000,0.000000,0.000000,0.416500,0.312002,0.246766,-0.190923,2.387235,0.000000,0.000000,0.000000,65535.000000,0.000000,0.000000,5.972766,1.036827,5.972766,1.036827,0.000000,0.000000,1.000000
9360.000000,5.970521,1.039585,-0.224491,0.275864,0.000000,0.000000,0.000000,0.000000,0.000000,0.462033,0.332589,0.262080,-0.204766,2.831794,0.000000,0.000000,0.000000,65535.000000,0.000000,0.000000,5.970521,1.039585,5.970521,1.039585,0.000000,0.000000,1.000000
9370.000000,5.968279,1.042307,-0.224176,0.272116,0.000000,0.000000,0.000000,0.000000,0.000000,0.462033,0.355665,0.279334,-0.220158,2.753736,0.000000,0.000000,0.000000,65535.000000,0.000000,0.000000,5.968279,1.042307,5.968279,1.042307,0.000000,0.000000,1.000000
9380.000000,5.965970,1.045109,-0.230987,0.280215,0.000000,0.000000,0.000000,0.000000,0.000000,0.333606,0.352564,0.275535,-0.219959,2.594767,0.000000,0.000000,0.000000,65535.000000,0.000000,0.000000,5.965970,1.045109,5.965970,1.045109,0.000000,0.000000,1.000000
9390.000000,5.963510,1.048121,-0.245984,0.301198,0.000000,0.000000,0.000000,0.000000,0.000000,0.364964,0.363146,0.283670,-0.226730,2.753438,0.000000,0.000000,0.000000,65535.000000,0.000000,0.000000,5.963510,1.048121,5.963510,1.048121,0.000000,0.000000,1.000000
9400.000000,5.960885,1.051390,-0.262442,0.326936,0.000000,0.000000,0.000000,0.000000,0.000000,0.364964,0.388880,0.305021,-0.241227,2.679584,0.000000,0.000000,0.000000,65535.000000,0.000000,0.000000,5.960885,1.051390,5.960885,1.051390,0.000000,0.000000,1.000000
9410.000000,5.958279,1.054735,-0.260612,0.334495,0.000000,0.000000,0.000000,0.000000,0.000000,0.364964,0.419241,0.331215,-0.257020,2.609588,0.000000,0.000000,0.000000,65535.000000,0.000000,0.000000,5.958279,1.054735,5.958279,1.054735,0.000000,0.000000,1.000000
9420.000000,5.955620,1.058236,-0.265941,0.350106,0.000000,0.000000,0.000000,0.000000,0.000000,0.218475,0.424035,0.338793,-0.255000,0.910075,0.000000,0.000000,0.000000,65535.000000,0.000000,0.000000,5.955620,1.058236,5.955620,1.058236,0.000000,0.000000,1.000000
9430.000000,5.952793,1.061914,-0.282677,0.367801,0.000000,0.000000,0.000000,0.000000,0.000000,0.285634,0.439658,0.354568,-0.259963,1.176918,0.000000,0.000000,0.000000,65535.000000,0.000000,0.000000,5.952793,1.061914,5.952793,1.061914,0.000000,0.000000,1.000000
9440.000000,5.949863,1.065713,-0.293035,0.379927,0.000000,0.000000,0.000000,0.000000,0.000000,0.314103,0.463879,0.372759,-0.276106,1.647581,0.000000,0.000000,0.000000,65535.000000,0.000000,0.000000,5.949863,1.065713,5.949863,1.065713,0.000000,0.000000,1.000000
9450.000000,5.947008,1.069497,-0.285512,0.378418,0.000000,0.000000,0.000000,0.000000,0.000000,0.425763,0.479806,0.385237,-0.286019,3.443399,0.000000,0.000000,0.000000,65535.000000,0.000000,0.000000,5.947008,1.069497,5.947008,1.069497,0.000000,0.000000,1.000000
9460.000000,5.944106,1.073328,-0.290206,0.383026,0.000000,0.000000,0.000000,0.000000,0.000000,0.425763,0.474043,0.383739,-0.278319,3.328665,0.000000,0.000000,0.000000,65535.000000,0.000000,0.000000,5.944106,1.073328,5.944106,1.073328,0.000000,0.000000,1.000000
9470.000000,5.941148,1.077120,-0.295721,0.379251,0.000000,0.000000,0.000000,0.000000,0.000000,0.425763,0.480551,0.388707,-0.282552,3.221331,0.000000,0.000000,0.000000,65535.000000,0.000000,0.000000,5.941148,1.077120,5.941148,1.077120,0.000000,0.000000,1.000000
9480.000000,5.938164,1.080909,-0.298475,0.378891,0.000000,0.000000,0.000000,0.000000,0.000000,0.333604,0.480918,0.385215,-0.287908,2.156360,0.000000,0.000000,0.000000,65535.000000,0.000000,0.000000,5.938164,1.080909,5.938164,1.080909,0.000000,0.000000,1.000000
9490.000000,5.935137,1.084631,-0.302683,0.372153,0.000000,0.000000,0.000000,0.000000,0.000000,0.321001,0.482334,0.385034,-0.290508,1.919998,0.000000,0.000000,0.000000,65535.000000,0.000000,0.000000,5.935137,1.084631,5.935137,1.084631,0.000000,0.000000,1.000000
9500.000000,5.932005,1.088407,-0.313151,0.377587,0.000000,0.000000,0.000000,0.000000,0.000000,0.357422,0.479703,0.378380,-0.294861,1.809968,0.000000,0.000000,0.000000,65535.000000,0.000000,0.000000,5.932005,1.088407,5.932005,1.088407,0.000000,0.000000,1.000000
9510.000000,5.928736,1.092330,-0.326972,0.392339,0.000000,0.000000,0.000000,0.000000,0.000000,0.361723,0.490546,0.384109,-0.305116,1.304626,0.000000,0.000000,0.000000,65535.000000,0.000000,0.000000,5.928736,1.092330,5.928736,1.092330,0.000000,0.000000,1.000000
9520.000000,5.925269,1.096366,-0.346709,0.403623,0.000000,0.000000,0.000000,0.000000,0.000000,0.450063,0.510725,0.399402,-0.318306,1.726915,0.000000,0.000000,0.000000,65535.000000,0.000000,0.000000,5.925269,1.096366,5.925269,1.096366,0.000000,0.000000,1.000000
9530.000000,5.921764,1.100368,-0.350450,0.400151,0.000000,0.000000,0.000000,0.000000,0.000000,0.483495,0.532088,0.411409,-0.337433,1.833896,0.000000,0.000000,0.000000,65535.000000,0.000000,0.000000,5.921764,1.100368,5.921764,1.100368,0.000000,0.000000,1.000000
9540.000000,5.918215,1.104380,-0.354939,0.401194,0.000000,0.000000,0.000000,0.000000,0.000000,0.483495,0.531918,0.408314,-0.340905,1.800837,0.000000,0.000000,0.000000,65535.000000,0.000000,0.000000,5.918215,1.104380,5.918215,1.104380,0.000000,0.000000,1.000000
9550.000000,5.914709,1.108348,-0.350592,0.396844,0.000000,0.000000,0.000000,0.000000,0.000000,0.198593,0.535667,0.409684,-0.345105,0.768057,0.000000,0.000000,0.000000,65535.000000,0.000000,0.000000,5.914709,1.108348,5.914709,1.108348,0.000000,0.000000,1.000000
9560.000000,5.911173,1.112421,-0.353570,0.407281,0.000000,0.000000,0.000000,0.000000,0.000000,0.191393,0.529528,0.405292,-0.340791,0.736326,0.000000,0.000000,0.000000,65535.000000,0.000000,0.000000,5.911173,1.112421,5.911173,1.112421,0.000000,0.000000,1.000000
9570.000000,5.907713,1.116477,-0.346035,0.405571,0.000000,0.000000,0.000000,0.000000,0.000000,0.371747,0.539342,0.415680,-0.343656,1.979199,0.000000,0.000000,0.000000,65535.000000,0.000000,0.000000,5.907713,1.116477,5.907713,1.116477,0.000000,0.000000,1.000000
9580.000000,5.904223,1.120726,-0.349019,0.424977,0.000000,0.000000,0.000000,0.000000,0.000000,0.401410,0.533130,0.413553,-0.336455,2.165850,0.000000,0.000000,0.000000,65535.000000,0.000000,0.000000,5.904223,1.120726,5.904223,1.120726,0.000000,0.000000,1.000000
9590.000000,5.900705,1.125273,-0.351788,0.454617,0.000000,0.000000,0.000000,0.000000,0.000000,0.401410,0.549927,0.432528,-0.339615,2.119890,0.000000,0.000000,0.000000,65535.000000,0.000000,0.000000,5.900705,1.125273,5.900705,1.125273,0.000000,0.000000,1.000000
9600.000000,5.897107,1.129926,-0.359760,0.465308,0.000000,0.000000,0.000000,0.000000,0.000000,0.407572,0.574832,0.461843,-0.342245,2.273160,0.000000,0.000000,0.000000,65535.000000,0.000000,0.000000,5.897107,1.129926,5.897107,1.129926,0.000000,0.000000,1.000000
9610.000000,5.893526,1.134563,-0.358107,0.463776,0.000000,0.000000,0.000000,0.000000,0.000000,0.443729,0.588166,0.472646,-0.350064,2.280560,0.000000,0.000000,0.000000,65535.000000,0.000000,0.000000,5.893526,1.134563,5.893526,1.134563,0.000000,0.000000,1.000000
9620.000000,5.889863,1.139155,-0.366272,0.459131,0.000000,0.000000,0.000000,0.000000,0.000000,0.443729,0.585943,0.471429,-0.347971,2.229661,0.000000,0.000000,0.000000,65535.000000,0.000000,0.000000,5.889863,1.139155,5.889863,1.139155,0.000000,0.000000,1.000000
9630.000000,5.886105,1.143778,-0.375902,0.462319,0.000000,0.000000,0.000000,0.000000,0.000000,0.331069,0.587330,0.467410,-0.355647,1.415195,0.000000,0.000000,0.000000,65535.000000,0.000000,0.000000,5.886105,1.143778,5.886105,1.143778,0.000000,0.000000,1.000000
9640.000000,5.882245,1.148513,-0.385974,0.473490,0.000000,0.000000,0.000000,0.000000,0.000000,0.255198,0.595854,0.470830,-0.365185,1.205988,0.000000,0.000000,0.000000,65535.000000,0.000000,0.000000,5.882245,1.148513,5.882245,1.148513,0.000000,0.000000,1.000000
9650.000000,5.878468,1.153178,-0.377723,0.466536,0.000000,0.000000,0.000000,0.000000,0.000000,0.264908,0.610875,0.482090,-0.375177,1.052378,0.000000,0.000000,0.000000,65535.000000,0.000000,0.000000,5.878468,1.153178,5.878468,1.153178,0.000000,0.000000,1.000000
9660.000000,5.874664,1.157871,-0.380426,0.469269,0.000000,0.000000,0.000000,0.000000,0.000000,0.404906,0.600275,0.474610,-0.367527,0.994664,0.000000,0.000000,0.000000,65535.000000,0.000000,0.000000,5.874664,1.157871,5.874664,1.157871,0.000000,0.000000,1.000000
9670.000000,5.870706,1.162631,-0.395839,0.476008,0.000000,0.000000,0.000000,0.000000,0.000000,0.445850,0.604101,0.477214,-0.370411,0.984858,0.000000,0.000000,0.000000,65535.000000,0.000000,0.000000,5.870706,1.162631,5.870706,1.162631,0.000000,0.000000,1.000000
9680.000000,5.866584,1.167552,-0.412125,0.492146,0.000000,0.000000,0.000000,0.000000,0.000000,0.435046,0.619090,0.484047,-0.385968,0.815873,0.000000,0.000000,0.000000,65535.000000,0.000000,0.000000,5.866584,1.167552,5.866584,1.167552,0.000000,0.000000,1.000000
9690.000000,5.862346,1.172583,-0.423863,0.503053,0.000000,0.000000,0.000000,0.000000,0.000000,0.463208,0.641915,0.500672,-0.401724,1.378698,0.000000,0.000000,0.000000,65535.000000,0.000000,0.000000,5.862346,1.172583,5.862346,1.172583,0.000000,0.000000,1.000000
9700.000000,5.857953,1.177747,-0.439293,0.516363,0.000000,0.000000,0.000000,0.000000,0.000000,0.463208,0.657816,0.512189,-0.412776,1.359930,0.000000,0.000000,0.000000,65535.000000,0.000000,0.000000,5.857953,1.177747,5.857953,1.177747,0.000000,0.000000,1.000000
9710.000000,5.853528,1.182975,-0.442391,0.522827,0.000000,0.000000,0.000000,0.000000,0.000000,0.460432,0.677945,0.526457,-0.427145,1.328388,0.000000,0.000000,0.000000,65535.000000,0.000000,0.000000,5.853528,1.182975,5.853528,1.182975,0.000000,0.000000,1.000000
9720.000000,5.849009,1.188246,-0.452018,0.527156,0.000000,0.000000,0.000000,0.000000,0.000000,0.323310,0.684877,0.533255,-0.429763,0.660272,0.000000,0.000000,0.000000,65535.000000,0.000000,0.000000,5.849009,1.188246,5.849009,1.188246,0.000000,0.000000,1.000000
9730.000000,5.844526,1.193587,-0.448271,0.534066,0.000000,0.000000,0.000000,0.000000,0.000000,0.207155,0.694416,0.538083,-0.438953,0.102635,0.000000,0.000000,0.000000,65535.000000,0.000000,0.000000,5.844526,1.193587,5.844526,1.193587,0.000000,0.000000,1.000000
9740.000000,5.840096,1.198946,-0.442979,0.535903,0.000000,0.000000,0.000000,0.000000,0.000000,0.408594,0.697261,0.544973,-0.434946,1.074879,0.000000,0.000000,0.000000,65535.000000,0.000000,0.000000,5.840096,1.198946,5.840096,1.198946,0.000000,0.000000,1.000000
9750.000000,5.835785,1.204321,-0.431106,0.537516,0.000000,0.000000,0.000000,0.000000,0.000000,0.666622,0.695286,0.546586,-0.429728,2.294861,0.000000,0.000000,0.000000,65535.000000,0.000000,0.000000,5.835785,1.204321,5.835785,1.204321,0.000000,0.000000,1.000000
9760.000000,5.831478,1.209759,-0.430731,0.543783,0.000000,0.000000,0.000000,0.000000,0.000000,0.689290,0.689040,0.547577,-0.418253,2.347835,0.000000,0.000000,0.000000,65535.000000,0.000000,0.000000,5.831478,1.209759,5.831478,1.209759,0.000000,0.000000,1.000000
9770.000000,5.827118,1.215143,-0.435921,0.538361,0.000000,0.000000,0.000000,0.000000,0.000000,0.689290,0.693707,0.554073,-0.417411,2.293924,0.000000,0.000000,0.000000,65535.000000,0.000000,0.000000,5.827118,1.215143,5.827118,1.215143,0.000000,0.000000,1.000000
9780.000000,5.822500,1.220682,-0.461816,0.553930,0.000000,0.000000,0.000000,0.000000,0.000000,0.647572,0.692719,0.549557,-0.421719,2.050256,0.000000,0.000000,0.000000,65535.000000,0.000000,0.000000,5.822500,1.220682,5.822500,1.220682,0.000000,0.000000,1.000000
9790.000000,5.817769,1.226228,-0.473123,0.554606,0.000000,0.000000,0.000000,0.000000,0.000000,0.288079,0.721189,0.566411,-0.446421,0.373413,0.000000,0.000000,0.000000,65535.000000,0.000000,0.000000,5.817769,1.226228,5.817769,1.226228,0.000000,0.000000,1.000000
9800.000000,5.812984,1.231832,-0.478574,0.560410,0.000000,0.000000,0.000000,0.000000,0.000000,0.264204,0.728994,0.567600,-0.457453,0.262119,0.000000,0.000000,0.000000,65535.000000,0.000000,0.000000,5.812984,1.231832,5.812984,1.231832,0.000000,0.000000,1.000000
9810.000000,5.808151,1.237579,-0.483246,0.574675,0.000000,0.000000,0.000000,0.000000,0.000000,0.264204,0.736948,0.572910,-0.463537,0.261433,0.000000,0.000000,0.000000,65535.000000,0.000000,0.000000,5.808151,1.237579,5.808151,1.237579,0.000000,0.000000,1.000000
9820.000000,5.803239,1.243510,-0.491172,0.593121,0.000000,0.000000,0.000000,0.000000,0.000000,0.302051,0.750851,0.586638,-0.468651,0.394103,0.000000,0.000000,0.000000,65535.000000,0.000000,0.000000,5.803239,1.243510,5.803239,1.243510,0.000000,0.000000,1.000000
9830.000000,5.798326,1.249548,-0.491313,0.603810,0.000000,0.000000,0.000000,0.000000,0.000000,0.532703,0.770093,0.604880,-0.476616,1.525865,0.000000,0.000000,0.000000,65535.000000,0.000000,0.000000,5.798326,1.249548,5.798326,1.249548,0.000000,0.000000,1.000000
9840.000000,5.793422,1.255662,-0.490420,0.611418,0.000000,0.000000,0.000000,0.000000,0.000000,0.558630,0.778444,0.615427,-0.476681,3.111077,0.000000,0.000000,0.000000,65535.000000,0.000000,0.000000,5.793422,1.255662,5.793422,1.255662,0.000000,0.000000,1.000000
9850.000000,5.788549,1.261596,-0.487220,0.593386,0.000000,0.000000,0.000000,0.000000,0.000000,1.277737,0.783801,0.623211,-0.475343,7.215514,0.000000,0.000000,0.000000,65535.000000,0.000000,0.000000,5.788549,1.261596,5.788549,1.261596,0.000000,0.000000,1.000000
9860.000000,5.783434,1.267090,-0.511529,0.549348,0.000000,0.000000,0.000000,0.000000,0.000000,1.496141,0.767783,0.605747,-0.471764,8.111703,0.000000,0.000000,0.000000,65535.000000,0.000000,0.000000,5.783434,1.267090,5.783434,1.267090,0.000000,0.000000,1.000000
9870.000000,5.777960,1.272383,-0.547396,0.529326,0.000000,0.000000,0.000000,0.000000,0.000000,1.718367,0.750630,0.563620,-0.495760,9.962214,0.000000,0.000000,0.000000,65535.000000,0.000000,0.000000,5.777960,1.272383,5.777960,1.272383,0.000000,0.000000,1.000000
9880.000000,5.771990,1.277855,-0.597001,0.547147,0.000000,0.000000,0.000000,0.000000,0.000000,2.342848,0.761464,0.545605,-0.531172,9.423853,0.000000,0.000000,0.000000,65535.000000,0.000000,0.000000,5.771990,1.277855,5.771990,1.277855,0.000000,0.000000,1.000000
9890.000000,5.765479,1.283867,-0.651114,0.601202,0.000000,0.000000,0.000000,0.000000,0.000000,2.342848,0.809803,0.564639,-0.580486,8.611505,0.000000,0.000000,0.000000,65535.000000,0.000000,0.000000,5.765479,1.283867,5.765479,1.283867,0.000000,0.000000,1.000000
9900.000000,5.759349,1.289923,-0.612912,0.605672,0.000000,0.000000,0.000000,0.000000,0.000000,2.484431,0.830536,0.580251,-0.594222,7.877321,0.000000,0.000000,0.000000,65535.000000,0.000000,0.000000,5.759349,1.289923,5.759349,1.289923,0.000000,0.000000,1.000000
9910.000000,5.753360,1.296221,-0.598905,0.629732,0.000000,0.000000,0.000000,0.000000,0.000000,2.484431,0.873094,0.628437,-0.606102,4.814701,0.000000,0.000000,0.000000,65535.000000,0.000000,0.000000,5.753360,1.296221,5.753360,1.296221,0.000000,0.000000,1.000000
9920.000000,5.747702,1.302495,-0.565826,0.627417,0.000000,0.000000,0.000000,0.000000,0.000000,1.582938,0.895947,0.662602,-0.603057,3.331346,0.000000,0.000000,0.000000,65535.000000,0.000000,0.000000,5.747702,1.302495,5.747702,1.302495,0.000000,0.000000,1.000000
9930.000000,5.742395,1.308662,-0.530724,0.616739,0.000000,0.000000,0.000000,0.000000,0.000000,1.376456,0.879314,0.665262,-0.574995,3.623253,0.000000,0.000000,0.000000,65535.000000,0.000000,0.000000,5.742395,1.308662,5.742395,1.308662,0.000000,0.000000,1.000000
9940.000000,5.736872,1.315126,-0.552324,0.646361,0.000000,0.000000,0.000000,0.000000,0.000000,1.376456,0.861151,0.663623,-0.548804,3.496440,0.000000,0.000000,0.000000,65535.000000,0.000000,0.000000,5.736872,1.315126,5.736872,1.315126,0.000000,0.000000,1.000000
9950.000000,5.730598,1.322052,-0.627359,0.692603,0.000000,0.000000,0.000000,0.000000,0.000000,0.960166,0.884995,0.686170,-0.558916,2.766922,0.000000,0.000000,0.000000,65535.000000,0.000000,0.000000,5.730598,1.322052,5.730598,1.322052,0.000000,0.000000,1.000000
9960.000000,5.723916,1.329061,-0.668201,0.700942,0.000000,0.000000,0.000000,0.000000,0.000000,0.792441,0.937963,0.713752,-0.608549,1.225001,0.000000,0.000000,0.000000,65535.000000,0.000000,0.000000,5.723916,1.329061,5.723916,1.329061,0.000000,0.000000,1.000000
9970.000000,5.717336,1.335800,-0.657977,0.673892,0.000000,0.000000,0.000000,0.000000,0.000000,1.014753,0.968407,0.721529,-0.645917,1.468506,0.000000,0.000000,0.000000,65535.000000,0.000000,0.000000,5.717336,1.335800,5.717336,1.335800,0.000000,0.000000,1.000000
9980.000000,5.710808,1.342456,-0.652835,0.665547,0.000000,0.000000,0.000000,0.000000,0.000000,1.325265,0.941841,0.694246,-0.636465,2.134420,0.000000,0.000000,0.000000,65535.000000,0.000000,0.000000,5.710808,1.342456,5.710808,1.342456,0.000000,0.000000,1.000000
9990.000000,5.704082,1.349314,-0.672606,0.685798,0.000000,0.000000,0.000000,0.000000,0.000000,1.342747,0.932280,0.684691,-0.632729,2.089772,0.000000,0.000000,0.000000,65535.000000,0.000000,0.000000,5.704082,1.349314,5.704082,1.349314,0.000000,0.000000,1.000000
10000.000000,5.697183,1.356548,-0.689881,0.723475,0.000000,0.000000,0.000000,0.000000,0.000000,1.199084,0.960582,0.703685,-0.653870,3.025303,0.000000,0.000000,0.000000,65535.000000,0.000000,0.000000,5.697183,1.356548,5.697183,1.356548,0.000000,0.000000,1.000000
10010.000000,5.690228,1.363936,-0.695422,0.738728,0.000000,0.000000,0.000000,0.000000,0.000000,1.432386,1.007595,0.746096,-0.677191,3.165403,0.000000,0.000000,0.000000,65535.000000,0.000000,0.000000,5.690228,1.363936,5.690228,1.363936,0.000000,0.000000,1.000000
10020.000000,5.682714,1.371615,-0.751479,0.767959,0.000000,0.000000,0.000000,0.000000,0.000000,1.432386,1.039312,0.772791,-0.694956,3.068185,0.000000,0.000000,0.000000,65535.000000,0.000000,0.000000,5.682714,1.371615,5.682714,1.371615,0.000000,0.000000,1.000000
10030.000000,5.674336,1.379655,-0.837734,0.804002,0.000000,0.000000,0.000000,0.000000,0.000000,1.202134,1.125737,0.821240,-0.769967,2.960486,0.000000,0.000000,0.000000,65535.000000,0.000000,0.000000,5.674336,1.379655,5.674336,1.379655,0.000000,0.000000,1.000000
10040.000000,5.665419,1.387962,-0.891744,0.830661,0.000000,0.000000,0.000000,0.000000,0.000000,1.220832,1.256301,0.888278,-0.888399,2.996392,0.000000,0.000000,0.000000,65535.000000,0.000000,0.000000,5.665419,1.387962,5.665419,1.387962,0.000000,0.000000,1.000000
10050.000000,5.657035,1.396087,-0.838308,0.812507,0.000000,0.000000,0.000000,0.000000,0.000000,1.249658,1.363621,0.947759,-0.980416,2.909136,0.000000,0.000000,0.000000,65535.000000,0.000000,0.000000,5.657035,1.396087,5.657035,1.396087,0.000000,0.000000,1.000000
10060.000000,5.649075,1.403979,-0.796078,0.789208,0.000000,0.000000,0.000000,0.000000,0.000000,1.249658,1.340009,0.945680,-0.949376,2.020549,0.000000,0.000000,0.000000,65535.000000,0.000000,0.000000,5.649075,1.403979,5.649075,1.403979,0.000000,0.000000,1.000000
10070.000000,5.640820,1.411835,-0.825488,0.785597,0.000000,0.000000,0.000000,0.000000,0.000000,0.722125,1.289573,0.919542,-0.904124,0.391540,0.000000,0.000000,0.000000,65535.000000,0.000000,0.000000,5.640820,1.411835,5.640820,1.411835,0.000000,0.000000,1.000000
10080.000000,5.631473,1.420127,-0.934705,0.829189,0.000000,0.000000,0.000000,0.000000,0.000000,1.325869,1.280182,0.898914,-0.911493,1.692084,0.000000,0.000000,0.000000,65535.000000,0.000000,0.000000,5.631473,1.420127,5.631473,1.420127,0.000000,0.000000,1.000000
10090.000000,5.621916,1.428410,-0.955689,0.828253,0.000000,0.000000,0.000000,0.000000,0.000000,1.580431,1.346299,0.916344,-0.986324,1.677451,0.000000,0.000000,0.000000,65535.000000,0.000000,0.000000,5.621916,1.428410,5.621916,1.428410,0.000000,0.000000,1.000000
10100.000000,5.612578,1.436861,-0.933802,0.845168,1.000000,1.000000,1.000000,3.000000,2.000000,1.396363,1.376336,0.925737,-1.018485,1.855931,0.000000,0.000000,0.000000,65535.000000,0.000000,0.000000,5.612578,1.436861,5.612578,1.436861,0.000000,0.000000,1.000000
10110.000000,5.603396,1.445518,-0.918212,0.865667,1.000000,1.000000,1.000000,3.000000,2.000000,1.396363,1.425006,0.975338,-1.038921,1.822081,0.000000,0.000000,0.000000,65535.000000,5.612578,1.436861,5.603396,1.445518,5.603396,1.445518,0.250000,0.000000,1.000000
10120.000000,5.594129,1.454295,-0.926743,0.877729,1.000000,1.000000,1.000000,3.000000,2.000000,1.332938,1.461451,1.014298,-1.052158,1.995204,0.000000,0.000000,0.000000,65535.000000,5.612578,1.436861,5.594129,1.454295,5.594129,1.454295,0.250000,0.000000,1.000000
10130.000000,5.584696,1.462983,-0.943284,0.868751,1.000000,1.000000,1.000000,3.000000,2.000000,1.332938,1.500608,1.040837,-1.080965,1.956136,0.000000,0.000000,0.000000,65535.000000,5.612578,1.436861,5.584696,1.462983,5.584696,1.462983,0.250000,0.000000,1.000000
10140.000000,5.575212,1.471412,-0.948348,0.842963,1.000000,1.000000,1.000000,3.000000,2.000000,0.681373,1.522671,1.043392,-1.108991,1.107850,0.000000,0.000000,0.000000,65535.000000,5.612578,1.436861,5.575212,1.471412,5.575212,1.471412,0.250000,0.000000,1.000000
10150.000000,5.565660,1.479780,-0.955196,0.836781,1.000000,1.000000,1.000000,3.000000,2.000000,0.681373,1.535115,1.036456,-1.132403,1.095699,0.000000,0.000000,0.000000,65535.000000,5.612578,1.436861,5.565660,1.479780,5.565660,1.479780,0.250000,0.000000,1.000000
10160.000000,5.555760,1.488235,-0.990066,0.845513,1.000000,1.000000,1.000000,3.000000,2.000000,0.568719,1.557804,1.045283,-1.155049,0.648629,0.000000,0.000000,0.000000,65535.000000,5.612578,1.436861,5.555760,1.488235,5.555760,1.488235,0.250000,0.000000,1.000000
10170.000000,5.545403,1.496838,-1.035666,0.860306,1.000000,1.000000,1.000000,3.000000,2.000000,0.568719,1.558457,1.033038,-1.166886,0.644445,0.000000,0.000000,0.000000,65535.000000,5.612578,1.436861,5.545403,1.496838,5.545403,1.496838,0.250000,0.000000,1.000000
10180.000000,5.534811,1.505642,-1.059295,0.880322,1.000000,1.000000,1.000000,3.000000,2.000000,1.150578,1.559772,1.019631,-1.180357,0.728637,0.000000,0.000000,0.000000,65535.000000,5.612578,1.436861,5.534811,1.505642,5.534811,1.505642,0.250000,0.000000,1.000000
10190.000000,5.524055,1.514593,-1.075561,0.895107,1.000000,1.000000,1.000000,3.000000,2.000000,1.150578,1.573857,1.028409,-1.191386,1.553750,0.000000,0.000000,0.000000,65535.000000,5.612578,1.436861,5.524055,1.514593,5.524055,1.514593,0.250000,0.000000,1.000000
10200.000000,5.512619,1.523971,-1.143613,0.937830,1.000000,1.000000,1.000000,3.000000,2.000000,1.150578,1.586397,1.035762,-1.201604,2.032405,0.000000,0.000000,0.000000,65535.000000,5.612578,1.436861,5.512619,1.523971,5.512619,1.523971,0.250000,0.000000,1.000000
10210.000000,5.500263,1.533727,-1.235650,0.975646,1.000000,1.000000,1.000000,3.000000,2.000000,0.993838,1.636491,1.057941,-1.248545,1.991882,0.000000,0.000000,0.000000,65535.000000,5.612578,1.436861,5.500263,1.533727,5.500263,1.533727,0.250000,0.000000,1.000000
10220.000000,5.486993,1.543657,-1.326959,0.992962,0.000000,1.000000,0.000000,3.000000,2.000000,0.973305,1.681414,1.063708,-1.302182,1.969913,0.000000,0.000000,0.000000,65535.000000,5.612578,1.436861,5.486993,1.543657,5.486993,1.543657,0.250000,0.000000,1.000000
10230.000000,5.473455,1.553445,-1.353786,0.978800,0.000000,1.000000,0.000000,3.000000,2.000000,0.973305,1.701173,1.043696,-1.343386,1.931820,0.000000,0.000000,0.000000,65535.000000,5.612578,1.436861,5.473455,1.553445,5.473455,1.553445,0.250000,0.000000,1.000000
10240.000000,5.459971,1.563117,-1.348437,0.967184,0.000000,1.000000,0.000000,3.000000,2.000000,1.453988,1.712541,1.032063,-1.366618,2.575178,0.000000,0.000000,0.000000,65535.000000,5.612578,1.436861,5.459971,1.563117,5.459971,1.563117,0.250000,0.000000,1.000000
10250.000000,5.446785,1.572607,-1.318566,0.949002,0.000000,1.000000,0.000000,3.000000,2.000000,1.454922,1.712564,1.026883,-1.370543,2.510465,0.000000,0.000000,0.000000,65535.000000,5.612578,1.436861,5.446785,1.572607,5.446785,1.572607,0.250000,0.000000,1.000000
10260.000000,5.432824,1.582253,-1.396183,0.964630,0.000000,1.000000,0.000000,3.000000,2.000000,1.454922,1.673236,1.004076,-1.338488,2.448924,0.000000,0.000000,0.000000,65535.000000,5.612578,1.436861,5.432824,1.582253,5.432824,1.582253,0.250000,0.000000,1.000000
10270.000000,5.418380,1.591993,-1.444365,0.973999,0.000000,1.000000,0.000000,3.000000,2.000000,1.237174,1.705165,0.996614,-1.383600,1.024220,0.000000,0.000000,0.000000,65535.000000,5.612578,1.436861,5.418380,1.591993,5.418380,1.591993,0.250000,0.000000,1.000000
10280.000000,5.404248,1.601630,-1.413175,0.963640,0.000000,1.000000,0.000000,3.000000,2.000000,0.790843,1.726397,0.995304,-1.410609,0.165155,0.000000,0.000000,0.000000,65535.000000,5.612578,1.436861,5.404248,1.601630,5.404248,1.601630,0.250000,0.000000,1.000000
10290.000000,5.390411,1.611167,-1.383690,0.953708,0.000000,1.000000,0.000000,3.000000,2.000000,0.790843,1.738470,1.014127,-1.412028,0.164882,0.000000,0.000000,0.000000,65535.000000,5.612578,1.436861,5.390411,1.611167,5.390411,1.611167,0.250000,0.000000,1.000000
10300.000000,5.376078,1.621023,-1.433369,0.985647,0.000000,1.000000,0.000000,3.000000,2.000000,0.782960,1.742942,1.024376,-1.410142,0.149136,0.000000,0.000000,0.000000,65535.000000,5.612578,1.436861,5.376078,1.621023,5.376078,1.621023,0.250000,0.000000,1.000000
10310.000000,5.360822,1.631291,-1.525535,1.026819,0.000000,1.000000,0.000000,3.000000,2.000000,0.700972,1.788226,1.047024,-1.449652,-0.011687,0.000000,0.000000,0.000000,65535.000000,5.612578,1.436861,5.360822,1.631291,5.360822,1.631291,0.250000,0.000000,1.000000
10320.000000,5.345404,1.641548,-1.541872,1.025627,0.000000,1.000000,0.000000,3.000000,2.000000,0.931542,1.843372,1.063547,-1.505619,0.447222,0.000000,0.000000,0.000000,65535.000000,5.612578,1.436861,5.345404,1.641548,5.345404,1.641548,0.250000,0.000000,1.000000
10330.000000,5.330393,1.651489,-1.501030,0.994083,0.000000,1.000000,0.000000,3.000000,2.000000,1.419929,1.853627,1.065842,-1.516546,1.414942,0.000000,0.000000,0.000000,65535.000000,5.612578,1.436861,5.330393,1.651489,5.330393,1.651489,0.250000,0.000000,1.000000
10340.000000,5.315672,1.661247,-1.472095,0.975797,0.000000,1.000000,0.000000,3.000000,0.000000,1.927161,1.839057,1.057437,-1.504645,2.385958,0.000000,0.000000,0.000000,65535.000000,5.612578,1.436861,5.315672,1.661247,5.315672,1.661247,0.250000,0.000000,1.000000
10350.000000,5.300518,1.671391,-1.515478,1.014467,0.000000,1.000000,0.000000,3.000000,0.000000,2.123147,1.860386,1.072558,-1.520084,2.682752,0.000000,0.000000,0.000000,65535.000000,5.612578,1.436861,5.300518,1.671391,5.300518,1.671391,0.250000,0.000000,1.000000
10360.000000,5.284092,1.682287,-1.642555,1.089613,0.000000,1.000000,0.000000,3.000000,0.000000,2.123626,1.904138,1.100815,-1.553689,2.612593,0.000000,0.000000,0.000000,65535.000000,5.612578,1.436861,5.284092,1.682287,5.284092,1.682287,0.250000,0.000000,1.000000
10370.000000,5.266679,1.693495,-1.741291,1.120765,0.000000,1.000000,0.000000,3.000000,0.000000,2.123626,2.011077,1.153494,-1.647386,2.546009,0.000000,0.000000,0.000000,65535.000000,5.612578,1.436861,5.266679,1.693495,5.266679,1.693495,0.250000,0.000000,1.000000
10380.000000,5.248668,1.704951,-1.801075,1.145608,0.000000,1.000000,0.000000,3.000000,0.000000,2.064119,2.043711,1.148547,-1.690442,2.394042,0.000000,0.000000,0.000000,65535.000000,5.612578,1.436861,5.248668,1.704951,5.248668,1.704951,0.250000,0.000000,1.000000
10390.000000,5.231557,1.715749,-1.711109,1.079808,0.000000,1.000000,0.000000,3.000000,0.000000,1.727000,2.035416,1.134387,-1.689996,1.727688,0.000000,0.000000,0.000000,65535.000000,5.612578,1.436861,5.231557,1.715749,5.231557,1.715749,0.250000,0.000000,1.000000
10400.000000,5.215314,1.725947,-1.624304,1.019758,0.000000,1.000000,0.000000,3.000000,0.000000,1.051437,1.946551,1.083168,-1.617347,0.473832,0.000000,0.000000,0.000000,65535.000000,5.612578,1.436861,5.215314,1.725947,5.215314,1.725947,0.250000,0.000000,1.000000
10410.000000,5.199498,1.735916,-1.581640,0.996906,0.000000,1.000000,0.000000,3.000000,0.000000,0.369032,1.861390,1.032746,-1.548615,-0.781007,0.000000,0.000000,0.000000,65535.000000,5.612578,1.436861,5.199498,1.735916,5.199498,1.735916,0.250000,0.000000,1.000000
10420.000000,5.183584,1.745985,-1.591381,1.006884,0.000000,1.000000,0.000000,3.000000,0.000000,0.369032,1.807746,1.002442,-1.504346,-0.774948,0.000000,0.000000,0.000000,65535.000000,5.612578,1.436861,5.183584,1.745985,5.183584,1.745985,0.250000,0.000000,1.000000
10430.000000,5.167575,1.756075,-1.600837,1.009041,0.000000,1.000000,0.000000,3.000000,0.000000,1.099295,1.821748,1.012621,-1.514386,0.581700,0.000000,0.000000,0.000000,65535.000000,5.612578,1.436861,5.167575,1.756075,5.167575,1.756075,0.250000,0.000000,1.000000
10440.000000,5.151395,1.766287,-1.618056,1.021152,0.000000,1.000000,0.000000,3.000000,0.000000,1.360681,1.840551,1.022797,-1.530201,1.647753,0.000000,0.000000,0.000000,65535.000000,5.612578,1.436861,5.151395,1.766287,5.151395,1.766287,0.250000,0.000000,1.000000
10450.000000,5.135825,1.776260,-1.556999,0.997342,0.000000,1.000000,0.000000,3.000000,0.000000,1.360681,1.911539,1.068953,-1.584715,1.970587,0.000000,0.000000,0.000000,65535.000000,5.612578,1.436861,5.135825,1.776260,5.135825,1.776260,0.250000,0.000000,1.000000
10460.000000,5.120420,1.786187,-1.540405,0.992667,0.000000,1.000000,0.000000,3.000000,0.000000,1.331987,1.922057,1.090097,-1.583033,1.996751,0.000000,0.000000,0.000000,65535.000000,5.612578,1.436861,5.120420,1.786187,5.120420,1.786187,0.250000,0.000000,1.000000
10470.000000,5.104764,1.796216,-1.565648,1.002969,0.000000,1.000000,0.000000,3.000000,0.000000,1.255567,1.947797,1.110929,-1.599921,1.957623,0.000000,0.000000,0.000000,65535.000000,5.612578,1.436861,5.104764,1.796216,5.104764,1.796216,0.250000,0.000000,1.000000
10480.000000,5.088593,1.806399,-1.617123,1.018241,0.000000,1.000000,0.000000,3.000000,0.000000,1.758083,1.976070,1.123721,-1.625455,2.862217,0.000000,0.000000,0.000000,65535.000000,5.612578,1.436861,5.088593,1.806399,5.088593,1.806399,0.250000,0.000000,1.000000
10490.000000,5.072630,1.816440,-1.596207,1.004124,0.000000,1.000000,0.000000,3.000000,0.000000,1.758083,2.017260,1.135500,-1.667326,3.032254,0.000000,0.000000,0.000000,65535.000000,5.612578,1.436861,5.072630,1.816440,5.072630,1.816440,0.250000,0.000000,1.000000
10500.000000,5.056646,1.826754,-1.598386,1.031437,0.000000,1.000000,0.000000,3.000000,0.000000,1.916368,2.019462,1.140116,-1.666842,3.332909,0.000000,0.000000,0.000000,65535.000000,5.612578,1.436861,5.056646,1.826754,5.056646,1.826754,0.250000,0.000000,1.000000
10510.000000,5.040572,1.837230,-1.607411,1.047587,0.000000,1.000000,0.000000,3.000000,0.000000,2.113966,2.066195,1.184821,-1.692737,4.293439,0.000000,0.000000,0.000000,65535.000000,5.612578,1.436861,5.040572,1.837230,5.040572,1.837230,0.250000,0.000000,1.000000
10520.000000,5.024260,1.848072,-1.631252,1.084151,0.000000,1.000000,0.000000,3.000000,0.000000,2.168531,2.137665,1.232551,-1.746548,4.116522,0.000000,0.000000,0.000000,65535.000000,5.612578,1.436861,5.024260,1.848072,5.024260,1.848072,0.250000,0.000000,1.000000
10530.000000,5.007922,1.859182,-1.633727,1.110994,0.000000,1.000000,0.000000,3.000000,0.000000,2.168531,2.231473,1.300458,-1.813363,3.953608,0.000000,0.000000,0.000000,65535.000000,5.612578,1.436861,5.007922,1.859182,5.007922,1.859182,0.250000,0.000000,1.000000
10540.000000,4.991711,1.870270,-1.621114,1.108788,0.000000,1.000000,0.000000,3.000000,0.000000,1.813891,2.240367,1.319908,-1.810272,2.766490,0.000000,0.000000,0.000000,65535.000000,5.612578,1.436861,4.991711,1.870270,4.991711,1.870270,0.250000,0.000000,1.000000
10550.000000,4.975651,1.881018,-1.605972,1.074802,0.000000,1.000000,0.000000,3.000000,0.000000,1.277958,2.199094,1.297830,-1.775289,1.151166,0.000000,0.000000,0.000000,65535.000000,5.612578,1.436861,4.975651,1.881018,4.975651,1.881018,0.250000,0.000000,1.000000
10560.000000,4.959393,1.891387,-1.625895,1.036904,0.000000,1.000000,0.000000,3.000000,0.000000,0.522215,2.135805,1.242403,-1.737267,-0.697784,0.000000,0.000000,0.000000,65535.000000,5.612578,1.436861,4.959393,1.891387,4.959393,1.891387,0.250000,0.000000,1.000000
10570.000000,4.943042,1.901412,-1.635055,1.002494,0.000000,1.000000,0.000000,3.000000,0.000000,0.493349,2.096874,1.182202,-1.731843,-0.733732,0.000000,0.000000,0.000000,65535.000000,5.612578,1.436861,4.943042,1.901412,4.943042,1.901412,0.250000,0.000000,1.000000
10580.000000,4.926335,1.911485,-1.670694,1.007289,0.000000,1.000000,0.000000,3.000000,0.000000,0.770684,2.021027,1.105330,-1.691980,-0.305534,0.000000,0.000000,0.000000,65535.000000,5.612578,1.436861,4.926335,1.911485,4.926335,1.911485,0.250000,0.000000,1.000000
10590.000000,4.909558,1.921553,-1.677718,1.006862,0.000000,1.000000,0.000000,3.000000,0.000000,0.862074,2.009410,1.082337,-1.693008,-0.163169,0.000000,0.000000,0.000000,65535.000000,5.612578,1.436861,4.909558,1.921553,4.909558,1.921553,0.250000,0.000000,1.000000
10600.000000,4.892831,1.931517,-1.672694,0.996383,0.000000,1.000000,0.000000,3.000000,0.000000,0.930932,1.983263,1.059714,-1.676407,-0.059313,0.000000,0.000000,0.000000,65535.000000,5.612578,1.436861,4.892831,1.931517,4.892831,1.931517,0.250000,0.000000,1.000000
10610.000000,4.876147,1.941460,-1.668339,0.994275,0.000000,1.000000,0.000000,3.000000,0.000000,0.930932,1.973534,1.047787,-1.672417,-0.059278,0.000000,0.000000,0.000000,65535.000000,5.612578,1.436861,4.876147,1.941460,4.876147,1.941460,0.250000,0.000000,1.000000
10620.000000,4.859111,1.951401,-1.703586,0.994082,0.000000,1.000000,0.000000,3.000000,0.000000,0.905231,1.950078,1.033920,-1.653425,-0.097986,0.000000,0.000000,0.000000,65535.000000,5.612578,1.436861,4.859111,1.951401,4.859111,1.951401,0.250000,0.000000,1.000000
10630.000000,4.841531,1.961298,-1.758036,0.989770,0.000000,1.000000,0.000000,3.000000,0.000000,0.819188,1.939162,1.009705,-1.655549,-0.235454,0.000000,0.000000,0.000000,65535.000000,5.612578,1.436861,4.841531,1.961298,4.841531,1.961298,0.250000,0.000000,1.000000
10640.000000,4.823558,1.971161,-1.797283,0.986270,0.000000,1.000000,0.000000,3.000000,0.000000,0.811670,1.957316,0.992220,-1.687182,-0.247017,0.000000,0.000000,0.000000,65535.000000,5.612578,1.436861,4.823558,1.971161,4.823558,1.971161,0.250000,0.000000,1.000000
10650.000000,4.805318,1.981128,-1.823929,0.996735,0.000000,1.000000,0.000000,3.000000,0.000000,0.698595,1.949491,0.964474,-1.694198,0.176921,0.000000,0.000000,0.000000,65535.000000,5.612578,1.436861,4.805318,1.981128,4.805318,1.981128,0.250000,0.000000,1.000000
10660.000000,4.787466,1.991295,-1.785220,1.016658,0.000000,1.000000,0.000000,3.000000,0.000000,0.698595,1.961342,0.965102,-1.707466,0.176608,0.000000,0.000000,0.000000,65535.000000,5.612578,1.436861,4.787466,1.991295,4.787466,1.991295,0.250000,0.000000,1.000000
10670.000000,4.769755,2.001703,-1.771110,1.040839,0.000000,1.000000,0.000000,3.000000,0.000000,0.691126,1.944161,0.987078,-1.674945,0.176297,0.000000,0.000000,0.000000,65535.000000,5.612578,1.436861,4.769755,2.001703,4.769755,2.001703,0.250000,0.000000,1.000000
10680.000000,4.751647,2.012424,-1.810746,1.072029,0.000000,1.000000,0.000000,3.000000,0.000000,0.632313,1.923217,0.994683,-1.646016,0.127900,0.000000,0.000000,0.000000,65535.000000,5.612578,1.436861,4.751647,2.012424,4.751647,2.012424,0.250000,0.000000,1.000000
10690.000000,4.733796,2.022966,-1.785191,1.054282,0.000000,1.000000,0.000000,3.000000,0.000000,0.632313,1.982817,1.032064,-1.693047,0.127737,0.000000,0.000000,0.000000,65535.000000,5.612578,1.436861,4.733796,2.022966,4.733796,2.022966,0.250000,0.000000,1.000000
10700.000000,4.716197,2.033415,-1.759901,1.044897,0.000000,1.000000,0.000000,3.000000,0.000000,0.615952,1.979159,1.030809,-1.689527,-0.123060,0.000000,0.000000,0.000000,65535.000000,5.612578,1.436861,4.716197,2.033415,4.716197,2.033415,0.250000,0.000000,1.000000
10710.000000,4.699186,2.043994,-1.701055,1.057866,0.000000,1.000000,0.000000,3.000000,0.000000,0.615952,1.996341,1.050320,-1.697706,-0.122908,0.000000,0.000000,0.000000,65535.000000,5.612578,1.436861,4.699186,2.043994,4.699186,2.043994,0.250000,0.000000,1.000000
10720.000000,4.682609,2.054734,-1.657657,1.073948,0.000000,1.000000,0.000000,3.000000,0.000000,0.439940,1.988926,1.087161,-1.665505,-0.576575,0.000000,0.000000,0.000000,65535.000000,5.612578,1.436861,4.682609,2.054734,4.682609,2.054734,0.250000,0.000000,1.000000
10730.000000,4.666170,2.065399,-1.643893,1.066545,0.000000,1.000000,0.000000,3.000000,0.000000,0.492552,1.974815,1.113052,-1.631259,-0.256361,0.000000,0.000000,0.000000,65535.000000,5.612578,1.436861,4.666170,2.065399,4.666170,2.065399,0.250000,0.000000,1.000000
10740.000000,4.649299,2.076145,-1.687102,1.074607,0.000000,1.000000,0.000000,3.000000,0.000000,0.589260,1.980951,1.122407,-1.632290,0.024638,0.000000,0.000000,0.000000,65535.000000,5.612578,1.436861,4.649299,2.076145,4.649299,2.076145,0.250000,0.000000,1.000000
10750.000000,4.632130,2.087108,-1.716922,1.096337,0.000000,1.000000,0.000000,3.000000,0.000000,0.589260,2.011512,1.126189,-1.666697,0.024632,0.000000,0.000000,0.000000,65535.000000,5.612578,1.436861,4.632130,2.087108,4.632130,2.087108,0.250000,0.000000,1.000000
10760.000000,4.614888,2.098276,-1.724254,1.116724,0.000000,1.000000,0.000000,3.000000,0.000000,0.582631,2.029938,1.137015,-1.681620,-0.161505,0.000000,0.000000,0.000000,65535.000000,5.612578,1.436861,4.614888,2.098276,4.614888,2.098276,0.250000,0.000000,1.000000
10770.000000,4.598016,2.109427,-1.687155,1.115114,0.000000,1.000000,0.000000,3.000000,0.000000,0.726611,2.043323,1.155439,-1.685268,-0.464090,0.000000,0.000000,0.000000,65535.000000,5.612578,1.436861,4.598016,2.109427,4.598016,2.109427,0.250000,0.000000,1.000000
10780.000000,4.581022,2.120611,-1.699426,1.118441,0.000000,1.000000,0.000000,3.000000,0.000000,0.726611,1.999648,1.143199,-1.640637,-0.461945,0.000000,0.000000,0.000000,65535.000000,5.612578,1.436861,4.581022,2.120611,4.581022,2.120611,0.250000,0.000000,1.000000
10790.000000,4.563682,2.131723,-1.733967,1.111198,0.000000,1.000000,0.000000,3.000000,0.000000,0.895596,2.019560,1.150077,-1.660105,-0.483207,0.000000,0.000000,0.000000,65535.000000,5.612578,1.436861,4.563682,2.131723,4.563682,2.131723,0.250000,0.000000,1.000000
10800.000000,4.546407,2.142610,-1.727469,1.088683,0.000000,1.000000,0.000000,3.000000,0.000000,0.819544,2.042851,1.140561,-1.694804,0.239454,0.000000,0.000000,0.000000,65535.000000,5.612578,1.436861,4.546407,2.142610,4.546407,2.142610,0.250000,0.000000,1.000000
10810.000000,4.529602,2.153331,-1.680582,1.072063,0.000000,1.000000,0.000000,3.000000,0.000000,0.819544,2.036397,1.124904,-1.697499,0.238882,0.000000,0.000000,0.000000,65535.000000,5.612578,1.436861,4.529602,2.153331,4.529602,2.153331,0.250000,0.000000,1.000000
10820.000000,4.512902,2.164131,-1.669953,1.080026,0.000000,1.000000,0.000000,3.000000,0.000000,0.819544,2.006887,1.119871,-1.665379,0.231994,0.000000,0.000000,0.000000,65535.000000,5.612578,1.436861,4.512902,2.164131,4.512902,2.164131,0.250000,0.000000,1.000000
10830.000000,4.496089,2.174841,-1.681324,1.070996,0.000000,1.000000,0.000000,3.000000,0.000000,0.498021,1.997053,1.123323,-1.651171,-0.392124,0.000000,0.000000,0.000000,65535.000000,5.612578,1.436861,4.496089,2.174841,4.496089,2.174841,0.250000,0.000000,1.000000
10840.000000,4.478707,2.185615,-1.738222,1.077401,0.000000,1.000000,0.000000,3.000000,0.000000,0.568151,2.016342,1.124788,-1.673465,-0.390591,0.000000,0.000000,0.000000,65535.000000,5.612578,1.436861,4.478707,2.185615,4.478707,2.185615,0.250000,0.000000,1.000000
10850.000000,4.461613,2.196218,-1.709381,1.060330,0.000000,1.000000,0.000000,3.000000,0.000000,0.696036,2.063738,1.129613,-1.727133,0.132556,0.000000,0.000000,0.000000,65535.000000,5.612578,1.436861,4.461613,2.196218,4.461613,2.196218,0.250000,0.000000,1.000000
10860.000000,4.444719,2.206845,-1.689446,1.062627,0.000000,1.000000,0.000000,3.000000,0.000000,0.696036,2.010862,1.098555,-1.684263,0.135402,0.000000,0.000000,0.000000,65535.000000,5.612578,1.436861,4.444719,2.206845,4.444719,2.206845,0.250000,0.000000,1.000000
10870.000000,4.427727,2.217549,-1.699159,1.070467,0.000000,1.000000,0.000000,3.000000,0.000000,0.696036,1.978588,1.089299,-1.651738,0.135219,0.000000,0.000000,0.000000,65535.000000,5.612578,1.436861,4.427727,2.217549,4.427727,2.217549,0.250000,0.000000,1.000000
10880.000000,4.410148,2.228292,-1.757915,1.074257,0.000000,1.000000,0.000000,3.000000,0.000000,0.563265,1.963965,1.078382,-1.641417,-0.040540,0.000000,0.000000,0.000000,65535.000000,5.612578,1.436861,4.410148,2.228292,4.410148,2.228292,0.250000,0.000000,1.000000
10890.000000,4.392599,2.238636,-1.754935,1.034456,0.000000,1.000000,0.000000,3.000000,0.000000,0.408558,2.024654,1.088035,-1.707455,-0.716976,0.000000,0.000000,0.000000,65535.000000,5.612578,1.436861,4.392599,2.238636,4.392599,2.238636,0.250000,0.000000,1.000000
10900.000000,4.375273,2.249009,-1.732606,1.037262,0.000000,1.000000,0.000000,3.000000,0.000000,0.408558,2.012608,1.053399,-1.714917,-0.711867,0.000000,0.000000,0.000000,65535.000000,5.612578,1.436861,4.375273,2.249009,4.375273,2.249009,0.250000,0.000000,1.000000
10910.000000,4.358589,2.259152,-1.668412,1.014336,0.000000,1.000000,0.000000,3.000000,0.000000,1.112654,2.010808,1.064845,-1.705712,1.756431,0.000000,0.000000,0.000000,65535.000000,5.612578,1.436861,4.358589,2.259152,4.358589,2.259152,0.250000,0.000000,1.000000
10920.000000,4.341944,2.269077,-1.664497,0.992491,0.000000,1.000000,0.000000,3.000000,0.000000,1.112654,1.990199,1.071218,-1.677315,1.726083,0.000000,0.000000,0.000000,65535.000000,5.612578,1.436861,4.341944,2.269077,4.341944,2.269077,0.250000,0.000000,1.000000
10930.000000,4.324765,2.279287,-1.717844,1.020971,0.000000,1.000000,0.000000,3.000000,0.000000,1.112654,1.981499,1.054196,-1.677800,1.696766,0.000000,0.000000,0.000000,65535.000000,5.612578,1.436861,4.324765,2.279287,4.324765,2.279287,0.250000,0.000000,1.000000
10940.000000,4.307066,2.289259,-1.769900,0.997214,0.000000,1.000000,0.000000,3.000000,0.000000,1.110648,1.998341,1.056829,-1.696019,1.231439,0.000000,0.000000,0.000000,65535.000000,5.612578,1.436861,4.307066,2.289259,4.307066,2.289259,0.250000,0.000000,1.000000
10950.000000,4.289258,2.299058,-1.780899,0.979892,0.000000,1.000000,0.000000,3.000000,0.000000,1.110648,2.031497,1.038818,-1.745806,1.216445,0.000000,0.000000,0.000000,65535.000000,5.612578,1.436861,4.289258,2.299058,4.289258,2.299058,0.250000,0.000000,1.000000
10960.000000,4.271601,2.309061,-1.765639,1.000275,0.000000,1.000000,0.000000,3.000000,0.000000,1.110648,2.032680,1.023180,-1.756385,1.201811,0.000000,0.000000,0.000000,65535.000000,5.612578,1.436861,4.271601,2.309061,4.271601,2.309061,0.250000,0.000000,1.000000
10970.000000,4.254656,2.318732,-1.694538,0.967062,0.000000,1.000000,0.000000,3.000000,0.000000,0.650066,2.029293,1.041711,-1.741513,-0.142408,0.000000,0.000000,0.000000,65535.000000,5.612578,1.436861,4.254656,2.318732,4.254656,2.318732,0.250000,0.000000,1.000000
10980.000000,4.237539,2.328113,-1.711694,0.938157,0.000000,1.000000,0.000000,3.000000,0.000000,0.650066,1.951068,1.005983,-1.671725,-0.142205,0.000000,0.000000,0.000000,65535.000000,5.612578,1.436861,4.237539,2.328113,4.237539,2.328113,0.250000,0.000000,1.000000
10990.000000,4.220135,2.337042,-1.740368,0.892858,0.000000,1.000000,0.000000,3.000000,0.000000,0.735705,1.951931,0.977504,-1.689532,0.149750,0.000000,0.000000,0.000000,65535.000000,5.612578,1.436861,4.220135,2.337042,4.220135,2.337042,0.250000,0.000000,1.000000
11000.000000,4.202612,2.345546,-1.752270,0.850460,0.000000,1.000000,0.000000,3.000000,0.000000,1.019324,1.956035,0.933194,-1.719076,0.149526,0.000000,0.000000,0.000000,65535.000000,5.612578,1.436861,4.202612,2.345546,4.202612,2.345546,0.250000,0.000000,1.000000
11010.000000,4.184898,2.354110,-1.771380,0.856352,0.000000,1.000000,0.000000,3.000000,0.000000,1.019324,1.947751,0.891595,-1.731702,0.149303,0.000000,0.000000,0.000000,65535.000000,5.612578,1.436861,4.184898,2.354110,4.184898,2.354110,0.250000,0.000000,1.000000
11020.000000,4.167310,2.362416,-1.758867,0.830545,0.000000,1.000000,0.000000,3.000000,0.000000,0.795182,1.927370,0.868016,-1.720844,-0.865582,0.000000,0.000000,0.000000,65535.000000,5.612578,1.436861,4.167310,2.362416,4.167310,2.362416,0.250000,0.000000,1.000000
11030.000000,4.149788,2.370474,-1.752127,0.805821,0.000000,1.000000,0.000000,3.000000,0.000000,0.913640,1.910529,0.845033,-1.713487,0.658313,0.000000,0.000000,0.000000,65535.000000,5.612578,1.436861,4.149788,2.370474,4.149788,2.370474,0.250000,0.000000,1.000000
11040.000000,4.131856,2.378332,-1.793253,0.785838,0.000000,1.000000,0.000000,3.000000,0.000000,0.913640,1.910995,0.834193,-1.719310,0.654003,0.000000,0.000000,0.000000,65535.000000,5.612578,1.436861,4.131856,2.378332,4.131856,2.378332,0.250000,0.000000,1.000000
11050.000000,4.114244,2.385921,-1.761148,0.758915,0.000000,1.000000,0.000000,3.000000,0.000000,0.913640,1.963387,0.832770,-1.778028,0.874137,0.000000,0.000000,0.000000,65535.000000,5.612578,1.436861,4.114244,2.385921,4.114244,2.385921,0.250000,0.000000,1.000000
11060.000000,4.096745,2.393742,-1.749916,0.782039,0.000000,1.000000,0.000000,3.000000,0.000000,0.977988,1.921078,0.803111,-1.745152,0.866555,0.000000,0.000000,0.000000,65535.000000,5.612578,1.436861,4.096745,2.393742,4.096745,2.393742,0.250000,0.000000,1.000000
11070.000000,4.079417,2.402048,-1.732808,0.830674,0.000000,1.000000,0.000000,3.000000,0.000000,0.979294,1.916714,0.824154,-1.730480,0.314780,0.000000,0.000000,0.000000,65535.000000,5.612578,1.436861,4.079417,2.402048,4.079417,2.402048,0.250000,0.000000,1.000000
11080.000000,4.062060,2.410617,-1.735679,0.856881,0.000000,1.000000,0.000000,3.000000,0.000000,0.743304,1.921625,0.871749,-1.712511,-0.541402,0.000000,0.000000,0.000000,65535.000000,5.612578,1.436861,4.062060,2.410617,4.062060,2.410617,0.250000,0.000000,1.000000
11090.000000,4.044824,2.419364,-1.723640,0.874667,0.000000,1.000000,0.000000,3.000000,0.000000,0.620357,1.935672,0.897047,-1.715264,-0.821447,0.000000,0.000000,0.000000,65535.000000,5.612578,1.436861,4.044824,2.419364,4.044824,2.419364,0.250000,0.000000,1.000000
11100.000000,4.027628,2.428172,-1.719624,0.880845,0.000000,1.000000,0.000000,3.000000,0.000000,0.620357,1.932867,0.913889,-1.703169,-0.814748,0.000000,0.000000,0.000000,65535.000000,5.612578,1.436861,4.027628,2.428172,4.027628,2.428172,0.250000,0.000000,1.000000
11110.000000,4.010349,2.436728,-1.727865,0.855634,0.000000,1.000000,0.000000,3.000000,0.000000,0.574361,1.932096,0.919650,-1.699188,-0.851150,0.000000,0.000000,0.000000,65535.000000,5.612578,1.436861,4.010349,2.436728,4.010349,2.436728,0.250000,0.000000,1.000000
11120.000000,3.992671,2.445046,-1.767796,0.831750,0.000000,1.000000,0.000000,3.000000,0.000000,0.574361,1.928115,0.893746,-1.708462,-0.843960,0.000000,0.000000,0.000000,65535.000000,5.612578,1.436861,3.992671,2.445046,3.992671,2.445046,0.250000,0.000000,1.000000
11130.000000,3.974922,2.453024,-1.774933,0.797816,0.000000,1.000000,0.000000,3.000000,0.000000,0.570526,1.971855,0.884384,-1.762406,-0.861642,0.000000,0.000000,0.000000,65535.000000,5.612578,1.436861,3.974922,2.453024,3.974922,2.453024,0.250000,0.000000,1.000000
11140.000000,3.957301,2.460799,-1.762097,0.777487,0.000000,1.000000,0.000000,3.000000,0.000000,0.504676,1.958896,0.847886,-1.765889,-1.035367,0.000000,0.000000,0.000000,65535.000000,5.612578,1.436861,3.957301,2.460799,3.957301,2.460799,0.250000,0.000000,1.000000
11150.000000,3.939743,2.468459,-1.755761,0.765981,0.000000,1.000000,0.000000,3.000000,0.000000,0.552544,1.948340,0.833328,-1.761135,-0.878982,0.000000,0.000000,0.000000,65535.000000,5.612578,1.436861,3.939743,2.468459,3.939743,2.468459,0.250000,0.000000,1.000000
11160.000000,3.922043,2.475887,-1.770013,0.742822,0.000000,1.000000,0.000000,3.000000,0.000000,0.869835,1.949106,0.829622,-1.763729,-0.114739,0.000000,0.000000,0.000000,65535.000000,5.612578,1.436861,3.922043,2.475887,3.922043,2.475887,0.250000,0.000000,1.000000
11170.000000,3.904030,2.483215,-1.801287,0.732762,0.000000,1.000000,0.000000,3.000000,0.000000,0.753770,1.960708,0.813609,-1.783933,-0.114607,0.000000,0.000000,0.000000,65535.000000,5.612578,1.436861,3.904030,2.483215,3.904030,2.483215,0.250000,0.000000,1.000000
11180.000000,3.885717,2.490344,-1.831291,0.712923,0.000000,1.000000,0.000000,3.000000,0.000000,1.005693,1.944628,0.775644,-1.783242,1.422912,0.000000,0.000000,0.000000,65535.000000,5.612578,1.436861,3.885717,2.490344,3.885717,2.490344,0.250000,0.000000,1.000000
11190.000000,3.867497,2.497420,-1.822029,0.707624,0.000000,1.000000,0.000000,3.000000,0.000000,1.250818,1.965168,0.759530,-1.812457,1.467505,0.000000,0.000000,0.000000,65535.000000,5.612578,1.436861,3.867497,2.497420,3.867497,2.497420,0.250000,0.000000,1.000000
11200.000000,3.849607,2.504214,-1.789012,0.679410,0.000000,1.000000,0.000000,3.000000,0.000000,1.250818,1.927467,0.735897,-1.781456,1.497656,0.000000,0.000000,0.000000,65535.000000,5.612578,1.436861,3.849607,2.504214,3.849607,2.504214,0.250000,0.000000,1.000000
11210.000000,3.832074,2.510812,-1.753252,0.659741,0.000000,1.000000,0.000000,3.000000,0.000000,1.250818,1.920964,0.729892,-1.776896,2.152249,0.000000,0.000000,0.000000,65535.000000,5.612578,1.436861,3.832074,2.510812,3.832074,2.510812,0.250000,0.000000,1.000000
11220.000000,3.814255,2.517247,-1.781993,0.643504,0.000000,1.000000,0.000000,3.000000,0.000000,1.229269,1.910319,0.728821,-1.765825,2.106858,0.000000,0.000000,0.000000,65535.000000,5.612578,1.436861,3.814255,2.517247,3.814255,2.517247,0.250000,0.000000,1.000000
11230.000000,3.795871,2.523311,-1.838382,0.606453,0.000000,1.000000,0.000000,3.000000,0.000000,1.487798,1.912672,0.700686,-1.779706,2.794754,0.000000,0.000000,0.000000,65535.000000,5.612578,1.436861,3.795871,2.523311,3.795871,2.523311,0.250000,0.000000,1.000000
11240.000000,3.777033,2.529061,-1.883814,0.575002,0.000000,1.000000,0.000000,3.000000,0.000000,1.487798,1.935829,0.655933,-1.821314,2.718697,0.000000,0.000000,0.000000,65535.000000,5.612578,1.436861,3.777033,2.529061,3.777033,2.529061,0.250000,0.000000,1.000000
11250.000000,3.758621,2.534520,-1.841153,0.545831,0.000000,1.000000,0.000000,3.000000,0.000000,1.487798,1.969614,0.625838,-1.867541,2.609390,0.000000,0.000000,0.000000,65535.000000,5.612578,1.436861,3.758621,2.534520,3.758621,2.534520,0.250000,0.000000,1.000000
11260.000000,3.739982,2.540147,-1.863872,0.562687,0.000000,1.000000,0.000000,3.000000,0.000000,1.619109,1.920359,0.593620,-1.826306,1.674669,0.000000,0.000000,0.000000,65535.000000,5.612578,1.436861,3.739982,2.540147,3.739982,2.540147,0.250000,0.000000,1.000000
11270.000000,3.720871,2.545830,-1.911117,0.568394,0.000000,1.000000,0.000000,3.000000,0.000000,1.611858,1.923716,0.595429,-1.829248,1.647058,0.000000,0.000000,0.000000,65535.000000,5.612578,1.436861,3.720871,2.545830,3.720871,2.545830,0.250000,0.000000,1.000000
11280.000000,3.701365,2.551450,-1.950601,0.561928,0.000000,1.000000,0.000000,3.000000,0.000000,1.410792,1.950481,0.589342,-1.859315,1.593278,0.000000,0.000000,0.000000,65535.000000,5.612578,1.436861,3.701365,2.551450,3.701365,2.551450,0.250000,0.000000,1.000000
11290.000000,3.682321,2.556828,-1.904442,0.537864,0.000000,1.000000,0.000000,3.000000,0.000000,1.364853,1.976129,0.576446,-1.890184,1.537046,0.000000,0.000000,0.000000,65535.000000,5.612578,1.436861,3.682321,2.556828,3.682321,2.556828,0.250000,0.000000,1.000000
11300.000000,3.663813,2.562129,-1.850790,0.530043,0.000000,1.000000,0.000000,3.000000,0.000000,1.311776,1.949371,0.567219,-1.865023,1.009176,0.000000,0.000000,0.000000,65535.000000,5.612578,1.436861,3.663813,2.562129,3.663813,2.562129,0.250000,0.000000,1.000000
11310.000000,3.645720,2.567657,-1.809280,0.552787,0.000000,1.000000,0.000000,3.000000,0.000000,1.255443,1.925194,0.579873,-1.835788,1.536808,0.000000,0.000000,0.000000,65535.000000,5.612578,1.436861,3.645720,2.567657,3.645720,2.567657,0.250000,0.000000,1.000000
11320.000000,3.627604,2.573509,-1.811566,0.585179,0.000000,1.000000,0.000000,3.000000,0.000000,1.829485,1.891842,0.601381,-1.793713,2.472204,0.000000,0.000000,0.000000,65535.000000,5.612578,1.436861,3.627604,2.573509,3.627604,2.573509,0.250000,0.000000,1.000000
11330.000000,3.609506,2.579388,-1.809817,0.587928,0.000000,1.000000,0.000000,3.000000,0.000000,1.829485,1.903735,0.630943,-1.796140,2.412502,0.000000,0.000000,0.000000,65535.000000,5.612578,1.436861,3.609506,2.579388,3.609506,2.579388,0.250000,0.000000,1.000000
11340.000000,3.591347,2.585330,-1.815930,0.594157,0.000000,1.000000,0.000000,3.000000,0.000000,1.802196,1.902918,0.632084,-1.794873,2.355616,0.000000,0.000000,0.000000,65535.000000,5.612578,1.436861,3.591347,2.585330,3.591347,2.585330,0.250000,0.000000,1.000000
11350.000000,3.573099,2.591378,-1.824751,0.604842,0.000000,1.000000,0.000000,3.000000,0.000000,1.039783,1.910661,0.638018,-1.800988,0.763310,0.000000,0.000000,0.000000,65535.000000,5.612578,1.436861,3.573099,2.591378,3.573099,2.591378,0.250000,0.000000,1.000000
11360.000000,3.554482,2.597376,-1.861724,0.599814,0.000000,1.000000,0.000000,3.000000,0.000000,1.163368,1.922381,0.648858,-1.809567,0.936214,0.000000,0.000000,0.000000,65535.000000,5.612578,1.436861,3.554482,2.597376,3.554482,2.597376,0.250000,0.000000,1.000000
11370.000000,3.536034,2.603015,-1.844844,0.563903,0.000000,1.000000,0.000000,3.000000,0.000000,1.163368,1.955963,0.647009,-1.845853,0.927522,0.000000,0.000000,0.000000,65535.000000,5.612578,1.436861,3.536034,2.603015,3.536034,2.603015,0.250000,0.000000,1.000000
11380.000000,3.517453,2.608591,-1.858081,0.557619,0.000000,1.000000,0.000000,3.000000,0.000000,1.163368,1.929103,0.613816,-1.828843,0.918989,0.000000,0.000000,0.000000,65535.000000,5.612578,1.436861,3.517453,2.608591,3.517453,2.608591,0.250000,0.000000,1.000000
11390.000000,3.499133,2.614146,-1.832008,0.555427,0.000000,1.000000,0.000000,3.000000,0.000000,0.957603,1.939949,0.609137,-1.841835,-0.467743,0.000000,0.000000,0.000000,65535.000000,5.612578,1.436861,3.499133,2.614146,3.499133,2.614146,0.250000,0.000000,1.000000
11400.000000,3.480751,2.619732,-1.838216,0.558623,0.000000,1.000000,0.000000,3.000000,0.000000,0.861114,1.914354,0.605610,-1.816036,-0.794937,0.000000,0.000000,0.000000,65535.000000,5.612578,1.436861,3.480751,2.619732,3.480751,2.619732,0.250000,0.000000,1.000000
11410.000000,3.462332,2.625274,-1.841799,0.554211,0.000000,1.000000,0.000000,3.000000,0.000000,0.945690,1.921223,0.608679,-1.822253,-0.658806,0.000000,0.000000,0.000000,65535.000000,5.612578,1.436861,3.462332,2.625274,3.462332,2.625274,0.250000,0.000000,1.000000
11420.000000,3.443739,2.630696,-1.859308,0.542208,0.000000,1.000000,0.000000,3.000000,0.000000,0.835502,1.923376,0.604020,-1.826071,-0.119935,0.000000,0.000000,0.000000,65535.000000,5.612578,1.436861,3.443739,2.630696,3.443739,2.630696,0.250000,0.000000,1.000000
11430.000000,3.425128,2.636065,-1.861188,0.536949,0.000000,1.000000,0.000000,3.000000,0.000000,0.805567,1.936754,0.591346,-1.844268,-0.119791,0.000000,0.000000,0.000000,65535.000000,5.612578,1.436861,3.425128,2.636065,3.425128,2.636065,0.250000,0.000000,1.000000
11440.000000,3.406460,2.641576,-1.866778,0.551099,0.000000,1.000000,0.000000,3.000000,0.000000,0.687892,1.937094,0.585527,-1.846481,-0.146007,0.000000,0.000000,0.000000,65535.000000,5.612578,1.436861,3.406460,2.641576,3.406460,2.641576,0.250000,0.000000,1.000000
11450.000000,3.388162,2.647045,-1.829749,0.546832,0.000000,1.000000,0.000000,3.000000,0.000000,0.908961,1.946425,0.598965,-1.851975,0.440504,0.000000,0.000000,0.000000,65535.000000,5.612578,1.436861,3.388162,2.647045,3.388162,2.647045,0.250000,0.000000,1.000000
11460.000000,3.369664,2.652612,-1.849864,0.556727,0.000000,1.000000,0.000000,3.000000,0.000000,0.908961,1.909713,0.592822,-1.815370,0.438570,0.000000,0.000000,0.000000,65535.000000,5.612578,1.436861,3.369664,2.652612,3.369664,2.652612,0.250000,0.000000,1.000000
11470.000000,3.351156,2.658144,-1.850754,0.553181,0.000000,1.000000,0.000000,3.000000,0.000000,0.872838,1.931823,0.604098,-1.834941,0.436653,0.000000,0.000000,0.000000,65535.000000,5.612578,1.436861,3.351156,2.658144,3.351156,2.658144,0.250000,0.000000,1.000000
11480.000000,3.332433,2.663566,-1.872365,0.542221,0.000000,1.000000,0.000000,3.000000,0.000000,1.009285,1.931657,0.600553,-1.835929,-0.502221,0.000000,0.000000,0.000000,65535.000000,5.612578,1.436861,3.332433,2.663566,3.332433,2.663566,0.250000,0.000000,1.000000
11490.000000,3.313999,2.668903,-1.843327,0.533732,0.000000,1.000000,0.000000,3.000000,0.000000,1.009285,1.949296,0.589872,-1.857903,-0.499709,0.000000,0.000000,0.000000,65535.000000,5.612578,1.436861,3.313999,2.668903,3.313999,2.668903,0.250000,0.000000,1.000000
11500.000000,3.295577,2.674219,-1.842263,0.531578,0.000000,1.000000,0.000000,3.000000,0.000000,0.528793,1.919043,0.582005,-1.828660,-1.266270,0.000000,0.000000,0.000000,65535.000000,5.612578,1.436861,3.295577,2.674219,3.295577,2.674219,0.250000,0.000000,1.000000
11510.000000,3.277018,2.679488,-1.855904,0.526888,0.000000,1.000000,0.000000,3.000000,0.000000,0.462487,1.917423,0.581100,-1.827247,-1.443376,0.000000,0.000000,0.000000,65535.000000,5.612578,1.436861,3.277018,2.679488,3.277018,2.679488,0.250000,0.000000,1.000000
11520.000000,3.258541,2.684880,-1.847620,0.539187,0.000000,1.000000,0.000000,3.000000,0.000000,0.522508,1.929246,0.577273,-1.840855,-0.551116,0.000000,0.000000,0.000000,65535.000000,5.612578,1.436861,3.258541,2.684880,3.258541,2.684880,0.250000,0.000000,1.000000
11530.000000,3.240384,2.690214,-1.815771,0.533427,0.000000,1.000000,0.000000,3.000000,0.000000,0.692621,1.924688,0.588009,-1.832667,-0.442351,0.000000,0.000000,0.000000,65535.000000,5.612578,1.436861,3.240384,2.690214,3.240384,2.690214,0.250000,0.000000,1.000000
11540.000000,3.222509,2.695673,-1.787476,0.545946,0.000000,1.000000,0.000000,3.000000,0.000000,0.693470,1.891721,0.579553,-1.800758,-0.440401,0.000000,0.000000,0.000000,65535.000000,5.612578,1.436861,3.222509,2.695673,3.222509,2.695673,0.250000,0.000000,1.000000
11550.000000,3.204563,2.701045,-1.794573,0.537114,0.000000,1.000000,0.000000,3.000000,0.000000,0.693470,1.875397,0.595296,-1.778408,-0.525697,0.000000,0.000000,0.000000,65535.000000,5.612578,1.436861,3.204563,2.701045,3.204563,2.701045,0.250000,0.000000,1.000000
11560.000000,3.186328,2.706251,-1.823471,0.520682,0.000000,1.000000,0.000000,3.000000,0.000000,0.506463,1.897782,0.599729,-1.800528,-0.733752,0.000000,0.000000,0.000000,65535.000000,5.612578,1.436861,3.186328,2.706251,3.186328,2.706251,0.250000,0.000000,1.000000
11570.000000,3.168340,2.711303,-1.798867,0.505134,0.000000,1.000000,0.000000,3.000000,0.000000,0.506463,1.913892,0.578244,-1.824449,-0.728402,0.000000,0.000000,0.000000,65535.000000,5.612578,1.436861,3.168340,2.711303,3.168340,2.711303,0.250000,0.000000,1.000000
11580.000000,3.150486,2.716219,-1.785380,0.491646,0.000000,1.000000,0.000000,3.000000,0.000000,0.662868,1.868444,0.548696,-1.786062,-0.735144,0.000000,0.000000,0.000000,65535.000000,5.612578,1.436861,3.150486,2.716219,3.150486,2.716219,0.250000,0.000000,1.000000
11590.000000,3.132549,2.721033,-1.793668,0.481412,0.000000,1.000000,0.000000,3.000000,0.000000,0.662868,1.851836,0.535133,-1.772831,-0.729774,0.000000,0.000000,0.000000,65535.000000,5.612578,1.436861,3.132549,2.721033,3.132549,2.721033,0.250000,0.000000,1.000000
11600.000000,3.114407,2.725882,-1.814258,0.484897,0.000000,1.000000,0.000000,3.000000,0.000000,0.965858,1.857149,0.525497,-1.781251,0.303204,0.000000,0.000000,0.000000,65535.000000,5.612578,1.436861,3.114407,2.725882,3.114407,2.725882,0.250000,0.000000,1.000000
11610.000000,3.096435,2.730896,-1.797173,0.501366,0.000000,1.000000,0.000000,3.000000,0.000000,1.266592,1.877940,0.530048,-1.801584,0.302286,0.000000,0.000000,0.000000,65535.000000,5.612578,1.436861,3.096435,2.730896,3.096435,2.730896,0.250000,0.000000,1.000000
11620.000000,3.078359,2.736155,-1.807572,0.525915,0.000000,1.000000,0.000000,3.000000,0.000000,1.266592,1.865797,0.547236,-1.783741,0.301374,0.000000,0.000000,0.000000,65535.000000,5.612578,1.436861,3.078359,2.736155,3.078359,2.736155,0.250000,0.000000,1.000000
11630.000000,3.060397,2.741464,-1.796275,0.530893,0.000000,1.000000,0.000000,3.000000,0.000000,1.031900,1.882526,0.572183,-1.793463,0.329635,0.000000,0.000000,0.000000,65535.000000,5.612578,1.436861,3.060397,2.741464,3.060397,2.741464,0.250000,0.000000,1.000000
11640.000000,3.042385,2.746817,-1.801179,0.535349,0.000000,1.000000,0.000000,3.000000,0.000000,1.251984,1.873086,0.576378,-1.782201,1.644171,0.000000,0.000000,0.000000,65535.000000,5.612578,1.436861,3.042385,2.746817,3.042385,2.746817,0.250000,0.000000,1.000000
11650.000000,3.024698,2.752001,-1.768701,0.518336,0.000000,1.000000,0.000000,3.000000,0.000000,1.657539,1.879054,0.580916,-1.787003,2.600401,0.000000,0.000000,0.000000,65535.000000,5.612578,1.436861,3.024698,2.752001,3.024698,2.752001,0.250000,0.000000,1.000000
11660.000000,3.006949,2.757122,-1.774844,0.512145,0.000000,1.000000,0.000000,3.000000,0.000000,1.657539,1.843088,0.561459,-1.755488,2.534430,0.000000,0.000000,0.000000,65535.000000,5.612578,1.436861,3.006949,2.757122,3.006949,2.757122,0.250000,0.000000,1.000000
11670.000000,2.989080,2.762341,-1.786983,0.521931,0.000000,1.000000,0.000000,3.000000,0.000000,1.696983,1.847258,0.551475,-1.763020,2.275076,0.000000,0.000000,0.000000,65535.000000,5.612578,1.436861,2.989080,2.762341,2.989080,2.762341,0.250000,0.000000,1.000000
11680.000000,2.971101,2.767848,-1.797877,0.550670,0.000000,1.000000,0.000000,3.000000,0.000000,1.181064,1.861644,0.558429,-1.775916,-0.673436,0.000000,0.000000,0.000000,65535.000000,5.612578,1.436861,2.971101,2.767848,2.971101,2.767848,0.250000,0.000000,1.000000
11690.000000,2.953737,2.773313,-1.736401,0.546480,0.000000,1.000000,0.000000,3.000000,0.000000,1.097475,1.880318,0.586252,-1.786591,-0.238864,0.000000,0.000000,0.000000,65535.000000,5.612578,1.436861,2.953737,2.773313,2.953737,2.773313,0.250000,0.000000,1.000000
11700.000000,2.936530,2.778816,-1.720746,0.550272,0.000000,1.000000,0.000000,3.000000,0.000000,1.024301,1.820365,0.581745,-1.724906,0.618414,0.000000,0.000000,0.000000,65535.000000,5.612578,1.436861,2.936530,2.778816,2.936530,2.778816,0.250000,0.000000,1.000000
11710.000000,2.919452,2.784263,-1.707790,0.544696,0.000000,1.000000,0.000000,3.000000,0.000000,1.024301,1.806589,0.587483,-1.708399,0.614609,0.000000,0.000000,0.000000,65535.000000,5.612578,1.436861,2.919452,2.784263,2.919452,2.784263,0.250000,0.000000,1.000000
11720.000000,2.902377,2.789749,-1.707460,0.548681,0.000000,1.000000,0.000000,3.000000,0.000000,1.024301,1.792552,0.583809,-1.694818,0.610851,0.000000,0.000000,0.000000,65535.000000,5.612578,1.436861,2.902377,2.789749,2.902377,2.789749,0.250000,0.000000,1.000000
11730.000000,2.885547,2.795489,-1.682990,0.573942,0.000000,1.000000,0.000000,3.000000,0.000000,0.944525,1.793452,0.588751,-1.694061,0.549987,0.000000,0.000000,0.000000,65535.000000,5.612578,1.436861,2.885547,2.795489,2.885547,2.795489,0.250000,0.000000,1.000000
11740.000000,2.868731,2.801453,-1.681662,0.596381,0.000000,1.000000,0.000000,3.000000,0.000000,1.189927,1.778163,0.614028,-1.668782,1.067203,0.000000,0.000000,0.000000,65535.000000,5.612578,1.436861,2.868731,2.801453,2.868731,2.801453,0.250000,0.000000,1.000000
11750.000000,2.852131,2.807590,-1.659981,0.613703,0.000000,1.000000,0.000000,3.000000,0.000000,1.189927,1.784280,0.636091,-1.667046,1.055923,0.000000,0.000000,0.000000,65535.000000,5.612578,1.436861,2.852131,2.807590,2.852131,2.807590,0.250000,0.000000,1.000000
11760.000000,2.835117,2.813956,-1.701377,0.636643,0.000000,1.000000,0.000000,3.000000,0.000000,1.131510,1.769793,0.650292,-1.645992,0.847559,0.000000,0.000000,0.000000,65535.000000,5.612578,1.436861,2.835117,2.813956,2.835117,2.813956,0.250000,0.000000,1.000000
11770.000000,2.818121,2.820821,-1.699564,0.686437,0.000000,1.000000,0.000000,3.000000,0.000000,1.011063,1.816590,0.670788,-1.688207,0.502468,0.000000,0.000000,0.000000,65535.000000,5.612578,1.436861,2.818121,2.820821,2.818121,2.820821,0.250000,0.000000,1.000000
11780.000000,2.801474,2.827955,-1.664722,0.713479,0.000000,1.000000,0.000000,3.000000,0.000000,1.011063,1.790124,0.685989,-1.653470,0.499953,0.000000,0.000000,0.000000,65535.000000,5.612578,1.436861,2.801474,2.827955,2.801474,2.827955,0.250000,0.000000,1.000000
11790.000000,2.785537,2.835265,-1.593659,0.730985,0.000000,1.000000,0.000000,3.000000,0.000000,1.011063,1.775713,0.716913,-1.624559,0.497464,0.000000,0.000000,0.000000,65535.000000,5.612578,1.436861,2.785537,2.835265,2.785537,2.835265,0.250000,0.000000,1.000000
11800.000000,2.769887,2.842684,-1.564995,0.741838,0.000000,1.000000,0.000000,3.000000,0.000000,0.779122,1.753033,0.758144,-1.580615,-0.030856,0.000000,0.000000,0.000000,65535.000000,5.612578,1.436861,2.769887,2.842684,2.769887,2.842684,0.250000,0.000000,1.000000
11810.000000,2.754406,2.850176,-1.548137,0.749232,0.000000,1.000000,0.000000,3.000000,0.000000,0.938410,1.745370,0.777571,-1.562594,0.561559,0.000000,0.000000,0.000000,65535.000000,5.612578,1.436861,2.754406,2.850176,2.754406,2.850176,0.250000,0.000000,1.000000
11820.000000,2.738803,2.858009,-1.560305,0.783344,0.000000,1.000000,0.000000,3.000000,0.000000,0.938410,1.719906,0.774453,-1.535676,0.558420,0.000000,0.000000,0.000000,65535.000000,5.612578,1.436861,2.738803,2.858009,2.738803,2.858009,0.250000,0.000000,1.000000
11830.000000,2.723209,2.865975,-1.559389,0.796545,0.000000,1.000000,0.000000,3.000000,0.000000,0.908756,1.745903,0.808521,-1.547408,0.467868,0.000000,0.000000,0.000000,65535.000000,5.612578,1.436861,2.723209,2.865975,2.723209,2.865975,0.250000,0.000000,1.000000
11840.000000,2.707577,2.873955,-1.563238,0.797956,0.000000,1.000000,0.000000,3.000000,0.000000,0.932096,1.751050,0.821588,-1.546341,0.435934,0.000000,0.000000,0.000000,65535.000000,5.612578,1.436861,2.707577,2.873955,2.707577,2.873955,0.250000,0.000000,1.000000
11850.000000,2.692044,2.881762,-1.553253,0.780710,0.000000,1.000000,0.000000,3.000000,0.000000,1.097564,1.755120,0.822414,-1.550510,1.286824,0.000000,0.000000,0.000000,65535.000000,5.612578,1.436861,2.692044,2.881762,2.692044,2.881762,0.250000,0.000000,1.000000
11860.000000,2.676513,2.889519,-1.553157,0.775747,0.000000,1.000000,0.000000,3.000000,0.000000,1.223735,1.738419,0.803949,-1.541353,1.322506,0.000000,0.000000,0.000000,65535.000000,5.612578,1.436861,2.676513,2.889519,2.676513,2.889519,0.250000,0.000000,1.000000
11870.000000,2.661143,2.897193,-1.536955,0.767457,0.000000,1.000000,0.000000,3.000000,0.000000,1.223735,1.736110,0.799153,-1.541244,1.305227,0.000000,0.000000,0.000000,65535.000000,5.612578,1.436861,2.661143,2.897193,2.661143,2.897193,0.250000,0.000000,1.000000
11880.000000,2.645696,2.905128,-1.544721,0.793463,0.000000,1.000000,0.000000,3.000000,0.000000,1.127002,1.717912,0.790321,-1.525324,0.808658,0.000000,0.000000,0.000000,65535.000000,5.612578,1.436861,2.645696,2.905128,2.645696,2.905128,0.250000,0.000000,1.000000
11890.000000,2.630729,2.913184,-1.496638,0.805604,0.000000,1.000000,0.000000,3.000000,0.000000,0.976863,1.736590,0.814993,-1.533470,0.360503,0.000000,0.000000,0.000000,65535.000000,5.612578,1.436861,2.630729,2.913184,2.630729,2.913184,0.250000,0.000000,1.000000
11900.000000,2.616139,2.921632,-1.459030,0.844840,0.000000,1.000000,0.000000,3.000000,0.000000,0.918679,1.699684,0.824907,-1.486086,0.268655,0.000000,0.000000,0.000000,65535.000000,5.612578,1.436861,2.616139,2.921632,2.616139,2.921632,0.250000,0.000000,1.000000
11910.000000,2.601793,2.930480,-1.434648,0.884713,0.000000,1.000000,0.000000,3.000000,0.000000,0.711744,1.685979,0.862398,-1.448721,-0.454719,0.000000,0.000000,0.000000,65535.000000,5.612578,1.436861,2.601793,2.930480,2.601793,2.930480,0.250000,0.000000,1.000000
11920.000000,2.587270,2.939610,-1.452322,0.913046,0.000000,1.000000,0.000000,3.000000,0.000000,0.700777,1.685507,0.901119,-1.424401,-0.751073,0.000000,0.000000,0.000000,65535.000000,5.612578,1.436861,2.587270,2.939610,2.587270,2.939610,0.250000,0.000000,1.000000
11930.000000,2.572998,2.948712,-1.427168,0.910207,0.000000,1.000000,0.000000,3.000000,0.000000,0.872277,1.715486,0.929474,-1.441864,0.043312,0.000000,0.000000,0.000000,65535.000000,5.612578,1.436861,2.572998,2.948712,2.572998,2.948712,0.250000,0.000000,1.000000
11940.000000,2.558982,2.957894,-1.401617,0.918164,0.000000,1.000000,0.000000,3.000000,0.000000,1.742502,1.692715,0.925293,-1.417433,2.673137,0.000000,0.000000,0.000000,65535.000000,5.612578,1.436861,2.558982,2.957894,2.558982,2.957894,0.250000,0.000000,1.000000
11950.000000,2.544979,2.967261,-1.400229,0.936738,0.000000,1.000000,0.000000,3.000000,0.000000,1.810024,1.675576,0.932540,-1.392093,2.812476,0.000000,0.000000,0.000000,65535.000000,5.612578,1.436861,2.544979,2.967261,2.544979,2.967261,0.250000,0.000000,1.000000
11960.000000,2.530777,2.976750,-1.420286,0.948911,0.000000,1.000000,0.000000,3.000000,0.000000,1.810024,1.684672,0.951383,-1.390320,2.735464,0.000000,0.000000,0.000000,65535.000000,5.612578,1.436861,2.530777,2.976750,2.530777,2.976750,0.250000,0.000000,1.000000
11970.000000,2.516687,2.986108,-1.408915,0.935741,0.000000,1.000000,0.000000,3.000000,0.000000,1.497241,1.708112,0.964261,-1.409910,1.753403,0.000000,0.000000,0.000000,65535.000000,5.612578,1.436861,2.516687,2.986108,2.516687,2.986108,0.250000,0.000000,1.000000
11980.000000,2.502547,2.995400,-1.414093,0.929221,0.000000,1.000000,0.000000,3.000000,0.000000,1.739027,1.691347,0.951232,-1.398503,2.575052,0.000000,0.000000,0.000000,65535.000000,5.612578,1.436861,2.502547,2.995400,2.502547,2.995400,0.250000,0.000000,1.000000
11990.000000,2.488770,3.004447,-1.377609,0.904651,0.000000,1.000000,0.000000,3.000000,0.000000,1.739027,1.692073,0.944541,-1.403906,2.510344,0.000000,0.000000,0.000000,65535.000000,5.612578,1.436861,2.488770,3.004447,2.488770,3.004447,0.250000,0.000000,1.000000
12000.000000,2.475266,3.013362,-1.350397,0.891582,0.000000,1.000000,0.000000,3.000000,0.000000,1.730648,1.648090,0.918189,-1.368623,2.443931,0.000000,0.000000,0.000000,65535.000000,5.612578,1.436861,2.475266,3.013362,2.475266,3.013362,0.250000,0.000000,1.000000
12010.000000,2.461817,3.022290,-1.344961,0.892739,0.000000,1.000000,0.000000,3.000000,0.000000,0.632087,1.618175,0.903971,-1.342135,-0.500839,0.000000,0.000000,0.000000,65535.000000,5.612578,1.436861,2.461817,3.022290,2.461817,3.022290,0.250000,0.000000,1.000000
12020.000000,2.448321,3.031281,-1.349586,0.899136,0.000000,1.000000,0.000000,3.000000,0.000000,0.593008,1.614281,0.903747,-1.337589,-0.706187,0.000000,0.000000,0.000000,65535.000000,5.612578,1.436861,2.448321,3.031281,2.448321,3.031281,0.250000,0.000000,1.000000
12030.000000,2.434923,3.040262,-1.339819,0.898156,0.000000,1.000000,0.000000,3.000000,0.000000,0.593008,1.621675,0.908843,-1.343069,-0.701230,0.000000,0.000000,0.000000,65535.000000,5.612578,1.436861,2.434923,3.040262,2.434923,3.040262,0.250000,0.000000,1.000000
12040.000000,2.421407,3.049460,-1.351556,0.919807,0.000000,1.000000,0.000000,3.000000,0.000000,0.801454,1.613010,0.906738,-1.334026,-0.154605,0.000000,0.000000,0.000000,65535.000000,5.612578,1.436861,2.421407,3.049460,2.421407,3.049460,0.250000,0.000000,1.000000
12050.000000,2.408123,3.058570,-1.328380,0.910921,0.000000,1.000000,0.000000,3.000000,0.000000,0.832928,1.634854,0.928344,-1.345706,-0.057702,0.000000,0.000000,0.000000,65535.000000,5.612578,1.436861,2.408123,3.058570,2.408123,3.058570,0.250000,0.000000,1.000000
12060.000000,2.394885,3.067755,-1.323868,0.918511,0.000000,1.000000,0.000000,3.000000,0.000000,0.832928,1.610705,0.919366,-1.322550,-0.057669,0.000000,0.000000,0.000000,65535.000000,5.612578,1.436861,2.394885,3.067755,2.394885,3.067755,0.250000,0.000000,1.000000
12070.000000,2.381719,3.077054,-1.316628,0.929960,0.000000,1.000000,0.000000,3.000000,0.000000,0.800773,1.611300,0.926938,-1.317981,0.038007,0.000000,0.000000,0.000000,65535.000000,5.612578,1.436861,2.381719,3.077054,2.381719,3.077054,0.250000,0.000000,1.000000
12080.000000,2.368331,3.086496,-1.338795,0.944149,0.000000,1.000000,0.000000,3.000000,0.000000,0.800773,1.611935,0.938784,-1.310351,0.037993,0.000000,0.000000,0.000000,65535.000000,5.612578,1.436861,2.368331,3.086496,2.368331,3.086496,0.250000,0.000000,1.000000
12090.000000,2.355039,3.095802,-1.329136,0.930636,0.000000,1.000000,0.000000,3.000000,0.000000,0.800773,1.638228,0.953908,-1.331859,-0.001532,0.000000,0.000000,0.000000,65535.000000,5.612578,1.436861,2.355039,3.095802,2.355039,3.095802,0.250000,0.000000,1.000000
12100.000000,2.341497,3.105320,-1.354233,0.951841,0.000000,1.000000,0.000000,3.000000,0.000000,0.909703,1.622555,0.940296,-1.322319,0.441954,0.000000,0.000000,0.000000,65535.000000,5.612578,1.436861,2.341497,3.105320,2.341497,3.105320,0.250000,0.000000,1.000000
12110.000000,2.328008,3.115053,-1.348936,0.973261,0.000000,1.000000,0.000000,3.000000,0.000000,0.909703,1.655279,0.961379,-1.347479,0.440008,0.000000,0.000000,0.000000,65535.000000,5.612578,1.436861,2.328008,3.115053,2.328008,3.115053,0.250000,0.000000,1.000000
12120.000000,2.314841,3.125054,-1.316677,1.000044,0.000000,1.000000,0.000000,3.000000,0.000000,0.909703,1.663389,0.981521,-1.342938,0.438078,0.000000,0.000000,0.000000,65535.000000,5.612578,1.436861,2.314841,3.125054,2.314841,3.125054,0.250000,0.000000,1.000000
12130.000000,2.301872,3.135177,-1.296941,1.012367,0.000000,1.000000,0.000000,3.000000,0.000000,0.816083,1.653399,1.006318,-1.311889,-1.014173,0.000000,0.000000,0.000000,65535.000000,5.612578,1.436861,2.301872,3.135177,2.301872,3.135177,0.250000,0.000000,1.000000
12140.000000,2.288812,3.145370,-1.305982,1.019218,0.000000,1.000000,0.000000,3.000000,0.000000,1.029253,1.645279,1.017618,-1.292825,0.302737,0.000000,0.000000,0.000000,65535.000000,5.612578,1.436861,2.288812,3.145370,2.288812,3.145370,0.250000,0.000000,1.000000
12150.000000,2.275673,3.155397,-1.313819,1.002739,0.000000,1.000000,0.000000,3.000000,0.000000,1.029253,1.656621,1.024557,-1.301798,0.301823,0.000000,0.000000,0.000000,65535.000000,5.612578,1.436861,2.275673,3.155397,2.275673,3.155397,0.250000,0.000000,1.000000
12160.000000,2.262258,3.165499,-1.341586,1.010257,0.000000,1.000000,0.000000,3.000000,0.000000,0.937604,1.652758,1.008536,-1.309375,0.081984,0.000000,0.000000,0.000000,65535.000000,5.612578,1.436861,2.262258,3.165499,2.262258,3.165499,0.250000,0.000000,1.000000
12170.000000,2.249139,3.175352,-1.311841,0.985226,0.000000,1.000000,0.000000,3.000000,0.000000,0.937604,1.679426,1.015709,-1.337464,0.081917,0.000000,0.000000,0.000000,65535.000000,5.612578,1.436861,2.249139,3.175352,2.249139,3.175352,0.250000,0.000000,1.000000
12180.000000,2.235918,3.185134,-1.322097,0.978264,0.000000,1.000000,0.000000,3.000000,0.000000,0.937604,1.640608,0.988709,-1.309217,0.081850,0.000000,0.000000,0.000000,65535.000000,5.612578,1.436861,2.235918,3.185134,2.235918,3.185134,0.250000,0.000000,1.000000
12190.000000,2.222747,3.194559,-1.317079,0.942519,0.000000,1.000000,0.000000,3.000000,0.000000,0.737553,1.644671,0.979983,-1.320824,-0.486052,0.000000,0.000000,0.000000,65535.000000,5.612578,1.436861,2.222747,3.194559,2.222747,3.194559,0.250000,0.000000,1.000000
12200.000000,2.209326,3.203860,-1.342113,0.930100,0.000000,1.000000,0.000000,3.000000,0.000000,1.338273,1.670532,0.979204,-1.353453,0.747111,0.000000,0.000000,0.000000,65535.000000,5.612578,1.436861,2.209326,3.203860,2.209326,3.203860,0.250000,0.000000,1.000000
12210.000000,2.196069,3.212955,-1.325733,0.909447,0.000000,1.000000,0.000000,3.000000,0.000000,1.338273,1.679156,0.964987,-1.374178,0.741565,0.000000,0.000000,0.000000,65535.000000,5.612578,1.436861,2.196069,3.212955,2.196069,3.212955,0.250000,0.000000,1.000000
12220.000000,2.182970,3.221848,-1.309875,0.889309,0.000000,1.000000,0.000000,3.000000,0.000000,1.338273,1.651099,0.943173,-1.355195,0.067256,0.000000,0.000000,0.000000,65535.000000,5.612578,1.436861,2.182970,3.221848,2.182970,3.221848,0.250000,0.000000,1.000000
12230.000000,2.169653,3.230519,-1.331690,0.867098,0.000000,1.000000,0.000000,3.000000,0.000000,1.106455,1.642729,0.934359,-1.351122,0.914353,0.000000,0.000000,0.000000,65535.000000,5.612578,1.436861,2.169653,3.230519,2.169653,3.230519,0.250000,0.000000,1.000000
12240.000000,2.155389,3.239290,-1.426445,0.877072,0.000000,1.000000,0.000000,3.000000,0.000000,1.106455,1.639560,0.908012,-1.365164,0.906060,0.000000,0.000000,0.000000,65535.000000,5.612578,1.436861,2.155389,3.239290,2.155389,3.239290,0.250000,0.000000,1.000000
12250.000000,2.140897,3.247835,-1.449263,0.854599,0.000000,1.000000,0.000000,3.000000,0.000000,1.106455,1.682062,0.891835,-1.426171,0.953946,0.000000,0.000000,0.000000,65535.000000,5.612578,1.436861,2.140897,3.247835,2.140897,3.247835,0.250000,0.000000,1.000000
12260.000000,2.126503,3.256253,-1.439335,0.841817,0.000000,1.000000,0.000000,3.000000,0.000000,1.096897,1.682469,0.867508,-1.441573,0.944923,0.000000,0.000000,0.000000,65535.000000,5.612578,1.436861,2.126503,3.256253,2.126503,3.256253,0.250000,0.000000,1.000000
12270.000000,2.112314,3.264603,-1.418940,0.834979,0.000000,1.000000,0.000000,3.000000,0.000000,1.096897,1.667436,0.855843,-1.431040,0.936069,0.000000,0.000000,0.000000,65535.000000,5.612578,1.436861,2.112314,3.264603,2.112314,3.264603,0.250000,0.000000,1.000000
12280.000000,2.098005,3.273029,-1.430896,0.842576,0.000000,1.000000,0.000000,3.000000,0.000000,1.004541,1.646384,0.848681,-1.410787,0.747780,0.000000,0.000000,0.000000,65535.000000,5.612578,1.436861,2.098005,3.273029,2.098005,3.273029,0.250000,0.000000,1.000000
12290.000000,2.083646,3.281134,-1.435924,0.810529,0.000000,1.000000,0.000000,3.000000,0.000000,1.004541,1.660542,0.856714,-1.422477,0.742223,0.000000,0.000000,0.000000,65535.000000,5.612578,1.436861,2.083646,3.281134,2.083646,3.281134,0.250000,0.000000,1.000000
12300.000000,2.068624,3.289596,-1.502171,0.846164,0.000000,1.000000,0.000000,3.000000,0.000000,1.486705,1.648889,0.826317,-1.426897,1.974283,0.000000,0.000000,0.000000,65535.000000,5.612578,1.436861,2.068624,3.289596,2.068624,3.289596,0.250000,0.000000,1.000000
12310.000000,2.054203,3.297912,-1.442129,0.831597,0.000000,1.000000,0.000000,3.000000,0.000000,1.486705,1.638570,0.804383,-1.427544,1.936022,0.000000,0.000000,0.000000,65535.000000,5.612578,1.436861,2.054203,3.297912,2.054203,3.297912,0.250000,0.000000,1.000000
12320.000000,2.040208,3.306131,-1.399415,0.821904,0.000000,1.000000,0.000000,3.000000,0.000000,1.848468,1.625940,0.820355,-1.403815,2.872087,0.000000,0.000000,0.000000,65535.000000,5.612578,1.436861,2.040208,3.306131,2.040208,3.306131,0.250000,0.000000,1.000000
12330.000000,2.026074,3.314364,-1.413464,0.823325,0.000000,1.000000,0.000000,3.000000,0.000000,1.848468,1.625970,0.838013,-1.393382,2.791823,0.000000,0.000000,0.000000,65535.000000,5.612578,1.436861,2.026074,3.314364,2.026074,3.314364,0.250000,0.000000,1.000000
12340.000000,2.011110,3.322726,-1.496350,0.836107,0.000000,1.000000,0.000000,3.000000,0.000000,1.848468,1.626513,0.832500,-1.397315,2.715924,0.000000,0.000000,0.000000,65535.000000,5.612578,1.436861,2.011110,3.322726,2.011110,3.322726,0.250000,0.000000,1.000000
12350.000000,1.995678,3.330985,-1.543273,0.825985,0.000000,1.000000,0.000000,3.000000,0.000000,1.896206,1.664115,0.822572,-1.446601,0.454027,0.000000,0.000000,0.000000,65535.000000,5.612578,1.436861,1.995678,3.330985,1.995678,3.330985,0.250000,0.000000,1.000000
12360.000000,1.980178,3.339146,-1.549957,0.816091,0.000000,1.000000,0.000000,3.000000,0.000000,1.670815,1.669306,0.794886,-1.467903,0.066492,0.000000,0.000000,0.000000,65535.000000,5.612578,1.436861,1.980178,3.339146,1.980178,3.339146,0.250000,0.000000,1.000000
12370.000000,1.965346,3.347184,-1.483151,0.803780,0.000000,1.000000,0.000000,3.000000,0.000000,0.705196,1.661569,0.778542,-1.467885,-1.455411,0.000000,0.000000,0.000000,65535.000000,5.612578,1.436861,1.965346,3.347184,1.965346,3.347184,0.250000,0.000000,1.000000
12380.000000,1.950819,3.355006,-1.452737,0.782210,0.000000,1.000000,0.000000,3.000000,0.000000,0.363474,1.609193,0.771777,-1.412042,-2.137695,0.000000,0.000000,0.000000,65535.000000,5.612578,1.436861,1.950819,3.355006,1.950819,3.355006,0.250000,0.000000,1.000000
12390.000000,1.936122,3.362628,-1.469741,0.762152,0.000000,1.000000,0.000000,3.000000,0.000000,0.325189,1.605901,0.770895,-1.408772,-2.170649,0.000000,0.000000,0.000000,65535.000000,5.612578,1.436861,1.936122,3.362628,1.936122,3.362628,0.250000,0.000000,1.000000
12400.000000,1.921207,3.370107,-1.491448,0.747975,0.000000,1.000000,0.000000,3.000000,0.000000,0.242066,1.618612,0.753997,-1.432268,-2.291591,0.000000,0.000000,0.000000,65535.000000,5.612578,1.436861,1.921207,3.370107,1.921207,3.370107,0.250000,0.000000,1.000000
12410.000000,1.906751,3.377169,-1.445652,0.706190,0.000000,1.000000,0.000000,3.000000,0.000000,0.214722,1.640401,0.745585,-1.461170,-2.293760,0.000000,0.000000,0.000000,65535.000000,5.612578,1.436861,1.906751,3.377169,1.906751,3.377169,0.250000,0.000000,1.000000
12420.000000,1.892623,3.383746,-1.412768,0.657735,0.000000,1.000000,0.000000,3.000000,0.000000,0.811861,1.621738,0.733223,-1.446519,-1.064709,0.000000,0.000000,0.000000,65535.000000,5.612578,1.436861,1.892623,3.383746,1.892623,3.383746,0.250000,0.000000,1.000000
12430.000000,1.878255,3.389973,-1.436802,0.622688,0.000000,1.000000,0.000000,3.000000,0.000000,0.786423,1.619688,0.719090,-1.451309,-0.456007,0.000000,0.000000,0.000000,65535.000000,5.612578,1.436861,1.878255,3.389973,1.878255,3.389973,0.250000,0.000000,1.000000
12440.000000,1.863266,3.396043,-1.498866,0.606943,0.000000,1.000000,0.000000,3.000000,0.000000,0.747945,1.633472,0.688823,-1.481133,-0.453935,0.000000,0.000000,0.000000,65535.000000,5.612578,1.436861,1.863266,3.396043,1.863266,3.396043,0.250000,0.000000,1.000000
12450.000000,1.848338,3.401993,-1.492812,0.595006,0.000000,1.000000,0.000000,3.000000,0.000000,0.728349,1.683097,0.674165,-1.542180,-0.533191,0.000000,0.000000,0.000000,65535.000000,5.612578,1.436861,1.848338,3.401993,1.848338,3.401993,0.250000,0.000000,1.000000
12460.000000,1.833277,3.407963,-1.506126,0.597030,0.000000,1.000000,0.000000,3.000000,0.000000,0.728349,1.652777,0.648154,-1.520384,-0.530360,0.000000,0.000000,0.000000,65535.000000,5.612578,1.436861,1.833277,3.407963,1.833277,3.407963,0.250000,0.000000,1.000000
12470.000000,1.818029,3.413782,-1.524759,0.581942,0.000000,1.000000,0.000000,3.000000,0.000000,0.639910,1.641094,0.633492,-1.513894,-0.552323,0.000000,0.000000,0.000000,65535.000000,5.612578,1.436861,1.818029,3.413782,1.818029,3.413782,0.250000,0.000000,1.000000
12480.000000,1.802328,3.419343,-1.570106,0.556078,0.000000,1.000000,0.000000,3.000000,0.000000,0.492891,1.661631,0.625144,-1.539549,-1.228573,0.000000,0.000000,0.000000,65535.000000,5.612578,1.436861,1.802328,3.419343,1.802328,3.419343,0.250000,0.000000,1.000000
12490.000000,1.786778,3.424554,-1.554984,0.521131,0.000000,1.000000,0.000000,3.000000,0.000000,0.594487,1.702039,0.604316,-1.591144,-0.904092,0.000000,0.000000,0.000000,65535.000000,5.612578,1.436861,1.786778,3.424554,1.786778,3.424554,0.250000,0.000000,1.000000
12500.000000,1.771354,3.429689,-1.542426,0.513482,0.000000,1.000000,0.000000,3.000000,0.000000,0.594487,1.671697,0.565359,-1.573195,-0.895983,0.000000,0.000000,0.000000,65535.000000,5.612578,1.436861,1.771354,3.429689,1.771354,3.429689,0.250000,0.000000,1.000000
12510.000000,1.756067,3.434587,-1.528717,0.489836,0.000000,1.000000,0.000000,3.000000,0.000000,1.050879,1.656395,0.558449,-1.559416,-0.930660,0.000000,0.000000,0.000000,65535.000000,5.612578,1.436861,1.756067,3.434587,1.756067,3.434587,0.250000,0.000000,1.000000
12520.000000,1.740319,3.439322,-1.574802,0.473482,0.000000,1.000000,0.000000,3.000000,0.000000,1.083399,1.640482,0.538505,-1.549578,-0.922069,0.000000,0.000000,0.000000,65535.000000,5.612578,1.436861,1.740319,3.439322,1.740319,3.439322,0.250000,0.000000,1.000000
12530.000000,1.724407,3.443635,-1.591216,0.431333,0.000000,1.000000,0.000000,3.000000,0.000000,0.862709,1.644441,0.498781,-1.566973,-0.913637,0.000000,0.000000,0.000000,65535.000000,5.612578,1.436861,1.724407,3.443635,1.724407,3.443635,0.250000,0.000000,1.000000
12540.000000,1.707989,3.448080,-1.641775,0.444490,0.000000,1.000000,0.000000,3.000000,0.000000,0.550936,1.648641,0.459997,-1.583168,-1.082920,0.000000,0.000000,0.000000,65535.000000,5.612578,1.436861,1.707989,3.448080,1.707989,3.448080,0.250000,0.000000,1.000000
12550.000000,1.691841,3.452471,-1.614844,0.439039,0.000000,1.000000,0.000000,3.000000,0.000000,0.677484,1.668873,0.450577,-1.606897,-1.171631,0.000000,0.000000,0.000000,65535.000000,5.612578,1.436861,1.691841,3.452471,1.691841,3.452471,0.250000,0.000000,1.000000
12560.000000,1.675771,3.456868,-1.606963,0.439718,0.000000,1.000000,0.000000,3.000000,0.000000,0.483047,1.648735,0.449373,-1.586313,-1.755280,0.000000,0.000000,0.000000,65535.000000,5.612578,1.436861,1.675771,3.456868,1.675771,3.456868,0.250000,0.000000,1.000000
12570.000000,1.660130,3.461041,-1.564082,0.417330,0.000000,1.000000,0.000000,3.000000,0.000000,0.431100,1.638185,0.447979,-1.575743,-1.724972,0.000000,0.000000,0.000000,65535.000000,5.612578,1.436861,1.660130,3.461041,1.660130,3.461041,0.250000,0.000000,1.000000
12580.000000,1.644469,3.464868,-1.566083,0.382685,0.000000,1.000000,0.000000,3.000000,0.000000,0.431100,1.607633,0.436656,-1.547195,-1.695692,0.000000,0.000000,0.000000,65535.000000,5.612578,1.436861,1.644469,3.464868,1.644469,3.464868,0.250000,0.000000,1.000000
12590.000000,1.628768,3.468334,-1.570074,0.346559,0.000000,1.000000,0.000000,3.000000,0.000000,0.735905,1.612161,0.409422,-1.559307,-1.059842,0.000000,0.000000,0.000000,65535.000000,5.612578,1.436861,1.628768,3.468334,1.628768,3.468334,0.250000,0.000000,1.000000
12600.000000,1.613113,3.471600,-1.565499,0.326581,0.000000,1.000000,0.000000,3.000000,0.000000,1.199682,1.607867,0.373073,-1.563986,-0.420155,0.000000,0.000000,0.000000,65535.000000,5.612578,1.436861,1.613113,3.471600,1.613113,3.471600,0.250000,0.000000,1.000000
12610.000000,1.597591,3.474770,-1.552271,0.317048,0.000000,1.000000,0.000000,3.000000,0.000000,1.199657,1.599200,0.352064,-1.559966,0.418634,0.000000,0.000000,0.000000,65535.000000,5.612578,1.436861,1.597591,3.474770,1.597591,3.474770,0.250000,0.000000,1.000000
12620.000000,1.582028,3.477866,-1.556287,0.309643,0.000000,1.000000,0.000000,3.000000,0.000000,1.201871,1.584319,0.341126,-1.547158,0.651803,0.000000,0.000000,0.000000,65535.000000,5.612578,1.436861,1.582028,3.477866,1.582028,3.477866,0.250000,0.000000,1.000000
12630.000000,1.566657,3.480803,-1.537045,0.293695,0.000000,1.000000,0.000000,3.000000,0.000000,1.201871,1.586792,0.335065,-1.551012,0.719326,0.000000,0.000000,0.000000,65535.000000,5.612578,1.436861,1.566657,3.480803,1.566657,3.480803,0.250000,0.000000,1.000000
12640.000000,1.551044,3.483497,-1.561307,0.269423,0.000000,1.000000,0.000000,3.000000,0.000000,1.754301,1.564852,0.318913,-1.532011,0.990491,0.000000,0.000000,0.000000,65535.000000,5.612578,1.436861,1.551044,3.483497,1.551044,3.483497,0.250000,0.000000,1.000000
12650.000000,1.535623,3.486010,-1.542157,0.251220,0.000000,1.000000,0.000000,3.000000,0.000000,1.754301,1.584383,0.293948,-1.556876,0.980767,0.000000,0.000000,0.000000,65535.000000,5.612578,1.436861,1.535623,3.486010,1.535623,3.486010,0.250000,0.000000,1.000000
12660.000000,1.520158,3.488443,-1.546464,0.243386,0.000000,1.000000,0.000000,3.000000,0.000000,1.754301,1.562485,0.277311,-1.537679,0.971233,0.000000,0.000000,0.000000,65535.000000,5.612578,1.436861,1.520158,3.488443,1.520158,3.488443,0.250000,0.000000,1.000000
12670.000000,1.504948,3.490633,-1.521023,0.218924,0.000000,1.000000,0.000000,3.000000,0.000000,1.232296,1.565499,0.271676,-1.541746,0.315837,0.000000,0.000000,0.000000,65535.000000,5.612578,1.436861,1.504948,3.490633,1.504948,3.490633,0.250000,0.000000,1.000000
12680.000000,1.489784,3.492565,-1.516407,0.193297,0.000000,1.000000,0.000000,3.000000,0.000000,1.098995,1.536697,0.247280,-1.516671,0.010462,0.000000,0.000000,0.000000,65535.000000,5.612578,1.436861,1.489784,3.492565,1.489784,3.492565,0.250000,0.000000,1.000000
12690.000000,1.475008,3.494285,-1.477557,0.171948,0.000000,1.000000,0.000000,3.000000,0.000000,1.258259,1.528678,0.223142,-1.512304,1.382928,0.000000,0.000000,0.000000,65535.000000,5.612578,1.436861,1.475008,3.494285,1.475008,3.494285,0.250000,0.000000,1.000000
12700.000000,1.460212,3.495881,-1.479574,0.159617,0.000000,1.000000,0.000000,3.000000,0.000000,1.701350,1.487528,0.201779,-1.473780,1.922977,0.000000,0.000000,0.000000,65535.000000,5.612578,1.436861,1.460212,3.495881,1.460212,3.495881,0.250000,0.000000,1.000000
12710.000000,1.445468,3.497336,-1.474445,0.145525,0.000000,1.000000,0.000000,3.000000,0.000000,1.785526,1.488159,0.187353,-1.476319,1.886661,0.000000,0.000000,0.000000,65535.000000,5.612578,1.436861,1.445468,3.497336,1.445468,3.497336,0.250000,0.000000,1.000000
12720.000000,1.430939,3.498650,-1.452887,0.131344,0.000000,1.000000,0.000000,3.000000,0.000000,1.785526,1.481610,0.171299,-1.471674,1.851691,0.000000,0.000000,0.000000,65535.000000,5.612578,1.436861,1.430939,3.498650,1.430939,3.498650,0.250000,0.000000,1.000000
12730.000000,1.416947,3.500059,-1.399170,0.140962,0.000000,1.000000,0.000000,3.000000,0.000000,1.746823,1.458811,0.158171,-1.450211,1.415137,0.000000,0.000000,0.000000,65535.000000,5.612578,1.436861,1.416947,3.500059,1.416947,3.500059,0.250000,0.000000,1.000000
12740.000000,1.403273,3.501617,-1.367409,0.155795,0.000000,1.000000,0.000000,3.000000,0.000000,1.812186,1.406253,0.166466,-1.396366,0.972211,0.000000,0.000000,0.000000,65535.000000,5.612578,1.436861,1.403273,3.501617,1.403273,3.501617,0.250000,0.000000,1.000000
12750.000000,1.389866,3.503141,-1.340732,0.152390,0.000000,1.000000,0.000000,3.000000,0.000000,1.560824,1.376256,0.178102,-1.364683,0.432772,0.000000,0.000000,0.000000,65535.000000,5.612578,1.436861,1.389866,3.503141,1.389866,3.503141,0.250000,0.000000,1.000000
12760.000000,1.376858,3.504556,-1.300798,0.141434,0.000000,1.000000,0.000000,3.000000,0.000000,1.210791,1.349364,0.172161,-1.338337,-0.244241,0.000000,0.000000,0.000000,65535.000000,5.612578,1.436861,1.376858,3.504556,1.376858,3.504556,0.250000,0.000000,1.000000
12770.000000,1.364874,3.506065,-1.198404,0.150904,0.000000,1.000000,0.000000,3.000000,0.000000,0.875860,1.308464,0.159354,-1.298724,-0.983714,0.000000,0.000000,0.000000,65535.000000,5.612578,1.436861,1.364874,3.506065,1.364874,3.506065,0.250000,0.000000,1.000000
12780.000000,1.353479,3.507467,-1.139550,0.140259,0.000000,1.000000,0.000000,3.000000,0.000000,0.630615,1.207868,0.165230,-1.196513,-1.406213,0.000000,0.000000,0.000000,65535.000000,5.612578,1.436861,1.353479,3.507467,1.353479,3.507467,0.250000,0.000000,1.000000
12790.000000,1.342431,3.508793,-1.104758,0.132590,0.000000,1.000000,0.000000,3.000000,0.000000,0.530685,1.148149,0.153136,-1.137891,-1.585677,0.000000,0.000000,0.000000,65535.000000,5.612578,1.436861,1.342431,3.508793,1.342431,3.508793,0.250000,0.000000,1.000000
12800.000000,1.331716,3.510137,-1.071503,0.134382,0.000000,1.000000,0.000000,3.000000,0.000000,0.397542,1.112686,0.144402,-1.103276,-1.825137,0.000000,0.000000,0.000000,65535.000000,5.612578,1.436861,1.331716,3.510137,1.331716,3.510137,0.250000,0.000000,1.000000
12810.000000,1.321488,3.511444,-1.022834,0.130699,0.000000,1.000000,0.000000,3.000000,0.000000,0.883370,1.079897,0.143619,-1.070304,-0.783792,0.000000,0.000000,0.000000,65535.000000,5.612578,1.436861,1.321488,3.511444,1.321488,3.511444,0.250000,0.000000,1.000000
12820.000000,1.311731,3.512536,-0.975621,0.109247,0.000000,1.000000,0.000000,3.000000,0.000000,0.975499,1.031151,0.138558,-1.021799,0.152207,0.000000,0.000000,0.000000,65535.000000,5.612578,1.436861,1.311731,3.512536,1.311731,3.512536,0.250000,0.000000,1.000000
12830.000000,1.302709,3.513415,-0.902264,0.087847,0.000000,1.000000,0.000000,3.000000,0.000000,0.975499,0.981719,0.116478,-0.974785,0.151975,0.000000,0.000000,0.000000,65535.000000,5.612578,1.436861,1.302709,3.513415,1.302709,3.513415,0.250000,0.000000,1.000000
12840.000000,1.294249,3.514061,-0.845962,0.064647,0.000000,1.000000,0.000000,3.000000,0.000000,2.047084,0.906530,0.092453,-0.901803,3.252462,0.000000,0.000000,0.000000,65535.000000,5.612578,1.436861,1.294249,3.514061,1.294249,3.514061,0.250000,0.000000,1.000000
12850.000000,1.286025,3.514605,-0.822437,0.054411,0.000000,1.000000,0.000000,3.000000,0.000000,2.230199,0.848429,0.064617,-0.845964,3.680264,0.000000,0.000000,0.000000,65535.000000,5.612578,1.436861,1.286025,3.514605,1.286025,3.514605,0.250000,0.000000,1.000000
12860.000000,1.277937,3.515302,-0.808765,0.069685,0.000000,1.000000,0.000000,3.000000,0.000000,2.230199,0.824235,0.050143,-0.822708,3.549502,0.000000,0.000000,0.000000,65535.000000,5.612578,1.436861,1.277937,3.515302,1.277937,3.515302,0.250000,0.000000,1.000000
12870.000000,1.270220,3.516114,-0.771711,0.081176,0.000000,1.000000,0.000000,3.000000,0.000000,1.955427,0.811761,0.065462,-0.809118,3.322145,0.000000,0.000000,0.000000,65535.000000,5.612578,1.436861,1.270220,3.516114,1.270220,3.516114,0.250000,0.000000,1.000000
12880.000000,1.262799,3.516944,-0.742124,0.083035,0.000000,1.000000,0.000000,3.000000,0.000000,1.955427,0.775969,0.080102,-0.771823,3.215223,0.000000,0.000000,0.000000,65535.000000,5.612578,1.436861,1.262799,3.516944,1.262799,3.516944,0.250000,0.000000,1.000000
12890.000000,1.256032,3.517382,-0.676709,0.043797,0.000000,1.000000,0.000000,3.000000,0.000000,1.955427,0.746755,0.083857,-0.742032,3.111888,0.000000,0.000000,0.000000,65535.000000,5.612578,1.436861,1.256032,3.517382,1.256032,3.517382,0.250000,0.000000,1.000000
12900.000000,1.248985,3.517943,-0.704665,0.056058,0.000000,1.000000,0.000000,3.000000,0.000000,1.761975,0.701096,0.063265,-0.698236,0.670093,0.000000,0.000000,0.000000,65535.000000,5.612578,1.436861,1.248985,3.517943,1.248985,3.517943,0.250000,0.000000,1.000000
12910.000000,1.242131,3.518667,-0.685409,0.072389,0.000000,1.000000,0.000000,3.000000,0.000000,1.761975,0.685173,0.031648,-0.684442,0.665629,0.000000,0.000000,0.000000,65535.000000,5.612578,1.436861,1.242131,3.518667,1.242131,3.518667,0.250000,0.000000,1.000000
12920.000000,1.235760,3.519330,-0.637063,0.066303,0.000000,1.000000,0.000000,3.000000,0.000000,1.750740,0.671973,0.013544,-0.671837,0.933792,0.000000,0.000000,0.000000,65535.000000,5.612578,1.436861,1.235760,3.519330,1.235760,3.519330,0.250000,0.000000,1.000000
12930.000000,1.230237,3.519768,-0.552367,0.043831,0.000000,1.000000,0.000000,3.000000,0.000000,1.371219,0.624252,0.012895,-0.624118,1.054932,0.000000,0.000000,0.000000,65535.000000,5.612578,1.436861,1.230237,3.519768,1.230237,3.519768,0.250000,0.000000,1.000000
12940.000000,1.225558,3.520170,-0.467853,0.040246,0.000000,1.000000,0.000000,3.000000,0.000000,1.368066,0.548967,0.033433,-0.547948,1.114251,0.000000,0.000000,0.000000,65535.000000,5.612578,1.436861,1.225558,3.520170,1.225558,3.520170,0.250000,0.000000,1.000000
12950.000000,1.220786,3.520739,-0.477240,0.056845,0.000000,1.000000,0.000000,3.000000,0.000000,1.831049,0.495527,0.057165,-0.492219,1.579580,0.000000,0.000000,0.000000,65535.000000,5.612578,1.436861,1.220786,3.520739,1.220786,3.520739,0.250000,0.000000,1.000000
12960.000000,1.216030,3.521146,-0.475626,0.040686,0.000000,1.000000,0.000000,3.000000,0.000000,1.831049,0.480613,0.050147,-0.477990,1.554993,0.000000,0.000000,0.000000,65535.000000,5.612578,1.436861,1.216030,3.521146,1.216030,3.521146,0.250000,0.000000,1.000000
12970.000000,1.211476,3.521470,-0.455348,0.032439,0.000000,1.000000,0.000000,3.000000,0.000000,1.780664,0.477363,0.034061,-0.476147,1.531159,0.000000,0.000000,0.000000,65535.000000,5.612578,1.436861,1.211476,3.521470,1.211476,3.521470,0.250000,0.000000,1.000000
12980.000000,1.206925,3.521919,-0.455064,0.044896,0.000000,1.000000,0.000000,3.000000,0.000000,1.151477,0.456502,0.026802,-0.455715,0.327632,0.000000,0.000000,0.000000,65535.000000,5.612578,1.436861,1.206925,3.521919,1.206925,3.521919,0.250000,0.000000,1.000000
12990.000000,1.202459,3.522421,-0.446609,0.050218,0.000000,1.000000,0.000000,3.000000,0.000000,1.081561,0.457273,0.039355,-0.455577,0.170125,0.000000,0.000000,0.000000,65535.000000,5.612578,1.436861,1.202459,3.522421,1.202459,3.522421,0.250000,0.000000,1.000000
13000.000000,1.198251,3.522902,-0.420794,0.048089,0.000000,1.000000,0.000000,3.000000,0.000000,1.156861,0.449424,0.044445,-0.447221,-0.744828,0.000000,0.000000,0.000000,65535.000000,5.612578,1.436861,1.198251,3.522902,1.198251,3.522902,0.250000,0.000000,1.000000
13010.000000,1.194404,3.523457,-0.384760,0.055523,0.000000,1.000000,0.000000,3.000000,0.000000,0.650182,0.423533,0.042337,-0.421411,-1.423572,0.000000,0.000000,0.000000,65535.000000,5.612578,1.436861,1.194404,3.523457,1.194404,3.523457,0.250000,0.000000,1.000000
13020.000000,1.190868,3.524067,-0.353574,0.060978,0.000000,1.000000,0.000000,3.000000,0.000000,0.804910,0.388746,0.049547,-0.385575,-1.132229,0.000000,0.000000,0.000000,65535.000000,5.612578,1.436861,1.190868,3.524067,1.190868,3.524067,0.250000,0.000000,1.000000
13030.000000,1.187557,3.524639,-0.331074,0.057194,0.000000,1.000000,0.000000,3.000000,0.000000,0.667874,0.358794,0.054629,-0.354611,-1.099765,0.000000,0.000000,0.000000,65535.000000,5.612578,1.436861,1.187557,3.524639,1.187557,3.524639,0.250000,0.000000,1.000000
13040.000000,1.184356,3.525148,-0.320111,0.050933,0.000000,1.000000,0.000000,3.000000,0.000000,0.754481,0.335977,0.050552,-0.332153,-1.008412,0.000000,0.000000,0.000000,65535.000000,5.612578,1.436861,1.184356,3.525148,1.184356,3.525148,0.250000,0.000000,1.000000
13050.000000,1.181357,3.525458,-0.299959,0.030985,0.000000,1.000000,0.000000,3.000000,0.000000,0.777551,0.324138,0.044124,-0.321120,-0.290095,0.000000,0.000000,0.000000,65535.000000,5.612578,1.436861,1.181357,3.525458,1.181357,3.525458,0.250000,0.000000,1.000000
13060.000000,1.178491,3.525502,-0.286533,0.004331,0.000000,1.000000,0.000000,3.000000,0.000000,0.801858,0.301556,0.024475,-0.300561,-0.205008,0.000000,0.000000,0.000000,65535.000000,5.612578,1.436861,1.178491,3.525502,1.178491,3.525502,0.250000,0.000000,1.000000
13070.000000,1.175821,3.525485,-0.267040,-0.001693,0.000000,1.000000,0.000000,3.000000,0.000000,0.801858,0.286565,-0.001982,-0.286559,-0.204588,0.000000,0.000000,0.000000,65535.000000,5.612578,1.436861,1.175821,3.525485,1.175821,3.525485,0.250000,0.000000,1.000000
13080.000000,1.173294,3.525568,-0.252689,0.008335,0.000000,1.000000,0.000000,3.000000,0.000000,0.759906,0.267045,-0.007760,-0.266933,-0.299171,0.000000,0.000000,0.000000,65535.000000,5.612578,1.436861,1.173294,3.525568,1.173294,3.525568,0.250000,0.000000,1.000000
13090.000000,1.170882,3.525661,-0.241238,0.009217,1.000000,2.000000,1.000000,3.000000,1.000000,0.435169,0.252826,0.002432,-0.252815,-1.379123,0.000000,0.000000,0.000000,65535.000000,5.612578,1.436861,1.170882,3.525661,1.170882,3.525661,0.250000,0.000000,1.000000
13100.000000,1.168627,3.525672,-0.225453,0.001144,1.000000,2.000000,1.000000,3.000000,1.000000,0.453528,0.241414,0.003456,-0.241389,-1.332589,1.000000,0.000000,1.000000,2.000000,1.170882,3.525661,1.000000,3.500000,1.000000,3.500000,0.029859,1.000000,1.000000
13110.000000,0.998003,3.500031,-0.199737,0.003085,1.000000,2.000000,1.000000,3.000000,1.000000,0.661583,0.225456,-0.004420,-0.225413,-0.575354,0.000000,0.000000,1.000000,2.000000,1.170882,3.525661,0.998003,3.500031,0.998003,3.500031,0.029859,1.000000,1.000000
13120.000000,0.996316,3.500122,-0.168646,0.009103,1.000000,2.000000,1.000000,3.000000,1.000000,0.661583,0.199760,-0.002060,-0.199750,-0.572059,0.000000,0.000000,1.000000,2.000000,1.170882,3.525661,0.996316,3.500122,0.996316,3.500122,0.029859,1.000000,1.000000
13130.000000,0.994959,3.500271,-0.135707,0.014957,1.000000,2.000000,1.000000,3.000000,1.000000,0.632747,0.168892,0.004623,-0.168829,-0.656669,0.000000,0.000000,1.000000,2.000000,1.170882,3.525661,0.994959,3.500271,0.994959,3.500271,0.029859,1.000000,1.000000
13140.000000,0.993866,3.500436,-0.109333,0.016424,1.000000,2.000000,1.000000,3.000000,1.000000,0.274068,0.136529,0.011344,-0.136057,-1.713059,0.000000,0.000000,1.000000,2.000000,1.170882,3.525661,0.993866,3.500436,0.993866,3.500436,0.029859,1.000000,1.000000
13150.000000,0.992955,3.500602,-0.091083,0.016652,1.000000,2.000000,1.000000,3.000000,1.000000,0.248221,0.110560,0.013507,-0.109732,-1.866171,0.000000,0.000000,1.000000,2.000000,1.170882,3.525661,0.992955,3.500602,0.992955,3.500602,0.029859,1.000000,1.000000
13160.000000,0.992239,3.500755,-0.071636,0.015294,1.000000,2.000000,1.000000,3.000000,1.000000,0.199566,0.092593,0.014182,-0.091500,-1.944283,0.000000,0.000000,1.000000,2.000000,1.170882,3.525661,0.992239,3.500755,0.992239,3.500755,0.029859,1.000000,1.000000
13170.000000,0.991737,3.500858,-0.050152,0.010293,1.000000,2.000000,1.000000,3.000000,1.000000,0.222256,0.073250,0.013287,-0.072035,-1.852843,0.000000,0.000000,1.000000,2.000000,1.170882,3.525661,0.991737,3.500858,0.991737,3.500858,0.029859,1.000000,1.000000
13180.000000,0.991436,3.500902,-0.030153,0.004398,1.000000,2.000000,1.000000,3.000000,1.000000,0.222256,0.051197,0.008813,-0.050433,-1.819104,0.000000,0.000000,1.000000,2.000000,1.170882,3.525661,0.991436,3.500902,0.991436,3.500902,0.029859,1.000000,1.000000
13190.000000,0.991436,3.500902,0.000000,0.000000,1.000000,2.000000,1.000000,3.000000,1.000000,0.204330,0.030472,0.003448,-0.030277,-1.884210,0.000000,0.000000,1.000000,2.000000,1.170882,3.525661,0.991436,3.500902,0.991436,3.500902,0.029859,1.000000,1.000000
13200.000000,0.991436,3.500902,0.000000,0.000000,1.000000,2.000000,1.000000,3.000000,1.000000,0.137142,0.013766,0.000155,-0.013765,-1.989921,0.000000,0.000000,1.000000,2.000000,1.170882,3.525661,0.991436,3.500902,0.991436,3.500902,0.029859,1.000000,1.000000
13210.000000,0.991436,3.500902,0.000000,0.000000,0.000000,2.000000,0.000000,3.000000,2.000000,0.102591,0.002965,-0.002522,-0.001559,-2.077045,0.000000,0.000000,1.000000,2.000000,1.170882,3.525661,0.991436,3.500902,0.991436,3.500902,0.029859,1.000000,1.000000
13220.000000,0.991436,3.500902,0.000000,0.000000,0.000000,2.000000,0.000000,3.000000,2.000000,0.079775,0.007252,-0.004166,0.005936,-2.060344,0.000000,0.000000,1.000000,2.000000,1.170882,3.525661,0.991436,3.500902,0.991436,3.500902,0.029859,1.000000,1.000000
13230.000000,0.991436,3.500902,0.000000,0.000000,0.000000,2.000000,0.000000,3.000000,2.000000,0.079775,0.009600,-0.004520,0.008470,-2.018709,0.000000,0.000000,1.000000,2.000000,1.170882,3.525661,0.991436,3.500902,0.991436,3.500902,0.029859,1.000000,1.000000
13240.000000,0.991436,3.500902,0.000000,0.000000,0.000000,2.000000,0.000000,3.000000,2.000000,0.075017,0.009860,-0.004738,0.008647,-1.988266,0.000000,0.000000,1.000000,2.000000,1.170882,3.525661,0.991436,3.500902,0.991436,3.500902,0.029859,1.000000,1.000000
13250.000000,0.991436,3.500902,0.000000,0.000000,0.000000,2.000000,0.000000,3.000000,2.000000,0.075017,0.008841,-0.004872,0.007377,-2.004381,0.000000,0.000000,1.000000,2.000000,1.170882,3.525661,0.991436,3.500902,0.991436,3.500902,0.029859,1.000000,1.000000
13260.000000,0.991436,3.500902,0.000000,0.000000,0.000000,2.000000,0.000000,3.000000,2.000000,0.068739,0.007196,-0.004954,0.005219,-1.998111,0.000000,0.000000,1.000000,2.000000,1.170882,3.525661,0.991436,3.500902,0.991436,3.500902,0.029859,1.000000,1.000000
13270.000000,0.991436,3.500902,0.000000,0.000000,0.000000,2.000000,0.000000,3.000000,2.000000,0.066901,0.004471,-0.003696,0.002515,-1.927706,0.000000,0.000000,1.000000,2.000000,1.170882,3.525661,0.991436,3.500902,0.991436,3.500902,0.029859,1.000000,1.000000
13280.000000,0.991436,3.500902,0.000000,0.000000,0.000000,2.000000,0.000000,3.000000,2.000000,0.036725,0.004318,-0.004232,0.000855,-1.891212,0.000000,0.000000,1.000000,2.000000,1.170882,3.525661,0.991436,3.500902,0.991436,3.500902,0.029859,1.000000,1.000000
13290.000000,0.991436,3.500902,0.000000,0.000000,0.000000,2.000000,0.000000,3.000000,2.000000,0.036725,0.003999,-0.003907,-0.000854,-1.856075,0.000000,0.000000,1.000000,2.000000,1.170882,3.525661,0.991436,3.500902,0.991436,3.500902,0.029859,1.000000,1.000000
13300.000000,0.991436,3.500902,0.000000,0.000000,0.000000,2.000000,0.000000,3.000000,2.000000,0.031357,0.004167,-0.003707,-0.001903,-1.830118,0.000000,0.000000,1.000000,2.000000,1.170882,3.525661,0.991436,3.500902,0.991436,3.500902,0.029859,1.000000,1.000000
13310.000000,0.991436,3.500902,0.000000,0.000000,0.000000,2.000000,0.000000,3.000000,2.000000,0.031357,0.007216,-0.005548,-0.004615,-1.797194,0.000000,0.000000,1.000000,2.000000,1.170882,3.525661,0.991436,3.500902,0.991436,3.500902,0.029859,1.000000,1.000000
13320.000000,0.991436,3.500902,0.000000,0.000000,0.000000,2.000000,0.000000,3.000000,2.000000,0.035515,0.010115,-0.007332,-0.006969,-1.754476,0.000000,0.000000,1.000000,2.000000,1.170882,3.525661,0.991436,3.500902,0.991436,3.500902,0.029859,1.000000,1.000000
13330.000000,0.991436,3.500902,0.000000,0.000000,0.000000,2.000000,0.000000,3.000000,0.000000,0.039469,0.014759,-0.010390,-0.010483,-1.714602,0.000000,0.000000,1.000000,2.000000,1.170882,3.525661,0.991436,3.500902,0.991436,3.500902,0.029859,1.000000,1.000000
13340.000000,0.991436,3.500902,0.000000,0.000000,0.000000,2.000000,0.000000,3.000000,0.000000,0.039469,0.019840,-0.011613,-0.016086,-1.685671,0.000000,0.000000,1.000000,2.000000,1.170882,3.525661,0.991436,3.500902,0.991436,3.500902,0.029859,1.000000,1.000000
13350.000000,0.991156,3.500793,-0.027985,-0.010927,0.000000,2.000000,0.000000,3.000000,0.000000,0.060673,0.024045,-0.013019,-0.020216,-1.600029,0.000000,0.000000,1.000000,2.000000,1.170882,3.525661,0.991156,3.500793,0.991156,3.500793,0.029859,1.000000,1.000000
13360.000000,0.990755,3.500688,-0.040082,-0.010458,0.000000,2.000000,0.000000,3.000000,0.000000,0.087202,0.030043,-0.011919,-0.027577,-1.551142,0.000000,0.000000,1.000000,2.000000,1.170882,3.525661,0.990755,3.500688,0.990755,3.500688,0.029859,1.000000,1.000000
13370.000000,0.990232,3.500594,-0.052308,-0.009337,0.000000,2.000000,0.000000,3.000000,0.000000,0.144169,0.041424,-0.011898,-0.039679,-1.483990,0.000000,0.000000,1.000000,2.000000,1.170882,3.525661,0.990232,3.500594,0.990232,3.500594,0.029859,1.000000,1.000000
13380.000000,0.989546,3.500557,-0.068603,-0.003715,0.000000,2.000000,0.000000,3.000000,0.000000,0.221393,0.053135,-0.011231,-0.051934,-1.304537,0.000000,0.000000,1.000000,2.000000,1.170882,3.525661,0.989546,3.500557,0.989546,3.500557,0.029859,1.000000,1.000000
13390.000000,0.988611,3.500626,-0.093512,0.006910,0.000000,2.000000,0.000000,3.000000,0.000000,0.294834,0.068704,-0.006241,-0.068420,-1.136800,0.000000,0.000000,1.000000,2.000000,1.170882,3.525661,0.988611,3.500626,0.988611,3.500626,0.029859,1.000000,1.000000
13400.000000,0.987388,3.500844,-0.122271,0.021820,0.000000,2.000000,0.000000,3.000000,0.000000,0.294834,0.093767,0.003364,-0.093706,-1.124009,0.000000,0.000000,1.000000,2.000000,1.170882,3.525661,0.987388,3.500844,0.987388,3.500844,0.029859,1.000000,1.000000
13410.000000,0.986148,3.500437,-0.123988,-0.040803,0.000000,2.000000,0.000000,3.000000,0.000000,0.260136,0.124202,0.017113,-0.123018,-1.111503,0.000000,0.000000,1.000000,2.000000,1.170882,3.525661,0.986148,3.500437,0.986148,3.500437,0.029859,1.000000,1.000000
13420.000000,0.984608,3.499990,-0.154026,-0.044668,0.000000,2.000000,0.000000,3.000000,0.000000,0.370538,0.153835,0.027518,-0.151354,-1.053847,0.000000,0.000000,1.000000,2.000000,1.170882,3.525661,0.984608,3.499990,0.984608,3.499990,0.029859,1.000000,1.000000
13430.000000,0.982716,3.499456,-0.189131,-0.053388,0.000000,2.000000,0.000000,3.000000,0.000000,0.451266,0.185560,0.029326,-0.183228,-1.042846,0.000000,0.000000,1.000000,2.000000,1.170882,3.525661,0.982716,3.499456,0.982716,3.499456,0.029859,1.000000,1.000000
13440.000000,0.980747,3.498821,-0.196905,-0.063503,0.000000,2.000000,0.000000,3.000000,0.000000,0.371800,0.205546,0.016698,-0.204866,-1.050894,0.000000,0.000000,1.000000,2.000000,1.170882,3.525661,0.980747,3.498821,0.980747,3.498821,0.029859,1.000000,1.000000
13450.000000,0.978702,3.498072,-0.204548,-0.074891,0.000000,2.000000,0.000000,3.000000,0.000000,0.399815,0.201000,0.005673,-0.200920,-0.998548,0.000000,0.000000,1.000000,2.000000,1.170882,3.525661,0.978702,3.498072,0.978702,3.498072,0.029859,1.000000,1.000000
13460.000000,0.976641,3.497162,-0.206067,-0.090960,0.000000,2.000000,0.000000,3.000000,0.000000,0.399815,0.179944,-0.022686,-0.178508,-0.988666,0.000000,0.000000,1.000000,2.000000,1.170882,3.525661,0.976641,3.497162,0.976641,3.497162,0.029859,1.000000,1.000000
13470.000000,0.974919,3.496055,-0.172259,-0.110728,0.000000,2.000000,0.000000,3.000000,0.000000,0.399815,0.178729,-0.062343,-0.167504,-0.978978,0.000000,0.000000,1.000000,2.000000,1.170882,3.525661,0.974919,3.496055,0.974919,3.496055,0.029859,1.000000,1.000000
13480.000000,0.973320,3.494702,-0.159890,-0.135346,0.000000,2.000000,0.000000,3.000000,0.000000,0.686893,0.188769,-0.104357,-0.157301,-0.557510,0.000000,0.000000,1.000000,2.000000,1.170882,3.525661,0.973320,3.494702,0.973320,3.494702,0.029859,1.000000,1.000000
13490.000000,0.971677,3.493203,-0.164325,-0.149819,0.000000,2.000000,0.000000,3.000000,0.000000,0.741071,0.209484,-0.139966,-0.155861,-0.477341,0.000000,0.000000,1.000000,2.000000,1.170882,3.525661,0.971677,3.493203,0.971677,3.493203,0.029859,1.000000,1.000000
13500.000000,0.970080,3.491704,-0.159686,-0.149974,0.000000,2.000000,0.000000,3.000000,0.000000,0.741071,0.222370,-0.154634,-0.159802,-0.475072,0.000000,0.000000,1.000000,2.000000,1.170882,3.525661,0.970080,3.491704,0.970080,3.491704,0.029859,1.000000,1.000000
13510.000000,0.968395,3.490172,-0.168461,-0.153204,0.000000,2.000000,0.000000,3.000000,0.000000,0.737513,0.219070,-0.154481,-0.155329,-0.472823,0.000000,0.000000,1.000000,2.000000,1.170882,3.525661,0.968395,3.490172,0.968395,3.490172,0.029859,1.000000,1.000000
13520.000000,0.966522,3.488472,-0.187275,-0.169963,0.000000,2.000000,0.000000,3.000000,0.000000,0.597148,0.227708,-0.157658,-0.164301,-0.672842,0.000000,0.000000,1.000000,2.000000,1.170882,3.525661,0.966522,3.488472,0.966522,3.488472,0.029859,1.000000,1.000000
13530.000000,0.964623,3.486661,-0.189913,-0.181098,0.000000,2.000000,0.000000,3.000000,0.000000,0.463687,0.252902,-0.174656,-0.182906,-0.869243,0.000000,0.000000,1.000000,2.000000,1.170882,3.525661,0.964623,3.486661,0.964623,3.486661,0.029859,1.000000,1.000000
13540.000000,0.962829,3.484782,-0.179447,-0.187931,0.000000,2.000000,0.000000,3.000000,0.000000,0.425184,0.262419,-0.185747,-0.185368,-0.919701,0.000000,0.000000,1.000000,2.000000,1.170882,3.525661,0.962829,3.484782,0.962829,3.484782,0.029859,1.000000,1.000000
13550.000000,0.961071,3.482915,-0.175778,-0.186709,0.000000,2.000000,0.000000,3.000000,0.000000,0.340483,0.259845,-0.192557,-0.174473,-1.039122,0.000000,0.000000,1.000000,2.000000,1.170882,3.525661,0.961071,3.482915,0.961071,3.482915,0.029859,1.000000,1.000000
13560.000000,0.959205,3.481025,-0.186567,-0.188999,0.000000,2.000000,0.000000,3.000000,0.000000,0.331628,0.256434,-0.191505,-0.170541,-1.041164,0.000000,0.000000,1.000000,2.000000,1.170882,3.525661,0.959205,3.481025,0.959205,3.481025,0.029859,1.000000,1.000000
13570.000000,0.957414,3.479154,-0.179084,-0.187074,0.000000,2.000000,0.000000,3.000000,0.000000,0.332830,0.265571,-0.194130,-0.181223,-1.028632,0.000000,0.000000,1.000000,2.000000,1.170882,3.525661,0.957414,3.479154,0.957414,3.479154,0.029859,1.000000,1.000000
13580.000000,0.955784,3.477234,-0.163012,-0.192010,0.000000,2.000000,0.000000,3.000000,0.000000,0.332830,0.258975,-0.191816,-0.173996,-1.018148,0.000000,0.000000,1.000000,2.000000,1.170882,3.525661,0.955784,3.477234,0.955784,3.477234,0.029859,1.000000,1.000000
13590.000000,0.954265,3.475285,-0.151951,-0.194929,0.000000,2.000000,0.000000,3.000000,0.000000,0.305858,0.251875,-0.196284,-0.157841,-1.048676,0.000000,0.000000,1.000000,2.000000,1.170882,3.525661,0.954265,3.475285,0.954265,3.475285,0.029859,1.000000,1.000000
13600.000000,0.952717,3.473373,-0.154754,-0.191154,0.000000,2.000000,0.000000,3.000000,0.000000,0.208906,0.247156,-0.199027,-0.146543,-1.183110,0.000000,0.000000,1.000000,2.000000,1.170882,3.525661,0.952717,3.473373,0.952717,3.473373,0.029859,1.000000,1.000000
13610.000000,0.951204,3.471567,-0.151280,-0.180573,0.000000,2.000000,0.000000,3.000000,0.000000,0.208906,0.245944,-0.195477,-0.149256,-1.169262,0.000000,0.000000,1.000000,2.000000,1.170882,3.525661,0.951204,3.471567,0.951204,3.471567,0.029859,1.000000,1.000000
13620.000000,0.949859,3.469828,-0.134570,-0.173903,0.000000,2.000000,0.000000,3.000000,0.000000,0.372706,0.235568,-0.184792,-0.146097,-0.909681,0.000000,0.000000,1.000000,2.000000,1.170882,3.525661,0.949859,3.469828,0.949859,3.469828,0.029859,1.000000,1.000000
13630.000000,0.948654,3.468052,-0.120522,-0.177673,0.000000,2.000000,0.000000,3.000000,0.000000,0.393256,0.219889,-0.177578,-0.129682,-0.870867,0.000000,0.000000,1.000000,2.000000,1.170882,3.525661,0.948654,3.468052,0.948654,3.468052,0.029859,1.000000,1.000000
13640.000000,0.947479,3.466267,-0.117451,-0.178477,0.000000,2.000000,0.000000,3.000000,0.000000,0.393256,0.214694,-0.180999,-0.115468,-0.863341,0.000000,0.000000,1.000000,2.000000,1.170882,3.525661,0.947479,3.466267,0.947479,3.466267,0.029859,1.000000,1.000000
13650.000000,0.946314,3.464594,-0.116464,-0.167256,0.000000,2.000000,0.000000,3.000000,0.000000,0.534341,0.213656,-0.181791,-0.112254,-0.631403,0.000000,0.000000,1.000000,2.000000,1.170882,3.525661,0.946314,3.464594,0.946314,3.464594,0.029859,1.000000,1.000000
13660.000000,0.945324,3.463064,-0.099019,-0.153040,0.000000,2.000000,0.000000,3.000000,0.000000,0.534341,0.203810,-0.170501,-0.111660,-0.627437,0.000000,0.000000,1.000000,2.000000,1.170882,3.525661,0.945324,3.463064,0.945324,3.463064,0.029859,1.000000,1.000000
13670.000000,0.944700,3.461778,-0.062402,-0.128630,0.000000,2.000000,0.000000,3.000000,0.000000,0.503917,0.182280,-0.155718,-0.094752,-0.623521,0.000000,0.000000,1.000000,2.000000,1.170882,3.525661,0.944700,3.461778,0.944700,3.461778,0.029859,1.000000,1.000000
13680.000000,0.944281,3.460661,-0.041928,-0.111616,0.000000,2.000000,0.000000,3.000000,0.000000,0.322098,0.142967,-0.130285,-0.058867,-0.867450,0.000000,0.000000,1.000000,2.000000,1.170882,3.525661,0.944281,3.460661,0.944281,3.460661,0.029859,1.000000,1.000000
13690.000000,0.943839,3.459543,-0.044152,-0.111886,0.000000,2.000000,0.000000,3.000000,0.000000,0.236496,0.119232,-0.112707,-0.038901,-0.922663,0.000000,0.000000,1.000000,2.000000,1.170882,3.525661,0.943839,3.459543,0.943839,3.459543,0.029859,1.000000,1.000000
13700.000000,0.943388,3.458350,-0.045094,-0.119236,0.000000,2.000000,0.000000,3.000000,0.000000,0.240644,0.120282,-0.113036,-0.041118,-0.985843,0.000000,0.000000,1.000000,2.000000,1.170882,3.525661,0.943388,3.458350,0.943388,3.458350,0.029859,1.000000,1.000000
13710.000000,0.942986,3.457124,-0.040217,-0.122566,0.000000,2.000000,0.000000,3.000000,0.000000,0.240644,0.127479,-0.120435,-0.041789,-0.976210,0.000000,0.000000,1.000000,2.000000,1.170882,3.525661,0.942986,3.457124,0.942986,3.457124,0.029859,1.000000,1.000000
13720.000000,0.942601,3.455905,-0.038542,-0.121955,0.000000,2.000000,0.000000,3.000000,0.000000,0.192694,0.128996,-0.123669,-0.036687,-1.022259,0.000000,0.000000,1.000000,2.000000,1.170882,3.525661,0.942601,3.455905,0.942601,3.455905,0.029859,1.000000,1.000000
13730.000000,0.942207,3.454762,-0.039369,-0.114325,0.000000,2.000000,0.000000,3.000000,0.000000,0.192694,0.127901,-0.123038,-0.034933,-1.011904,0.000000,0.000000,1.000000,2.000000,1.170882,3.525661,0.942207,3.454762,0.942207,3.454762,0.029859,1.000000,1.000000
13740.000000,0.941871,3.453670,-0.033659,-0.109171,0.000000,2.000000,0.000000,3.000000,0.000000,0.148108,0.120914,-0.115454,-0.035924,-1.147750,0.000000,0.000000,1.000000,2.000000,1.170882,3.525661,0.941871,3.453670,0.941871,3.453670,0.029859,1.000000,1.000000
13750.000000,0.941638,3.452634,-0.023221,-0.103595,0.000000,2.000000,0.000000,3.000000,0.000000,0.116161,0.114242,-0.110143,-0.030329,-1.152482,0.000000,0.000000,1.000000,2.000000,1.170882,3.525661,0.941638,3.452634,0.941638,3.452634,0.029859,1.000000,1.000000
13760.000000,0.941477,3.451652,-0.016092,-0.098232,0.000000,2.000000,0.000000,3.000000,0.000000,0.109632,0.106166,-0.104265,-0.020000,-1.189285,0.000000,0.000000,1.000000,2.000000,1.170882,3.525661,0.941477,3.451652,0.941477,3.451652,0.029859,1.000000,1.000000
13770.000000,0.941382,3.450721,-0.009594,-0.093048,0.000000,2.000000,0.000000,3.000000,0.000000,0.110288,0.099542,-0.098693,-0.012970,-1.174125,0.000000,0.000000,1.000000,2.000000,1.170882,3.525661,0.941382,3.450721,0.941382,3.450721,0.029859,1.000000,1.000000
13780.000000,0.941338,3.449809,-0.004311,-0.091220,0.000000,2.000000,0.000000,3.000000,0.000000,0.110288,0.093542,-0.093310,-0.006585,-1.160486,0.000000,0.000000,1.000000,2.000000,1.170882,3.525661,0.941338,3.449809,0.941338,3.449809,0.029859,1.000000,1.000000
13790.000000,0.941316,3.448974,-0.002203,-0.083517,0.000000,2.000000,0.000000,3.000000,0.000000,0.094514,0.091321,-0.091312,-0.001286,-1.157527,0.000000,0.000000,1.000000,2.000000,1.170882,3.525661,0.941316,3.448974,0.941316,3.448974,0.029859,1.000000,1.000000
13800.000000,0.941274,3.448220,-0.004208,-0.075405,0.000000,2.000000,0.000000,3.000000,0.000000,0.131543,0.083546,-0.083544,0.000589,-1.099689,0.000000,0.000000,1.000000,2.000000,1.170882,3.525661,0.941274,3.448220,0.941274,3.448220,0.029859,1.000000,1.000000
13810.000000,0.941262,3.447540,-0.001184,-0.067946,0.000000,2.000000,0.000000,3.000000,0.000000,0.133556,0.075522,-0.075503,-0.001706,-1.079864,0.000000,0.000000,1.000000,2.000000,1.170882,3.525661,0.941262,3.447540,0.941262,3.447540,0.029859,1.000000,1.000000
13820.000000,0.941263,3.446927,0.000054,-0.061380,0.000000,2.000000,0.000000,3.000000,0.000000,0.133556,0.067956,-0.067948,0.001020,-1.068316,0.000000,0.000000,1.000000,2.000000,1.170882,3.525661,0.941263,3.446927,0.941263,3.446927,0.029859,1.000000,1.000000
13830.000000,0.941279,3.446373,0.001580,-0.055407,0.000000,2.000000,0.000000,3.000000,0.000000,0.126716,0.061380,-0.061347,0.002005,-1.057013,0.000000,0.000000,1.000000,2.000000,1.170882,3.525661,0.941279,3.446373,0.941279,3.446373,0.029859,1.000000,1.000000
13840.000000,0.941320,3.445907,0.004074,-0.046548,0.000000,2.000000,0.000000,3.000000,0.000000,0.112145,0.055430,-0.055332,0.003299,-1.053270,0.000000,0.000000,1.000000,2.000000,1.170882,3.525661,0.941320,3.445907,0.941320,3.445907,0.029859,1.000000,1.000000
13850.000000,0.941383,3.445529,0.006397,-0.037854,0.000000,2.000000,0.000000,3.000000,0.000000,0.111620,0.046726,-0.046404,0.005472,-1.044617,0.000000,0.000000,1.000000,2.000000,1.170882,3.525661,0.941383,3.445529,0.941383,3.445529,0.029859,1.000000,1.000000
13860.000000,0.941442,3.445224,0.005814,-0.030490,0.000000,2.000000,0.000000,3.000000,0.000000,0.093131,0.038390,-0.037652,0.007496,-1.117313,0.000000,0.000000,1.000000,2.000000,1.170882,3.525661,0.941442,3.445224,0.941442,3.445224,0.029859,1.000000,1.000000
13870.000000,0.941442,3.445224,0.000000,0.000000,0.000000,2.000000,0.000000,3.000000,0.000000,0.086104,0.031040,-0.030315,0.006670,-1.097134,0.000000,0.000000,1.000000,2.000000,1.170882,3.525661,0.941442,3.445224,0.941442,3.445224,0.029859,1.000000,1.000000
13880.000000,0.941442,3.445224,0.000000,0.000000,0.000000,2.000000,0.000000,3.000000,0.000000,0.091021,0.024467,-0.023847,0.005474,-1.079351,0.000000,0.000000,1.000000,2.000000,1.170882,3.525661,0.941442,3.445224,0.941442,3.445224,0.029859,1.000000,1.000000
13890.000000,0.941442,3.445224,0.000000,0.000000,0.000000,2.000000,0.000000,3.000000,0.000000,0.110807,0.019550,-0.018568,0.006118,-1.067814,0.000000,0.000000,1.000000,2.000000,1.170882,3.525661,0.941442,3.445224,0.941442,3.445224,0.029859,1.000000,1.000000
13900.000000,0.941442,3.445224,0.000000,0.000000,0.000000,2.000000,0.000000,3.000000,0.000000,0.112440,0.011175,-0.010746,0.003067,-1.056521,0.000000,0.000000,1.000000,2.000000,1.170882,3.525661,0.941442,3.445224,0.941442,3.445224,0.029859,1.000000,1.000000
13910.000000,0.941442,3.445224,0.000000,0.000000,0.000000,2.000000,0.000000,3.000000,0.000000,0.078715,0.006477,-0.005944,0.002573,-1.093115,0.000000,0.000000,1.000000,2.000000,1.170882,3.525661,0.941442,3.445224,0.941442,3.445224,0.029859,1.000000,1.000000
13920.000000,0.941442,3.445224,0.000000,0.000000,0.000000,2.000000,0.000000,3.000000,0.000000,0.057506,0.002350,-0.002341,0.000201,-1.099312,0.000000,0.000000,1.000000,2.000000,1.170882,3.525661,0.941442,3.445224,0.941442,3.445224,0.029859,1.000000,1.000000
13930.000000,0.941442,3.445224,0.000000,0.000000,0.000000,2.000000,0.000000,3.000000,0.000000,0.057506,0.000968,0.000525,0.000813,-1.087347,0.000000,0.000000,1.000000,2.000000,1.170882,3.525661,0.941442,3.445224,0.941442,3.445224,0.029859,1.000000,1.000000
13940.000000,0.941442,3.445224,0.000000,0.000000,0.000000,2.000000,0.000000,3.000000,0.000000,0.057506,0.003785,0.003594,0.001188,-1.075639,0.000000,0.000000,1.000000,2.000000,1.170882,3.525661,0.941442,3.445224,0.941442,3.445224,0.029859,1.000000,1.000000
13950.000000,0.941442,3.445224,0.000000,0.000000,0.000000,2.000000,0.000000,3.000000,0.000000,0.046962,0.004099,0.003515,0.002108,-1.065761,0.000000,0.000000,1.000000,2.000000,1.170882,3.525661,0.941442,3.445224,0.941442,3.445224,0.029859,1.000000,1.000000
13960.000000,0.941442,3.445224,0.000000,0.000000,0.000000,2.000000,0.000000,3.000000,0.000000,0.046962,0.005780,0.005429,0.001984,-1.054512,0.000000,0.000000,1.000000,2.000000,1.170882,3.525661,0.941442,3.445224,0.941442,3.445224,0.029859,1.000000,1.000000
13970.000000,0.941442,3.445224,0.000000,0.000000,0.000000,2.000000,0.000000,3.000000,0.000000,0.033878,0.005323,0.005296,0.000529,-1.065289,0.000000,0.000000,1.000000,2.000000,1.170882,3.525661,0.941442,3.445224,0.941442,3.445224,0.029859,1.000000,1.000000
13980.000000,0.941442,3.445224,0.000000,0.000000,0.000000,2.000000,0.000000,3.000000,0.000000,0.033878,0.006111,0.005869,0.001703,-1.054049,0.000000,0.000000,1.000000,2.000000,1.170882,3.525661,0.941442,3.445224,0.941442,3.445224,0.029859,1.000000,1.000000
13990.000000,0.941442,3.445224,0.000000,0.000000,0.000000,2.000000,0.000000,3.000000,0.000000,0.019226,0.004273,0.004258,0.000356,-1.065458,0.000000,0.000000,1.000000,2.000000,1.170882,3.525661,0.941442,3.445224,0.941442,3.445224,0.029859,1.000000,1.000000
14000.000000,0.941442,3.445224,0.000000,0.000000,0.000000,2.000000,0.000000,3.000000,0.000000,0.010250,0.004236,0.003923,0.001597,-1.056564,0.000000,0.000000,1.000000,2.000000,1.170882,3.525661,0.941442,3.445224,0.941442,3.445224,0.029859,1.000000,1.000000
14010.000000,0.941442,3.445224,0.000000,0.000000,0.000000,2.000000,0.000000,3.000000,0.000000,0.008854,0.002601,0.002409,0.000981,-1.049485,0.000000,0.000000,1.000000,2.000000,1.170882,3.525661,0.941442,3.445224,0.941442,3.445224,0.029859,1.000000,1.000000
14020.000000,0.941442,3.445224,0.000000,0.000000,0.000000,2.000000,0.000000,3.000000,0.000000,0.008104,0.001597,0.001479,0.000602,-1.038575,0.000000,0.000000,1.000000,2.000000,1.170882,3.525661,0.941442,3.445224,0.941442,3.445224,0.029859,1.000000,1.000000
14030.000000,0.941442,3.445224,0.000000,0.000000,0.000000,2.000000,0.000000,3.000000,0.000000,0.009236,0.000980,0.000908,0.000370,-1.028233,0.000000,0.000000,1.000000,2.000000,1.170882,3.525661,0.941442,3.445224,0.941442,3.445224,0.029859,1.000000,1.000000
14040.000000,0.941442,3.445224,0.000000,0.000000,0.000000,2.000000,0.000000,3.000000,0.000000,0.009236,0.000602,0.000558,0.000227,-1.019210,0.000000,0.000000,1.000000,2.000000,1.170882,3.525661,0.941442,3.445224,0.941442,3.445224,0.029859,1.000000,1.000000
14050.000000,0.941442,3.445224,0.000000,0.000000,0.000000,2.000000,0.000000,3.000000,0.000000,0.009236,0.000370,0.000342,0.000139,-1.003910,0.000000,0.000000,1.000000,2.000000,1.170882,3.525661,0.941442,3.445224,0.941442,3.445224,0.029859,1.000000,1.000000
14060.000000,0.941442,3.445224,0.000000,0.000000,0.000000,2.000000,0.000000,3.000000,0.000000,0.009460,0.000227,0.000210,0.000086,-0.993616,0.000000,0.000000,1.000000,2.000000,1.170882,3.525661,0.941442,3.445224,0.941442,3.445224,0.029859,1.000000,1.000000
14070.000000,0.941442,3.445224,0.000000,0.000000,0.000000,2.000000,0.000000,3.000000,0.000000,0.012526,0.000139,0.000129,0.000053,-0.983831,0.000000,0.000000,1.000000,2.000000,1.170882,3.525661,0.941442,3.445224,0.941442,3.445224,0.029859,1.000000,1.000000
14080.000000,0.941442,3.445224,0.000000,0.000000,0.000000,2.000000,0.000000,3.000000,0.000000,0.013908,0.000086,0.000079,0.000032,-0.974173,0.000000,0.000000,1.000000,2.000000,1.170882,3.525661,0.941442,3.445224,0.941442,3.445224,0.029859,1.000000,1.000000
14090.000000,0.941442,3.445224,0.000000,0.000000,0.000000,2.000000,0.000000,3.000000,0.000000,0.013908,0.000053,0.000049,0.000020,-0.964765,0.000000,0.000000,1.000000,2.000000,1.170882,3.525661,0.941442,3.445224,0.941442,3.445224,0.029859,1.000000,1.000000
14100.000000,0.941442,3.445224,0.000000,0.000000,0.000000,2.000000,0.000000,3.000000,0.000000,0.013714,0.000032,0.000030,0.000012,-0.957584,0.000000,0.000000,1.000000,2.000000,1.170882,3.525661,0.941442,3.445224,0.941442,3.445224,0.029859,1.000000,1.000000
14110.000000,0.941442,3.445224,0.000000,0.000000,0.000000,2.000000,0.000000,3.000000,0.000000,0.009015,0.000020,0.000018,0.000007,-0.952364,0.000000,0.000000,1.000000,2.000000,1.170882,3.525661,0.941442,3.445224,0.941442,3.445224,0.029859,1.000000,1.000000
14120.000000,0.941442,3.445224,0.000000,0.000000,0.000000,2.000000,0.000000,3.000000,0.000000,0.009878,0.000012,0.000011,0.000005,-0.943548,0.000000,0.000000,1.000000,2.000000,1.170882,3.525661,0.941442,3.445224,0.941442,3.445224,0.029859,1.000000,1.000000
14130.000000,0.941442,3.445224,0.000000,0.000000,0.000000,2.000000,0.000000,3.000000,0.000000,0.009878,0.000007,0.000007,0.000003,-0.934603,0.000000,0.000000,1.000000,2.000000,1.170882,3.525661,0.941442,3.445224,0.941442,3.445224,0.029859,1.000000,1.000000
14140.000000,0.941442,3.445224,0.000000,0.000000,0.000000,2.000000,0.000000,3.000000,0.000000,0.009294,0.000005,0.000004,0.000002,-0.924708,0.000000,0.000000,1.000000,2.000000,1.170882,3.525661,0.941442,3.445224,0.941442,3.445224,0.029859,1.000000,1.000000
14150.000000,0.941442,3.445224,0.000000,0.000000,0.000000,2.000000,0.000000,3.000000,0.000000,0.009222,0.000003,0.000003,0.000001,-0.914523,0.000000,0.000000,1.000000,2.000000,1.170882,3.525661,0.941442,3.445224,0.941442,3.445224,0.029859,1.000000,1.000000
14160.000000,0.941442,3.445224,0.000000,0.000000,0.000000,2.000000,0.000000,3.000000,0.000000,0.011261,0.000002,0.000002,0.000001,-0.906227,0.000000,0.000000,1.000000,2.000000,1.170882,3.525661,0.941442,3.445224,0.941442,3.445224,0.029859,1.000000,1.000000
14170.000000,0.941442,3.445224,0.000000,0.000000,0.000000,2.000000,0.000000,3.000000,0.000000,0.011261,0.000001,0.000001,0.000000,-0.904600,0.000000,0.000000,1.000000,2.000000,1.170882,3.525661,0.941442,3.445224,0.941442,3.445224,0.029859,1.000000,1.000000
14180.000000,0.941442,3.445224,0.000000,0.000000,0.000000,2.000000,0.000000,3.000000,0.000000,0.011261,0.000001,0.000001,0.000000,-0.895390,0.000000,0.000000,1.000000,2.000000,1.170882,3.525661,0.941442,3.445224,0.941442,3.445224,0.029859,1.000000,1.000000
14190.000000,0.941442,3.445224,0.000000,0.000000,0.000000,2.000000,0.000000,3.000000,0.000000,0.008206,0.000000,0.000000,0.000000,-0.885850,0.000000,0.000000,1.000000,2.000000,1.170882,3.525661,0.941442,3.445224,0.941442,3.445224,0.029859,1.000000,1.000000
14200.000000,0.941442,3.445224,0.000000,0.000000,0.000000,2.000000,0.000000,3.000000,0.000000,0.008659,0.000000,0.000000,0.000000,-0.878064,0.000000,0.000000,1.000000,2.000000,1.170882,3.525661,0.941442,3.445224,0.941442,3.445224,0.029859,1.000000,1.000000
14210.000000,0.941442,3.445224,0.000000,0.000000,0.000000,2.000000,0.000000,3.000000,0.000000,0.009185,0.000000,0.000000,0.000000,-0.870413,0.000000,0.000000,1.000000,2.000000,1.170882,3.525661,0.941442,3.445224,0.941442,3.445224,0.029859,1.000000,1.000000
14220.000000,0.941442,3.445224,0.000000,0.000000,0.000000,2.000000,0.000000,3.000000,0.000000,0.009185,0.000000,0.000000,0.000000,-0.863380,0.000000,0.000000,1.000000,2.000000,1.170882,3.525661,0.941442,3.445224,0.941442,3.445224,0.029859,1.000000,1.000000
14230.000000,0.941442,3.445224,0.000000,0.000000,0.000000,2.000000,0.000000,3.000000,0.000000,0.009164,0.000000,0.000000,0.000000,-0.851790,0.000000,0.000000,1.000000,2.000000,1.170882,3.525661,0.941442,3.445224,0.941442,3.445224,0.029859,1.000000,1.000000
14240.000000,0.941442,3.445224,0.000000,0.000000,0.000000,2.000000,0.000000,3.000000,0.000000,0.009164,0.000000,0.000000,0.000000,-0.844589,0.000000,0.000000,1.000000,2.000000,1.170882,3.525661,0.941442,3.445224,0.941442,3.445224,0.029859,1.000000,1.000000
14250.000000,0.941442,3.445224,0.000000,0.000000,0.000000,2.000000,0.000000,3.000000,0.000000,0.008183,0.000000,0.000000,0.000000,-0.837511,0.000000,0.000000,1.000000,2.000000,1.170882,3.525661,0.941442,3.445224,0.941442,3.445224,0.029859,1.000000,1.000000
14260.000000,0.941442,3.445224,0.000000,0.000000,0.000000,2.000000,0.000000,3.000000,0.000000,0.006668,0.000000,0.000000,0.000000,-0.835299,0.000000,0.000000,1.000000,2.000000,1.170882,3.525661,0.941442,3.445224,0.941442,3.445224,0.029859,1.000000,1.000000
14270.000000,0.941442,3.445224,0.000000,0.000000,0.000000,2.000000,0.000000,3.000000,0.000000,0.005927,0.000000,0.000000,0.000000,-0.828373,0.000000,0.000000,1.000000,2.000000,1.170882,3.525661,0.941442,3.445224,0.941442,3.445224,0.029859,1.000000,1.000000
14280.000000,0.941442,3.445224,0.000000,0.000000,0.000000,2.000000,0.000000,3.000000,0.000000,0.005747,0.000000,0.000000,0.000000,-0.818003,0.000000,0.000000,1.000000,2.000000,1.170882,3.525661,0.941442,3.445224,0.941442,3.445224,0.029859,1.000000,1.000000
14290.000000,0.941442,3.445224,0.000000,0.000000,0.000000,2.000000,0.000000,3.000000,0.000000,0.005109,0.000000,0.000000,0.000000,-0.811359,0.000000,0.000000,1.000000,2.000000,1.170882,3.525661,0.941442,3.445224,0.941442,3.445224,0.029859,1.000000,1.000000
14300.000000,0.941442,3.445224,0.000000,0.000000,0.000000,2.000000,0.000000,3.000000,0.000000,0.004541,0.000000,0.000000,0.000000,-0.804823,0.000000,0.000000,1.000000,2.000000,1.170882,3.525661,0.941442,3.445224,0.941442,3.445224,0.029859,1.000000,1.000000
14310.000000,0.941442,3.445224,0.000000,0.000000,0.000000,2.000000,0.000000,3.000000,0.000000,0.004037,0.000000,0.000000,0.000000,-0.798364,0.000000,0.000000,1.000000,2.000000,1.170882,3.525661,0.941442,3.445224,0.941442,3.445224,0.029859,1.000000,1.000000
14320.000000,0.941442,3.445224,0.000000,0.000000,0.000000,2.000000,0.000000,3.000000,0.000000,0.003588,0.000000,0.000000,0.000000,-0.792034,0.000000,0.000000,1.000000,2.000000,1.170882,3.525661,0.941442,3.445224,0.941442,3.445224,0.029859,1.000000,1.000000
14330.000000,0.941442,3.445224,0.000000,0.000000,0.000000,2.000000,0.000000,3.000000,0.000000,0.003189,0.000000,0.000000,0.000000,-0.786219,0.000000,0.000000,1.000000,2.000000,1.170882,3.525661,0.941442,3.445224,0.941442,3.445224,0.029859,1.000000,1.000000
14340.000000,0.941442,3.445224,0.000000,0.000000,0.000000,2.000000,0.000000,3.000000,0.000000,0.002835,0.000000,0.000000,0.000000,-0.779187,0.000000,0.000000,1.000000,2.000000,1.170882,3.525661,0.941442,3.445224,0.941442,3.445224,0.029859,1.000000,1.000000
14350.000000,0.941442,3.445224,0.000000,0.000000,0.000000,2.000000,0.000000,3.000000,0.000000,0.002520,0.000000,0.000000,0.000000,-0.768441,0.000000,0.000000,1.000000,2.000000,1.170882,3.525661,0.941442,3.445224,0.941442,3.445224,0.029859,1.000000,1.000000
14360.000000,0.941442,3.445224,0.000000,0.000000,0.000000,2.000000,0.000000,3.000000,0.000000,0.002240,0.000000,0.000000,0.000000,-0.759437,0.000000,0.000000,1.000000,2.000000,1.170882,3.525661,0.941442,3.445224,0.941442,3.445224,0.029859,1.000000,1.000000
14370.000000,0.941442,3.445224,0.000000,0.000000,0.000000,2.000000,0.000000,3.000000,0.000000,0.001991,0.000000,0.000000,0.000000,-0.753707,0.000000,0.000000,1.000000,2.000000,1.170882,3.525661,0.941442,3.445224,0.941442,3.445224,0.029859,1.000000,1.000000
14380.000000,0.941442,3.445224,0.000000,0.000000,0.000000,2.000000,0.000000,3.000000,0.000000,0.001770,0.000000,0.000000,0.000000,-0.748225,0.000000,0.000000,1.000000,2.000000,1.170882,3.525661,0.941442,3.445224,0.941442,3.445224,0.029859,1.000000,1.000000
14390.000000,0.941442,3.445224,0.000000,0.000000,0.000000,2.000000,0.000000,3.000000,0.000000,0.001573,0.000000,0.000000,0.000000,-0.746565,0.000000,0.000000,1.000000,2.000000,1.170882,3.525661,0.941442,3.445224,0.941442,3.445224,0.029859,1.000000,1.000000
14400.000000,0.941442,3.445224,0.000000,0.000000,0.000000,2.000000,0.000000,3.000000,0.000000,0.001398,0.000000,0.000000,0.000000,-0.742778,0.000000,0.000000,1.000000,2.000000,1.170882,3.525661,0.941442,3.445224,0.941442,3.445224,0.029859,1.000000,1.000000
14410.000000,0.941442,3.445224,0.000000,0.000000,0.000000,2.000000,0.000000,3.000000,0.000000,0.001243,0.000000,0.000000,0.000000,-0.735876,0.000000,0.000000,1.000000,2.000000,1.170882,3.525661,0.941442,3.445224,0.941442,3.445224,0.029859,1.000000,1.000000
14420.000000,0.941442,3.445224,0.000000,0.000000,0.000000,2.000000,0.000000,3.000000,0.000000,0.001105,0.000000,0.000000,0.000000,-0.729139,0.000000,0.000000,1.000000,2.000000,1.170882,3.525661,0.941442,3.445224,0.941442,3.445224,0.029859,1.000000,1.000000
14430.000000,0.941442,3.445224,0.000000,0.000000,0.000000,2.000000,0.000000,3.000000,0.000000,0.000982,0.000000,0.000000,0.000000,-0.723856,0.000000,0.000000,1.000000,2.000000,1.170882,3.525661,0.941442,3.445224,0.941442,3.445224,0.029859,1.000000,1.000000
14440.000000,0.941442,3.445224,0.000000,0.000000,0.000000,2.000000,0.000000,3.000000,0.000000,0.000873,0.000000,0.000000,0.000000,-0.720398,0.000000,0.000000,1.000000,2.000000,1.170882,3.525661,0.941442,3.445224,0.941442,3.445224,0.029859,1.000000,1.000000
14450.000000,0.941442,3.445224,0.000000,0.000000,0.000000,2.000000,0.000000,3.000000,0.000000,0.000776,0.000000,0.000000,0.000000,-0.719863,0.000000,0.000000,1.000000,2.000000,1.170882,3.525661,0.941442,3.445224,0.941442,3.445224,0.029859,1.000000,1.000000
14460.000000,0.941442,3.445224,0.000000,0.000000,0.000000,2.000000,0.000000,3.000000,0.000000,0.000690,0.000000,0.000000,0.000000,-0.714073,0.000000,0.000000,1.000000,2.000000,1.170882,3.525661,0.941442,3.445224,0.941442,3.445224,0.029859,1.000000,1.000000
14470.000000,0.941442,3.445224,0.000000,0.000000,0.000000,2.000000,0.000000,3.000000,0.000000,0.000613,0.000000,0.000000,0.000000,-0.709005,0.000000,0.000000,1.000000,2.000000,1.170882,3.525661,0.941442,3.445224,0.941442,3.445224,0.029859,1.000000,1.000000
14480.000000,0.941442,3.445224,0.000000,0.000000,0.000000,2.000000,0.000000,3.000000,0.000000,0.000545,0.000000,0.000000,0.000000,-0.706757,0.000000,0.000000,1.000000,2.000000,1.170882,3.525661,0.941442,3.445224,0.941442,3.445224,0.029859,1.000000,1.000000
14490.000000,0.941442,3.445224,0.000000,0.000000,0.000000,2.000000,0.000000,3.000000,0.000000,0.000484,0.000000,0.000000,0.000000,-0.699369,0.000000,0.000000,1.000000,2.000000,1.170882,3.525661,0.941442,3.445224,0.941442,3.445224,0.029859,1.000000,1.000000
14500.000000,0.941442,3.445224,0.000000,0.000000,0.000000,2.000000,0.000000,3.000000,0.000000,0.000431,0.000000,0.000000,0.000000,-0.694507,0.000000,0.000000,1.000000,2.000000,1.170882,3.525661,0.941442,3.445224,0.941442,3.445224,0.029859,1.000000,1.000000
14510.000000,0.941442,3.445224,0.000000,0.000000,0.000000,2.000000,0.000000,3.000000,0.000000,0.000383,0.000000,0.000000,0.000000,-0.688794,0.000000,0.000000,1.000000,2.000000,1.170882,3.525661,0.941442,3.445224,0.941442,3.445224,0.029859,1.000000,1.000000
14520.000000,0.941442,3.445224,0.000000,0.000000,0.000000,2.000000,0.000000,3.000000,0.000000,0.000340,0.000000,0.000000,0.000000,-0.684078,0.000000,0.000000,1.000000,2.000000,1.170882,3.525661,0.941442,3.445224,0.941442,3.445224,0.029859,1.000000,1.000000
14530.000000,0.941442,3.445224,0.000000,0.000000,0.000000,2.000000,0.000000,3.000000,0.000000,0.000302,0.000000,0.000000,0.000000,-0.682373,0.000000,0.000000,1.000000,2.000000,1.170882,3.525661,0.941442,3.445224,0.941442,3.445224,0.029859,1.000000,1.000000
14540.000000,0.941442,3.445224,0.000000,0.000000,0.000000,2.000000,0.000000,3.000000,0.000000,0.000269,0.000000,0.000000,0.000000,-0.680085,0.000000,0.000000,1.000000,2.000000,1.170882,3.525661,0.941442,3.445224,0.941442,3.445224,0.029859,1.000000,1.000000
14550.000000,0.941442,3.445224,0.000000,0.000000,0.000000,2.000000,0.000000,3.000000,0.000000,0.000239,0.000000,0.000000,0.000000,-0.671303,0.000000,0.000000,1.000000,2.000000,1.170882,3.525661,0.941442,3.445224,0.941442,3.445224,0.029859,1.000000,1.000000
14560.000000,0.941442,3.445224,0.000000,0.000000,0.000000,2.000000,0.000000,3.000000,0.000000,0.000212,0.000000,0.000000,0.000000,-0.664301,0.000000,0.000000,1.000000,2.000000,1.170882,3.525661,0.941442,3.445224,0.941442,3.445224,0.029859,1.000000,1.000000
14570.000000,0.941442,3.445224,0.000000,0.000000,0.000000,2.000000,0.000000,3.000000,0.000000,0.000189,0.000000,0.000000,0.000000,-0.659913,0.000000,0.000000,1.000000,2.000000,1.170882,3.525661,0.941442,3.445224,0.941442,3.445224,0.029859,1.000000,1.000000
14580.000000,0.941442,3.445224,0.000000,0.000000,0.000000,2.000000,0.000000,3.000000,0.000000,0.000168,0.000000,0.000000,0.000000,-0.656945,0.000000,0.000000,1.000000,2.000000,1.170882,3.525661,0.941442,3.445224,0.941442,3.445224,0.029859,1.000000,1.000000
14590.000000,0.941442,3.445224,0.000000,0.000000,0.000000,2.000000,0.000000,3.000000,0.000000,0.000149,0.000000,0.000000,0.000000,-0.654027,0.000000,0.000000,1.000000,2.000000,1.170882,3.525661,0.941442,3.445224,0.941442,3.445224,0.029859,1.000000,1.000000
14600.000000,0.941442,3.445224,0.000000,0.000000,0.000000,2.000000,0.000000,3.000000,0.000000,0.000133,0.000000,0.000000,0.000000,-0.649098,0.000000,0.000000,1.000000,2.000000,1.170882,3.525661,0.941442,3.445224,0.941442,3.445224,0.029859,1.000000,1.000000
14610.000000,0.941442,3.445224,0.000000,0.000000,0.000000,2.000000,0.000000,3.000000,0.000000,0.000118,0.000000,0.000000,0.000000,-0.644907,0.000000,0.000000,1.000000,2.000000,1.170882,3.525661,0.941442,3.445224,0.941442,3.445224,0.029859,1.000000,1.000000
14620.000000,0.941442,3.445224,0.000000,0.000000,0.000000,2.000000,0.000000,3.000000,0.000000,0.000105,0.000000,0.000000,0.000000,-0.640771,0.000000,0.000000,1.000000,2.000000,1.170882,3.525661,0.941442,3.445224,0.941442,3.445224,0.029859,1.000000,1.000000
14630.000000,0.941442,3.445224,0.000000,0.000000,0.000000,2.000000,0.000000,3.000000,0.000000,0.000093,0.000000,0.000000,0.000000,-0.637918,0.000000,0.000000,1.000000,2.000000,1.170882,3.525661,0.941442,3.445224,0.941442,3.445224,0.029859,1.000000,1.000000
14640.000000,0.941442,3.445224,0.000000,0.000000,0.000000,2.000000,0.000000,3.000000,0.000000,0.000083,0.000000,0.000000,0.000000,-0.632644,0.000000,0.000000,1.000000,2.000000,1.170882,3.525661,0.941442,3.445224,0.941442,3.445224,0.029859,1.000000,1.000000
14650.000000,0.941442,3.445224,0.000000,0.000000,0.000000,2.000000,0.000000,3.000000,0.000000,0.000074,0.000000,0.000000,0.000000,-0.628663,0.000000,0.000000,1.000000,2.000000,1.170882,3.525661,0.941442,3.445224,0.941442,3.445224,0.029859,1.000000,1.000000
14660.000000,0.941442,3.445224,0.000000,0.000000,0.000000,2.000000,0.000000,3.000000,0.000000,0.000065,0.000000,0.000000,0.000000,-0.626543,0.000000,0.000000,1.000000,2.000000,1.170882,3.525661,0.941442,3.445224,0.941442,3.445224,0.029859,1.000000,1.000000
14670.000000,0.941442,3.445224,0.000000,0.000000,0.000000,2.000000,0.000000,3.000000,0.000000,0.000058,0.000000,0.000000,0.000000,-0.623697,0.000000,0.000000,1.000000,2.000000,1.170882,3.525661,0.941442,3.445224,0.941442,3.445224,0.029859,1.000000,1.000000
14680.000000,0.941442,3.445224,0.000000,0.000000,0.000000,2.000000,0.000000,3.000000,0.000000,0.000052,0.000000,0.000000,0.000000,-0.619791,0.000000,0.000000,1.000000,2.000000,1.170882,3.525661,0.941442,3.445224,0.941442,3.445224,0.029859,1.000000,1.000000
14690.000000,0.941442,3.445224,0.000000,0.000000,0.000000,2.000000,0.000000,3.000000,0.000000,0.000046,0.000000,0.000000,0.000000,-0.615970,0.000000,0.000000,1.000000,2.000000,1.170882,3.525661,0.941442,3.445224,0.941442,3.445224,0.029859,1.000000,1.000000
14700.000000,0.941442,3.445224,0.000000,0.000000,0.000000,2.000000,0.000000,3.000000,0.000000,0.000041,0.000000,0.000000,0.000000,-0.609541,0.000000,0.000000,1.000000,2.000000,1.170882,3.525661,0.941442,3.445224,0.941442,3.445224,0.029859,1.000000,1.000000
14710.000000,0.941442,3.445224,0.000000,0.000000,0.000000,2.000000,0.000000,3.000000,0.000000,0.000036,0.000000,0.000000,0.000000,-0.605844,0.000000,0.000000,1.000000,2.000000,1.170882,3.525661,0.941442,3.445224,0.941442,3.445224,0.029859,1.000000,1.000000
14720.000000,0.941442,3.445224,0.000000,0.000000,0.000000,2.000000,0.000000,3.000000,0.000000,0.000032,0.000000,0.000000,0.000000,-0.601484,0.000000,0.000000,1.000000,2.000000,1.170882,3.525661,0.941442,3.445224,0.941442,3.445224,0.029859,1.000000,1.000000
14730.000000,0.941442,3.445224,0.000000,0.000000,0.000000,2.000000,0.000000,3.000000,0.000000,0.000029,0.000000,0.000000,0.000000,-0.597884,0.000000,0.000000,1.000000,2.000000,1.170882,3.525661,0.941442,3.445224,0.941442,3.445224,0.029859,1.000000,1.000000
14740.000000,0.941442,3.445224,0.000000,0.000000,0.000000,2.000000,0.000000,3.000000,0.000000,0.000025,0.000000,0.000000,0.000000,-0.597770,0.000000,0.000000,1.000000,2.000000,1.170882,3.525661,0.941442,3.445224,0.941442,3.445224,0.029859,1.000000,1.000000
14750.000000,0.941442,3.445224,0.000000,0.000000,0.000000,2.000000,0.000000,3.000000,0.000000,0.000023,0.000000,0.000000,0.000000,-0.592226,0.000000,0.000000,1.000000,2.000000,1.170882,3.525661,0.941442,3.445224,0.941442,3.445224,0.029859,1.000000,1.000000
14760.000000,0.941442,3.445224,0.000000,0.000000,0.000000,2.000000,0.000000,3.000000,0.000000,0.000020,0.000000,0.000000,0.000000,-0.588736,0.000000,0.000000,1.000000,2.000000,1.170882,3.525661,0.941442,3.445224,0.941442,3.445224,0.029859,1.000000,1.000000
14770.000000,0.941442,3.445224,0.000000,0.000000,0.000000,2.000000,0.000000,3.000000,0.000000,0.000018,0.000000,0.000000,0.000000,-0.583310,0.000000,0.000000,1.000000,2.000000,1.170882,3.525661,0.941442,3.445224,0.941442,3.445224,0.029859,1.000000,1.000000
14780.000000,0.941442,3.445224,0.000000,0.000000,0.000000,2.000000,0.000000,3.000000,0.000000,0.000016,0.000000,0.000000,0.000000,-0.550095,0.000000,0.000000,1.000000,2.000000,1.170882,3.525661,0.941442,3.445224,0.941442,3.445224,0.029859,1.000000,1.000000
14790.000000,0.941442,3.445224,0.000000,0.000000,0.000000,2.000000,0.000000,3.000000,0.000000,0.000014,0.000000,0.000000,0.000000,-0.547082,0.000000,0.000000,1.000000,2.000000,1.170882,3.525661,0.941442,3.445224,0.941442,3.445224,0.029859,1.000000,1.000000
14800.000000,0.941442,3.445224,0.000000,0.000000,0.000000,2.000000,0.000000,3.000000,0.000000,0.000013,0.000000,0.000000,0.000000,-0.544103,0.000000,0.000000,1.000000,2.000000,1.170882,3.525661,0.941442,3.445224,0.941442,3.445224,0.029859,1.000000,1.000000
14810.000000,0.941442,3.445224,0.000000,0.000000,0.000000,2.000000,0.000000,3.000000,0.000000,0.000011,0.000000,0.000000,0.000000,-0.553271,0.000000,0.000000,1.000000,2.000000,1.170882,3.525661,0.941442,3.445224,0.941442,3.445224,0.029859,1.000000,1.000000
14820.000000,0.941442,3.445224,0.000000,0.000000,0.000000,2.000000,0.000000,3.000000,0.000000,0.000010,0.000000,0.000000,0.000000,-0.552423,0.000000,0.000000,1.000000,2.000000,1.170882,3.525661,0.941442,3.445224,0.941442,3.445224,0.029859,1.000000,1.000000
14830.000000,0.941442,3.445224,0.000000,0.000000,0.000000,2.000000,0.000000,3.000000,0.000000,0.000009,0.000000,0.000000,0.000000,-0.564945,0.000000,0.000000,1.000000,2.000000,1.170882,3.525661,0.941442,3.445224,0.941442,3.445224,0.029859,1.000000,1.000000
14840.000000,0.941442,3.445224,0.000000,0.000000,0.000000,2.000000,0.000000,3.000000,0.000000,0.000008,0.000000,0.000000,0.000000,-0.563555,0.000000,0.000000,1.000000,2.000000,1.170882,3.525661,0.941442,3.445224,0.941442,3.445224,0.029859,1.000000,1.000000
14850.000000,0.941442,3.445224,0.000000,0.000000,0.000000,2.000000,0.000000,3.000000,0.000000,0.000007,0.000000,0.000000,0.000000,-0.558686,0.000000,0.000000,1.000000,2.000000,1.170882,3.525661,0.941442,3.445224,0.941442,3.445224,0.029859,1.000000,1.000000
14860.000000,0.941442,3.445224,0.000000,0.000000,0.000000,2.000000,0.000000,3.000000,0.000000,0.000006,0.000000,0.000000,0.000000,-0.555579,0.000000,0.000000,1.000000,2.000000,1.170882,3.525661,0.941442,3.445224,0.941442,3.445224,0.029859,1.000000,1.000000
14870.000000,0.941442,3.445224,0.000000,0.000000,0.000000,2.000000,0.000000,3.000000,0.000000,0.000006,0.000000,0.000000,0.000000,-0.553455,0.000000,0.000000,1.000000,2.000000,1.170882,3.525661,0.941442,3.445224,0.941442,3.445224,0.029859,1.000000,1.000000
14880.000000,0.941442,3.445224,0.000000,0.000000,0.000000,2.000000,0.000000,3.000000,0.000000,0.000005,0.000000,0.000000,0.000000,-0.550373,0.000000,0.000000,1.000000,2.000000,1.170882,3.525661,0.941442,3.445224,0.941442,3.445224,0.029859,1.000000,1.000000
14890.000000,0.941442,3.445224,0.000000,0.000000,0.000000,2.000000,0.000000,3.000000,0.000000,0.000004,0.000000,0.000000,0.000000,-0.541208,0.000000,0.000000,1.000000,2.000000,1.170882,3.525661,0.941442,3.445224,0.941442,3.445224,0.029859,1.000000,1.000000
14900.000000,0.941442,3.445224,0.000000,0.000000,0.000000,2.000000,0.000000,3.000000,0.000000,0.000004,0.000000,0.000000,0.000000,-0.538292,0.000000,0.000000,1.000000,2.000000,1.170882,3.525661,0.941442,3.445224,0.941442,3.445224,0.029859,1.000000,1.000000
14910.000000,0.941442,3.445224,0.000000,0.000000,0.000000,2.000000,0.000000,3.000000,0.000000,0.000003,0.000000,0.000000,0.000000,-0.535406,0.000000,0.000000,1.000000,2.000000,1.170882,3.525661,0.941442,3.445224,0.941442,3.445224,0.029859,1.000000,1.000000
14920.000000,0.941442,3.445224,0.000000,0.000000,0.000000,2.000000,0.000000,3.000000,0.000000,0.000003,0.000000,0.000000,0.000000,-0.537077,0.000000,0.000000,1.000000,2.000000,1.170882,3.525661,0.941442,3.445224,0.941442,3.445224,0.029859,1.000000,1.000000
14930.000000,0.941442,3.445224,0.000000,0.000000,0.000000,2.000000,0.000000,3.000000,0.000000,0.000003,0.000000,0.000000,0.000000,-0.534988,0.000000,0.000000,1.000000,2.000000,1.170882,3.525661,0.941442,3.445224,0.941442,3.445224,0.029859,1.000000,1.000000
14940.000000,0.941442,3.445224,0.000000,0.000000,0.000000,2.000000,0.000000,3.000000,0.000000,0.000002,0.000000,0.000000,0.000000,-0.532138,0.000000,0.000000,1.000000,2.000000,1.170882,3.525661,0.941442,3.445224,0.941442,3.445224,0.029859,1.000000,1.000000
14950.000000,0.941442,3.445224,0.000000,0.000000,0.000000,2.000000,0.000000,3.000000,0.000000,0.013428,0.000950,0.000654,-0.000689,-0.529963,0.000000,0.000000,1.000000,2.000000,1.170882,3.525661,0.941442,3.445224,0.941442,3.445224,0.029859,1.000000,1.000000
14960.000000,0.941442,3.445224,0.000000,0.000000,0.000000,2.000000,0.000000,3.000000,0.000000,0.007191,0.000584,0.000402,-0.000423,-0.528172,0.000000,0.000000,1.000000,2.000000,1.170882,3.525661,0.941442,3.445224,0.941442,3.445224,0.029859,1.000000,1.000000
14970.000000,0.941442,3.445224,0.000000,0.000000,0.000000,2.000000,0.000000,3.000000,0.000000,0.003277,0.000358,0.000247,-0.000260,-0.521794,0.000000,0.000000,1.000000,2.000000,1.170882,3.525661,0.941442,3.445224,0.941442,3.445224,0.029859,1.000000,1.000000
14980.000000,0.941442,3.445224,0.000000,0.000000,0.000000,2.000000,0.000000,3.000000,0.000000,0.000917,0.000220,0.000151,-0.000160,-0.519083,0.000000,0.000000,1.000000,2.000000,1.170882,3.525661,0.941442,3.445224,0.941442,3.445224,0.029859,1.000000,1.000000
14990.000000,0.941442,3.445224,0.000000,0.000000,0.000000,2.000000,0.000000,3.000000,0.000000,0.000822,0.000135,0.000093,-0.000098,-0.516400,0.000000,0.000000,1.000000,2.000000,1.170882,3.525661,0.941442,3.445224,0.941442,3.445224,0.029859,1.000000,1.000000
15000.000000,0.941442,3.445224,0.000000,0.000000,0.000000,2.000000,0.000000,3.000000,0.000000,0.001586,0.000083,0.000057,-0.000060,-0.513812,0.000000,0.000000,1.000000,2.000000,1.170882,3.525661,0.941442,3.445224,0.941442,3.445224,0.029859,1.000000,1.000000
15010.000000,0.941442,3.445224,0.000000,0.000000,0.000000,2.000000,0.000000,3.000000,0.000000,0.001935,0.000051,0.000035,-0.000037,-0.511183,0.000000,0.000000,1.000000,2.000000,1.170882,3.525661,0.941442,3.445224,0.941442,3.445224,0.029859,1.000000,1.000000
15020.000000,0.941442,3.445224,0.000000,0.000000,0.000000,2.000000,0.000000,3.000000,0.000000,0.002043,0.000031,0.000022,-0.000023,-0.508581,0.000000,0.000000,1.000000,2.000000,1.170882,3.525661,0.941442,3.445224,0.941442,3.445224,0.029859,1.000000,1.000000
15030.000000,0.941442,3.445224,0.000000,0.000000,0.000000,2.000000,0.000000,3.000000,0.000000,0.002014,0.000019,0.000013,-0.000014,-0.506449,0.000000,0.000000,1.000000,2.000000,1.170882,3.525661,0.941442,3.445224,0.941442,3.445224,0.029859,1.000000,1.000000
15040.000000,0.941442,3.445224,0.000000,0.000000,0.000000,2.000000,0.000000,3.000000,0.000000,0.001912,0.000012,0.000008,-0.000009,-0.509096,0.000000,0.000000,1.000000,2.000000,1.170882,3.525661,0.941442,3.445224,0.941442,3.445224,0.029859,1.000000,1.000000
15050.000000,0.941442,3.445224,0.000000,0.000000,0.000000,2.000000,0.000000,3.000000,0.000000,0.001774,0.000007,0.000005,-0.000005,-0.506514,0.000000,0.000000,1.000000,2.000000,1.170882,3.525661,0.941442,3.445224,0.941442,3.445224,0.029859,1.000000,1.000000
15060.000000,0.941442,3.445224,0.000000,0.000000,0.000000,2.000000,0.000000,3.000000,0.000000,0.001623,0.000004,0.000003,-0.000003,-0.503959,0.000000,0.000000,1.000000,2.000000,1.170882,3.525661,0.941442,3.445224,0.941442,3.445224,0.029859,1.000000,1.000000
15070.000000,0.941442,3.445224,0.000000,0.000000,0.000000,2.000000,0.000000,3.000000,0.000000,0.001471,0.000003,0.000002,-0.000002,-0.506184,0.000000,0.000000,1.000000,2.000000,1.170882,3.525661,0.941442,3.445224,0.941442,3.445224,0.029859,1.000000,1.000000
15080.000000,0.941442,3.445224,0.000000,0.000000,0.000000,2.000000,0.000000,3.000000,0.000000,0.001324,0.000002,0.000001,-0.000001,-0.503629,0.000000,0.000000,1.000000,2.000000,1.170882,3.525661,0.941442,3.445224,0.941442,3.445224,0.029859,1.000000,1.000000
15090.000000,0.941442,3.445224,0.000000,0.000000,0.000000,2.000000,0.000000,3.000000,0.000000,0.001188,0.000001,0.000001,-0.000001,-0.498022,0.000000,0.000000,1.000000,2.000000,1.170882,3.525661,0.941442,3.445224,0.941442,3.445224,0.029859,1.000000,1.000000
15100.000000,0.941442,3.445224,0.000000,0.000000,0.000000,2.000000,0.000000,3.000000,0.000000,0.001062,0.000001,0.000000,-0.000000,-0.493329,0.000000,0.000000,1.000000,2.000000,1.170882,3.525661,0.941442,3.445224,0.941442,3.445224,0.029859,1.000000,1.000000
15110.000000,0.941442,3.445224,0.000000,0.000000,0.000000,2.000000,0.000000,3.000000,0.000000,0.000948,0.000000,0.000000,-0.000000,-0.490240,0.000000,0.000000,1.000000,2.000000,1.170882,3.525661,0.941442,3.445224,0.941442,3.445224,0.029859,1.000000,1.000000
15120.000000,0.941442,3.445224,0.000000,0.000000,0.000000,2.000000,0.000000,3.000000,0.000000,0.000845,0.000000,0.000000,-0.000000,-0.487846,0.000000,0.000000,1.000000,2.000000,1.170882,3.525661,0.941442,3.445224,0.941442,3.445224,0.029859,1.000000,1.000000
15130.000000,0.941442,3.445224,0.000000,0.000000,0.000000,2.000000,0.000000,3.000000,0.000000,0.000753,0.000000,0.000000,-0.000000,-0.488625,0.000000,0.000000,1.000000,2.000000,1.170882,3.525661,0.941442,3.445224,0.941442,3.445224,0.029859,1.000000,1.000000
15140.000000,0.941442,3.445224,0.000000,0.000000,0.000000,2.000000,0.000000,3.000000,0.000000,0.000670,0.000000,0.000000,-0.000000,-0.487354,0.000000,0.000000,1.000000,2.000000,1.170882,3.525661,0.941442,3.445224,0.941442,3.445224,0.029859,1.000000,1.000000
15150.000000,0.941442,3.445224,0.000000,0.000000,0.000000,2.000000,0.000000,3.000000,0.000000,0.000596,0.000000,0.000000,-0.000000,-0.484988,0.000000,0.000000,1.000000,2.000000,1.170882,3.525661,0.941442,3.445224,0.941442,3.445224,0.029859,1.000000,1.000000
15160.000000,0.941442,3.445224,0.000000,0.000000,0.000000,2.000000,0.000000,3.000000,0.000000,0.000530,0.000000,0.000000,-0.000000,-0.482768,0.000000,0.000000,1.000000,2.000000,1.170882,3.525661,0.941442,3.445224,0.941442,3.445224,0.029859,1.000000,1.000000
15170.000000,0.941442,3.445224,0.000000,0.000000,0.000000,2.000000,0.000000,3.000000,0.000000,0.000472,0.000000,0.000000,-0.000000,-0.480446,0.000000,0.000000,1.000000,2.000000,1.170882,3.525661,0.941442,3.445224,0.941442,3.445224,0.029859,1.000000,1.000000
15180.000000,0.941442,3.445224,0.000000,0.000000,0.000000,2.000000,0.000000,3.000000,0.000000,0.000419,0.000000,0.000000,-0.000000,-0.477719,0.000000,0.000000,1.000000,2.000000,1.170882,3.525661,0.941442,3.445224,0.941442,3.445224,0.029859,1.000000,1.000000
15190.000000,0.941442,3.445224,0.000000,0.000000,0.000000,2.000000,0.000000,3.000000,0.000000,0.000373,0.000000,0.000000,-0.000000,-0.475445,0.000000,0.000000,1.000000,2.000000,1.170882,3.525661,0.941442,3.445224,0.941442,3.445224,0.029859,1.000000,1.000000
15200.000000,0.941442,3.445224,0.000000,0.000000,0.000000,2.000000,0.000000,3.000000,0.000000,0.000332,0.000000,0.000000,-0.000000,-0.473193,0.000000,0.000000,1.000000,2.000000,1.170882,3.525661,0.941442,3.445224,0.941442,3.445224,0.029859,1.000000,1.000000
15210.000000,0.941442,3.445224,0.000000,0.000000,0.000000,2.000000,0.000000,3.000000,0.000000,0.000295,0.000000,0.000000,-0.000000,-0.471625,0.000000,0.000000,1.000000,2.000000,1.170882,3.525661,0.941442,3.445224,0.941442,3.445224,0.029859,1.000000,1.000000
15220.000000,0.941442,3.445224,0.000000,0.000000,0.000000,2.000000,0.000000,3.000000,0.000000,0.000262,0.000000,0.000000,-0.000000,-0.466128,0.000000,0.000000,1.000000,2.000000,1.170882,3.525661,0.941442,3.445224,0.941442,3.445224,0.029859,1.000000,1.000000
15230.000000,0.941442,3.445224,0.000000,0.000000,0.000000,2.000000,0.000000,3.000000,0.000000,0.000233,0.000000,0.000000,-0.000000,-0.463963,0.000000,0.000000,1.000000,2.000000,1.170882,3.525661,0.941442,3.445224,0.941442,3.445224,0.029859,1.000000,1.000000
15240.000000,0.941442,3.445224,0.000000,0.000000,0.000000,2.000000,0.000000,3.000000,0.000000,0.000207,0.000000,0.000000,-0.000000,-0.463070,0.000000,0.000000,1.000000,2.000000,1.170882,3.525661,0.941442,3.445224,0.941442,3.445224,0.029859,1.000000,1.000000
15250.000000,0.941442,3.445224,0.000000,0.000000,0.000000,2.000000,0.000000,3.000000,0.000000,0.000184,0.000000,0.000000,-0.000000,-0.460254,0.000000,0.000000,1.000000,2.000000,1.170882,3.525661,0.941442,3.445224,0.941442,3.445224,0.029859,1.000000,1.000000
15260.000000,0.941442,3.445224,0.000000,0.000000,0.000000,2.000000,0.000000,3.000000,0.000000,0.000164,0.000000,0.000000,-0.000000,-0.453072,0.000000,0.000000,1.000000,2.000000,1.170882,3.525661,0.941442,3.445224,0.941442,3.445224,0.029859,1.000000,1.000000
15270.000000,0.941442,3.445224,0.000000,0.000000,0.000000,2.000000,0.000000,3.000000,0.000000,0.000145,0.000000,0.000000,-0.000000,-0.451026,0.000000,0.000000,1.000000,2.000000,1.170882,3.525661,0.941442,3.445224,0.941442,3.445224,0.029859,1.000000,1.000000
15280.000000,0.941442,3.445224,0.000000,0.000000,0.000000,2.000000,0.000000,3.000000,0.000000,0.000129,0.000000,0.000000,-0.000000,-0.448999,0.000000,0.000000,1.000000,2.000000,1.170882,3.525661,0.941442,3.445224,0.941442,3.445224,0.029859,1.000000,1.000000
15290.000000,0.941442,3.445224,0.000000,0.000000,0.000000,2.000000,0.000000,3.000000,0.000000,0.000115,0.000000,0.000000,-0.000000,-0.451908,0.000000,0.000000,1.000000,2.000000,1.170882,3.525661,0.941442,3.445224,0.941442,3.445224,0.029859,1.000000,1.000000
15300.000000,0.941442,3.445224,0.000000,0.000000,0.000000,2.000000,0.000000,3.000000,0.000000,0.000102,0.000000,0.000000,-0.000000,-0.448110,0.000000,0.000000,1.000000,2.000000,1.170882,3.525661,0.941442,3.445224,0.941442,3.445224,0.029859,1.000000,1.000000
15310.000000,0.941442,3.445224,0.000000,0.000000,0.000000,2.000000,0.000000,3.000000,0.000000,0.000091,0.000000,0.000000,-0.000000,-0.446109,0.000000,0.000000,1.000000,2.000000,1.170882,3.525661,0.941442,3.445224,0.941442,3.445224,0.029859,1.000000,1.000000
15320.000000,0.941442,3.445224,0.000000,0.000000,0.000000,2.000000,0.000000,3.000000,0.000000,0.000081,0.000000,0.000000,-0.000000,-0.445402,0.000000,0.000000,1.000000,2.000000,1.170882,3.525661,0.941442,3.445224,0.941442,3.445224,0.029859,1.000000,1.000000
15330.000000,0.941442,3.445224,0.000000,0.000000,0.000000,2.000000,0.000000,3.000000,0.000000,0.000072,0.000000,0.000000,-0.000000,-0.452254,0.000000,0.000000,1.000000,2.000000,1.170882,3.525661,0.941442,3.445224,0.941442,3.445224,0.029859,1.000000,1.000000
15340.000000,0.941442,3.445224,0.000000,0.000000,0.000000,2.000000,0.000000,3.000000,0.000000,0.000064,0.000000,0.000000,-0.000000,-0.442068,0.000000,0.000000,1.000000,2.000000,1.170882,3.525661,0.941442,3.445224,0.941442,3.445224,0.029859,1.000000,1.000000
15350.000000,0.941442,3.445224,0.000000,0.000000,0.000000,2.000000,0.000000,3.000000,0.000000,0.000057,0.000000,0.000000,-0.000000,-0.440120,0.000000,0.000000,1.000000,2.000000,1.170882,3.525661,0.941442,3.445224,0.941442,3.445224,0.029859,1.000000,1.000000
15360.000000,0.941442,3.445224,0.000000,0.000000,0.000000,2.000000,0.000000,3.000000,0.000000,0.000050,0.000000,0.000000,-0.000000,-0.438190,0.000000,0.000000,1.000000,2.000000,1.170882,3.525661,0.941442,3.445224,0.941442,3.445224,0.029859,1.000000,1.000000
15370.000000,0.941442,3.445224,0.000000,0.000000,0.000000,2.000000,0.000000,3.000000,0.000000,0.000045,0.000000,0.000000,-0.000000,-0.441728,0.000000,0.000000,1.000000,2.000000,1.170882,3.525661,0.941442,3.445224,0.941442,3.445224,0.029859,1.000000,1.000000
15380.000000,0.941442,3.445224,0.000000,0.000000,0.000000,2.000000,0.000000,3.000000,0.000000,0.000040,0.000000,0.000000,-0.000000,-0.439783,0.000000,0.000000,1.000000,2.000000,1.170882,3.525661,0.941442,3.445224,0.941442,3.445224,0.029859,1.000000,1.000000
15390.000000,0.941442,3.445224,0.000000,0.000000,0.000000,2.000000,0.000000,3.000000,0.000000,0.000035,0.000000,0.000000,-0.000000,-0.437856,0.000000,0.000000,1.000000,2.000000,1.170882,3.525661,0.941442,3.445224,0.941442,3.445224,0.029859,1.000000,1.000000
15400.000000,0.941442,3.445224,0.000000,0.000000,0.000000,2.000000,0.000000,3.000000,0.000000,0.000031,0.000000,0.000000,-0.000000,-0.439126,0.000000,0.000000,1.000000,2.000000,1.170882,3.525661,0.941442,3.445224,0.941442,3.445224,0.029859,1.000000,1.000000
15410.000000,0.941442,3.445224,0.000000,0.000000,0.000000,2.000000,0.000000,3.000000,0.000000,0.000028,0.000000,0.000000,-0.000000,-0.437759,0.000000,0.000000,1.000000,2.000000,1.170882,3.525661,0.941442,3.445224,0.941442,3.445224,0.029859,1.000000,1.000000
15420.000000,0.941442,3.445224,0.000000,0.000000,0.000000,2.000000,0.000000,3.000000,0.000000,0.000025,0.000000,0.000000,-0.000000,-0.431203,0.000000,0.000000,1.000000,2.000000,1.170882,3.525661,0.941442,3.445224,0.941442,3.445224,0.029859,1.000000,1.000000
15430.000000,0.941442,3.445224,0.000000,0.000000,0.000000,2.000000,0.000000,3.000000,0.000000,0.000022,0.000000,0.000000,-0.000000,-0.425666,0.000000,0.000000,1.000000,2.000000,1.170882,3.525661,0.941442,3.445224,0.941442,3.445224,0.029859,1.000000,1.000000
15440.000000,0.941442,3.445224,0.000000,0.000000,0.000000,2.000000,0.000000,3.000000,0.000000,0.010124,0.000950,0.000654,-0.000689,-0.416417,0.000000,0.000000,1.000000,2.000000,1.170882,3.525661,0.941442,3.445224,0.941442,3.445224,0.029859,1.000000,1.000000
15450.000000,0.941442,3.445224,0.000000,0.000000,0.000000,2.000000,0.000000,3.000000,0.000000,0.007189,0.000584,0.000402,-0.000423,-0.414689,0.000000,0.000000,1.000000,2.000000,1.170882,3.525661,0.941442,3.445224,0.941442,3.445224,0.029859,1.000000,1.000000
15460.000000,0.941442,3.445224,0.000000,0.000000,0.000000,2.000000,0.000000,3.000000,0.000000,0.003275,0.000358,0.000247,-0.000260,-0.407395,0.000000,0.000000,1.000000,2.000000,1.170882,3.525661,0.941442,3.445224,0.941442,3.445224,0.029859,1.000000,1.000000
15470.000000,0.941442,3.445224,0.000000,0.000000,0.000000,2.000000,0.000000,3.000000,0.000000,0.000917,0.000220,0.000151,-0.000160,-0.405740,0.000000,0.000000,1.000000,2.000000,1.170882,3.525661,0.941442,3.445224,0.941442,3.445224,0.029859,1.000000,1.000000
15480.000000,0.941442,3.445224,0.000000,0.000000,0.000000,2.000000,0.000000,3.000000,0.000000,0.000823,0.000135,0.000093,-0.000098,-0.407603,0.000000,0.000000,1.000000,2.000000,1.170882,3.525661,0.941442,3.445224,0.941442,3.445224,0.029859,1.000000,1.000000
15490.000000,0.941442,3.445224,0.000000,0.000000,0.000000,2.000000,0.000000,3.000000,0.000000,0.001587,0.000083,0.000057,-0.000060,-0.406990,0.000000,0.000000,1.000000,2.000000,1.170882,3.525661,0.941442,3.445224,0.941442,3.445224,0.029859,1.000000,1.000000
15500.000000,0.941442,3.445224,0.000000,0.000000,0.000000,2.000000,0.000000,3.000000,0.000000,0.001936,0.000051,0.000035,-0.000037,-0.406693,0.000000,0.000000,1.000000,2.000000,1.170882,3.525661,0.941442,3.445224,0.941442,3.445224,0.029859,1.000000,1.000000
15510.000000,0.941442,3.445224,0.000000,0.000000,0.000000,2.000000,0.000000,3.000000,0.000000,0.002044,0.000031,0.000022,-0.000023,-0.408306,0.000000,0.000000,1.000000,2.000000,1.170882,3.525661,0.941442,3.445224,0.941442,3.445224,0.029859,1.000000,1.000000
15520.000000,0.941442,3.445224,0.000000,0.000000,0.000000,2.000000,0.000000,3.000000,0.000000,0.002015,0.000019,0.000013,-0.000014,-0.406644,0.000000,0.000000,1.000000,2.000000,1.170882,3.525661,0.941442,3.445224,0.941442,3.445224,0.029859,1.000000,1.000000
15530.000000,0.941442,3.445224,0.000000,0.000000,0.000000,2.000000,0.000000,3.000000,0.000000,0.001912,0.000012,0.000008,-0.000009,-0.404995,0.000000,0.000000,1.000000,2.000000,1.170882,3.525661,0.941442,3.445224,0.941442,3.445224,0.029859,1.000000,1.000000
15540.000000,0.941442,3.445224,0.000000,0.000000,0.000000,2.000000,0.000000,3.000000,0.000000,0.001775,0.000007,0.000005,-0.000005,-0.414264,0.000000,0.000000,1.000000,2.000000,1.170882,3.525661,0.941442,3.445224,0.941442,3.445224,0.029859,1.000000,1.000000
15550.000000,0.941442,3.445224,0.000000,0.000000,0.000000,2.000000,0.000000,3.000000,0.000000,0.001623,0.000004,0.000003,-0.000003,-0.404863,0.000000,0.000000,1.000000,2.000000,1.170882,3.525661,0.941442,3.445224,0.941442,3.445224,0.029859,1.000000,1.000000
15560.000000,0.941442,3.445224,0.000000,0.000000,0.000000,2.000000,0.000000,3.000000,0.000000,0.008970,0.000953,0.000656,-0.000691,-0.403229,0.000000,0.000000,1.000000,2.000000,1.170882,3.525661,0.941442,3.445224,0.941442,3.445224,0.029859,1.000000,1.000000
15570.000000,0.941442,3.445224,0.000000,0.000000,0.000000,2.000000,0.000000,3.000000,0.000000,0.005975,0.000585,0.000403,-0.000424,-0.401608,0.000000,0.000000,1.000000,2.000000,1.170882,3.525661,0.941442,3.445224,0.941442,3.445224,0.029859,1.000000,1.000000
15580.000000,0.941442,3.445224,0.000000,0.000000,0.000000,2.000000,0.000000,3.000000,0.000000,0.002087,0.000359,0.000247,-0.000261,-0.401296,0.000000,0.000000,1.000000,2.000000,1.170882,3.525661,0.941442,3.445224,0.941442,3.445224,0.029859,1.000000,1.000000
15590.000000,0.941442,3.445224,0.000000,0.000000,0.000000,2.000000,0.000000,3.000000,0.000000,0.009573,0.000964,0.000806,0.000529,-0.400568,0.000000,0.000000,1.000000,2.000000,1.170882,3.525661,0.941442,3.445224,0.941442,3.445224,0.029859,1.000000,1.000000
15600.000000,0.941442,3.445224,0.000000,0.000000,0.000000,2.000000,0.000000,3.000000,0.000000,0.007189,0.000592,0.000495,0.000325,-0.391913,0.000000,0.000000,1.000000,2.000000,1.170882,3.525661,0.941442,3.445224,0.941442,3.445224,0.029859,1.000000,1.000000
15610.000000,0.941442,3.445224,0.000000,0.000000,0.000000,2.000000,0.000000,3.000000,0.000000,0.003275,0.000364,0.000304,0.000200,-0.390381,0.000000,0.000000,1.000000,2.000000,1.170882,3.525661,0.941442,3.445224,0.941442,3.445224,0.029859,1.000000,1.000000
15620.000000,0.941442,3.445224,0.000000,0.000000,0.000000,2.000000,0.000000,3.000000,0.000000,0.002689,0.000223,0.000187,0.000123,-0.388862,0.000000,0.000000,1.000000,2.000000,1.170882,3.525661,0.941442,3.445224,0.941442,3.445224,0.029859,1.000000,1.000000
15630.000000,0.941442,3.445224,0.000000,0.000000,0.000000,2.000000,0.000000,3.000000,0.000000,0.002714,0.000137,0.000115,0.000075,-0.397123,0.000000,0.000000,1.000000,2.000000,1.170882,3.525661,0.941442,3.445224,0.941442,3.445224,0.029859,1.000000,1.000000
15640.000000,0.941442,3.445224,0.000000,0.000000,0.000000,2.000000,0.000000,3.000000,0.000000,0.002611,0.000084,0.000070,0.000046,-0.395551,0.000000,0.000000,1.000000,2.000000,1.170882,3.525661,0.941442,3.445224,0.941442,3.445224,0.029859,1.000000,1.000000
15650.000000,0.941442,3.445224,0.000000,0.000000,0.000000,2.000000,0.000000,3.000000,0.000000,0.002443,0.000052,0.000043,0.000028,-0.393991,0.000000,0.000000,1.000000,2.000000,1.170882,3.525661,0.941442,3.445224,0.941442,3.445224,0.029859,1.000000,1.000000
15660.000000,0.941442,3.445224,0.000000,0.000000,0.000000,2.000000,0.000000,3.000000,0.000000,0.002246,0.000032,0.000027,0.000017,-0.397454,0.000000,0.000000,1.000000,2.000000,1.170882,3.525661,0.941442,3.445224,0.941442,3.445224,0.029859,1.000000,1.000000
15670.000000,0.941442,3.445224,0.000000,0.000000,0.000000,2.000000,0.000000,3.000000,0.000000,0.002043,0.000019,0.000016,0.000011,-0.395955,0.000000,0.000000,1.000000,2.000000,1.170882,3.525661,0.941442,3.445224,0.941442,3.445224,0.029859,1.000000,1.000000
15680.000000,0.941442,3.445224,0.000000,0.000000,0.000000,2.000000,0.000000,3.000000,0.000000,0.001912,0.000012,0.000010,0.000007,-0.394392,0.000000,0.000000,1.000000,2.000000,1.170882,3.525661,0.941442,3.445224,0.941442,3.445224,0.029859,1.000000,1.000000
15690.000000,0.941442,3.445224,0.000000,0.000000,0.000000,2.000000,0.000000,3.000000,0.000000,0.001775,0.000007,0.000006,0.000004,-0.392841,0.000000,0.000000,1.000000,2.000000,1.170882,3.525661,0.941442,3.445224,0.941442,3.445224,0.029859,1.000000,1.000000
15700.000000,0.941442,3.445224,0.000000,0.000000,0.000000,2.000000,0.000000,3.000000,0.000000,0.009000,0.000951,0.000658,-0.000687,-0.386130,0.000000,0.000000,1.000000,2.000000,1.170882,3.525661,0.941442,3.445224,0.941442,3.445224,0.029859,1.000000,1.000000
15710.000000,0.941442,3.445224,0.000000,0.000000,0.000000,2.000000,0.000000,3.000000,0.000000,0.005975,0.000584,0.000404,-0.000422,-0.383754,0.000000,0.000000,1.000000,2.000000,1.170882,3.525661,0.941442,3.445224,0.941442,3.445224,0.029859,1.000000,1.000000
15720.000000,0.941442,3.445224,0.000000,0.000000,0.000000,2.000000,0.000000,3.000000,0.000000,0.002094,0.000359,0.000248,-0.000259,-0.378895,0.000000,0.000000,1.000000,2.000000,1.170882,3.525661,0.941442,3.445224,0.941442,3.445224,0.029859,1.000000,1.000000
15730.000000,0.941442,3.445224,0.000000,0.000000,0.000000,2.000000,0.000000,3.000000,0.000000,0.001188,0.000220,0.000152,-0.000159,-0.368951,0.000000,0.000000,1.000000,2.000000,1.170882,3.525661,0.941442,3.445224,0.941442,3.445224,0.029859,1.000000,1.000000
15740.000000,0.941442,3.445224,0.000000,0.000000,0.000000,2.000000,0.000000,3.000000,0.000000,0.001760,0.000135,0.000094,-0.000098,-0.364242,0.000000,0.000000,1.000000,2.000000,1.170882,3.525661,0.941442,3.445224,0.941442,3.445224,0.029859,1.000000,1.000000
15750.000000,0.941442,3.445224,0.000000,0.000000,0.000000,2.000000,0.000000,3.000000,0.000000,0.002421,0.000083,0.000057,-0.000060,-0.362919,0.000000,0.000000,1.000000,2.000000,1.170882,3.525661,0.941442,3.445224,0.941442,3.445224,0.029859,1.000000,1.000000
15760.000000,0.941442,3.445224,0.000000,0.000000,0.000000,2.000000,0.000000,3.000000,0.000000,0.002678,0.000051,0.000035,-0.000037,-0.366007,0.000000,0.000000,1.000000,2.000000,1.170882,3.525661,0.941442,3.445224,0.941442,3.445224,0.029859,1.000000,1.000000
15770.000000,0.941442,3.445224,0.000000,0.000000,0.000000,2.000000,0.000000,3.000000,0.000000,0.002703,0.000031,0.000022,-0.000023,-0.364671,0.000000,0.000000,1.000000,2.000000,1.170882,3.525661,0.941442,3.445224,0.941442,3.445224,0.029859,1.000000,1.000000
15780.000000,0.941442,3.445224,0.000000,0.000000,0.000000,2.000000,0.000000,3.000000,0.000000,0.002601,0.000019,0.000013,-0.000014,-0.367132,0.000000,0.000000,1.000000,2.000000,1.170882,3.525661,0.941442,3.445224,0.941442,3.445224,0.029859,1.000000,1.000000
15790.000000,0.941442,3.445224,0.000000,0.000000,0.000000,2.000000,0.000000,3.000000,0.000000,0.002434,0.000012,0.000008,-0.000009,-0.365788,0.000000,0.000000,1.000000,2.000000,1.170882,3.525661,0.941442,3.445224,0.941442,3.445224,0.029859,1.000000,1.000000
15800.000000,0.941442,3.445224,0.000000,0.000000,0.000000,2.000000,0.000000,3.000000,0.000000,0.002238,0.000007,0.000005,-0.000005,-0.366813,0.000000,0.000000,1.000000,2.000000,1.170882,3.525661,0.941442,3.445224,0.941442,3.445224,0.029859,1.000000,1.000000
15810.000000,0.941442,3.445224,0.000000,0.000000,0.000000,2.000000,0.000000,3.000000,0.000000,0.002036,0.000004,0.000003,-0.000003,-0.356910,0.000000,0.000000,1.000000,2.000000,1.170882,3.525661,0.941442,3.445224,0.941442,3.445224,0.029859,1.000000,1.000000
15820.000000,0.941442,3.445224,0.000000,0.000000,0.000000,2.000000,0.000000,3.000000,0.000000,0.001838,0.000003,0.000002,-0.000002,-0.353690,0.000000,0.000000,1.000000,2.000000,1.170882,3.525661,0.941442,3.445224,0.941442,3.445224,0.029859,1.000000,1.000000
15830.000000,0.941442,3.445224,0.000000,0.000000,0.000000,2.000000,0.000000,3.000000,0.000000,0.011358,0.000952,0.000655,-0.000690,-0.352443,0.000000,0.000000,1.000000,2.000000,1.170882,3.525661,0.941442,3.445224,0.941442,3.445224,0.029859,1.000000,1.000000
15840.000000,0.941442,3.445224,0.000000,0.000000,0.000000,2.000000,0.000000,3.000000,0.000000,0.012888,0.001089,0.001057,0.000265,-0.356088,0.000000,0.000000,1.000000,2.000000,1.170882,3.525661,0.941442,3.445224,0.941442,3.445224,0.029859,1.000000,1.000000
15850.000000,0.941442,3.445224,0.000000,0.000000,0.000000,2.000000,0.000000,3.000000,0.000000,0.006919,0.000669,0.000649,0.000163,-0.354576,0.000000,0.000000,1.000000,2.000000,1.170882,3.525661,0.941442,3.445224,0.941442,3.445224,0.029859,1.000000,1.000000
15860.000000,0.941442,3.445224,0.000000,0.000000,0.000000,2.000000,0.000000,3.000000,0.000000,0.003013,0.000411,0.000398,0.000100,-0.353262,0.000000,0.000000,1.000000,2.000000,1.170882,3.525661,0.941442,3.445224,0.941442,3.445224,0.029859,1.000000,1.000000
15870.000000,0.941442,3.445224,0.000000,0.000000,0.000000,2.000000,0.000000,3.000000,0.000000,0.001872,0.000252,0.000245,0.000061,-0.352017,0.000000,0.000000,1.000000,2.000000,1.170882,3.525661,0.941442,3.445224,0.941442,3.445224,0.029859,1.000000,1.000000
15880.000000,0.941442,3.445224,0.000000,0.000000,0.000000,2.000000,0.000000,3.000000,0.000000,0.002521,0.000155,0.000150,0.000038,-0.355186,0.000000,0.000000,1.000000,2.000000,1.170882,3.525661,0.941442,3.445224,0.941442,3.445224,0.029859,1.000000,1.000000
15890.000000,0.941442,3.445224,0.000000,0.000000,0.000000,2.000000,0.000000,3.000000,0.000000,0.002767,0.000095,0.000092,0.000023,-0.354677,0.000000,0.000000,1.000000,2.000000,1.170882,3.525661,0.941442,3.445224,0.941442,3.445224,0.029859,1.000000,1.000000
15900.000000,0.941442,3.445224,0.000000,0.000000,0.000000,2.000000,0.000000,3.000000,0.000000,0.002783,0.000058,0.000057,0.000014,-0.353422,0.000000,0.000000,1.000000,2.000000,1.170882,3.525661,0.941442,3.445224,0.941442,3.445224,0.029859,1.000000,1.000000
15910.000000,0.941442,3.445224,0.000000,0.000000,0.000000,2.000000,0.000000,3.000000,0.000000,0.002672,0.000036,0.000035,0.000009,-0.352381,0.000000,0.000000,1.000000,2.000000,1.170882,3.525661,0.941442,3.445224,0.941442,3.445224,0.029859,1.000000,1.000000
15920.000000,0.941442,3.445224,0.000000,0.000000,0.000000,2.000000,0.000000,3.000000,0.000000,0.002497,0.000022,0.000021,0.000005,-0.358672,0.000000,0.000000,1.000000,2.000000,1.170882,3.525661,0.941442,3.445224,0.941442,3.445224,0.029859,1.000000,1.000000
15930.000000,0.941442,3.445224,0.000000,0.000000,0.000000,2.000000,0.000000,3.000000,0.000000,0.002294,0.000014,0.000013,0.000003,-0.350905,0.000000,0.000000,1.000000,2.000000,1.170882,3.525661,0.941442,3.445224,0.941442,3.445224,0.029859,1.000000,1.000000
15940.000000,0.941442,3.445224,0.000000,0.000000,0.000000,2.000000,0.000000,3.000000,0.000000,0.002085,0.000008,0.000008,0.000002,-0.349677,0.000000,0.000000,1.000000,2.000000,1.170882,3.525661,0.941442,3.445224,0.941442,3.445224,0.029859,1.000000,1.000000
15950.000000,0.941442,3.445224,0.000000,0.000000,0.000000,2.000000,0.000000,3.000000,0.000000,0.001882,0.000005,0.000005,0.000001,-0.348457,0.000000,0.000000,1.000000,2.000000,1.170882,3.525661,0.941442,3.445224,0.941442,3.445224,0.029859,1.000000,1.000000
15960.000000,0.941442,3.445224,0.000000,0.000000,0.000000,2.000000,0.000000,3.000000,0.000000,0.001690,0.000003,0.000003,0.000001,-0.352683,0.000000,0.000000,1.000000,2.000000,1.170882,3.525661,0.941442,3.445224,0.941442,3.445224,0.029859,1.000000,1.000000
15970.000000,0.941442,3.445224,0.000000,0.000000,0.000000,2.000000,0.000000,3.000000,0.000000,0.001513,0.000002,0.000002,0.000000,-0.345680,0.000000,0.000000,1.000000,2.000000,1.170882,3.525661,0.941442,3.445224,0.941442,3.445224,0.029859,1.000000,1.000000
15980.000000,0.941442,3.445224,0.000000,0.000000,0.000000,2.000000,0.000000,3.000000,0.000000,0.001351,0.000001,0.000001,0.000000,-0.344488,0.000000,0.000000,1.000000,2.000000,1.170882,3.525661,0.941442,3.445224,0.941442,3.445224,0.029859,1.000000,1.000000
15990.000000,0.941442,3.445224,0.000000,0.000000,0.000000,2.000000,0.000000,3.000000,0.000000,0.001205,0.000001,0.000001,0.000000,-0.343725,0.000000,0.000000,1.000000,2.000000,1.170882,3.525661,0.941442,3.445224,0.941442,3.445224,0.029859,1.000000,1.000000
16000.000000,0.941442,3.445224,0.000000,0.000000,0.000000,2.000000,0.000000,3.000000,0.000000,0.001074,0.000000,0.000000,0.000000,-0.354319,0.000000,0.000000,1.000000,2.000000,1.170882,3.525661,0.941442,3.445224,0.941442,3.445224,0.029859,1.000000,1.000000
16010.000000,0.941442,3.445224,0.000000,0.000000,0.000000,2.000000,0.000000,3.000000,0.000000,0.011268,0.000950,0.000655,-0.000689,-0.346102,0.000000,0.000000,1.000000,2.000000,1.170882,3.525661,0.941442,3.445224,0.941442,3.445224,0.029859,1.000000,1.000000
16020.000000,0.941442,3.445224,0.000000,0.000000,0.000000,2.000000,0.000000,3.000000,0.000000,0.006410,0.000584,0.000402,-0.000423,-0.344907,0.000000,0.000000,1.000000,2.000000,1.170882,3.525661,0.941442,3.445224,0.941442,3.445224,0.029859,1.000000,1.000000
16030.000000,0.941442,3.445224,0.000000,0.000000,0.000000,2.000000,0.000000,3.000000,0.000000,0.002519,0.000358,0.000247,-0.000260,-0.343721,0.000000,0.000000,1.000000,2.000000,1.170882,3.525661,0.941442,3.445224,0.941442,3.445224,0.029859,1.000000,1.000000
16040.000000,0.941442,3.445224,0.000000,0.000000,0.000000,2.000000,0.000000,3.000000,0.000000,0.000917,0.000220,0.000152,-0.000160,-0.350325,0.000000,0.000000,1.000000,2.000000,1.170882,3.525661,0.941442,3.445224,0.941442,3.445224,0.029859,1.000000,1.000000
16050.000000,0.941442,3.445224,0.000000,0.000000,0.000000,2.000000,0.000000,3.000000,0.000000,0.001421,0.000135,0.000093,-0.000098,-0.349296,0.000000,0.000000,1.000000,2.000000,1.170882,3.525661,0.941442,3.445224,0.941442,3.445224,0.029859,1.000000,1.000000
16060.000000,0.941442,3.445224,0.000000,0.000000,0.000000,2.000000,0.000000,3.000000,0.000000,0.002119,0.000083,0.000057,-0.000060,-0.353732,0.000000,0.000000,1.000000,2.000000,1.170882,3.525661,0.941442,3.445224,0.941442,3.445224,0.029859,1.000000,1.000000
16070.000000,0.941442,3.445224,0.000000,0.000000,0.000000,2.000000,0.000000,3.000000,0.000000,0.002409,0.000051,0.000035,-0.000037,-0.338129,0.000000,0.000000,1.000000,2.000000,1.170882,3.525661,0.941442,3.445224,0.941442,3.445224,0.029859,1.000000,1.000000
16080.000000,0.941442,3.445224,0.000000,0.000000,0.000000,2.000000,0.000000,3.000000,0.000000,0.002464,0.000031,0.000022,-0.000023,-0.335111,0.000000,0.000000,1.000000,2.000000,1.170882,3.525661,0.941442,3.445224,0.941442,3.445224,0.029859,1.000000,1.000000
16090.000000,0.941442,3.445224,0.000000,0.000000,0.000000,2.000000,0.000000,3.000000,0.000000,0.002388,0.000019,0.000013,-0.000014,-0.333991,0.000000,0.000000,1.000000,2.000000,1.170882,3.525661,0.941442,3.445224,0.941442,3.445224,0.029859,1.000000,1.000000
16100.000000,0.941442,3.445224,0.000000,0.000000,0.000000,2.000000,0.000000,3.000000,0.000000,0.002245,0.000012,0.000008,-0.000009,-0.332878,0.000000,0.000000,1.000000,2.000000,1.170882,3.525661,0.941442,3.445224,0.941442,3.445224,0.029859,1.000000,1.000000
16110.000000,0.941442,3.445224,0.000000,0.000000,0.000000,2.000000,0.000000,3.000000,0.000000,0.002070,0.000007,0.000005,-0.000005,-0.346412,0.000000,0.000000,1.000000,2.000000,1.170882,3.525661,0.941442,3.445224,0.941442,3.445224,0.029859,1.000000,1.000000
16120.000000,0.941442,3.445224,0.000000,0.000000,0.000000,2.000000,0.000000,3.000000,0.000000,0.001886,0.000004,0.000003,-0.000003,-0.343244,0.000000,0.000000,1.000000,2.000000,1.170882,3.525661,0.941442,3.445224,0.941442,3.445224,0.029859,1.000000,1.000000
16130.000000,0.941442,3.445224,0.000000,0.000000,0.000000,2.000000,0.000000,3.000000,0.000000,0.001704,0.000003,0.000002,-0.000002,-0.341373,0.000000,0.000000,1.000000,2.000000,1.170882,3.525661,0.941442,3.445224,0.941442,3.445224,0.029859,1.000000,1.000000
16140.000000,0.941442,3.445224,0.000000,0.000000,0.000000,2.000000,0.000000,3.000000,0.000000,0.001532,0.000002,0.000001,-0.000001,-0.340210,0.000000,0.000000,1.000000,2.000000,1.170882,3.525661,0.941442,3.445224,0.941442,3.445224,0.029859,1.000000,1.000000
16150.000000,0.941442,3.445224,0.000000,0.000000,0.000000,2.000000,0.000000,3.000000,0.000000,0.001373,0.000001,0.000001,-0.000001,-0.334330,0.000000,0.000000,1.000000,2.000000,1.170882,3.525661,0.941442,3.445224,0.941442,3.445224,0.029859,1.000000,1.000000
16160.000000,0.941442,3.445224,0.000000,0.000000,0.000000,2.000000,0.000000,3.000000,0.000000,0.001227,0.000001,0.000000,-0.000000,-0.333121,0.000000,0.000000,1.000000,2.000000,1.170882,3.525661,0.941442,3.445224,0.941442,3.445224,0.029859,1.000000,1.000000
16170.000000,0.941442,3.445224,0.000000,0.000000,0.000000,2.000000,0.000000,3.000000,0.000000,0.001094,0.000000,0.000000,-0.000000,-0.332124,0.000000,0.000000,1.000000,2.000000,1.170882,3.525661,0.941442,3.445224,0.941442,3.445224,0.029859,1.000000,1.000000
16180.000000,0.941442,3.445224,0.000000,0.000000,0.000000,2.000000,0.000000,3.000000,0.000000,0.000975,0.000000,0.000000,-0.000000,-0.337803,0.000000,0.000000,1.000000,2.000000,1.170882,3.525661,0.941442,3.445224,0.941442,3.445224,0.029859,1.000000,1.000000
16190.000000,0.941442,3.445224,0.000000,0.000000,0.000000,2.000000,0.000000,3.000000,0.000000,0.000868,0.000000,0.000000,-0.000000,-0.332932,0.000000,0.000000,1.000000,2.000000,1.170882,3.525661,0.941442,3.445224,0.941442,3.445224,0.029859,1.000000,1.000000
16200.000000,0.941442,3.445224,0.000000,0.000000,0.000000,2.000000,0.000000,3.000000,0.000000,0.000773,0.000000,0.000000,-0.000000,-0.331826,0.000000,0.000000,1.000000,2.000000,1.170882,3.525661,0.941442,3.445224,0.941442,3.445224,0.029859,1.000000,1.000000
16210.000000,0.941442,3.445224,0.000000,0.000000,0.000000,2.000000,0.000000,3.000000,0.000000,0.000688,0.000000,0.000000,-0.000000,-0.328765,0.000000,0.000000,1.000000,2.000000,1.170882,3.525661,0.941442,3.445224,0.941442,3.445224,0.029859,1.000000,1.000000
16220.000000,0.941442,3.445224,0.000000,0.000000,0.000000,2.000000,0.000000,3.000000,0.000000,0.000611,0.000000,0.000000,-0.000000,-0.327686,0.000000,0.000000,1.000000,2.000000,1.170882,3.525661,0.941442,3.445224,0.941442,3.445224,0.029859,1.000000,1.000000
16230.000000,0.941442,3.445224,0.000000,0.000000,0.000000,2.000000,0.000000,3.000000,0.000000,0.000544,0.000000,0.000000,-0.000000,-0.324744,0.000000,0.000000,1.000000,2.000000,1.170882,3.525661,0.941442,3.445224,0.941442,3.445224,0.029859,1.000000,1.000000
16240.000000,0.941442,3.445224,0.000000,0.000000,0.000000,2.000000,0.000000,3.000000,0.000000,0.010121,0.000950,0.000654,0.000689,-0.323692,0.000000,0.000000,1.000000,2.000000,1.170882,3.525661,0.941442,3.445224,0.941442,3.445224,0.029859,1.000000,1.000000
16250.000000,0.941442,3.445224,0.000000,0.000000,0.000000,2.000000,0.000000,3.000000,0.000000,0.010125,0.001089,0.001056,-0.000266,-0.322750,0.000000,0.000000,1.000000,2.000000,1.170882,3.525661,0.941442,3.445224,0.941442,3.445224,0.029859,1.000000,1.000000
16260.000000,0.941442,3.445224,0.000000,0.000000,0.000000,2.000000,0.000000,3.000000,0.000000,0.006839,0.000669,0.000648,-0.000163,-0.320417,0.000000,0.000000,1.000000,2.000000,1.170882,3.525661,0.941442,3.445224,0.941442,3.445224,0.029859,1.000000,1.000000
16270.000000,0.941442,3.445224,0.000000,0.000000,0.000000,2.000000,0.000000,3.000000,0.000000,0.002936,0.000411,0.000398,-0.000100,-0.304762,0.000000,0.000000,1.000000,2.000000,1.170882,3.525661,0.941442,3.445224,0.941442,3.445224,0.029859,1.000000,1.000000
16280.000000,0.941442,3.445224,0.000000,0.000000,0.000000,2.000000,0.000000,3.000000,0.000000,0.001050,0.000252,0.000244,-0.000062,-0.303836,0.000000,0.000000,1.000000,2.000000,1.170882,3.525661,0.941442,3.445224,0.941442,3.445224,0.029859,1.000000,1.000000
16290.000000,0.941442,3.445224,0.000000,0.000000,0.000000,2.000000,0.000000,3.000000,0.000000,0.001620,0.000155,0.000150,-0.000038,-0.302914,0.000000,0.000000,1.000000,2.000000,1.170882,3.525661,0.941442,3.445224,0.941442,3.445224,0.029859,1.000000,1.000000
16300.000000,0.941442,3.445224,0.000000,0.000000,0.000000,2.000000,0.000000,3.000000,0.000000,0.010492,0.001401,0.001401,-0.000023,-0.309104,0.000000,0.000000,1.000000,2.000000,1.170882,3.525661,0.941442,3.445224,0.941442,3.445224,0.029859,1.000000,1.000000
16310.000000,0.941442,3.445224,0.000000,0.000000,0.000000,2.000000,0.000000,3.000000,0.000000,0.010492,0.000706,0.000206,0.000675,-0.322971,0.000000,0.000000,1.000000,2.000000,1.170882,3.525661,0.941442,3.445224,0.941442,3.445224,0.029859,1.000000,1.000000
16320.000000,0.941442,3.445224,0.000000,0.000000,0.000000,2.000000,0.000000,3.000000,0.000000,0.007189,0.000433,0.000126,0.000414,-0.307237,0.000000,0.000000,1.000000,2.000000,1.170882,3.525661,0.941442,3.445224,0.941442,3.445224,0.029859,1.000000,1.000000
16330.000000,0.941442,3.445224,0.000000,0.000000,0.000000,2.000000,0.000000,3.000000,0.000000,0.003275,0.000266,0.000078,0.000254,-0.306295,0.000000,0.000000,1.000000,2.000000,1.170882,3.525661,0.941442,3.445224,0.941442,3.445224,0.029859,1.000000,1.000000
16340.000000,0.941442,3.445224,0.000000,0.000000,0.000000,2.000000,0.000000,3.000000,0.000000,0.002884,0.000163,0.000048,0.000156,-0.290588,0.000000,0.000000,1.000000,2.000000,1.170882,3.525661,0.941442,3.445224,0.941442,3.445224,0.029859,1.000000,1.000000
16350.000000,0.941442,3.445224,0.000000,0.000000,0.000000,2.000000,0.000000,3.000000,0.000000,0.007530,0.001041,0.000683,0.000785,-0.286424,0.000000,0.000000,1.000000,2.000000,1.170882,3.525661,0.941442,3.445224,0.941442,3.445224,0.029859,1.000000,1.000000
16360.000000,0.941442,3.445224,0.000000,0.000000,0.000000,2.000000,0.000000,3.000000,0.000000,0.004421,0.000639,0.000420,0.000482,-0.285605,0.000000,0.000000,1.000000,2.000000,1.170882,3.525661,0.941442,3.445224,0.941442,3.445224,0.029859,1.000000,1.000000
16370.000000,0.941442,3.445224,0.000000,0.000000,0.000000,2.000000,0.000000,3.000000,0.000000,0.003619,0.000392,0.000258,0.000296,-0.294313,0.000000,0.000000,1.000000,2.000000,1.170882,3.525661,0.941442,3.445224,0.941442,3.445224,0.029859,1.000000,1.000000
16380.000000,0.941442,3.445224,0.000000,0.000000,0.000000,2.000000,0.000000,3.000000,0.000000,0.011683,0.001191,0.000812,0.000871,-0.299197,0.000000,0.000000,1.000000,2.000000,1.170882,3.525661,0.941442,3.445224,0.941442,3.445224,0.029859,1.000000,1.000000
16390.000000,0.941442,3.445224,0.000000,0.000000,0.000000,2.000000,0.000000,3.000000,0.000000,0.011683,0.001234,-0.000155,0.001224,-0.298304,0.000000,0.000000,1.000000,2.000000,1.170882,3.525661,0.941442,3.445224,0.941442,3.445224,0.029859,1.000000,1.000000
16400.000000,0.941442,3.445224,0.000000,0.000000,0.000000,2.000000,0.000000,3.000000,0.000000,0.008889,0.000562,0.000559,0.000062,-0.297416,0.000000,0.000000,1.000000,2.000000,1.170882,3.525661,0.941442,3.445224,0.941442,3.445224,0.029859,1.000000,1.000000
16410.000000,0.941442,3.445224,0.000000,0.000000,0.000000,2.000000,0.000000,3.000000,0.000000,0.010839,0.001235,0.000997,0.000728,-0.295012,0.000000,0.000000,1.000000,2.000000,1.170882,3.525661,0.941442,3.445224,0.941442,3.445224,0.029859,1.000000,1.000000
