I0,I1,I2,I3,I4,I5,I6,I7,I8,I9,I10,I11,I12,I13,I14,I15,I16,I17,I18,I19,I20,I21,I22,I23,I24,I25,I26,I27
10.000000,6.000000,1.000000,0.000000,0.000000,0.000000,0.000000,0.000000,0.000000,0.000000,0.000000,0.000000,0.000000,0.000000,-0.942906,0.000000,0.000000,0.000000,65535.000000,0.000000,0.000000,6.000000,1.000000,6.000000,1.000000,0.000000,0.000000,1.000000
20.000000,6.000000,1.000000,0.000000,0.000000,0.000000,0.000000,0.000000,0.000000,0.000000,0.017941,0.002080,0.001963,0.000689,-0.934089,0.000000,0.000000,0.000000,65535.000000,0.000000,0.000000,6.000000,1.000000,6.000000,1.000000,0.000000,0.000000,1.000000
30.000000,6.000000,1.000000,0.000000,0.000000,0.000000,0.000000,0.000000,0.000000,0.000000,0.008985,0.001277,0.001205,0.000423,-0.950153,0.000000,0.000000,0.000000,65535.000000,0.000000,0.000000,6.000000,1.000000,6.000000,1.000000,0.000000,0.000000,1.000000
40.000000,6.000000,1.000000,0.000000,0.000000,0.000000,0.000000,0.000000,0.000000,0.000000,0.006551,0.000784,0.000740,0.000260,-0.941201,0.000000,0.000000,0.000000,65535.000000,0.000000,0.000000,6.000000,1.000000,6.000000,1.000000,0.000000,0.000000,1.000000
50.000000,6.000000,1.000000,0.000000,0.000000,0.000000,0.000000,0.000000,0.000000,0.000000,0.002006,0.000482,0.000454,0.000160,-0.935941,0.000000,0.000000,0.000000,65535.000000,0.000000,0.000000,6.000000,1.000000,6.000000,1.000000,0.000000,0.000000,1.000000
60.000000,6.000000,1.000000,0.000000,0.000000,0.000000,0.000000,0.000000,0.000000,0.000000,0.001646,0.000296,0.000279,0.000098,-0.927167,0.000000,0.000000,0.000000,65535.000000,0.000000,0.000000,6.000000,1.000000,6.000000,1.000000,0.000000,0.000000,1.000000
70.000000,6.000000,1.000000,0.000000,0.000000,0.000000,0.000000,0.000000,0.000000,0.000000,0.003174,0.000182,0.000171,0.000060,-0.916189,0.000000,0.000000,0.000000,65535.000000,0.000000,0.000000,6.000000,1.000000,6.000000,1.000000,0.000000,0.000000,1.000000
80.000000,6.000000,1.000000,0.000000,0.000000,0.000000,0.000000,0.000000,0.000000,0.000000,0.003872,0.000111,0.000105,0.000037,-0.906406,0.000000,0.000000,0.000000,65535.000000,0.000000,0.000000,6.000000,1.000000,6.000000,1.000000,0.000000,0.000000,1.000000
90.000000,6.000000,1.000000,0.000000,0.000000,0.000000,0.000000,0.000000,0.000000,0.000000,0.004087,0.000068,0.000065,0.000023,-0.898257,0.000000,0.000000,0.000000,65535.000000,0.000000,0.000000,6.000000,1.000000,6.000000,1.000000,0.000000,0.000000,1.000000
100.000000,6.000000,1.000000,0.000000,0.000000,0.000000,0.000000,0.000000,0.000000,0.000000,0.004029,0.000042,0.000040,0.000014,-0.891651,0.000000,0.000000,0.000000,65535.000000,0.000000,0.000000,6.000000,1.000000,6.000000,1.000000,0.000000,0.000000,1.000000
110.000000,6.000000,1.000000,0.000000,0.000000,0.000000,0.000000,0.000000,0.000000,0.000000,0.003825,0.000026,0.000024,0.000009,-0.887930,0.000000,0.000000,0.000000,65535.000000,0.000000,0.000000,6.000000,1.000000,6.000000,1.000000,0.000000,0.000000,1.000000
120.000000,6.000000,1.000000,0.000000,0.000000,0.000000,0.000000,0.000000,0.000000,0.000000,0.003549,0.000016,0.000015,0.000005,-0.882873,0.000000,0.000000,0.000000,65535.000000,0.000000,0.000000,6.000000,1.000000,6.000000,1.000000,0.000000,0.000000,1.000000
130.000000,6.000000,1.000000,0.000000,0.000000,0.000000,0.000000,0.000000,0.000000,0.000000,0.003246,0.000010,0.000009,0.000003,-0.872033,0.000000,0.000000,0.000000,65535.000000,0.000000,0.000000,6.000000,1.000000,6.000000,1.000000,0.000000,0.000000,1.000000
140.000000,6.000000,1.000000,0.000000,0.000000,0.000000,0.000000,0.000000,0.000000,0.000000,0.002942,0.000006,0.000006,0.000002,-0.864410,0.000000,0.000000,0.000000,65535.000000,0.000000,0.000000,6.000000,1.000000,6.000000,1.000000,0.000000,0.000000,1.000000
150.000000,6.000000,1.000000,0.000000,0.000000,0.000000,0.000000,0.000000,0.000000,0.000000,0.002650,0.000004,0.000003,0.000001,-0.856995,0.000000,0.000000,0.000000,65535.000000,0.000000,0.000000,6.000000,1.000000,6.000000,1.000000,0.000000,0.000000,1.000000
160.000000,6.000000,1.000000,0.000000,0.000000,0.000000,0.000000,0.000000,0.000000,0.000000,0.002376,0.000002,0.000002,0.000001,-0.850732,0.000000,0.000000,0.000000,65535.000000,0.000000,0.000000,6.000000,1.000000,6.000000,1.000000,0.000000,0.000000,1.000000
170.000000,6.000000,1.000000,0.000000,0.000000,0.000000,0.000000,0.000000,0.000000,0.000000,0.002125,0.000001,0.000001,0.000000,-0.843549,0.000000,0.000000,0.000000,65535.000000,0.000000,0.000000,6.000000,1.000000,6.000000,1.000000,0.000000,0.000000,1.000000
180.000000,6.000000,1.000000,0.000000,0.000000,0.000000,0.000000,0.000000,0.000000,0.000000,0.001897,0.000001,0.000001,0.000000,-0.836485,0.000000,0.000000,0.000000,65535.000000,0.000000,0.000000,6.000000,1.000000,6.000000,1.000000,0.000000,0.000000,1.000000
190.000000,6.000000,1.000000,0.000000,0.000000,0.000000,0.000000,0.000000,0.000000,0.000000,0.001691,0.000001,0.000000,0.000000,-0.830456,0.000000,0.000000,0.000000,65535.000000,0.000000,0.000000,6.000000,1.000000,6.000000,1.000000,0.000000,0.000000,1.000000
200.000000,6.000000,1.000000,0.000000,0.000000,0.000000,0.000000,0.000000,0.000000,0.000000,0.001506,0.000000,0.000000,0.000000,-0.823233,0.000000,0.000000,0.000000,65535.000000,0.000000,0.000000,6.000000,1.000000,6.000000,1.000000,0.000000,0.000000,1.000000
210.000000,6.000000,1.000000,0.000000,0.000000,0.000000,0.000000,0.000000,0.000000,0.000000,0.001341,0.000000,0.000000,0.000000,-0.816504,0.000000,0.000000,0.000000,65535.000000,0.000000,0.000000,6.000000,1.000000,6.000000,1.000000,0.000000,0.000000,1.000000
220.000000,6.000000,1.000000,0.000000,0.000000,0.000000,0.000000,0.000000,0.000000,0.000000,0.001193,0.000000,0.000000,0.000000,-0.809177,0.000000,0.000000,0.000000,65535.000000,0.000000,0.000000,6.000000,1.000000,6.000000,1.000000,0.000000,0.000000,1.000000
230.000000,6.000000,1.000000,0.000000,0.000000,0.000000,0.000000,0.000000,0.000000,0.000000,0.001061,0.000000,0.000000,0.000000,-0.802343,0.000000,0.000000,0.000000,65535.000000,0.000000,0.000000,6.000000,1.000000,6.000000,1.000000,0.000000,0.000000,1.000000
240.000000,6.000000,1.000000,0.000000,0.000000,0.000000,0.000000,0.000000,0.000000,0.000000,0.000944,0.000000,0.000000,0.000000,-0.795950,0.000000,0.000000,0.000000,65535.000000,0.000000,0.000000,6.000000,1.000000,6.000000,1.000000,0.000000,0.000000,1.000000
250.000000,6.000000,1.000000,0.000000,0.000000,0.000000,0.000000,0.000000,0.000000,0.000000,0.000839,0.000000,0.000000,0.000000,-0.790038,0.000000,0.000000,0.000000,65535.000000,0.000000,0.000000,6.000000,1.000000,6.000000,1.000000,0.000000,0.000000,1.000000
260.000000,6.000000,1.000000,0.000000,0.000000,0.000000,0.000000,0.000000,0.000000,0.000000,0.000746,0.000000,0.000000,0.000000,-0.783240,0.000000,0.000000,0.000000,65535.000000,0.000000,0.000000,6.000000,1.000000,6.000000,1.000000,0.000000,0.000000,1.000000
270.000000,6.000000,1.000000,0.000000,0.000000,0.000000,0.000000,0.000000,0.000000,0.000000,0.000663,0.000000,0.000000,0.000000,-0.776427,0.000000,0.000000,0.000000,65535.000000,0.000000,0.000000,6.000000,1.000000,6.000000,1.000000,0.000000,0.000000,1.000000
280.000000,6.000000,1.000000,0.000000,0.000000,0.000000,0.000000,0.000000,0.000000,0.000000,0.000590,0.000000,0.000000,0.000000,-0.770439,0.000000,0.000000,0.000000,65535.000000,0.000000,0.000000,6.000000,1.000000,6.000000,1.000000,0.000000,0.000000,1.000000
290.000000,6.000000,1.000000,0.000000,0.000000,0.000000,0.000000,0.000000,0.000000,0.000000,0.000524,0.000000,0.000000,0.000000,-0.765257,0.000000,0.000000,0.000000,65535.000000,0.000000,0.000000,6.000000,1.000000,6.000000,1.000000,0.000000,0.000000,1.000000
300.000000,6.000000,1.000000,0.000000,0.000000,0.000000,0.000000,0.000000,0.000000,0.000000,0.000466,0.000000,0.000000,0.000000,-0.762664,0.000000,0.000000,0.000000,65535.000000,0.000000,0.000000,6.000000,1.000000,6.000000,1.000000,0.000000,0.000000,1.000000
310.000000,6.000000,1.000000,0.000000,0.000000,0.000000,0.000000,0.000000,0.000000,0.000000,0.000414,0.000000,0.000000,0.000000,-0.756916,0.000000,0.000000,0.000000,65535.000000,0.000000,0.000000,6.000000,1.000000,6.000000,1.000000,0.000000,0.000000,1.000000
320.000000,6.000000,1.000000,0.000000,0.000000,0.000000,0.000000,0.000000,0.000000,0.000000,0.000368,0.000000,0.000000,0.000000,-0.748800,0.000000,0.000000,0.000000,65535.000000,0.000000,0.000000,6.000000,1.000000,6.000000,1.000000,0.000000,0.000000,1.000000
330.000000,6.000000,1.000000,0.000000,0.000000,0.000000,0.000000,0.000000,0.000000,0.000000,0.000327,0.000000,0.000000,0.000000,-0.742048,0.000000,0.000000,0.000000,65535.000000,0.000000,0.000000,6.000000,1.000000,6.000000,1.000000,0.000000,0.000000,1.000000
340.000000,6.000000,1.000000,0.000000,0.000000,0.000000,0.000000,0.000000,0.000000,0.000000,0.000291,0.000000,0.000000,0.000000,-0.735806,0.000000,0.000000,0.000000,65535.000000,0.000000,0.000000,6.000000,1.000000,6.000000,1.000000,0.000000,0.000000,1.000000
350.000000,6.000000,1.000000,0.000000,0.000000,0.000000,0.000000,0.000000,0.000000,0.000000,0.000259,0.000000,0.000000,0.000000,-0.730426,0.000000,0.000000,0.000000,65535.000000,0.000000,0.000000,6.000000,1.000000,6.000000,1.000000,0.000000,0.000000,1.000000
360.000000,6.000000,1.000000,0.000000,0.000000,0.000000,0.000000,0.000000,0.000000,0.000000,0.000230,0.000000,0.000000,0.000000,-0.725770,0.000000,0.000000,0.000000,65535.000000,0.000000,0.000000,6.000000,1.000000,6.000000,1.000000,0.000000,0.000000,1.000000
370.000000,6.000000,1.000000,0.000000,0.000000,0.000000,0.000000,0.000000,0.000000,0.000000,0.000204,0.000000,0.000000,0.000000,-0.717235,0.000000,0.000000,0.000000,65535.000000,0.000000,0.000000,6.000000,1.000000,6.000000,1.000000,0.000000,0.000000,1.000000
380.000000,6.000000,1.000000,0.000000,0.000000,0.000000,0.000000,0.000000,0.000000,0.000000,0.000182,0.000000,0.000000,0.000000,-0.712123,0.000000,0.000000,0.000000,65535.000000,0.000000,0.000000,6.000000,1.000000,6.000000,1.000000,0.000000,0.000000,1.000000
390.000000,6.000000,1.000000,0.000000,0.000000,0.000000,0.000000,0.000000,0.000000,0.000000,0.000161,0.000000,0.000000,0.000000,-0.707083,0.000000,0.000000,0.000000,65535.000000,0.000000,0.000000,6.000000,1.000000,6.000000,1.000000,0.000000,0.000000,1.000000
400.000000,6.000000,1.000000,0.000000,0.000000,0.000000,0.000000,0.000000,0.000000,0.000000,0.000143,0.000000,0.000000,0.000000,-0.703199,0.000000,0.000000,0.000000,65535.000000,0.000000,0.000000,6.000000,1.000000,6.000000,1.000000,0.000000,0.000000,1.000000
410.000000,6.000000,1.000000,0.000000,0.000000,0.000000,0.000000,0.000000,0.000000,0.000000,0.000128,0.000000,0.000000,0.000000,-0.698284,0.000000,0.000000,0.000000,65535.000000,0.000000,0.000000,6.000000,1.000000,6.000000,1.000000,0.000000,0.000000,1.000000
420.000000,6.000000,1.000000,0.000000,0.000000,0.000000,0.000000,0.000000,0.000000,0.000000,0.000113,0.000000,0.000000,0.000000,-0.695198,0.000000,0.000000,0.000000,65535.000000,0.000000,0.000000,6.000000,1.000000,6.000000,1.000000,0.000000,0.000000,1.000000
430.000000,6.000000,1.000000,0.000000,0.000000,0.000000,0.000000,0.000000,0.000000,0.000000,0.000101,0.000000,0.000000,0.000000,-0.693777,0.000000,0.000000,0.000000,65535.000000,0.000000,0.000000,6.000000,1.000000,6.000000,1.000000,0.000000,0.000000,1.000000
440.000000,6.000000,1.000000,0.000000,0.000000,0.000000,0.000000,0.000000,0.000000,0.000000,0.000090,0.000000,0.000000,0.000000,-0.686180,0.000000,0.000000,0.000000,65535.000000,0.000000,0.000000,6.000000,1.000000,6.000000,1.000000,0.000000,0.000000,1.000000
450.000000,6.000000,1.000000,0.000000,0.000000,0.000000,0.000000,0.000000,0.000000,0.000000,0.000080,0.000000,0.000000,0.000000,-0.681499,0.000000,0.000000,0.000000,65535.000000,0.000000,0.000000,6.000000,1.000000,6.000000,1.000000,0.000000,0.000000,1.000000
460.000000,6.000000,1.000000,0.000000,0.000000,0.000000,0.000000,0.000000,0.000000,0.000000,0.000071,0.000000,0.000000,0.000000,-0.677037,0.000000,0.000000,0.000000,65535.000000,0.000000,0.000000,6.000000,1.000000,6.000000,1.000000,0.000000,0.000000,1.000000
470.000000,6.000000,1.000000,0.000000,0.000000,0.000000,0.000000,0.000000,0.000000,0.000000,0.000063,0.000000,0.000000,0.000000,-0.674616,0.000000,0.000000,0.000000,65535.000000,0.000000,0.000000,6.000000,1.000000,6.000000,1.000000,0.000000,0.000000,1.000000
480.000000,6.000000,1.000000,0.000000,0.000000,0.000000,0.000000,0.000000,0.000000,0.000000,0.000056,0.000000,0.000000,0.000000,-0.670091,0.000000,0.000000,0.000000,65535.000000,0.000000,0.000000,6.000000,1.000000,6.000000,1.000000,0.000000,0.000000,1.000000
490.000000,6.000000,1.000000,0.000000,0.000000,0.000000,0.000000,0.000000,0.000000,0.000000,0.000050,0.000000,0.000000,0.000000,-0.666264,0.000000,0.000000,0.000000,65535.000000,0.000000,0.000000,6.000000,1.000000,6.000000,1.000000,0.000000,0.000000,1.000000
500.000000,6.000000,1.000000,0.000000,0.000000,0.000000,0.000000,0.000000,0.000000,0.000000,0.000044,0.000000,0.000000,0.000000,-0.660269,0.000000,0.000000,0.000000,65535.000000,0.000000,0.000000,6.000000,1.000000,6.000000,1.000000,0.000000,0.000000,1.000000
510.000000,6.000000,1.000000,0.000000,0.000000,0.000000,0.000000,0.000000,0.000000,0.000000,0.000039,0.000000,0.000000,0.000000,-0.655933,0.000000,0.000000,0.000000,65535.000000,0.000000,0.000000,6.000000,1.000000,6.000000,1.000000,0.000000,0.000000,1.000000
520.000000,6.000000,1.000000,0.000000,0.000000,0.000000,0.000000,0.000000,0.000000,0.000000,0.000035,0.000000,0.000000,0.000000,-0.649153,0.000000,0.000000,0.000000,65535.000000,0.000000,0.000000,6.000000,1.000000,6.000000,1.000000,0.000000,0.000000,1.000000
530.000000,6.000000,1.000000,0.000000,0.000000,0.000000,0.000000,0.000000,0.000000,0.000000,0.000031,0.000000,0.000000,0.000000,-0.643449,0.000000,0.000000,0.000000,65535.000000,0.000000,0.000000,6.000000,1.000000,6.000000,1.000000,0.000000,0.000000,1.000000
540.000000,6.000000,1.000000,0.000000,0.000000,0.000000,0.000000,0.000000,0.000000,0.000000,0.000028,0.000000,0.000000,0.000000,-0.639331,0.000000,0.000000,0.000000,65535.000000,0.000000,0.000000,6.000000,1.000000,6.000000,1.000000,0.000000,0.000000,1.000000
550.000000,6.000000,1.000000,0.000000,0.000000,0.000000,0.000000,0.000000,0.000000,0.000000,0.000025,0.000000,0.000000,0.000000,-0.636108,0.000000,0.000000,0.000000,65535.000000,0.000000,0.000000,6.000000,1.000000,6.000000,1.000000,0.000000,0.000000,1.000000
560.000000,6.000000,1.000000,0.000000,0.000000,0.000000,0.000000,0.000000,0.000000,0.000000,0.000022,0.000000,0.000000,0.000000,-0.634784,0.000000,0.000000,0.000000,65535.000000,0.000000,0.000000,6.000000,1.000000,6.000000,1.000000,0.000000,0.000000,1.000000
570.000000,6.000000,1.000000,0.000000,0.000000,0.000000,0.000000,0.000000,0.000000,0.000000,0.000019,0.000000,0.000000,0.000000,-0.630776,0.000000,0.000000,0.000000,65535.000000,0.000000,0.000000,6.000000,1.000000,6.000000,1.000000,0.000000,0.000000,1.000000
580.000000,6.000000,1.000000,0.000000,0.000000,0.000000,0.000000,0.000000,0.000000,0.000000,0.000017,0.000000,0.000000,0.000000,-0.627878,0.000000,0.000000,0.000000,65535.000000,0.000000,0.000000,6.000000,1.000000,6.000000,1.000000,0.000000,0.000000,1.000000
590.000000,6.000000,1.000000,0.000000,0.000000,0.000000,0.000000,0.000000,0.000000,0.000000,0.000015,0.000000,0.000000,0.000000,-0.623956,0.000000,0.000000,0.000000,65535.000000,0.000000,0.000000,6.000000,1.000000,6.000000,1.000000,0.000000,0.000000,1.000000
600.000000,6.000000,1.000000,0.000000,0.000000,0.000000,0.000000,0.000000,0.000000,0.000000,0.000014,0.000000,0.000000,0.000000,-0.621601,0.000000,0.000000,0.000000,65535.000000,0.000000,0.000000,6.000000,1.000000,6.000000,1.000000,0.000000,0.000000,1.000000
610.000000,6.000000,1.000000,0.000000,0.000000,0.000000,0.000000,0.000000,0.000000,0.000000,0.000012,0.000000,0.000000,0.000000,-0.614593,0.000000,0.000000,0.000000,65535.000000,0.000000,0.000000,6.000000,1.000000,6.000000,1.000000,0.000000,0.000000,1.000000
620.000000,6.000000,1.000000,0.000000,0.000000,0.000000,0.000000,0.000000,0.000000,0.000000,0.000011,0.000000,0.000000,0.000000,-0.610835,0.000000,0.000000,0.000000,65535.000000,0.000000,0.000000,6.000000,1.000000,6.000000,1.000000,0.000000,0.000000,1.000000
630.000000,6.000000,1.000000,0.000000,0.000000,0.000000,0.000000,0.000000,0.000000,0.000000,0.000010,0.000000,0.000000,0.000000,-0.607123,0.000000,0.000000,0.000000,65535.000000,0.000000,0.000000,6.000000,1.000000,6.000000,1.000000,0.000000,0.000000,1.000000
640.000000,6.000000,1.000000,0.000000,0.000000,0.000000,0.000000,0.000000,0.000000,0.000000,0.000008,0.000000,0.000000,0.000000,-0.606051,0.000000,0.000000,0.000000,65535.000000,0.000000,0.000000,6.000000,1.000000,6.000000,1.000000,0.000000,0.000000,1.000000
650.000000,6.000000,1.000000,0.000000,0.000000,0.000000,0.000000,0.000000,0.000000,0.000000,0.000008,0.000000,0.000000,0.000000,-0.604220,0.000000,0.000000,0.000000,65535.000000,0.000000,0.000000,6.000000,1.000000,6.000000,1.000000,0.000000,0.000000,1.000000
660.000000,6.000000,1.000000,0.000000,0.000000,0.000000,0.000000,0.000000,0.000000,0.000000,0.000007,0.000000,0.000000,0.000000,-0.598688,0.000000,0.000000,0.000000,65535.000000,0.000000,0.000000,6.000000,1.000000,6.000000,1.000000,0.000000,0.000000,1.000000
670.000000,6.000000,1.000000,0.000000,0.000000,0.000000,0.000000,0.000000,0.000000,0.000000,0.000006,0.000000,0.000000,0.000000,-0.594974,0.000000,0.000000,0.000000,65535.000000,0.000000,0.000000,6.000000,1.000000,6.000000,1.000000,0.000000,0.000000,1.000000
680.000000,6.000000,1.000000,0.000000,0.000000,0.000000,0.000000,0.000000,0.000000,0.000000,0.000005,0.000000,0.000000,0.000000,-0.591451,0.000000,0.000000,0.000000,65535.000000,0.000000,0.000000,6.000000,1.000000,6.000000,1.000000,0.000000,0.000000,1.000000
690.000000,6.000000,1.000000,0.000000,0.000000,0.000000,0.000000,0.000000,0.000000,0.000000,0.000005,0.000000,0.000000,0.000000,-0.589269,0.000000,0.000000,0.000000,65535.000000,0.000000,0.000000,6.000000,1.000000,6.000000,1.000000,0.000000,0.000000,1.000000
700.000000,6.000000,1.000000,0.000000,0.000000,0.000000,0.000000,0.000000,0.000000,0.000000,0.000004,0.000000,0.000000,0.000000,-0.587378,0.000000,0.000000,0.000000,65535.000000,0.000000,0.000000,6.000000,1.000000,6.000000,1.000000,0.000000,0.000000,1.000000
710.000000,6.000000,1.000000,0.000000,0.000000,0.000000,0.000000,0.000000,0.000000,0.000000,0.000004,0.000000,0.000000,0.000000,-0.582222,0.000000,0.000000,0.000000,65535.000000,0.000000,0.000000,6.000000,1.000000,6.000000,1.000000,0.000000,0.000000,1.000000
720.000000,6.000000,1.000000,0.000000,0.000000,0.000000,0.000000,0.000000,0.000000,0.000000,0.000003,0.000000,0.000000,0.000000,-0.578849,0.000000,0.000000,0.000000,65535.000000,0.000000,0.000000,6.000000,1.000000,6.000000,1.000000,0.000000,0.000000,1.000000
730.000000,6.000000,1.000000,0.000000,0.000000,0.000000,0.000000,0.000000,0.000000,0.000000,0.000003,0.000000,0.000000,0.000000,-0.575514,0.000000,0.000000,0.000000,65535.000000,0.000000,0.000000,6.000000,1.000000,6.000000,1.000000,0.000000,0.000000,1.000000
740.000000,6.000000,1.000000,0.000000,0.000000,0.000000,0.000000,0.000000,0.000000,0.000000,0.000003,0.000000,0.000000,0.000000,-0.571224,0.000000,0.000000,0.000000,65535.000000,0.000000,0.000000,6.000000,1.000000,6.000000,1.000000,0.000000,0.000000,1.000000
750.000000,6.000000,1.000000,0.000000,0.000000,0.000000,0.000000,0.000000,0.000000,0.000000,0.000002,0.000000,0.000000,0.000000,-0.567799,0.000000,0.000000,0.000000,65535.000000,0.000000,0.000000,6.000000,1.000000,6.000000,1.000000,0.000000,0.000000,1.000000
760.000000,6.000000,1.000000,0.000000,0.000000,0.000000,0.000000,0.000000,0.000000,0.000000,0.000002,0.000000,0.000000,0.000000,-0.564590,0.000000,0.000000,0.000000,65535.000000,0.000000,0.000000,6.000000,1.000000,6.000000,1.000000,0.000000,0.000000,1.000000
770.000000,6.000000,1.000000,0.000000,0.000000,0.000000,0.000000,0.000000,0.000000,0.000000,0.000002,0.000000,0.000000,0.000000,-0.561253,0.000000,0.000000,0.000000,65535.000000,0.000000,0.000000,6.000000,1.000000,6.000000,1.000000,0.000000,0.000000,1.000000
780.000000,6.000000,1.000000,0.000000,0.000000,0.000000,0.000000,0.000000,0.000000,0.000000,0.000002,0.000000,0.000000,0.000000,-0.557456,0.000000,0.000000,0.000000,65535.000000,0.000000,0.000000,6.000000,1.000000,6.000000,1.000000,0.000000,0.000000,1.000000
790.000000,6.000000,1.000000,0.000000,0.000000,0.000000,0.000000,0.000000,0.000000,0.000000,0.000001,0.000000,0.000000,0.000000,-0.554362,0.000000,0.000000,0.000000,65535.000000,0.000000,0.000000,6.000000,1.000000,6.000000,1.000000,0.000000,0.000000,1.000000
800.000000,6.000000,1.000000,0.000000,0.000000,0.000000,0.000000,0.000000,0.000000,0.000000,0.000001,0.000000,0.000000,0.000000,-0.552323,0.000000,0.000000,0.000000,65535.000000,0.000000,0.000000,6.000000,1.000000,6.000000,1.000000,0.000000,0.000000,1.000000
810.000000,6.000000,1.000000,0.000000,0.000000,0.000000,0.000000,0.000000,0.000000,0.000000,0.000001,0.000000,0.000000,0.000000,-0.548347,0.000000,0.000000,0.000000,65535.000000,0.000000,0.000000,6.000000,1.000000,6.000000,1.000000,0.000000,0.000000,1.000000
820.000000,6.000000,1.000000,0.000000,0.000000,0.000000,0.000000,0.000000,0.000000,0.000000,0.000001,0.000000,0.000000,0.000000,-0.544721,0.000000,0.000000,0.000000,65535.000000,0.000000,0.000000,6.000000,1.000000,6.000000,1.000000,0.000000,0.000000,1.000000
830.000000,6.000000,1.000000,0.000000,0.000000,0.000000,0.000000,0.000000,0.000000,0.000000,0.000001,0.000000,0.000000,0.000000,-0.541636,0.000000,0.000000,0.000000,65535.000000,0.000000,0.000000,6.000000,1.000000,6.000000,1.000000,0.000000,0.000000,1.000000
840.000000,6.000000,1.000000,0.000000,0.000000,0.000000,0.000000,0.000000,0.000000,0.000000,0.000001,0.000000,0.000000,0.000000,-0.538716,0.000000,0.000000,0.000000,65535.000000,0.000000,0.000000,6.000000,1.000000,6.000000,1.000000,0.000000,0.000000,1.000000
850.000000,6.000000,1.000000,0.000000,0.000000,0.000000,0.000000,0.000000,0.000000,0.000000,0.000001,0.000000,0.000000,0.000000,-0.536889,0.000000,0.000000,0.000000,65535.000000,0.000000,0.000000,6.000000,1.000000,6.000000,1.000000,0.000000,0.000000,1.000000
860.000000,6.000000,1.000000,0.000000,0.000000,0.000000,0.000000,0.000000,0.000000,0.000000,0.000001,0.000000,0.000000,0.000000,-0.534330,0.000000,0.000000,0.000000,65535.000000,0.000000,0.000000,6.000000,1.000000,6.000000,1.000000,0.000000,0.000000,1.000000
870.000000,6.000000,1.000000,0.000000,0.000000,0.000000,0.000000,0.000000,0.000000,0.000000,0.000001,0.000000,0.000000,0.000000,-0.533046,0.000000,0.000000,0.000000,65535.000000,0.000000,0.000000,6.000000,1.000000,6.000000,1.000000,0.000000,0.000000,1.000000
880.000000,6.000000,1.000000,0.000000,0.000000,0.000000,0.000000,0.000000,0.000000,0.000000,0.000001,0.000000,0.000000,0.000000,-0.530217,0.000000,0.000000,0.000000,65535.000000,0.000000,0.000000,6.000000,1.000000,6.000000,1.000000,0.000000,0.000000,1.000000
890.000000,6.000000,1.000000,0.000000,0.000000,0.000000,0.000000,0.000000,0.000000,0.000000,0.000000,0.000000,0.000000,0.000000,-0.523337,0.000000,0.000000,0.000000,65535.000000,0.000000,0.000000,6.000000,1.000000,6.000000,1.000000,0.000000,0.000000,1.000000
900.000000,6.000000,1.000000,0.000000,0.000000,0.000000,0.000000,0.000000,0.000000,0.000000,0.000000,0.000000,0.000000,0.000000,-0.517893,0.000000,0.000000,0.000000,65535.000000,0.000000,0.000000,6.000000,1.000000,6.000000,1.000000,0.000000,0.000000,1.000000
910.000000,6.000000,1.000000,0.000000,0.000000,0.000000,0.000000,0.000000,0.000000,0.000000,0.000000,0.000000,0.000000,0.000000,-0.515222,0.000000,0.000000,0.000000,65535.000000,0.000000,0.000000,6.000000,1.000000,6.000000,1.000000,0.000000,0.000000,1.000000
920.000000,6.000000,1.000000,0.000000,0.000000,0.000000,0.000000,0.000000,0.000000,0.000000,0.000000,0.000000,0.000000,0.000000,-0.513644,0.000000,0.000000,0.000000,65535.000000,0.000000,0.000000,6.000000,1.000000,6.000000,1.000000,0.000000,0.000000,1.000000
930.000000,6.000000,1.000000,0.000000,0.000000,0.000000,0.000000,0.000000,0.000000,0.000000,0.000000,0.000000,0.000000,0.000000,-0.516864,0.000000,0.000000,0.000000,65535.000000,0.000000,0.000000,6.000000,1.000000,6.000000,1.000000,0.000000,0.000000,1.000000
940.000000,6.000000,1.000000,0.000000,0.000000,0.000000,0.000000,0.000000,0.000000,0.000000,0.000000,0.000000,0.000000,0.000000,-0.512573,0.000000,0.000000,0.000000,65535.000000,0.000000,0.000000,6.000000,1.000000,6.000000,1.000000,0.000000,0.000000,1.000000
950.000000,6.000000,1.000000,0.000000,0.000000,0.000000,0.000000,0.000000,0.000000,0.000000,0.000000,0.000000,0.000000,0.000000,-0.506577,0.000000,0.000000,0.000000,65535.000000,0.000000,0.000000,6.000000,1.000000,6.000000,1.000000,0.000000,0.000000,1.000000
960.000000,6.000000,1.000000,0.000000,0.000000,0.000000,0.000000,0.000000,0.000000,0.000000,0.000000,0.000000,0.000000,0.000000,-0.504021,0.000000,0.000000,0.000000,65535.000000,0.000000,0.000000,6.000000,1.000000,6.000000,1.000000,0.000000,0.000000,1.000000
970.000000,6.000000,1.000000,0.000000,0.000000,0.000000,0.000000,0.000000,0.000000,0.000000,0.000000,0.000000,0.000000,0.000000,-0.501491,0.000000,0.000000,0.000000,65535.000000,0.000000,0.000000,6.000000,1.000000,6.000000,1.000000,0.000000,0.000000,1.000000
980.000000,6.000000,1.000000,0.000000,0.000000,0.000000,0.000000,0.000000,0.000000,0.000000,0.000000,0.000000,0.000000,0.000000,-0.501297,0.000000,0.000000,0.000000,65535.000000,0.000000,0.000000,6.000000,1.000000,6.000000,1.000000,0.000000,0.000000,1.000000
990.000000,6.000000,1.000000,0.000000,0.000000,0.000000,0.000000,0.000000,0.000000,0.000000,0.000000,0.000000,0.000000,0.000000,-0.500100,0.000000,0.000000,0.000000,65535.000000,0.000000,0.000000,6.000000,1.000000,6.000000,1.000000,0.000000,0.000000,1.000000
1000.000000,6.000000,1.000000,0.000000,0.000000,0.000000,0.000000,0.000000,0.000000,0.000000,0.000000,0.000000,0.000000,0.000000,-0.499067,0.000000,0.000000,0.000000,65535.000000,0.000000,0.000000,6.000000,1.000000,6.000000,1.000000,0.000000,0.000000,1.000000
1010.000000,6.000000,1.000000,0.000000,0.000000,0.000000,0.000000,0.000000,0.000000,0.000000,0.000000,0.000000,0.000000,0.000000,-0.496586,0.000000,0.000000,0.000000,65535.000000,0.000000,0.000000,6.000000,1.000000,6.000000,1.000000,0.000000,0.000000,1.000000
1020.000000,6.000000,1.000000,0.000000,0.000000,0.000000,0.000000,0.000000,0.000000,0.000000,0.000000,0.000000,0.000000,0.000000,-0.492429,0.000000,0.000000,0.000000,65535.000000,0.000000,0.000000,6.000000,1.000000,6.000000,1.000000,0.000000,0.000000,1.000000
1030.000000,6.000000,1.000000,0.000000,0.000000,0.000000,0.000000,0.000000,0.000000,0.000000,0.000000,0.000000,0.000000,0.000000,-0.490013,0.000000,0.000000,0.000000,65535.000000,0.000000,0.000000,6.000000,1.000000,6.000000,1.000000,0.000000,0.000000,1.000000
1040.000000,6.000000,1.000000,0.000000,0.000000,0.000000,0.000000,0.000000,0.000000,0.000000,0.000000,0.000000,0.000000,0.000000,-0.487622,0.000000,0.000000,0.000000,65535.000000,0.000000,0.000000,6.000000,1.000000,6.000000,1.000000,0.000000,0.000000,1.000000
1050.000000,6.000000,1.000000,0.000000,0.000000,0.000000,0.000000,0.000000,0.000000,0.000000,0.000000,0.000000,0.000000,0.000000,-0.490623,0.000000,0.000000,0.000000,65535.000000,0.000000,0.000000,6.000000,1.000000,6.000000,1.000000,0.000000,0.000000,1.000000
1060.000000,6.000000,1.000000,0.000000,0.000000,0.000000,0.000000,0.000000,0.000000,0.000000,0.000000,0.000000,0.000000,0.000000,-0.487786,0.000000,0.000000,0.000000,65535.000000,0.000000,0.000000,6.000000,1.000000,6.000000,1.000000,0.000000,0.000000,1.000000
1070.000000,6.000000,1.000000,0.000000,0.000000,0.000000,0.000000,0.000000,0.000000,0.000000,0.000000,0.000000,0.000000,0.000000,-0.483834,0.000000,0.000000,0.000000,65535.000000,0.000000,0.000000,6.000000,1.000000,6.000000,1.000000,0.000000,0.000000,1.000000
1080.000000,6.000000,1.000000,0.000000,0.000000,0.000000,0.000000,0.000000,0.000000,0.000000,0.000000,0.000000,0.000000,0.000000,-0.481415,0.000000,0.000000,0.000000,65535.000000,0.000000,0.000000,6.000000,1.000000,6.000000,1.000000,0.000000,0.000000,1.000000
1090.000000,6.000000,1.000000,0.000000,0.000000,0.000000,0.000000,0.000000,0.000000,0.000000,0.000000,0.000000,0.000000,0.000000,-0.478266,0.000000,0.000000,0.000000,65535.000000,0.000000,0.000000,6.000000,1.000000,6.000000,1.000000,0.000000,0.000000,1.000000
1100.000000,6.000000,1.000000,0.000000,0.000000,0.000000,0.000000,0.000000,0.000000,0.000000,0.000000,0.000000,0.000000,0.000000,-0.475392,0.000000,0.000000,0.000000,65535.000000,0.000000,0.000000,6.000000,1.000000,6.000000,1.000000,0.000000,0.000000,1.000000
1110.000000,6.000000,1.000000,0.000000,0.000000,0.000000,0.000000,0.000000,0.000000,0.000000,0.000000,0.000000,0.000000,0.000000,-0.473140,0.000000,0.000000,0.000000,65535.000000,0.000000,0.000000,6.000000,1.000000,6.000000,1.000000,0.000000,0.000000,1.000000
1120.000000,6.000000,1.000000,0.000000,0.000000,0.000000,0.000000,0.000000,0.000000,0.000000,0.000000,0.000000,0.000000,0.000000,-0.470099,0.000000,0.000000,0.000000,65535.000000,0.000000,0.000000,6.000000,1.000000,6.000000,1.000000,0.000000,0.000000,1.000000
1130.000000,6.000000,1.000000,0.000000,0.000000,0.000000,0.000000,0.000000,0.000000,0.000000,0.000000,0.000000,0.000000,0.000000,-0.467897,0.000000,0.000000,0.000000,65535.000000,0.000000,0.000000,6.000000,1.000000,6.000000,1.000000,0.000000,0.000000,1.000000
1140.000000,6.000000,1.000000,0.000000,0.000000,0.000000,0.000000,0.000000,0.000000,0.000000,0.000000,0.000000,0.000000,0.000000,-0.465716,0.000000,0.000000,0.000000,65535.000000,0.000000,0.000000,6.000000,1.000000,6.000000,1.000000,0.000000,0.000000,1.000000
1150.000000,6.000000,1.000000,0.000000,0.000000,0.000000,0.000000,0.000000,0.000000,0.000000,0.000000,0.000000,0.000000,0.000000,-0.464529,0.000000,0.000000,0.000000,65535.000000,0.000000,0.000000,6.000000,1.000000,6.000000,1.000000,0.000000,0.000000,1.000000
1160.000000,6.000000,1.000000,0.000000,0.000000,0.000000,0.000000,0.000000,0.000000,0.000000,0.000000,0.000000,0.000000,0.000000,-0.460897,0.000000,0.000000,0.000000,65535.000000,0.000000,0.000000,6.000000,1.000000,6.000000,1.000000,0.000000,0.000000,1.000000
1170.000000,6.000000,1.000000,0.000000,0.000000,0.000000,0.000000,0.000000,0.000000,0.000000,0.000000,0.000000,0.000000,0.000000,-0.458781,0.000000,0.000000,0.000000,65535.000000,0.000000,0.000000,6.000000,1.000000,6.000000,1.000000,0.000000,0.000000,1.000000
1180.000000,6.000000,1.000000,0.000000,0.000000,0.000000,0.000000,0.000000,0.000000,0.000000,0.000000,0.000000,0.000000,0.000000,-0.456684,0.000000,0.000000,0.000000,65535.000000,0.000000,0.000000,6.000000,1.000000,6.000000,1.000000,0.000000,0.000000,1.000000
1190.000000,6.000000,1.000000,0.000000,0.000000,0.000000,0.000000,0.000000,0.000000,0.000000,0.000000,0.000000,0.000000,0.000000,-0.456391,0.000000,0.000000,0.000000,65535.000000,0.000000,0.000000,6.000000,1.000000,6.000000,1.000000,0.000000,0.000000,1.000000
1200.000000,6.000000,1.000000,0.000000,0.000000,0.000000,0.000000,0.000000,0.000000,0.000000,0.000000,0.000000,0.000000,0.000000,-0.452888,0.000000,0.000000,0.000000,65535.000000,0.000000,0.000000,6.000000,1.000000,6.000000,1.000000,0.000000,0.000000,1.000000
1210.000000,6.000000,1.000000,0.000000,0.000000,0.000000,0.000000,0.000000,0.000000,0.000000,0.000000,0.000000,0.000000,0.000000,-0.448639,0.000000,0.000000,0.000000,65535.000000,0.000000,0.000000,6.000000,1.000000,6.000000,1.000000,0.000000,0.000000,1.000000
1220.000000,6.000000,1.000000,0.000000,0.000000,0.000000,0.000000,0.000000,0.000000,0.000000,0.000000,0.000000,0.000000,0.000000,-0.446633,0.000000,0.000000,0.000000,65535.000000,0.000000,0.000000,6.000000,1.000000,6.000000,1.000000,0.000000,0.000000,1.000000
1230.000000,6.000000,1.000000,0.000000,0.000000,0.000000,0.000000,0.000000,0.000000,0.000000,0.000000,0.000000,0.000000,0.000000,-0.444645,0.000000,0.000000,0.000000,65535.000000,0.000000,0.000000,6.000000,1.000000,6.000000,1.000000,0.000000,0.000000,1.000000
1240.000000,6.000000,1.000000,0.000000,0.000000,0.000000,0.000000,0.000000,0.000000,0.000000,0.000000,0.000000,0.000000,0.000000,-0.442024,0.000000,0.000000,0.000000,65535.000000,0.000000,0.000000,6.000000,1.000000,6.000000,1.000000,0.000000,0.000000,1.000000
1250.000000,6.000000,1.000000,0.000000,0.000000,0.000000,0.000000,0.000000,0.000000,0.000000,0.000000,0.000000,0.000000,0.000000,-0.440076,0.000000,0.000000,0.000000,65535.000000,0.000000,0.000000,6.000000,1.000000,6.000000,1.000000,0.000000,0.000000,1.000000
1260.000000,6.000000,1.000000,0.000000,0.000000,0.000000,0.000000,0.000000,0.000000,0.000000,0.000000,0.000000,0.000000,0.000000,-0.438146,0.000000,0.000000,0.000000,65535.000000,0.000000,0.000000,6.000000,1.000000,6.000000,1.000000,0.000000,0.000000,1.000000
1270.000000,6.000000,1.000000,0.000000,0.000000,0.000000,0.000000,0.000000,0.000000,0.000000,0.000000,0.000000,0.000000,0.000000,-0.439163,0.000000,0.000000,0.000000,65535.000000,0.000000,0.000000,6.000000,1.000000,6.000000,1.000000,0.000000,0.000000,1.000000
1280.000000,6.000000,1.000000,0.000000,0.000000,0.000000,0.000000,0.000000,0.000000,0.000000,0.000000,0.000000,0.000000,0.000000,-0.436996,0.000000,0.000000,0.000000,65535.000000,0.000000,0.000000,6.000000,1.000000,6.000000,1.000000,0.000000,0.000000,1.000000
1290.000000,6.000000,1.000000,0.000000,0.000000,0.000000,0.000000,0.000000,0.000000,0.000000,0.000000,0.000000,0.000000,0.000000,-0.434464,0.000000,0.000000,0.000000,65535.000000,0.000000,0.000000,6.000000,1.000000,6.000000,1.000000,0.000000,0.000000,1.000000
1300.000000,6.000000,1.000000,0.000000,0.000000,0.000000,0.000000,0.000000,0.000000,0.000000,0.000000,0.000000,0.000000,0.000000,-0.432583,0.000000,0.000000,0.000000,65535.000000,0.000000,0.000000,6.000000,1.000000,6.000000,1.000000,0.000000,0.000000,1.000000
1310.000000,6.000000,1.000000,0.000000,0.000000,0.000000,0.000000,0.000000,0.000000,0.000000,0.000000,0.000000,0.000000,0.000000,-0.434510,0.000000,0.000000,0.000000,65535.000000,0.000000,0.000000,6.000000,1.000000,6.000000,1.000000,0.000000,0.000000,1.000000
1320.000000,6.000000,1.000000,0.000000,0.000000,0.000000,0.000000,0.000000,0.000000,0.000000,0.000000,0.000000,0.000000,0.000000,-0.429069,0.000000,0.000000,0.000000,65535.000000,0.000000,0.000000,6.000000,1.000000,6.000000,1.000000,0.000000,0.000000,1.000000
1330.000000,6.000000,1.000000,0.000000,0.000000,0.000000,0.000000,0.000000,0.000000,0.000000,0.000000,0.000000,0.000000,0.000000,-0.426329,0.000000,0.000000,0.000000,65535.000000,0.000000,0.000000,6.000000,1.000000,6.000000,1.000000,0.000000,0.000000,1.000000
1340.000000,6.000000,1.000000,0.000000,0.000000,0.000000,0.000000,0.000000,0.000000,0.000000,0.000000,0.000000,0.000000,0.000000,-0.424518,0.000000,0.000000,0.000000,65535.000000,0.000000,0.000000,6.000000,1.000000,6.000000,1.000000,0.000000,0.000000,1.000000
1350.000000,6.000000,1.000000,0.000000,0.000000,0.000000,0.000000,0.000000,0.000000,0.000000,0.000000,0.000000,0.000000,0.000000,-0.425258,0.000000,0.000000,0.000000,65535.000000,0.000000,0.000000,6.000000,1.000000,6.000000,1.000000,0.000000,0.000000,1.000000
1360.000000,6.000000,1.000000,0.000000,0.000000,0.000000,0.000000,0.000000,0.000000,0.000000,0.000000,0.000000,0.000000,0.000000,-0.423455,0.000000,0.000000,0.000000,65535.000000,0.000000,0.000000,6.000000,1.000000,6.000000,1.000000,0.000000,0.000000,1.000000
1370.000000,6.000000,1.000000,0.000000,0.000000,0.000000,0.000000,0.000000,0.000000,0.000000,0.000000,0.000000,0.000000,0.000000,-0.423237,0.000000,0.000000,0.000000,65535.000000,0.000000,0.000000,6.000000,1.000000,6.000000,1.000000,0.000000,0.000000,1.000000
1380.000000,6.000000,1.000000,0.000000,0.000000,0.000000,0.000000,0.000000,0.000000,0.000000,0.000000,0.000000,0.000000,0.000000,-0.422152,0.000000,0.000000,0.000000,65535.000000,0.000000,0.000000,6.000000,1.000000,6.000000,1.000000,0.000000,0.000000,1.000000
1390.000000,6.000000,1.000000,0.000000,0.000000,0.000000,0.000000,0.000000,0.000000,0.000000,0.000000,0.000000,0.000000,0.000000,-0.420376,0.000000,0.000000,0.000000,65535.000000,0.000000,0.000000,6.000000,1.000000,6.000000,1.000000,0.000000,0.000000,1.000000
1400.000000,6.000000,1.000000,0.000000,0.000000,0.000000,0.000000,0.000000,0.000000,0.000000,0.000000,0.000000,0.000000,0.000000,-0.416507,0.000000,0.000000,0.000000,65535.000000,0.000000,0.000000,6.000000,1.000000,6.000000,1.000000,0.000000,0.000000,1.000000
1410.000000,6.000000,1.000000,0.000000,0.000000,0.000000,0.000000,0.000000,0.000000,0.000000,0.000000,0.000000,0.000000,0.000000,-0.414778,0.000000,0.000000,0.000000,65535.000000,0.000000,0.000000,6.000000,1.000000,6.000000,1.000000,0.000000,0.000000,1.000000
1420.000000,6.000000,1.000000,0.000000,0.000000,0.000000,0.000000,0.000000,0.000000,0.000000,0.000000,0.000000,0.000000,0.000000,-0.413302,0.000000,0.000000,0.000000,65535.000000,0.000000,0.000000,6.000000,1.000000,6.000000,1.000000,0.000000,0.000000,1.000000
1430.000000,6.000000,1.000000,0.000000,0.000000,0.000000,0.000000,0.000000,0.000000,0.000000,0.000000,0.000000,0.000000,0.000000,-0.414108,0.000000,0.000000,0.000000,65535.000000,0.000000,0.000000,6.000000,1.000000,6.000000,1.000000,0.000000,0.000000,1.000000
1440.000000,6.000000,1.000000,0.000000,0.000000,0.000000,0.000000,0.000000,0.000000,0.000000,0.000000,0.000000,0.000000,0.000000,-0.411905,0.000000,0.000000,0.000000,65535.000000,0.000000,0.000000,6.000000,1.000000,6.000000,1.000000,0.000000,0.000000,1.000000
1450.000000,6.000000,1.000000,0.000000,0.000000,0.000000,0.000000,0.000000,0.000000,0.000000,0.000000,0.000000,0.000000,0.000000,-0.410213,0.000000,0.000000,0.000000,65535.000000,0.000000,0.000000,6.000000,1.000000,6.000000,1.000000,0.000000,0.000000,1.000000
1460.000000,6.000000,1.000000,0.000000,0.000000,0.000000,0.000000,0.000000,0.000000,0.000000,0.000000,0.000000,0.000000,0.000000,-0.412087,0.000000,0.000000,0.000000,65535.000000,0.000000,0.000000,6.000000,1.000000,6.000000,1.000000,0.000000,0.000000,1.000000
1470.000000,6.000000,1.000000,0.000000,0.000000,0.000000,0.000000,0.000000,0.000000,0.000000,0.000000,0.000000,0.000000,0.000000,-0.410225,0.000000,0.000000,0.000000,65535.000000,0.000000,0.000000,6.000000,1.000000,6.000000,1.000000,0.000000,0.000000,1.000000
1480.000000,6.000000,1.000000,0.000000,0.000000,0.000000,0.000000,0.000000,0.000000,0.000000,0.000000,0.000000,0.000000,0.000000,-0.405819,0.000000,0.000000,0.000000,65535.000000,0.000000,0.000000,6.000000,1.000000,6.000000,1.000000,0.000000,0.000000,1.000000
1490.000000,6.000000,1.000000,0.000000,0.000000,0.000000,0.000000,0.000000,0.000000,0.000000,0.000000,0.000000,0.000000,0.000000,-0.404177,0.000000,0.000000,0.000000,65535.000000,0.000000,0.000000,6.000000,1.000000,6.000000,1.000000,0.000000,0.000000,1.000000
1500.000000,6.000000,1.000000,0.000000,0.000000,0.000000,0.000000,0.000000,0.000000,0.000000,0.000000,0.000000,0.000000,0.000000,-0.399909,0.000000,0.000000,0.000000,65535.000000,0.000000,0.000000,6.000000,1.000000,6.000000,1.000000,0.000000,0.000000,1.000000
1510.000000,6.000000,1.000000,0.000000,0.000000,0.000000,0.000000,0.000000,0.000000,0.000000,0.000000,0.000000,0.000000,0.000000,-0.398315,0.000000,0.000000,0.000000,65535.000000,0.000000,0.000000,6.000000,1.000000,6.000000,1.000000,0.000000,0.000000,1.000000
1520.000000,6.000000,1.000000,0.000000,0.000000,0.000000,0.000000,0.000000,0.000000,0.000000,0.000000,0.000000,0.000000,0.000000,-0.398163,0.000000,0.000000,0.000000,65535.000000,0.000000,0.000000,6.000000,1.000000,6.000000,1.000000,0.000000,0.000000,1.000000
1530.000000,6.000000,1.000000,0.000000,0.000000,0.000000,0.000000,0.000000,0.000000,0.000000,0.000000,0.000000,0.000000,0.000000,-0.399371,0.000000,0.000000,0.000000,65535.000000,0.000000,0.000000,6.000000,1.000000,6.000000,1.000000,0.000000,0.000000,1.000000
1540.000000,6.000000,1.000000,0.000000,0.000000,0.000000,0.000000,0.000000,0.000000,0.000000,0.000000,0.000000,0.000000,0.000000,-0.397275,0.000000,0.000000,0.000000,65535.000000,0.000000,0.000000,6.000000,1.000000,6.000000,1.000000,0.000000,0.000000,1.000000
1550.000000,6.000000,1.000000,0.000000,0.000000,0.000000,0.000000,0.000000,0.000000,0.000000,0.000000,0.000000,0.000000,0.000000,-0.395253,0.000000,0.000000,0.000000,65535.000000,0.000000,0.000000,6.000000,1.000000,6.000000,1.000000,0.000000,0.000000,1.000000
1560.000000,6.000000,1.000000,0.000000,0.000000,0.000000,0.000000,0.000000,0.000000,0.000000,0.000000,0.000000,0.000000,0.000000,-0.390299,0.000000,0.000000,0.000000,65535.000000,0.000000,0.000000,6.000000,1.000000,6.000000,1.000000,0.000000,0.000000,1.000000
1570.000000,6.000000,1.000000,0.000000,0.000000,0.000000,0.000000,0.000000,0.000000,0.000000,0.000000,0.000000,0.000000,0.000000,-0.388780,0.000000,0.000000,0.000000,65535.000000,0.000000,0.000000,6.000000,1.000000,6.000000,1.000000,0.000000,0.000000,1.000000
1580.000000,6.000000,1.000000,0.000000,0.000000,0.000000,0.000000,0.000000,0.000000,0.000000,0.000000,0.000000,0.000000,0.000000,-0.387273,0.000000,0.000000,0.000000,65535.000000,0.000000,0.000000,6.000000,1.000000,6.000000,1.000000,0.000000,0.000000,1.000000
1590.000000,6.000000,1.000000,0.000000,0.000000,0.000000,0.000000,0.000000,0.000000,0.000000,0.000000,0.000000,0.000000,0.000000,-0.386458,0.000000,0.000000,0.000000,65535.000000,0.000000,0.000000,6.000000,1.000000,6.000000,1.000000,0.000000,0.000000,1.000000
1600.000000,6.000000,1.000000,0.000000,0.000000,0.000000,0.000000,0.000000,0.000000,0.000000,0.000000,0.000000,0.000000,0.000000,-0.384444,0.000000,0.000000,0.000000,65535.000000,0.000000,0.000000,6.000000,1.000000,6.000000,1.000000,0.000000,0.000000,1.000000
1610.000000,6.000000,1.000000,0.000000,0.000000,0.000000,0.000000,0.000000,0.000000,0.000000,0.000000,0.000000,0.000000,0.000000,-0.382971,0.000000,0.000000,0.000000,65535.000000,0.000000,0.000000,6.000000,1.000000,6.000000,1.000000,0.000000,0.000000,1.000000
1620.000000,6.000000,1.000000,0.000000,0.000000,0.000000,0.000000,0.000000,0.000000,0.000000,0.000000,0.000000,0.000000,0.000000,-0.383479,0.000000,0.000000,0.000000,65535.000000,0.000000,0.000000,6.000000,1.000000,6.000000,1.000000,0.000000,0.000000,1.000000
1630.000000,6.000000,1.000000,0.000000,0.000000,0.000000,0.000000,0.000000,0.000000,0.000000,0.000000,0.000000,0.000000,0.000000,-0.385438,0.000000,0.000000,0.000000,65535.000000,0.000000,0.000000,6.000000,1.000000,6.000000,1.000000,0.000000,0.000000,1.000000
1640.000000,6.000000,1.000000,0.000000,0.000000,0.000000,0.000000,0.000000,0.000000,0.000000,0.000000,0.000000,0.000000,0.000000,-0.380917,0.000000,0.000000,0.000000,65535.000000,0.000000,0.000000,6.000000,1.000000,6.000000,1.000000,0.000000,0.000000,1.000000
1650.000000,6.000000,1.000000,0.000000,0.000000,0.000000,0.000000,0.000000,0.000000,0.000000,0.000000,0.000000,0.000000,0.000000,-0.377323,0.000000,0.000000,0.000000,65535.000000,0.000000,0.000000,6.000000,1.000000,6.000000,1.000000,0.000000,0.000000,1.000000
1660.000000,6.000000,1.000000,0.000000,0.000000,0.000000,0.000000,0.000000,0.000000,0.000000,0.000000,0.000000,0.000000,0.000000,-0.375903,0.000000,0.000000,0.000000,65535.000000,0.000000,0.000000,6.000000,1.000000,6.000000,1.000000,0.000000,0.000000,1.000000
1670.000000,6.000000,1.000000,0.000000,0.000000,0.000000,0.000000,0.000000,0.000000,0.000000,0.000000,0.000000,0.000000,0.000000,-0.370095,0.000000,0.000000,0.000000,65535.000000,0.000000,0.000000,6.000000,1.000000,6.000000,1.000000,0.000000,0.000000,1.000000
1680.000000,6.000000,1.000000,0.000000,0.000000,0.000000,0.000000,0.000000,0.000000,0.000000,0.000000,0.000000,0.000000,0.000000,-0.368674,0.000000,0.000000,0.000000,65535.000000,0.000000,0.000000,6.000000,1.000000,6.000000,1.000000,0.000000,0.000000,1.000000
1690.000000,6.000000,1.000000,0.000000,0.000000,0.000000,0.000000,0.000000,0.000000,0.000000,0.000000,0.000000,0.000000,0.000000,-0.367318,0.000000,0.000000,0.000000,65535.000000,0.000000,0.000000,6.000000,1.000000,6.000000,1.000000,0.000000,0.000000,1.000000
1700.000000,6.000000,1.000000,0.000000,0.000000,0.000000,0.000000,0.000000,0.000000,0.000000,0.000000,0.000000,0.000000,0.000000,-0.371160,0.000000,0.000000,0.000000,65535.000000,0.000000,0.000000,6.000000,1.000000,6.000000,1.000000,0.000000,0.000000,1.000000
1710.000000,6.000000,1.000000,0.000000,0.000000,0.000000,0.000000,0.000000,0.000000,0.000000,0.000000,0.000000,0.000000,0.000000,-0.369786,0.000000,0.000000,0.000000,65535.000000,0.000000,0.000000,6.000000,1.000000,6.000000,1.000000,0.000000,0.000000,1.000000
1720.000000,6.000000,1.000000,0.000000,0.000000,0.000000,0.000000,0.000000,0.000000,0.000000,0.000000,0.000000,0.000000,0.000000,-0.368423,0.000000,0.000000,0.000000,65535.000000,0.000000,0.000000,6.000000,1.000000,6.000000,1.000000,0.000000,0.000000,1.000000
1730.000000,6.000000,1.000000,0.000000,0.000000,0.000000,0.000000,0.000000,0.000000,0.000000,0.000000,0.000000,0.000000,0.000000,-0.369737,0.000000,0.000000,0.000000,65535.000000,0.000000,0.000000,6.000000,1.000000,6.000000,1.000000,0.000000,0.000000,1.000000
1740.000000,6.000000,1.000000,0.000000,0.000000,0.000000,0.000000,0.000000,0.000000,0.000000,0.000000,0.000000,0.000000,0.000000,-0.362890,0.000000,0.000000,0.000000,65535.000000,0.000000,0.000000,6.000000,1.000000,6.000000,1.000000,0.000000,0.000000,1.000000
1750.000000,6.000000,1.000000,0.000000,0.000000,0.000000,0.000000,0.000000,0.000000,0.000000,0.000000,0.000000,0.000000,0.000000,-0.361576,0.000000,0.000000,0.000000,65535.000000,0.000000,0.000000,6.000000,1.000000,6.000000,1.000000,0.000000,0.000000,1.000000
1760.000000,6.000000,1.000000,0.000000,0.000000,0.000000,0.000000,0.000000,0.000000,0.000000,0.000000,0.000000,0.000000,0.000000,-0.360272,0.000000,0.000000,0.000000,65535.000000,0.000000,0.000000,6.000000,1.000000,6.000000,1.000000,0.000000,0.000000,1.000000
1770.000000,6.000000,1.000000,0.000000,0.000000,0.000000,0.000000,0.000000,0.000000,0.000000,0.000000,0.000000,0.000000,0.000000,-0.360797,0.000000,0.000000,0.000000,65535.000000,0.000000,0.000000,6.000000,1.000000,6.000000,1.000000,0.000000,0.000000,1.000000
1780.000000,6.000000,1.000000,0.000000,0.000000,0.000000,0.000000,0.000000,0.000000,0.000000,0.000000,0.000000,0.000000,0.000000,-0.357570,0.000000,0.000000,0.000000,65535.000000,0.000000,0.000000,6.000000,1.000000,6.000000,1.000000,0.000000,0.000000,1.000000
1790.000000,6.000000,1.000000,0.000000,0.000000,0.000000,0.000000,0.000000,0.000000,0.000000,0.000000,0.000000,0.000000,0.000000,-0.350518,0.000000,0.000000,0.000000,65535.000000,0.000000,0.000000,6.000000,1.000000,6.000000,1.000000,0.000000,0.000000,1.000000
1800.000000,6.000000,1.000000,0.000000,0.000000,0.000000,0.000000,0.000000,0.000000,0.000000,0.000000,0.000000,0.000000,0.000000,-0.349292,0.000000,0.000000,0.000000,65535.000000,0.000000,0.000000,6.000000,1.000000,6.000000,1.000000,0.000000,0.000000,1.000000
1810.000000,6.000000,1.000000,0.000000,0.000000,0.000000,0.000000,0.000000,0.000000,0.000000,0.000000,0.000000,0.000000,0.000000,-0.348075,0.000000,0.000000,0.000000,65535.000000,0.000000,0.000000,6.000000,1.000000,6.000000,1.000000,0.000000,0.000000,1.000000
1820.000000,6.000000,1.000000,0.000000,0.000000,0.000000,0.000000,0.000000,0.000000,0.000000,0.000000,0.000000,0.000000,0.000000,-0.354782,0.000000,0.000000,0.000000,65535.000000,0.000000,0.000000,6.000000,1.000000,6.000000,1.000000,0.000000,0.000000,1.000000
1830.000000,6.000000,1.000000,0.000000,0.000000,0.000000,0.000000,0.000000,0.000000,0.000000,0.000000,0.000000,0.000000,0.000000,-0.356505,0.000000,0.000000,0.000000,65535.000000,0.000000,0.000000,6.000000,1.000000,6.000000,1.000000,0.000000,0.000000,1.000000
1840.000000,6.000000,1.000000,0.000000,0.000000,0.000000,0.000000,0.000000,0.000000,0.000000,0.000000,0.000000,0.000000,0.000000,-0.356674,0.000000,0.000000,0.000000,65535.000000,0.000000,0.000000,6.000000,1.000000,6.000000,1.000000,0.000000,0.000000,1.000000
1850.000000,6.000000,1.000000,0.000000,0.000000,0.000000,0.000000,0.000000,0.000000,0.000000,0.000000,0.000000,0.000000,0.000000,-0.351050,0.000000,0.000000,0.000000,65535.000000,0.000000,0.000000,6.000000,1.000000,6.000000,1.000000,0.000000,0.000000,1.000000
1860.000000,6.000000,1.000000,0.000000,0.000000,0.000000,0.000000,0.000000,0.000000,0.000000,0.000000,0.000000,0.000000,0.000000,-0.349821,0.000000,0.000000,0.000000,65535.000000,0.000000,0.000000,6.000000,1.000000,6.000000,1.000000,0.000000,0.000000,1.000000
1870.000000,6.000000,1.000000,0.000000,0.000000,0.000000,0.000000,0.000000,0.000000,0.000000,0.000000,0.000000,0.000000,0.000000,-0.348777,0.000000,0.000000,0.000000,65535.000000,0.000000,0.000000,6.000000,1.000000,6.000000,1.000000,0.000000,0.000000,1.000000
1880.000000,6.000000,1.000000,0.000000,0.000000,0.000000,0.000000,0.000000,0.000000,0.000000,0.000000,0.000000,0.000000,0.000000,-0.352030,0.000000,0.000000,0.000000,65535.000000,0.000000,0.000000,6.000000,1.000000,6.000000,1.000000,0.000000,0.000000,1.000000
1890.000000,6.000000,1.000000,0.000000,0.000000,0.000000,0.000000,0.000000,0.000000,0.000000,0.000000,0.000000,0.000000,0.000000,-0.351719,0.000000,0.000000,0.000000,65535.000000,0.000000,0.000000,6.000000,1.000000,6.000000,1.000000,0.000000,0.000000,1.000000
1900.000000,6.000000,1.000000,0.000000,0.000000,0.000000,0.000000,0.000000,0.000000,0.000000,0.000000,0.000000,0.000000,0.000000,-0.351343,0.000000,0.000000,0.000000,65535.000000,0.000000,0.000000,6.000000,1.000000,6.000000,1.000000,0.000000,0.000000,1.000000
1910.000000,6.000000,1.000000,0.000000,0.000000,0.000000,0.000000,0.000000,0.000000,0.000000,0.000000,0.000000,0.000000,0.000000,-0.344804,0.000000,0.000000,0.000000,65535.000000,0.000000,0.000000,6.000000,1.000000,6.000000,1.000000,0.000000,0.000000,1.000000
1920.000000,6.000000,1.000000,0.000000,0.000000,0.000000,0.000000,0.000000,0.000000,0.000000,0.000000,0.000000,0.000000,0.000000,-0.338961,0.000000,0.000000,0.000000,65535.000000,0.000000,0.000000,6.000000,1.000000,6.000000,1.000000,0.000000,0.000000,1.000000
1930.000000,6.000000,1.000000,0.000000,0.000000,0.000000,0.000000,0.000000,0.000000,0.000000,0.000000,0.000000,0.000000,0.000000,-0.337815,0.000000,0.000000,0.000000,65535.000000,0.000000,0.000000,6.000000,1.000000,6.000000,1.000000,0.000000,0.000000,1.000000
1940.000000,6.000000,1.000000,0.000000,0.000000,0.000000,0.000000,0.000000,0.000000,0.000000,0.000000,0.000000,0.000000,0.000000,-0.337839,0.000000,0.000000,0.000000,65535.000000,0.000000,0.000000,6.000000,1.000000,6.000000,1.000000,0.000000,0.000000,1.000000
1950.000000,6.000000,1.000000,0.000000,0.000000,0.000000,0.000000,0.000000,0.000000,0.000000,0.000000,0.000000,0.000000,0.000000,-0.342990,0.000000,0.000000,0.000000,65535.000000,0.000000,0.000000,6.000000,1.000000,6.000000,1.000000,0.000000,0.000000,1.000000
1960.000000,6.000000,1.000000,0.000000,0.000000,0.000000,0.000000,0.000000,0.000000,0.000000,0.000000,0.000000,0.000000,0.000000,-0.341817,0.000000,0.000000,0.000000,65535.000000,0.000000,0.000000,6.000000,1.000000,6.000000,1.000000,0.000000,0.000000,1.000000
1970.000000,6.000000,1.000000,0.000000,0.000000,0.000000,0.000000,0.000000,0.000000,0.000000,0.000000,0.000000,0.000000,0.000000,-0.336912,0.000000,0.000000,0.000000,65535.000000,0.000000,0.000000,6.000000,1.000000,6.000000,1.000000,0.000000,0.000000,1.000000
1980.000000,6.000000,1.000000,0.000000,0.000000,0.000000,0.000000,0.000000,0.000000,0.000000,0.000000,0.000000,0.000000,0.000000,-0.334587,0.000000,0.000000,0.000000,65535.000000,0.000000,0.000000,6.000000,1.000000,6.000000,1.000000,0.000000,0.000000,1.000000
1990.000000,6.000000,1.000000,0.000000,0.000000,0.000000,0.000000,0.000000,0.000000,0.000000,0.000000,0.000000,0.000000,0.000000,-0.333471,0.000000,0.000000,0.000000,65535.000000,0.000000,0.000000,6.000000,1.000000,6.000000,1.000000,0.000000,0.000000,1.000000
2000.000000,6.000000,1.000000,0.000000,0.000000,0.000000,0.000000,0.000000,0.000000,0.000000,0.000000,0.000000,0.000000,0.000000,-0.337564,0.000000,0.000000,0.000000,65535.000000,0.000000,0.000000,6.000000,1.000000,6.000000,1.000000,0.000000,0.000000,1.000000
2010.000000,6.000000,1.000000,0.000000,0.000000,0.000000,0.000000,0.000000,0.000000,0.000000,0.000000,0.000000,0.000000,0.000000,-0.336103,0.000000,0.000000,0.000000,65535.000000,0.000000,0.000000,6.000000,1.000000,6.000000,1.000000,0.000000,0.000000,1.000000
2020.000000,6.000000,1.000000,0.000000,0.000000,0.000000,0.000000,0.000000,0.000000,0.000000,0.000000,0.000000,0.000000,0.000000,-0.334237,0.000000,0.000000,0.000000,65535.000000,0.000000,0.000000,6.000000,1.000000,6.000000,1.000000,0.000000,0.000000,1.000000
2030.000000,6.000000,1.000000,0.000000,0.000000,0.000000,0.000000,0.000000,0.000000,0.000000,0.000000,0.000000,0.000000,0.000000,-0.332278,0.000000,0.000000,0.000000,65535.000000,0.000000,0.000000,6.000000,1.000000,6.000000,1.000000,0.000000,0.000000,1.000000
2040.000000,6.000000,1.000000,0.000000,0.000000,0.000000,0.000000,0.000000,0.000000,0.000000,0.000000,0.000000,0.000000,0.000000,-0.329984,0.000000,0.000000,0.000000,65535.000000,0.000000,0.000000,6.000000,1.000000,6.000000,1.000000,0.000000,0.000000,1.000000
2050.000000,6.000000,1.000000,0.000000,0.000000,0.000000,0.000000,0.000000,0.000000,0.000000,0.000000,0.000000,0.000000,0.000000,-0.324874,0.000000,0.000000,0.000000,65535.000000,0.000000,0.000000,6.000000,1.000000,6.000000,1.000000,0.000000,0.000000,1.000000
2060.000000,6.000000,1.000000,0.000000,0.000000,0.000000,0.000000,0.000000,0.000000,0.000000,0.000000,0.000000,0.000000,0.000000,-0.323820,0.000000,0.000000,0.000000,65535.000000,0.000000,0.000000,6.000000,1.000000,6.000000,1.000000,0.000000,0.000000,1.000000
2070.000000,6.000000,1.000000,0.000000,0.000000,0.000000,0.000000,0.000000,0.000000,0.000000,0.000000,0.000000,0.000000,0.000000,-0.323214,0.000000,0.000000,0.000000,65535.000000,0.000000,0.000000,6.000000,1.000000,6.000000,1.000000,0.000000,0.000000,1.000000
2080.000000,6.000000,1.000000,0.000000,0.000000,0.000000,0.000000,0.000000,0.000000,0.000000,0.000000,0.000000,0.000000,0.000000,-0.320911,0.000000,0.000000,0.000000,65535.000000,0.000000,0.000000,6.000000,1.000000,6.000000,1.000000,0.000000,0.000000,1.000000
2090.000000,6.000000,1.000000,0.000000,0.000000,0.000000,0.000000,0.000000,0.000000,0.000000,0.000000,0.000000,0.000000,0.000000,-0.319883,0.000000,0.000000,0.000000,65535.000000,0.000000,0.000000,6.000000,1.000000,6.000000,1.000000,0.000000,0.000000,1.000000
2100.000000,6.000000,1.000000,0.000000,0.000000,0.000000,0.000000,0.000000,0.000000,0.000000,0.000000,0.000000,0.000000,0.000000,-0.318862,0.000000,0.000000,0.000000,65535.000000,0.000000,0.000000,6.000000,1.000000,6.000000,1.000000,0.000000,0.000000,1.000000
2110.000000,6.000000,1.000000,0.000000,0.000000,0.000000,0.000000,0.000000,0.000000,0.000000,0.000000,0.000000,0.000000,0.000000,-0.320519,0.000000,0.000000,0.000000,65535.000000,0.000000,0.000000,6.000000,1.000000,6.000000,1.000000,0.000000,0.000000,1.000000
2120.000000,6.000000,1.000000,0.000000,0.000000,0.000000,0.000000,0.000000,0.000000,0.000000,0.000000,0.000000,0.000000,0.000000,-0.319494,0.000000,0.000000,0.000000,65535.000000,0.000000,0.000000,6.000000,1.000000,6.000000,1.000000,0.000000,0.000000,1.000000
2130.000000,6.000000,1.000000,0.000000,0.000000,0.000000,0.000000,0.000000,0.000000,0.000000,0.000000,0.000000,0.000000,0.000000,-0.319055,0.000000,0.000000,0.000000,65535.000000,0.000000,0.000000,6.000000,1.000000,6.000000,1.000000,0.000000,0.000000,1.000000
2140.000000,6.000000,1.000000,0.000000,0.000000,0.000000,0.000000,0.000000,0.000000,0.000000,0.000000,0.000000,0.000000,0.000000,-0.327901,0.000000,0.000000,0.000000,65535.000000,0.000000,0.000000,6.000000,1.000000,6.000000,1.000000,0.000000,0.000000,1.000000
2150.000000,6.000000,1.000000,0.000000,0.000000,0.000000,0.000000,0.000000,0.000000,0.000000,0.000000,0.000000,0.000000,0.000000,-0.317103,0.000000,0.000000,0.000000,65535.000000,0.000000,0.000000,6.000000,1.000000,6.000000,1.000000,0.000000,0.000000,1.000000
2160.000000,6.000000,1.000000,0.000000,0.000000,0.000000,0.000000,0.000000,0.000000,0.000000,0.000000,0.000000,0.000000,0.000000,-0.315811,0.000000,0.000000,0.000000,65535.000000,0.000000,0.000000,6.000000,1.000000,6.000000,1.000000,0.000000,0.000000,1.000000
2170.000000,6.000000,1.000000,0.000000,0.000000,0.000000,0.000000,0.000000,0.000000,0.000000,0.000000,0.000000,0.000000,0.000000,-0.314815,0.000000,0.000000,0.000000,65535.000000,0.000000,0.000000,6.000000,1.000000,6.000000,1.000000,0.000000,0.000000,1.000000
2180.000000,6.000000,1.000000,0.000000,0.000000,0.000000,0.000000,0.000000,0.000000,0.000000,0.000000,0.000000,0.000000,0.000000,-0.317412,0.000000,0.000000,0.000000,65535.000000,0.000000,0.000000,6.000000,1.000000,6.000000,1.000000,0.000000,0.000000,1.000000
2190.000000,6.000000,1.000000,0.000000,0.000000,0.000000,0.000000,0.000000,0.000000,0.000000,0.000000,0.000000,0.000000,0.000000,-0.327511,0.000000,0.000000,0.000000,65535.000000,0.000000,0.000000,6.000000,1.000000,6.000000,1.000000,0.000000,0.000000,1.000000
2200.000000,6.000000,1.000000,0.000000,0.000000,0.000000,0.000000,0.000000,0.000000,0.000000,0.000000,0.000000,0.000000,0.000000,-0.320923,0.000000,0.000000,0.000000,65535.000000,0.000000,0.000000,6.000000,1.000000,6.000000,1.000000,0.000000,0.000000,1.000000
2210.000000,6.000000,1.000000,0.000000,0.000000,0.000000,0.000000,0.000000,0.000000,0.000000,0.000000,0.000000,0.000000,0.000000,-0.318148,0.000000,0.000000,0.000000,65535.000000,0.000000,0.000000,6.000000,1.000000,6.000000,1.000000,0.000000,0.000000,1.000000
2220.000000,6.000000,1.000000,0.000000,0.000000,0.000000,0.000000,0.000000,0.000000,0.000000,0.000000,0.000000,0.000000,0.000000,-0.317138,0.000000,0.000000,0.000000,65535.000000,0.000000,0.000000,6.000000,1.000000,6.000000,1.000000,0.000000,0.000000,1.000000
2230.000000,6.000000,1.000000,0.000000,0.000000,0.000000,0.000000,0.000000,0.000000,0.000000,0.000000,0.000000,0.000000,0.000000,-0.320445,0.000000,0.000000,0.000000,65535.000000,0.000000,0.000000,6.000000,1.000000,6.000000,1.000000,0.000000,0.000000,1.000000
2240.000000,6.000000,1.000000,0.000000,0.000000,0.000000,0.000000,0.000000,0.000000,0.000000,0.000000,0.000000,0.000000,0.000000,-0.314724,0.000000,0.000000,0.000000,65535.000000,0.000000,0.000000,6.000000,1.000000,6.000000,1.000000,0.000000,0.000000,1.000000
2250.000000,6.000000,1.000000,0.000000,0.000000,0.000000,0.000000,0.000000,0.000000,0.000000,0.000000,0.000000,0.000000,0.000000,-0.313582,0.000000,0.000000,0.000000,65535.000000,0.000000,0.000000,6.000000,1.000000,6.000000,1.000000,0.000000,0.000000,1.000000
2260.000000,6.000000,1.000000,0.000000,0.000000,0.000000,0.000000,0.000000,0.000000,0.000000,0.000000,0.000000,0.000000,0.000000,-0.306106,0.000000,0.000000,0.000000,65535.000000,0.000000,0.000000,6.000000,1.000000,6.000000,1.000000,0.000000,0.000000,1.000000
2270.000000,6.000000,1.000000,0.000000,0.000000,0.000000,0.000000,0.000000,0.000000,0.000000,0.000000,0.000000,0.000000,0.000000,-0.305171,0.000000,0.000000,0.000000,65535.000000,0.000000,0.000000,6.000000,1.000000,6.000000,1.000000,0.000000,0.000000,1.000000
2280.000000,6.000000,1.000000,0.000000,0.000000,0.000000,0.000000,0.000000,0.000000,0.000000,0.000000,0.000000,0.000000,0.000000,-0.304241,0.000000,0.000000,0.000000,65535.000000,0.000000,0.000000,6.000000,1.000000,6.000000,1.000000,0.000000,0.000000,1.000000
2290.000000,6.000000,1.000000,0.000000,0.000000,0.000000,0.000000,0.000000,0.000000,0.000000,0.000000,0.000000,0.000000,0.000000,-0.314015,0.000000,0.000000,0.000000,65535.000000,0.000000,0.000000,6.000000,1.000000,6.000000,1.000000,0.000000,0.000000,1.000000
2300.000000,6.000000,1.000000,0.000000,0.000000,0.000000,0.000000,0.000000,0.000000,0.000000,0.000000,0.000000,0.000000,0.000000,-0.314541,0.000000,0.000000,0.000000,65535.000000,0.000000,0.000000,6.000000,1.000000,6.000000,1.000000,0.000000,0.000000,1.000000
2310.000000,6.000000,1.000000,0.000000,0.000000,0.000000,0.000000,0.000000,0.000000,0.000000,0.000000,0.000000,0.000000,0.000000,-0.307052,0.000000,0.000000,0.000000,65535.000000,0.000000,0.000000,6.000000,1.000000,6.000000,1.000000,0.000000,0.000000,1.000000
2320.000000,6.000000,1.000000,0.000000,0.000000,0.000000,0.000000,0.000000,0.000000,0.000000,0.000000,0.000000,0.000000,0.000000,-0.306111,0.000000,0.000000,0.000000,65535.000000,0.000000,0.000000,6.000000,1.000000,6.000000,1.000000,0.000000,0.000000,1.000000
2330.000000,6.000000,1.000000,0.000000,0.000000,0.000000,0.000000,0.000000,0.000000,0.000000,0.000000,0.000000,0.000000,0.000000,-0.305590,0.000000,0.000000,0.000000,65535.000000,0.000000,0.000000,6.000000,1.000000,6.000000,1.000000,0.000000,0.000000,1.000000
2340.000000,6.000000,1.000000,0.000000,0.000000,0.000000,0.000000,0.000000,0.000000,0.000000,0.000000,0.000000,0.000000,0.000000,-0.299703,0.000000,0.000000,0.000000,65535.000000,0.000000,0.000000,6.000000,1.000000,6.000000,1.000000,0.000000,0.000000,1.000000
2350.000000,6.000000,1.000000,0.000000,0.000000,0.000000,0.000000,0.000000,0.000000,0.000000,0.000000,0.000000,0.000000,0.000000,-0.298807,0.000000,0.000000,0.000000,65535.000000,0.000000,0.000000,6.000000,1.000000,6.000000,1.000000,0.000000,0.000000,1.000000
2360.000000,6.000000,1.000000,0.000000,0.000000,0.000000,0.000000,0.000000,0.000000,0.000000,0.000000,0.000000,0.000000,0.000000,-0.297916,0.000000,0.000000,0.000000,65535.000000,0.000000,0.000000,6.000000,1.000000,6.000000,1.000000,0.000000,0.000000,1.000000
2370.000000,6.000000,1.000000,0.000000,0.000000,0.000000,0.000000,0.000000,0.000000,0.000000,0.000000,0.000000,0.000000,0.000000,-0.299311,0.000000,0.000000,0.000000,65535.000000,0.000000,0.000000,6.000000,1.000000,6.000000,1.000000,0.000000,0.000000,1.000000
2380.000000,6.000000,1.000000,0.000000,0.000000,0.000000,0.000000,0.000000,0.000000,0.000000,0.000000,0.000000,0.000000,0.000000,-0.300135,0.000000,0.000000,0.000000,65535.000000,0.000000,0.000000,6.000000,1.000000,6.000000,1.000000,0.000000,0.000000,1.000000
2390.000000,6.000000,1.000000,0.000000,0.000000,0.000000,0.000000,0.000000,0.000000,0.000000,0.000000,0.000000,0.000000,0.000000,-0.299236,0.000000,0.000000,0.000000,65535.000000,0.000000,0.000000,6.000000,1.000000,6.000000,1.000000,0.000000,0.000000,1.000000
2400.000000,6.000000,1.000000,0.000000,0.000000,0.000000,0.000000,0.000000,0.000000,0.000000,0.000000,0.000000,0.000000,0.000000,-0.299896,0.000000,0.000000,0.000000,65535.000000,0.000000,0.000000,6.000000,1.000000,6.000000,1.000000,0.000000,0.000000,1.000000
2410.000000,6.000000,1.000000,0.000000,0.000000,0.000000,0.000000,0.000000,0.000000,0.000000,0.000000,0.000000,0.000000,0.000000,-0.302159,0.000000,0.000000,0.000000,65535.000000,0.000000,0.000000,6.000000,1.000000,6.000000,1.000000,0.000000,0.000000,1.000000
2420.000000,6.000000,1.000000,0.000000,0.000000,0.000000,0.000000,0.000000,0.000000,0.000000,0.000000,0.000000,0.000000,0.000000,-0.300341,0.000000,0.000000,0.000000,65535.000000,0.000000,0.000000,6.000000,1.000000,6.000000,1.000000,0.000000,0.000000,1.000000
2430.000000,6.000000,1.000000,0.000000,0.000000,0.000000,0.000000,0.000000,0.000000,0.000000,0.000000,0.000000,0.000000,0.000000,-0.296570,0.000000,0.000000,0.000000,65535.000000,0.000000,0.000000,6.000000,1.000000,6.000000,1.000000,0.000000,0.000000,1.000000
2440.000000,6.000000,1.000000,0.000000,0.000000,0.000000,0.000000,0.000000,0.000000,0.000000,0.000000,0.000000,0.000000,0.000000,-0.295564,0.000000,0.000000,0.000000,65535.000000,0.000000,0.000000,6.000000,1.000000,6.000000,1.000000,0.000000,0.000000,1.000000
2450.000000,6.000000,1.000000,0.000000,0.000000,0.000000,0.000000,0.000000,0.000000,0.000000,0.000000,0.000000,0.000000,0.000000,-0.294692,0.000000,0.000000,0.000000,65535.000000,0.000000,0.000000,6.000000,1.000000,6.000000,1.000000,0.000000,0.000000,1.000000
2460.000000,6.000000,1.000000,0.000000,0.000000,0.000000,0.000000,0.000000,0.000000,0.000000,0.000000,0.000000,0.000000,0.000000,-0.300686,0.000000,0.000000,0.000000,65535.000000,0.000000,0.000000,6.000000,1.000000,6.000000,1.000000,0.000000,0.000000,1.000000
2470.000000,6.000000,1.000000,0.000000,0.000000,0.000000,0.000000,0.000000,0.000000,0.000000,0.000000,0.000000,0.000000,0.000000,-0.288277,0.000000,0.000000,0.000000,65535.000000,0.000000,0.000000,6.000000,1.000000,6.000000,1.000000,0.000000,0.000000,1.000000
2480.000000,6.000000,1.000000,0.000000,0.000000,0.000000,0.000000,0.000000,0.000000,0.000000,0.000000,0.000000,0.000000,0.000000,-0.286853,0.000000,0.000000,0.000000,65535.000000,0.000000,0.000000,6.000000,1.000000,6.000000,1.000000,0.000000,0.000000,1.000000
2490.000000,6.000000,1.000000,0.000000,0.000000,0.000000,0.000000,0.000000,0.000000,0.000000,0.000000,0.000000,0.000000,0.000000,-0.286031,0.000000,0.000000,0.000000,65535.000000,0.000000,0.000000,6.000000,1.000000,6.000000,1.000000,0.000000,0.000000,1.000000
2500.000000,6.000000,1.000000,0.000000,0.000000,0.000000,0.000000,0.000000,0.000000,0.000000,0.000000,0.000000,0.000000,0.000000,-0.280424,0.000000,0.000000,0.000000,65535.000000,0.000000,0.000000,6.000000,1.000000,6.000000,1.000000,0.000000,0.000000,1.000000
2510.000000,6.000000,1.000000,0.000000,0.000000,0.000000,0.000000,0.000000,0.000000,0.000000,0.000000,0.000000,0.000000,0.000000,-0.279639,0.000000,0.000000,0.000000,65535.000000,0.000000,0.000000,6.000000,1.000000,6.000000,1.000000,0.000000,0.000000,1.000000
2520.000000,6.000000,1.000000,0.000000,0.000000,0.000000,0.000000,0.000000,0.000000,0.000000,0.000000,0.000000,0.000000,0.000000,-0.278858,0.000000,0.000000,0.000000,65535.000000,0.000000,0.000000,6.000000,1.000000,6.000000,1.000000,0.000000,0.000000,1.000000
2530.000000,6.000000,1.000000,0.000000,0.000000,0.000000,0.000000,0.000000,0.000000,0.000000,0.000000,0.000000,0.000000,0.000000,-0.291678,0.000000,0.000000,0.000000,65535.000000,0.000000,0.000000,6.000000,1.000000,6.000000,1.000000,0.000000,0.000000,1.000000
2540.000000,6.000000,1.000000,0.000000,0.000000,0.000000,0.000000,0.000000,0.000000,0.000000,0.000000,0.000000,0.000000,0.000000,-0.288504,0.000000,0.000000,0.000000,65535.000000,0.000000,0.000000,6.000000,1.000000,6.000000,1.000000,0.000000,0.000000,1.000000
2550.000000,6.000000,1.000000,0.000000,0.000000,0.000000,0.000000,0.000000,0.000000,0.000000,0.000000,0.000000,0.000000,0.000000,-0.287673,0.000000,0.000000,0.000000,65535.000000,0.000000,0.000000,6.000000,1.000000,6.000000,1.000000,0.000000,0.000000,1.000000
2560.000000,6.000000,1.000000,0.000000,0.000000,0.000000,0.000000,0.000000,0.000000,0.000000,0.000000,0.000000,0.000000,0.000000,-0.286847,0.000000,0.000000,0.000000,65535.000000,0.000000,0.000000,6.000000,1.000000,6.000000,1.000000,0.000000,0.000000,1.000000
2570.000000,6.000000,1.000000,0.000000,0.000000,0.000000,0.000000,0.000000,0.000000,0.000000,0.000000,0.000000,0.000000,0.000000,-0.288204,0.000000,0.000000,0.000000,65535.000000,0.000000,0.000000,6.000000,1.000000,6.000000,1.000000,0.000000,0.000000,1.000000
2580.000000,6.000000,1.000000,0.000000,0.000000,0.000000,0.000000,0.000000,0.000000,0.000000,0.000000,0.000000,0.000000,0.000000,-0.290582,0.000000,0.000000,0.000000,65535.000000,0.000000,0.000000,6.000000,1.000000,6.000000,1.000000,0.000000,0.000000,1.000000
2590.000000,6.000000,1.000000,0.000000,0.000000,0.000000,0.000000,0.000000,0.000000,0.000000,0.000000,0.000000,0.000000,0.000000,-0.287886,0.000000,0.000000,0.000000,65535.000000,0.000000,0.000000,6.000000,1.000000,6.000000,1.000000,0.000000,0.000000,1.000000
2600.000000,6.000000,1.000000,0.000000,0.000000,0.000000,0.000000,0.000000,0.000000,0.000000,0.000000,0.000000,0.000000,0.000000,-0.286443,0.000000,0.000000,0.000000,65535.000000,0.000000,0.000000,6.000000,1.000000,6.000000,1.000000,0.000000,0.000000,1.000000
2610.000000,6.000000,1.000000,0.000000,0.000000,0.000000,0.000000,0.000000,0.000000,0.000000,0.000000,0.000000,0.000000,0.000000,-0.285624,0.000000,0.000000,0.000000,65535.000000,0.000000,0.000000,6.000000,1.000000,6.000000,1.000000,0.000000,0.000000,1.000000
2620.000000,6.000000,1.000000,0.000000,0.000000,0.000000,0.000000,0.000000,0.000000,0.000000,0.000000,0.000000,0.000000,0.000000,-0.291250,0.000000,0.000000,0.000000,65535.000000,0.000000,0.000000,6.000000,1.000000,6.000000,1.000000,0.000000,0.000000,1.000000
2630.000000,6.000000,1.000000,0.000000,0.000000,0.000000,0.000000,0.000000,0.000000,0.000000,0.000000,0.000000,0.000000,0.000000,-0.298119,0.000000,0.000000,0.000000,65535.000000,0.000000,0.000000,6.000000,1.000000,6.000000,1.000000,0.000000,0.000000,1.000000
2640.000000,6.000000,1.000000,0.000000,0.000000,0.000000,0.000000,0.000000,0.000000,0.000000,0.000000,0.000000,0.000000,0.000000,-0.290636,0.000000,0.000000,0.000000,65535.000000,0.000000,0.000000,6.000000,1.000000,6.000000,1.000000,0.000000,0.000000,1.000000
2650.000000,6.000000,1.000000,0.000000,0.000000,0.000000,0.000000,0.000000,0.000000,0.000000,0.000000,0.000000,0.000000,0.000000,-0.284818,0.000000,0.000000,0.000000,65535.000000,0.000000,0.000000,6.000000,1.000000,6.000000,1.000000,0.000000,0.000000,1.000000
2660.000000,6.000000,1.000000,0.000000,0.000000,0.000000,0.000000,0.000000,0.000000,0.000000,0.000000,0.000000,0.000000,0.000000,-0.284008,0.000000,0.000000,0.000000,65535.000000,0.000000,0.000000,6.000000,1.000000,6.000000,1.000000,0.000000,0.000000,1.000000
2670.000000,6.000000,1.000000,0.000000,0.000000,0.000000,0.000000,0.000000,0.000000,0.000000,0.000000,0.000000,0.000000,0.000000,-0.283441,0.000000,0.000000,0.000000,65535.000000,0.000000,0.000000,6.000000,1.000000,6.000000,1.000000,0.000000,0.000000,1.000000
2680.000000,6.000000,1.000000,0.000000,0.000000,0.000000,0.000000,0.000000,0.000000,0.000000,0.000000,0.000000,0.000000,0.000000,-0.280331,0.000000,0.000000,0.000000,65535.000000,0.000000,0.000000,6.000000,1.000000,6.000000,1.000000,0.000000,0.000000,1.000000
2690.000000,6.000000,1.000000,0.000000,0.000000,0.000000,0.000000,0.000000,0.000000,0.000000,0.000000,0.000000,0.000000,0.000000,-0.276619,0.000000,0.000000,0.000000,65535.000000,0.000000,0.000000,6.000000,1.000000,6.000000,1.000000,0.000000,0.000000,1.000000
2700.000000,6.000000,1.000000,0.000000,0.000000,0.000000,0.000000,0.000000,0.000000,0.000000,0.000000,0.000000,0.000000,0.000000,-0.273865,0.000000,0.000000,0.000000,65535.000000,0.000000,0.000000,6.000000,1.000000,6.000000,1.000000,0.000000,0.000000,1.000000
2710.000000,6.000000,1.000000,0.000000,0.000000,0.000000,0.000000,0.000000,0.000000,0.000000,0.000000,0.000000,0.000000,0.000000,-0.275579,0.000000,0.000000,0.000000,65535.000000,0.000000,0.000000,6.000000,1.000000,6.000000,1.000000,0.000000,0.000000,1.000000
2720.000000,6.000000,1.000000,0.000000,0.000000,0.000000,0.000000,0.000000,0.000000,0.000000,0.000000,0.000000,0.000000,0.000000,-0.272348,0.000000,0.000000,0.000000,65535.000000,0.000000,0.000000,6.000000,1.000000,6.000000,1.000000,0.000000,0.000000,1.000000
2730.000000,6.000000,1.000000,0.000000,0.000000,0.000000,0.000000,0.000000,0.000000,0.000000,0.000000,0.000000,0.000000,0.000000,-0.269636,0.000000,0.000000,0.000000,65535.000000,0.000000,0.000000,6.000000,1.000000,6.000000,1.000000,0.000000,0.000000,1.000000
2740.000000,6.000000,1.000000,0.000000,0.000000,0.000000,0.000000,0.000000,0.000000,0.000000,0.000000,0.000000,0.000000,0.000000,-0.268387,0.000000,0.000000,0.000000,65535.000000,0.000000,0.000000,6.000000,1.000000,6.000000,1.000000,0.000000,0.000000,1.000000
2750.000000,6.000000,1.000000,0.000000,0.000000,0.000000,0.000000,0.000000,0.000000,0.000000,0.000000,0.000000,0.000000,0.000000,-0.265715,0.000000,0.000000,0.000000,65535.000000,0.000000,0.000000,6.000000,1.000000,6.000000,1.000000,0.000000,0.000000,1.000000
2760.000000,6.000000,1.000000,0.000000,0.000000,0.000000,0.000000,0.000000,0.000000,0.000000,0.000000,0.000000,0.000000,0.000000,-0.264238,0.000000,0.000000,0.000000,65535.000000,0.000000,0.000000,6.000000,1.000000,6.000000,1.000000,0.000000,0.000000,1.000000
2770.000000,6.000000,1.000000,0.000000,0.000000,0.000000,0.000000,0.000000,0.000000,0.000000,0.000000,0.000000,0.000000,0.000000,-0.257284,0.000000,0.000000,0.000000,65535.000000,0.000000,0.000000,6.000000,1.000000,6.000000,1.000000,0.000000,0.000000,1.000000
2780.000000,6.000000,1.000000,0.000000,0.000000,0.000000,0.000000,0.000000,0.000000,0.000000,0.000000,0.000000,0.000000,0.000000,-0.254723,0.000000,0.000000,0.000000,65535.000000,0.000000,0.000000,6.000000,1.000000,6.000000,1.000000,0.000000,0.000000,1.000000
2790.000000,6.000000,1.000000,0.000000,0.000000,0.000000,0.000000,0.000000,0.000000,0.000000,0.000000,0.000000,0.000000,0.000000,-0.258055,0.000000,0.000000,0.000000,65535.000000,0.000000,0.000000,6.000000,1.000000,6.000000,1.000000,0.000000,0.000000,1.000000
2800.000000,6.000000,1.000000,0.000000,0.000000,0.000000,0.000000,0.000000,0.000000,0.000000,0.000000,0.000000,0.000000,0.000000,-0.253172,0.000000,0.000000,0.000000,65535.000000,0.000000,0.000000,6.000000,1.000000,6.000000,1.000000,0.000000,0.000000,1.000000
2810.000000,6.000000,1.000000,0.000000,0.000000,0.000000,0.000000,0.000000,0.000000,0.000000,0.000000,0.000000,0.000000,0.000000,-0.250651,0.000000,0.000000,0.000000,65535.000000,0.000000,0.000000,6.000000,1.000000,6.000000,1.000000,0.000000,0.000000,1.000000
2820.000000,6.000000,1.000000,0.000000,0.000000,0.000000,0.000000,0.000000,0.000000,0.000000,0.000000,0.000000,0.000000,0.000000,-0.247666,0.000000,0.000000,0.000000,65535.000000,0.000000,0.000000,6.000000,1.000000,6.000000,1.000000,0.000000,0.000000,1.000000
2830.000000,6.000000,1.000000,0.000000,0.000000,0.000000,0.000000,0.000000,0.000000,0.000000,0.000000,0.000000,0.000000,0.000000,-0.241017,0.000000,0.000000,0.000000,65535.000000,0.000000,0.000000,6.000000,1.000000,6.000000,1.000000,0.000000,0.000000,1.000000
2840.000000,6.000000,1.000000,0.000000,0.000000,0.000000,0.000000,0.000000,0.000000,0.000000,0.000000,0.000000,0.000000,0.000000,-0.238617,0.000000,0.000000,0.000000,65535.000000,0.000000,0.000000,6.000000,1.000000,6.000000,1.000000,0.000000,0.000000,1.000000
2850.000000,6.000000,1.000000,0.000000,0.000000,0.000000,0.000000,0.000000,0.000000,0.000000,0.000000,0.000000,0.000000,0.000000,-0.236290,0.000000,0.000000,0.000000,65535.000000,0.000000,0.000000,6.000000,1.000000,6.000000,1.000000,0.000000,0.000000,1.000000
2860.000000,6.000000,1.000000,0.000000,0.000000,0.000000,0.000000,0.000000,0.000000,0.000000,0.000000,0.000000,0.000000,0.000000,-0.233938,0.000000,0.000000,0.000000,65535.000000,0.000000,0.000000,6.000000,1.000000,6.000000,1.000000,0.000000,0.000000,1.000000
2870.000000,6.000000,1.000000,0.000000,0.000000,0.000000,0.000000,0.000000,0.000000,0.000000,0.000000,0.000000,0.000000,0.000000,-0.233118,0.000000,0.000000,0.000000,65535.000000,0.000000,0.000000,6.000000,1.000000,6.000000,1.000000,0.000000,0.000000,1.000000
2880.000000,6.000000,1.000000,0.000000,0.000000,0.000000,0.000000,0.000000,0.000000,0.000000,0.000000,0.000000,0.000000,0.000000,-0.229374,0.000000,0.000000,0.000000,65535.000000,0.000000,0.000000,6.000000,1.000000,6.000000,1.000000,0.000000,0.000000,1.000000
2890.000000,6.000000,1.000000,0.000000,0.000000,0.000000,0.000000,0.000000,0.000000,0.000000,0.000000,0.000000,0.000000,0.000000,-0.227091,0.000000,0.000000,0.000000,65535.000000,0.000000,0.000000,6.000000,1.000000,6.000000,1.000000,0.000000,0.000000,1.000000
2900.000000,6.000000,1.000000,0.000000,0.000000,0.000000,0.000000,0.000000,0.000000,0.000000,0.000000,0.000000,0.000000,0.000000,-0.224830,0.000000,0.000000,0.000000,65535.000000,0.000000,0.000000,6.000000,1.000000,6.000000,1.000000,0.000000,0.000000,1.000000
2910.000000,6.000000,1.000000,0.000000,0.000000,0.000000,0.000000,0.000000,0.000000,0.000000,0.000000,0.000000,0.000000,0.000000,-0.233744,0.000000,0.000000,0.000000,65535.000000,0.000000,0.000000,6.000000,1.000000,6.000000,1.000000,0.000000,0.000000,1.000000
2920.000000,6.000000,1.000000,0.000000,0.000000,0.000000,0.000000,0.000000,0.000000,0.000000,0.000000,0.000000,0.000000,0.000000,-0.230180,0.000000,0.000000,0.000000,65535.000000,0.000000,0.000000,6.000000,1.000000,6.000000,1.000000,0.000000,0.000000,1.000000
2930.000000,6.000000,1.000000,0.000000,0.000000,0.000000,0.000000,0.000000,0.000000,0.000000,0.000000,0.000000,0.000000,0.000000,-0.226585,0.000000,0.000000,0.000000,65535.000000,0.000000,0.000000,6.000000,1.000000,6.000000,1.000000,0.000000,0.000000,1.000000
2940.000000,6.000000,1.000000,0.000000,0.000000,0.000000,0.000000,0.000000,0.000000,0.000000,0.000000,0.000000,0.000000,0.000000,-0.224330,0.000000,0.000000,0.000000,65535.000000,0.000000,0.000000,6.000000,1.000000,6.000000,1.000000,0.000000,0.000000,1.000000
2950.000000,6.000000,1.000000,0.000000,0.000000,0.000000,0.000000,0.000000,0.000000,0.000000,0.000000,0.000000,0.000000,0.000000,-0.217335,0.000000,0.000000,0.000000,65535.000000,0.000000,0.000000,6.000000,1.000000,6.000000,1.000000,0.000000,0.000000,1.000000
2960.000000,6.000000,1.000000,0.000000,0.000000,0.000000,0.000000,0.000000,0.000000,0.000000,0.000000,0.000000,0.000000,0.000000,-0.202342,0.000000,0.000000,0.000000,65535.000000,0.000000,0.000000,6.000000,1.000000,6.000000,1.000000,0.000000,0.000000,1.000000
2970.000000,6.000000,1.000000,0.000000,0.000000,0.000000,0.000000,0.000000,0.000000,0.000000,0.000000,0.000000,0.000000,0.000000,-0.200328,0.000000,0.000000,0.000000,65535.000000,0.000000,0.000000,6.000000,1.000000,6.000000,1.000000,0.000000,0.000000,1.000000
2980.000000,6.000000,1.000000,0.000000,0.000000,0.000000,0.000000,0.000000,0.000000,0.000000,0.000000,0.000000,0.000000,0.000000,-0.198334,0.000000,0.000000,0.000000,65535.000000,0.000000,0.000000,6.000000,1.000000,6.000000,1.000000,0.000000,0.000000,1.000000
2990.000000,6.000000,1.000000,0.000000,0.000000,0.000000,0.000000,0.000000,0.000000,0.000000,0.000000,0.000000,0.000000,0.000000,-0.211859,0.000000,0.000000,0.000000,65535.000000,0.000000,0.000000,6.000000,1.000000,6.000000,1.000000,0.000000,0.000000,1.000000
3000.000000,6.000000,1.000000,0.000000,0.000000,0.000000,0.000000,0.000000,0.000000,0.000000,0.000000,0.000000,0.000000,0.000000,-0.210047,0.000000,0.000000,0.000000,65535.000000,0.000000,0.000000,6.000000,1.000000,6.000000,1.000000,0.000000,0.000000,1.000000
3010.000000,6.000000,1.000000,0.000000,0.000000,0.000000,0.000000,0.000000,0.000000,0.000000,0.000000,0.000000,0.000000,0.000000,-0.201915,0.000000,0.000000,0.000000,65535.000000,0.000000,0.000000,6.000000,1.000000,6.000000,1.000000,0.000000,0.000000,1.000000
3020.000000,6.000000,1.000000,0.000000,0.000000,0.000000,0.000000,0.000000,0.000000,0.000000,0.000000,0.000000,0.000000,0.000000,-0.199905,0.000000,0.000000,0.000000,65535.000000,0.000000,0.000000,6.000000,1.000000,6.000000,1.000000,0.000000,0.000000,1.000000
3030.000000,6.000000,1.000000,0.000000,0.000000,0.000000,0.000000,0.000000,0.000000,0.000000,0.000000,0.000000,0.000000,0.000000,-0.197915,0.000000,0.000000,0.000000,65535.000000,0.000000,0.000000,6.000000,1.000000,6.000000,1.000000,0.000000,0.000000,1.000000
3040.000000,6.000000,1.000000,0.000000,0.000000,0.000000,0.000000,0.000000,0.000000,0.000000,0.000000,0.000000,0.000000,0.000000,-0.197369,0.000000,0.000000,0.000000,65535.000000,0.000000,0.000000,6.000000,1.000000,6.000000,1.000000,0.000000,0.000000,1.000000
3050.000000,6.000000,1.000000,0.000000,0.000000,0.000000,0.000000,0.000000,0.000000,0.000000,0.000000,0.000000,0.000000,0.000000,-0.195404,0.000000,0.000000,0.000000,65535.000000,0.000000,0.000000,6.000000,1.000000,6.000000,1.000000,0.000000,0.000000,1.000000
3060.000000,6.000000,1.000000,0.000000,0.000000,0.000000,0.000000,0.000000,0.000000,0.000000,0.000000,0.000000,0.000000,0.000000,-0.193459,0.000000,0.000000,0.000000,65535.000000,0.000000,0.000000,6.000000,1.000000,6.000000,1.000000,0.000000,0.000000,1.000000
3070.000000,6.000000,1.000000,0.000000,0.000000,0.000000,0.000000,0.000000,0.000000,0.000000,0.000000,0.000000,0.000000,0.000000,-0.194016,0.000000,0.000000,0.000000,65535.000000,0.000000,0.000000,6.000000,1.000000,6.000000,1.000000,0.000000,0.000000,1.000000
3080.000000,6.000000,1.000000,0.000000,0.000000,0.000000,0.000000,0.000000,0.000000,0.000000,0.000000,0.000000,0.000000,0.000000,-0.192085,0.000000,0.000000,0.000000,65535.000000,0.000000,0.000000,6.000000,1.000000,6.000000,1.000000,0.000000,0.000000,1.000000
3090.000000,6.000000,1.000000,0.000000,0.000000,0.000000,0.000000,0.000000,0.000000,0.000000,0.000000,0.000000,0.000000,0.000000,-0.185102,0.000000,0.000000,0.000000,65535.000000,0.000000,0.000000,6.000000,1.000000,6.000000,1.000000,0.000000,0.000000,1.000000
3100.000000,6.000000,1.000000,0.000000,0.000000,0.000000,0.000000,0.000000,0.000000,0.000000,0.000000,0.000000,0.000000,0.000000,-0.178847,0.000000,0.000000,0.000000,65535.000000,0.000000,0.000000,6.000000,1.000000,6.000000,1.000000,0.000000,0.000000,1.000000
3110.000000,6.000000,1.000000,0.000000,0.000000,0.000000,0.000000,0.000000,0.000000,0.000000,0.000000,0.000000,0.000000,0.000000,-0.177066,0.000000,0.000000,0.000000,65535.000000,0.000000,0.000000,6.000000,1.000000,6.000000,1.000000,0.000000,0.000000,1.000000
3120.000000,6.000000,1.000000,0.000000,0.000000,0.000000,0.000000,0.000000,0.000000,0.000000,0.000000,0.000000,0.000000,0.000000,-0.175303,0.000000,0.000000,0.000000,65535.000000,0.000000,0.000000,6.000000,1.000000,6.000000,1.000000,0.000000,0.000000,1.000000
3130.000000,6.000000,1.000000,0.000000,0.000000,0.000000,0.000000,0.000000,0.000000,0.000000,0.000000,0.000000,0.000000,0.000000,-0.182941,0.000000,0.000000,0.000000,65535.000000,0.000000,0.000000,6.000000,1.000000,6.000000,1.000000,0.000000,0.000000,1.000000
3140.000000,6.000000,1.000000,0.000000,0.000000,0.000000,0.000000,0.000000,0.000000,0.000000,0.000000,0.000000,0.000000,0.000000,-0.175454,0.000000,0.000000,0.000000,65535.000000,0.000000,0.000000,6.000000,1.000000,6.000000,1.000000,0.000000,0.000000,1.000000
3150.000000,6.000000,1.000000,0.000000,0.000000,0.000000,0.000000,0.000000,0.000000,0.000000,0.000000,0.000000,0.000000,0.000000,-0.173707,0.000000,0.000000,0.000000,65535.000000,0.000000,0.000000,6.000000,1.000000,6.000000,1.000000,0.000000,0.000000,1.000000
3160.000000,6.000000,1.000000,0.000000,0.000000,0.000000,0.000000,0.000000,0.000000,0.000000,0.000000,0.000000,0.000000,0.000000,-0.172220,0.000000,0.000000,0.000000,65535.000000,0.000000,0.000000,6.000000,1.000000,6.000000,1.000000,0.000000,0.000000,1.000000
3170.000000,6.000000,1.000000,0.000000,0.000000,0.000000,0.000000,0.000000,0.000000,0.000000,0.000000,0.000000,0.000000,0.000000,-0.171491,0.000000,0.000000,0.000000,65535.000000,0.000000,0.000000,6.000000,1.000000,6.000000,1.000000,0.000000,0.000000,1.000000
3180.000000,6.000000,1.000000,0.000000,0.000000,0.000000,0.000000,0.000000,0.000000,0.000000,0.000000,0.000000,0.000000,0.000000,-0.169784,0.000000,0.000000,0.000000,65535.000000,0.000000,0.000000,6.000000,1.000000,6.000000,1.000000,0.000000,0.000000,1.000000
3190.000000,6.000000,1.000000,0.000000,0.000000,0.000000,0.000000,0.000000,0.000000,0.000000,0.000000,0.000000,0.000000,0.000000,-0.170059,0.000000,0.000000,0.000000,65535.000000,0.000000,0.000000,6.000000,1.000000,6.000000,1.000000,0.000000,0.000000,1.000000
3200.000000,6.000000,1.000000,0.000000,0.000000,0.000000,0.000000,0.000000,0.000000,0.000000,0.000000,0.000000,0.000000,0.000000,-0.174989,0.000000,0.000000,0.000000,65535.000000,0.000000,0.000000,6.000000,1.000000,6.000000,1.000000,0.000000,0.000000,1.000000
3210.000000,6.000000,1.000000,0.000000,0.000000,0.000000,0.000000,0.000000,0.000000,0.000000,0.000000,0.000000,0.000000,0.000000,-0.169350,0.000000,0.000000,0.000000,65535.000000,0.000000,0.000000,6.000000,1.000000,6.000000,1.000000,0.000000,0.000000,1.000000
3220.000000,6.000000,1.000000,0.000000,0.000000,0.000000,0.000000,0.000000,0.000000,0.000000,0.000000,0.000000,0.000000,0.000000,-0.159256,0.000000,0.000000,0.000000,65535.000000,0.000000,0.000000,6.000000,1.000000,6.000000,1.000000,0.000000,0.000000,1.000000
3230.000000,6.000000,1.000000,0.000000,0.000000,0.000000,0.000000,0.000000,0.000000,0.000000,0.000000,0.000000,0.000000,0.000000,-0.157671,0.000000,0.000000,0.000000,65535.000000,0.000000,0.000000,6.000000,1.000000,6.000000,1.000000,0.000000,0.000000,1.000000
3240.000000,6.000000,1.000000,0.000000,0.000000,0.000000,0.000000,0.000000,0.000000,0.000000,0.000000,0.000000,0.000000,0.000000,-0.152259,0.000000,0.000000,0.000000,65535.000000,0.000000,0.000000,6.000000,1.000000,6.000000,1.000000,0.000000,0.000000,1.000000
3250.000000,6.000000,1.000000,0.000000,0.000000,0.000000,0.000000,0.000000,0.000000,0.000000,0.000000,0.000000,0.000000,0.000000,-0.150744,0.000000,0.000000,0.000000,65535.000000,0.000000,0.000000,6.000000,1.000000,6.000000,1.000000,0.000000,0.000000,1.000000
3260.000000,6.000000,1.000000,0.000000,0.000000,0.000000,0.000000,0.000000,0.000000,0.000000,0.000000,0.000000,0.000000,0.000000,-0.148938,0.000000,0.000000,0.000000,65535.000000,0.000000,0.000000,6.000000,1.000000,6.000000,1.000000,0.000000,0.000000,1.000000
3270.000000,6.000000,1.000000,0.000000,0.000000,0.000000,0.000000,0.000000,0.000000,0.000000,0.000000,0.000000,0.000000,0.000000,-0.141788,0.000000,0.000000,0.000000,65535.000000,0.000000,0.000000,6.000000,1.000000,6.000000,1.000000,0.000000,0.000000,1.000000
3280.000000,6.000000,1.000000,0.000000,0.000000,0.000000,0.000000,0.000000,0.000000,0.000000,0.000000,0.000000,0.000000,0.000000,-0.140377,0.000000,0.000000,0.000000,65535.000000,0.000000,0.000000,6.000000,1.000000,6.000000,1.000000,0.000000,0.000000,1.000000
3290.000000,6.000000,1.000000,0.000000,0.000000,0.000000,0.000000,0.000000,0.000000,0.000000,0.000000,0.000000,0.000000,0.000000,-0.141273,0.000000,0.000000,0.000000,65535.000000,0.000000,0.000000,6.000000,1.000000,6.000000,1.000000,0.000000,0.000000,1.000000
3300.000000,6.000000,1.000000,0.000000,0.000000,0.000000,0.000000,0.000000,0.000000,0.000000,0.000000,0.000000,0.000000,0.000000,-0.151814,0.000000,0.000000,0.000000,65535.000000,0.000000,0.000000,6.000000,1.000000,6.000000,1.000000,0.000000,0.000000,1.000000
3310.000000,6.000000,1.000000,0.000000,0.000000,0.000000,0.000000,0.000000,0.000000,0.000000,0.000000,0.000000,0.000000,0.000000,-0.150715,0.000000,0.000000,0.000000,65535.000000,0.000000,0.000000,6.000000,1.000000,6.000000,1.000000,0.000000,0.000000,1.000000
3320.000000,6.000000,1.000000,0.000000,0.000000,0.000000,0.000000,0.000000,0.000000,0.000000,0.000000,0.000000,0.000000,0.000000,-0.149214,0.000000,0.000000,0.000000,65535.000000,0.000000,0.000000,6.000000,1.000000,6.000000,1.000000,0.000000,0.000000,1.000000
3330.000000,6.000000,1.000000,0.000000,0.000000,0.000000,0.000000,0.000000,0.000000,0.000000,0.000000,0.000000,0.000000,0.000000,-0.148001,0.000000,0.000000,0.000000,65535.000000,0.000000,0.000000,6.000000,1.000000,6.000000,1.000000,0.000000,0.000000,1.000000
3340.000000,6.000000,1.000000,0.000000,0.000000,0.000000,0.000000,0.000000,0.000000,0.000000,0.000000,0.000000,0.000000,0.000000,-0.129582,0.000000,0.000000,0.000000,65535.000000,0.000000,0.000000,6.000000,1.000000,6.000000,1.000000,0.000000,0.000000,1.000000
3350.000000,6.000000,1.000000,0.000000,0.000000,0.000000,0.000000,0.000000,0.000000,0.000000,0.000000,0.000000,0.000000,0.000000,-0.125918,0.000000,0.000000,0.000000,65535.000000,0.000000,0.000000,6.000000,1.000000,6.000000,1.000000,0.000000,0.000000,1.000000
3360.000000,6.000000,1.000000,0.000000,0.000000,0.000000,0.000000,0.000000,0.000000,0.000000,0.000000,0.000000,0.000000,0.000000,-0.124664,0.000000,0.000000,0.000000,65535.000000,0.000000,0.000000,6.000000,1.000000,6.000000,1.000000,0.000000,0.000000,1.000000
3370.000000,6.000000,1.000000,0.000000,0.000000,0.000000,0.000000,0.000000,0.000000,0.000000,0.000000,0.000000,0.000000,0.000000,-0.126927,0.000000,0.000000,0.000000,65535.000000,0.000000,0.000000,6.000000,1.000000,6.000000,1.000000,0.000000,0.000000,1.000000
3380.000000,6.000000,1.000000,0.000000,0.000000,0.000000,0.000000,0.000000,0.000000,0.000000,0.000000,0.000000,0.000000,0.000000,-0.148570,0.000000,0.000000,0.000000,65535.000000,0.000000,0.000000,6.000000,1.000000,6.000000,1.000000,0.000000,0.000000,1.000000
3390.000000,6.000000,1.000000,0.000000,0.000000,0.000000,0.000000,0.000000,0.000000,0.000000,0.000000,0.000000,0.000000,0.000000,-0.147091,0.000000,0.000000,0.000000,65535.000000,0.000000,0.000000,6.000000,1.000000,6.000000,1.000000,0.000000,0.000000,1.000000
3400.000000,6.000000,1.000000,0.000000,0.000000,0.000000,0.000000,0.000000,0.000000,0.000000,0.000000,0.000000,0.000000,0.000000,-0.140863,0.000000,0.000000,0.000000,65535.000000,0.000000,0.000000,6.000000,1.000000,6.000000,1.000000,0.000000,0.000000,1.000000
3410.000000,6.000000,1.000000,0.000000,0.000000,0.000000,0.000000,0.000000,0.000000,0.000000,0.000000,0.000000,0.000000,0.000000,-0.139461,0.000000,0.000000,0.000000,65535.000000,0.000000,0.000000,6.000000,1.000000,6.000000,1.000000,0.000000,0.000000,1.000000
3420.000000,6.000000,1.000000,0.000000,0.000000,0.000000,0.000000,0.000000,0.000000,0.000000,0.000000,0.000000,0.000000,0.000000,-0.138072,0.000000,0.000000,0.000000,65535.000000,0.000000,0.000000,6.000000,1.000000,6.000000,1.000000,0.000000,0.000000,1.000000
3430.000000,6.000000,1.000000,0.000000,0.000000,0.000000,0.000000,0.000000,0.000000,0.000000,0.000000,0.000000,0.000000,0.000000,-0.143630,0.000000,0.000000,0.000000,65535.000000,0.000000,0.000000,6.000000,1.000000,6.000000,1.000000,0.000000,0.000000,1.000000
3440.000000,6.000000,1.000000,0.000000,0.000000,0.000000,0.000000,0.000000,0.000000,0.000000,0.000000,0.000000,0.000000,0.000000,-0.134995,0.000000,0.000000,0.000000,65535.000000,0.000000,0.000000,6.000000,1.000000,6.000000,1.000000,0.000000,0.000000,1.000000
3450.000000,6.000000,1.000000,0.000000,0.000000,0.000000,0.000000,0.000000,0.000000,0.000000,0.000000,0.000000,0.000000,0.000000,-0.133651,0.000000,0.000000,0.000000,65535.000000,0.000000,0.000000,6.000000,1.000000,6.000000,1.000000,0.000000,0.000000,1.000000
3460.000000,6.000000,1.000000,0.000000,0.000000,0.000000,0.000000,0.000000,0.000000,0.000000,0.000000,0.000000,0.000000,0.000000,-0.132320,0.000000,0.000000,0.000000,65535.000000,0.000000,0.000000,6.000000,1.000000,6.000000,1.000000,0.000000,0.000000,1.000000
3470.000000,6.000000,1.000000,0.000000,0.000000,0.000000,0.000000,0.000000,0.000000,0.000000,0.000000,0.000000,0.000000,0.000000,-0.140932,0.000000,0.000000,0.000000,65535.000000,0.000000,0.000000,6.000000,1.000000,6.000000,1.000000,0.000000,0.000000,1.000000
3480.000000,6.000000,1.000000,0.000000,0.000000,0.000000,0.000000,0.000000,0.000000,0.000000,0.000000,0.000000,0.000000,0.000000,-0.135518,0.000000,0.000000,0.000000,65535.000000,0.000000,0.000000,6.000000,1.000000,6.000000,1.000000,0.000000,0.000000,1.000000
3490.000000,6.000000,1.000000,0.000000,0.000000,0.000000,0.000000,0.000000,0.000000,0.000000,0.000000,0.000000,0.000000,0.000000,-0.129661,0.000000,0.000000,0.000000,65535.000000,0.000000,0.000000,6.000000,1.000000,6.000000,1.000000,0.000000,0.000000,1.000000
3500.000000,6.000000,1.000000,0.000000,0.000000,0.000000,0.000000,0.000000,0.000000,0.000000,0.000000,0.000000,0.000000,0.000000,-0.128370,0.000000,0.000000,0.000000,65535.000000,0.000000,0.000000,6.000000,1.000000,6.000000,1.000000,0.000000,0.000000,1.000000
3510.000000,6.000000,1.000000,0.000000,0.000000,0.000000,0.000000,0.000000,0.000000,0.000000,0.000000,0.000000,0.000000,0.000000,-0.127092,0.000000,0.000000,0.000000,65535.000000,0.000000,0.000000,6.000000,1.000000,6.000000,1.000000,0.000000,0.000000,1.000000
3520.000000,6.000000,1.000000,0.000000,0.000000,0.000000,0.000000,0.000000,0.000000,0.000000,0.000000,0.000000,0.000000,0.000000,-0.124088,0.000000,0.000000,0.000000,65535.000000,0.000000,0.000000,6.000000,1.000000,6.000000,1.000000,0.000000,0.000000,1.000000
3530.000000,6.000000,1.000000,0.000000,0.000000,0.000000,0.000000,0.000000,0.000000,0.000000,0.000000,0.000000,0.000000,0.000000,-0.122129,0.000000,0.000000,0.000000,65535.000000,0.000000,0.000000,6.000000,1.000000,6.000000,1.000000,0.000000,0.000000,1.000000
3540.000000,6.000000,1.000000,0.000000,0.000000,0.000000,0.000000,0.000000,0.000000,0.000000,0.000000,0.000000,0.000000,0.000000,-0.120913,0.000000,0.000000,0.000000,65535.000000,0.000000,0.000000,6.000000,1.000000,6.000000,1.000000,0.000000,0.000000,1.000000
3550.000000,6.000000,1.000000,0.000000,0.000000,0.000000,0.000000,0.000000,0.000000,0.000000,0.000000,0.000000,0.000000,0.000000,-0.122211,0.000000,0.000000,0.000000,65535.000000,0.000000,0.000000,6.000000,1.000000,6.000000,1.000000,0.000000,0.000000,1.000000
3560.000000,6.000000,1.000000,0.000000,0.000000,0.000000,0.000000,0.000000,0.000000,0.000000,0.000000,0.000000,0.000000,0.000000,-0.120994,0.000000,0.000000,0.000000,65535.000000,0.000000,0.000000,6.000000,1.000000,6.000000,1.000000,0.000000,0.000000,1.000000
3570.000000,6.000000,1.000000,0.000000,0.000000,0.000000,0.000000,0.000000,0.000000,0.000000,0.000000,0.000000,0.000000,0.000000,-0.116900,0.000000,0.000000,0.000000,65535.000000,0.000000,0.000000,6.000000,1.000000,6.000000,1.000000,0.000000,0.000000,1.000000
3580.000000,6.000000,1.000000,0.000000,0.000000,0.000000,0.000000,0.000000,0.000000,0.000000,0.000000,0.000000,0.000000,0.000000,-0.114261,0.000000,0.000000,0.000000,65535.000000,0.000000,0.000000,6.000000,1.000000,6.000000,1.000000,0.000000,0.000000,1.000000
3590.000000,6.000000,1.000000,0.000000,0.000000,0.000000,0.000000,0.000000,0.000000,0.000000,0.000000,0.000000,0.000000,0.000000,-0.113124,0.000000,0.000000,0.000000,65535.000000,0.000000,0.000000,6.000000,1.000000,6.000000,1.000000,0.000000,0.000000,1.000000
3600.000000,6.000000,1.000000,0.000000,0.000000,0.000000,0.000000,0.000000,0.000000,0.000000,0.000000,0.000000,0.000000,0.000000,-0.114418,0.000000,0.000000,0.000000,65535.000000,0.000000,0.000000,6.000000,1.000000,6.000000,1.000000,0.000000,0.000000,1.000000
3610.000000,6.000000,1.000000,0.000000,0.000000,0.000000,0.000000,0.000000,0.000000,0.000000,0.000000,0.000000,0.000000,0.000000,-0.113505,0.000000,0.000000,0.000000,65535.000000,0.000000,0.000000,6.000000,1.000000,6.000000,1.000000,0.000000,0.000000,1.000000
3620.000000,6.000000,1.000000,0.000000,0.000000,0.000000,0.000000,0.000000,0.000000,0.000000,0.000000,0.000000,0.000000,0.000000,-0.112228,0.000000,0.000000,0.000000,65535.000000,0.000000,0.000000,6.000000,1.000000,6.000000,1.000000,0.000000,0.000000,1.000000
3630.000000,6.000000,1.000000,0.000000,0.000000,0.000000,0.000000,0.000000,0.000000,0.000000,0.000000,0.000000,0.000000,0.000000,-0.110117,0.000000,0.000000,0.000000,65535.000000,0.000000,0.000000,6.000000,1.000000,6.000000,1.000000,0.000000,0.000000,1.000000
3640.000000,6.000000,1.000000,0.000000,0.000000,0.000000,0.000000,0.000000,0.000000,0.000000,0.000000,0.000000,0.000000,0.000000,-0.109021,0.000000,0.000000,0.000000,65535.000000,0.000000,0.000000,6.000000,1.000000,6.000000,1.000000,0.000000,0.000000,1.000000
3650.000000,6.000000,1.000000,0.000000,0.000000,0.000000,0.000000,0.000000,0.000000,0.000000,0.000000,0.000000,0.000000,0.000000,-0.006000,0.000000,0.000000,0.000000,65535.000000,0.000000,0.000000,6.000000,1.000000,6.000000,1.000000,0.000000,0.000000,1.000000
3660.000000,6.000000,1.000000,0.000000,0.000000,0.000000,0.000000,0.000000,0.000000,0.000000,0.000000,0.000000,0.000000,0.000000,0.016476,0.000000,0.000000,0.000000,65535.000000,0.000000,0.000000,6.000000,1.000000,6.000000,1.000000,0.000000,0.000000,1.000000
3670.000000,6.000000,1.000000,0.000000,0.000000,0.000000,0.000000,0.000000,0.000000,0.000000,0.015315,0.002080,0.001963,-0.000689,0.016312,0.000000,0.000000,0.000000,65535.000000,0.000000,0.000000,6.000000,1.000000,6.000000,1.000000,0.000000,0.000000,1.000000
3680.000000,6.000000,1.000000,0.000000,0.000000,0.000000,0.000000,0.000000,0.000000,0.000000,0.007843,0.001277,0.001205,-0.000423,-0.024863,0.000000,0.000000,0.000000,65535.000000,0.000000,0.000000,6.000000,1.000000,6.000000,1.000000,0.000000,0.000000,1.000000
3690.000000,6.000000,1.000000,0.000000,0.000000,0.000000,0.000000,0.000000,0.000000,0.000000,0.015723,0.002623,0.002048,-0.001638,-0.010848,0.000000,0.000000,0.000000,65535.000000,0.000000,0.000000,6.000000,1.000000,6.000000,1.000000,0.000000,0.000000,1.000000
3700.000000,6.000000,1.000000,0.000000,0.000000,0.000000,0.000000,0.000000,0.000000,0.000000,0.024081,0.003639,0.003220,-0.001695,0.143645,0.000000,0.000000,0.000000,65535.000000,0.000000,0.000000,6.000000,1.000000,6.000000,1.000000,0.000000,0.000000,1.000000
3710.000000,6.000000,1.000000,0.000000,0.000000,0.000000,0.000000,0.000000,0.000000,0.000000,0.025891,0.004080,0.003286,-0.002419,0.147857,0.000000,0.000000,0.000000,65535.000000,0.000000,0.000000,6.000000,1.000000,6.000000,1.000000,0.000000,0.000000,1.000000
3720.000000,6.000000,1.000000,0.000000,0.000000,0.000000,0.000000,0.000000,0.000000,0.000000,0.025769,0.003445,0.002672,-0.002175,0.146385,0.000000,0.000000,0.000000,65535.000000,0.000000,0.000000,6.000000,1.000000,6.000000,1.000000,0.000000,0.000000,1.000000
3730.000000,6.000000,1.000000,0.000000,0.000000,0.000000,0.000000,0.000000,0.000000,0.000000,0.022547,0.004133,0.003603,-0.002025,0.072190,0.000000,0.000000,0.000000,65535.000000,0.000000,0.000000,6.000000,1.000000,6.000000,1.000000,0.000000,0.000000,1.000000
3740.000000,6.000000,1.000000,0.000000,0.000000,0.000000,0.000000,0.000000,0.000000,0.000000,0.014768,0.003457,0.002867,-0.001932,-0.004874,0.000000,0.000000,0.000000,65535.000000,0.000000,0.000000,6.000000,1.000000,6.000000,1.000000,0.000000,0.000000,1.000000
3750.000000,6.000000,1.000000,0.000000,0.000000,0.000000,0.000000,0.000000,0.000000,0.000000,0.014768,0.003057,0.002414,-0.001876,-0.004825,0.000000,0.000000,0.000000,65535.000000,0.000000,0.000000,6.000000,1.000000,6.000000,1.000000,0.000000,0.000000,1.000000
3760.000000,6.000000,1.000000,0.000000,0.000000,0.000000,0.000000,0.000000,0.000000,0.000000,0.007822,0.001877,0.001482,-0.001152,-0.004777,0.000000,0.000000,0.000000,65535.000000,0.000000,0.000000,6.000000,1.000000,6.000000,1.000000,0.000000,0.000000,1.000000
3770.000000,6.000000,1.000000,0.000000,0.000000,0.000000,0.000000,0.000000,0.000000,0.000000,0.010179,0.001153,0.000910,-0.000707,-0.017153,0.000000,0.000000,0.000000,65535.000000,0.000000,0.000000,6.000000,1.000000,6.000000,1.000000,0.000000,0.000000,1.000000
3780.000000,6.000000,1.000000,0.000000,0.000000,0.000000,0.000000,0.000000,0.000000,0.000000,0.009362,0.001653,0.001213,-0.001123,-0.018033,0.000000,0.000000,0.000000,65535.000000,0.000000,0.000000,6.000000,1.000000,6.000000,1.000000,0.000000,0.000000,1.000000
3790.000000,6.000000,1.000000,0.000000,0.000000,0.000000,0.000000,0.000000,0.000000,0.000000,0.010559,0.001015,0.000745,-0.000690,-0.056948,0.000000,0.000000,0.000000,65535.000000,0.000000,0.000000,6.000000,1.000000,6.000000,1.000000,0.000000,0.000000,1.000000
3800.000000,6.000000,1.000000,0.000000,0.000000,0.000000,0.000000,0.000000,0.000000,0.000000,0.007418,0.001573,0.001112,-0.001113,0.006200,0.000000,0.000000,0.000000,65535.000000,0.000000,0.000000,6.000000,1.000000,6.000000,1.000000,0.000000,0.000000,1.000000
3810.000000,6.000000,1.000000,0.000000,0.000000,0.000000,0.000000,0.000000,0.000000,0.000000,0.009342,0.000966,0.000683,-0.000683,0.006138,0.000000,0.000000,0.000000,65535.000000,0.000000,0.000000,6.000000,1.000000,6.000000,1.000000,0.000000,0.000000,1.000000
3820.000000,6.000000,1.000000,0.000000,0.000000,0.000000,0.000000,0.000000,0.000000,0.000000,0.017868,0.003204,0.000419,-0.003177,0.059929,0.000000,0.000000,0.000000,65535.000000,0.000000,0.000000,6.000000,1.000000,6.000000,1.000000,0.000000,0.000000,1.000000
3830.000000,6.000000,1.000000,0.000000,0.000000,0.000000,0.000000,0.000000,0.000000,0.000000,0.020560,0.004120,0.000912,-0.004018,0.059333,0.000000,0.000000,0.000000,65535.000000,0.000000,0.000000,6.000000,1.000000,6.000000,1.000000,0.000000,0.000000,1.000000
3840.000000,6.000000,1.000000,0.000000,0.000000,0.000000,0.000000,0.000000,0.000000,0.000000,0.023946,0.005548,0.001868,-0.005224,0.133389,0.000000,0.000000,0.000000,65535.000000,0.000000,0.000000,6.000000,1.000000,6.000000,1.000000,0.000000,0.000000,1.000000
3850.000000,6.000000,1.000000,0.000000,0.000000,0.000000,0.000000,0.000000,0.000000,0.000000,0.023946,0.008614,0.003110,-0.008033,0.132061,0.000000,0.000000,0.000000,65535.000000,0.000000,0.000000,6.000000,1.000000,6.000000,1.000000,0.000000,0.000000,1.000000
3860.000000,6.000000,1.000000,0.000000,0.000000,0.000000,0.000000,0.000000,0.000000,0.000000,0.044869,0.011427,0.002564,-0.011136,0.337464,0.000000,0.000000,0.000000,65535.000000,0.000000,0.000000,6.000000,1.000000,6.000000,1.000000,0.000000,0.000000,1.000000
3870.000000,6.000000,1.000000,0.000000,0.000000,0.000000,0.000000,0.000000,0.000000,0.000000,0.044869,0.013512,0.003537,-0.013041,0.334104,0.000000,0.000000,0.000000,65535.000000,0.000000,0.000000,6.000000,1.000000,6.000000,1.000000,0.000000,0.000000,1.000000
3880.000000,6.000000,1.000000,0.000000,0.000000,0.000000,0.000000,0.000000,0.000000,0.000000,0.044869,0.015301,0.003480,-0.014900,0.330778,0.000000,0.000000,0.000000,65535.000000,0.000000,0.000000,6.000000,1.000000,6.000000,1.000000,0.000000,0.000000,1.000000
3890.000000,6.000000,1.000000,0.000000,0.000000,0.000000,0.000000,0.000000,0.000000,0.000000,0.022447,0.016407,0.003445,-0.016041,0.052821,0.000000,0.000000,0.000000,65535.000000,0.000000,0.000000,6.000000,1.000000,6.000000,1.000000,0.000000,0.000000,1.000000
3900.000000,6.000000,1.000000,0.000000,0.000000,0.000000,0.000000,0.000000,0.000000,0.000000,0.022447,0.017650,0.002770,-0.017432,0.052890,0.000000,0.000000,0.000000,65535.000000,0.000000,0.000000,6.000000,1.000000,6.000000,1.000000,0.000000,0.000000,1.000000
3910.000000,6.000000,1.000000,0.000000,0.000000,0.000000,0.000000,0.000000,0.000000,0.000000,0.084993,0.018436,0.002355,-0.018285,0.995693,0.000000,0.000000,0.000000,65535.000000,0.000000,0.000000,6.000000,1.000000,6.000000,1.000000,0.000000,0.000000,1.000000
3920.000000,6.000000,1.000000,0.000000,0.000000,0.000000,0.000000,0.000000,0.000000,0.000000,0.099116,0.020297,0.002100,-0.020188,0.985781,0.000000,0.000000,0.000000,65535.000000,0.000000,0.000000,6.000000,1.000000,6.000000,1.000000,0.000000,0.000000,1.000000
3930.000000,6.000000,1.000000,0.000000,0.000000,0.000000,0.000000,0.000000,0.000000,0.000000,0.099116,0.021444,0.001944,-0.021356,0.975967,0.000000,0.000000,0.000000,65535.000000,0.000000,0.000000,6.000000,1.000000,6.000000,1.000000,0.000000,0.000000,1.000000
3940.000000,6.000000,1.000000,0.000000,0.000000,0.000000,0.000000,0.000000,0.000000,0.000000,0.102556,0.020702,0.000539,-0.020695,0.745282,0.000000,0.000000,0.000000,65535.000000,0.000000,0.000000,6.000000,1.000000,6.000000,1.000000,0.000000,0.000000,1.000000
3950.000000,6.000000,1.000000,0.000000,0.000000,0.000000,0.000000,0.000000,0.000000,0.000000,0.096498,0.023160,0.002294,-0.023046,0.737863,0.000000,0.000000,0.000000,65535.000000,0.000000,0.000000,6.000000,1.000000,6.000000,1.000000,0.000000,0.000000,1.000000
3960.000000,5.999606,1.000037,-0.039455,0.003748,0.000000,0.000000,0.000000,0.000000,0.000000,0.085325,0.027646,0.004680,-0.027247,0.636600,0.000000,0.000000,0.000000,65535.000000,0.000000,0.000000,5.999606,1.000037,5.999606,1.000037,0.000000,0.000000,1.000000
3970.000000,5.999088,1.000062,-0.051798,0.002426,0.000000,0.000000,0.000000,0.000000,0.000000,0.113350,0.039633,0.003527,-0.039476,1.034659,0.000000,0.000000,0.000000,65535.000000,0.000000,0.000000,5.999088,1.000062,5.999088,1.000062,0.000000,0.000000,1.000000
3980.000000,5.998439,1.000077,-0.064891,0.001575,0.000000,0.000000,0.000000,0.000000,0.000000,0.113350,0.051855,0.002166,-0.051810,1.024053,0.000000,0.000000,0.000000,65535.000000,0.000000,0.000000,5.998439,1.000077,5.998439,1.000077,0.000000,0.000000,1.000000
3990.000000,5.997668,1.000127,-0.077057,0.004923,0.000000,0.000000,0.000000,0.000000,0.000000,0.175820,0.064910,0.001330,-0.064897,1.702609,0.000000,0.000000,0.000000,65535.000000,0.000000,0.000000,5.997668,1.000127,5.997668,1.000127,0.000000,0.000000,1.000000
4000.000000,5.996713,1.000157,-0.095566,0.003026,0.000000,0.000000,0.000000,0.000000,0.000000,0.208758,0.077214,0.004742,-0.077068,1.810441,0.000000,0.000000,0.000000,65535.000000,0.000000,0.000000,5.996713,1.000157,5.996713,1.000157,0.000000,0.000000,1.000000
4010.000000,5.995644,1.000163,-0.106929,0.000556,0.000000,0.000000,0.000000,0.000000,0.000000,0.208758,0.095614,0.002912,-0.095570,1.778215,0.000000,0.000000,0.000000,65535.000000,0.000000,0.000000,5.995644,1.000163,5.995644,1.000163,0.000000,0.000000,1.000000
4020.000000,5.994422,1.000153,-0.122177,-0.000934,0.000000,0.000000,0.000000,0.000000,0.000000,0.201446,0.106931,0.000479,-0.106930,1.602178,0.000000,0.000000,0.000000,65535.000000,0.000000,0.000000,5.994422,1.000153,5.994422,1.000153,0.000000,0.000000,1.000000
4030.000000,5.993038,1.000108,-0.138431,-0.004542,0.000000,0.000000,0.000000,0.000000,0.000000,0.167600,0.122181,-0.001014,-0.122176,0.297950,0.000000,0.000000,0.000000,65535.000000,0.000000,0.000000,5.993038,1.000108,5.993038,1.000108,0.000000,0.000000,1.000000
4040.000000,5.991478,1.000044,-0.155982,-0.006336,0.000000,0.000000,0.000000,0.000000,0.000000,0.122367,0.138505,-0.004548,-0.138431,0.303024,0.000000,0.000000,0.000000,65535.000000,0.000000,0.000000,5.991478,1.000044,5.991478,1.000044,0.000000,0.000000,1.000000
4050.000000,5.989797,1.000021,-0.168147,-0.002364,0.000000,0.000000,0.000000,0.000000,0.000000,0.159922,0.156111,-0.006064,-0.155993,0.824252,0.000000,0.000000,0.000000,65535.000000,0.000000,0.000000,5.989797,1.000021,5.989797,1.000021,0.000000,0.000000,1.000000
4060.000000,5.987971,1.000008,-0.182511,-0.001259,0.000000,0.000000,0.000000,0.000000,0.000000,0.205966,0.168164,-0.001760,-0.168155,0.817507,0.000000,0.000000,0.000000,65535.000000,0.000000,0.000000,5.987971,1.000008,5.987971,1.000008,0.000000,0.000000,1.000000
4070.000000,5.986031,0.999978,-0.194078,-0.003046,0.000000,0.000000,0.000000,0.000000,0.000000,0.381403,0.182515,-0.000427,-0.182515,2.452171,0.000000,0.000000,0.000000,65535.000000,0.000000,0.000000,5.986031,0.999978,5.986031,0.999978,0.000000,0.000000,1.000000
4080.000000,5.983963,0.999952,-0.206704,-0.002554,0.000000,0.000000,0.000000,0.000000,0.000000,0.445747,0.194102,-0.002225,-0.194089,3.197550,0.000000,0.000000,0.000000,65535.000000,0.000000,0.000000,5.983963,0.999952,5.983963,0.999952,0.000000,0.000000,1.000000
4090.000000,5.981846,0.999957,-0.211703,0.000478,0.000000,0.000000,0.000000,0.000000,0.000000,0.445747,0.206720,-0.002020,-0.206710,3.098379,0.000000,0.000000,0.000000,65535.000000,0.000000,0.000000,5.981846,0.999957,5.981846,0.999957,0.000000,0.000000,1.000000
4100.000000,5.979602,1.000017,-0.224425,0.006031,0.000000,0.000000,0.000000,0.000000,0.000000,0.350762,0.211703,0.000722,-0.211702,3.005174,0.000000,0.000000,0.000000,65535.000000,0.000000,0.000000,5.979602,1.000017,5.979602,1.000017,0.000000,0.000000,1.000000
4110.000000,5.977231,1.000102,-0.237072,0.008504,0.000000,0.000000,0.000000,0.000000,0.000000,0.198233,0.224506,0.006332,-0.224417,1.572882,0.000000,0.000000,0.000000,65535.000000,0.000000,0.000000,5.977231,1.000102,5.977231,1.000102,0.000000,0.000000,1.000000
4120.000000,5.974693,1.000127,-0.253780,0.002477,0.000000,0.000000,0.000000,0.000000,0.000000,0.291338,0.237225,0.009122,-0.237049,2.360075,0.000000,0.000000,0.000000,65535.000000,0.000000,0.000000,5.974693,1.000127,5.974693,1.000127,0.000000,0.000000,1.000000
4130.000000,5.972191,1.000073,-0.250212,-0.005448,0.000000,0.000000,0.000000,0.000000,0.000000,0.384050,0.253792,0.003638,-0.253766,2.705545,0.000000,0.000000,0.000000,65535.000000,0.000000,0.000000,5.972191,1.000073,5.972191,1.000073,0.000000,0.000000,1.000000
4140.000000,5.969587,0.999981,-0.260417,-0.009189,0.000000,0.000000,0.000000,0.000000,0.000000,0.384050,0.250271,-0.003654,-0.250245,2.634204,0.000000,0.000000,0.000000,65535.000000,0.000000,0.000000,5.969587,0.999981,5.969587,0.999981,0.000000,0.000000,1.000000
4150.000000,5.966852,0.999856,-0.273573,-0.012498,0.000000,0.000000,0.000000,0.000000,0.000000,0.367787,0.260579,-0.006823,-0.260489,1.867725,0.000000,0.000000,0.000000,65535.000000,0.000000,0.000000,5.966852,0.999856,5.966852,0.999856,0.000000,0.000000,1.000000
4160.000000,5.963883,0.999703,-0.296840,-0.015283,0.000000,0.000000,0.000000,0.000000,0.000000,0.163018,0.273858,-0.010078,-0.273673,0.540812,0.000000,0.000000,0.000000,65535.000000,0.000000,0.000000,5.963883,0.999703,5.963883,0.999703,0.000000,0.000000,1.000000
4170.000000,5.960854,0.999657,-0.302927,-0.004630,0.000000,0.000000,0.000000,0.000000,0.000000,0.179615,0.297233,-0.013384,-0.296931,0.645167,0.000000,0.000000,0.000000,65535.000000,0.000000,0.000000,5.960854,0.999657,5.960854,0.999657,0.000000,0.000000,1.000000
4180.000000,5.957677,0.999702,-0.317665,0.004558,0.000000,0.000000,0.000000,0.000000,0.000000,0.396977,0.302963,-0.003638,-0.302941,2.028195,0.000000,0.000000,0.000000,65535.000000,0.000000,0.000000,5.957677,0.999702,5.957677,0.999702,0.000000,0.000000,1.000000
4190.000000,5.954369,0.999719,-0.330836,0.001680,0.000000,0.000000,0.000000,0.000000,0.000000,0.374228,0.317698,0.004963,-0.317659,2.127274,0.000000,0.000000,0.000000,65535.000000,0.000000,0.000000,5.954369,0.999719,5.954369,0.999719,0.000000,0.000000,1.000000
4200.000000,5.950946,0.999622,-0.342316,-0.009697,0.000000,0.000000,0.000000,0.000000,0.000000,0.365580,0.330841,0.002393,-0.330832,2.356364,0.000000,0.000000,0.000000,65535.000000,0.000000,0.000000,5.950946,0.999622,5.950946,0.999622,0.000000,0.000000,1.000000
4210.000000,5.947542,0.999481,-0.340360,-0.014136,0.000000,0.000000,0.000000,0.000000,0.000000,0.363550,0.342453,-0.007690,-0.342367,2.302064,0.000000,0.000000,0.000000,65535.000000,0.000000,0.000000,5.947542,0.999481,5.947542,0.999481,0.000000,0.000000,1.000000
4220.000000,5.944034,0.999318,-0.350870,-0.016305,0.000000,0.000000,0.000000,0.000000,0.000000,0.353735,0.340653,-0.010610,-0.340488,2.076706,0.000000,0.000000,0.000000,65535.000000,0.000000,0.000000,5.944034,0.999318,5.944034,0.999318,0.000000,0.000000,1.000000
4230.000000,5.940392,0.999108,-0.364199,-0.020924,0.000000,0.000000,0.000000,0.000000,0.000000,0.318206,0.351249,-0.011748,-0.351053,2.078264,0.000000,0.000000,0.000000,65535.000000,0.000000,0.000000,5.940392,0.999108,5.940392,0.999108,0.000000,0.000000,1.000000
4240.000000,5.936633,0.998822,-0.375845,-0.028586,0.000000,0.000000,0.000000,0.000000,0.000000,0.318206,0.364800,-0.016373,-0.364432,2.035911,0.000000,0.000000,0.000000,65535.000000,0.000000,0.000000,5.936633,0.998822,5.936633,0.998822,0.000000,0.000000,1.000000
4250.000000,5.932858,0.998535,-0.377577,-0.028748,0.000000,0.000000,0.000000,0.000000,0.000000,0.308471,0.376930,-0.025100,-0.376093,1.890875,0.000000,0.000000,0.000000,65535.000000,0.000000,0.000000,5.932858,0.998535,5.932858,0.998535,0.000000,0.000000,1.000000
4260.000000,5.928940,0.998327,-0.391748,-0.020839,0.000000,0.000000,0.000000,0.000000,0.000000,0.281874,0.378670,-0.026534,-0.377739,0.757825,0.000000,0.000000,0.000000,65535.000000,0.000000,0.000000,5.928940,0.998327,5.928940,0.998327,0.000000,0.000000,1.000000
4270.000000,5.924811,0.998220,-0.412849,-0.010671,0.000000,0.000000,0.000000,0.000000,0.000000,0.281874,0.392302,-0.018909,-0.391846,0.752119,0.000000,0.000000,0.000000,65535.000000,0.000000,0.000000,5.924811,0.998220,5.924811,0.998220,0.000000,0.000000,1.000000
4280.000000,5.920320,0.998058,-0.449137,-0.016160,0.000000,0.000000,0.000000,0.000000,0.000000,0.476368,0.412986,-0.007684,-0.412915,2.158879,0.000000,0.000000,0.000000,65535.000000,0.000000,0.000000,5.920320,0.998058,5.920320,0.998058,0.000000,0.000000,1.000000
4290.000000,5.915931,0.997769,-0.438885,-0.028952,0.000000,0.000000,0.000000,0.000000,0.000000,0.563183,0.449428,-0.011261,-0.449287,2.740622,0.000000,0.000000,0.000000,65535.000000,0.000000,0.000000,5.915931,0.997769,5.915931,0.997769,0.000000,0.000000,1.000000
4300.000000,5.911632,0.997445,-0.429900,-0.032346,0.000000,0.000000,0.000000,0.000000,0.000000,0.607133,0.439839,-0.023270,-0.439223,2.671158,0.000000,0.000000,0.000000,65535.000000,0.000000,0.000000,5.911632,0.997445,5.911632,0.997445,0.000000,0.000000,1.000000
4310.000000,5.907277,0.997180,-0.435526,-0.026527,0.000000,0.000000,0.000000,0.000000,0.000000,0.607133,0.431115,-0.026718,-0.430286,2.601595,0.000000,0.000000,0.000000,65535.000000,0.000000,0.000000,5.907277,0.997180,5.907277,0.997180,0.000000,0.000000,1.000000
4320.000000,5.902843,0.997108,-0.443311,-0.007222,0.000000,0.000000,0.000000,0.000000,0.000000,0.813548,0.436333,-0.020985,-0.435828,3.761839,0.000000,0.000000,0.000000,65535.000000,0.000000,0.000000,5.902843,0.997108,5.902843,0.997108,0.000000,0.000000,1.000000
4330.000000,5.898290,0.996860,-0.455318,-0.024751,0.000000,0.000000,0.000000,0.000000,0.000000,0.848533,0.443370,-0.001763,-0.443366,3.959905,0.000000,0.000000,0.000000,65535.000000,0.000000,0.000000,5.898290,0.996860,5.898290,0.996860,0.000000,0.000000,1.000000
4340.000000,5.893775,0.996427,-0.451574,-0.043313,0.000000,0.000000,0.000000,0.000000,0.000000,0.848533,0.455990,-0.019401,-0.455577,3.808924,0.000000,0.000000,0.000000,65535.000000,0.000000,0.000000,5.893775,0.996427,5.893775,0.996427,0.000000,0.000000,1.000000
4350.000000,5.889370,0.995999,-0.440403,-0.042785,0.000000,0.000000,0.000000,0.000000,0.000000,0.756421,0.453647,-0.038082,-0.452046,3.640361,0.000000,0.000000,0.000000,65535.000000,0.000000,0.000000,5.889370,0.995999,5.889370,0.995999,0.000000,0.000000,1.000000
4360.000000,5.884718,0.995594,-0.465262,-0.040529,0.000000,0.000000,0.000000,0.000000,0.000000,0.540936,0.442477,-0.037121,-0.440917,1.499166,0.000000,0.000000,0.000000,65535.000000,0.000000,0.000000,5.884718,0.995594,5.884718,0.995594,0.000000,0.000000,1.000000
4370.000000,5.879892,0.995183,-0.482571,-0.041115,0.000000,0.000000,0.000000,0.000000,0.000000,0.471432,0.467024,-0.033914,-0.465791,1.542427,0.000000,0.000000,0.000000,65535.000000,0.000000,0.000000,5.879892,0.995183,5.879892,0.995183,0.000000,0.000000,1.000000
4380.000000,5.874981,0.994724,-0.491076,-0.045877,0.000000,0.000000,0.000000,0.000000,0.000000,0.731580,0.484320,-0.033908,-0.483131,3.511636,0.000000,0.000000,0.000000,65535.000000,0.000000,0.000000,5.874981,0.994724,5.874981,0.994724,0.000000,0.000000,1.000000
4390.000000,5.870190,0.994311,-0.479175,-0.041354,0.000000,0.000000,0.000000,0.000000,0.000000,1.012859,0.493214,-0.038484,-0.491710,4.666462,0.000000,0.000000,0.000000,65535.000000,0.000000,0.000000,5.870190,0.994311,5.870190,0.994311,0.000000,0.000000,1.000000
4400.000000,5.865297,0.993986,-0.489221,-0.032457,0.000000,0.000000,0.000000,0.000000,0.000000,1.012859,0.480956,-0.034097,-0.479746,4.458213,0.000000,0.000000,0.000000,65535.000000,0.000000,0.000000,5.865297,0.993986,5.865297,0.993986,0.000000,0.000000,1.000000
4410.000000,5.860289,0.993702,-0.500873,-0.028433,0.000000,0.000000,0.000000,0.000000,0.000000,1.006546,0.490296,-0.025515,-0.489632,4.267757,0.000000,0.000000,0.000000,65535.000000,0.000000,0.000000,5.860289,0.993702,5.860289,0.993702,0.000000,0.000000,1.000000
4420.000000,5.855070,0.993501,-0.521881,-0.020044,0.000000,0.000000,0.000000,0.000000,0.000000,1.006546,0.501679,-0.021554,-0.501216,3.617098,0.000000,0.000000,0.000000,65535.000000,0.000000,0.000000,5.855070,0.993501,5.855070,0.993501,0.000000,0.000000,1.000000
4430.000000,5.849921,0.993385,-0.514840,-0.011597,0.000000,0.000000,0.000000,0.000000,0.000000,0.794492,0.522266,-0.012580,-0.522115,2.451602,0.000000,0.000000,0.000000,65535.000000,0.000000,0.000000,5.849921,0.993385,5.849921,0.993385,0.000000,0.000000,1.000000
4440.000000,5.844782,0.993275,-0.513899,-0.011037,0.000000,0.000000,0.000000,0.000000,0.000000,0.500631,0.514971,-0.003799,-0.514957,1.192387,0.000000,0.000000,0.000000,65535.000000,0.000000,0.000000,5.844782,0.993275,5.844782,0.993275,0.000000,0.000000,1.000000
4450.000000,5.839498,0.993124,-0.528414,-0.015098,0.000000,0.000000,0.000000,0.000000,0.000000,0.356931,0.514017,-0.002987,-0.514009,0.584962,0.000000,0.000000,0.000000,65535.000000,0.000000,0.000000,5.839498,0.993124,5.839498,0.993124,0.000000,0.000000,1.000000
4460.000000,5.834125,0.992921,-0.537278,-0.020255,0.000000,0.000000,0.000000,0.000000,0.000000,0.199478,0.528629,-0.006414,-0.528591,-0.075561,0.000000,0.000000,0.000000,65535.000000,0.000000,0.000000,5.834125,0.992921,5.834125,0.992921,0.000000,0.000000,1.000000
4470.000000,5.828910,0.992781,-0.521513,-0.014060,0.000000,0.000000,0.000000,0.000000,0.000000,0.199478,0.537659,-0.011135,-0.537544,-0.075504,0.000000,0.000000,0.000000,65535.000000,0.000000,0.000000,5.828910,0.992781,5.828910,0.992781,0.000000,0.000000,1.000000
4480.000000,5.823565,0.992655,-0.534544,-0.012535,0.000000,0.000000,0.000000,0.000000,0.000000,0.173430,0.521703,-0.005528,-0.521673,-0.186917,0.000000,0.000000,0.000000,65535.000000,0.000000,0.000000,5.823565,0.992655,5.823565,0.992655,0.000000,0.000000,1.000000
4490.000000,5.818188,0.992492,-0.537641,-0.016331,0.000000,0.000000,0.000000,0.000000,0.000000,0.078741,0.534691,-0.004049,-0.534675,-0.591446,0.000000,0.000000,0.000000,65535.000000,0.000000,0.000000,5.818188,0.992492,5.818188,0.992492,0.000000,0.000000,1.000000
4500.000000,5.812847,0.992347,-0.534094,-0.014558,0.000000,0.000000,0.000000,0.000000,0.000000,0.078741,0.537889,-0.007720,-0.537834,-0.587964,0.000000,0.000000,0.000000,65535.000000,0.000000,0.000000,5.812847,0.992347,5.812847,0.992347,0.000000,0.000000,1.000000
4510.000000,5.807479,0.992219,-0.536754,-0.012762,0.000000,0.000000,0.000000,0.000000,0.000000,0.162585,0.534293,-0.006048,-0.534258,-0.221042,0.000000,0.000000,0.000000,65535.000000,0.000000,0.000000,5.807479,0.992219,5.807479,0.992219,0.000000,0.000000,1.000000
4520.000000,5.801959,0.992031,-0.552056,-0.018815,0.000000,0.000000,0.000000,0.000000,0.000000,0.379411,0.536906,-0.004368,-0.536888,0.724726,0.000000,0.000000,0.000000,65535.000000,0.000000,0.000000,5.801959,0.992031,5.801959,0.992031,0.000000,0.000000,1.000000
4530.000000,5.796378,0.991862,-0.558091,-0.016900,0.000000,0.000000,0.000000,0.000000,0.000000,0.442726,0.552377,-0.009879,-0.552289,0.994634,0.000000,0.000000,0.000000,65535.000000,0.000000,0.000000,5.796378,0.991862,5.796378,0.991862,0.000000,0.000000,1.000000
4540.000000,5.790823,0.991700,-0.555586,-0.016190,0.000000,0.000000,0.000000,0.000000,0.000000,0.442726,0.558347,-0.007374,-0.558298,0.984829,0.000000,0.000000,0.000000,65535.000000,0.000000,0.000000,5.790823,0.991700,5.790823,0.991700,0.000000,0.000000,1.000000
4550.000000,5.785351,0.991534,-0.547144,-0.016607,0.000000,0.000000,0.000000,0.000000,0.000000,0.442726,0.555822,-0.006490,-0.555784,0.975215,0.000000,0.000000,0.000000,65535.000000,0.000000,0.000000,5.785351,0.991534,5.785351,0.991534,0.000000,0.000000,1.000000
4560.000000,5.779731,0.991435,-0.562071,-0.009868,0.000000,0.000000,0.000000,0.000000,0.000000,0.681353,0.547396,-0.007256,-0.547348,2.009193,0.000000,0.000000,0.000000,65535.000000,0.000000,0.000000,5.779731,0.991435,5.779731,0.991435,0.000000,0.000000,1.000000
4570.000000,5.774038,0.991450,-0.569283,0.001501,0.000000,0.000000,0.000000,0.000000,0.000000,0.622269,0.562158,-0.000530,-0.562157,2.493641,0.000000,0.000000,0.000000,65535.000000,0.000000,0.000000,5.774038,0.991450,5.774038,0.991450,0.000000,0.000000,1.000000
4580.000000,5.768344,0.991406,-0.569362,-0.004439,0.000000,0.000000,0.000000,0.000000,0.000000,0.679839,0.569285,0.010797,-0.569183,2.432912,0.000000,0.000000,0.000000,65535.000000,0.000000,0.000000,5.768344,0.991406,5.768344,0.991406,0.000000,0.000000,1.000000
4590.000000,5.762727,0.991282,-0.561764,-0.012347,0.000000,0.000000,0.000000,0.000000,0.000000,0.679839,0.569379,0.004666,-0.569360,2.375071,0.000000,0.000000,0.000000,65535.000000,0.000000,0.000000,5.762727,0.991282,5.762727,0.991282,0.000000,0.000000,1.000000
4600.000000,5.756893,0.991183,-0.583407,-0.009957,0.000000,0.000000,0.000000,0.000000,0.000000,0.693049,0.561899,-0.003677,-0.561887,1.849072,0.000000,0.000000,0.000000,65535.000000,0.000000,0.000000,5.756893,0.991183,5.756893,0.991183,0.000000,0.000000,1.000000
4610.000000,5.751126,0.991049,-0.576626,-0.013320,0.000000,0.000000,0.000000,0.000000,0.000000,0.426691,0.583492,-0.000949,-0.583492,0.443871,0.000000,0.000000,0.000000,65535.000000,0.000000,0.000000,5.751126,0.991049,5.751126,0.991049,0.000000,0.000000,1.000000
4620.000000,5.745383,0.990796,-0.574353,-0.025388,0.000000,0.000000,0.000000,0.000000,0.000000,0.319964,0.576780,-0.003854,-0.576767,0.291008,0.000000,0.000000,0.000000,65535.000000,0.000000,0.000000,5.745383,0.990796,5.745383,0.990796,0.000000,0.000000,1.000000
4630.000000,5.739543,0.990432,-0.583940,-0.036356,0.000000,0.000000,0.000000,0.000000,0.000000,0.364258,0.574914,-0.015451,-0.574707,0.475253,0.000000,0.000000,0.000000,65535.000000,0.000000,0.000000,5.739543,0.990432,5.739543,0.990432,0.000000,0.000000,1.000000
4640.000000,5.733548,0.990017,-0.599531,-0.041498,0.000000,0.000000,0.000000,0.000000,0.000000,0.462408,0.585070,-0.026497,-0.584470,0.833941,0.000000,0.000000,0.000000,65535.000000,0.000000,0.000000,5.733548,0.990017,5.733548,0.990017,0.000000,0.000000,1.000000
4650.000000,5.727699,0.989531,-0.584935,-0.048644,0.000000,0.000000,0.000000,0.000000,0.000000,0.646436,0.600965,-0.031971,-0.600115,1.637966,0.000000,0.000000,0.000000,65535.000000,0.000000,0.000000,5.727699,0.989531,5.727699,0.989531,0.000000,0.000000,1.000000
4660.000000,5.721869,0.989051,-0.582939,-0.048004,0.000000,0.000000,0.000000,0.000000,0.000000,0.920355,0.586954,-0.039912,-0.585595,2.278761,0.000000,0.000000,0.000000,65535.000000,0.000000,0.000000,5.721869,0.989051,5.721869,0.989051,0.000000,0.000000,1.000000
4670.000000,5.715831,0.988660,-0.603877,-0.039107,0.000000,0.000000,0.000000,0.000000,0.000000,1.024951,0.584912,-0.039553,-0.583573,3.289630,0.000000,0.000000,0.000000,65535.000000,0.000000,0.000000,5.715831,0.988660,5.715831,0.988660,0.000000,0.000000,1.000000
4680.000000,5.709759,0.988388,-0.607177,-0.027123,0.000000,0.000000,0.000000,0.000000,0.000000,0.978588,0.605142,-0.030174,-0.604389,3.192919,0.000000,0.000000,0.000000,65535.000000,0.000000,0.000000,5.709759,0.988388,5.709759,0.988388,0.000000,0.000000,1.000000
4690.000000,5.703900,0.988274,-0.585901,-0.011401,0.000000,0.000000,0.000000,0.000000,0.000000,1.080486,0.607783,-0.017872,-0.607520,3.094030,0.000000,0.000000,0.000000,65535.000000,0.000000,0.000000,5.703900,0.988274,5.703900,0.988274,0.000000,0.000000,1.000000
4700.000000,5.697854,0.988297,-0.604624,0.002215,0.000000,0.000000,0.000000,0.000000,0.000000,1.046950,0.586012,-0.002469,-0.586007,2.844975,0.000000,0.000000,0.000000,65535.000000,0.000000,0.000000,5.697854,0.988297,5.697854,0.988297,0.000000,0.000000,1.000000
4710.000000,5.691508,0.988290,-0.634575,-0.000658,0.000000,0.000000,0.000000,0.000000,0.000000,0.873276,0.604628,0.012223,-0.604504,2.155500,0.000000,0.000000,0.000000,65535.000000,0.000000,0.000000,5.691508,0.988290,5.691508,0.988290,0.000000,0.000000,1.000000
4720.000000,5.684898,0.988163,-0.661024,-0.012655,0.000000,0.000000,0.000000,0.000000,0.000000,0.897495,0.634576,0.011431,-0.634473,2.210264,0.000000,0.000000,0.000000,65535.000000,0.000000,0.000000,5.684898,0.988163,5.684898,0.988163,0.000000,0.000000,1.000000
4730.000000,5.678470,0.987967,-0.642801,-0.019647,0.000000,0.000000,0.000000,0.000000,0.000000,1.181814,0.661145,0.000476,-0.661145,4.125402,0.000000,0.000000,0.000000,65535.000000,0.000000,0.000000,5.678470,0.987967,5.678470,0.987967,0.000000,0.000000,1.000000
4740.000000,5.672167,0.987730,-0.630251,-0.023703,0.000000,0.000000,0.000000,0.000000,0.000000,1.283531,0.643102,-0.007559,-0.643057,4.721721,0.000000,0.000000,0.000000,65535.000000,0.000000,0.000000,5.672167,0.987730,5.672167,0.987730,0.000000,0.000000,1.000000
4750.000000,5.665936,0.987400,-0.623136,-0.033032,0.000000,0.000000,0.000000,0.000000,0.000000,1.283531,0.630697,-0.012492,-0.630573,4.508623,0.000000,0.000000,0.000000,65535.000000,0.000000,0.000000,5.665936,0.987400,5.665936,0.987400,0.000000,0.000000,1.000000
4760.000000,5.659369,0.986999,-0.656674,-0.040027,0.000000,0.000000,0.000000,0.000000,0.000000,1.128163,0.624010,-0.022717,-0.623597,4.247674,0.000000,0.000000,0.000000,65535.000000,0.000000,0.000000,5.659369,0.986999,5.659369,0.986999,0.000000,0.000000,1.000000
4770.000000,5.652851,0.986624,-0.651837,-0.037489,0.000000,0.000000,0.000000,0.000000,0.000000,0.723253,0.657893,-0.029650,-0.657224,1.499344,0.000000,0.000000,0.000000,65535.000000,0.000000,0.000000,5.652851,0.986624,5.652851,0.986624,0.000000,0.000000,1.000000
4780.000000,5.646361,0.986328,-0.648968,-0.029672,0.000000,0.000000,0.000000,0.000000,0.000000,0.751223,0.652914,-0.026710,-0.652368,1.244184,0.000000,0.000000,0.000000,65535.000000,0.000000,0.000000,5.646361,0.986328,5.646361,0.986328,0.000000,0.000000,1.000000
4790.000000,5.639916,0.986145,-0.644561,-0.018302,0.000000,0.000000,0.000000,0.000000,0.000000,1.000123,0.649646,-0.018363,-0.649386,1.930291,0.000000,0.000000,0.000000,65535.000000,0.000000,0.000000,5.639916,0.986145,5.639916,0.986145,0.000000,0.000000,1.000000
4800.000000,5.633236,0.985994,-0.668003,-0.015106,0.000000,0.000000,0.000000,0.000000,0.000000,1.069058,0.644820,-0.005387,-0.644798,2.713051,0.000000,0.000000,0.000000,65535.000000,0.000000,0.000000,5.633236,0.985994,5.633236,0.985994,0.000000,0.000000,1.000000
4810.000000,5.626642,0.985756,-0.659417,-0.023745,0.000000,0.000000,0.000000,0.000000,0.000000,1.017082,0.668174,-0.000036,-0.668174,2.823211,0.000000,0.000000,0.000000,65535.000000,0.000000,0.000000,5.626642,0.985756,5.626642,0.985756,0.000000,0.000000,1.000000
4820.000000,5.620154,0.985505,-0.648739,-0.025140,0.000000,0.000000,0.000000,0.000000,0.000000,1.017082,0.659844,-0.009182,-0.659780,2.745619,0.000000,0.000000,0.000000,65535.000000,0.000000,0.000000,5.620154,0.985505,5.620154,0.985505,0.000000,0.000000,1.000000
4830.000000,5.613773,0.985275,-0.638115,-0.022960,0.000000,0.000000,0.000000,0.000000,0.000000,0.770276,0.649226,-0.012180,-0.649112,2.053312,0.000000,0.000000,0.000000,65535.000000,0.000000,0.000000,5.613773,0.985275,5.613773,0.985275,0.000000,0.000000,1.000000
4840.000000,5.607266,0.984919,-0.650681,-0.035649,0.000000,0.000000,0.000000,0.000000,0.000000,0.793740,0.638528,-0.011404,-0.638426,2.011960,0.000000,0.000000,0.000000,65535.000000,0.000000,0.000000,5.607266,0.984919,5.607266,0.984919,0.000000,0.000000,1.000000
4850.000000,5.600742,0.984632,-0.652424,-0.028697,0.000000,0.000000,0.000000,0.000000,0.000000,0.830348,0.651657,-0.025321,-0.651165,0.969325,0.000000,0.000000,0.000000,65535.000000,0.000000,0.000000,5.600742,0.984632,5.600742,0.984632,0.000000,0.000000,1.000000
4860.000000,5.594146,0.984371,-0.659647,-0.026076,0.000000,0.000000,0.000000,0.000000,0.000000,0.580852,0.653055,-0.018818,-0.652783,0.484692,0.000000,0.000000,0.000000,65535.000000,0.000000,0.000000,5.594146,0.984371,5.594146,0.984371,0.000000,0.000000,1.000000
4870.000000,5.587383,0.983994,-0.676229,-0.037643,0.000000,0.000000,0.000000,0.000000,0.000000,0.401454,0.660162,-0.015480,-0.659980,-0.047074,0.000000,0.000000,0.000000,65535.000000,0.000000,0.000000,5.587383,0.983994,5.587383,0.983994,0.000000,0.000000,1.000000
4880.000000,5.580542,0.983501,-0.684156,-0.049383,0.000000,0.000000,0.000000,0.000000,0.000000,0.543276,0.677276,-0.025206,-0.676807,0.376244,0.000000,0.000000,0.000000,65535.000000,0.000000,0.000000,5.580542,0.983501,5.580542,0.983501,0.000000,0.000000,1.000000
4890.000000,5.573856,0.983049,-0.668595,-0.045204,0.000000,0.000000,0.000000,0.000000,0.000000,0.543276,0.685936,-0.034450,-0.685070,0.374832,0.000000,0.000000,0.000000,65535.000000,0.000000,0.000000,5.573856,0.983049,5.573856,0.983049,0.000000,0.000000,1.000000
4900.000000,5.567224,0.982614,-0.663243,-0.043489,0.000000,0.000000,0.000000,0.000000,0.000000,0.557161,0.670122,-0.029657,-0.669465,0.373431,0.000000,0.000000,0.000000,65535.000000,0.000000,0.000000,5.567224,0.982614,5.567224,0.982614,0.000000,0.000000,1.000000
4910.000000,5.560594,0.982307,-0.662987,-0.030658,0.000000,0.000000,0.000000,0.000000,0.000000,1.162919,0.664667,-0.029331,-0.664019,2.230472,0.000000,0.000000,0.000000,65535.000000,0.000000,0.000000,5.560594,0.982307,5.560594,0.982307,0.000000,0.000000,1.000000
4920.000000,5.553875,0.982112,-0.671808,-0.019518,0.000000,0.000000,0.000000,0.000000,0.000000,1.191423,0.663695,-0.018664,-0.663433,2.510877,0.000000,0.000000,0.000000,65535.000000,0.000000,0.000000,5.553875,0.982112,5.553875,0.982112,0.000000,0.000000,1.000000
4930.000000,5.547160,0.981881,-0.671534,-0.023089,0.000000,0.000000,0.000000,0.000000,0.000000,1.192941,0.672092,-0.008843,-0.672034,2.449316,0.000000,0.000000,0.000000,65535.000000,0.000000,0.000000,5.547160,0.981881,5.547160,0.981881,0.000000,0.000000,1.000000
4940.000000,5.540391,0.981671,-0.676931,-0.020987,0.000000,0.000000,0.000000,0.000000,0.000000,0.773139,0.671931,-0.013280,-0.671800,2.388800,0.000000,0.000000,0.000000,65535.000000,0.000000,0.000000,5.540391,0.981671,5.540391,0.981671,0.000000,0.000000,1.000000
4950.000000,5.533609,0.981480,-0.678170,-0.019111,0.000000,0.000000,0.000000,0.000000,0.000000,0.773139,0.677257,-0.010771,-0.677171,2.333013,0.000000,0.000000,0.000000,65535.000000,0.000000,0.000000,5.533609,0.981480,5.533609,0.981480,0.000000,0.000000,1.000000
4960.000000,5.526685,0.981173,-0.692467,-0.030698,0.000000,0.000000,0.000000,0.000000,0.000000,0.656580,0.678440,-0.007268,-0.678401,1.356259,0.000000,0.000000,0.000000,65535.000000,0.000000,0.000000,5.526685,0.981173,5.526685,0.981173,0.000000,0.000000,1.000000
4970.000000,5.519948,0.980788,-0.673629,-0.038520,0.000000,0.000000,0.000000,0.000000,0.000000,0.628540,0.693147,-0.016893,-0.692942,1.069637,0.000000,0.000000,0.000000,65535.000000,0.000000,0.000000,5.519948,0.980788,5.519948,0.980788,0.000000,0.000000,1.000000
4980.000000,5.513120,0.980413,-0.682901,-0.037456,0.000000,0.000000,0.000000,0.000000,0.000000,0.850935,0.674729,-0.024111,-0.674298,1.070798,0.000000,0.000000,0.000000,65535.000000,0.000000,0.000000,5.513120,0.980413,5.513120,0.980413,0.000000,0.000000,1.000000
4990.000000,5.506170,0.980108,-0.694971,-0.030508,0.000000,0.000000,0.000000,0.000000,0.000000,0.924704,0.683927,-0.023309,-0.683530,1.265375,0.000000,0.000000,0.000000,65535.000000,0.000000,0.000000,5.506170,0.980108,5.506170,0.980108,0.000000,0.000000,1.000000
5000.000000,5.498930,0.979972,-0.723936,-0.013614,0.000000,0.000000,0.000000,0.000000,0.000000,0.967378,0.695641,-0.018237,-0.695402,1.695931,0.000000,0.000000,0.000000,65535.000000,0.000000,0.000000,5.498930,0.979972,5.498930,0.979972,0.000000,0.000000,1.000000
5010.000000,5.491788,0.980018,-0.714219,0.004614,0.000000,0.000000,0.000000,0.000000,0.000000,1.044863,0.724064,-0.002693,-0.724059,1.987490,0.000000,0.000000,0.000000,65535.000000,0.000000,0.000000,5.491788,0.980018,5.491788,0.980018,0.000000,0.000000,1.000000
5020.000000,5.484569,0.980123,-0.721987,0.010436,0.000000,0.000000,0.000000,0.000000,0.000000,1.050033,0.714234,0.014703,-0.714083,1.948721,0.000000,0.000000,0.000000,65535.000000,0.000000,0.000000,5.484569,0.980123,5.484569,0.980123,0.000000,0.000000,1.000000
5030.000000,5.477391,0.980220,-0.717768,0.009710,0.000000,0.000000,0.000000,0.000000,0.000000,0.697034,0.722062,0.021458,-0.721743,1.560177,0.000000,0.000000,0.000000,65535.000000,0.000000,0.000000,5.477391,0.980220,5.477391,0.980220,0.000000,0.000000,1.000000
5040.000000,5.470040,0.980280,-0.735098,0.005987,0.000000,0.000000,0.000000,0.000000,0.000000,0.683700,0.717834,0.022334,-0.717486,0.613313,0.000000,0.000000,0.000000,65535.000000,0.000000,0.000000,5.470040,0.980280,5.470040,0.980280,0.000000,0.000000,1.000000
5050.000000,5.462839,0.980270,-0.720126,-0.000954,0.000000,0.000000,0.000000,0.000000,0.000000,0.786021,0.735123,0.019602,-0.734861,0.609571,0.000000,0.000000,0.000000,65535.000000,0.000000,0.000000,5.462839,0.980270,5.462839,0.980270,0.000000,0.000000,1.000000
5060.000000,5.455537,0.980184,-0.730176,-0.008550,0.000000,0.000000,0.000000,0.000000,0.000000,0.561135,0.720127,0.012035,-0.720026,0.144764,0.000000,0.000000,0.000000,65535.000000,0.000000,0.000000,5.455537,0.980184,5.455537,0.980184,0.000000,0.000000,1.000000
5070.000000,5.448185,0.980183,-0.735164,-0.000186,0.000000,0.000000,0.000000,0.000000,0.000000,0.185887,0.730226,0.003464,-0.730218,-0.892853,0.000000,0.000000,0.000000,65535.000000,0.000000,0.000000,5.448185,0.980183,5.448185,0.980183,0.000000,0.000000,1.000000
5080.000000,5.440698,0.980354,-0.748702,0.017105,0.000000,0.000000,0.000000,0.000000,0.000000,0.167475,0.735164,0.009978,-0.735096,-0.933516,0.000000,0.000000,0.000000,65535.000000,0.000000,0.000000,5.440698,0.980354,5.440698,0.980354,0.000000,0.000000,1.000000
5090.000000,5.433137,0.980476,-0.756136,0.012195,0.000000,0.000000,0.000000,0.000000,0.000000,0.596489,0.748897,0.026408,-0.748431,0.130597,0.000000,0.000000,0.000000,65535.000000,0.000000,0.000000,5.433137,0.980476,5.433137,0.980476,0.000000,0.000000,1.000000
5100.000000,5.425468,0.980511,-0.766854,0.003505,0.000000,0.000000,0.000000,0.000000,0.000000,0.620916,0.756234,0.021448,-0.755930,1.054386,0.000000,0.000000,0.000000,65535.000000,0.000000,0.000000,5.425468,0.980511,5.425468,0.980511,0.000000,0.000000,1.000000
5110.000000,5.417749,0.980402,-0.771919,-0.010892,0.000000,0.000000,0.000000,0.000000,0.000000,0.740409,0.766862,0.013823,-0.766737,1.525387,0.000000,0.000000,0.000000,65535.000000,0.000000,0.000000,5.417749,0.980402,5.417749,0.980402,0.000000,0.000000,1.000000
5120.000000,5.409919,0.980078,-0.783035,-0.032399,0.000000,0.000000,0.000000,0.000000,0.000000,0.740409,0.771996,0.001291,-0.771995,1.502446,0.000000,0.000000,0.000000,65535.000000,0.000000,0.000000,5.409919,0.980078,5.409919,0.980078,0.000000,0.000000,1.000000
5130.000000,5.402340,0.979524,-0.757914,-0.055353,0.000000,0.000000,0.000000,0.000000,0.000000,0.740409,0.783705,-0.018180,-0.783494,1.480184,0.000000,0.000000,0.000000,65535.000000,0.000000,0.000000,5.402340,0.979524,5.402340,0.979524,0.000000,0.000000,1.000000
5140.000000,5.394786,0.978723,-0.755405,-0.080095,0.000000,0.000000,0.000000,0.000000,0.000000,0.603936,0.759933,-0.040603,-0.758847,1.285449,0.000000,0.000000,0.000000,65535.000000,0.000000,0.000000,5.394786,0.978723,5.394786,0.978723,0.000000,0.000000,1.000000
5150.000000,5.387278,0.977872,-0.750770,-0.085102,0.000000,0.000000,0.000000,0.000000,0.000000,0.603936,0.759639,-0.065493,-0.756811,1.269119,0.000000,0.000000,0.000000,65535.000000,0.000000,0.000000,5.387278,0.977872,5.387278,0.977872,0.000000,0.000000,1.000000
5160.000000,5.379633,0.976942,-0.764480,-0.092995,0.000000,0.000000,0.000000,0.000000,0.000000,0.615597,0.755578,-0.072270,-0.752114,1.337538,0.000000,0.000000,0.000000,65535.000000,0.000000,0.000000,5.379633,0.976942,5.379633,0.976942,0.000000,0.000000,1.000000
5170.000000,5.372102,0.976127,-0.753107,-0.081578,0.000000,0.000000,0.000000,0.000000,0.000000,0.742108,0.770115,-0.081666,-0.765773,1.576195,0.000000,0.000000,0.000000,65535.000000,0.000000,0.000000,5.372102,0.976127,5.372102,0.976127,0.000000,0.000000,1.000000
5180.000000,5.364504,0.975321,-0.759769,-0.080566,0.000000,0.000000,0.000000,0.000000,0.000000,0.742108,0.757512,-0.071078,-0.754170,1.590125,0.000000,0.000000,0.000000,65535.000000,0.000000,0.000000,5.364504,0.975321,5.364504,0.975321,0.000000,0.000000,1.000000
5190.000000,5.356736,0.974477,-0.776797,-0.084428,0.000000,0.000000,0.000000,0.000000,0.000000,0.742108,0.764028,-0.069812,-0.760832,1.565211,0.000000,0.000000,0.000000,65535.000000,0.000000,0.000000,5.356736,0.974477,5.356736,0.974477,0.000000,0.000000,1.000000
5200.000000,5.348759,0.973713,-0.797725,-0.076334,0.000000,0.000000,0.000000,0.000000,0.000000,0.742871,0.781371,-0.072305,-0.778019,1.603456,0.000000,0.000000,0.000000,65535.000000,0.000000,0.000000,5.348759,0.973713,5.348759,0.973713,0.000000,0.000000,1.000000
5210.000000,5.340896,0.972957,-0.786372,-0.075656,0.000000,0.000000,0.000000,0.000000,0.000000,0.742871,0.801368,-0.062714,-0.798911,1.578127,0.000000,0.000000,0.000000,65535.000000,0.000000,0.000000,5.340896,0.972957,5.340896,0.972957,0.000000,0.000000,1.000000
5220.000000,5.332983,0.972256,-0.791279,-0.070039,0.000000,0.000000,0.000000,0.000000,0.000000,0.832503,0.790003,-0.061405,-0.787613,1.411489,0.000000,0.000000,0.000000,65535.000000,0.000000,0.000000,5.332983,0.972256,5.332983,0.972256,0.000000,0.000000,1.000000
5230.000000,5.324980,0.971460,-0.800337,-0.079578,0.000000,0.000000,0.000000,0.000000,0.000000,0.583969,0.794372,-0.056021,-0.792395,0.034555,0.000000,0.000000,0.000000,65535.000000,0.000000,0.000000,5.324980,0.971460,5.324980,0.971460,0.000000,0.000000,1.000000
5240.000000,5.316845,0.970530,-0.813480,-0.093009,0.000000,0.000000,0.000000,0.000000,0.000000,0.245523,0.804284,-0.066455,-0.801534,-0.864983,0.000000,0.000000,0.000000,65535.000000,0.000000,0.000000,5.316845,0.970530,5.316845,0.970530,0.000000,0.000000,1.000000
5250.000000,5.308717,0.969541,-0.812813,-0.098951,0.000000,0.000000,0.000000,0.000000,0.000000,0.619551,0.818780,-0.081366,-0.814727,0.140561,0.000000,0.000000,0.000000,65535.000000,0.000000,0.000000,5.308717,0.969541,5.308717,0.969541,0.000000,0.000000,1.000000
5260.000000,5.300405,0.968372,-0.831204,-0.116881,0.000000,0.000000,0.000000,0.000000,0.000000,1.277844,0.818814,-0.089867,-0.813868,1.962767,0.000000,0.000000,0.000000,65535.000000,0.000000,0.000000,5.300405,0.968372,5.300405,0.968372,0.000000,0.000000,1.000000
5270.000000,5.291715,0.967145,-0.868978,-0.122678,0.000000,0.000000,0.000000,0.000000,0.000000,1.442624,0.839381,-0.111443,-0.831950,2.386354,0.000000,0.000000,0.000000,65535.000000,0.000000,0.000000,5.291715,0.967145,5.291715,0.967145,0.000000,0.000000,1.000000
5280.000000,5.282571,0.965837,-0.914335,-0.130804,0.000000,0.000000,0.000000,0.000000,0.000000,2.028316,0.877595,-0.120765,-0.869246,4.307021,0.000000,0.000000,0.000000,65535.000000,0.000000,0.000000,5.282571,0.965837,5.282571,0.965837,0.000000,0.000000,1.000000
5290.000000,5.273162,0.964274,-0.940940,-0.156336,0.000000,0.000000,0.000000,0.000000,0.000000,2.156237,0.923644,-0.131723,-0.914203,4.129005,0.000000,0.000000,0.000000,65535.000000,0.000000,0.000000,5.273162,0.964274,5.273162,0.964274,0.000000,0.000000,1.000000
5300.000000,5.264422,0.963333,-0.873991,-0.094127,0.000000,0.000000,0.000000,0.000000,0.000000,2.156237,0.953839,-0.159386,-0.940428,3.965121,0.000000,0.000000,0.000000,65535.000000,0.000000,0.000000,5.264422,0.963333,5.264422,0.963333,0.000000,0.000000,1.000000
5310.000000,5.255996,0.962495,-0.842551,-0.083739,0.000000,0.000000,0.000000,0.000000,0.000000,1.942942,0.974010,-0.176372,-0.957908,3.131898,0.000000,0.000000,0.000000,65535.000000,0.000000,0.000000,5.255996,0.962495,5.255996,0.962495,0.000000,0.000000,1.000000
5320.000000,5.247998,0.961846,-0.799788,-0.064952,0.000000,0.000000,0.000000,0.000000,0.000000,1.153397,0.973718,-0.190726,-0.954856,1.180577,0.000000,0.000000,0.000000,65535.000000,0.000000,0.000000,5.247998,0.961846,5.247998,0.961846,0.000000,0.000000,1.000000
5330.000000,5.240334,0.961140,-0.766487,-0.070594,0.000000,0.000000,0.000000,0.000000,0.000000,1.205064,0.944043,-0.183184,-0.926099,1.166788,0.000000,0.000000,0.000000,65535.000000,0.000000,0.000000,5.240334,0.961140,5.240334,0.961140,0.000000,0.000000,1.000000
5340.000000,5.232094,0.959670,-0.823962,-0.147013,0.000000,0.000000,0.000000,0.000000,0.000000,1.205064,0.898817,-0.175282,-0.881561,1.153318,0.000000,0.000000,0.000000,65535.000000,0.000000,0.000000,5.232094,0.959670,5.232094,0.959670,0.000000,0.000000,1.000000
5350.000000,5.223122,0.957369,-0.897214,-0.230105,0.000000,0.000000,0.000000,0.000000,0.000000,0.871976,0.910205,-0.199870,-0.887989,0.896192,0.000000,0.000000,0.000000,65535.000000,0.000000,0.000000,5.223122,0.957369,5.223122,0.957369,0.000000,0.000000,1.000000
5360.000000,5.214056,0.955077,-0.906579,-0.229144,0.000000,0.000000,0.000000,0.000000,0.000000,0.816399,0.936985,-0.229361,-0.908479,0.349959,0.000000,0.000000,0.000000,65535.000000,0.000000,0.000000,5.214056,0.955077,5.214056,0.955077,0.000000,0.000000,1.000000
5370.000000,5.205324,0.953212,-0.873170,-0.186467,0.000000,0.000000,0.000000,0.000000,0.000000,0.650213,0.994947,-0.265133,-0.958970,-0.039383,0.000000,0.000000,0.000000,65535.000000,0.000000,0.000000,5.205324,0.953212,5.205324,0.953212,0.000000,0.000000,1.000000
5380.000000,5.197095,0.951953,-0.822879,-0.125929,0.000000,0.000000,0.000000,0.000000,0.000000,0.953178,1.030035,-0.284480,-0.989972,0.446729,0.000000,0.000000,0.000000,65535.000000,0.000000,0.000000,5.197095,0.951953,5.197095,0.951953,0.000000,0.000000,1.000000
5390.000000,5.189148,0.951202,-0.794728,-0.075151,0.000000,0.000000,0.000000,0.000000,0.000000,0.994160,0.988267,-0.242711,-0.958000,0.769360,0.000000,0.000000,0.000000,65535.000000,0.000000,0.000000,5.189148,0.951202,5.189148,0.951202,0.000000,0.000000,1.000000
5400.000000,5.181192,0.950880,-0.795589,-0.032194,0.000000,0.000000,0.000000,0.000000,0.000000,0.994160,0.968389,-0.207252,-0.945951,0.763480,0.000000,0.000000,0.000000,65535.000000,0.000000,0.000000,5.181192,0.950880,5.181192,0.950880,0.000000,0.000000,1.000000
5410.000000,5.173368,0.950836,-0.782344,-0.004352,0.000000,0.000000,0.000000,0.000000,0.000000,0.984224,0.980085,-0.180246,-0.963368,0.447890,0.000000,0.000000,0.000000,65535.000000,0.000000,0.000000,5.173368,0.950836,5.173368,0.950836,0.000000,0.000000,1.000000
5420.000000,5.165586,0.950885,-0.778266,0.004869,0.000000,0.000000,0.000000,0.000000,0.000000,0.757973,0.989320,-0.180674,-0.972683,0.190592,0.000000,0.000000,0.000000,65535.000000,0.000000,0.000000,5.165586,0.950885,5.165586,0.950885,0.000000,0.000000,1.000000
5430.000000,5.157968,0.950876,-0.761814,-0.000862,0.000000,0.000000,0.000000,0.000000,0.000000,0.452638,0.986302,-0.181592,-0.969441,-0.548200,0.000000,0.000000,0.000000,65535.000000,0.000000,0.000000,5.157968,0.950876,5.157968,0.950876,0.000000,0.000000,1.000000
5440.000000,5.150255,0.950627,-0.771346,-0.024908,0.000000,0.000000,0.000000,0.000000,0.000000,0.348487,0.949413,-0.164491,-0.935055,-0.796340,0.000000,0.000000,0.000000,65535.000000,0.000000,0.000000,5.150255,0.950627,5.150255,0.950627,0.000000,0.000000,1.000000
5450.000000,5.141998,0.949857,-0.825635,-0.077004,0.000000,0.000000,0.000000,0.000000,0.000000,0.339773,0.957625,-0.174926,-0.941513,-0.811267,0.000000,0.000000,0.000000,65535.000000,0.000000,0.000000,5.141998,0.949857,5.141998,0.949857,0.000000,0.000000,1.000000
5460.000000,5.133025,0.948548,-0.897334,-0.130968,0.000000,0.000000,0.000000,0.000000,0.000000,0.263497,0.992501,-0.202269,-0.971671,-0.988976,0.000000,0.000000,0.000000,65535.000000,0.000000,0.000000,5.133025,0.948548,5.133025,0.948548,0.000000,0.000000,1.000000
5470.000000,5.123254,0.946786,-0.977106,-0.176144,0.000000,0.000000,0.000000,0.000000,0.000000,0.263497,1.071511,-0.253078,-1.041195,-0.979282,0.000000,0.000000,0.000000,65535.000000,0.000000,0.000000,5.123254,0.946786,5.123254,0.946786,0.000000,0.000000,1.000000
5480.000000,5.112883,0.944549,-1.037128,-0.223702,0.000000,0.000000,0.000000,0.000000,0.000000,0.263497,1.098673,-0.248946,-1.070098,-0.969776,0.000000,0.000000,0.000000,65535.000000,0.000000,0.000000,5.112883,0.944549,5.112883,0.944549,0.000000,0.000000,1.000000
5490.000000,5.102525,0.942167,-1.035854,-0.238207,0.000000,0.000000,0.000000,0.000000,0.000000,0.186389,1.103013,-0.245100,-1.075436,-1.147448,0.000000,0.000000,0.000000,65535.000000,0.000000,0.000000,5.102525,0.942167,5.102525,0.942167,0.000000,0.000000,1.000000
5500.000000,5.092156,0.939901,-1.036853,-0.226595,0.000000,0.000000,0.000000,0.000000,0.000000,0.072981,1.066795,-0.230963,-1.041493,-1.406979,0.000000,0.000000,0.000000,65535.000000,0.000000,0.000000,5.092156,0.939901,5.092156,0.939901,0.000000,0.000000,1.000000
5510.000000,5.081629,0.937675,-1.052770,-0.222597,0.000000,0.000000,0.000000,0.000000,0.000000,0.200980,1.047558,-0.207235,-1.026855,-1.080729,0.000000,0.000000,0.000000,65535.000000,0.000000,0.000000,5.081629,0.937675,5.081629,0.937675,0.000000,0.000000,1.000000
5520.000000,5.070887,0.935587,-1.074218,-0.208787,0.000000,0.000000,0.000000,0.000000,0.000000,0.212413,1.039609,-0.186778,-1.022693,-1.041891,0.000000,0.000000,0.000000,65535.000000,0.000000,0.000000,5.070887,0.935587,5.070887,0.935587,0.000000,0.000000,1.000000
5530.000000,5.060896,0.934438,-0.999042,-0.114896,0.000000,0.000000,0.000000,0.000000,0.000000,0.354661,1.009896,-0.134963,-1.000837,-0.687726,0.000000,0.000000,0.000000,65535.000000,0.000000,0.000000,5.060896,0.934438,5.060896,0.934438,0.000000,0.000000,1.000000
5540.000000,5.051982,0.934222,-0.891419,-0.021675,0.000000,0.000000,0.000000,0.000000,0.000000,0.745643,0.949680,-0.065203,-0.947439,0.267614,0.000000,0.000000,0.000000,65535.000000,0.000000,0.000000,5.051982,0.934222,5.051982,0.934222,0.000000,0.000000,1.000000
5550.000000,5.043598,0.934939,-0.838493,0.071795,0.000000,0.000000,0.000000,0.000000,0.000000,1.216602,0.908594,0.016230,-0.908449,1.038946,0.000000,0.000000,0.000000,65535.000000,0.000000,0.000000,5.043598,0.934939,5.043598,0.934939,0.000000,0.000000,1.000000
5560.000000,5.034822,0.936568,-0.877538,0.162822,0.000000,0.000000,0.000000,0.000000,0.000000,1.480742,0.880584,0.100250,-0.874859,2.030694,0.000000,0.000000,0.000000,65535.000000,0.000000,0.000000,5.034822,0.936568,5.034822,0.936568,0.000000,0.000000,1.000000
5570.000000,5.026829,0.937688,-0.799371,0.112014,0.000000,0.000000,0.000000,0.000000,0.000000,1.489717,0.892515,0.154455,-0.879049,2.011250,0.000000,0.000000,0.000000,65535.000000,0.000000,0.000000,5.026829,0.937688,5.026829,0.937688,0.000000,0.000000,1.000000
5580.000000,5.018797,0.938752,-0.803182,0.106374,0.000000,0.000000,0.000000,0.000000,0.000000,1.489717,0.894955,0.175961,-0.877486,1.971558,0.000000,0.000000,0.000000,65535.000000,0.000000,0.000000,5.018797,0.938752,5.018797,0.938752,0.000000,0.000000,1.000000
5590.000000,5.010550,0.939869,-0.824629,0.111714,0.000000,0.000000,0.000000,0.000000,0.000000,1.448853,0.924754,0.191128,-0.904787,1.837373,0.000000,0.000000,0.000000,65535.000000,0.000000,0.000000,5.010550,0.939869,5.010550,0.939869,0.000000,0.000000,1.000000
5600.000000,5.001982,0.941121,-0.856840,0.125190,0.000000,0.000000,0.000000,0.000000,0.000000,1.147743,0.964445,0.208946,-0.941539,1.105104,0.000000,0.000000,0.000000,65535.000000,0.000000,0.000000,5.001982,0.941121,5.001982,0.941121,0.000000,0.000000,1.000000
5610.000000,4.993339,0.942399,-0.864315,0.127847,0.000000,0.000000,0.000000,0.000000,0.000000,0.680532,1.012187,0.231008,-0.985473,0.000396,0.000000,0.000000,0.000000,65535.000000,0.000000,0.000000,4.993339,0.942399,4.993339,0.942399,0.000000,0.000000,1.000000
5620.000000,4.984610,0.943748,-0.872934,0.134847,0.000000,0.000000,0.000000,0.000000,0.000000,0.327210,1.021705,0.234086,-0.994527,-0.832787,0.000000,0.000000,0.000000,65535.000000,0.000000,0.000000,4.984610,0.943748,4.984610,0.943748,0.000000,0.000000,1.000000
5630.000000,4.975828,0.945179,-0.878140,0.143122,0.000000,0.000000,0.000000,0.000000,0.000000,0.421912,1.036902,0.244482,-1.007668,-0.602253,0.000000,0.000000,0.000000,65535.000000,0.000000,0.000000,4.975828,0.945179,4.975828,0.945179,0.000000,0.000000,1.000000
5640.000000,4.967474,0.946180,-0.835376,0.100152,0.000000,0.000000,0.000000,0.000000,0.000000,0.632798,1.057153,0.262641,-1.024008,-0.097258,0.000000,0.000000,0.000000,65535.000000,0.000000,0.000000,4.967474,0.946180,4.967474,0.946180,0.000000,0.000000,1.000000
5650.000000,4.959980,0.946411,-0.749411,0.023074,0.000000,0.000000,0.000000,0.000000,0.000000,0.899370,1.055709,0.260705,-1.023012,0.542997,0.000000,0.000000,0.000000,65535.000000,0.000000,0.000000,4.959980,0.946411,4.959980,0.946411,0.000000,0.000000,1.000000
5660.000000,4.952633,0.946275,-0.734693,-0.013572,0.000000,0.000000,0.000000,0.000000,0.000000,1.046358,1.003646,0.224188,-0.978287,0.892307,0.000000,0.000000,0.000000,65535.000000,0.000000,0.000000,4.952633,0.946275,4.952633,0.946275,0.000000,0.000000,1.000000
5670.000000,4.945166,0.946025,-0.746753,-0.025045,0.000000,0.000000,0.000000,0.000000,0.000000,1.105209,0.963903,0.198496,-0.943243,1.025434,0.000000,0.000000,0.000000,65535.000000,0.000000,0.000000,4.945166,0.946025,4.945166,0.946025,0.000000,0.000000,1.000000
5680.000000,4.937562,0.945957,-0.760346,-0.006835,0.000000,0.000000,0.000000,0.000000,0.000000,1.082110,0.973596,0.197114,-0.953433,1.115229,0.000000,0.000000,0.000000,65535.000000,0.000000,0.000000,4.937562,0.945957,4.937562,0.945957,0.000000,0.000000,1.000000
5690.000000,4.930278,0.946100,-0.728348,0.014303,0.000000,0.000000,0.000000,0.000000,0.000000,0.970860,1.013846,0.218509,-0.990019,1.140287,0.000000,0.000000,0.000000,65535.000000,0.000000,0.000000,4.930278,0.946100,4.930278,0.946100,0.000000,0.000000,1.000000
5700.000000,4.922969,0.946310,-0.730952,0.021002,0.000000,0.000000,0.000000,0.000000,0.000000,0.810578,1.015372,0.244076,-0.985600,1.127418,0.000000,0.000000,0.000000,65535.000000,0.000000,0.000000,4.922969,0.946310,4.922969,0.946310,0.000000,0.000000,1.000000
5710.000000,4.915807,0.946494,-0.716201,0.018452,0.000000,0.000000,0.000000,0.000000,0.000000,0.597656,1.028847,0.252578,-0.997362,0.381535,0.000000,0.000000,0.000000,65535.000000,0.000000,0.000000,4.915807,0.946494,4.915807,0.946494,0.000000,0.000000,1.000000
5720.000000,4.908488,0.946686,-0.731903,0.019145,0.000000,0.000000,0.000000,0.000000,0.000000,0.734034,1.034460,0.268266,-0.999070,1.253647,0.000000,0.000000,0.000000,65535.000000,0.000000,0.000000,4.908488,0.946686,4.908488,0.946686,0.000000,0.000000,1.000000
5730.000000,4.901012,0.946938,-0.747568,0.025255,0.000000,0.000000,0.000000,0.000000,0.000000,0.734034,1.060266,0.276590,-1.023554,1.238110,0.000000,0.000000,0.000000,65535.000000,0.000000,0.000000,4.901012,0.946938,4.901012,0.946938,0.000000,0.000000,1.000000
5740.000000,4.893281,0.947225,-0.773061,0.028645,0.000000,0.000000,0.000000,0.000000,0.000000,0.734034,1.059263,0.265345,-1.025491,1.222953,0.000000,0.000000,0.000000,65535.000000,0.000000,0.000000,4.893281,0.947225,4.893281,0.947225,0.000000,0.000000,1.000000
5750.000000,4.885301,0.947306,-0.798027,0.008132,0.000000,0.000000,0.000000,0.000000,0.000000,1.172474,1.068465,0.254515,-1.037708,1.423982,0.000000,0.000000,0.000000,65535.000000,0.000000,0.000000,4.885301,0.947306,4.885301,0.947306,0.000000,0.000000,1.000000
5760.000000,4.877043,0.947161,-0.825857,-0.014515,0.000000,0.000000,0.000000,0.000000,0.000000,1.210848,1.078607,0.240669,-1.051414,1.719558,0.000000,0.000000,0.000000,65535.000000,0.000000,0.000000,4.877043,0.947161,4.877043,0.947161,0.000000,0.000000,1.000000
5770.000000,4.868711,0.946923,-0.833129,-0.023761,0.000000,0.000000,0.000000,0.000000,0.000000,1.210848,1.093576,0.231513,-1.068789,2.055527,0.000000,0.000000,0.000000,65535.000000,0.000000,0.000000,4.868711,0.946923,4.868711,0.946923,0.000000,0.000000,1.000000
5780.000000,4.860167,0.946945,-0.854422,0.002197,0.000000,0.000000,0.000000,0.000000,0.000000,1.473397,1.074033,0.210190,-1.053265,2.802832,0.000000,0.000000,0.000000,65535.000000,0.000000,0.000000,4.860167,0.946945,4.860167,0.946945,0.000000,0.000000,1.000000
5790.000000,4.851463,0.947635,-0.870397,0.069020,0.000000,0.000000,0.000000,0.000000,0.000000,1.797480,1.094183,0.208873,-1.074062,3.298334,0.000000,0.000000,0.000000,65535.000000,0.000000,0.000000,4.851463,0.947635,4.851463,0.947635,0.000000,0.000000,1.000000
5800.000000,4.842408,0.948476,-0.905497,0.084093,0.000000,0.000000,0.000000,0.000000,0.000000,1.841220,1.095050,0.228347,-1.070978,3.651087,0.000000,0.000000,0.000000,65535.000000,0.000000,0.000000,4.842408,0.948476,4.842408,0.948476,0.000000,0.000000,1.000000
5810.000000,4.833743,0.948958,-0.866446,0.048153,0.000000,0.000000,0.000000,0.000000,0.000000,1.841220,1.118052,0.231144,-1.093898,3.591877,0.000000,0.000000,0.000000,65535.000000,0.000000,0.000000,4.833743,0.948958,4.833743,0.948958,0.000000,0.000000,1.000000
5820.000000,4.825061,0.949101,-0.868248,0.014364,0.000000,0.000000,0.000000,0.000000,0.000000,1.809039,1.069364,0.194916,-1.051450,3.774245,0.000000,0.000000,0.000000,65535.000000,0.000000,0.000000,4.825061,0.949101,4.825061,0.949101,0.000000,0.000000,1.000000
5830.000000,4.816270,0.949253,-0.879059,0.015195,0.000000,0.000000,0.000000,0.000000,0.000000,1.809039,1.031520,0.145193,-1.021251,3.636844,0.000000,0.000000,0.000000,65535.000000,0.000000,0.000000,4.816270,0.949253,4.816270,0.949253,0.000000,0.000000,1.000000
5840.000000,4.807026,0.949361,-0.924402,0.010728,0.000000,0.000000,0.000000,0.000000,0.000000,1.779857,0.985373,0.096345,-0.980652,3.392805,0.000000,0.000000,0.000000,65535.000000,0.000000,0.000000,4.807026,0.949361,4.807026,0.949361,0.000000,0.000000,1.000000
5850.000000,4.797715,0.949419,-0.931124,0.005847,0.000000,0.000000,0.000000,0.000000,0.000000,1.411969,0.955476,0.029061,-0.955034,1.682385,0.000000,0.000000,0.000000,65535.000000,0.000000,0.000000,4.797715,0.949419,4.797715,0.949419,0.000000,0.000000,1.000000
5860.000000,4.788135,0.948568,-0.958041,-0.085083,0.000000,0.000000,0.000000,0.000000,0.000000,1.453270,0.950037,-0.027299,-0.949645,1.261515,0.000000,0.000000,0.000000,65535.000000,0.000000,0.000000,4.788135,0.948568,4.788135,0.948568,0.000000,0.000000,1.000000
5870.000000,4.779376,0.947561,-0.875872,-0.100709,0.000000,0.000000,0.000000,0.000000,0.000000,0.477102,0.942344,-0.082185,-0.938753,-0.759063,0.000000,0.000000,0.000000,65535.000000,0.000000,0.000000,4.779376,0.947561,4.779376,0.947561,0.000000,0.000000,1.000000
5880.000000,4.770878,0.946401,-0.849822,-0.115975,0.000000,0.000000,0.000000,0.000000,0.000000,0.217057,0.881643,-0.114577,-0.874166,-1.257269,0.000000,0.000000,0.000000,65535.000000,0.000000,0.000000,4.770878,0.946401,4.770878,0.946401,0.000000,0.000000,1.000000
5890.000000,4.762507,0.945332,-0.837054,-0.106994,0.000000,0.000000,0.000000,0.000000,0.000000,0.501937,0.857699,-0.131194,-0.847606,-0.685077,0.000000,0.000000,0.000000,65535.000000,0.000000,0.000000,4.762507,0.945332,4.762507,0.945332,0.000000,0.000000,1.000000
5900.000000,4.753982,0.944376,-0.852543,-0.095541,0.000000,0.000000,0.000000,0.000000,0.000000,1.036801,0.843865,-0.123733,-0.834744,-0.019980,0.000000,0.000000,0.000000,65535.000000,0.000000,0.000000,4.753982,0.944376,4.753982,0.944376,0.000000,0.000000,1.000000
5910.000000,4.745268,0.943595,-0.871420,-0.078121,0.000000,0.000000,0.000000,0.000000,0.000000,1.111939,0.857880,-0.113918,-0.850283,0.213115,0.000000,0.000000,0.000000,65535.000000,0.000000,0.000000,4.745268,0.943595,4.745268,0.943595,0.000000,0.000000,1.000000
5920.000000,4.736259,0.942914,-0.900836,-0.068096,0.000000,0.000000,0.000000,0.000000,0.000000,0.659540,0.874915,-0.097424,-0.869474,0.212661,0.000000,0.000000,0.000000,65535.000000,0.000000,0.000000,4.736259,0.942914,4.736259,0.942914,0.000000,0.000000,1.000000
5930.000000,4.727155,0.942361,-0.910411,-0.055310,0.000000,0.000000,0.000000,0.000000,0.000000,0.659540,0.903406,-0.087296,-0.899178,0.212209,0.000000,0.000000,0.000000,65535.000000,0.000000,0.000000,4.727155,0.942361,4.727155,0.942361,0.000000,0.000000,1.000000
5940.000000,4.717819,0.941818,-0.933581,-0.054260,0.000000,0.000000,0.000000,0.000000,0.000000,0.540741,0.912090,-0.073227,-0.909145,0.088334,0.000000,0.000000,0.000000,65535.000000,0.000000,0.000000,4.717819,0.941818,4.717819,0.941818,0.000000,0.000000,1.000000
5950.000000,4.708452,0.941345,-0.936682,-0.047281,0.000000,0.000000,0.000000,0.000000,0.000000,0.350311,0.935157,-0.070477,-0.932497,-0.702367,0.000000,0.000000,0.000000,65535.000000,0.000000,0.000000,4.708452,0.941345,4.708452,0.941345,0.000000,0.000000,1.000000
5960.000000,4.699115,0.940920,-0.933756,-0.042557,0.000000,0.000000,0.000000,0.000000,0.000000,0.350311,0.937875,-0.062245,-0.935807,-0.697463,0.000000,0.000000,0.000000,65535.000000,0.000000,0.000000,4.699115,0.940920,4.699115,0.940920,0.000000,0.000000,1.000000
5970.000000,4.689987,0.940487,-0.912751,-0.043278,0.000000,0.000000,0.000000,0.000000,0.000000,0.348334,0.934725,-0.056537,-0.933014,-0.718383,0.000000,0.000000,0.000000,65535.000000,0.000000,0.000000,4.689987,0.940487,4.689987,0.940487,0.000000,0.000000,1.000000
5980.000000,4.680877,0.939960,-0.911020,-0.052689,0.000000,0.000000,0.000000,0.000000,0.000000,0.348334,0.913776,-0.056958,-0.911999,-0.713254,0.000000,0.000000,0.000000,65535.000000,0.000000,0.000000,4.680877,0.939960,4.680877,0.939960,0.000000,0.000000,1.000000
5990.000000,4.671659,0.939252,-0.921854,-0.070802,0.000000,0.000000,0.000000,0.000000,0.000000,0.348334,0.912542,-0.066376,-0.910125,-0.708198,0.000000,0.000000,0.000000,65535.000000,0.000000,0.000000,4.671659,0.939252,4.671659,0.939252,0.000000,0.000000,1.000000
6000.000000,4.662208,0.938351,-0.945110,-0.090090,0.000000,0.000000,0.000000,0.000000,0.000000,0.313006,0.924569,-0.084589,-0.920692,-0.920056,0.000000,0.000000,0.000000,65535.000000,0.000000,0.000000,4.662208,0.938351,4.662208,0.938351,0.000000,0.000000,1.000000
6010.000000,4.652837,0.937466,-0.937057,-0.088555,0.000000,0.000000,0.000000,0.000000,0.000000,0.341919,0.949394,-0.103622,-0.943722,-0.911659,0.000000,0.000000,0.000000,65535.000000,0.000000,0.000000,4.652837,0.937466,4.652837,0.937466,0.000000,0.000000,1.000000
6020.000000,4.643461,0.936543,-0.937594,-0.092305,0.000000,0.000000,0.000000,0.000000,0.000000,0.303388,0.941232,-0.100915,-0.935806,-1.087838,0.000000,0.000000,0.000000,65535.000000,0.000000,0.000000,4.643461,0.936543,4.643461,0.936543,0.000000,0.000000,1.000000
6030.000000,4.634179,0.935656,-0.928158,-0.088614,0.000000,0.000000,0.000000,0.000000,0.000000,0.303388,0.942127,-0.103179,-0.936460,-1.076120,0.000000,0.000000,0.000000,65535.000000,0.000000,0.000000,4.634179,0.935656,4.634179,0.935656,0.000000,0.000000,1.000000
6040.000000,4.624872,0.934756,-0.930688,-0.090089,0.000000,0.000000,0.000000,0.000000,0.000000,0.577626,0.932379,-0.098027,-0.927211,-0.765349,0.000000,0.000000,0.000000,65535.000000,0.000000,0.000000,4.624872,0.934756,4.624872,0.934756,0.000000,0.000000,1.000000
6050.000000,4.615536,0.933873,-0.933603,-0.088277,0.000000,0.000000,0.000000,0.000000,0.000000,0.687773,0.935038,-0.098788,-0.929804,0.633600,0.000000,0.000000,0.000000,65535.000000,0.000000,0.000000,4.615536,0.933873,4.615536,0.933873,0.000000,0.000000,1.000000
6060.000000,4.606141,0.932916,-0.939529,-0.095663,0.000000,0.000000,0.000000,0.000000,0.000000,0.687773,0.937768,-0.096639,-0.932775,0.629607,0.000000,0.000000,0.000000,65535.000000,0.000000,0.000000,4.606141,0.932916,4.606141,0.932916,0.000000,0.000000,1.000000
6070.000000,4.596820,0.931942,-0.932137,-0.097444,0.000000,0.000000,0.000000,0.000000,0.000000,0.687773,0.944387,-0.103170,-0.938734,0.625664,0.000000,0.000000,0.000000,65535.000000,0.000000,0.000000,4.596820,0.931942,4.596820,0.931942,0.000000,0.000000,1.000000
6080.000000,4.587296,0.930959,-0.952421,-0.098251,0.000000,0.000000,0.000000,0.000000,0.000000,0.427163,0.937216,-0.104563,-0.931365,-0.247459,0.000000,0.000000,0.000000,65535.000000,0.000000,0.000000,4.587296,0.930959,4.587296,0.930959,0.000000,0.000000,1.000000
6090.000000,4.577944,0.930055,-0.935176,-0.090440,0.000000,0.000000,0.000000,0.000000,0.000000,0.377481,0.957476,-0.105419,-0.951654,-0.438337,0.000000,0.000000,0.000000,65535.000000,0.000000,0.000000,4.577944,0.930055,4.577944,0.930055,0.000000,0.000000,1.000000
6100.000000,4.568595,0.929253,-0.934837,-0.080223,0.000000,0.000000,0.000000,0.000000,0.000000,0.476350,0.939539,-0.097439,-0.934473,-0.198759,0.000000,0.000000,0.000000,65535.000000,0.000000,0.000000,4.568595,0.929253,4.568595,0.929253,0.000000,0.000000,1.000000
6110.000000,4.559166,0.928510,-0.942880,-0.074229,0.000000,0.000000,0.000000,0.000000,0.000000,0.632718,0.938273,-0.086651,-0.934263,0.236118,0.000000,0.000000,0.000000,65535.000000,0.000000,0.000000,4.559166,0.928510,4.559166,0.928510,0.000000,0.000000,1.000000
6120.000000,4.549495,0.927834,-0.967118,-0.067681,0.000000,0.000000,0.000000,0.000000,0.000000,0.719338,0.945797,-0.080028,-0.942405,0.747707,0.000000,0.000000,0.000000,65535.000000,0.000000,0.000000,4.549495,0.927834,4.549495,0.927834,0.000000,0.000000,1.000000
6130.000000,4.539854,0.927157,-0.964103,-0.067690,0.000000,0.000000,0.000000,0.000000,0.000000,0.719338,0.969483,-0.073344,-0.966705,0.742153,0.000000,0.000000,0.000000,65535.000000,0.000000,0.000000,4.539854,0.927157,4.539854,0.927157,0.000000,0.000000,1.000000
6140.000000,4.530267,0.926599,-0.958712,-0.055717,0.000000,0.000000,0.000000,0.000000,0.000000,0.867904,0.966476,-0.073165,-0.963703,0.452309,0.000000,0.000000,0.000000,65535.000000,0.000000,0.000000,4.530267,0.926599,4.530267,0.926599,0.000000,0.000000,1.000000
6150.000000,4.520720,0.925995,-0.954710,-0.060464,0.000000,0.000000,0.000000,0.000000,0.000000,0.656251,0.960329,-0.060625,-0.958414,-0.557566,0.000000,0.000000,0.000000,65535.000000,0.000000,0.000000,4.520720,0.925995,4.520720,0.925995,0.000000,0.000000,1.000000
6160.000000,4.510976,0.925312,-0.974337,-0.068303,0.000000,0.000000,0.000000,0.000000,0.000000,0.383773,0.956623,-0.064048,-0.954477,-0.967435,0.000000,0.000000,0.000000,65535.000000,0.000000,0.000000,4.510976,0.925312,4.510976,0.925312,0.000000,0.000000,1.000000
6170.000000,4.501340,0.924628,-0.963644,-0.068336,0.000000,0.000000,0.000000,0.000000,0.000000,0.383773,0.976729,-0.071383,-0.974117,-0.958156,0.000000,0.000000,0.000000,65535.000000,0.000000,0.000000,4.501340,0.924628,4.501340,0.924628,0.000000,0.000000,1.000000
6180.000000,4.491728,0.924023,-0.961188,-0.060531,0.000000,0.000000,0.000000,0.000000,0.000000,0.336026,0.966064,-0.071307,-0.963429,-1.054103,0.000000,0.000000,0.000000,65535.000000,0.000000,0.000000,4.491728,0.924023,4.491728,0.924023,0.000000,0.000000,1.000000
6190.000000,4.481966,0.923436,-0.976205,-0.058737,0.000000,0.000000,0.000000,0.000000,0.000000,0.305031,0.963092,-0.063410,-0.961003,-1.108491,0.000000,0.000000,0.000000,65535.000000,0.000000,0.000000,4.481966,0.923436,4.481966,0.923436,0.000000,0.000000,1.000000
6200.000000,4.471856,0.922738,-1.010972,-0.069815,0.000000,0.000000,0.000000,0.000000,0.000000,0.544209,0.977971,-0.061178,-0.976056,-0.629568,0.000000,0.000000,0.000000,65535.000000,0.000000,0.000000,4.471856,0.922738,4.471856,0.922738,0.000000,0.000000,1.000000
6210.000000,4.461843,0.921998,-1.001255,-0.073927,0.000000,0.000000,0.000000,0.000000,0.000000,0.700926,1.013380,-0.072238,-1.010802,-0.625625,0.000000,0.000000,0.000000,65535.000000,0.000000,0.000000,4.461843,0.921998,4.461843,0.921998,0.000000,0.000000,1.000000
6220.000000,4.451980,0.921159,-0.986316,-0.083900,0.000000,0.000000,0.000000,0.000000,0.000000,0.544568,1.003980,-0.075757,-1.001118,-0.621731,0.000000,0.000000,0.000000,65535.000000,0.000000,0.000000,4.451980,0.921159,4.451980,0.921159,0.000000,0.000000,1.000000
6230.000000,4.442188,0.920234,-0.979154,-0.092539,0.000000,0.000000,0.000000,0.000000,0.000000,0.397002,0.989878,-0.085115,-0.986212,-0.512654,0.000000,0.000000,0.000000,65535.000000,0.000000,0.000000,4.442188,0.920234,4.442188,0.920234,0.000000,0.000000,1.000000
6240.000000,4.432468,0.919268,-0.971989,-0.096557,0.000000,0.000000,0.000000,0.000000,0.000000,0.419060,0.983517,-0.092823,-0.979127,-0.324524,0.000000,0.000000,0.000000,65535.000000,0.000000,0.000000,4.432468,0.919268,4.432468,0.919268,0.000000,0.000000,1.000000
6250.000000,4.422827,0.918399,-0.964117,-0.086947,0.000000,0.000000,0.000000,0.000000,0.000000,0.656908,0.976773,-0.096248,-0.972020,0.412013,0.000000,0.000000,0.000000,65535.000000,0.000000,0.000000,4.422827,0.918399,4.422827,0.918399,0.000000,0.000000,1.000000
6260.000000,4.413186,0.917557,-0.964125,-0.084160,0.000000,0.000000,0.000000,0.000000,0.000000,0.656908,0.968030,-0.085920,-0.964209,0.410321,0.000000,0.000000,0.000000,65535.000000,0.000000,0.000000,4.413186,0.917557,4.413186,0.917557,0.000000,0.000000,1.000000
6270.000000,4.403420,0.916694,-0.976541,-0.086292,0.000000,0.000000,0.000000,0.000000,0.000000,0.656908,0.967792,-0.082850,-0.964239,0.408642,0.000000,0.000000,0.000000,65535.000000,0.000000,0.000000,4.403420,0.916694,4.403420,0.916694,0.000000,0.000000,1.000000
6280.000000,4.393716,0.916098,-0.970445,-0.059683,0.000000,0.000000,0.000000,0.000000,0.000000,0.390599,0.980346,-0.084890,-0.976664,-0.743452,0.000000,0.000000,0.000000,65535.000000,0.000000,0.000000,4.393716,0.916098,4.393716,0.916098,0.000000,0.000000,1.000000
6290.000000,4.384249,0.915595,-0.946713,-0.050236,0.000000,0.000000,0.000000,0.000000,0.000000,0.217244,0.972279,-0.058665,-0.970507,-1.317002,0.000000,0.000000,0.000000,65535.000000,0.000000,0.000000,4.384249,0.915595,4.384249,0.915595,0.000000,0.000000,1.000000
6300.000000,4.374769,0.915117,-0.947984,-0.047823,0.000000,0.000000,0.000000,0.000000,0.000000,0.353735,0.948045,-0.049759,-0.946738,-0.989431,0.000000,0.000000,0.000000,65535.000000,0.000000,0.000000,4.374769,0.915117,4.374769,0.915117,0.000000,0.000000,1.000000
6310.000000,4.365309,0.914561,-0.945998,-0.055628,0.000000,0.000000,0.000000,0.000000,0.000000,0.521963,0.949190,-0.047562,-0.947997,-0.596605,0.000000,0.000000,0.000000,65535.000000,0.000000,0.000000,4.365309,0.914561,4.365309,0.914561,0.000000,0.000000,1.000000
6320.000000,4.355731,0.914022,-0.957843,-0.053845,0.000000,0.000000,0.000000,0.000000,0.000000,0.685724,0.947632,-0.055373,-0.946013,-0.217956,0.000000,0.000000,0.000000,65535.000000,0.000000,0.000000,4.355731,0.914022,4.355731,0.914022,0.000000,0.000000,1.000000
6330.000000,4.346210,0.913537,-0.952007,-0.048531,0.000000,0.000000,0.000000,0.000000,0.000000,0.786836,0.959355,-0.052972,-0.957891,0.419100,0.000000,0.000000,0.000000,65535.000000,0.000000,0.000000,4.346210,0.913537,4.346210,0.913537,0.000000,0.000000,1.000000
6340.000000,4.336650,0.913152,-0.956011,-0.038463,0.000000,0.000000,0.000000,0.000000,0.000000,0.786836,0.953244,-0.046918,-0.952088,0.502305,0.000000,0.000000,0.000000,65535.000000,0.000000,0.000000,4.336650,0.913152,4.336650,0.913152,0.000000,0.000000,1.000000
6350.000000,4.327086,0.912798,-0.956405,-0.035430,0.000000,0.000000,0.000000,0.000000,0.000000,0.808181,0.956785,-0.036004,-0.956107,1.296588,0.000000,0.000000,0.000000,65535.000000,0.000000,0.000000,4.327086,0.912798,4.327086,0.912798,0.000000,0.000000,1.000000
6360.000000,4.317354,0.912516,-0.973213,-0.028234,0.000000,0.000000,0.000000,0.000000,0.000000,0.808181,0.957061,-0.032574,-0.956507,1.279975,0.000000,0.000000,0.000000,65535.000000,0.000000,0.000000,4.317354,0.912516,4.317354,0.912516,0.000000,0.000000,1.000000
6370.000000,4.307615,0.912203,-0.973869,-0.031314,0.000000,0.000000,0.000000,0.000000,0.000000,0.939046,0.973622,-0.025235,-0.973295,1.486492,0.000000,0.000000,0.000000,65535.000000,0.000000,0.000000,4.307615,0.912203,4.307615,0.912203,0.000000,0.000000,1.000000
6380.000000,4.297976,0.911863,-0.963926,-0.034006,0.000000,0.000000,0.000000,0.000000,0.000000,0.939046,0.974372,-0.028579,-0.973953,1.464699,0.000000,0.000000,0.000000,65535.000000,0.000000,0.000000,4.297976,0.911863,4.297976,0.911863,0.000000,0.000000,1.000000
6390.000000,4.288584,0.911449,-0.939202,-0.041307,0.000000,0.000000,0.000000,0.000000,0.000000,0.939046,0.964526,-0.031286,-0.964018,1.443534,0.000000,0.000000,0.000000,65535.000000,0.000000,0.000000,4.288584,0.911449,4.288584,0.911449,0.000000,0.000000,1.000000
6400.000000,4.279254,0.911049,-0.932993,-0.040037,0.000000,0.000000,0.000000,0.000000,0.000000,0.723519,0.940110,-0.038837,-0.939307,0.887399,0.000000,0.000000,0.000000,65535.000000,0.000000,0.000000,4.279254,0.911049,4.279254,0.911049,0.000000,0.000000,1.000000
6410.000000,4.269969,0.910650,-0.928488,-0.039959,0.000000,0.000000,0.000000,0.000000,0.000000,0.342040,0.933852,-0.037585,-0.933095,-0.854122,0.000000,0.000000,0.000000,65535.000000,0.000000,0.000000,4.269969,0.910650,4.269969,0.910650,0.000000,0.000000,1.000000
6420.000000,4.260540,0.910306,-0.942961,-0.034330,0.000000,0.000000,0.000000,0.000000,0.000000,0.345965,0.929348,-0.037470,-0.928592,-0.846882,0.000000,0.000000,0.000000,65535.000000,0.000000,0.000000,4.260540,0.910306,4.260540,0.910306,0.000000,0.000000,1.000000
6430.000000,4.251194,0.909872,-0.934570,-0.043404,0.000000,0.000000,0.000000,0.000000,0.000000,0.470085,0.943585,-0.031512,-0.943059,-0.900996,0.000000,0.000000,0.000000,65535.000000,0.000000,0.000000,4.251194,0.909872,4.251194,0.909872,0.000000,0.000000,1.000000
6440.000000,4.241941,0.909518,-0.925345,-0.035387,0.000000,0.000000,0.000000,0.000000,0.000000,0.470085,0.935577,-0.040284,-0.934710,-0.892942,0.000000,0.000000,0.000000,65535.000000,0.000000,0.000000,4.241941,0.909518,4.241941,0.909518,0.000000,0.000000,1.000000
6450.000000,4.233054,0.909388,-0.888721,-0.013075,0.000000,0.000000,0.000000,0.000000,0.000000,0.330179,0.926021,-0.032585,-0.925447,-1.091867,0.000000,0.000000,0.000000,65535.000000,0.000000,0.000000,4.233054,0.909388,4.233054,0.909388,0.000000,0.000000,1.000000
6460.000000,4.224288,0.909260,-0.876538,-0.012761,0.000000,0.000000,0.000000,0.000000,0.000000,0.164555,0.888817,-0.011502,-0.888743,-1.455792,0.000000,0.000000,0.000000,65535.000000,0.000000,0.000000,4.224288,0.909260,4.224288,0.909260,0.000000,0.000000,1.000000
6470.000000,4.215425,0.908995,-0.886289,-0.026484,0.000000,0.000000,0.000000,0.000000,0.000000,0.188333,0.876631,-0.012296,-0.876545,-1.381353,0.000000,0.000000,0.000000,65535.000000,0.000000,0.000000,4.215425,0.908995,4.215425,0.908995,0.000000,0.000000,1.000000
6480.000000,4.206448,0.908421,-0.897792,-0.057388,0.000000,0.000000,0.000000,0.000000,0.000000,0.198100,0.886685,-0.026523,-0.886288,-1.340155,0.000000,0.000000,0.000000,65535.000000,0.000000,0.000000,4.206448,0.908421,4.206448,0.908421,0.000000,0.000000,1.000000
6490.000000,4.197751,0.907843,-0.869674,-0.057779,0.000000,0.000000,0.000000,0.000000,0.000000,0.231009,0.899624,-0.057502,-0.897784,-1.248725,0.000000,0.000000,0.000000,65535.000000,0.000000,0.000000,4.197751,0.907843,4.197751,0.907843,0.000000,0.000000,1.000000
6500.000000,4.189461,0.907612,-0.828979,-0.023135,0.000000,0.000000,0.000000,0.000000,0.000000,0.406209,0.871592,-0.057550,-0.869690,-0.834923,0.000000,0.000000,0.000000,65535.000000,0.000000,0.000000,4.189461,0.907612,4.189461,0.907612,0.000000,0.000000,1.000000
6510.000000,4.181517,0.907760,-0.794404,0.014822,0.000000,0.000000,0.000000,0.000000,0.000000,0.692050,0.829302,-0.022251,-0.829004,-0.179166,0.000000,0.000000,0.000000,65535.000000,0.000000,0.000000,4.181517,0.907760,4.181517,0.907760,0.000000,0.000000,1.000000
6520.000000,4.173689,0.907923,-0.782796,0.016242,0.000000,0.000000,0.000000,0.000000,0.000000,0.692050,0.794542,0.016433,-0.794373,-0.178845,0.000000,0.000000,0.000000,65535.000000,0.000000,0.000000,4.173689,0.907923,4.173689,0.907923,0.000000,0.000000,1.000000
6530.000000,4.166277,0.907982,-0.741175,0.005883,0.000000,0.000000,0.000000,0.000000,0.000000,0.692050,0.782965,0.017941,-0.782759,-0.178525,0.000000,0.000000,0.000000,65535.000000,0.000000,0.000000,4.166277,0.907982,4.166277,0.907982,0.000000,0.000000,1.000000
6540.000000,4.159190,0.908020,-0.708735,0.003856,0.000000,0.000000,0.000000,0.000000,0.000000,0.556345,0.741198,0.007090,-0.741164,-0.494914,0.000000,0.000000,0.000000,65535.000000,0.000000,0.000000,4.159190,0.908020,4.159190,0.908020,0.000000,0.000000,1.000000
6550.000000,4.152426,0.908007,-0.676411,-0.001302,0.000000,0.000000,0.000000,0.000000,0.000000,0.951256,0.708745,0.004353,-0.708732,0.436322,0.000000,0.000000,0.000000,65535.000000,0.000000,0.000000,4.152426,0.908007,4.152426,0.908007,0.000000,0.000000,1.000000
6560.000000,4.145929,0.907934,-0.649674,-0.007328,0.000000,0.000000,0.000000,0.000000,0.000000,0.984721,0.676413,-0.001253,-0.676411,0.513100,0.000000,0.000000,0.000000,65535.000000,0.000000,0.000000,4.145929,0.907934,4.145929,0.907934,0.000000,0.000000,1.000000
6570.000000,4.139666,0.907865,-0.626367,-0.006840,0.000000,0.000000,0.000000,0.000000,0.000000,0.984721,0.649715,-0.007311,-0.649674,0.510478,0.000000,0.000000,0.000000,65535.000000,0.000000,0.000000,4.139666,0.907865,4.139666,0.907865,0.000000,0.000000,1.000000
6580.000000,4.133449,0.907697,-0.621720,-0.016801,0.000000,0.000000,0.000000,0.000000,0.000000,0.955245,0.626404,-0.007106,-0.626364,0.437167,0.000000,0.000000,0.000000,65535.000000,0.000000,0.000000,4.133449,0.907697,4.133449,0.907697,0.000000,0.000000,1.000000
6590.000000,4.127522,0.907456,-0.592686,-0.024159,0.000000,0.000000,0.000000,0.000000,0.000000,0.618243,0.621947,-0.017448,-0.621702,-0.576069,0.000000,0.000000,0.000000,65535.000000,0.000000,0.000000,4.127522,0.907456,4.127522,0.907456,0.000000,0.000000,1.000000
6600.000000,4.121911,0.907288,-0.561059,-0.016779,0.000000,0.000000,0.000000,0.000000,0.000000,0.943616,0.593178,-0.025106,-0.592646,0.091263,0.000000,0.000000,0.000000,65535.000000,0.000000,0.000000,4.121911,0.907288,4.121911,0.907288,0.000000,0.000000,1.000000
6610.000000,4.116854,0.907438,-0.505726,0.014966,0.000000,0.000000,0.000000,0.000000,0.000000,1.346892,0.561310,-0.018032,-0.561021,1.391286,0.000000,0.000000,0.000000,65535.000000,0.000000,0.000000,4.116854,0.907438,4.116854,0.907438,0.000000,0.000000,1.000000
6620.000000,4.112032,0.907632,-0.482125,0.019383,0.000000,0.000000,0.000000,0.000000,0.000000,1.408156,0.505947,0.013789,-0.505759,1.497260,0.000000,0.000000,0.000000,65535.000000,0.000000,0.000000,4.112032,0.907632,4.112032,0.907632,0.000000,0.000000,1.000000
6630.000000,4.107397,0.907787,-0.463514,0.015545,0.000000,0.000000,0.000000,0.000000,0.000000,1.428106,0.482515,0.018280,-0.482168,1.485227,0.000000,0.000000,0.000000,65535.000000,0.000000,0.000000,4.107397,0.907787,4.107397,0.907787,0.000000,0.000000,1.000000
6640.000000,4.102883,0.907873,-0.451407,0.008643,0.000000,0.000000,0.000000,0.000000,0.000000,1.507679,0.463774,0.014495,-0.463548,2.114999,0.000000,0.000000,0.000000,65535.000000,0.000000,0.000000,4.102883,0.907873,4.102883,0.907873,0.000000,0.000000,1.000000
6650.000000,4.098519,0.907885,-0.436399,0.001113,0.000000,0.000000,0.000000,0.000000,0.000000,1.507679,0.451489,0.007592,-0.451426,2.291371,0.000000,0.000000,0.000000,65535.000000,0.000000,0.000000,4.098519,0.907885,4.098519,0.907885,0.000000,0.000000,1.000000
6660.000000,4.094378,0.907856,-0.414086,-0.002904,0.000000,0.000000,0.000000,0.000000,0.000000,1.507679,0.436400,0.000082,-0.436400,2.239993,0.000000,0.000000,0.000000,65535.000000,0.000000,0.000000,4.094378,0.907856,4.094378,0.907856,0.000000,0.000000,1.000000
6670.000000,4.090533,0.907850,-0.384522,-0.000594,0.000000,0.000000,0.000000,0.000000,0.000000,1.430218,0.414096,-0.003875,-0.414078,2.144246,0.000000,0.000000,0.000000,65535.000000,0.000000,0.000000,4.090533,0.907850,4.090533,0.907850,0.000000,0.000000,1.000000
6680.000000,4.086897,0.907884,-0.363603,0.003462,0.000000,0.000000,0.000000,0.000000,0.000000,1.430218,0.384523,-0.001725,-0.384519,2.099189,0.000000,0.000000,0.000000,65535.000000,0.000000,0.000000,4.086897,0.907884,4.086897,0.907884,0.000000,0.000000,1.000000
6690.000000,4.083575,0.907897,-0.332163,0.001262,0.000000,0.000000,0.000000,0.000000,0.000000,0.950008,0.363619,0.002212,-0.363613,1.237508,0.000000,0.000000,0.000000,65535.000000,0.000000,0.000000,4.083575,0.907897,4.083575,0.907897,0.000000,0.000000,1.000000
6700.000000,4.080467,0.907835,-0.310810,-0.006178,0.000000,0.000000,0.000000,0.000000,0.000000,1.006881,0.332165,0.000050,-0.332165,1.253969,0.000000,0.000000,0.000000,65535.000000,0.000000,0.000000,4.080467,0.907835,4.080467,0.907835,0.000000,0.000000,1.000000
6710.000000,4.077552,0.907748,-0.291489,-0.008712,0.000000,0.000000,0.000000,0.000000,0.000000,1.071701,0.310871,-0.007166,-0.310789,1.238424,0.000000,0.000000,0.000000,65535.000000,0.000000,0.000000,4.077552,0.907748,4.077552,0.907748,0.000000,0.000000,1.000000
6720.000000,4.074700,0.907531,-0.285201,-0.021722,0.000000,0.000000,0.000000,0.000000,0.000000,1.071701,0.291619,-0.009634,-0.291460,1.223259,0.000000,0.000000,0.000000,65535.000000,0.000000,0.000000,4.074700,0.907531,4.074700,0.907531,0.000000,0.000000,1.000000
6730.000000,4.071893,0.907085,-0.280767,-0.044579,0.000000,0.000000,0.000000,0.000000,0.000000,0.952989,0.286027,-0.022925,-0.285106,0.313161,0.000000,0.000000,0.000000,65535.000000,0.000000,0.000000,4.071893,0.907085,4.071893,0.907085,0.000000,0.000000,1.000000
6740.000000,4.069292,0.906668,-0.260057,-0.041657,0.000000,0.000000,0.000000,0.000000,0.000000,0.225880,0.284284,-0.046134,-0.280516,-1.214938,0.000000,0.000000,0.000000,65535.000000,0.000000,0.000000,4.069292,0.906668,4.069292,0.906668,0.000000,0.000000,1.000000
6750.000000,4.066930,0.906413,-0.236207,-0.025553,0.000000,0.000000,0.000000,0.000000,0.000000,0.225880,0.263372,-0.043374,-0.259776,-1.200340,0.000000,0.000000,0.000000,65535.000000,0.000000,0.000000,4.066930,0.906413,4.066930,0.906413,0.000000,0.000000,1.000000
6760.000000,4.064818,0.906299,-0.211166,-0.011386,0.000000,0.000000,0.000000,0.000000,0.000000,0.305265,0.237585,-0.027286,-0.236013,-0.913866,0.000000,0.000000,0.000000,65535.000000,0.000000,0.000000,4.064818,0.906299,4.064818,0.906299,0.000000,0.000000,1.000000
6770.000000,4.062984,0.906231,-0.183412,-0.006812,0.000000,0.000000,0.000000,0.000000,0.000000,0.305265,0.211473,-0.012828,-0.211084,-0.905582,0.000000,0.000000,0.000000,65535.000000,0.000000,0.000000,4.062984,0.906231,4.062984,0.906231,0.000000,0.000000,1.000000
6780.000000,4.061369,0.906171,-0.161561,-0.005963,0.000000,0.000000,0.000000,0.000000,0.000000,0.305265,0.183539,-0.007876,-0.183370,-0.897447,0.000000,0.000000,0.000000,65535.000000,0.000000,0.000000,4.061369,0.906171,4.061369,0.906171,0.000000,0.000000,1.000000
6790.000000,4.059957,0.906143,-0.141240,-0.002847,0.000000,0.000000,0.000000,0.000000,0.000000,0.232509,0.161671,-0.006799,-0.161528,-1.134245,0.000000,0.000000,0.000000,65535.000000,0.000000,0.000000,4.059957,0.906143,4.059957,0.906143,0.000000,0.000000,1.000000
6800.000000,4.058752,0.906133,-0.120493,-0.000932,0.000000,0.000000,0.000000,0.000000,0.000000,0.232509,0.141269,-0.003520,-0.141225,-1.121512,0.000000,0.000000,0.000000,65535.000000,0.000000,0.000000,4.058752,0.906133,4.058752,0.906133,0.000000,0.000000,1.000000
6810.000000,4.057757,0.906149,-0.099475,0.001580,0.000000,0.000000,0.000000,0.000000,0.000000,0.155845,0.120496,-0.001507,-0.120487,-1.289899,0.000000,0.000000,0.000000,65535.000000,0.000000,0.000000,4.057757,0.906149,4.057757,0.906149,0.000000,0.000000,1.000000
6820.000000,4.056932,0.906168,-0.082439,0.001880,0.000000,0.000000,0.000000,0.000000,0.000000,0.155845,0.099488,0.001037,-0.099483,-1.273456,0.000000,0.000000,0.000000,65535.000000,0.000000,0.000000,4.056932,0.906168,4.056932,0.906168,0.000000,0.000000,1.000000
6830.000000,4.056302,0.906169,-0.063034,0.000063,0.000000,0.000000,0.000000,0.000000,0.000000,0.120958,0.082460,0.001291,-0.082450,-1.493438,0.000000,0.000000,0.000000,65535.000000,0.000000,0.000000,4.056302,0.906169,4.056302,0.906169,0.000000,0.000000,1.000000
6840.000000,4.055846,0.906183,-0.045581,0.001485,0.000000,0.000000,0.000000,0.000000,0.000000,0.100675,0.063034,-0.000516,-0.063032,-1.471441,0.000000,0.000000,0.000000,65535.000000,0.000000,0.000000,4.055846,0.906183,4.055846,0.906183,0.000000,0.000000,1.000000
6850.000000,4.055539,0.906219,-0.030711,0.003593,0.000000,0.000000,0.000000,0.000000,0.000000,0.100675,0.045605,0.000992,-0.045594,-1.592149,0.000000,0.000000,0.000000,65535.000000,0.000000,0.000000,4.055539,0.906219,4.055539,0.906219,0.000000,0.000000,1.000000
6860.000000,4.055539,0.906219,0.000000,0.000000,0.000000,0.000000,0.000000,0.000000,0.000000,0.098325,0.030921,0.003226,-0.030752,-1.548042,0.000000,0.000000,0.000000,65535.000000,0.000000,0.000000,4.055539,0.906219,4.055539,0.906219,0.000000,0.000000,1.000000
6870.000000,4.055539,0.906219,0.000000,0.000000,0.000000,0.000000,0.000000,0.000000,0.000000,0.106971,0.017270,0.003943,-0.016814,-1.410626,0.000000,0.000000,0.000000,65535.000000,0.000000,0.000000,4.055539,0.906219,4.055539,0.906219,0.000000,0.000000,1.000000
6880.000000,4.055539,0.906219,0.000000,0.000000,0.000000,0.000000,0.000000,0.000000,0.000000,0.120471,0.007225,0.003730,-0.006188,-1.390985,0.000000,0.000000,0.000000,65535.000000,0.000000,0.000000,4.055539,0.906219,4.055539,0.906219,0.000000,0.000000,1.000000
6890.000000,4.055539,0.906219,0.000000,0.000000,0.000000,0.000000,0.000000,0.000000,0.000000,0.120471,0.003118,0.002944,0.001026,-1.388444,0.000000,0.000000,0.000000,65535.000000,0.000000,0.000000,4.055539,0.906219,4.055539,0.906219,0.000000,0.000000,1.000000
6900.000000,4.055539,0.906219,0.000000,0.000000,0.000000,0.000000,0.000000,0.000000,0.000000,0.112089,0.005985,0.002462,0.005455,-1.459782,0.000000,0.000000,0.000000,65535.000000,0.000000,0.000000,4.055539,0.906219,4.055539,0.906219,0.000000,0.000000,1.000000
6910.000000,4.055539,0.906219,0.000000,0.000000,0.000000,0.000000,0.000000,0.000000,0.000000,0.091272,0.006726,0.002820,0.006106,-1.462068,0.000000,0.000000,0.000000,65535.000000,0.000000,0.000000,4.055539,0.906219,4.055539,0.906219,0.000000,0.000000,1.000000
6920.000000,4.055539,0.906219,0.000000,0.000000,0.000000,0.000000,0.000000,0.000000,0.000000,0.085967,0.006287,0.002386,0.005817,-1.440979,0.000000,0.000000,0.000000,65535.000000,0.000000,0.000000,4.055539,0.906219,4.055539,0.906219,0.000000,0.000000,1.000000
6930.000000,4.055539,0.906219,0.000000,0.000000,0.000000,0.000000,0.000000,0.000000,0.000000,0.073860,0.005698,0.000811,0.005640,-1.445407,0.000000,0.000000,0.000000,65535.000000,0.000000,0.000000,4.055539,0.906219,4.055539,0.906219,0.000000,0.000000,1.000000
6940.000000,4.055539,0.906219,0.000000,0.000000,0.000000,0.000000,0.000000,0.000000,0.000000,0.055710,0.004309,0.001152,0.004152,-1.469571,0.000000,0.000000,0.000000,65535.000000,0.000000,0.000000,4.055539,0.906219,4.055539,0.906219,0.000000,0.000000,1.000000
6950.000000,4.055539,0.906219,0.000000,0.000000,0.000000,0.000000,0.000000,0.000000,0.000000,0.032865,0.002646,0.000707,0.002549,-1.448463,0.000000,0.000000,0.000000,65535.000000,0.000000,0.000000,4.055539,0.906219,4.055539,0.906219,0.000000,0.000000,1.000000
6960.000000,4.055539,0.906219,0.000000,0.000000,0.000000,0.000000,0.000000,0.000000,0.000000,0.032865,0.001624,0.000434,0.001565,-1.427762,0.000000,0.000000,0.000000,65535.000000,0.000000,0.000000,4.055539,0.906219,4.055539,0.906219,0.000000,0.000000,1.000000
6970.000000,4.055539,0.906219,0.000000,0.000000,0.000000,0.000000,0.000000,0.000000,0.000000,0.030841,0.000997,0.000267,0.000961,-1.412940,0.000000,0.000000,0.000000,65535.000000,0.000000,0.000000,4.055539,0.906219,4.055539,0.906219,0.000000,0.000000,1.000000
6980.000000,4.055539,0.906219,0.000000,0.000000,0.000000,0.000000,0.000000,0.000000,0.000000,0.014402,0.000612,0.000164,0.000590,-1.449517,0.000000,0.000000,0.000000,65535.000000,0.000000,0.000000,4.055539,0.906219,4.055539,0.906219,0.000000,0.000000,1.000000
6990.000000,4.055539,0.906219,0.000000,0.000000,0.000000,0.000000,0.000000,0.000000,0.000000,0.018805,0.000376,0.000101,0.000362,-1.415711,0.000000,0.000000,0.000000,65535.000000,0.000000,0.000000,4.055539,0.906219,4.055539,0.906219,0.000000,0.000000,1.000000
7000.000000,4.055539,0.906219,0.000000,0.000000,0.000000,0.000000,0.000000,0.000000,0.000000,0.018805,0.000231,0.000062,0.000222,-1.395929,0.000000,0.000000,0.000000,65535.000000,0.000000,0.000000,4.055539,0.906219,4.055539,0.906219,0.000000,0.000000,1.000000
7010.000000,4.055539,0.906219,0.000000,0.000000,0.000000,0.000000,0.000000,0.000000,0.000000,0.018468,0.000142,0.000038,0.000137,-1.377217,0.000000,0.000000,0.000000,65535.000000,0.000000,0.000000,4.055539,0.906219,4.055539,0.906219,0.000000,0.000000,1.000000
7020.000000,4.055539,0.906219,0.000000,0.000000,0.000000,0.000000,0.000000,0.000000,0.000000,0.014185,0.001028,0.000678,0.000773,-1.373957,0.000000,0.000000,0.000000,65535.000000,0.000000,0.000000,4.055539,0.906219,4.055539,0.906219,0.000000,0.000000,1.000000
7030.000000,4.055539,0.906219,0.000000,0.000000,0.000000,0.000000,0.000000,0.000000,0.000000,0.020267,0.000631,0.000416,0.000475,-1.334130,0.000000,0.000000,0.000000,65535.000000,0.000000,0.000000,4.055539,0.906219,4.055539,0.906219,0.000000,0.000000,1.000000
7040.000000,4.055539,0.906219,0.000000,0.000000,0.000000,0.000000,0.000000,0.000000,0.000000,0.033785,0.002288,0.001564,0.001670,-1.282265,0.000000,0.000000,0.000000,65535.000000,0.000000,0.000000,4.055539,0.906219,4.055539,0.906219,0.000000,0.000000,1.000000
7050.000000,4.055539,0.906219,0.000000,0.000000,0.000000,0.000000,0.000000,0.000000,0.000000,0.039155,0.004310,0.003577,0.002404,-1.257086,0.000000,0.000000,0.000000,65535.000000,0.000000,0.000000,4.055539,0.906219,4.055539,0.906219,0.000000,0.000000,1.000000
7060.000000,4.055539,0.906219,0.000000,0.000000,0.000000,0.000000,0.000000,0.000000,0.000000,0.039155,0.007960,0.007430,0.002855,-1.241464,0.000000,0.000000,0.000000,65535.000000,0.000000,0.000000,4.055539,0.906219,4.055539,0.906219,0.000000,0.000000,1.000000
7070.000000,4.055539,0.906219,0.000000,0.000000,0.000000,0.000000,0.000000,0.000000,0.000000,0.039155,0.011242,0.011105,0.001753,-1.226225,0.000000,0.000000,0.000000,65535.000000,0.000000,0.000000,4.055539,0.906219,4.055539,0.906219,0.000000,0.000000,1.000000
7080.000000,4.055539,0.906219,0.000000,0.000000,0.000000,0.000000,0.000000,0.000000,0.000000,0.037819,0.013900,0.013361,0.003833,-1.239725,0.000000,0.000000,0.000000,65535.000000,0.000000,0.000000,4.055539,0.906219,4.055539,0.906219,0.000000,0.000000,1.000000
7090.000000,4.055539,0.906219,0.000000,0.000000,0.000000,0.000000,0.000000,0.000000,0.000000,0.037819,0.016111,0.014746,0.006489,-1.224529,0.000000,0.000000,0.000000,65535.000000,0.000000,0.000000,4.055539,0.906219,4.055539,0.906219,0.000000,0.000000,1.000000
7100.000000,4.055539,0.906219,0.000000,0.000000,0.000000,0.000000,0.000000,0.000000,0.000000,0.055461,0.018573,0.017559,0.006052,-1.160033,0.000000,0.000000,0.000000,65535.000000,0.000000,0.000000,4.055539,0.906219,4.055539,0.906219,0.000000,0.000000,1.000000
7110.000000,4.055539,0.906219,0.000000,0.000000,0.000000,0.000000,0.000000,0.000000,0.000000,0.095985,0.023126,0.022557,0.005095,-0.968610,0.000000,0.000000,0.000000,65535.000000,0.000000,0.000000,4.055539,0.906219,4.055539,0.906219,0.000000,0.000000,1.000000
7120.000000,4.055539,0.906219,0.000000,0.000000,0.000000,0.000000,0.000000,0.000000,0.000000,0.096490,0.025817,0.025627,0.003128,-0.959308,0.000000,0.000000,0.000000,65535.000000,0.000000,0.000000,4.055539,0.906219,4.055539,0.906219,0.000000,0.000000,1.000000
7130.000000,4.055539,0.906219,0.000000,0.000000,0.000000,0.000000,0.000000,0.000000,0.000000,0.096490,0.028883,0.028819,0.001921,-0.950184,0.000000,0.000000,0.000000,65535.000000,0.000000,0.000000,4.055539,0.906219,4.055539,0.906219,0.000000,0.000000,1.000000
7140.000000,4.055540,0.906521,0.000039,0.030127,0.000000,0.000000,0.000000,0.000000,0.000000,0.084678,0.028821,0.028817,0.000490,-1.006259,0.000000,0.000000,0.000000,65535.000000,0.000000,0.000000,4.055540,0.906521,4.055540,0.906521,0.000000,0.000000,1.000000
7150.000000,4.055521,0.906843,-0.001842,0.032265,0.000000,0.000000,0.000000,0.000000,0.000000,0.029825,0.030127,0.030124,-0.000388,-1.163818,0.000000,0.000000,0.000000,65535.000000,0.000000,0.000000,4.055521,0.906843,4.055521,0.906843,0.000000,0.000000,1.000000
7160.000000,4.055485,0.907199,-0.003645,0.035552,0.000000,0.000000,0.000000,0.000000,0.000000,0.087899,0.032318,0.032235,-0.002306,-1.004091,0.000000,0.000000,0.000000,65535.000000,0.000000,0.000000,4.055485,0.907199,4.055485,0.907199,0.000000,0.000000,1.000000
7170.000000,4.055451,0.907561,-0.003396,0.036242,0.000000,0.000000,0.000000,0.000000,0.000000,0.093587,0.035739,0.035494,-0.004173,-0.966785,0.000000,0.000000,0.000000,65535.000000,0.000000,0.000000,4.055451,0.907561,4.055451,0.907561,0.000000,0.000000,1.000000
7180.000000,4.055425,0.907947,-0.002553,0.038615,0.000000,0.000000,0.000000,0.000000,0.000000,0.093587,0.036401,0.036187,-0.003941,-0.957519,0.000000,0.000000,0.000000,65535.000000,0.000000,0.000000,4.055425,0.907947,4.055425,0.907947,0.000000,0.000000,1.000000
7190.000000,4.055398,0.908368,-0.002736,0.042043,0.000000,0.000000,0.000000,0.000000,0.000000,0.110136,0.038700,0.038575,-0.003109,-0.915122,0.000000,0.000000,0.000000,65535.000000,0.000000,0.000000,4.055398,0.908368,4.055398,0.908368,0.000000,0.000000,1.000000
7200.000000,4.055390,0.908829,-0.000778,0.046084,0.000000,0.000000,0.000000,0.000000,0.000000,0.140417,0.042132,0.042003,-0.003288,-0.901051,0.000000,0.000000,0.000000,65535.000000,0.000000,0.000000,4.055390,0.908829,4.055390,0.908829,0.000000,0.000000,1.000000
7210.000000,4.055401,0.909308,0.001117,0.047905,0.000000,0.000000,0.000000,0.000000,0.000000,0.150121,0.046091,0.046071,-0.001329,-0.884014,0.000000,0.000000,0.000000,65535.000000,0.000000,0.000000,4.055401,0.909308,4.055401,0.909308,0.000000,0.000000,1.000000
7220.000000,4.055425,0.909811,0.002333,0.050331,0.000000,0.000000,0.000000,0.000000,0.000000,0.157506,0.047918,0.047915,0.000562,-0.850987,0.000000,0.000000,0.000000,65535.000000,0.000000,0.000000,4.055425,0.909811,4.055425,0.909811,0.000000,0.000000,1.000000
7230.000000,4.055429,0.910356,0.000398,0.054470,0.000000,0.000000,0.000000,0.000000,0.000000,0.150871,0.050385,0.050355,0.001724,-0.817615,0.000000,0.000000,0.000000,65535.000000,0.000000,0.000000,4.055429,0.910356,4.055429,0.910356,0.000000,0.000000,1.000000
7240.000000,4.055462,0.910925,0.003343,0.056957,0.000000,0.000000,0.000000,0.000000,0.000000,0.182859,0.054472,0.054471,-0.000320,-0.719135,0.000000,0.000000,0.000000,65535.000000,0.000000,0.000000,4.055462,0.910925,4.055462,0.910925,0.000000,0.000000,1.000000
7250.000000,4.055527,0.911523,0.006483,0.059779,0.000000,0.000000,0.000000,0.000000,0.000000,0.188678,0.057055,0.056998,0.002561,-0.713995,0.000000,0.000000,0.000000,65535.000000,0.000000,0.000000,4.055527,0.911523,4.055527,0.911523,0.000000,0.000000,1.000000
7260.000000,4.055590,0.912198,0.006339,0.067434,0.000000,0.000000,0.000000,0.000000,0.000000,0.160465,0.060129,0.059858,0.005708,-0.708928,0.000000,0.000000,0.000000,65535.000000,0.000000,0.000000,4.055590,0.912198,4.055590,0.912198,0.000000,0.000000,1.000000
7270.000000,4.055646,0.912991,0.005620,0.079338,0.000000,0.000000,0.000000,0.000000,0.000000,0.101844,0.067731,0.067502,0.005573,-0.872431,0.000000,0.000000,0.000000,65535.000000,0.000000,0.000000,4.055646,0.912991,4.055646,0.912991,0.000000,0.000000,1.000000
7280.000000,4.055699,0.913897,0.005230,0.090570,0.000000,0.000000,0.000000,0.000000,0.000000,0.098785,0.079537,0.079392,0.004800,-0.876465,0.000000,0.000000,0.000000,65535.000000,0.000000,0.000000,4.055699,0.913897,4.055699,0.913897,0.000000,0.000000,1.000000
7290.000000,4.055784,0.914864,0.008479,0.096774,0.000000,0.000000,0.000000,0.000000,0.000000,0.182671,0.090721,0.090618,0.004326,-0.593685,0.000000,0.000000,0.000000,65535.000000,0.000000,0.000000,4.055784,0.914864,4.055784,0.914864,0.000000,0.000000,1.000000
7300.000000,4.055862,0.915883,0.007825,0.101912,0.000000,0.000000,0.000000,0.000000,0.000000,0.201607,0.097145,0.096856,0.007481,-0.565274,0.000000,0.000000,0.000000,65535.000000,0.000000,0.000000,4.055862,0.915883,4.055862,0.915883,0.000000,0.000000,1.000000
7310.000000,4.055964,0.916947,0.010198,0.106344,0.000000,0.000000,0.000000,0.000000,0.000000,0.201607,0.102212,0.101995,0.006661,-0.562093,0.000000,0.000000,0.000000,65535.000000,0.000000,0.000000,4.055964,0.916947,4.055964,0.916947,0.000000,0.000000,1.000000
7320.000000,4.056087,0.918123,0.012333,0.117571,0.000000,0.000000,0.000000,0.000000,0.000000,0.190465,0.106832,0.106459,0.008915,-0.630044,0.000000,0.000000,0.000000,65535.000000,0.000000,0.000000,4.056087,0.918123,4.056087,0.918123,0.000000,0.000000,1.000000
7330.000000,4.056168,0.919381,0.007995,0.125845,0.000000,0.000000,0.000000,0.000000,0.000000,0.137647,0.118217,0.117705,0.010988,-0.936996,0.000000,0.000000,0.000000,65535.000000,0.000000,0.000000,4.056168,0.919381,4.056168,0.919381,0.000000,0.000000,1.000000
7340.000000,4.056228,0.920723,0.006059,0.134183,0.000000,0.000000,0.000000,0.000000,0.000000,0.124399,0.126099,0.125918,0.006747,-0.857205,0.000000,0.000000,0.000000,65535.000000,0.000000,0.000000,4.056228,0.920723,4.056228,0.920723,0.000000,0.000000,1.000000
7350.000000,4.056299,0.922057,0.007065,0.133385,0.000000,0.000000,0.000000,0.000000,0.000000,0.217496,0.134319,0.134232,0.004832,-0.832011,0.000000,0.000000,0.000000,65535.000000,0.000000,0.000000,4.056299,0.922057,4.056299,0.922057,0.000000,0.000000,1.000000
7360.000000,4.056376,0.923373,0.007772,0.131580,0.000000,0.000000,0.000000,0.000000,0.000000,0.215437,0.133572,0.133449,0.005724,-0.729649,0.000000,0.000000,0.000000,65535.000000,0.000000,0.000000,4.056376,0.923373,4.056376,0.923373,0.000000,0.000000,1.000000
7370.000000,4.056451,0.924671,0.007432,0.129829,0.000000,0.000000,0.000000,0.000000,0.000000,0.135174,0.131809,0.131660,0.006272,-0.724358,0.000000,0.000000,0.000000,65535.000000,0.000000,0.000000,4.056451,0.924671,4.056451,0.924671,0.000000,0.000000,1.000000
7380.000000,4.056515,0.925939,0.006418,0.126805,0.000000,0.000000,0.000000,0.000000,0.000000,0.133896,0.130042,0.129907,0.005919,-0.723705,0.000000,0.000000,0.000000,65535.000000,0.000000,0.000000,4.056515,0.925939,4.056515,0.925939,0.000000,0.000000,1.000000
7390.000000,4.056531,0.927176,0.001619,0.123683,0.000000,0.000000,0.000000,0.000000,0.000000,0.132726,0.126967,0.126868,0.005013,-0.687876,0.000000,0.000000,0.000000,65535.000000,0.000000,0.000000,4.056531,0.927176,4.056531,0.927176,0.000000,0.000000,1.000000
7400.000000,4.056525,0.928387,-0.000604,0.121103,0.000000,0.000000,0.000000,0.000000,0.000000,0.199273,0.123694,0.123694,0.000321,-0.401422,0.000000,0.000000,0.000000,65535.000000,0.000000,0.000000,4.056525,0.928387,4.056525,0.928387,0.000000,0.000000,1.000000
7410.000000,4.056527,0.929549,0.000124,0.116226,0.000000,0.000000,0.000000,0.000000,0.000000,0.203092,0.121105,0.121090,-0.001871,-0.385470,0.000000,0.000000,0.000000,65535.000000,0.000000,0.000000,4.056527,0.929549,4.056527,0.929549,0.000000,0.000000,1.000000
7420.000000,4.056594,0.930674,0.006758,0.112508,0.000000,0.000000,0.000000,0.000000,0.000000,0.203092,0.116226,0.116221,-0.001149,-0.383989,0.000000,0.000000,0.000000,65535.000000,0.000000,0.000000,4.056594,0.930674,4.056594,0.930674,0.000000,0.000000,1.000000
7430.000000,4.056689,0.931776,0.009489,0.110236,0.000000,0.000000,0.000000,0.000000,0.000000,0.179678,0.112711,0.112576,0.005498,-0.461170,0.000000,0.000000,0.000000,65535.000000,0.000000,0.000000,4.056689,0.931776,4.056689,0.931776,0.000000,0.000000,1.000000
7440.000000,4.056899,0.932995,0.020968,0.121808,0.000000,0.000000,0.000000,0.000000,0.000000,0.152236,0.110643,0.110339,0.008201,-0.558707,0.000000,0.000000,0.000000,65535.000000,0.000000,0.000000,4.056899,0.932995,4.056899,0.932995,0.000000,0.000000,1.000000
7450.000000,4.057312,0.934406,0.041257,0.141183,0.000000,0.000000,0.000000,0.000000,0.000000,0.152236,0.123599,0.122050,0.019510,-0.551218,0.000000,0.000000,0.000000,65535.000000,0.000000,0.000000,4.057312,0.934406,4.057312,0.934406,0.000000,0.000000,1.000000
7460.000000,4.057674,0.935802,0.036230,0.139572,0.000000,0.000000,0.000000,0.000000,0.000000,0.151722,0.147088,0.141671,0.039551,-0.548193,0.000000,0.000000,0.000000,65535.000000,0.000000,0.000000,4.057674,0.935802,4.057674,0.935802,0.000000,0.000000,1.000000
7470.000000,4.057942,0.937064,0.026785,0.126223,0.000000,0.000000,0.000000,0.000000,0.000000,0.112949,0.144198,0.139979,0.034623,-0.731061,0.000000,0.000000,0.000000,65535.000000,0.000000,0.000000,4.057942,0.937064,4.057942,0.937064,0.000000,0.000000,1.000000
7480.000000,4.058097,0.938193,0.015478,0.112840,0.000000,0.000000,0.000000,0.000000,0.000000,0.112949,0.129033,0.126510,0.025395,-0.737206,0.000000,0.000000,0.000000,65535.000000,0.000000,0.000000,4.058097,0.938193,4.058097,0.938193,0.000000,0.000000,1.000000
7490.000000,4.058161,0.939206,0.006436,0.101376,0.000000,0.000000,0.000000,0.000000,0.000000,0.124929,0.113896,0.113006,0.014214,-0.819854,0.000000,0.000000,0.000000,65535.000000,0.000000,0.000000,4.058161,0.939206,4.058161,0.939206,0.000000,0.000000,1.000000
7500.000000,4.058191,0.940169,0.003010,0.096277,0.000000,0.000000,0.000000,0.000000,0.000000,0.151088,0.101581,0.101443,0.005281,-0.681556,0.000000,0.000000,0.000000,65535.000000,0.000000,0.000000,4.058191,0.940169,4.058191,0.940169,0.000000,0.000000,1.000000
7510.000000,4.058200,0.941101,0.000895,0.093149,0.000000,0.000000,0.000000,0.000000,0.000000,0.190015,0.096325,0.096306,0.001864,-0.646684,0.000000,0.000000,0.000000,65535.000000,0.000000,0.000000,4.058200,0.941101,4.058200,0.941101,0.000000,0.000000,1.000000
7520.000000,4.058202,0.941967,0.000180,0.086640,0.000000,0.000000,0.000000,0.000000,0.000000,0.193206,0.093153,0.093153,-0.000234,-0.642524,0.000000,0.000000,0.000000,65535.000000,0.000000,0.000000,4.058202,0.941967,4.058202,0.941967,0.000000,0.000000,1.000000
7530.000000,4.058192,0.942722,-0.001019,0.075456,0.000000,0.000000,0.000000,0.000000,0.000000,0.193206,0.086640,0.086636,-0.000833,-0.638714,0.000000,0.000000,0.000000,65535.000000,0.000000,0.000000,4.058192,0.942722,4.058192,0.942722,0.000000,0.000000,1.000000
7540.000000,4.058161,0.943395,-0.003132,0.067296,0.000000,0.000000,0.000000,0.000000,0.000000,0.139873,0.075462,0.075439,-0.001890,-0.704064,0.000000,0.000000,0.000000,65535.000000,0.000000,0.000000,4.058161,0.943395,4.058161,0.943395,0.000000,0.000000,1.000000
7550.000000,4.058165,0.943997,0.000374,0.060267,0.000000,0.000000,0.000000,0.000000,0.000000,0.139873,0.067369,0.067255,-0.003918,-0.701649,0.000000,0.000000,0.000000,65535.000000,0.000000,0.000000,4.058165,0.943997,4.058165,0.943997,0.000000,0.000000,1.000000
7560.000000,4.058176,0.944505,0.001084,0.050734,0.000000,0.000000,0.000000,0.000000,0.000000,0.095737,0.060268,0.060267,-0.000338,-0.730629,0.000000,0.000000,0.000000,65535.000000,0.000000,0.000000,4.058176,0.944505,4.058176,0.944505,0.000000,0.000000,1.000000
7570.000000,4.058177,0.944914,0.000104,0.040972,0.000000,0.000000,0.000000,0.000000,0.000000,0.095648,0.050745,0.050743,0.000482,-0.746269,0.000000,0.000000,0.000000,65535.000000,0.000000,0.000000,4.058177,0.944914,4.058177,0.944914,0.000000,0.000000,1.000000
7580.000000,4.058178,0.945258,0.000186,0.034315,0.000000,0.000000,0.000000,0.000000,0.000000,0.097395,0.040972,0.040970,-0.000393,-0.740735,0.000000,0.000000,0.000000,65535.000000,0.000000,0.000000,4.058178,0.945258,4.058178,0.945258,0.000000,0.000000,1.000000
7590.000000,4.058178,0.945258,0.000000,0.000000,0.000000,0.000000,0.000000,0.000000,0.000000,0.126669,0.034316,0.034315,-0.000242,-0.644506,0.000000,0.000000,0.000000,65535.000000,0.000000,0.000000,4.058178,0.945258,4.058178,0.945258,0.000000,0.000000,1.000000
7600.000000,4.058178,0.945258,0.000000,0.000000,0.000000,0.000000,0.000000,0.000000,0.000000,0.139955,0.026963,0.026957,0.000541,-0.600307,0.000000,0.000000,0.000000,65535.000000,0.000000,0.000000,4.058178,0.945258,4.058178,0.945258,0.000000,0.000000,1.000000
7610.000000,4.058178,0.945258,0.000000,0.000000,0.000000,0.000000,0.000000,0.000000,0.000000,0.139955,0.022655,0.022440,-0.003114,-0.596721,0.000000,0.000000,0.000000,65535.000000,0.000000,0.000000,4.058178,0.945258,4.058178,0.945258,0.000000,0.000000,1.000000
7620.000000,4.058178,0.945258,0.000000,0.000000,0.000000,0.000000,0.000000,0.000000,0.000000,0.134203,0.017872,0.017049,-0.005359,-0.616231,0.000000,0.000000,0.000000,65535.000000,0.000000,0.000000,4.058178,0.945258,4.058178,0.945258,0.000000,0.000000,1.000000
7630.000000,4.058178,0.945258,0.000000,0.000000,0.000000,0.000000,0.000000,0.000000,0.000000,0.063109,0.013923,0.011777,-0.007426,-0.860166,0.000000,0.000000,0.000000,65535.000000,0.000000,0.000000,4.058178,0.945258,4.058178,0.945258,0.000000,0.000000,1.000000
7640.000000,4.058178,0.945258,0.000000,0.000000,0.000000,0.000000,0.000000,0.000000,0.000000,0.032047,0.008387,0.005922,-0.005938,-0.935777,0.000000,0.000000,0.000000,65535.000000,0.000000,0.000000,4.058178,0.945258,4.058178,0.945258,0.000000,0.000000,1.000000
7650.000000,4.058178,0.945258,0.000000,0.000000,0.000000,0.000000,0.000000,0.000000,0.000000,0.045319,0.002979,0.000365,-0.002957,-0.925368,0.000000,0.000000,0.000000,65535.000000,0.000000,0.000000,4.058178,0.945258,4.058178,0.945258,0.000000,0.000000,1.000000
7660.000000,4.058178,0.945258,0.000000,0.000000,0.000000,0.000000,0.000000,0.000000,0.000000,0.059257,0.003727,-0.003701,-0.000437,-0.825011,0.000000,0.000000,0.000000,65535.000000,0.000000,0.000000,4.058178,0.945258,4.058178,0.945258,0.000000,0.000000,1.000000
7670.000000,4.058178,0.945258,0.000000,0.000000,0.000000,0.000000,0.000000,0.000000,0.000000,0.059257,0.006297,-0.006198,0.001110,-0.818254,0.000000,0.000000,0.000000,65535.000000,0.000000,0.000000,4.058178,0.945258,4.058178,0.945258,0.000000,0.000000,1.000000
7680.000000,4.058178,0.945258,0.000000,0.000000,0.000000,0.000000,0.000000,0.000000,0.000000,0.059257,0.006745,-0.006422,0.002060,-0.811606,0.000000,0.000000,0.000000,65535.000000,0.000000,0.000000,4.058178,0.945258,4.058178,0.945258,0.000000,0.000000,1.000000
7690.000000,4.058178,0.945258,0.000000,0.000000,0.000000,0.000000,0.000000,0.000000,0.000000,0.038262,0.005402,-0.005252,0.001265,-0.916250,0.000000,0.000000,0.000000,65535.000000,0.000000,0.000000,4.058178,0.945258,4.058178,0.945258,0.000000,0.000000,1.000000
7700.000000,4.058178,0.945258,0.000000,0.000000,0.000000,0.000000,0.000000,0.000000,0.000000,0.023630,0.004599,-0.004533,0.000777,-0.917358,0.000000,0.000000,0.000000,65535.000000,0.000000,0.000000,4.058178,0.945258,4.058178,0.945258,0.000000,0.000000,1.000000
7710.000000,4.058178,0.945258,0.000000,0.000000,0.000000,0.000000,0.000000,0.000000,0.000000,0.015324,0.004751,-0.004746,-0.000212,-0.926792,0.000000,0.000000,0.000000,65535.000000,0.000000,0.000000,4.058178,0.945258,4.058178,0.945258,0.000000,0.000000,1.000000
7720.000000,4.058178,0.945258,0.000000,0.000000,0.000000,0.000000,0.000000,0.000000,0.000000,0.011958,0.004403,-0.004223,0.001248,-0.948518,0.000000,0.000000,0.000000,65535.000000,0.000000,0.000000,4.058178,0.945258,4.058178,0.945258,0.000000,0.000000,1.000000
7730.000000,4.058178,0.945258,0.000000,0.000000,0.000000,0.000000,0.000000,0.000000,0.000000,0.010480,0.002704,-0.002593,0.000766,-0.926774,0.000000,0.000000,0.000000,65535.000000,0.000000,0.000000,4.058178,0.945258,4.058178,0.945258,0.000000,0.000000,1.000000
7740.000000,4.058178,0.945258,0.000000,0.000000,0.000000,0.000000,0.000000,0.000000,0.000000,0.011199,0.002257,-0.002246,-0.000219,-0.918256,0.000000,0.000000,0.000000,65535.000000,0.000000,0.000000,4.058178,0.945258,4.058178,0.945258,0.000000,0.000000,1.000000
7750.000000,4.058178,0.945258,0.000000,0.000000,0.000000,0.000000,0.000000,0.000000,0.000000,0.016678,0.001386,-0.001379,-0.000134,-0.909892,0.000000,0.000000,0.000000,65535.000000,0.000000,0.000000,4.058178,0.945258,4.058178,0.945258,0.000000,0.000000,1.000000
7760.000000,4.058178,0.945258,0.000000,0.000000,0.000000,0.000000,0.000000,0.000000,0.000000,0.016678,0.000851,-0.000847,-0.000082,-0.906611,0.000000,0.000000,0.000000,65535.000000,0.000000,0.000000,4.058178,0.945258,4.058178,0.945258,0.000000,0.000000,1.000000
7770.000000,4.058178,0.945258,0.000000,0.000000,0.000000,0.000000,0.000000,0.000000,0.000000,0.016678,0.000522,-0.000520,-0.000051,-0.898457,0.000000,0.000000,0.000000,65535.000000,0.000000,0.000000,4.058178,0.945258,4.058178,0.945258,0.000000,0.000000,1.000000
7780.000000,4.058178,0.945258,0.000000,0.000000,0.000000,0.000000,0.000000,0.000000,0.000000,0.012239,0.000321,-0.000319,-0.000031,-0.899187,0.000000,0.000000,0.000000,65535.000000,0.000000,0.000000,4.058178,0.945258,4.058178,0.945258,0.000000,0.000000,1.000000
7790.000000,4.058178,0.945258,0.000000,0.000000,0.000000,0.000000,0.000000,0.000000,0.000000,0.011450,0.000197,-0.000196,-0.000019,-0.876581,0.000000,0.000000,0.000000,65535.000000,0.000000,0.000000,4.058178,0.945258,4.058178,0.945258,0.000000,0.000000,1.000000
7800.000000,4.058178,0.945258,0.000000,0.000000,0.000000,0.000000,0.000000,0.000000,0.000000,0.011450,0.000121,-0.000120,-0.000012,-0.868956,0.000000,0.000000,0.000000,65535.000000,0.000000,0.000000,4.058178,0.945258,4.058178,0.945258,0.000000,0.000000,1.000000
7810.000000,4.058178,0.945258,0.000000,0.000000,0.000000,0.000000,0.000000,0.000000,0.000000,0.011450,0.000074,-0.000074,-0.000007,-0.861463,0.000000,0.000000,0.000000,65535.000000,0.000000,0.000000,4.058178,0.945258,4.058178,0.945258,0.000000,0.000000,1.000000
7820.000000,4.058178,0.945258,0.000000,0.000000,0.000000,0.000000,0.000000,0.000000,0.000000,0.010164,0.000046,-0.000045,-0.000004,-0.868624,0.000000,0.000000,0.000000,65535.000000,0.000000,0.000000,4.058178,0.945258,4.058178,0.945258,0.000000,0.000000,1.000000
7830.000000,4.058178,0.945258,0.000000,0.000000,0.000000,0.000000,0.000000,0.000000,0.000000,0.012522,0.000028,-0.000028,-0.000003,-0.857823,0.000000,0.000000,0.000000,65535.000000,0.000000,0.000000,4.058178,0.945258,4.058178,0.945258,0.000000,0.000000,1.000000
7840.000000,4.058178,0.945258,0.000000,0.000000,0.000000,0.000000,0.000000,0.000000,0.000000,0.012676,0.000017,-0.000017,-0.000002,-0.849940,0.000000,0.000000,0.000000,65535.000000,0.000000,0.000000,4.058178,0.945258,4.058178,0.945258,0.000000,0.000000,1.000000
7850.000000,4.058178,0.945258,0.000000,0.000000,0.000000,0.000000,0.000000,0.000000,0.000000,0.012676,0.000011,-0.000011,-0.000001,-0.842770,0.000000,0.000000,0.000000,65535.000000,0.000000,0.000000,4.058178,0.945258,4.058178,0.945258,0.000000,0.000000,1.000000
7860.000000,4.058178,0.945258,0.000000,0.000000,0.000000,0.000000,0.000000,0.000000,0.000000,0.012201,0.000006,-0.000006,-0.000001,-0.838910,0.000000,0.000000,0.000000,65535.000000,0.000000,0.000000,4.058178,0.945258,4.058178,0.945258,0.000000,0.000000,1.000000
7870.000000,4.058178,0.945258,0.000000,0.000000,0.000000,0.000000,0.000000,0.000000,0.000000,0.011327,0.000004,-0.000004,-0.000000,-0.815604,0.000000,0.000000,0.000000,65535.000000,0.000000,0.000000,4.058178,0.945258,4.058178,0.945258,0.000000,0.000000,1.000000
7880.000000,4.058178,0.945258,0.000000,0.000000,0.000000,0.000000,0.000000,0.000000,0.000000,0.011747,0.001306,0.001306,-0.000000,-0.806862,0.000000,0.000000,0.000000,65535.000000,0.000000,0.000000,4.058178,0.945258,4.058178,0.945258,0.000000,0.000000,1.000000
7890.000000,4.058178,0.945258,0.000000,0.000000,0.000000,0.000000,0.000000,0.000000,0.000000,0.013559,0.002521,0.002110,-0.001379,-0.800398,0.000000,0.000000,0.000000,65535.000000,0.000000,0.000000,4.058178,0.945258,4.058178,0.945258,0.000000,0.000000,1.000000
7900.000000,4.058178,0.945258,0.000000,0.000000,0.000000,0.000000,0.000000,0.000000,0.000000,0.013559,0.003425,0.002604,-0.002225,-0.801995,0.000000,0.000000,0.000000,65535.000000,0.000000,0.000000,4.058178,0.945258,4.058178,0.945258,0.000000,0.000000,1.000000
7910.000000,4.058178,0.945258,0.000000,0.000000,0.000000,0.000000,0.000000,0.000000,0.000000,0.025375,0.004432,0.004216,-0.001366,-0.697676,0.000000,0.000000,0.000000,65535.000000,0.000000,0.000000,4.058178,0.945258,4.058178,0.945258,0.000000,0.000000,1.000000
7920.000000,4.058178,0.945258,0.000000,0.000000,0.000000,0.000000,0.000000,0.000000,0.000000,0.045702,0.007867,0.007822,-0.000839,-0.680932,0.000000,0.000000,0.000000,65535.000000,0.000000,0.000000,4.058178,0.945258,4.058178,0.945258,0.000000,0.000000,1.000000
7930.000000,4.058178,0.945258,0.000000,0.000000,0.000000,0.000000,0.000000,0.000000,0.000000,0.045702,0.009460,0.009383,-0.001204,-0.676322,0.000000,0.000000,0.000000,65535.000000,0.000000,0.000000,4.058178,0.945258,4.058178,0.945258,0.000000,0.000000,1.000000
7940.000000,4.058178,0.945258,0.000000,0.000000,0.000000,0.000000,0.000000,0.000000,0.000000,0.042384,0.011736,0.011649,-0.001429,-0.686587,0.000000,0.000000,0.000000,65535.000000,0.000000,0.000000,4.058178,0.945258,4.058178,0.945258,0.000000,0.000000,1.000000
7950.000000,4.058178,0.945258,0.000000,0.000000,0.000000,0.000000,0.000000,0.000000,0.000000,0.032074,0.013704,0.013695,0.000501,-0.719011,0.000000,0.000000,0.000000,65535.000000,0.000000,0.000000,4.058178,0.945258,4.058178,0.945258,0.000000,0.000000,1.000000
7960.000000,4.058178,0.945258,0.000000,0.000000,0.000000,0.000000,0.000000,0.000000,0.000000,0.031897,0.015262,0.014951,0.003065,-0.715123,0.000000,0.000000,0.000000,65535.000000,0.000000,0.000000,4.058178,0.945258,4.058178,0.945258,0.000000,0.000000,1.000000
7970.000000,4.058178,0.945258,0.000000,0.000000,0.000000,0.000000,0.000000,0.000000,0.000000,0.018223,0.018470,0.017685,0.005328,-0.754187,0.000000,0.000000,0.000000,65535.000000,0.000000,0.000000,4.058178,0.945258,4.058178,0.945258,0.000000,0.000000,1.000000
7980.000000,4.058178,0.945258,0.000000,0.000000,0.000000,0.000000,0.000000,0.000000,0.000000,0.033641,0.020086,0.019364,0.005339,-0.708117,0.000000,0.000000,0.000000,65535.000000,0.000000,0.000000,4.058178,0.945258,4.058178,0.945258,0.000000,0.000000,1.000000
7990.000000,4.058178,0.945258,0.000000,0.000000,0.000000,0.000000,0.000000,0.000000,0.000000,0.034662,0.022352,0.021703,0.005346,-0.699122,0.000000,0.000000,0.000000,65535.000000,0.000000,0.000000,4.058178,0.945258,4.058178,0.945258,0.000000,0.000000,1.000000
8000.000000,4.058178,0.945258,0.000000,0.000000,0.000000,0.000000,0.000000,0.000000,0.000000,0.036734,0.024548,0.023793,0.006040,-0.659739,0.000000,0.000000,0.000000,65535.000000,0.000000,0.000000,4.058178,0.945258,4.058178,0.945258,0.000000,0.000000,1.000000
8010.000000,4.058262,0.945565,0.008402,0.030705,0.000000,0.000000,0.000000,0.000000,0.000000,0.108729,0.028783,0.027694,0.007844,-0.534366,0.000000,0.000000,0.000000,65535.000000,0.000000,0.000000,4.058262,0.945565,4.058262,0.945565,0.000000,0.000000,1.000000
8020.000000,4.058335,0.945917,0.007289,0.035202,0.000000,0.000000,0.000000,0.000000,0.000000,0.105673,0.031834,0.030743,0.008263,-0.531523,0.000000,0.000000,0.000000,65535.000000,0.000000,0.000000,4.058335,0.945917,4.058335,0.945917,0.000000,0.000000,1.000000
8030.000000,4.058415,0.946296,0.008012,0.037951,0.000000,0.000000,0.000000,0.000000,0.000000,0.099145,0.035949,0.035232,0.007141,-0.534942,0.000000,0.000000,0.000000,65535.000000,0.000000,0.000000,4.058415,0.946296,4.058415,0.946296,0.000000,0.000000,1.000000
8040.000000,4.058494,0.946725,0.007832,0.042904,0.000000,0.000000,0.000000,0.000000,0.000000,0.076922,0.038787,0.037988,0.007831,-0.545840,0.000000,0.000000,0.000000,65535.000000,0.000000,0.000000,4.058494,0.946725,4.058494,0.946725,0.000000,0.000000,1.000000
8050.000000,4.058544,0.947211,0.005027,0.048579,0.000000,0.000000,0.000000,0.000000,0.000000,0.076922,0.043613,0.042952,0.007565,-0.545647,0.000000,0.000000,0.000000,65535.000000,0.000000,0.000000,4.058544,0.947211,4.058544,0.947211,0.000000,0.000000,1.000000
8060.000000,4.058619,0.947810,0.007493,0.059884,0.000000,0.000000,0.000000,0.000000,0.000000,0.059686,0.048838,0.048617,0.004645,-0.582946,0.000000,0.000000,0.000000,65535.000000,0.000000,0.000000,4.058619,0.947810,4.058619,0.947810,0.000000,0.000000,1.000000
8070.000000,4.058701,0.948498,0.008222,0.068808,0.000000,0.000000,0.000000,0.000000,0.000000,0.069832,0.060351,0.059946,0.006988,-0.579564,0.000000,0.000000,0.000000,65535.000000,0.000000,0.000000,4.058701,0.948498,4.058701,0.948498,0.000000,0.000000,1.000000
8080.000000,4.058793,0.949260,0.009239,0.076261,0.000000,0.000000,0.000000,0.000000,0.000000,0.067301,0.069297,0.068864,0.007737,-0.599710,0.000000,0.000000,0.000000,65535.000000,0.000000,0.000000,4.058793,0.949260,4.058793,0.949260,0.000000,0.000000,1.000000
8090.000000,4.058891,0.950069,0.009843,0.080840,0.000000,0.000000,0.000000,0.000000,0.000000,0.039351,0.076819,0.076303,0.008886,-0.666854,0.000000,0.000000,0.000000,65535.000000,0.000000,0.000000,4.058891,0.950069,4.058891,0.950069,0.000000,0.000000,1.000000
8100.000000,4.058988,0.950938,0.009655,0.086911,0.000000,0.000000,0.000000,0.000000,0.000000,0.052554,0.081437,0.080870,0.009592,-0.628504,0.000000,0.000000,0.000000,65535.000000,0.000000,0.000000,4.058988,0.950938,4.058988,0.950938,0.000000,0.000000,1.000000
8110.000000,4.059078,0.951903,0.009051,0.096513,0.000000,0.000000,0.000000,0.000000,0.000000,0.092953,0.087446,0.086946,0.009336,-0.537981,0.000000,0.000000,0.000000,65535.000000,0.000000,0.000000,4.059078,0.951903,4.059078,0.951903,0.000000,0.000000,1.000000
8120.000000,4.059145,0.952986,0.006714,0.108311,0.000000,0.000000,0.000000,0.000000,0.000000,0.130437,0.096937,0.096564,0.008489,-0.367612,0.000000,0.000000,0.000000,65535.000000,0.000000,0.000000,4.059145,0.952986,4.059145,0.952986,0.000000,0.000000,1.000000
8130.000000,4.059169,0.954116,0.002337,0.112969,0.000000,0.000000,0.000000,0.000000,0.000000,0.160332,0.108519,0.108358,0.005902,-0.289723,0.000000,0.000000,0.000000,65535.000000,0.000000,0.000000,4.059169,0.954116,4.059169,0.954116,0.000000,0.000000,1.000000
8140.000000,4.059177,0.955274,0.000824,0.115820,0.000000,0.000000,0.000000,0.000000,0.000000,0.160332,0.112994,0.112983,0.001556,-0.288885,0.000000,0.000000,0.000000,65535.000000,0.000000,0.000000,4.059177,0.955274,4.059177,0.955274,0.000000,0.000000,1.000000
8150.000000,4.059210,0.956430,0.003310,0.115593,0.000000,0.000000,0.000000,0.000000,0.000000,0.135471,0.115823,0.115822,0.000266,-0.308352,0.000000,0.000000,0.000000,65535.000000,0.000000,0.000000,4.059210,0.956430,4.059210,0.956430,0.000000,0.000000,1.000000
8160.000000,4.059267,0.957591,0.005659,0.116103,0.000000,0.000000,0.000000,0.000000,0.000000,0.116640,0.115640,0.115603,0.002920,-0.307404,0.000000,0.000000,0.000000,65535.000000,0.000000,0.000000,4.059267,0.957591,4.059267,0.957591,0.000000,0.000000,1.000000
8170.000000,4.059290,0.958788,0.002400,0.119703,0.000000,0.000000,0.000000,0.000000,0.000000,0.099142,0.116241,0.116123,0.005240,-0.376589,0.000000,0.000000,0.000000,65535.000000,0.000000,0.000000,4.059290,0.958788,4.059290,0.958788,0.000000,0.000000,1.000000
8180.000000,4.059274,0.960066,-0.001598,0.127816,0.000000,0.000000,0.000000,0.000000,0.000000,0.099142,0.119727,0.119713,0.001839,-0.375175,0.000000,0.000000,0.000000,65535.000000,0.000000,0.000000,4.059274,0.960066,4.059274,0.960066,0.000000,0.000000,1.000000
8190.000000,4.059308,0.961348,0.003370,0.128179,0.000000,0.000000,0.000000,0.000000,0.000000,0.144400,0.127826,0.127805,-0.002318,-0.224037,0.000000,0.000000,0.000000,65535.000000,0.000000,0.000000,4.059308,0.961348,4.059308,0.961348,0.000000,0.000000,1.000000
8200.000000,4.059391,0.962626,0.008351,0.127749,0.000000,0.000000,0.000000,0.000000,0.000000,0.249422,0.128223,0.128195,0.002713,-0.092060,0.000000,0.000000,0.000000,65535.000000,0.000000,0.000000,4.059391,0.962626,4.059391,0.962626,0.000000,0.000000,1.000000
8210.000000,4.059498,0.963894,0.010668,0.126843,0.000000,0.000000,0.000000,0.000000,0.000000,0.275751,0.128021,0.127779,0.007869,-0.091976,0.000000,0.000000,0.000000,65535.000000,0.000000,0.000000,4.059498,0.963894,4.059498,0.963894,0.000000,0.000000,1.000000
8220.000000,4.059572,0.965203,0.007336,0.130875,0.000000,0.000000,0.000000,0.000000,0.000000,0.232556,0.127291,0.126870,0.010346,-0.142619,0.000000,0.000000,0.000000,65535.000000,0.000000,0.000000,4.059572,0.965203,4.059572,0.965203,0.000000,0.000000,1.000000
8230.000000,4.059667,0.966523,0.009515,0.132026,0.000000,0.000000,0.000000,0.000000,0.000000,0.257496,0.131081,0.130891,0.007042,-0.371042,0.000000,0.000000,0.000000,65535.000000,0.000000,0.000000,4.059667,0.966523,4.059667,0.966523,0.000000,0.000000,1.000000
8240.000000,4.059797,0.967830,0.012992,0.130755,0.000000,0.000000,0.000000,0.000000,0.000000,0.130144,0.132369,0.132052,0.009149,-0.268812,0.000000,0.000000,0.000000,65535.000000,0.000000,0.000000,4.059797,0.967830,4.059797,0.967830,0.000000,0.000000,1.000000
8250.000000,4.059893,0.969130,0.009655,0.129992,0.000000,0.000000,0.000000,0.000000,0.000000,0.130144,0.131399,0.130802,0.012510,-0.268091,0.000000,0.000000,0.000000,65535.000000,0.000000,0.000000,4.059893,0.969130,4.059893,0.969130,0.000000,0.000000,1.000000
8260.000000,4.059935,0.970445,0.004127,0.131508,0.000000,0.000000,0.000000,0.000000,0.000000,0.157937,0.130350,0.130034,0.009060,-0.118624,0.000000,0.000000,0.000000,65535.000000,0.000000,0.000000,4.059935,0.970445,4.059935,0.970445,0.000000,0.000000,1.000000
8270.000000,4.059989,0.971737,0.005503,0.129146,0.000000,0.000000,0.000000,0.000000,0.000000,0.157937,0.131572,0.131526,0.003495,-0.116941,0.000000,0.000000,0.000000,65535.000000,0.000000,0.000000,4.059989,0.971737,4.059989,0.971737,0.000000,0.000000,1.000000
8280.000000,4.060046,0.972981,0.005632,0.124429,0.000000,0.000000,0.000000,0.000000,0.000000,0.157937,0.129263,0.129170,0.004903,-0.116804,0.000000,0.000000,0.000000,65535.000000,0.000000,0.000000,4.060046,0.972981,4.060046,0.972981,0.000000,0.000000,1.000000
8290.000000,4.060096,0.974164,0.005021,0.118264,0.000000,0.000000,0.000000,0.000000,0.000000,0.137576,0.124557,0.124453,0.005078,-0.181150,0.000000,0.000000,0.000000,65535.000000,0.000000,0.000000,4.060096,0.974164,4.060096,0.974164,0.000000,0.000000,1.000000
8300.000000,4.060115,0.975309,0.001908,0.114491,0.000000,0.000000,0.000000,0.000000,0.000000,0.123868,0.118371,0.118285,0.004497,-0.291806,0.000000,0.000000,0.000000,65535.000000,0.000000,0.000000,4.060115,0.975309,4.060115,0.975309,0.000000,0.000000,1.000000
8310.000000,4.060122,0.976398,0.000660,0.108900,0.000000,0.000000,0.000000,0.000000,0.000000,0.160127,0.114507,0.114498,0.001382,-0.323931,0.000000,0.000000,0.000000,65535.000000,0.000000,0.000000,4.060122,0.976398,4.060122,0.976398,0.000000,0.000000,1.000000
8320.000000,4.060134,0.977426,0.001233,0.102845,0.000000,0.000000,0.000000,0.000000,0.000000,0.177343,0.108902,0.108902,0.000159,-0.177235,0.000000,0.000000,0.000000,65535.000000,0.000000,0.000000,4.060134,0.977426,4.060134,0.977426,0.000000,0.000000,1.000000
8330.000000,4.060170,0.978358,0.003618,0.093230,0.000000,0.000000,0.000000,0.000000,0.000000,0.200223,0.102852,0.102849,0.000787,-0.152272,0.000000,0.000000,0.000000,65535.000000,0.000000,0.000000,4.060170,0.978358,4.060170,0.978358,0.000000,0.000000,1.000000
8340.000000,4.060221,0.979166,0.005034,0.080787,0.000000,0.000000,0.000000,0.000000,0.000000,0.221076,0.093300,0.093244,0.003240,0.176028,0.000000,0.000000,0.000000,65535.000000,0.000000,0.000000,4.060221,0.979166,4.060221,0.979166,0.000000,0.000000,1.000000
8350.000000,4.060280,0.979885,0.005899,0.071840,0.000000,0.000000,0.000000,0.000000,0.000000,0.258555,0.080944,0.080804,0.004747,0.327908,0.000000,0.000000,0.000000,65535.000000,0.000000,0.000000,4.060280,0.979885,4.060280,0.979885,0.000000,0.000000,1.000000
8360.000000,4.060338,0.980555,0.005774,0.067000,0.000000,0.000000,0.000000,0.000000,0.000000,0.258555,0.072081,0.071858,0.005672,0.326835,0.000000,0.000000,0.000000,65535.000000,0.000000,0.000000,4.060338,0.980555,4.060338,0.980555,0.000000,0.000000,1.000000
8370.000000,4.060381,0.981182,0.004342,0.062723,0.000000,0.000000,0.000000,0.000000,0.000000,0.258555,0.067249,0.067019,0.005550,0.325769,0.000000,0.000000,0.000000,65535.000000,0.000000,0.000000,4.060381,0.981182,4.060381,0.981182,0.000000,0.000000,1.000000
8380.000000,4.060422,0.981763,0.004156,0.058131,0.000000,0.000000,0.000000,0.000000,0.000000,0.132232,0.062873,0.062740,0.004097,-0.392770,0.000000,0.000000,0.000000,65535.000000,0.000000,0.000000,4.060422,0.981763,4.060422,0.981763,0.000000,0.000000,1.000000
8390.000000,4.060483,0.982284,0.006092,0.052030,0.000000,0.000000,0.000000,0.000000,0.000000,0.112640,0.058279,0.058149,0.003894,-0.391232,0.000000,0.000000,0.000000,65535.000000,0.000000,0.000000,4.060483,0.982284,4.060483,0.982284,0.000000,0.000000,1.000000
8400.000000,4.060543,0.982753,0.005889,0.046983,0.000000,0.000000,0.000000,0.000000,0.000000,0.122647,0.052386,0.052060,0.005837,-0.449960,0.000000,0.000000,0.000000,65535.000000,0.000000,0.000000,4.060543,0.982753,4.060543,0.982753,0.000000,0.000000,1.000000
8410.000000,4.060614,0.983153,0.007130,0.039950,0.000000,0.000000,0.000000,0.000000,0.000000,0.122647,0.047351,0.047012,0.005652,-0.447942,0.000000,0.000000,0.000000,65535.000000,0.000000,0.000000,4.060614,0.983153,4.060614,0.983153,0.000000,0.000000,1.000000
8420.000000,4.060672,0.983516,0.005837,0.036295,0.000000,0.000000,0.000000,0.000000,0.000000,0.117968,0.040581,0.039987,0.006917,-0.481456,0.000000,0.000000,0.000000,65535.000000,0.000000,0.000000,4.060672,0.983516,4.060672,0.983516,0.000000,0.000000,1.000000
8430.000000,4.060730,0.983863,0.005738,0.034701,0.000000,0.000000,0.000000,0.000000,0.000000,0.046607,0.036762,0.036329,0.005625,-0.726883,0.000000,0.000000,0.000000,65535.000000,0.000000,0.000000,4.060730,0.983863,4.060730,0.983863,0.000000,0.000000,1.000000
8440.000000,4.060793,0.984167,0.006343,0.030447,0.000000,0.000000,0.000000,0.000000,0.000000,0.016968,0.035172,0.034736,0.005522,-0.816663,0.000000,0.000000,0.000000,65535.000000,0.000000,0.000000,4.060793,0.984167,4.060793,0.984167,0.000000,0.000000,1.000000
8450.000000,4.060793,0.984167,0.000000,0.000000,0.000000,0.000000,0.000000,0.000000,0.000000,0.018027,0.031101,0.030487,0.006148,-0.806653,0.000000,0.000000,0.000000,65535.000000,0.000000,0.000000,4.060793,0.984167,4.060793,0.984167,0.000000,0.000000,1.000000
8460.000000,4.060793,0.984167,0.000000,0.000000,0.000000,0.000000,0.000000,0.000000,0.000000,0.018588,0.027361,0.026570,0.006532,-0.798363,0.000000,0.000000,0.000000,65535.000000,0.000000,0.000000,4.060793,0.984167,4.060793,0.984167,0.000000,0.000000,1.000000
8470.000000,4.060793,0.984167,0.000000,0.000000,0.000000,0.000000,0.000000,0.000000,0.000000,0.048318,0.023483,0.022856,0.005389,-0.695698,0.000000,0.000000,0.000000,65535.000000,0.000000,0.000000,4.060793,0.984167,4.060793,0.984167,0.000000,0.000000,1.000000
8480.000000,4.060793,0.984167,0.000000,0.000000,0.000000,0.000000,0.000000,0.000000,0.000000,0.060831,0.019375,0.018613,0.005377,-0.671263,0.000000,0.000000,0.000000,65535.000000,0.000000,0.000000,4.060793,0.984167,4.060793,0.984167,0.000000,0.000000,1.000000
8490.000000,4.060793,0.984167,0.000000,0.000000,0.000000,0.000000,0.000000,0.000000,0.000000,0.069321,0.016498,0.016008,0.003991,-0.597016,0.000000,0.000000,0.000000,65535.000000,0.000000,0.000000,4.060793,0.984167,4.060793,0.984167,0.000000,0.000000,1.000000
8500.000000,4.060793,0.984167,0.000000,0.000000,0.000000,0.000000,0.000000,0.000000,0.000000,0.069321,0.012203,0.011792,0.003140,-0.590275,0.000000,0.000000,0.000000,65535.000000,0.000000,0.000000,4.060793,0.984167,4.060793,0.984167,0.000000,0.000000,1.000000
8510.000000,4.060793,0.984167,0.000000,0.000000,0.000000,0.000000,0.000000,0.000000,0.000000,0.067617,0.008317,0.007894,0.002617,-0.586807,0.000000,0.000000,0.000000,65535.000000,0.000000,0.000000,4.060793,0.984167,4.060793,0.984167,0.000000,0.000000,1.000000
8520.000000,4.060793,0.984167,0.000000,0.000000,0.000000,0.000000,0.000000,0.000000,0.000000,0.029418,0.004780,0.004193,0.002296,-0.750541,0.000000,0.000000,0.000000,65535.000000,0.000000,0.000000,4.060793,0.984167,4.060793,0.984167,0.000000,0.000000,1.000000
8530.000000,4.060793,0.984167,0.000000,0.000000,0.000000,0.000000,0.000000,0.000000,0.000000,0.040860,0.001895,0.001266,0.001410,-0.689841,0.000000,0.000000,0.000000,65535.000000,0.000000,0.000000,4.060793,0.984167,4.060793,0.984167,0.000000,0.000000,1.000000
8540.000000,4.060793,0.984167,0.000000,0.000000,0.000000,0.000000,0.000000,0.000000,0.000000,0.040860,0.000738,-0.000531,-0.000513,-0.685110,0.000000,0.000000,0.000000,65535.000000,0.000000,0.000000,4.060793,0.984167,4.060793,0.984167,0.000000,0.000000,1.000000
8550.000000,4.060793,0.984167,0.000000,0.000000,0.000000,0.000000,0.000000,0.000000,0.000000,0.039714,0.002354,-0.001635,-0.001694,-0.686716,0.000000,0.000000,0.000000,65535.000000,0.000000,0.000000,4.060793,0.984167,4.060793,0.984167,0.000000,0.000000,1.000000
8560.000000,4.060793,0.984167,0.000000,0.000000,0.000000,0.000000,0.000000,0.000000,0.000000,0.030476,0.003767,-0.003621,-0.001040,-0.744831,0.000000,0.000000,0.000000,65535.000000,0.000000,0.000000,4.060793,0.984167,4.060793,0.984167,0.000000,0.000000,1.000000
8570.000000,4.060793,0.984167,0.000000,0.000000,0.000000,0.000000,0.000000,0.000000,0.000000,0.031045,0.002878,-0.002877,0.000051,-0.696696,0.000000,0.000000,0.000000,65535.000000,0.000000,0.000000,4.060793,0.984167,4.060793,0.984167,0.000000,0.000000,1.000000
8580.000000,4.060793,0.984167,0.000000,0.000000,0.000000,0.000000,0.000000,0.000000,0.000000,0.031045,0.001767,-0.001767,0.000031,-0.690879,0.000000,0.000000,0.000000,65535.000000,0.000000,0.000000,4.060793,0.984167,4.060793,0.984167,0.000000,0.000000,1.000000
8590.000000,4.060793,0.984167,0.000000,0.000000,0.000000,0.000000,0.000000,0.000000,0.000000,0.031045,0.001085,-0.001085,0.000019,-0.686134,0.000000,0.000000,0.000000,65535.000000,0.000000,0.000000,4.060793,0.984167,4.060793,0.984167,0.000000,0.000000,1.000000
8600.000000,4.060793,0.984167,0.000000,0.000000,0.000000,0.000000,0.000000,0.000000,0.000000,0.019046,0.000666,-0.000666,0.000012,-0.726076,0.000000,0.000000,0.000000,65535.000000,0.000000,0.000000,4.060793,0.984167,4.060793,0.984167,0.000000,0.000000,1.000000
8610.000000,4.060793,0.984167,0.000000,0.000000,0.000000,0.000000,0.000000,0.000000,0.000000,0.019046,0.000409,-0.000409,0.000007,-0.720837,0.000000,0.000000,0.000000,65535.000000,0.000000,0.000000,4.060793,0.984167,4.060793,0.984167,0.000000,0.000000,1.000000
8620.000000,4.060793,0.984167,0.000000,0.000000,0.000000,0.000000,0.000000,0.000000,0.000000,0.019046,0.000251,-0.000251,0.000004,-0.715673,0.000000,0.000000,0.000000,65535.000000,0.000000,0.000000,4.060793,0.984167,4.060793,0.984167,0.000000,0.000000,1.000000
8630.000000,4.060793,0.984167,0.000000,0.000000,0.000000,0.000000,0.000000,0.000000,0.000000,0.013536,0.000154,-0.000154,0.000003,-0.734056,0.000000,0.000000,0.000000,65535.000000,0.000000,0.000000,4.060793,0.984167,4.060793,0.984167,0.000000,0.000000,1.000000
8640.000000,4.060793,0.984167,0.000000,0.000000,0.000000,0.000000,0.000000,0.000000,0.000000,0.013336,0.000095,-0.000095,0.000002,-0.731397,0.000000,0.000000,0.000000,65535.000000,0.000000,0.000000,4.060793,0.984167,4.060793,0.984167,0.000000,0.000000,1.000000
8650.000000,4.060793,0.984167,0.000000,0.000000,0.000000,0.000000,0.000000,0.000000,0.000000,0.012996,0.000058,-0.000058,0.000001,-0.726546,0.000000,0.000000,0.000000,65535.000000,0.000000,0.000000,4.060793,0.984167,4.060793,0.984167,0.000000,0.000000,1.000000
8660.000000,4.060793,0.984167,0.000000,0.000000,0.000000,0.000000,0.000000,0.000000,0.000000,0.012996,0.000036,-0.000036,0.000001,-0.721300,0.000000,0.000000,0.000000,65535.000000,0.000000,0.000000,4.060793,0.984167,4.060793,0.984167,0.000000,0.000000,1.000000
8670.000000,4.060793,0.984167,0.000000,0.000000,0.000000,0.000000,0.000000,0.000000,0.000000,0.009515,0.000022,-0.000022,0.000000,-0.724371,0.000000,0.000000,0.000000,65535.000000,0.000000,0.000000,4.060793,0.984167,4.060793,0.984167,0.000000,0.000000,1.000000
8680.000000,4.060793,0.984167,0.000000,0.000000,0.000000,0.000000,0.000000,0.000000,0.000000,0.008927,0.000013,-0.000013,0.000000,-0.730089,0.000000,0.000000,0.000000,65535.000000,0.000000,0.000000,4.060793,0.984167,4.060793,0.984167,0.000000,0.000000,1.000000
8690.000000,4.060793,0.984167,0.000000,0.000000,0.000000,0.000000,0.000000,0.000000,0.000000,0.009035,0.000008,-0.000008,0.000000,-0.722777,0.000000,0.000000,0.000000,65535.000000,0.000000,0.000000,4.060793,0.984167,4.060793,0.984167,0.000000,0.000000,1.000000
8700.000000,4.060793,0.984167,0.000000,0.000000,0.000000,0.000000,0.000000,0.000000,0.000000,0.009035,0.000005,-0.000005,0.000000,-0.717585,0.000000,0.000000,0.000000,65535.000000,0.000000,0.000000,4.060793,0.984167,4.060793,0.984167,0.000000,0.000000,1.000000
8710.000000,4.060793,0.984167,0.000000,0.000000,0.000000,0.000000,0.000000,0.000000,0.000000,0.008504,0.000003,-0.000003,0.000000,-0.721955,0.000000,0.000000,0.000000,65535.000000,0.000000,0.000000,4.060793,0.984167,4.060793,0.984167,0.000000,0.000000,1.000000
8720.000000,4.060793,0.984167,0.000000,0.000000,0.000000,0.000000,0.000000,0.000000,0.000000,0.006968,0.000002,-0.000002,0.000000,-0.716775,0.000000,0.000000,0.000000,65535.000000,0.000000,0.000000,4.060793,0.984167,4.060793,0.984167,0.000000,0.000000,1.000000
8730.000000,4.060793,0.984167,0.000000,0.000000,0.000000,0.000000,0.000000,0.000000,0.000000,0.006968,0.000001,-0.000001,0.000000,-0.707214,0.000000,0.000000,0.000000,65535.000000,0.000000,0.000000,4.060793,0.984167,4.060793,0.984167,0.000000,0.000000,1.000000
8740.000000,4.060793,0.984167,0.000000,0.000000,0.000000,0.000000,0.000000,0.000000,0.000000,0.006692,0.000001,-0.000001,0.000000,-0.702006,0.000000,0.000000,0.000000,65535.000000,0.000000,0.000000,4.060793,0.984167,4.060793,0.984167,0.000000,0.000000,1.000000
8750.000000,4.060793,0.984167,0.000000,0.000000,0.000000,0.000000,0.000000,0.000000,0.000000,0.008162,0.000000,-0.000000,0.000000,-0.697107,0.000000,0.000000,0.000000,65535.000000,0.000000,0.000000,4.060793,0.984167,4.060793,0.984167,0.000000,0.000000,1.000000
8760.000000,4.060793,0.984167,0.000000,0.000000,0.000000,0.000000,0.000000,0.000000,0.000000,0.008681,0.000000,-0.000000,0.000000,-0.701212,0.000000,0.000000,0.000000,65535.000000,0.000000,0.000000,4.060793,0.984167,4.060793,0.984167,0.000000,0.000000,1.000000
8770.000000,4.060793,0.984167,0.000000,0.000000,0.000000,0.000000,0.000000,0.000000,0.000000,0.008681,0.000000,-0.000000,0.000000,-0.707565,0.000000,0.000000,0.000000,65535.000000,0.000000,0.000000,4.060793,0.984167,4.060793,0.984167,0.000000,0.000000,1.000000
8780.000000,4.060793,0.984167,0.000000,0.000000,0.000000,0.000000,0.000000,0.000000,0.000000,0.008489,0.000000,-0.000000,0.000000,-0.696659,0.000000,0.000000,0.000000,65535.000000,0.000000,0.000000,4.060793,0.984167,4.060793,0.984167,0.000000,0.000000,1.000000
8790.000000,4.060793,0.984167,0.000000,0.000000,0.000000,0.000000,0.000000,0.000000,0.000000,0.007009,0.000000,-0.000000,0.000000,-0.691834,0.000000,0.000000,0.000000,65535.000000,0.000000,0.000000,4.060793,0.984167,4.060793,0.984167,0.000000,0.000000,1.000000
8800.000000,4.060793,0.984167,0.000000,0.000000,0.000000,0.000000,0.000000,0.000000,0.000000,0.007081,0.000000,-0.000000,0.000000,-0.683806,0.000000,0.000000,0.000000,65535.000000,0.000000,0.000000,4.060793,0.984167,4.060793,0.984167,0.000000,0.000000,1.000000
8810.000000,4.060793,0.984167,0.000000,0.000000,0.000000,0.000000,0.000000,0.000000,0.000000,0.007081,0.000000,-0.000000,0.000000,-0.679096,0.000000,0.000000,0.000000,65535.000000,0.000000,0.000000,4.060793,0.984167,4.060793,0.984167,0.000000,0.000000,1.000000
8820.000000,4.060793,0.984167,0.000000,0.000000,0.000000,0.000000,0.000000,0.000000,0.000000,0.006911,0.000000,-0.000000,0.000000,-0.674510,0.000000,0.000000,0.000000,65535.000000,0.000000,0.000000,4.060793,0.984167,4.060793,0.984167,0.000000,0.000000,1.000000
8830.000000,4.060793,0.984167,0.000000,0.000000,0.000000,0.000000,0.000000,0.000000,0.000000,0.006143,0.000000,-0.000000,0.000000,-0.672567,0.000000,0.000000,0.000000,65535.000000,0.000000,0.000000,4.060793,0.984167,4.060793,0.984167,0.000000,0.000000,1.000000
8840.000000,4.060793,0.984167,0.000000,0.000000,0.000000,0.000000,0.000000,0.000000,0.000000,0.005461,0.000000,-0.000000,0.000000,-0.676448,0.000000,0.000000,0.000000,65535.000000,0.000000,0.000000,4.060793,0.984167,4.060793,0.984167,0.000000,0.000000,1.000000
8850.000000,4.060793,0.984167,0.000000,0.000000,0.000000,0.000000,0.000000,0.000000,0.000000,0.004854,0.000000,-0.000000,0.000000,-0.671899,0.000000,0.000000,0.000000,65535.000000,0.000000,0.000000,4.060793,0.984167,4.060793,0.984167,0.000000,0.000000,1.000000
8860.000000,4.060793,0.984167,0.000000,0.000000,0.000000,0.000000,0.000000,0.000000,0.000000,0.004315,0.000000,-0.000000,0.000000,-0.663244,0.000000,0.000000,0.000000,65535.000000,0.000000,0.000000,4.060793,0.984167,4.060793,0.984167,0.000000,0.000000,1.000000
8870.000000,4.060793,0.984167,0.000000,0.000000,0.000000,0.000000,0.000000,0.000000,0.000000,0.003835,0.000000,-0.000000,0.000000,-0.656623,0.000000,0.000000,0.000000,65535.000000,0.000000,0.000000,4.060793,0.984167,4.060793,0.984167,0.000000,0.000000,1.000000
8880.000000,4.060793,0.984167,0.000000,0.000000,0.000000,0.000000,0.000000,0.000000,0.000000,0.003409,0.000000,-0.000000,0.000000,-0.652336,0.000000,0.000000,0.000000,65535.000000,0.000000,0.000000,4.060793,0.984167,4.060793,0.984167,0.000000,0.000000,1.000000
8890.000000,4.060793,0.984167,0.000000,0.000000,0.000000,0.000000,0.000000,0.000000,0.000000,0.003030,0.000000,-0.000000,0.000000,-0.648401,0.000000,0.000000,0.000000,65535.000000,0.000000,0.000000,4.060793,0.984167,4.060793,0.984167,0.000000,0.000000,1.000000
8900.000000,4.060793,0.984167,0.000000,0.000000,0.000000,0.000000,0.000000,0.000000,0.000000,0.002694,0.000000,-0.000000,0.000000,-0.646095,0.000000,0.000000,0.000000,65535.000000,0.000000,0.000000,4.060793,0.984167,4.060793,0.984167,0.000000,0.000000,1.000000
8910.000000,4.060793,0.984167,0.000000,0.000000,0.000000,0.000000,0.000000,0.000000,0.000000,0.002394,0.000000,-0.000000,0.000000,-0.642121,0.000000,0.000000,0.000000,65535.000000,0.000000,0.000000,4.060793,0.984167,4.060793,0.984167,0.000000,0.000000,1.000000
8920.000000,4.060793,0.984167,0.000000,0.000000,0.000000,0.000000,0.000000,0.000000,0.000000,0.002128,0.000000,-0.000000,0.000000,-0.642152,0.000000,0.000000,0.000000,65535.000000,0.000000,0.000000,4.060793,0.984167,4.060793,0.984167,0.000000,0.000000,1.000000
8930.000000,4.060793,0.984167,0.000000,0.000000,0.000000,0.000000,0.000000,0.000000,0.000000,0.001892,0.000000,-0.000000,0.000000,-0.634162,0.000000,0.000000,0.000000,65535.000000,0.000000,0.000000,4.060793,0.984167,4.060793,0.984167,0.000000,0.000000,1.000000
8940.000000,4.060793,0.984167,0.000000,0.000000,0.000000,0.000000,0.000000,0.000000,0.000000,0.001834,0.000000,-0.000000,0.000000,-0.626222,0.000000,0.000000,0.000000,65535.000000,0.000000,0.000000,4.060793,0.984167,4.060793,0.984167,0.000000,0.000000,1.000000
8950.000000,4.060793,0.984167,0.000000,0.000000,0.000000,0.000000,0.000000,0.000000,0.000000,0.001631,0.000000,-0.000000,0.000000,-0.622321,0.000000,0.000000,0.000000,65535.000000,0.000000,0.000000,4.060793,0.984167,4.060793,0.984167,0.000000,0.000000,1.000000
8960.000000,4.060793,0.984167,0.000000,0.000000,0.000000,0.000000,0.000000,0.000000,0.000000,0.001449,0.000000,-0.000000,0.000000,-0.618468,0.000000,0.000000,0.000000,65535.000000,0.000000,0.000000,4.060793,0.984167,4.060793,0.984167,0.000000,0.000000,1.000000
8970.000000,4.060793,0.984167,0.000000,0.000000,0.000000,0.000000,0.000000,0.000000,0.000000,0.001288,0.000000,-0.000000,0.000000,-0.617718,0.000000,0.000000,0.000000,65535.000000,0.000000,0.000000,4.060793,0.984167,4.060793,0.984167,0.000000,0.000000,1.000000
8980.000000,4.060793,0.984167,0.000000,0.000000,0.000000,0.000000,0.000000,0.000000,0.000000,0.001145,0.000000,-0.000000,0.000000,-0.611382,0.000000,0.000000,0.000000,65535.000000,0.000000,0.000000,4.060793,0.984167,4.060793,0.984167,0.000000,0.000000,1.000000
8990.000000,4.060793,0.984167,0.000000,0.000000,0.000000,0.000000,0.000000,0.000000,0.000000,0.001018,0.000000,-0.000000,0.000000,-0.607663,0.000000,0.000000,0.000000,65535.000000,0.000000,0.000000,4.060793,0.984167,4.060793,0.984167,0.000000,0.000000,1.000000
9000.000000,4.060793,0.984167,0.000000,0.000000,0.000000,0.000000,0.000000,0.000000,0.000000,0.000905,0.000000,-0.000000,0.000000,-0.605758,0.000000,0.000000,0.000000,65535.000000,0.000000,0.000000,4.060793,0.984167,4.060793,0.984167,0.000000,0.000000,1.000000
9010.000000,4.060793,0.984167,0.000000,0.000000,0.000000,0.000000,0.000000,0.000000,0.000000,0.000804,0.000000,-0.000000,0.000000,-0.604239,0.000000,0.000000,0.000000,65535.000000,0.000000,0.000000,4.060793,0.984167,4.060793,0.984167,0.000000,0.000000,1.000000
9020.000000,4.060793,0.984167,0.000000,0.000000,0.000000,0.000000,0.000000,0.000000,0.000000,0.000715,0.000000,-0.000000,0.000000,-0.600606,0.000000,0.000000,0.000000,65535.000000,0.000000,0.000000,4.060793,0.984167,4.060793,0.984167,0.000000,0.000000,1.000000
9030.000000,4.060793,0.984167,0.000000,0.000000,0.000000,0.000000,0.000000,0.000000,0.000000,0.000636,0.000000,-0.000000,0.000000,-0.599394,0.000000,0.000000,0.000000,65535.000000,0.000000,0.000000,4.060793,0.984167,4.060793,0.984167,0.000000,0.000000,1.000000
9040.000000,4.060793,0.984167,0.000000,0.000000,0.000000,0.000000,0.000000,0.000000,0.000000,0.000565,0.000000,-0.000000,0.000000,-0.595731,0.000000,0.000000,0.000000,65535.000000,0.000000,0.000000,4.060793,0.984167,4.060793,0.984167,0.000000,0.000000,1.000000
9050.000000,4.060793,0.984167,0.000000,0.000000,0.000000,0.000000,0.000000,0.000000,0.000000,0.000502,0.000000,-0.000000,0.000000,-0.592200,0.000000,0.000000,0.000000,65535.000000,0.000000,0.000000,4.060793,0.984167,4.060793,0.984167,0.000000,0.000000,1.000000
9060.000000,4.060793,0.984167,0.000000,0.000000,0.000000,0.000000,0.000000,0.000000,0.000000,0.000446,0.000000,-0.000000,0.000000,-0.591212,0.000000,0.000000,0.000000,65535.000000,0.000000,0.000000,4.060793,0.984167,4.060793,0.984167,0.000000,0.000000,1.000000
9070.000000,4.060793,0.984167,0.000000,0.000000,0.000000,0.000000,0.000000,0.000000,0.000000,0.000397,0.000000,-0.000000,0.000000,-0.583847,0.000000,0.000000,0.000000,65535.000000,0.000000,0.000000,4.060793,0.984167,4.060793,0.984167,0.000000,0.000000,1.000000
9080.000000,4.060793,0.984167,0.000000,0.000000,0.000000,0.000000,0.000000,0.000000,0.000000,0.000353,0.000000,-0.000000,0.000000,-0.580455,0.000000,0.000000,0.000000,65535.000000,0.000000,0.000000,4.060793,0.984167,4.060793,0.984167,0.000000,0.000000,1.000000
9090.000000,4.060793,0.984167,0.000000,0.000000,0.000000,0.000000,0.000000,0.000000,0.000000,0.000313,0.000000,-0.000000,0.000000,-0.577165,0.000000,0.000000,0.000000,65535.000000,0.000000,0.000000,4.060793,0.984167,4.060793,0.984167,0.000000,0.000000,1.000000
9100.000000,4.060793,0.984167,0.000000,0.000000,0.000000,0.000000,0.000000,0.000000,0.000000,0.000279,0.000000,-0.000000,0.000000,-0.569036,0.000000,0.000000,0.000000,65535.000000,0.000000,0.000000,4.060793,0.984167,4.060793,0.984167,0.000000,0.000000,1.000000
9110.000000,4.060793,0.984167,0.000000,0.000000,0.000000,0.000000,0.000000,0.000000,0.000000,0.000248,0.000000,-0.000000,0.000000,-0.565722,0.000000,0.000000,0.000000,65535.000000,0.000000,0.000000,4.060793,0.984167,4.060793,0.984167,0.000000,0.000000,1.000000
9120.000000,4.060793,0.984167,0.000000,0.000000,0.000000,0.000000,0.000000,0.000000,0.000000,0.000220,0.000000,-0.000000,0.000000,-0.562536,0.000000,0.000000,0.000000,65535.000000,0.000000,0.000000,4.060793,0.984167,4.060793,0.984167,0.000000,0.000000,1.000000
9130.000000,4.060793,0.984167,0.000000,0.000000,0.000000,0.000000,0.000000,0.000000,0.000000,0.000196,0.000000,-0.000000,0.000000,-0.562003,0.000000,0.000000,0.000000,65535.000000,0.000000,0.000000,4.060793,0.984167,4.060793,0.984167,0.000000,0.000000,1.000000
9140.000000,4.060793,0.984167,0.000000,0.000000,0.000000,0.000000,0.000000,0.000000,0.000000,0.000174,0.000000,-0.000000,0.000000,-0.563219,0.000000,0.000000,0.000000,65535.000000,0.000000,0.000000,4.060793,0.984167,4.060793,0.984167,0.000000,0.000000,1.000000
9150.000000,4.060793,0.984167,0.000000,0.000000,0.000000,0.000000,0.000000,0.000000,0.000000,0.000155,0.000000,-0.000000,0.000000,-0.558067,0.000000,0.000000,0.000000,65535.000000,0.000000,0.000000,4.060793,0.984167,4.060793,0.984167,0.000000,0.000000,1.000000
9160.000000,4.060793,0.984167,0.000000,0.000000,0.000000,0.000000,0.000000,0.000000,0.000000,0.000137,0.000000,-0.000000,0.000000,-0.551930,0.000000,0.000000,0.000000,65535.000000,0.000000,0.000000,4.060793,0.984167,4.060793,0.984167,0.000000,0.000000,1.000000
9170.000000,4.060793,0.984167,0.000000,0.000000,0.000000,0.000000,0.000000,0.000000,0.000000,0.000122,0.000000,-0.000000,0.000000,-0.547270,0.000000,0.000000,0.000000,65535.000000,0.000000,0.000000,4.060793,0.984167,4.060793,0.984167,0.000000,0.000000,1.000000
9180.000000,4.060793,0.984167,0.000000,0.000000,0.000000,0.000000,0.000000,0.000000,0.000000,0.000109,0.000000,-0.000000,0.000000,-0.544289,0.000000,0.000000,0.000000,65535.000000,0.000000,0.000000,4.060793,0.984167,4.060793,0.984167,0.000000,0.000000,1.000000
9190.000000,4.060793,0.984167,0.000000,0.000000,0.000000,0.000000,0.000000,0.000000,0.000000,0.000097,0.000000,-0.000000,0.000000,-0.542411,0.000000,0.000000,0.000000,65535.000000,0.000000,0.000000,4.060793,0.984167,4.060793,0.984167,0.000000,0.000000,1.000000
9200.000000,4.060793,0.984167,0.000000,0.000000,0.000000,0.000000,0.000000,0.000000,0.000000,0.000086,0.000000,-0.000000,0.000000,-0.539482,0.000000,0.000000,0.000000,65535.000000,0.000000,0.000000,4.060793,0.984167,4.060793,0.984167,0.000000,0.000000,1.000000
9210.000000,4.060793,0.984167,0.000000,0.000000,0.000000,0.000000,0.000000,0.000000,0.000000,0.000076,0.000000,-0.000000,0.000000,-0.540957,0.000000,0.000000,0.000000,65535.000000,0.000000,0.000000,4.060793,0.984167,4.060793,0.984167,0.000000,0.000000,1.000000
9220.000000,4.060793,0.984167,0.000000,0.000000,0.000000,0.000000,0.000000,0.000000,0.000000,0.000068,0.000000,-0.000000,0.000000,-0.540205,0.000000,0.000000,0.000000,65535.000000,0.000000,0.000000,4.060793,0.984167,4.060793,0.984167,0.000000,0.000000,1.000000
9230.000000,4.060793,0.984167,0.000000,0.000000,0.000000,0.000000,0.000000,0.000000,0.000000,0.000060,0.000000,-0.000000,0.000000,-0.538232,0.000000,0.000000,0.000000,65535.000000,0.000000,0.000000,4.060793,0.984167,4.060793,0.984167,0.000000,0.000000,1.000000
9240.000000,4.060793,0.984167,0.000000,0.000000,0.000000,0.000000,0.000000,0.000000,0.000000,0.000054,0.000000,-0.000000,0.000000,-0.533759,0.000000,0.000000,0.000000,65535.000000,0.000000,0.000000,4.060793,0.984167,4.060793,0.984167,0.000000,0.000000,1.000000
9250.000000,4.060793,0.984167,0.000000,0.000000,0.000000,0.000000,0.000000,0.000000,0.000000,0.000048,0.000000,-0.000000,0.000000,-0.524884,0.000000,0.000000,0.000000,65535.000000,0.000000,0.000000,4.060793,0.984167,4.060793,0.984167,0.000000,0.000000,1.000000
9260.000000,4.060793,0.984167,0.000000,0.000000,0.000000,0.000000,0.000000,0.000000,0.000000,0.000042,0.000000,-0.000000,0.000000,-0.521875,0.000000,0.000000,0.000000,65535.000000,0.000000,0.000000,4.060793,0.984167,4.060793,0.984167,0.000000,0.000000,1.000000
9270.000000,4.060793,0.984167,0.000000,0.000000,0.000000,0.000000,0.000000,0.000000,0.000000,0.000038,0.000000,-0.000000,0.000000,-0.519163,0.000000,0.000000,0.000000,65535.000000,0.000000,0.000000,4.060793,0.984167,4.060793,0.984167,0.000000,0.000000,1.000000
9280.000000,4.060793,0.984167,0.000000,0.000000,0.000000,0.000000,0.000000,0.000000,0.000000,0.000033,0.000000,-0.000000,0.000000,-0.517086,0.000000,0.000000,0.000000,65535.000000,0.000000,0.000000,4.060793,0.984167,4.060793,0.984167,0.000000,0.000000,1.000000
9290.000000,4.060793,0.984167,0.000000,0.000000,0.000000,0.000000,0.000000,0.000000,0.000000,0.000030,0.000000,-0.000000,0.000000,-0.522860,0.000000,0.000000,0.000000,65535.000000,0.000000,0.000000,4.060793,0.984167,4.060793,0.984167,0.000000,0.000000,1.000000
9300.000000,4.060793,0.984167,0.000000,0.000000,0.000000,0.000000,0.000000,0.000000,0.000000,0.000026,0.000000,-0.000000,0.000000,-0.520138,0.000000,0.000000,0.000000,65535.000000,0.000000,0.000000,4.060793,0.984167,4.060793,0.984167,0.000000,0.000000,1.000000
9310.000000,4.060793,0.984167,0.000000,0.000000,0.000000,0.000000,0.000000,0.000000,0.000000,0.000023,0.000000,-0.000000,0.000000,-0.508825,0.000000,0.000000,0.000000,65535.000000,0.000000,0.000000,4.060793,0.984167,4.060793,0.984167,0.000000,0.000000,1.000000
9320.000000,4.060793,0.984167,0.000000,0.000000,0.000000,0.000000,0.000000,0.000000,0.000000,0.000021,0.000000,-0.000000,0.000000,-0.506183,0.000000,0.000000,0.000000,65535.000000,0.000000,0.000000,4.060793,0.984167,4.060793,0.984167,0.000000,0.000000,1.000000
9330.000000,4.060793,0.984167,0.000000,0.000000,0.000000,0.000000,0.000000,0.000000,0.000000,0.000019,0.000000,-0.000000,0.000000,-0.503632,0.000000,0.000000,0.000000,65535.000000,0.000000,0.000000,4.060793,0.984167,4.060793,0.984167,0.000000,0.000000,1.000000
9340.000000,4.060793,0.984167,0.000000,0.000000,0.000000,0.000000,0.000000,0.000000,0.000000,0.000016,0.000000,-0.000000,0.000000,-0.506319,0.000000,0.000000,0.000000,65535.000000,0.000000,0.000000,4.060793,0.984167,4.060793,0.984167,0.000000,0.000000,1.000000
9350.000000,4.060793,0.984167,0.000000,0.000000,0.000000,0.000000,0.000000,0.000000,0.000000,0.000015,0.000000,-0.000000,0.000000,-0.499830,0.000000,0.000000,0.000000,65535.000000,0.000000,0.000000,4.060793,0.984167,4.060793,0.984167,0.000000,0.000000,1.000000
9360.000000,4.060793,0.984167,0.000000,0.000000,0.000000,0.000000,0.000000,0.000000,0.000000,0.000013,0.000000,-0.000000,0.000000,-0.497341,0.000000,0.000000,0.000000,65535.000000,0.000000,0.000000,4.060793,0.984167,4.060793,0.984167,0.000000,0.000000,1.000000
9370.000000,4.060793,0.984167,0.000000,0.000000,0.000000,0.000000,0.000000,0.000000,0.000000,0.000012,0.000000,-0.000000,0.000000,-0.494967,0.000000,0.000000,0.000000,65535.000000,0.000000,0.000000,4.060793,0.984167,4.060793,0.984167,0.000000,0.000000,1.000000
9380.000000,4.060793,0.984167,0.000000,0.000000,0.000000,0.000000,0.000000,0.000000,0.000000,0.000010,0.000000,-0.000000,0.000000,-0.492645,0.000000,0.000000,0.000000,65535.000000,0.000000,0.000000,4.060793,0.984167,4.060793,0.984167,0.000000,0.000000,1.000000
9390.000000,4.060793,0.984167,0.000000,0.000000,0.000000,0.000000,0.000000,0.000000,0.000000,0.000009,0.000000,-0.000000,0.000000,-0.495788,0.000000,0.000000,0.000000,65535.000000,0.000000,0.000000,4.060793,0.984167,4.060793,0.984167,0.000000,0.000000,1.000000
9400.000000,4.060793,0.984167,0.000000,0.000000,0.000000,0.000000,0.000000,0.000000,0.000000,0.000008,0.000000,-0.000000,0.000000,-0.489239,0.000000,0.000000,0.000000,65535.000000,0.000000,0.000000,4.060793,0.984167,4.060793,0.984167,0.000000,0.000000,1.000000
9410.000000,4.060793,0.984167,0.000000,0.000000,0.000000,0.000000,0.000000,0.000000,0.000000,0.000007,0.000000,-0.000000,0.000000,-0.486855,0.000000,0.000000,0.000000,65535.000000,0.000000,0.000000,4.060793,0.984167,4.060793,0.984167,0.000000,0.000000,1.000000
9420.000000,4.060793,0.984167,0.000000,0.000000,0.000000,0.000000,0.000000,0.000000,0.000000,0.000006,0.000000,-0.000000,0.000000,-0.484782,0.000000,0.000000,0.000000,65535.000000,0.000000,0.000000,4.060793,0.984167,4.060793,0.984167,0.000000,0.000000,1.000000
9430.000000,4.060793,0.984167,0.000000,0.000000,0.000000,0.000000,0.000000,0.000000,0.000000,0.000006,0.000000,-0.000000,0.000000,-0.482441,0.000000,0.000000,0.000000,65535.000000,0.000000,0.000000,4.060793,0.984167,4.060793,0.984167,0.000000,0.000000,1.000000
9440.000000,4.060793,0.984167,0.000000,0.000000,0.000000,0.000000,0.000000,0.000000,0.000000,0.000005,0.000000,-0.000000,0.000000,-0.480122,0.000000,0.000000,0.000000,65535.000000,0.000000,0.000000,4.060793,0.984167,4.060793,0.984167,0.000000,0.000000,1.000000
9450.000000,4.060793,0.984167,0.000000,0.000000,0.000000,0.000000,0.000000,0.000000,0.000000,0.000005,0.000000,-0.000000,0.000000,-0.478833,0.000000,0.000000,0.000000,65535.000000,0.000000,0.000000,4.060793,0.984167,4.060793,0.984167,0.000000,0.000000,1.000000
9460.000000,4.060793,0.984167,0.000000,0.000000,0.000000,0.000000,0.000000,0.000000,0.000000,0.000004,0.000000,-0.000000,0.000000,-0.473310,0.000000,0.000000,0.000000,65535.000000,0.000000,0.000000,4.060793,0.984167,4.060793,0.984167,0.000000,0.000000,1.000000
9470.000000,4.060793,0.984167,0.000000,0.000000,0.000000,0.000000,0.000000,0.000000,0.000000,0.000004,0.000000,-0.000000,0.000000,-0.467314,0.000000,0.000000,0.000000,65535.000000,0.000000,0.000000,4.060793,0.984167,4.060793,0.984167,0.000000,0.000000,1.000000
9480.000000,4.060793,0.984167,0.000000,0.000000,0.000000,0.000000,0.000000,0.000000,0.000000,0.000003,0.000000,-0.000000,0.000000,-0.462718,0.000000,0.000000,0.000000,65535.000000,0.000000,0.000000,4.060793,0.984167,4.060793,0.984167,0.000000,0.000000,1.000000
9490.000000,4.060793,0.984167,0.000000,0.000000,0.000000,0.000000,0.000000,0.000000,0.000000,0.000003,0.000000,-0.000000,0.000000,-0.460585,0.000000,0.000000,0.000000,65535.000000,0.000000,0.000000,4.060793,0.984167,4.060793,0.984167,0.000000,0.000000,1.000000
9500.000000,4.060793,0.984167,0.000000,0.000000,0.000000,0.000000,0.000000,0.000000,0.000000,0.000003,0.000000,-0.000000,0.000000,-0.458471,0.000000,0.000000,0.000000,65535.000000,0.000000,0.000000,4.060793,0.984167,4.060793,0.984167,0.000000,0.000000,1.000000
9510.000000,4.060793,0.984167,0.000000,0.000000,0.000000,0.000000,0.000000,0.000000,0.000000,0.000002,0.000000,-0.000000,0.000000,-0.463532,0.000000,0.000000,0.000000,65535.000000,0.000000,0.000000,4.060793,0.984167,4.060793,0.984167,0.000000,0.000000,1.000000
9520.000000,4.060793,0.984167,0.000000,0.000000,0.000000,0.000000,0.000000,0.000000,0.000000,0.000002,0.000000,-0.000000,0.000000,-0.461391,0.000000,0.000000,0.000000,65535.000000,0.000000,0.000000,4.060793,0.984167,4.060793,0.984167,0.000000,0.000000,1.000000
9530.000000,4.060793,0.984167,0.000000,0.000000,0.000000,0.000000,0.000000,0.000000,0.000000,0.000002,0.000000,-0.000000,0.000000,-0.460186,0.000000,0.000000,0.000000,65535.000000,0.000000,0.000000,4.060793,0.984167,4.060793,0.984167,0.000000,0.000000,1.000000
9540.000000,4.060793,0.984167,0.000000,0.000000,0.000000,0.000000,0.000000,0.000000,0.000000,0.000002,0.000000,-0.000000,0.000000,-0.455519,0.000000,0.000000,0.000000,65535.000000,0.000000,0.000000,4.060793,0.984167,4.060793,0.984167,0.000000,0.000000,1.000000
9550.000000,4.060793,0.984167,0.000000,0.000000,0.000000,0.000000,0.000000,0.000000,0.000000,0.000001,0.000000,-0.000000,0.000000,-0.453451,0.000000,0.000000,0.000000,65535.000000,0.000000,0.000000,4.060793,0.984167,4.060793,0.984167,0.000000,0.000000,1.000000
9560.000000,4.060793,0.984167,0.000000,0.000000,0.000000,0.000000,0.000000,0.000000,0.000000,0.000001,0.000000,-0.000000,0.000000,-0.451606,0.000000,0.000000,0.000000,65535.000000,0.000000,0.000000,4.060793,0.984167,4.060793,0.984167,0.000000,0.000000,1.000000
9570.000000,4.060793,0.984167,0.000000,0.000000,0.000000,0.000000,0.000000,0.000000,0.000000,0.000001,0.000000,-0.000000,0.000000,-0.456451,0.000000,0.000000,0.000000,65535.000000,0.000000,0.000000,4.060793,0.984167,4.060793,0.984167,0.000000,0.000000,1.000000
9580.000000,4.060793,0.984167,0.000000,0.000000,0.000000,0.000000,0.000000,0.000000,0.000000,0.000001,0.000000,-0.000000,0.000000,-0.451620,0.000000,0.000000,0.000000,65535.000000,0.000000,0.000000,4.060793,0.984167,4.060793,0.984167,0.000000,0.000000,1.000000
9590.000000,4.060793,0.984167,0.000000,0.000000,0.000000,0.000000,0.000000,0.000000,0.000000,0.000001,0.000000,-0.000000,0.000000,-0.449587,0.000000,0.000000,0.000000,65535.000000,0.000000,0.000000,4.060793,0.984167,4.060793,0.984167,0.000000,0.000000,1.000000
9600.000000,4.060793,0.984167,0.000000,0.000000,0.000000,0.000000,0.000000,0.000000,0.000000,0.000001,0.000000,-0.000000,0.000000,-0.445831,0.000000,0.000000,0.000000,65535.000000,0.000000,0.000000,4.060793,0.984167,4.060793,0.984167,0.000000,0.000000,1.000000
9610.000000,4.060793,0.984167,0.000000,0.000000,0.000000,0.000000,0.000000,0.000000,0.000000,0.000001,0.000000,-0.000000,0.000000,-0.435411,0.000000,0.000000,0.000000,65535.000000,0.000000,0.000000,4.060793,0.984167,4.060793,0.984167,0.000000,0.000000,1.000000
9620.000000,4.060793,0.984167,0.000000,0.000000,0.000000,0.000000,0.000000,0.000000,0.000000,0.000001,0.000000,-0.000000,0.000000,-0.433522,0.000000,0.000000,0.000000,65535.000000,0.000000,0.000000,4.060793,0.984167,4.060793,0.984167,0.000000,0.000000,1.000000
9630.000000,4.060793,0.984167,0.000000,0.000000,0.000000,0.000000,0.000000,0.000000,0.000000,0.000001,0.000000,-0.000000,0.000000,-0.431649,0.000000,0.000000,0.000000,65535.000000,0.000000,0.000000,4.060793,0.984167,4.060793,0.984167,0.000000,0.000000,1.000000
9640.000000,4.060793,0.984167,0.000000,0.000000,0.000000,0.000000,0.000000,0.000000,0.000000,0.000000,0.000000,-0.000000,0.000000,-0.436256,0.000000,0.000000,0.000000,65535.000000,0.000000,0.000000,4.060793,0.984167,4.060793,0.984167,0.000000,0.000000,1.000000
9650.000000,4.060793,0.984167,0.000000,0.000000,0.000000,0.000000,0.000000,0.000000,0.000000,0.000000,0.000000,-0.000000,0.000000,-0.434359,0.000000,0.000000,0.000000,65535.000000,0.000000,0.000000,4.060793,0.984167,4.060793,0.984167,0.000000,0.000000,1.000000
9660.000000,4.060793,0.984167,0.000000,0.000000,0.000000,0.000000,0.000000,0.000000,0.000000,0.000000,0.000000,-0.000000,0.000000,-0.438888,0.000000,0.000000,0.000000,65535.000000,0.000000,0.000000,4.060793,0.984167,4.060793,0.984167,0.000000,0.000000,1.000000
9670.000000,4.060793,0.984167,0.000000,0.000000,0.000000,0.000000,0.000000,0.000000,0.000000,0.000000,0.000000,-0.000000,0.000000,-0.431837,0.000000,0.000000,0.000000,65535.000000,0.000000,0.000000,4.060793,0.984167,4.060793,0.984167,0.000000,0.000000,1.000000
9680.000000,4.060793,0.984167,0.000000,0.000000,0.000000,0.000000,0.000000,0.000000,0.000000,0.000000,0.000000,-0.000000,0.000000,-0.428583,0.000000,0.000000,0.000000,65535.000000,0.000000,0.000000,4.060793,0.984167,4.060793,0.984167,0.000000,0.000000,1.000000
9690.000000,4.060793,0.984167,0.000000,0.000000,0.000000,0.000000,0.000000,0.000000,0.000000,0.000000,0.000000,-0.000000,0.000000,-0.422720,0.000000,0.000000,0.000000,65535.000000,0.000000,0.000000,4.060793,0.984167,4.060793,0.984167,0.000000,0.000000,1.000000
9700.000000,4.060793,0.984167,0.000000,0.000000,0.000000,0.000000,0.000000,0.000000,0.000000,0.000000,0.000000,-0.000000,0.000000,-0.420939,0.000000,0.000000,0.000000,65535.000000,0.000000,0.000000,4.060793,0.984167,4.060793,0.984167,0.000000,0.000000,1.000000
9710.000000,4.060793,0.984167,0.000000,0.000000,0.000000,0.000000,0.000000,0.000000,0.000000,0.000000,0.000000,-0.000000,0.000000,-0.420529,0.000000,0.000000,0.000000,65535.000000,0.000000,0.000000,4.060793,0.984167,4.060793,0.984167,0.000000,0.000000,1.000000
9720.000000,4.060793,0.984167,0.000000,0.000000,0.000000,0.000000,0.000000,0.000000,0.000000,0.000000,0.000000,-0.000000,0.000000,-0.414675,0.000000,0.000000,0.000000,65535.000000,0.000000,0.000000,4.060793,0.984167,4.060793,0.984167,0.000000,0.000000,1.000000
9730.000000,4.060793,0.984167,0.000000,0.000000,0.000000,0.000000,0.000000,0.000000,0.000000,0.000000,0.000000,-0.000000,0.000000,-0.410752,0.000000,0.000000,0.000000,65535.000000,0.000000,0.000000,4.060793,0.984167,4.060793,0.984167,0.000000,0.000000,1.000000
9740.000000,4.060793,0.984167,0.000000,0.000000,0.000000,0.000000,0.000000,0.000000,0.000000,0.000000,0.000000,-0.000000,0.000000,-0.409070,0.000000,0.000000,0.000000,65535.000000,0.000000,0.000000,4.060793,0.984167,4.060793,0.984167,0.000000,0.000000,1.000000
9750.000000,4.060793,0.984167,0.000000,0.000000,0.000000,0.000000,0.000000,0.000000,0.000000,0.000000,0.000000,-0.000000,0.000000,-0.407402,0.000000,0.000000,0.000000,65535.000000,0.000000,0.000000,4.060793,0.984167,4.060793,0.984167,0.000000,0.000000,1.000000
9760.000000,4.060793,0.984167,0.000000,0.000000,0.000000,0.000000,0.000000,0.000000,0.000000,0.000000,0.000000,-0.000000,0.000000,-0.413034,0.000000,0.000000,0.000000,65535.000000,0.000000,0.000000,4.060793,0.984167,4.060793,0.984167,0.000000,0.000000,1.000000
9770.000000,4.060793,0.984167,0.000000,0.000000,0.000000,0.000000,0.000000,0.000000,0.000000,0.000000,0.000000,-0.000000,0.000000,-0.407984,0.000000,0.000000,0.000000,65535.000000,0.000000,0.000000,4.060793,0.984167,4.060793,0.984167,0.000000,0.000000,1.000000
9780.000000,4.060793,0.984167,0.000000,0.000000,0.000000,0.000000,0.000000,0.000000,0.000000,0.000000,0.000000,-0.000000,0.000000,-0.406325,0.000000,0.000000,0.000000,65535.000000,0.000000,0.000000,4.060793,0.984167,4.060793,0.984167,0.000000,0.000000,1.000000
9790.000000,4.060793,0.984167,0.000000,0.000000,0.000000,0.000000,0.000000,0.000000,0.000000,0.000000,0.000000,-0.000000,0.000000,-0.404679,0.000000,0.000000,0.000000,65535.000000,0.000000,0.000000,4.060793,0.984167,4.060793,0.984167,0.000000,0.000000,1.000000
9800.000000,4.060793,0.984167,0.000000,0.000000,0.000000,0.000000,0.000000,0.000000,0.000000,0.000000,0.000000,-0.000000,0.000000,-0.412589,0.000000,0.000000,0.000000,65535.000000,0.000000,0.000000,4.060793,0.984167,4.060793,0.984167,0.000000,0.000000,1.000000
9810.000000,4.060793,0.984167,0.000000,0.000000,0.000000,0.000000,0.000000,0.000000,0.000000,0.000000,0.000000,-0.000000,0.000000,-0.410892,0.000000,0.000000,0.000000,65535.000000,0.000000,0.000000,4.060793,0.984167,4.060793,0.984167,0.000000,0.000000,1.000000
9820.000000,4.060793,0.984167,0.000000,0.000000,0.000000,0.000000,0.000000,0.000000,0.000000,0.000000,0.000000,-0.000000,0.000000,-0.402084,0.000000,0.000000,0.000000,65535.000000,0.000000,0.000000,4.060793,0.984167,4.060793,0.984167,0.000000,0.000000,1.000000
9830.000000,4.060793,0.984167,0.000000,0.000000,0.000000,0.000000,0.000000,0.000000,0.000000,0.000000,0.000000,-0.000000,0.000000,-0.400354,0.000000,0.000000,0.000000,65535.000000,0.000000,0.000000,4.060793,0.984167,4.060793,0.984167,0.000000,0.000000,1.000000
9840.000000,4.060793,0.984167,0.000000,0.000000,0.000000,0.000000,0.000000,0.000000,0.000000,0.000000,0.000000,-0.000000,0.000000,-0.398756,0.000000,0.000000,0.000000,65535.000000,0.000000,0.000000,4.060793,0.984167,4.060793,0.984167,0.000000,0.000000,1.000000
9850.000000,4.060793,0.984167,0.000000,0.000000,0.000000,0.000000,0.000000,0.000000,0.000000,0.000000,0.000000,-0.000000,0.000000,-0.405548,0.000000,0.000000,0.000000,65535.000000,0.000000,0.000000,4.060793,0.984167,4.060793,0.984167,0.000000,0.000000,1.000000
9860.000000,4.060793,0.984167,0.000000,0.000000,0.000000,0.000000,0.000000,0.000000,0.000000,0.000000,0.000000,-0.000000,0.000000,-0.403792,0.000000,0.000000,0.000000,65535.000000,0.000000,0.000000,4.060793,0.984167,4.060793,0.984167,0.000000,0.000000,1.000000
9870.000000,4.060793,0.984167,0.000000,0.000000,0.000000,0.000000,0.000000,0.000000,0.000000,0.000000,0.000000,-0.000000,0.000000,-0.402166,0.000000,0.000000,0.000000,65535.000000,0.000000,0.000000,4.060793,0.984167,4.060793,0.984167,0.000000,0.000000,1.000000
9880.000000,4.060793,0.984167,0.000000,0.000000,0.000000,0.000000,0.000000,0.000000,0.000000,0.000000,0.000000,-0.000000,0.000000,-0.399077,0.000000,0.000000,0.000000,65535.000000,0.000000,0.000000,4.060793,0.984167,4.060793,0.984167,0.000000,0.000000,1.000000
9890.000000,4.060793,0.984167,0.000000,0.000000,0.000000,0.000000,0.000000,0.000000,0.000000,0.000000,0.000000,-0.000000,0.000000,-0.397489,0.000000,0.000000,0.000000,65535.000000,0.000000,0.000000,4.060793,0.984167,4.060793,0.984167,0.000000,0.000000,1.000000
9900.000000,4.060793,0.984167,0.000000,0.000000,0.000000,0.000000,0.000000,0.000000,0.000000,0.000000,0.000000,-0.000000,0.000000,-0.395914,0.000000,0.000000,0.000000,65535.000000,0.000000,0.000000,4.060793,0.984167,4.060793,0.984167,0.000000,0.000000,1.000000
9910.000000,4.060793,0.984167,0.000000,0.000000,0.000000,0.000000,0.000000,0.000000,0.000000,0.000000,0.000000,-0.000000,0.000000,-0.391668,0.000000,0.000000,0.000000,65535.000000,0.000000,0.000000,4.060793,0.984167,4.060793,0.984167,0.000000,0.000000,1.000000
9920.000000,4.060793,0.984167,0.000000,0.000000,0.000000,0.000000,0.000000,0.000000,0.000000,0.000000,0.000000,-0.000000,0.000000,-0.387473,0.000000,0.000000,0.000000,65535.000000,0.000000,0.000000,4.060793,0.984167,4.060793,0.984167,0.000000,0.000000,1.000000
9930.000000,4.060793,0.984167,0.000000,0.000000,0.000000,0.000000,0.000000,0.000000,0.000000,0.000000,0.000000,-0.000000,0.000000,-0.385976,0.000000,0.000000,0.000000,65535.000000,0.000000,0.000000,4.060793,0.984167,4.060793,0.984167,0.000000,0.000000,1.000000
9940.000000,4.060793,0.984167,0.000000,0.000000,0.000000,0.000000,0.000000,0.000000,0.000000,0.000000,0.000000,-0.000000,0.000000,-0.387244,0.000000,0.000000,0.000000,65535.000000,0.000000,0.000000,4.060793,0.984167,4.060793,0.984167,0.000000,0.000000,1.000000
9950.000000,4.060793,0.984167,0.000000,0.000000,0.000000,0.000000,0.000000,0.000000,0.000000,0.000000,0.000000,-0.000000,0.000000,-0.390250,0.000000,0.000000,0.000000,65535.000000,0.000000,0.000000,4.060793,0.984167,4.060793,0.984167,0.000000,0.000000,1.000000
9960.000000,4.060793,0.984167,0.000000,0.000000,0.000000,0.000000,0.000000,0.000000,0.000000,0.000000,0.000000,-0.000000,0.000000,-0.388731,0.000000,0.000000,0.000000,65535.000000,0.000000,0.000000,4.060793,0.984167,4.060793,0.984167,0.000000,0.000000,1.000000
9970.000000,4.060793,0.984167,0.000000,0.000000,0.000000,0.000000,0.000000,0.000000,0.000000,0.000000,0.000000,-0.000000,0.000000,-0.387225,0.000000,0.000000,0.000000,65535.000000,0.000000,0.000000,4.060793,0.984167,4.060793,0.984167,0.000000,0.000000,1.000000
9980.000000,4.060793,0.984167,0.000000,0.000000,0.000000,0.000000,0.000000,0.000000,0.000000,0.000000,0.000000,-0.000000,0.000000,-0.382751,0.000000,0.000000,0.000000,65535.000000,0.000000,0.000000,4.060793,0.984167,4.060793,0.984167,0.000000,0.000000,1.000000
9990.000000,4.060793,0.984167,0.000000,0.000000,0.000000,0.000000,0.000000,0.000000,0.000000,0.000000,0.000000,-0.000000,0.000000,-0.379967,0.000000,0.000000,0.000000,65535.000000,0.000000,0.000000,4.060793,0.984167,4.060793,0.984167,0.000000,0.000000,1.000000
10000.000000,4.060793,0.984167,0.000000,0.000000,0.000000,0.000000,0.000000,0.000000,0.000000,0.000000,0.000000,-0.000000,0.000000,-0.376509,0.000000,0.000000,0.000000,65535.000000,0.000000,0.000000,4.060793,0.984167,4.060793,0.984167,0.000000,0.000000,1.000000
10010.000000,4.060793,0.984167,0.000000,0.000000,0.000000,0.000000,0.000000,0.000000,0.000000,0.000000,0.000000,-0.000000,0.000000,-0.375095,0.000000,0.000000,0.000000,65535.000000,0.000000,0.000000,4.060793,0.984167,4.060793,0.984167,0.000000,0.000000,1.000000
10020.000000,4.060793,0.984167,0.000000,0.000000,0.000000,0.000000,0.000000,0.000000,0.000000,0.000000,0.000000,-0.000000,0.000000,-0.377944,0.000000,0.000000,0.000000,65535.000000,0.000000,0.000000,4.060793,0.984167,4.060793,0.984167,0.000000,0.000000,1.000000
10030.000000,4.060793,0.984167,0.000000,0.000000,0.000000,0.000000,0.000000,0.000000,0.000000,0.000000,0.000000,-0.000000,0.000000,-0.370313,0.000000,0.000000,0.000000,65535.000000,0.000000,0.000000,4.060793,0.984167,4.060793,0.984167,0.000000,0.000000,1.000000
10040.000000,4.060793,0.984167,0.000000,0.000000,0.000000,0.000000,0.000000,0.000000,0.000000,0.000000,0.000000,-0.000000,0.000000,-0.366904,0.000000,0.000000,0.000000,65535.000000,0.000000,0.000000,4.060793,0.984167,4.060793,0.984167,0.000000,0.000000,1.000000
10050.000000,4.060793,0.984167,0.000000,0.000000,0.000000,0.000000,0.000000,0.000000,0.000000,0.000000,0.000000,-0.000000,0.000000,-0.365561,0.000000,0.000000,0.000000,65535.000000,0.000000,0.000000,4.060793,0.984167,4.060793,0.984167,0.000000,0.000000,1.000000
10060.000000,4.060793,0.984167,0.000000,0.000000,0.000000,0.000000,0.000000,0.000000,0.000000,0.000000,0.000000,-0.000000,0.000000,-0.364324,0.000000,0.000000,0.000000,65535.000000,0.000000,0.000000,4.060793,0.984167,4.060793,0.984167,0.000000,0.000000,1.000000
10070.000000,4.060793,0.984167,0.000000,0.000000,0.000000,0.000000,0.000000,0.000000,0.000000,0.000000,0.000000,-0.000000,0.000000,-0.367597,0.000000,0.000000,0.000000,65535.000000,0.000000,0.000000,4.060793,0.984167,4.060793,0.984167,0.000000,0.000000,1.000000
10080.000000,4.060793,0.984167,0.000000,0.000000,0.000000,0.000000,0.000000,0.000000,0.000000,0.000000,0.000000,-0.000000,0.000000,-0.378644,0.000000,0.000000,0.000000,65535.000000,0.000000,0.000000,4.060793,0.984167,4.060793,0.984167,0.000000,0.000000,1.000000
10090.000000,4.060793,0.984167,0.000000,0.000000,0.000000,0.000000,0.000000,0.000000,0.000000,0.000000,0.000000,-0.000000,0.000000,-0.372679,0.000000,0.000000,0.000000,65535.000000,0.000000,0.000000,4.060793,0.984167,4.060793,0.984167,0.000000,0.000000,1.000000
10100.000000,4.060793,0.984167,0.000000,0.000000,0.000000,0.000000,0.000000,0.000000,0.000000,0.000000,0.000000,-0.000000,0.000000,-0.368763,0.000000,0.000000,0.000000,65535.000000,0.000000,0.000000,4.060793,0.984167,4.060793,0.984167,0.000000,0.000000,1.000000
10110.000000,4.060793,0.984167,0.000000,0.000000,0.000000,0.000000,0.000000,0.000000,0.000000,0.000000,0.000000,-0.000000,0.000000,-0.367407,0.000000,0.000000,0.000000,65535.000000,0.000000,0.000000,4.060793,0.984167,4.060793,0.984167,0.000000,0.000000,1.000000
10120.000000,4.060793,0.984167,0.000000,0.000000,0.000000,0.000000,0.000000,0.000000,0.000000,0.000000,0.000000,-0.000000,0.000000,-0.368552,0.000000,0.000000,0.000000,65535.000000,0.000000,0.000000,4.060793,0.984167,4.060793,0.984167,0.000000,0.000000,1.000000
10130.000000,4.060793,0.984167,0.000000,0.000000,0.000000,0.000000,0.000000,0.000000,0.000000,0.000000,0.000000,-0.000000,0.000000,-0.367198,0.000000,0.000000,0.000000,65535.000000,0.000000,0.000000,4.060793,0.984167,4.060793,0.984167,0.000000,0.000000,1.000000
10140.000000,4.060793,0.984167,0.000000,0.000000,0.000000,0.000000,0.000000,0.000000,0.000000,0.000000,0.000000,-0.000000,0.000000,-0.365873,0.000000,0.000000,0.000000,65535.000000,0.000000,0.000000,4.060793,0.984167,4.060793,0.984167,0.000000,0.000000,1.000000
10150.000000,4.060793,0.984167,0.000000,0.000000,0.000000,0.000000,0.000000,0.000000,0.000000,0.000000,0.000000,-0.000000,0.000000,-0.363513,0.000000,0.000000,0.000000,65535.000000,0.000000,0.000000,4.060793,0.984167,4.060793,0.984167,0.000000,0.000000,1.000000
10160.000000,4.060793,0.984167,0.000000,0.000000,0.000000,0.000000,0.000000,0.000000,0.000000,0.000000,0.000000,-0.000000,0.000000,-0.358473,0.000000,0.000000,0.000000,65535.000000,0.000000,0.000000,4.060793,0.984167,4.060793,0.984167,0.000000,0.000000,1.000000
10170.000000,4.060793,0.984167,0.000000,0.000000,0.000000,0.000000,0.000000,0.000000,0.000000,0.000000,0.000000,-0.000000,0.000000,-0.357191,0.000000,0.000000,0.000000,65535.000000,0.000000,0.000000,4.060793,0.984167,4.060793,0.984167,0.000000,0.000000,1.000000
10180.000000,4.060793,0.984167,0.000000,0.000000,0.000000,0.000000,0.000000,0.000000,0.000000,0.000000,0.000000,-0.000000,0.000000,-0.355918,0.000000,0.000000,0.000000,65535.000000,0.000000,0.000000,4.060793,0.984167,4.060793,0.984167,0.000000,0.000000,1.000000
10190.000000,4.060793,0.984167,0.000000,0.000000,0.000000,0.000000,0.000000,0.000000,0.000000,0.000000,0.000000,-0.000000,0.000000,-0.354655,0.000000,0.000000,0.000000,65535.000000,0.000000,0.000000,4.060793,0.984167,4.060793,0.984167,0.000000,0.000000,1.000000
10200.000000,4.060793,0.984167,0.000000,0.000000,0.000000,0.000000,0.000000,0.000000,0.000000,0.000000,0.000000,-0.000000,0.000000,-0.349014,0.000000,0.000000,0.000000,65535.000000,0.000000,0.000000,4.060793,0.984167,4.060793,0.984167,0.000000,0.000000,1.000000
10210.000000,4.060793,0.984167,0.000000,0.000000,0.000000,0.000000,0.000000,0.000000,0.000000,0.000000,0.000000,-0.000000,0.000000,-0.346293,0.000000,0.000000,0.000000,65535.000000,0.000000,0.000000,4.060793,0.984167,4.060793,0.984167,0.000000,0.000000,1.000000
10220.000000,4.060793,0.984167,0.000000,0.000000,0.000000,0.000000,0.000000,0.000000,0.000000,0.000000,0.000000,-0.000000,0.000000,-0.342989,0.000000,0.000000,0.000000,65535.000000,0.000000,0.000000,4.060793,0.984167,4.060793,0.984167,0.000000,0.000000,1.000000
10230.000000,4.060793,0.984167,0.000000,0.000000,0.000000,0.000000,0.000000,0.000000,0.000000,0.000000,0.000000,-0.000000,0.000000,-0.348412,0.000000,0.000000,0.000000,65535.000000,0.000000,0.000000,4.060793,0.984167,4.060793,0.984167,0.000000,0.000000,1.000000
10240.000000,4.060793,0.984167,0.000000,0.000000,0.000000,0.000000,0.000000,0.000000,0.000000,0.000000,0.000000,-0.000000,0.000000,-0.349151,0.000000,0.000000,0.000000,65535.000000,0.000000,0.000000,4.060793,0.984167,4.060793,0.984167,0.000000,0.000000,1.000000
10250.000000,4.060793,0.984167,0.000000,0.000000,0.000000,0.000000,0.000000,0.000000,0.000000,0.000000,0.000000,-0.000000,0.000000,-0.342593,0.000000,0.000000,0.000000,65535.000000,0.000000,0.000000,4.060793,0.984167,4.060793,0.984167,0.000000,0.000000,1.000000
10260.000000,4.060793,0.984167,0.000000,0.000000,0.000000,0.000000,0.000000,0.000000,0.000000,0.000000,0.000000,-0.000000,0.000000,-0.339183,0.000000,0.000000,0.000000,65535.000000,0.000000,0.000000,4.060793,0.984167,4.060793,0.984167,0.000000,0.000000,1.000000
10270.000000,4.060793,0.984167,0.000000,0.000000,0.000000,0.000000,0.000000,0.000000,0.000000,0.000000,0.000000,-0.000000,0.000000,-0.335806,0.000000,0.000000,0.000000,65535.000000,0.000000,0.000000,4.060793,0.984167,4.060793,0.984167,0.000000,0.000000,1.000000
10280.000000,4.060793,0.984167,0.000000,0.000000,0.000000,0.000000,0.000000,0.000000,0.000000,0.000000,0.000000,-0.000000,0.000000,-0.327542,0.000000,0.000000,0.000000,65535.000000,0.000000,0.000000,4.060793,0.984167,4.060793,0.984167,0.000000,0.000000,1.000000
10290.000000,4.060793,0.984167,0.000000,0.000000,0.000000,0.000000,0.000000,0.000000,0.000000,0.000000,0.000000,-0.000000,0.000000,-0.324281,0.000000,0.000000,0.000000,65535.000000,0.000000,0.000000,4.060793,0.984167,4.060793,0.984167,0.000000,0.000000,1.000000
10300.000000,4.060793,0.984167,0.000000,0.000000,0.000000,0.000000,0.000000,0.000000,0.000000,0.000000,0.000000,-0.000000,0.000000,-0.321053,0.000000,0.000000,0.000000,65535.000000,0.000000,0.000000,4.060793,0.984167,4.060793,0.984167,0.000000,0.000000,1.000000
10310.000000,4.060793,0.984167,0.000000,0.000000,0.000000,0.000000,0.000000,0.000000,0.000000,0.000000,0.000000,-0.000000,0.000000,-0.323258,0.000000,0.000000,0.000000,65535.000000,0.000000,0.000000,4.060793,0.984167,4.060793,0.984167,0.000000,0.000000,1.000000
10320.000000,4.060793,0.984167,0.000000,0.000000,0.000000,0.000000,0.000000,0.000000,0.000000,0.000000,0.000000,-0.000000,0.000000,-0.323902,0.000000,0.000000,0.000000,65535.000000,0.000000,0.000000,4.060793,0.984167,4.060793,0.984167,0.000000,0.000000,1.000000
10330.000000,4.060793,0.984167,0.000000,0.000000,0.000000,0.000000,0.000000,0.000000,0.000000,0.000000,0.000000,-0.000000,0.000000,-0.306066,0.000000,0.000000,0.000000,65535.000000,0.000000,0.000000,4.060793,0.984167,4.060793,0.984167,0.000000,0.000000,1.000000
10340.000000,4.060793,0.984167,0.000000,0.000000,0.000000,0.000000,0.000000,0.000000,0.000000,0.000000,0.000000,-0.000000,0.000000,-0.303019,0.000000,0.000000,0.000000,65535.000000,0.000000,0.000000,4.060793,0.984167,4.060793,0.984167,0.000000,0.000000,1.000000
10350.000000,4.060793,0.984167,0.000000,0.000000,0.000000,0.000000,0.000000,0.000000,0.000000,0.000000,0.000000,-0.000000,0.000000,-0.300002,0.000000,0.000000,0.000000,65535.000000,0.000000,0.000000,4.060793,0.984167,4.060793,0.984167,0.000000,0.000000,1.000000
10360.000000,4.060793,0.984167,0.000000,0.000000,0.000000,0.000000,0.000000,0.000000,0.000000,0.000000,0.000000,-0.000000,0.000000,-0.300865,0.000000,0.000000,0.000000,65535.000000,0.000000,0.000000,4.060793,0.984167,4.060793,0.984167,0.000000,0.000000,1.000000
10370.000000,4.060793,0.984167,0.000000,0.000000,0.000000,0.000000,0.000000,0.000000,0.000000,0.000000,0.000000,-0.000000,0.000000,-0.297870,0.000000,0.000000,0.000000,65535.000000,0.000000,0.000000,4.060793,0.984167,4.060793,0.984167,0.000000,0.000000,1.000000
10380.000000,4.060793,0.984167,0.000000,0.000000,0.000000,0.000000,0.000000,0.000000,0.000000,0.000000,0.000000,-0.000000,0.000000,-0.294904,0.000000,0.000000,0.000000,65535.000000,0.000000,0.000000,4.060793,0.984167,4.060793,0.984167,0.000000,0.000000,1.000000
10390.000000,4.060793,0.984167,0.000000,0.000000,0.000000,0.000000,0.000000,0.000000,0.000000,0.000000,0.000000,-0.000000,0.000000,-0.285084,0.000000,0.000000,0.000000,65535.000000,0.000000,0.000000,4.060793,0.984167,4.060793,0.984167,0.000000,0.000000,1.000000
10400.000000,4.060793,0.984167,0.000000,0.000000,0.000000,0.000000,0.000000,0.000000,0.000000,0.000000,0.000000,-0.000000,0.000000,-0.282246,0.000000,0.000000,0.000000,65535.000000,0.000000,0.000000,4.060793,0.984167,4.060793,0.984167,0.000000,0.000000,1.000000
10410.000000,4.060793,0.984167,0.000000,0.000000,0.000000,0.000000,0.000000,0.000000,0.000000,0.000000,0.000000,-0.000000,0.000000,-0.279437,0.000000,0.000000,0.000000,65535.000000,0.000000,0.000000,4.060793,0.984167,4.060793,0.984167,0.000000,0.000000,1.000000
10420.000000,4.060793,0.984167,0.000000,0.000000,0.000000,0.000000,0.000000,0.000000,0.000000,0.000000,0.000000,-0.000000,0.000000,-0.282883,0.000000,0.000000,0.000000,65535.000000,0.000000,0.000000,4.060793,0.984167,4.060793,0.984167,0.000000,0.000000,1.000000
10430.000000,4.060793,0.984167,0.000000,0.000000,0.000000,0.000000,0.000000,0.000000,0.000000,0.000000,0.000000,-0.000000,0.000000,-0.274117,0.000000,0.000000,0.000000,65535.000000,0.000000,0.000000,4.060793,0.984167,4.060793,0.984167,0.000000,0.000000,1.000000
10440.000000,4.060793,0.984167,0.000000,0.000000,0.000000,0.000000,0.000000,0.000000,0.000000,0.000000,0.000000,-0.000000,0.000000,-0.268304,0.000000,0.000000,0.000000,65535.000000,0.000000,0.000000,4.060793,0.984167,4.060793,0.984167,0.000000,0.000000,1.000000
10450.000000,4.060793,0.984167,0.000000,0.000000,0.000000,0.000000,0.000000,0.000000,0.000000,0.000000,0.000000,-0.000000,0.000000,-0.265633,0.000000,0.000000,0.000000,65535.000000,0.000000,0.000000,4.060793,0.984167,4.060793,0.984167,0.000000,0.000000,1.000000
10460.000000,4.060793,0.984167,0.000000,0.000000,0.000000,0.000000,0.000000,0.000000,0.000000,0.000000,0.000000,-0.000000,0.000000,-0.263123,0.000000,0.000000,0.000000,65535.000000,0.000000,0.000000,4.060793,0.984167,4.060793,0.984167,0.000000,0.000000,1.000000
10470.000000,4.060793,0.984167,0.000000,0.000000,0.000000,0.000000,0.000000,0.000000,0.000000,0.000000,0.000000,-0.000000,0.000000,-0.268391,0.000000,0.000000,0.000000,65535.000000,0.000000,0.000000,4.060793,0.984167,4.060793,0.984167,0.000000,0.000000,1.000000
10480.000000,4.060793,0.984167,0.000000,0.000000,0.000000,0.000000,0.000000,0.000000,0.000000,0.000000,0.000000,-0.000000,0.000000,-0.278117,0.000000,0.000000,0.000000,65535.000000,0.000000,0.000000,4.060793,0.984167,4.060793,0.984167,0.000000,0.000000,1.000000
10490.000000,4.060793,0.984167,0.000000,0.000000,0.000000,0.000000,0.000000,0.000000,0.000000,0.000000,0.000000,-0.000000,0.000000,-0.271762,0.000000,0.000000,0.000000,65535.000000,0.000000,0.000000,4.060793,0.984167,4.060793,0.984167,0.000000,0.000000,1.000000
10500.000000,4.060793,0.984167,0.000000,0.000000,0.000000,0.000000,0.000000,0.000000,0.000000,0.000000,0.000000,-0.000000,0.000000,-0.262538,0.000000,0.000000,0.000000,65535.000000,0.000000,0.000000,4.060793,0.984167,4.060793,0.984167,0.000000,0.000000,1.000000
10510.000000,4.060793,0.984167,0.000000,0.000000,0.000000,0.000000,0.000000,0.000000,0.000000,0.000000,0.000000,-0.000000,0.000000,-0.259924,0.000000,0.000000,0.000000,65535.000000,0.000000,0.000000,4.060793,0.984167,4.060793,0.984167,0.000000,0.000000,1.000000
10520.000000,4.060793,0.984167,0.000000,0.000000,0.000000,0.000000,0.000000,0.000000,0.000000,0.000000,0.000000,-0.000000,0.000000,-0.257336,0.000000,0.000000,0.000000,65535.000000,0.000000,0.000000,4.060793,0.984167,4.060793,0.984167,0.000000,0.000000,1.000000
10530.000000,4.060793,0.984167,0.000000,0.000000,0.000000,0.000000,0.000000,0.000000,0.000000,0.000000,0.000000,-0.000000,0.000000,-0.255516,0.000000,0.000000,0.000000,65535.000000,0.000000,0.000000,4.060793,0.984167,4.060793,0.984167,0.000000,0.000000,1.000000
10540.000000,4.060793,0.984167,0.000000,0.000000,0.000000,0.000000,0.000000,0.000000,0.000000,0.000000,0.000000,-0.000000,0.000000,-0.246913,0.000000,0.000000,0.000000,65535.000000,0.000000,0.000000,4.060793,0.984167,4.060793,0.984167,0.000000,0.000000,1.000000
10550.000000,4.060793,0.984167,0.000000,0.000000,0.000000,0.000000,0.000000,0.000000,0.000000,0.000000,0.000000,-0.000000,0.000000,-0.244455,0.000000,0.000000,0.000000,65535.000000,0.000000,0.000000,4.060793,0.984167,4.060793,0.984167,0.000000,0.000000,1.000000
10560.000000,4.060793,0.984167,0.000000,0.000000,0.000000,0.000000,0.000000,0.000000,0.000000,0.000000,0.000000,-0.000000,0.000000,-0.244592,0.000000,0.000000,0.000000,65535.000000,0.000000,0.000000,4.060793,0.984167,4.060793,0.984167,0.000000,0.000000,1.000000
10570.000000,4.060793,0.984167,0.000000,0.000000,0.000000,0.000000,0.000000,0.000000,0.000000,0.000000,0.000000,-0.000000,0.000000,-0.228797,0.000000,0.000000,0.000000,65535.000000,0.000000,0.000000,4.060793,0.984167,4.060793,0.984167,0.000000,0.000000,1.000000
10580.000000,4.060793,0.984167,0.000000,0.000000,0.000000,0.000000,0.000000,0.000000,0.000000,0.000000,0.000000,-0.000000,0.000000,-0.226519,0.000000,0.000000,0.000000,65535.000000,0.000000,0.000000,4.060793,0.984167,4.060793,0.984167,0.000000,0.000000,1.000000
10590.000000,4.060793,0.984167,0.000000,0.000000,0.000000,0.000000,0.000000,0.000000,0.000000,0.000000,0.000000,0.000000,0.000000,-0.225041,0.000000,0.000000,0.000000,65535.000000,0.000000,0.000000,4.060793,0.984167,4.060793,0.984167,0.000000,0.000000,1.000000
