I0,I1,I2,I3,I4,I5,I6,I7,I8,I9,I10,I11,I12,I13,I14,I15,I16,I17,I18,I19,I20,I21,I22,I23,I24,I25,I26,I27
10.000000,6.000000,1.000000,0.000000,0.000000,0.000000,0.000000,0.000000,0.000000,0.000000,0.000000,0.000000,0.000000,0.000000,-0.938089,0.000000,0.000000,0.000000,65535.000000,0.000000,0.000000,6.000000,1.000000,6.000000,1.000000,0.000000,0.000000,1.000000
20.000000,6.000000,1.000000,0.000000,0.000000,0.000000,0.000000,0.000000,0.000000,0.000000,0.019843,0.006652,0.004580,0.004825,-0.929362,0.000000,0.000000,0.000000,65535.000000,0.000000,0.000000,6.000000,1.000000,6.000000,1.000000,0.000000,0.000000,1.000000
30.000000,6.000000,1.000000,0.000000,0.000000,0.000000,0.000000,0.000000,0.000000,0.000000,0.009527,0.004085,0.002812,0.002963,-0.947911,0.000000,0.000000,0.000000,65535.000000,0.000000,0.000000,6.000000,1.000000,6.000000,1.000000,0.000000,0.000000,1.000000
40.000000,6.000000,1.000000,0.000000,0.000000,0.000000,0.000000,0.000000,0.000000,0.000000,0.008485,0.002508,0.001727,0.001819,-0.942959,0.000000,0.000000,0.000000,65535.000000,0.000000,0.000000,6.000000,1.000000,6.000000,1.000000,0.000000,0.000000,1.000000
50.000000,6.000000,1.000000,0.000000,0.000000,0.000000,0.000000,0.000000,0.000000,0.000000,0.006416,0.001540,0.001060,0.001117,-0.935687,0.000000,0.000000,0.000000,65535.000000,0.000000,0.000000,6.000000,1.000000,6.000000,1.000000,0.000000,0.000000,1.000000
60.000000,6.000000,1.000000,0.000000,0.000000,0.000000,0.000000,0.000000,0.000000,0.000000,0.004115,0.000945,0.000651,0.000686,-0.927027,0.000000,0.000000,0.000000,65535.000000,0.000000,0.000000,6.000000,1.000000,6.000000,1.000000,0.000000,0.000000,1.000000
70.000000,6.000000,1.000000,0.000000,0.000000,0.000000,0.000000,0.000000,0.000000,0.000000,0.007634,0.000581,0.000400,0.000421,-0.918503,0.000000,0.000000,0.000000,65535.000000,0.000000,0.000000,6.000000,1.000000,6.000000,1.000000,0.000000,0.000000,1.000000
80.000000,6.000000,1.000000,0.000000,0.000000,0.000000,0.000000,0.000000,0.000000,0.000000,0.007382,0.000356,0.000245,0.000259,-0.908557,0.000000,0.000000,0.000000,65535.000000,0.000000,0.000000,6.000000,1.000000,6.000000,1.000000,0.000000,0.000000,1.000000
90.000000,6.000000,1.000000,0.000000,0.000000,0.000000,0.000000,0.000000,0.000000,0.000000,0.007382,0.000219,0.000151,0.000159,-0.900369,0.000000,0.000000,0.000000,65535.000000,0.000000,0.000000,6.000000,1.000000,6.000000,1.000000,0.000000,0.000000,1.000000
100.000000,6.000000,1.000000,0.000000,0.000000,0.000000,0.000000,0.000000,0.000000,0.000000,0.007207,0.000134,0.000093,0.000097,-0.892541,0.000000,0.000000,0.000000,65535.000000,0.000000,0.000000,6.000000,1.000000,6.000000,1.000000,0.000000,0.000000,1.000000
110.000000,6.000000,1.000000,0.000000,0.000000,0.000000,0.000000,0.000000,0.000000,0.000000,0.005933,0.000083,0.000057,0.000060,-0.888765,0.000000,0.000000,0.000000,65535.000000,0.000000,0.000000,6.000000,1.000000,6.000000,1.000000,0.000000,0.000000,1.000000
120.000000,6.000000,1.000000,0.000000,0.000000,0.000000,0.000000,0.000000,0.000000,0.000000,0.007110,0.000051,0.000035,0.000037,-0.877405,0.000000,0.000000,0.000000,65535.000000,0.000000,0.000000,6.000000,1.000000,6.000000,1.000000,0.000000,0.000000,1.000000
130.000000,6.000000,1.000000,0.000000,0.000000,0.000000,0.000000,0.000000,0.000000,0.000000,0.007110,0.000031,0.000021,0.000023,-0.869766,0.000000,0.000000,0.000000,65535.000000,0.000000,0.000000,6.000000,1.000000,6.000000,1.000000,0.000000,0.000000,1.000000
140.000000,6.000000,1.000000,0.000000,0.000000,0.000000,0.000000,0.000000,0.000000,0.000000,0.006742,0.000019,0.000013,0.000014,-0.862259,0.000000,0.000000,0.000000,65535.000000,0.000000,0.000000,6.000000,1.000000,6.000000,1.000000,0.000000,0.000000,1.000000
150.000000,6.000000,1.000000,0.000000,0.000000,0.000000,0.000000,0.000000,0.000000,0.000000,0.006072,0.000012,0.000008,0.000009,-0.858664,0.000000,0.000000,0.000000,65535.000000,0.000000,0.000000,6.000000,1.000000,6.000000,1.000000,0.000000,0.000000,1.000000
160.000000,6.000000,1.000000,0.000000,0.000000,0.000000,0.000000,0.000000,0.000000,0.000000,0.005905,0.000007,0.000005,0.000005,-0.849095,0.000000,0.000000,0.000000,65535.000000,0.000000,0.000000,6.000000,1.000000,6.000000,1.000000,0.000000,0.000000,1.000000
170.000000,6.000000,1.000000,0.000000,0.000000,0.000000,0.000000,0.000000,0.000000,0.000000,0.005314,0.000004,0.000003,0.000003,-0.841939,0.000000,0.000000,0.000000,65535.000000,0.000000,0.000000,6.000000,1.000000,6.000000,1.000000,0.000000,0.000000,1.000000
180.000000,6.000000,1.000000,0.000000,0.000000,0.000000,0.000000,0.000000,0.000000,0.000000,0.004743,0.000003,0.000002,0.000002,-0.834903,0.000000,0.000000,0.000000,65535.000000,0.000000,0.000000,6.000000,1.000000,6.000000,1.000000,0.000000,0.000000,1.000000
190.000000,6.000000,1.000000,0.000000,0.000000,0.000000,0.000000,0.000000,0.000000,0.000000,0.004228,0.000002,0.000001,0.000001,-0.829038,0.000000,0.000000,0.000000,65535.000000,0.000000,0.000000,6.000000,1.000000,6.000000,1.000000,0.000000,0.000000,1.000000
200.000000,6.000000,1.000000,0.000000,0.000000,0.000000,0.000000,0.000000,0.000000,0.000000,0.003766,0.000001,0.000001,0.000001,-0.822717,0.000000,0.000000,0.000000,65535.000000,0.000000,0.000000,6.000000,1.000000,6.000000,1.000000,0.000000,0.000000,1.000000
210.000000,6.000000,1.000000,0.000000,0.000000,0.000000,0.000000,0.000000,0.000000,0.000000,0.003352,0.000001,0.000000,0.000000,-0.815415,0.000000,0.000000,0.000000,65535.000000,0.000000,0.000000,6.000000,1.000000,6.000000,1.000000,0.000000,0.000000,1.000000
220.000000,6.000000,1.000000,0.000000,0.000000,0.000000,0.000000,0.000000,0.000000,0.000000,0.002983,0.000000,0.000000,0.000000,-0.808813,0.000000,0.000000,0.000000,65535.000000,0.000000,0.000000,6.000000,1.000000,6.000000,1.000000,0.000000,0.000000,1.000000
230.000000,6.000000,1.000000,0.000000,0.000000,0.000000,0.000000,0.000000,0.000000,0.000000,0.002653,0.000000,0.000000,0.000000,-0.800811,0.000000,0.000000,0.000000,65535.000000,0.000000,0.000000,6.000000,1.000000,6.000000,1.000000,0.000000,0.000000,1.000000
240.000000,6.000000,1.000000,0.000000,0.000000,0.000000,0.000000,0.000000,0.000000,0.000000,0.002359,0.000000,0.000000,0.000000,-0.794443,0.000000,0.000000,0.000000,65535.000000,0.000000,0.000000,6.000000,1.000000,6.000000,1.000000,0.000000,0.000000,1.000000
250.000000,6.000000,1.000000,0.000000,0.000000,0.000000,0.000000,0.000000,0.000000,0.000000,0.002098,0.000000,0.000000,0.000000,-0.788175,0.000000,0.000000,0.000000,65535.000000,0.000000,0.000000,6.000000,1.000000,6.000000,1.000000,0.000000,0.000000,1.000000
260.000000,6.000000,1.000000,0.000000,0.000000,0.000000,0.000000,0.000000,0.000000,0.000000,0.001865,0.000000,0.000000,0.000000,-0.785002,0.000000,0.000000,0.000000,65535.000000,0.000000,0.000000,6.000000,1.000000,6.000000,1.000000,0.000000,0.000000,1.000000
270.000000,6.000000,1.000000,0.000000,0.000000,0.000000,0.000000,0.000000,0.000000,0.000000,0.001658,0.000000,0.000000,0.000000,-0.778219,0.000000,0.000000,0.000000,65535.000000,0.000000,0.000000,6.000000,1.000000,6.000000,1.000000,0.000000,0.000000,1.000000
280.000000,6.000000,1.000000,0.000000,0.000000,0.000000,0.000000,0.000000,0.000000,0.000000,0.001474,0.000000,0.000000,0.000000,-0.772203,0.000000,0.000000,0.000000,65535.000000,0.000000,0.000000,6.000000,1.000000,6.000000,1.000000,0.000000,0.000000,1.000000
290.000000,6.000000,1.000000,0.000000,0.000000,0.000000,0.000000,0.000000,0.000000,0.000000,0.001310,0.000000,0.000000,0.000000,-0.765132,0.000000,0.000000,0.000000,65535.000000,0.000000,0.000000,6.000000,1.000000,6.000000,1.000000,0.000000,0.000000,1.000000
300.000000,6.000000,1.000000,0.000000,0.000000,0.000000,0.000000,0.000000,0.000000,0.000000,0.001165,0.000000,0.000000,0.000000,-0.759316,0.000000,0.000000,0.000000,65535.000000,0.000000,0.000000,6.000000,1.000000,6.000000,1.000000,0.000000,0.000000,1.000000
310.000000,6.000000,1.000000,0.000000,0.000000,0.000000,0.000000,0.000000,0.000000,0.000000,0.001035,0.000000,0.000000,0.000000,-0.753671,0.000000,0.000000,0.000000,65535.000000,0.000000,0.000000,6.000000,1.000000,6.000000,1.000000,0.000000,0.000000,1.000000
320.000000,6.000000,1.000000,0.000000,0.000000,0.000000,0.000000,0.000000,0.000000,0.000000,0.000920,0.000000,0.000000,0.000000,-0.750134,0.000000,0.000000,0.000000,65535.000000,0.000000,0.000000,6.000000,1.000000,6.000000,1.000000,0.000000,0.000000,1.000000
330.000000,6.000000,1.000000,0.000000,0.000000,0.000000,0.000000,0.000000,0.000000,0.000000,0.000818,0.000000,0.000000,0.000000,-0.743155,0.000000,0.000000,0.000000,65535.000000,0.000000,0.000000,6.000000,1.000000,6.000000,1.000000,0.000000,0.000000,1.000000
340.000000,6.000000,1.000000,0.000000,0.000000,0.000000,0.000000,0.000000,0.000000,0.000000,0.000727,0.000000,0.000000,0.000000,-0.737667,0.000000,0.000000,0.000000,65535.000000,0.000000,0.000000,6.000000,1.000000,6.000000,1.000000,0.000000,0.000000,1.000000
350.000000,6.000000,1.000000,0.000000,0.000000,0.000000,0.000000,0.000000,0.000000,0.000000,0.000646,0.000000,0.000000,0.000000,-0.732766,0.000000,0.000000,0.000000,65535.000000,0.000000,0.000000,6.000000,1.000000,6.000000,1.000000,0.000000,0.000000,1.000000
360.000000,6.000000,1.000000,0.000000,0.000000,0.000000,0.000000,0.000000,0.000000,0.000000,0.000575,0.000000,0.000000,0.000000,-0.726158,0.000000,0.000000,0.000000,65535.000000,0.000000,0.000000,6.000000,1.000000,6.000000,1.000000,0.000000,0.000000,1.000000
370.000000,6.000000,1.000000,0.000000,0.000000,0.000000,0.000000,0.000000,0.000000,0.000000,0.000511,0.000000,0.000000,0.000000,-0.719599,0.000000,0.000000,0.000000,65535.000000,0.000000,0.000000,6.000000,1.000000,6.000000,1.000000,0.000000,0.000000,1.000000
380.000000,6.000000,1.000000,0.000000,0.000000,0.000000,0.000000,0.000000,0.000000,0.000000,0.000454,0.000000,0.000000,0.000000,-0.713540,0.000000,0.000000,0.000000,65535.000000,0.000000,0.000000,6.000000,1.000000,6.000000,1.000000,0.000000,0.000000,1.000000
390.000000,6.000000,1.000000,0.000000,0.000000,0.000000,0.000000,0.000000,0.000000,0.000000,0.000404,0.000000,0.000000,0.000000,-0.708480,0.000000,0.000000,0.000000,65535.000000,0.000000,0.000000,6.000000,1.000000,6.000000,1.000000,0.000000,0.000000,1.000000
400.000000,6.000000,1.000000,0.000000,0.000000,0.000000,0.000000,0.000000,0.000000,0.000000,0.000359,0.000000,0.000000,0.000000,-0.703491,0.000000,0.000000,0.000000,65535.000000,0.000000,0.000000,6.000000,1.000000,6.000000,1.000000,0.000000,0.000000,1.000000
410.000000,6.000000,1.000000,0.000000,0.000000,0.000000,0.000000,0.000000,0.000000,0.000000,0.000319,0.000000,0.000000,0.000000,-0.700228,0.000000,0.000000,0.000000,65535.000000,0.000000,0.000000,6.000000,1.000000,6.000000,1.000000,0.000000,0.000000,1.000000
420.000000,6.000000,1.000000,0.000000,0.000000,0.000000,0.000000,0.000000,0.000000,0.000000,0.000283,0.000000,0.000000,0.000000,-0.695354,0.000000,0.000000,0.000000,65535.000000,0.000000,0.000000,6.000000,1.000000,6.000000,1.000000,0.000000,0.000000,1.000000
430.000000,6.000000,1.000000,0.000000,0.000000,0.000000,0.000000,0.000000,0.000000,0.000000,0.000252,0.000000,0.000000,0.000000,-0.689213,0.000000,0.000000,0.000000,65535.000000,0.000000,0.000000,6.000000,1.000000,6.000000,1.000000,0.000000,0.000000,1.000000
440.000000,6.000000,1.000000,0.000000,0.000000,0.000000,0.000000,0.000000,0.000000,0.000000,0.000224,0.000000,0.000000,0.000000,-0.684377,0.000000,0.000000,0.000000,65535.000000,0.000000,0.000000,6.000000,1.000000,6.000000,1.000000,0.000000,0.000000,1.000000
450.000000,6.000000,1.000000,0.000000,0.000000,0.000000,0.000000,0.000000,0.000000,0.000000,0.000199,0.000000,0.000000,0.000000,-0.679543,0.000000,0.000000,0.000000,65535.000000,0.000000,0.000000,6.000000,1.000000,6.000000,1.000000,0.000000,0.000000,1.000000
460.000000,6.000000,1.000000,0.000000,0.000000,0.000000,0.000000,0.000000,0.000000,0.000000,0.000177,0.000000,0.000000,0.000000,-0.674952,0.000000,0.000000,0.000000,65535.000000,0.000000,0.000000,6.000000,1.000000,6.000000,1.000000,0.000000,0.000000,1.000000
470.000000,6.000000,1.000000,0.000000,0.000000,0.000000,0.000000,0.000000,0.000000,0.000000,0.000157,0.000000,0.000000,0.000000,-0.672953,0.000000,0.000000,0.000000,65535.000000,0.000000,0.000000,6.000000,1.000000,6.000000,1.000000,0.000000,0.000000,1.000000
480.000000,6.000000,1.000000,0.000000,0.000000,0.000000,0.000000,0.000000,0.000000,0.000000,0.000140,0.000000,0.000000,0.000000,-0.664053,0.000000,0.000000,0.000000,65535.000000,0.000000,0.000000,6.000000,1.000000,6.000000,1.000000,0.000000,0.000000,1.000000
490.000000,6.000000,1.000000,0.000000,0.000000,0.000000,0.000000,0.000000,0.000000,0.000000,0.000124,0.000000,0.000000,0.000000,-0.659668,0.000000,0.000000,0.000000,65535.000000,0.000000,0.000000,6.000000,1.000000,6.000000,1.000000,0.000000,0.000000,1.000000
500.000000,6.000000,1.000000,0.000000,0.000000,0.000000,0.000000,0.000000,0.000000,0.000000,0.000110,0.000000,0.000000,0.000000,-0.655341,0.000000,0.000000,0.000000,65535.000000,0.000000,0.000000,6.000000,1.000000,6.000000,1.000000,0.000000,0.000000,1.000000
510.000000,6.000000,1.000000,0.000000,0.000000,0.000000,0.000000,0.000000,0.000000,0.000000,0.000098,0.000000,0.000000,0.000000,-0.654678,0.000000,0.000000,0.000000,65535.000000,0.000000,0.000000,6.000000,1.000000,6.000000,1.000000,0.000000,0.000000,1.000000
520.000000,6.000000,1.000000,0.000000,0.000000,0.000000,0.000000,0.000000,0.000000,0.000000,0.000087,0.000000,0.000000,0.000000,-0.650416,0.000000,0.000000,0.000000,65535.000000,0.000000,0.000000,6.000000,1.000000,6.000000,1.000000,0.000000,0.000000,1.000000
530.000000,6.000000,1.000000,0.000000,0.000000,0.000000,0.000000,0.000000,0.000000,0.000000,0.000078,0.000000,0.000000,0.000000,-0.648673,0.000000,0.000000,0.000000,65535.000000,0.000000,0.000000,6.000000,1.000000,6.000000,1.000000,0.000000,0.000000,1.000000
540.000000,6.000000,1.000000,0.000000,0.000000,0.000000,0.000000,0.000000,0.000000,0.000000,0.000069,0.000000,0.000000,0.000000,-0.643486,0.000000,0.000000,0.000000,65535.000000,0.000000,0.000000,6.000000,1.000000,6.000000,1.000000,0.000000,0.000000,1.000000
550.000000,6.000000,1.000000,0.000000,0.000000,0.000000,0.000000,0.000000,0.000000,0.000000,0.000061,0.000000,0.000000,0.000000,-0.639368,0.000000,0.000000,0.000000,65535.000000,0.000000,0.000000,6.000000,1.000000,6.000000,1.000000,0.000000,0.000000,1.000000
560.000000,6.000000,1.000000,0.000000,0.000000,0.000000,0.000000,0.000000,0.000000,0.000000,0.000054,0.000000,0.000000,0.000000,-0.635302,0.000000,0.000000,0.000000,65535.000000,0.000000,0.000000,6.000000,1.000000,6.000000,1.000000,0.000000,0.000000,1.000000
570.000000,6.000000,1.000000,0.000000,0.000000,0.000000,0.000000,0.000000,0.000000,0.000000,0.000048,0.000000,0.000000,0.000000,-0.632596,0.000000,0.000000,0.000000,65535.000000,0.000000,0.000000,6.000000,1.000000,6.000000,1.000000,0.000000,0.000000,1.000000
580.000000,6.000000,1.000000,0.000000,0.000000,0.000000,0.000000,0.000000,0.000000,0.000000,0.000043,0.000000,0.000000,0.000000,-0.625341,0.000000,0.000000,0.000000,65535.000000,0.000000,0.000000,6.000000,1.000000,6.000000,1.000000,0.000000,0.000000,1.000000
590.000000,6.000000,1.000000,0.000000,0.000000,0.000000,0.000000,0.000000,0.000000,0.000000,0.000038,0.000000,0.000000,0.000000,-0.621451,0.000000,0.000000,0.000000,65535.000000,0.000000,0.000000,6.000000,1.000000,6.000000,1.000000,0.000000,0.000000,1.000000
600.000000,6.000000,1.000000,0.000000,0.000000,0.000000,0.000000,0.000000,0.000000,0.000000,0.000034,0.000000,0.000000,0.000000,-0.617609,0.000000,0.000000,0.000000,65535.000000,0.000000,0.000000,6.000000,1.000000,6.000000,1.000000,0.000000,0.000000,1.000000
610.000000,6.000000,1.000000,0.000000,0.000000,0.000000,0.000000,0.000000,0.000000,0.000000,0.000030,0.000000,0.000000,0.000000,-0.616701,0.000000,0.000000,0.000000,65535.000000,0.000000,0.000000,6.000000,1.000000,6.000000,1.000000,0.000000,0.000000,1.000000
620.000000,6.000000,1.000000,0.000000,0.000000,0.000000,0.000000,0.000000,0.000000,0.000000,0.000027,0.000000,0.000000,0.000000,-0.610925,0.000000,0.000000,0.000000,65535.000000,0.000000,0.000000,6.000000,1.000000,6.000000,1.000000,0.000000,0.000000,1.000000
630.000000,6.000000,1.000000,0.000000,0.000000,0.000000,0.000000,0.000000,0.000000,0.000000,0.000024,0.000000,0.000000,0.000000,-0.607212,0.000000,0.000000,0.000000,65535.000000,0.000000,0.000000,6.000000,1.000000,6.000000,1.000000,0.000000,0.000000,1.000000
640.000000,6.000000,1.000000,0.000000,0.000000,0.000000,0.000000,0.000000,0.000000,0.000000,0.000021,0.000000,0.000000,0.000000,-0.604065,0.000000,0.000000,0.000000,65535.000000,0.000000,0.000000,6.000000,1.000000,6.000000,1.000000,0.000000,0.000000,1.000000
650.000000,6.000000,1.000000,0.000000,0.000000,0.000000,0.000000,0.000000,0.000000,0.000000,0.000019,0.000000,0.000000,0.000000,-0.602415,0.000000,0.000000,0.000000,65535.000000,0.000000,0.000000,6.000000,1.000000,6.000000,1.000000,0.000000,0.000000,1.000000
660.000000,6.000000,1.000000,0.000000,0.000000,0.000000,0.000000,0.000000,0.000000,0.000000,0.000017,0.000000,0.000000,0.000000,-0.598801,0.000000,0.000000,0.000000,65535.000000,0.000000,0.000000,6.000000,1.000000,6.000000,1.000000,0.000000,0.000000,1.000000
670.000000,6.000000,1.000000,0.000000,0.000000,0.000000,0.000000,0.000000,0.000000,0.000000,0.000015,0.000000,0.000000,0.000000,-0.595233,0.000000,0.000000,0.000000,65535.000000,0.000000,0.000000,6.000000,1.000000,6.000000,1.000000,0.000000,0.000000,1.000000
680.000000,6.000000,1.000000,0.000000,0.000000,0.000000,0.000000,0.000000,0.000000,0.000000,0.000013,0.000000,0.000000,0.000000,-0.592570,0.000000,0.000000,0.000000,65535.000000,0.000000,0.000000,6.000000,1.000000,6.000000,1.000000,0.000000,0.000000,1.000000
690.000000,6.000000,1.000000,0.000000,0.000000,0.000000,0.000000,0.000000,0.000000,0.000000,0.000012,0.000000,0.000000,0.000000,-0.587835,0.000000,0.000000,0.000000,65535.000000,0.000000,0.000000,6.000000,1.000000,6.000000,1.000000,0.000000,0.000000,1.000000
700.000000,6.000000,1.000000,0.000000,0.000000,0.000000,0.000000,0.000000,0.000000,0.000000,0.000010,0.000000,0.000000,0.000000,-0.584396,0.000000,0.000000,0.000000,65535.000000,0.000000,0.000000,6.000000,1.000000,6.000000,1.000000,0.000000,0.000000,1.000000
710.000000,6.000000,1.000000,0.000000,0.000000,0.000000,0.000000,0.000000,0.000000,0.000000,0.000009,0.000000,0.000000,0.000000,-0.580997,0.000000,0.000000,0.000000,65535.000000,0.000000,0.000000,6.000000,1.000000,6.000000,1.000000,0.000000,0.000000,1.000000
720.000000,6.000000,1.000000,0.000000,0.000000,0.000000,0.000000,0.000000,0.000000,0.000000,0.000008,0.000000,0.000000,0.000000,-0.578203,0.000000,0.000000,0.000000,65535.000000,0.000000,0.000000,6.000000,1.000000,6.000000,1.000000,0.000000,0.000000,1.000000
730.000000,6.000000,1.000000,0.000000,0.000000,0.000000,0.000000,0.000000,0.000000,0.000000,0.000007,0.000000,0.000000,0.000000,-0.574876,0.000000,0.000000,0.000000,65535.000000,0.000000,0.000000,6.000000,1.000000,6.000000,1.000000,0.000000,0.000000,1.000000
740.000000,6.000000,1.000000,0.000000,0.000000,0.000000,0.000000,0.000000,0.000000,0.000000,0.000007,0.000000,0.000000,0.000000,-0.571749,0.000000,0.000000,0.000000,65535.000000,0.000000,0.000000,6.000000,1.000000,6.000000,1.000000,0.000000,0.000000,1.000000
750.000000,6.000000,1.000000,0.000000,0.000000,0.000000,0.000000,0.000000,0.000000,0.000000,0.000006,0.000000,0.000000,0.000000,-0.569679,0.000000,0.000000,0.000000,65535.000000,0.000000,0.000000,6.000000,1.000000,6.000000,1.000000,0.000000,0.000000,1.000000
760.000000,6.000000,1.000000,0.000000,0.000000,0.000000,0.000000,0.000000,0.000000,0.000000,0.000005,0.000000,0.000000,0.000000,-0.566486,0.000000,0.000000,0.000000,65535.000000,0.000000,0.000000,6.000000,1.000000,6.000000,1.000000,0.000000,0.000000,1.000000
770.000000,6.000000,1.000000,0.000000,0.000000,0.000000,0.000000,0.000000,0.000000,0.000000,0.000005,0.000000,0.000000,0.000000,-0.563292,0.000000,0.000000,0.000000,65535.000000,0.000000,0.000000,6.000000,1.000000,6.000000,1.000000,0.000000,0.000000,1.000000
780.000000,6.000000,1.000000,0.000000,0.000000,0.000000,0.000000,0.000000,0.000000,0.000000,0.000004,0.000000,0.000000,0.000000,-0.560325,0.000000,0.000000,0.000000,65535.000000,0.000000,0.000000,6.000000,1.000000,6.000000,1.000000,0.000000,0.000000,1.000000
790.000000,6.000000,1.000000,0.000000,0.000000,0.000000,0.000000,0.000000,0.000000,0.000000,0.000004,0.000000,0.000000,0.000000,-0.556288,0.000000,0.000000,0.000000,65535.000000,0.000000,0.000000,6.000000,1.000000,6.000000,1.000000,0.000000,0.000000,1.000000
800.000000,6.000000,1.000000,0.000000,0.000000,0.000000,0.000000,0.000000,0.000000,0.000000,0.000003,0.000000,0.000000,0.000000,-0.550791,0.000000,0.000000,0.000000,65535.000000,0.000000,0.000000,6.000000,1.000000,6.000000,1.000000,0.000000,0.000000,1.000000
810.000000,6.000000,1.000000,0.000000,0.000000,0.000000,0.000000,0.000000,0.000000,0.000000,0.000003,0.000000,0.000000,0.000000,-0.547771,0.000000,0.000000,0.000000,65535.000000,0.000000,0.000000,6.000000,1.000000,6.000000,1.000000,0.000000,0.000000,1.000000
820.000000,6.000000,1.000000,0.000000,0.000000,0.000000,0.000000,0.000000,0.000000,0.000000,0.000003,0.000000,0.000000,0.000000,-0.545438,0.000000,0.000000,0.000000,65535.000000,0.000000,0.000000,6.000000,1.000000,6.000000,1.000000,0.000000,0.000000,1.000000
830.000000,6.000000,1.000000,0.000000,0.000000,0.000000,0.000000,0.000000,0.000000,0.000000,0.000002,0.000000,0.000000,0.000000,-0.534223,0.000000,0.000000,0.000000,65535.000000,0.000000,0.000000,6.000000,1.000000,6.000000,1.000000,0.000000,0.000000,1.000000
840.000000,6.000000,1.000000,0.000000,0.000000,0.000000,0.000000,0.000000,0.000000,0.000000,0.000002,0.000000,0.000000,0.000000,-0.529338,0.000000,0.000000,0.000000,65535.000000,0.000000,0.000000,6.000000,1.000000,6.000000,1.000000,0.000000,0.000000,1.000000
850.000000,6.000000,1.000000,0.000000,0.000000,0.000000,0.000000,0.000000,0.000000,0.000000,0.000002,0.000000,0.000000,0.000000,-0.526548,0.000000,0.000000,0.000000,65535.000000,0.000000,0.000000,6.000000,1.000000,6.000000,1.000000,0.000000,0.000000,1.000000
860.000000,6.000000,1.000000,0.000000,0.000000,0.000000,0.000000,0.000000,0.000000,0.000000,0.000002,0.000000,0.000000,0.000000,-0.531201,0.000000,0.000000,0.000000,65535.000000,0.000000,0.000000,6.000000,1.000000,6.000000,1.000000,0.000000,0.000000,1.000000
870.000000,6.000000,1.000000,0.000000,0.000000,0.000000,0.000000,0.000000,0.000000,0.000000,0.000001,0.000000,0.000000,0.000000,-0.530578,0.000000,0.000000,0.000000,65535.000000,0.000000,0.000000,6.000000,1.000000,6.000000,1.000000,0.000000,0.000000,1.000000
880.000000,6.000000,1.000000,0.000000,0.000000,0.000000,0.000000,0.000000,0.000000,0.000000,0.000001,0.000000,0.000000,0.000000,-0.527775,0.000000,0.000000,0.000000,65535.000000,0.000000,0.000000,6.000000,1.000000,6.000000,1.000000,0.000000,0.000000,1.000000
890.000000,6.000000,1.000000,0.000000,0.000000,0.000000,0.000000,0.000000,0.000000,0.000000,0.000001,0.000000,0.000000,0.000000,-0.525748,0.000000,0.000000,0.000000,65535.000000,0.000000,0.000000,6.000000,1.000000,6.000000,1.000000,0.000000,0.000000,1.000000
900.000000,6.000000,1.000000,0.000000,0.000000,0.000000,0.000000,0.000000,0.000000,0.000000,0.000001,0.000000,0.000000,0.000000,-0.522916,0.000000,0.000000,0.000000,65535.000000,0.000000,0.000000,6.000000,1.000000,6.000000,1.000000,0.000000,0.000000,1.000000
910.000000,6.000000,1.000000,0.000000,0.000000,0.000000,0.000000,0.000000,0.000000,0.000000,0.000001,0.000000,0.000000,0.000000,-0.520193,0.000000,0.000000,0.000000,65535.000000,0.000000,0.000000,6.000000,1.000000,6.000000,1.000000,0.000000,0.000000,1.000000
920.000000,6.000000,1.000000,0.000000,0.000000,0.000000,0.000000,0.000000,0.000000,0.000000,0.000001,0.000000,0.000000,0.000000,-0.519496,0.000000,0.000000,0.000000,65535.000000,0.000000,0.000000,6.000000,1.000000,6.000000,1.000000,0.000000,0.000000,1.000000
930.000000,6.000000,1.000000,0.000000,0.000000,0.000000,0.000000,0.000000,0.000000,0.000000,0.000001,0.000000,0.000000,0.000000,-0.517701,0.000000,0.000000,0.000000,65535.000000,0.000000,0.000000,6.000000,1.000000,6.000000,1.000000,0.000000,0.000000,1.000000
940.000000,6.000000,1.000000,0.000000,0.000000,0.000000,0.000000,0.000000,0.000000,0.000000,0.000001,0.000000,0.000000,0.000000,-0.515309,0.000000,0.000000,0.000000,65535.000000,0.000000,0.000000,6.000000,1.000000,6.000000,1.000000,0.000000,0.000000,1.000000
950.000000,6.000000,1.000000,0.000000,0.000000,0.000000,0.000000,0.000000,0.000000,0.000000,0.000001,0.000000,0.000000,0.000000,-0.514243,0.000000,0.000000,0.000000,65535.000000,0.000000,0.000000,6.000000,1.000000,6.000000,1.000000,0.000000,0.000000,1.000000
960.000000,6.000000,1.000000,0.000000,0.000000,0.000000,0.000000,0.000000,0.000000,0.000000,0.000000,0.000000,0.000000,0.000000,-0.509926,0.000000,0.000000,0.000000,65535.000000,0.000000,0.000000,6.000000,1.000000,6.000000,1.000000,0.000000,0.000000,1.000000
970.000000,6.000000,1.000000,0.000000,0.000000,0.000000,0.000000,0.000000,0.000000,0.000000,0.000000,0.000000,0.000000,0.000000,-0.506148,0.000000,0.000000,0.000000,65535.000000,0.000000,0.000000,6.000000,1.000000,6.000000,1.000000,0.000000,0.000000,1.000000
980.000000,6.000000,1.000000,0.000000,0.000000,0.000000,0.000000,0.000000,0.000000,0.000000,0.000000,0.000000,0.000000,0.000000,-0.503597,0.000000,0.000000,0.000000,65535.000000,0.000000,0.000000,6.000000,1.000000,6.000000,1.000000,0.000000,0.000000,1.000000
990.000000,6.000000,1.000000,0.000000,0.000000,0.000000,0.000000,0.000000,0.000000,0.000000,0.000000,0.000000,0.000000,0.000000,-0.505633,0.000000,0.000000,0.000000,65535.000000,0.000000,0.000000,6.000000,1.000000,6.000000,1.000000,0.000000,0.000000,1.000000
1000.000000,6.000000,1.000000,0.000000,0.000000,0.000000,0.000000,0.000000,0.000000,0.000000,0.000000,0.000000,0.000000,0.000000,-0.500075,0.000000,0.000000,0.000000,65535.000000,0.000000,0.000000,6.000000,1.000000,6.000000,1.000000,0.000000,0.000000,1.000000
1010.000000,6.000000,1.000000,0.000000,0.000000,0.000000,0.000000,0.000000,0.000000,0.000000,0.000000,0.000000,0.000000,0.000000,-0.497581,0.000000,0.000000,0.000000,65535.000000,0.000000,0.000000,6.000000,1.000000,6.000000,1.000000,0.000000,0.000000,1.000000
1020.000000,6.000000,1.000000,0.000000,0.000000,0.000000,0.000000,0.000000,0.000000,0.000000,0.000000,0.000000,0.000000,0.000000,-0.495115,0.000000,0.000000,0.000000,65535.000000,0.000000,0.000000,6.000000,1.000000,6.000000,1.000000,0.000000,0.000000,1.000000
1030.000000,6.000000,1.000000,0.000000,0.000000,0.000000,0.000000,0.000000,0.000000,0.000000,0.000000,0.000000,0.000000,0.000000,-0.494181,0.000000,0.000000,0.000000,65535.000000,0.000000,0.000000,6.000000,1.000000,6.000000,1.000000,0.000000,0.000000,1.000000
1040.000000,6.000000,1.000000,0.000000,0.000000,0.000000,0.000000,0.000000,0.000000,0.000000,0.000000,0.000000,0.000000,0.000000,-0.491179,0.000000,0.000000,0.000000,65535.000000,0.000000,0.000000,6.000000,1.000000,6.000000,1.000000,0.000000,0.000000,1.000000
1050.000000,6.000000,1.000000,0.000000,0.000000,0.000000,0.000000,0.000000,0.000000,0.000000,0.000000,0.000000,0.000000,0.000000,-0.486978,0.000000,0.000000,0.000000,65535.000000,0.000000,0.000000,6.000000,1.000000,6.000000,1.000000,0.000000,0.000000,1.000000
1060.000000,6.000000,1.000000,0.000000,0.000000,0.000000,0.000000,0.000000,0.000000,0.000000,0.000000,0.000000,0.000000,0.000000,-0.480326,0.000000,0.000000,0.000000,65535.000000,0.000000,0.000000,6.000000,1.000000,6.000000,1.000000,0.000000,0.000000,1.000000
1070.000000,6.000000,1.000000,0.000000,0.000000,0.000000,0.000000,0.000000,0.000000,0.000000,0.000000,0.000000,0.000000,0.000000,-0.475369,0.000000,0.000000,0.000000,65535.000000,0.000000,0.000000,6.000000,1.000000,6.000000,1.000000,0.000000,0.000000,1.000000
1080.000000,6.000000,1.000000,0.000000,0.000000,0.000000,0.000000,0.000000,0.000000,0.000000,0.000000,0.000000,0.000000,0.000000,-0.473118,0.000000,0.000000,0.000000,65535.000000,0.000000,0.000000,6.000000,1.000000,6.000000,1.000000,0.000000,0.000000,1.000000
1090.000000,6.000000,1.000000,0.000000,0.000000,0.000000,0.000000,0.000000,0.000000,0.000000,0.000000,0.000000,0.000000,0.000000,-0.471964,0.000000,0.000000,0.000000,65535.000000,0.000000,0.000000,6.000000,1.000000,6.000000,1.000000,0.000000,0.000000,1.000000
1100.000000,6.000000,1.000000,0.000000,0.000000,0.000000,0.000000,0.000000,0.000000,0.000000,0.000000,0.000000,0.000000,0.000000,-0.476327,0.000000,0.000000,0.000000,65535.000000,0.000000,0.000000,6.000000,1.000000,6.000000,1.000000,0.000000,0.000000,1.000000
1110.000000,6.000000,1.000000,0.000000,0.000000,0.000000,0.000000,0.000000,0.000000,0.000000,0.000000,0.000000,0.000000,0.000000,-0.474067,0.000000,0.000000,0.000000,65535.000000,0.000000,0.000000,6.000000,1.000000,6.000000,1.000000,0.000000,0.000000,1.000000
1120.000000,6.000000,1.000000,0.000000,0.000000,0.000000,0.000000,0.000000,0.000000,0.000000,0.000000,0.000000,0.000000,0.000000,-0.468574,0.000000,0.000000,0.000000,65535.000000,0.000000,0.000000,6.000000,1.000000,6.000000,1.000000,0.000000,0.000000,1.000000
1130.000000,6.000000,1.000000,0.000000,0.000000,0.000000,0.000000,0.000000,0.000000,0.000000,0.000000,0.000000,0.000000,0.000000,-0.466233,0.000000,0.000000,0.000000,65535.000000,0.000000,0.000000,6.000000,1.000000,6.000000,1.000000,0.000000,0.000000,1.000000
1140.000000,6.000000,1.000000,0.000000,0.000000,0.000000,0.000000,0.000000,0.000000,0.000000,0.000000,0.000000,0.000000,0.000000,-0.464067,0.000000,0.000000,0.000000,65535.000000,0.000000,0.000000,6.000000,1.000000,6.000000,1.000000,0.000000,0.000000,1.000000
1150.000000,6.000000,1.000000,0.000000,0.000000,0.000000,0.000000,0.000000,0.000000,0.000000,0.000000,0.000000,0.000000,0.000000,-0.464645,0.000000,0.000000,0.000000,65535.000000,0.000000,0.000000,6.000000,1.000000,6.000000,1.000000,0.000000,0.000000,1.000000
1160.000000,6.000000,1.000000,0.000000,0.000000,0.000000,0.000000,0.000000,0.000000,0.000000,0.000000,0.000000,0.000000,0.000000,-0.465293,0.000000,0.000000,0.000000,65535.000000,0.000000,0.000000,6.000000,1.000000,6.000000,1.000000,0.000000,0.000000,1.000000
1170.000000,6.000000,1.000000,0.000000,0.000000,0.000000,0.000000,0.000000,0.000000,0.000000,0.000000,0.000000,0.000000,0.000000,-0.463136,0.000000,0.000000,0.000000,65535.000000,0.000000,0.000000,6.000000,1.000000,6.000000,1.000000,0.000000,0.000000,1.000000
1180.000000,6.000000,1.000000,0.000000,0.000000,0.000000,0.000000,0.000000,0.000000,0.000000,0.000000,0.000000,0.000000,0.000000,-0.459804,0.000000,0.000000,0.000000,65535.000000,0.000000,0.000000,6.000000,1.000000,6.000000,1.000000,0.000000,0.000000,1.000000
1190.000000,6.000000,1.000000,0.000000,0.000000,0.000000,0.000000,0.000000,0.000000,0.000000,0.000000,0.000000,0.000000,0.000000,-0.457697,0.000000,0.000000,0.000000,65535.000000,0.000000,0.000000,6.000000,1.000000,6.000000,1.000000,0.000000,0.000000,1.000000
1200.000000,6.000000,1.000000,0.000000,0.000000,0.000000,0.000000,0.000000,0.000000,0.000000,0.000000,0.000000,0.000000,0.000000,-0.455655,0.000000,0.000000,0.000000,65535.000000,0.000000,0.000000,6.000000,1.000000,6.000000,1.000000,0.000000,0.000000,1.000000
1210.000000,6.000000,1.000000,0.000000,0.000000,0.000000,0.000000,0.000000,0.000000,0.000000,0.000000,0.000000,0.000000,0.000000,-0.455196,0.000000,0.000000,0.000000,65535.000000,0.000000,0.000000,6.000000,1.000000,6.000000,1.000000,0.000000,0.000000,1.000000
1220.000000,6.000000,1.000000,0.000000,0.000000,0.000000,0.000000,0.000000,0.000000,0.000000,0.000000,0.000000,0.000000,0.000000,-0.454001,0.000000,0.000000,0.000000,65535.000000,0.000000,0.000000,6.000000,1.000000,6.000000,1.000000,0.000000,0.000000,1.000000
1230.000000,6.000000,1.000000,0.000000,0.000000,0.000000,0.000000,0.000000,0.000000,0.000000,0.000000,0.000000,0.000000,0.000000,-0.449093,0.000000,0.000000,0.000000,65535.000000,0.000000,0.000000,6.000000,1.000000,6.000000,1.000000,0.000000,0.000000,1.000000
1240.000000,6.000000,1.000000,0.000000,0.000000,0.000000,0.000000,0.000000,0.000000,0.000000,0.000000,0.000000,0.000000,0.000000,-0.443297,0.000000,0.000000,0.000000,65535.000000,0.000000,0.000000,6.000000,1.000000,6.000000,1.000000,0.000000,0.000000,1.000000
1250.000000,6.000000,1.000000,0.000000,0.000000,0.000000,0.000000,0.000000,0.000000,0.000000,0.000000,0.000000,0.000000,0.000000,-0.441338,0.000000,0.000000,0.000000,65535.000000,0.000000,0.000000,6.000000,1.000000,6.000000,1.000000,0.000000,0.000000,1.000000
1260.000000,6.000000,1.000000,0.000000,0.000000,0.000000,0.000000,0.000000,0.000000,0.000000,0.000000,0.000000,0.000000,0.000000,-0.437037,0.000000,0.000000,0.000000,65535.000000,0.000000,0.000000,6.000000,1.000000,6.000000,1.000000,0.000000,0.000000,1.000000
1270.000000,6.000000,1.000000,0.000000,0.000000,0.000000,0.000000,0.000000,0.000000,0.000000,0.000000,0.000000,0.000000,0.000000,-0.435133,0.000000,0.000000,0.000000,65535.000000,0.000000,0.000000,6.000000,1.000000,6.000000,1.000000,0.000000,0.000000,1.000000
1280.000000,6.000000,1.000000,0.000000,0.000000,0.000000,0.000000,0.000000,0.000000,0.000000,0.000000,0.000000,0.000000,0.000000,-0.435021,0.000000,0.000000,0.000000,65535.000000,0.000000,0.000000,6.000000,1.000000,6.000000,1.000000,0.000000,0.000000,1.000000
1290.000000,6.000000,1.000000,0.000000,0.000000,0.000000,0.000000,0.000000,0.000000,0.000000,0.000000,0.000000,0.000000,0.000000,-0.439800,0.000000,0.000000,0.000000,65535.000000,0.000000,0.000000,6.000000,1.000000,6.000000,1.000000,0.000000,0.000000,1.000000
1300.000000,6.000000,1.000000,0.000000,0.000000,0.000000,0.000000,0.000000,0.000000,0.000000,0.000000,0.000000,0.000000,0.000000,-0.434568,0.000000,0.000000,0.000000,65535.000000,0.000000,0.000000,6.000000,1.000000,6.000000,1.000000,0.000000,0.000000,1.000000
1310.000000,6.000000,1.000000,0.000000,0.000000,0.000000,0.000000,0.000000,0.000000,0.000000,0.000000,0.000000,0.000000,0.000000,-0.432685,0.000000,0.000000,0.000000,65535.000000,0.000000,0.000000,6.000000,1.000000,6.000000,1.000000,0.000000,0.000000,1.000000
1320.000000,6.000000,1.000000,0.000000,0.000000,0.000000,0.000000,0.000000,0.000000,0.000000,0.000000,0.000000,0.000000,0.000000,-0.431171,0.000000,0.000000,0.000000,65535.000000,0.000000,0.000000,6.000000,1.000000,6.000000,1.000000,0.000000,0.000000,1.000000
1330.000000,6.000000,1.000000,0.000000,0.000000,0.000000,0.000000,0.000000,0.000000,0.000000,0.000000,0.000000,0.000000,0.000000,-0.423429,0.000000,0.000000,0.000000,65535.000000,0.000000,0.000000,6.000000,1.000000,6.000000,1.000000,0.000000,0.000000,1.000000
1340.000000,6.000000,1.000000,0.000000,0.000000,0.000000,0.000000,0.000000,0.000000,0.000000,0.000000,0.000000,0.000000,0.000000,-0.421116,0.000000,0.000000,0.000000,65535.000000,0.000000,0.000000,6.000000,1.000000,6.000000,1.000000,0.000000,0.000000,1.000000
1350.000000,6.000000,1.000000,0.000000,0.000000,0.000000,0.000000,0.000000,0.000000,0.000000,0.000000,0.000000,0.000000,0.000000,-0.419349,0.000000,0.000000,0.000000,65535.000000,0.000000,0.000000,6.000000,1.000000,6.000000,1.000000,0.000000,0.000000,1.000000
1360.000000,6.000000,1.000000,0.000000,0.000000,0.000000,0.000000,0.000000,0.000000,0.000000,0.000000,0.000000,0.000000,0.000000,-0.418627,0.000000,0.000000,0.000000,65535.000000,0.000000,0.000000,6.000000,1.000000,6.000000,1.000000,0.000000,0.000000,1.000000
1370.000000,6.000000,1.000000,0.000000,0.000000,0.000000,0.000000,0.000000,0.000000,0.000000,0.000000,0.000000,0.000000,0.000000,-0.416832,0.000000,0.000000,0.000000,65535.000000,0.000000,0.000000,6.000000,1.000000,6.000000,1.000000,0.000000,0.000000,1.000000
1380.000000,6.000000,1.000000,0.000000,0.000000,0.000000,0.000000,0.000000,0.000000,0.000000,0.000000,0.000000,0.000000,0.000000,-0.415100,0.000000,0.000000,0.000000,65535.000000,0.000000,0.000000,6.000000,1.000000,6.000000,1.000000,0.000000,0.000000,1.000000
1390.000000,6.000000,1.000000,0.000000,0.000000,0.000000,0.000000,0.000000,0.000000,0.000000,0.000000,0.000000,0.000000,0.000000,-0.417466,0.000000,0.000000,0.000000,65535.000000,0.000000,0.000000,6.000000,1.000000,6.000000,1.000000,0.000000,0.000000,1.000000
1400.000000,6.000000,1.000000,0.000000,0.000000,0.000000,0.000000,0.000000,0.000000,0.000000,0.000000,0.000000,0.000000,0.000000,-0.416708,0.000000,0.000000,0.000000,65535.000000,0.000000,0.000000,6.000000,1.000000,6.000000,1.000000,0.000000,0.000000,1.000000
1410.000000,6.000000,1.000000,0.000000,0.000000,0.000000,0.000000,0.000000,0.000000,0.000000,0.000000,0.000000,0.000000,0.000000,-0.415231,0.000000,0.000000,0.000000,65535.000000,0.000000,0.000000,6.000000,1.000000,6.000000,1.000000,0.000000,0.000000,1.000000
1420.000000,6.000000,1.000000,0.000000,0.000000,0.000000,0.000000,0.000000,0.000000,0.000000,0.000000,0.000000,0.000000,0.000000,-0.413512,0.000000,0.000000,0.000000,65535.000000,0.000000,0.000000,6.000000,1.000000,6.000000,1.000000,0.000000,0.000000,1.000000
1430.000000,6.000000,1.000000,0.000000,0.000000,0.000000,0.000000,0.000000,0.000000,0.000000,0.000000,0.000000,0.000000,0.000000,-0.414711,0.000000,0.000000,0.000000,65535.000000,0.000000,0.000000,6.000000,1.000000,6.000000,1.000000,0.000000,0.000000,1.000000
1440.000000,6.000000,1.000000,0.000000,0.000000,0.000000,0.000000,0.000000,0.000000,0.000000,0.000000,0.000000,0.000000,0.000000,-0.413167,0.000000,0.000000,0.000000,65535.000000,0.000000,0.000000,6.000000,1.000000,6.000000,1.000000,0.000000,0.000000,1.000000
1450.000000,6.000000,1.000000,0.000000,0.000000,0.000000,0.000000,0.000000,0.000000,0.000000,0.000000,0.000000,0.000000,0.000000,-0.408937,0.000000,0.000000,0.000000,65535.000000,0.000000,0.000000,6.000000,1.000000,6.000000,1.000000,0.000000,0.000000,1.000000
1460.000000,6.000000,1.000000,0.000000,0.000000,0.000000,0.000000,0.000000,0.000000,0.000000,0.000000,0.000000,0.000000,0.000000,-0.406822,0.000000,0.000000,0.000000,65535.000000,0.000000,0.000000,6.000000,1.000000,6.000000,1.000000,0.000000,0.000000,1.000000
1470.000000,6.000000,1.000000,0.000000,0.000000,0.000000,0.000000,0.000000,0.000000,0.000000,0.000000,0.000000,0.000000,0.000000,-0.405172,0.000000,0.000000,0.000000,65535.000000,0.000000,0.000000,6.000000,1.000000,6.000000,1.000000,0.000000,0.000000,1.000000
1480.000000,6.000000,1.000000,0.000000,0.000000,0.000000,0.000000,0.000000,0.000000,0.000000,0.000000,0.000000,0.000000,0.000000,-0.405552,0.000000,0.000000,0.000000,65535.000000,0.000000,0.000000,6.000000,1.000000,6.000000,1.000000,0.000000,0.000000,1.000000
1490.000000,6.000000,1.000000,0.000000,0.000000,0.000000,0.000000,0.000000,0.000000,0.000000,0.000000,0.000000,0.000000,0.000000,-0.402504,0.000000,0.000000,0.000000,65535.000000,0.000000,0.000000,6.000000,1.000000,6.000000,1.000000,0.000000,0.000000,1.000000
1500.000000,6.000000,1.000000,0.000000,0.000000,0.000000,0.000000,0.000000,0.000000,0.000000,0.000000,0.000000,0.000000,0.000000,-0.400889,0.000000,0.000000,0.000000,65535.000000,0.000000,0.000000,6.000000,1.000000,6.000000,1.000000,0.000000,0.000000,1.000000
1510.000000,6.000000,1.000000,0.000000,0.000000,0.000000,0.000000,0.000000,0.000000,0.000000,0.000000,0.000000,0.000000,0.000000,-0.399027,0.000000,0.000000,0.000000,65535.000000,0.000000,0.000000,6.000000,1.000000,6.000000,1.000000,0.000000,0.000000,1.000000
1520.000000,6.000000,1.000000,0.000000,0.000000,0.000000,0.000000,0.000000,0.000000,0.000000,0.000000,0.000000,0.000000,0.000000,-0.397439,0.000000,0.000000,0.000000,65535.000000,0.000000,0.000000,6.000000,1.000000,6.000000,1.000000,0.000000,0.000000,1.000000
1530.000000,6.000000,1.000000,0.000000,0.000000,0.000000,0.000000,0.000000,0.000000,0.000000,0.000000,0.000000,0.000000,0.000000,-0.390293,0.000000,0.000000,0.000000,65535.000000,0.000000,0.000000,6.000000,1.000000,6.000000,1.000000,0.000000,0.000000,1.000000
1540.000000,6.000000,1.000000,0.000000,0.000000,0.000000,0.000000,0.000000,0.000000,0.000000,0.000000,0.000000,0.000000,0.000000,-0.388774,0.000000,0.000000,0.000000,65535.000000,0.000000,0.000000,6.000000,1.000000,6.000000,1.000000,0.000000,0.000000,1.000000
1550.000000,6.000000,1.000000,0.000000,0.000000,0.000000,0.000000,0.000000,0.000000,0.000000,0.000000,0.000000,0.000000,0.000000,-0.387267,0.000000,0.000000,0.000000,65535.000000,0.000000,0.000000,6.000000,1.000000,6.000000,1.000000,0.000000,0.000000,1.000000
1560.000000,6.000000,1.000000,0.000000,0.000000,0.000000,0.000000,0.000000,0.000000,0.000000,0.000000,0.000000,0.000000,0.000000,-0.385902,0.000000,0.000000,0.000000,65535.000000,0.000000,0.000000,6.000000,1.000000,6.000000,1.000000,0.000000,0.000000,1.000000
1570.000000,6.000000,1.000000,0.000000,0.000000,0.000000,0.000000,0.000000,0.000000,0.000000,0.000000,0.000000,0.000000,0.000000,-0.384417,0.000000,0.000000,0.000000,65535.000000,0.000000,0.000000,6.000000,1.000000,6.000000,1.000000,0.000000,0.000000,1.000000
1580.000000,6.000000,1.000000,0.000000,0.000000,0.000000,0.000000,0.000000,0.000000,0.000000,0.000000,0.000000,0.000000,0.000000,-0.385081,0.000000,0.000000,0.000000,65535.000000,0.000000,0.000000,6.000000,1.000000,6.000000,1.000000,0.000000,0.000000,1.000000
1590.000000,6.000000,1.000000,0.000000,0.000000,0.000000,0.000000,0.000000,0.000000,0.000000,0.000000,0.000000,0.000000,0.000000,-0.383603,0.000000,0.000000,0.000000,65535.000000,0.000000,0.000000,6.000000,1.000000,6.000000,1.000000,0.000000,0.000000,1.000000
1600.000000,6.000000,1.000000,0.000000,0.000000,0.000000,0.000000,0.000000,0.000000,0.000000,0.000000,0.000000,0.000000,0.000000,-0.384798,0.000000,0.000000,0.000000,65535.000000,0.000000,0.000000,6.000000,1.000000,6.000000,1.000000,0.000000,0.000000,1.000000
1610.000000,6.000000,1.000000,0.000000,0.000000,0.000000,0.000000,0.000000,0.000000,0.000000,0.000000,0.000000,0.000000,0.000000,-0.382020,0.000000,0.000000,0.000000,65535.000000,0.000000,0.000000,6.000000,1.000000,6.000000,1.000000,0.000000,0.000000,1.000000
1620.000000,6.000000,1.000000,0.000000,0.000000,0.000000,0.000000,0.000000,0.000000,0.000000,0.000000,0.000000,0.000000,0.000000,-0.380564,0.000000,0.000000,0.000000,65535.000000,0.000000,0.000000,6.000000,1.000000,6.000000,1.000000,0.000000,0.000000,1.000000
1630.000000,6.000000,1.000000,0.000000,0.000000,0.000000,0.000000,0.000000,0.000000,0.000000,0.000000,0.000000,0.000000,0.000000,-0.379120,0.000000,0.000000,0.000000,65535.000000,0.000000,0.000000,6.000000,1.000000,6.000000,1.000000,0.000000,0.000000,1.000000
1640.000000,6.000000,1.000000,0.000000,0.000000,0.000000,0.000000,0.000000,0.000000,0.000000,0.000000,0.000000,0.000000,0.000000,-0.380233,0.000000,0.000000,0.000000,65535.000000,0.000000,0.000000,6.000000,1.000000,6.000000,1.000000,0.000000,0.000000,1.000000
1650.000000,6.000000,1.000000,0.000000,0.000000,0.000000,0.000000,0.000000,0.000000,0.000000,0.000000,0.000000,0.000000,0.000000,-0.378791,0.000000,0.000000,0.000000,65535.000000,0.000000,0.000000,6.000000,1.000000,6.000000,1.000000,0.000000,0.000000,1.000000
1660.000000,6.000000,1.000000,0.000000,0.000000,0.000000,0.000000,0.000000,0.000000,0.000000,0.000000,0.000000,0.000000,0.000000,-0.378089,0.000000,0.000000,0.000000,65535.000000,0.000000,0.000000,6.000000,1.000000,6.000000,1.000000,0.000000,0.000000,1.000000
1670.000000,6.000000,1.000000,0.000000,0.000000,0.000000,0.000000,0.000000,0.000000,0.000000,0.000000,0.000000,0.000000,0.000000,-0.377991,0.000000,0.000000,0.000000,65535.000000,0.000000,0.000000,6.000000,1.000000,6.000000,1.000000,0.000000,0.000000,1.000000
1680.000000,6.000000,1.000000,0.000000,0.000000,0.000000,0.000000,0.000000,0.000000,0.000000,0.000000,0.000000,0.000000,0.000000,-0.377003,0.000000,0.000000,0.000000,65535.000000,0.000000,0.000000,6.000000,1.000000,6.000000,1.000000,0.000000,0.000000,1.000000
1690.000000,6.000000,1.000000,0.000000,0.000000,0.000000,0.000000,0.000000,0.000000,0.000000,0.000000,0.000000,0.000000,0.000000,-0.370544,0.000000,0.000000,0.000000,65535.000000,0.000000,0.000000,6.000000,1.000000,6.000000,1.000000,0.000000,0.000000,1.000000
1700.000000,6.000000,1.000000,0.000000,0.000000,0.000000,0.000000,0.000000,0.000000,0.000000,0.000000,0.000000,0.000000,0.000000,-0.368559,0.000000,0.000000,0.000000,65535.000000,0.000000,0.000000,6.000000,1.000000,6.000000,1.000000,0.000000,0.000000,1.000000
1710.000000,6.000000,1.000000,0.000000,0.000000,0.000000,0.000000,0.000000,0.000000,0.000000,0.000000,0.000000,0.000000,0.000000,-0.367204,0.000000,0.000000,0.000000,65535.000000,0.000000,0.000000,6.000000,1.000000,6.000000,1.000000,0.000000,0.000000,1.000000
1720.000000,6.000000,1.000000,0.000000,0.000000,0.000000,0.000000,0.000000,0.000000,0.000000,0.000000,0.000000,0.000000,0.000000,-0.367895,0.000000,0.000000,0.000000,65535.000000,0.000000,0.000000,6.000000,1.000000,6.000000,1.000000,0.000000,0.000000,1.000000
1730.000000,6.000000,1.000000,0.000000,0.000000,0.000000,0.000000,0.000000,0.000000,0.000000,0.000000,0.000000,0.000000,0.000000,-0.363710,0.000000,0.000000,0.000000,65535.000000,0.000000,0.000000,6.000000,1.000000,6.000000,1.000000,0.000000,0.000000,1.000000
1740.000000,6.000000,1.000000,0.000000,0.000000,0.000000,0.000000,0.000000,0.000000,0.000000,0.000000,0.000000,0.000000,0.000000,-0.362391,0.000000,0.000000,0.000000,65535.000000,0.000000,0.000000,6.000000,1.000000,6.000000,1.000000,0.000000,0.000000,1.000000
1750.000000,6.000000,1.000000,0.000000,0.000000,0.000000,0.000000,0.000000,0.000000,0.000000,0.000000,0.000000,0.000000,0.000000,-0.363853,0.000000,0.000000,0.000000,65535.000000,0.000000,0.000000,6.000000,1.000000,6.000000,1.000000,0.000000,0.000000,1.000000
1760.000000,6.000000,1.000000,0.000000,0.000000,0.000000,0.000000,0.000000,0.000000,0.000000,0.000000,0.000000,0.000000,0.000000,-0.363958,0.000000,0.000000,0.000000,65535.000000,0.000000,0.000000,6.000000,1.000000,6.000000,1.000000,0.000000,0.000000,1.000000
1770.000000,6.000000,1.000000,0.000000,0.000000,0.000000,0.000000,0.000000,0.000000,0.000000,0.000000,0.000000,0.000000,0.000000,-0.362637,0.000000,0.000000,0.000000,65535.000000,0.000000,0.000000,6.000000,1.000000,6.000000,1.000000,0.000000,0.000000,1.000000
1780.000000,6.000000,1.000000,0.000000,0.000000,0.000000,0.000000,0.000000,0.000000,0.000000,0.000000,0.000000,0.000000,0.000000,-0.362971,0.000000,0.000000,0.000000,65535.000000,0.000000,0.000000,6.000000,1.000000,6.000000,1.000000,0.000000,0.000000,1.000000
1790.000000,6.000000,1.000000,0.000000,0.000000,0.000000,0.000000,0.000000,0.000000,0.000000,0.000000,0.000000,0.000000,0.000000,-0.361379,0.000000,0.000000,0.000000,65535.000000,0.000000,0.000000,6.000000,1.000000,6.000000,1.000000,0.000000,0.000000,1.000000
1800.000000,6.000000,1.000000,0.000000,0.000000,0.000000,0.000000,0.000000,0.000000,0.000000,0.000000,0.000000,0.000000,0.000000,-0.360077,0.000000,0.000000,0.000000,65535.000000,0.000000,0.000000,6.000000,1.000000,6.000000,1.000000,0.000000,0.000000,1.000000
1810.000000,6.000000,1.000000,0.000000,0.000000,0.000000,0.000000,0.000000,0.000000,0.000000,0.000000,0.000000,0.000000,0.000000,-0.356416,0.000000,0.000000,0.000000,65535.000000,0.000000,0.000000,6.000000,1.000000,6.000000,1.000000,0.000000,0.000000,1.000000
1820.000000,6.000000,1.000000,0.000000,0.000000,0.000000,0.000000,0.000000,0.000000,0.000000,0.000000,0.000000,0.000000,0.000000,-0.354898,0.000000,0.000000,0.000000,65535.000000,0.000000,0.000000,6.000000,1.000000,6.000000,1.000000,0.000000,0.000000,1.000000
1830.000000,6.000000,1.000000,0.000000,0.000000,0.000000,0.000000,0.000000,0.000000,0.000000,0.000000,0.000000,0.000000,0.000000,-0.353642,0.000000,0.000000,0.000000,65535.000000,0.000000,0.000000,6.000000,1.000000,6.000000,1.000000,0.000000,0.000000,1.000000
1840.000000,6.000000,1.000000,0.000000,0.000000,0.000000,0.000000,0.000000,0.000000,0.000000,0.000000,0.000000,0.000000,0.000000,-0.354855,0.000000,0.000000,0.000000,65535.000000,0.000000,0.000000,6.000000,1.000000,6.000000,1.000000,0.000000,0.000000,1.000000
1850.000000,6.000000,1.000000,0.000000,0.000000,0.000000,0.000000,0.000000,0.000000,0.000000,0.000000,0.000000,0.000000,0.000000,-0.351884,0.000000,0.000000,0.000000,65535.000000,0.000000,0.000000,6.000000,1.000000,6.000000,1.000000,0.000000,0.000000,1.000000
1860.000000,6.000000,1.000000,0.000000,0.000000,0.000000,0.000000,0.000000,0.000000,0.000000,0.000000,0.000000,0.000000,0.000000,-0.350224,0.000000,0.000000,0.000000,65535.000000,0.000000,0.000000,6.000000,1.000000,6.000000,1.000000,0.000000,0.000000,1.000000
1870.000000,6.000000,1.000000,0.000000,0.000000,0.000000,0.000000,0.000000,0.000000,0.000000,0.000000,0.000000,0.000000,0.000000,-0.349001,0.000000,0.000000,0.000000,65535.000000,0.000000,0.000000,6.000000,1.000000,6.000000,1.000000,0.000000,0.000000,1.000000
1880.000000,6.000000,1.000000,0.000000,0.000000,0.000000,0.000000,0.000000,0.000000,0.000000,0.000000,0.000000,0.000000,0.000000,-0.351603,0.000000,0.000000,0.000000,65535.000000,0.000000,0.000000,6.000000,1.000000,6.000000,1.000000,0.000000,0.000000,1.000000
1890.000000,6.000000,1.000000,0.000000,0.000000,0.000000,0.000000,0.000000,0.000000,0.000000,0.000000,0.000000,0.000000,0.000000,-0.355575,0.000000,0.000000,0.000000,65535.000000,0.000000,0.000000,6.000000,1.000000,6.000000,1.000000,0.000000,0.000000,1.000000
1900.000000,6.000000,1.000000,0.000000,0.000000,0.000000,0.000000,0.000000,0.000000,0.000000,0.000000,0.000000,0.000000,0.000000,-0.347694,0.000000,0.000000,0.000000,65535.000000,0.000000,0.000000,6.000000,1.000000,6.000000,1.000000,0.000000,0.000000,1.000000
1910.000000,6.000000,1.000000,0.000000,0.000000,0.000000,0.000000,0.000000,0.000000,0.000000,0.000000,0.000000,0.000000,0.000000,-0.346488,0.000000,0.000000,0.000000,65535.000000,0.000000,0.000000,6.000000,1.000000,6.000000,1.000000,0.000000,0.000000,1.000000
1920.000000,6.000000,1.000000,0.000000,0.000000,0.000000,0.000000,0.000000,0.000000,0.000000,0.000000,0.000000,0.000000,0.000000,-0.345290,0.000000,0.000000,0.000000,65535.000000,0.000000,0.000000,6.000000,1.000000,6.000000,1.000000,0.000000,0.000000,1.000000
1930.000000,6.000000,1.000000,0.000000,0.000000,0.000000,0.000000,0.000000,0.000000,0.000000,0.000000,0.000000,0.000000,0.000000,-0.345021,0.000000,0.000000,0.000000,65535.000000,0.000000,0.000000,6.000000,1.000000,6.000000,1.000000,0.000000,0.000000,1.000000
1940.000000,6.000000,1.000000,0.000000,0.000000,0.000000,0.000000,0.000000,0.000000,0.000000,0.000000,0.000000,0.000000,0.000000,-0.343833,0.000000,0.000000,0.000000,65535.000000,0.000000,0.000000,6.000000,1.000000,6.000000,1.000000,0.000000,0.000000,1.000000
1950.000000,6.000000,1.000000,0.000000,0.000000,0.000000,0.000000,0.000000,0.000000,0.000000,0.000000,0.000000,0.000000,0.000000,-0.347841,0.000000,0.000000,0.000000,65535.000000,0.000000,0.000000,6.000000,1.000000,6.000000,1.000000,0.000000,0.000000,1.000000
1960.000000,6.000000,1.000000,0.000000,0.000000,0.000000,0.000000,0.000000,0.000000,0.000000,0.000000,0.000000,0.000000,0.000000,-0.344074,0.000000,0.000000,0.000000,65535.000000,0.000000,0.000000,6.000000,1.000000,6.000000,1.000000,0.000000,0.000000,1.000000
1970.000000,6.000000,1.000000,0.000000,0.000000,0.000000,0.000000,0.000000,0.000000,0.000000,0.000000,0.000000,0.000000,0.000000,-0.342893,0.000000,0.000000,0.000000,65535.000000,0.000000,0.000000,6.000000,1.000000,6.000000,1.000000,0.000000,0.000000,1.000000
1980.000000,6.000000,1.000000,0.000000,0.000000,0.000000,0.000000,0.000000,0.000000,0.000000,0.000000,0.000000,0.000000,0.000000,-0.341720,0.000000,0.000000,0.000000,65535.000000,0.000000,0.000000,6.000000,1.000000,6.000000,1.000000,0.000000,0.000000,1.000000
1990.000000,6.000000,1.000000,0.000000,0.000000,0.000000,0.000000,0.000000,0.000000,0.000000,0.000000,0.000000,0.000000,0.000000,-0.338714,0.000000,0.000000,0.000000,65535.000000,0.000000,0.000000,6.000000,1.000000,6.000000,1.000000,0.000000,0.000000,1.000000
2000.000000,6.000000,1.000000,0.000000,0.000000,0.000000,0.000000,0.000000,0.000000,0.000000,0.000000,0.000000,0.000000,0.000000,-0.333863,0.000000,0.000000,0.000000,65535.000000,0.000000,0.000000,6.000000,1.000000,6.000000,1.000000,0.000000,0.000000,1.000000
2010.000000,6.000000,1.000000,0.000000,0.000000,0.000000,0.000000,0.000000,0.000000,0.000000,0.000000,0.000000,0.000000,0.000000,-0.332751,0.000000,0.000000,0.000000,65535.000000,0.000000,0.000000,6.000000,1.000000,6.000000,1.000000,0.000000,0.000000,1.000000
2020.000000,6.000000,1.000000,0.000000,0.000000,0.000000,0.000000,0.000000,0.000000,0.000000,0.000000,0.000000,0.000000,0.000000,-0.331564,0.000000,0.000000,0.000000,65535.000000,0.000000,0.000000,6.000000,1.000000,6.000000,1.000000,0.000000,0.000000,1.000000
2030.000000,6.000000,1.000000,0.000000,0.000000,0.000000,0.000000,0.000000,0.000000,0.000000,0.000000,0.000000,0.000000,0.000000,-0.330468,0.000000,0.000000,0.000000,65535.000000,0.000000,0.000000,6.000000,1.000000,6.000000,1.000000,0.000000,0.000000,1.000000
2040.000000,6.000000,1.000000,0.000000,0.000000,0.000000,0.000000,0.000000,0.000000,0.000000,0.000000,0.000000,0.000000,0.000000,-0.328423,0.000000,0.000000,0.000000,65535.000000,0.000000,0.000000,6.000000,1.000000,6.000000,1.000000,0.000000,0.000000,1.000000
2050.000000,6.000000,1.000000,0.000000,0.000000,0.000000,0.000000,0.000000,0.000000,0.000000,0.000000,0.000000,0.000000,0.000000,-0.323950,0.000000,0.000000,0.000000,65535.000000,0.000000,0.000000,6.000000,1.000000,6.000000,1.000000,0.000000,0.000000,1.000000
2060.000000,6.000000,1.000000,0.000000,0.000000,0.000000,0.000000,0.000000,0.000000,0.000000,0.000000,0.000000,0.000000,0.000000,-0.322903,0.000000,0.000000,0.000000,65535.000000,0.000000,0.000000,6.000000,1.000000,6.000000,1.000000,0.000000,0.000000,1.000000
2070.000000,6.000000,1.000000,0.000000,0.000000,0.000000,0.000000,0.000000,0.000000,0.000000,0.000000,0.000000,0.000000,0.000000,-0.321862,0.000000,0.000000,0.000000,65535.000000,0.000000,0.000000,6.000000,1.000000,6.000000,1.000000,0.000000,0.000000,1.000000
2080.000000,6.000000,1.000000,0.000000,0.000000,0.000000,0.000000,0.000000,0.000000,0.000000,0.000000,0.000000,0.000000,0.000000,-0.330444,0.000000,0.000000,0.000000,65535.000000,0.000000,0.000000,6.000000,1.000000,6.000000,1.000000,0.000000,0.000000,1.000000
2090.000000,6.000000,1.000000,0.000000,0.000000,0.000000,0.000000,0.000000,0.000000,0.000000,0.000000,0.000000,0.000000,0.000000,-0.325883,0.000000,0.000000,0.000000,65535.000000,0.000000,0.000000,6.000000,1.000000,6.000000,1.000000,0.000000,0.000000,1.000000
2100.000000,6.000000,1.000000,0.000000,0.000000,0.000000,0.000000,0.000000,0.000000,0.000000,0.000000,0.000000,0.000000,0.000000,-0.323596,0.000000,0.000000,0.000000,65535.000000,0.000000,0.000000,6.000000,1.000000,6.000000,1.000000,0.000000,0.000000,1.000000
2110.000000,6.000000,1.000000,0.000000,0.000000,0.000000,0.000000,0.000000,0.000000,0.000000,0.000000,0.000000,0.000000,0.000000,-0.322552,0.000000,0.000000,0.000000,65535.000000,0.000000,0.000000,6.000000,1.000000,6.000000,1.000000,0.000000,0.000000,1.000000
2120.000000,6.000000,1.000000,0.000000,0.000000,0.000000,0.000000,0.000000,0.000000,0.000000,0.000000,0.000000,0.000000,0.000000,-0.320588,0.000000,0.000000,0.000000,65535.000000,0.000000,0.000000,6.000000,1.000000,6.000000,1.000000,0.000000,0.000000,1.000000
2130.000000,6.000000,1.000000,0.000000,0.000000,0.000000,0.000000,0.000000,0.000000,0.000000,0.000000,0.000000,0.000000,0.000000,-0.319562,0.000000,0.000000,0.000000,65535.000000,0.000000,0.000000,6.000000,1.000000,6.000000,1.000000,0.000000,0.000000,1.000000
2140.000000,6.000000,1.000000,0.000000,0.000000,0.000000,0.000000,0.000000,0.000000,0.000000,0.000000,0.000000,0.000000,0.000000,-0.318703,0.000000,0.000000,0.000000,65535.000000,0.000000,0.000000,6.000000,1.000000,6.000000,1.000000,0.000000,0.000000,1.000000
2150.000000,6.000000,1.000000,0.000000,0.000000,0.000000,0.000000,0.000000,0.000000,0.000000,0.000000,0.000000,0.000000,0.000000,-0.328495,0.000000,0.000000,0.000000,65535.000000,0.000000,0.000000,6.000000,1.000000,6.000000,1.000000,0.000000,0.000000,1.000000
2160.000000,6.000000,1.000000,0.000000,0.000000,0.000000,0.000000,0.000000,0.000000,0.000000,0.000000,0.000000,0.000000,0.000000,-0.326418,0.000000,0.000000,0.000000,65535.000000,0.000000,0.000000,6.000000,1.000000,6.000000,1.000000,0.000000,0.000000,1.000000
2170.000000,6.000000,1.000000,0.000000,0.000000,0.000000,0.000000,0.000000,0.000000,0.000000,0.000000,0.000000,0.000000,0.000000,-0.322047,0.000000,0.000000,0.000000,65535.000000,0.000000,0.000000,6.000000,1.000000,6.000000,1.000000,0.000000,0.000000,1.000000
2180.000000,6.000000,1.000000,0.000000,0.000000,0.000000,0.000000,0.000000,0.000000,0.000000,0.000000,0.000000,0.000000,0.000000,-0.318268,0.000000,0.000000,0.000000,65535.000000,0.000000,0.000000,6.000000,1.000000,6.000000,1.000000,0.000000,0.000000,1.000000
2190.000000,6.000000,1.000000,0.000000,0.000000,0.000000,0.000000,0.000000,0.000000,0.000000,0.000000,0.000000,0.000000,0.000000,-0.317258,0.000000,0.000000,0.000000,65535.000000,0.000000,0.000000,6.000000,1.000000,6.000000,1.000000,0.000000,0.000000,1.000000
2200.000000,6.000000,1.000000,0.000000,0.000000,0.000000,0.000000,0.000000,0.000000,0.000000,0.000000,0.000000,0.000000,0.000000,-0.316253,0.000000,0.000000,0.000000,65535.000000,0.000000,0.000000,6.000000,1.000000,6.000000,1.000000,0.000000,0.000000,1.000000
2210.000000,6.000000,1.000000,0.000000,0.000000,0.000000,0.000000,0.000000,0.000000,0.000000,0.000000,0.000000,0.000000,0.000000,-0.317283,0.000000,0.000000,0.000000,65535.000000,0.000000,0.000000,6.000000,1.000000,6.000000,1.000000,0.000000,0.000000,1.000000
2220.000000,6.000000,1.000000,0.000000,0.000000,0.000000,0.000000,0.000000,0.000000,0.000000,0.000000,0.000000,0.000000,0.000000,-0.314859,0.000000,0.000000,0.000000,65535.000000,0.000000,0.000000,6.000000,1.000000,6.000000,1.000000,0.000000,0.000000,1.000000
2230.000000,6.000000,1.000000,0.000000,0.000000,0.000000,0.000000,0.000000,0.000000,0.000000,0.000000,0.000000,0.000000,0.000000,-0.303461,0.000000,0.000000,0.000000,65535.000000,0.000000,0.000000,6.000000,1.000000,6.000000,1.000000,0.000000,0.000000,1.000000
2240.000000,6.000000,1.000000,0.000000,0.000000,0.000000,0.000000,0.000000,0.000000,0.000000,0.000000,0.000000,0.000000,0.000000,-0.302542,0.000000,0.000000,0.000000,65535.000000,0.000000,0.000000,6.000000,1.000000,6.000000,1.000000,0.000000,0.000000,1.000000
2250.000000,6.000000,1.000000,0.000000,0.000000,0.000000,0.000000,0.000000,0.000000,0.000000,0.000000,0.000000,0.000000,0.000000,-0.301629,0.000000,0.000000,0.000000,65535.000000,0.000000,0.000000,6.000000,1.000000,6.000000,1.000000,0.000000,0.000000,1.000000
2260.000000,6.000000,1.000000,0.000000,0.000000,0.000000,0.000000,0.000000,0.000000,0.000000,0.000000,0.000000,0.000000,0.000000,-0.311350,0.000000,0.000000,0.000000,65535.000000,0.000000,0.000000,6.000000,1.000000,6.000000,1.000000,0.000000,0.000000,1.000000
2270.000000,6.000000,1.000000,0.000000,0.000000,0.000000,0.000000,0.000000,0.000000,0.000000,0.000000,0.000000,0.000000,0.000000,-0.309086,0.000000,0.000000,0.000000,65535.000000,0.000000,0.000000,6.000000,1.000000,6.000000,1.000000,0.000000,0.000000,1.000000
2280.000000,6.000000,1.000000,0.000000,0.000000,0.000000,0.000000,0.000000,0.000000,0.000000,0.000000,0.000000,0.000000,0.000000,-0.308133,0.000000,0.000000,0.000000,65535.000000,0.000000,0.000000,6.000000,1.000000,6.000000,1.000000,0.000000,0.000000,1.000000
2290.000000,6.000000,1.000000,0.000000,0.000000,0.000000,0.000000,0.000000,0.000000,0.000000,0.000000,0.000000,0.000000,0.000000,-0.307185,0.000000,0.000000,0.000000,65535.000000,0.000000,0.000000,6.000000,1.000000,6.000000,1.000000,0.000000,0.000000,1.000000
2300.000000,6.000000,1.000000,0.000000,0.000000,0.000000,0.000000,0.000000,0.000000,0.000000,0.000000,0.000000,0.000000,0.000000,-0.304801,0.000000,0.000000,0.000000,65535.000000,0.000000,0.000000,6.000000,1.000000,6.000000,1.000000,0.000000,0.000000,1.000000
2310.000000,6.000000,1.000000,0.000000,0.000000,0.000000,0.000000,0.000000,0.000000,0.000000,0.000000,0.000000,0.000000,0.000000,-0.303480,0.000000,0.000000,0.000000,65535.000000,0.000000,0.000000,6.000000,1.000000,6.000000,1.000000,0.000000,0.000000,1.000000
2320.000000,6.000000,1.000000,0.000000,0.000000,0.000000,0.000000,0.000000,0.000000,0.000000,0.000000,0.000000,0.000000,0.000000,-0.302560,0.000000,0.000000,0.000000,65535.000000,0.000000,0.000000,6.000000,1.000000,6.000000,1.000000,0.000000,0.000000,1.000000
2330.000000,6.000000,1.000000,0.000000,0.000000,0.000000,0.000000,0.000000,0.000000,0.000000,0.000000,0.000000,0.000000,0.000000,-0.302770,0.000000,0.000000,0.000000,65535.000000,0.000000,0.000000,6.000000,1.000000,6.000000,1.000000,0.000000,0.000000,1.000000
2340.000000,6.000000,1.000000,0.000000,0.000000,0.000000,0.000000,0.000000,0.000000,0.000000,0.000000,0.000000,0.000000,0.000000,-0.306691,0.000000,0.000000,0.000000,65535.000000,0.000000,0.000000,6.000000,1.000000,6.000000,1.000000,0.000000,0.000000,1.000000
2350.000000,6.000000,1.000000,0.000000,0.000000,0.000000,0.000000,0.000000,0.000000,0.000000,0.000000,0.000000,0.000000,0.000000,-0.306702,0.000000,0.000000,0.000000,65535.000000,0.000000,0.000000,6.000000,1.000000,6.000000,1.000000,0.000000,0.000000,1.000000
2360.000000,6.000000,1.000000,0.000000,0.000000,0.000000,0.000000,0.000000,0.000000,0.000000,0.000000,0.000000,0.000000,0.000000,-0.303146,0.000000,0.000000,0.000000,65535.000000,0.000000,0.000000,6.000000,1.000000,6.000000,1.000000,0.000000,0.000000,1.000000
2370.000000,6.000000,1.000000,0.000000,0.000000,0.000000,0.000000,0.000000,0.000000,0.000000,0.000000,0.000000,0.000000,0.000000,-0.302229,0.000000,0.000000,0.000000,65535.000000,0.000000,0.000000,6.000000,1.000000,6.000000,1.000000,0.000000,0.000000,1.000000
2380.000000,6.000000,1.000000,0.000000,0.000000,0.000000,0.000000,0.000000,0.000000,0.000000,0.000000,0.000000,0.000000,0.000000,-0.298826,0.000000,0.000000,0.000000,65535.000000,0.000000,0.000000,6.000000,1.000000,6.000000,1.000000,0.000000,0.000000,1.000000
2390.000000,6.000000,1.000000,0.000000,0.000000,0.000000,0.000000,0.000000,0.000000,0.000000,0.000000,0.000000,0.000000,0.000000,-0.297665,0.000000,0.000000,0.000000,65535.000000,0.000000,0.000000,6.000000,1.000000,6.000000,1.000000,0.000000,0.000000,1.000000
2400.000000,6.000000,1.000000,0.000000,0.000000,0.000000,0.000000,0.000000,0.000000,0.000000,0.000000,0.000000,0.000000,0.000000,-0.296780,0.000000,0.000000,0.000000,65535.000000,0.000000,0.000000,6.000000,1.000000,6.000000,1.000000,0.000000,0.000000,1.000000
2410.000000,6.000000,1.000000,0.000000,0.000000,0.000000,0.000000,0.000000,0.000000,0.000000,0.000000,0.000000,0.000000,0.000000,-0.302177,0.000000,0.000000,0.000000,65535.000000,0.000000,0.000000,6.000000,1.000000,6.000000,1.000000,0.000000,0.000000,1.000000
2420.000000,6.000000,1.000000,0.000000,0.000000,0.000000,0.000000,0.000000,0.000000,0.000000,0.000000,0.000000,0.000000,0.000000,-0.302201,0.000000,0.000000,0.000000,65535.000000,0.000000,0.000000,6.000000,1.000000,6.000000,1.000000,0.000000,0.000000,1.000000
2430.000000,6.000000,1.000000,0.000000,0.000000,0.000000,0.000000,0.000000,0.000000,0.000000,0.000000,0.000000,0.000000,0.000000,-0.293901,0.000000,0.000000,0.000000,65535.000000,0.000000,0.000000,6.000000,1.000000,6.000000,1.000000,0.000000,0.000000,1.000000
2440.000000,6.000000,1.000000,0.000000,0.000000,0.000000,0.000000,0.000000,0.000000,0.000000,0.000000,0.000000,0.000000,0.000000,-0.293039,0.000000,0.000000,0.000000,65535.000000,0.000000,0.000000,6.000000,1.000000,6.000000,1.000000,0.000000,0.000000,1.000000
2450.000000,6.000000,1.000000,0.000000,0.000000,0.000000,0.000000,0.000000,0.000000,0.000000,0.000000,0.000000,0.000000,0.000000,-0.292936,0.000000,0.000000,0.000000,65535.000000,0.000000,0.000000,6.000000,1.000000,6.000000,1.000000,0.000000,0.000000,1.000000
2460.000000,6.000000,1.000000,0.000000,0.000000,0.000000,0.000000,0.000000,0.000000,0.000000,0.000000,0.000000,0.000000,0.000000,-0.298667,0.000000,0.000000,0.000000,65535.000000,0.000000,0.000000,6.000000,1.000000,6.000000,1.000000,0.000000,0.000000,1.000000
2470.000000,6.000000,1.000000,0.000000,0.000000,0.000000,0.000000,0.000000,0.000000,0.000000,0.000000,0.000000,0.000000,0.000000,-0.292520,0.000000,0.000000,0.000000,65535.000000,0.000000,0.000000,6.000000,1.000000,6.000000,1.000000,0.000000,0.000000,1.000000
2480.000000,6.000000,1.000000,0.000000,0.000000,0.000000,0.000000,0.000000,0.000000,0.000000,0.000000,0.000000,0.000000,0.000000,-0.291666,0.000000,0.000000,0.000000,65535.000000,0.000000,0.000000,6.000000,1.000000,6.000000,1.000000,0.000000,0.000000,1.000000
2490.000000,6.000000,1.000000,0.000000,0.000000,0.000000,0.000000,0.000000,0.000000,0.000000,0.000000,0.000000,0.000000,0.000000,-0.290866,0.000000,0.000000,0.000000,65535.000000,0.000000,0.000000,6.000000,1.000000,6.000000,1.000000,0.000000,0.000000,1.000000
2500.000000,6.000000,1.000000,0.000000,0.000000,0.000000,0.000000,0.000000,0.000000,0.000000,0.000000,0.000000,0.000000,0.000000,-0.294942,0.000000,0.000000,0.000000,65535.000000,0.000000,0.000000,6.000000,1.000000,6.000000,1.000000,0.000000,0.000000,1.000000
2510.000000,6.000000,1.000000,0.000000,0.000000,0.000000,0.000000,0.000000,0.000000,0.000000,0.000000,0.000000,0.000000,0.000000,-0.295633,0.000000,0.000000,0.000000,65535.000000,0.000000,0.000000,6.000000,1.000000,6.000000,1.000000,0.000000,0.000000,1.000000
2520.000000,6.000000,1.000000,0.000000,0.000000,0.000000,0.000000,0.000000,0.000000,0.000000,0.000000,0.000000,0.000000,0.000000,-0.295007,0.000000,0.000000,0.000000,65535.000000,0.000000,0.000000,6.000000,1.000000,6.000000,1.000000,0.000000,0.000000,1.000000
2530.000000,6.000000,1.000000,0.000000,0.000000,0.000000,0.000000,0.000000,0.000000,0.000000,0.000000,0.000000,0.000000,0.000000,-0.294138,0.000000,0.000000,0.000000,65535.000000,0.000000,0.000000,6.000000,1.000000,6.000000,1.000000,0.000000,0.000000,1.000000
2540.000000,6.000000,1.000000,0.000000,0.000000,0.000000,0.000000,0.000000,0.000000,0.000000,0.000000,0.000000,0.000000,0.000000,-0.297007,0.000000,0.000000,0.000000,65535.000000,0.000000,0.000000,6.000000,1.000000,6.000000,1.000000,0.000000,0.000000,1.000000
2550.000000,6.000000,1.000000,0.000000,0.000000,0.000000,0.000000,0.000000,0.000000,0.000000,0.000000,0.000000,0.000000,0.000000,-0.294526,0.000000,0.000000,0.000000,65535.000000,0.000000,0.000000,6.000000,1.000000,6.000000,1.000000,0.000000,0.000000,1.000000
2560.000000,6.000000,1.000000,0.000000,0.000000,0.000000,0.000000,0.000000,0.000000,0.000000,0.000000,0.000000,0.000000,0.000000,-0.291398,0.000000,0.000000,0.000000,65535.000000,0.000000,0.000000,6.000000,1.000000,6.000000,1.000000,0.000000,0.000000,1.000000
2570.000000,6.000000,1.000000,0.000000,0.000000,0.000000,0.000000,0.000000,0.000000,0.000000,0.000000,0.000000,0.000000,0.000000,-0.290551,0.000000,0.000000,0.000000,65535.000000,0.000000,0.000000,6.000000,1.000000,6.000000,1.000000,0.000000,0.000000,1.000000
2580.000000,6.000000,1.000000,0.000000,0.000000,0.000000,0.000000,0.000000,0.000000,0.000000,0.000000,0.000000,0.000000,0.000000,-0.290392,0.000000,0.000000,0.000000,65535.000000,0.000000,0.000000,6.000000,1.000000,6.000000,1.000000,0.000000,0.000000,1.000000
2590.000000,6.000000,1.000000,0.000000,0.000000,0.000000,0.000000,0.000000,0.000000,0.000000,0.000000,0.000000,0.000000,0.000000,-0.282738,0.000000,0.000000,0.000000,65535.000000,0.000000,0.000000,6.000000,1.000000,6.000000,1.000000,0.000000,0.000000,1.000000
2600.000000,6.000000,1.000000,0.000000,0.000000,0.000000,0.000000,0.000000,0.000000,0.000000,0.000000,0.000000,0.000000,0.000000,-0.279433,0.000000,0.000000,0.000000,65535.000000,0.000000,0.000000,6.000000,1.000000,6.000000,1.000000,0.000000,0.000000,1.000000
2610.000000,6.000000,1.000000,0.000000,0.000000,0.000000,0.000000,0.000000,0.000000,0.000000,0.000000,0.000000,0.000000,0.000000,-0.278653,0.000000,0.000000,0.000000,65535.000000,0.000000,0.000000,6.000000,1.000000,6.000000,1.000000,0.000000,0.000000,1.000000
2620.000000,6.000000,1.000000,0.000000,0.000000,0.000000,0.000000,0.000000,0.000000,0.000000,0.000000,0.000000,0.000000,0.000000,-0.278314,0.000000,0.000000,0.000000,65535.000000,0.000000,0.000000,6.000000,1.000000,6.000000,1.000000,0.000000,0.000000,1.000000
2630.000000,6.000000,1.000000,0.000000,0.000000,0.000000,0.000000,0.000000,0.000000,0.000000,0.000000,0.000000,0.000000,0.000000,-0.284821,0.000000,0.000000,0.000000,65535.000000,0.000000,0.000000,6.000000,1.000000,6.000000,1.000000,0.000000,0.000000,1.000000
2640.000000,6.000000,1.000000,0.000000,0.000000,0.000000,0.000000,0.000000,0.000000,0.000000,0.000000,0.000000,0.000000,0.000000,-0.284012,0.000000,0.000000,0.000000,65535.000000,0.000000,0.000000,6.000000,1.000000,6.000000,1.000000,0.000000,0.000000,1.000000
2650.000000,6.000000,1.000000,0.000000,0.000000,0.000000,0.000000,0.000000,0.000000,0.000000,0.000000,0.000000,0.000000,0.000000,-0.277330,0.000000,0.000000,0.000000,65535.000000,0.000000,0.000000,6.000000,1.000000,6.000000,1.000000,0.000000,0.000000,1.000000
2660.000000,6.000000,1.000000,0.000000,0.000000,0.000000,0.000000,0.000000,0.000000,0.000000,0.000000,0.000000,0.000000,0.000000,-0.252979,0.000000,0.000000,0.000000,65535.000000,0.000000,0.000000,6.000000,1.000000,6.000000,1.000000,0.000000,0.000000,1.000000
2670.000000,6.000000,1.000000,0.000000,0.000000,0.000000,0.000000,0.000000,0.000000,0.000000,0.000000,0.000000,0.000000,0.000000,-0.252340,0.000000,0.000000,0.000000,65535.000000,0.000000,0.000000,6.000000,1.000000,6.000000,1.000000,0.000000,0.000000,1.000000
2680.000000,6.000000,1.000000,0.000000,0.000000,0.000000,0.000000,0.000000,0.000000,0.000000,0.000000,0.000000,0.000000,0.000000,-0.251704,0.000000,0.000000,0.000000,65535.000000,0.000000,0.000000,6.000000,1.000000,6.000000,1.000000,0.000000,0.000000,1.000000
2690.000000,6.000000,1.000000,0.000000,0.000000,0.000000,0.000000,0.000000,0.000000,0.000000,0.000000,0.000000,0.000000,0.000000,-0.273791,0.000000,0.000000,0.000000,65535.000000,0.000000,0.000000,6.000000,1.000000,6.000000,1.000000,0.000000,0.000000,1.000000
2700.000000,6.000000,1.000000,0.000000,0.000000,0.000000,0.000000,0.000000,0.000000,0.000000,0.000000,0.000000,0.000000,0.000000,-0.275967,0.000000,0.000000,0.000000,65535.000000,0.000000,0.000000,6.000000,1.000000,6.000000,1.000000,0.000000,0.000000,1.000000
2710.000000,6.000000,1.000000,0.000000,0.000000,0.000000,0.000000,0.000000,0.000000,0.000000,0.000000,0.000000,0.000000,0.000000,-0.273219,0.000000,0.000000,0.000000,65535.000000,0.000000,0.000000,6.000000,1.000000,6.000000,1.000000,0.000000,0.000000,1.000000
2720.000000,6.000000,1.000000,0.000000,0.000000,0.000000,0.000000,0.000000,0.000000,0.000000,0.000000,0.000000,0.000000,0.000000,-0.267711,0.000000,0.000000,0.000000,65535.000000,0.000000,0.000000,6.000000,1.000000,6.000000,1.000000,0.000000,0.000000,1.000000
2730.000000,6.000000,1.000000,0.000000,0.000000,0.000000,0.000000,0.000000,0.000000,0.000000,0.000000,0.000000,0.000000,0.000000,-0.264648,0.000000,0.000000,0.000000,65535.000000,0.000000,0.000000,6.000000,1.000000,6.000000,1.000000,0.000000,0.000000,1.000000
2740.000000,6.000000,1.000000,0.000000,0.000000,0.000000,0.000000,0.000000,0.000000,0.000000,0.000000,0.000000,0.000000,0.000000,-0.262013,0.000000,0.000000,0.000000,65535.000000,0.000000,0.000000,6.000000,1.000000,6.000000,1.000000,0.000000,0.000000,1.000000
2750.000000,6.000000,1.000000,0.000000,0.000000,0.000000,0.000000,0.000000,0.000000,0.000000,0.000000,0.000000,0.000000,0.000000,-0.263204,0.000000,0.000000,0.000000,65535.000000,0.000000,0.000000,6.000000,1.000000,6.000000,1.000000,0.000000,0.000000,1.000000
2760.000000,6.000000,1.000000,0.000000,0.000000,0.000000,0.000000,0.000000,0.000000,0.000000,0.000000,0.000000,0.000000,0.000000,-0.247217,0.000000,0.000000,0.000000,65535.000000,0.000000,0.000000,6.000000,1.000000,6.000000,1.000000,0.000000,0.000000,1.000000
2770.000000,6.000000,1.000000,0.000000,0.000000,0.000000,0.000000,0.000000,0.000000,0.000000,0.000000,0.000000,0.000000,0.000000,-0.244756,0.000000,0.000000,0.000000,65535.000000,0.000000,0.000000,6.000000,1.000000,6.000000,1.000000,0.000000,0.000000,1.000000
2780.000000,6.000000,1.000000,0.000000,0.000000,0.000000,0.000000,0.000000,0.000000,0.000000,0.000000,0.000000,0.000000,0.000000,-0.242320,0.000000,0.000000,0.000000,65535.000000,0.000000,0.000000,6.000000,1.000000,6.000000,1.000000,0.000000,0.000000,1.000000
2790.000000,6.000000,1.000000,0.000000,0.000000,0.000000,0.000000,0.000000,0.000000,0.000000,0.000000,0.000000,0.000000,0.000000,-0.248075,0.000000,0.000000,0.000000,65535.000000,0.000000,0.000000,6.000000,1.000000,6.000000,1.000000,0.000000,0.000000,1.000000
2800.000000,6.000000,1.000000,0.000000,0.000000,0.000000,0.000000,0.000000,0.000000,0.000000,0.000000,0.000000,0.000000,0.000000,-0.257688,0.000000,0.000000,0.000000,65535.000000,0.000000,0.000000,6.000000,1.000000,6.000000,1.000000,0.000000,0.000000,1.000000
2810.000000,6.000000,1.000000,0.000000,0.000000,0.000000,0.000000,0.000000,0.000000,0.000000,0.000000,0.000000,0.000000,0.000000,-0.247870,0.000000,0.000000,0.000000,65535.000000,0.000000,0.000000,6.000000,1.000000,6.000000,1.000000,0.000000,0.000000,1.000000
2820.000000,6.000000,1.000000,0.000000,0.000000,0.000000,0.000000,0.000000,0.000000,0.000000,0.000000,0.000000,0.000000,0.000000,-0.245402,0.000000,0.000000,0.000000,65535.000000,0.000000,0.000000,6.000000,1.000000,6.000000,1.000000,0.000000,0.000000,1.000000
2830.000000,6.000000,1.000000,0.000000,0.000000,0.000000,0.000000,0.000000,0.000000,0.000000,0.000000,0.000000,0.000000,0.000000,-0.243498,0.000000,0.000000,0.000000,65535.000000,0.000000,0.000000,6.000000,1.000000,6.000000,1.000000,0.000000,0.000000,1.000000
2840.000000,6.000000,1.000000,0.000000,0.000000,0.000000,0.000000,0.000000,0.000000,0.000000,0.000000,0.000000,0.000000,0.000000,-0.239305,0.000000,0.000000,0.000000,65535.000000,0.000000,0.000000,6.000000,1.000000,6.000000,1.000000,0.000000,0.000000,1.000000
2850.000000,6.000000,1.000000,0.000000,0.000000,0.000000,0.000000,0.000000,0.000000,0.000000,0.000000,0.000000,0.000000,0.000000,-0.236923,0.000000,0.000000,0.000000,65535.000000,0.000000,0.000000,6.000000,1.000000,6.000000,1.000000,0.000000,0.000000,1.000000
2860.000000,6.000000,1.000000,0.000000,0.000000,0.000000,0.000000,0.000000,0.000000,0.000000,0.000000,0.000000,0.000000,0.000000,-0.231786,0.000000,0.000000,0.000000,65535.000000,0.000000,0.000000,6.000000,1.000000,6.000000,1.000000,0.000000,0.000000,1.000000
2870.000000,6.000000,1.000000,0.000000,0.000000,0.000000,0.000000,0.000000,0.000000,0.000000,0.000000,0.000000,0.000000,0.000000,-0.228576,0.000000,0.000000,0.000000,65535.000000,0.000000,0.000000,6.000000,1.000000,6.000000,1.000000,0.000000,0.000000,1.000000
2880.000000,6.000000,1.000000,0.000000,0.000000,0.000000,0.000000,0.000000,0.000000,0.000000,0.000000,0.000000,0.000000,0.000000,-0.226300,0.000000,0.000000,0.000000,65535.000000,0.000000,0.000000,6.000000,1.000000,6.000000,1.000000,0.000000,0.000000,1.000000
2890.000000,6.000000,1.000000,0.000000,0.000000,0.000000,0.000000,0.000000,0.000000,0.000000,0.000000,0.000000,0.000000,0.000000,-0.225156,0.000000,0.000000,0.000000,65535.000000,0.000000,0.000000,6.000000,1.000000,6.000000,1.000000,0.000000,0.000000,1.000000
2900.000000,6.000000,1.000000,0.000000,0.000000,0.000000,0.000000,0.000000,0.000000,0.000000,0.000000,0.000000,0.000000,0.000000,-0.228837,0.000000,0.000000,0.000000,65535.000000,0.000000,0.000000,6.000000,1.000000,6.000000,1.000000,0.000000,0.000000,1.000000
2910.000000,6.000000,1.000000,0.000000,0.000000,0.000000,0.000000,0.000000,0.000000,0.000000,0.000000,0.000000,0.000000,0.000000,-0.226250,0.000000,0.000000,0.000000,65535.000000,0.000000,0.000000,6.000000,1.000000,6.000000,1.000000,0.000000,0.000000,1.000000
2920.000000,6.000000,1.000000,0.000000,0.000000,0.000000,0.000000,0.000000,0.000000,0.000000,0.000000,0.000000,0.000000,0.000000,-0.223666,0.000000,0.000000,0.000000,65535.000000,0.000000,0.000000,6.000000,1.000000,6.000000,1.000000,0.000000,0.000000,1.000000
2930.000000,6.000000,1.000000,0.000000,0.000000,0.000000,0.000000,0.000000,0.000000,0.000000,0.000000,0.000000,0.000000,0.000000,-0.219148,0.000000,0.000000,0.000000,65535.000000,0.000000,0.000000,6.000000,1.000000,6.000000,1.000000,0.000000,0.000000,1.000000
2940.000000,6.000000,1.000000,0.000000,0.000000,0.000000,0.000000,0.000000,0.000000,0.000000,0.000000,0.000000,0.000000,0.000000,-0.216966,0.000000,0.000000,0.000000,65535.000000,0.000000,0.000000,6.000000,1.000000,6.000000,1.000000,0.000000,0.000000,1.000000
2950.000000,6.000000,1.000000,0.000000,0.000000,0.000000,0.000000,0.000000,0.000000,0.000000,0.000000,0.000000,0.000000,0.000000,-0.212298,0.000000,0.000000,0.000000,65535.000000,0.000000,0.000000,6.000000,1.000000,6.000000,1.000000,0.000000,0.000000,1.000000
2960.000000,6.000000,1.000000,0.000000,0.000000,0.000000,0.000000,0.000000,0.000000,0.000000,0.000000,0.000000,0.000000,0.000000,-0.210185,0.000000,0.000000,0.000000,65535.000000,0.000000,0.000000,6.000000,1.000000,6.000000,1.000000,0.000000,0.000000,1.000000
2970.000000,6.000000,1.000000,0.000000,0.000000,0.000000,0.000000,0.000000,0.000000,0.000000,0.000000,0.000000,0.000000,0.000000,-0.208093,0.000000,0.000000,0.000000,65535.000000,0.000000,0.000000,6.000000,1.000000,6.000000,1.000000,0.000000,0.000000,1.000000
2980.000000,6.000000,1.000000,0.000000,0.000000,0.000000,0.000000,0.000000,0.000000,0.000000,0.000000,0.000000,0.000000,0.000000,-0.210609,0.000000,0.000000,0.000000,65535.000000,0.000000,0.000000,6.000000,1.000000,6.000000,1.000000,0.000000,0.000000,1.000000
2990.000000,6.000000,1.000000,0.000000,0.000000,0.000000,0.000000,0.000000,0.000000,0.000000,0.000000,0.000000,0.000000,0.000000,-0.209596,0.000000,0.000000,0.000000,65535.000000,0.000000,0.000000,6.000000,1.000000,6.000000,1.000000,0.000000,0.000000,1.000000
3000.000000,6.000000,1.000000,0.000000,0.000000,0.000000,0.000000,0.000000,0.000000,0.000000,0.000000,0.000000,0.000000,0.000000,-0.201216,0.000000,0.000000,0.000000,65535.000000,0.000000,0.000000,6.000000,1.000000,6.000000,1.000000,0.000000,0.000000,1.000000
3010.000000,6.000000,1.000000,0.000000,0.000000,0.000000,0.000000,0.000000,0.000000,0.000000,0.000000,0.000000,0.000000,0.000000,-0.199213,0.000000,0.000000,0.000000,65535.000000,0.000000,0.000000,6.000000,1.000000,6.000000,1.000000,0.000000,0.000000,1.000000
3020.000000,6.000000,1.000000,0.000000,0.000000,0.000000,0.000000,0.000000,0.000000,0.000000,0.000000,0.000000,0.000000,0.000000,-0.197229,0.000000,0.000000,0.000000,65535.000000,0.000000,0.000000,6.000000,1.000000,6.000000,1.000000,0.000000,0.000000,1.000000
3030.000000,6.000000,1.000000,0.000000,0.000000,0.000000,0.000000,0.000000,0.000000,0.000000,0.000000,0.000000,0.000000,0.000000,-0.196160,0.000000,0.000000,0.000000,65535.000000,0.000000,0.000000,6.000000,1.000000,6.000000,1.000000,0.000000,0.000000,1.000000
3040.000000,6.000000,1.000000,0.000000,0.000000,0.000000,0.000000,0.000000,0.000000,0.000000,0.000000,0.000000,0.000000,0.000000,-0.194207,0.000000,0.000000,0.000000,65535.000000,0.000000,0.000000,6.000000,1.000000,6.000000,1.000000,0.000000,0.000000,1.000000
3050.000000,6.000000,1.000000,0.000000,0.000000,0.000000,0.000000,0.000000,0.000000,0.000000,0.000000,0.000000,0.000000,0.000000,-0.193697,0.000000,0.000000,0.000000,65535.000000,0.000000,0.000000,6.000000,1.000000,6.000000,1.000000,0.000000,0.000000,1.000000
3060.000000,6.000000,1.000000,0.000000,0.000000,0.000000,0.000000,0.000000,0.000000,0.000000,0.000000,0.000000,0.000000,0.000000,-0.191769,0.000000,0.000000,0.000000,65535.000000,0.000000,0.000000,6.000000,1.000000,6.000000,1.000000,0.000000,0.000000,1.000000
3070.000000,6.000000,1.000000,0.000000,0.000000,0.000000,0.000000,0.000000,0.000000,0.000000,0.000000,0.000000,0.000000,0.000000,-0.187029,0.000000,0.000000,0.000000,65535.000000,0.000000,0.000000,6.000000,1.000000,6.000000,1.000000,0.000000,0.000000,1.000000
3080.000000,6.000000,1.000000,0.000000,0.000000,0.000000,0.000000,0.000000,0.000000,0.000000,0.000000,0.000000,0.000000,0.000000,-0.185167,0.000000,0.000000,0.000000,65535.000000,0.000000,0.000000,6.000000,1.000000,6.000000,1.000000,0.000000,0.000000,1.000000
3090.000000,6.000000,1.000000,0.000000,0.000000,0.000000,0.000000,0.000000,0.000000,0.000000,0.000000,0.000000,0.000000,0.000000,-0.175535,0.000000,0.000000,0.000000,65535.000000,0.000000,0.000000,6.000000,1.000000,6.000000,1.000000,0.000000,0.000000,1.000000
3100.000000,6.000000,1.000000,0.000000,0.000000,0.000000,0.000000,0.000000,0.000000,0.000000,0.000000,0.000000,0.000000,0.000000,-0.171461,0.000000,0.000000,0.000000,65535.000000,0.000000,0.000000,6.000000,1.000000,6.000000,1.000000,0.000000,0.000000,1.000000
3110.000000,6.000000,1.000000,0.000000,0.000000,0.000000,0.000000,0.000000,0.000000,0.000000,0.000000,0.000000,0.000000,0.000000,-0.169754,0.000000,0.000000,0.000000,65535.000000,0.000000,0.000000,6.000000,1.000000,6.000000,1.000000,0.000000,0.000000,1.000000
3120.000000,6.000000,1.000000,0.000000,0.000000,0.000000,0.000000,0.000000,0.000000,0.000000,0.000000,0.000000,0.000000,0.000000,-0.191063,0.000000,0.000000,0.000000,65535.000000,0.000000,0.000000,6.000000,1.000000,6.000000,1.000000,0.000000,0.000000,1.000000
3130.000000,6.000000,1.000000,0.000000,0.000000,0.000000,0.000000,0.000000,0.000000,0.000000,0.000000,0.000000,0.000000,0.000000,-0.186711,0.000000,0.000000,0.000000,65535.000000,0.000000,0.000000,6.000000,1.000000,6.000000,1.000000,0.000000,0.000000,1.000000
3140.000000,6.000000,1.000000,0.000000,0.000000,0.000000,0.000000,0.000000,0.000000,0.000000,0.000000,0.000000,0.000000,0.000000,-0.183539,0.000000,0.000000,0.000000,65535.000000,0.000000,0.000000,6.000000,1.000000,6.000000,1.000000,0.000000,0.000000,1.000000
3150.000000,6.000000,1.000000,0.000000,0.000000,0.000000,0.000000,0.000000,0.000000,0.000000,0.000000,0.000000,0.000000,0.000000,-0.181712,0.000000,0.000000,0.000000,65535.000000,0.000000,0.000000,6.000000,1.000000,6.000000,1.000000,0.000000,0.000000,1.000000
3160.000000,6.000000,1.000000,0.000000,0.000000,0.000000,0.000000,0.000000,0.000000,0.000000,0.000000,0.000000,0.000000,0.000000,-0.180941,0.000000,0.000000,0.000000,65535.000000,0.000000,0.000000,6.000000,1.000000,6.000000,1.000000,0.000000,0.000000,1.000000
3170.000000,6.000000,1.000000,0.000000,0.000000,0.000000,0.000000,0.000000,0.000000,0.000000,0.000000,0.000000,0.000000,0.000000,-0.173362,0.000000,0.000000,0.000000,65535.000000,0.000000,0.000000,6.000000,1.000000,6.000000,1.000000,0.000000,0.000000,1.000000
3180.000000,6.000000,1.000000,0.000000,0.000000,0.000000,0.000000,0.000000,0.000000,0.000000,0.000000,0.000000,0.000000,0.000000,-0.171085,0.000000,0.000000,0.000000,65535.000000,0.000000,0.000000,6.000000,1.000000,6.000000,1.000000,0.000000,0.000000,1.000000
3190.000000,6.000000,1.000000,0.000000,0.000000,0.000000,0.000000,0.000000,0.000000,0.000000,0.000000,0.000000,0.000000,0.000000,-0.169382,0.000000,0.000000,0.000000,65535.000000,0.000000,0.000000,6.000000,1.000000,6.000000,1.000000,0.000000,0.000000,1.000000
3200.000000,6.000000,1.000000,0.000000,0.000000,0.000000,0.000000,0.000000,0.000000,0.000000,0.000000,0.000000,0.000000,0.000000,-0.172134,0.000000,0.000000,0.000000,65535.000000,0.000000,0.000000,6.000000,1.000000,6.000000,1.000000,0.000000,0.000000,1.000000
3210.000000,6.000000,1.000000,0.000000,0.000000,0.000000,0.000000,0.000000,0.000000,0.000000,0.000000,0.000000,0.000000,0.000000,-0.170421,0.000000,0.000000,0.000000,65535.000000,0.000000,0.000000,6.000000,1.000000,6.000000,1.000000,0.000000,0.000000,1.000000
3220.000000,6.000000,1.000000,0.000000,0.000000,0.000000,0.000000,0.000000,0.000000,0.000000,0.000000,0.000000,0.000000,0.000000,-0.166902,0.000000,0.000000,0.000000,65535.000000,0.000000,0.000000,6.000000,1.000000,6.000000,1.000000,0.000000,0.000000,1.000000
3230.000000,6.000000,1.000000,0.000000,0.000000,0.000000,0.000000,0.000000,0.000000,0.000000,0.000000,0.000000,0.000000,0.000000,-0.165089,0.000000,0.000000,0.000000,65535.000000,0.000000,0.000000,6.000000,1.000000,6.000000,1.000000,0.000000,0.000000,1.000000
3240.000000,6.000000,1.000000,0.000000,0.000000,0.000000,0.000000,0.000000,0.000000,0.000000,0.000000,0.000000,0.000000,0.000000,-0.163445,0.000000,0.000000,0.000000,65535.000000,0.000000,0.000000,6.000000,1.000000,6.000000,1.000000,0.000000,0.000000,1.000000
3250.000000,6.000000,1.000000,0.000000,0.000000,0.000000,0.000000,0.000000,0.000000,0.000000,0.000000,0.000000,0.000000,0.000000,-0.164820,0.000000,0.000000,0.000000,65535.000000,0.000000,0.000000,6.000000,1.000000,6.000000,1.000000,0.000000,0.000000,1.000000
3260.000000,6.000000,1.000000,0.000000,0.000000,0.000000,0.000000,0.000000,0.000000,0.000000,0.000000,0.000000,0.000000,0.000000,-0.165100,0.000000,0.000000,0.000000,65535.000000,0.000000,0.000000,6.000000,1.000000,6.000000,1.000000,0.000000,0.000000,1.000000
3270.000000,6.000000,1.000000,0.000000,0.000000,0.000000,0.000000,0.000000,0.000000,0.000000,0.000000,0.000000,0.000000,0.000000,-0.163456,0.000000,0.000000,0.000000,65535.000000,0.000000,0.000000,6.000000,1.000000,6.000000,1.000000,0.000000,0.000000,1.000000
3280.000000,6.000000,1.000000,0.000000,0.000000,0.000000,0.000000,0.000000,0.000000,0.000000,0.000000,0.000000,0.000000,0.000000,-0.161829,0.000000,0.000000,0.000000,65535.000000,0.000000,0.000000,6.000000,1.000000,6.000000,1.000000,0.000000,0.000000,1.000000
3290.000000,6.000000,1.000000,0.000000,0.000000,0.000000,0.000000,0.000000,0.000000,0.000000,0.000000,0.000000,0.000000,0.000000,-0.162837,0.000000,0.000000,0.000000,65535.000000,0.000000,0.000000,6.000000,1.000000,6.000000,1.000000,0.000000,0.000000,1.000000
3300.000000,6.000000,1.000000,0.000000,0.000000,0.000000,0.000000,0.000000,0.000000,0.000000,0.000000,0.000000,0.000000,0.000000,-0.155909,0.000000,0.000000,0.000000,65535.000000,0.000000,0.000000,6.000000,1.000000,6.000000,1.000000,0.000000,0.000000,1.000000
3310.000000,6.000000,1.000000,0.000000,0.000000,0.000000,0.000000,0.000000,0.000000,0.000000,0.000000,0.000000,0.000000,0.000000,-0.154357,0.000000,0.000000,0.000000,65535.000000,0.000000,0.000000,6.000000,1.000000,6.000000,1.000000,0.000000,0.000000,1.000000
3320.000000,6.000000,1.000000,0.000000,0.000000,0.000000,0.000000,0.000000,0.000000,0.000000,0.000000,0.000000,0.000000,0.000000,-0.153479,0.000000,0.000000,0.000000,65535.000000,0.000000,0.000000,6.000000,1.000000,6.000000,1.000000,0.000000,0.000000,1.000000
3330.000000,6.000000,1.000000,0.000000,0.000000,0.000000,0.000000,0.000000,0.000000,0.000000,0.000000,0.000000,0.000000,0.000000,-0.153450,0.000000,0.000000,0.000000,65535.000000,0.000000,0.000000,6.000000,1.000000,6.000000,1.000000,0.000000,0.000000,1.000000
3340.000000,6.000000,1.000000,0.000000,0.000000,0.000000,0.000000,0.000000,0.000000,0.000000,0.000000,0.000000,0.000000,0.000000,-0.145172,0.000000,0.000000,0.000000,65535.000000,0.000000,0.000000,6.000000,1.000000,6.000000,1.000000,0.000000,0.000000,1.000000
3350.000000,6.000000,1.000000,0.000000,0.000000,0.000000,0.000000,0.000000,0.000000,0.000000,0.000000,0.000000,0.000000,0.000000,-0.143727,0.000000,0.000000,0.000000,65535.000000,0.000000,0.000000,6.000000,1.000000,6.000000,1.000000,0.000000,0.000000,1.000000
3360.000000,6.000000,1.000000,0.000000,0.000000,0.000000,0.000000,0.000000,0.000000,0.000000,0.000000,0.000000,0.000000,0.000000,-0.142296,0.000000,0.000000,0.000000,65535.000000,0.000000,0.000000,6.000000,1.000000,6.000000,1.000000,0.000000,0.000000,1.000000
3370.000000,6.000000,1.000000,0.000000,0.000000,0.000000,0.000000,0.000000,0.000000,0.000000,0.000000,0.000000,0.000000,0.000000,-0.143502,0.000000,0.000000,0.000000,65535.000000,0.000000,0.000000,6.000000,1.000000,6.000000,1.000000,0.000000,0.000000,1.000000
3380.000000,6.000000,1.000000,0.000000,0.000000,0.000000,0.000000,0.000000,0.000000,0.000000,0.000000,0.000000,0.000000,0.000000,-0.134003,0.000000,0.000000,0.000000,65535.000000,0.000000,0.000000,6.000000,1.000000,6.000000,1.000000,0.000000,0.000000,1.000000
3390.000000,6.000000,1.000000,0.000000,0.000000,0.000000,0.000000,0.000000,0.000000,0.000000,0.000000,0.000000,0.000000,0.000000,-0.131906,0.000000,0.000000,0.000000,65535.000000,0.000000,0.000000,6.000000,1.000000,6.000000,1.000000,0.000000,0.000000,1.000000
3400.000000,6.000000,1.000000,0.000000,0.000000,0.000000,0.000000,0.000000,0.000000,0.000000,0.000000,0.000000,0.000000,0.000000,-0.130593,0.000000,0.000000,0.000000,65535.000000,0.000000,0.000000,6.000000,1.000000,6.000000,1.000000,0.000000,0.000000,1.000000
3410.000000,6.000000,1.000000,0.000000,0.000000,0.000000,0.000000,0.000000,0.000000,0.000000,0.000000,0.000000,0.000000,0.000000,-0.130423,0.000000,0.000000,0.000000,65535.000000,0.000000,0.000000,6.000000,1.000000,6.000000,1.000000,0.000000,0.000000,1.000000
3420.000000,6.000000,1.000000,0.000000,0.000000,0.000000,0.000000,0.000000,0.000000,0.000000,0.000000,0.000000,0.000000,0.000000,-0.138713,0.000000,0.000000,0.000000,65535.000000,0.000000,0.000000,6.000000,1.000000,6.000000,1.000000,0.000000,0.000000,1.000000
3430.000000,6.000000,1.000000,0.000000,0.000000,0.000000,0.000000,0.000000,0.000000,0.000000,0.000000,0.000000,0.000000,0.000000,-0.134990,0.000000,0.000000,0.000000,65535.000000,0.000000,0.000000,6.000000,1.000000,6.000000,1.000000,0.000000,0.000000,1.000000
3440.000000,6.000000,1.000000,0.000000,0.000000,0.000000,0.000000,0.000000,0.000000,0.000000,0.000000,0.000000,0.000000,0.000000,-0.133646,0.000000,0.000000,0.000000,65535.000000,0.000000,0.000000,6.000000,1.000000,6.000000,1.000000,0.000000,0.000000,1.000000
3450.000000,6.000000,1.000000,0.000000,0.000000,0.000000,0.000000,0.000000,0.000000,0.000000,0.000000,0.000000,0.000000,0.000000,-0.132315,0.000000,0.000000,0.000000,65535.000000,0.000000,0.000000,6.000000,1.000000,6.000000,1.000000,0.000000,0.000000,1.000000
3460.000000,6.000000,1.000000,0.000000,0.000000,0.000000,0.000000,0.000000,0.000000,0.000000,0.000000,0.000000,0.000000,0.000000,-0.131094,0.000000,0.000000,0.000000,65535.000000,0.000000,0.000000,6.000000,1.000000,6.000000,1.000000,0.000000,0.000000,1.000000
3470.000000,6.000000,1.000000,0.000000,0.000000,0.000000,0.000000,0.000000,0.000000,0.000000,0.000000,0.000000,0.000000,0.000000,-0.129789,0.000000,0.000000,0.000000,65535.000000,0.000000,0.000000,6.000000,1.000000,6.000000,1.000000,0.000000,0.000000,1.000000
3480.000000,6.000000,1.000000,0.000000,0.000000,0.000000,0.000000,0.000000,0.000000,0.000000,0.000000,0.000000,0.000000,0.000000,-0.131769,0.000000,0.000000,0.000000,65535.000000,0.000000,0.000000,6.000000,1.000000,6.000000,1.000000,0.000000,0.000000,1.000000
3490.000000,6.000000,1.000000,0.000000,0.000000,0.000000,0.000000,0.000000,0.000000,0.000000,0.000000,0.000000,0.000000,0.000000,-0.130457,0.000000,0.000000,0.000000,65535.000000,0.000000,0.000000,6.000000,1.000000,6.000000,1.000000,0.000000,0.000000,1.000000
3500.000000,6.000000,1.000000,0.000000,0.000000,0.000000,0.000000,0.000000,0.000000,0.000000,0.000000,0.000000,0.000000,0.000000,-0.131875,0.000000,0.000000,0.000000,65535.000000,0.000000,0.000000,6.000000,1.000000,6.000000,1.000000,0.000000,0.000000,1.000000
3510.000000,6.000000,1.000000,0.000000,0.000000,0.000000,0.000000,0.000000,0.000000,0.000000,0.000000,0.000000,0.000000,0.000000,-0.132604,0.000000,0.000000,0.000000,65535.000000,0.000000,0.000000,6.000000,1.000000,6.000000,1.000000,0.000000,0.000000,1.000000
3520.000000,6.000000,1.000000,0.000000,0.000000,0.000000,0.000000,0.000000,0.000000,0.000000,0.000000,0.000000,0.000000,0.000000,-0.121335,0.000000,0.000000,0.000000,65535.000000,0.000000,0.000000,6.000000,1.000000,6.000000,1.000000,0.000000,0.000000,1.000000
3530.000000,6.000000,1.000000,0.000000,0.000000,0.000000,0.000000,0.000000,0.000000,0.000000,0.000000,0.000000,0.000000,0.000000,-0.118788,0.000000,0.000000,0.000000,65535.000000,0.000000,0.000000,6.000000,1.000000,6.000000,1.000000,0.000000,0.000000,1.000000
3540.000000,6.000000,1.000000,0.000000,0.000000,0.000000,0.000000,0.000000,0.000000,0.000000,0.000000,0.000000,0.000000,0.000000,-0.117605,0.000000,0.000000,0.000000,65535.000000,0.000000,0.000000,6.000000,1.000000,6.000000,1.000000,0.000000,0.000000,1.000000
3550.000000,6.000000,1.000000,0.000000,0.000000,0.000000,0.000000,0.000000,0.000000,0.000000,0.000000,0.000000,0.000000,0.000000,-0.123007,0.000000,0.000000,0.000000,65535.000000,0.000000,0.000000,6.000000,1.000000,6.000000,1.000000,0.000000,0.000000,1.000000
3560.000000,6.000000,1.000000,0.000000,0.000000,0.000000,0.000000,0.000000,0.000000,0.000000,0.000000,0.000000,0.000000,0.000000,-0.124468,0.000000,0.000000,0.000000,65535.000000,0.000000,0.000000,6.000000,1.000000,6.000000,1.000000,0.000000,0.000000,1.000000
3570.000000,6.000000,1.000000,0.000000,0.000000,0.000000,0.000000,0.000000,0.000000,0.000000,0.000000,0.000000,0.000000,0.000000,-0.123229,0.000000,0.000000,0.000000,65535.000000,0.000000,0.000000,6.000000,1.000000,6.000000,1.000000,0.000000,0.000000,1.000000
3580.000000,6.000000,1.000000,0.000000,0.000000,0.000000,0.000000,0.000000,0.000000,0.000000,0.000000,0.000000,0.000000,0.000000,-0.126503,0.000000,0.000000,0.000000,65535.000000,0.000000,0.000000,6.000000,1.000000,6.000000,1.000000,0.000000,0.000000,1.000000
3590.000000,6.000000,1.000000,0.000000,0.000000,0.000000,0.000000,0.000000,0.000000,0.000000,0.000000,0.000000,0.000000,0.000000,-0.125779,0.000000,0.000000,0.000000,65535.000000,0.000000,0.000000,6.000000,1.000000,6.000000,1.000000,0.000000,0.000000,1.000000
3600.000000,6.000000,1.000000,0.000000,0.000000,0.000000,0.000000,0.000000,0.000000,0.000000,0.000000,0.000000,0.000000,0.000000,-0.125842,0.000000,0.000000,0.000000,65535.000000,0.000000,0.000000,6.000000,1.000000,6.000000,1.000000,0.000000,0.000000,1.000000
3610.000000,6.000000,1.000000,0.000000,0.000000,0.000000,0.000000,0.000000,0.000000,0.000000,0.000000,0.000000,0.000000,0.000000,-0.125334,0.000000,0.000000,0.000000,65535.000000,0.000000,0.000000,6.000000,1.000000,6.000000,1.000000,0.000000,0.000000,1.000000
3620.000000,6.000000,1.000000,0.000000,0.000000,0.000000,0.000000,0.000000,0.000000,0.000000,0.000000,0.000000,0.000000,0.000000,-0.099041,0.000000,0.000000,0.000000,65535.000000,0.000000,0.000000,6.000000,1.000000,6.000000,1.000000,0.000000,0.000000,1.000000
3630.000000,6.000000,1.000000,0.000000,0.000000,0.000000,0.000000,0.000000,0.000000,0.000000,0.000000,0.000000,0.000000,0.000000,-0.098055,0.000000,0.000000,0.000000,65535.000000,0.000000,0.000000,6.000000,1.000000,6.000000,1.000000,0.000000,0.000000,1.000000
3640.000000,6.000000,1.000000,0.000000,0.000000,0.000000,0.000000,0.000000,0.000000,0.000000,0.000000,0.000000,0.000000,0.000000,-0.097079,0.000000,0.000000,0.000000,65535.000000,0.000000,0.000000,6.000000,1.000000,6.000000,1.000000,0.000000,0.000000,1.000000
3650.000000,6.000000,1.000000,0.000000,0.000000,0.000000,0.000000,0.000000,0.000000,0.000000,0.000000,0.000000,0.000000,0.000000,-0.106600,0.000000,0.000000,0.000000,65535.000000,0.000000,0.000000,6.000000,1.000000,6.000000,1.000000,0.000000,0.000000,1.000000
3660.000000,6.000000,1.000000,0.000000,0.000000,0.000000,0.000000,0.000000,0.000000,0.000000,0.000000,0.000000,0.000000,0.000000,-0.104518,0.000000,0.000000,0.000000,65535.000000,0.000000,0.000000,6.000000,1.000000,6.000000,1.000000,0.000000,0.000000,1.000000
3670.000000,6.000000,1.000000,0.000000,0.000000,0.000000,0.000000,0.000000,0.000000,0.000000,0.000000,0.000000,0.000000,0.000000,-0.099733,0.000000,0.000000,0.000000,65535.000000,0.000000,0.000000,6.000000,1.000000,6.000000,1.000000,0.000000,0.000000,1.000000
3680.000000,6.000000,1.000000,0.000000,0.000000,0.000000,0.000000,0.000000,0.000000,0.000000,0.000000,0.000000,0.000000,0.000000,-0.097208,0.000000,0.000000,0.000000,65535.000000,0.000000,0.000000,6.000000,1.000000,6.000000,1.000000,0.000000,0.000000,1.000000
3690.000000,6.000000,1.000000,0.000000,0.000000,0.000000,0.000000,0.000000,0.000000,0.000000,0.000000,0.000000,0.000000,0.000000,-0.096241,0.000000,0.000000,0.000000,65535.000000,0.000000,0.000000,6.000000,1.000000,6.000000,1.000000,0.000000,0.000000,1.000000
3700.000000,6.000000,1.000000,0.000000,0.000000,0.000000,0.000000,0.000000,0.000000,0.000000,0.000000,0.000000,0.000000,0.000000,-0.100432,0.000000,0.000000,0.000000,65535.000000,0.000000,0.000000,6.000000,1.000000,6.000000,1.000000,0.000000,0.000000,1.000000
3710.000000,6.000000,1.000000,0.000000,0.000000,0.000000,0.000000,0.000000,0.000000,0.000000,0.000000,0.000000,0.000000,0.000000,-0.101548,0.000000,0.000000,0.000000,65535.000000,0.000000,0.000000,6.000000,1.000000,6.000000,1.000000,0.000000,0.000000,1.000000
3720.000000,6.000000,1.000000,0.000000,0.000000,0.000000,0.000000,0.000000,0.000000,0.000000,0.000000,0.000000,0.000000,0.000000,-0.101459,0.000000,0.000000,0.000000,65535.000000,0.000000,0.000000,6.000000,1.000000,6.000000,1.000000,0.000000,0.000000,1.000000
3730.000000,6.000000,1.000000,0.000000,0.000000,0.000000,0.000000,0.000000,0.000000,0.000000,0.000000,0.000000,0.000000,0.000000,-0.100449,0.000000,0.000000,0.000000,65535.000000,0.000000,0.000000,6.000000,1.000000,6.000000,1.000000,0.000000,0.000000,1.000000
3740.000000,6.000000,1.000000,0.000000,0.000000,0.000000,0.000000,0.000000,0.000000,0.000000,0.000000,0.000000,0.000000,0.000000,-0.103254,0.000000,0.000000,0.000000,65535.000000,0.000000,0.000000,6.000000,1.000000,6.000000,1.000000,0.000000,0.000000,1.000000
3750.000000,6.000000,1.000000,0.000000,0.000000,0.000000,0.000000,0.000000,0.000000,0.000000,0.000000,0.000000,0.000000,0.000000,-0.092405,0.000000,0.000000,0.000000,65535.000000,0.000000,0.000000,6.000000,1.000000,6.000000,1.000000,0.000000,0.000000,1.000000
3760.000000,6.000000,1.000000,0.000000,0.000000,0.000000,0.000000,0.000000,0.000000,0.000000,0.000000,0.000000,0.000000,0.000000,-0.091485,0.000000,0.000000,0.000000,65535.000000,0.000000,0.000000,6.000000,1.000000,6.000000,1.000000,0.000000,0.000000,1.000000
3770.000000,6.000000,1.000000,0.000000,0.000000,0.000000,0.000000,0.000000,0.000000,0.000000,0.000000,0.000000,0.000000,0.000000,-0.092265,0.000000,0.000000,0.000000,65535.000000,0.000000,0.000000,6.000000,1.000000,6.000000,1.000000,0.000000,0.000000,1.000000
3780.000000,6.000000,1.000000,0.000000,0.000000,0.000000,0.000000,0.000000,0.000000,0.000000,0.000000,0.000000,0.000000,0.000000,-0.098997,0.000000,0.000000,0.000000,65535.000000,0.000000,0.000000,6.000000,1.000000,6.000000,1.000000,0.000000,0.000000,1.000000
3790.000000,6.000000,1.000000,0.000000,0.000000,0.000000,0.000000,0.000000,0.000000,0.000000,0.000000,0.000000,0.000000,0.000000,-0.094544,0.000000,0.000000,0.000000,65535.000000,0.000000,0.000000,6.000000,1.000000,6.000000,1.000000,0.000000,0.000000,1.000000
3800.000000,6.000000,1.000000,0.000000,0.000000,0.000000,0.000000,0.000000,0.000000,0.000000,0.000000,0.000000,0.000000,0.000000,-0.093603,0.000000,0.000000,0.000000,65535.000000,0.000000,0.000000,6.000000,1.000000,6.000000,1.000000,0.000000,0.000000,1.000000
3810.000000,6.000000,1.000000,0.000000,0.000000,0.000000,0.000000,0.000000,0.000000,0.000000,0.000000,0.000000,0.000000,0.000000,-0.088329,0.000000,0.000000,0.000000,65535.000000,0.000000,0.000000,6.000000,1.000000,6.000000,1.000000,0.000000,0.000000,1.000000
3820.000000,6.000000,1.000000,0.000000,0.000000,0.000000,0.000000,0.000000,0.000000,0.000000,0.000000,0.000000,0.000000,0.000000,-0.086949,0.000000,0.000000,0.000000,65535.000000,0.000000,0.000000,6.000000,1.000000,6.000000,1.000000,0.000000,0.000000,1.000000
3830.000000,6.000000,1.000000,0.000000,0.000000,0.000000,0.000000,0.000000,0.000000,0.000000,0.000000,0.000000,0.000000,0.000000,-0.085171,0.000000,0.000000,0.000000,65535.000000,0.000000,0.000000,6.000000,1.000000,6.000000,1.000000,0.000000,0.000000,1.000000
3840.000000,6.000000,1.000000,0.000000,0.000000,0.000000,0.000000,0.000000,0.000000,0.000000,0.000000,0.000000,0.000000,0.000000,-0.084323,0.000000,0.000000,0.000000,65535.000000,0.000000,0.000000,6.000000,1.000000,6.000000,1.000000,0.000000,0.000000,1.000000
3850.000000,6.000000,1.000000,0.000000,0.000000,0.000000,0.000000,0.000000,0.000000,0.000000,0.000000,0.000000,0.000000,0.000000,-0.085445,0.000000,0.000000,0.000000,65535.000000,0.000000,0.000000,6.000000,1.000000,6.000000,1.000000,0.000000,0.000000,1.000000
3860.000000,6.000000,1.000000,0.000000,0.000000,0.000000,0.000000,0.000000,0.000000,0.000000,0.000000,0.000000,0.000000,0.000000,-0.084594,0.000000,0.000000,0.000000,65535.000000,0.000000,0.000000,6.000000,1.000000,6.000000,1.000000,0.000000,0.000000,1.000000
3870.000000,6.000000,1.000000,0.000000,0.000000,0.000000,0.000000,0.000000,0.000000,0.000000,0.000000,0.000000,0.000000,0.000000,-0.092971,0.000000,0.000000,0.000000,65535.000000,0.000000,0.000000,6.000000,1.000000,6.000000,1.000000,0.000000,0.000000,1.000000
3880.000000,6.000000,1.000000,0.000000,0.000000,0.000000,0.000000,0.000000,0.000000,0.000000,0.000000,0.000000,0.000000,0.000000,-0.092046,0.000000,0.000000,0.000000,65535.000000,0.000000,0.000000,6.000000,1.000000,6.000000,1.000000,0.000000,0.000000,1.000000
3890.000000,6.000000,1.000000,0.000000,0.000000,0.000000,0.000000,0.000000,0.000000,0.000000,0.000000,0.000000,0.000000,0.000000,-0.097670,0.000000,0.000000,0.000000,65535.000000,0.000000,0.000000,6.000000,1.000000,6.000000,1.000000,0.000000,0.000000,1.000000
3900.000000,6.000000,1.000000,0.000000,0.000000,0.000000,0.000000,0.000000,0.000000,0.000000,0.000000,0.000000,0.000000,0.000000,-0.097567,0.000000,0.000000,0.000000,65535.000000,0.000000,0.000000,6.000000,1.000000,6.000000,1.000000,0.000000,0.000000,1.000000
3910.000000,6.000000,1.000000,0.000000,0.000000,0.000000,0.000000,0.000000,0.000000,0.000000,0.000000,0.000000,0.000000,0.000000,-0.092900,0.000000,0.000000,0.000000,65535.000000,0.000000,0.000000,6.000000,1.000000,6.000000,1.000000,0.000000,0.000000,1.000000
3920.000000,6.000000,1.000000,0.000000,0.000000,0.000000,0.000000,0.000000,0.000000,0.000000,0.000000,0.000000,0.000000,0.000000,-0.079587,0.000000,0.000000,0.000000,65535.000000,0.000000,0.000000,6.000000,1.000000,6.000000,1.000000,0.000000,0.000000,1.000000
3930.000000,6.000000,1.000000,0.000000,0.000000,0.000000,0.000000,0.000000,0.000000,0.000000,0.000000,0.000000,0.000000,0.000000,-0.078795,0.000000,0.000000,0.000000,65535.000000,0.000000,0.000000,6.000000,1.000000,6.000000,1.000000,0.000000,0.000000,1.000000
3940.000000,6.000000,1.000000,0.000000,0.000000,0.000000,0.000000,0.000000,0.000000,0.000000,0.000000,0.000000,0.000000,0.000000,-0.078010,0.000000,0.000000,0.000000,65535.000000,0.000000,0.000000,6.000000,1.000000,6.000000,1.000000,0.000000,0.000000,1.000000
3950.000000,6.000000,1.000000,0.000000,0.000000,0.000000,0.000000,0.000000,0.000000,0.000000,0.000000,0.000000,0.000000,0.000000,-0.079360,0.000000,0.000000,0.000000,65535.000000,0.000000,0.000000,6.000000,1.000000,6.000000,1.000000,0.000000,0.000000,1.000000
3960.000000,6.000000,1.000000,0.000000,0.000000,0.000000,0.000000,0.000000,0.000000,0.000000,0.000000,0.000000,0.000000,0.000000,-0.078570,0.000000,0.000000,0.000000,65535.000000,0.000000,0.000000,6.000000,1.000000,6.000000,1.000000,0.000000,0.000000,1.000000
3970.000000,6.000000,1.000000,0.000000,0.000000,0.000000,0.000000,0.000000,0.000000,0.000000,0.000000,0.000000,0.000000,0.000000,-0.072355,0.000000,0.000000,0.000000,65535.000000,0.000000,0.000000,6.000000,1.000000,6.000000,1.000000,0.000000,0.000000,1.000000
3980.000000,6.000000,1.000000,0.000000,0.000000,0.000000,0.000000,0.000000,0.000000,0.000000,0.000000,0.000000,0.000000,0.000000,-0.071635,0.000000,0.000000,0.000000,65535.000000,0.000000,0.000000,6.000000,1.000000,6.000000,1.000000,0.000000,0.000000,1.000000
3990.000000,6.000000,1.000000,0.000000,0.000000,0.000000,0.000000,0.000000,0.000000,0.000000,0.000000,0.000000,0.000000,0.000000,-0.070921,0.000000,0.000000,0.000000,65535.000000,0.000000,0.000000,6.000000,1.000000,6.000000,1.000000,0.000000,0.000000,1.000000
4000.000000,6.000000,1.000000,0.000000,0.000000,0.000000,0.000000,0.000000,0.000000,0.000000,0.000000,0.000000,0.000000,0.000000,-0.081927,0.000000,0.000000,0.000000,65535.000000,0.000000,0.000000,6.000000,1.000000,6.000000,1.000000,0.000000,0.000000,1.000000
4010.000000,6.000000,1.000000,0.000000,0.000000,0.000000,0.000000,0.000000,0.000000,0.000000,0.000000,0.000000,0.000000,0.000000,-0.080455,0.000000,0.000000,0.000000,65535.000000,0.000000,0.000000,6.000000,1.000000,6.000000,1.000000,0.000000,0.000000,1.000000
4020.000000,6.000000,1.000000,0.000000,0.000000,0.000000,0.000000,0.000000,0.000000,0.000000,0.000000,0.000000,0.000000,0.000000,-0.078793,0.000000,0.000000,0.000000,65535.000000,0.000000,0.000000,6.000000,1.000000,6.000000,1.000000,0.000000,0.000000,1.000000
4030.000000,6.000000,1.000000,0.000000,0.000000,0.000000,0.000000,0.000000,0.000000,0.000000,0.000000,0.000000,0.000000,0.000000,-0.078009,0.000000,0.000000,0.000000,65535.000000,0.000000,0.000000,6.000000,1.000000,6.000000,1.000000,0.000000,0.000000,1.000000
4040.000000,6.000000,1.000000,0.000000,0.000000,0.000000,0.000000,0.000000,0.000000,0.000000,0.000000,0.000000,0.000000,0.000000,-0.077578,0.000000,0.000000,0.000000,65535.000000,0.000000,0.000000,6.000000,1.000000,6.000000,1.000000,0.000000,0.000000,1.000000
4050.000000,6.000000,1.000000,0.000000,0.000000,0.000000,0.000000,0.000000,0.000000,0.000000,0.000000,0.000000,0.000000,0.000000,-0.074208,0.000000,0.000000,0.000000,65535.000000,0.000000,0.000000,6.000000,1.000000,6.000000,1.000000,0.000000,0.000000,1.000000
4060.000000,6.000000,1.000000,0.000000,0.000000,0.000000,0.000000,0.000000,0.000000,0.000000,0.000000,0.000000,0.000000,0.000000,-0.069713,0.000000,0.000000,0.000000,65535.000000,0.000000,0.000000,6.000000,1.000000,6.000000,1.000000,0.000000,0.000000,1.000000
4070.000000,6.000000,1.000000,0.000000,0.000000,0.000000,0.000000,0.000000,0.000000,0.000000,0.000000,0.000000,0.000000,0.000000,-0.069019,0.000000,0.000000,0.000000,65535.000000,0.000000,0.000000,6.000000,1.000000,6.000000,1.000000,0.000000,0.000000,1.000000
4080.000000,6.000000,1.000000,0.000000,0.000000,0.000000,0.000000,0.000000,0.000000,0.000000,0.000000,0.000000,0.000000,0.000000,-0.069443,0.000000,0.000000,0.000000,65535.000000,0.000000,0.000000,6.000000,1.000000,6.000000,1.000000,0.000000,0.000000,1.000000
4090.000000,6.000000,1.000000,0.000000,0.000000,0.000000,0.000000,0.000000,0.000000,0.000000,0.000000,0.000000,0.000000,0.000000,-0.073981,0.000000,0.000000,0.000000,65535.000000,0.000000,0.000000,6.000000,1.000000,6.000000,1.000000,0.000000,0.000000,1.000000
4100.000000,6.000000,1.000000,0.000000,0.000000,0.000000,0.000000,0.000000,0.000000,0.000000,0.000000,0.000000,0.000000,0.000000,-0.077365,0.000000,0.000000,0.000000,65535.000000,0.000000,0.000000,6.000000,1.000000,6.000000,1.000000,0.000000,0.000000,1.000000
4110.000000,6.000000,1.000000,0.000000,0.000000,0.000000,0.000000,0.000000,0.000000,0.000000,0.000000,0.000000,0.000000,0.000000,-0.077987,0.000000,0.000000,0.000000,65535.000000,0.000000,0.000000,6.000000,1.000000,6.000000,1.000000,0.000000,0.000000,1.000000
4120.000000,6.000000,1.000000,0.000000,0.000000,0.000000,0.000000,0.000000,0.000000,0.000000,0.000000,0.000000,0.000000,0.000000,-0.077211,0.000000,0.000000,0.000000,65535.000000,0.000000,0.000000,6.000000,1.000000,6.000000,1.000000,0.000000,0.000000,1.000000
4130.000000,6.000000,1.000000,0.000000,0.000000,0.000000,0.000000,0.000000,0.000000,0.000000,0.000000,0.000000,0.000000,0.000000,-0.076442,0.000000,0.000000,0.000000,65535.000000,0.000000,0.000000,6.000000,1.000000,6.000000,1.000000,0.000000,0.000000,1.000000
4140.000000,6.000000,1.000000,0.000000,0.000000,0.000000,0.000000,0.000000,0.000000,0.000000,0.000000,0.000000,0.000000,0.000000,-0.068815,0.000000,0.000000,0.000000,65535.000000,0.000000,0.000000,6.000000,1.000000,6.000000,1.000000,0.000000,0.000000,1.000000
4150.000000,6.000000,1.000000,0.000000,0.000000,0.000000,0.000000,0.000000,0.000000,0.000000,0.000000,0.000000,0.000000,0.000000,-0.067680,0.000000,0.000000,0.000000,65535.000000,0.000000,0.000000,6.000000,1.000000,6.000000,1.000000,0.000000,0.000000,1.000000
4160.000000,6.000000,1.000000,0.000000,0.000000,0.000000,0.000000,0.000000,0.000000,0.000000,0.000000,0.000000,0.000000,0.000000,-0.067006,0.000000,0.000000,0.000000,65535.000000,0.000000,0.000000,6.000000,1.000000,6.000000,1.000000,0.000000,0.000000,1.000000
4170.000000,6.000000,1.000000,0.000000,0.000000,0.000000,0.000000,0.000000,0.000000,0.000000,0.000000,0.000000,0.000000,0.000000,-0.066489,0.000000,0.000000,0.000000,65535.000000,0.000000,0.000000,6.000000,1.000000,6.000000,1.000000,0.000000,0.000000,1.000000
4180.000000,6.000000,1.000000,0.000000,0.000000,0.000000,0.000000,0.000000,0.000000,0.000000,0.000000,0.000000,0.000000,0.000000,-0.070857,0.000000,0.000000,0.000000,65535.000000,0.000000,0.000000,6.000000,1.000000,6.000000,1.000000,0.000000,0.000000,1.000000
4190.000000,6.000000,1.000000,0.000000,0.000000,0.000000,0.000000,0.000000,0.000000,0.000000,0.000000,0.000000,0.000000,0.000000,-0.072460,0.000000,0.000000,0.000000,65535.000000,0.000000,0.000000,6.000000,1.000000,6.000000,1.000000,0.000000,0.000000,1.000000
4200.000000,6.000000,1.000000,0.000000,0.000000,0.000000,0.000000,0.000000,0.000000,0.000000,0.000000,0.000000,0.000000,0.000000,-0.060704,0.000000,0.000000,0.000000,65535.000000,0.000000,0.000000,6.000000,1.000000,6.000000,1.000000,0.000000,0.000000,1.000000
4210.000000,6.000000,1.000000,0.000000,0.000000,0.000000,0.000000,0.000000,0.000000,0.000000,0.000000,0.000000,0.000000,0.000000,-0.059962,0.000000,0.000000,0.000000,65535.000000,0.000000,0.000000,6.000000,1.000000,6.000000,1.000000,0.000000,0.000000,1.000000
4220.000000,6.000000,1.000000,0.000000,0.000000,0.000000,0.000000,0.000000,0.000000,0.000000,0.000000,0.000000,0.000000,0.000000,-0.059365,0.000000,0.000000,0.000000,65535.000000,0.000000,0.000000,6.000000,1.000000,6.000000,1.000000,0.000000,0.000000,1.000000
4230.000000,6.000000,1.000000,0.000000,0.000000,0.000000,0.000000,0.000000,0.000000,0.000000,0.000000,0.000000,0.000000,0.000000,-0.062988,0.000000,0.000000,0.000000,65535.000000,0.000000,0.000000,6.000000,1.000000,6.000000,1.000000,0.000000,0.000000,1.000000
4240.000000,6.000000,1.000000,0.000000,0.000000,0.000000,0.000000,0.000000,0.000000,0.000000,0.000000,0.000000,0.000000,0.000000,-0.067620,0.000000,0.000000,0.000000,65535.000000,0.000000,0.000000,6.000000,1.000000,6.000000,1.000000,0.000000,0.000000,1.000000
4250.000000,6.000000,1.000000,0.000000,0.000000,0.000000,0.000000,0.000000,0.000000,0.000000,0.000000,0.000000,0.000000,0.000000,-0.065207,0.000000,0.000000,0.000000,65535.000000,0.000000,0.000000,6.000000,1.000000,6.000000,1.000000,0.000000,0.000000,1.000000
4260.000000,6.000000,1.000000,0.000000,0.000000,0.000000,0.000000,0.000000,0.000000,0.000000,0.000000,0.000000,0.000000,0.000000,-0.064558,0.000000,0.000000,0.000000,65535.000000,0.000000,0.000000,6.000000,1.000000,6.000000,1.000000,0.000000,0.000000,1.000000
4270.000000,6.000000,1.000000,0.000000,0.000000,0.000000,0.000000,0.000000,0.000000,0.000000,0.000000,0.000000,0.000000,0.000000,-0.063729,0.000000,0.000000,0.000000,65535.000000,0.000000,0.000000,6.000000,1.000000,6.000000,1.000000,0.000000,0.000000,1.000000
4280.000000,6.000000,1.000000,0.000000,0.000000,0.000000,0.000000,0.000000,0.000000,0.000000,0.000000,0.000000,0.000000,0.000000,-0.063094,0.000000,0.000000,0.000000,65535.000000,0.000000,0.000000,6.000000,1.000000,6.000000,1.000000,0.000000,0.000000,1.000000
4290.000000,6.000000,1.000000,0.000000,0.000000,0.000000,0.000000,0.000000,0.000000,0.000000,0.000000,0.000000,0.000000,0.000000,-0.062466,0.000000,0.000000,0.000000,65535.000000,0.000000,0.000000,6.000000,1.000000,6.000000,1.000000,0.000000,0.000000,1.000000
4300.000000,6.000000,1.000000,0.000000,0.000000,0.000000,0.000000,0.000000,0.000000,0.000000,0.000000,0.000000,0.000000,0.000000,-0.068604,0.000000,0.000000,0.000000,65535.000000,0.000000,0.000000,6.000000,1.000000,6.000000,1.000000,0.000000,0.000000,1.000000
4310.000000,6.000000,1.000000,0.000000,0.000000,0.000000,0.000000,0.000000,0.000000,0.000000,0.000000,0.000000,0.000000,0.000000,-0.062229,0.000000,0.000000,0.000000,65535.000000,0.000000,0.000000,6.000000,1.000000,6.000000,1.000000,0.000000,0.000000,1.000000
4320.000000,6.000000,1.000000,0.000000,0.000000,0.000000,0.000000,0.000000,0.000000,0.000000,0.000000,0.000000,0.000000,0.000000,-0.059634,0.000000,0.000000,0.000000,65535.000000,0.000000,0.000000,6.000000,1.000000,6.000000,1.000000,0.000000,0.000000,1.000000
4330.000000,6.000000,1.000000,0.000000,0.000000,0.000000,0.000000,0.000000,0.000000,0.000000,0.000000,0.000000,0.000000,0.000000,-0.059040,0.000000,0.000000,0.000000,65535.000000,0.000000,0.000000,6.000000,1.000000,6.000000,1.000000,0.000000,0.000000,1.000000
4340.000000,6.000000,1.000000,0.000000,0.000000,0.000000,0.000000,0.000000,0.000000,0.000000,0.000000,0.000000,0.000000,0.000000,-0.057440,0.000000,0.000000,0.000000,65535.000000,0.000000,0.000000,6.000000,1.000000,6.000000,1.000000,0.000000,0.000000,1.000000
4350.000000,6.000000,1.000000,0.000000,0.000000,0.000000,0.000000,0.000000,0.000000,0.000000,0.000000,0.000000,0.000000,0.000000,-0.056868,0.000000,0.000000,0.000000,65535.000000,0.000000,0.000000,6.000000,1.000000,6.000000,1.000000,0.000000,0.000000,1.000000
4360.000000,6.000000,1.000000,0.000000,0.000000,0.000000,0.000000,0.000000,0.000000,0.000000,0.000000,0.000000,0.000000,0.000000,-0.056952,0.000000,0.000000,0.000000,65535.000000,0.000000,0.000000,6.000000,1.000000,6.000000,1.000000,0.000000,0.000000,1.000000
4370.000000,6.000000,1.000000,0.000000,0.000000,0.000000,0.000000,0.000000,0.000000,0.000000,0.000000,0.000000,0.000000,0.000000,-0.063427,0.000000,0.000000,0.000000,65535.000000,0.000000,0.000000,6.000000,1.000000,6.000000,1.000000,0.000000,0.000000,1.000000
4380.000000,6.000000,1.000000,0.000000,0.000000,0.000000,0.000000,0.000000,0.000000,0.000000,0.000000,0.000000,0.000000,0.000000,-0.056519,0.000000,0.000000,0.000000,65535.000000,0.000000,0.000000,6.000000,1.000000,6.000000,1.000000,0.000000,0.000000,1.000000
4390.000000,6.000000,1.000000,0.000000,0.000000,0.000000,0.000000,0.000000,0.000000,0.000000,0.000000,0.000000,0.000000,0.000000,-0.050543,0.000000,0.000000,0.000000,65535.000000,0.000000,0.000000,6.000000,1.000000,6.000000,1.000000,0.000000,0.000000,1.000000
4400.000000,6.000000,1.000000,0.000000,0.000000,0.000000,0.000000,0.000000,0.000000,0.000000,0.000000,0.000000,0.000000,0.000000,-0.050040,0.000000,0.000000,0.000000,65535.000000,0.000000,0.000000,6.000000,1.000000,6.000000,1.000000,0.000000,0.000000,1.000000
4410.000000,6.000000,1.000000,0.000000,0.000000,0.000000,0.000000,0.000000,0.000000,0.000000,0.000000,0.000000,0.000000,0.000000,-0.051267,0.000000,0.000000,0.000000,65535.000000,0.000000,0.000000,6.000000,1.000000,6.000000,1.000000,0.000000,0.000000,1.000000
4420.000000,6.000000,1.000000,0.000000,0.000000,0.000000,0.000000,0.000000,0.000000,0.000000,0.000000,0.000000,0.000000,0.000000,-0.060131,0.000000,0.000000,0.000000,65535.000000,0.000000,0.000000,6.000000,1.000000,6.000000,1.000000,0.000000,0.000000,1.000000
4430.000000,6.000000,1.000000,0.000000,0.000000,0.000000,0.000000,0.000000,0.000000,0.000000,0.000000,0.000000,0.000000,0.000000,-0.059533,0.000000,0.000000,0.000000,65535.000000,0.000000,0.000000,6.000000,1.000000,6.000000,1.000000,0.000000,0.000000,1.000000
4440.000000,6.000000,1.000000,0.000000,0.000000,0.000000,0.000000,0.000000,0.000000,0.000000,0.000000,0.000000,0.000000,0.000000,-0.053340,0.000000,0.000000,0.000000,65535.000000,0.000000,0.000000,6.000000,1.000000,6.000000,1.000000,0.000000,0.000000,1.000000
4450.000000,6.000000,1.000000,0.000000,0.000000,0.000000,0.000000,0.000000,0.000000,0.000000,0.000000,0.000000,0.000000,0.000000,-0.050291,0.000000,0.000000,0.000000,65535.000000,0.000000,0.000000,6.000000,1.000000,6.000000,1.000000,0.000000,0.000000,1.000000
4460.000000,6.000000,1.000000,0.000000,0.000000,0.000000,0.000000,0.000000,0.000000,0.000000,0.000000,0.000000,0.000000,0.000000,-0.049790,0.000000,0.000000,0.000000,65535.000000,0.000000,0.000000,6.000000,1.000000,6.000000,1.000000,0.000000,0.000000,1.000000
4470.000000,6.000000,1.000000,0.000000,0.000000,0.000000,0.000000,0.000000,0.000000,0.000000,0.000000,0.000000,0.000000,0.000000,-0.050935,0.000000,0.000000,0.000000,65535.000000,0.000000,0.000000,6.000000,1.000000,6.000000,1.000000,0.000000,0.000000,1.000000
4480.000000,6.000000,1.000000,0.000000,0.000000,0.000000,0.000000,0.000000,0.000000,0.000000,0.000000,0.000000,0.000000,0.000000,-0.049660,0.000000,0.000000,0.000000,65535.000000,0.000000,0.000000,6.000000,1.000000,6.000000,1.000000,0.000000,0.000000,1.000000
4490.000000,6.000000,1.000000,0.000000,0.000000,0.000000,0.000000,0.000000,0.000000,0.000000,0.000000,0.000000,0.000000,0.000000,-0.048356,0.000000,0.000000,0.000000,65535.000000,0.000000,0.000000,6.000000,1.000000,6.000000,1.000000,0.000000,0.000000,1.000000
4500.000000,6.000000,1.000000,0.000000,0.000000,0.000000,0.000000,0.000000,0.000000,0.000000,0.000000,0.000000,0.000000,0.000000,-0.047874,0.000000,0.000000,0.000000,65535.000000,0.000000,0.000000,6.000000,1.000000,6.000000,1.000000,0.000000,0.000000,1.000000
4510.000000,6.000000,1.000000,0.000000,0.000000,0.000000,0.000000,0.000000,0.000000,0.000000,0.000000,0.000000,0.000000,0.000000,-0.048591,0.000000,0.000000,0.000000,65535.000000,0.000000,0.000000,6.000000,1.000000,6.000000,1.000000,0.000000,0.000000,1.000000
4520.000000,6.000000,1.000000,0.000000,0.000000,0.000000,0.000000,0.000000,0.000000,0.000000,0.000000,0.000000,0.000000,0.000000,-0.046643,0.000000,0.000000,0.000000,65535.000000,0.000000,0.000000,6.000000,1.000000,6.000000,1.000000,0.000000,0.000000,1.000000
4530.000000,6.000000,1.000000,0.000000,0.000000,0.000000,0.000000,0.000000,0.000000,0.000000,0.000000,0.000000,0.000000,0.000000,-0.046179,0.000000,0.000000,0.000000,65535.000000,0.000000,0.000000,6.000000,1.000000,6.000000,1.000000,0.000000,0.000000,1.000000
4540.000000,6.000000,1.000000,0.000000,0.000000,0.000000,0.000000,0.000000,0.000000,0.000000,0.000000,0.000000,0.000000,0.000000,-0.046146,0.000000,0.000000,0.000000,65535.000000,0.000000,0.000000,6.000000,1.000000,6.000000,1.000000,0.000000,0.000000,1.000000
4550.000000,6.000000,1.000000,0.000000,0.000000,0.000000,0.000000,0.000000,0.000000,0.000000,0.000000,0.000000,0.000000,0.000000,-0.047481,0.000000,0.000000,0.000000,65535.000000,0.000000,0.000000,6.000000,1.000000,6.000000,1.000000,0.000000,0.000000,1.000000
4560.000000,6.000000,1.000000,0.000000,0.000000,0.000000,0.000000,0.000000,0.000000,0.000000,0.000000,0.000000,0.000000,0.000000,-0.043828,0.000000,0.000000,0.000000,65535.000000,0.000000,0.000000,6.000000,1.000000,6.000000,1.000000,0.000000,0.000000,1.000000
4570.000000,6.000000,1.000000,0.000000,0.000000,0.000000,0.000000,0.000000,0.000000,0.000000,0.000000,0.000000,0.000000,0.000000,-0.043391,0.000000,0.000000,0.000000,65535.000000,0.000000,0.000000,6.000000,1.000000,6.000000,1.000000,0.000000,0.000000,1.000000
4580.000000,6.000000,1.000000,0.000000,0.000000,0.000000,0.000000,0.000000,0.000000,0.000000,0.000000,0.000000,0.000000,0.000000,-0.049361,0.000000,0.000000,0.000000,65535.000000,0.000000,0.000000,6.000000,1.000000,6.000000,1.000000,0.000000,0.000000,1.000000
4590.000000,6.000000,1.000000,0.000000,0.000000,0.000000,0.000000,0.000000,0.000000,0.000000,0.000000,0.000000,0.000000,0.000000,-0.055487,0.000000,0.000000,0.000000,65535.000000,0.000000,0.000000,6.000000,1.000000,6.000000,1.000000,0.000000,0.000000,1.000000
4600.000000,6.000000,1.000000,0.000000,0.000000,0.000000,0.000000,0.000000,0.000000,0.000000,0.000000,0.000000,0.000000,0.000000,-0.058825,0.000000,0.000000,0.000000,65535.000000,0.000000,0.000000,6.000000,1.000000,6.000000,1.000000,0.000000,0.000000,1.000000
4610.000000,6.000000,1.000000,0.000000,0.000000,0.000000,0.000000,0.000000,0.000000,0.000000,0.000000,0.000000,0.000000,0.000000,-0.058240,0.000000,0.000000,0.000000,65535.000000,0.000000,0.000000,6.000000,1.000000,6.000000,1.000000,0.000000,0.000000,1.000000
4620.000000,6.000000,1.000000,0.000000,0.000000,0.000000,0.000000,0.000000,0.000000,0.000000,0.000000,0.000000,0.000000,0.000000,-0.053058,0.000000,0.000000,0.000000,65535.000000,0.000000,0.000000,6.000000,1.000000,6.000000,1.000000,0.000000,0.000000,1.000000
4630.000000,6.000000,1.000000,0.000000,0.000000,0.000000,0.000000,0.000000,0.000000,0.000000,0.000000,0.000000,0.000000,0.000000,-0.052242,0.000000,0.000000,0.000000,65535.000000,0.000000,0.000000,6.000000,1.000000,6.000000,1.000000,0.000000,0.000000,1.000000
4640.000000,6.000000,1.000000,0.000000,0.000000,0.000000,0.000000,0.000000,0.000000,0.000000,0.000000,0.000000,0.000000,0.000000,-0.043985,0.000000,0.000000,0.000000,65535.000000,0.000000,0.000000,6.000000,1.000000,6.000000,1.000000,0.000000,0.000000,1.000000
4650.000000,6.000000,1.000000,0.000000,0.000000,0.000000,0.000000,0.000000,0.000000,0.000000,0.000000,0.000000,0.000000,0.000000,-0.043010,0.000000,0.000000,0.000000,65535.000000,0.000000,0.000000,6.000000,1.000000,6.000000,1.000000,0.000000,0.000000,1.000000
4660.000000,6.000000,1.000000,0.000000,0.000000,0.000000,0.000000,0.000000,0.000000,0.000000,0.000000,0.000000,0.000000,0.000000,-0.042582,0.000000,0.000000,0.000000,65535.000000,0.000000,0.000000,6.000000,1.000000,6.000000,1.000000,0.000000,0.000000,1.000000
4670.000000,6.000000,1.000000,0.000000,0.000000,0.000000,0.000000,0.000000,0.000000,0.000000,0.000000,0.000000,0.000000,0.000000,-0.050024,0.000000,0.000000,0.000000,65535.000000,0.000000,0.000000,6.000000,1.000000,6.000000,1.000000,0.000000,0.000000,1.000000
4680.000000,6.000000,1.000000,0.000000,0.000000,0.000000,0.000000,0.000000,0.000000,0.000000,0.000000,0.000000,0.000000,0.000000,-0.045295,0.000000,0.000000,0.000000,65535.000000,0.000000,0.000000,6.000000,1.000000,6.000000,1.000000,0.000000,0.000000,1.000000
4690.000000,6.000000,1.000000,0.000000,0.000000,0.000000,0.000000,0.000000,0.000000,0.000000,0.000000,0.000000,0.000000,0.000000,-0.044844,0.000000,0.000000,0.000000,65535.000000,0.000000,0.000000,6.000000,1.000000,6.000000,1.000000,0.000000,0.000000,1.000000
4700.000000,6.000000,1.000000,0.000000,0.000000,0.000000,0.000000,0.000000,0.000000,0.000000,0.000000,0.000000,0.000000,0.000000,-0.038676,0.000000,0.000000,0.000000,65535.000000,0.000000,0.000000,6.000000,1.000000,6.000000,1.000000,0.000000,0.000000,1.000000
4710.000000,6.000000,1.000000,0.000000,0.000000,0.000000,0.000000,0.000000,0.000000,0.000000,0.000000,0.000000,0.000000,0.000000,-0.038291,0.000000,0.000000,0.000000,65535.000000,0.000000,0.000000,6.000000,1.000000,6.000000,1.000000,0.000000,0.000000,1.000000
4720.000000,6.000000,1.000000,0.000000,0.000000,0.000000,0.000000,0.000000,0.000000,0.000000,0.000000,0.000000,0.000000,0.000000,-0.038710,0.000000,0.000000,0.000000,65535.000000,0.000000,0.000000,6.000000,1.000000,6.000000,1.000000,0.000000,0.000000,1.000000
4730.000000,6.000000,1.000000,0.000000,0.000000,0.000000,0.000000,0.000000,0.000000,0.000000,0.000000,0.000000,0.000000,0.000000,-0.044517,0.000000,0.000000,0.000000,65535.000000,0.000000,0.000000,6.000000,1.000000,6.000000,1.000000,0.000000,0.000000,1.000000
4740.000000,6.000000,1.000000,0.000000,0.000000,0.000000,0.000000,0.000000,0.000000,0.000000,0.000000,0.000000,0.000000,0.000000,-0.043662,0.000000,0.000000,0.000000,65535.000000,0.000000,0.000000,6.000000,1.000000,6.000000,1.000000,0.000000,0.000000,1.000000
4750.000000,6.000000,1.000000,0.000000,0.000000,0.000000,0.000000,0.000000,0.000000,0.000000,0.000000,0.000000,0.000000,0.000000,-0.043227,0.000000,0.000000,0.000000,65535.000000,0.000000,0.000000,6.000000,1.000000,6.000000,1.000000,0.000000,0.000000,1.000000
4760.000000,6.000000,1.000000,0.000000,0.000000,0.000000,0.000000,0.000000,0.000000,0.000000,0.000000,0.000000,0.000000,0.000000,-0.045968,0.000000,0.000000,0.000000,65535.000000,0.000000,0.000000,6.000000,1.000000,6.000000,1.000000,0.000000,0.000000,1.000000
4770.000000,6.000000,1.000000,0.000000,0.000000,0.000000,0.000000,0.000000,0.000000,0.000000,0.000000,0.000000,0.000000,0.000000,-0.039689,0.000000,0.000000,0.000000,65535.000000,0.000000,0.000000,6.000000,1.000000,6.000000,1.000000,0.000000,0.000000,1.000000
4780.000000,6.000000,1.000000,0.000000,0.000000,0.000000,0.000000,0.000000,0.000000,0.000000,0.000000,0.000000,0.000000,0.000000,-0.038862,0.000000,0.000000,0.000000,65535.000000,0.000000,0.000000,6.000000,1.000000,6.000000,1.000000,0.000000,0.000000,1.000000
4790.000000,6.000000,1.000000,0.000000,0.000000,0.000000,0.000000,0.000000,0.000000,0.000000,0.000000,0.000000,0.000000,0.000000,-0.038475,0.000000,0.000000,0.000000,65535.000000,0.000000,0.000000,6.000000,1.000000,6.000000,1.000000,0.000000,0.000000,1.000000
4800.000000,6.000000,1.000000,0.000000,0.000000,0.000000,0.000000,0.000000,0.000000,0.000000,0.000000,0.000000,0.000000,0.000000,-0.034270,0.000000,0.000000,0.000000,65535.000000,0.000000,0.000000,6.000000,1.000000,6.000000,1.000000,0.000000,0.000000,1.000000
4810.000000,6.000000,1.000000,0.000000,0.000000,0.000000,0.000000,0.000000,0.000000,0.000000,0.000000,0.000000,0.000000,0.000000,-0.033929,0.000000,0.000000,0.000000,65535.000000,0.000000,0.000000,6.000000,1.000000,6.000000,1.000000,0.000000,0.000000,1.000000
4820.000000,6.000000,1.000000,0.000000,0.000000,0.000000,0.000000,0.000000,0.000000,0.000000,0.000000,0.000000,0.000000,0.000000,-0.039256,0.000000,0.000000,0.000000,65535.000000,0.000000,0.000000,6.000000,1.000000,6.000000,1.000000,0.000000,0.000000,1.000000
4830.000000,6.000000,1.000000,0.000000,0.000000,0.000000,0.000000,0.000000,0.000000,0.000000,0.000000,0.000000,0.000000,0.000000,-0.036960,0.000000,0.000000,0.000000,65535.000000,0.000000,0.000000,6.000000,1.000000,6.000000,1.000000,0.000000,0.000000,1.000000
4840.000000,6.000000,1.000000,0.000000,0.000000,0.000000,0.000000,0.000000,0.000000,0.000000,0.000000,0.000000,0.000000,0.000000,-0.034920,0.000000,0.000000,0.000000,65535.000000,0.000000,0.000000,6.000000,1.000000,6.000000,1.000000,0.000000,0.000000,1.000000
4850.000000,6.000000,1.000000,0.000000,0.000000,0.000000,0.000000,0.000000,0.000000,0.000000,0.000000,0.000000,0.000000,0.000000,-0.034572,0.000000,0.000000,0.000000,65535.000000,0.000000,0.000000,6.000000,1.000000,6.000000,1.000000,0.000000,0.000000,1.000000
4860.000000,6.000000,1.000000,0.000000,0.000000,0.000000,0.000000,0.000000,0.000000,0.000000,0.000000,0.000000,0.000000,0.000000,-0.036282,0.000000,0.000000,0.000000,65535.000000,0.000000,0.000000,6.000000,1.000000,6.000000,1.000000,0.000000,0.000000,1.000000
4870.000000,6.000000,1.000000,0.000000,0.000000,0.000000,0.000000,0.000000,0.000000,0.000000,0.000000,0.000000,0.000000,0.000000,-0.035921,0.000000,0.000000,0.000000,65535.000000,0.000000,0.000000,6.000000,1.000000,6.000000,1.000000,0.000000,0.000000,1.000000
4880.000000,6.000000,1.000000,0.000000,0.000000,0.000000,0.000000,0.000000,0.000000,0.000000,0.000000,0.000000,0.000000,0.000000,-0.035563,0.000000,0.000000,0.000000,65535.000000,0.000000,0.000000,6.000000,1.000000,6.000000,1.000000,0.000000,0.000000,1.000000
4890.000000,6.000000,1.000000,0.000000,0.000000,0.000000,0.000000,0.000000,0.000000,0.000000,0.000000,0.000000,0.000000,0.000000,-0.032752,0.000000,0.000000,0.000000,65535.000000,0.000000,0.000000,6.000000,1.000000,6.000000,1.000000,0.000000,0.000000,1.000000
4900.000000,6.000000,1.000000,0.000000,0.000000,0.000000,0.000000,0.000000,0.000000,0.000000,0.000000,0.000000,0.000000,0.000000,-0.030669,0.000000,0.000000,0.000000,65535.000000,0.000000,0.000000,6.000000,1.000000,6.000000,1.000000,0.000000,0.000000,1.000000
4910.000000,6.000000,1.000000,0.000000,0.000000,0.000000,0.000000,0.000000,0.000000,0.000000,0.000000,0.000000,0.000000,0.000000,-0.030364,0.000000,0.000000,0.000000,65535.000000,0.000000,0.000000,6.000000,1.000000,6.000000,1.000000,0.000000,0.000000,1.000000
4920.000000,6.000000,1.000000,0.000000,0.000000,0.000000,0.000000,0.000000,0.000000,0.000000,0.000000,0.000000,0.000000,0.000000,-0.030519,0.000000,0.000000,0.000000,65535.000000,0.000000,0.000000,6.000000,1.000000,6.000000,1.000000,0.000000,0.000000,1.000000
4930.000000,6.000000,1.000000,0.000000,0.000000,0.000000,0.000000,0.000000,0.000000,0.000000,0.000000,0.000000,0.000000,0.000000,-0.035426,0.000000,0.000000,0.000000,65535.000000,0.000000,0.000000,6.000000,1.000000,6.000000,1.000000,0.000000,0.000000,1.000000
4940.000000,6.000000,1.000000,0.000000,0.000000,0.000000,0.000000,0.000000,0.000000,0.000000,0.000000,0.000000,0.000000,0.000000,-0.035073,0.000000,0.000000,0.000000,65535.000000,0.000000,0.000000,6.000000,1.000000,6.000000,1.000000,0.000000,0.000000,1.000000
4950.000000,6.000000,1.000000,0.000000,0.000000,0.000000,0.000000,0.000000,0.000000,0.000000,0.000000,0.000000,0.000000,0.000000,-0.036295,0.000000,0.000000,0.000000,65535.000000,0.000000,0.000000,6.000000,1.000000,6.000000,1.000000,0.000000,0.000000,1.000000
4960.000000,6.000000,1.000000,0.000000,0.000000,0.000000,0.000000,0.000000,0.000000,0.000000,0.000000,0.000000,0.000000,0.000000,-0.035934,0.000000,0.000000,0.000000,65535.000000,0.000000,0.000000,6.000000,1.000000,6.000000,1.000000,0.000000,0.000000,1.000000
4970.000000,6.000000,1.000000,0.000000,0.000000,0.000000,0.000000,0.000000,0.000000,0.000000,0.000000,0.000000,0.000000,0.000000,-0.036409,0.000000,0.000000,0.000000,65535.000000,0.000000,0.000000,6.000000,1.000000,6.000000,1.000000,0.000000,0.000000,1.000000
4980.000000,6.000000,1.000000,0.000000,0.000000,0.000000,0.000000,0.000000,0.000000,0.000000,0.000000,0.000000,0.000000,0.000000,-0.020909,0.000000,0.000000,0.000000,65535.000000,0.000000,0.000000,6.000000,1.000000,6.000000,1.000000,0.000000,0.000000,1.000000
4990.000000,6.000000,1.000000,0.000000,0.000000,0.000000,0.000000,0.000000,0.000000,0.000000,0.000000,0.000000,0.000000,0.000000,-0.020701,0.000000,0.000000,0.000000,65535.000000,0.000000,0.000000,6.000000,1.000000,6.000000,1.000000,0.000000,0.000000,1.000000
5000.000000,6.000000,1.000000,0.000000,0.000000,0.000000,0.000000,0.000000,0.000000,0.000000,0.000000,0.000000,0.000000,0.000000,-0.020495,0.000000,0.000000,0.000000,65535.000000,0.000000,0.000000,6.000000,1.000000,6.000000,1.000000,0.000000,0.000000,1.000000
5010.000000,6.000000,1.000000,0.000000,0.000000,0.000000,0.000000,0.000000,0.000000,0.000000,0.000000,0.000000,0.000000,0.000000,-0.024270,0.000000,0.000000,0.000000,65535.000000,0.000000,0.000000,6.000000,1.000000,6.000000,1.000000,0.000000,0.000000,1.000000
5020.000000,6.000000,1.000000,0.000000,0.000000,0.000000,0.000000,0.000000,0.000000,0.000000,0.000000,0.000000,0.000000,0.000000,-0.039664,0.000000,0.000000,0.000000,65535.000000,0.000000,0.000000,6.000000,1.000000,6.000000,1.000000,0.000000,0.000000,1.000000
5030.000000,6.000000,1.000000,0.000000,0.000000,0.000000,0.000000,0.000000,0.000000,0.000000,0.000000,0.000000,0.000000,0.000000,-0.038710,0.000000,0.000000,0.000000,65535.000000,0.000000,0.000000,6.000000,1.000000,6.000000,1.000000,0.000000,0.000000,1.000000
5040.000000,6.000000,1.000000,0.000000,0.000000,0.000000,0.000000,0.000000,0.000000,0.000000,0.000000,0.000000,0.000000,0.000000,-0.038324,0.000000,0.000000,0.000000,65535.000000,0.000000,0.000000,6.000000,1.000000,6.000000,1.000000,0.000000,0.000000,1.000000
5050.000000,6.000000,1.000000,0.000000,0.000000,0.000000,0.000000,0.000000,0.000000,0.000000,0.000000,0.000000,0.000000,0.000000,-0.043091,0.000000,0.000000,0.000000,65535.000000,0.000000,0.000000,6.000000,1.000000,6.000000,1.000000,0.000000,0.000000,1.000000
5060.000000,6.000000,1.000000,0.000000,0.000000,0.000000,0.000000,0.000000,0.000000,0.000000,0.000000,0.000000,0.000000,0.000000,-0.041986,0.000000,0.000000,0.000000,65535.000000,0.000000,0.000000,6.000000,1.000000,6.000000,1.000000,0.000000,0.000000,1.000000
5070.000000,6.000000,1.000000,0.000000,0.000000,0.000000,0.000000,0.000000,0.000000,0.000000,0.000000,0.000000,0.000000,0.000000,-0.034314,0.000000,0.000000,0.000000,65535.000000,0.000000,0.000000,6.000000,1.000000,6.000000,1.000000,0.000000,0.000000,1.000000
5080.000000,6.000000,1.000000,0.000000,0.000000,0.000000,0.000000,0.000000,0.000000,0.000000,0.000000,0.000000,0.000000,0.000000,-0.028471,0.000000,0.000000,0.000000,65535.000000,0.000000,0.000000,6.000000,1.000000,6.000000,1.000000,0.000000,0.000000,1.000000
5090.000000,6.000000,1.000000,0.000000,0.000000,0.000000,0.000000,0.000000,0.000000,0.000000,0.000000,0.000000,0.000000,0.000000,-0.028187,0.000000,0.000000,0.000000,65535.000000,0.000000,0.000000,6.000000,1.000000,6.000000,1.000000,0.000000,0.000000,1.000000
5100.000000,6.000000,1.000000,0.000000,0.000000,0.000000,0.000000,0.000000,0.000000,0.000000,0.000000,0.000000,0.000000,0.000000,-0.027704,0.000000,0.000000,0.000000,65535.000000,0.000000,0.000000,6.000000,1.000000,6.000000,1.000000,0.000000,0.000000,1.000000
5110.000000,6.000000,1.000000,0.000000,0.000000,0.000000,0.000000,0.000000,0.000000,0.000000,0.000000,0.000000,0.000000,0.000000,-0.020615,0.000000,0.000000,0.000000,65535.000000,0.000000,0.000000,6.000000,1.000000,6.000000,1.000000,0.000000,0.000000,1.000000
5120.000000,6.000000,1.000000,0.000000,0.000000,0.000000,0.000000,0.000000,0.000000,0.000000,0.000000,0.000000,0.000000,0.000000,-0.020409,0.000000,0.000000,0.000000,65535.000000,0.000000,0.000000,6.000000,1.000000,6.000000,1.000000,0.000000,0.000000,1.000000
5130.000000,6.000000,1.000000,0.000000,0.000000,0.000000,0.000000,0.000000,0.000000,0.000000,0.000000,0.000000,0.000000,0.000000,-0.020206,0.000000,0.000000,0.000000,65535.000000,0.000000,0.000000,6.000000,1.000000,6.000000,1.000000,0.000000,0.000000,1.000000
5140.000000,6.000000,1.000000,0.000000,0.000000,0.000000,0.000000,0.000000,0.000000,0.000000,0.000000,0.000000,0.000000,0.000000,-0.024885,0.000000,0.000000,0.000000,65535.000000,0.000000,0.000000,6.000000,1.000000,6.000000,1.000000,0.000000,0.000000,1.000000
5150.000000,6.000000,1.000000,0.000000,0.000000,0.000000,0.000000,0.000000,0.000000,0.000000,0.000000,0.000000,0.000000,0.000000,-0.024637,0.000000,0.000000,0.000000,65535.000000,0.000000,0.000000,6.000000,1.000000,6.000000,1.000000,0.000000,0.000000,1.000000
5160.000000,6.000000,1.000000,0.000000,0.000000,0.000000,0.000000,0.000000,0.000000,0.000000,0.000000,0.000000,0.000000,0.000000,-0.029757,0.000000,0.000000,0.000000,65535.000000,0.000000,0.000000,6.000000,1.000000,6.000000,1.000000,0.000000,0.000000,1.000000
5170.000000,6.000000,1.000000,0.000000,0.000000,0.000000,0.000000,0.000000,0.000000,0.000000,0.000000,0.000000,0.000000,0.000000,-0.030134,0.000000,0.000000,0.000000,65535.000000,0.000000,0.000000,6.000000,1.000000,6.000000,1.000000,0.000000,0.000000,1.000000
5180.000000,6.000000,1.000000,0.000000,0.000000,0.000000,0.000000,0.000000,0.000000,0.000000,0.000000,0.000000,0.000000,0.000000,-0.029834,0.000000,0.000000,0.000000,65535.000000,0.000000,0.000000,6.000000,1.000000,6.000000,1.000000,0.000000,0.000000,1.000000
5190.000000,6.000000,1.000000,0.000000,0.000000,0.000000,0.000000,0.000000,0.000000,0.000000,0.000000,0.000000,0.000000,0.000000,-0.029537,0.000000,0.000000,0.000000,65535.000000,0.000000,0.000000,6.000000,1.000000,6.000000,1.000000,0.000000,0.000000,1.000000
5200.000000,6.000000,1.000000,0.000000,0.000000,0.000000,0.000000,0.000000,0.000000,0.000000,0.000000,0.000000,0.000000,0.000000,-0.034455,0.000000,0.000000,0.000000,65535.000000,0.000000,0.000000,6.000000,1.000000,6.000000,1.000000,0.000000,0.000000,1.000000
5210.000000,6.000000,1.000000,0.000000,0.000000,0.000000,0.000000,0.000000,0.000000,0.000000,0.000000,0.000000,0.000000,0.000000,-0.030227,0.000000,0.000000,0.000000,65535.000000,0.000000,0.000000,6.000000,1.000000,6.000000,1.000000,0.000000,0.000000,1.000000
5220.000000,6.000000,1.000000,0.000000,0.000000,0.000000,0.000000,0.000000,0.000000,0.000000,0.000000,0.000000,0.000000,0.000000,-0.021384,0.000000,0.000000,0.000000,65535.000000,0.000000,0.000000,6.000000,1.000000,6.000000,1.000000,0.000000,0.000000,1.000000
5230.000000,6.000000,1.000000,0.000000,0.000000,0.000000,0.000000,0.000000,0.000000,0.000000,0.000000,0.000000,0.000000,0.000000,-0.021171,0.000000,0.000000,0.000000,65535.000000,0.000000,0.000000,6.000000,1.000000,6.000000,1.000000,0.000000,0.000000,1.000000
5240.000000,6.000000,1.000000,0.000000,0.000000,0.000000,0.000000,0.000000,0.000000,0.000000,0.000000,0.000000,0.000000,0.000000,-0.022323,0.000000,0.000000,0.000000,65535.000000,0.000000,0.000000,6.000000,1.000000,6.000000,1.000000,0.000000,0.000000,1.000000
5250.000000,6.000000,1.000000,0.000000,0.000000,0.000000,0.000000,0.000000,0.000000,0.000000,0.000000,0.000000,0.000000,0.000000,-0.029560,0.000000,0.000000,0.000000,65535.000000,0.000000,0.000000,6.000000,1.000000,6.000000,1.000000,0.000000,0.000000,1.000000
5260.000000,6.000000,1.000000,0.000000,0.000000,0.000000,0.000000,0.000000,0.000000,0.000000,0.000000,0.000000,0.000000,0.000000,-0.022670,0.000000,0.000000,0.000000,65535.000000,0.000000,0.000000,6.000000,1.000000,6.000000,1.000000,0.000000,0.000000,1.000000
5270.000000,6.000000,1.000000,0.000000,0.000000,0.000000,0.000000,0.000000,0.000000,0.000000,0.000000,0.000000,0.000000,0.000000,-0.022445,0.000000,0.000000,0.000000,65535.000000,0.000000,0.000000,6.000000,1.000000,6.000000,1.000000,0.000000,0.000000,1.000000
5280.000000,6.000000,1.000000,0.000000,0.000000,0.000000,0.000000,0.000000,0.000000,0.000000,0.000000,0.000000,0.000000,0.000000,-0.022486,0.000000,0.000000,0.000000,65535.000000,0.000000,0.000000,6.000000,1.000000,6.000000,1.000000,0.000000,0.000000,1.000000
5290.000000,6.000000,1.000000,0.000000,0.000000,0.000000,0.000000,0.000000,0.000000,0.000000,0.000000,0.000000,0.000000,0.000000,-0.026263,0.000000,0.000000,0.000000,65535.000000,0.000000,0.000000,6.000000,1.000000,6.000000,1.000000,0.000000,0.000000,1.000000
5300.000000,6.000000,1.000000,0.000000,0.000000,0.000000,0.000000,0.000000,0.000000,0.000000,0.000000,0.000000,0.000000,0.000000,-0.026002,0.000000,0.000000,0.000000,65535.000000,0.000000,0.000000,6.000000,1.000000,6.000000,1.000000,0.000000,0.000000,1.000000
5310.000000,6.000000,1.000000,0.000000,0.000000,0.000000,0.000000,0.000000,0.000000,0.000000,0.000000,0.000000,0.000000,0.000000,-0.027797,0.000000,0.000000,0.000000,65535.000000,0.000000,0.000000,6.000000,1.000000,6.000000,1.000000,0.000000,0.000000,1.000000
5320.000000,6.000000,1.000000,0.000000,0.000000,0.000000,0.000000,0.000000,0.000000,0.000000,0.000000,0.000000,0.000000,0.000000,-0.027520,0.000000,0.000000,0.000000,65535.000000,0.000000,0.000000,6.000000,1.000000,6.000000,1.000000,0.000000,0.000000,1.000000
5330.000000,6.000000,1.000000,0.000000,0.000000,0.000000,0.000000,0.000000,0.000000,0.000000,0.000000,0.000000,0.000000,0.000000,-0.027283,0.000000,0.000000,0.000000,65535.000000,0.000000,0.000000,6.000000,1.000000,6.000000,1.000000,0.000000,0.000000,1.000000
5340.000000,6.000000,1.000000,0.000000,0.000000,0.000000,0.000000,0.000000,0.000000,0.000000,0.000000,0.000000,0.000000,0.000000,-0.023038,0.000000,0.000000,0.000000,65535.000000,0.000000,0.000000,6.000000,1.000000,6.000000,1.000000,0.000000,0.000000,1.000000
5350.000000,6.000000,1.000000,0.000000,0.000000,0.000000,0.000000,0.000000,0.000000,0.000000,0.000000,0.000000,0.000000,0.000000,-0.022809,0.000000,0.000000,0.000000,65535.000000,0.000000,0.000000,6.000000,1.000000,6.000000,1.000000,0.000000,0.000000,1.000000
5360.000000,6.000000,1.000000,0.000000,0.000000,0.000000,0.000000,0.000000,0.000000,0.000000,0.000000,0.000000,0.000000,0.000000,-0.023292,0.000000,0.000000,0.000000,65535.000000,0.000000,0.000000,6.000000,1.000000,6.000000,1.000000,0.000000,0.000000,1.000000
5370.000000,6.000000,1.000000,0.000000,0.000000,0.000000,0.000000,0.000000,0.000000,0.000000,0.000000,0.000000,0.000000,0.000000,-0.025417,0.000000,0.000000,0.000000,65535.000000,0.000000,0.000000,6.000000,1.000000,6.000000,1.000000,0.000000,0.000000,1.000000
5380.000000,6.000000,1.000000,0.000000,0.000000,0.000000,0.000000,0.000000,0.000000,0.000000,0.000000,0.000000,0.000000,0.000000,-0.027184,0.000000,0.000000,0.000000,65535.000000,0.000000,0.000000,6.000000,1.000000,6.000000,1.000000,0.000000,0.000000,1.000000
5390.000000,6.000000,1.000000,0.000000,0.000000,0.000000,0.000000,0.000000,0.000000,0.000000,0.000000,0.000000,0.000000,0.000000,-0.014421,0.000000,0.000000,0.000000,65535.000000,0.000000,0.000000,6.000000,1.000000,6.000000,1.000000,0.000000,0.000000,1.000000
5400.000000,6.000000,1.000000,0.000000,0.000000,0.000000,0.000000,0.000000,0.000000,0.000000,0.000000,0.000000,0.000000,0.000000,-0.014278,0.000000,0.000000,0.000000,65535.000000,0.000000,0.000000,6.000000,1.000000,6.000000,1.000000,0.000000,0.000000,1.000000
5410.000000,6.000000,1.000000,0.000000,0.000000,0.000000,0.000000,0.000000,0.000000,0.000000,0.000000,0.000000,0.000000,0.000000,-0.014136,0.000000,0.000000,0.000000,65535.000000,0.000000,0.000000,6.000000,1.000000,6.000000,1.000000,0.000000,0.000000,1.000000
5420.000000,6.000000,1.000000,0.000000,0.000000,0.000000,0.000000,0.000000,0.000000,0.000000,0.000000,0.000000,0.000000,0.000000,-0.023859,0.000000,0.000000,0.000000,65535.000000,0.000000,0.000000,6.000000,1.000000,6.000000,1.000000,0.000000,0.000000,1.000000
5430.000000,6.000000,1.000000,0.000000,0.000000,0.000000,0.000000,0.000000,0.000000,0.000000,0.000000,0.000000,0.000000,0.000000,-0.029159,0.000000,0.000000,0.000000,65535.000000,0.000000,0.000000,6.000000,1.000000,6.000000,1.000000,0.000000,0.000000,1.000000
5440.000000,6.000000,1.000000,0.000000,0.000000,0.000000,0.000000,0.000000,0.000000,0.000000,0.000000,0.000000,0.000000,0.000000,-0.032968,0.000000,0.000000,0.000000,65535.000000,0.000000,0.000000,6.000000,1.000000,6.000000,1.000000,0.000000,0.000000,1.000000
5450.000000,6.000000,1.000000,0.000000,0.000000,0.000000,0.000000,0.000000,0.000000,0.000000,0.000000,0.000000,0.000000,0.000000,-0.027740,0.000000,0.000000,0.000000,65535.000000,0.000000,0.000000,6.000000,1.000000,6.000000,1.000000,0.000000,0.000000,1.000000
5460.000000,6.000000,1.000000,0.000000,0.000000,0.000000,0.000000,0.000000,0.000000,0.000000,0.000000,0.000000,0.000000,0.000000,-0.026447,0.000000,0.000000,0.000000,65535.000000,0.000000,0.000000,6.000000,1.000000,6.000000,1.000000,0.000000,0.000000,1.000000
5470.000000,6.000000,1.000000,0.000000,0.000000,0.000000,0.000000,0.000000,0.000000,0.000000,0.000000,0.000000,0.000000,0.000000,-0.020848,0.000000,0.000000,0.000000,65535.000000,0.000000,0.000000,6.000000,1.000000,6.000000,1.000000,0.000000,0.000000,1.000000
5480.000000,6.000000,1.000000,0.000000,0.000000,0.000000,0.000000,0.000000,0.000000,0.000000,0.000000,0.000000,0.000000,0.000000,-0.020640,0.000000,0.000000,0.000000,65535.000000,0.000000,0.000000,6.000000,1.000000,6.000000,1.000000,0.000000,0.000000,1.000000
5490.000000,6.000000,1.000000,0.000000,0.000000,0.000000,0.000000,0.000000,0.000000,0.000000,0.000000,0.000000,0.000000,0.000000,-0.020435,0.000000,0.000000,0.000000,65535.000000,0.000000,0.000000,6.000000,1.000000,6.000000,1.000000,0.000000,0.000000,1.000000
5500.000000,6.000000,1.000000,0.000000,0.000000,0.000000,0.000000,0.000000,0.000000,0.000000,0.000000,0.000000,0.000000,0.000000,-0.017479,0.000000,0.000000,0.000000,65535.000000,0.000000,0.000000,6.000000,1.000000,6.000000,1.000000,0.000000,0.000000,1.000000
5510.000000,6.000000,1.000000,0.000000,0.000000,0.000000,0.000000,0.000000,0.000000,0.000000,0.000000,0.000000,0.000000,0.000000,-0.017305,0.000000,0.000000,0.000000,65535.000000,0.000000,0.000000,6.000000,1.000000,6.000000,1.000000,0.000000,0.000000,1.000000
5520.000000,6.000000,1.000000,0.000000,0.000000,0.000000,0.000000,0.000000,0.000000,0.000000,0.000000,0.000000,0.000000,0.000000,-0.017133,0.000000,0.000000,0.000000,65535.000000,0.000000,0.000000,6.000000,1.000000,6.000000,1.000000,0.000000,0.000000,1.000000
5530.000000,6.000000,1.000000,0.000000,0.000000,0.000000,0.000000,0.000000,0.000000,0.000000,0.000000,0.000000,0.000000,0.000000,-0.018816,0.000000,0.000000,0.000000,65535.000000,0.000000,0.000000,6.000000,1.000000,6.000000,1.000000,0.000000,0.000000,1.000000
5540.000000,6.000000,1.000000,0.000000,0.000000,0.000000,0.000000,0.000000,0.000000,0.000000,0.000000,0.000000,0.000000,0.000000,-0.022543,0.000000,0.000000,0.000000,65535.000000,0.000000,0.000000,6.000000,1.000000,6.000000,1.000000,0.000000,0.000000,1.000000
5550.000000,6.000000,1.000000,0.000000,0.000000,0.000000,0.000000,0.000000,0.000000,0.000000,0.000000,0.000000,0.000000,0.000000,-0.022319,0.000000,0.000000,0.000000,65535.000000,0.000000,0.000000,6.000000,1.000000,6.000000,1.000000,0.000000,0.000000,1.000000
5560.000000,6.000000,1.000000,0.000000,0.000000,0.000000,0.000000,0.000000,0.000000,0.000000,0.000000,0.000000,0.000000,0.000000,-0.014670,0.000000,0.000000,0.000000,65535.000000,0.000000,0.000000,6.000000,1.000000,6.000000,1.000000,0.000000,0.000000,1.000000
5570.000000,6.000000,1.000000,0.000000,0.000000,0.000000,0.000000,0.000000,0.000000,0.000000,0.000000,0.000000,0.000000,0.000000,-0.014524,0.000000,0.000000,0.000000,65535.000000,0.000000,0.000000,6.000000,1.000000,6.000000,1.000000,0.000000,0.000000,1.000000
5580.000000,6.000000,1.000000,0.000000,0.000000,0.000000,0.000000,0.000000,0.000000,0.000000,0.000000,0.000000,0.000000,0.000000,-0.014380,0.000000,0.000000,0.000000,65535.000000,0.000000,0.000000,6.000000,1.000000,6.000000,1.000000,0.000000,0.000000,1.000000
5590.000000,6.000000,1.000000,0.000000,0.000000,0.000000,0.000000,0.000000,0.000000,0.000000,0.000000,0.000000,0.000000,0.000000,-0.022434,0.000000,0.000000,0.000000,65535.000000,0.000000,0.000000,6.000000,1.000000,6.000000,1.000000,0.000000,0.000000,1.000000
5600.000000,6.000000,1.000000,0.000000,0.000000,0.000000,0.000000,0.000000,0.000000,0.000000,0.000000,0.000000,0.000000,0.000000,-0.021050,0.000000,0.000000,0.000000,65535.000000,0.000000,0.000000,6.000000,1.000000,6.000000,1.000000,0.000000,0.000000,1.000000
5610.000000,6.000000,1.000000,0.000000,0.000000,0.000000,0.000000,0.000000,0.000000,0.000000,0.000000,0.000000,0.000000,0.000000,-0.017937,0.000000,0.000000,0.000000,65535.000000,0.000000,0.000000,6.000000,1.000000,6.000000,1.000000,0.000000,0.000000,1.000000
5620.000000,6.000000,1.000000,0.000000,0.000000,0.000000,0.000000,0.000000,0.000000,0.000000,0.000000,0.000000,0.000000,0.000000,-0.017758,0.000000,0.000000,0.000000,65535.000000,0.000000,0.000000,6.000000,1.000000,6.000000,1.000000,0.000000,0.000000,1.000000
5630.000000,6.000000,1.000000,0.000000,0.000000,0.000000,0.000000,0.000000,0.000000,0.000000,0.000000,0.000000,0.000000,0.000000,-0.018331,0.000000,0.000000,0.000000,65535.000000,0.000000,0.000000,6.000000,1.000000,6.000000,1.000000,0.000000,0.000000,1.000000
5640.000000,6.000000,1.000000,0.000000,0.000000,0.000000,0.000000,0.000000,0.000000,0.000000,0.000000,0.000000,0.000000,0.000000,-0.026649,0.000000,0.000000,0.000000,65535.000000,0.000000,0.000000,6.000000,1.000000,6.000000,1.000000,0.000000,0.000000,1.000000
5650.000000,6.000000,1.000000,0.000000,0.000000,0.000000,0.000000,0.000000,0.000000,0.000000,0.000000,0.000000,0.000000,0.000000,-0.021236,0.000000,0.000000,0.000000,65535.000000,0.000000,0.000000,6.000000,1.000000,6.000000,1.000000,0.000000,0.000000,1.000000
5660.000000,6.000000,1.000000,0.000000,0.000000,0.000000,0.000000,0.000000,0.000000,0.000000,0.000000,0.000000,0.000000,0.000000,-0.020550,0.000000,0.000000,0.000000,65535.000000,0.000000,0.000000,6.000000,1.000000,6.000000,1.000000,0.000000,0.000000,1.000000
5670.000000,6.000000,1.000000,0.000000,0.000000,0.000000,0.000000,0.000000,0.000000,0.000000,0.000000,0.000000,0.000000,0.000000,-0.020346,0.000000,0.000000,0.000000,65535.000000,0.000000,0.000000,6.000000,1.000000,6.000000,1.000000,0.000000,0.000000,1.000000
5680.000000,6.000000,1.000000,0.000000,0.000000,0.000000,0.000000,0.000000,0.000000,0.000000,0.000000,0.000000,0.000000,0.000000,-0.020234,0.000000,0.000000,0.000000,65535.000000,0.000000,0.000000,6.000000,1.000000,6.000000,1.000000,0.000000,0.000000,1.000000
5690.000000,6.000000,1.000000,0.000000,0.000000,0.000000,0.000000,0.000000,0.000000,0.000000,0.000000,0.000000,0.000000,0.000000,-0.011031,0.000000,0.000000,0.000000,65535.000000,0.000000,0.000000,6.000000,1.000000,6.000000,1.000000,0.000000,0.000000,1.000000
5700.000000,6.000000,1.000000,0.000000,0.000000,0.000000,0.000000,0.000000,0.000000,0.000000,0.000000,0.000000,0.000000,0.000000,-0.010921,0.000000,0.000000,0.000000,65535.000000,0.000000,0.000000,6.000000,1.000000,6.000000,1.000000,0.000000,0.000000,1.000000
5710.000000,6.000000,1.000000,0.000000,0.000000,0.000000,0.000000,0.000000,0.000000,0.000000,0.000000,0.000000,0.000000,0.000000,-0.010813,0.000000,0.000000,0.000000,65535.000000,0.000000,0.000000,6.000000,1.000000,6.000000,1.000000,0.000000,0.000000,1.000000
5720.000000,6.000000,1.000000,0.000000,0.000000,0.000000,0.000000,0.000000,0.000000,0.000000,0.000000,0.000000,0.000000,0.000000,-0.014870,0.000000,0.000000,0.000000,65535.000000,0.000000,0.000000,6.000000,1.000000,6.000000,1.000000,0.000000,0.000000,1.000000
5730.000000,6.000000,1.000000,0.000000,0.000000,0.000000,0.000000,0.000000,0.000000,0.000000,0.000000,0.000000,0.000000,0.000000,-0.014722,0.000000,0.000000,0.000000,65535.000000,0.000000,0.000000,6.000000,1.000000,6.000000,1.000000,0.000000,0.000000,1.000000
5740.000000,6.000000,1.000000,0.000000,0.000000,0.000000,0.000000,0.000000,0.000000,0.000000,0.000000,0.000000,0.000000,0.000000,-0.017495,0.000000,0.000000,0.000000,65535.000000,0.000000,0.000000,6.000000,1.000000,6.000000,1.000000,0.000000,0.000000,1.000000
5750.000000,6.000000,1.000000,0.000000,0.000000,0.000000,0.000000,0.000000,0.000000,0.000000,0.000000,0.000000,0.000000,0.000000,-0.022655,0.000000,0.000000,0.000000,65535.000000,0.000000,0.000000,6.000000,1.000000,6.000000,1.000000,0.000000,0.000000,1.000000
5760.000000,6.000000,1.000000,0.000000,0.000000,0.000000,0.000000,0.000000,0.000000,0.000000,0.000000,0.000000,0.000000,0.000000,-0.022430,0.000000,0.000000,0.000000,65535.000000,0.000000,0.000000,6.000000,1.000000,6.000000,1.000000,0.000000,0.000000,1.000000
5770.000000,6.000000,1.000000,0.000000,0.000000,0.000000,0.000000,0.000000,0.000000,0.000000,0.000000,0.000000,0.000000,0.000000,-0.015942,0.000000,0.000000,0.000000,65535.000000,0.000000,0.000000,6.000000,1.000000,6.000000,1.000000,0.000000,0.000000,1.000000
5780.000000,6.000000,1.000000,0.000000,0.000000,0.000000,0.000000,0.000000,0.000000,0.000000,0.000000,0.000000,0.000000,0.000000,-0.015784,0.000000,0.000000,0.000000,65535.000000,0.000000,0.000000,6.000000,1.000000,6.000000,1.000000,0.000000,0.000000,1.000000
5790.000000,6.000000,1.000000,0.000000,0.000000,0.000000,0.000000,0.000000,0.000000,0.000000,0.000000,0.000000,0.000000,0.000000,-0.016069,0.000000,0.000000,0.000000,65535.000000,0.000000,0.000000,6.000000,1.000000,6.000000,1.000000,0.000000,0.000000,1.000000
5800.000000,6.000000,1.000000,0.000000,0.000000,0.000000,0.000000,0.000000,0.000000,0.000000,0.000000,0.000000,0.000000,0.000000,-0.021212,0.000000,0.000000,0.000000,65535.000000,0.000000,0.000000,6.000000,1.000000,6.000000,1.000000,0.000000,0.000000,1.000000
5810.000000,6.000000,1.000000,0.000000,0.000000,0.000000,0.000000,0.000000,0.000000,0.000000,0.000000,0.000000,0.000000,0.000000,-0.021001,0.000000,0.000000,0.000000,65535.000000,0.000000,0.000000,6.000000,1.000000,6.000000,1.000000,0.000000,0.000000,1.000000
5820.000000,6.000000,1.000000,0.000000,0.000000,0.000000,0.000000,0.000000,0.000000,0.000000,0.000000,0.000000,0.000000,0.000000,-0.021614,0.000000,0.000000,0.000000,65535.000000,0.000000,0.000000,6.000000,1.000000,6.000000,1.000000,0.000000,0.000000,1.000000
5830.000000,6.000000,1.000000,0.000000,0.000000,0.000000,0.000000,0.000000,0.000000,0.000000,0.000000,0.000000,0.000000,0.000000,-0.021248,0.000000,0.000000,0.000000,65535.000000,0.000000,0.000000,6.000000,1.000000,6.000000,1.000000,0.000000,0.000000,1.000000
5840.000000,6.000000,1.000000,0.000000,0.000000,0.000000,0.000000,0.000000,0.000000,0.000000,0.000000,0.000000,0.000000,0.000000,-0.011213,0.000000,0.000000,0.000000,65535.000000,0.000000,0.000000,6.000000,1.000000,6.000000,1.000000,0.000000,0.000000,1.000000
5850.000000,6.000000,1.000000,0.000000,0.000000,0.000000,0.000000,0.000000,0.000000,0.000000,0.000000,0.000000,0.000000,0.000000,-0.000144,0.000000,0.000000,0.000000,65535.000000,0.000000,0.000000,6.000000,1.000000,6.000000,1.000000,0.000000,0.000000,1.000000
5860.000000,6.000000,1.000000,0.000000,0.000000,0.000000,0.000000,0.000000,0.000000,0.000000,0.000000,0.000000,0.000000,0.000000,-0.000143,0.000000,0.000000,0.000000,65535.000000,0.000000,0.000000,6.000000,1.000000,6.000000,1.000000,0.000000,0.000000,1.000000
5870.000000,6.000000,1.000000,0.000000,0.000000,0.000000,0.000000,0.000000,0.000000,0.000000,0.000000,0.000000,0.000000,0.000000,-0.000141,0.000000,0.000000,0.000000,65535.000000,0.000000,0.000000,6.000000,1.000000,6.000000,1.000000,0.000000,0.000000,1.000000
5880.000000,6.000000,1.000000,0.000000,0.000000,0.000000,0.000000,0.000000,0.000000,0.000000,0.000000,0.000000,0.000000,0.000000,-0.024118,0.000000,0.000000,0.000000,65535.000000,0.000000,0.000000,6.000000,1.000000,6.000000,1.000000,0.000000,0.000000,1.000000
5890.000000,6.000000,1.000000,0.000000,0.000000,0.000000,0.000000,0.000000,0.000000,0.000000,0.000000,0.000000,0.000000,0.000000,-0.026653,0.000000,0.000000,0.000000,65535.000000,0.000000,0.000000,6.000000,1.000000,6.000000,1.000000,0.000000,0.000000,1.000000
5900.000000,6.000000,1.000000,0.000000,0.000000,0.000000,0.000000,0.000000,0.000000,0.000000,0.000000,0.000000,0.000000,0.000000,-0.026387,0.000000,0.000000,0.000000,65535.000000,0.000000,0.000000,6.000000,1.000000,6.000000,1.000000,0.000000,0.000000,1.000000
5910.000000,6.000000,1.000000,0.000000,0.000000,0.000000,0.000000,0.000000,0.000000,0.000000,0.000000,0.000000,0.000000,0.000000,-0.020601,0.000000,0.000000,0.000000,65535.000000,0.000000,0.000000,6.000000,1.000000,6.000000,1.000000,0.000000,0.000000,1.000000
5920.000000,6.000000,1.000000,0.000000,0.000000,0.000000,0.000000,0.000000,0.000000,0.000000,0.000000,0.000000,0.000000,0.000000,-0.019423,0.000000,0.000000,0.000000,65535.000000,0.000000,0.000000,6.000000,1.000000,6.000000,1.000000,0.000000,0.000000,1.000000
5930.000000,6.000000,1.000000,0.000000,0.000000,0.000000,0.000000,0.000000,0.000000,0.000000,0.000000,0.000000,0.000000,0.000000,-0.019230,0.000000,0.000000,0.000000,65535.000000,0.000000,0.000000,6.000000,1.000000,6.000000,1.000000,0.000000,0.000000,1.000000
5940.000000,6.000000,1.000000,0.000000,0.000000,0.000000,0.000000,0.000000,0.000000,0.000000,0.000000,0.000000,0.000000,0.000000,-0.019038,0.000000,0.000000,0.000000,65535.000000,0.000000,0.000000,6.000000,1.000000,6.000000,1.000000,0.000000,0.000000,1.000000
5950.000000,6.000000,1.000000,0.000000,0.000000,0.000000,0.000000,0.000000,0.000000,0.000000,0.000000,0.000000,0.000000,0.000000,-0.026063,0.000000,0.000000,0.000000,65535.000000,0.000000,0.000000,6.000000,1.000000,6.000000,1.000000,0.000000,0.000000,1.000000
5960.000000,6.000000,1.000000,0.000000,0.000000,0.000000,0.000000,0.000000,0.000000,0.000000,0.000000,0.000000,0.000000,0.000000,-0.016795,0.000000,0.000000,0.000000,65535.000000,0.000000,0.000000,6.000000,1.000000,6.000000,1.000000,0.000000,0.000000,1.000000
5970.000000,6.000000,1.000000,0.000000,0.000000,0.000000,0.000000,0.000000,0.000000,0.000000,0.000000,0.000000,0.000000,0.000000,-0.016628,0.000000,0.000000,0.000000,65535.000000,0.000000,0.000000,6.000000,1.000000,6.000000,1.000000,0.000000,0.000000,1.000000
5980.000000,6.000000,1.000000,0.000000,0.000000,0.000000,0.000000,0.000000,0.000000,0.000000,0.000000,0.000000,0.000000,0.000000,-0.016463,0.000000,0.000000,0.000000,65535.000000,0.000000,0.000000,6.000000,1.000000,6.000000,1.000000,0.000000,0.000000,1.000000
5990.000000,6.000000,1.000000,0.000000,0.000000,0.000000,0.000000,0.000000,0.000000,0.000000,0.000000,0.000000,0.000000,0.000000,-0.017343,0.000000,0.000000,0.000000,65535.000000,0.000000,0.000000,6.000000,1.000000,6.000000,1.000000,0.000000,0.000000,1.000000
6000.000000,6.000000,1.000000,0.000000,0.000000,0.000000,0.000000,0.000000,0.000000,0.000000,0.000000,0.000000,0.000000,0.000000,-0.017171,0.000000,0.000000,0.000000,65535.000000,0.000000,0.000000,6.000000,1.000000,6.000000,1.000000,0.000000,0.000000,1.000000
6010.000000,6.000000,1.000000,0.000000,0.000000,0.000000,0.000000,0.000000,0.000000,0.000000,0.000000,0.000000,0.000000,0.000000,-0.017494,0.000000,0.000000,0.000000,65535.000000,0.000000,0.000000,6.000000,1.000000,6.000000,1.000000,0.000000,0.000000,1.000000
6020.000000,6.000000,1.000000,0.000000,0.000000,0.000000,0.000000,0.000000,0.000000,0.000000,0.000000,0.000000,0.000000,0.000000,-0.017320,0.000000,0.000000,0.000000,65535.000000,0.000000,0.000000,6.000000,1.000000,6.000000,1.000000,0.000000,0.000000,1.000000
6030.000000,6.000000,1.000000,0.000000,0.000000,0.000000,0.000000,0.000000,0.000000,0.000000,0.000000,0.000000,0.000000,0.000000,-0.012031,0.000000,0.000000,0.000000,65535.000000,0.000000,0.000000,6.000000,1.000000,6.000000,1.000000,0.000000,0.000000,1.000000
6040.000000,6.000000,1.000000,0.000000,0.000000,0.000000,0.000000,0.000000,0.000000,0.000000,0.000000,0.000000,0.000000,0.000000,-0.008978,0.000000,0.000000,0.000000,65535.000000,0.000000,0.000000,6.000000,1.000000,6.000000,1.000000,0.000000,0.000000,1.000000
6050.000000,6.000000,1.000000,0.000000,0.000000,0.000000,0.000000,0.000000,0.000000,0.000000,0.000000,0.000000,0.000000,0.000000,-0.008888,0.000000,0.000000,0.000000,65535.000000,0.000000,0.000000,6.000000,1.000000,6.000000,1.000000,0.000000,0.000000,1.000000
6060.000000,6.000000,1.000000,0.000000,0.000000,0.000000,0.000000,0.000000,0.000000,0.000000,0.000000,0.000000,0.000000,0.000000,-0.012507,0.000000,0.000000,0.000000,65535.000000,0.000000,0.000000,6.000000,1.000000,6.000000,1.000000,0.000000,0.000000,1.000000
6070.000000,6.000000,1.000000,0.000000,0.000000,0.000000,0.000000,0.000000,0.000000,0.000000,0.000000,0.000000,0.000000,0.000000,-0.022174,0.000000,0.000000,0.000000,65535.000000,0.000000,0.000000,6.000000,1.000000,6.000000,1.000000,0.000000,0.000000,1.000000
6080.000000,6.000000,1.000000,0.000000,0.000000,0.000000,0.000000,0.000000,0.000000,0.000000,0.000000,0.000000,0.000000,0.000000,-0.015975,0.000000,0.000000,0.000000,65535.000000,0.000000,0.000000,6.000000,1.000000,6.000000,1.000000,0.000000,0.000000,1.000000
6090.000000,6.000000,1.000000,0.000000,0.000000,0.000000,0.000000,0.000000,0.000000,0.000000,0.000000,0.000000,0.000000,0.000000,-0.015718,0.000000,0.000000,0.000000,65535.000000,0.000000,0.000000,6.000000,1.000000,6.000000,1.000000,0.000000,0.000000,1.000000
6100.000000,6.000000,1.000000,0.000000,0.000000,0.000000,0.000000,0.000000,0.000000,0.000000,0.000000,0.000000,0.000000,0.000000,-0.015561,0.000000,0.000000,0.000000,65535.000000,0.000000,0.000000,6.000000,1.000000,6.000000,1.000000,0.000000,0.000000,1.000000
6110.000000,6.000000,1.000000,0.000000,0.000000,0.000000,0.000000,0.000000,0.000000,0.000000,0.000000,0.000000,0.000000,0.000000,-0.010514,0.000000,0.000000,0.000000,65535.000000,0.000000,0.000000,6.000000,1.000000,6.000000,1.000000,0.000000,0.000000,1.000000
6120.000000,6.000000,1.000000,0.000000,0.000000,0.000000,0.000000,0.000000,0.000000,0.000000,0.000000,0.000000,0.000000,0.000000,-0.010409,0.000000,0.000000,0.000000,65535.000000,0.000000,0.000000,6.000000,1.000000,6.000000,1.000000,0.000000,0.000000,1.000000
6130.000000,6.000000,1.000000,0.000000,0.000000,0.000000,0.000000,0.000000,0.000000,0.000000,0.000000,0.000000,0.000000,0.000000,-0.010610,0.000000,0.000000,0.000000,65535.000000,0.000000,0.000000,6.000000,1.000000,6.000000,1.000000,0.000000,0.000000,1.000000
6140.000000,6.000000,1.000000,0.000000,0.000000,0.000000,0.000000,0.000000,0.000000,0.000000,0.000000,0.000000,0.000000,0.000000,-0.010592,0.000000,0.000000,0.000000,65535.000000,0.000000,0.000000,6.000000,1.000000,6.000000,1.000000,0.000000,0.000000,1.000000
6150.000000,6.000000,1.000000,0.000000,0.000000,0.000000,0.000000,0.000000,0.000000,0.000000,0.000000,0.000000,0.000000,0.000000,-0.010486,0.000000,0.000000,0.000000,65535.000000,0.000000,0.000000,6.000000,1.000000,6.000000,1.000000,0.000000,0.000000,1.000000
6160.000000,6.000000,1.000000,0.000000,0.000000,0.000000,0.000000,0.000000,0.000000,0.000000,0.000000,0.000000,0.000000,0.000000,-0.019203,0.000000,0.000000,0.000000,65535.000000,0.000000,0.000000,6.000000,1.000000,6.000000,1.000000,0.000000,0.000000,1.000000
6170.000000,6.000000,1.000000,0.000000,0.000000,0.000000,0.000000,0.000000,0.000000,0.000000,0.000000,0.000000,0.000000,0.000000,-0.019012,0.000000,0.000000,0.000000,65535.000000,0.000000,0.000000,6.000000,1.000000,6.000000,1.000000,0.000000,0.000000,1.000000
6180.000000,6.000000,1.000000,0.000000,0.000000,0.000000,0.000000,0.000000,0.000000,0.000000,0.000000,0.000000,0.000000,0.000000,-0.020789,0.000000,0.000000,0.000000,65535.000000,0.000000,0.000000,6.000000,1.000000,6.000000,1.000000,0.000000,0.000000,1.000000
6190.000000,6.000000,1.000000,0.000000,0.000000,0.000000,0.000000,0.000000,0.000000,0.000000,0.000000,0.000000,0.000000,0.000000,-0.020582,0.000000,0.000000,0.000000,65535.000000,0.000000,0.000000,6.000000,1.000000,6.000000,1.000000,0.000000,0.000000,1.000000
6200.000000,6.000000,1.000000,0.000000,0.000000,0.000000,0.000000,0.000000,0.000000,0.000000,0.000000,0.000000,0.000000,0.000000,-0.016912,0.000000,0.000000,0.000000,65535.000000,0.000000,0.000000,6.000000,1.000000,6.000000,1.000000,0.000000,0.000000,1.000000
6210.000000,6.000000,1.000000,0.000000,0.000000,0.000000,0.000000,0.000000,0.000000,0.000000,0.000000,0.000000,0.000000,0.000000,-0.014982,0.000000,0.000000,0.000000,65535.000000,0.000000,0.000000,6.000000,1.000000,6.000000,1.000000,0.000000,0.000000,1.000000
6220.000000,6.000000,1.000000,0.000000,0.000000,0.000000,0.000000,0.000000,0.000000,0.000000,0.000000,0.000000,0.000000,0.000000,-0.014832,0.000000,0.000000,0.000000,65535.000000,0.000000,0.000000,6.000000,1.000000,6.000000,1.000000,0.000000,0.000000,1.000000
6230.000000,6.000000,1.000000,0.000000,0.000000,0.000000,0.000000,0.000000,0.000000,0.000000,0.000000,0.000000,0.000000,0.000000,-0.015572,0.000000,0.000000,0.000000,65535.000000,0.000000,0.000000,6.000000,1.000000,6.000000,1.000000,0.000000,0.000000,1.000000
6240.000000,6.000000,1.000000,0.000000,0.000000,0.000000,0.000000,0.000000,0.000000,0.000000,0.000000,0.000000,0.000000,0.000000,-0.022484,0.000000,0.000000,0.000000,65535.000000,0.000000,0.000000,6.000000,1.000000,6.000000,1.000000,0.000000,0.000000,1.000000
6250.000000,6.000000,1.000000,0.000000,0.000000,0.000000,0.000000,0.000000,0.000000,0.000000,0.000000,0.000000,0.000000,0.000000,-0.022260,0.000000,0.000000,0.000000,65535.000000,0.000000,0.000000,6.000000,1.000000,6.000000,1.000000,0.000000,0.000000,1.000000
6260.000000,6.000000,1.000000,0.000000,0.000000,0.000000,0.000000,0.000000,0.000000,0.000000,0.000000,0.000000,0.000000,0.000000,-0.033762,0.000000,0.000000,0.000000,65535.000000,0.000000,0.000000,6.000000,1.000000,6.000000,1.000000,0.000000,0.000000,1.000000
6270.000000,6.000000,1.000000,0.000000,0.000000,0.000000,0.000000,0.000000,0.000000,0.000000,0.000000,0.000000,0.000000,0.000000,-0.025948,0.000000,0.000000,0.000000,65535.000000,0.000000,0.000000,6.000000,1.000000,6.000000,1.000000,0.000000,0.000000,1.000000
6280.000000,6.000000,1.000000,0.000000,0.000000,0.000000,0.000000,0.000000,0.000000,0.000000,0.000000,0.000000,0.000000,0.000000,-0.025483,0.000000,0.000000,0.000000,65535.000000,0.000000,0.000000,6.000000,1.000000,6.000000,1.000000,0.000000,0.000000,1.000000
6290.000000,6.000000,1.000000,0.000000,0.000000,0.000000,0.000000,0.000000,0.000000,0.000000,0.000000,0.000000,0.000000,0.000000,-0.023667,0.000000,0.000000,0.000000,65535.000000,0.000000,0.000000,6.000000,1.000000,6.000000,1.000000,0.000000,0.000000,1.000000
6300.000000,6.000000,1.000000,0.000000,0.000000,0.000000,0.000000,0.000000,0.000000,0.000000,0.000000,0.000000,0.000000,0.000000,-0.006446,0.000000,0.000000,0.000000,65535.000000,0.000000,0.000000,6.000000,1.000000,6.000000,1.000000,0.000000,0.000000,1.000000
6310.000000,6.000000,1.000000,0.000000,0.000000,0.000000,0.000000,0.000000,0.000000,0.000000,0.000000,0.000000,0.000000,0.000000,-0.006382,0.000000,0.000000,0.000000,65535.000000,0.000000,0.000000,6.000000,1.000000,6.000000,1.000000,0.000000,0.000000,1.000000
6320.000000,6.000000,1.000000,0.000000,0.000000,0.000000,0.000000,0.000000,0.000000,0.000000,0.000000,0.000000,0.000000,0.000000,0.010765,0.000000,0.000000,0.000000,65535.000000,0.000000,0.000000,6.000000,1.000000,6.000000,1.000000,0.000000,0.000000,1.000000
6330.000000,6.000000,1.000000,0.000000,0.000000,0.000000,0.000000,0.000000,0.000000,0.000000,0.000000,0.000000,0.000000,0.000000,0.013257,0.000000,0.000000,0.000000,65535.000000,0.000000,0.000000,6.000000,1.000000,6.000000,1.000000,0.000000,0.000000,1.000000
6340.000000,6.000000,1.000000,0.000000,0.000000,0.000000,0.000000,0.000000,0.000000,0.000000,0.000000,0.000000,0.000000,0.000000,0.013125,0.000000,0.000000,0.000000,65535.000000,0.000000,0.000000,6.000000,1.000000,6.000000,1.000000,0.000000,0.000000,1.000000
6350.000000,6.000000,1.000000,0.000000,0.000000,0.000000,0.000000,0.000000,0.000000,0.000000,0.000000,0.000000,0.000000,0.000000,-0.012207,0.000000,0.000000,0.000000,65535.000000,0.000000,0.000000,6.000000,1.000000,6.000000,1.000000,0.000000,0.000000,1.000000
6360.000000,6.000000,1.000000,0.000000,0.000000,0.000000,0.000000,0.000000,0.000000,0.000000,0.000000,0.000000,0.000000,0.000000,-0.012085,0.000000,0.000000,0.000000,65535.000000,0.000000,0.000000,6.000000,1.000000,6.000000,1.000000,0.000000,0.000000,1.000000
6370.000000,6.000000,1.000000,0.000000,0.000000,0.000000,0.000000,0.000000,0.000000,0.000000,0.000000,0.000000,0.000000,0.000000,-0.011965,0.000000,0.000000,0.000000,65535.000000,0.000000,0.000000,6.000000,1.000000,6.000000,1.000000,0.000000,0.000000,1.000000
6380.000000,6.000000,1.000000,0.000000,0.000000,0.000000,0.000000,0.000000,0.000000,0.000000,0.000000,0.000000,0.000000,0.000000,0.012120,0.000000,0.000000,0.000000,65535.000000,0.000000,0.000000,6.000000,1.000000,6.000000,1.000000,0.000000,0.000000,1.000000
6390.000000,6.000000,1.000000,0.000000,0.000000,0.000000,0.000000,0.000000,0.000000,0.000000,0.000000,0.000000,0.000000,0.000000,0.011999,0.000000,0.000000,0.000000,65535.000000,0.000000,0.000000,6.000000,1.000000,6.000000,1.000000,0.000000,0.000000,1.000000
6400.000000,6.000000,1.000000,0.000000,0.000000,0.000000,0.000000,0.000000,0.000000,0.000000,0.000000,0.000000,0.000000,0.000000,0.011880,0.000000,0.000000,0.000000,65535.000000,0.000000,0.000000,6.000000,1.000000,6.000000,1.000000,0.000000,0.000000,1.000000
6410.000000,6.000000,1.000000,0.000000,0.000000,0.000000,0.000000,0.000000,0.000000,0.000000,0.000000,0.000000,0.000000,0.000000,0.009324,0.000000,0.000000,0.000000,65535.000000,0.000000,0.000000,6.000000,1.000000,6.000000,1.000000,0.000000,0.000000,1.000000
6420.000000,6.000000,1.000000,0.000000,0.000000,0.000000,0.000000,0.000000,0.000000,0.000000,0.000000,0.000000,0.000000,0.000000,0.009231,0.000000,0.000000,0.000000,65535.000000,0.000000,0.000000,6.000000,1.000000,6.000000,1.000000,0.000000,0.000000,1.000000
6430.000000,6.000000,1.000000,0.000000,0.000000,0.000000,0.000000,0.000000,0.000000,0.000000,0.000000,0.000000,0.000000,0.000000,0.009034,0.000000,0.000000,0.000000,65535.000000,0.000000,0.000000,6.000000,1.000000,6.000000,1.000000,0.000000,0.000000,1.000000
6440.000000,6.000000,1.000000,0.000000,0.000000,0.000000,0.000000,0.000000,0.000000,0.000000,0.000000,0.000000,0.000000,0.000000,0.008944,0.000000,0.000000,0.000000,65535.000000,0.000000,0.000000,6.000000,1.000000,6.000000,1.000000,0.000000,0.000000,1.000000
6450.000000,6.000000,1.000000,0.000000,0.000000,0.000000,0.000000,0.000000,0.000000,0.000000,0.000000,0.000000,0.000000,0.000000,0.008855,0.000000,0.000000,0.000000,65535.000000,0.000000,0.000000,6.000000,1.000000,6.000000,1.000000,0.000000,0.000000,1.000000
6460.000000,6.000000,1.000000,0.000000,0.000000,0.000000,0.000000,0.000000,0.000000,0.000000,0.000000,0.000000,0.000000,0.000000,0.002343,0.000000,0.000000,0.000000,65535.000000,0.000000,0.000000,6.000000,1.000000,6.000000,1.000000,0.000000,0.000000,1.000000
6470.000000,6.000000,1.000000,0.000000,0.000000,0.000000,0.000000,0.000000,0.000000,0.000000,0.000000,0.000000,0.000000,0.000000,0.002320,0.000000,0.000000,0.000000,65535.000000,0.000000,0.000000,6.000000,1.000000,6.000000,1.000000,0.000000,0.000000,1.000000
6480.000000,6.000000,1.000000,0.000000,0.000000,0.000000,0.000000,0.000000,0.000000,0.000000,0.000000,0.000000,0.000000,0.000000,0.002297,0.000000,0.000000,0.000000,65535.000000,0.000000,0.000000,6.000000,1.000000,6.000000,1.000000,0.000000,0.000000,1.000000
6490.000000,6.000000,1.000000,0.000000,0.000000,0.000000,0.000000,0.000000,0.000000,0.000000,0.000000,0.000000,0.000000,0.000000,0.001652,0.000000,0.000000,0.000000,65535.000000,0.000000,0.000000,6.000000,1.000000,6.000000,1.000000,0.000000,0.000000,1.000000
6500.000000,6.000000,1.000000,0.000000,0.000000,0.000000,0.000000,0.000000,0.000000,0.000000,0.000000,0.000000,0.000000,0.000000,0.001636,0.000000,0.000000,0.000000,65535.000000,0.000000,0.000000,6.000000,1.000000,6.000000,1.000000,0.000000,0.000000,1.000000
6510.000000,6.000000,1.000000,0.000000,0.000000,0.000000,0.000000,0.000000,0.000000,0.000000,0.000000,0.000000,0.000000,0.000000,-0.015587,0.000000,0.000000,0.000000,65535.000000,0.000000,0.000000,6.000000,1.000000,6.000000,1.000000,0.000000,0.000000,1.000000
6520.000000,6.000000,1.000000,0.000000,0.000000,0.000000,0.000000,0.000000,0.000000,0.000000,0.000000,0.000000,0.000000,0.000000,-0.006833,0.000000,0.000000,0.000000,65535.000000,0.000000,0.000000,6.000000,1.000000,6.000000,1.000000,0.000000,0.000000,1.000000
6530.000000,6.000000,1.000000,0.000000,0.000000,0.000000,0.000000,0.000000,0.000000,0.000000,0.000000,0.000000,0.000000,0.000000,-0.006765,0.000000,0.000000,0.000000,65535.000000,0.000000,0.000000,6.000000,1.000000,6.000000,1.000000,0.000000,0.000000,1.000000
6540.000000,6.000000,1.000000,0.000000,0.000000,0.000000,0.000000,0.000000,0.000000,0.000000,0.000000,0.000000,0.000000,0.000000,-0.006698,0.000000,0.000000,0.000000,65535.000000,0.000000,0.000000,6.000000,1.000000,6.000000,1.000000,0.000000,0.000000,1.000000
6550.000000,6.000000,1.000000,0.000000,0.000000,0.000000,0.000000,0.000000,0.000000,0.000000,0.000000,0.000000,0.000000,0.000000,-0.022309,0.000000,0.000000,0.000000,65535.000000,0.000000,0.000000,6.000000,1.000000,6.000000,1.000000,0.000000,0.000000,1.000000
6560.000000,6.000000,1.000000,0.000000,0.000000,0.000000,0.000000,0.000000,0.000000,0.000000,0.000000,0.000000,0.000000,0.000000,0.000729,0.000000,0.000000,0.000000,65535.000000,0.000000,0.000000,6.000000,1.000000,6.000000,1.000000,0.000000,0.000000,1.000000
6570.000000,6.000000,1.000000,0.000000,0.000000,0.000000,0.000000,0.000000,0.000000,0.000000,0.000000,0.000000,0.000000,0.000000,0.000722,0.000000,0.000000,0.000000,65535.000000,0.000000,0.000000,6.000000,1.000000,6.000000,1.000000,0.000000,0.000000,1.000000
6580.000000,6.000000,1.000000,0.000000,0.000000,0.000000,0.000000,0.000000,0.000000,0.000000,0.000000,0.000000,0.000000,0.000000,0.000715,0.000000,0.000000,0.000000,65535.000000,0.000000,0.000000,6.000000,1.000000,6.000000,1.000000,0.000000,0.000000,1.000000
6590.000000,6.000000,1.000000,0.000000,0.000000,0.000000,0.000000,0.000000,0.000000,0.000000,0.000000,0.000000,0.000000,0.000000,-0.000091,0.000000,0.000000,0.000000,65535.000000,0.000000,0.000000,6.000000,1.000000,6.000000,1.000000,0.000000,0.000000,1.000000
6600.000000,6.000000,1.000000,0.000000,0.000000,0.000000,0.000000,0.000000,0.000000,0.000000,0.000000,0.000000,0.000000,0.000000,-0.007494,0.000000,0.000000,0.000000,65535.000000,0.000000,0.000000,6.000000,1.000000,6.000000,1.000000,0.000000,0.000000,1.000000
6610.000000,6.000000,1.000000,0.000000,0.000000,0.000000,0.000000,0.000000,0.000000,0.000000,0.000000,0.000000,0.000000,0.000000,-0.007607,0.000000,0.000000,0.000000,65535.000000,0.000000,0.000000,6.000000,1.000000,6.000000,1.000000,0.000000,0.000000,1.000000
6620.000000,6.000000,1.000000,0.000000,0.000000,0.000000,0.000000,0.000000,0.000000,0.000000,0.000000,0.000000,0.000000,0.000000,-0.018824,0.000000,0.000000,0.000000,65535.000000,0.000000,0.000000,6.000000,1.000000,6.000000,1.000000,0.000000,0.000000,1.000000
6630.000000,6.000000,1.000000,0.000000,0.000000,0.000000,0.000000,0.000000,0.000000,0.000000,0.000000,0.000000,0.000000,0.000000,-0.014681,0.000000,0.000000,0.000000,65535.000000,0.000000,0.000000,6.000000,1.000000,6.000000,1.000000,0.000000,0.000000,1.000000
6640.000000,6.000000,1.000000,0.000000,0.000000,0.000000,0.000000,0.000000,0.000000,0.000000,0.000000,0.000000,0.000000,0.000000,-0.014006,0.000000,0.000000,0.000000,65535.000000,0.000000,0.000000,6.000000,1.000000,6.000000,1.000000,0.000000,0.000000,1.000000
6650.000000,6.000000,1.000000,0.000000,0.000000,0.000000,0.000000,0.000000,0.000000,0.000000,0.000000,0.000000,0.000000,0.000000,-0.013866,0.000000,0.000000,0.000000,65535.000000,0.000000,0.000000,6.000000,1.000000,6.000000,1.000000,0.000000,0.000000,1.000000
6660.000000,6.000000,1.000000,0.000000,0.000000,0.000000,0.000000,0.000000,0.000000,0.000000,0.000000,0.000000,0.000000,0.000000,-0.015860,0.000000,0.000000,0.000000,65535.000000,0.000000,0.000000,6.000000,1.000000,6.000000,1.000000,0.000000,0.000000,1.000000
6670.000000,6.000000,1.000000,0.000000,0.000000,0.000000,0.000000,0.000000,0.000000,0.000000,0.000000,0.000000,0.000000,0.000000,-0.016688,0.000000,0.000000,0.000000,65535.000000,0.000000,0.000000,6.000000,1.000000,6.000000,1.000000,0.000000,0.000000,1.000000
6680.000000,6.000000,1.000000,0.000000,0.000000,0.000000,0.000000,0.000000,0.000000,0.000000,0.000000,0.000000,0.000000,0.000000,-0.016717,0.000000,0.000000,0.000000,65535.000000,0.000000,0.000000,6.000000,1.000000,6.000000,1.000000,0.000000,0.000000,1.000000
6690.000000,6.000000,1.000000,0.000000,0.000000,0.000000,0.000000,0.000000,0.000000,0.000000,0.000000,0.000000,0.000000,0.000000,-0.016550,0.000000,0.000000,0.000000,65535.000000,0.000000,0.000000,6.000000,1.000000,6.000000,1.000000,0.000000,0.000000,1.000000
6700.000000,6.000000,1.000000,0.000000,0.000000,0.000000,0.000000,0.000000,0.000000,0.000000,0.000000,0.000000,0.000000,0.000000,-0.012398,0.000000,0.000000,0.000000,65535.000000,0.000000,0.000000,6.000000,1.000000,6.000000,1.000000,0.000000,0.000000,1.000000
6710.000000,6.000000,1.000000,0.000000,0.000000,0.000000,0.000000,0.000000,0.000000,0.000000,0.000000,0.000000,0.000000,0.000000,-0.012074,0.000000,0.000000,0.000000,65535.000000,0.000000,0.000000,6.000000,1.000000,6.000000,1.000000,0.000000,0.000000,1.000000
6720.000000,6.000000,1.000000,0.000000,0.000000,0.000000,0.000000,0.000000,0.000000,0.000000,0.000000,0.000000,0.000000,0.000000,-0.011954,0.000000,0.000000,0.000000,65535.000000,0.000000,0.000000,6.000000,1.000000,6.000000,1.000000,0.000000,0.000000,1.000000
6730.000000,6.000000,1.000000,0.000000,0.000000,0.000000,0.000000,0.000000,0.000000,0.000000,0.000000,0.000000,0.000000,0.000000,-0.012229,0.000000,0.000000,0.000000,65535.000000,0.000000,0.000000,6.000000,1.000000,6.000000,1.000000,0.000000,0.000000,1.000000
6740.000000,6.000000,1.000000,0.000000,0.000000,0.000000,0.000000,0.000000,0.000000,0.000000,0.000000,0.000000,0.000000,0.000000,-0.005628,0.000000,0.000000,0.000000,65535.000000,0.000000,0.000000,6.000000,1.000000,6.000000,1.000000,0.000000,0.000000,1.000000
6750.000000,6.000000,1.000000,0.000000,0.000000,0.000000,0.000000,0.000000,0.000000,0.000000,0.000000,0.000000,0.000000,0.000000,-0.005572,0.000000,0.000000,0.000000,65535.000000,0.000000,0.000000,6.000000,1.000000,6.000000,1.000000,0.000000,0.000000,1.000000
6760.000000,6.000000,1.000000,0.000000,0.000000,0.000000,0.000000,0.000000,0.000000,0.000000,0.000000,0.000000,0.000000,0.000000,-0.006589,0.000000,0.000000,0.000000,65535.000000,0.000000,0.000000,6.000000,1.000000,6.000000,1.000000,0.000000,0.000000,1.000000
6770.000000,6.000000,1.000000,0.000000,0.000000,0.000000,0.000000,0.000000,0.000000,0.000000,0.000000,0.000000,0.000000,0.000000,-0.015719,0.000000,0.000000,0.000000,65535.000000,0.000000,0.000000,6.000000,1.000000,6.000000,1.000000,0.000000,0.000000,1.000000
6780.000000,6.000000,1.000000,0.000000,0.000000,0.000000,0.000000,0.000000,0.000000,0.000000,0.000000,0.000000,0.000000,0.000000,-0.015391,0.000000,0.000000,0.000000,65535.000000,0.000000,0.000000,6.000000,1.000000,6.000000,1.000000,0.000000,0.000000,1.000000
6790.000000,6.000000,1.000000,0.000000,0.000000,0.000000,0.000000,0.000000,0.000000,0.000000,0.000000,0.000000,0.000000,0.000000,-0.013230,0.000000,0.000000,0.000000,65535.000000,0.000000,0.000000,6.000000,1.000000,6.000000,1.000000,0.000000,0.000000,1.000000
6800.000000,6.000000,1.000000,0.000000,0.000000,0.000000,0.000000,0.000000,0.000000,0.000000,0.000000,0.000000,0.000000,0.000000,-0.009299,0.000000,0.000000,0.000000,65535.000000,0.000000,0.000000,6.000000,1.000000,6.000000,1.000000,0.000000,0.000000,1.000000
6810.000000,6.000000,1.000000,0.000000,0.000000,0.000000,0.000000,0.000000,0.000000,0.000000,0.000000,0.000000,0.000000,0.000000,-0.009207,0.000000,0.000000,0.000000,65535.000000,0.000000,0.000000,6.000000,1.000000,6.000000,1.000000,0.000000,0.000000,1.000000
6820.000000,6.000000,1.000000,0.000000,0.000000,0.000000,0.000000,0.000000,0.000000,0.000000,0.000000,0.000000,0.000000,0.000000,-0.011621,0.000000,0.000000,0.000000,65535.000000,0.000000,0.000000,6.000000,1.000000,6.000000,1.000000,0.000000,0.000000,1.000000
6830.000000,6.000000,1.000000,0.000000,0.000000,0.000000,0.000000,0.000000,0.000000,0.000000,0.000000,0.000000,0.000000,0.000000,-0.012775,0.000000,0.000000,0.000000,65535.000000,0.000000,0.000000,6.000000,1.000000,6.000000,1.000000,0.000000,0.000000,1.000000
6840.000000,6.000000,1.000000,0.000000,0.000000,0.000000,0.000000,0.000000,0.000000,0.000000,0.000000,0.000000,0.000000,0.000000,-0.010568,0.000000,0.000000,0.000000,65535.000000,0.000000,0.000000,6.000000,1.000000,6.000000,1.000000,0.000000,0.000000,1.000000
6850.000000,6.000000,1.000000,0.000000,0.000000,0.000000,0.000000,0.000000,0.000000,0.000000,0.000000,0.000000,0.000000,0.000000,-0.010463,0.000000,0.000000,0.000000,65535.000000,0.000000,0.000000,6.000000,1.000000,6.000000,1.000000,0.000000,0.000000,1.000000
6860.000000,6.000000,1.000000,0.000000,0.000000,0.000000,0.000000,0.000000,0.000000,0.000000,0.000000,0.000000,0.000000,0.000000,-0.013766,0.000000,0.000000,0.000000,65535.000000,0.000000,0.000000,6.000000,1.000000,6.000000,1.000000,0.000000,0.000000,1.000000
6870.000000,6.000000,1.000000,0.000000,0.000000,0.000000,0.000000,0.000000,0.000000,0.000000,0.000000,0.000000,0.000000,0.000000,-0.009942,0.000000,0.000000,0.000000,65535.000000,0.000000,0.000000,6.000000,1.000000,6.000000,1.000000,0.000000,0.000000,1.000000
6880.000000,6.000000,1.000000,0.000000,0.000000,0.000000,0.000000,0.000000,0.000000,0.000000,0.000000,0.000000,0.000000,0.000000,-0.009843,0.000000,0.000000,0.000000,65535.000000,0.000000,0.000000,6.000000,1.000000,6.000000,1.000000,0.000000,0.000000,1.000000
6890.000000,6.000000,1.000000,0.000000,0.000000,0.000000,0.000000,0.000000,0.000000,0.000000,0.000000,0.000000,0.000000,0.000000,-0.012621,0.000000,0.000000,0.000000,65535.000000,0.000000,0.000000,6.000000,1.000000,6.000000,1.000000,0.000000,0.000000,1.000000
6900.000000,6.000000,1.000000,0.000000,0.000000,0.000000,0.000000,0.000000,0.000000,0.000000,0.000000,0.000000,0.000000,0.000000,-0.013336,0.000000,0.000000,0.000000,65535.000000,0.000000,0.000000,6.000000,1.000000,6.000000,1.000000,0.000000,0.000000,1.000000
6910.000000,6.000000,1.000000,0.000000,0.000000,0.000000,0.000000,0.000000,0.000000,0.000000,0.000000,0.000000,0.000000,0.000000,-0.012176,0.000000,0.000000,0.000000,65535.000000,0.000000,0.000000,6.000000,1.000000,6.000000,1.000000,0.000000,0.000000,1.000000
6920.000000,6.000000,1.000000,0.000000,0.000000,0.000000,0.000000,0.000000,0.000000,0.000000,0.000000,0.000000,0.000000,0.000000,-0.012054,0.000000,0.000000,0.000000,65535.000000,0.000000,0.000000,6.000000,1.000000,6.000000,1.000000,0.000000,0.000000,1.000000
6930.000000,6.000000,1.000000,0.000000,0.000000,0.000000,0.000000,0.000000,0.000000,0.000000,0.000000,0.000000,0.000000,0.000000,-0.015539,0.000000,0.000000,0.000000,65535.000000,0.000000,0.000000,6.000000,1.000000,6.000000,1.000000,0.000000,0.000000,1.000000
6940.000000,6.000000,1.000000,0.000000,0.000000,0.000000,0.000000,0.000000,0.000000,0.000000,0.000000,0.000000,0.000000,0.000000,-0.015537,0.000000,0.000000,0.000000,65535.000000,0.000000,0.000000,6.000000,1.000000,6.000000,1.000000,0.000000,0.000000,1.000000
6950.000000,6.000000,1.000000,0.000000,0.000000,0.000000,0.000000,0.000000,0.000000,0.000000,0.000000,0.000000,0.000000,0.000000,-0.007136,0.000000,0.000000,0.000000,65535.000000,0.000000,0.000000,6.000000,1.000000,6.000000,1.000000,0.000000,0.000000,1.000000
6960.000000,6.000000,1.000000,0.000000,0.000000,0.000000,0.000000,0.000000,0.000000,0.000000,0.000000,0.000000,0.000000,0.000000,-0.007065,0.000000,0.000000,0.000000,65535.000000,0.000000,0.000000,6.000000,1.000000,6.000000,1.000000,0.000000,0.000000,1.000000
6970.000000,6.000000,1.000000,0.000000,0.000000,0.000000,0.000000,0.000000,0.000000,0.000000,0.000000,0.000000,0.000000,0.000000,-0.006995,0.000000,0.000000,0.000000,65535.000000,0.000000,0.000000,6.000000,1.000000,6.000000,1.000000,0.000000,0.000000,1.000000
6980.000000,6.000000,1.000000,0.000000,0.000000,0.000000,0.000000,0.000000,0.000000,0.000000,0.000000,0.000000,0.000000,0.000000,-0.007660,0.000000,0.000000,0.000000,65535.000000,0.000000,0.000000,6.000000,1.000000,6.000000,1.000000,0.000000,0.000000,1.000000
6990.000000,6.000000,1.000000,0.000000,0.000000,0.000000,0.000000,0.000000,0.000000,0.000000,0.000000,0.000000,0.000000,0.000000,-0.007584,0.000000,0.000000,0.000000,65535.000000,0.000000,0.000000,6.000000,1.000000,6.000000,1.000000,0.000000,0.000000,1.000000
7000.000000,6.000000,1.000000,0.000000,0.000000,0.000000,0.000000,0.000000,0.000000,0.000000,0.000000,0.000000,0.000000,0.000000,-0.013149,0.000000,0.000000,0.000000,65535.000000,0.000000,0.000000,6.000000,1.000000,6.000000,1.000000,0.000000,0.000000,1.000000
7010.000000,6.000000,1.000000,0.000000,0.000000,0.000000,0.000000,0.000000,0.000000,0.000000,0.000000,0.000000,0.000000,0.000000,-0.004191,0.000000,0.000000,0.000000,65535.000000,0.000000,0.000000,6.000000,1.000000,6.000000,1.000000,0.000000,0.000000,1.000000
7020.000000,6.000000,1.000000,0.000000,0.000000,0.000000,0.000000,0.000000,0.000000,0.000000,0.000000,0.000000,0.000000,0.000000,-0.004149,0.000000,0.000000,0.000000,65535.000000,0.000000,0.000000,6.000000,1.000000,6.000000,1.000000,0.000000,0.000000,1.000000
7030.000000,6.000000,1.000000,0.000000,0.000000,0.000000,0.000000,0.000000,0.000000,0.000000,0.000000,0.000000,0.000000,0.000000,-0.004876,0.000000,0.000000,0.000000,65535.000000,0.000000,0.000000,6.000000,1.000000,6.000000,1.000000,0.000000,0.000000,1.000000
7040.000000,6.000000,1.000000,0.000000,0.000000,0.000000,0.000000,0.000000,0.000000,0.000000,0.000000,0.000000,0.000000,0.000000,-0.013235,0.000000,0.000000,0.000000,65535.000000,0.000000,0.000000,6.000000,1.000000,6.000000,1.000000,0.000000,0.000000,1.000000
7050.000000,6.000000,1.000000,0.000000,0.000000,0.000000,0.000000,0.000000,0.000000,0.000000,0.000000,0.000000,0.000000,0.000000,-0.008236,0.000000,0.000000,0.000000,65535.000000,0.000000,0.000000,6.000000,1.000000,6.000000,1.000000,0.000000,0.000000,1.000000
7060.000000,6.000000,1.000000,0.000000,0.000000,0.000000,0.000000,0.000000,0.000000,0.000000,0.000000,0.000000,0.000000,0.000000,-0.008154,0.000000,0.000000,0.000000,65535.000000,0.000000,0.000000,6.000000,1.000000,6.000000,1.000000,0.000000,0.000000,1.000000
7070.000000,6.000000,1.000000,0.000000,0.000000,0.000000,0.000000,0.000000,0.000000,0.000000,0.000000,0.000000,0.000000,0.000000,-0.008073,0.000000,0.000000,0.000000,65535.000000,0.000000,0.000000,6.000000,1.000000,6.000000,1.000000,0.000000,0.000000,1.000000
7080.000000,6.000000,1.000000,0.000000,0.000000,0.000000,0.000000,0.000000,0.000000,0.000000,0.000000,0.000000,0.000000,0.000000,-0.020148,0.000000,0.000000,0.000000,65535.000000,0.000000,0.000000,6.000000,1.000000,6.000000,1.000000,0.000000,0.000000,1.000000
7090.000000,6.000000,1.000000,0.000000,0.000000,0.000000,0.000000,0.000000,0.000000,0.000000,0.000000,0.000000,0.000000,0.000000,-0.015361,0.000000,0.000000,0.000000,65535.000000,0.000000,0.000000,6.000000,1.000000,6.000000,1.000000,0.000000,0.000000,1.000000
7100.000000,6.000000,1.000000,0.000000,0.000000,0.000000,0.000000,0.000000,0.000000,0.000000,0.000000,0.000000,0.000000,0.000000,-0.011021,0.000000,0.000000,0.000000,65535.000000,0.000000,0.000000,6.000000,1.000000,6.000000,1.000000,0.000000,0.000000,1.000000
7110.000000,6.000000,1.000000,0.000000,0.000000,0.000000,0.000000,0.000000,0.000000,0.000000,0.000000,0.000000,0.000000,0.000000,-0.010658,0.000000,0.000000,0.000000,65535.000000,0.000000,0.000000,6.000000,1.000000,6.000000,1.000000,0.000000,0.000000,1.000000
7120.000000,6.000000,1.000000,0.000000,0.000000,0.000000,0.000000,0.000000,0.000000,0.000000,0.000000,0.000000,0.000000,0.000000,-0.010552,0.000000,0.000000,0.000000,65535.000000,0.000000,0.000000,6.000000,1.000000,6.000000,1.000000,0.000000,0.000000,1.000000
7130.000000,6.000000,1.000000,0.000000,0.000000,0.000000,0.000000,0.000000,0.000000,0.000000,0.000000,0.000000,0.000000,0.000000,-0.011689,0.000000,0.000000,0.000000,65535.000000,0.000000,0.000000,6.000000,1.000000,6.000000,1.000000,0.000000,0.000000,1.000000
7140.000000,6.000000,1.000000,0.000000,0.000000,0.000000,0.000000,0.000000,0.000000,0.000000,0.000000,0.000000,0.000000,0.000000,-0.011572,0.000000,0.000000,0.000000,65535.000000,0.000000,0.000000,6.000000,1.000000,6.000000,1.000000,0.000000,0.000000,1.000000
7150.000000,6.000000,1.000000,0.000000,0.000000,0.000000,0.000000,0.000000,0.000000,0.000000,0.000000,0.000000,0.000000,0.000000,-0.007668,0.000000,0.000000,0.000000,65535.000000,0.000000,0.000000,6.000000,1.000000,6.000000,1.000000,0.000000,0.000000,1.000000
7160.000000,6.000000,1.000000,0.000000,0.000000,0.000000,0.000000,0.000000,0.000000,0.000000,0.000000,0.000000,0.000000,0.000000,-0.007592,0.000000,0.000000,0.000000,65535.000000,0.000000,0.000000,6.000000,1.000000,6.000000,1.000000,0.000000,0.000000,1.000000
7170.000000,6.000000,1.000000,0.000000,0.000000,0.000000,0.000000,0.000000,0.000000,0.000000,0.000000,0.000000,0.000000,0.000000,-0.007517,0.000000,0.000000,0.000000,65535.000000,0.000000,0.000000,6.000000,1.000000,6.000000,1.000000,0.000000,0.000000,1.000000
7180.000000,6.000000,1.000000,0.000000,0.000000,0.000000,0.000000,0.000000,0.000000,0.000000,0.000000,0.000000,0.000000,0.000000,-0.008947,0.000000,0.000000,0.000000,65535.000000,0.000000,0.000000,6.000000,1.000000,6.000000,1.000000,0.000000,0.000000,1.000000
7190.000000,6.000000,1.000000,0.000000,0.000000,0.000000,0.000000,0.000000,0.000000,0.000000,0.000000,0.000000,0.000000,0.000000,-0.008858,0.000000,0.000000,0.000000,65535.000000,0.000000,0.000000,6.000000,1.000000,6.000000,1.000000,0.000000,0.000000,1.000000
7200.000000,6.000000,1.000000,0.000000,0.000000,0.000000,0.000000,0.000000,0.000000,0.000000,0.000000,0.000000,0.000000,0.000000,-0.009066,0.000000,0.000000,0.000000,65535.000000,0.000000,0.000000,6.000000,1.000000,6.000000,1.000000,0.000000,0.000000,1.000000
7210.000000,6.000000,1.000000,0.000000,0.000000,0.000000,0.000000,0.000000,0.000000,0.000000,0.000000,0.000000,0.000000,0.000000,-0.009212,0.000000,0.000000,0.000000,65535.000000,0.000000,0.000000,6.000000,1.000000,6.000000,1.000000,0.000000,0.000000,1.000000
7220.000000,6.000000,1.000000,0.000000,0.000000,0.000000,0.000000,0.000000,0.000000,0.000000,0.000000,0.000000,0.000000,0.000000,-0.009121,0.000000,0.000000,0.000000,65535.000000,0.000000,0.000000,6.000000,1.000000,6.000000,1.000000,0.000000,0.000000,1.000000
7230.000000,6.000000,1.000000,0.000000,0.000000,0.000000,0.000000,0.000000,0.000000,0.000000,0.000000,0.000000,0.000000,0.000000,-0.011558,0.000000,0.000000,0.000000,65535.000000,0.000000,0.000000,6.000000,1.000000,6.000000,1.000000,0.000000,0.000000,1.000000
7240.000000,6.000000,1.000000,0.000000,0.000000,0.000000,0.000000,0.000000,0.000000,0.000000,0.000000,0.000000,0.000000,0.000000,-0.005344,0.000000,0.000000,0.000000,65535.000000,0.000000,0.000000,6.000000,1.000000,6.000000,1.000000,0.000000,0.000000,1.000000
7250.000000,6.000000,1.000000,0.000000,0.000000,0.000000,0.000000,0.000000,0.000000,0.000000,0.000000,0.000000,0.000000,0.000000,-0.005291,0.000000,0.000000,0.000000,65535.000000,0.000000,0.000000,6.000000,1.000000,6.000000,1.000000,0.000000,0.000000,1.000000
7260.000000,6.000000,1.000000,0.000000,0.000000,0.000000,0.000000,0.000000,0.000000,0.000000,0.000000,0.000000,0.000000,0.000000,-0.006299,0.000000,0.000000,0.000000,65535.000000,0.000000,0.000000,6.000000,1.000000,6.000000,1.000000,0.000000,0.000000,1.000000
7270.000000,6.000000,1.000000,0.000000,0.000000,0.000000,0.000000,0.000000,0.000000,0.000000,0.000000,0.000000,0.000000,0.000000,-0.014851,0.000000,0.000000,0.000000,65535.000000,0.000000,0.000000,6.000000,1.000000,6.000000,1.000000,0.000000,0.000000,1.000000
7280.000000,6.000000,1.000000,0.000000,0.000000,0.000000,0.000000,0.000000,0.000000,0.000000,0.000000,0.000000,0.000000,0.000000,-0.000901,0.000000,0.000000,0.000000,65535.000000,0.000000,0.000000,6.000000,1.000000,6.000000,1.000000,0.000000,0.000000,1.000000
7290.000000,6.000000,1.000000,0.000000,0.000000,0.000000,0.000000,0.000000,0.000000,0.000000,0.000000,0.000000,0.000000,0.000000,-0.000892,0.000000,0.000000,0.000000,65535.000000,0.000000,0.000000,6.000000,1.000000,6.000000,1.000000,0.000000,0.000000,1.000000
7300.000000,6.000000,1.000000,0.000000,0.000000,0.000000,0.000000,0.000000,0.000000,0.000000,0.000000,0.000000,0.000000,0.000000,-0.000883,0.000000,0.000000,0.000000,65535.000000,0.000000,0.000000,6.000000,1.000000,6.000000,1.000000,0.000000,0.000000,1.000000
7310.000000,6.000000,1.000000,0.000000,0.000000,0.000000,0.000000,0.000000,0.000000,0.000000,0.000000,0.000000,0.000000,0.000000,-0.004656,0.000000,0.000000,0.000000,65535.000000,0.000000,0.000000,6.000000,1.000000,6.000000,1.000000,0.000000,0.000000,1.000000
7320.000000,6.000000,1.000000,0.000000,0.000000,0.000000,0.000000,0.000000,0.000000,0.000000,0.000000,0.000000,0.000000,0.000000,-0.004609,0.000000,0.000000,0.000000,65535.000000,0.000000,0.000000,6.000000,1.000000,6.000000,1.000000,0.000000,0.000000,1.000000
7330.000000,6.000000,1.000000,0.000000,0.000000,0.000000,0.000000,0.000000,0.000000,0.000000,0.000000,0.000000,0.000000,0.000000,-0.006307,0.000000,0.000000,0.000000,65535.000000,0.000000,0.000000,6.000000,1.000000,6.000000,1.000000,0.000000,0.000000,1.000000
7340.000000,6.000000,1.000000,0.000000,0.000000,0.000000,0.000000,0.000000,0.000000,0.000000,0.000000,0.000000,0.000000,0.000000,-0.006244,0.000000,0.000000,0.000000,65535.000000,0.000000,0.000000,6.000000,1.000000,6.000000,1.000000,0.000000,0.000000,1.000000
7350.000000,6.000000,1.000000,0.000000,0.000000,0.000000,0.000000,0.000000,0.000000,0.000000,0.000000,0.000000,0.000000,0.000000,-0.006759,0.000000,0.000000,0.000000,65535.000000,0.000000,0.000000,6.000000,1.000000,6.000000,1.000000,0.000000,0.000000,1.000000
7360.000000,6.000000,1.000000,0.000000,0.000000,0.000000,0.000000,0.000000,0.000000,0.000000,0.000000,0.000000,0.000000,0.000000,-0.005850,0.000000,0.000000,0.000000,65535.000000,0.000000,0.000000,6.000000,1.000000,6.000000,1.000000,0.000000,0.000000,1.000000
7370.000000,6.000000,1.000000,0.000000,0.000000,0.000000,0.000000,0.000000,0.000000,0.000000,0.000000,0.000000,0.000000,0.000000,0.000915,0.000000,0.000000,0.000000,65535.000000,0.000000,0.000000,6.000000,1.000000,6.000000,1.000000,0.000000,0.000000,1.000000
7380.000000,6.000000,1.000000,0.000000,0.000000,0.000000,0.000000,0.000000,0.000000,0.000000,0.000000,0.000000,0.000000,0.000000,0.000905,0.000000,0.000000,0.000000,65535.000000,0.000000,0.000000,6.000000,1.000000,6.000000,1.000000,0.000000,0.000000,1.000000
7390.000000,6.000000,1.000000,0.000000,0.000000,0.000000,0.000000,0.000000,0.000000,0.000000,0.000000,0.000000,0.000000,0.000000,-0.004396,0.000000,0.000000,0.000000,65535.000000,0.000000,0.000000,6.000000,1.000000,6.000000,1.000000,0.000000,0.000000,1.000000
7400.000000,6.000000,1.000000,0.000000,0.000000,0.000000,0.000000,0.000000,0.000000,0.000000,0.000000,0.000000,0.000000,0.000000,-0.012995,0.000000,0.000000,0.000000,65535.000000,0.000000,0.000000,6.000000,1.000000,6.000000,1.000000,0.000000,0.000000,1.000000
7410.000000,6.000000,1.000000,0.000000,0.000000,0.000000,0.000000,0.000000,0.000000,0.000000,0.000000,0.000000,0.000000,0.000000,-0.019125,0.000000,0.000000,0.000000,65535.000000,0.000000,0.000000,6.000000,1.000000,6.000000,1.000000,0.000000,0.000000,1.000000
7420.000000,6.000000,1.000000,0.000000,0.000000,0.000000,0.000000,0.000000,0.000000,0.000000,0.000000,0.000000,0.000000,0.000000,-0.001849,0.000000,0.000000,0.000000,65535.000000,0.000000,0.000000,6.000000,1.000000,6.000000,1.000000,0.000000,0.000000,1.000000
7430.000000,6.000000,1.000000,0.000000,0.000000,0.000000,0.000000,0.000000,0.000000,0.000000,0.000000,0.000000,0.000000,0.000000,0.000825,0.000000,0.000000,0.000000,65535.000000,0.000000,0.000000,6.000000,1.000000,6.000000,1.000000,0.000000,0.000000,1.000000
7440.000000,6.000000,1.000000,0.000000,0.000000,0.000000,0.000000,0.000000,0.000000,0.000000,0.000000,0.000000,0.000000,0.000000,0.000817,0.000000,0.000000,0.000000,65535.000000,0.000000,0.000000,6.000000,1.000000,6.000000,1.000000,0.000000,0.000000,1.000000
7450.000000,6.000000,1.000000,0.000000,0.000000,0.000000,0.000000,0.000000,0.000000,0.000000,0.000000,0.000000,0.000000,0.000000,-0.006507,0.000000,0.000000,0.000000,65535.000000,0.000000,0.000000,6.000000,1.000000,6.000000,1.000000,0.000000,0.000000,1.000000
7460.000000,6.000000,1.000000,0.000000,0.000000,0.000000,0.000000,0.000000,0.000000,0.000000,0.000000,0.000000,0.000000,0.000000,-0.006287,0.000000,0.000000,0.000000,65535.000000,0.000000,0.000000,6.000000,1.000000,6.000000,1.000000,0.000000,0.000000,1.000000
7470.000000,6.000000,1.000000,0.000000,0.000000,0.000000,0.000000,0.000000,0.000000,0.000000,0.000000,0.000000,0.000000,0.000000,-0.006224,0.000000,0.000000,0.000000,65535.000000,0.000000,0.000000,6.000000,1.000000,6.000000,1.000000,0.000000,0.000000,1.000000
7480.000000,6.000000,1.000000,0.000000,0.000000,0.000000,0.000000,0.000000,0.000000,0.000000,0.000000,0.000000,0.000000,0.000000,-0.013230,0.000000,0.000000,0.000000,65535.000000,0.000000,0.000000,6.000000,1.000000,6.000000,1.000000,0.000000,0.000000,1.000000
7490.000000,6.000000,1.000000,0.000000,0.000000,0.000000,0.000000,0.000000,0.000000,0.000000,0.000000,0.000000,0.000000,0.000000,-0.012126,0.000000,0.000000,0.000000,65535.000000,0.000000,0.000000,6.000000,1.000000,6.000000,1.000000,0.000000,0.000000,1.000000
7500.000000,6.000000,1.000000,0.000000,0.000000,0.000000,0.000000,0.000000,0.000000,0.000000,0.000000,0.000000,0.000000,0.000000,-0.004660,0.000000,0.000000,0.000000,65535.000000,0.000000,0.000000,6.000000,1.000000,6.000000,1.000000,0.000000,0.000000,1.000000
7510.000000,6.000000,1.000000,0.000000,0.000000,0.000000,0.000000,0.000000,0.000000,0.000000,0.000000,0.000000,0.000000,0.000000,0.004963,0.000000,0.000000,0.000000,65535.000000,0.000000,0.000000,6.000000,1.000000,6.000000,1.000000,0.000000,0.000000,1.000000
7520.000000,6.000000,1.000000,0.000000,0.000000,0.000000,0.000000,0.000000,0.000000,0.000000,0.000000,0.000000,0.000000,0.000000,0.004914,0.000000,0.000000,0.000000,65535.000000,0.000000,0.000000,6.000000,1.000000,6.000000,1.000000,0.000000,0.000000,1.000000
7530.000000,6.000000,1.000000,0.000000,0.000000,0.000000,0.000000,0.000000,0.000000,0.000000,0.000000,0.000000,0.000000,0.000000,0.004865,0.000000,0.000000,0.000000,65535.000000,0.000000,0.000000,6.000000,1.000000,6.000000,1.000000,0.000000,0.000000,1.000000
7540.000000,6.000000,1.000000,0.000000,0.000000,0.000000,0.000000,0.000000,0.000000,0.000000,0.000000,0.000000,0.000000,0.000000,-0.001110,0.000000,0.000000,0.000000,65535.000000,0.000000,0.000000,6.000000,1.000000,6.000000,1.000000,0.000000,0.000000,1.000000
7550.000000,6.000000,1.000000,0.000000,0.000000,0.000000,0.000000,0.000000,0.000000,0.000000,0.000000,0.000000,0.000000,0.000000,-0.009688,0.000000,0.000000,0.000000,65535.000000,0.000000,0.000000,6.000000,1.000000,6.000000,1.000000,0.000000,0.000000,1.000000
7560.000000,6.000000,1.000000,0.000000,0.000000,0.000000,0.000000,0.000000,0.000000,0.000000,0.000000,0.000000,0.000000,0.000000,-0.009591,0.000000,0.000000,0.000000,65535.000000,0.000000,0.000000,6.000000,1.000000,6.000000,1.000000,0.000000,0.000000,1.000000
7570.000000,6.000000,1.000000,0.000000,0.000000,0.000000,0.000000,0.000000,0.000000,0.000000,0.000000,0.000000,0.000000,0.000000,-0.004820,0.000000,0.000000,0.000000,65535.000000,0.000000,0.000000,6.000000,1.000000,6.000000,1.000000,0.000000,0.000000,1.000000
7580.000000,6.000000,1.000000,0.000000,0.000000,0.000000,0.000000,0.000000,0.000000,0.000000,0.000000,0.000000,0.000000,0.000000,-0.004121,0.000000,0.000000,0.000000,65535.000000,0.000000,0.000000,6.000000,1.000000,6.000000,1.000000,0.000000,0.000000,1.000000
7590.000000,6.000000,1.000000,0.000000,0.000000,0.000000,0.000000,0.000000,0.000000,0.000000,0.000000,0.000000,0.000000,0.000000,-0.002003,0.000000,0.000000,0.000000,65535.000000,0.000000,0.000000,6.000000,1.000000,6.000000,1.000000,0.000000,0.000000,1.000000
7600.000000,6.000000,1.000000,0.000000,0.000000,0.000000,0.000000,0.000000,0.000000,0.000000,0.000000,0.000000,0.000000,0.000000,-0.001983,0.000000,0.000000,0.000000,65535.000000,0.000000,0.000000,6.000000,1.000000,6.000000,1.000000,0.000000,0.000000,1.000000
7610.000000,6.000000,1.000000,0.000000,0.000000,0.000000,0.000000,0.000000,0.000000,0.000000,0.000000,0.000000,0.000000,0.000000,-0.007073,0.000000,0.000000,0.000000,65535.000000,0.000000,0.000000,6.000000,1.000000,6.000000,1.000000,0.000000,0.000000,1.000000
7620.000000,6.000000,1.000000,0.000000,0.000000,0.000000,0.000000,0.000000,0.000000,0.000000,0.000000,0.000000,0.000000,0.000000,-0.011485,0.000000,0.000000,0.000000,65535.000000,0.000000,0.000000,6.000000,1.000000,6.000000,1.000000,0.000000,0.000000,1.000000
7630.000000,6.000000,1.000000,0.000000,0.000000,0.000000,0.000000,0.000000,0.000000,0.000000,0.000000,0.000000,0.000000,0.000000,-0.014185,0.000000,0.000000,0.000000,65535.000000,0.000000,0.000000,6.000000,1.000000,6.000000,1.000000,0.000000,0.000000,1.000000
7640.000000,6.000000,1.000000,0.000000,0.000000,0.000000,0.000000,0.000000,0.000000,0.000000,0.000000,0.000000,0.000000,0.000000,-0.015575,0.000000,0.000000,0.000000,65535.000000,0.000000,0.000000,6.000000,1.000000,6.000000,1.000000,0.000000,0.000000,1.000000
7650.000000,6.000000,1.000000,0.000000,0.000000,0.000000,0.000000,0.000000,0.000000,0.000000,0.000000,0.000000,0.000000,0.000000,-0.014821,0.000000,0.000000,0.000000,65535.000000,0.000000,0.000000,6.000000,1.000000,6.000000,1.000000,0.000000,0.000000,1.000000
7660.000000,6.000000,1.000000,0.000000,0.000000,0.000000,0.000000,0.000000,0.000000,0.000000,0.000000,0.000000,0.000000,0.000000,-0.014673,0.000000,0.000000,0.000000,65535.000000,0.000000,0.000000,6.000000,1.000000,6.000000,1.000000,0.000000,0.000000,1.000000
7670.000000,6.000000,1.000000,0.000000,0.000000,0.000000,0.000000,0.000000,0.000000,0.000000,0.000000,0.000000,0.000000,0.000000,-0.008445,0.000000,0.000000,0.000000,65535.000000,0.000000,0.000000,6.000000,1.000000,6.000000,1.000000,0.000000,0.000000,1.000000
7680.000000,6.000000,1.000000,0.000000,0.000000,0.000000,0.000000,0.000000,0.000000,0.000000,0.000000,0.000000,0.000000,0.000000,-0.008361,0.000000,0.000000,0.000000,65535.000000,0.000000,0.000000,6.000000,1.000000,6.000000,1.000000,0.000000,0.000000,1.000000
7690.000000,6.000000,1.000000,0.000000,0.000000,0.000000,0.000000,0.000000,0.000000,0.000000,0.000000,0.000000,0.000000,0.000000,-0.008277,0.000000,0.000000,0.000000,65535.000000,0.000000,0.000000,6.000000,1.000000,6.000000,1.000000,0.000000,0.000000,1.000000
7700.000000,6.000000,1.000000,0.000000,0.000000,0.000000,0.000000,0.000000,0.000000,0.000000,0.000000,0.000000,0.000000,0.000000,-0.008042,0.000000,0.000000,0.000000,65535.000000,0.000000,0.000000,6.000000,1.000000,6.000000,1.000000,0.000000,0.000000,1.000000
7710.000000,6.000000,1.000000,0.000000,0.000000,0.000000,0.000000,0.000000,0.000000,0.000000,0.000000,0.000000,0.000000,0.000000,-0.007811,0.000000,0.000000,0.000000,65535.000000,0.000000,0.000000,6.000000,1.000000,6.000000,1.000000,0.000000,0.000000,1.000000
7720.000000,6.000000,1.000000,0.000000,0.000000,0.000000,0.000000,0.000000,0.000000,0.000000,0.000000,0.000000,0.000000,0.000000,-0.007733,0.000000,0.000000,0.000000,65535.000000,0.000000,0.000000,6.000000,1.000000,6.000000,1.000000,0.000000,0.000000,1.000000
7730.000000,6.000000,1.000000,0.000000,0.000000,0.000000,0.000000,0.000000,0.000000,0.000000,0.000000,0.000000,0.000000,0.000000,-0.008393,0.000000,0.000000,0.000000,65535.000000,0.000000,0.000000,6.000000,1.000000,6.000000,1.000000,0.000000,0.000000,1.000000
7740.000000,6.000000,1.000000,0.000000,0.000000,0.000000,0.000000,0.000000,0.000000,0.000000,0.000000,0.000000,0.000000,0.000000,-0.020154,0.000000,0.000000,0.000000,65535.000000,0.000000,0.000000,6.000000,1.000000,6.000000,1.000000,0.000000,0.000000,1.000000
7750.000000,6.000000,1.000000,0.000000,0.000000,0.000000,0.000000,0.000000,0.000000,0.000000,0.000000,0.000000,0.000000,0.000000,0.003104,0.000000,0.000000,0.000000,65535.000000,0.000000,0.000000,6.000000,1.000000,6.000000,1.000000,0.000000,0.000000,1.000000
7760.000000,6.000000,1.000000,0.000000,0.000000,0.000000,0.000000,0.000000,0.000000,0.000000,0.000000,0.000000,0.000000,0.000000,0.004587,0.000000,0.000000,0.000000,65535.000000,0.000000,0.000000,6.000000,1.000000,6.000000,1.000000,0.000000,0.000000,1.000000
7770.000000,6.000000,1.000000,0.000000,0.000000,0.000000,0.000000,0.000000,0.000000,0.000000,0.000000,0.000000,0.000000,0.000000,0.004542,0.000000,0.000000,0.000000,65535.000000,0.000000,0.000000,6.000000,1.000000,6.000000,1.000000,0.000000,0.000000,1.000000
7780.000000,6.000000,1.000000,0.000000,0.000000,0.000000,0.000000,0.000000,0.000000,0.000000,0.000000,0.000000,0.000000,0.000000,-0.005969,0.000000,0.000000,0.000000,65535.000000,0.000000,0.000000,6.000000,1.000000,6.000000,1.000000,0.000000,0.000000,1.000000
7790.000000,6.000000,1.000000,0.000000,0.000000,0.000000,0.000000,0.000000,0.000000,0.000000,0.000000,0.000000,0.000000,0.000000,-0.007215,0.000000,0.000000,0.000000,65535.000000,0.000000,0.000000,6.000000,1.000000,6.000000,1.000000,0.000000,0.000000,1.000000
7800.000000,6.000000,1.000000,0.000000,0.000000,0.000000,0.000000,0.000000,0.000000,0.000000,0.000000,0.000000,0.000000,0.000000,-0.007377,0.000000,0.000000,0.000000,65535.000000,0.000000,0.000000,6.000000,1.000000,6.000000,1.000000,0.000000,0.000000,1.000000
7810.000000,6.000000,1.000000,0.000000,0.000000,0.000000,0.000000,0.000000,0.000000,0.000000,0.000000,0.000000,0.000000,0.000000,-0.008794,0.000000,0.000000,0.000000,65535.000000,0.000000,0.000000,6.000000,1.000000,6.000000,1.000000,0.000000,0.000000,1.000000
7820.000000,6.000000,1.000000,0.000000,0.000000,0.000000,0.000000,0.000000,0.000000,0.000000,0.000000,0.000000,0.000000,0.000000,-0.010879,0.000000,0.000000,0.000000,65535.000000,0.000000,0.000000,6.000000,1.000000,6.000000,1.000000,0.000000,0.000000,1.000000
7830.000000,6.000000,1.000000,0.000000,0.000000,0.000000,0.000000,0.000000,0.000000,0.000000,0.000000,0.000000,0.000000,0.000000,-0.005794,0.000000,0.000000,0.000000,65535.000000,0.000000,0.000000,6.000000,1.000000,6.000000,1.000000,0.000000,0.000000,1.000000
7840.000000,6.000000,1.000000,0.000000,0.000000,0.000000,0.000000,0.000000,0.000000,0.000000,0.000000,0.000000,0.000000,0.000000,-0.005736,0.000000,0.000000,0.000000,65535.000000,0.000000,0.000000,6.000000,1.000000,6.000000,1.000000,0.000000,0.000000,1.000000
7850.000000,6.000000,1.000000,0.000000,0.000000,0.000000,0.000000,0.000000,0.000000,0.000000,0.000000,0.000000,0.000000,0.000000,-0.005679,0.000000,0.000000,0.000000,65535.000000,0.000000,0.000000,6.000000,1.000000,6.000000,1.000000,0.000000,0.000000,1.000000
7860.000000,6.000000,1.000000,0.000000,0.000000,0.000000,0.000000,0.000000,0.000000,0.000000,0.000000,0.000000,0.000000,0.000000,-0.014068,0.000000,0.000000,0.000000,65535.000000,0.000000,0.000000,6.000000,1.000000,6.000000,1.000000,0.000000,0.000000,1.000000
7870.000000,6.000000,1.000000,0.000000,0.000000,0.000000,0.000000,0.000000,0.000000,0.000000,0.000000,0.000000,0.000000,0.000000,-0.004535,0.000000,0.000000,0.000000,65535.000000,0.000000,0.000000,6.000000,1.000000,6.000000,1.000000,0.000000,0.000000,1.000000
7880.000000,6.000000,1.000000,0.000000,0.000000,0.000000,0.000000,0.000000,0.000000,0.000000,0.000000,0.000000,0.000000,0.000000,0.003115,0.000000,0.000000,0.000000,65535.000000,0.000000,0.000000,6.000000,1.000000,6.000000,1.000000,0.000000,0.000000,1.000000
7890.000000,6.000000,1.000000,0.000000,0.000000,0.000000,0.000000,0.000000,0.000000,0.000000,0.000000,0.000000,0.000000,0.000000,0.003084,0.000000,0.000000,0.000000,65535.000000,0.000000,0.000000,6.000000,1.000000,6.000000,1.000000,0.000000,0.000000,1.000000
7900.000000,6.000000,1.000000,0.000000,0.000000,0.000000,0.000000,0.000000,0.000000,0.000000,0.000000,0.000000,0.000000,0.000000,0.003010,0.000000,0.000000,0.000000,65535.000000,0.000000,0.000000,6.000000,1.000000,6.000000,1.000000,0.000000,0.000000,1.000000
7910.000000,6.000000,1.000000,0.000000,0.000000,0.000000,0.000000,0.000000,0.000000,0.000000,0.000000,0.000000,0.000000,0.000000,-0.004200,0.000000,0.000000,0.000000,65535.000000,0.000000,0.000000,6.000000,1.000000,6.000000,1.000000,0.000000,0.000000,1.000000
7920.000000,6.000000,1.000000,0.000000,0.000000,0.000000,0.000000,0.000000,0.000000,0.000000,0.000000,0.000000,0.000000,0.000000,-0.004158,0.000000,0.000000,0.000000,65535.000000,0.000000,0.000000,6.000000,1.000000,6.000000,1.000000,0.000000,0.000000,1.000000
7930.000000,6.000000,1.000000,0.000000,0.000000,0.000000,0.000000,0.000000,0.000000,0.000000,0.000000,0.000000,0.000000,0.000000,-0.004676,0.000000,0.000000,0.000000,65535.000000,0.000000,0.000000,6.000000,1.000000,6.000000,1.000000,0.000000,0.000000,1.000000
7940.000000,6.000000,1.000000,0.000000,0.000000,0.000000,0.000000,0.000000,0.000000,0.000000,0.000000,0.000000,0.000000,0.000000,-0.009756,0.000000,0.000000,0.000000,65535.000000,0.000000,0.000000,6.000000,1.000000,6.000000,1.000000,0.000000,0.000000,1.000000
7950.000000,6.000000,1.000000,0.000000,0.000000,0.000000,0.000000,0.000000,0.000000,0.000000,0.000000,0.000000,0.000000,0.000000,-0.008885,0.000000,0.000000,0.000000,65535.000000,0.000000,0.000000,6.000000,1.000000,6.000000,1.000000,0.000000,0.000000,1.000000
7960.000000,6.000000,1.000000,0.000000,0.000000,0.000000,0.000000,0.000000,0.000000,0.000000,0.000000,0.000000,0.000000,0.000000,-0.008796,0.000000,0.000000,0.000000,65535.000000,0.000000,0.000000,6.000000,1.000000,6.000000,1.000000,0.000000,0.000000,1.000000
7970.000000,6.000000,1.000000,0.000000,0.000000,0.000000,0.000000,0.000000,0.000000,0.000000,0.000000,0.000000,0.000000,0.000000,-0.003623,0.000000,0.000000,0.000000,65535.000000,0.000000,0.000000,6.000000,1.000000,6.000000,1.000000,0.000000,0.000000,1.000000
7980.000000,6.000000,1.000000,0.000000,0.000000,0.000000,0.000000,0.000000,0.000000,0.000000,0.000000,0.000000,0.000000,0.000000,-0.002423,0.000000,0.000000,0.000000,65535.000000,0.000000,0.000000,6.000000,1.000000,6.000000,1.000000,0.000000,0.000000,1.000000
7990.000000,6.000000,1.000000,0.000000,0.000000,0.000000,0.000000,0.000000,0.000000,0.000000,0.000000,0.000000,0.000000,0.000000,-0.002399,0.000000,0.000000,0.000000,65535.000000,0.000000,0.000000,6.000000,1.000000,6.000000,1.000000,0.000000,0.000000,1.000000
8000.000000,6.000000,1.000000,0.000000,0.000000,0.000000,0.000000,0.000000,0.000000,0.000000,0.000000,0.000000,0.000000,0.000000,-0.003022,0.000000,0.000000,0.000000,65535.000000,0.000000,0.000000,6.000000,1.000000,6.000000,1.000000,0.000000,0.000000,1.000000
8010.000000,6.000000,1.000000,0.000000,0.000000,0.000000,0.000000,0.000000,0.000000,0.000000,0.000000,0.000000,0.000000,0.000000,-0.002992,0.000000,0.000000,0.000000,65535.000000,0.000000,0.000000,6.000000,1.000000,6.000000,1.000000,0.000000,0.000000,1.000000
8020.000000,6.000000,1.000000,0.000000,0.000000,0.000000,0.000000,0.000000,0.000000,0.000000,0.000000,0.000000,0.000000,0.000000,-0.011131,0.000000,0.000000,0.000000,65535.000000,0.000000,0.000000,6.000000,1.000000,6.000000,1.000000,0.000000,0.000000,1.000000
8030.000000,6.000000,1.000000,0.000000,0.000000,0.000000,0.000000,0.000000,0.000000,0.000000,0.000000,0.000000,0.000000,0.000000,-0.012554,0.000000,0.000000,0.000000,65535.000000,0.000000,0.000000,6.000000,1.000000,6.000000,1.000000,0.000000,0.000000,1.000000
8040.000000,6.000000,1.000000,0.000000,0.000000,0.000000,0.000000,0.000000,0.000000,0.000000,0.000000,0.000000,0.000000,0.000000,-0.012439,0.000000,0.000000,0.000000,65535.000000,0.000000,0.000000,6.000000,1.000000,6.000000,1.000000,0.000000,0.000000,1.000000
8050.000000,6.000000,1.000000,0.000000,0.000000,0.000000,0.000000,0.000000,0.000000,0.000000,0.000000,0.000000,0.000000,0.000000,-0.014599,0.000000,0.000000,0.000000,65535.000000,0.000000,0.000000,6.000000,1.000000,6.000000,1.000000,0.000000,0.000000,1.000000
8060.000000,6.000000,1.000000,0.000000,0.000000,0.000000,0.000000,0.000000,0.000000,0.000000,0.000000,0.000000,0.000000,0.000000,-0.010060,0.000000,0.000000,0.000000,65535.000000,0.000000,0.000000,6.000000,1.000000,6.000000,1.000000,0.000000,0.000000,1.000000
8070.000000,6.000000,1.000000,0.000000,0.000000,0.000000,0.000000,0.000000,0.000000,0.000000,0.000000,0.000000,0.000000,0.000000,-0.001167,0.000000,0.000000,0.000000,65535.000000,0.000000,0.000000,6.000000,1.000000,6.000000,1.000000,0.000000,0.000000,1.000000
8080.000000,6.000000,1.000000,0.000000,0.000000,0.000000,0.000000,0.000000,0.000000,0.000000,0.000000,0.000000,0.000000,0.000000,-0.001155,0.000000,0.000000,0.000000,65535.000000,0.000000,0.000000,6.000000,1.000000,6.000000,1.000000,0.000000,0.000000,1.000000
8090.000000,6.000000,1.000000,0.000000,0.000000,0.000000,0.000000,0.000000,0.000000,0.000000,0.000000,0.000000,0.000000,0.000000,-0.001911,0.000000,0.000000,0.000000,65535.000000,0.000000,0.000000,6.000000,1.000000,6.000000,1.000000,0.000000,0.000000,1.000000
8100.000000,6.000000,1.000000,0.000000,0.000000,0.000000,0.000000,0.000000,0.000000,0.000000,0.000000,0.000000,0.000000,0.000000,-0.001892,0.000000,0.000000,0.000000,65535.000000,0.000000,0.000000,6.000000,1.000000,6.000000,1.000000,0.000000,0.000000,1.000000
8110.000000,6.000000,1.000000,0.000000,0.000000,0.000000,0.000000,0.000000,0.000000,0.000000,0.000000,0.000000,0.000000,0.000000,-0.005913,0.000000,0.000000,0.000000,65535.000000,0.000000,0.000000,6.000000,1.000000,6.000000,1.000000,0.000000,0.000000,1.000000
8120.000000,6.000000,1.000000,0.000000,0.000000,0.000000,0.000000,0.000000,0.000000,0.000000,0.000000,0.000000,0.000000,0.000000,-0.001257,0.000000,0.000000,0.000000,65535.000000,0.000000,0.000000,6.000000,1.000000,6.000000,1.000000,0.000000,0.000000,1.000000
8130.000000,6.000000,1.000000,0.000000,0.000000,0.000000,0.000000,0.000000,0.000000,0.000000,0.000000,0.000000,0.000000,0.000000,-0.001244,0.000000,0.000000,0.000000,65535.000000,0.000000,0.000000,6.000000,1.000000,6.000000,1.000000,0.000000,0.000000,1.000000
8140.000000,6.000000,1.000000,0.000000,0.000000,0.000000,0.000000,0.000000,0.000000,0.000000,0.000000,0.000000,0.000000,0.000000,-0.001232,0.000000,0.000000,0.000000,65535.000000,0.000000,0.000000,6.000000,1.000000,6.000000,1.000000,0.000000,0.000000,1.000000
8150.000000,6.000000,1.000000,0.000000,0.000000,0.000000,0.000000,0.000000,0.000000,0.000000,0.000000,0.000000,0.000000,0.000000,-0.010758,0.000000,0.000000,0.000000,65535.000000,0.000000,0.000000,6.000000,1.000000,6.000000,1.000000,0.000000,0.000000,1.000000
8160.000000,6.000000,1.000000,0.000000,0.000000,0.000000,0.000000,0.000000,0.000000,0.000000,0.000000,0.000000,0.000000,0.000000,0.000211,0.000000,0.000000,0.000000,65535.000000,0.000000,0.000000,6.000000,1.000000,6.000000,1.000000,0.000000,0.000000,1.000000
8170.000000,6.000000,1.000000,0.000000,0.000000,0.000000,0.000000,0.000000,0.000000,0.000000,0.000000,0.000000,0.000000,0.000000,0.000439,0.000000,0.000000,0.000000,65535.000000,0.000000,0.000000,6.000000,1.000000,6.000000,1.000000,0.000000,0.000000,1.000000
8180.000000,6.000000,1.000000,0.000000,0.000000,0.000000,0.000000,0.000000,0.000000,0.000000,0.000000,0.000000,0.000000,0.000000,0.000435,0.000000,0.000000,0.000000,65535.000000,0.000000,0.000000,6.000000,1.000000,6.000000,1.000000,0.000000,0.000000,1.000000
8190.000000,6.000000,1.000000,0.000000,0.000000,0.000000,0.000000,0.000000,0.000000,0.000000,0.000000,0.000000,0.000000,0.000000,-0.001635,0.000000,0.000000,0.000000,65535.000000,0.000000,0.000000,6.000000,1.000000,6.000000,1.000000,0.000000,0.000000,1.000000
8200.000000,6.000000,1.000000,0.000000,0.000000,0.000000,0.000000,0.000000,0.000000,0.000000,0.000000,0.000000,0.000000,0.000000,-0.001619,0.000000,0.000000,0.000000,65535.000000,0.000000,0.000000,6.000000,1.000000,6.000000,1.000000,0.000000,0.000000,1.000000
8210.000000,6.000000,1.000000,0.000000,0.000000,0.000000,0.000000,0.000000,0.000000,0.000000,0.000000,0.000000,0.000000,0.000000,-0.003650,0.000000,0.000000,0.000000,65535.000000,0.000000,0.000000,6.000000,1.000000,6.000000,1.000000,0.000000,0.000000,1.000000
8220.000000,6.000000,1.000000,0.000000,0.000000,0.000000,0.000000,0.000000,0.000000,0.000000,0.000000,0.000000,0.000000,0.000000,-0.003614,0.000000,0.000000,0.000000,65535.000000,0.000000,0.000000,6.000000,1.000000,6.000000,1.000000,0.000000,0.000000,1.000000
8230.000000,6.000000,1.000000,0.000000,0.000000,0.000000,0.000000,0.000000,0.000000,0.000000,0.000000,0.000000,0.000000,0.000000,-0.002501,0.000000,0.000000,0.000000,65535.000000,0.000000,0.000000,6.000000,1.000000,6.000000,1.000000,0.000000,0.000000,1.000000
8240.000000,6.000000,1.000000,0.000000,0.000000,0.000000,0.000000,0.000000,0.000000,0.000000,0.000000,0.000000,0.000000,0.000000,0.004158,0.000000,0.000000,0.000000,65535.000000,0.000000,0.000000,6.000000,1.000000,6.000000,1.000000,0.000000,0.000000,1.000000
8250.000000,6.000000,1.000000,0.000000,0.000000,0.000000,0.000000,0.000000,0.000000,0.000000,0.000000,0.000000,0.000000,0.000000,0.004116,0.000000,0.000000,0.000000,65535.000000,0.000000,0.000000,6.000000,1.000000,6.000000,1.000000,0.000000,0.000000,1.000000
8260.000000,6.000000,1.000000,0.000000,0.000000,0.000000,0.000000,0.000000,0.000000,0.000000,0.000000,0.000000,0.000000,0.000000,0.004075,0.000000,0.000000,0.000000,65535.000000,0.000000,0.000000,6.000000,1.000000,6.000000,1.000000,0.000000,0.000000,1.000000
8270.000000,6.000000,1.000000,0.000000,0.000000,0.000000,0.000000,0.000000,0.000000,0.000000,0.000000,0.000000,0.000000,0.000000,-0.004880,0.000000,0.000000,0.000000,65535.000000,0.000000,0.000000,6.000000,1.000000,6.000000,1.000000,0.000000,0.000000,1.000000
8280.000000,6.000000,1.000000,0.000000,0.000000,0.000000,0.000000,0.000000,0.000000,0.000000,0.000000,0.000000,0.000000,0.000000,-0.006756,0.000000,0.000000,0.000000,65535.000000,0.000000,0.000000,6.000000,1.000000,6.000000,1.000000,0.000000,0.000000,1.000000
8290.000000,6.000000,1.000000,0.000000,0.000000,0.000000,0.000000,0.000000,0.000000,0.000000,0.000000,0.000000,0.000000,0.000000,-0.006689,0.000000,0.000000,0.000000,65535.000000,0.000000,0.000000,6.000000,1.000000,6.000000,1.000000,0.000000,0.000000,1.000000
8300.000000,6.000000,1.000000,0.000000,0.000000,0.000000,0.000000,0.000000,0.000000,0.000000,0.000000,0.000000,0.000000,0.000000,-0.000929,0.000000,0.000000,0.000000,65535.000000,0.000000,0.000000,6.000000,1.000000,6.000000,1.000000,0.000000,0.000000,1.000000
8310.000000,6.000000,1.000000,0.000000,0.000000,0.000000,0.000000,0.000000,0.000000,0.000000,0.000000,0.000000,0.000000,0.000000,-0.000920,0.000000,0.000000,0.000000,65535.000000,0.000000,0.000000,6.000000,1.000000,6.000000,1.000000,0.000000,0.000000,1.000000
8320.000000,6.000000,1.000000,0.000000,0.000000,0.000000,0.000000,0.000000,0.000000,0.000000,0.000000,0.000000,0.000000,0.000000,-0.000910,0.000000,0.000000,0.000000,65535.000000,0.000000,0.000000,6.000000,1.000000,6.000000,1.000000,0.000000,0.000000,1.000000
8330.000000,6.000000,1.000000,0.000000,0.000000,0.000000,0.000000,0.000000,0.000000,0.000000,0.000000,0.000000,0.000000,0.000000,-0.001044,0.000000,0.000000,0.000000,65535.000000,0.000000,0.000000,6.000000,1.000000,6.000000,1.000000,0.000000,0.000000,1.000000
8340.000000,6.000000,1.000000,0.000000,0.000000,0.000000,0.000000,0.000000,0.000000,0.000000,0.000000,0.000000,0.000000,0.000000,-0.001102,0.000000,0.000000,0.000000,65535.000000,0.000000,0.000000,6.000000,1.000000,6.000000,1.000000,0.000000,0.000000,1.000000
8350.000000,6.000000,1.000000,0.000000,0.000000,0.000000,0.000000,0.000000,0.000000,0.000000,0.000000,0.000000,0.000000,0.000000,-0.000245,0.000000,0.000000,0.000000,65535.000000,0.000000,0.000000,6.000000,1.000000,6.000000,1.000000,0.000000,0.000000,1.000000
8360.000000,6.000000,1.000000,0.000000,0.000000,0.000000,0.000000,0.000000,0.000000,0.000000,0.000000,0.000000,0.000000,0.000000,-0.000242,0.000000,0.000000,0.000000,65535.000000,0.000000,0.000000,6.000000,1.000000,6.000000,1.000000,0.000000,0.000000,1.000000
8370.000000,6.000000,1.000000,0.000000,0.000000,0.000000,0.000000,0.000000,0.000000,0.000000,0.000000,0.000000,0.000000,0.000000,-0.011606,0.000000,0.000000,0.000000,65535.000000,0.000000,0.000000,6.000000,1.000000,6.000000,1.000000,0.000000,0.000000,1.000000
8380.000000,6.000000,1.000000,0.000000,0.000000,0.000000,0.000000,0.000000,0.000000,0.000000,0.000000,0.000000,0.000000,0.000000,0.001568,0.000000,0.000000,0.000000,65535.000000,0.000000,0.000000,6.000000,1.000000,6.000000,1.000000,0.000000,0.000000,1.000000
8390.000000,6.000000,1.000000,0.000000,0.000000,0.000000,0.000000,0.000000,0.000000,0.000000,0.000000,0.000000,0.000000,0.000000,0.001552,0.000000,0.000000,0.000000,65535.000000,0.000000,0.000000,6.000000,1.000000,6.000000,1.000000,0.000000,0.000000,1.000000
8400.000000,6.000000,1.000000,0.000000,0.000000,0.000000,0.000000,0.000000,0.000000,0.000000,0.000000,0.000000,0.000000,0.000000,0.000965,0.000000,0.000000,0.000000,65535.000000,0.000000,0.000000,6.000000,1.000000,6.000000,1.000000,0.000000,0.000000,1.000000
8410.000000,6.000000,1.000000,0.000000,0.000000,0.000000,0.000000,0.000000,0.000000,0.000000,0.000000,0.000000,0.000000,0.000000,-0.006591,0.000000,0.000000,0.000000,65535.000000,0.000000,0.000000,6.000000,1.000000,6.000000,1.000000,0.000000,0.000000,1.000000
8420.000000,6.000000,1.000000,0.000000,0.000000,0.000000,0.000000,0.000000,0.000000,0.000000,0.000000,0.000000,0.000000,0.000000,-0.006212,0.000000,0.000000,0.000000,65535.000000,0.000000,0.000000,6.000000,1.000000,6.000000,1.000000,0.000000,0.000000,1.000000
8430.000000,6.000000,1.000000,0.000000,0.000000,0.000000,0.000000,0.000000,0.000000,0.000000,0.000000,0.000000,0.000000,0.000000,-0.003735,0.000000,0.000000,0.000000,65535.000000,0.000000,0.000000,6.000000,1.000000,6.000000,1.000000,0.000000,0.000000,1.000000
8440.000000,6.000000,1.000000,0.000000,0.000000,0.000000,0.000000,0.000000,0.000000,0.000000,0.000000,0.000000,0.000000,0.000000,0.007195,0.000000,0.000000,0.000000,65535.000000,0.000000,0.000000,6.000000,1.000000,6.000000,1.000000,0.000000,0.000000,1.000000
8450.000000,6.000000,1.000000,0.000000,0.000000,0.000000,0.000000,0.000000,0.000000,0.000000,0.000000,0.000000,0.000000,0.000000,0.007124,0.000000,0.000000,0.000000,65535.000000,0.000000,0.000000,6.000000,1.000000,6.000000,1.000000,0.000000,0.000000,1.000000
8460.000000,6.000000,1.000000,0.000000,0.000000,0.000000,0.000000,0.000000,0.000000,0.000000,0.000000,0.000000,0.000000,0.000000,0.007053,0.000000,0.000000,0.000000,65535.000000,0.000000,0.000000,6.000000,1.000000,6.000000,1.000000,0.000000,0.000000,1.000000
8470.000000,6.000000,1.000000,0.000000,0.000000,0.000000,0.000000,0.000000,0.000000,0.000000,0.000000,0.000000,0.000000,0.000000,-0.001020,0.000000,0.000000,0.000000,65535.000000,0.000000,0.000000,6.000000,1.000000,6.000000,1.000000,0.000000,0.000000,1.000000
8480.000000,6.000000,1.000000,0.000000,0.000000,0.000000,0.000000,0.000000,0.000000,0.000000,0.000000,0.000000,0.000000,0.000000,0.000506,0.000000,0.000000,0.000000,65535.000000,0.000000,0.000000,6.000000,1.000000,6.000000,1.000000,0.000000,0.000000,1.000000
8490.000000,6.000000,1.000000,0.000000,0.000000,0.000000,0.000000,0.000000,0.000000,0.000000,0.000000,0.000000,0.000000,0.000000,0.000501,0.000000,0.000000,0.000000,65535.000000,0.000000,0.000000,6.000000,1.000000,6.000000,1.000000,0.000000,0.000000,1.000000
8500.000000,6.000000,1.000000,0.000000,0.000000,0.000000,0.000000,0.000000,0.000000,0.000000,0.000000,0.000000,0.000000,0.000000,-0.004631,0.000000,0.000000,0.000000,65535.000000,0.000000,0.000000,6.000000,1.000000,6.000000,1.000000,0.000000,0.000000,1.000000
8510.000000,6.000000,1.000000,0.000000,0.000000,0.000000,0.000000,0.000000,0.000000,0.000000,0.000000,0.000000,0.000000,0.000000,-0.001383,0.000000,0.000000,0.000000,65535.000000,0.000000,0.000000,6.000000,1.000000,6.000000,1.000000,0.000000,0.000000,1.000000
8520.000000,6.000000,1.000000,0.000000,0.000000,0.000000,0.000000,0.000000,0.000000,0.000000,0.000000,0.000000,0.000000,0.000000,-0.001369,0.000000,0.000000,0.000000,65535.000000,0.000000,0.000000,6.000000,1.000000,6.000000,1.000000,0.000000,0.000000,1.000000
8530.000000,6.000000,1.000000,0.000000,0.000000,0.000000,0.000000,0.000000,0.000000,0.000000,0.000000,0.000000,0.000000,0.000000,-0.001356,0.000000,0.000000,0.000000,65535.000000,0.000000,0.000000,6.000000,1.000000,6.000000,1.000000,0.000000,0.000000,1.000000
8540.000000,6.000000,1.000000,0.000000,0.000000,0.000000,0.000000,0.000000,0.000000,0.000000,0.000000,0.000000,0.000000,0.000000,-0.011613,0.000000,0.000000,0.000000,65535.000000,0.000000,0.000000,6.000000,1.000000,6.000000,1.000000,0.000000,0.000000,1.000000
8550.000000,6.000000,1.000000,0.000000,0.000000,0.000000,0.000000,0.000000,0.000000,0.000000,0.000000,0.000000,0.000000,0.000000,-0.006582,0.000000,0.000000,0.000000,65535.000000,0.000000,0.000000,6.000000,1.000000,6.000000,1.000000,0.000000,0.000000,1.000000
8560.000000,6.000000,1.000000,0.000000,0.000000,0.000000,0.000000,0.000000,0.000000,0.000000,0.000000,0.000000,0.000000,0.000000,-0.006305,0.000000,0.000000,0.000000,65535.000000,0.000000,0.000000,6.000000,1.000000,6.000000,1.000000,0.000000,0.000000,1.000000
8570.000000,6.000000,1.000000,0.000000,0.000000,0.000000,0.000000,0.000000,0.000000,0.000000,0.000000,0.000000,0.000000,0.000000,-0.006242,0.000000,0.000000,0.000000,65535.000000,0.000000,0.000000,6.000000,1.000000,6.000000,1.000000,0.000000,0.000000,1.000000
8580.000000,6.000000,1.000000,0.000000,0.000000,0.000000,0.000000,0.000000,0.000000,0.000000,0.000000,0.000000,0.000000,0.000000,-0.000355,0.000000,0.000000,0.000000,65535.000000,0.000000,0.000000,6.000000,1.000000,6.000000,1.000000,0.000000,0.000000,1.000000
8590.000000,6.000000,1.000000,0.000000,0.000000,0.000000,0.000000,0.000000,0.000000,0.000000,0.000000,0.000000,0.000000,0.000000,0.000174,0.000000,0.000000,0.000000,65535.000000,0.000000,0.000000,6.000000,1.000000,6.000000,1.000000,0.000000,0.000000,1.000000
8600.000000,6.000000,1.000000,0.000000,0.000000,0.000000,0.000000,0.000000,0.000000,0.000000,0.000000,0.000000,0.000000,0.000000,0.000172,0.000000,0.000000,0.000000,65535.000000,0.000000,0.000000,6.000000,1.000000,6.000000,1.000000,0.000000,0.000000,1.000000
8610.000000,6.000000,1.000000,0.000000,0.000000,0.000000,0.000000,0.000000,0.000000,0.000000,0.000000,0.000000,0.000000,0.000000,-0.000408,0.000000,0.000000,0.000000,65535.000000,0.000000,0.000000,6.000000,1.000000,6.000000,1.000000,0.000000,0.000000,1.000000
8620.000000,6.000000,1.000000,0.000000,0.000000,0.000000,0.000000,0.000000,0.000000,0.000000,0.000000,0.000000,0.000000,0.000000,-0.000404,0.000000,0.000000,0.000000,65535.000000,0.000000,0.000000,6.000000,1.000000,6.000000,1.000000,0.000000,0.000000,1.000000
8630.000000,6.000000,1.000000,0.000000,0.000000,0.000000,0.000000,0.000000,0.000000,0.000000,0.000000,0.000000,0.000000,0.000000,-0.004769,0.000000,0.000000,0.000000,65535.000000,0.000000,0.000000,6.000000,1.000000,6.000000,1.000000,0.000000,0.000000,1.000000
8640.000000,6.000000,1.000000,0.000000,0.000000,0.000000,0.000000,0.000000,0.000000,0.000000,0.000000,0.000000,0.000000,0.000000,-0.004722,0.000000,0.000000,0.000000,65535.000000,0.000000,0.000000,6.000000,1.000000,6.000000,1.000000,0.000000,0.000000,1.000000
8650.000000,6.000000,1.000000,0.000000,0.000000,0.000000,0.000000,0.000000,0.000000,0.000000,0.000000,0.000000,0.000000,0.000000,-0.004675,0.000000,0.000000,0.000000,65535.000000,0.000000,0.000000,6.000000,1.000000,6.000000,1.000000,0.000000,0.000000,1.000000
8660.000000,6.000000,1.000000,0.000000,0.000000,0.000000,0.000000,0.000000,0.000000,0.000000,0.000000,0.000000,0.000000,0.000000,-0.011058,0.000000,0.000000,0.000000,65535.000000,0.000000,0.000000,6.000000,1.000000,6.000000,1.000000,0.000000,0.000000,1.000000
8670.000000,6.000000,1.000000,0.000000,0.000000,0.000000,0.000000,0.000000,0.000000,0.000000,0.000000,0.000000,0.000000,0.000000,0.001225,0.000000,0.000000,0.000000,65535.000000,0.000000,0.000000,6.000000,1.000000,6.000000,1.000000,0.000000,0.000000,1.000000
8680.000000,6.000000,1.000000,0.000000,0.000000,0.000000,0.000000,0.000000,0.000000,0.000000,0.000000,0.000000,0.000000,0.000000,0.001213,0.000000,0.000000,0.000000,65535.000000,0.000000,0.000000,6.000000,1.000000,6.000000,1.000000,0.000000,0.000000,1.000000
8690.000000,6.000000,1.000000,0.000000,0.000000,0.000000,0.000000,0.000000,0.000000,0.000000,0.000000,0.000000,0.000000,0.000000,0.001201,0.000000,0.000000,0.000000,65535.000000,0.000000,0.000000,6.000000,1.000000,6.000000,1.000000,0.000000,0.000000,1.000000
8700.000000,6.000000,1.000000,0.000000,0.000000,0.000000,0.000000,0.000000,0.000000,0.000000,0.000000,0.000000,0.000000,0.000000,-0.013136,0.000000,0.000000,0.000000,65535.000000,0.000000,0.000000,6.000000,1.000000,6.000000,1.000000,0.000000,0.000000,1.000000
8710.000000,6.000000,1.000000,0.000000,0.000000,0.000000,0.000000,0.000000,0.000000,0.000000,0.000000,0.000000,0.000000,0.000000,0.002855,0.000000,0.000000,0.000000,65535.000000,0.000000,0.000000,6.000000,1.000000,6.000000,1.000000,0.000000,0.000000,1.000000
8720.000000,6.000000,1.000000,0.000000,0.000000,0.000000,0.000000,0.000000,0.000000,0.000000,0.000000,0.000000,0.000000,0.000000,0.004596,0.000000,0.000000,0.000000,65535.000000,0.000000,0.000000,6.000000,1.000000,6.000000,1.000000,0.000000,0.000000,1.000000
8730.000000,6.000000,1.000000,0.000000,0.000000,0.000000,0.000000,0.000000,0.000000,0.000000,0.000000,0.000000,0.000000,0.000000,0.004550,0.000000,0.000000,0.000000,65535.000000,0.000000,0.000000,6.000000,1.000000,6.000000,1.000000,0.000000,0.000000,1.000000
8740.000000,6.000000,1.000000,0.000000,0.000000,0.000000,0.000000,0.000000,0.000000,0.000000,0.000000,0.000000,0.000000,0.000000,0.003064,0.000000,0.000000,0.000000,65535.000000,0.000000,0.000000,6.000000,1.000000,6.000000,1.000000,0.000000,0.000000,1.000000
8750.000000,6.000000,1.000000,0.000000,0.000000,0.000000,0.000000,0.000000,0.000000,0.000000,0.000000,0.000000,0.000000,0.000000,-0.004123,0.000000,0.000000,0.000000,65535.000000,0.000000,0.000000,6.000000,1.000000,6.000000,1.000000,0.000000,0.000000,1.000000
8760.000000,6.000000,1.000000,0.000000,0.000000,0.000000,0.000000,0.000000,0.000000,0.000000,0.000000,0.000000,0.000000,0.000000,-0.010788,0.000000,0.000000,0.000000,65535.000000,0.000000,0.000000,6.000000,1.000000,6.000000,1.000000,0.000000,0.000000,1.000000
8770.000000,6.000000,1.000000,0.000000,0.000000,0.000000,0.000000,0.000000,0.000000,0.000000,0.000000,0.000000,0.000000,0.000000,-0.012897,0.000000,0.000000,0.000000,65535.000000,0.000000,0.000000,6.000000,1.000000,6.000000,1.000000,0.000000,0.000000,1.000000
8780.000000,6.000000,1.000000,0.000000,0.000000,0.000000,0.000000,0.000000,0.000000,0.000000,0.000000,0.000000,0.000000,0.000000,-0.011679,0.000000,0.000000,0.000000,65535.000000,0.000000,0.000000,6.000000,1.000000,6.000000,1.000000,0.000000,0.000000,1.000000
8790.000000,6.000000,1.000000,0.000000,0.000000,0.000000,0.000000,0.000000,0.000000,0.000000,0.000000,0.000000,0.000000,0.000000,-0.010226,0.000000,0.000000,0.000000,65535.000000,0.000000,0.000000,6.000000,1.000000,6.000000,1.000000,0.000000,0.000000,1.000000
8800.000000,6.000000,1.000000,0.000000,0.000000,0.000000,0.000000,0.000000,0.000000,0.000000,0.000000,0.000000,0.000000,0.000000,-0.010124,0.000000,0.000000,0.000000,65535.000000,0.000000,0.000000,6.000000,1.000000,6.000000,1.000000,0.000000,0.000000,1.000000
8810.000000,6.000000,1.000000,0.000000,0.000000,0.000000,0.000000,0.000000,0.000000,0.000000,0.000000,0.000000,0.000000,0.000000,-0.010023,0.000000,0.000000,0.000000,65535.000000,0.000000,0.000000,6.000000,1.000000,6.000000,1.000000,0.000000,0.000000,1.000000
8820.000000,6.000000,1.000000,0.000000,0.000000,0.000000,0.000000,0.000000,0.000000,0.000000,0.000000,0.000000,0.000000,0.000000,-0.005691,0.000000,0.000000,0.000000,65535.000000,0.000000,0.000000,6.000000,1.000000,6.000000,1.000000,0.000000,0.000000,1.000000
8830.000000,6.000000,1.000000,0.000000,0.000000,0.000000,0.000000,0.000000,0.000000,0.000000,0.000000,0.000000,0.000000,0.000000,-0.003170,0.000000,0.000000,0.000000,65535.000000,0.000000,0.000000,6.000000,1.000000,6.000000,1.000000,0.000000,0.000000,1.000000
8840.000000,6.000000,1.000000,0.000000,0.000000,0.000000,0.000000,0.000000,0.000000,0.000000,0.000000,0.000000,0.000000,0.000000,-0.003139,0.000000,0.000000,0.000000,65535.000000,0.000000,0.000000,6.000000,1.000000,6.000000,1.000000,0.000000,0.000000,1.000000
8850.000000,6.000000,1.000000,0.000000,0.000000,0.000000,0.000000,0.000000,0.000000,0.000000,0.000000,0.000000,0.000000,0.000000,-0.005867,0.000000,0.000000,0.000000,65535.000000,0.000000,0.000000,6.000000,1.000000,6.000000,1.000000,0.000000,0.000000,1.000000
8860.000000,6.000000,1.000000,0.000000,0.000000,0.000000,0.000000,0.000000,0.000000,0.000000,0.000000,0.000000,0.000000,0.000000,-0.005596,0.000000,0.000000,0.000000,65535.000000,0.000000,0.000000,6.000000,1.000000,6.000000,1.000000,0.000000,0.000000,1.000000
8870.000000,6.000000,1.000000,0.000000,0.000000,0.000000,0.000000,0.000000,0.000000,0.000000,0.000000,0.000000,0.000000,0.000000,-0.003678,0.000000,0.000000,0.000000,65535.000000,0.000000,0.000000,6.000000,1.000000,6.000000,1.000000,0.000000,0.000000,1.000000
8880.000000,6.000000,1.000000,0.000000,0.000000,0.000000,0.000000,0.000000,0.000000,0.000000,0.000000,0.000000,0.000000,0.000000,-0.003642,0.000000,0.000000,0.000000,65535.000000,0.000000,0.000000,6.000000,1.000000,6.000000,1.000000,0.000000,0.000000,1.000000
8890.000000,6.000000,1.000000,0.000000,0.000000,0.000000,0.000000,0.000000,0.000000,0.000000,0.000000,0.000000,0.000000,0.000000,-0.003606,0.000000,0.000000,0.000000,65535.000000,0.000000,0.000000,6.000000,1.000000,6.000000,1.000000,0.000000,0.000000,1.000000
8900.000000,6.000000,1.000000,0.000000,0.000000,0.000000,0.000000,0.000000,0.000000,0.000000,0.000000,0.000000,0.000000,0.000000,-0.007078,0.000000,0.000000,0.000000,65535.000000,0.000000,0.000000,6.000000,1.000000,6.000000,1.000000,0.000000,0.000000,1.000000
8910.000000,6.000000,1.000000,0.000000,0.000000,0.000000,0.000000,0.000000,0.000000,0.000000,0.000000,0.000000,0.000000,0.000000,-0.007008,0.000000,0.000000,0.000000,65535.000000,0.000000,0.000000,6.000000,1.000000,6.000000,1.000000,0.000000,0.000000,1.000000
8920.000000,6.000000,1.000000,0.000000,0.000000,0.000000,0.000000,0.000000,0.000000,0.000000,0.000000,0.000000,0.000000,0.000000,-0.006938,0.000000,0.000000,0.000000,65535.000000,0.000000,0.000000,6.000000,1.000000,6.000000,1.000000,0.000000,0.000000,1.000000
8930.000000,6.000000,1.000000,0.000000,0.000000,0.000000,0.000000,0.000000,0.000000,0.000000,0.000000,0.000000,0.000000,0.000000,0.002551,0.000000,0.000000,0.000000,65535.000000,0.000000,0.000000,6.000000,1.000000,6.000000,1.000000,0.000000,0.000000,1.000000
8940.000000,6.000000,1.000000,0.000000,0.000000,0.000000,0.000000,0.000000,0.000000,0.000000,0.000000,0.000000,0.000000,0.000000,0.002830,0.000000,0.000000,0.000000,65535.000000,0.000000,0.000000,6.000000,1.000000,6.000000,1.000000,0.000000,0.000000,1.000000
8950.000000,6.000000,1.000000,0.000000,0.000000,0.000000,0.000000,0.000000,0.000000,0.000000,0.000000,0.000000,0.000000,0.000000,0.002801,0.000000,0.000000,0.000000,65535.000000,0.000000,0.000000,6.000000,1.000000,6.000000,1.000000,0.000000,0.000000,1.000000
8960.000000,6.000000,1.000000,0.000000,0.000000,0.000000,0.000000,0.000000,0.000000,0.000000,0.000000,0.000000,0.000000,0.000000,-0.004755,0.000000,0.000000,0.000000,65535.000000,0.000000,0.000000,6.000000,1.000000,6.000000,1.000000,0.000000,0.000000,1.000000
8970.000000,6.000000,1.000000,0.000000,0.000000,0.000000,0.000000,0.000000,0.000000,0.000000,0.000000,0.000000,0.000000,0.000000,-0.013649,0.000000,0.000000,0.000000,65535.000000,0.000000,0.000000,6.000000,1.000000,6.000000,1.000000,0.000000,0.000000,1.000000
8980.000000,6.000000,1.000000,0.000000,0.000000,0.000000,0.000000,0.000000,0.000000,0.000000,0.000000,0.000000,0.000000,0.000000,-0.007311,0.000000,0.000000,0.000000,65535.000000,0.000000,0.000000,6.000000,1.000000,6.000000,1.000000,0.000000,0.000000,1.000000
8990.000000,6.000000,1.000000,0.000000,0.000000,0.000000,0.000000,0.000000,0.000000,0.000000,0.000000,0.000000,0.000000,0.000000,-0.007238,0.000000,0.000000,0.000000,65535.000000,0.000000,0.000000,6.000000,1.000000,6.000000,1.000000,0.000000,0.000000,1.000000
9000.000000,6.000000,1.000000,0.000000,0.000000,0.000000,0.000000,0.000000,0.000000,0.000000,0.000000,0.000000,0.000000,0.000000,-0.007166,0.000000,0.000000,0.000000,65535.000000,0.000000,0.000000,6.000000,1.000000,6.000000,1.000000,0.000000,0.000000,1.000000
9010.000000,6.000000,1.000000,0.000000,0.000000,0.000000,0.000000,0.000000,0.000000,0.000000,0.000000,0.000000,0.000000,0.000000,-0.002257,0.000000,0.000000,0.000000,65535.000000,0.000000,0.000000,6.000000,1.000000,6.000000,1.000000,0.000000,0.000000,1.000000
9020.000000,6.000000,1.000000,0.000000,0.000000,0.000000,0.000000,0.000000,0.000000,0.000000,0.000000,0.000000,0.000000,0.000000,-0.001323,0.000000,0.000000,0.000000,65535.000000,0.000000,0.000000,6.000000,1.000000,6.000000,1.000000,0.000000,0.000000,1.000000
9030.000000,6.000000,1.000000,0.000000,0.000000,0.000000,0.000000,0.000000,0.000000,0.000000,0.000000,0.000000,0.000000,0.000000,-0.001310,0.000000,0.000000,0.000000,65535.000000,0.000000,0.000000,6.000000,1.000000,6.000000,1.000000,0.000000,0.000000,1.000000
9040.000000,6.000000,1.000000,0.000000,0.000000,0.000000,0.000000,0.000000,0.000000,0.000000,0.000000,0.000000,0.000000,0.000000,-0.010156,0.000000,0.000000,0.000000,65535.000000,0.000000,0.000000,6.000000,1.000000,6.000000,1.000000,0.000000,0.000000,1.000000
9050.000000,6.000000,1.000000,0.000000,0.000000,0.000000,0.000000,0.000000,0.000000,0.000000,0.000000,0.000000,0.000000,0.000000,-0.004698,0.000000,0.000000,0.000000,65535.000000,0.000000,0.000000,6.000000,1.000000,6.000000,1.000000,0.000000,0.000000,1.000000
9060.000000,6.000000,1.000000,0.000000,0.000000,0.000000,0.000000,0.000000,0.000000,0.000000,0.000000,0.000000,0.000000,0.000000,-0.004651,0.000000,0.000000,0.000000,65535.000000,0.000000,0.000000,6.000000,1.000000,6.000000,1.000000,0.000000,0.000000,1.000000
9070.000000,6.000000,1.000000,0.000000,0.000000,0.000000,0.000000,0.000000,0.000000,0.000000,0.000000,0.000000,0.000000,0.000000,-0.005295,0.000000,0.000000,0.000000,65535.000000,0.000000,0.000000,6.000000,1.000000,6.000000,1.000000,0.000000,0.000000,1.000000
9080.000000,6.000000,1.000000,0.000000,0.000000,0.000000,0.000000,0.000000,0.000000,0.000000,0.000000,0.000000,0.000000,0.000000,-0.016296,0.000000,0.000000,0.000000,65535.000000,0.000000,0.000000,6.000000,1.000000,6.000000,1.000000,0.000000,0.000000,1.000000
9090.000000,6.000000,1.000000,0.000000,0.000000,0.000000,0.000000,0.000000,0.000000,0.000000,0.000000,0.000000,0.000000,0.000000,-0.015543,0.000000,0.000000,0.000000,65535.000000,0.000000,0.000000,6.000000,1.000000,6.000000,1.000000,0.000000,0.000000,1.000000
9100.000000,6.000000,1.000000,0.000000,0.000000,0.000000,0.000000,0.000000,0.000000,0.000000,0.000000,0.000000,0.000000,0.000000,-0.009675,0.000000,0.000000,0.000000,65535.000000,0.000000,0.000000,6.000000,1.000000,6.000000,1.000000,0.000000,0.000000,1.000000
9110.000000,6.000000,1.000000,0.000000,0.000000,0.000000,0.000000,0.000000,0.000000,0.000000,0.000000,0.000000,0.000000,0.000000,-0.009423,0.000000,0.000000,0.000000,65535.000000,0.000000,0.000000,6.000000,1.000000,6.000000,1.000000,0.000000,0.000000,1.000000
9120.000000,6.000000,1.000000,0.000000,0.000000,0.000000,0.000000,0.000000,0.000000,0.000000,0.000000,0.000000,0.000000,0.000000,-0.007700,0.000000,0.000000,0.000000,65535.000000,0.000000,0.000000,6.000000,1.000000,6.000000,1.000000,0.000000,0.000000,1.000000
9130.000000,6.000000,1.000000,0.000000,0.000000,0.000000,0.000000,0.000000,0.000000,0.000000,0.000000,0.000000,0.000000,0.000000,-0.007623,0.000000,0.000000,0.000000,65535.000000,0.000000,0.000000,6.000000,1.000000,6.000000,1.000000,0.000000,0.000000,1.000000
9140.000000,6.000000,1.000000,0.000000,0.000000,0.000000,0.000000,0.000000,0.000000,0.000000,0.000000,0.000000,0.000000,0.000000,-0.007590,0.000000,0.000000,0.000000,65535.000000,0.000000,0.000000,6.000000,1.000000,6.000000,1.000000,0.000000,0.000000,1.000000
9150.000000,6.000000,1.000000,0.000000,0.000000,0.000000,0.000000,0.000000,0.000000,0.000000,0.000000,0.000000,0.000000,0.000000,0.008996,0.000000,0.000000,0.000000,65535.000000,0.000000,0.000000,6.000000,1.000000,6.000000,1.000000,0.000000,0.000000,1.000000
9160.000000,6.000000,1.000000,0.000000,0.000000,0.000000,0.000000,0.000000,0.000000,0.000000,0.000000,0.000000,0.000000,0.000000,0.008906,0.000000,0.000000,0.000000,65535.000000,0.000000,0.000000,6.000000,1.000000,6.000000,1.000000,0.000000,0.000000,1.000000
9170.000000,6.000000,1.000000,0.000000,0.000000,0.000000,0.000000,0.000000,0.000000,0.000000,0.000000,0.000000,0.000000,0.000000,0.008817,0.000000,0.000000,0.000000,65535.000000,0.000000,0.000000,6.000000,1.000000,6.000000,1.000000,0.000000,0.000000,1.000000
9180.000000,6.000000,1.000000,0.000000,0.000000,0.000000,0.000000,0.000000,0.000000,0.000000,0.000000,0.000000,0.000000,0.000000,-0.004494,0.000000,0.000000,0.000000,65535.000000,0.000000,0.000000,6.000000,1.000000,6.000000,1.000000,0.000000,0.000000,1.000000
9190.000000,6.000000,1.000000,0.000000,0.000000,0.000000,0.000000,0.000000,0.000000,0.000000,0.000000,0.000000,0.000000,0.000000,-0.002621,0.000000,0.000000,0.000000,65535.000000,0.000000,0.000000,6.000000,1.000000,6.000000,1.000000,0.000000,0.000000,1.000000
9200.000000,6.000000,1.000000,0.000000,0.000000,0.000000,0.000000,0.000000,0.000000,0.000000,0.000000,0.000000,0.000000,0.000000,0.006722,0.000000,0.000000,0.000000,65535.000000,0.000000,0.000000,6.000000,1.000000,6.000000,1.000000,0.000000,0.000000,1.000000
9210.000000,6.000000,1.000000,0.000000,0.000000,0.000000,0.000000,0.000000,0.000000,0.000000,0.000000,0.000000,0.000000,0.000000,0.006655,0.000000,0.000000,0.000000,65535.000000,0.000000,0.000000,6.000000,1.000000,6.000000,1.000000,0.000000,0.000000,1.000000
9220.000000,6.000000,1.000000,0.000000,0.000000,0.000000,0.000000,0.000000,0.000000,0.000000,0.000000,0.000000,0.000000,0.000000,0.006588,0.000000,0.000000,0.000000,65535.000000,0.000000,0.000000,6.000000,1.000000,6.000000,1.000000,0.000000,0.000000,1.000000
9230.000000,6.000000,1.000000,0.000000,0.000000,0.000000,0.000000,0.000000,0.000000,0.000000,0.000000,0.000000,0.000000,0.000000,-0.001257,0.000000,0.000000,0.000000,65535.000000,0.000000,0.000000,6.000000,1.000000,6.000000,1.000000,0.000000,0.000000,1.000000
9240.000000,6.000000,1.000000,0.000000,0.000000,0.000000,0.000000,0.000000,0.000000,0.000000,0.000000,0.000000,0.000000,0.000000,-0.005104,0.000000,0.000000,0.000000,65535.000000,0.000000,0.000000,6.000000,1.000000,6.000000,1.000000,0.000000,0.000000,1.000000
9250.000000,6.000000,1.000000,0.000000,0.000000,0.000000,0.000000,0.000000,0.000000,0.000000,0.000000,0.000000,0.000000,0.000000,-0.000798,0.000000,0.000000,0.000000,65535.000000,0.000000,0.000000,6.000000,1.000000,6.000000,1.000000,0.000000,0.000000,1.000000
9260.000000,6.000000,1.000000,0.000000,0.000000,0.000000,0.000000,0.000000,0.000000,0.000000,0.000000,0.000000,0.000000,0.000000,-0.000790,0.000000,0.000000,0.000000,65535.000000,0.000000,0.000000,6.000000,1.000000,6.000000,1.000000,0.000000,0.000000,1.000000
9270.000000,6.000000,1.000000,0.000000,0.000000,0.000000,0.000000,0.000000,0.000000,0.000000,0.000000,0.000000,0.000000,0.000000,-0.000819,0.000000,0.000000,0.000000,65535.000000,0.000000,0.000000,6.000000,1.000000,6.000000,1.000000,0.000000,0.000000,1.000000
9280.000000,6.000000,1.000000,0.000000,0.000000,0.000000,0.000000,0.000000,0.000000,0.000000,0.000000,0.000000,0.000000,0.000000,-0.009125,0.000000,0.000000,0.000000,65535.000000,0.000000,0.000000,6.000000,1.000000,6.000000,1.000000,0.000000,0.000000,1.000000
9290.000000,6.000000,1.000000,0.000000,0.000000,0.000000,0.000000,0.000000,0.000000,0.000000,0.000000,0.000000,0.000000,0.000000,-0.009034,0.000000,0.000000,0.000000,65535.000000,0.000000,0.000000,6.000000,1.000000,6.000000,1.000000,0.000000,0.000000,1.000000
9300.000000,6.000000,1.000000,0.000000,0.000000,0.000000,0.000000,0.000000,0.000000,0.000000,0.000000,0.000000,0.000000,0.000000,-0.009387,0.000000,0.000000,0.000000,65535.000000,0.000000,0.000000,6.000000,1.000000,6.000000,1.000000,0.000000,0.000000,1.000000
9310.000000,6.000000,1.000000,0.000000,0.000000,0.000000,0.000000,0.000000,0.000000,0.000000,0.000000,0.000000,0.000000,0.000000,-0.009294,0.000000,0.000000,0.000000,65535.000000,0.000000,0.000000,6.000000,1.000000,6.000000,1.000000,0.000000,0.000000,1.000000
9320.000000,6.000000,1.000000,0.000000,0.000000,0.000000,0.000000,0.000000,0.000000,0.000000,0.000000,0.000000,0.000000,0.000000,-0.007530,0.000000,0.000000,0.000000,65535.000000,0.000000,0.000000,6.000000,1.000000,6.000000,1.000000,0.000000,0.000000,1.000000
9330.000000,6.000000,1.000000,0.000000,0.000000,0.000000,0.000000,0.000000,0.000000,0.000000,0.000000,0.000000,0.000000,0.000000,-0.007455,0.000000,0.000000,0.000000,65535.000000,0.000000,0.000000,6.000000,1.000000,6.000000,1.000000,0.000000,0.000000,1.000000
9340.000000,6.000000,1.000000,0.000000,0.000000,0.000000,0.000000,0.000000,0.000000,0.000000,0.000000,0.000000,0.000000,0.000000,-0.007381,0.000000,0.000000,0.000000,65535.000000,0.000000,0.000000,6.000000,1.000000,6.000000,1.000000,0.000000,0.000000,1.000000
9350.000000,6.000000,1.000000,0.000000,0.000000,0.000000,0.000000,0.000000,0.000000,0.000000,0.000000,0.000000,0.000000,0.000000,-0.009619,0.000000,0.000000,0.000000,65535.000000,0.000000,0.000000,6.000000,1.000000,6.000000,1.000000,0.000000,0.000000,1.000000
9360.000000,6.000000,1.000000,0.000000,0.000000,0.000000,0.000000,0.000000,0.000000,0.000000,0.000000,0.000000,0.000000,0.000000,-0.011878,0.000000,0.000000,0.000000,65535.000000,0.000000,0.000000,6.000000,1.000000,6.000000,1.000000,0.000000,0.000000,1.000000
9370.000000,6.000000,1.000000,0.000000,0.000000,0.000000,0.000000,0.000000,0.000000,0.000000,0.000000,0.000000,0.000000,0.000000,-0.021759,0.000000,0.000000,0.000000,65535.000000,0.000000,0.000000,6.000000,1.000000,6.000000,1.000000,0.000000,0.000000,1.000000
9380.000000,6.000000,1.000000,0.000000,0.000000,0.000000,0.000000,0.000000,0.000000,0.000000,0.000000,0.000000,0.000000,0.000000,-0.013740,0.000000,0.000000,0.000000,65535.000000,0.000000,0.000000,6.000000,1.000000,6.000000,1.000000,0.000000,0.000000,1.000000
9390.000000,6.000000,1.000000,0.000000,0.000000,0.000000,0.000000,0.000000,0.000000,0.000000,0.000000,0.000000,0.000000,0.000000,-0.008782,0.000000,0.000000,0.000000,65535.000000,0.000000,0.000000,6.000000,1.000000,6.000000,1.000000,0.000000,0.000000,1.000000
9400.000000,6.000000,1.000000,0.000000,0.000000,0.000000,0.000000,0.000000,0.000000,0.000000,0.000000,0.000000,0.000000,0.000000,-0.008694,0.000000,0.000000,0.000000,65535.000000,0.000000,0.000000,6.000000,1.000000,6.000000,1.000000,0.000000,0.000000,1.000000
9410.000000,6.000000,1.000000,0.000000,0.000000,0.000000,0.000000,0.000000,0.000000,0.000000,0.000000,0.000000,0.000000,0.000000,-0.009777,0.000000,0.000000,0.000000,65535.000000,0.000000,0.000000,6.000000,1.000000,6.000000,1.000000,0.000000,0.000000,1.000000
9420.000000,6.000000,1.000000,0.000000,0.000000,0.000000,0.000000,0.000000,0.000000,0.000000,0.000000,0.000000,0.000000,0.000000,0.017536,0.000000,0.000000,0.000000,65535.000000,0.000000,0.000000,6.000000,1.000000,6.000000,1.000000,0.000000,0.000000,1.000000
9430.000000,6.000000,1.000000,0.000000,0.000000,0.000000,0.000000,0.000000,0.000000,0.000000,0.000000,0.000000,0.000000,0.000000,0.060167,0.000000,0.000000,0.000000,65535.000000,0.000000,0.000000,6.000000,1.000000,6.000000,1.000000,0.000000,0.000000,1.000000
9440.000000,6.000000,1.000000,0.000000,0.000000,0.000000,0.000000,0.000000,0.000000,0.000000,0.000000,0.000000,0.000000,0.000000,0.059568,0.000000,0.000000,0.000000,65535.000000,0.000000,0.000000,6.000000,1.000000,6.000000,1.000000,0.000000,0.000000,1.000000
9450.000000,6.000000,1.000000,0.000000,0.000000,0.000000,0.000000,0.000000,0.000000,0.000000,0.014296,0.001379,0.000000,-0.001379,0.102600,0.000000,0.000000,0.000000,65535.000000,0.000000,0.000000,6.000000,1.000000,6.000000,1.000000,0.000000,0.000000,1.000000
9460.000000,6.000000,1.000000,0.000000,0.000000,0.000000,0.000000,0.000000,0.000000,0.000000,0.014296,0.001669,-0.000654,-0.001536,0.101579,0.000000,0.000000,0.000000,65535.000000,0.000000,0.000000,6.000000,1.000000,6.000000,1.000000,0.000000,0.000000,1.000000
9470.000000,6.000000,1.000000,0.000000,0.000000,0.000000,0.000000,0.000000,0.000000,0.000000,0.014152,0.001652,0.000253,-0.001632,0.097432,0.000000,0.000000,0.000000,65535.000000,0.000000,0.000000,6.000000,1.000000,6.000000,1.000000,0.000000,0.000000,1.000000
9480.000000,6.000000,1.000000,0.000000,0.000000,0.000000,0.000000,0.000000,0.000000,0.000000,0.011766,0.001875,0.000809,-0.001691,0.065921,0.000000,0.000000,0.000000,65535.000000,0.000000,0.000000,6.000000,1.000000,6.000000,1.000000,0.000000,0.000000,1.000000
9490.000000,6.000000,1.000000,0.000000,0.000000,0.000000,0.000000,0.000000,0.000000,0.000000,0.009437,0.001151,0.000497,-0.001039,0.065264,0.000000,0.000000,0.000000,65535.000000,0.000000,0.000000,6.000000,1.000000,6.000000,1.000000,0.000000,0.000000,1.000000
9500.000000,6.000000,1.000000,0.000000,0.000000,0.000000,0.000000,0.000000,0.000000,0.000000,0.002945,0.000707,0.000305,-0.000638,0.003138,0.000000,0.000000,0.000000,65535.000000,0.000000,0.000000,6.000000,1.000000,6.000000,1.000000,0.000000,0.000000,1.000000
9510.000000,6.000000,1.000000,0.000000,0.000000,0.000000,0.000000,0.000000,0.000000,0.000000,0.002117,0.000434,0.000187,-0.000392,-0.000389,0.000000,0.000000,0.000000,65535.000000,0.000000,0.000000,6.000000,1.000000,6.000000,1.000000,0.000000,0.000000,1.000000
9520.000000,6.000000,1.000000,0.000000,0.000000,0.000000,0.000000,0.000000,0.000000,0.000000,0.004083,0.000267,0.000115,-0.000240,0.009570,0.000000,0.000000,0.000000,65535.000000,0.000000,0.000000,6.000000,1.000000,6.000000,1.000000,0.000000,0.000000,1.000000
9530.000000,6.000000,1.000000,0.000000,0.000000,0.000000,0.000000,0.000000,0.000000,0.000000,0.005538,0.000164,0.000071,-0.000148,0.083086,0.000000,0.000000,0.000000,65535.000000,0.000000,0.000000,6.000000,1.000000,6.000000,1.000000,0.000000,0.000000,1.000000
9540.000000,6.000000,1.000000,0.000000,0.000000,0.000000,0.000000,0.000000,0.000000,0.000000,0.012543,0.001939,-0.001265,-0.001469,0.089509,0.000000,0.000000,0.000000,65535.000000,0.000000,0.000000,6.000000,1.000000,6.000000,1.000000,0.000000,0.000000,1.000000
9550.000000,6.000000,1.000000,0.000000,0.000000,0.000000,0.000000,0.000000,0.000000,0.000000,0.015481,0.003297,-0.001431,-0.002970,0.088618,0.000000,0.000000,0.000000,65535.000000,0.000000,0.000000,6.000000,1.000000,6.000000,1.000000,0.000000,0.000000,1.000000
9560.000000,6.000000,1.000000,0.000000,0.000000,0.000000,0.000000,0.000000,0.000000,0.000000,0.015022,0.004182,-0.001533,-0.003891,0.126915,0.000000,0.000000,0.000000,65535.000000,0.000000,0.000000,6.000000,1.000000,6.000000,1.000000,0.000000,0.000000,1.000000
9570.000000,6.000000,1.000000,0.000000,0.000000,0.000000,0.000000,0.000000,0.000000,0.000000,0.014742,0.005617,-0.002250,-0.005146,0.125651,0.000000,0.000000,0.000000,65535.000000,0.000000,0.000000,6.000000,1.000000,6.000000,1.000000,0.000000,0.000000,1.000000
9580.000000,6.000000,1.000000,0.000000,0.000000,0.000000,0.000000,0.000000,0.000000,0.000000,0.017332,0.006500,-0.002690,-0.005917,0.160818,0.000000,0.000000,0.000000,65535.000000,0.000000,0.000000,6.000000,1.000000,6.000000,1.000000,0.000000,0.000000,1.000000
9590.000000,6.000000,1.000000,0.000000,0.000000,0.000000,0.000000,0.000000,0.000000,0.000000,0.019624,0.008314,-0.002960,-0.007769,0.175387,0.000000,0.000000,0.000000,65535.000000,0.000000,0.000000,6.000000,1.000000,6.000000,1.000000,0.000000,0.000000,1.000000
9600.000000,6.000000,1.000000,0.000000,0.000000,0.000000,0.000000,0.000000,0.000000,0.000000,0.081560,0.011606,-0.003780,-0.010974,0.748293,0.000000,0.000000,0.000000,65535.000000,0.000000,0.000000,6.000000,1.000000,6.000000,1.000000,0.000000,0.000000,1.000000
9610.000000,6.000000,1.000000,0.000000,0.000000,0.000000,0.000000,0.000000,0.000000,0.000000,0.121091,0.016665,-0.005592,-0.015699,0.945596,0.000000,0.000000,0.000000,65535.000000,0.000000,0.000000,6.000000,1.000000,6.000000,1.000000,0.000000,0.000000,1.000000
9620.000000,6.000000,1.000000,0.000000,0.000000,0.000000,0.000000,0.000000,0.000000,0.000000,0.121091,0.022411,-0.008668,-0.020667,1.075112,0.000000,0.000000,0.000000,65535.000000,0.000000,0.000000,6.000000,1.000000,6.000000,1.000000,0.000000,0.000000,1.000000
9630.000000,5.999673,0.999881,-0.032733,-0.011898,0.000000,0.000000,0.000000,0.000000,0.000000,0.121091,0.028502,-0.010556,-0.026476,1.063665,0.000000,0.000000,0.000000,65535.000000,0.000000,0.000000,5.999673,0.999881,5.999673,0.999881,0.000000,0.000000,1.000000
9640.000000,5.999266,0.999728,-0.040708,-0.015338,0.000000,0.000000,0.000000,0.000000,0.000000,0.098175,0.034828,-0.011715,-0.032799,0.966189,0.000000,0.000000,0.000000,65535.000000,0.000000,0.000000,5.999266,0.999728,5.999266,0.999728,0.000000,0.000000,1.000000
9650.000000,5.998775,0.999520,-0.049019,-0.020759,0.000000,0.000000,0.000000,0.000000,0.000000,0.058568,0.043501,-0.015044,-0.040817,0.586601,0.000000,0.000000,0.000000,65535.000000,0.000000,0.000000,5.998775,0.999520,5.998775,0.999520,0.000000,0.000000,1.000000
9660.000000,5.998200,0.999273,-0.057569,-0.024755,0.000000,0.000000,0.000000,0.000000,0.000000,0.061825,0.053234,-0.020359,-0.049187,0.671374,0.000000,0.000000,0.000000,65535.000000,0.000000,0.000000,5.998200,0.999273,5.998200,0.999273,0.000000,0.000000,1.000000
9670.000000,5.997517,0.999026,-0.068351,-0.024647,0.000000,0.000000,0.000000,0.000000,0.000000,0.122997,0.062666,-0.024277,-0.057772,1.294151,0.000000,0.000000,0.000000,65535.000000,0.000000,0.000000,5.997517,0.999026,5.997517,0.999026,0.000000,0.000000,1.000000
9680.000000,5.996644,0.998739,-0.087316,-0.028699,0.000000,0.000000,0.000000,0.000000,0.000000,0.122997,0.072659,-0.024065,-0.068558,1.277600,0.000000,0.000000,0.000000,65535.000000,0.000000,0.000000,5.996644,0.998739,5.996644,0.998739,0.000000,0.000000,1.000000
9690.000000,5.995586,0.998359,-0.105715,-0.038008,0.000000,0.000000,0.000000,0.000000,0.000000,0.122997,0.091912,-0.027861,-0.087587,1.261468,0.000000,0.000000,0.000000,65535.000000,0.000000,0.000000,5.995586,0.998359,5.995586,0.998359,0.000000,0.000000,1.000000
9700.000000,5.994314,0.997898,-0.127210,-0.046124,0.000000,0.000000,0.000000,0.000000,0.000000,0.103350,0.112340,-0.036734,-0.106164,0.581796,0.000000,0.000000,0.000000,65535.000000,0.000000,0.000000,5.994314,0.997898,5.994314,0.997898,0.000000,0.000000,1.000000
9710.000000,5.992789,0.997290,-0.152548,-0.060748,0.000000,0.000000,0.000000,0.000000,0.000000,0.108648,0.135313,-0.044144,-0.127910,0.578427,0.000000,0.000000,0.000000,65535.000000,0.000000,0.000000,5.992789,0.997290,5.992789,0.997290,0.000000,0.000000,1.000000
9720.000000,5.990905,0.996456,-0.188412,-0.083428,0.000000,0.000000,0.000000,0.000000,0.000000,0.090910,0.164199,-0.057854,-0.153669,0.515441,0.000000,0.000000,0.000000,65535.000000,0.000000,0.000000,5.990905,0.996456,5.990905,0.996456,0.000000,0.000000,1.000000
9730.000000,5.989102,0.995795,-0.180240,-0.066123,0.000000,0.000000,0.000000,0.000000,0.000000,0.147241,0.206057,-0.079356,-0.190163,0.373111,0.000000,0.000000,0.000000,65535.000000,0.000000,0.000000,5.989102,0.995795,5.989102,0.995795,0.000000,0.000000,1.000000
9740.000000,5.987281,0.995293,-0.182126,-0.050197,0.000000,0.000000,0.000000,0.000000,0.000000,0.095180,0.242956,-0.099755,-0.221532,0.853710,0.000000,0.000000,0.000000,65535.000000,0.000000,0.000000,5.987281,0.995293,5.987281,0.995293,0.000000,0.000000,1.000000
9750.000000,5.985419,0.994953,-0.186206,-0.033938,0.000000,0.000000,0.000000,0.000000,0.000000,0.145842,0.285949,-0.118823,-0.260092,1.314045,0.000000,0.000000,0.000000,65535.000000,0.000000,0.000000,5.985419,0.994953,5.985419,0.994953,0.000000,0.000000,1.000000
9760.000000,5.983463,0.994738,-0.195666,-0.021543,0.000000,0.000000,0.000000,0.000000,0.000000,0.158127,0.316667,-0.127259,-0.289971,1.765161,0.000000,0.000000,0.000000,65535.000000,0.000000,0.000000,5.983463,0.994738,5.983463,0.994738,0.000000,0.000000,1.000000
9770.000000,5.981298,0.994516,-0.216447,-0.022154,0.000000,0.000000,0.000000,0.000000,0.000000,0.308676,0.336470,-0.126550,-0.311764,1.866517,0.000000,0.000000,0.000000,65535.000000,0.000000,0.000000,5.981298,0.994516,5.981298,0.994516,0.000000,0.000000,1.000000
9780.000000,5.978803,0.994156,-0.249567,-0.036056,0.000000,0.000000,0.000000,0.000000,0.000000,0.300138,0.353429,-0.124807,-0.330659,1.832282,0.000000,0.000000,0.000000,65535.000000,0.000000,0.000000,5.978803,0.994156,5.978803,0.994156,0.000000,0.000000,1.000000
9790.000000,5.975857,0.993638,-0.294549,-0.051749,0.000000,0.000000,0.000000,0.000000,0.000000,0.299691,0.370430,-0.123737,-0.349153,1.871125,0.000000,0.000000,0.000000,65535.000000,0.000000,0.000000,5.975857,0.993638,5.975857,0.993638,0.000000,0.000000,1.000000
9800.000000,5.972552,0.993073,-0.330532,-0.056548,0.000000,0.000000,0.000000,0.000000,0.000000,0.312724,0.383422,-0.111957,-0.366712,1.993301,0.000000,0.000000,0.000000,65535.000000,0.000000,0.000000,5.972552,0.993073,5.972552,0.993073,0.000000,0.000000,1.000000
9810.000000,5.969216,0.992594,-0.333536,-0.047883,0.000000,0.000000,0.000000,0.000000,0.000000,0.312724,0.387634,-0.090986,-0.376804,1.954306,0.000000,0.000000,0.000000,65535.000000,0.000000,0.000000,5.969216,0.992594,5.969216,0.992594,0.000000,0.000000,1.000000
9820.000000,5.965930,0.992206,-0.328583,-0.038780,0.000000,0.000000,0.000000,0.000000,0.000000,0.310258,0.374486,-0.070259,-0.367836,1.899456,0.000000,0.000000,0.000000,65535.000000,0.000000,0.000000,5.965930,0.992206,5.965930,0.992206,0.000000,0.000000,1.000000
9830.000000,5.962589,0.991953,-0.334097,-0.025313,0.000000,0.000000,0.000000,0.000000,0.000000,0.266575,0.363363,-0.056878,-0.358884,1.562188,0.000000,0.000000,0.000000,65535.000000,0.000000,0.000000,5.962589,0.991953,5.962589,0.991953,0.000000,0.000000,1.000000
9840.000000,5.959007,0.991848,-0.358191,-0.010500,0.000000,0.000000,0.000000,0.000000,0.000000,0.237952,0.365472,-0.042120,-0.363037,1.299277,0.000000,0.000000,0.000000,65535.000000,0.000000,0.000000,5.959007,0.991848,5.959007,0.991848,0.000000,0.000000,1.000000
9850.000000,5.954982,0.991434,-0.402490,-0.041461,0.000000,0.000000,0.000000,0.000000,0.000000,0.353917,0.392324,-0.031095,-0.391090,2.127381,0.000000,0.000000,0.000000,65535.000000,0.000000,0.000000,5.954982,0.991434,5.954982,0.991434,0.000000,0.000000,1.000000
9860.000000,5.950880,0.991066,-0.410266,-0.036759,0.000000,0.000000,0.000000,0.000000,0.000000,0.497500,0.404620,-0.030215,-0.403490,3.106527,0.000000,0.000000,0.000000,65535.000000,0.000000,0.000000,5.950880,0.991066,5.950880,0.991066,0.000000,0.000000,1.000000
9870.000000,5.946700,0.990790,-0.417946,-0.027637,0.000000,0.000000,0.000000,0.000000,0.000000,0.487593,0.411909,-0.025748,-0.411104,3.012839,0.000000,0.000000,0.000000,65535.000000,0.000000,0.000000,5.946700,0.990790,5.946700,0.990790,0.000000,0.000000,1.000000
9880.000000,5.942342,0.990606,-0.435852,-0.018365,0.000000,0.000000,0.000000,0.000000,0.000000,0.478734,0.418859,-0.016464,-0.418536,2.924636,0.000000,0.000000,0.000000,65535.000000,0.000000,0.000000,5.942342,0.990606,5.942342,0.990606,0.000000,0.000000,1.000000
9890.000000,5.937763,0.990486,-0.457913,-0.011948,0.000000,0.000000,0.000000,0.000000,0.000000,0.299881,0.436239,-0.006183,-0.436195,1.983551,0.000000,0.000000,0.000000,65535.000000,0.000000,0.000000,5.937763,0.990486,5.937763,0.990486,0.000000,0.000000,1.000000
9900.000000,5.933063,0.990366,-0.469969,-0.012013,0.000000,0.000000,0.000000,0.000000,0.000000,0.287862,0.458069,0.001437,-0.458067,1.675164,0.000000,0.000000,0.000000,65535.000000,0.000000,0.000000,5.933063,0.990366,5.933063,0.990366,0.000000,0.000000,1.000000
9910.000000,5.928368,0.990163,-0.469530,-0.020337,0.000000,0.000000,0.000000,0.000000,0.000000,0.192611,0.470122,0.002191,-0.470117,0.787683,0.000000,0.000000,0.000000,65535.000000,0.000000,0.000000,5.928368,0.990163,5.928368,0.990163,0.000000,0.000000,1.000000
9920.000000,5.923572,0.989887,-0.479537,-0.027591,0.000000,0.000000,0.000000,0.000000,0.000000,0.141852,0.469971,-0.005851,-0.469934,0.459946,0.000000,0.000000,0.000000,65535.000000,0.000000,0.000000,5.923572,0.989887,5.923572,0.989887,0.000000,0.000000,1.000000
9930.000000,5.918596,0.989628,-0.497606,-0.025936,0.000000,0.000000,0.000000,0.000000,0.000000,0.402389,0.480330,-0.012752,-0.480161,2.110759,0.000000,0.000000,0.000000,65535.000000,0.000000,0.000000,5.918596,0.989628,5.918596,0.989628,0.000000,0.000000,1.000000
9940.000000,5.913440,0.989381,-0.515609,-0.024694,0.000000,0.000000,0.000000,0.000000,0.000000,0.412887,0.498282,-0.011101,-0.498158,2.131516,0.000000,0.000000,0.000000,65535.000000,0.000000,0.000000,5.913440,0.989381,5.913440,0.989381,0.000000,0.000000,1.000000
9950.000000,5.908367,0.989114,-0.507260,-0.026702,0.000000,0.000000,0.000000,0.000000,0.000000,0.412887,0.516200,-0.010087,-0.516101,2.086987,0.000000,0.000000,0.000000,65535.000000,0.000000,0.000000,5.908367,0.989114,5.908367,0.989114,0.000000,0.000000,1.000000
9960.000000,5.903216,0.988808,-0.515149,-0.030562,0.000000,0.000000,0.000000,0.000000,0.000000,0.352928,0.507962,-0.012082,-0.507818,1.675411,0.000000,0.000000,0.000000,65535.000000,0.000000,0.000000,5.903216,0.988808,5.903216,0.988808,0.000000,0.000000,1.000000
9970.000000,5.897872,0.988445,-0.534382,-0.036323,0.000000,0.000000,0.000000,0.000000,0.000000,0.209933,0.516055,-0.015269,-0.515829,0.781307,0.000000,0.000000,0.000000,65535.000000,0.000000,0.000000,5.897872,0.988445,5.897872,0.988445,0.000000,0.000000,1.000000
9980.000000,5.892405,0.987988,-0.546709,-0.045730,0.000000,0.000000,0.000000,0.000000,0.000000,0.404738,0.535615,-0.020497,-0.535223,1.532364,0.000000,0.000000,0.000000,65535.000000,0.000000,0.000000,5.892405,0.987988,5.892405,0.987988,0.000000,0.000000,1.000000
9990.000000,5.886959,0.987461,-0.544580,-0.052680,0.000000,0.000000,0.000000,0.000000,0.000000,0.519141,0.548618,-0.029595,-0.547819,2.576326,0.000000,0.000000,0.000000,65535.000000,0.000000,0.000000,5.886959,0.987461,5.886959,0.987461,0.000000,0.000000,1.000000
10000.000000,5.881278,0.986901,-0.568149,-0.056022,0.000000,0.000000,0.000000,0.000000,0.000000,0.519141,0.547122,-0.036490,-0.545904,2.511556,0.000000,0.000000,0.000000,65535.000000,0.000000,0.000000,5.881278,0.986901,5.881278,0.986901,0.000000,0.000000,1.000000
10010.000000,5.875285,0.986366,-0.599300,-0.053416,0.000000,0.000000,0.000000,0.000000,0.000000,0.519141,0.570904,-0.039415,-0.569542,2.449962,0.000000,0.000000,0.000000,65535.000000,0.000000,0.000000,5.875285,0.986366,5.875285,0.986366,0.000000,0.000000,1.000000
10020.000000,5.869176,0.985853,-0.610833,-0.051326,0.000000,0.000000,0.000000,0.000000,0.000000,0.414998,0.601676,-0.035977,-0.600599,1.831936,0.000000,0.000000,0.000000,65535.000000,0.000000,0.000000,5.869176,0.985853,5.869176,0.985853,0.000000,0.000000,1.000000
10030.000000,5.863004,0.985348,-0.617218,-0.050553,0.000000,0.000000,0.000000,0.000000,0.000000,0.159069,0.612986,-0.033212,-0.612086,0.325027,0.000000,0.000000,0.000000,65535.000000,0.000000,0.000000,5.863004,0.985348,5.863004,0.985348,0.000000,0.000000,1.000000
10040.000000,5.856552,0.984845,-0.645267,-0.050215,0.000000,0.000000,0.000000,0.000000,0.000000,0.171761,0.619285,-0.032168,-0.618449,0.399619,0.000000,0.000000,0.000000,65535.000000,0.000000,0.000000,5.856552,0.984845,5.856552,0.984845,0.000000,0.000000,1.000000
10050.000000,5.850148,0.984334,-0.640367,-0.051102,0.000000,0.000000,0.000000,0.000000,0.000000,0.172656,0.647218,-0.030873,-0.646481,0.403262,0.000000,0.000000,0.000000,65535.000000,0.000000,0.000000,5.850148,0.984334,5.850148,0.984334,0.000000,0.000000,1.000000
10060.000000,5.843893,0.983783,-0.625565,-0.055158,0.000000,0.000000,0.000000,0.000000,0.000000,0.185342,0.642403,-0.031387,-0.641636,0.477197,0.000000,0.000000,0.000000,65535.000000,0.000000,0.000000,5.843893,0.983783,5.843893,0.983783,0.000000,0.000000,1.000000
10070.000000,5.837642,0.983297,-0.625033,-0.048573,0.000000,0.000000,0.000000,0.000000,0.000000,0.366489,0.627992,-0.036282,-0.626943,1.546063,0.000000,0.000000,0.000000,65535.000000,0.000000,0.000000,5.837642,0.983297,5.837642,0.983297,0.000000,0.000000,1.000000
10080.000000,5.831254,0.982947,-0.638755,-0.035040,0.000000,0.000000,0.000000,0.000000,0.000000,0.447171,0.626917,-0.030128,-0.626193,1.992338,0.000000,0.000000,0.000000,65535.000000,0.000000,0.000000,5.831254,0.982947,5.831254,0.982947,0.000000,0.000000,1.000000
10090.000000,5.824793,0.982547,-0.646111,-0.039979,0.000000,0.000000,0.000000,0.000000,0.000000,0.463542,0.639715,-0.015882,-0.639518,2.047809,0.000000,0.000000,0.000000,65535.000000,0.000000,0.000000,5.824793,0.982547,5.824793,0.982547,0.000000,0.000000,1.000000
10100.000000,5.818202,0.982212,-0.659198,-0.033480,0.000000,0.000000,0.000000,0.000000,0.000000,0.484337,0.647347,-0.020873,-0.647011,2.125399,0.000000,0.000000,0.000000,65535.000000,0.000000,0.000000,5.818202,0.982212,5.818202,0.982212,0.000000,0.000000,1.000000
10110.000000,5.811386,0.982104,-0.681539,-0.010853,0.000000,0.000000,0.000000,0.000000,0.000000,0.484337,0.660048,-0.014779,-0.659882,2.081123,0.000000,0.000000,0.000000,65535.000000,0.000000,0.000000,5.811386,0.982104,5.811386,0.982104,0.000000,0.000000,1.000000
10120.000000,5.804275,0.982132,-0.711128,0.002884,0.000000,0.000000,0.000000,0.000000,0.000000,0.484337,0.681625,0.008590,-0.681571,2.038654,0.000000,0.000000,0.000000,65535.000000,0.000000,0.000000,5.804275,0.982132,5.804275,0.982132,0.000000,0.000000,1.000000
10130.000000,5.797196,0.982245,-0.707925,0.011296,0.000000,0.000000,0.000000,0.000000,0.000000,0.462461,0.711133,0.023593,-0.710742,1.876286,0.000000,0.000000,0.000000,65535.000000,0.000000,0.000000,5.797196,0.982245,5.797196,0.982245,0.000000,0.000000,1.000000
10140.000000,5.790048,0.982376,-0.714818,0.013108,0.000000,0.000000,0.000000,0.000000,0.000000,0.371585,0.708015,0.032150,-0.707285,0.659891,0.000000,0.000000,0.000000,65535.000000,0.000000,0.000000,5.790048,0.982376,5.790048,0.982376,0.000000,0.000000,1.000000
10150.000000,5.782847,0.982382,-0.720005,0.000535,0.000000,0.000000,0.000000,0.000000,0.000000,0.270949,0.714938,0.034134,-0.714123,0.587119,0.000000,0.000000,0.000000,65535.000000,0.000000,0.000000,5.782847,0.982382,5.782847,0.982382,0.000000,0.000000,1.000000
10160.000000,5.775614,0.982369,-0.723350,-0.001326,0.000000,0.000000,0.000000,0.000000,0.000000,0.140281,0.720005,0.020958,-0.719700,0.046067,0.000000,0.000000,0.000000,65535.000000,0.000000,0.000000,5.775614,0.982369,5.775614,0.982369,0.000000,0.000000,1.000000
10170.000000,5.768408,0.982347,-0.720599,-0.002194,0.000000,0.000000,0.000000,0.000000,0.000000,0.406880,0.723351,0.018102,-0.723124,1.546306,0.000000,0.000000,0.000000,65535.000000,0.000000,0.000000,5.768408,0.982347,5.768408,0.982347,0.000000,0.000000,1.000000
10180.000000,5.761167,0.982202,-0.724114,-0.014510,0.000000,0.000000,0.000000,0.000000,0.000000,0.421650,0.720603,0.017003,-0.720402,2.223825,0.000000,0.000000,0.000000,65535.000000,0.000000,0.000000,5.761167,0.982202,5.761167,0.982202,0.000000,0.000000,1.000000
10190.000000,5.753839,0.982090,-0.732767,-0.011107,0.000000,0.000000,0.000000,0.000000,0.000000,0.705626,0.724259,0.004552,-0.724245,4.592708,0.000000,0.000000,0.000000,65535.000000,0.000000,0.000000,5.753839,0.982090,5.753839,0.982090,0.000000,0.000000,1.000000
10200.000000,5.746130,0.981887,-0.770883,-0.020357,0.000000,0.000000,0.000000,0.000000,0.000000,0.706061,0.732852,0.008029,-0.732808,4.545076,0.000000,0.000000,0.000000,65535.000000,0.000000,0.000000,5.746130,0.981887,5.746130,0.981887,0.000000,0.000000,1.000000
10210.000000,5.738360,0.981617,-0.777002,-0.027034,0.000000,0.000000,0.000000,0.000000,0.000000,0.706061,0.771152,0.001004,-0.771151,4.347291,0.000000,0.000000,0.000000,65535.000000,0.000000,0.000000,5.738360,0.981617,5.738360,0.981617,0.000000,0.000000,1.000000
10220.000000,5.730575,0.981244,-0.778483,-0.037295,0.000000,0.000000,0.000000,0.000000,0.000000,0.833625,0.777472,-0.003963,-0.777462,3.120979,0.000000,0.000000,0.000000,65535.000000,0.000000,0.000000,5.730575,0.981244,5.730575,0.981244,0.000000,0.000000,1.000000
10230.000000,5.722899,0.980767,-0.767568,-0.047609,0.000000,0.000000,0.000000,0.000000,0.000000,0.823890,0.779375,-0.012901,-0.779269,3.026430,0.000000,0.000000,0.000000,65535.000000,0.000000,0.000000,5.722899,0.980767,5.722899,0.980767,0.000000,0.000000,1.000000
10240.000000,5.715252,0.980348,-0.764710,-0.041925,0.000000,0.000000,0.000000,0.000000,0.000000,0.619900,0.769044,-0.024277,-0.768660,2.091904,0.000000,0.000000,0.000000,65535.000000,0.000000,0.000000,5.715252,0.980348,5.715252,0.980348,0.000000,0.000000,1.000000
10250.000000,5.707622,0.979997,-0.763023,-0.035144,0.000000,0.000000,0.000000,0.000000,0.000000,0.474082,0.765858,-0.020140,-0.765593,1.371789,0.000000,0.000000,0.000000,65535.000000,0.000000,0.000000,5.707622,0.979997,5.707622,0.979997,0.000000,0.000000,1.000000
10260.000000,5.699830,0.979673,-0.779180,-0.032420,0.000000,0.000000,0.000000,0.000000,0.000000,0.359513,0.763832,-0.013674,-0.763710,0.819395,0.000000,0.000000,0.000000,65535.000000,0.000000,0.000000,5.699830,0.979673,5.699830,0.979673,0.000000,0.000000,1.000000
10270.000000,5.692120,0.979327,-0.771057,-0.034576,0.000000,0.000000,0.000000,0.000000,0.000000,0.339238,0.779854,-0.010359,-0.779786,0.719037,0.000000,0.000000,0.000000,65535.000000,0.000000,0.000000,5.692120,0.979327,5.692120,0.979327,0.000000,0.000000,1.000000
10280.000000,5.684268,0.978870,-0.785124,-0.045726,0.000000,0.000000,0.000000,0.000000,0.000000,0.339238,0.771832,-0.012248,-0.771735,0.713389,0.000000,0.000000,0.000000,65535.000000,0.000000,0.000000,5.684268,0.978870,5.684268,0.978870,0.000000,0.000000,1.000000
10290.000000,5.676206,0.978369,-0.806262,-0.050039,0.000000,0.000000,0.000000,0.000000,0.000000,0.629543,0.786454,-0.023876,-0.786092,2.077127,0.000000,0.000000,0.000000,65535.000000,0.000000,0.000000,5.676206,0.978369,5.676206,0.978369,0.000000,0.000000,1.000000
10300.000000,5.667634,0.977700,-0.857214,-0.066938,0.000000,0.000000,0.000000,0.000000,0.000000,0.748143,0.807813,-0.028399,-0.807314,2.574549,0.000000,0.000000,0.000000,65535.000000,0.000000,0.000000,5.667634,0.977700,5.667634,0.977700,0.000000,0.000000,1.000000
10310.000000,5.659104,0.977224,-0.852987,-0.047571,0.000000,0.000000,0.000000,0.000000,0.000000,0.748143,0.849341,-0.008932,-0.849294,2.509867,0.000000,0.000000,0.000000,65535.000000,0.000000,0.000000,5.659104,0.977224,5.659104,0.977224,0.000000,0.000000,1.000000
10320.000000,5.650711,0.976857,-0.839337,-0.036690,0.000000,0.000000,0.000000,0.000000,0.000000,0.603795,0.871083,0.016106,-0.870935,3.360900,0.000000,0.000000,0.000000,65535.000000,0.000000,0.000000,5.650711,0.976857,5.650711,0.976857,0.000000,0.000000,1.000000
10330.000000,5.642459,0.976453,-0.825154,-0.040385,0.000000,0.000000,0.000000,0.000000,0.000000,0.930130,0.873760,0.031479,-0.873193,4.806170,0.000000,0.000000,0.000000,65535.000000,0.000000,0.000000,5.642459,0.976453,5.642459,0.976453,0.000000,0.000000,1.000000
10340.000000,5.634074,0.976016,-0.838468,-0.043759,0.000000,0.000000,0.000000,0.000000,0.000000,0.930130,0.853604,0.025870,-0.853212,4.585559,0.000000,0.000000,0.000000,65535.000000,0.000000,0.000000,5.634074,0.976016,5.634074,0.976016,0.000000,0.000000,1.000000
10350.000000,5.625470,0.975545,-0.860409,-0.047069,0.000000,0.000000,0.000000,0.000000,0.000000,0.710989,0.858361,0.017847,-0.858176,3.242567,0.000000,0.000000,0.000000,65535.000000,0.000000,0.000000,5.625470,0.975545,5.625470,0.975545,0.000000,0.000000,1.000000
10360.000000,5.616937,0.975079,-0.853283,-0.046565,0.000000,0.000000,0.000000,0.000000,0.000000,0.581721,0.880711,0.018155,-0.880523,2.730392,0.000000,0.000000,0.000000,65535.000000,0.000000,0.000000,5.616937,0.975079,5.616937,0.975079,0.000000,0.000000,1.000000
10370.000000,5.608492,0.974530,-0.844547,-0.054979,0.000000,0.000000,0.000000,0.000000,0.000000,0.911374,0.879397,0.023578,-0.879081,2.896660,0.000000,0.000000,0.000000,65535.000000,0.000000,0.000000,5.608492,0.974530,5.608492,0.974530,0.000000,0.000000,1.000000
10380.000000,5.599878,0.973980,-0.861363,-0.054951,0.000000,0.000000,0.000000,0.000000,0.000000,0.911374,0.865294,0.018402,-0.865098,2.815036,0.000000,0.000000,0.000000,65535.000000,0.000000,0.000000,5.599878,0.973980,5.599878,0.973980,0.000000,0.000000,1.000000
10390.000000,5.591089,0.973566,-0.878936,-0.041455,0.000000,0.000000,0.000000,0.000000,0.000000,0.762095,0.875206,0.011953,-0.875124,1.872098,0.000000,0.000000,0.000000,65535.000000,0.000000,0.000000,5.591089,0.973566,5.591089,0.973566,0.000000,0.000000,1.000000
10400.000000,5.582193,0.973173,-0.889572,-0.039282,0.000000,0.000000,0.000000,0.000000,0.000000,0.856192,0.888209,0.007993,-0.888173,3.195146,0.000000,0.000000,0.000000,65535.000000,0.000000,0.000000,5.582193,0.973173,5.582193,0.973173,0.000000,0.000000,1.000000
10410.000000,5.573704,0.972671,-0.848894,-0.050188,0.000000,0.000000,0.000000,0.000000,0.000000,0.944754,0.892050,0.001637,-0.892049,3.684987,0.000000,0.000000,0.000000,65535.000000,0.000000,0.000000,5.573704,0.972671,5.573704,0.972671,0.000000,0.000000,1.000000
10420.000000,5.565309,0.972060,-0.839507,-0.061132,0.000000,0.000000,0.000000,0.000000,0.000000,1.171135,0.837305,-0.012080,-0.837218,4.190665,0.000000,0.000000,0.000000,65535.000000,0.000000,0.000000,5.565309,0.972060,5.565309,0.972060,0.000000,0.000000,1.000000
10430.000000,5.557067,0.971574,-0.824164,-0.048608,0.000000,0.000000,0.000000,0.000000,0.000000,1.171135,0.821024,-0.019847,-0.820784,4.038985,0.000000,0.000000,0.000000,65535.000000,0.000000,0.000000,5.557067,0.971574,5.557067,0.971574,0.000000,0.000000,1.000000
10440.000000,5.548449,0.971035,-0.861859,-0.053811,0.000000,0.000000,0.000000,0.000000,0.000000,1.138835,0.825596,-0.026580,-0.825168,3.882034,0.000000,0.000000,0.000000,65535.000000,0.000000,0.000000,5.548449,0.971035,5.548449,0.971035,0.000000,0.000000,1.000000
10450.000000,5.539896,0.970414,-0.855204,-0.062137,0.000000,0.000000,0.000000,0.000000,0.000000,1.067196,0.863537,-0.030059,-0.863014,3.427501,0.000000,0.000000,0.000000,65535.000000,0.000000,0.000000,5.539896,0.970414,5.539896,0.970414,0.000000,0.000000,1.000000
10460.000000,5.531399,0.969739,-0.849779,-0.067499,0.000000,0.000000,0.000000,0.000000,0.000000,1.067196,0.857458,-0.038083,-0.856612,3.313807,0.000000,0.000000,0.000000,65535.000000,0.000000,0.000000,5.531399,0.969739,5.531399,0.969739,0.000000,0.000000,1.000000
10470.000000,5.522939,0.969106,-0.845980,-0.063263,0.000000,0.000000,0.000000,0.000000,0.000000,0.878330,0.852455,-0.044319,-0.851303,1.653636,0.000000,0.000000,0.000000,65535.000000,0.000000,0.000000,5.522939,0.969106,5.522939,0.969106,0.000000,0.000000,1.000000
10480.000000,5.514309,0.968537,-0.863006,-0.056961,0.000000,0.000000,0.000000,0.000000,0.000000,0.406333,0.848342,-0.040951,-0.847353,0.174301,0.000000,0.000000,0.000000,65535.000000,0.000000,0.000000,5.514309,0.968537,5.514309,0.968537,0.000000,0.000000,1.000000
10490.000000,5.505595,0.968010,-0.871397,-0.052680,0.000000,0.000000,0.000000,0.000000,0.000000,0.278634,0.864883,-0.033649,-0.864229,-0.226051,0.000000,0.000000,0.000000,65535.000000,0.000000,0.000000,5.505595,0.968010,5.505595,0.968010,0.000000,0.000000,1.000000
10500.000000,5.496893,0.967454,-0.870194,-0.055637,0.000000,0.000000,0.000000,0.000000,0.000000,0.269116,0.872988,-0.028511,-0.872522,-0.255533,0.000000,0.000000,0.000000,65535.000000,0.000000,0.000000,5.496893,0.967454,5.496893,0.967454,0.000000,0.000000,1.000000
10510.000000,5.488322,0.966879,-0.857081,-0.057443,0.000000,0.000000,0.000000,0.000000,0.000000,0.456180,0.871971,-0.031245,-0.871411,0.341452,0.000000,0.000000,0.000000,65535.000000,0.000000,0.000000,5.488322,0.966879,5.488322,0.966879,0.000000,0.000000,1.000000
10520.000000,5.479590,0.966330,-0.873251,-0.054918,0.000000,0.000000,0.000000,0.000000,0.000000,0.473784,0.859004,-0.034232,-0.858321,0.396368,0.000000,0.000000,0.000000,65535.000000,0.000000,0.000000,5.479590,0.966330,5.479590,0.966330,0.000000,0.000000,1.000000
10530.000000,5.470696,0.965796,-0.889366,-0.053401,0.000000,0.000000,0.000000,0.000000,0.000000,0.473784,0.874976,-0.031486,-0.874409,0.394802,0.000000,0.000000,0.000000,65535.000000,0.000000,0.000000,5.470696,0.965796,5.470696,0.965796,0.000000,0.000000,1.000000
10540.000000,5.461593,0.965303,-0.910371,-0.049279,0.000000,0.000000,0.000000,0.000000,0.000000,0.599976,0.890968,-0.029146,-0.890491,0.802252,0.000000,0.000000,0.000000,65535.000000,0.000000,0.000000,5.461593,0.965303,5.461593,0.965303,0.000000,0.000000,1.000000
10550.000000,5.452458,0.964777,-0.913465,-0.052582,0.000000,0.000000,0.000000,0.000000,0.000000,0.640567,0.911704,-0.023784,-0.911393,1.223732,0.000000,0.000000,0.000000,65535.000000,0.000000,0.000000,5.452458,0.964777,5.452458,0.964777,0.000000,0.000000,1.000000
10560.000000,5.443429,0.964185,-0.902832,-0.059261,0.000000,0.000000,0.000000,0.000000,0.000000,0.810985,0.914977,-0.027034,-0.914578,1.458809,0.000000,0.000000,0.000000,65535.000000,0.000000,0.000000,5.443429,0.964185,5.443429,0.964185,0.000000,0.000000,1.000000
10570.000000,5.434666,0.963560,-0.876322,-0.062437,0.000000,0.000000,0.000000,0.000000,0.000000,0.810985,0.904775,-0.034263,-0.904126,1.437813,0.000000,0.000000,0.000000,65535.000000,0.000000,0.000000,5.434666,0.963560,5.434666,0.963560,0.000000,0.000000,1.000000
10580.000000,5.425879,0.962966,-0.878782,-0.059458,0.000000,0.000000,0.000000,0.000000,0.000000,0.810985,0.878543,-0.038048,-0.877719,1.417413,0.000000,0.000000,0.000000,65535.000000,0.000000,0.000000,5.425879,0.962966,5.425879,0.962966,0.000000,0.000000,1.000000
10590.000000,5.416968,0.962289,-0.891073,-0.067686,0.000000,0.000000,0.000000,0.000000,0.000000,0.714648,0.880791,-0.034483,-0.880116,1.091766,0.000000,0.000000,0.000000,65535.000000,0.000000,0.000000,5.416968,0.962289,5.416968,0.962289,0.000000,0.000000,1.000000
10600.000000,5.407810,0.961520,-0.915799,-0.076873,0.000000,0.000000,0.000000,0.000000,0.000000,0.608562,0.893640,-0.042763,-0.892616,0.712353,0.000000,0.000000,0.000000,65535.000000,0.000000,0.000000,5.407810,0.961520,5.407810,0.961520,0.000000,0.000000,1.000000
10610.000000,5.398685,0.960725,-0.912488,-0.079491,0.000000,0.000000,0.000000,0.000000,0.000000,0.860375,0.919020,-0.052426,-0.917523,1.539828,0.000000,0.000000,0.000000,65535.000000,0.000000,0.000000,5.398685,0.960725,5.398685,0.960725,0.000000,0.000000,1.000000
10620.000000,5.389511,0.959980,-0.917452,-0.074538,0.000000,0.000000,0.000000,0.000000,0.000000,0.886083,0.915944,-0.056396,-0.914206,1.687750,0.000000,0.000000,0.000000,65535.000000,0.000000,0.000000,5.389511,0.959980,5.389511,0.959980,0.000000,0.000000,1.000000
10630.000000,5.380274,0.959152,-0.923648,-0.082826,0.000000,0.000000,0.000000,0.000000,0.000000,0.886083,0.920475,-0.050983,-0.919062,1.659710,0.000000,0.000000,0.000000,65535.000000,0.000000,0.000000,5.380274,0.959152,5.380274,0.959152,0.000000,0.000000,1.000000
10640.000000,5.370904,0.958219,-0.936975,-0.093247,0.000000,0.000000,0.000000,0.000000,0.000000,0.634884,0.927354,-0.058782,-0.925490,1.688207,0.000000,0.000000,0.000000,65535.000000,0.000000,0.000000,5.370904,0.958219,5.370904,0.958219,0.000000,0.000000,1.000000
10650.000000,5.361693,0.957251,-0.921117,-0.096815,0.000000,0.000000,0.000000,0.000000,0.000000,0.634884,0.941603,-0.068804,-0.939086,1.660152,0.000000,0.000000,0.000000,65535.000000,0.000000,0.000000,5.361693,0.957251,5.361693,0.957251,0.000000,0.000000,1.000000
10660.000000,5.352572,0.956313,-0.912146,-0.093867,0.000000,0.000000,0.000000,0.000000,0.000000,0.634884,0.926191,-0.072995,-0.923310,1.633014,0.000000,0.000000,0.000000,65535.000000,0.000000,0.000000,5.352572,0.956313,5.352572,0.956313,0.000000,0.000000,1.000000
10670.000000,5.343334,0.955370,-0.923839,-0.094227,0.000000,0.000000,0.000000,0.000000,0.000000,0.378583,0.916964,-0.069680,-0.914312,0.591608,0.000000,0.000000,0.000000,65535.000000,0.000000,0.000000,5.343334,0.955370,5.343334,0.955370,0.000000,0.000000,1.000000
10680.000000,5.333864,0.954465,-0.946969,-0.090509,0.000000,0.000000,0.000000,0.000000,0.000000,0.308393,0.928632,-0.069607,-0.926020,0.295102,0.000000,0.000000,0.000000,65535.000000,0.000000,0.000000,5.333864,0.954465,5.333864,0.954465,0.000000,0.000000,1.000000
10690.000000,5.324297,0.953697,-0.956660,-0.076854,0.000000,0.000000,0.000000,0.000000,0.000000,0.336662,0.951284,-0.064983,-0.949062,0.461343,0.000000,0.000000,0.000000,65535.000000,0.000000,0.000000,5.324297,0.953697,5.324297,0.953697,0.000000,0.000000,1.000000
10700.000000,5.314718,0.953061,-0.957927,-0.063533,0.000000,0.000000,0.000000,0.000000,0.000000,0.374514,0.959742,-0.051021,-0.958385,0.654726,0.000000,0.000000,0.000000,65535.000000,0.000000,0.000000,5.314718,0.953061,5.314718,0.953061,0.000000,0.000000,1.000000
10710.000000,5.305018,0.952603,-0.970002,-0.045827,0.000000,0.000000,0.000000,0.000000,0.000000,1.350423,0.960031,-0.037870,-0.959284,2.615103,0.000000,0.000000,0.000000,65535.000000,0.000000,0.000000,5.305018,0.952603,5.305018,0.952603,0.000000,0.000000,1.000000
10720.000000,5.295208,0.952344,-0.981081,-0.025904,0.000000,0.000000,0.000000,0.000000,0.000000,1.350423,0.971084,-0.020635,-0.970865,2.548393,0.000000,0.000000,0.000000,65535.000000,0.000000,0.000000,5.295208,0.952344,5.295208,0.952344,0.000000,0.000000,1.000000
10730.000000,5.285493,0.952281,-0.971484,-0.006334,0.000000,0.000000,0.000000,0.000000,0.000000,1.087873,0.981423,-0.001548,-0.981422,1.966646,0.000000,0.000000,0.000000,65535.000000,0.000000,0.000000,5.285493,0.952281,5.285493,0.952281,0.000000,0.000000,1.000000
10740.000000,5.275705,0.952381,-0.978769,0.009995,0.000000,0.000000,0.000000,0.000000,0.000000,1.182037,0.971505,0.016714,-0.971361,0.793565,0.000000,0.000000,0.000000,65535.000000,0.000000,0.000000,5.275705,0.952381,5.275705,0.952381,0.000000,0.000000,1.000000
10750.000000,5.265615,0.952690,-1.009036,0.030965,0.000000,0.000000,0.000000,0.000000,0.000000,1.287132,0.978820,0.032506,-0.978280,3.232488,0.000000,0.000000,0.000000,65535.000000,0.000000,0.000000,5.265615,0.952690,5.265615,0.952690,0.000000,0.000000,1.000000
10760.000000,5.255261,0.953404,-1.035403,0.071369,0.000000,0.000000,0.000000,0.000000,0.000000,1.640244,1.009511,0.054634,-1.008032,3.448888,0.000000,0.000000,0.000000,65535.000000,0.000000,0.000000,5.255261,0.953404,5.255261,0.953404,0.000000,0.000000,1.000000
10770.000000,5.244744,0.954311,-1.051721,0.090672,0.000000,0.000000,0.000000,0.000000,0.000000,1.824656,1.037859,0.098314,-1.033192,3.770397,0.000000,0.000000,0.000000,65535.000000,0.000000,0.000000,5.244744,0.954311,5.244744,0.954311,0.000000,0.000000,1.000000
10780.000000,5.233848,0.955358,-1.089558,0.104767,0.000000,0.000000,0.000000,0.000000,0.000000,2.092341,1.055622,0.121209,-1.048641,4.506903,0.000000,0.000000,0.000000,65535.000000,0.000000,0.000000,5.233848,0.955358,5.233848,0.955358,0.000000,0.000000,1.000000
10790.000000,5.222667,0.956408,-1.118108,0.104999,0.000000,0.000000,0.000000,0.000000,0.000000,2.147359,1.094584,0.139192,-1.085698,4.382357,0.000000,0.000000,0.000000,65535.000000,0.000000,0.000000,5.222667,0.956408,5.222667,0.956408,0.000000,0.000000,1.000000
10800.000000,5.211154,0.957430,-1.151290,0.102186,0.000000,0.000000,0.000000,0.000000,0.000000,2.147359,1.123027,0.142382,-1.113965,4.198192,0.000000,0.000000,0.000000,65535.000000,0.000000,0.000000,5.211154,0.957430,5.211154,0.957430,0.000000,0.000000,1.000000
10810.000000,5.199669,0.958402,-1.148578,0.097133,0.000000,0.000000,0.000000,0.000000,0.000000,1.970112,1.155815,0.141070,-1.147174,3.887712,0.000000,0.000000,0.000000,65535.000000,0.000000,0.000000,5.199669,0.958402,5.199669,0.958402,0.000000,0.000000,1.000000
10820.000000,5.188220,0.959191,-1.144878,0.078927,0.000000,0.000000,0.000000,0.000000,0.000000,1.519259,1.152678,0.134376,-1.144819,2.376091,0.000000,0.000000,0.000000,65535.000000,0.000000,0.000000,5.188220,0.959191,5.188220,0.959191,0.000000,0.000000,1.000000
10830.000000,5.176996,0.959833,-1.122402,0.064256,0.000000,0.000000,0.000000,0.000000,0.000000,0.659788,1.147596,0.113256,-1.141994,0.260234,0.000000,0.000000,0.000000,65535.000000,0.000000,0.000000,5.176996,0.959833,5.176996,0.959833,0.000000,0.000000,1.000000
10840.000000,5.165959,0.960375,-1.103741,0.054151,0.000000,0.000000,0.000000,0.000000,0.000000,0.605088,1.124240,0.094400,-1.120270,0.126585,0.000000,0.000000,0.000000,65535.000000,0.000000,0.000000,5.165959,0.960375,5.165959,0.960375,0.000000,0.000000,1.000000
10850.000000,5.155945,0.960153,-1.001378,-0.022138,0.000000,0.000000,0.000000,0.000000,0.000000,0.605088,1.105069,0.080860,-1.102106,0.126424,0.000000,0.000000,0.000000,65535.000000,0.000000,0.000000,5.155945,0.960153,5.155945,0.960153,0.000000,0.000000,1.000000
10860.000000,5.145987,0.959819,-0.995806,-0.033408,0.000000,0.000000,0.000000,0.000000,0.000000,0.594476,1.081805,0.074509,-1.079236,0.099713,0.000000,0.000000,0.000000,65535.000000,0.000000,0.000000,5.145987,0.959819,5.145987,0.959819,0.000000,0.000000,1.000000
10870.000000,5.135785,0.959324,-1.020247,-0.049504,0.000000,0.000000,0.000000,0.000000,0.000000,0.823852,1.086981,0.083040,-1.083805,0.676694,0.000000,0.000000,0.000000,65535.000000,0.000000,0.000000,5.135785,0.959324,5.135785,0.959324,0.000000,0.000000,1.000000
10880.000000,5.124861,0.958945,-1.092340,-0.037895,0.000000,0.000000,0.000000,0.000000,0.000000,1.272745,1.122852,0.092858,-1.119006,1.792555,0.000000,0.000000,0.000000,65535.000000,0.000000,0.000000,5.124861,0.958945,5.124861,0.958945,0.000000,0.000000,1.000000
10890.000000,5.113473,0.958423,-1.138818,-0.052264,0.000000,0.000000,0.000000,0.000000,0.000000,1.793648,1.188668,0.087764,-1.185423,2.341448,0.000000,0.000000,0.000000,65535.000000,0.000000,0.000000,5.113473,0.958423,5.113473,0.958423,0.000000,0.000000,1.000000
10900.000000,5.102019,0.957833,-1.145389,-0.058966,0.000000,0.000000,0.000000,0.000000,0.000000,2.066891,1.203532,0.059121,-1.202078,5.697303,0.000000,0.000000,0.000000,65535.000000,0.000000,0.000000,5.102019,0.957833,5.102019,0.957833,0.000000,0.000000,1.000000
10910.000000,5.090923,0.957259,-1.109602,-0.057398,0.000000,0.000000,0.000000,0.000000,0.000000,2.478758,1.193821,0.044151,-1.193005,6.340096,0.000000,0.000000,0.000000,65535.000000,0.000000,0.000000,5.090923,0.957259,5.090923,0.957259,0.000000,0.000000,1.000000
10920.000000,5.079908,0.956692,-1.101454,-0.056726,0.000000,0.000000,0.000000,0.000000,0.000000,2.587139,1.173008,0.057858,-1.171580,5.961737,0.000000,0.000000,0.000000,65535.000000,0.000000,0.000000,5.079908,0.956692,5.079908,0.956692,0.000000,0.000000,1.000000
10930.000000,5.069215,0.956367,-1.069344,-0.032524,0.000000,0.000000,0.000000,0.000000,0.000000,2.587139,1.179894,0.071508,-1.177725,5.625994,0.000000,0.000000,0.000000,65535.000000,0.000000,0.000000,5.069215,0.956367,5.069215,0.956367,0.000000,0.000000,1.000000
10940.000000,5.058582,0.956257,-1.063281,-0.010927,0.000000,0.000000,0.000000,0.000000,0.000000,2.325415,1.172147,0.093628,-1.168402,4.923759,0.000000,0.000000,0.000000,65535.000000,0.000000,0.000000,5.058582,0.956257,5.058582,0.956257,0.000000,0.000000,1.000000
10950.000000,5.047874,0.956287,-1.070737,0.002942,0.000000,0.000000,0.000000,0.000000,0.000000,2.504812,1.177460,0.109826,-1.172327,3.420301,0.000000,0.000000,0.000000,65535.000000,0.000000,0.000000,5.047874,0.956287,5.047874,0.956287,0.000000,0.000000,1.000000
10960.000000,5.036997,0.956445,-1.087740,0.015803,0.000000,0.000000,0.000000,0.000000,0.000000,1.707187,1.191104,0.126315,-1.184388,1.838957,0.000000,0.000000,0.000000,65535.000000,0.000000,0.000000,5.036997,0.956445,5.036997,0.956445,0.000000,0.000000,1.000000
10970.000000,5.026111,0.956748,-1.088588,0.030322,0.000000,0.000000,0.000000,0.000000,0.000000,0.994872,1.222260,0.148869,-1.213160,0.487109,0.000000,0.000000,0.000000,65535.000000,0.000000,0.000000,5.026111,0.956748,5.026111,0.956748,0.000000,0.000000,1.000000
10980.000000,5.014931,0.957046,-1.118041,0.029833,0.000000,0.000000,0.000000,0.000000,0.000000,1.207531,1.223598,0.161409,-1.212905,0.882008,0.000000,0.000000,0.000000,65535.000000,0.000000,0.000000,5.014931,0.957046,5.014931,0.957046,0.000000,0.000000,1.000000
10990.000000,5.003157,0.957107,-1.177358,0.006026,0.000000,0.000000,0.000000,0.000000,0.000000,1.207531,1.202149,0.119387,-1.196206,0.874289,0.000000,0.000000,0.000000,65535.000000,0.000000,0.000000,5.003157,0.957107,5.003157,0.957107,0.000000,0.000000,1.000000
11000.000000,4.992871,0.956927,-1.028625,-0.017945,1.000000,1.000000,1.000000,3.000000,1.000000,1.355138,1.166010,0.010497,-1.165963,1.145387,0.000000,0.000000,0.000000,65535.000000,0.000000,0.000000,4.992871,0.956927,4.992871,0.956927,0.000000,0.000000,1.000000
11010.000000,4.982361,0.955488,-1.050934,-0.143903,1.000000,1.000000,1.000000,3.000000,1.000000,1.976835,1.134255,-0.096270,-1.130162,2.283928,1.000000,0.000000,1.000000,6.000000,4.992871,0.956927,5.000000,1.000000,5.000000,1.000000,0.001906,1.000000,1.000000
11020.000000,4.989444,0.997974,-1.055600,-0.202612,1.000000,1.000000,1.000000,3.000000,1.000000,2.203326,1.130052,-0.165751,-1.117830,3.136565,0.000000,0.000000,1.000000,6.000000,4.992871,0.956927,4.989444,0.997974,4.989444,0.997974,0.001906,1.000000,1.000000
11030.000000,4.978747,0.995699,-1.069703,-0.227458,1.000000,1.000000,1.000000,3.000000,1.000000,2.203326,1.165810,-0.234581,-1.141966,3.041084,0.000000,0.000000,1.000000,6.000000,4.992871,0.956927,4.978747,0.995699,4.978747,0.995699,0.001906,1.000000,1.000000
11040.000000,4.967783,0.993303,-1.096368,-0.239670,1.000000,1.000000,1.000000,3.000000,1.000000,1.876777,1.244394,-0.302358,-1.207103,2.951245,0.000000,0.000000,1.000000,6.000000,4.992871,0.956927,4.967783,0.993303,4.967783,0.993303,0.001906,1.000000,1.000000
11050.000000,4.956819,0.990879,-1.096411,-0.242376,1.000000,1.000000,1.000000,3.000000,1.000000,1.244895,1.321637,-0.349207,-1.274668,1.745948,0.000000,0.000000,1.000000,6.000000,4.992871,0.956927,4.956819,0.990879,4.956819,0.990879,0.001906,1.000000,1.000000
11060.000000,4.945550,0.988151,-1.126861,-0.272751,1.000000,1.000000,1.000000,3.000000,1.000000,0.832875,1.347310,-0.370122,-1.295475,0.624009,0.000000,0.000000,1.000000,6.000000,4.992871,0.956927,4.945550,0.988151,4.945550,0.988151,0.001906,1.000000,1.000000
11070.000000,4.934205,0.985200,-1.134533,-0.295143,1.000000,1.000000,1.000000,3.000000,1.000000,0.884404,1.410774,-0.417638,-1.347539,0.148175,0.000000,0.000000,1.000000,6.000000,4.992871,0.956927,4.934205,0.985200,4.934205,0.985200,0.001906,1.000000,1.000000
11080.000000,4.922852,0.982099,-1.135345,-0.310065,1.000000,1.000000,1.000000,3.000000,1.000000,1.415350,1.429183,-0.442887,-1.358829,1.659344,0.000000,0.000000,1.000000,6.000000,4.992871,0.956927,4.922852,0.982099,4.922852,0.982099,0.001906,1.000000,1.000000
11090.000000,4.911651,0.979017,-1.120065,-0.308184,1.000000,1.000000,1.000000,3.000000,1.000000,1.956602,1.428928,-0.454465,-1.354731,2.594302,0.000000,0.000000,1.000000,6.000000,4.992871,0.956927,4.911651,0.979017,4.911651,0.979017,0.001906,1.000000,1.000000
11100.000000,4.900132,0.975906,-1.151963,-0.311153,1.000000,1.000000,1.000000,3.000000,1.000000,2.042114,1.436145,-0.472041,-1.356351,3.144064,0.000000,0.000000,1.000000,6.000000,4.992871,0.956927,4.900132,0.975906,4.900132,0.975906,0.001906,1.000000,1.000000
11110.000000,4.888747,0.973206,-1.138516,-0.269952,1.000000,1.000000,1.000000,3.000000,1.000000,2.051300,1.461532,-0.471057,-1.383539,3.472306,0.000000,0.000000,1.000000,6.000000,4.992871,0.956927,4.888747,0.973206,4.888747,0.973206,0.001906,1.000000,1.000000
11120.000000,4.878077,0.971539,-1.067003,-0.166735,0.000000,1.000000,0.000000,3.000000,2.000000,2.051300,1.407203,-0.408955,-1.346468,3.355670,0.000000,0.000000,1.000000,6.000000,4.992871,0.956927,4.878077,0.971539,4.878077,0.971539,0.001906,1.000000,1.000000
11130.000000,4.868197,0.970644,-0.987917,-0.089546,0.000000,1.000000,0.000000,3.000000,2.000000,1.792508,1.353008,-0.341383,-1.309232,3.246615,0.000000,0.000000,1.000000,6.000000,4.992871,0.956927,4.868197,0.970644,4.868197,0.970644,0.001906,1.000000,1.000000
11140.000000,4.858559,0.970165,-0.963834,-0.047833,0.000000,1.000000,0.000000,3.000000,2.000000,2.079166,1.301555,-0.300548,-1.266379,1.781523,0.000000,0.000000,1.000000,6.000000,4.992871,0.956927,4.858559,0.970165,4.858559,0.970165,0.001906,1.000000,1.000000
11150.000000,4.848833,0.969589,-0.972672,-0.057617,0.000000,1.000000,0.000000,3.000000,2.000000,2.079166,1.267253,-0.261082,-1.240067,1.750309,0.000000,0.000000,1.000000,6.000000,4.992871,0.956927,4.848833,0.969589,4.848833,0.969589,0.001906,1.000000,1.000000
11160.000000,4.838599,0.968756,-1.023410,-0.083267,0.000000,1.000000,0.000000,3.000000,2.000000,1.678022,1.268322,-0.254515,-1.242523,1.109210,0.000000,0.000000,1.000000,6.000000,4.992871,0.956927,4.838599,0.968756,4.838599,0.968756,0.001906,1.000000,1.000000
11170.000000,4.827928,0.967550,-1.067097,-0.120595,0.000000,1.000000,0.000000,3.000000,2.000000,1.685336,1.332620,-0.277960,-1.303309,1.070827,0.000000,0.000000,1.000000,6.000000,4.992871,0.956927,4.827928,0.967550,4.827928,0.967550,0.001906,1.000000,1.000000
11180.000000,4.816535,0.965921,-1.139300,-0.162927,0.000000,1.000000,0.000000,3.000000,2.000000,1.685336,1.375465,-0.301515,-1.342010,1.059470,0.000000,0.000000,1.000000,6.000000,4.992871,0.956927,4.816535,0.965921,4.816535,0.965921,0.001906,1.000000,1.000000
11190.000000,4.804667,0.963911,-1.186764,-0.201042,0.000000,1.000000,0.000000,3.000000,2.000000,1.685336,1.428676,-0.312706,-1.394034,1.048352,0.000000,0.000000,1.000000,6.000000,4.992871,0.956927,4.804667,0.963911,4.804667,0.963911,0.001906,1.000000,1.000000
11200.000000,4.793185,0.962215,-1.148228,-0.169561,0.000000,1.000000,0.000000,3.000000,2.000000,1.416946,1.490995,-0.349673,-1.449412,0.654711,0.000000,0.000000,1.000000,6.000000,4.992871,0.956927,4.793185,0.962215,4.793185,0.962215,0.001906,1.000000,1.000000
11210.000000,4.782583,0.960965,-1.060147,-0.124971,0.000000,1.000000,0.000000,3.000000,2.000000,1.516062,1.477977,-0.347509,-1.436542,0.818412,0.000000,0.000000,1.000000,6.000000,4.992871,0.956927,4.782583,0.960965,4.782583,0.960965,0.001906,1.000000,1.000000
11220.000000,4.772231,0.959822,-1.035256,-0.114321,0.000000,1.000000,0.000000,3.000000,2.000000,1.516062,1.410942,-0.334405,-1.370741,0.811761,0.000000,0.000000,1.000000,6.000000,4.992871,0.956927,4.772231,0.959822,4.772231,0.959822,0.001906,1.000000,1.000000
11230.000000,4.761596,0.958637,-1.063483,-0.118489,0.000000,1.000000,0.000000,3.000000,2.000000,1.516062,1.413781,-0.350565,-1.369628,0.805219,0.000000,0.000000,1.000000,6.000000,4.992871,0.956927,4.761596,0.958637,4.761596,0.958637,0.001906,1.000000,1.000000
11240.000000,4.750175,0.957265,-1.142014,-0.137223,0.000000,1.000000,0.000000,3.000000,0.000000,1.346389,1.397778,-0.319925,-1.360673,0.534351,0.000000,0.000000,1.000000,6.000000,4.992871,0.956927,4.750175,0.957265,4.750175,0.957265,0.001906,1.000000,1.000000
11250.000000,4.738649,0.955879,-1.152611,-0.138616,0.000000,1.000000,0.000000,3.000000,0.000000,0.694356,1.399292,-0.272980,-1.372407,-0.490479,0.000000,0.000000,1.000000,6.000000,4.992871,0.956927,4.738649,0.955879,4.738649,0.955879,0.001906,1.000000,1.000000
11260.000000,4.727876,0.955382,-1.077365,-0.049648,0.000000,1.000000,0.000000,3.000000,0.000000,0.884066,1.285943,-0.178732,-1.273461,-0.188047,0.000000,0.000000,1.000000,6.000000,4.992871,0.956927,4.727876,0.955382,4.727876,0.955382,0.001906,1.000000,1.000000
11270.000000,4.717151,0.955559,-1.072497,0.017645,0.000000,1.000000,0.000000,3.000000,0.000000,0.885682,1.164384,-0.078992,-1.161702,-0.185139,0.000000,0.000000,1.000000,6.000000,4.992871,0.956927,4.717151,0.955559,4.717151,0.955559,0.001906,1.000000,1.000000
11280.000000,4.707106,0.955480,-1.004454,-0.007837,0.000000,1.000000,0.000000,3.000000,0.000000,0.885682,1.074478,-0.004013,-1.074471,-0.184796,0.000000,0.000000,1.000000,6.000000,4.992871,0.956927,4.707106,0.955480,4.707106,0.955480,0.001906,1.000000,1.000000
11290.000000,4.696867,0.956000,-1.023980,0.051948,0.000000,1.000000,0.000000,3.000000,0.000000,1.130256,1.034921,0.068848,-1.032628,0.212104,0.000000,0.000000,1.000000,6.000000,4.992871,0.956927,4.696867,0.956000,4.696867,0.956000,0.001906,1.000000,1.000000
11300.000000,4.686873,0.956413,-0.999317,0.041330,0.000000,1.000000,0.000000,3.000000,0.000000,1.217137,1.028175,0.105079,-1.022791,0.352467,0.000000,0.000000,1.000000,6.000000,4.992871,0.956927,4.686873,0.956413,4.686873,0.956413,0.001906,1.000000,1.000000
11310.000000,4.676859,0.956904,-1.001419,0.049079,0.000000,1.000000,0.000000,3.000000,0.000000,1.217137,1.022246,0.112278,-1.016062,0.351227,0.000000,0.000000,1.000000,6.000000,4.992871,0.956927,4.676859,0.956904,4.676859,0.956904,0.001906,1.000000,1.000000
11320.000000,4.666752,0.957267,-1.010690,0.036320,0.000000,1.000000,0.000000,3.000000,0.000000,1.215002,1.002621,0.101651,-0.997455,0.346459,0.000000,0.000000,1.000000,6.000000,4.992871,0.956927,4.666752,0.957267,4.666752,0.957267,0.001906,1.000000,1.000000
11330.000000,4.656613,0.957466,-1.013880,0.019856,0.000000,1.000000,0.000000,3.000000,0.000000,0.842539,1.011343,0.089237,-1.007398,0.099289,0.000000,0.000000,1.000000,6.000000,4.992871,0.956927,4.656613,0.957466,4.656613,0.957466,0.001906,1.000000,1.000000
11340.000000,4.646259,0.957484,-1.035418,0.001864,0.000000,1.000000,0.000000,3.000000,0.000000,0.842539,1.014074,0.073110,-1.011435,0.078375,0.000000,0.000000,1.000000,6.000000,4.992871,0.956927,4.646259,0.957484,4.646259,0.957484,0.001906,1.000000,1.000000
11350.000000,4.635707,0.957336,-1.055207,-0.014873,0.000000,1.000000,0.000000,3.000000,0.000000,0.676855,1.035419,0.056012,-1.033903,-0.232948,0.000000,0.000000,1.000000,6.000000,4.992871,0.956927,4.635707,0.957336,4.635707,0.957336,0.001906,1.000000,1.000000
11360.000000,4.625103,0.957087,-1.060459,-0.024844,0.000000,1.000000,0.000000,3.000000,0.000000,0.736132,1.055311,0.038971,-1.054592,-0.232406,0.000000,0.000000,1.000000,6.000000,4.992871,0.956927,4.625103,0.957087,4.625103,0.957087,0.001906,1.000000,1.000000
11370.000000,4.614659,0.956768,-1.044348,-0.031920,0.000000,1.000000,0.000000,3.000000,0.000000,0.736132,1.060750,0.027199,-1.060401,-0.422665,0.000000,0.000000,1.000000,6.000000,4.992871,0.956927,4.614659,0.956768,4.614659,0.956768,0.001906,1.000000,1.000000
11380.000000,4.604245,0.956429,-1.041471,-0.033954,0.000000,1.000000,0.000000,3.000000,0.000000,0.406521,1.044835,0.018663,-1.044669,-1.027050,0.000000,0.000000,1.000000,6.000000,4.992871,0.956927,4.604245,0.956429,4.604245,0.956429,0.001906,1.000000,1.000000
11390.000000,4.593815,0.956046,-1.043006,-0.038294,0.000000,1.000000,0.000000,3.000000,0.000000,0.212598,1.042025,0.016039,-1.041901,-1.345898,0.000000,0.000000,1.000000,6.000000,4.992871,0.956927,4.593815,0.956046,4.593815,0.956046,0.001906,1.000000,1.000000
11400.000000,4.583282,0.955710,-1.053259,-0.033575,0.000000,1.000000,0.000000,3.000000,0.000000,0.236879,1.043709,0.011156,-1.043649,-1.286848,0.000000,0.000000,1.000000,6.000000,4.992871,0.956927,4.583282,0.955710,4.583282,0.955710,0.001906,1.000000,1.000000
11410.000000,4.572672,0.955430,-1.061053,-0.027954,0.000000,1.000000,0.000000,3.000000,0.000000,0.237248,1.053794,0.015355,-1.053683,-1.269865,0.000000,0.000000,1.000000,6.000000,4.992871,0.956927,4.572672,0.955430,4.572672,0.955430,0.001906,1.000000,1.000000
11420.000000,4.561937,0.955189,-1.073440,-0.024080,0.000000,1.000000,0.000000,3.000000,0.000000,0.237248,1.061421,0.020550,-1.061222,-1.253926,0.000000,0.000000,1.000000,6.000000,4.992871,0.956927,4.561937,0.955189,4.561937,0.955189,0.001906,1.000000,1.000000
11430.000000,4.551073,0.954949,-1.086446,-0.024087,0.000000,1.000000,0.000000,3.000000,0.000000,0.442572,1.073710,0.024394,-1.073433,-0.900685,0.000000,0.000000,1.000000,6.000000,4.992871,0.956927,4.551073,0.954949,4.551073,0.954949,0.001906,1.000000,1.000000
11440.000000,4.540168,0.954760,-1.090493,-0.018826,0.000000,1.000000,0.000000,3.000000,0.000000,0.454717,1.086713,0.024137,-1.086445,-0.653233,0.000000,0.000000,1.000000,6.000000,4.992871,0.956927,4.540168,0.954760,4.540168,0.954760,0.001906,1.000000,1.000000
11450.000000,4.529555,0.954625,-1.061302,-0.013536,0.000000,1.000000,0.000000,3.000000,0.000000,0.758532,1.090656,0.027905,-1.090299,0.323088,0.000000,0.000000,1.000000,6.000000,4.992871,0.956927,4.529555,0.954625,4.529555,0.954625,0.001906,1.000000,1.000000
11460.000000,4.518983,0.954539,-1.057248,-0.008631,0.000000,1.000000,0.000000,3.000000,0.000000,0.758532,1.061388,0.030218,-1.060958,0.322046,0.000000,0.000000,1.000000,6.000000,4.992871,0.956927,4.518983,0.954539,4.518983,0.954539,0.001906,1.000000,1.000000
11470.000000,4.508196,0.954429,-1.078680,-0.010921,0.000000,1.000000,0.000000,3.000000,0.000000,0.758532,1.057283,0.034256,-1.056728,0.321011,0.000000,0.000000,1.000000,6.000000,4.992871,0.956927,4.508196,0.954429,4.508196,0.954429,0.001906,1.000000,1.000000
11480.000000,4.497133,0.954117,-1.106267,-0.031277,0.000000,1.000000,0.000000,3.000000,0.000000,0.588919,1.078735,0.032155,-1.078256,-0.185311,0.000000,0.000000,1.000000,6.000000,4.992871,0.956927,4.497133,0.954117,4.497133,0.954117,0.001906,1.000000,1.000000
11490.000000,4.486134,0.953550,-1.099938,-0.056706,0.000000,1.000000,0.000000,3.000000,0.000000,0.527074,1.106710,0.012547,-1.106638,-0.194427,0.000000,0.000000,1.000000,6.000000,4.992871,0.956927,4.486134,0.953550,4.486134,0.953550,0.001906,1.000000,1.000000
11500.000000,4.475207,0.952849,-1.092697,-0.070073,0.000000,1.000000,0.000000,3.000000,0.000000,0.769711,1.101398,-0.013232,-1.101319,0.238044,0.000000,0.000000,1.000000,6.000000,4.992871,0.956927,4.475207,0.952849,4.475207,0.952849,0.001906,1.000000,1.000000
11510.000000,4.464430,0.952174,-1.077672,-0.067449,0.000000,1.000000,0.000000,3.000000,0.000000,0.769711,1.094942,-0.027097,-1.094606,0.237478,0.000000,0.000000,1.000000,6.000000,4.992871,0.956927,4.464430,0.952174,4.464430,0.952174,0.001906,1.000000,1.000000
11520.000000,4.453756,0.951611,-1.067425,-0.056310,0.000000,1.000000,0.000000,3.000000,0.000000,1.073543,1.079780,-0.026451,-1.079456,1.000284,0.000000,0.000000,1.000000,6.000000,4.992871,0.956927,4.453756,0.951611,4.453756,0.951611,0.001906,1.000000,1.000000
11530.000000,4.443355,0.951211,-1.040084,-0.039993,0.000000,1.000000,0.000000,3.000000,0.000000,1.073543,1.068909,-0.016895,-1.068775,0.990368,0.000000,0.000000,1.000000,6.000000,4.992871,0.956927,4.443355,0.951211,4.443355,0.951211,0.001906,1.000000,1.000000
11540.000000,4.432992,0.950882,-1.036281,-0.032926,0.000000,1.000000,0.000000,3.000000,0.000000,1.073543,1.040853,-0.002523,-1.040850,0.980646,0.000000,0.000000,1.000000,6.000000,4.992871,0.956927,4.432992,0.950882,4.432992,0.950882,0.001906,1.000000,1.000000
11550.000000,4.422865,0.950643,-1.012708,-0.023958,0.000000,1.000000,0.000000,3.000000,0.000000,0.805024,1.036804,0.003031,-1.036800,0.301681,0.000000,0.000000,1.000000,6.000000,4.992871,0.956927,4.422865,0.950643,4.422865,0.950643,0.001906,1.000000,1.000000
11560.000000,4.413134,0.950593,-0.973136,-0.004918,0.000000,1.000000,0.000000,3.000000,0.000000,0.805024,1.012992,0.009712,-1.012945,0.300772,0.000000,0.000000,1.000000,6.000000,4.992871,0.956927,4.413134,0.950593,4.413134,0.950593,0.001906,1.000000,1.000000
11570.000000,4.403785,0.950617,-0.934873,0.002369,0.000000,1.000000,0.000000,3.000000,0.000000,0.505170,0.973149,0.026244,-0.972795,-0.432970,0.000000,0.000000,1.000000,6.000000,4.992871,0.956927,4.403785,0.950617,4.403785,0.950617,0.001906,1.000000,1.000000
11580.000000,4.394717,0.950562,-0.906848,-0.005545,0.000000,1.000000,0.000000,3.000000,0.000000,0.453977,0.934876,0.031161,-0.934357,-0.431102,0.000000,0.000000,1.000000,6.000000,4.992871,0.956927,4.394717,0.950562,4.394717,0.950562,0.001906,1.000000,1.000000
11590.000000,4.385923,0.950485,-0.879379,-0.007712,0.000000,1.000000,0.000000,3.000000,0.000000,0.373825,0.906865,0.021096,-0.906620,-1.024183,0.000000,0.000000,1.000000,6.000000,4.992871,0.956927,4.385923,0.950485,4.385923,0.950485,0.001906,1.000000,1.000000
11600.000000,4.377197,0.950287,-0.872566,-0.019790,0.000000,1.000000,0.000000,3.000000,0.000000,0.330822,0.879412,0.016878,-0.879250,-1.192747,0.000000,0.000000,1.000000,6.000000,4.992871,0.956927,4.377197,0.950287,4.377197,0.950287,0.001906,1.000000,1.000000
11610.000000,4.368686,0.950005,-0.851146,-0.028195,0.000000,1.000000,0.000000,3.000000,0.000000,0.223343,0.872790,0.003167,-0.872785,-1.375376,0.000000,0.000000,1.000000,6.000000,4.992871,0.956927,4.368686,0.950005,4.368686,0.950005,0.001906,1.000000,1.000000
11620.000000,4.360496,0.949789,-0.818986,-0.021602,0.000000,1.000000,0.000000,3.000000,0.000000,0.726946,0.851613,-0.007215,-0.851583,-0.987124,0.000000,0.000000,1.000000,6.000000,4.992871,0.956927,4.360496,0.949789,4.360496,0.949789,0.001906,1.000000,1.000000
11630.000000,4.352899,0.949852,-0.759725,0.006290,0.000000,1.000000,0.000000,3.000000,0.000000,0.379706,0.819271,-0.003122,-0.819265,-0.977465,0.000000,0.000000,1.000000,6.000000,4.992871,0.956927,4.352899,0.949852,4.352899,0.949852,0.001906,1.000000,1.000000
11640.000000,4.345747,0.950171,-0.715124,0.031951,0.000000,1.000000,0.000000,3.000000,0.000000,0.977827,0.759751,0.021636,-0.759443,0.043846,0.000000,0.000000,1.000000,6.000000,4.992871,0.956927,4.345747,0.950171,4.345747,0.950171,0.001906,1.000000,1.000000
11650.000000,4.338929,0.950496,-0.681884,0.032528,0.000000,1.000000,0.000000,3.000000,0.000000,0.977827,0.715837,0.044688,-0.714441,0.043826,0.000000,0.000000,1.000000,6.000000,4.992871,0.956927,4.338929,0.950496,4.338929,0.950496,0.001906,1.000000,1.000000
11660.000000,4.332268,0.950702,-0.666117,0.020530,0.000000,1.000000,0.000000,3.000000,0.000000,0.963342,0.682660,0.043140,-0.681295,0.019338,0.000000,0.000000,1.000000,6.000000,4.992871,0.956927,4.332268,0.950702,4.332268,0.950702,0.001906,1.000000,1.000000
11670.000000,4.325752,0.950819,-0.651600,0.011710,0.000000,1.000000,0.000000,3.000000,0.000000,0.887956,0.666434,0.029759,-0.665769,-0.157745,0.000000,0.000000,1.000000,6.000000,4.992871,0.956927,4.325752,0.950819,4.325752,0.950819,0.001906,1.000000,1.000000
11680.000000,4.319435,0.950912,-0.631699,0.009284,0.000000,1.000000,0.000000,3.000000,0.000000,0.808502,0.651705,0.019581,-0.651411,-0.347573,0.000000,0.000000,1.000000,6.000000,4.992871,0.956927,4.319435,0.950912,4.319435,0.950912,0.001906,1.000000,1.000000
11690.000000,4.313447,0.950965,-0.598782,0.005342,0.000000,1.000000,0.000000,3.000000,0.000000,0.739575,0.631767,0.015948,-0.631566,-0.454163,0.000000,0.000000,1.000000,6.000000,4.992871,0.956927,4.313447,0.950965,4.313447,0.950965,0.001906,1.000000,1.000000
11700.000000,4.307551,0.950943,-0.589557,-0.002186,0.000000,1.000000,0.000000,3.000000,0.000000,0.500663,0.598806,0.011100,-0.598703,-0.871847,0.000000,0.000000,1.000000,6.000000,4.992871,0.956927,4.307551,0.950943,4.307551,0.950943,0.001906,1.000000,1.000000
11710.000000,4.301589,0.950724,-0.596207,-0.021928,0.000000,1.000000,0.000000,3.000000,0.000000,0.211167,0.589561,0.002890,-0.589554,-1.422412,0.000000,0.000000,1.000000,6.000000,4.992871,0.956927,4.301589,0.950724,4.301589,0.950724,0.001906,1.000000,1.000000
11720.000000,4.295751,0.950508,-0.583873,-0.021586,0.000000,1.000000,0.000000,3.000000,0.000000,0.264243,0.596610,-0.017852,-0.596343,-1.301103,0.000000,0.000000,1.000000,6.000000,4.992871,0.956927,4.295751,0.950508,4.295751,0.950508,0.001906,1.000000,1.000000
11730.000000,4.290242,0.950367,-0.550821,-0.014133,0.000000,1.000000,0.000000,3.000000,0.000000,0.264243,0.584272,-0.018812,-0.583969,-1.284375,0.000000,0.000000,1.000000,6.000000,4.992871,0.956927,4.290242,0.950367,4.290242,0.950367,0.001906,1.000000,1.000000
11740.000000,4.284916,0.950370,-0.532614,0.000326,0.000000,1.000000,0.000000,3.000000,0.000000,0.264243,0.551003,-0.012205,-0.550868,-1.268072,0.000000,0.000000,1.000000,6.000000,4.992871,0.956927,4.284916,0.950370,4.284916,0.950370,0.001906,1.000000,1.000000
11750.000000,4.279819,0.950548,-0.509716,0.017786,0.000000,1.000000,0.000000,3.000000,0.000000,0.279910,0.532614,0.001665,-0.532611,-1.221475,0.000000,0.000000,1.000000,6.000000,4.992871,0.956927,4.279819,0.950548,4.279819,0.950548,0.001906,1.000000,1.000000
11760.000000,4.274910,0.950695,-0.490804,0.014671,0.000000,1.000000,0.000000,3.000000,0.000000,0.480358,0.510026,0.018687,-0.509684,-0.824698,0.000000,0.000000,1.000000,6.000000,4.992871,0.956927,4.274910,0.950695,4.274910,0.950695,0.001906,1.000000,1.000000
11770.000000,4.270215,0.950783,-0.469539,0.008797,0.000000,1.000000,0.000000,3.000000,0.000000,0.703216,0.491023,0.015399,-0.490782,-0.390429,0.000000,0.000000,1.000000,6.000000,4.992871,0.956927,4.270215,0.950783,4.270215,0.950783,0.001906,1.000000,1.000000
11780.000000,4.265726,0.951066,-0.448918,0.028305,0.000000,1.000000,0.000000,3.000000,0.000000,0.905716,0.469621,0.009455,-0.469526,-0.056518,0.000000,0.000000,1.000000,6.000000,4.992871,0.956927,4.265726,0.951066,4.265726,0.951066,0.001906,1.000000,1.000000
11790.000000,4.261322,0.951472,-0.440349,0.040638,0.000000,1.000000,0.000000,3.000000,0.000000,0.946016,0.449809,0.028704,-0.448892,0.037647,0.000000,0.000000,1.000000,6.000000,4.992871,0.956927,4.261322,0.951472,4.261322,0.951472,0.001906,1.000000,1.000000
11800.000000,4.256972,0.951707,-0.435086,0.023552,0.000000,1.000000,0.000000,3.000000,0.000000,0.800197,0.442220,0.040522,-0.440359,0.037632,0.000000,0.000000,1.000000,6.000000,4.992871,0.956927,4.256972,0.951707,4.256972,0.951707,0.001906,1.000000,1.000000
11810.000000,4.252757,0.951780,-0.421546,0.007295,0.000000,1.000000,0.000000,3.000000,0.000000,0.800197,0.435723,0.022918,-0.435120,0.037618,0.000000,0.000000,1.000000,6.000000,4.992871,0.956927,4.252757,0.951780,4.252757,0.951780,0.001906,1.000000,1.000000
11820.000000,4.248562,0.951840,-0.419425,0.005968,0.000000,1.000000,0.000000,3.000000,0.000000,0.685152,0.421609,0.006221,-0.421564,-0.191950,0.000000,0.000000,1.000000,6.000000,4.992871,0.956927,4.248562,0.951840,4.248562,0.951840,0.001906,1.000000,1.000000
11830.000000,4.244430,0.951926,-0.413281,0.008614,0.000000,1.000000,0.000000,3.000000,0.000000,0.671338,0.419467,0.004474,-0.419444,-0.469052,0.000000,0.000000,1.000000,6.000000,4.992871,0.956927,4.244430,0.951926,4.244430,0.951926,0.001906,1.000000,1.000000
11840.000000,4.240431,0.951989,-0.399876,0.006313,0.000000,1.000000,0.000000,3.000000,0.000000,0.695025,0.413371,0.006672,-0.413317,-0.511071,0.000000,0.000000,1.000000,6.000000,4.992871,0.956927,4.240431,0.951989,4.240431,0.951989,0.001906,1.000000,1.000000
11850.000000,4.236666,0.952037,-0.376484,0.004775,0.000000,1.000000,0.000000,3.000000,0.000000,0.661369,0.399926,0.004097,-0.399905,-0.508729,0.000000,0.000000,1.000000,6.000000,4.992871,0.956927,4.236666,0.952037,4.236666,0.952037,0.001906,1.000000,1.000000
11860.000000,4.232810,0.951986,-0.385616,-0.005091,0.000000,1.000000,0.000000,3.000000,0.000000,0.500455,0.376514,0.002515,-0.376506,-0.792751,0.000000,0.000000,1.000000,6.000000,4.992871,0.956927,4.232810,0.951986,4.232810,0.951986,0.001906,1.000000,1.000000
11870.000000,4.228814,0.951747,-0.399606,-0.023903,0.000000,1.000000,0.000000,3.000000,0.000000,0.502518,0.385650,-0.007615,-0.385575,-0.440626,0.000000,0.000000,1.000000,6.000000,4.992871,0.956927,4.228814,0.951747,4.228814,0.951747,0.001906,1.000000,1.000000
11880.000000,4.224981,0.951537,-0.383295,-0.021050,0.000000,1.000000,0.000000,3.000000,0.000000,0.606564,0.400320,-0.026920,-0.399414,-0.438691,0.000000,0.000000,1.000000,6.000000,4.992871,0.956927,4.224981,0.951537,4.224981,0.951537,0.001906,1.000000,1.000000
11890.000000,4.221463,0.951465,-0.351792,-0.007134,0.000000,1.000000,0.000000,3.000000,0.000000,0.606564,0.383872,-0.024379,-0.383098,-0.436773,0.000000,0.000000,1.000000,6.000000,4.992871,0.956927,4.221463,0.951465,4.221463,0.951465,0.001906,1.000000,1.000000
11900.000000,4.218194,0.951555,-0.326858,0.008980,0.000000,1.000000,0.000000,3.000000,0.000000,0.541365,0.351865,-0.010389,-0.351711,-0.720710,0.000000,0.000000,1.000000,6.000000,4.992871,0.956927,4.218194,0.951555,4.218194,0.951555,0.001906,1.000000,1.000000
11910.000000,4.215175,0.951718,-0.301923,0.016251,0.000000,1.000000,0.000000,3.000000,0.000000,0.496829,0.326982,0.006051,-0.326926,-1.114340,0.000000,0.000000,1.000000,6.000000,4.992871,0.956927,4.215175,0.951718,4.215175,0.951718,0.001906,1.000000,1.000000
11920.000000,4.212309,0.951915,-0.286604,0.019709,0.000000,1.000000,0.000000,3.000000,0.000000,0.720412,0.302360,0.013529,-0.302057,-0.268195,0.000000,0.000000,1.000000,6.000000,4.992871,0.956927,4.212309,0.951915,4.212309,0.951915,0.001906,1.000000,1.000000
11930.000000,4.209640,0.952114,-0.266863,0.019923,0.000000,1.000000,0.000000,3.000000,0.000000,0.720412,0.287281,0.016812,-0.286788,-0.117946,0.000000,0.000000,1.000000,6.000000,4.992871,0.956927,4.209640,0.952114,4.209640,0.952114,0.001906,1.000000,1.000000
11940.000000,4.207212,0.952477,-0.242808,0.036345,0.000000,1.000000,0.000000,3.000000,0.000000,0.720412,0.267606,0.016865,-0.267074,-0.117807,0.000000,0.000000,1.000000,6.000000,4.992871,0.956927,4.207212,0.952477,4.207212,0.952477,0.001906,1.000000,1.000000
11950.000000,4.205105,0.953050,-0.210657,0.057216,0.000000,1.000000,0.000000,3.000000,0.000000,0.459483,0.245514,0.033253,-0.243251,-0.495968,0.000000,0.000000,1.000000,6.000000,4.992871,0.956927,4.205105,0.953050,4.205105,0.953050,0.001906,1.000000,1.000000
11960.000000,4.203279,0.953748,-0.182675,0.069803,0.000000,1.000000,0.000000,3.000000,0.000000,0.459483,0.218289,0.054438,-0.211392,-0.493518,0.000000,0.000000,1.000000,6.000000,4.992871,0.956927,4.203279,0.953748,4.203279,0.953748,0.001906,1.000000,1.000000
11970.000000,4.201588,0.954438,-0.169083,0.069003,0.000000,1.000000,0.000000,3.000000,0.000000,0.407710,0.195557,0.067445,-0.183559,-0.652011,0.000000,0.000000,1.000000,6.000000,4.992871,0.956927,4.201588,0.954438,4.201588,0.954438,0.001906,1.000000,1.000000
11980.000000,4.200063,0.955121,-0.152512,0.068321,0.000000,1.000000,0.000000,3.000000,0.000000,0.229530,0.182621,0.066927,-0.169916,-1.193802,0.000000,0.000000,1.000000,6.000000,4.992871,0.956927,4.200063,0.955121,4.200063,0.955121,0.001906,1.000000,1.000000
11990.000000,4.198654,0.955827,-0.140902,0.070578,0.000000,1.000000,0.000000,3.000000,0.000000,0.229530,0.167116,0.066608,-0.153268,-1.179705,0.000000,0.000000,1.000000,6.000000,4.992871,0.956927,4.198654,0.955827,4.198654,0.955827,0.001906,1.000000,1.000000
12000.000000,4.197310,0.956581,-0.134313,0.075450,0.000000,1.000000,0.000000,3.000000,0.000000,0.229530,0.157590,0.069030,-0.141667,-1.165937,0.000000,0.000000,1.000000,6.000000,4.992871,0.956927,4.197310,0.956581,4.197310,0.956581,0.001906,1.000000,1.000000
12010.000000,4.196059,0.957439,-0.125184,0.085796,0.000000,1.000000,0.000000,3.000000,0.000000,0.177094,0.154054,0.073788,-0.135234,-1.365780,0.000000,0.000000,1.000000,6.000000,4.992871,0.956927,4.196059,0.957439,4.196059,0.957439,0.001906,1.000000,1.000000
12020.000000,4.194900,0.958433,-0.115879,0.099386,0.000000,1.000000,0.000000,3.000000,0.000000,0.177094,0.151763,0.083906,-0.126458,-1.347360,0.000000,0.000000,1.000000,6.000000,4.992871,0.956927,4.194900,0.958433,4.194900,0.958433,0.001906,1.000000,1.000000
12030.000000,4.193875,0.959528,-0.102544,0.109491,0.000000,1.000000,0.000000,3.000000,0.000000,0.173598,0.152662,0.097315,-0.117624,-1.366420,0.000000,0.000000,1.000000,6.000000,4.992871,0.956927,4.193875,0.959528,4.193875,0.959528,0.001906,1.000000,1.000000
12040.000000,4.192993,0.960754,-0.088154,0.122634,0.000000,1.000000,0.000000,3.000000,0.000000,0.220535,0.150011,0.107511,-0.104618,-1.266112,0.000000,0.000000,1.000000,6.000000,4.992871,0.956927,4.192993,0.960754,4.192993,0.960754,0.001906,1.000000,1.000000
12050.000000,4.192192,0.962067,-0.080180,0.131269,0.000000,1.000000,0.000000,3.000000,0.000000,0.220535,0.151031,0.120967,-0.090428,-1.250266,0.000000,0.000000,1.000000,6.000000,4.992871,0.956927,4.192192,0.962067,4.192192,0.962067,0.001906,1.000000,1.000000
12060.000000,4.191473,0.963452,-0.071852,0.138475,0.000000,1.000000,0.000000,3.000000,0.000000,0.220535,0.153820,0.129884,-0.082405,-1.234812,0.000000,0.000000,1.000000,6.000000,4.992871,0.956927,4.191473,0.963452,4.191473,0.963452,0.001906,1.000000,1.000000
12070.000000,4.190822,0.964972,-0.065129,0.152091,0.000000,1.000000,0.000000,3.000000,0.000000,0.176534,0.156007,0.137322,-0.074032,-1.298768,0.000000,0.000000,1.000000,6.000000,4.992871,0.956927,4.190822,0.964972,4.190822,0.964972,0.001906,1.000000,1.000000
12080.000000,4.190180,0.966611,-0.064205,0.163852,0.000000,1.000000,0.000000,3.000000,0.000000,0.173204,0.165449,0.151048,-0.067513,-1.282100,0.000000,0.000000,1.000000,6.000000,4.992871,0.956927,4.190180,0.966611,4.190180,0.966611,0.001906,1.000000,1.000000
12090.000000,4.189532,0.968336,-0.064776,0.172481,0.000000,1.000000,0.000000,3.000000,0.000000,0.267419,0.175982,0.162747,-0.066957,-0.953129,0.000000,0.000000,1.000000,6.000000,4.992871,0.956927,4.189532,0.968336,4.189532,0.968336,0.001906,1.000000,1.000000
12100.000000,4.188931,0.970185,-0.060094,0.184897,0.000000,1.000000,0.000000,3.000000,0.000000,0.269580,0.184244,0.171238,-0.067993,-0.927777,0.000000,0.000000,1.000000,6.000000,4.992871,0.956927,4.188931,0.970185,4.188931,0.970185,0.001906,1.000000,1.000000
12110.000000,4.188485,0.972277,-0.044650,0.209214,0.000000,1.000000,0.000000,3.000000,0.000000,0.269580,0.194417,0.183649,-0.063805,-0.842566,0.000000,0.000000,1.000000,6.000000,4.992871,0.956927,4.188485,0.972277,4.188485,0.972277,0.001906,1.000000,1.000000
12120.000000,4.188182,0.974681,-0.030296,0.240369,0.000000,1.000000,0.000000,3.000000,0.000000,0.329877,0.213926,0.208279,-0.048826,-0.761246,0.000000,0.000000,1.000000,6.000000,4.992871,0.956927,4.188182,0.974681,4.188182,0.974681,0.001906,1.000000,1.000000
12130.000000,4.188036,0.977275,-0.014598,0.259393,0.000000,1.000000,0.000000,3.000000,0.000000,0.330129,0.242271,0.239758,-0.034804,-0.693878,0.000000,0.000000,1.000000,6.000000,4.992871,0.956927,4.188036,0.977275,4.188036,0.977275,0.001906,1.000000,1.000000
12140.000000,4.188025,0.980096,-0.001132,0.282144,0.000000,1.000000,0.000000,3.000000,0.000000,0.330129,0.259804,0.259086,-0.019302,-0.689091,0.000000,0.000000,1.000000,6.000000,4.992871,0.956927,4.188025,0.980096,4.188025,0.980096,0.001906,1.000000,1.000000
12150.000000,4.188045,0.983176,0.001997,0.307985,0.000000,1.000000,0.000000,3.000000,0.000000,0.456806,0.282147,0.282075,-0.006337,-0.242797,0.000000,0.000000,1.000000,6.000000,4.992871,0.956927,4.188045,0.983176,4.188045,0.983176,0.001906,1.000000,1.000000
12160.000000,4.188071,0.986480,0.002578,0.330418,0.000000,1.000000,0.000000,3.000000,0.000000,0.613415,0.307992,0.307967,-0.003891,-0.045950,0.000000,0.000000,1.000000,6.000000,4.992871,0.956927,4.188071,0.986480,4.188071,0.986480,0.001906,1.000000,1.000000
12170.000000,4.188153,0.989921,0.008231,0.344092,0.000000,1.000000,0.000000,3.000000,0.000000,0.613415,0.330429,0.330407,-0.003768,-0.045929,0.000000,0.000000,1.000000,6.000000,4.992871,0.956927,4.188153,0.989921,4.188153,0.989921,0.001906,1.000000,1.000000
12180.000000,4.188267,0.993636,0.011330,0.371473,0.000000,1.000000,0.000000,3.000000,0.000000,0.734721,0.344190,0.344185,0.001822,-0.096031,0.000000,0.000000,1.000000,6.000000,4.992871,0.956927,4.188267,0.993636,4.188267,0.993636,0.001906,1.000000,1.000000
12190.000000,4.188300,0.997645,0.003339,0.400899,0.000000,1.000000,0.000000,3.000000,0.000000,0.639933,0.371646,0.371618,0.004565,-0.479835,0.000000,0.000000,1.000000,6.000000,4.992871,0.956927,4.188300,0.997645,4.188300,0.997645,0.001906,1.000000,1.000000
12200.000000,4.188333,1.002069,0.003280,0.442438,0.000000,1.000000,0.000000,3.000000,0.000000,0.533399,0.400913,0.400892,-0.004090,-0.542105,0.000000,0.000000,1.000000,6.000000,4.992871,0.956927,4.188333,1.002069,4.188333,1.002069,0.001906,1.000000,1.000000
12210.000000,4.188484,1.006753,0.015061,0.468364,0.000000,1.000000,0.000000,3.000000,0.000000,0.584539,0.442450,0.442419,-0.005268,-0.424175,0.000000,0.000000,1.000000,6.000000,4.992871,0.956927,4.188484,1.006753,4.188484,1.006753,0.001906,1.000000,1.000000
12220.000000,4.188899,1.011709,0.041470,0.495688,0.000000,1.000000,0.000000,3.000000,0.000000,0.614900,0.468606,0.468571,0.005726,-0.356770,0.000000,0.000000,1.000000,6.000000,4.992871,0.956927,4.188899,1.011709,4.188899,1.011709,0.001906,1.000000,1.000000
12230.000000,4.189317,1.016870,0.041847,0.516056,0.000000,1.000000,0.000000,3.000000,0.000000,0.614900,0.497420,0.496404,0.031776,-0.355501,0.000000,0.000000,1.000000,6.000000,4.992871,0.956927,4.189317,1.016870,4.189317,1.016870,0.001906,1.000000,1.000000
12240.000000,4.189617,1.022197,0.029925,0.532712,0.000000,1.000000,0.000000,3.000000,0.000000,0.614900,0.517750,0.516765,0.031918,-0.354240,0.000000,0.000000,1.000000,6.000000,4.992871,0.956927,4.189617,1.022197,4.189617,1.022197,0.001906,1.000000,1.000000
12250.000000,4.189825,1.027352,0.020794,0.515491,0.000000,1.000000,0.000000,3.000000,0.000000,0.576263,0.533552,0.533192,0.019598,-0.439303,0.000000,0.000000,1.000000,6.000000,4.992871,0.956927,4.189825,1.027352,4.189825,1.027352,0.001906,1.000000,1.000000
12260.000000,4.189966,1.032559,0.014129,0.520645,0.000000,1.000000,0.000000,3.000000,0.000000,0.590658,0.515910,0.515800,0.010654,-0.403447,0.000000,0.000000,1.000000,6.000000,4.992871,0.956927,4.189966,1.032559,4.189966,1.032559,0.001906,1.000000,1.000000
12270.000000,4.189833,1.037723,-0.013302,0.516437,0.000000,1.000000,0.000000,3.000000,0.000000,0.590658,0.520837,0.520823,0.003785,-0.401825,0.000000,0.000000,1.000000,6.000000,4.992871,0.956927,4.189833,1.037723,4.189833,1.037723,0.001906,1.000000,1.000000
12280.000000,4.189753,1.043073,-0.007991,0.535015,0.000000,1.000000,0.000000,3.000000,0.000000,0.590658,0.516608,0.516057,-0.023869,-0.400215,0.000000,0.000000,1.000000,6.000000,4.992871,0.956927,4.189753,1.043073,4.189753,1.043073,0.001906,1.000000,1.000000
12290.000000,4.189868,1.048560,0.011568,0.548674,0.000000,1.000000,0.000000,3.000000,0.000000,0.501452,0.535075,0.534720,-0.019481,-0.609234,0.000000,0.000000,1.000000,6.000000,4.992871,0.956927,4.189868,1.048560,4.189868,1.048560,0.001906,1.000000,1.000000
12300.000000,4.190069,1.054334,0.020017,0.577430,0.000000,1.000000,0.000000,3.000000,0.000000,0.169577,0.548796,0.548796,-0.000243,-1.385141,0.000000,0.000000,1.000000,6.000000,4.992871,0.956927,4.190069,1.054334,4.190069,1.054334,0.001906,1.000000,1.000000
12310.000000,4.190180,1.060314,0.011136,0.597993,0.000000,1.000000,0.000000,3.000000,0.000000,0.169577,0.577777,0.577720,0.008122,-1.366198,0.000000,0.000000,1.000000,6.000000,4.992871,0.956927,4.190180,1.060314,4.190180,1.060314,0.001906,1.000000,1.000000
12320.000000,4.190310,1.066576,0.013031,0.626174,0.000000,1.000000,0.000000,3.000000,0.000000,0.152896,0.598097,0.598096,-0.000527,-1.386775,0.000000,0.000000,1.000000,6.000000,4.992871,0.956927,4.190310,1.066576,4.190310,1.066576,0.001906,1.000000,1.000000
12330.000000,4.190568,1.073178,0.025784,0.660268,0.000000,1.000000,0.000000,3.000000,0.000000,0.127889,0.626310,0.626309,0.001055,-1.425401,0.000000,0.000000,1.000000,6.000000,4.992871,0.956927,4.190568,1.073178,4.190568,1.073178,0.001906,1.000000,1.000000
12340.000000,4.190867,1.080161,0.029902,0.698282,0.000000,1.000000,0.000000,3.000000,0.000000,0.098938,0.660771,0.660642,0.013055,-1.472257,0.000000,0.000000,1.000000,6.000000,4.992871,0.956927,4.190867,1.080161,4.190867,1.080161,0.001906,1.000000,1.000000
12350.000000,4.191102,1.087242,0.023474,0.708053,0.000000,1.000000,0.000000,3.000000,0.000000,0.029881,0.698922,0.698732,0.016287,-1.608450,0.000000,0.000000,1.000000,6.000000,4.992871,0.956927,4.191102,1.087242,4.191102,1.087242,0.001906,1.000000,1.000000
12360.000000,4.191221,1.094390,0.011936,0.714864,0.000000,1.000000,0.000000,3.000000,0.000000,0.240101,0.708442,0.708381,0.009311,-1.103115,0.000000,0.000000,1.000000,6.000000,4.992871,0.956927,4.191221,1.094390,4.191221,1.094390,0.001906,1.000000,1.000000
12370.000000,4.191164,1.101459,-0.005689,0.706833,0.000000,1.000000,0.000000,3.000000,0.000000,0.451428,0.714964,0.714960,-0.002554,-0.607482,0.000000,0.000000,1.000000,6.000000,4.992871,0.956927,4.191164,1.101459,4.191164,1.101459,0.001906,1.000000,1.000000
12380.000000,4.190834,1.108455,-0.033034,0.699635,0.000000,1.000000,0.000000,3.000000,0.000000,0.516753,0.706856,0.706568,-0.020179,-0.453628,0.000000,0.000000,1.000000,6.000000,4.992871,0.956927,4.190834,1.108455,4.190834,1.108455,0.001906,1.000000,1.000000
12390.000000,4.190293,1.115447,-0.054059,0.699219,0.000000,1.000000,0.000000,3.000000,0.000000,0.551148,0.700414,0.698799,-0.047544,-0.448009,0.000000,0.000000,1.000000,6.000000,4.992871,0.956927,4.190293,1.115447,4.190293,1.115447,0.001906,1.000000,1.000000
12400.000000,4.189654,1.122698,-0.063915,0.725047,0.000000,1.000000,0.000000,3.000000,0.000000,0.730975,0.701306,0.697954,-0.068481,0.052065,0.000000,0.000000,1.000000,6.000000,4.992871,0.956927,4.189654,1.122698,4.189654,1.122698,0.001906,1.000000,1.000000
12410.000000,4.188935,1.130114,-0.071886,0.741611,0.000000,1.000000,0.000000,3.000000,0.000000,0.852431,0.727859,0.723605,-0.078580,0.361763,0.000000,0.000000,1.000000,6.000000,4.992871,0.956927,4.188935,1.130114,4.188935,1.130114,0.001906,1.000000,1.000000
12420.000000,4.188231,1.137788,-0.070395,0.767420,0.000000,1.000000,0.000000,3.000000,0.000000,0.852431,0.745087,0.740009,-0.086848,0.482757,0.000000,0.000000,1.000000,6.000000,4.992871,0.956927,4.188231,1.137788,4.188231,1.137788,0.001906,1.000000,1.000000
12430.000000,4.187596,1.145790,-0.063516,0.800160,0.000000,1.000000,0.000000,3.000000,0.000000,0.569900,0.770642,0.765782,-0.086410,0.480435,0.000000,0.000000,1.000000,6.000000,4.992871,0.956927,4.187596,1.145790,4.187596,1.145790,0.001906,1.000000,1.000000
12440.000000,4.187112,1.154219,-0.048461,0.842926,0.000000,1.000000,0.000000,3.000000,0.000000,0.569900,0.802677,0.798617,-0.080627,0.400843,0.000000,0.000000,1.000000,6.000000,4.992871,0.956927,4.187112,1.154219,4.187112,1.154219,0.001906,1.000000,1.000000
12450.000000,4.186551,1.162508,-0.056098,0.828902,0.000000,1.000000,0.000000,3.000000,0.000000,0.733542,0.844318,0.841676,-0.066737,0.788521,0.000000,0.000000,1.000000,6.000000,4.992871,0.956927,4.186551,1.162508,4.186551,1.162508,0.001906,1.000000,1.000000
12460.000000,4.185874,1.170634,-0.067689,0.812588,0.000000,1.000000,0.000000,3.000000,0.000000,1.057274,0.830798,0.827552,-0.073373,1.941841,0.000000,0.000000,1.000000,6.000000,4.992871,0.956927,4.185874,1.170634,4.185874,1.170634,0.001906,1.000000,1.000000
12470.000000,4.185148,1.178626,-0.072641,0.799269,0.000000,1.000000,0.000000,3.000000,0.000000,1.057274,0.815402,0.811029,-0.084340,1.904815,0.000000,0.000000,1.000000,6.000000,4.992871,0.956927,4.185148,1.178626,4.185148,1.178626,0.001906,1.000000,1.000000
12480.000000,4.184326,1.186539,-0.082148,0.791277,0.000000,1.000000,0.000000,3.000000,0.000000,0.833216,0.802563,0.797612,-0.089006,1.346801,0.000000,0.000000,1.000000,6.000000,4.992871,0.956927,4.184326,1.186539,4.184326,1.186539,0.001906,1.000000,1.000000
12490.000000,4.183129,1.194201,-0.119693,0.766190,0.000000,1.000000,0.000000,3.000000,0.000000,0.759182,0.795529,0.789375,-0.098764,1.003194,0.000000,0.000000,1.000000,6.000000,4.992871,0.956927,4.183129,1.194201,4.183129,1.194201,0.001906,1.000000,1.000000
12500.000000,4.181825,1.201837,-0.130469,0.763555,0.000000,1.000000,0.000000,3.000000,0.000000,0.598483,0.775482,0.763381,-0.136463,0.201198,0.000000,0.000000,1.000000,6.000000,4.992871,0.956927,4.181825,1.201837,4.181825,1.201837,0.001906,1.000000,1.000000
12510.000000,4.180468,1.209599,-0.135715,0.776240,0.000000,1.000000,0.000000,3.000000,0.000000,0.622856,0.774621,0.760506,-0.147202,0.076447,0.000000,0.000000,1.000000,6.000000,4.992871,0.956927,4.180468,1.209599,4.180468,1.209599,0.001906,1.000000,1.000000
12520.000000,4.179019,1.217479,-0.144827,0.787985,0.000000,1.000000,0.000000,3.000000,0.000000,0.657909,0.788015,0.773134,-0.152418,0.076388,0.000000,0.000000,1.000000,6.000000,4.992871,0.956927,4.179019,1.217479,4.179019,1.217479,0.001906,1.000000,1.000000
12530.000000,4.177577,1.225202,-0.144201,0.772262,0.000000,1.000000,0.000000,3.000000,0.000000,0.462707,0.801184,0.784813,-0.161135,-0.690786,0.000000,0.000000,1.000000,6.000000,4.992871,0.956927,4.177577,1.225202,4.177577,1.225202,0.001906,1.000000,1.000000
12540.000000,4.176012,1.232942,-0.156580,0.774022,0.000000,1.000000,0.000000,3.000000,0.000000,0.304115,0.785610,0.769085,-0.160283,-1.067738,0.000000,0.000000,1.000000,6.000000,4.992871,0.956927,4.176012,1.232942,4.176012,1.232942,0.001906,1.000000,1.000000
12550.000000,4.174251,1.240845,-0.176029,0.790297,0.000000,1.000000,0.000000,3.000000,0.000000,0.324451,0.789701,0.770550,-0.172857,-1.006939,0.000000,0.000000,1.000000,6.000000,4.992871,0.956927,4.174251,1.240845,4.174251,1.240845,0.001906,1.000000,1.000000
12560.000000,4.172360,1.248905,-0.189067,0.806061,0.000000,1.000000,0.000000,3.000000,0.000000,0.681941,0.809664,0.786498,-0.192295,-0.548855,0.000000,0.000000,1.000000,6.000000,4.992871,0.956927,4.172360,1.248905,4.172360,1.248905,0.001906,1.000000,1.000000
12570.000000,4.170376,1.256855,-0.198429,0.794932,0.000000,1.000000,0.000000,3.000000,0.000000,0.893096,0.827937,0.802177,-0.204919,0.837578,0.000000,0.000000,1.000000,6.000000,4.992871,0.956927,4.170376,1.256855,4.170376,1.256855,0.001906,1.000000,1.000000
12580.000000,4.168272,1.264804,-0.210488,0.794895,0.000000,1.000000,0.000000,3.000000,0.000000,0.684200,0.819323,0.790869,-0.214049,0.965594,0.000000,0.000000,1.000000,6.000000,4.992871,0.956927,4.168272,1.264804,4.168272,1.264804,0.001906,1.000000,1.000000
12590.000000,4.166090,1.272786,-0.218221,0.798244,0.000000,1.000000,0.000000,3.000000,0.000000,0.900278,0.822292,0.790468,-0.226547,1.392946,0.000000,0.000000,1.000000,6.000000,4.992871,0.956927,4.166090,1.272786,4.166090,1.272786,0.001906,1.000000,1.000000
12600.000000,4.163644,1.280913,-0.244537,0.812621,0.000000,1.000000,0.000000,3.000000,0.000000,0.931720,0.827535,0.793493,-0.234911,1.373791,0.000000,0.000000,1.000000,6.000000,4.992871,0.956927,4.163644,1.280913,4.163644,1.280913,0.001906,1.000000,1.000000
12610.000000,4.161007,1.288923,-0.263744,0.801059,0.000000,1.000000,0.000000,3.000000,0.000000,0.931720,0.848618,0.807127,-0.262103,1.355155,0.000000,0.000000,1.000000,6.000000,4.992871,0.956927,4.161007,1.288923,4.161007,1.288923,0.001906,1.000000,1.000000
12620.000000,4.158302,1.296912,-0.270447,0.798888,0.000000,1.000000,0.000000,3.000000,0.000000,0.918130,0.843360,0.795217,-0.280867,0.741864,0.000000,0.000000,1.000000,6.000000,4.992871,0.956927,4.158302,1.296912,4.158302,1.296912,0.001906,1.000000,1.000000
12630.000000,4.155495,1.304865,-0.280740,0.795343,0.000000,1.000000,0.000000,3.000000,0.000000,0.620622,0.843424,0.793138,-0.286874,-0.338357,0.000000,0.000000,1.000000,6.000000,4.992871,0.956927,4.155495,1.304865,4.155495,1.304865,0.001906,1.000000,1.000000
12640.000000,4.152396,1.312947,-0.309866,0.808184,0.000000,1.000000,0.000000,3.000000,0.000000,0.918130,0.843437,0.789244,-0.297455,0.430449,0.000000,0.000000,1.000000,6.000000,4.992871,0.956927,4.152396,1.312947,4.152396,1.312947,0.001906,1.000000,1.000000
12650.000000,4.149145,1.320929,-0.325127,0.798173,0.000000,1.000000,0.000000,3.000000,0.000000,0.880616,0.865551,0.801247,-0.327387,1.285733,0.000000,0.000000,1.000000,6.000000,4.992871,0.956927,4.149145,1.320929,4.149145,1.320929,0.001906,1.000000,1.000000
12660.000000,4.145784,1.328962,-0.336094,0.803284,0.000000,1.000000,0.000000,3.000000,0.000000,1.064725,0.861851,0.790952,-0.342319,1.353860,0.000000,0.000000,1.000000,6.000000,4.992871,0.956927,4.145784,1.328962,4.145784,1.328962,0.001906,1.000000,1.000000
12670.000000,4.142351,1.336991,-0.343364,0.802927,0.000000,1.000000,0.000000,3.000000,0.000000,1.159261,0.870761,0.795753,-0.353556,1.335757,0.000000,0.000000,1.000000,6.000000,4.992871,0.956927,4.142351,1.336991,4.142351,1.336991,0.001906,1.000000,1.000000
12680.000000,4.138708,1.345113,-0.364273,0.812214,0.000000,1.000000,0.000000,3.000000,0.000000,1.159261,0.873265,0.794775,-0.361833,1.616121,0.000000,0.000000,1.000000,6.000000,4.992871,0.956927,4.138708,1.345113,4.138708,1.345113,0.001906,1.000000,1.000000
12690.000000,4.135300,1.352809,-0.340798,0.769626,0.000000,1.000000,0.000000,3.000000,0.000000,1.392955,0.890161,0.803334,-0.383458,2.274177,0.000000,0.000000,1.000000,6.000000,4.992871,0.956927,4.135300,1.352809,4.135300,1.352809,0.001906,1.000000,1.000000
12700.000000,4.131681,1.360608,-0.361864,0.779853,0.000000,1.000000,0.000000,3.000000,0.000000,1.392955,0.909790,0.811207,-0.411901,2.223558,0.000000,0.000000,1.000000,6.000000,4.992871,0.956927,4.131681,1.360608,4.131681,1.360608,0.001906,1.000000,1.000000
12710.000000,4.127955,1.368388,-0.372615,0.778033,0.000000,1.000000,0.000000,3.000000,0.000000,1.373539,0.929563,0.821928,-0.434189,2.175144,0.000000,0.000000,1.000000,6.000000,4.992871,0.956927,4.127955,1.368388,4.127955,1.368388,0.001906,1.000000,1.000000
12720.000000,4.124343,1.375986,-0.361210,0.759718,0.000000,1.000000,0.000000,3.000000,0.000000,1.156250,0.928182,0.816735,-0.440981,1.914698,0.000000,0.000000,1.000000,6.000000,4.992871,0.956927,4.124343,1.375986,4.124343,1.375986,0.001906,1.000000,1.000000
12730.000000,4.120269,1.383827,-0.407431,0.784129,0.000000,1.000000,0.000000,3.000000,0.000000,1.145730,0.909294,0.800462,-0.431366,1.667394,0.000000,0.000000,1.000000,6.000000,4.992871,0.956927,4.120269,1.383827,4.120269,1.383827,0.001906,1.000000,1.000000
12740.000000,4.115975,1.391602,-0.429414,0.777517,0.000000,1.000000,0.000000,3.000000,0.000000,0.441698,0.883662,0.774114,-0.426152,-0.522064,0.000000,0.000000,1.000000,6.000000,4.992871,0.956927,4.115975,1.391602,4.115975,1.391602,0.001906,1.000000,1.000000
12750.000000,4.111685,1.399308,-0.428987,0.770623,0.000000,1.000000,0.000000,3.000000,0.000000,0.525656,0.888217,0.767096,-0.447764,-0.339630,0.000000,0.000000,1.000000,6.000000,4.992871,0.956927,4.111685,1.399308,4.111685,1.399308,0.001906,1.000000,1.000000
12760.000000,4.107519,1.406913,-0.416666,0.760489,0.000000,1.000000,0.000000,3.000000,0.000000,0.525656,0.881980,0.760170,-0.447249,-0.338480,0.000000,0.000000,1.000000,6.000000,4.992871,0.956927,4.107519,1.406913,4.107519,1.406913,0.001906,1.000000,1.000000
12770.000000,4.103518,1.414257,-0.399996,0.734373,0.000000,1.000000,0.000000,3.000000,0.000000,0.536788,0.867153,0.750029,-0.435214,-0.667532,0.000000,0.000000,1.000000,6.000000,4.992871,0.956927,4.103518,1.414257,4.103518,1.414257,0.001906,1.000000,1.000000
12780.000000,4.099544,1.421321,-0.397457,0.706451,0.000000,1.000000,0.000000,3.000000,0.000000,0.349710,0.836242,0.724175,-0.418175,-1.102139,0.000000,0.000000,1.000000,6.000000,4.992871,0.956927,4.099544,1.421321,4.099544,1.421321,0.001906,1.000000,1.000000
12790.000000,4.095394,1.428156,-0.415012,0.683432,0.000000,1.000000,0.000000,3.000000,0.000000,0.349710,0.810583,0.696525,-0.414606,-1.090112,0.000000,0.000000,1.000000,6.000000,4.992871,0.956927,4.095394,1.428156,4.095394,1.428156,0.001906,1.000000,1.000000
12800.000000,4.091000,1.434930,-0.439474,0.677431,0.000000,1.000000,0.000000,3.000000,0.000000,0.720963,0.799571,0.673005,-0.431714,-0.037262,0.000000,0.000000,1.000000,6.000000,4.992871,0.956927,4.091000,1.434930,4.091000,1.434930,0.001906,1.000000,1.000000
12810.000000,4.086536,1.441589,-0.446298,0.665938,0.000000,1.000000,0.000000,3.000000,0.000000,0.716207,0.807496,0.666415,-0.456005,0.226103,0.000000,0.000000,1.000000,6.000000,4.992871,0.956927,4.086536,1.441589,4.086536,1.441589,0.001906,1.000000,1.000000
12820.000000,4.082078,1.448258,-0.445825,0.666855,0.000000,1.000000,0.000000,3.000000,0.000000,0.679622,0.801658,0.655172,-0.461958,0.659841,0.000000,0.000000,1.000000,6.000000,4.992871,0.956927,4.082078,1.448258,4.082078,1.448258,0.001906,1.000000,1.000000
12830.000000,4.077681,1.454933,-0.439724,0.667484,0.000000,1.000000,0.000000,3.000000,0.000000,0.652451,0.802157,0.656120,-0.461478,0.655511,0.000000,0.000000,1.000000,6.000000,4.992871,0.956927,4.077681,1.454933,4.077681,1.454933,0.001906,1.000000,1.000000
12840.000000,4.073245,1.461656,-0.443611,0.672349,0.000000,1.000000,0.000000,3.000000,0.000000,0.510426,0.799307,0.656702,-0.455669,-0.098935,0.000000,0.000000,1.000000,6.000000,4.992871,0.956927,4.073245,1.461656,4.073245,1.461656,0.001906,1.000000,1.000000
12850.000000,4.068774,1.468285,-0.447056,0.662896,0.000000,1.000000,0.000000,3.000000,0.000000,0.820284,0.805509,0.660984,-0.460374,0.490553,0.000000,0.000000,1.000000,6.000000,4.992871,0.956927,4.068774,1.468285,4.068774,1.468285,0.001906,1.000000,1.000000
12860.000000,4.064167,1.474933,-0.460651,0.664778,0.000000,1.000000,0.000000,3.000000,0.000000,0.820284,0.799557,0.651183,-0.463952,0.488156,0.000000,0.000000,1.000000,6.000000,4.992871,0.956927,4.064167,1.474933,4.064167,1.474933,0.001906,1.000000,1.000000
12870.000000,4.059376,1.481578,-0.479154,0.664512,0.000000,1.000000,0.000000,3.000000,0.000000,0.809029,0.808782,0.653016,-0.477177,0.205002,0.000000,0.000000,1.000000,6.000000,4.992871,0.956927,4.059376,1.481578,4.059376,1.481578,0.001906,1.000000,1.000000
12880.000000,4.054467,1.488193,-0.490925,0.661453,0.000000,1.000000,0.000000,3.000000,0.000000,0.722920,0.819246,0.652833,-0.494947,0.658195,0.000000,0.000000,1.000000,6.000000,4.992871,0.956927,4.054467,1.488193,4.054467,1.488193,0.001906,1.000000,1.000000
12890.000000,4.049611,1.494711,-0.485587,0.651801,0.000000,1.000000,0.000000,3.000000,0.000000,0.722920,0.823728,0.650104,-0.505858,0.653887,0.000000,0.000000,1.000000,6.000000,4.992871,0.956927,4.049611,1.494711,4.049611,1.494711,0.001906,1.000000,1.000000
12900.000000,4.044884,1.501103,-0.472626,0.639259,0.000000,1.000000,0.000000,3.000000,0.000000,0.722920,0.812797,0.641232,-0.499461,0.671393,0.000000,0.000000,1.000000,6.000000,4.992871,0.956927,4.044884,1.501103,4.044884,1.501103,0.001906,1.000000,1.000000
12910.000000,4.040106,1.507427,-0.477785,0.632348,0.000000,1.000000,0.000000,3.000000,0.000000,0.661747,0.795002,0.629242,-0.485884,0.666911,0.000000,0.000000,1.000000,6.000000,4.992871,0.956927,4.040106,1.507427,4.040106,1.507427,0.001906,1.000000,1.000000
12920.000000,4.035058,1.513862,-0.504848,0.643516,0.000000,1.000000,0.000000,3.000000,0.000000,0.661747,0.792554,0.621880,-0.491332,0.662488,0.000000,0.000000,1.000000,6.000000,4.992871,0.956927,4.035058,1.513862,4.035058,1.513862,0.001906,1.000000,1.000000
12930.000000,4.030031,1.520343,-0.502740,0.648122,0.000000,1.000000,0.000000,3.000000,0.000000,0.566783,0.817914,0.631753,-0.519492,0.234985,0.000000,0.000000,1.000000,6.000000,4.992871,0.956927,4.030031,1.520343,4.030031,1.520343,0.001906,1.000000,1.000000
12940.000000,4.025139,1.526913,-0.489177,0.656959,0.000000,1.000000,0.000000,3.000000,0.000000,0.404056,0.820250,0.635852,-0.518172,-0.414739,0.000000,0.000000,1.000000,6.000000,4.992871,0.956927,4.025139,1.526913,4.025139,1.526913,0.001906,1.000000,1.000000
12950.000000,4.020307,1.533464,-0.483201,0.655156,0.000000,1.000000,0.000000,3.000000,0.000000,0.452825,0.819078,0.644912,-0.504954,-0.517645,0.000000,0.000000,1.000000,6.000000,4.992871,0.956927,4.020307,1.533464,4.020307,1.533464,0.001906,1.000000,1.000000
12960.000000,4.015481,1.539965,-0.482545,0.650072,0.000000,1.000000,0.000000,3.000000,0.000000,0.533089,0.814072,0.643277,-0.498906,-0.734000,0.000000,0.000000,1.000000,6.000000,4.992871,0.956927,4.015481,1.539965,4.015481,1.539965,0.001906,1.000000,1.000000
12970.000000,4.010766,1.546313,-0.471526,0.634817,0.000000,1.000000,0.000000,3.000000,0.000000,0.533089,0.809594,0.638349,-0.497950,-0.273000,0.000000,0.000000,1.000000,6.000000,4.992871,0.956927,4.010766,1.546313,4.010766,1.546313,0.001906,1.000000,1.000000
12980.000000,4.006059,1.552732,-0.470714,0.641850,0.000000,1.000000,0.000000,3.000000,0.000000,0.539840,0.790778,0.623546,-0.486334,-0.008027,0.000000,0.000000,1.000000,6.000000,4.992871,0.956927,4.006059,1.552732,4.006059,1.552732,0.001906,1.000000,1.000000
12990.000000,4.001299,1.559232,-0.475938,0.650003,0.000000,1.000000,0.000000,3.000000,0.000000,0.597887,0.795955,0.630813,-0.485406,0.177576,0.000000,0.000000,1.000000,6.000000,4.992871,0.956927,4.001299,1.559232,4.001299,1.559232,0.001906,1.000000,1.000000
13000.000000,3.996518,1.565701,-0.478133,0.646987,0.000000,1.000000,0.000000,3.000000,0.000000,0.597887,0.805618,0.639201,-0.490350,0.177261,0.000000,0.000000,1.000000,6.000000,4.992871,0.956927,3.996518,1.565701,3.996518,1.565701,0.001906,1.000000,1.000000
13010.000000,3.991927,1.571888,-0.459129,0.618702,0.000000,1.000000,0.000000,3.000000,0.000000,0.757864,0.804489,0.636500,-0.492007,-0.112379,0.000000,0.000000,1.000000,6.000000,4.992871,0.956927,3.991927,1.571888,3.991927,1.571888,0.001906,1.000000,1.000000
13020.000000,3.987573,1.577857,-0.435359,0.596859,0.000000,1.000000,0.000000,3.000000,0.000000,0.561670,0.770449,0.608672,-0.472346,-0.782059,0.000000,0.000000,1.000000,6.000000,4.992871,0.956927,3.987573,1.577857,3.987573,1.577857,0.001906,1.000000,1.000000
13030.000000,3.983396,1.583706,-0.417716,0.584874,0.000000,1.000000,0.000000,3.000000,0.000000,0.757864,0.738768,0.587006,-0.448556,-0.754405,0.000000,0.000000,1.000000,6.000000,4.992871,0.956927,3.983396,1.583706,3.983396,1.583706,0.001906,1.000000,1.000000
13040.000000,3.979299,1.589468,-0.409731,0.576222,0.000000,1.000000,0.000000,3.000000,0.000000,0.502850,0.718724,0.575011,-0.431192,-0.660341,0.000000,0.000000,1.000000,6.000000,4.992871,0.956927,3.979299,1.589468,3.979299,1.589468,0.001906,1.000000,1.000000
13050.000000,3.975405,1.594996,-0.389458,0.552830,0.000000,1.000000,0.000000,3.000000,0.000000,0.786292,0.707044,0.566338,-0.423288,0.193578,0.000000,0.000000,1.000000,6.000000,4.992871,0.956927,3.975405,1.594996,3.975405,1.594996,0.001906,1.000000,1.000000
13060.000000,3.971731,1.600456,-0.367365,0.545955,0.000000,1.000000,0.000000,3.000000,0.000000,0.787785,0.676239,0.543349,-0.402581,0.193203,0.000000,0.000000,1.000000,6.000000,4.992871,0.956927,3.971731,1.600456,3.971731,1.600456,0.001906,1.000000,1.000000
13070.000000,3.968207,1.605809,-0.352385,0.535290,0.000000,1.000000,0.000000,3.000000,0.000000,0.787785,0.658046,0.537084,-0.380217,0.002602,0.000000,0.000000,1.000000,6.000000,4.992871,0.956927,3.968207,1.605809,3.968207,1.605809,0.001906,1.000000,1.000000
13080.000000,3.964894,1.610935,-0.331329,0.512636,0.000000,1.000000,0.000000,3.000000,0.000000,0.694538,0.640867,0.526695,-0.365107,-0.345114,0.000000,0.000000,1.000000,6.000000,4.992871,0.956927,3.964894,1.610935,3.964894,1.610935,0.001906,1.000000,1.000000
13090.000000,3.961950,1.615731,-0.294349,0.479629,0.000000,1.000000,0.000000,3.000000,0.000000,0.643179,0.610389,0.504614,-0.343422,-0.275409,0.000000,0.000000,1.000000,6.000000,4.992871,0.956927,3.961950,1.615731,3.961950,1.615731,0.001906,1.000000,1.000000
13100.000000,3.959360,1.620362,-0.259048,0.463081,0.000000,1.000000,0.000000,3.000000,0.000000,0.683730,0.562748,0.472738,-0.305293,0.612145,0.000000,0.000000,1.000000,6.000000,4.992871,0.956927,3.959360,1.620362,3.959360,1.620362,0.001906,1.000000,1.000000
13110.000000,3.956980,1.624909,-0.237972,0.454661,0.000000,1.000000,0.000000,3.000000,0.000000,0.683730,0.530613,0.457092,-0.269475,0.608417,0.000000,0.000000,1.000000,6.000000,4.992871,0.956927,3.956980,1.624909,3.956980,1.624909,0.001906,1.000000,1.000000
13120.000000,3.954842,1.629311,-0.213786,0.440254,0.000000,1.000000,0.000000,3.000000,0.000000,0.683730,0.513174,0.448793,-0.248861,0.604734,0.000000,0.000000,1.000000,6.000000,4.992871,0.956927,3.954842,1.629311,3.954842,1.629311,0.001906,1.000000,1.000000
13130.000000,3.953056,1.633515,-0.178589,0.420331,0.000000,1.000000,0.000000,3.000000,0.000000,0.613456,0.489416,0.434539,-0.225176,-0.064472,0.000000,0.000000,1.000000,6.000000,4.992871,0.956927,3.953056,1.633515,3.953056,1.633515,0.001906,1.000000,1.000000
13140.000000,3.951604,1.637547,-0.145218,0.403224,0.000000,1.000000,0.000000,3.000000,0.000000,0.613456,0.456697,0.415319,-0.189954,-0.064430,0.000000,0.000000,1.000000,6.000000,4.992871,0.956927,3.951604,1.637547,3.951604,1.637547,0.001906,1.000000,1.000000
13150.000000,3.950497,1.641384,-0.110701,0.383708,0.000000,1.000000,0.000000,3.000000,0.000000,0.613456,0.428577,0.398938,-0.156611,-0.064389,0.000000,0.000000,1.000000,6.000000,4.992871,0.956927,3.950497,1.641384,3.950497,1.641384,0.001906,1.000000,1.000000
13160.000000,3.949857,1.645001,-0.063995,0.361734,0.000000,1.000000,0.000000,3.000000,0.000000,0.405463,0.399358,0.380375,-0.121662,-0.692789,0.000000,0.000000,1.000000,6.000000,4.992871,0.956927,3.949857,1.645001,3.949857,1.645001,0.001906,1.000000,1.000000
13170.000000,3.949824,1.648187,-0.003285,0.318606,0.000000,1.000000,0.000000,3.000000,0.000000,0.654667,0.367351,0.359818,-0.074011,0.528753,0.000000,0.000000,1.000000,6.000000,4.992871,0.956927,3.949824,1.648187,3.949824,1.648187,0.001906,1.000000,1.000000
13180.000000,3.950331,1.650863,0.050720,0.267566,0.000000,1.000000,0.000000,3.000000,0.000000,0.734467,0.318623,0.318410,-0.011668,1.150327,0.000000,0.000000,1.000000,6.000000,4.992871,0.956927,3.950331,1.650863,3.950331,1.650863,0.001906,1.000000,1.000000
13190.000000,3.951154,1.653218,0.082203,0.235531,0.000000,1.000000,0.000000,3.000000,0.000000,0.734467,0.272330,0.268778,0.043843,1.137232,0.000000,0.000000,1.000000,6.000000,4.992871,0.956927,3.951154,1.653218,3.951154,1.653218,0.001906,1.000000,1.000000
13200.000000,3.952179,1.655487,0.102570,0.226889,0.000000,1.000000,0.000000,3.000000,0.000000,0.879182,0.249464,0.237650,0.075859,1.015188,0.000000,0.000000,1.000000,6.000000,4.992871,0.956927,3.952179,1.655487,3.952179,1.655487,0.001906,1.000000,1.000000
13210.000000,3.953357,1.657553,0.117809,0.206578,0.000000,1.000000,0.000000,3.000000,0.000000,0.879182,0.248996,0.229660,0.096206,1.165312,0.000000,0.000000,1.000000,6.000000,4.992871,0.956927,3.953357,1.657553,3.953357,1.657553,0.001906,1.000000,1.000000
13220.000000,3.954981,1.659356,0.162372,0.180335,0.000000,1.000000,0.000000,3.000000,0.000000,1.253721,0.237809,0.209706,0.112145,2.724886,0.000000,0.000000,1.000000,6.000000,4.992871,0.956927,3.954981,1.659356,3.954981,1.659356,0.001906,1.000000,1.000000
13230.000000,3.957073,1.661006,0.209249,0.164981,0.000000,1.000000,0.000000,3.000000,0.000000,1.253721,0.242663,0.184370,0.157775,2.652535,0.000000,0.000000,1.000000,6.000000,4.992871,0.956927,3.957073,1.661006,3.957073,1.661006,0.001906,1.000000,1.000000
13240.000000,3.959433,1.662621,0.235931,0.161469,0.000000,1.000000,0.000000,3.000000,0.000000,1.253721,0.266466,0.170122,0.205092,2.583927,0.000000,0.000000,1.000000,6.000000,4.992871,0.956927,3.959433,1.662621,3.959433,1.662621,0.001906,1.000000,1.000000
13250.000000,3.961829,1.664314,0.239581,0.169320,0.000000,1.000000,0.000000,3.000000,0.000000,1.187633,0.285894,0.167916,0.231387,2.277060,0.000000,0.000000,1.000000,6.000000,4.992871,0.956927,3.961829,1.664314,3.961829,1.664314,0.001906,1.000000,1.000000
13260.000000,3.964442,1.666170,0.261289,0.185595,0.000000,1.000000,0.000000,3.000000,0.000000,1.187633,0.293374,0.176375,0.234436,2.226314,0.000000,0.000000,1.000000,6.000000,4.992871,0.956927,3.964442,1.666170,3.964442,1.666170,0.001906,1.000000,1.000000
13270.000000,3.967658,1.668246,0.321642,0.207598,0.000000,1.000000,0.000000,3.000000,0.000000,1.313731,0.320496,0.193345,0.255608,2.644960,0.000000,0.000000,1.000000,6.000000,4.992871,0.956927,3.967658,1.668246,3.967658,1.668246,0.001906,1.000000,1.000000
13280.000000,3.971299,1.670307,0.364092,0.206071,0.000000,1.000000,0.000000,3.000000,0.000000,1.313731,0.382819,0.216849,0.315479,2.576738,0.000000,0.000000,1.000000,6.000000,4.992871,0.956927,3.971299,1.670307,3.971299,1.670307,0.001906,1.000000,1.000000
13290.000000,3.975139,1.672053,0.383985,0.174610,0.000000,1.000000,0.000000,3.000000,0.000000,1.312682,0.418364,0.216888,0.357754,2.463584,0.000000,0.000000,1.000000,6.000000,4.992871,0.956927,3.975139,1.672053,3.975139,1.672053,0.001906,1.000000,1.000000
13300.000000,3.979137,1.673489,0.399797,0.143570,0.000000,1.000000,0.000000,3.000000,0.000000,1.128881,0.421821,0.186817,0.378197,1.376585,0.000000,0.000000,1.000000,6.000000,4.992871,0.956927,3.979137,1.673489,3.979137,1.673489,0.001906,1.000000,1.000000
13310.000000,3.983253,1.674740,0.411553,0.125148,0.000000,1.000000,0.000000,3.000000,0.000000,1.128881,0.424794,0.156577,0.394884,1.270092,0.000000,0.000000,1.000000,6.000000,4.992871,0.956927,3.983253,1.674740,3.983253,1.674740,0.001906,1.000000,1.000000
13320.000000,3.987359,1.675863,0.410602,0.112266,0.000000,1.000000,0.000000,3.000000,0.000000,0.781312,0.430160,0.138663,0.407198,0.495380,0.000000,0.000000,1.000000,6.000000,4.992871,0.956927,3.987359,1.675863,3.987359,1.675863,0.001906,1.000000,1.000000
13330.000000,3.991505,1.677005,0.414638,0.114187,0.000000,1.000000,0.000000,3.000000,0.000000,0.614180,0.425674,0.126356,0.406488,0.247447,0.000000,0.000000,1.000000,6.000000,4.992871,0.956927,3.991505,1.677005,3.991505,1.677005,0.001906,1.000000,1.000000
13340.000000,3.996094,1.678289,0.458914,0.128460,0.000000,1.000000,0.000000,3.000000,0.000000,0.442207,0.430074,0.129268,0.410187,-0.877704,0.000000,0.000000,1.000000,6.000000,4.992871,0.956927,3.996094,1.678289,3.996094,1.678289,0.001906,1.000000,1.000000
13350.000000,4.001156,1.679729,0.506258,0.143973,0.000000,1.000000,0.000000,3.000000,0.000000,0.407642,0.476554,0.145448,0.453816,-0.685767,0.000000,0.000000,1.000000,6.000000,4.992871,0.956927,4.001156,1.679729,4.001156,1.679729,0.001906,1.000000,1.000000
13360.000000,4.006214,1.681238,0.505725,0.150859,0.000000,1.000000,0.000000,3.000000,0.000000,0.407642,0.526332,0.162580,0.500593,-0.681092,0.000000,0.000000,1.000000,6.000000,4.992871,0.956927,4.006214,1.681238,4.006214,1.681238,0.001906,1.000000,1.000000
13370.000000,4.011024,1.682697,0.481008,0.145916,0.000000,1.000000,0.000000,3.000000,0.000000,0.549969,0.527746,0.169827,0.499675,-0.702087,0.000000,0.000000,1.000000,6.000000,4.992871,0.956927,4.011024,1.682697,4.011024,1.682697,0.001906,1.000000,1.000000
13380.000000,4.016066,1.684056,0.504239,0.135973,0.000000,1.000000,0.000000,3.000000,0.000000,0.236604,0.502653,0.164464,0.474986,-1.766562,0.000000,0.000000,1.000000,6.000000,4.992871,0.956927,4.016066,1.684056,4.016066,1.684056,0.001906,1.000000,1.000000
13390.000000,4.021794,1.685433,0.572756,0.137635,0.000000,1.000000,0.000000,3.000000,0.000000,0.511909,0.522251,0.155937,0.498427,-1.021196,0.000000,0.000000,1.000000,6.000000,4.992871,0.956927,4.021794,1.685433,4.021794,1.685433,0.001906,1.000000,1.000000
13400.000000,4.028235,1.687031,0.644124,0.159865,0.000000,1.000000,0.000000,3.000000,0.000000,0.511909,0.589061,0.161169,0.566584,-1.011886,0.000000,0.000000,1.000000,6.000000,4.992871,0.956927,4.028235,1.687031,4.028235,1.687031,0.001906,1.000000,1.000000
13410.000000,4.034487,1.688610,0.625192,0.157848,0.000000,1.000000,0.000000,3.000000,0.000000,0.599323,0.663666,0.187280,0.636693,-1.000736,0.000000,0.000000,1.000000,6.000000,4.992871,0.956927,4.034487,1.688610,4.034487,1.688610,0.001906,1.000000,1.000000
13420.000000,4.040276,1.690068,0.578867,0.145795,0.000000,1.000000,0.000000,3.000000,0.000000,0.526705,0.644811,0.184993,0.617705,-1.123935,0.000000,0.000000,1.000000,6.000000,4.992871,0.956927,4.040276,1.690068,4.040276,1.690068,0.001906,1.000000,1.000000
13430.000000,4.045838,1.691426,0.556267,0.135793,0.000000,1.000000,0.000000,3.000000,0.000000,0.351260,0.596945,0.169850,0.572271,-1.400081,0.000000,0.000000,1.000000,6.000000,4.992871,0.956927,4.045838,1.691426,4.045838,1.691426,0.001906,1.000000,1.000000
13440.000000,4.051706,1.692991,0.586738,0.156548,0.000000,1.000000,0.000000,3.000000,0.000000,0.351260,0.572602,0.157281,0.550578,-1.380730,0.000000,0.000000,1.000000,6.000000,4.992871,0.956927,4.051706,1.692991,4.051706,1.692991,0.001906,1.000000,1.000000
13450.000000,4.057627,1.694805,0.592101,0.181373,0.000000,1.000000,0.000000,3.000000,0.000000,0.646205,0.607264,0.177696,0.580683,-0.602587,0.000000,0.000000,1.000000,6.000000,4.992871,0.956927,4.057627,1.694805,4.057627,1.694805,0.001906,1.000000,1.000000
13460.000000,4.063453,1.696743,0.582634,0.193835,0.000000,1.000000,0.000000,3.000000,0.000000,0.717352,0.619257,0.202007,0.585382,0.125502,0.000000,0.000000,1.000000,6.000000,4.992871,0.956927,4.063453,1.696743,4.063453,1.696743,0.001906,1.000000,1.000000
13470.000000,4.069092,1.698781,0.563898,0.203754,0.000000,1.000000,0.000000,3.000000,0.000000,0.623750,0.614031,0.214971,0.575171,0.413638,0.000000,0.000000,1.000000,6.000000,4.992871,0.956927,4.069092,1.698781,4.069092,1.698781,0.001906,1.000000,1.000000
13480.000000,4.074690,1.701079,0.559811,0.229798,0.000000,1.000000,0.000000,3.000000,0.000000,0.705570,0.599580,0.224894,0.555805,0.411932,0.000000,0.000000,1.000000,6.000000,4.992871,0.956927,4.074690,1.701079,4.074690,1.701079,0.001906,1.000000,1.000000
13490.000000,4.080445,1.703842,0.575432,0.276353,0.000000,1.000000,0.000000,3.000000,0.000000,0.763374,0.605141,0.250614,0.550807,0.328930,0.000000,0.000000,1.000000,6.000000,4.992871,0.956927,4.080445,1.703842,4.080445,1.703842,0.001906,1.000000,1.000000
13500.000000,4.086191,1.706944,0.574649,0.310197,0.000000,1.000000,0.000000,3.000000,0.000000,0.772397,0.638352,0.297155,0.564971,0.327850,0.000000,0.000000,1.000000,6.000000,4.992871,0.956927,4.086191,1.706944,4.086191,1.706944,0.001906,1.000000,1.000000
13510.000000,4.091469,1.710119,0.527759,0.317462,0.000000,1.000000,0.000000,3.000000,0.000000,0.772397,0.653026,0.330311,0.563328,0.026303,0.000000,0.000000,1.000000,6.000000,4.992871,0.956927,4.091469,1.710119,4.091469,1.710119,0.001906,1.000000,1.000000
13520.000000,4.096258,1.713554,0.478939,0.343471,0.000000,1.000000,0.000000,3.000000,0.000000,0.757841,0.615883,0.334967,0.516826,-0.192411,0.000000,0.000000,1.000000,6.000000,4.992871,0.956927,4.096258,1.713554,4.096258,1.713554,0.001906,1.000000,1.000000
13530.000000,4.100530,1.717475,0.427191,0.392163,0.000000,1.000000,0.000000,3.000000,0.000000,0.706834,0.589368,0.358761,0.467595,-0.476526,0.000000,0.000000,1.000000,6.000000,4.992871,0.956927,4.100530,1.717475,4.100530,1.717475,0.001906,1.000000,1.000000
13540.000000,4.104348,1.722277,0.381824,0.480181,0.000000,1.000000,0.000000,3.000000,0.000000,0.526658,0.579899,0.405428,0.414622,-0.965554,0.000000,0.000000,1.000000,6.000000,4.992871,0.956927,4.104348,1.722277,4.104348,1.722277,0.001906,1.000000,1.000000
13550.000000,4.107585,1.728198,0.323698,0.592105,0.000000,1.000000,0.000000,3.000000,0.000000,0.895107,0.613484,0.491655,0.366931,0.052577,0.000000,0.000000,1.000000,6.000000,4.992871,0.956927,4.107585,1.728198,4.107585,1.728198,0.001906,1.000000,1.000000
13560.000000,4.110327,1.735760,0.274206,0.756219,0.000000,1.000000,0.000000,3.000000,0.000000,1.351546,0.674810,0.602171,0.304564,1.313079,0.000000,0.000000,1.000000,6.000000,4.992871,0.956927,4.110327,1.735760,4.110327,1.735760,0.001906,1.000000,1.000000
13570.000000,4.111819,1.744248,0.149183,0.848816,0.000000,1.000000,0.000000,3.000000,0.000000,1.620630,0.804398,0.765547,0.246970,2.677682,0.000000,0.000000,1.000000,6.000000,4.992871,0.956927,4.111819,1.744248,4.111819,1.744248,0.001906,1.000000,1.000000
13580.000000,4.113117,1.754613,0.129781,1.036483,0.000000,1.000000,0.000000,3.000000,0.000000,2.075369,0.955692,0.934554,0.199890,3.179922,0.000000,0.000000,1.000000,6.000000,4.992871,0.956927,4.113117,1.754613,4.113117,1.754613,0.001906,1.000000,1.000000
13590.000000,4.114203,1.766528,0.108579,1.191476,0.000000,1.000000,0.000000,3.000000,0.000000,2.075369,1.101207,1.092626,0.137207,3.081824,0.000000,0.000000,1.000000,6.000000,4.992871,0.956927,4.114203,1.766528,4.114203,1.766528,0.001906,1.000000,1.000000
13600.000000,4.114987,1.779680,0.078436,1.315257,0.000000,1.000000,0.000000,3.000000,0.000000,2.075369,1.248657,1.244639,0.100099,2.989598,0.000000,0.000000,1.000000,6.000000,4.992871,0.956927,4.114987,1.779680,4.114987,1.779680,0.001906,1.000000,1.000000
13610.000000,4.115326,1.793218,0.033908,1.353808,0.000000,1.000000,0.000000,3.000000,0.000000,1.925660,1.393473,1.390967,0.083518,2.536853,0.000000,0.000000,1.000000,6.000000,4.992871,0.956927,4.115326,1.793218,4.115326,1.793218,0.001906,1.000000,1.000000
13620.000000,4.115098,1.807080,-0.022905,1.386193,0.000000,1.000000,0.000000,3.000000,0.000000,2.143065,1.425129,1.423241,0.073337,3.441700,0.000000,0.000000,1.000000,6.000000,4.992871,0.956927,4.115098,1.807080,4.115098,1.807080,0.001906,1.000000,1.000000
13630.000000,4.114266,1.821395,-0.083137,1.431456,0.000000,1.000000,0.000000,3.000000,0.000000,1.614769,1.440332,1.439131,0.058815,3.327077,0.000000,0.000000,1.000000,6.000000,4.992871,0.956927,4.114266,1.821395,4.114266,1.821395,0.001906,1.000000,1.000000
13640.000000,4.113222,1.836340,-0.104434,1.494498,0.000000,1.000000,0.000000,3.000000,0.000000,1.640777,1.479340,1.478328,0.054723,3.219842,0.000000,0.000000,1.000000,6.000000,4.992871,0.956927,4.113222,1.836340,4.113222,1.836340,0.001906,1.000000,1.000000
13650.000000,4.113364,1.851442,0.014208,1.510151,0.000000,1.000000,0.000000,3.000000,0.000000,1.996119,1.577592,1.575015,0.090121,2.357898,0.000000,0.000000,1.000000,6.000000,4.992871,0.956927,4.113364,1.851442,4.113364,1.851442,0.001906,1.000000,1.000000
13660.000000,4.114944,1.867764,0.158091,1.632243,0.000000,1.000000,0.000000,3.000000,0.000000,1.326106,1.614335,1.610829,0.106342,0.783275,0.000000,0.000000,1.000000,6.000000,4.992871,0.956927,4.114944,1.867764,4.114944,1.867764,0.001906,1.000000,1.000000
13670.000000,4.117593,1.885265,0.264833,1.750115,0.000000,1.000000,0.000000,3.000000,0.000000,0.799643,1.643807,1.638707,0.129397,-0.442298,0.000000,0.000000,1.000000,6.000000,4.992871,0.956927,4.117593,1.885265,4.117593,1.885265,0.001906,1.000000,1.000000
13680.000000,4.121047,1.903672,0.345484,1.840726,0.000000,1.000000,0.000000,3.000000,0.000000,0.650285,1.678137,1.670217,0.162854,-0.787286,0.000000,0.000000,1.000000,6.000000,4.992871,0.956927,4.121047,1.903672,4.121047,1.903672,0.001906,1.000000,1.000000
13690.000000,4.125376,1.922433,0.432843,1.876108,0.000000,1.000000,0.000000,3.000000,0.000000,0.772340,1.708201,1.701994,0.145485,-0.150801,0.000000,0.000000,1.000000,6.000000,4.992871,0.956927,4.125376,1.922433,4.125376,1.922433,0.001906,1.000000,1.000000
13700.000000,4.130174,1.941752,0.479815,1.931910,0.000000,1.000000,0.000000,3.000000,0.000000,1.168418,1.756067,1.751601,0.125171,0.436974,0.000000,0.000000,1.000000,6.000000,4.992871,0.956927,4.130174,1.941752,4.130174,1.941752,0.001906,1.000000,1.000000
13710.000000,4.134591,1.960581,0.441746,1.882811,0.000000,1.000000,0.000000,3.000000,0.000000,1.423748,1.827917,1.825239,0.098912,1.038287,0.000000,0.000000,1.000000,6.000000,4.992871,0.956927,4.134591,1.960581,4.134591,1.960581,0.001906,1.000000,1.000000
13720.000000,4.138339,1.978066,0.374816,1.748511,0.000000,1.000000,0.000000,3.000000,0.000000,1.817557,1.865873,1.865873,-0.000615,1.949590,0.000000,0.000000,1.000000,6.000000,4.992871,0.956927,4.138339,1.978066,4.138339,1.978066,0.001906,1.000000,1.000000
13730.000000,4.141379,1.994379,0.304023,1.631367,0.000000,1.000000,0.000000,3.000000,0.000000,2.174893,1.884986,1.878392,-0.157534,2.732392,0.000000,0.000000,1.000000,6.000000,4.992871,0.956927,4.141379,1.994379,4.141379,1.994379,0.001906,1.000000,1.000000
13740.000000,4.143777,2.010211,0.239795,1.583144,0.000000,1.000000,0.000000,3.000000,0.000000,2.608175,1.899948,1.878882,-0.282144,3.630551,0.000000,0.000000,1.000000,6.000000,4.992871,0.956927,4.143777,2.010211,4.143777,2.010211,0.001906,1.000000,1.000000
13750.000000,4.145787,2.026758,0.200998,1.654749,0.000000,1.000000,0.000000,3.000000,0.000000,3.126878,1.947558,1.912549,-0.367615,4.620707,0.000000,0.000000,1.000000,6.000000,4.992871,0.956927,4.145787,2.026758,4.145787,2.026758,0.001906,1.000000,1.000000
13760.000000,4.147401,2.044261,0.161411,1.750253,0.000000,1.000000,0.000000,3.000000,0.000000,3.291860,2.062106,2.021542,-0.406998,4.752605,0.000000,0.000000,1.000000,6.000000,4.992871,0.956927,4.147401,2.044261,4.147401,2.044261,0.001906,1.000000,1.000000
13770.000000,4.148633,2.062733,0.123134,1.847215,0.000000,1.000000,0.000000,3.000000,0.000000,3.291860,2.198589,2.153234,-0.444275,4.536775,0.000000,0.000000,1.000000,6.000000,4.992871,0.956927,4.148633,2.062733,4.148633,2.062733,0.001906,1.000000,1.000000
13780.000000,4.149883,2.082961,0.125028,2.022805,0.000000,1.000000,0.000000,3.000000,0.000000,3.291860,2.285126,2.243252,-0.435456,4.339695,0.000000,0.000000,1.000000,6.000000,4.992871,0.956927,4.149883,2.082961,4.149883,2.082961,0.001906,1.000000,1.000000
13790.000000,4.151842,2.105196,0.195873,2.223496,0.000000,1.000000,0.000000,3.000000,0.000000,2.987628,2.258271,2.244221,-0.251517,3.585078,0.000000,0.000000,1.000000,6.000000,4.992871,0.956927,4.151842,2.105196,4.151842,2.105196,0.001906,1.000000,1.000000
13800.000000,4.155363,2.128101,0.352142,2.290458,0.000000,1.000000,0.000000,3.000000,0.000000,2.203723,2.173112,2.172850,0.033744,2.013771,0.000000,0.000000,1.000000,6.000000,4.992871,0.956927,4.155363,2.128101,4.155363,2.128101,0.001906,1.000000,1.000000
13810.000000,4.159614,2.149261,0.425105,2.116051,0.000000,1.000000,0.000000,3.000000,0.000000,2.689649,2.153521,2.128374,0.328140,2.879368,0.000000,0.000000,1.000000,6.000000,4.992871,0.956927,4.159614,2.149261,4.159614,2.149261,0.001906,1.000000,1.000000
13820.000000,4.165074,2.171238,0.546034,2.197680,0.000000,1.000000,0.000000,3.000000,0.000000,3.627975,2.183906,2.116113,0.539917,5.182093,0.000000,0.000000,1.000000,6.000000,4.992871,0.956927,4.165074,2.171238,4.165074,2.171238,0.001906,1.000000,1.000000
13830.000000,4.170368,2.194438,0.529348,2.320037,0.000000,1.000000,0.000000,3.000000,0.000000,3.854056,2.272136,2.181859,0.634106,6.784246,0.000000,0.000000,1.000000,6.000000,4.992871,0.956927,4.170368,2.194438,4.170368,2.194438,0.001906,1.000000,1.000000
13840.000000,4.174258,2.218892,0.389074,2.445374,0.000000,1.000000,0.000000,3.000000,0.000000,3.854056,2.384281,2.305316,0.608534,6.557190,0.000000,0.000000,1.000000,6.000000,4.992871,0.956927,4.174258,2.218892,4.174258,2.218892,0.001906,1.000000,1.000000
13850.000000,4.174498,2.242328,0.023947,2.343571,0.000000,1.000000,0.000000,3.000000,0.000000,3.854056,2.476133,2.433457,0.457733,6.153302,0.000000,0.000000,1.000000,6.000000,4.992871,0.956927,4.174498,2.242328,4.174498,2.242328,0.001906,1.000000,1.000000
13860.000000,4.171773,2.268476,-0.272481,2.614864,0.000000,1.000000,0.000000,3.000000,0.000000,2.691221,2.505310,2.493817,0.239691,3.895421,0.000000,0.000000,1.000000,6.000000,4.992871,0.956927,4.171773,2.268476,4.171773,2.268476,0.001906,1.000000,1.000000
13870.000000,4.166800,2.297567,-0.497303,2.909069,0.000000,1.000000,0.000000,3.000000,0.000000,2.649307,2.595776,2.595648,-0.025841,2.621971,0.000000,0.000000,1.000000,6.000000,4.992871,0.956927,4.166800,2.297567,4.166800,2.297567,0.001906,1.000000,1.000000
13880.000000,4.160454,2.327284,-0.634645,2.971682,0.000000,1.000000,0.000000,3.000000,0.000000,3.120144,2.749212,2.737989,-0.248155,2.554914,0.000000,0.000000,1.000000,6.000000,4.992871,0.956927,4.160454,2.327284,4.160454,2.327284,0.001906,1.000000,1.000000
13890.000000,4.154881,2.355592,-0.557311,2.830863,0.000000,1.000000,0.000000,3.000000,0.000000,3.175507,2.881182,2.847630,-0.438421,2.523462,0.000000,0.000000,1.000000,6.000000,4.992871,0.956927,4.154881,2.355592,4.154881,2.355592,0.001906,1.000000,1.000000
13900.000000,4.151472,2.380693,-0.340910,2.510108,0.000000,1.000000,0.000000,3.000000,0.000000,4.922019,2.836453,2.795879,-0.478044,4.357112,0.000000,0.000000,1.000000,6.000000,4.992871,0.956927,4.151472,2.380693,4.151472,2.380693,0.001906,1.000000,1.000000
13910.000000,4.149481,2.401800,-0.199009,2.110684,0.000000,1.000000,0.000000,3.000000,0.000000,5.004117,2.590867,2.563907,-0.372787,4.175019,0.000000,0.000000,1.000000,6.000000,4.992871,0.956927,4.149481,2.401800,4.149481,2.401800,0.001906,1.000000,1.000000
13920.000000,4.147838,2.420460,-0.164379,1.865942,0.000000,1.000000,0.000000,3.000000,0.000000,3.413334,2.224987,2.208849,-0.267491,4.007536,0.000000,0.000000,1.000000,6.000000,4.992871,0.956927,4.147838,2.420460,4.147838,2.420460,0.001906,1.000000,1.000000
13930.000000,4.145436,2.438513,-0.240130,1.805283,0.000000,1.000000,0.000000,3.000000,0.000000,2.499915,2.005199,1.990189,-0.244886,3.105482,0.000000,0.000000,1.000000,6.000000,4.992871,0.956927,4.145436,2.438513,4.145436,2.438513,0.001906,1.000000,1.000000
13940.000000,4.140601,2.457855,-0.483490,1.934284,0.000000,1.000000,0.000000,3.000000,0.000000,1.832868,1.920938,1.901729,-0.270985,0.650788,0.000000,0.000000,1.000000,6.000000,4.992871,0.956927,4.140601,2.457855,4.140601,2.457855,0.001906,1.000000,1.000000
13950.000000,4.133632,2.478136,-0.696891,2.028051,0.000000,1.000000,0.000000,3.000000,0.000000,1.763905,1.959545,1.924614,-0.368346,1.311904,0.000000,0.000000,1.000000,6.000000,4.992871,0.956927,4.133632,2.478136,4.133632,2.478136,0.001906,1.000000,1.000000
13960.000000,4.126725,2.498348,-0.690690,2.021179,0.000000,1.000000,0.000000,3.000000,0.000000,2.200370,2.053879,1.987733,-0.517043,1.990878,0.000000,0.000000,1.000000,6.000000,4.992871,0.956927,4.126725,2.498348,4.126725,2.498348,0.001906,1.000000,1.000000
13970.000000,4.121440,2.517167,-0.528549,1.881883,0.000000,1.000000,0.000000,3.000000,0.000000,2.200370,2.087558,2.015367,-0.544239,1.951978,0.000000,0.000000,1.000000,6.000000,4.992871,0.956927,4.121440,2.517167,4.121440,2.517167,0.001906,1.000000,1.000000
13980.000000,4.117335,2.535041,-0.410439,1.787442,0.000000,1.000000,0.000000,3.000000,0.000000,1.821351,1.940076,1.891672,-0.430663,1.249085,0.000000,0.000000,1.000000,6.000000,4.992871,0.956927,4.117335,2.535041,4.117335,2.535041,0.001906,1.000000,1.000000
13990.000000,4.115010,2.552214,-0.232522,1.717333,0.000000,1.000000,0.000000,3.000000,0.000000,1.623928,1.790700,1.764039,-0.307852,0.987918,0.000000,0.000000,1.000000,6.000000,4.992871,0.956927,4.115010,2.552214,4.115010,2.552214,0.001906,1.000000,1.000000
14000.000000,4.113131,2.568740,-0.187904,1.652531,0.000000,1.000000,0.000000,3.000000,0.000000,0.908598,1.733003,1.722964,-0.186264,-0.268457,0.000000,0.000000,1.000000,6.000000,4.992871,0.956927,4.113131,2.568740,4.113131,2.568740,0.001906,1.000000,1.000000
14010.000000,4.111381,2.584221,-0.175024,1.548147,0.000000,1.000000,0.000000,3.000000,0.000000,1.277997,1.663179,1.655873,-0.155723,-0.234657,0.000000,0.000000,1.000000,6.000000,4.992871,0.956927,4.111381,2.584221,4.111381,2.584221,0.001906,1.000000,1.000000
14020.000000,4.109847,2.599207,-0.153382,1.498618,0.000000,1.000000,0.000000,3.000000,0.000000,2.307412,1.558009,1.550564,-0.152135,-0.234107,0.000000,0.000000,1.000000,6.000000,4.992871,0.956927,4.109847,2.599207,4.109847,2.599207,0.001906,1.000000,1.000000
14030.000000,4.108461,2.614180,-0.138521,1.497215,0.000000,1.000000,0.000000,3.000000,0.000000,1.543207,1.506447,1.500951,-0.128565,-0.233560,0.000000,0.000000,1.000000,6.000000,4.992871,0.956927,4.108461,2.614180,4.108461,2.614180,0.001906,1.000000,1.000000
14040.000000,4.107180,2.629117,-0.128114,1.493786,0.000000,1.000000,0.000000,3.000000,0.000000,1.312066,1.503610,1.499930,-0.105132,-0.315837,0.000000,0.000000,1.000000,6.000000,4.992871,0.956927,4.107180,2.629117,4.107180,2.629117,0.001906,1.000000,1.000000
14050.000000,4.105786,2.643317,-0.139407,1.419982,0.000000,1.000000,0.000000,3.000000,0.000000,1.312066,1.499270,1.496686,-0.087987,-0.314842,0.000000,0.000000,1.000000,6.000000,4.992871,0.956927,4.105786,2.643317,4.105786,2.643317,0.001906,1.000000,1.000000
14060.000000,4.104000,2.656782,-0.178582,1.346477,0.000000,1.000000,0.000000,3.000000,0.000000,0.950386,1.426808,1.423382,-0.098827,-0.628675,0.000000,0.000000,1.000000,6.000000,4.992871,0.956927,4.104000,2.656782,4.104000,2.656782,0.001906,1.000000,1.000000
14070.000000,4.101038,2.670382,-0.296161,1.360061,0.000000,1.000000,0.000000,3.000000,0.000000,0.376143,1.358268,1.350895,-0.141326,-1.481855,0.000000,0.000000,1.000000,6.000000,4.992871,0.956927,4.101038,2.670382,4.101038,2.670382,0.001906,1.000000,1.000000
14080.000000,4.097922,2.683867,-0.311669,1.348417,0.000000,1.000000,0.000000,3.000000,0.000000,0.749974,1.308363,1.295267,-0.184653,-0.996377,0.000000,0.000000,1.000000,6.000000,4.992871,0.956927,4.097922,2.683867,4.097922,2.683867,0.001906,1.000000,1.000000
14090.000000,4.095511,2.696494,-0.241099,1.262753,0.000000,1.000000,0.000000,3.000000,0.000000,0.749974,1.291451,1.276158,-0.198159,-0.986538,0.000000,0.000000,1.000000,6.000000,4.992871,0.956927,4.095511,2.696494,4.095511,2.696494,0.001906,1.000000,1.000000
14100.000000,4.093898,2.708023,-0.161264,1.152840,0.000000,1.000000,0.000000,3.000000,0.000000,0.749974,1.241698,1.228442,-0.180948,-0.976891,0.000000,0.000000,1.000000,6.000000,4.992871,0.956927,4.093898,2.708023,4.093898,2.708023,0.001906,1.000000,1.000000
14110.000000,4.092347,2.719215,-0.155184,1.119178,0.000000,1.000000,0.000000,3.000000,0.000000,0.782390,1.183597,1.171667,-0.167624,-0.926165,0.000000,0.000000,1.000000,6.000000,4.992871,0.956927,4.092347,2.719215,4.092347,2.719215,0.001906,1.000000,1.000000
14120.000000,4.089919,2.730868,-0.242777,1.165356,1.000000,2.000000,1.000000,1.000000,2.000000,1.128317,1.133481,1.123722,-0.148414,-0.483392,0.000000,0.000000,1.000000,6.000000,4.992871,0.956927,4.089919,2.730868,4.089919,2.730868,0.001906,1.000000,1.000000
14130.000000,4.087235,2.742037,-0.268369,1.116900,1.000000,2.000000,1.000000,1.000000,2.000000,1.404188,1.108716,1.096901,-0.161433,-0.133078,0.000000,0.000000,0.000000,65535.000000,4.089919,2.730868,4.087235,2.742037,4.087235,2.742037,0.250000,1.000000,1.000000
14140.000000,4.084952,2.752495,-0.228352,1.045782,1.000000,2.000000,1.000000,1.000000,2.000000,1.462065,1.054649,1.039216,-0.179766,0.523067,0.000000,0.000000,0.000000,65535.000000,4.089919,2.730868,4.084952,2.752495,4.084952,2.752495,0.250000,1.000000,1.000000
14150.000000,4.083168,2.762296,-0.178361,0.980083,1.000000,2.000000,1.000000,1.000000,2.000000,1.462065,1.007221,0.993984,-0.162762,0.619895,0.000000,0.000000,0.000000,65535.000000,4.089919,2.730868,4.083168,2.762296,4.083168,2.762296,0.250000,1.000000,1.000000
14160.000000,4.082065,2.771415,-0.110311,0.911918,1.000000,2.000000,1.000000,1.000000,2.000000,1.462065,0.953836,0.945275,-0.127507,0.616071,0.000000,0.000000,0.000000,65535.000000,4.089919,2.730868,4.082065,2.771415,4.082065,2.771415,0.250000,1.000000,1.000000
14170.000000,4.081855,2.779624,-0.020980,0.820884,1.000000,2.000000,1.000000,1.000000,2.000000,0.555711,0.906559,0.902284,-0.087940,-0.776856,0.000000,0.000000,0.000000,65535.000000,4.089919,2.730868,4.081855,2.779624,4.081855,2.779624,0.250000,1.000000,1.000000
14180.000000,4.082270,2.787954,0.041484,0.832981,1.000000,2.000000,1.000000,1.000000,2.000000,0.555711,0.859710,0.858223,-0.050548,-0.770862,0.000000,0.000000,0.000000,65535.000000,4.089919,2.730868,4.082270,2.787954,4.082270,2.787954,0.250000,1.000000,1.000000
14190.000000,4.082861,2.796264,0.059146,0.831002,1.000000,2.000000,1.000000,1.000000,2.000000,1.155513,0.846341,0.846216,-0.014494,0.166908,0.000000,0.000000,0.000000,65535.000000,4.089919,2.730868,4.082861,2.796264,4.082861,2.796264,0.250000,1.000000,1.000000
14200.000000,4.083406,2.804364,0.054456,0.809991,1.000000,2.000000,1.000000,1.000000,2.000000,1.155513,0.833618,0.833611,-0.003385,0.168199,0.000000,0.000000,0.000000,65535.000000,4.089919,2.730868,4.083406,2.804364,4.083406,2.804364,0.250000,1.000000,1.000000
14210.000000,4.083486,2.811821,0.008022,0.745713,1.000000,2.000000,1.000000,1.000000,2.000000,1.155513,0.812137,0.812132,-0.002768,0.167916,0.000000,0.000000,0.000000,65535.000000,4.089919,2.730868,4.083486,2.811821,4.083486,2.811821,0.250000,1.000000,1.000000
14220.000000,4.083042,2.819031,-0.044442,0.721061,1.000000,2.000000,1.000000,1.000000,2.000000,0.863867,0.758500,0.758381,-0.013417,-0.372049,0.000000,0.000000,0.000000,65535.000000,4.089919,2.730868,4.083042,2.819031,4.083042,2.819031,0.250000,1.000000,1.000000
14230.000000,4.082568,2.825893,-0.047392,0.686138,1.000000,2.000000,1.000000,1.000000,2.000000,1.048393,0.712344,0.711639,-0.031674,0.012718,0.000000,0.000000,0.000000,65535.000000,4.089919,2.730868,4.082568,2.825893,4.082568,2.825893,0.250000,1.000000,1.000000
14240.000000,4.081916,2.832578,-0.065183,0.668549,0.000000,2.000000,0.000000,1.000000,1.000000,1.307078,0.687773,0.686211,-0.046330,0.575094,0.000000,0.000000,0.000000,65535.000000,4.089919,2.730868,4.081916,2.832578,4.081916,2.832578,0.250000,1.000000,1.000000
14250.000000,4.081237,2.838683,-0.067852,0.610500,0.000000,2.000000,0.000000,1.000000,1.000000,1.400124,0.671719,0.668635,-0.064289,0.746528,0.000000,0.000000,0.000000,65535.000000,4.089919,2.730868,4.081237,2.838683,4.081237,2.838683,0.250000,1.000000,1.000000
14260.000000,4.080610,2.844176,-0.062734,0.549254,0.000000,2.000000,0.000000,1.000000,1.000000,1.400124,0.614259,0.610739,-0.065667,0.740991,0.000000,0.000000,0.000000,65535.000000,4.089919,2.730868,4.080610,2.844176,4.080610,2.844176,0.250000,1.000000,1.000000
14270.000000,4.080104,2.849222,-0.050596,0.504657,0.000000,2.000000,0.000000,1.000000,1.000000,1.322991,0.552825,0.549675,-0.058930,0.908182,0.000000,0.000000,0.000000,65535.000000,4.089919,2.730868,4.080104,2.849222,4.080104,2.849222,0.250000,1.000000,1.000000
14280.000000,4.079670,2.854048,-0.043396,0.482604,0.000000,2.000000,0.000000,1.000000,1.000000,1.601065,0.507187,0.504985,-0.047212,1.372451,0.000000,0.000000,0.000000,65535.000000,4.089919,2.730868,4.079670,2.854048,4.079670,2.854048,0.250000,1.000000,1.000000
14290.000000,4.079502,2.858628,-0.016767,0.457964,0.000000,2.000000,0.000000,1.000000,1.000000,1.601065,0.484551,0.482780,-0.041395,1.353852,0.000000,0.000000,0.000000,65535.000000,4.089919,2.730868,4.079502,2.858628,4.079502,2.858628,0.250000,1.000000,1.000000
14300.000000,4.079563,2.862919,0.006072,0.429103,0.000000,2.000000,0.000000,1.000000,1.000000,1.351177,0.458271,0.458023,-0.015077,0.933674,0.000000,0.000000,0.000000,65535.000000,4.089919,2.730868,4.079563,2.862919,4.079563,2.862919,0.250000,1.000000,1.000000
14310.000000,4.079636,2.866875,0.007287,0.395612,0.000000,2.000000,0.000000,1.000000,1.000000,1.351177,0.429146,0.429084,0.007285,0.925029,0.000000,0.000000,0.000000,65535.000000,4.089919,2.730868,4.079636,2.866875,4.079636,2.866875,0.250000,1.000000,1.000000
14320.000000,4.079614,2.870724,-0.002192,0.384883,0.000000,2.000000,0.000000,1.000000,1.000000,1.211614,0.395680,0.395613,0.007230,0.591329,0.000000,0.000000,0.000000,65535.000000,4.089919,2.730868,4.079614,2.870724,4.079614,2.870724,0.250000,1.000000,1.000000
14330.000000,4.079545,2.874566,-0.006819,0.384183,0.000000,2.000000,0.000000,1.000000,1.000000,1.211614,0.384889,0.384876,-0.003143,0.587850,0.000000,0.000000,0.000000,65535.000000,4.089919,2.730868,4.079545,2.874566,4.079545,2.874566,0.250000,1.000000,1.000000
14340.000000,4.079396,2.878384,-0.014945,0.381775,0.000000,2.000000,0.000000,1.000000,1.000000,1.085426,0.384244,0.384172,-0.007444,0.297228,0.000000,0.000000,0.000000,65535.000000,4.089919,2.730868,4.079396,2.878384,4.079396,2.878384,0.250000,1.000000,1.000000
14350.000000,4.079097,2.882036,-0.029957,0.365248,0.000000,2.000000,0.000000,1.000000,1.000000,1.028390,0.382067,0.381776,-0.014910,0.169686,0.000000,0.000000,0.000000,65535.000000,4.089919,2.730868,4.079097,2.882036,4.079097,2.882036,0.250000,1.000000,1.000000
14360.000000,4.078676,2.885555,-0.042042,0.351893,0.000000,2.000000,0.000000,1.000000,0.000000,0.987233,0.366474,0.365258,-0.029833,0.071359,0.000000,0.000000,0.000000,65535.000000,4.089919,2.730868,4.078676,2.885555,4.078676,2.885555,0.250000,1.000000,1.000000
14370.000000,4.078320,2.888887,-0.035633,0.333224,0.000000,2.000000,0.000000,1.000000,0.000000,0.991594,0.354395,0.351845,-0.042443,0.071308,0.000000,0.000000,0.000000,65535.000000,4.089919,2.730868,4.078320,2.888887,4.078320,2.888887,0.250000,1.000000,1.000000
14380.000000,4.078058,2.892039,-0.026240,0.315194,0.000000,2.000000,0.000000,1.000000,0.000000,1.093638,0.335124,0.333141,-0.036399,-0.029065,0.000000,0.000000,0.000000,65535.000000,4.089919,2.730868,4.078058,2.892039,4.078058,2.892039,0.250000,1.000000,1.000000
14390.000000,4.077883,2.894884,-0.017492,0.284500,0.000000,2.000000,0.000000,1.000000,0.000000,1.093638,0.316284,0.315115,-0.027174,-0.126937,0.000000,0.000000,0.000000,65535.000000,4.089919,2.730868,4.077883,2.894884,4.077883,2.894884,0.250000,1.000000,1.000000
14400.000000,4.077735,2.897410,-0.014792,0.252583,0.000000,2.000000,0.000000,1.000000,0.000000,1.036178,0.285037,0.284419,-0.018753,0.052922,0.000000,0.000000,0.000000,65535.000000,4.089919,2.730868,4.077735,2.897410,4.077735,2.897410,0.250000,1.000000,1.000000
14410.000000,4.077547,2.899675,-0.018775,0.226477,0.000000,2.000000,0.000000,1.000000,0.000000,1.036178,0.253016,0.252488,-0.016339,0.053774,0.000000,0.000000,0.000000,65535.000000,4.089919,2.730868,4.077547,2.899675,4.077547,2.899675,0.250000,1.000000,1.000000
14420.000000,4.077401,2.901765,-0.014637,0.209072,0.000000,2.000000,0.000000,1.000000,0.000000,1.036178,0.227254,0.226339,-0.020372,0.053745,0.000000,0.000000,0.000000,65535.000000,4.089919,2.730868,4.077401,2.901765,4.077401,2.901765,0.250000,1.000000,1.000000
14430.000000,4.077353,2.903690,-0.004714,0.192452,0.000000,2.000000,0.000000,1.000000,0.000000,0.714479,0.209584,0.208976,-0.015955,-0.592936,0.000000,0.000000,0.000000,65535.000000,4.089919,2.730868,4.077353,2.903690,4.077353,2.903690,0.250000,1.000000,1.000000
14440.000000,4.077293,2.905493,-0.006053,0.180334,0.000000,2.000000,0.000000,1.000000,0.000000,0.627760,0.192510,0.192426,-0.005660,-0.875860,0.000000,0.000000,0.000000,65535.000000,4.089919,2.730868,4.077293,2.905493,4.077293,2.905493,0.250000,1.000000,1.000000
14450.000000,4.077158,2.907131,-0.013511,0.163791,0.000000,2.000000,0.000000,1.000000,0.000000,0.598822,0.180435,0.180302,-0.006922,-0.956383,0.000000,0.000000,0.000000,65535.000000,4.089919,2.730868,4.077158,2.907131,4.077158,2.907131,0.250000,1.000000,1.000000
14460.000000,4.077026,2.908622,-0.013154,0.149047,0.000000,2.000000,0.000000,1.000000,0.000000,0.127998,0.164348,0.163699,-0.014589,-2.070084,0.000000,0.000000,0.000000,65535.000000,4.089919,2.730868,4.077026,2.908622,4.077026,2.908622,0.250000,1.000000,1.000000
14470.000000,4.076903,2.909936,-0.012287,0.131489,0.000000,2.000000,0.000000,1.000000,0.000000,0.112817,0.149626,0.148925,-0.014472,-2.120386,0.000000,0.000000,0.000000,65535.000000,4.089919,2.730868,4.076903,2.909936,4.076903,2.909936,0.250000,1.000000,1.000000
14480.000000,4.076729,2.911079,-0.017382,0.114232,0.000000,2.000000,0.000000,1.000000,0.000000,0.210195,0.132062,0.131348,-0.013711,-1.774449,0.000000,0.000000,0.000000,65535.000000,4.089919,2.730868,4.076729,2.911079,4.076729,2.911079,0.250000,1.000000,1.000000
14490.000000,4.076509,2.912050,-0.022021,0.097112,0.000000,2.000000,0.000000,1.000000,0.000000,0.231717,0.115547,0.114014,-0.018758,-1.670055,0.000000,0.000000,0.000000,65535.000000,4.089919,2.730868,4.076509,2.912050,4.076509,2.912050,0.250000,1.000000,1.000000
14500.000000,4.076314,2.912850,-0.019458,0.079987,0.000000,2.000000,0.000000,1.000000,0.000000,0.231717,0.099577,0.096828,-0.023235,-1.642595,0.000000,0.000000,0.000000,65535.000000,4.089919,2.730868,4.076314,2.912850,4.076314,2.912850,0.250000,1.000000,1.000000
14510.000000,4.076141,2.913472,-0.017322,0.062258,0.000000,2.000000,0.000000,1.000000,0.000000,0.219048,0.082320,0.079734,-0.020470,-1.666946,0.000000,0.000000,0.000000,65535.000000,4.089919,2.730868,4.076141,2.913472,4.076141,2.913472,0.250000,1.000000,1.000000
14520.000000,4.075960,2.913940,-0.018147,0.046811,0.000000,2.000000,0.000000,1.000000,0.000000,0.086817,0.064623,0.062041,-0.018083,-1.965393,0.000000,0.000000,0.000000,65535.000000,4.089919,2.730868,4.075960,2.913940,4.075960,2.913940,0.250000,1.000000,1.000000
14530.000000,4.075779,2.914268,-0.018009,0.032736,0.000000,2.000000,0.000000,1.000000,0.000000,0.084786,0.050205,0.046598,-0.018685,-1.934410,0.000000,0.000000,0.000000,65535.000000,4.089919,2.730868,4.075779,2.914268,4.075779,2.914268,0.250000,1.000000,1.000000
14540.000000,4.075779,2.914268,0.000000,0.000000,0.000000,2.000000,0.000000,1.000000,0.000000,0.100414,0.037362,0.032537,-0.018365,-1.866932,0.000000,0.000000,0.000000,65535.000000,4.089919,2.730868,4.075779,2.914268,4.075779,2.914268,0.250000,1.000000,1.000000
14550.000000,4.075779,2.914268,0.000000,0.000000,0.000000,2.000000,0.000000,1.000000,0.000000,0.100414,0.026057,0.019323,-0.017480,-1.832683,0.000000,0.000000,0.000000,65535.000000,4.089919,2.730868,4.075779,2.914268,4.075779,2.914268,0.250000,1.000000,1.000000
14560.000000,4.075779,2.914268,0.000000,0.000000,0.000000,2.000000,0.000000,1.000000,0.000000,0.100414,0.018437,0.007285,-0.016936,-1.799668,0.000000,0.000000,0.000000,65535.000000,4.089919,2.730868,4.075779,2.914268,4.075779,2.914268,0.250000,1.000000,1.000000
14570.000000,4.075779,2.914268,0.000000,0.000000,0.000000,2.000000,0.000000,1.000000,0.000000,0.099048,0.018757,-0.005341,-0.017981,-1.826360,0.000000,0.000000,0.000000,65535.000000,4.089919,2.730868,4.075779,2.914268,4.075779,2.914268,0.250000,1.000000,1.000000
14580.000000,4.075532,2.914027,-0.024701,-0.024007,0.000000,2.000000,0.000000,1.000000,0.000000,0.101397,0.025588,-0.015055,-0.020690,-1.750757,0.000000,0.000000,0.000000,65535.000000,4.089919,2.730868,4.075532,2.914027,4.075532,2.914027,0.250000,1.000000,1.000000
14590.000000,4.075220,2.913719,-0.031239,-0.030881,0.000000,2.000000,0.000000,1.000000,0.000000,0.101397,0.034446,-0.024291,-0.024422,-1.720603,0.000000,0.000000,0.000000,65535.000000,4.089919,2.730868,4.075220,2.913719,4.075220,2.913719,0.250000,1.000000,1.000000
14600.000000,4.074805,2.913323,-0.041517,-0.039599,0.000000,2.000000,0.000000,1.000000,0.000000,0.112661,0.043926,-0.031271,-0.030849,-1.678029,0.000000,0.000000,0.000000,65535.000000,4.089919,2.730868,4.074805,2.913323,4.074805,2.913323,0.250000,1.000000,1.000000
14610.000000,4.074292,2.912867,-0.051265,-0.045579,0.000000,2.000000,0.000000,1.000000,0.000000,0.112661,0.057374,-0.040136,-0.040998,-1.650309,0.000000,0.000000,0.000000,65535.000000,4.089919,2.730868,4.074292,2.912867,4.074292,2.912867,0.250000,1.000000,1.000000
14620.000000,4.073609,2.912349,-0.068295,-0.051751,0.000000,2.000000,0.000000,1.000000,0.000000,0.112661,0.068598,-0.046233,-0.050676,-1.623490,0.000000,0.000000,0.000000,65535.000000,4.089919,2.730868,4.073609,2.912349,4.073609,2.912349,0.250000,1.000000,1.000000
14630.000000,4.072711,2.911768,-0.089778,-0.058075,0.000000,2.000000,0.000000,1.000000,0.000000,0.135742,0.085687,-0.052594,-0.067647,-1.550011,0.000000,0.000000,0.000000,65535.000000,4.089919,2.730868,4.072711,2.911768,4.072711,2.911768,0.250000,1.000000,1.000000
14640.000000,4.071510,2.911156,-0.120149,-0.061205,0.000000,2.000000,0.000000,1.000000,0.000000,0.142373,0.106925,-0.059116,-0.089096,-1.501468,0.000000,0.000000,0.000000,65535.000000,4.089919,2.730868,4.071510,2.911156,4.071510,2.911156,0.250000,1.000000,1.000000
14650.000000,4.069992,2.910598,-0.151817,-0.055840,0.000000,2.000000,0.000000,1.000000,0.000000,0.142373,0.134840,-0.062467,-0.119498,-1.479235,0.000000,0.000000,0.000000,65535.000000,4.089919,2.730868,4.069992,2.910598,4.069992,2.910598,0.250000,1.000000,1.000000
14660.000000,4.067962,2.910063,-0.203001,-0.053508,0.000000,2.000000,0.000000,1.000000,0.000000,0.137875,0.161760,-0.057328,-0.151261,-1.460531,0.000000,0.000000,0.000000,65535.000000,4.089919,2.730868,4.067962,2.910063,4.067962,2.910063,0.250000,1.000000,1.000000
14670.000000,4.065396,2.909493,-0.256551,-0.057031,0.000000,2.000000,0.000000,1.000000,0.000000,0.155310,0.209934,-0.055481,-0.202471,-1.359216,0.000000,0.000000,0.000000,65535.000000,4.089919,2.730868,4.065396,2.909493,4.065396,2.909493,0.250000,1.000000,1.000000
14680.000000,4.061892,2.908475,-0.350491,-0.101751,0.000000,2.000000,0.000000,1.000000,0.000000,0.174016,0.262813,-0.059580,-0.255971,-1.339196,0.000000,0.000000,0.000000,65535.000000,4.089919,2.730868,4.061892,2.908475,4.061892,2.908475,0.250000,1.000000,1.000000
14690.000000,4.058005,2.907394,-0.388689,-0.108149,0.000000,2.000000,0.000000,1.000000,0.000000,0.356346,0.315114,-0.066023,-0.308120,-0.889842,0.000000,0.000000,0.000000,65535.000000,4.089919,2.730868,4.058005,2.907394,4.058005,2.907394,0.250000,1.000000,1.000000
14700.000000,4.054005,2.906340,-0.399999,-0.105328,0.000000,2.000000,0.000000,1.000000,0.000000,0.525266,0.334916,-0.054277,-0.330489,-0.724268,0.000000,0.000000,0.000000,65535.000000,4.089919,2.730868,4.054005,2.906340,4.054005,2.906340,0.250000,1.000000,1.000000
14710.000000,4.049524,2.905456,-0.448098,-0.088457,0.000000,2.000000,0.000000,1.000000,0.000000,0.525266,0.360151,-0.039214,-0.358010,-0.719055,0.000000,0.000000,0.000000,65535.000000,4.089919,2.730868,4.049524,2.905456,4.049524,2.905456,0.250000,1.000000,1.000000
14720.000000,4.044114,2.904863,-0.541011,-0.059266,0.000000,2.000000,0.000000,1.000000,0.000000,0.514748,0.419268,-0.028003,-0.418332,-0.751019,0.000000,0.000000,0.000000,65535.000000,4.089919,2.730868,4.044114,2.904863,4.044114,2.904863,0.250000,1.000000,1.000000
14730.000000,4.038188,2.904381,-0.592627,-0.048210,0.000000,2.000000,0.000000,1.000000,0.000000,0.726824,0.520540,-0.019811,-0.520163,-0.315765,0.000000,0.000000,0.000000,65535.000000,4.089919,2.730868,4.038188,2.904381,4.038188,2.904381,0.250000,1.000000,1.000000
14740.000000,4.032067,2.903836,-0.612006,-0.054489,0.000000,2.000000,0.000000,1.000000,0.000000,0.726824,0.575349,-0.016743,-0.575105,-0.314870,0.000000,0.000000,0.000000,65535.000000,4.089919,2.730868,4.032067,2.903836,4.032067,2.903836,0.250000,1.000000,1.000000
14750.000000,4.025510,2.903273,-0.655684,-0.056292,0.000000,2.000000,0.000000,1.000000,0.000000,0.808974,0.593263,-0.018131,-0.592986,-0.343456,0.000000,0.000000,0.000000,65535.000000,4.089919,2.730868,4.025510,2.903273,4.025510,2.903273,0.250000,1.000000,1.000000
14760.000000,4.018285,2.902681,-0.722540,-0.059271,0.000000,2.000000,0.000000,1.000000,0.000000,0.638548,0.635286,-0.019638,-0.634983,-0.799460,0.000000,0.000000,0.000000,65535.000000,4.089919,2.730868,4.018285,2.902681,4.018285,2.902681,0.250000,1.000000,1.000000
14770.000000,4.010580,2.902081,-0.770463,-0.059920,0.000000,2.000000,0.000000,1.000000,0.000000,0.352279,0.710489,-0.011403,-0.710397,-1.165992,0.000000,0.000000,0.000000,65535.000000,4.089919,2.730868,4.010580,2.902081,4.010580,2.902081,0.250000,1.000000,1.000000
14780.000000,4.002524,2.901066,-0.805624,-0.101527,0.000000,2.000000,0.000000,1.000000,0.000000,0.361839,0.765675,-0.004385,-0.765662,-1.139360,0.000000,0.000000,0.000000,65535.000000,4.089919,2.730868,4.002524,2.901066,4.002524,2.901066,0.250000,1.000000,1.000000
14790.000000,3.994125,2.899754,-0.839850,-0.131238,0.000000,2.000000,0.000000,1.000000,0.000000,0.362464,0.796195,-0.008580,-0.796149,-1.125709,0.000000,0.000000,0.000000,65535.000000,4.089919,2.730868,3.994125,2.899754,3.994125,2.899754,0.250000,1.000000,1.000000
14800.000000,3.985312,2.898465,-0.881361,-0.128922,0.000000,2.000000,0.000000,1.000000,0.000000,0.362464,0.844523,0.005199,-0.844507,-1.113166,0.000000,0.000000,0.000000,65535.000000,4.089919,2.730868,3.985312,2.898465,3.985312,2.898465,0.250000,1.000000,1.000000
14810.000000,3.976161,2.897107,-0.915105,-0.135738,0.000000,2.000000,0.000000,1.000000,0.000000,0.323206,0.919015,0.035904,-0.918313,-1.152007,0.000000,0.000000,0.000000,65535.000000,4.089919,2.730868,3.976161,2.897107,3.976161,2.897107,0.250000,1.000000,1.000000
14820.000000,3.966692,2.895616,-0.946894,-0.149108,0.000000,2.000000,0.000000,1.000000,0.000000,0.454108,0.963331,0.045598,-0.962251,-1.136069,0.000000,0.000000,0.000000,65535.000000,4.089919,2.730868,3.966692,2.895616,3.966692,2.895616,0.250000,1.000000,1.000000
14830.000000,3.956808,2.894054,-0.988412,-0.156177,0.000000,2.000000,0.000000,1.000000,0.000000,0.444685,0.983656,0.035194,-0.983026,-1.123295,0.000000,0.000000,0.000000,65535.000000,4.089919,2.730868,3.956808,2.894054,3.956808,2.894054,0.250000,1.000000,1.000000
14840.000000,3.946230,2.892572,-1.057794,-0.148265,0.000000,2.000000,0.000000,1.000000,0.000000,0.273526,1.006276,0.017684,-1.006121,-1.018395,0.000000,0.000000,0.000000,65535.000000,4.089919,2.730868,3.946230,2.892572,3.946230,2.892572,0.250000,1.000000,1.000000
14850.000000,3.935088,2.891093,-1.114141,-0.147861,0.000000,2.000000,0.000000,1.000000,0.000000,0.273526,1.058212,0.001044,-1.058212,-1.008118,0.000000,0.000000,0.000000,65535.000000,4.089919,2.730868,3.935088,2.891093,3.935088,2.891093,0.250000,1.000000,1.000000
14860.000000,3.923285,2.889730,-1.180359,-0.136317,0.000000,2.000000,0.000000,1.000000,0.000000,0.480115,1.090423,-0.022257,-1.090196,-0.761222,0.000000,0.000000,0.000000,65535.000000,4.089919,2.730868,3.923285,2.889730,3.923285,2.889730,0.250000,1.000000,1.000000
14870.000000,3.911060,2.888269,-1.222462,-0.146077,0.000000,2.000000,0.000000,1.000000,0.000000,0.612895,1.134139,-0.044415,-1.133269,-0.562362,0.000000,0.000000,0.000000,65535.000000,4.089919,2.730868,3.911060,2.888269,3.911060,2.888269,0.250000,1.000000,1.000000
14880.000000,3.898428,2.886660,-1.263172,-0.160926,0.000000,2.000000,0.000000,1.000000,0.000000,0.691738,1.149511,-0.071105,-1.147310,-0.559214,0.000000,0.000000,0.000000,65535.000000,4.089919,2.730868,3.898428,2.886660,3.898428,2.886660,0.250000,1.000000,1.000000
14890.000000,3.885365,2.884941,-1.306367,-0.171898,0.000000,2.000000,0.000000,1.000000,0.000000,0.619643,1.186731,-0.087492,-1.183502,-0.719833,0.000000,0.000000,0.000000,65535.000000,4.089919,2.730868,3.885365,2.884941,3.885365,2.884941,0.250000,1.000000,1.000000
14900.000000,3.871720,2.883159,-1.364478,-0.178179,0.000000,2.000000,0.000000,1.000000,0.000000,0.733685,1.227322,-0.094937,-1.223645,-0.788949,0.000000,0.000000,0.000000,65535.000000,4.089919,2.730868,3.871720,2.883159,3.871720,2.883159,0.250000,1.000000,1.000000
14910.000000,3.858037,2.881401,-1.368249,-0.175790,0.000000,2.000000,0.000000,1.000000,0.000000,0.410542,1.285975,-0.100163,-1.282068,-0.776543,0.000000,0.000000,0.000000,65535.000000,4.089919,2.730868,3.858037,2.881401,3.858037,2.881401,0.250000,1.000000,1.000000
14920.000000,3.844167,2.879444,-1.387005,-0.195688,0.000000,2.000000,0.000000,1.000000,0.000000,0.402948,1.303065,-0.107296,-1.298640,-0.770553,0.000000,0.000000,0.000000,65535.000000,4.089919,2.730868,3.844167,2.879444,3.844167,2.879444,0.250000,1.000000,1.000000
14930.000000,3.830254,2.877236,-1.391386,-0.220773,0.000000,2.000000,0.000000,1.000000,0.000000,0.390682,1.335734,-0.135883,-1.328804,-0.776532,0.000000,0.000000,0.000000,65535.000000,4.089919,2.730868,3.830254,2.877236,3.830254,2.877236,0.250000,1.000000,1.000000
14940.000000,3.816111,2.874608,-1.414263,-0.262871,0.000000,2.000000,0.000000,1.000000,0.000000,0.505646,1.362831,-0.175680,-1.351461,-0.535524,0.000000,0.000000,0.000000,65535.000000,4.089919,2.730868,3.816111,2.874608,3.816111,2.874608,0.250000,1.000000,1.000000
14950.000000,3.801930,2.871883,-1.418084,-0.272442,0.000000,2.000000,0.000000,1.000000,0.000000,0.505646,1.414415,-0.233481,-1.395011,-0.532669,0.000000,0.000000,0.000000,65535.000000,4.089919,2.730868,3.801930,2.871883,3.801930,2.871883,0.250000,1.000000,1.000000
14960.000000,3.787636,2.869091,-1.429432,-0.279218,0.000000,2.000000,0.000000,1.000000,0.000000,0.583018,1.471402,-0.280093,-1.444497,-0.357394,0.000000,0.000000,0.000000,65535.000000,4.089919,2.730868,3.787636,2.869091,3.787636,2.869091,0.250000,1.000000,1.000000
14970.000000,3.773511,2.866213,-1.412456,-0.287840,0.000000,2.000000,0.000000,1.000000,0.000000,0.763516,1.539238,-0.325069,-1.504521,-0.060841,0.000000,0.000000,0.000000,65535.000000,4.089919,2.730868,3.773511,2.866213,3.773511,2.866213,0.250000,1.000000,1.000000
14980.000000,3.759700,2.863265,-1.381130,-0.294739,0.000000,2.000000,0.000000,1.000000,0.000000,0.763516,1.572934,-0.366423,-1.529658,-0.060804,0.000000,0.000000,0.000000,65535.000000,4.089919,2.730868,3.759700,2.863265,3.759700,2.863265,0.250000,1.000000,1.000000
14990.000000,3.746154,2.860353,-1.354615,-0.291209,0.000000,2.000000,0.000000,1.000000,0.000000,0.487365,1.585933,-0.402282,-1.534064,-0.455685,0.000000,0.000000,0.000000,65535.000000,4.089919,2.730868,3.746154,2.860353,3.746154,2.860353,0.250000,1.000000,1.000000
15000.000000,3.732191,2.857628,-1.396306,-0.272561,0.000000,2.000000,0.000000,1.000000,0.000000,0.730599,1.591552,-0.419065,-1.535390,0.017125,0.000000,0.000000,0.000000,65535.000000,4.089919,2.730868,3.732191,2.857628,3.732191,2.857628,0.250000,1.000000,1.000000
15010.000000,3.717684,2.855051,-1.450631,-0.257717,0.000000,2.000000,0.000000,1.000000,0.000000,0.730599,1.698143,-0.449652,-1.637530,0.017122,0.000000,0.000000,0.000000,65535.000000,4.089919,2.730868,3.717684,2.855051,3.717684,2.855051,0.250000,1.000000,1.000000
15020.000000,3.702633,2.852357,-1.505159,-0.269357,0.000000,2.000000,0.000000,1.000000,0.000000,0.712906,1.801175,-0.469741,-1.738843,-0.005694,0.000000,0.000000,0.000000,65535.000000,4.089919,2.730868,3.702633,2.852357,3.702633,2.852357,0.250000,1.000000,1.000000
15030.000000,3.687622,2.849508,-1.501088,-0.284926,0.000000,2.000000,0.000000,1.000000,0.000000,0.661915,1.886344,-0.497122,-1.819660,-0.681462,0.000000,0.000000,0.000000,65535.000000,4.089919,2.730868,3.687622,2.849508,3.687622,2.849508,0.250000,1.000000,1.000000
15040.000000,3.672400,2.846573,-1.522174,-0.293459,0.000000,2.000000,0.000000,1.000000,0.000000,0.661915,1.894688,-0.515898,-1.823100,-0.874677,0.000000,0.000000,0.000000,65535.000000,4.089919,2.730868,3.672400,2.846573,3.672400,2.846573,0.250000,1.000000,1.000000
15050.000000,3.657012,2.843816,-1.538832,-0.275709,0.000000,2.000000,0.000000,1.000000,0.000000,0.308516,1.896001,-0.505836,-1.827280,-1.132897,0.000000,0.000000,0.000000,65535.000000,4.089919,2.730868,3.657012,2.843816,3.657012,2.843816,0.250000,1.000000,1.000000
15060.000000,3.640939,2.841007,-1.607304,-0.280927,0.000000,2.000000,0.000000,1.000000,0.000000,0.402410,1.894271,-0.476759,-1.833293,-0.985807,0.000000,0.000000,0.000000,65535.000000,4.089919,2.730868,3.640939,2.841007,3.640939,2.841007,0.250000,1.000000,1.000000
15070.000000,3.624860,2.837966,-1.607887,-0.304073,0.000000,2.000000,0.000000,1.000000,0.000000,0.702188,1.941109,-0.459561,-1.885924,-0.548631,0.000000,0.000000,0.000000,65535.000000,4.089919,2.730868,3.624860,2.837966,3.624860,2.837966,0.250000,1.000000,1.000000
15080.000000,3.609072,2.834743,-1.578733,-0.322295,0.000000,2.000000,0.000000,1.000000,0.000000,0.741913,1.933044,-0.465357,-1.876193,-0.488847,0.000000,0.000000,0.000000,65535.000000,4.089919,2.730868,3.609072,2.834743,3.609072,2.834743,0.250000,1.000000,1.000000
15090.000000,3.593517,2.831424,-1.555542,-0.331850,0.000000,2.000000,0.000000,1.000000,0.000000,0.741913,1.907658,-0.478075,-1.846782,-0.486466,0.000000,0.000000,0.000000,65535.000000,4.089919,2.730868,3.593517,2.831424,3.593517,2.831424,0.250000,1.000000,1.000000
15100.000000,3.577565,2.828047,-1.595181,-0.337749,0.000000,2.000000,0.000000,1.000000,0.000000,0.715963,1.871008,-0.473453,-1.810114,-0.522029,0.000000,0.000000,0.000000,65535.000000,4.089919,2.730868,3.577565,2.828047,3.577565,2.828047,0.250000,1.000000,1.000000
15110.000000,3.561170,2.824637,-1.639540,-0.341018,0.000000,2.000000,0.000000,1.000000,0.000000,0.582288,1.904053,-0.471270,-1.844810,-1.095370,0.000000,0.000000,0.000000,65535.000000,4.089919,2.730868,3.561170,2.824637,3.561170,2.824637,0.250000,1.000000,1.000000
15120.000000,3.544678,2.821322,-1.649224,-0.331424,0.000000,2.000000,0.000000,1.000000,0.000000,0.730554,1.941323,-0.465349,-1.884724,-0.158666,0.000000,0.000000,0.000000,65535.000000,4.089919,2.730868,3.544678,2.821322,3.544678,2.821322,0.250000,1.000000,1.000000
15130.000000,3.528605,2.818247,-1.607259,-0.307554,0.000000,2.000000,0.000000,1.000000,0.000000,0.730554,1.929316,-0.438162,-1.878903,-0.158414,0.000000,0.000000,0.000000,65535.000000,4.089919,2.730868,3.528605,2.818247,3.528605,2.818247,0.250000,1.000000,1.000000
15140.000000,3.512207,2.815075,-1.639817,-0.317227,0.000000,2.000000,0.000000,1.000000,0.000000,0.730554,1.858319,-0.397262,-1.815361,-0.158164,0.000000,0.000000,0.000000,65535.000000,4.089919,2.730868,3.512207,2.815075,3.512207,2.815075,0.250000,1.000000,1.000000
15150.000000,3.495143,2.811731,-1.706395,-0.334381,0.000000,2.000000,0.000000,1.000000,0.000000,0.517090,1.844623,-0.368878,-1.807364,-0.323641,0.000000,0.000000,0.000000,65535.000000,4.089919,2.730868,3.495143,2.811731,3.495143,2.811731,0.250000,1.000000,1.000000
15160.000000,3.477489,2.808562,-1.765361,-0.316914,0.000000,2.000000,0.000000,1.000000,0.000000,0.517090,1.858810,-0.340983,-1.827268,-0.322596,0.000000,0.000000,0.000000,65535.000000,4.089919,2.730868,3.477489,2.808562,3.477489,2.808562,0.250000,1.000000,1.000000
15170.000000,3.459794,2.805701,-1.769602,-0.286132,0.000000,2.000000,0.000000,1.000000,0.000000,1.292407,1.862922,-0.281329,-1.841557,1.260897,0.000000,0.000000,0.000000,65535.000000,4.089919,2.730868,3.459794,2.805701,3.459794,2.805701,0.250000,1.000000,1.000000
15180.000000,3.441907,2.802981,-1.788629,-0.271914,0.000000,2.000000,0.000000,1.000000,0.000000,1.292407,1.817707,-0.215916,-1.804837,1.245180,0.000000,0.000000,0.000000,65535.000000,4.089919,2.730868,3.441907,2.802981,3.441907,2.802981,0.250000,1.000000,1.000000
15190.000000,3.423569,2.800104,-1.833799,-0.287749,0.000000,2.000000,0.000000,1.000000,0.000000,1.186356,1.792928,-0.167901,-1.785049,1.028736,0.000000,0.000000,0.000000,65535.000000,4.089919,2.730868,3.423569,2.800104,3.423569,2.800104,0.250000,1.000000,1.000000
15200.000000,3.404319,2.797072,-1.925054,-0.303138,0.000000,2.000000,0.000000,1.000000,0.000000,0.400222,1.794669,-0.145617,-1.788752,-0.633509,0.000000,0.000000,0.000000,65535.000000,4.089919,2.730868,3.404319,2.797072,3.404319,2.797072,0.250000,1.000000,1.000000
15210.000000,3.385146,2.794142,-1.917214,-0.293000,0.000000,2.000000,0.000000,1.000000,0.000000,0.462584,1.847760,-0.126700,-1.843411,-0.478673,0.000000,0.000000,0.000000,65535.000000,4.089919,2.730868,3.385146,2.794142,3.385146,2.794142,0.250000,1.000000,1.000000
15220.000000,3.365978,2.791245,-1.916886,-0.289802,0.000000,2.000000,0.000000,1.000000,0.000000,0.462584,1.822880,-0.106580,-1.819762,-0.476391,0.000000,0.000000,0.000000,65535.000000,4.089919,2.730868,3.365978,2.791245,3.365978,2.791245,0.250000,1.000000,1.000000
15230.000000,3.346848,2.788581,-1.912968,-0.266363,0.000000,2.000000,0.000000,1.000000,0.000000,0.404306,1.822763,-0.105349,-1.819716,-0.707627,0.000000,0.000000,0.000000,65535.000000,4.089919,2.730868,3.346848,2.788581,3.346848,2.788581,0.250000,1.000000,1.000000
15240.000000,3.327301,2.785696,-1.954663,-0.288453,0.000000,2.000000,0.000000,1.000000,0.000000,0.486842,1.834859,-0.100667,-1.832095,-0.400398,0.000000,0.000000,0.000000,65535.000000,4.089919,2.730868,3.327301,2.785696,3.327301,2.785696,0.250000,1.000000,1.000000
15250.000000,3.307974,2.782840,-1.932727,-0.285643,0.000000,2.000000,0.000000,1.000000,0.000000,0.486842,1.866283,-0.095830,-1.863821,-0.398799,0.000000,0.000000,0.000000,65535.000000,4.089919,2.730868,3.307974,2.782840,3.307974,2.782840,0.250000,1.000000,1.000000
15260.000000,3.288403,2.780128,-1.957139,-0.271215,0.000000,2.000000,0.000000,1.000000,0.000000,0.400397,1.855579,-0.084355,-1.853661,-0.622176,0.000000,0.000000,0.000000,65535.000000,4.089919,2.730868,3.288403,2.780128,3.288403,2.780128,0.250000,1.000000,1.000000
15270.000000,3.268529,2.777527,-1.987362,-0.260019,0.000000,2.000000,0.000000,1.000000,0.000000,0.573764,1.882923,-0.080580,-1.881198,-0.233271,0.000000,0.000000,0.000000,65535.000000,4.089919,2.730868,3.268529,2.777527,3.268529,2.777527,0.250000,1.000000,1.000000
15280.000000,3.248404,2.774894,-2.012531,-0.263335,0.000000,2.000000,0.000000,1.000000,0.000000,0.573764,1.917520,-0.075646,-1.916027,-0.232728,0.000000,0.000000,0.000000,65535.000000,4.089919,2.730868,3.248404,2.774894,3.248404,2.774894,0.250000,1.000000,1.000000
15290.000000,3.228349,2.772077,-2.005455,-0.281670,0.000000,2.000000,0.000000,1.000000,0.000000,0.474438,1.936382,-0.081775,-1.934655,-0.588525,0.000000,0.000000,0.000000,65535.000000,4.089919,2.730868,3.228349,2.772077,3.228349,2.772077,0.250000,1.000000,1.000000
15300.000000,3.208423,2.769010,-1.992604,-0.306757,0.000000,2.000000,0.000000,1.000000,0.000000,0.474438,1.906260,-0.105166,-1.903357,-0.585078,0.000000,0.000000,0.000000,65535.000000,4.089919,2.730868,3.208423,2.769010,3.208423,2.769010,0.250000,1.000000,1.000000
15310.000000,3.188534,2.765833,-1.988924,-0.317683,0.000000,2.000000,0.000000,1.000000,0.000000,0.519112,1.901550,-0.137846,-1.896547,-0.438477,0.000000,0.000000,0.000000,65535.000000,4.089919,2.730868,3.188534,2.765833,3.188534,2.765833,0.250000,1.000000,1.000000
15320.000000,3.168351,2.762507,-2.018228,-0.332547,0.000000,2.000000,0.000000,1.000000,0.000000,0.519112,1.910893,-0.161184,-1.904083,-0.436561,0.000000,0.000000,0.000000,65535.000000,4.089919,2.730868,3.168351,2.762507,3.168351,2.762507,0.250000,1.000000,1.000000
15330.000000,3.148399,2.758954,-1.995179,-0.355334,0.000000,2.000000,0.000000,1.000000,0.000000,0.631951,1.941593,-0.176821,-1.933525,-0.278686,0.000000,0.000000,0.000000,65535.000000,4.089919,2.730868,3.148399,2.758954,3.148399,2.758954,0.250000,1.000000,1.000000
15340.000000,3.128399,2.755185,-2.000023,-0.376927,0.000000,2.000000,0.000000,1.000000,0.000000,0.889665,1.916522,-0.199507,-1.906109,-0.277910,0.000000,0.000000,0.000000,65535.000000,4.089919,2.730868,3.128399,2.755185,3.128399,2.755185,0.250000,1.000000,1.000000
15350.000000,3.108290,2.751168,-2.010946,-0.401676,0.000000,2.000000,0.000000,1.000000,0.000000,0.906970,1.923795,-0.224558,-1.910644,-0.277139,0.000000,0.000000,0.000000,65535.000000,4.089919,2.730868,3.108290,2.751168,3.108290,2.751168,0.250000,1.000000,1.000000
15360.000000,3.088297,2.747055,-1.999317,-0.411319,0.000000,2.000000,0.000000,1.000000,0.000000,0.683613,1.924913,-0.239286,-1.909982,-0.592969,0.000000,0.000000,0.000000,65535.000000,4.089919,2.730868,3.088297,2.747055,3.088297,2.747055,0.250000,1.000000,1.000000
15370.000000,3.069013,2.742857,-1.928355,-0.419819,0.000000,2.000000,0.000000,1.000000,0.000000,0.268019,1.936115,-0.265338,-1.917847,-1.279682,0.000000,0.000000,0.000000,65535.000000,4.089919,2.730868,3.069013,2.742857,3.069013,2.742857,0.250000,1.000000,1.000000
15380.000000,3.050324,2.738410,-1.868900,-0.444626,0.000000,2.000000,0.000000,1.000000,0.000000,0.223212,1.903509,-0.302925,-1.879251,-1.336618,0.000000,0.000000,0.000000,65535.000000,4.089919,2.730868,3.050324,2.738410,3.050324,2.738410,0.250000,1.000000,1.000000
15390.000000,3.031883,2.733662,-1.844137,-0.474881,0.000000,2.000000,0.000000,1.000000,0.000000,0.684998,1.885351,-0.356097,-1.851417,-0.555629,0.000000,0.000000,0.000000,65535.000000,4.089919,2.730868,3.031883,2.733662,3.031883,2.733662,0.250000,1.000000,1.000000
15400.000000,3.013390,2.728602,-1.849281,-0.505962,0.000000,2.000000,0.000000,1.000000,0.000000,0.869577,1.889411,-0.402484,-1.846045,-0.378945,0.000000,0.000000,0.000000,65535.000000,4.089919,2.730868,3.013390,2.728602,3.013390,2.728602,0.250000,1.000000,1.000000
15410.000000,2.995268,2.723449,-1.812239,-0.515320,0.000000,2.000000,0.000000,1.000000,0.000000,0.777284,1.917248,-0.445359,-1.864804,-0.368578,0.000000,0.000000,0.000000,65535.000000,4.089919,2.730868,2.995268,2.723449,2.995268,2.723449,0.250000,1.000000,1.000000
15420.000000,2.977535,2.718244,-1.773311,-0.520504,0.000000,2.000000,0.000000,1.000000,0.000000,0.559350,1.884082,-0.455983,-1.828072,-0.194763,0.000000,0.000000,0.000000,65535.000000,4.089919,2.730868,2.977535,2.718244,2.977535,2.718244,0.250000,1.000000,1.000000
15430.000000,2.960191,2.712897,-1.734359,-0.534660,0.000000,2.000000,0.000000,1.000000,0.000000,0.706908,1.848122,-0.463814,-1.788975,0.043023,0.000000,0.000000,0.000000,65535.000000,4.089919,2.730868,2.960191,2.712897,2.960191,2.712897,0.250000,1.000000,1.000000
15440.000000,2.943079,2.707216,-1.711161,-0.568142,0.000000,2.000000,0.000000,1.000000,0.000000,0.706908,1.814900,-0.481707,-1.749806,0.043004,0.000000,0.000000,0.000000,65535.000000,4.089919,2.730868,2.943079,2.707216,2.943079,2.707216,0.250000,1.000000,1.000000
15450.000000,2.926860,2.701748,-1.621987,-0.546739,0.000000,2.000000,0.000000,1.000000,0.000000,0.731818,1.803013,-0.517555,-1.727134,0.334048,0.000000,0.000000,0.000000,65535.000000,4.089919,2.730868,2.926860,2.701748,2.926860,2.701748,0.250000,1.000000,1.000000
15460.000000,2.911219,2.696134,-1.564035,-0.561390,0.000000,2.000000,0.000000,1.000000,0.000000,0.884194,1.711655,-0.500965,-1.636703,0.776023,0.000000,0.000000,0.000000,65535.000000,4.089919,2.730868,2.911219,2.696134,2.911219,2.696134,0.250000,1.000000,1.000000
15470.000000,2.895985,2.690101,-1.523408,-0.603298,0.000000,2.000000,0.000000,1.000000,0.000000,0.884194,1.661735,-0.519565,-1.578422,0.770041,0.000000,0.000000,0.000000,65535.000000,4.089919,2.730868,2.895985,2.690101,2.895985,2.690101,0.250000,1.000000,1.000000
15480.000000,2.881256,2.683541,-1.472943,-0.656007,0.000000,2.000000,0.000000,1.000000,0.000000,0.856266,1.638518,-0.563698,-1.538501,0.684598,0.000000,0.000000,0.000000,65535.000000,4.089919,2.730868,2.881256,2.683541,2.881256,2.683541,0.250000,1.000000,1.000000
15490.000000,2.867373,2.676573,-1.388297,-0.696839,0.000000,2.000000,0.000000,1.000000,0.000000,1.171201,1.612422,-0.618273,-1.489175,1.285067,0.000000,0.000000,0.000000,65535.000000,4.089919,2.730868,2.867373,2.676573,2.867373,2.676573,0.250000,1.000000,1.000000
15500.000000,2.853521,2.668360,-1.385188,-0.821302,0.000000,2.000000,0.000000,1.000000,0.000000,1.171201,1.553368,-0.662250,-1.405125,1.268746,0.000000,0.000000,0.000000,65535.000000,4.089919,2.730868,2.853521,2.668360,2.853521,2.668360,0.250000,1.000000,1.000000
15510.000000,2.840111,2.659424,-1.340986,-0.893610,0.000000,2.000000,0.000000,1.000000,0.000000,1.171201,1.510578,-0.714767,-1.330772,1.252835,0.000000,0.000000,0.000000,65535.000000,4.089919,2.730868,2.840111,2.659424,2.840111,2.659424,0.250000,1.000000,1.000000
15520.000000,2.827230,2.649972,-1.288127,-0.945178,0.000000,2.000000,0.000000,1.000000,0.000000,0.855171,1.463929,-0.752901,-1.255480,0.235806,0.000000,0.000000,0.000000,65535.000000,4.089919,2.730868,2.827230,2.649972,2.827230,2.649972,0.250000,1.000000,1.000000
15530.000000,2.815032,2.640180,-1.219810,-0.979166,0.000000,2.000000,0.000000,1.000000,0.000000,0.855171,1.414452,-0.781549,-1.178922,0.168867,0.000000,0.000000,0.000000,65535.000000,4.089919,2.730868,2.815032,2.640180,2.815032,2.640180,0.250000,1.000000,1.000000
15540.000000,2.803282,2.630047,-1.174939,-1.013339,0.000000,2.000000,0.000000,1.000000,0.000000,0.833574,1.364101,-0.808298,-1.098829,-0.074114,0.000000,0.000000,0.000000,65535.000000,4.089919,2.730868,2.803282,2.630047,2.803282,2.630047,0.250000,1.000000,1.000000
15550.000000,2.792233,2.620212,-1.104980,-0.983443,0.000000,2.000000,0.000000,1.000000,0.000000,0.436862,1.348181,-0.844349,-1.051031,-0.762000,0.000000,0.000000,0.000000,65535.000000,4.089919,2.730868,2.792233,2.620212,2.792233,2.620212,0.250000,1.000000,1.000000
15560.000000,2.781792,2.610811,-1.044050,-0.940072,0.000000,2.000000,0.000000,1.000000,0.000000,0.997285,1.334257,-0.860597,-1.019615,0.683310,0.000000,0.000000,0.000000,65535.000000,4.089919,2.730868,2.781792,2.610811,2.781792,2.610811,0.250000,1.000000,1.000000
15570.000000,2.771964,2.601559,-0.982801,-0.925276,0.000000,2.000000,0.000000,1.000000,0.000000,0.997285,1.311095,-0.858796,-0.990676,0.678668,0.000000,0.000000,0.000000,65535.000000,4.089919,2.730868,2.771964,2.601559,2.771964,2.601559,0.250000,1.000000,1.000000
15580.000000,2.762674,2.592167,-0.928998,-0.939176,0.000000,2.000000,0.000000,1.000000,0.000000,0.997285,1.274125,-0.860308,-0.939822,0.674088,0.000000,0.000000,0.000000,65535.000000,4.089919,2.730868,2.762674,2.592167,2.762674,2.592167,0.250000,1.000000,1.000000
15590.000000,2.754173,2.583327,-0.850061,-0.884013,0.000000,2.000000,0.000000,1.000000,0.000000,0.498316,1.282140,-0.901144,-0.912043,-0.528239,0.000000,0.000000,0.000000,65535.000000,4.089919,2.730868,2.754173,2.583327,2.754173,2.583327,0.250000,1.000000,1.000000
15600.000000,2.745902,2.574803,-0.827181,-0.852425,0.000000,2.000000,0.000000,1.000000,0.000000,0.498316,1.226410,-0.875187,-0.859145,-0.525460,0.000000,0.000000,0.000000,65535.000000,4.089919,2.730868,2.745902,2.574803,2.745902,2.574803,0.250000,1.000000,1.000000
15610.000000,2.737868,2.566602,-0.803357,-0.820109,0.000000,2.000000,0.000000,1.000000,0.000000,0.981927,1.187795,-0.845511,-0.834247,0.760675,0.000000,0.000000,0.000000,65535.000000,4.089919,2.730868,2.737868,2.566602,2.737868,2.566602,0.250000,1.000000,1.000000
15620.000000,2.729717,2.558365,-0.815102,-0.823663,0.000000,2.000000,0.000000,1.000000,0.000000,0.981927,1.148026,-0.813550,-0.809999,0.754927,0.000000,0.000000,0.000000,65535.000000,4.089919,2.730868,2.729717,2.558365,2.729717,2.558365,0.250000,1.000000,1.000000
15630.000000,2.721648,2.550223,-0.806894,-0.814217,0.000000,2.000000,0.000000,1.000000,0.000000,0.981927,1.158798,-0.817479,-0.821304,0.749265,0.000000,0.000000,0.000000,65535.000000,4.089919,2.730868,2.721648,2.550223,2.721648,2.550223,0.250000,1.000000,1.000000
15640.000000,2.714171,2.542541,-0.747714,-0.768128,0.000000,2.000000,0.000000,1.000000,0.000000,0.687619,1.146310,-0.809424,-0.811702,-0.155947,0.000000,0.000000,0.000000,65535.000000,4.089919,2.730868,2.714171,2.542541,2.714171,2.542541,0.250000,1.000000,1.000000
15650.000000,2.707194,2.535366,-0.697681,-0.717528,0.000000,2.000000,0.000000,1.000000,0.000000,0.687619,1.071959,-0.764569,-0.751353,-0.155704,0.000000,0.000000,0.000000,65535.000000,4.089919,2.730868,2.707194,2.535366,2.707194,2.535366,0.250000,1.000000,1.000000
15660.000000,2.700544,2.528392,-0.665009,-0.697452,0.000000,2.000000,0.000000,1.000000,0.000000,0.687619,1.000803,-0.715439,-0.699824,-0.155461,0.000000,0.000000,0.000000,65535.000000,4.089919,2.730868,2.700544,2.528392,2.700544,2.528392,0.250000,1.000000,1.000000
15670.000000,2.693924,2.521375,-0.661980,-0.701696,0.000000,2.000000,0.000000,1.000000,0.000000,0.428428,0.963679,-0.696395,-0.666117,-0.840571,0.000000,0.000000,0.000000,65535.000000,4.089919,2.730868,2.693924,2.521375,2.693924,2.521375,0.250000,1.000000,1.000000
15680.000000,2.687831,2.514608,-0.609282,-0.676711,0.000000,2.000000,0.000000,1.000000,0.000000,0.428428,0.964674,-0.701712,-0.661963,-0.833558,0.000000,0.000000,0.000000,65535.000000,4.089919,2.730868,2.687831,2.514608,2.687831,2.514608,0.250000,1.000000,1.000000
15690.000000,2.682742,2.508277,-0.508921,-0.633084,0.000000,2.000000,0.000000,1.000000,0.000000,0.428428,0.910584,-0.677499,-0.608406,-0.826660,0.000000,0.000000,0.000000,65535.000000,4.089919,2.730868,2.682742,2.508277,2.682742,2.508277,0.250000,1.000000,1.000000
15700.000000,2.678413,2.502013,-0.432954,-0.626369,0.000000,2.000000,0.000000,1.000000,0.000000,0.793197,0.812278,-0.633845,-0.507972,0.363232,0.000000,0.000000,0.000000,65535.000000,4.089919,2.730868,2.678413,2.502013,2.678413,2.502013,0.250000,1.000000,1.000000
15710.000000,2.674714,2.495842,-0.369879,-0.617134,0.000000,2.000000,0.000000,1.000000,0.000000,0.793197,0.761438,-0.626669,-0.432520,0.361916,0.000000,0.000000,0.000000,65535.000000,4.089919,2.730868,2.674714,2.495842,2.674714,2.495842,0.250000,1.000000,1.000000
15720.000000,2.672335,2.490470,-0.237871,-0.537204,0.000000,2.000000,0.000000,1.000000,0.000000,0.793197,0.719489,-0.617683,-0.368960,0.360609,0.000000,0.000000,0.000000,65535.000000,4.089919,2.730868,2.672335,2.490470,2.672335,2.490470,0.250000,1.000000,1.000000
15730.000000,2.670607,2.485462,-0.172776,-0.500745,0.000000,2.000000,0.000000,1.000000,0.000000,0.735332,0.726397,-0.640298,-0.343031,0.165258,0.000000,0.000000,0.000000,65535.000000,4.089919,2.730868,2.670607,2.485462,2.670607,2.485462,0.250000,1.000000,1.000000
15740.000000,2.669436,2.480662,-0.117098,-0.480058,0.000000,2.000000,0.000000,1.000000,0.000000,0.865837,0.727280,-0.650258,-0.325732,0.433920,0.000000,0.000000,0.000000,65535.000000,4.089919,2.730868,2.669436,2.480662,2.669436,2.480662,0.250000,1.000000,1.000000
15750.000000,2.668654,2.475909,-0.078225,-0.475275,0.000000,2.000000,0.000000,1.000000,0.000000,0.865837,0.679020,-0.624970,-0.265481,0.432044,0.000000,0.000000,0.000000,65535.000000,4.089919,2.730868,2.668654,2.475909,2.668654,2.475909,0.250000,1.000000,1.000000
15760.000000,2.668183,2.471276,-0.047129,-0.463296,0.000000,2.000000,0.000000,1.000000,0.000000,0.833263,0.615485,-0.585237,-0.190577,0.311280,0.000000,0.000000,0.000000,65535.000000,4.089919,2.730868,2.668183,2.471276,2.668183,2.471276,0.250000,1.000000,1.000000
15770.000000,2.667932,2.466939,-0.025138,-0.433672,0.000000,2.000000,0.000000,1.000000,0.000000,0.558699,0.587161,-0.566729,-0.153546,-0.309900,0.000000,0.000000,0.000000,65535.000000,4.089919,2.730868,2.667932,2.466939,2.667932,2.466939,0.250000,1.000000,1.000000
15780.000000,2.668077,2.462789,0.014572,-0.415012,0.000000,2.000000,0.000000,1.000000,0.000000,0.664589,0.560294,-0.542934,-0.138392,0.092820,0.000000,0.000000,0.000000,65535.000000,4.089919,2.730868,2.668077,2.462789,2.668077,2.462789,0.250000,1.000000,1.000000
15790.000000,2.668676,2.458552,0.059836,-0.423718,0.000000,2.000000,0.000000,1.000000,0.000000,1.037323,0.544821,-0.530941,-0.122194,1.347155,0.000000,0.000000,0.000000,65535.000000,4.089919,2.730868,2.668676,2.458552,2.668676,2.458552,0.250000,1.000000,1.000000
15800.000000,2.669510,2.454274,0.083447,-0.427808,0.000000,2.000000,0.000000,1.000000,0.000000,1.095836,0.566388,-0.550401,-0.133616,1.532296,0.000000,0.000000,0.000000,65535.000000,4.089919,2.730868,2.669510,2.454274,2.669510,2.454274,0.250000,1.000000,1.000000
15810.000000,2.670268,2.450009,0.075741,-0.426526,0.000000,2.000000,0.000000,1.000000,0.000000,1.095836,0.571995,-0.555807,-0.135115,1.509149,0.000000,0.000000,0.000000,65535.000000,4.089919,2.730868,2.670268,2.450009,2.670268,2.450009,0.250000,1.000000,1.000000
15820.000000,2.670579,2.445649,0.031104,-0.435986,0.000000,2.000000,0.000000,1.000000,0.000000,0.938682,0.529180,-0.519873,-0.098814,0.644207,0.000000,0.000000,0.000000,65535.000000,4.089919,2.730868,2.670579,2.445649,2.670579,2.445649,0.250000,1.000000,1.000000
15830.000000,2.670429,2.441076,-0.014963,-0.457232,0.000000,2.000000,0.000000,1.000000,0.000000,0.887851,0.481710,-0.479490,-0.046197,0.501659,0.000000,0.000000,0.000000,65535.000000,4.089919,2.730868,2.670429,2.441076,2.670429,2.441076,0.250000,1.000000,1.000000
15840.000000,2.669816,2.435987,-0.061254,-0.508947,0.000000,2.000000,0.000000,1.000000,0.000000,0.887851,0.476435,-0.475631,-0.027676,0.486055,0.000000,0.000000,0.000000,65535.000000,4.089919,2.730868,2.669816,2.435987,2.669816,2.435987,0.250000,1.000000,1.000000
15850.000000,2.668945,2.430741,-0.087168,-0.524545,0.000000,2.000000,0.000000,1.000000,0.000000,0.593121,0.504797,-0.502702,-0.045943,-0.260729,0.000000,0.000000,0.000000,65535.000000,4.089919,2.730868,2.668945,2.430741,2.668945,2.430741,0.250000,1.000000,1.000000
15860.000000,2.668019,2.425440,-0.092613,-0.530109,0.000000,2.000000,0.000000,1.000000,0.000000,0.529537,0.526567,-0.521286,-0.074391,-0.672738,0.000000,0.000000,0.000000,65535.000000,4.089919,2.730868,2.668019,2.425440,2.668019,2.425440,0.250000,1.000000,1.000000
15870.000000,2.667280,2.420349,-0.073869,-0.509117,0.000000,2.000000,0.000000,1.000000,0.000000,0.529537,0.538138,-0.531388,-0.084965,-0.668238,0.000000,0.000000,0.000000,65535.000000,4.089919,2.730868,2.667280,2.420349,2.667280,2.420349,0.250000,1.000000,1.000000
15880.000000,2.666689,2.415309,-0.059113,-0.504042,0.000000,2.000000,0.000000,1.000000,0.000000,0.893528,0.514448,-0.510113,-0.066644,0.439480,0.000000,0.000000,0.000000,65535.000000,4.089919,2.730868,2.666689,2.415309,2.666689,2.415309,0.250000,1.000000,1.000000
15890.000000,2.665934,2.410231,-0.075538,-0.507742,0.000000,2.000000,0.000000,1.000000,0.000000,0.893528,0.507496,-0.504901,-0.051259,0.437555,0.000000,0.000000,0.000000,65535.000000,4.089919,2.730868,2.665934,2.410231,2.665934,2.410231,0.250000,1.000000,1.000000
15900.000000,2.664768,2.404954,-0.116544,-0.527754,0.000000,2.000000,0.000000,1.000000,0.000000,0.867247,0.513330,-0.508897,-0.067316,0.345126,0.000000,0.000000,0.000000,65535.000000,4.089919,2.730868,2.664768,2.404954,2.664768,2.404954,0.250000,1.000000,1.000000
15910.000000,2.663702,2.399935,-0.106604,-0.501884,0.000000,2.000000,0.000000,1.000000,0.000000,0.823269,0.540469,-0.529670,-0.107503,0.290512,0.000000,0.000000,0.000000,65535.000000,4.089919,2.730868,2.663702,2.399935,2.663702,2.399935,0.250000,1.000000,1.000000
15920.000000,2.663029,2.395252,-0.067363,-0.468324,0.000000,2.000000,0.000000,1.000000,0.000000,0.787377,0.513081,-0.503824,-0.097025,0.259147,0.000000,0.000000,0.000000,65535.000000,4.089919,2.730868,2.663029,2.395252,2.663029,2.395252,0.250000,1.000000,1.000000
15930.000000,2.662521,2.390801,-0.050826,-0.445063,0.000000,2.000000,0.000000,1.000000,0.000000,0.787377,0.473144,-0.469636,-0.057505,0.334190,0.000000,0.000000,0.000000,65535.000000,4.089919,2.730868,2.662521,2.390801,2.662521,2.390801,0.250000,1.000000,1.000000
15940.000000,2.662093,2.386506,-0.042792,-0.429474,0.000000,2.000000,0.000000,1.000000,0.000000,0.787377,0.447955,-0.446028,-0.041512,0.333076,0.000000,0.000000,0.000000,65535.000000,4.089919,2.730868,2.662093,2.386506,2.662093,2.386506,0.250000,1.000000,1.000000
15950.000000,2.661985,2.382617,-0.010720,-0.388989,0.000000,2.000000,0.000000,1.000000,0.000000,0.548662,0.431601,-0.430224,-0.034449,-0.397023,0.000000,0.000000,0.000000,65535.000000,4.089919,2.730868,2.661985,2.382617,2.661985,2.382617,0.250000,1.000000,1.000000
15960.000000,2.662314,2.379194,0.032880,-0.342193,0.000000,2.000000,0.000000,1.000000,0.000000,0.548662,0.389136,-0.389117,-0.003920,-0.395451,0.000000,0.000000,0.000000,65535.000000,4.089919,2.730868,2.662314,2.379194,2.662314,2.379194,0.250000,1.000000,1.000000
15970.000000,2.662675,2.375795,0.036120,-0.339906,0.000000,2.000000,0.000000,1.000000,0.000000,0.500718,0.343769,-0.341633,0.038261,-0.591226,0.000000,0.000000,0.000000,65535.000000,4.089919,2.730868,2.662675,2.375795,2.662675,2.375795,0.250000,1.000000,1.000000
15980.000000,2.662976,2.372352,0.030093,-0.344301,0.000000,2.000000,0.000000,1.000000,0.000000,0.717605,0.341820,-0.339302,0.041414,0.213057,0.000000,0.000000,0.000000,65535.000000,4.089919,2.730868,2.662976,2.372352,2.662976,2.372352,0.250000,1.000000,1.000000
15990.000000,2.663200,2.368975,0.022378,-0.337769,0.000000,2.000000,0.000000,1.000000,0.000000,0.724418,0.345614,-0.343758,0.035767,0.238807,0.000000,0.000000,0.000000,65535.000000,4.089919,2.730868,2.663200,2.368975,2.663200,2.368975,0.250000,1.000000,1.000000
16000.000000,2.663413,2.365722,0.021293,-0.325306,0.000000,2.000000,0.000000,1.000000,0.000000,0.724418,0.338509,-0.337335,0.028165,0.238238,0.000000,0.000000,0.000000,65535.000000,4.089919,2.730868,2.663413,2.365722,2.663413,2.365722,0.250000,1.000000,1.000000
16010.000000,2.663602,2.362578,0.018888,-0.314330,0.000000,2.000000,0.000000,1.000000,0.000000,0.623655,0.326002,-0.324887,0.026943,-0.123269,0.000000,0.000000,0.000000,65535.000000,4.089919,2.730868,2.663602,2.362578,2.663602,2.362578,0.250000,1.000000,1.000000
16020.000000,2.663790,2.359489,0.018826,-0.308920,0.000000,2.000000,0.000000,1.000000,0.000000,0.623655,0.314897,-0.313972,0.024125,-0.123117,0.000000,0.000000,0.000000,65535.000000,4.089919,2.730868,2.663790,2.359489,2.663790,2.359489,0.250000,1.000000,1.000000
16030.000000,2.663991,2.356498,0.020087,-0.299090,0.000000,2.000000,0.000000,1.000000,0.000000,0.627192,0.309493,-0.308579,0.023774,-0.387685,0.000000,0.000000,0.000000,65535.000000,4.089919,2.730868,2.663991,2.356498,2.663991,2.356498,0.250000,1.000000,1.000000
16040.000000,2.664243,2.353672,0.025165,-0.282656,0.000000,2.000000,0.000000,1.000000,0.000000,0.528512,0.299764,-0.298725,0.024936,-1.283834,0.000000,0.000000,0.000000,65535.000000,4.089919,2.730868,2.664243,2.353672,2.664243,2.353672,0.250000,1.000000,1.000000
16050.000000,2.664487,2.351052,0.024438,-0.262022,0.000000,2.000000,0.000000,1.000000,0.000000,0.155904,0.283774,-0.282207,0.029786,-2.108073,0.000000,0.000000,0.000000,65535.000000,4.089919,2.730868,2.664487,2.351052,2.664487,2.351052,0.250000,1.000000,1.000000
16060.000000,2.664769,2.348584,0.028238,-0.246792,0.000000,2.000000,0.000000,1.000000,0.000000,0.155904,0.263159,-0.261597,0.028628,-2.064508,0.000000,0.000000,0.000000,65535.000000,4.089919,2.730868,2.664769,2.348584,2.664769,2.348584,0.250000,1.000000,1.000000
16070.000000,2.665014,2.346295,0.024470,-0.228843,0.000000,2.000000,0.000000,1.000000,0.000000,0.157310,0.248402,-0.246326,0.032052,-2.019558,0.000000,0.000000,0.000000,65535.000000,4.089919,2.730868,2.665014,2.346295,2.665014,2.346295,0.250000,1.000000,1.000000
16080.000000,2.665216,2.344242,0.020250,-0.205365,0.000000,2.000000,0.000000,1.000000,0.000000,0.157946,0.230148,-0.228444,0.027952,-1.979540,0.000000,0.000000,0.000000,65535.000000,4.089919,2.730868,2.665216,2.344242,2.665216,2.344242,0.250000,1.000000,1.000000
16090.000000,2.665388,2.342430,0.017131,-0.181126,0.000000,2.000000,0.000000,1.000000,0.000000,0.157946,0.206361,-0.205034,0.023366,-1.941077,0.000000,0.000000,0.000000,65535.000000,4.089919,2.730868,2.665388,2.342430,2.665388,2.342430,0.250000,1.000000,1.000000
16100.000000,2.665570,2.340872,0.018205,-0.155809,0.000000,2.000000,0.000000,1.000000,0.000000,0.139705,0.181934,-0.180847,0.019861,-1.996076,0.000000,0.000000,0.000000,65535.000000,4.089919,2.730868,2.665570,2.340872,2.665570,2.340872,0.250000,1.000000,1.000000
16110.000000,2.665678,2.339576,0.010829,-0.129671,0.000000,2.000000,0.000000,1.000000,0.000000,0.240747,0.156869,-0.155528,0.020466,-1.860441,0.000000,0.000000,0.000000,65535.000000,4.089919,2.730868,2.665678,2.339576,2.665678,2.339576,0.250000,1.000000,1.000000
16120.000000,2.665619,2.338585,-0.005890,-0.099085,0.000000,2.000000,0.000000,1.000000,0.000000,0.315640,0.130123,-0.129515,0.012566,-1.762794,0.000000,0.000000,0.000000,65535.000000,4.089919,2.730868,2.665619,2.338585,2.665619,2.338585,0.250000,1.000000,1.000000
16130.000000,2.665438,2.337906,-0.018099,-0.067880,0.000000,2.000000,0.000000,1.000000,0.000000,0.211721,0.099260,-0.099149,-0.004692,-1.540594,0.000000,0.000000,0.000000,65535.000000,4.089919,2.730868,2.665438,2.337906,2.665438,2.337906,0.250000,1.000000,1.000000
16140.000000,2.665259,2.337516,-0.017971,-0.038989,0.000000,2.000000,0.000000,1.000000,0.000000,0.211721,0.070252,-0.068074,-0.017356,-1.517197,0.000000,0.000000,0.000000,65535.000000,4.089919,2.730868,2.665259,2.337516,2.665259,2.337516,0.250000,1.000000,1.000000
16150.000000,2.665259,2.337516,0.000000,0.000000,0.000000,2.000000,0.000000,1.000000,0.000000,0.264766,0.042931,-0.039181,-0.017549,-1.401160,0.000000,0.000000,0.000000,65535.000000,4.089919,2.730868,2.665259,2.337516,2.665259,2.337516,0.250000,1.000000,1.000000
16160.000000,2.664910,2.337764,-0.034910,0.024796,0.000000,2.000000,0.000000,1.000000,0.000000,0.264766,0.024747,-0.010318,-0.022493,-1.381780,0.000000,0.000000,0.000000,65535.000000,4.089919,2.730868,2.664910,2.337764,2.664910,2.337764,0.250000,1.000000,1.000000
16170.000000,2.664369,2.338403,-0.054065,0.063934,0.000000,2.000000,0.000000,1.000000,0.000000,0.328707,0.042820,0.024414,-0.035179,-0.975171,0.000000,0.000000,0.000000,65535.000000,4.089919,2.730868,2.664369,2.338403,2.664369,2.338403,0.250000,1.000000,1.000000
16180.000000,2.663683,2.339388,-0.068537,0.098432,0.000000,2.000000,0.000000,1.000000,0.000000,0.328707,0.083729,0.063404,-0.054685,-0.965744,0.000000,0.000000,0.000000,65535.000000,4.089919,2.730868,2.663683,2.339388,2.663683,2.339388,0.250000,1.000000,1.000000
16190.000000,2.663021,2.340623,-0.066222,0.123523,0.000000,2.000000,0.000000,1.000000,0.000000,0.336980,0.119942,0.097811,-0.069420,-0.956498,0.000000,0.000000,0.000000,65535.000000,4.089919,2.730868,2.663021,2.340623,2.663021,2.340623,0.250000,1.000000,1.000000
16200.000000,2.662425,2.342163,-0.059647,0.153981,0.000000,2.000000,0.000000,1.000000,0.000000,0.443382,0.140154,0.122863,-0.067438,-0.743913,0.000000,0.000000,0.000000,65535.000000,4.089919,2.730868,2.662425,2.342163,2.662425,2.342163,0.250000,1.000000,1.000000
16210.000000,2.661765,2.344002,-0.065928,0.183864,0.000000,2.000000,0.000000,1.000000,0.000000,0.443382,0.165130,0.153292,-0.061396,-0.738415,0.000000,0.000000,0.000000,65535.000000,4.089919,2.730868,2.661765,2.344002,2.661765,2.344002,0.250000,1.000000,1.000000
16220.000000,2.660899,2.346168,-0.086634,0.216604,0.000000,2.000000,0.000000,1.000000,0.000000,0.443382,0.195326,0.183098,-0.068026,-0.732997,0.000000,0.000000,0.000000,65535.000000,4.089919,2.730868,2.660899,2.346168,2.660899,2.346168,0.250000,1.000000,1.000000
16230.000000,2.659618,2.348789,-0.128064,0.262115,0.000000,2.000000,0.000000,1.000000,0.000000,0.583067,0.233287,0.215791,-0.088639,-0.045748,0.000000,0.000000,0.000000,65535.000000,4.089919,2.730868,2.659618,2.348789,2.659618,2.348789,0.250000,1.000000,1.000000
16240.000000,2.658020,2.351877,-0.159875,0.308869,0.000000,2.000000,0.000000,1.000000,0.000000,0.583067,0.291727,0.261381,-0.129557,-0.024190,0.000000,0.000000,0.000000,65535.000000,4.089919,2.730868,2.658020,2.351877,2.658020,2.351877,0.250000,1.000000,1.000000
16250.000000,2.656360,2.355300,-0.165983,0.342267,0.000000,2.000000,0.000000,1.000000,0.000000,0.673900,0.347794,0.308345,-0.160884,0.215127,0.000000,0.000000,0.000000,65535.000000,4.089919,2.730868,2.656360,2.355300,2.656360,2.355300,0.250000,1.000000,1.000000
16260.000000,2.654521,2.359198,-0.183878,0.389760,0.000000,2.000000,0.000000,1.000000,0.000000,0.673900,0.380391,0.341761,-0.167022,0.237174,0.000000,0.000000,0.000000,65535.000000,4.089919,2.730868,2.654521,2.359198,2.654521,2.359198,0.250000,1.000000,1.000000
16270.000000,2.652375,2.363582,-0.214590,0.438375,0.000000,2.000000,0.000000,1.000000,0.000000,0.673900,0.430957,0.389102,-0.185266,0.236612,0.000000,0.000000,0.000000,65535.000000,4.089919,2.730868,2.652375,2.363582,2.652375,2.363582,0.250000,1.000000,1.000000
16280.000000,2.650630,2.367705,-0.174531,0.412372,0.000000,2.000000,0.000000,1.000000,0.000000,0.691603,0.488080,0.437797,-0.215767,0.023958,0.000000,0.000000,0.000000,65535.000000,4.089919,2.730868,2.650630,2.367705,2.650630,2.367705,0.250000,1.000000,1.000000
16290.000000,2.648813,2.372082,-0.181655,0.437669,0.000000,2.000000,0.000000,1.000000,0.000000,0.857780,0.540473,0.480780,-0.246903,0.023953,0.000000,0.000000,0.000000,65535.000000,4.089919,2.730868,2.648813,2.372082,2.648813,2.372082,0.250000,1.000000,1.000000
16300.000000,2.646943,2.376868,-0.186982,0.478589,0.000000,2.000000,0.000000,1.000000,0.000000,0.813167,0.543593,0.489508,-0.236380,-0.328717,0.000000,0.000000,0.000000,65535.000000,4.089919,2.730868,2.646943,2.376868,2.646943,2.376868,0.250000,1.000000,1.000000
16310.000000,2.645023,2.382025,-0.192066,0.515731,0.000000,2.000000,0.000000,1.000000,0.000000,1.047055,0.552233,0.507297,-0.218202,-0.459550,0.000000,0.000000,0.000000,65535.000000,4.089919,2.730868,2.645023,2.382025,2.645023,2.382025,0.250000,1.000000,1.000000
16320.000000,2.642426,2.388049,-0.259700,0.602393,0.000000,2.000000,0.000000,1.000000,0.000000,1.026069,0.586780,0.543080,-0.222205,-0.457446,0.000000,0.000000,0.000000,65535.000000,4.089919,2.730868,2.642426,2.388049,2.642426,2.388049,0.250000,1.000000,1.000000
16330.000000,2.639357,2.394427,-0.306816,0.637844,0.000000,2.000000,0.000000,1.000000,0.000000,0.323641,0.655989,0.602343,-0.259816,-1.101109,0.000000,0.000000,0.000000,65535.000000,4.089919,2.730868,2.639357,2.394427,2.639357,2.394427,0.250000,1.000000,1.000000
16340.000000,2.636150,2.401052,-0.320768,0.662453,0.000000,2.000000,0.000000,1.000000,0.000000,0.462865,0.707800,0.638730,-0.304966,-0.527255,0.000000,0.000000,0.000000,65535.000000,4.089919,2.730868,2.636150,2.401052,2.636150,2.401052,0.250000,1.000000,1.000000
16350.000000,2.632985,2.407912,-0.316492,0.686079,0.000000,2.000000,0.000000,1.000000,0.000000,0.462865,0.736027,0.664343,-0.316835,-0.524487,0.000000,0.000000,0.000000,65535.000000,4.089919,2.730868,2.632985,2.407912,2.632985,2.407912,0.250000,1.000000,1.000000
16360.000000,2.629640,2.415262,-0.334491,0.734963,0.000000,2.000000,0.000000,1.000000,0.000000,0.643824,0.755561,0.688574,-0.311026,-0.372235,0.000000,0.000000,0.000000,65535.000000,4.089919,2.730868,2.629640,2.415262,2.629640,2.415262,0.250000,1.000000,1.000000
16370.000000,2.626266,2.423008,-0.337338,0.774607,0.000000,2.000000,0.000000,1.000000,0.000000,0.643824,0.807499,0.738127,-0.327448,-0.370853,0.000000,0.000000,0.000000,65535.000000,4.089919,2.730868,2.626266,2.423008,2.626266,2.423008,0.250000,1.000000,1.000000
16380.000000,2.623703,2.430267,-0.256264,0.725895,0.000000,2.000000,0.000000,1.000000,0.000000,0.657592,0.844874,0.778366,-0.328571,-0.369482,0.000000,0.000000,0.000000,65535.000000,4.089919,2.730868,2.623703,2.430267,2.623703,2.430267,0.250000,1.000000,1.000000
16390.000000,2.621259,2.437791,-0.244441,0.752389,0.000000,2.000000,0.000000,1.000000,0.000000,0.718945,0.864660,0.801764,-0.323746,-0.471444,0.000000,0.000000,0.000000,65535.000000,4.089919,2.730868,2.621259,2.437791,2.621259,2.437791,0.250000,1.000000,1.000000
16400.000000,2.618823,2.446055,-0.243561,0.826463,0.000000,2.000000,0.000000,1.000000,0.000000,0.718945,0.867004,0.814168,-0.298037,-0.469230,0.000000,0.000000,0.000000,65535.000000,4.089919,2.730868,2.618823,2.446055,2.618823,2.446055,0.250000,1.000000,1.000000
16410.000000,2.616475,2.455058,-0.234849,0.900300,0.000000,2.000000,0.000000,1.000000,0.000000,0.478158,0.927348,0.880665,-0.290524,-0.606234,0.000000,0.000000,0.000000,65535.000000,4.089919,2.730868,2.616475,2.455058,2.616475,2.455058,0.250000,1.000000,1.000000
16420.000000,2.613849,2.465313,-0.262591,1.025475,0.000000,2.000000,0.000000,1.000000,0.000000,0.575766,1.000705,0.958786,-0.286599,-0.238939,0.000000,0.000000,0.000000,65535.000000,4.089919,2.730868,2.613849,2.465313,2.613849,2.465313,0.250000,1.000000,1.000000
16430.000000,2.611353,2.475961,-0.249577,1.064816,0.000000,2.000000,0.000000,1.000000,0.000000,0.575766,1.042620,1.014603,-0.240076,-0.238369,0.000000,0.000000,0.000000,65535.000000,4.089919,2.730868,2.611353,2.475961,2.611353,2.475961,0.250000,1.000000,1.000000
16440.000000,2.609105,2.486250,-0.224821,1.028839,0.000000,2.000000,0.000000,1.000000,0.000000,0.505195,1.031116,1.014200,-0.186006,-0.228442,0.000000,0.000000,0.000000,65535.000000,4.089919,2.730868,2.609105,2.486250,2.609105,2.486250,0.250000,1.000000,1.000000
16450.000000,2.607083,2.496437,-0.202232,1.018688,0.000000,2.000000,0.000000,1.000000,0.000000,0.760687,1.011075,0.994980,-0.179690,0.763214,0.000000,0.000000,0.000000,65535.000000,4.089919,2.730868,2.607083,2.496437,2.607083,2.496437,0.250000,1.000000,1.000000
16460.000000,2.605107,2.507350,-0.197539,1.091305,0.000000,2.000000,0.000000,1.000000,0.000000,0.760687,1.001605,0.988413,-0.162026,0.757427,0.000000,0.000000,0.000000,65535.000000,4.089919,2.730868,2.605107,2.507350,2.605107,2.507350,0.250000,1.000000,1.000000
16470.000000,2.604086,2.518375,-0.102128,1.102498,0.000000,2.000000,0.000000,1.000000,0.000000,1.048813,1.044688,1.036065,-0.133948,1.653290,0.000000,0.000000,0.000000,65535.000000,4.089919,2.730868,2.604086,2.518375,2.604086,2.518375,0.250000,1.000000,1.000000
16480.000000,2.602504,2.530719,-0.158248,1.234408,0.000000,2.000000,0.000000,1.000000,0.000000,1.048813,1.107218,1.102615,-0.100855,1.626375,0.000000,0.000000,0.000000,65535.000000,4.089919,2.730868,2.602504,2.530719,2.602504,2.530719,0.250000,1.000000,1.000000
16490.000000,2.600937,2.543104,-0.156644,1.238463,0.000000,2.000000,0.000000,1.000000,0.000000,1.048813,1.195873,1.195162,-0.041246,1.600322,0.000000,0.000000,0.000000,65535.000000,4.089919,2.730868,2.600937,2.543104,2.600937,2.543104,0.250000,1.000000,1.000000
16500.000000,2.599363,2.555724,-0.157379,1.262017,0.000000,2.000000,0.000000,1.000000,0.000000,1.087054,1.236938,1.236938,-0.001200,1.407621,0.000000,0.000000,0.000000,65535.000000,4.089919,2.730868,2.599363,2.555724,2.599363,2.555724,0.250000,1.000000,1.000000
16510.000000,2.597586,2.568668,-0.177693,1.294420,0.000000,2.000000,0.000000,1.000000,0.000000,1.087054,1.239258,1.239036,-0.023483,1.388063,0.000000,0.000000,0.000000,65535.000000,4.089919,2.730868,2.597586,2.568668,2.597586,2.568668,0.250000,1.000000,1.000000
16520.000000,2.595257,2.581861,-0.232965,1.319301,0.000000,2.000000,0.000000,1.000000,0.000000,1.087054,1.227409,1.225276,-0.072319,1.369040,0.000000,0.000000,0.000000,65535.000000,4.089919,2.730868,2.595257,2.581861,2.595257,2.581861,0.250000,1.000000,1.000000
16530.000000,2.592676,2.595335,-0.258088,1.347392,0.000000,2.000000,0.000000,1.000000,0.000000,0.657027,1.255014,1.245615,-0.153311,0.245108,0.000000,0.000000,0.000000,65535.000000,4.089919,2.730868,2.592676,2.595335,2.592676,2.595335,0.250000,1.000000,1.000000
16540.000000,2.590121,2.609119,-0.255489,1.378409,0.000000,2.000000,0.000000,1.000000,0.000000,0.795046,1.295114,1.282309,-0.181672,0.721726,0.000000,0.000000,0.000000,65535.000000,4.089919,2.730868,2.590121,2.609119,2.590121,2.609119,0.250000,1.000000,1.000000
16550.000000,2.588011,2.622509,-0.211042,1.338908,0.000000,2.000000,0.000000,1.000000,0.000000,0.795046,1.359995,1.344094,-0.207357,0.716550,0.000000,0.000000,0.000000,65535.000000,4.089919,2.730868,2.588011,2.622509,2.588011,2.622509,0.250000,1.000000,1.000000
16560.000000,2.585765,2.635579,-0.224555,1.307090,0.000000,2.000000,0.000000,1.000000,0.000000,0.795046,1.381087,1.363057,-0.222439,0.711447,0.000000,0.000000,0.000000,65535.000000,4.089919,2.730868,2.585765,2.635579,2.585765,2.635579,0.250000,1.000000,1.000000
16570.000000,2.583438,2.648614,-0.232719,1.303451,0.000000,2.000000,0.000000,1.000000,0.000000,0.793661,1.365524,1.342642,-0.248931,0.367051,0.000000,0.000000,0.000000,65535.000000,4.089919,2.730868,2.583438,2.648614,2.583438,2.648614,0.250000,1.000000,1.000000
16580.000000,2.581251,2.662086,-0.218636,1.347261,0.000000,2.000000,0.000000,1.000000,0.000000,0.793661,1.341355,1.319640,-0.240383,0.365707,0.000000,0.000000,0.000000,65535.000000,4.089919,2.730868,2.581251,2.662086,2.581251,2.662086,0.250000,1.000000,1.000000
16590.000000,2.579643,2.676074,-0.160803,1.398699,0.000000,2.000000,0.000000,1.000000,0.000000,0.579573,1.364886,1.348042,-0.213767,-0.291705,0.000000,0.000000,0.000000,65535.000000,4.089919,2.730868,2.579643,2.676074,2.579643,2.676074,0.250000,1.000000,1.000000
16600.000000,2.578795,2.690538,-0.084851,1.446437,0.000000,2.000000,0.000000,1.000000,0.000000,0.629227,1.407912,1.398847,-0.159513,0.147326,0.000000,0.000000,0.000000,65535.000000,4.089919,2.730868,2.578795,2.690538,2.578795,2.690538,0.250000,1.000000,1.000000
16610.000000,2.577821,2.704548,-0.097345,1.400960,0.000000,2.000000,0.000000,1.000000,0.000000,0.629227,1.448924,1.446397,-0.085534,0.147109,0.000000,0.000000,0.000000,65535.000000,4.089919,2.730868,2.577821,2.704548,2.577821,2.704548,0.250000,1.000000,1.000000
16620.000000,2.576650,2.718486,-0.117123,1.393858,0.000000,2.000000,0.000000,1.000000,0.000000,0.895887,1.404338,1.401010,-0.096632,1.253055,0.000000,0.000000,0.000000,65535.000000,4.089919,2.730868,2.576650,2.718486,2.576650,2.718486,0.250000,1.000000,1.000000
16630.000000,2.575351,2.732532,-0.129868,1.404527,0.000000,2.000000,0.000000,1.000000,0.000000,0.895887,1.398770,1.394078,-0.114475,1.237532,0.000000,0.000000,0.000000,65535.000000,4.089919,2.730868,2.575351,2.732532,2.575351,2.732532,0.250000,1.000000,1.000000
16640.000000,2.574311,2.746898,-0.103988,1.436692,0.000000,2.000000,0.000000,1.000000,0.000000,0.836084,1.410519,1.404869,-0.126120,0.973745,0.000000,0.000000,0.000000,65535.000000,4.089919,2.730868,2.574311,2.746898,2.574311,2.746898,0.250000,1.000000,1.000000
16650.000000,2.573634,2.761294,-0.067712,1.439558,0.000000,2.000000,0.000000,1.000000,0.000000,0.664761,1.440450,1.437010,-0.099495,0.161757,0.000000,0.000000,0.000000,65535.000000,4.089919,2.730868,2.573634,2.761294,2.573634,2.761294,0.250000,1.000000,1.000000
16660.000000,2.572803,2.775563,-0.083078,1.426869,0.000000,2.000000,0.000000,1.000000,0.000000,0.763337,1.441149,1.439734,-0.063847,0.637701,0.000000,0.000000,0.000000,65535.000000,4.089919,2.730868,2.572803,2.775563,2.572803,2.775563,0.250000,1.000000,1.000000
16670.000000,2.571996,2.789839,-0.080723,1.427618,0.000000,2.000000,0.000000,1.000000,0.000000,1.011565,1.429286,1.427014,-0.080559,1.437833,0.000000,0.000000,0.000000,65535.000000,4.089919,2.730868,2.571996,2.789839,2.571996,2.789839,0.250000,1.000000,1.000000
16680.000000,2.571422,2.804231,-0.057378,1.439182,0.000000,2.000000,0.000000,1.000000,0.000000,1.011565,1.429898,1.427709,-0.079103,1.417433,0.000000,0.000000,0.000000,65535.000000,4.089919,2.730868,2.571422,2.804231,2.571422,2.804231,0.250000,1.000000,1.000000
16690.000000,2.571028,2.818439,-0.039466,1.420779,0.000000,2.000000,0.000000,1.000000,0.000000,1.051525,1.440325,1.439257,-0.055462,1.397603,0.000000,0.000000,0.000000,65535.000000,4.089919,2.730868,2.571028,2.818439,2.571028,2.818439,0.250000,1.000000,1.000000
16700.000000,2.570820,2.832704,-0.020788,1.426513,0.000000,2.000000,0.000000,1.000000,0.000000,1.105656,1.421327,1.420833,-0.037500,0.184536,0.000000,0.000000,0.000000,65535.000000,4.089919,2.730868,2.570820,2.832704,2.570820,2.832704,0.250000,1.000000,1.000000
16710.000000,2.570805,2.847050,-0.001515,1.434608,0.000000,2.000000,0.000000,1.000000,0.000000,0.822270,1.426664,1.426530,-0.019579,-0.505450,0.000000,0.000000,0.000000,65535.000000,4.089919,2.730868,2.570805,2.847050,2.570805,2.847050,0.250000,1.000000,1.000000
16720.000000,2.570983,2.861517,0.017798,1.446767,0.000000,2.000000,0.000000,1.000000,0.000000,0.822270,1.434608,1.434608,-0.000993,-0.502905,0.000000,0.000000,0.000000,65535.000000,4.089919,2.730868,2.570983,2.861517,2.570983,2.861517,0.250000,1.000000,1.000000
16730.000000,2.571191,2.875634,0.020857,1.411701,0.000000,2.000000,0.000000,1.000000,0.000000,0.757391,1.446877,1.446765,0.018001,-0.666587,0.000000,0.000000,0.000000,65535.000000,4.089919,2.730868,2.571191,2.875634,2.571191,2.875634,0.250000,1.000000,1.000000
16740.000000,2.571615,2.889817,0.042416,1.418265,0.000000,2.000000,0.000000,1.000000,0.000000,0.936914,1.411855,1.411703,0.020703,-0.198350,0.000000,0.000000,0.000000,65535.000000,4.089919,2.730868,2.571615,2.889817,2.571615,2.889817,0.250000,1.000000,1.000000
16750.000000,2.572280,2.904118,0.066493,1.430059,0.000000,2.000000,0.000000,1.000000,0.000000,0.871231,1.418899,1.418308,0.040972,0.080048,0.000000,0.000000,0.000000,65535.000000,4.089919,2.730868,2.572280,2.904118,2.572280,2.904118,0.250000,1.000000,1.000000
16760.000000,2.572814,2.918085,0.053416,1.396754,0.000000,2.000000,0.000000,1.000000,0.000000,1.023476,1.431604,1.430214,0.063068,0.587248,0.000000,0.000000,0.000000,65535.000000,4.089919,2.730868,2.572814,2.918085,2.572814,2.918085,0.250000,1.000000,1.000000
16770.000000,2.573449,2.931351,0.063477,1.326552,0.000000,2.000000,0.000000,1.000000,0.000000,1.023476,1.397775,1.396961,0.047684,0.583816,0.000000,0.000000,0.000000,65535.000000,4.089919,2.730868,2.573449,2.931351,2.573449,2.931351,0.250000,1.000000,1.000000
16780.000000,2.574463,2.944289,0.101342,1.293868,0.000000,2.000000,0.000000,1.000000,0.000000,1.023476,1.328069,1.326822,0.057539,0.381014,0.000000,0.000000,0.000000,65535.000000,4.089919,2.730868,2.574463,2.944289,2.574463,2.944289,0.250000,1.000000,1.000000
16790.000000,2.575666,2.957178,0.120331,1.288850,0.000000,2.000000,0.000000,1.000000,0.000000,0.853374,1.297831,1.294225,0.096675,-0.234344,0.000000,0.000000,0.000000,65535.000000,4.089919,2.730868,2.575666,2.957178,2.575666,2.957178,0.250000,1.000000,1.000000
16800.000000,2.576962,2.970321,0.129621,1.314279,0.000000,2.000000,0.000000,1.000000,0.000000,0.853603,1.294455,1.289258,0.115880,1.011869,0.000000,0.000000,0.000000,65535.000000,4.089919,2.730868,2.576962,2.970321,2.576962,2.970321,0.250000,1.000000,1.000000
16810.000000,2.578446,2.983251,0.148338,1.293059,0.000000,2.000000,0.000000,1.000000,0.000000,0.897268,1.320656,1.314994,0.122157,1.193181,0.000000,0.000000,0.000000,65535.000000,4.089919,2.730868,2.578446,2.983251,2.578446,2.983251,0.250000,1.000000,1.000000
16820.000000,2.580234,2.995887,0.178780,1.263584,0.000000,2.000000,0.000000,1.000000,0.000000,0.897268,1.301540,1.294159,0.138419,1.179098,0.000000,0.000000,0.000000,65535.000000,4.089919,2.730868,2.580234,2.995887,2.580234,2.995887,0.250000,1.000000,1.000000
16830.000000,2.582271,3.008258,0.203751,1.237100,0.000000,2.000000,0.000000,1.000000,0.000000,1.058616,1.276169,1.265010,0.168393,-0.444478,0.000000,0.000000,0.000000,65535.000000,4.089919,2.730868,2.582271,3.008258,2.582271,3.008258,0.250000,1.000000,1.000000
16840.000000,2.584515,3.020771,0.224389,1.251290,0.000000,2.000000,0.000000,1.000000,0.000000,0.474382,1.253767,1.238608,0.194379,-1.475390,0.000000,0.000000,0.000000,65535.000000,4.089919,2.730868,2.584515,3.020771,2.584515,3.020771,0.250000,1.000000,1.000000
16850.000000,2.586946,3.033205,0.243065,1.243329,0.000000,2.000000,0.000000,1.000000,0.000000,0.862834,1.271250,1.253146,0.213781,-0.431552,0.000000,0.000000,0.000000,65535.000000,4.089919,2.730868,2.586946,3.033205,2.586946,3.033205,0.250000,1.000000,1.000000
16860.000000,2.589463,3.045374,0.251771,1.216939,0.000000,2.000000,0.000000,1.000000,0.000000,0.804927,1.266865,1.245716,0.230519,-0.273631,0.000000,0.000000,0.000000,65535.000000,4.089919,2.730868,2.589463,3.045374,2.589463,3.045374,0.250000,1.000000,1.000000
16870.000000,2.592186,3.057120,0.272278,1.174628,0.000000,2.000000,0.000000,1.000000,0.000000,1.173875,1.242710,1.219565,0.238728,1.847952,0.000000,0.000000,0.000000,65535.000000,4.089919,2.730868,2.592186,3.057120,2.592186,3.057120,0.250000,1.000000,1.000000
16880.000000,2.595230,3.068560,0.304359,1.144011,0.000000,2.000000,0.000000,1.000000,0.000000,1.173875,1.205772,1.177338,0.260311,1.814390,0.000000,0.000000,0.000000,65535.000000,4.089919,2.730868,2.595230,3.068560,2.595230,3.068560,0.250000,1.000000,1.000000
16890.000000,2.598439,3.079946,0.320864,1.138600,0.000000,2.000000,0.000000,1.000000,0.000000,1.173875,1.183805,1.146831,0.293552,1.782025,0.000000,0.000000,0.000000,65535.000000,4.089919,2.730868,2.598439,3.079946,2.598439,3.079946,0.250000,1.000000,1.000000
16900.000000,2.601859,3.091381,0.342085,1.143459,0.000000,2.000000,0.000000,1.000000,0.000000,0.807257,1.182947,1.141839,0.309138,0.304330,0.000000,0.000000,0.000000,65535.000000,4.089919,2.730868,2.601859,3.091381,2.601859,3.091381,0.250000,1.000000,1.000000
16910.000000,2.605454,3.102699,0.359482,1.131852,0.000000,2.000000,0.000000,1.000000,0.000000,0.775513,1.193533,1.147279,0.329046,-0.714312,0.000000,0.000000,0.000000,65535.000000,4.089919,2.730868,2.605454,3.102699,2.605454,3.102699,0.250000,1.000000,1.000000
16920.000000,2.609006,3.114062,0.355150,1.136266,0.000000,2.000000,0.000000,1.000000,0.000000,0.487172,1.187567,1.136226,0.345406,-1.628668,0.000000,0.000000,0.000000,65535.000000,4.089919,2.730868,2.609006,3.114062,2.609006,3.114062,0.250000,1.000000,1.000000
16930.000000,2.612499,3.125292,0.349290,1.122988,0.000000,2.000000,0.000000,1.000000,0.000000,0.515709,1.190475,1.141216,0.338908,-1.529388,0.000000,0.000000,0.000000,65535.000000,4.089919,2.730868,2.612499,3.125292,2.612499,3.125292,0.250000,1.000000,1.000000
16940.000000,2.616182,3.136500,0.368363,1.120826,0.000000,2.000000,0.000000,1.000000,0.000000,0.435710,1.176054,1.128578,0.330782,-1.506327,0.000000,0.000000,0.000000,65535.000000,4.089919,2.730868,2.616182,3.136500,2.616182,3.136500,0.250000,1.000000,1.000000
16950.000000,2.620072,3.147533,0.388946,1.103286,0.000000,2.000000,0.000000,1.000000,0.000000,0.930185,1.179805,1.127360,0.347850,0.306599,0.000000,0.000000,0.000000,65535.000000,4.089919,2.730868,2.620072,3.147533,2.620072,3.147533,0.250000,1.000000,1.000000
16960.000000,2.624258,3.158189,0.418674,1.065623,0.000000,2.000000,0.000000,1.000000,0.000000,0.930185,1.169838,1.110911,0.366601,0.435547,0.000000,0.000000,0.000000,65535.000000,4.089919,2.730868,2.624258,3.158189,2.624258,3.158189,0.250000,1.000000,1.000000
16970.000000,2.628750,3.168205,0.449146,1.001603,0.000000,2.000000,0.000000,1.000000,0.000000,1.159087,1.144919,1.073987,0.396726,1.654458,0.000000,0.000000,0.000000,65535.000000,4.089919,2.730868,2.628750,3.168205,2.628750,3.168205,0.250000,1.000000,1.000000
16980.000000,2.633336,3.178073,0.458566,0.986836,0.000000,2.000000,0.000000,1.000000,0.000000,1.159087,1.097698,1.010100,0.429697,1.627504,0.000000,0.000000,0.000000,65535.000000,4.089919,2.730868,2.633336,3.178073,2.633336,3.178073,0.250000,1.000000,1.000000
16990.000000,2.637963,3.187842,0.462779,0.976908,0.000000,2.000000,0.000000,1.000000,0.000000,1.128922,1.088177,0.995733,0.438912,1.460448,0.000000,0.000000,0.000000,65535.000000,4.089919,2.730868,2.637963,3.187842,2.637963,3.187842,0.250000,1.000000,1.000000
17000.000000,2.643077,3.197429,0.511346,0.958685,0.000000,2.000000,0.000000,1.000000,0.000000,0.948643,1.080978,0.986258,0.442503,1.181369,0.000000,0.000000,0.000000,65535.000000,4.089919,2.730868,2.643077,3.197429,2.643077,3.197429,0.250000,1.000000,1.000000
17010.000000,2.648443,3.206204,0.536664,0.877529,0.000000,2.000000,0.000000,1.000000,0.000000,0.908674,1.086532,0.969318,0.490890,1.167562,0.000000,0.000000,0.000000,65535.000000,4.089919,2.730868,2.648443,3.206204,2.648443,3.206204,0.250000,1.000000,1.000000
17020.000000,2.654009,3.214522,0.556566,0.831754,0.000000,2.000000,0.000000,1.000000,0.000000,0.923492,1.028623,0.889568,0.516463,1.154074,0.000000,0.000000,0.000000,65535.000000,4.089919,2.730868,2.654009,3.214522,2.654009,3.214522,0.250000,1.000000,1.000000
17030.000000,2.659609,3.222698,0.560007,0.817622,0.000000,2.000000,0.000000,1.000000,0.000000,0.923492,1.000790,0.845836,0.534923,0.791735,0.000000,0.000000,0.000000,65535.000000,4.089919,2.730868,2.659609,3.222698,2.659609,3.222698,0.250000,1.000000,1.000000
17040.000000,2.665555,3.230689,0.594617,0.799056,0.000000,2.000000,0.000000,1.000000,0.000000,1.130248,0.991017,0.832723,0.537296,1.389774,0.000000,0.000000,0.000000,65535.000000,4.089919,2.730868,2.665555,3.230689,2.665555,3.230689,0.250000,1.000000,1.000000
17050.000000,2.671971,3.238145,0.641584,0.745630,0.000000,2.000000,0.000000,1.000000,0.000000,1.130248,0.996022,0.815512,0.571839,1.370705,0.000000,0.000000,0.000000,65535.000000,4.089919,2.730868,2.671971,3.238145,2.671971,3.238145,0.250000,1.000000,1.000000
17060.000000,2.678598,3.245136,0.662682,0.699082,0.000000,2.000000,0.000000,1.000000,0.000000,1.130248,0.983664,0.763728,0.619931,1.352153,0.000000,0.000000,0.000000,65535.000000,4.089919,2.730868,2.678598,3.245136,2.678598,3.245136,0.250000,1.000000,1.000000
17070.000000,2.685211,3.251796,0.661316,0.665982,0.000000,2.000000,0.000000,1.000000,0.000000,1.111318,0.963256,0.718848,0.641187,1.289118,0.000000,0.000000,0.000000,65535.000000,4.089919,2.730868,2.685211,3.251796,2.685211,3.251796,0.250000,1.000000,1.000000
17080.000000,2.692040,3.258065,0.682959,0.626953,0.000000,2.000000,0.000000,1.000000,0.000000,1.111318,0.938547,0.686711,0.639764,1.272695,0.000000,0.000000,0.000000,65535.000000,4.089919,2.730868,2.692040,3.258065,2.692040,3.258065,0.250000,1.000000,1.000000
17090.000000,2.699274,3.263850,0.723344,0.578464,0.000000,2.000000,0.000000,1.000000,0.000000,1.007428,0.927093,0.648007,0.663015,0.864736,0.000000,0.000000,0.000000,65535.000000,4.089919,2.730868,2.699274,3.263850,2.699274,3.263850,0.250000,1.000000,1.000000
17100.000000,2.707497,3.269923,0.822365,0.607309,0.000000,2.000000,0.000000,1.000000,0.000000,1.007428,0.926200,0.600035,0.705552,0.857315,0.000000,0.000000,0.000000,65535.000000,4.089919,2.730868,2.707497,3.269923,2.707497,3.269923,0.250000,1.000000,1.000000
17110.000000,2.715247,3.275858,0.774998,0.593474,0.000000,2.000000,0.000000,1.000000,0.000000,1.332847,0.960716,0.589554,0.758552,0.851000,0.000000,0.000000,0.000000,65535.000000,4.089919,2.730868,2.715247,3.275858,2.715247,3.275858,0.250000,1.000000,1.000000
17120.000000,2.722741,3.281726,0.749317,0.586855,0.000000,2.000000,0.000000,1.000000,0.000000,1.332847,0.938248,0.592278,0.727679,0.843812,0.000000,0.000000,0.000000,65535.000000,4.089919,2.730868,2.722741,3.281726,2.722741,3.281726,0.250000,1.000000,1.000000
17130.000000,2.730002,3.286766,0.726109,0.503946,0.000000,2.000000,0.000000,1.000000,0.000000,1.332847,0.916161,0.588062,0.702520,1.000516,0.000000,0.000000,0.000000,65535.000000,4.089919,2.730868,2.730002,3.286766,2.730002,3.286766,0.250000,1.000000,1.000000
17140.000000,2.737559,3.291113,0.755705,0.434688,0.000000,2.000000,0.000000,1.000000,0.000000,0.977555,0.857143,0.511545,0.687762,0.990595,0.000000,0.000000,0.000000,65535.000000,4.089919,2.730868,2.737559,3.291113,2.737559,3.291113,0.250000,1.000000,1.000000
17150.000000,2.745302,3.295428,0.774308,0.431480,0.000000,2.000000,0.000000,1.000000,0.000000,1.145199,0.871804,0.461946,0.739357,0.980869,0.000000,0.000000,0.000000,65535.000000,4.089919,2.730868,2.745302,3.295428,2.745302,3.295428,0.250000,1.000000,1.000000
17160.000000,2.753027,3.299959,0.772501,0.453195,0.000000,2.000000,0.000000,1.000000,0.000000,1.145199,0.886413,0.459625,0.757940,0.153454,0.000000,0.000000,0.000000,65535.000000,4.089919,2.730868,2.753027,3.299959,2.753027,3.299959,0.250000,1.000000,1.000000
17170.000000,2.760730,3.304350,0.770327,0.439084,0.000000,2.000000,0.000000,1.000000,0.000000,0.669427,0.895625,0.483060,0.754186,-1.144257,0.000000,0.000000,0.000000,65535.000000,4.089919,2.730868,2.760730,3.304350,2.760730,3.304350,0.250000,1.000000,1.000000
17180.000000,2.768993,3.308421,0.826323,0.407019,0.000000,2.000000,0.000000,1.000000,0.000000,0.322978,0.886678,0.469972,0.751881,-2.000638,0.000000,0.000000,0.000000,65535.000000,4.089919,2.730868,2.768993,3.308421,2.768993,3.308421,0.250000,1.000000,1.000000
17190.000000,2.777696,3.312113,0.870308,0.369250,0.000000,2.000000,0.000000,1.000000,0.000000,0.322978,0.921127,0.440346,0.809055,-1.961360,0.000000,0.000000,0.000000,65535.000000,4.089919,2.730868,2.777696,3.312113,2.777696,3.312113,0.250000,1.000000,1.000000
17200.000000,2.786167,3.315920,0.847030,0.380704,0.000000,2.000000,0.000000,1.000000,0.000000,0.881644,0.945400,0.404491,0.854499,-0.536002,0.000000,0.000000,0.000000,65535.000000,4.089919,2.730868,2.786167,3.315920,2.786167,3.315920,0.250000,1.000000,1.000000
17210.000000,2.794465,3.319918,0.829813,0.399765,0.000000,2.000000,0.000000,1.000000,0.000000,0.913059,0.928653,0.416496,0.830016,-0.454580,0.000000,0.000000,0.000000,65535.000000,4.089919,2.730868,2.794465,3.319918,2.794465,3.319918,0.250000,1.000000,1.000000
17220.000000,2.803649,3.324150,0.918406,0.423181,0.000000,2.000000,0.000000,1.000000,0.000000,0.913059,0.921087,0.436953,0.810848,-0.452521,0.000000,0.000000,0.000000,65535.000000,4.089919,2.730868,2.803649,3.324150,2.803649,3.324150,0.250000,1.000000,1.000000
17230.000000,2.813255,3.327605,0.960575,0.345559,0.000000,2.000000,0.000000,1.000000,0.000000,0.992457,0.968175,0.435774,0.864560,-0.557660,0.000000,0.000000,0.000000,65535.000000,4.089919,2.730868,2.813255,3.327605,2.813255,3.327605,0.250000,1.000000,1.000000
17240.000000,2.822628,3.329837,0.937348,0.223194,0.000000,2.000000,0.000000,1.000000,0.000000,1.543626,0.970411,0.355233,0.903054,1.301527,0.000000,0.000000,0.000000,65535.000000,4.089919,2.730868,2.822628,3.329837,2.822628,3.329837,0.250000,1.000000,1.000000
17250.000000,2.831830,3.331870,0.920229,0.203264,0.000000,2.000000,0.000000,1.000000,0.000000,1.543626,0.977101,0.281574,0.935650,1.284788,0.000000,0.000000,0.000000,65535.000000,4.089919,2.730868,2.831830,3.331870,2.831830,3.331870,0.250000,1.000000,1.000000
17260.000000,2.841171,3.334010,0.934084,0.214016,0.000000,2.000000,0.000000,1.000000,0.000000,1.549421,0.953182,0.259900,0.917064,1.138419,0.000000,0.000000,0.000000,65535.000000,4.089919,2.730868,2.841171,3.334010,2.841171,3.334010,0.250000,1.000000,1.000000
17270.000000,2.850929,3.336237,0.975846,0.222689,0.000000,2.000000,0.000000,1.000000,0.000000,1.346333,0.958288,0.262948,0.921506,0.617621,0.000000,0.000000,0.000000,65535.000000,4.089919,2.730868,2.850929,3.336237,2.850929,3.336237,0.250000,1.000000,1.000000
17280.000000,2.861452,3.338382,1.052205,0.214514,0.000000,2.000000,0.000000,1.000000,0.000000,1.474276,1.000932,0.275942,0.962144,1.394676,0.000000,0.000000,0.000000,65535.000000,4.089919,2.730868,2.861452,3.338382,2.861452,3.338382,0.250000,1.000000,1.000000
17290.000000,2.872153,3.340039,1.070121,0.165707,0.000000,2.000000,0.000000,1.000000,0.000000,1.474276,1.073849,0.274760,1.038103,1.375474,0.000000,0.000000,0.000000,65535.000000,4.089919,2.730868,2.872153,3.340039,2.872153,3.340039,0.250000,1.000000,1.000000
17300.000000,2.882545,3.341480,1.039178,0.144167,0.000000,2.000000,0.000000,1.000000,0.000000,1.158347,1.082875,0.228238,1.058549,1.356793,0.000000,0.000000,0.000000,65535.000000,4.089919,2.730868,2.882545,3.341480,2.882545,3.341480,0.250000,1.000000,1.000000
17310.000000,2.892657,3.342912,1.011255,0.143118,0.000000,2.000000,0.000000,1.000000,0.000000,1.266211,1.049131,0.204254,1.029056,0.713423,0.000000,0.000000,0.000000,65535.000000,4.089919,2.730868,2.892657,3.342912,2.892657,3.342912,0.250000,1.000000,1.000000
17320.000000,2.903014,3.344385,1.035677,0.147311,0.000000,2.000000,0.000000,1.000000,0.000000,1.027659,1.021332,0.201303,1.001298,-0.873143,0.000000,0.000000,0.000000,65535.000000,4.089919,2.730868,2.903014,3.344385,2.903014,3.344385,0.250000,1.000000,1.000000
17330.000000,2.913700,3.345798,1.068641,0.141346,0.000000,2.000000,0.000000,1.000000,0.000000,0.478048,1.046101,0.206034,1.025611,-1.636946,0.000000,0.000000,0.000000,65535.000000,4.089919,2.730868,2.913700,3.345798,2.913700,3.345798,0.250000,1.000000,1.000000
17340.000000,2.924595,3.347113,1.089526,0.131496,0.000000,2.000000,0.000000,1.000000,0.000000,0.193753,1.077948,0.200434,1.059150,-2.314852,0.000000,0.000000,0.000000,65535.000000,4.089919,2.730868,2.924595,3.347113,2.924595,3.347113,0.250000,1.000000,1.000000
17350.000000,2.935320,3.348067,1.072476,0.095388,0.000000,2.000000,0.000000,1.000000,0.000000,0.094377,1.097432,0.192415,1.080432,-2.504950,0.000000,0.000000,0.000000,65535.000000,4.089919,2.730868,2.935320,3.348067,2.935320,3.348067,0.250000,1.000000,1.000000
17360.000000,2.946127,3.348699,1.080686,0.063172,0.000000,2.000000,0.000000,1.000000,0.000000,0.212153,1.076709,0.156743,1.065239,-2.156331,0.000000,0.000000,0.000000,65535.000000,4.089919,2.730868,2.946127,3.348699,2.946127,3.348699,0.250000,1.000000,1.000000
17370.000000,2.957098,3.349059,1.097091,0.035986,0.000000,2.000000,0.000000,1.000000,0.000000,0.509471,1.082531,0.125681,1.075210,-1.400655,0.000000,0.000000,0.000000,65535.000000,4.089919,2.730868,2.957098,3.349059,2.957098,3.349059,0.250000,1.000000,1.000000
17380.000000,2.968562,3.349004,1.146436,-0.005464,0.000000,2.000000,0.000000,1.000000,0.000000,0.517834,1.097681,0.100721,1.093051,-1.361487,0.000000,0.000000,0.000000,65535.000000,4.089919,2.730868,2.968562,3.349004,2.968562,3.349004,0.250000,1.000000,1.000000
17390.000000,2.980540,3.348536,1.197780,-0.046829,0.000000,2.000000,0.000000,1.000000,0.000000,0.517834,1.146449,0.063805,1.144672,-1.343180,0.000000,0.000000,0.000000,65535.000000,4.089919,2.730868,2.980540,3.348536,2.980540,3.348536,0.250000,1.000000,1.000000
17400.000000,2.993091,3.347620,1.255089,-0.091607,0.000000,2.000000,0.000000,1.000000,0.000000,0.860194,1.198695,0.025437,1.198425,-0.789683,0.000000,0.000000,0.000000,65535.000000,4.089919,2.730868,2.993091,3.347620,2.993091,3.347620,0.250000,1.000000,1.000000
17410.000000,3.005827,3.346165,1.273584,-0.145499,0.000000,2.000000,0.000000,1.000000,0.000000,0.860194,1.258428,-0.017093,1.258312,-0.783489,0.000000,0.000000,0.000000,65535.000000,4.089919,2.730868,3.005827,3.346165,3.005827,3.346165,0.250000,1.000000,1.000000
17420.000000,3.019070,3.344127,1.324372,-0.203789,0.000000,2.000000,0.000000,1.000000,0.000000,0.356043,1.281868,-0.070685,1.279918,-1.239076,0.000000,0.000000,0.000000,65535.000000,4.089919,2.730868,3.019070,3.344127,3.019070,3.344127,0.250000,1.000000,1.000000
17430.000000,3.032617,3.341673,1.354611,-0.245399,0.000000,2.000000,0.000000,1.000000,0.000000,0.850762,1.339960,-0.127797,1.333852,0.374403,0.000000,0.000000,0.000000,65535.000000,4.089919,2.730868,3.032617,3.341673,3.032617,3.341673,0.250000,1.000000,1.000000
17440.000000,3.046389,3.338973,1.377206,-0.269981,0.000000,2.000000,0.000000,1.000000,0.000000,0.876939,1.376660,-0.168752,1.366278,0.761143,0.000000,0.000000,0.000000,65535.000000,4.089919,2.730868,3.046389,3.338973,3.046389,3.338973,0.250000,1.000000,1.000000
17450.000000,3.060055,3.336180,1.366616,-0.279269,0.000000,2.000000,0.000000,1.000000,0.000000,0.876939,1.403420,-0.191282,1.390323,0.810878,0.000000,0.000000,0.000000,65535.000000,4.089919,2.730868,3.060055,3.336180,3.060055,3.336180,0.250000,1.000000,1.000000
17460.000000,3.072865,3.334350,1.281053,-0.182994,0.000000,2.000000,0.000000,1.000000,0.000000,0.876939,1.394858,-0.201189,1.380273,0.804349,0.000000,0.000000,0.000000,65535.000000,4.089919,2.730868,3.072865,3.334350,3.072865,3.334350,0.250000,1.000000,1.000000
17470.000000,3.085634,3.332688,1.276839,-0.166277,0.000000,2.000000,0.000000,1.000000,0.000000,0.766014,1.403865,-0.206618,1.388577,-0.670368,0.000000,0.000000,0.000000,65535.000000,4.089919,2.730868,3.085634,3.332688,3.085634,3.332688,0.250000,1.000000,1.000000
17480.000000,3.098415,3.331061,1.278129,-0.162632,0.000000,2.000000,0.000000,1.000000,0.000000,0.766014,1.414075,-0.209298,1.398500,-1.110877,0.000000,0.000000,0.000000,65535.000000,4.089919,2.730868,3.098415,3.331061,3.098415,3.331061,0.250000,1.000000,1.000000
17490.000000,3.110856,3.329381,1.244061,-0.167984,0.000000,2.000000,0.000000,1.000000,0.000000,0.430635,1.437364,-0.228607,1.419068,-1.652886,0.000000,0.000000,0.000000,65535.000000,4.089919,2.730868,3.110856,3.329381,3.110856,3.329381,0.250000,1.000000,1.000000
17500.000000,3.123520,3.327217,1.266458,-0.216421,0.000000,2.000000,0.000000,1.000000,0.000000,0.593154,1.441651,-0.267941,1.416533,-1.132121,0.000000,0.000000,0.000000,65535.000000,4.089919,2.730868,3.123520,3.327217,3.123520,3.327217,0.250000,1.000000,1.000000
17510.000000,3.136589,3.324512,1.306843,-0.270586,0.000000,2.000000,0.000000,1.000000,0.000000,0.846435,1.463424,-0.307140,1.430830,-0.485035,0.000000,0.000000,0.000000,65535.000000,4.089919,2.730868,3.136589,3.324512,3.136589,3.324512,0.250000,1.000000,1.000000
17520.000000,3.150271,3.321536,1.368253,-0.297529,0.000000,2.000000,0.000000,1.000000,0.000000,0.846435,1.506684,-0.351489,1.465112,-0.027731,0.000000,0.000000,0.000000,65535.000000,4.089919,2.730868,3.150271,3.321536,3.150271,3.321536,0.250000,1.000000,1.000000
17530.000000,3.164049,3.318261,1.377788,-0.327482,0.000000,2.000000,0.000000,1.000000,0.000000,0.717909,1.586367,-0.386570,1.538546,-0.027723,0.000000,0.000000,0.000000,65535.000000,4.089919,2.730868,3.164049,3.318261,3.164049,3.318261,0.250000,1.000000,1.000000
17540.000000,3.177654,3.315042,1.360492,-0.321976,0.000000,2.000000,0.000000,1.000000,0.000000,0.584008,1.583862,-0.402222,1.531939,-0.209295,0.000000,0.000000,0.000000,65535.000000,4.089919,2.730868,3.177654,3.315042,3.177654,3.315042,0.250000,1.000000,1.000000
17550.000000,3.190765,3.312075,1.311095,-0.296659,0.000000,2.000000,0.000000,1.000000,0.000000,0.650082,1.590976,-0.421646,1.534086,-0.265782,0.000000,0.000000,0.000000,65535.000000,4.089919,2.730868,3.190765,3.312075,3.190765,3.312075,0.250000,1.000000,1.000000
17560.000000,3.203438,3.309295,1.267291,-0.277967,0.000000,2.000000,0.000000,1.000000,0.000000,0.992581,1.588210,-0.443385,1.525064,0.890927,0.000000,0.000000,0.000000,65535.000000,4.089919,2.730868,3.203438,3.309295,3.203438,3.309295,0.250000,1.000000,1.000000
17570.000000,3.215795,3.306603,1.235704,-0.269189,0.000000,2.000000,0.000000,1.000000,0.000000,0.992581,1.580754,-0.461313,1.511943,0.883052,0.000000,0.000000,0.000000,65535.000000,4.089919,2.730868,3.215795,3.306603,3.215795,3.306603,0.250000,1.000000,1.000000
17580.000000,3.228184,3.303607,1.238874,-0.299673,0.000000,2.000000,0.000000,1.000000,0.000000,0.956789,1.572301,-0.474284,1.499062,0.746396,0.000000,0.000000,0.000000,65535.000000,4.089919,2.730868,3.228184,3.303607,3.228184,3.303607,0.250000,1.000000,1.000000
17590.000000,3.240564,3.300386,1.238022,-0.322006,0.000000,2.000000,0.000000,1.000000,0.000000,0.622506,1.588080,-0.507108,1.504938,-0.367188,0.000000,0.000000,0.000000,65535.000000,4.089919,2.730868,3.240564,3.300386,3.240564,3.300386,0.250000,1.000000,1.000000
17600.000000,3.252720,3.297110,1.215573,-0.327668,0.000000,2.000000,0.000000,1.000000,0.000000,0.511348,1.590663,-0.526609,1.500964,-0.537331,0.000000,0.000000,0.000000,65535.000000,4.089919,2.730868,3.252720,3.297110,3.252720,3.297110,0.250000,1.000000,1.000000
17610.000000,3.264305,3.293994,1.158529,-0.311602,0.000000,2.000000,0.000000,1.000000,0.000000,0.506615,1.582018,-0.540545,1.486806,-0.746929,0.000000,0.000000,0.000000,65535.000000,4.089919,2.730868,3.264305,3.293994,3.264305,3.293994,0.250000,1.000000,1.000000
17620.000000,3.275831,3.290786,1.152603,-0.320816,0.000000,2.000000,0.000000,1.000000,0.000000,1.126652,1.529534,-0.532091,1.433999,1.423735,0.000000,0.000000,0.000000,65535.000000,4.089919,2.730868,3.275831,3.290786,3.275831,3.290786,0.250000,1.000000,1.000000
17630.000000,3.287524,3.287274,1.169298,-0.351125,0.000000,2.000000,0.000000,1.000000,0.000000,1.126652,1.530960,-0.547182,1.429836,1.403729,0.000000,0.000000,0.000000,65535.000000,4.089919,2.730868,3.287524,3.287274,3.287524,3.287274,0.250000,1.000000,1.000000
17640.000000,3.299287,3.283560,1.176311,-0.371404,0.000000,2.000000,0.000000,1.000000,0.000000,1.126652,1.544401,-0.569532,1.435552,1.384278,0.000000,0.000000,0.000000,65535.000000,4.089919,2.730868,3.299287,3.283560,3.299287,3.283560,0.250000,1.000000,1.000000
17650.000000,3.310519,3.279932,1.123208,-0.362829,0.000000,2.000000,0.000000,1.000000,0.000000,0.779867,1.543136,-0.578022,1.430789,0.128055,0.000000,0.000000,0.000000,65535.000000,4.089919,2.730868,3.310519,3.279932,3.310519,3.279932,0.250000,1.000000,1.000000
17660.000000,3.321340,3.276398,1.082036,-0.353422,0.000000,2.000000,0.000000,1.000000,0.000000,0.725304,1.471625,-0.556410,1.362383,-0.102801,0.000000,0.000000,0.000000,65535.000000,4.089919,2.730868,3.321340,3.276398,3.321340,3.276398,0.250000,1.000000,1.000000
17670.000000,3.331767,3.272894,1.042757,-0.350366,0.000000,2.000000,0.000000,1.000000,0.000000,0.740111,1.419862,-0.539216,1.313489,-0.044543,0.000000,0.000000,0.000000,65535.000000,4.089919,2.730868,3.331767,3.272894,3.331767,3.272894,0.250000,1.000000,1.000000
17680.000000,3.341949,3.269240,1.018206,-0.365438,0.000000,2.000000,0.000000,1.000000,0.000000,0.740111,1.370136,-0.526695,1.264857,-0.044523,0.000000,0.000000,0.000000,65535.000000,4.089919,2.730868,3.341949,3.269240,3.341949,3.269240,0.250000,1.000000,1.000000
17690.000000,3.351661,3.265556,0.971198,-0.368356,0.000000,2.000000,0.000000,1.000000,0.000000,0.672693,1.299101,-0.501343,1.198465,-0.249293,0.000000,0.000000,0.000000,65535.000000,4.089919,2.730868,3.351661,3.265556,3.351661,3.265556,0.250000,1.000000,1.000000
17700.000000,3.361003,3.261933,0.934174,-0.362286,0.000000,2.000000,0.000000,1.000000,0.000000,0.672693,1.207722,-0.467459,1.113586,-0.248672,0.000000,0.000000,0.000000,65535.000000,4.089919,2.730868,3.361003,3.261933,3.361003,3.261933,0.250000,1.000000,1.000000
17710.000000,3.370266,3.258180,0.926351,-0.375359,0.000000,2.000000,0.000000,1.000000,0.000000,0.672693,1.159621,-0.452542,1.067674,-0.248055,0.000000,0.000000,0.000000,65535.000000,4.089919,2.730868,3.370266,3.258180,3.370266,3.258180,0.250000,1.000000,1.000000
17720.000000,3.379418,3.254180,0.915125,-0.399963,0.000000,2.000000,0.000000,1.000000,0.000000,0.716786,1.144506,-0.455813,1.049823,0.286216,0.000000,0.000000,0.000000,65535.000000,4.089919,2.730868,3.379418,3.254180,3.379418,3.254180,0.250000,1.000000,1.000000
17730.000000,3.388251,3.250059,0.883297,-0.412075,0.000000,2.000000,0.000000,1.000000,0.000000,0.799830,1.119608,-0.461093,1.020252,0.543703,0.000000,0.000000,0.000000,65535.000000,4.089919,2.730868,3.388251,3.250059,3.388251,3.250059,0.250000,1.000000,1.000000
17740.000000,3.397154,3.245567,0.890321,-0.449243,0.000000,2.000000,0.000000,1.000000,0.000000,0.799830,1.079056,-0.460409,0.975903,0.540760,0.000000,0.000000,0.000000,65535.000000,4.089919,2.730868,3.397154,3.245567,3.397154,3.245567,0.250000,1.000000,1.000000
17750.000000,3.405952,3.240746,0.879835,-0.482036,0.000000,2.000000,0.000000,1.000000,0.000000,0.771756,1.084494,-0.483542,0.970729,0.215989,0.000000,0.000000,0.000000,65535.000000,4.089919,2.730868,3.405952,3.240746,3.405952,3.240746,0.250000,1.000000,1.000000
17760.000000,3.414330,3.235707,0.837826,-0.503944,0.000000,2.000000,0.000000,1.000000,0.000000,0.840068,1.074611,-0.502980,0.949631,0.215524,0.000000,0.000000,0.000000,65535.000000,4.089919,2.730868,3.414330,3.235707,3.414330,3.235707,0.250000,1.000000,1.000000
17770.000000,3.422382,3.229819,0.805147,-0.588797,0.000000,2.000000,0.000000,1.000000,0.000000,0.840068,1.040382,-0.516877,0.902902,0.193079,0.000000,0.000000,0.000000,65535.000000,4.089919,2.730868,3.422382,3.229819,3.422382,3.229819,0.250000,1.000000,1.000000
17780.000000,3.429902,3.223422,0.752034,-0.639727,0.000000,2.000000,0.000000,1.000000,0.000000,0.840068,0.997469,-0.556159,0.828028,-0.442117,0.000000,0.000000,0.000000,65535.000000,4.089919,2.730868,3.429902,3.223422,3.429902,3.223422,0.250000,1.000000,1.000000
17790.000000,3.437205,3.216630,0.730251,-0.679179,0.000000,2.000000,0.000000,1.000000,0.000000,0.821926,0.987322,-0.607102,0.778609,0.206019,0.000000,0.000000,0.000000,65535.000000,4.089919,2.730868,3.437205,3.216630,3.437205,3.216630,0.250000,1.000000,1.000000
17800.000000,3.444562,3.209736,0.735730,-0.689402,0.000000,2.000000,0.000000,1.000000,0.000000,0.732703,0.997271,-0.644923,0.760673,0.415028,0.000000,0.000000,0.000000,65535.000000,4.089919,2.730868,3.444562,3.209736,3.444562,3.209736,0.250000,1.000000,1.000000
17810.000000,3.451815,3.203023,0.725263,-0.671224,0.000000,2.000000,0.000000,1.000000,0.000000,0.732703,1.008253,-0.653752,0.767582,0.413311,0.000000,0.000000,0.000000,65535.000000,4.089919,2.730868,3.451815,3.203023,3.451815,3.203023,0.250000,1.000000,1.000000
17820.000000,3.459062,3.196274,0.724683,-0.674991,0.000000,2.000000,0.000000,1.000000,0.000000,0.452117,0.988204,-0.635621,0.756660,-0.928355,0.000000,0.000000,0.000000,65535.000000,4.089919,2.730868,3.459062,3.196274,3.459062,3.196274,0.250000,1.000000,1.000000
17830.000000,3.466232,3.189312,0.717020,-0.696171,0.000000,2.000000,0.000000,1.000000,0.000000,0.616491,0.990343,-0.639536,0.756157,-0.155547,0.000000,0.000000,0.000000,65535.000000,4.089919,2.730868,3.466232,3.189312,3.466232,3.189312,0.250000,1.000000,1.000000
17840.000000,3.473392,3.181963,0.716050,-0.734829,0.000000,2.000000,0.000000,1.000000,0.000000,0.806120,0.999386,-0.660912,0.749645,0.424508,0.000000,0.000000,0.000000,65535.000000,4.089919,2.730868,3.473392,3.181963,3.473392,3.181963,0.250000,1.000000,1.000000
17850.000000,3.480270,3.174465,0.687733,-0.749852,0.000000,2.000000,0.000000,1.000000,0.000000,0.979210,1.026012,-0.698898,0.751160,0.422712,0.000000,0.000000,0.000000,65535.000000,4.089919,2.730868,3.480270,3.174465,3.480270,3.174465,0.250000,1.000000,1.000000
17860.000000,3.486880,3.166820,0.661060,-0.764487,0.000000,2.000000,0.000000,1.000000,0.000000,0.979210,1.017475,-0.714371,0.724520,0.420931,0.000000,0.000000,0.000000,65535.000000,4.089919,2.730868,3.486880,3.166820,3.486880,3.166820,0.250000,1.000000,1.000000
17870.000000,3.493212,3.159113,0.633197,-0.770736,0.000000,2.000000,0.000000,1.000000,0.000000,0.830680,1.010664,-0.729105,0.699891,-0.612555,0.000000,0.000000,0.000000,65535.000000,4.089919,2.730868,3.493212,3.159113,3.493212,3.159113,0.250000,1.000000,1.000000
17880.000000,3.499256,3.151056,0.604337,-0.805716,0.000000,2.000000,0.000000,1.000000,0.000000,0.720334,0.997483,-0.736189,0.673051,-0.989217,0.000000,0.000000,0.000000,65535.000000,4.089919,2.730868,3.499256,3.151056,3.499256,3.151056,0.250000,1.000000,1.000000
17890.000000,3.505486,3.141919,0.623013,-0.913635,0.000000,2.000000,0.000000,1.000000,0.000000,0.665965,1.007175,-0.771942,0.646921,-0.747889,0.000000,0.000000,0.000000,65535.000000,4.089919,2.730868,3.505486,3.141919,3.505486,3.141919,0.250000,1.000000,1.000000
17900.000000,3.511410,3.132322,0.592428,-0.959760,0.000000,2.000000,0.000000,1.000000,0.000000,0.813954,1.011651,-0.811559,0.603995,-0.742331,0.000000,0.000000,0.000000,65535.000000,4.089919,2.730868,3.511410,3.132322,3.511410,3.132322,0.250000,1.000000,1.000000
17910.000000,3.517163,3.122823,0.575333,-0.949850,0.000000,2.000000,0.000000,1.000000,0.000000,0.809164,1.006459,-0.837846,0.557649,-0.751156,0.000000,0.000000,0.000000,65535.000000,4.089919,2.730868,3.517163,3.122823,3.517163,3.122823,0.250000,1.000000,1.000000
17920.000000,3.522642,3.113627,0.547871,-0.919547,0.000000,2.000000,0.000000,1.000000,0.000000,0.814915,0.992536,-0.831743,0.541600,-0.476185,0.000000,0.000000,0.000000,65535.000000,4.089919,2.730868,3.522642,3.113627,3.522642,3.113627,0.250000,1.000000,1.000000
17930.000000,3.527871,3.104439,0.522909,-0.918879,0.000000,2.000000,0.000000,1.000000,0.000000,0.925630,0.994018,-0.834538,0.540018,1.391525,0.000000,0.000000,0.000000,65535.000000,4.089919,2.730868,3.527871,3.104439,3.527871,3.104439,0.250000,1.000000,1.000000
17940.000000,3.532938,3.094981,0.506693,-0.945749,0.000000,2.000000,0.000000,1.000000,0.000000,1.142300,0.989449,-0.842796,0.518367,2.216877,0.000000,0.000000,0.000000,65535.000000,4.089919,2.730868,3.532938,3.094981,3.532938,3.094981,0.250000,1.000000,1.000000
17950.000000,3.537540,3.085795,0.460184,-0.918543,0.000000,2.000000,0.000000,1.000000,0.000000,1.482407,1.010607,-0.875344,0.505074,3.002079,0.000000,0.000000,0.000000,65535.000000,4.089919,2.730868,3.537540,3.085795,3.537540,3.085795,0.250000,1.000000,1.000000
17960.000000,3.542055,3.076488,0.451508,-0.930751,0.000000,2.000000,0.000000,1.000000,0.000000,1.482407,1.027371,-0.897292,0.500358,2.958474,0.000000,0.000000,0.000000,65535.000000,4.089919,2.730868,3.542055,3.076488,3.542055,3.076488,0.250000,1.000000,1.000000
17970.000000,3.546180,3.067260,0.412521,-0.922759,0.000000,2.000000,0.000000,1.000000,0.000000,2.039919,1.034484,-0.910768,0.490570,3.727933,0.000000,0.000000,0.000000,65535.000000,4.089919,2.730868,3.546180,3.067260,3.546180,3.067260,0.250000,1.000000,1.000000
17980.000000,3.550131,3.057818,0.395126,-0.944252,0.000000,2.000000,0.000000,1.000000,0.000000,2.039919,1.010771,-0.903995,0.452164,3.593822,0.000000,0.000000,0.000000,65535.000000,4.089919,2.730868,3.550131,3.057818,3.550131,3.057818,0.250000,1.000000,1.000000
17990.000000,3.554067,3.048050,0.393560,-0.976759,0.000000,2.000000,0.000000,1.000000,0.000000,2.039919,1.023590,-0.926659,0.434786,3.581945,0.000000,0.000000,0.000000,65535.000000,4.089919,2.730868,3.554067,3.048050,3.554067,3.048050,0.250000,1.000000,1.000000
18000.000000,3.557866,3.038141,0.379888,-0.990889,0.000000,2.000000,0.000000,1.000000,0.000000,1.805583,1.053066,-0.960203,0.432387,3.457960,0.000000,0.000000,0.000000,65535.000000,4.089919,2.730868,3.557866,3.038141,3.557866,3.038141,0.250000,1.000000,1.000000
18010.000000,3.561262,3.028434,0.339649,-0.970748,0.000000,2.000000,0.000000,1.000000,0.000000,1.779735,1.061214,-0.974910,0.419196,3.297548,0.000000,0.000000,0.000000,65535.000000,4.089919,2.730868,3.561262,3.028434,3.561262,3.028434,0.250000,1.000000,1.000000
18020.000000,3.564362,3.018764,0.310000,-0.967023,0.000000,2.000000,0.000000,1.000000,0.000000,1.387834,1.028452,-0.956463,0.378012,2.051271,0.000000,0.000000,0.000000,65535.000000,4.089919,2.730868,3.564362,3.018764,3.564362,3.018764,0.250000,1.000000,1.000000
18030.000000,3.567351,3.009015,0.298873,-0.974901,0.000000,2.000000,0.000000,1.000000,0.000000,0.851899,1.015497,-0.954295,0.347210,-0.030325,0.000000,0.000000,0.000000,65535.000000,4.089919,2.730868,3.567351,3.009015,3.567351,3.009015,0.250000,1.000000,1.000000
18040.000000,3.570360,2.999082,0.300934,-0.993263,0.000000,2.000000,0.000000,1.000000,0.000000,0.851899,1.019685,-0.962778,0.335880,-0.030316,0.000000,0.000000,0.000000,65535.000000,4.089919,2.730868,3.570360,2.999082,3.570360,2.999082,0.250000,1.000000,1.000000
18050.000000,3.573375,2.989290,0.301502,-0.979248,0.000000,2.000000,0.000000,1.000000,0.000000,0.545719,1.037850,-0.981071,0.338573,-1.155107,0.000000,0.000000,0.000000,65535.000000,4.089919,2.730868,3.573375,2.989290,3.573375,2.989290,0.250000,1.000000,1.000000
18060.000000,3.576234,2.979388,0.285876,-0.990158,0.000000,2.000000,0.000000,1.000000,0.000000,0.242440,1.024612,-0.967442,0.337469,-2.282295,0.000000,0.000000,0.000000,65535.000000,4.089919,2.730868,3.576234,2.979388,3.576234,2.979388,0.250000,1.000000,1.000000
18070.000000,3.578720,2.969273,0.248540,-1.011528,0.000000,2.000000,0.000000,1.000000,0.000000,0.541578,1.030601,-0.979355,0.320938,-1.731824,0.000000,0.000000,0.000000,65535.000000,4.089919,2.730868,3.578720,2.969273,3.578720,2.969273,0.250000,1.000000,1.000000
18080.000000,3.580980,2.959022,0.226007,-1.025086,0.000000,2.000000,0.000000,1.000000,0.000000,0.682771,1.041614,-1.002372,0.283217,-0.318295,0.000000,0.000000,0.000000,65535.000000,4.089919,2.730868,3.580980,2.959022,3.580980,2.959022,0.250000,1.000000,1.000000
18090.000000,3.583140,2.948702,0.216035,-1.032014,0.000000,2.000000,0.000000,1.000000,0.000000,0.981886,1.049705,-1.017158,0.259367,0.789865,0.000000,0.000000,0.000000,65535.000000,4.089919,2.730868,3.583140,2.948702,3.583140,2.948702,0.250000,1.000000,1.000000
18100.000000,3.585253,2.938208,0.211303,-1.049333,0.000000,2.000000,0.000000,1.000000,0.000000,1.149396,1.054383,-1.024928,0.247480,1.093261,0.000000,0.000000,0.000000,65535.000000,4.089919,2.730868,3.585253,2.938208,3.585253,2.938208,0.250000,1.000000,1.000000
18110.000000,3.587240,2.927629,0.198719,-1.057916,0.000000,2.000000,0.000000,1.000000,0.000000,1.149396,1.070397,-1.042784,0.241560,1.081426,0.000000,0.000000,0.000000,65535.000000,4.089919,2.730868,3.587240,2.927629,3.587240,2.927629,0.250000,1.000000,1.000000
18120.000000,3.588978,2.917014,0.173782,-1.061526,0.000000,2.000000,0.000000,1.000000,0.000000,1.045892,1.076418,-1.051785,0.228964,0.933284,0.000000,0.000000,0.000000,65535.000000,4.089919,2.730868,3.588978,2.917014,3.588978,2.917014,0.250000,1.000000,1.000000
18130.000000,3.590400,2.906650,0.142240,-1.036382,0.000000,2.000000,0.000000,1.000000,0.000000,0.969142,1.075657,-1.056002,0.204688,0.660314,0.000000,0.000000,0.000000,65535.000000,4.089919,2.730868,3.590400,2.906650,3.590400,2.906650,0.250000,1.000000,1.000000
18140.000000,3.591679,2.896237,0.127848,-1.041263,0.000000,2.000000,0.000000,1.000000,0.000000,0.800649,1.046097,-1.031769,0.172550,0.120954,0.000000,0.000000,0.000000,65535.000000,4.089919,2.730868,3.591679,2.896237,3.591679,2.896237,0.250000,1.000000,1.000000
18150.000000,3.592769,2.885523,0.109053,-1.071416,0.000000,2.000000,0.000000,1.000000,0.000000,0.800649,1.049082,-1.037170,0.157642,0.120808,0.000000,0.000000,0.000000,65535.000000,4.089919,2.730868,3.592769,2.885523,3.592769,2.885523,0.250000,1.000000,1.000000
18160.000000,3.593774,2.874578,0.100505,-1.094487,0.000000,2.000000,0.000000,1.000000,0.000000,0.596702,1.076952,-1.067965,0.138839,-0.779071,0.000000,0.000000,0.000000,65535.000000,4.089919,2.730868,3.593774,2.874578,3.593774,2.874578,0.250000,1.000000,1.000000
18170.000000,3.594655,2.863678,0.088057,-1.090096,0.000000,2.000000,0.000000,1.000000,0.000000,0.547649,1.099092,-1.091452,0.129361,-1.467818,0.000000,0.000000,0.000000,65535.000000,4.089919,2.730868,3.594655,2.863678,3.594655,2.863678,0.250000,1.000000,1.000000
18180.000000,3.595318,2.852853,0.066354,-1.082472,0.000000,2.000000,0.000000,1.000000,0.000000,0.716986,1.093647,-1.087555,0.115271,-1.446565,0.000000,0.000000,0.000000,65535.000000,4.089919,2.730868,3.595318,2.852853,3.595318,2.852853,0.250000,1.000000,1.000000
18190.000000,3.595822,2.842049,0.050384,-1.080361,0.000000,2.000000,0.000000,1.000000,0.000000,0.529855,1.084504,-1.080583,0.092144,-1.544452,0.000000,0.000000,0.000000,65535.000000,4.089919,2.730868,3.595822,2.842049,3.595822,2.842049,0.250000,1.000000,1.000000
18200.000000,3.596237,2.831114,0.041468,-1.093505,0.000000,2.000000,0.000000,1.000000,0.000000,0.248959,1.081535,-1.078918,0.075187,-2.212743,0.000000,0.000000,0.000000,65535.000000,4.089919,2.730868,3.596237,2.831114,3.596237,2.831114,0.250000,1.000000,1.000000
18210.000000,3.596460,2.820075,0.022321,-1.103884,0.000000,2.000000,0.000000,1.000000,0.000000,0.260949,1.094291,-1.092290,0.066154,-2.132182,0.000000,0.000000,0.000000,65535.000000,4.089919,2.730868,3.596460,2.820075,3.596460,2.820075,0.250000,1.000000,1.000000
18220.000000,3.596484,2.808903,0.002388,-1.117261,0.000000,2.000000,0.000000,1.000000,0.000000,0.349803,1.104110,-1.103117,0.046822,-1.874590,0.000000,0.000000,0.000000,65535.000000,4.089919,2.730868,3.596484,2.808903,3.596484,2.808903,0.250000,1.000000,1.000000
18230.000000,3.596402,2.797654,-0.008177,-1.124864,0.000000,2.000000,0.000000,1.000000,0.000000,0.527948,1.117263,-1.116961,0.025992,-1.413808,0.000000,0.000000,0.000000,65535.000000,4.089919,2.730868,3.596402,2.797654,3.596402,2.797654,0.250000,1.000000,1.000000
18240.000000,3.596099,2.786335,-0.030297,-1.131881,0.000000,2.000000,0.000000,1.000000,0.000000,0.809177,1.124893,-1.124807,0.013891,-1.394078,0.000000,0.000000,0.000000,65535.000000,4.089919,2.730868,3.596099,2.786335,3.596099,2.786335,0.250000,1.000000,1.000000
18250.000000,3.595589,2.775327,-0.051006,-1.100793,0.000000,2.000000,0.000000,1.000000,0.000000,0.921756,1.132287,-1.132242,-0.010082,-0.439105,0.000000,0.000000,0.000000,65535.000000,4.089919,2.730868,3.595589,2.775327,3.595589,2.775327,0.250000,1.000000,1.000000
18260.000000,3.594947,2.764438,-0.064161,-1.088948,0.000000,2.000000,0.000000,1.000000,0.000000,0.921756,1.101974,-1.101478,-0.033072,-0.437183,0.000000,0.000000,0.000000,65535.000000,4.089919,2.730868,3.594947,2.764438,3.594947,2.764438,0.250000,1.000000,1.000000
18270.000000,3.594228,2.753581,-0.071980,-1.085640,0.000000,2.000000,0.000000,1.000000,0.000000,0.921756,1.090837,-1.089785,-0.047878,-0.435278,0.000000,0.000000,0.000000,65535.000000,4.089919,2.730868,3.594228,2.753581,3.594228,2.753581,0.250000,1.000000,1.000000
18280.000000,3.593271,2.742616,-0.095595,-1.096507,0.000000,2.000000,0.000000,1.000000,0.000000,0.434738,1.088024,-1.086532,-0.056968,-1.424934,0.000000,0.000000,0.000000,65535.000000,4.089919,2.730868,3.593271,2.742616,3.593271,2.742616,0.250000,1.000000,1.000000
18290.000000,3.592144,2.731766,-0.112753,-1.084975,0.000000,2.000000,0.000000,1.000000,0.000000,0.395702,1.100666,-1.097619,-0.081850,-1.780275,0.000000,0.000000,0.000000,65535.000000,4.089919,2.730868,3.592144,2.731766,3.592144,2.731766,0.250000,1.000000,1.000000
18300.000000,3.590923,2.720987,-0.122116,-1.077921,0.000000,2.000000,0.000000,1.000000,0.000000,0.280365,1.090818,-1.086107,-0.101263,-1.927421,0.000000,0.000000,0.000000,65535.000000,4.089919,2.730868,3.590923,2.720987,3.590923,2.720987,0.250000,1.000000,1.000000
18310.000000,3.589545,2.710324,-0.137798,-1.066357,0.000000,2.000000,0.000000,1.000000,0.000000,0.432004,1.084816,-1.079039,-0.111804,-1.534523,0.000000,0.000000,0.000000,65535.000000,4.089919,2.730868,3.589545,2.710324,3.589545,2.710324,0.250000,1.000000,1.000000
18320.000000,3.587934,2.699635,-0.161117,-1.068904,0.000000,2.000000,0.000000,1.000000,0.000000,0.438272,1.075223,-1.067503,-0.128616,-1.496735,0.000000,0.000000,0.000000,65535.000000,4.089919,2.730868,3.587934,2.699635,3.587934,2.699635,0.250000,1.000000,1.000000
18330.000000,3.586076,2.689244,-0.185740,-1.039057,0.000000,2.000000,0.000000,1.000000,0.000000,0.438272,1.080978,-1.070233,-0.152034,-1.474642,0.000000,0.000000,0.000000,65535.000000,4.089919,2.730868,3.586076,2.689244,3.586076,2.689244,0.250000,1.000000,1.000000
18340.000000,3.583874,2.678860,-0.220197,-1.038425,0.000000,2.000000,0.000000,1.000000,0.000000,0.410050,1.055528,-1.040506,-0.177442,-1.519430,0.000000,0.000000,0.000000,65535.000000,4.089919,2.730868,3.583874,2.678860,3.583874,2.678860,0.250000,1.000000,1.000000
18350.000000,3.581419,2.668463,-0.245526,-1.039668,0.000000,2.000000,0.000000,1.000000,0.000000,0.844599,1.061514,-1.039918,-0.213031,-0.467349,0.000000,0.000000,0.000000,65535.000000,4.089919,2.730868,3.581419,2.668463,3.581419,2.668463,0.250000,1.000000,1.000000
18360.000000,3.578769,2.658084,-0.264966,-1.037911,0.000000,2.000000,0.000000,1.000000,0.000000,0.914887,1.068266,-1.040866,-0.240398,0.664888,0.000000,0.000000,0.000000,65535.000000,4.089919,2.730868,3.578769,2.658084,3.578769,2.658084,0.250000,1.000000,1.000000
18370.000000,3.575958,2.648070,-0.281179,-1.001456,0.000000,2.000000,0.000000,1.000000,0.000000,0.914887,1.071198,-1.038831,-0.261336,0.748961,0.000000,0.000000,0.000000,65535.000000,4.089919,2.730868,3.575958,2.648070,3.575958,2.648070,0.250000,1.000000,1.000000
18380.000000,3.572832,2.638469,-0.312585,-0.960024,0.000000,2.000000,0.000000,1.000000,0.000000,0.881337,1.040181,-1.002252,-0.278328,0.743387,0.000000,0.000000,0.000000,65535.000000,4.089919,2.730868,3.572832,2.638469,3.572832,2.638469,0.250000,1.000000,1.000000
18390.000000,3.569178,2.629051,-0.365434,-0.941802,0.000000,2.000000,0.000000,1.000000,0.000000,0.466672,1.009631,-0.960820,-0.310129,-0.774804,0.000000,0.000000,0.000000,65535.000000,4.089919,2.730868,3.569178,2.629051,3.569178,2.629051,0.250000,1.000000,1.000000
18400.000000,3.564202,2.619156,-0.497574,-0.989544,0.000000,2.000000,0.000000,1.000000,0.000000,0.700876,1.010215,-0.942577,-0.363430,-0.312829,0.000000,0.000000,0.000000,65535.000000,4.089919,2.730868,3.564202,2.619156,3.564202,2.619156,0.250000,1.000000,1.000000
18410.000000,3.558608,2.609617,-0.559374,-0.953960,0.000000,2.000000,0.000000,1.000000,0.000000,0.700876,1.017551,-0.924180,-0.425796,-0.311853,0.000000,0.000000,0.000000,65535.000000,4.089919,2.730868,3.558608,2.609617,3.558608,2.609617,0.250000,1.000000,1.000000
18420.000000,3.552448,2.600215,-0.615968,-0.940113,0.000000,2.000000,0.000000,1.000000,0.000000,0.700876,0.990692,-0.872321,-0.469603,-0.310882,0.000000,0.000000,0.000000,65535.000000,4.089919,2.730868,3.552448,2.600215,3.552448,2.600215,0.250000,1.000000,1.000000
18430.000000,3.545775,2.591056,-0.667274,-0.915898,0.000000,2.000000,0.000000,1.000000,0.000000,0.752568,0.971254,-0.833937,-0.497879,-0.448842,0.000000,0.000000,0.000000,65535.000000,4.089919,2.730868,3.545775,2.591056,3.545775,2.591056,0.250000,1.000000,1.000000
18440.000000,3.538473,2.582114,-0.730193,-0.894248,0.000000,2.000000,0.000000,1.000000,0.000000,0.790666,0.950023,-0.791397,-0.525580,-0.371192,0.000000,0.000000,0.000000,65535.000000,4.089919,2.730868,3.538473,2.582114,3.538473,2.582114,0.250000,1.000000,1.000000
18450.000000,3.530725,2.573391,-0.774844,-0.872329,0.000000,2.000000,0.000000,1.000000,0.000000,0.790666,0.962828,-0.766585,-0.582567,-0.369818,0.000000,0.000000,0.000000,65535.000000,4.089919,2.730868,3.530725,2.573391,3.530725,2.573391,0.250000,1.000000,1.000000
18460.000000,3.522402,2.564788,-0.832262,-0.860268,0.000000,2.000000,0.000000,1.000000,0.000000,0.790666,0.964275,-0.738267,-0.620314,-0.379343,0.000000,0.000000,0.000000,65535.000000,4.089919,2.730868,3.522402,2.564788,3.522402,2.564788,0.250000,1.000000,1.000000
18470.000000,3.513755,2.556604,-0.864706,-0.818437,0.000000,2.000000,0.000000,1.000000,0.000000,0.732586,0.978232,-0.715645,-0.666926,-0.801911,0.000000,0.000000,0.000000,65535.000000,4.089919,2.730868,3.513755,2.556604,3.513755,2.556604,0.250000,1.000000,1.000000
18480.000000,3.504725,2.548750,-0.903060,-0.785383,0.000000,2.000000,0.000000,1.000000,0.000000,0.732167,0.973602,-0.675586,-0.701061,-0.772594,0.000000,0.000000,0.000000,65535.000000,4.089919,2.730868,3.504725,2.548750,3.504725,2.548750,0.250000,1.000000,1.000000
18490.000000,3.495488,2.541425,-0.923704,-0.732467,0.000000,2.000000,0.000000,1.000000,0.000000,0.925306,0.970792,-0.637250,-0.732358,-0.283504,0.000000,0.000000,0.000000,65535.000000,4.089919,2.730868,3.495488,2.541425,3.495488,2.541425,0.250000,1.000000,1.000000
18500.000000,3.486080,2.534676,-0.940800,-0.674893,0.000000,2.000000,0.000000,1.000000,0.000000,1.025095,0.976155,-0.600628,-0.769497,-0.077824,0.000000,0.000000,0.000000,65535.000000,4.089919,2.730868,3.486080,2.534676,3.486080,2.534676,0.250000,1.000000,1.000000
18510.000000,3.476680,2.528526,-0.939997,-0.615074,0.000000,2.000000,0.000000,1.000000,0.000000,1.025095,1.002085,-0.574216,-0.821249,-0.039995,0.000000,0.000000,0.000000,65535.000000,4.089919,2.730868,3.476680,2.528526,3.476680,2.528526,0.250000,1.000000,1.000000
18520.000000,3.467187,2.522419,-0.949286,-0.610646,0.000000,2.000000,0.000000,1.000000,0.000000,1.025095,1.031794,-0.555382,-0.869569,-0.039979,0.000000,0.000000,0.000000,65535.000000,4.089919,2.730868,3.467187,2.522419,3.467187,2.522419,0.250000,1.000000,1.000000
18530.000000,3.457497,2.516225,-0.969015,-0.619451,0.000000,2.000000,0.000000,1.000000,0.000000,1.111838,1.049289,-0.557557,-0.888897,0.098198,0.000000,0.000000,0.000000,65535.000000,4.089919,2.730868,3.457497,2.516225,3.457497,2.516225,0.250000,1.000000,1.000000
18540.000000,3.447257,2.510053,-1.024040,-0.617186,0.000000,2.000000,0.000000,1.000000,0.000000,0.931283,1.029813,-0.539266,-0.877329,0.258852,0.000000,0.000000,0.000000,65535.000000,4.089919,2.730868,3.447257,2.510053,3.447257,2.510053,0.250000,1.000000,1.000000
18550.000000,3.436356,2.503989,-1.090092,-0.606315,0.000000,2.000000,0.000000,1.000000,0.000000,1.138230,1.052706,-0.524109,-0.912962,0.258183,0.000000,0.000000,0.000000,65535.000000,4.089919,2.730868,3.436356,2.503989,3.436356,2.503989,0.250000,1.000000,1.000000
18560.000000,3.424900,2.497872,-1.145545,-0.611750,0.000000,2.000000,0.000000,1.000000,0.000000,1.126739,1.068591,-0.490596,-0.949316,0.066663,0.000000,0.000000,0.000000,65535.000000,4.089919,2.730868,3.424900,2.497872,3.424900,2.497872,0.250000,1.000000,1.000000
18570.000000,3.413688,2.492129,-1.121160,-0.574275,0.000000,2.000000,0.000000,1.000000,0.000000,0.841331,1.084548,-0.471982,-0.976462,-0.532506,0.000000,0.000000,0.000000,65535.000000,4.089919,2.730868,3.413688,2.492129,3.413688,2.492129,0.250000,1.000000,1.000000
18580.000000,3.401911,2.485916,-1.177759,-0.621288,0.000000,2.000000,0.000000,1.000000,0.000000,0.752551,1.045314,-0.433729,-0.951084,-0.761659,0.000000,0.000000,0.000000,65535.000000,4.089919,2.730868,3.401911,2.485916,3.401911,2.485916,0.250000,1.000000,1.000000
18590.000000,3.389539,2.479225,-1.237156,-0.669102,0.000000,2.000000,0.000000,1.000000,0.000000,0.995770,1.049623,-0.434449,-0.955490,1.033737,0.000000,0.000000,0.000000,65535.000000,4.089919,2.730868,3.389539,2.479225,3.389539,2.479225,0.250000,1.000000,1.000000
18600.000000,3.377219,2.472420,-1.232050,-0.680527,0.000000,2.000000,0.000000,1.000000,0.000000,0.995770,1.073300,-0.449284,-0.974739,1.023150,0.000000,0.000000,0.000000,65535.000000,4.089919,2.730868,3.377219,2.472420,3.377219,2.472420,0.250000,1.000000,1.000000
18610.000000,3.365579,2.465510,-1.163975,-0.691022,0.000000,2.000000,0.000000,1.000000,0.000000,0.995770,1.103275,-0.481291,-0.992761,1.018734,0.000000,0.000000,0.000000,65535.000000,4.089919,2.730868,3.365579,2.465510,3.365579,2.465510,0.250000,1.000000,1.000000
18620.000000,3.354219,2.458525,-1.135935,-0.698480,0.000000,2.000000,0.000000,1.000000,0.000000,0.855215,1.094854,-0.521879,-0.962470,1.008451,0.000000,0.000000,0.000000,65535.000000,4.089919,2.730868,3.354219,2.458525,3.354219,2.458525,0.250000,1.000000,1.000000
18630.000000,3.342937,2.451693,-1.128204,-0.683242,0.000000,2.000000,0.000000,1.000000,0.000000,0.824871,1.093264,-0.540911,-0.950074,0.862121,0.000000,0.000000,0.000000,65535.000000,4.089919,2.730868,3.342937,2.451693,3.342937,2.451693,0.250000,1.000000,1.000000
18640.000000,3.331816,2.445017,-1.112180,-0.667514,0.000000,2.000000,0.000000,1.000000,0.000000,0.730539,1.097584,-0.537550,-0.956938,0.020638,0.000000,0.000000,0.000000,65535.000000,4.089919,2.730868,3.331816,2.445017,3.331816,2.445017,0.250000,1.000000,1.000000
18650.000000,3.321081,2.438704,-1.073480,-0.631383,0.000000,2.000000,0.000000,1.000000,0.000000,0.730539,1.113509,-0.546608,-0.970114,0.020634,0.000000,0.000000,0.000000,65535.000000,4.089919,2.730868,3.321081,2.438704,3.321081,2.438704,0.250000,1.000000,1.000000
18660.000000,3.310279,2.432800,-1.080145,-0.590348,0.000000,2.000000,0.000000,1.000000,0.000000,0.654499,1.093178,-0.529926,-0.956146,-0.246289,0.000000,0.000000,0.000000,65535.000000,4.089919,2.730868,3.310279,2.432800,3.310279,2.432800,0.250000,1.000000,1.000000
18670.000000,3.299234,2.427308,-1.104518,-0.549236,0.000000,2.000000,0.000000,1.000000,0.000000,0.779311,1.110819,-0.507253,-0.988238,0.141219,0.000000,0.000000,0.000000,65535.000000,4.089919,2.730868,3.299234,2.427308,3.299234,2.427308,0.250000,1.000000,1.000000
18680.000000,3.288148,2.422119,-1.108572,-0.518864,0.000000,2.000000,0.000000,1.000000,0.000000,0.779311,1.146167,-0.485480,-1.038271,0.141019,0.000000,0.000000,0.000000,65535.000000,4.089919,2.730868,3.288148,2.422119,3.288148,2.422119,0.250000,1.000000,1.000000
18690.000000,3.277290,2.417172,-1.085841,-0.494667,0.000000,2.000000,0.000000,1.000000,0.000000,0.779311,1.183281,-0.486505,-1.078641,0.140821,0.000000,0.000000,0.000000,65535.000000,4.089919,2.730868,3.277290,2.417172,3.277290,2.417172,0.250000,1.000000,1.000000
18700.000000,3.266133,2.412120,-1.115741,-0.505247,0.000000,2.000000,0.000000,1.000000,0.000000,0.764359,1.211346,-0.502836,-1.102050,-0.747736,0.000000,0.000000,0.000000,65535.000000,4.089919,2.730868,3.266133,2.412120,3.266133,2.412120,0.250000,1.000000,1.000000
18710.000000,3.254555,2.407043,-1.157711,-0.507666,0.000000,2.000000,0.000000,1.000000,0.000000,0.816897,1.248487,-0.515480,-1.137102,-0.666282,0.000000,0.000000,0.000000,65535.000000,4.089919,2.730868,3.254555,2.407043,3.254555,2.407043,0.250000,1.000000,1.000000
18720.000000,3.242961,2.402361,-1.159418,-0.468179,0.000000,2.000000,0.000000,1.000000,0.000000,0.816897,1.282168,-0.512776,-1.175166,-0.661868,0.000000,0.000000,0.000000,65535.000000,4.089919,2.730868,3.242961,2.402361,3.242961,2.402361,0.250000,1.000000,1.000000
18730.000000,3.231616,2.397703,-1.134525,-0.465766,0.000000,2.000000,0.000000,1.000000,0.000000,0.816897,1.310858,-0.501956,-1.210945,-0.657512,0.000000,0.000000,0.000000,65535.000000,4.089919,2.730868,3.231616,2.397703,3.231616,2.397703,0.250000,1.000000,1.000000
18740.000000,3.220083,2.392934,-1.153352,-0.476952,0.000000,2.000000,0.000000,1.000000,0.000000,1.089037,1.291026,-0.498584,-1.190867,0.137511,0.000000,0.000000,0.000000,65535.000000,4.089919,2.730868,3.220083,2.392934,3.220083,2.392934,0.250000,1.000000,1.000000
18750.000000,3.208300,2.388431,-1.178237,-0.450290,0.000000,2.000000,0.000000,1.000000,0.000000,1.044840,1.300101,-0.497168,-1.201285,0.373995,0.000000,0.000000,0.000000,65535.000000,4.089919,2.730868,3.208300,2.388431,3.208300,2.388431,0.250000,1.000000,1.000000
18760.000000,3.196206,2.384199,-1.209380,-0.423189,0.000000,2.000000,0.000000,1.000000,0.000000,1.044840,1.345477,-0.489756,-1.253175,0.619076,0.000000,0.000000,0.000000,65535.000000,4.089919,2.730868,3.196206,2.384199,3.196206,2.384199,0.250000,1.000000,1.000000
18770.000000,3.184386,2.380282,-1.181976,-0.391701,0.000000,2.000000,0.000000,1.000000,0.000000,0.997744,1.407660,-0.488476,-1.320189,0.615263,0.000000,0.000000,0.000000,65535.000000,4.089919,2.730868,3.184386,2.380282,3.184386,2.380282,0.250000,1.000000,1.000000
18780.000000,3.172663,2.376728,-1.172363,-0.355383,0.000000,2.000000,0.000000,1.000000,0.000000,0.985914,1.394467,-0.471335,-1.312396,0.464137,0.000000,0.000000,0.000000,65535.000000,4.089919,2.730868,3.172663,2.376728,3.172663,2.376728,0.250000,1.000000,1.000000
18790.000000,3.160781,2.373249,-1.188228,-0.347896,0.000000,2.000000,0.000000,1.000000,0.000000,0.625143,1.411162,-0.460810,-1.333804,-0.358907,0.000000,0.000000,0.000000,65535.000000,4.089919,2.730868,3.160781,2.373249,3.160781,2.373249,0.250000,1.000000,1.000000
18800.000000,3.148441,2.369764,-1.233979,-0.348546,0.000000,2.000000,0.000000,1.000000,0.000000,0.625392,1.432356,-0.457619,-1.357288,-0.487071,0.000000,0.000000,0.000000,65535.000000,4.089919,2.730868,3.148441,2.369764,3.148441,2.369764,0.250000,1.000000,1.000000
18810.000000,3.135951,2.366419,-1.248987,-0.334466,0.000000,2.000000,0.000000,1.000000,0.000000,0.625392,1.473364,-0.455005,-1.401346,-0.484707,0.000000,0.000000,0.000000,65535.000000,4.089919,2.730868,3.135951,2.366419,3.135951,2.366419,0.250000,1.000000,1.000000
18820.000000,3.123243,2.363223,-1.270825,-0.319602,0.000000,2.000000,0.000000,1.000000,0.000000,0.625392,1.459429,-0.423305,-1.396691,-0.482365,0.000000,0.000000,0.000000,65535.000000,4.089919,2.730868,3.123243,2.363223,3.123243,2.363223,0.250000,1.000000,1.000000
18830.000000,3.110002,2.360012,-1.324127,-0.321064,0.000000,2.000000,0.000000,1.000000,0.000000,0.783773,1.440298,-0.380943,-1.389007,-0.790045,0.000000,0.000000,0.000000,65535.000000,4.089919,2.730868,3.110002,2.360012,3.110002,2.360012,0.250000,1.000000,1.000000
18840.000000,3.095576,2.356837,-1.442596,-0.317501,0.000000,2.000000,0.000000,1.000000,0.000000,0.766742,1.434831,-0.337269,-1.394629,-1.073717,0.000000,0.000000,0.000000,65535.000000,4.089919,2.730868,3.095576,2.356837,3.095576,2.356837,0.250000,1.000000,1.000000
18850.000000,3.080415,2.353954,-1.516033,-0.288332,0.000000,2.000000,0.000000,1.000000,0.000000,0.908017,1.473449,-0.270544,-1.448399,0.014166,0.000000,0.000000,0.000000,65535.000000,4.089919,2.730868,3.080415,2.353954,3.080415,2.353954,0.250000,1.000000,1.000000
18860.000000,3.064822,2.351104,-1.559274,-0.284933,0.000000,2.000000,0.000000,1.000000,0.000000,0.908017,1.488970,-0.196863,-1.475899,0.081677,0.000000,0.000000,0.000000,65535.000000,4.089919,2.730868,3.064822,2.351104,3.064822,2.351104,0.250000,1.000000,1.000000
18870.000000,3.049142,2.348301,-1.568060,-0.280378,0.000000,2.000000,0.000000,1.000000,0.000000,1.105954,1.487019,-0.154240,-1.478998,0.879777,0.000000,0.000000,0.000000,65535.000000,4.089919,2.730868,3.049142,2.348301,3.049142,2.348301,0.250000,1.000000,1.000000
18880.000000,3.033197,2.345714,-1.594518,-0.258627,0.000000,2.000000,0.000000,1.000000,0.000000,1.105954,1.470692,-0.128724,-1.465048,0.872097,0.000000,0.000000,0.000000,65535.000000,4.089919,2.730868,3.033197,2.345714,3.033197,2.345714,0.250000,1.000000,1.000000
18890.000000,3.017407,2.343276,-1.578939,-0.243857,0.000000,2.000000,0.000000,1.000000,0.000000,0.976413,1.494654,-0.105206,-1.490947,0.864549,0.000000,0.000000,0.000000,65535.000000,4.089919,2.730868,3.017407,2.343276,3.017407,2.343276,0.250000,1.000000,1.000000
18900.000000,3.001660,2.340880,-1.574723,-0.239586,0.000000,2.000000,0.000000,1.000000,0.000000,0.767300,1.496312,-0.087495,-1.493752,0.146906,0.000000,0.000000,0.000000,65535.000000,4.089919,2.730868,3.001660,2.340880,3.001660,2.340880,0.250000,1.000000,1.000000
18910.000000,2.986172,2.338524,-1.548810,-0.235553,0.000000,2.000000,0.000000,1.000000,0.000000,0.513480,1.495757,-0.083817,-1.493406,-0.608862,0.000000,0.000000,0.000000,65535.000000,4.089919,2.730868,2.986172,2.338524,2.986172,2.338524,0.250000,1.000000,1.000000
18920.000000,2.970689,2.336253,-1.548288,-0.227102,0.000000,2.000000,0.000000,1.000000,0.000000,0.470442,1.465516,-0.088101,-1.462866,-0.881194,0.000000,0.000000,0.000000,65535.000000,4.089919,2.730868,2.970689,2.336253,2.970689,2.336253,0.250000,1.000000,1.000000
18930.000000,2.955196,2.334063,-1.549305,-0.219041,0.000000,2.000000,0.000000,1.000000,0.000000,0.470442,1.474897,-0.097274,-1.471685,-0.873489,0.000000,0.000000,0.000000,65535.000000,4.089919,2.730868,2.955196,2.334063,2.955196,2.334063,0.250000,1.000000,1.000000
18940.000000,2.939407,2.331933,-1.578888,-0.212973,0.000000,2.000000,0.000000,1.000000,0.000000,0.456075,1.479262,-0.091784,-1.476411,-1.093003,0.000000,0.000000,0.000000,65535.000000,4.089919,2.730868,2.939407,2.331933,2.939407,2.331933,0.250000,1.000000,1.000000
18950.000000,2.923595,2.329918,-1.581226,-0.201550,0.000000,2.000000,0.000000,1.000000,0.000000,0.573327,1.506354,-0.081870,-1.504127,-0.519558,0.000000,0.000000,0.000000,65535.000000,4.089919,2.730868,2.923595,2.329918,2.923595,2.329918,0.250000,1.000000,1.000000
18960.000000,2.907674,2.327974,-1.592084,-0.194383,0.000000,2.000000,0.000000,1.000000,0.000000,0.574859,1.516493,-0.068587,-1.514941,-0.516870,0.000000,0.000000,0.000000,65535.000000,4.089919,2.730868,2.907674,2.327974,2.907674,2.327974,0.250000,1.000000,1.000000
18970.000000,2.891768,2.326084,-1.590558,-0.189018,0.000000,2.000000,0.000000,1.000000,0.000000,0.810823,1.537168,-0.058468,-1.536056,-0.514209,0.000000,0.000000,0.000000,65535.000000,4.089919,2.730868,2.891768,2.326084,2.891768,2.326084,0.250000,1.000000,1.000000
18980.000000,2.875654,2.324160,-1.611413,-0.192358,0.000000,2.000000,0.000000,1.000000,0.000000,0.420084,1.546978,-0.047022,-1.546263,-1.928104,0.000000,0.000000,0.000000,65535.000000,4.089919,2.730868,2.875654,2.324160,2.875654,2.324160,0.250000,1.000000,1.000000
18990.000000,2.859498,2.322165,-1.615656,-0.199466,0.000000,2.000000,0.000000,1.000000,0.000000,0.100308,1.573751,-0.041302,-1.573209,-2.878109,0.000000,0.000000,0.000000,65535.000000,4.089919,2.730868,2.859498,2.322165,2.859498,2.322165,0.250000,1.000000,1.000000
19000.000000,2.843386,2.320071,-1.611107,-0.209504,0.000000,2.000000,0.000000,1.000000,0.000000,0.493611,1.567187,-0.052183,-1.566318,-1.601601,0.000000,0.000000,0.000000,65535.000000,4.089919,2.730868,2.843386,2.320071,2.843386,2.320071,0.250000,1.000000,1.000000
19010.000000,2.827342,2.318017,-1.604496,-0.205313,0.000000,2.000000,0.000000,1.000000,0.000000,0.921289,1.552329,-0.062790,-1.551059,-0.710253,0.000000,0.000000,0.000000,65535.000000,4.089919,2.730868,2.827342,2.318017,2.827342,2.318017,0.250000,1.000000,1.000000
19020.000000,2.811182,2.316103,-1.616002,-0.191489,0.000000,2.000000,0.000000,1.000000,0.000000,0.917981,1.542414,-0.066031,-1.541000,-0.560993,0.000000,0.000000,0.000000,65535.000000,4.089919,2.730868,2.811182,2.316103,2.811182,2.316103,0.250000,1.000000,1.000000
19030.000000,2.794834,2.314468,-1.634723,-0.163479,0.000000,2.000000,0.000000,1.000000,0.000000,0.615636,1.572081,-0.047740,-1.571356,-0.044829,0.000000,0.000000,0.000000,65535.000000,4.089919,2.730868,2.794834,2.314468,2.794834,2.314468,0.250000,1.000000,1.000000
19040.000000,2.778342,2.313063,-1.649182,-0.140453,0.000000,2.000000,0.000000,1.000000,0.000000,0.950446,1.602114,-0.035854,-1.601713,-0.044809,0.000000,0.000000,0.000000,65535.000000,4.089919,2.730868,2.778342,2.313063,2.778342,2.313063,0.250000,1.000000,1.000000
19050.000000,2.762155,2.311966,-1.618712,-0.109714,0.000000,2.000000,0.000000,1.000000,0.000000,0.985039,1.624716,-0.027248,-1.624487,-0.206735,0.000000,0.000000,0.000000,65535.000000,4.089919,2.730868,2.762155,2.311966,2.762155,2.311966,0.250000,1.000000,1.000000
19060.000000,2.746378,2.310976,-1.577712,-0.099014,0.000000,2.000000,0.000000,1.000000,0.000000,0.553471,1.614361,-0.006917,-1.614346,-1.430303,0.000000,0.000000,0.000000,65535.000000,4.089919,2.730868,2.746378,2.310976,2.746378,2.310976,0.250000,1.000000,1.000000
19070.000000,2.730862,2.310182,-1.551633,-0.079364,0.000000,2.000000,0.000000,1.000000,0.000000,0.206688,1.615350,0.033045,-1.615012,-2.490846,0.000000,0.000000,0.000000,65535.000000,4.089919,2.730868,2.730862,2.310182,2.730862,2.310182,0.250000,1.000000,1.000000
19080.000000,2.714997,2.309461,-1.586493,-0.072119,0.000000,2.000000,0.000000,1.000000,0.000000,0.082981,1.622203,0.064123,-1.620935,-2.805086,0.000000,0.000000,0.000000,65535.000000,4.089919,2.730868,2.714997,2.309461,2.714997,2.309461,0.250000,1.000000,1.000000
19090.000000,2.699109,2.308852,-1.588766,-0.060905,0.000000,2.000000,0.000000,1.000000,0.000000,0.084544,1.680529,0.085823,-1.678336,-2.723719,0.000000,0.000000,0.000000,65535.000000,4.089919,2.730868,2.699109,2.308852,2.699109,2.308852,0.250000,1.000000,1.000000
19100.000000,2.683109,2.308399,-1.600012,-0.045260,0.000000,2.000000,0.000000,1.000000,0.000000,0.647219,1.719067,0.118773,-1.714959,-1.427698,0.000000,0.000000,0.000000,65535.000000,4.089919,2.730868,2.683109,2.308399,2.683109,2.308399,0.250000,1.000000,1.000000
19110.000000,2.667044,2.308031,-1.606515,-0.036831,0.000000,2.000000,0.000000,1.000000,0.000000,0.665525,1.762983,0.148164,-1.756746,-1.407582,0.000000,0.000000,0.000000,65535.000000,4.089919,2.730868,2.667044,2.308031,2.667044,2.308031,0.250000,1.000000,1.000000
19120.000000,2.650939,2.307617,-1.610530,-0.041408,0.000000,2.000000,0.000000,1.000000,0.000000,0.709525,1.773229,0.153779,-1.766549,0.645994,0.000000,0.000000,0.000000,65535.000000,4.089919,2.730868,2.650939,2.307617,2.650939,2.307617,0.250000,1.000000,1.000000
19130.000000,2.635054,2.307252,-1.588452,-0.036511,0.000000,2.000000,0.000000,1.000000,0.000000,0.747977,1.806062,0.176854,-1.797382,0.831148,0.000000,0.000000,0.000000,65535.000000,4.089919,2.730868,2.635054,2.307252,2.635054,2.307252,0.250000,1.000000,1.000000
19140.000000,2.619155,2.306994,-1.589973,-0.025787,0.000000,2.000000,0.000000,1.000000,0.000000,0.952144,1.798021,0.189060,-1.788054,1.237463,0.000000,0.000000,0.000000,65535.000000,4.089919,2.730868,2.619155,2.306994,2.619155,2.306994,0.250000,1.000000,1.000000
19150.000000,2.603450,2.306803,-1.570436,-0.019039,0.000000,2.000000,0.000000,1.000000,0.000000,0.952144,1.796538,0.190012,-1.786461,1.222322,0.000000,0.000000,0.000000,65535.000000,4.089919,2.730868,2.603450,2.306803,2.603450,2.306803,0.250000,1.000000,1.000000
19160.000000,2.587875,2.306545,-1.557534,-0.025869,0.000000,2.000000,0.000000,1.000000,0.000000,0.952144,1.787328,0.202372,-1.775834,1.207547,0.000000,0.000000,0.000000,65535.000000,4.089919,2.730868,2.587875,2.306545,2.587875,2.306545,0.250000,1.000000,1.000000
19170.000000,2.572511,2.306467,-1.536378,-0.007740,0.000000,2.000000,0.000000,1.000000,0.000000,0.578669,1.782184,0.202111,-1.770687,-0.053596,0.000000,0.000000,0.000000,65535.000000,4.089919,2.730868,2.572511,2.306467,2.572511,2.306467,0.250000,1.000000,1.000000
19180.000000,2.557038,2.306485,-1.547345,0.001773,0.000000,2.000000,0.000000,1.000000,0.000000,0.520777,1.724468,0.185594,-1.714452,-0.346291,0.000000,0.000000,0.000000,65535.000000,4.089919,2.730868,2.557038,2.306485,2.557038,2.306485,0.250000,1.000000,1.000000
19190.000000,2.541847,2.306242,-1.519083,-0.024234,0.000000,2.000000,0.000000,1.000000,0.000000,0.448416,1.701853,0.166294,-1.693709,-1.021672,0.000000,0.000000,0.000000,65535.000000,4.089919,2.730868,2.541847,2.306242,2.541847,2.306242,0.250000,1.000000,1.000000
19200.000000,2.526789,2.305862,-1.505784,-0.038044,0.000000,2.000000,0.000000,1.000000,0.000000,1.558522,1.676996,0.145938,-1.670634,3.787286,0.000000,0.000000,0.000000,65535.000000,4.089919,2.730868,2.526789,2.305862,2.526789,2.305862,0.250000,1.000000,1.000000
19210.000000,2.512226,2.305372,-1.456278,-0.048980,0.000000,2.000000,0.000000,1.000000,0.000000,1.558522,1.619141,0.103999,-1.615798,3.648952,0.000000,0.000000,0.000000,65535.000000,4.089919,2.730868,2.512226,2.305372,2.512226,2.305372,0.250000,1.000000,1.000000
19220.000000,2.497896,2.304939,-1.432992,-0.043364,0.000000,2.000000,0.000000,1.000000,0.000000,1.558522,1.524849,0.063201,-1.523539,3.520367,0.000000,0.000000,0.000000,65535.000000,4.089919,2.730868,2.497896,2.304939,2.497896,2.304939,0.250000,1.000000,1.000000
19230.000000,2.483711,2.304479,-1.418562,-0.045966,0.000000,2.000000,0.000000,1.000000,0.000000,0.812678,1.474985,0.038806,-1.474474,0.689091,0.000000,0.000000,0.000000,65535.000000,4.089919,2.730868,2.483711,2.304479,2.483711,2.304479,0.250000,1.000000,1.000000
19240.000000,2.469598,2.304070,-1.411242,-0.040843,0.000000,2.000000,0.000000,1.000000,0.000000,0.791768,1.435470,0.015322,-1.435388,0.343272,0.000000,0.000000,0.000000,65535.000000,4.089919,2.730868,2.469598,2.304070,2.469598,2.304070,0.250000,1.000000,1.000000
19250.000000,2.456149,2.303910,-1.344921,-0.016033,0.000000,2.000000,0.000000,1.000000,0.000000,1.004537,1.409323,-0.002369,-1.409321,0.342214,0.000000,0.000000,0.000000,65535.000000,4.089919,2.730868,2.456149,2.303910,2.456149,2.303910,0.250000,1.000000,1.000000
19260.000000,2.442799,2.303681,-1.334995,-0.022955,0.000000,2.000000,0.000000,1.000000,0.000000,1.023431,1.338188,0.006396,-1.338173,0.340929,0.000000,0.000000,0.000000,65535.000000,4.089919,2.730868,2.442799,2.303681,2.442799,2.303681,0.250000,1.000000,1.000000
19270.000000,2.429523,2.303463,-1.327654,-0.021735,0.000000,2.000000,0.000000,1.000000,0.000000,0.899141,1.335192,0.009816,-1.335156,-0.574735,0.000000,0.000000,0.000000,65535.000000,4.089919,2.730868,2.429523,2.303463,2.429523,2.303463,0.250000,1.000000,1.000000
19280.000000,2.416021,2.303290,-1.350114,-0.017292,0.000000,2.000000,0.000000,1.000000,0.000000,0.695779,1.327832,0.010606,-1.327790,-0.571448,0.000000,0.000000,0.000000,65535.000000,4.089919,2.730868,2.416021,2.303290,2.416021,2.303290,0.250000,1.000000,1.000000
19290.000000,2.402484,2.303220,-1.353707,-0.007082,0.000000,2.000000,0.000000,1.000000,0.000000,0.734457,1.350225,0.014363,-1.350148,-0.648468,0.000000,0.000000,0.000000,65535.000000,4.089919,2.730868,2.402484,2.303220,2.402484,2.303220,0.250000,1.000000,1.000000
19300.000000,2.389417,2.303769,-1.306714,0.054909,0.000000,2.000000,0.000000,1.000000,0.000000,0.667597,1.353726,0.022558,-1.353538,-0.995114,0.000000,0.000000,0.000000,65535.000000,4.089919,2.730868,2.389417,2.303769,2.389417,2.303769,0.250000,1.000000,1.000000
19310.000000,2.376698,2.304773,-1.271839,0.100448,0.000000,2.000000,0.000000,1.000000,0.000000,0.462535,1.307867,0.081891,-1.305301,-1.575949,0.000000,0.000000,0.000000,65535.000000,4.089919,2.730868,2.376698,2.304773,2.376698,2.304773,0.250000,1.000000,1.000000
19320.000000,2.363825,2.306190,-1.287374,0.141734,0.000000,2.000000,0.000000,1.000000,0.000000,0.224495,1.275799,0.126827,-1.269480,-2.227985,0.000000,0.000000,0.000000,65535.000000,4.089919,2.730868,2.363825,2.306190,2.363825,2.306190,0.250000,1.000000,1.000000
19330.000000,2.350990,2.307948,-1.283472,0.175758,0.000000,2.000000,0.000000,1.000000,0.000000,0.086258,1.295152,0.169465,-1.284018,-2.562612,0.000000,0.000000,0.000000,65535.000000,4.089919,2.730868,2.350990,2.307948,2.350990,2.307948,0.250000,1.000000,1.000000
19340.000000,2.337978,2.309924,-1.301232,0.197568,0.000000,2.000000,0.000000,1.000000,0.000000,0.086258,1.295450,0.204804,-1.279158,-2.498520,0.000000,0.000000,0.000000,65535.000000,4.089919,2.730868,2.337978,2.309924,2.337978,2.309924,0.250000,1.000000,1.000000
19350.000000,2.324975,2.311979,-1.300273,0.205530,0.000000,2.000000,0.000000,1.000000,0.000000,0.084989,1.316145,0.228465,-1.296164,-2.441043,0.000000,0.000000,0.000000,65535.000000,4.089919,2.730868,2.324975,2.311979,2.324975,2.311979,0.250000,1.000000,1.000000
19360.000000,2.311843,2.314050,-1.313226,0.207089,0.000000,2.000000,0.000000,1.000000,0.000000,0.140515,1.316416,0.237105,-1.294887,-2.231616,0.000000,0.000000,0.000000,65535.000000,4.089919,2.730868,2.311843,2.314050,2.311843,2.314050,0.250000,1.000000,1.000000
19370.000000,2.299080,2.316379,-1.276222,0.232875,0.000000,2.000000,0.000000,1.000000,0.000000,0.485857,1.329455,0.238484,-1.307889,-1.465326,0.000000,0.000000,0.000000,65535.000000,4.089919,2.730868,2.299080,2.316379,2.299080,2.316379,0.250000,1.000000,1.000000
19380.000000,2.286558,2.319212,-1.252259,0.283291,0.000000,2.000000,0.000000,1.000000,0.000000,0.745654,1.297294,0.262883,-1.270380,-0.406354,0.000000,0.000000,0.000000,65535.000000,4.089919,2.730868,2.286558,2.319212,2.286558,2.319212,0.250000,1.000000,1.000000
19390.000000,2.274141,2.322468,-1.241665,0.325576,0.000000,2.000000,0.000000,1.000000,0.000000,0.745654,1.283903,0.312539,-1.245281,-0.311851,0.000000,0.000000,0.000000,65535.000000,4.089919,2.730868,2.274141,2.322468,2.274141,2.322468,0.250000,1.000000,1.000000
19400.000000,2.261794,2.326052,-1.234664,0.358497,0.000000,2.000000,0.000000,1.000000,0.000000,1.185943,1.283640,0.353496,-1.234006,1.485220,0.000000,0.000000,0.000000,65535.000000,4.089919,2.730868,2.261794,2.326052,2.261794,2.326052,0.250000,1.000000,1.000000
19410.000000,2.249638,2.329829,-1.215635,0.377626,0.000000,2.000000,0.000000,1.000000,0.000000,1.185943,1.285657,0.385840,-1.226394,1.463463,0.000000,0.000000,0.000000,65535.000000,4.089919,2.730868,2.249638,2.329829,2.249638,2.329829,0.250000,1.000000,1.000000
19420.000000,2.237362,2.333907,-1.227612,0.407860,0.000000,2.000000,0.000000,1.000000,0.000000,1.162827,1.272937,0.405699,-1.206556,1.442334,0.000000,0.000000,0.000000,65535.000000,4.089919,2.730868,2.237362,2.333907,2.237362,2.333907,0.250000,1.000000,1.000000
19430.000000,2.224796,2.338025,-1.256598,0.411743,0.000000,2.000000,0.000000,1.000000,0.000000,0.617285,1.293593,0.438174,-1.217122,-0.166707,0.000000,0.000000,0.000000,65535.000000,4.089919,2.730868,2.224796,2.338025,2.224796,2.338025,0.250000,1.000000,1.000000
19440.000000,2.212150,2.342398,-1.264628,0.437355,0.000000,2.000000,0.000000,1.000000,0.000000,0.699580,1.322336,0.443720,-1.245666,0.468764,0.000000,0.000000,0.000000,65535.000000,4.089919,2.730868,2.212150,2.342398,2.212150,2.342398,0.250000,1.000000,1.000000
19450.000000,2.199918,2.347083,-1.223169,0.468488,0.000000,2.000000,0.000000,1.000000,0.000000,0.699580,1.338120,0.470024,-1.252853,0.466575,0.000000,0.000000,0.000000,65535.000000,4.089919,2.730868,2.199918,2.347083,2.199918,2.347083,0.250000,1.000000,1.000000
19460.000000,2.188017,2.352369,-1.190089,0.528557,0.000000,2.000000,0.000000,1.000000,0.000000,0.699580,1.309818,0.500567,-1.210395,0.464406,0.000000,0.000000,0.000000,65535.000000,4.089919,2.730868,2.188017,2.352369,2.188017,2.352369,0.250000,1.000000,1.000000
19470.000000,2.177485,2.357739,-1.053202,0.537046,0.000000,2.000000,0.000000,1.000000,0.000000,0.609356,1.302185,0.560538,-1.175365,-0.259692,0.000000,0.000000,0.000000,65535.000000,4.089919,2.730868,2.177485,2.357739,2.177485,2.357739,0.250000,1.000000,1.000000
19480.000000,2.167411,2.363510,-1.007425,0.577042,0.000000,2.000000,0.000000,1.000000,0.000000,1.034448,1.287961,0.641848,-1.116635,1.545238,0.000000,0.000000,0.000000,65535.000000,4.089919,2.730868,2.167411,2.363510,2.167411,2.363510,0.250000,1.000000,1.000000
19490.000000,2.157646,2.369310,-0.976432,0.580077,0.000000,2.000000,0.000000,1.000000,0.000000,1.085947,1.295433,0.702895,-1.088156,1.921888,0.000000,0.000000,0.000000,65535.000000,4.089919,2.730868,2.157646,2.369310,2.157646,2.369310,0.250000,1.000000,1.000000
19500.000000,2.148097,2.375132,-0.954963,0.582139,0.000000,2.000000,0.000000,1.000000,0.000000,1.085947,1.286711,0.718788,-1.067225,1.885612,0.000000,0.000000,0.000000,65535.000000,4.089919,2.730868,2.148097,2.375132,2.148097,2.375132,0.250000,1.000000,1.000000
19510.000000,2.138732,2.381226,-0.936482,0.609437,0.000000,2.000000,0.000000,1.000000,0.000000,0.836025,1.275959,0.724620,-1.050236,0.701179,0.000000,0.000000,0.000000,65535.000000,4.089919,2.730868,2.138732,2.381226,2.138732,2.381226,0.250000,1.000000,1.000000
19520.000000,2.129479,2.387973,-0.925287,0.674658,0.000000,2.000000,0.000000,1.000000,0.000000,1.103401,1.275630,0.750446,-1.031534,1.930110,0.000000,0.000000,0.000000,65535.000000,4.089919,2.730868,2.129479,2.387973,2.129479,2.387973,0.250000,1.000000,1.000000
19530.000000,2.120868,2.394985,-0.861079,0.701193,0.000000,2.000000,0.000000,1.000000,0.000000,1.148969,1.298717,0.810791,-1.014537,2.126228,0.000000,0.000000,0.000000,65535.000000,4.089919,2.730868,2.120868,2.394985,2.120868,2.394985,0.250000,1.000000,1.000000
19540.000000,2.113087,2.402155,-0.778140,0.717023,0.000000,2.000000,0.000000,1.000000,0.000000,1.148969,1.273442,0.840646,-0.956540,2.081918,0.000000,0.000000,0.000000,65535.000000,4.089919,2.730868,2.113087,2.402155,2.113087,2.402155,0.250000,1.000000,1.000000
19550.000000,2.105405,2.409640,-0.768199,0.748517,0.000000,2.000000,0.000000,1.000000,0.000000,0.866184,1.251394,0.872062,-0.897494,1.075176,0.000000,0.000000,0.000000,65535.000000,4.089919,2.730868,2.105405,2.409640,2.105405,2.409640,0.250000,1.000000,1.000000
19560.000000,2.097389,2.417567,-0.801608,0.792675,0.000000,2.000000,0.000000,1.000000,0.000000,1.446617,1.230125,0.876303,-0.863308,1.336054,0.000000,0.000000,0.000000,65535.000000,4.089919,2.730868,2.097389,2.417567,2.097389,2.417567,0.250000,1.000000,1.000000
19570.000000,2.089422,2.425563,-0.796686,0.799595,0.000000,2.000000,0.000000,1.000000,0.000000,1.446617,1.233547,0.886105,-0.858171,1.318422,0.000000,0.000000,0.000000,65535.000000,4.089919,2.730868,2.089422,2.425563,2.089422,2.425563,0.250000,1.000000,1.000000
19580.000000,2.081875,2.433482,-0.754670,0.791987,0.000000,2.000000,0.000000,1.000000,0.000000,1.446617,1.200564,0.870533,-0.826756,1.162396,0.000000,0.000000,0.000000,65535.000000,4.089919,2.730868,2.081875,2.433482,2.081875,2.433482,0.250000,1.000000,1.000000
19590.000000,2.074878,2.441434,-0.699689,0.795209,0.000000,2.000000,0.000000,1.000000,0.000000,0.877569,1.172108,0.868168,-0.787478,0.490252,0.000000,0.000000,0.000000,65535.000000,4.089919,2.730868,2.074878,2.441434,2.074878,2.441434,0.250000,1.000000,1.000000
19600.000000,2.067948,2.449910,-0.693031,0.847589,0.000000,2.000000,0.000000,1.000000,0.000000,0.877569,1.160085,0.888306,-0.746130,0.487858,0.000000,0.000000,0.000000,65535.000000,4.089919,2.730868,2.067948,2.449910,2.067948,2.449910,0.250000,1.000000,1.000000
19610.000000,2.061293,2.458537,-0.665542,0.862642,0.000000,2.000000,0.000000,1.000000,0.000000,0.877569,1.177102,0.930111,-0.721431,0.485487,0.000000,0.000000,0.000000,65535.000000,4.089919,2.730868,2.061293,2.458537,2.061293,2.458537,0.250000,1.000000,1.000000
19620.000000,2.054886,2.467440,-0.640704,0.890342,0.000000,2.000000,0.000000,1.000000,0.000000,0.649071,1.151935,0.930265,-0.679383,0.097407,0.000000,0.000000,0.000000,65535.000000,4.089919,2.730868,2.054886,2.467440,2.054886,2.467440,0.250000,1.000000,1.000000
19630.000000,2.048617,2.476700,-0.626864,0.926026,0.000000,2.000000,0.000000,1.000000,0.000000,1.121769,1.129394,0.934938,-0.633577,1.823058,0.000000,0.000000,0.000000,65535.000000,4.089919,2.730868,2.048617,2.476700,2.048617,2.476700,0.250000,1.000000,1.000000
19640.000000,2.042846,2.486166,-0.577093,0.946583,0.000000,2.000000,0.000000,1.000000,0.000000,1.121769,1.118250,0.945005,-0.597870,1.790386,0.000000,0.000000,0.000000,65535.000000,4.089919,2.730868,2.042846,2.486166,2.042846,2.486166,0.250000,1.000000,1.000000
19650.000000,2.037687,2.495756,-0.515910,0.958999,0.000000,2.000000,0.000000,1.000000,0.000000,0.984659,1.108627,0.960345,-0.553889,1.095629,0.000000,0.000000,0.000000,65535.000000,4.089919,2.730868,2.037687,2.495756,2.037687,2.495756,0.250000,1.000000,1.000000
19660.000000,2.032822,2.505484,-0.486497,0.972774,0.000000,2.000000,0.000000,1.000000,0.000000,0.837763,1.088964,0.968455,-0.497934,0.290203,0.000000,0.000000,0.000000,65535.000000,4.089919,2.730868,2.032822,2.505484,2.032822,2.505484,0.250000,1.000000,1.000000
19670.000000,2.028170,2.515312,-0.465217,0.982853,0.000000,2.000000,0.000000,1.000000,0.000000,0.818113,1.087644,0.981286,-0.469092,0.289362,0.000000,0.000000,0.000000,65535.000000,4.089919,2.730868,2.028170,2.515312,2.028170,2.515312,0.250000,1.000000,1.000000
19680.000000,2.023715,2.525188,-0.445489,0.987582,0.000000,2.000000,0.000000,1.000000,0.000000,0.806128,1.087395,0.991781,-0.445869,0.228007,0.000000,0.000000,0.000000,65535.000000,4.089919,2.730868,2.023715,2.525188,2.023715,2.525188,0.250000,1.000000,1.000000
19690.000000,2.019565,2.535222,-0.414998,1.003354,0.000000,2.000000,0.000000,1.000000,0.000000,1.120901,1.083411,0.997570,-0.422649,2.110514,0.000000,0.000000,0.000000,65535.000000,4.089919,2.730868,2.019565,2.535222,2.019565,2.535222,0.250000,1.000000,1.000000
19700.000000,2.015765,2.545891,-0.379951,1.066895,0.000000,2.000000,0.000000,1.000000,0.000000,1.120901,1.085792,1.014210,-0.387714,2.066849,0.000000,0.000000,0.000000,65535.000000,4.089919,2.730868,2.015765,2.545891,2.015765,2.545891,0.250000,1.000000,1.000000
19710.000000,2.012224,2.556839,-0.354167,1.094805,0.000000,2.000000,0.000000,1.000000,0.000000,1.120901,1.132531,1.078074,-0.346963,2.024955,0.000000,0.000000,0.000000,65535.000000,4.089919,2.730868,2.012224,2.556839,2.012224,2.556839,0.250000,1.000000,1.000000
19720.000000,2.008857,2.567610,-0.336657,1.077147,0.000000,2.000000,0.000000,1.000000,0.000000,1.010209,1.150666,1.105510,-0.319186,1.448834,0.000000,0.000000,0.000000,65535.000000,4.089919,2.730868,2.008857,2.567610,2.008857,2.567610,0.250000,1.000000,1.000000
19730.000000,2.005754,2.577943,-0.310292,1.033291,0.000000,2.000000,0.000000,1.000000,0.000000,1.010209,1.128532,1.086373,-0.305576,1.428122,0.000000,0.000000,0.000000,65535.000000,4.089919,2.730868,2.005754,2.577943,2.005754,2.577943,0.250000,1.000000,1.000000
19740.000000,2.002842,2.588376,-0.291253,1.043257,0.000000,2.000000,0.000000,1.000000,0.000000,1.019756,1.078875,1.040603,-0.284813,1.262907,0.000000,0.000000,0.000000,65535.000000,4.089919,2.730868,2.002842,2.588376,2.002842,2.588376,0.250000,1.000000,1.000000
19750.000000,2.000382,2.599375,-0.245956,1.099970,0.000000,2.000000,0.000000,1.000000,0.000000,1.019756,1.083150,1.049137,-0.269307,0.956944,0.000000,0.000000,0.000000,65535.000000,4.089919,2.730868,2.000382,2.599375,2.000382,2.599375,0.250000,1.000000,1.000000
19760.000000,1.998294,2.610856,-0.208785,1.148049,0.000000,2.000000,0.000000,1.000000,0.000000,0.780135,1.127132,1.104099,-0.226701,0.434901,0.000000,0.000000,0.000000,65535.000000,4.089919,2.730868,1.998294,2.610856,1.998294,2.610856,0.250000,1.000000,1.000000
19770.000000,1.996257,2.622120,-0.203782,1.126398,0.000000,2.000000,0.000000,1.000000,0.000000,1.117712,1.166880,1.150930,-0.192270,0.105820,0.000000,0.000000,0.000000,65535.000000,4.089919,2.730868,1.996257,2.622120,1.996257,2.622120,0.250000,1.000000,1.000000
19780.000000,1.994365,2.633467,-0.189201,1.134683,0.000000,2.000000,0.000000,1.000000,0.000000,1.172469,1.144683,1.129308,-0.186982,0.105708,0.000000,0.000000,0.000000,65535.000000,4.089919,2.730868,1.994365,2.633467,1.994365,2.633467,0.250000,1.000000,1.000000
19790.000000,1.992721,2.644970,-0.164404,1.150299,0.000000,2.000000,0.000000,1.000000,0.000000,0.495767,1.150349,1.137622,-0.170639,-1.606326,0.000000,0.000000,0.000000,65535.000000,4.089919,2.730868,1.992721,2.644970,1.992721,2.644970,0.250000,1.000000,1.000000
19800.000000,1.991042,2.656512,-0.167903,1.154228,0.000000,2.000000,0.000000,1.000000,0.000000,0.353485,1.161989,1.153195,-0.142683,-1.937046,0.000000,0.000000,0.000000,65535.000000,4.089919,2.730868,1.991042,2.656512,1.991042,2.656512,0.250000,1.000000,1.000000
19810.000000,1.989183,2.667841,-0.185824,1.132951,0.000000,2.000000,0.000000,1.000000,0.000000,0.541082,1.166376,1.157523,-0.143440,-1.642315,0.000000,0.000000,0.000000,65535.000000,4.089919,2.730868,1.989183,2.667841,1.989183,2.667841,0.250000,1.000000,1.000000
19820.000000,1.987411,2.679283,-0.177192,1.144159,0.000000,2.000000,0.000000,1.000000,0.000000,0.984104,1.148090,1.136627,-0.161825,-0.270311,0.000000,0.000000,0.000000,65535.000000,4.089919,2.730868,1.987411,2.679283,1.987411,2.679283,0.250000,1.000000,1.000000
19830.000000,1.985907,2.690890,-0.150417,1.160679,0.000000,2.000000,0.000000,1.000000,0.000000,0.854527,1.157799,1.147350,-0.155193,0.157290,0.000000,0.000000,0.000000,65535.000000,4.089919,2.730868,1.985907,2.690890,1.985907,2.690890,0.250000,1.000000,1.000000
19840.000000,1.984672,2.702737,-0.123561,1.184701,0.000000,2.000000,0.000000,1.000000,0.000000,0.854527,1.170385,1.163093,-0.130442,0.157043,0.000000,0.000000,0.000000,65535.000000,4.089919,2.730868,1.984672,2.702737,1.984672,2.702737,0.250000,1.000000,1.000000
19850.000000,1.983804,2.714655,-0.086799,1.191830,0.000000,2.000000,0.000000,1.000000,0.000000,0.612368,1.191127,1.186499,-0.104906,-0.523238,0.000000,0.000000,0.000000,65535.000000,4.089919,2.730868,1.983804,2.714655,1.983804,2.714655,0.250000,1.000000,1.000000
19860.000000,1.983129,2.726787,-0.067493,1.213144,0.000000,2.000000,0.000000,1.000000,0.000000,1.039177,1.194986,1.193019,-0.068548,0.567827,0.000000,0.000000,0.000000,65535.000000,4.089919,2.730868,1.983129,2.726787,1.983129,2.726787,0.250000,1.000000,1.000000
19870.000000,1.982338,2.738830,-0.079064,1.204299,0.000000,2.000000,0.000000,1.000000,0.000000,1.039177,1.215020,1.214032,-0.048981,0.564618,0.000000,0.000000,0.000000,65535.000000,4.089919,2.730868,1.982338,2.738830,1.982338,2.738830,0.250000,1.000000,1.000000
19880.000000,1.981612,2.750984,-0.072568,1.215402,0.000000,2.000000,0.000000,1.000000,0.000000,1.051664,1.206892,1.205345,-0.061092,1.077740,0.000000,0.000000,0.000000,65535.000000,4.089919,2.730868,1.981612,2.750984,1.981612,2.750984,0.250000,1.000000,1.000000
19890.000000,1.981016,2.763083,-0.059627,1.209921,0.000000,2.000000,0.000000,1.000000,0.000000,1.051664,1.217567,1.216366,-0.054054,1.066237,0.000000,0.000000,0.000000,65535.000000,4.089919,2.730868,1.981016,2.763083,1.981016,2.763083,0.250000,1.000000,1.000000
19900.000000,1.980534,2.775254,-0.048206,1.217105,0.000000,2.000000,0.000000,1.000000,0.000000,1.051664,1.211389,1.210703,-0.040771,1.054977,0.000000,0.000000,0.000000,65535.000000,4.089919,2.730868,1.980534,2.775254,1.980534,2.775254,0.250000,1.000000,1.000000
19910.000000,1.980211,2.787536,-0.032293,1.228194,0.000000,2.000000,0.000000,1.000000,0.000000,0.968824,1.218060,1.217694,-0.029858,0.897165,0.000000,0.000000,0.000000,65535.000000,4.089919,2.730868,1.980211,2.787536,1.980211,2.787536,0.250000,1.000000,1.000000
19920.000000,1.980020,2.800135,-0.019088,1.259898,0.000000,2.000000,0.000000,1.000000,0.000000,0.968824,1.228619,1.228528,-0.014887,0.889180,0.000000,0.000000,0.000000,65535.000000,4.089919,2.730868,1.980020,2.800135,1.980020,2.800135,0.250000,1.000000,1.000000
19930.000000,1.979834,2.812568,-0.018580,1.243269,0.000000,2.000000,0.000000,1.000000,0.000000,0.813036,1.260043,1.260042,-0.001558,0.594971,0.000000,0.000000,0.000000,65535.000000,4.089919,2.730868,1.979834,2.812568,1.979834,2.812568,0.250000,1.000000,1.000000
19940.000000,1.979668,2.824990,-0.016589,1.242244,0.000000,2.000000,0.000000,1.000000,0.000000,0.813036,1.243408,1.243408,-0.000957,0.591448,0.000000,0.000000,0.000000,65535.000000,4.089919,2.730868,1.979668,2.824990,1.979668,2.824990,0.250000,1.000000,1.000000
19950.000000,1.979590,2.837440,-0.007862,1.244989,0.000000,2.000000,0.000000,1.000000,0.000000,0.813036,1.242355,1.242354,0.000791,0.587967,0.000000,0.000000,0.000000,65535.000000,4.089919,2.730868,1.979590,2.837440,1.979590,2.837440,0.250000,1.000000,1.000000
19960.000000,1.979755,2.850099,0.016548,1.265894,0.000000,2.000000,0.000000,1.000000,0.000000,1.068562,1.245014,1.244978,0.009446,-1.520189,0.000000,0.000000,0.000000,65535.000000,4.089919,2.730868,1.979755,2.850099,1.979755,2.850099,0.250000,1.000000,1.000000
19970.000000,1.980135,2.862769,0.037952,1.266989,0.000000,2.000000,0.000000,1.000000,0.000000,0.618645,1.266002,1.265562,0.033372,-1.731731,0.000000,0.000000,0.000000,65535.000000,4.089919,2.730868,1.980135,2.862769,1.980135,2.862769,0.250000,1.000000,1.000000
19980.000000,1.980583,2.875268,0.044778,1.249917,0.000000,2.000000,0.000000,1.000000,0.000000,0.564981,1.267558,1.266425,0.053576,-1.445040,0.000000,0.000000,0.000000,65535.000000,4.089919,2.730868,1.980583,2.875268,1.980583,2.875268,0.250000,1.000000,1.000000
19990.000000,1.981019,2.887635,0.043669,1.236745,0.000000,2.000000,0.000000,1.000000,0.000000,0.564981,1.250719,1.249290,0.059778,-1.424436,0.000000,0.000000,0.000000,65535.000000,4.089919,2.730868,1.981019,2.887635,1.981019,2.887635,0.250000,1.000000,1.000000
20000.000000,1.981525,2.899700,0.050595,1.206474,0.000000,2.000000,0.000000,1.000000,0.000000,0.564981,1.237515,1.236152,0.058071,-1.404411,0.000000,0.000000,0.000000,65535.000000,4.089919,2.730868,1.981525,2.899700,1.981525,2.899700,0.250000,1.000000,1.000000
20010.000000,1.982294,2.911424,0.076904,1.172428,0.000000,2.000000,0.000000,1.000000,0.000000,0.475294,1.207534,1.205841,0.063917,-1.620465,0.000000,0.000000,0.000000,65535.000000,4.089919,2.730868,1.982294,2.911424,1.982294,2.911424,0.250000,1.000000,1.000000
20020.000000,1.983270,2.923070,0.097626,1.164597,0.000000,2.000000,0.000000,1.000000,0.000000,0.297254,1.174948,1.171529,0.089563,-2.054292,0.000000,0.000000,0.000000,65535.000000,4.089919,2.730868,1.983270,2.923070,1.983270,2.923070,0.250000,1.000000,1.000000
20030.000000,1.984498,2.934727,0.122739,1.165701,0.000000,2.000000,0.000000,1.000000,0.000000,0.297254,1.168682,1.163546,0.109445,-2.012900,0.000000,0.000000,0.000000,65535.000000,4.089919,2.730868,1.984498,2.934727,1.984498,2.934727,0.250000,1.000000,1.000000
20040.000000,1.985970,2.946424,0.147262,1.169680,0.000000,2.000000,0.000000,1.000000,0.000000,0.291831,1.172145,1.164532,0.133371,-1.987054,0.000000,0.000000,0.000000,65535.000000,4.089919,2.730868,1.985970,2.946424,1.985970,2.946424,0.250000,1.000000,1.000000
20050.000000,1.987537,2.957685,0.156701,1.126128,0.000000,2.000000,0.000000,1.000000,0.000000,0.291831,1.178913,1.168409,0.157022,-1.948302,0.000000,0.000000,0.000000,65535.000000,4.089919,2.730868,1.987537,2.957685,1.987537,2.957685,0.250000,1.000000,1.000000
20060.000000,1.989180,2.968634,0.164242,1.094854,0.000000,2.000000,0.000000,1.000000,0.000000,0.321047,1.136978,1.124993,0.164651,-1.837399,0.000000,0.000000,0.000000,65535.000000,4.089919,2.730868,1.989180,2.968634,1.989180,2.968634,0.250000,1.000000,1.000000
20070.000000,1.991020,2.979334,0.184057,1.069978,0.000000,2.000000,0.000000,1.000000,0.000000,0.879199,1.107105,1.093756,0.171403,-1.076273,0.000000,0.000000,0.000000,65535.000000,4.089919,2.730868,1.991020,2.979334,1.991020,2.979334,0.250000,1.000000,1.000000
20080.000000,1.993142,2.989954,0.212143,1.061997,0.000000,2.000000,0.000000,1.000000,0.000000,0.676552,1.085693,1.068688,0.191402,-0.280712,0.000000,0.000000,0.000000,65535.000000,4.089919,2.730868,1.993142,2.989954,1.993142,2.989954,0.250000,1.000000,1.000000
20090.000000,1.995386,3.000423,0.224379,1.047002,0.000000,2.000000,0.000000,1.000000,0.000000,0.676552,1.082978,1.060493,0.219535,-0.279925,0.000000,0.000000,0.000000,65535.000000,4.089919,2.730868,1.995386,3.000423,1.995386,3.000423,0.250000,1.000000,1.000000
20100.000000,1.997698,3.010590,0.231282,1.016688,0.000000,2.000000,0.000000,1.000000,0.000000,0.432769,1.070775,1.045648,0.230605,-1.022410,0.000000,0.000000,0.000000,65535.000000,4.089919,2.730868,1.997698,3.010590,1.997698,3.010590,0.250000,1.000000,1.000000
20110.000000,2.000069,3.020322,0.237062,0.973186,0.000000,2.000000,0.000000,1.000000,0.000000,0.428388,1.042663,1.015597,0.236024,-1.012051,0.000000,0.000000,0.000000,65535.000000,4.089919,2.730868,2.000069,3.020322,2.000069,3.020322,0.250000,1.000000,1.000000
20120.000000,2.002540,3.029806,0.247089,0.948371,0.000000,2.000000,0.000000,1.000000,0.000000,0.208169,1.001643,0.972285,0.240729,-1.746301,0.000000,0.000000,0.000000,65535.000000,4.089919,2.730868,2.002540,3.029806,2.002540,3.029806,0.250000,1.000000,1.000000
20130.000000,2.005083,3.038929,0.254311,0.912288,0.000000,2.000000,0.000000,1.000000,0.000000,0.961910,0.980030,0.947654,0.249822,0.561148,0.000000,0.000000,0.000000,65535.000000,4.089919,2.730868,2.005083,3.038929,2.005083,3.038929,0.250000,1.000000,1.000000
20140.000000,2.007822,3.047918,0.273846,0.898919,0.000000,2.000000,0.000000,1.000000,0.000000,0.991275,0.947071,0.911595,0.256784,0.558014,0.000000,0.000000,0.000000,65535.000000,4.089919,2.730868,2.007822,3.047918,2.007822,3.047918,0.250000,1.000000,1.000000
20150.000000,2.010775,3.056681,0.295313,0.876301,0.000000,2.000000,0.000000,1.000000,0.000000,0.991275,0.939706,0.898614,0.274844,0.554914,0.000000,0.000000,0.000000,65535.000000,4.089919,2.730868,2.010775,3.056681,2.010775,3.056681,0.250000,1.000000,1.000000
20160.000000,2.014009,3.065170,0.323384,0.848869,0.000000,2.000000,0.000000,1.000000,0.000000,0.967880,0.924723,0.876905,0.293515,-0.045954,0.000000,0.000000,0.000000,65535.000000,4.089919,2.730868,2.014009,3.065170,2.014009,3.065170,0.250000,1.000000,1.000000
20170.000000,2.017382,3.073059,0.337328,0.788981,0.000000,2.000000,0.000000,1.000000,0.000000,1.256317,0.908381,0.849837,0.320832,1.160056,0.000000,0.000000,0.000000,65535.000000,4.089919,2.730868,2.017382,3.073059,2.017382,3.073059,0.250000,1.000000,1.000000
20180.000000,2.020669,3.080622,0.328698,0.756236,0.000000,2.000000,0.000000,1.000000,0.000000,1.256317,0.858069,0.790037,0.334848,1.580259,0.000000,0.000000,0.000000,65535.000000,4.089919,2.730868,2.020669,3.080622,2.020669,3.080622,0.250000,1.000000,1.000000
20190.000000,2.023968,3.087994,0.329893,0.737216,0.000000,2.000000,0.000000,1.000000,0.000000,1.284659,0.824582,0.757900,0.324843,2.155095,0.000000,0.000000,0.000000,65535.000000,4.089919,2.730868,2.023968,3.087994,2.023968,3.087994,0.250000,1.000000,1.000000
20200.000000,2.027661,3.095237,0.369242,0.724345,0.000000,2.000000,0.000000,1.000000,0.000000,1.638740,0.807662,0.738822,0.326282,3.266351,0.000000,0.000000,0.000000,65535.000000,4.089919,2.730868,2.027661,3.095237,2.027661,3.095237,0.250000,1.000000,1.000000
20210.000000,2.031625,3.101974,0.396439,0.673656,0.000000,2.000000,0.000000,1.000000,0.000000,1.638740,0.813029,0.726453,0.365077,3.162935,0.000000,0.000000,0.000000,65535.000000,4.089919,2.730868,2.031625,3.101974,2.031625,3.101974,0.250000,1.000000,1.000000
20220.000000,2.035734,3.108193,0.410938,0.621940,0.000000,2.000000,0.000000,1.000000,0.000000,1.333316,0.781650,0.677642,0.389586,2.177307,0.000000,0.000000,0.000000,65535.000000,4.089919,2.730868,2.035734,3.108193,2.035734,3.108193,0.250000,1.000000,1.000000
20230.000000,2.039670,3.114055,0.393518,0.586144,0.000000,2.000000,0.000000,1.000000,0.000000,1.232376,0.745439,0.627391,0.402566,2.130866,0.000000,0.000000,0.000000,65535.000000,4.089919,2.730868,2.039670,3.114055,2.039670,3.114055,0.250000,1.000000,1.000000
20240.000000,2.043143,3.119659,0.347308,0.560478,0.000000,2.000000,0.000000,1.000000,0.000000,1.143280,0.705989,0.591303,0.385722,1.880257,0.000000,0.000000,0.000000,65535.000000,4.089919,2.730868,2.043143,3.119659,2.043143,3.119659,0.250000,1.000000,1.000000
20250.000000,2.046592,3.124959,0.344982,0.529934,0.000000,2.000000,0.000000,1.000000,0.000000,1.143280,0.659362,0.565219,0.339537,1.845521,0.000000,0.000000,0.000000,65535.000000,4.089919,2.730868,2.046592,3.124959,2.046592,3.124959,0.250000,1.000000,1.000000
20260.000000,2.050488,3.130138,0.389575,0.517888,0.000000,2.000000,0.000000,1.000000,0.000000,1.143280,0.632331,0.534811,0.337372,1.812046,0.000000,0.000000,0.000000,65535.000000,4.089919,2.730868,2.050488,3.130138,2.050488,3.130138,0.250000,1.000000,1.000000
20270.000000,2.054917,3.135268,0.442891,0.513080,0.000000,2.000000,0.000000,1.000000,0.000000,1.195671,0.648056,0.523336,0.382225,1.849753,0.000000,0.000000,0.000000,65535.000000,4.089919,2.730868,2.054917,3.135268,2.054917,3.135268,0.250000,1.000000,1.000000
20280.000000,2.059803,3.140255,0.488627,0.498700,0.000000,2.000000,0.000000,1.000000,0.000000,1.195671,0.677793,0.519562,0.435268,1.816125,0.000000,0.000000,0.000000,65535.000000,4.089919,2.730868,2.059803,3.140255,2.059803,3.140255,0.250000,1.000000,1.000000
20290.000000,2.065202,3.144888,0.539913,0.463219,0.000000,2.000000,0.000000,1.000000,0.000000,1.195671,0.698182,0.506123,0.480933,1.783699,0.000000,0.000000,0.000000,65535.000000,4.089919,2.730868,2.065202,3.144888,2.065202,3.144888,0.250000,1.000000,1.000000
20300.000000,2.070665,3.149215,0.546272,0.432740,0.000000,2.000000,0.000000,1.000000,0.000000,0.979286,0.711392,0.471048,0.533097,0.990881,0.000000,0.000000,0.000000,65535.000000,4.089919,2.730868,2.070665,3.149215,2.070665,3.149215,0.250000,1.000000,1.000000
20310.000000,2.076032,3.153431,0.536739,0.421582,0.000000,2.000000,0.000000,1.000000,0.000000,0.979286,0.696906,0.441006,0.539621,0.981149,0.000000,0.000000,0.000000,65535.000000,4.089919,2.730868,2.076032,3.153431,2.076032,3.153431,0.250000,1.000000,1.000000
20320.000000,2.081303,3.157589,0.527027,0.415794,0.000000,2.000000,0.000000,1.000000,0.000000,0.587411,0.682510,0.431066,0.529153,-0.483242,0.000000,0.000000,0.000000,65535.000000,4.089919,2.730868,2.081303,3.157589,2.081303,3.157589,0.250000,1.000000,1.000000
20330.000000,2.086520,3.161569,0.521790,0.398062,0.000000,2.000000,0.000000,1.000000,0.000000,0.633806,0.671298,0.426271,0.518589,-0.480916,0.000000,0.000000,0.000000,65535.000000,4.089919,2.730868,2.086520,3.161569,2.086520,3.161569,0.250000,1.000000,1.000000
20340.000000,2.091908,3.165480,0.538796,0.391063,0.000000,2.000000,0.000000,1.000000,0.000000,0.633806,0.656291,0.409588,0.512792,-0.534155,0.000000,0.000000,0.000000,65535.000000,4.089919,2.730868,2.091908,3.165480,2.091908,3.165480,0.250000,1.000000,1.000000
20350.000000,2.097542,3.169448,0.563328,0.396772,0.000000,2.000000,0.000000,1.000000,0.000000,0.519792,0.665756,0.403924,0.529222,-0.914641,0.000000,0.000000,0.000000,65535.000000,4.089919,2.730868,2.097542,3.169448,2.097542,3.169448,0.250000,1.000000,1.000000
20360.000000,2.103225,3.173350,0.568371,0.390191,0.000000,2.000000,0.000000,1.000000,0.000000,0.568816,0.689033,0.410915,0.553096,-0.502937,0.000000,0.000000,0.000000,65535.000000,4.089919,2.730868,2.103225,3.173350,2.103225,3.173350,0.250000,1.000000,1.000000
20370.000000,2.108667,3.176855,0.544132,0.350503,0.000000,2.000000,0.000000,1.000000,0.000000,0.568816,0.689416,0.404739,0.558105,-0.500418,0.000000,0.000000,0.000000,65535.000000,4.089919,2.730868,2.108667,3.176855,2.108667,3.176855,0.250000,1.000000,1.000000
20380.000000,2.114220,3.180085,0.555276,0.323021,0.000000,2.000000,0.000000,1.000000,0.000000,0.568816,0.647250,0.364310,0.534987,-0.497924,0.000000,0.000000,0.000000,65535.000000,4.089919,2.730868,2.114220,3.180085,2.114220,3.180085,0.250000,1.000000,1.000000
20390.000000,2.120084,3.183116,0.586417,0.303172,0.000000,2.000000,0.000000,1.000000,0.000000,0.279029,0.642397,0.336869,0.546986,-1.624782,0.000000,0.000000,0.000000,65535.000000,4.089919,2.730868,2.120084,3.183116,2.120084,3.183116,0.250000,1.000000,1.000000
20400.000000,2.126138,3.186049,0.605414,0.293249,0.000000,2.000000,0.000000,1.000000,0.000000,0.321496,0.660149,0.318058,0.578478,-1.598779,0.000000,0.000000,0.000000,65535.000000,4.089919,2.730868,2.126138,3.186049,2.126138,3.186049,0.250000,1.000000,1.000000
20410.000000,2.132285,3.188870,0.614744,0.282075,0.000000,2.000000,0.000000,1.000000,0.000000,0.262549,0.672697,0.309779,0.597125,-1.956309,0.000000,0.000000,0.000000,65535.000000,4.089919,2.730868,2.132285,3.188870,2.132285,3.188870,0.250000,1.000000,1.000000
20420.000000,2.138833,3.191674,0.654792,0.280441,0.000000,2.000000,0.000000,1.000000,0.000000,0.177093,0.676370,0.300771,0.605817,-2.107450,0.000000,0.000000,0.000000,65535.000000,4.089919,2.730868,2.138833,3.191674,2.138833,3.191674,0.250000,1.000000,1.000000
20430.000000,2.145808,3.194500,0.697445,0.282557,0.000000,2.000000,0.000000,1.000000,0.000000,0.271420,0.712320,0.302436,0.644929,-1.924400,0.000000,0.000000,0.000000,65535.000000,4.089919,2.730868,2.145808,3.194500,2.145808,3.194500,0.250000,1.000000,1.000000
20440.000000,2.152921,3.197075,0.711313,0.257512,0.000000,2.000000,0.000000,1.000000,0.000000,0.402937,0.752508,0.307384,0.686865,-1.530959,0.000000,0.000000,0.000000,65535.000000,4.089919,2.730868,2.152921,3.197075,2.152921,3.197075,0.250000,1.000000,1.000000
20450.000000,2.159725,3.199142,0.680443,0.206730,0.000000,2.000000,0.000000,1.000000,0.000000,0.405610,0.756491,0.282944,0.701585,-1.504212,0.000000,0.000000,0.000000,65535.000000,4.089919,2.730868,2.159725,3.199142,2.159725,3.199142,0.250000,1.000000,1.000000
20460.000000,2.166587,3.200865,0.686169,0.172289,0.000000,2.000000,0.000000,1.000000,0.000000,0.405610,0.711154,0.230646,0.672712,-1.481899,0.000000,0.000000,0.000000,65535.000000,4.089919,2.730868,2.166587,3.200865,2.166587,3.200865,0.250000,1.000000,1.000000
20470.000000,2.173712,3.202328,0.712494,0.146314,0.000000,2.000000,0.000000,1.000000,0.000000,0.375623,0.707468,0.195918,0.679799,-1.525612,0.000000,0.000000,0.000000,65535.000000,4.089919,2.730868,2.173712,3.202328,2.173712,3.202328,0.250000,1.000000,1.000000
20480.000000,2.181155,3.203516,0.744323,0.118799,0.000000,2.000000,0.000000,1.000000,0.000000,0.210447,0.727362,0.171324,0.706897,-1.858649,0.000000,0.000000,0.000000,65535.000000,4.089919,2.730868,2.181155,3.203516,2.181155,3.203516,0.250000,1.000000,1.000000
20490.000000,2.188679,3.204575,0.752422,0.105872,0.000000,2.000000,0.000000,1.000000,0.000000,0.166744,0.753744,0.146410,0.739388,-1.916655,0.000000,0.000000,0.000000,65535.000000,4.089919,2.730868,2.188679,3.204575,2.188679,3.204575,0.250000,1.000000,1.000000
20500.000000,2.196443,3.205647,0.776330,0.107201,0.000000,2.000000,0.000000,1.000000,0.000000,0.664619,0.759834,0.135692,0.747620,-1.305827,0.000000,0.000000,0.000000,65535.000000,4.089919,2.730868,2.196443,3.205647,2.196443,3.205647,0.250000,1.000000,1.000000
20510.000000,2.204805,3.206853,0.836247,0.120562,0.000000,2.000000,0.000000,1.000000,0.000000,1.157939,0.783697,0.138925,0.771285,-1.153864,0.000000,0.000000,0.000000,65535.000000,4.089919,2.730868,2.204805,3.206853,2.204805,3.206853,0.250000,1.000000,1.000000
20520.000000,2.213554,3.208096,0.874879,0.124358,0.000000,2.000000,0.000000,1.000000,0.000000,0.334592,0.844893,0.154649,0.830619,-1.140688,0.000000,0.000000,0.000000,65535.000000,4.089919,2.730868,2.213554,3.208096,2.213554,3.208096,0.250000,1.000000,1.000000
20530.000000,2.222032,3.209066,0.847787,0.096936,0.000000,2.000000,0.000000,1.000000,0.000000,0.831107,0.883673,0.159724,0.869118,0.345599,0.000000,0.000000,0.000000,65535.000000,4.089919,2.730868,2.222032,3.209066,2.222032,3.209066,0.250000,1.000000,1.000000
20540.000000,2.230543,3.209866,0.851138,0.080024,0.000000,2.000000,0.000000,1.000000,0.000000,0.831107,0.853311,0.131437,0.843128,0.344407,0.000000,0.000000,0.000000,65535.000000,4.089919,2.730868,2.230543,3.209866,2.230543,3.209866,0.250000,1.000000,1.000000
20550.000000,2.239192,3.210529,0.864893,0.066286,0.000000,2.000000,0.000000,1.000000,0.000000,0.831107,0.854892,0.114722,0.847159,0.343223,0.000000,0.000000,0.000000,65535.000000,4.089919,2.730868,2.239192,3.210529,2.239192,3.210529,0.250000,1.000000,1.000000
20560.000000,2.248071,3.211123,0.887856,0.059383,0.000000,2.000000,0.000000,1.000000,0.000000,0.769556,0.867429,0.102497,0.861352,0.134170,0.000000,0.000000,0.000000,65535.000000,4.089919,2.730868,2.248071,3.211123,2.248071,3.211123,0.250000,1.000000,1.000000
20570.000000,2.257098,3.211853,0.902768,0.073008,0.000000,2.000000,0.000000,1.000000,0.000000,0.738690,0.889839,0.096954,0.884542,0.045310,0.000000,0.000000,0.000000,65535.000000,4.089919,2.730868,2.257098,3.211853,2.257098,3.211853,0.250000,1.000000,1.000000
20580.000000,2.266624,3.212822,0.952585,0.096926,0.000000,2.000000,0.000000,1.000000,0.000000,0.489364,0.905715,0.111868,0.898780,-0.641640,0.000000,0.000000,0.000000,65535.000000,4.089919,2.730868,2.266624,3.212822,2.266624,3.212822,0.250000,1.000000,1.000000
20590.000000,2.276343,3.213696,0.971836,0.087433,0.000000,2.000000,0.000000,1.000000,0.000000,0.525554,0.957503,0.138036,0.947501,-0.572480,0.000000,0.000000,0.000000,65535.000000,4.089919,2.730868,2.276343,3.213696,2.276343,3.213696,0.250000,1.000000,1.000000
20600.000000,2.286052,3.214138,0.970960,0.044184,0.000000,2.000000,0.000000,1.000000,0.000000,0.562161,0.975761,0.129897,0.967076,-0.437154,0.000000,0.000000,0.000000,65535.000000,4.089919,2.730868,2.286052,3.214138,2.286052,3.214138,0.250000,1.000000,1.000000
20610.000000,2.295851,3.214438,0.979899,0.030023,0.000000,2.000000,0.000000,1.000000,0.000000,0.562161,0.971964,0.086953,0.968067,-0.435250,0.000000,0.000000,0.000000,65535.000000,4.089919,2.730868,2.295851,3.214438,2.295851,3.214438,0.250000,1.000000,1.000000
20620.000000,2.305846,3.214710,0.999450,0.027262,0.000000,2.000000,0.000000,1.000000,0.000000,0.569393,0.980359,0.073016,0.977636,-0.246043,0.000000,0.000000,0.000000,65535.000000,4.089919,2.730868,2.305846,3.214710,2.305846,3.214710,0.250000,1.000000,1.000000
20630.000000,2.316004,3.215036,1.015851,0.032565,0.000000,2.000000,0.000000,1.000000,0.000000,0.572997,0.999821,0.071002,0.997297,-0.245439,0.000000,0.000000,0.000000,65535.000000,4.089919,2.730868,2.316004,3.215036,2.316004,3.215036,0.250000,1.000000,1.000000
20640.000000,2.326590,3.215434,1.058559,0.039734,0.000000,2.000000,0.000000,1.000000,0.000000,0.573258,1.016373,0.076307,1.013505,-0.529329,0.000000,0.000000,0.000000,65535.000000,4.089919,2.730868,2.326590,3.215434,2.326590,3.215434,0.250000,1.000000,1.000000
20650.000000,2.337468,3.215939,1.087820,0.050560,0.000000,2.000000,0.000000,1.000000,0.000000,0.573258,1.059305,0.085452,1.055853,-0.526540,0.000000,0.000000,0.000000,65535.000000,4.089919,2.730868,2.337468,3.215939,2.337468,3.215939,0.250000,1.000000,1.000000
20660.000000,2.348424,3.216236,1.095610,0.029700,0.000000,2.000000,0.000000,1.000000,0.000000,0.603009,1.088995,0.097610,1.084611,-0.813748,0.000000,0.000000,0.000000,65535.000000,4.089919,2.730868,2.348424,3.216236,2.348424,3.216236,0.250000,1.000000,1.000000
20670.000000,2.359385,3.216213,1.096082,-0.002331,0.000000,2.000000,0.000000,1.000000,0.000000,0.603009,1.096013,0.076943,1.093308,-0.807173,0.000000,0.000000,0.000000,65535.000000,4.089919,2.730868,2.359385,3.216213,2.359385,3.216213,0.250000,1.000000,1.000000
20680.000000,2.370458,3.215808,1.107353,-0.040478,0.000000,2.000000,0.000000,1.000000,0.000000,0.602063,1.096085,0.043972,1.095202,-0.079520,0.000000,0.000000,0.000000,65535.000000,4.089919,2.730868,2.370458,3.215808,2.370458,3.215808,0.250000,1.000000,1.000000
20690.000000,2.381536,3.215266,1.107810,-0.054184,0.000000,2.000000,0.000000,1.000000,0.000000,0.602063,1.108093,0.004755,1.108083,-0.079456,0.000000,0.000000,0.000000,65535.000000,4.089919,2.730868,2.381536,3.215266,2.381536,3.215266,0.250000,1.000000,1.000000
20700.000000,2.392837,3.214772,1.130012,-0.049417,0.000000,2.000000,0.000000,1.000000,0.000000,0.566278,1.109134,-0.008857,1.109099,-0.250924,0.000000,0.000000,0.000000,65535.000000,4.089919,2.730868,2.392837,3.214772,2.392837,3.214772,0.250000,1.000000,1.000000
20710.000000,2.404593,3.214685,1.175611,-0.008655,0.000000,2.000000,0.000000,1.000000,0.000000,0.363290,1.131092,-0.002167,1.131090,-1.040155,0.000000,0.000000,0.000000,65535.000000,4.089919,2.730868,2.404593,3.214685,2.404593,3.214685,0.250000,1.000000,1.000000
20720.000000,2.416769,3.214905,1.217614,0.021985,0.000000,2.000000,0.000000,1.000000,0.000000,0.581194,1.175643,0.041195,1.174921,-0.116844,0.000000,0.000000,0.000000,65535.000000,4.089919,2.730868,2.416769,3.214905,2.416769,3.214905,0.250000,1.000000,1.000000
20730.000000,2.428457,3.214972,1.168805,0.006634,0.000000,2.000000,0.000000,1.000000,0.000000,0.745540,1.217813,0.073053,1.215620,0.294781,0.000000,0.000000,0.000000,65535.000000,4.089919,2.730868,2.428457,3.214972,2.428457,3.214972,0.250000,1.000000,1.000000
20740.000000,2.439984,3.214951,1.152727,-0.002106,0.000000,2.000000,0.000000,1.000000,0.000000,0.745540,1.168823,0.054668,1.167544,0.293913,0.000000,0.000000,0.000000,65535.000000,4.089919,2.730868,2.439984,3.214951,2.439984,3.214951,0.250000,1.000000,1.000000
20750.000000,2.451717,3.214733,1.173307,-0.021766,0.000000,2.000000,0.000000,1.000000,0.000000,1.151940,1.152729,0.045997,1.151811,0.700116,0.000000,0.000000,0.000000,65535.000000,4.089919,2.730868,2.451717,3.214733,2.451717,3.214733,0.250000,1.000000,1.000000
20760.000000,2.463940,3.214514,1.222308,-0.021917,0.000000,2.000000,0.000000,1.000000,0.000000,1.151940,1.173509,0.028242,1.173169,0.695243,0.000000,0.000000,0.000000,65535.000000,4.089919,2.730868,2.463940,3.214514,2.463940,3.214514,0.250000,1.000000,1.000000
20770.000000,2.476463,3.214445,1.252304,-0.006836,0.000000,2.000000,0.000000,1.000000,0.000000,1.151940,1.222504,0.030425,1.222126,0.690438,0.000000,0.000000,0.000000,65535.000000,4.089919,2.730868,2.476463,3.214445,2.476463,3.214445,0.250000,1.000000,1.000000
20780.000000,2.489022,3.214231,1.255916,-0.021471,0.000000,2.000000,0.000000,1.000000,0.000000,0.684559,1.252323,0.045505,1.251496,-0.727748,0.000000,0.000000,0.000000,65535.000000,4.089919,2.730868,2.489022,3.214231,2.489022,3.214231,0.250000,1.000000,1.000000
20790.000000,2.501595,3.213723,1.257330,-0.050702,0.000000,2.000000,0.000000,1.000000,0.000000,0.584947,1.256099,0.029903,1.255744,-1.079823,0.000000,0.000000,0.000000,65535.000000,4.089919,2.730868,2.501595,3.213723,2.501595,3.213723,0.250000,1.000000,1.000000
20800.000000,2.514455,3.213063,1.285924,-0.066002,0.000000,2.000000,0.000000,1.000000,0.000000,0.562319,1.258352,-0.000613,1.258352,-1.238218,0.000000,0.000000,0.000000,65535.000000,4.089919,2.730868,2.514455,3.213063,2.514455,3.213063,0.250000,1.000000,1.000000
20810.000000,2.527239,3.212426,1.278412,-0.063789,0.000000,2.000000,0.000000,1.000000,0.000000,0.802348,1.287617,-0.015424,1.287524,-1.223059,0.000000,0.000000,0.000000,65535.000000,4.089919,2.730868,2.527239,3.212426,2.527239,3.212426,0.250000,1.000000,1.000000
20820.000000,2.539929,3.211983,1.269000,-0.044277,0.000000,2.000000,0.000000,1.000000,0.000000,0.365535,1.280003,-0.013396,1.279933,-1.075302,0.000000,0.000000,0.000000,65535.000000,4.089919,2.730868,2.539929,3.211983,2.539929,3.211983,0.250000,1.000000,1.000000
20830.000000,2.552903,3.211920,1.297383,-0.006316,0.000000,2.000000,0.000000,1.000000,0.000000,0.589106,1.269772,0.006168,1.269757,-0.104632,0.000000,0.000000,0.000000,65535.000000,4.089919,2.730868,2.552903,3.211920,2.552903,3.211920,0.250000,1.000000,1.000000
20840.000000,2.566068,3.211837,1.316576,-0.008248,0.000000,2.000000,0.000000,1.000000,0.000000,0.728408,1.297399,0.045659,1.296595,0.060129,0.000000,0.000000,0.000000,65535.000000,4.089919,2.730868,2.566068,3.211837,2.566068,3.211837,0.250000,1.000000,1.000000
20850.000000,2.579187,3.211577,1.311836,-0.025980,0.000000,2.000000,0.000000,1.000000,0.000000,0.728408,1.316602,0.045045,1.315831,0.060093,0.000000,0.000000,0.000000,65535.000000,4.089919,2.730868,2.579187,3.211577,2.579187,3.211577,0.250000,1.000000,1.000000
20860.000000,2.592311,3.211063,1.312440,-0.051419,0.000000,2.000000,0.000000,1.000000,0.000000,0.728408,1.312094,0.028312,1.311788,0.104339,0.000000,0.000000,0.000000,65535.000000,4.089919,2.730868,2.592311,3.211063,2.592311,3.211063,0.250000,1.000000,1.000000
20870.000000,2.605578,3.210418,1.326714,-0.064513,0.000000,2.000000,0.000000,1.000000,0.000000,0.725141,1.313447,0.003644,1.313442,0.104230,0.000000,0.000000,0.000000,65535.000000,4.089919,2.730868,2.605578,3.210418,2.605578,3.210418,0.250000,1.000000,1.000000
20880.000000,2.619429,3.210026,1.385096,-0.039207,0.000000,2.000000,0.000000,1.000000,0.000000,0.751858,1.328281,-0.010193,1.328242,-0.200905,0.000000,0.000000,0.000000,65535.000000,4.089919,2.730868,2.619429,3.210026,2.619429,3.210026,0.250000,1.000000,1.000000
20890.000000,2.633082,3.209667,1.365248,-0.035865,0.000000,2.000000,0.000000,1.000000,0.000000,0.376926,1.385651,0.014023,1.385580,-1.617647,0.000000,0.000000,0.000000,65535.000000,4.089919,2.730868,2.633082,3.209667,2.633082,3.209667,0.250000,1.000000,1.000000
20900.000000,2.646446,3.209297,1.336401,-0.037026,0.000000,2.000000,0.000000,1.000000,0.000000,0.477833,1.365719,0.014498,1.365642,-1.330334,0.000000,0.000000,0.000000,65535.000000,4.089919,2.730868,2.646446,3.209297,2.646446,3.209297,0.250000,1.000000,1.000000
20910.000000,2.659645,3.208886,1.319947,-0.041152,0.000000,2.000000,0.000000,1.000000,0.000000,0.542266,1.336914,0.012173,1.336858,-1.149226,0.000000,0.000000,0.000000,65535.000000,4.089919,2.730868,2.659645,3.208886,2.659645,3.208886,0.250000,1.000000,1.000000
20920.000000,2.673012,3.208435,1.336689,-0.045075,0.000000,2.000000,0.000000,1.000000,0.000000,0.542266,1.320588,0.008129,1.320563,-1.136156,0.000000,0.000000,0.000000,65535.000000,4.089919,2.730868,2.673012,3.208435,2.673012,3.208435,0.250000,1.000000,1.000000
20930.000000,2.686378,3.208119,1.336532,-0.031615,0.000000,2.000000,0.000000,1.000000,0.000000,0.542107,1.337449,0.004991,1.337440,-1.123789,0.000000,0.000000,0.000000,65535.000000,4.089919,2.730868,2.686378,3.208119,2.686378,3.208119,0.250000,1.000000,1.000000
20940.000000,2.700032,3.208066,1.365397,-0.005267,0.000000,2.000000,0.000000,1.000000,0.000000,0.357404,1.336905,0.018766,1.336774,-1.533780,0.000000,0.000000,0.000000,65535.000000,4.089919,2.730868,2.700032,3.208066,2.700032,3.208066,0.250000,1.000000,1.000000
20950.000000,2.713643,3.208006,1.361102,-0.005970,0.000000,2.000000,0.000000,1.000000,0.000000,0.435944,1.365407,0.046197,1.364626,-1.362792,0.000000,0.000000,0.000000,65535.000000,4.089919,2.730868,2.713643,3.208006,2.713643,3.208006,0.250000,1.000000,1.000000
20960.000000,2.727319,3.207823,1.367667,-0.018309,0.000000,2.000000,0.000000,1.000000,0.000000,0.435944,1.361115,0.045375,1.360359,-1.344452,0.000000,0.000000,0.000000,65535.000000,4.089919,2.730868,2.727319,3.207823,2.727319,3.207823,0.250000,1.000000,1.000000
20970.000000,2.740694,3.207458,1.337495,-0.036577,0.000000,2.000000,0.000000,1.000000,0.000000,0.430272,1.367789,0.033094,1.367389,-1.338409,0.000000,0.000000,0.000000,65535.000000,4.089919,2.730868,2.740694,3.207458,2.740694,3.207458,0.250000,1.000000,1.000000
20980.000000,2.754344,3.207114,1.364990,-0.034300,0.000000,2.000000,0.000000,1.000000,0.000000,0.285679,1.337995,0.013123,1.337930,-1.681908,0.000000,0.000000,0.000000,65535.000000,4.089919,2.730868,2.754344,3.207114,2.754344,3.207114,0.250000,1.000000,1.000000
20990.000000,2.768310,3.206840,1.396527,-0.027501,0.000000,2.000000,0.000000,1.000000,0.000000,0.434033,1.365421,0.015254,1.365336,-1.339841,0.000000,0.000000,0.000000,65535.000000,4.089919,2.730868,2.768310,3.206840,2.768310,3.206840,0.250000,1.000000,1.000000
21000.000000,2.782064,3.206277,1.375454,-0.056227,0.000000,2.000000,0.000000,1.000000,0.000000,0.725696,1.396798,0.021142,1.396638,-0.589221,0.000000,0.000000,0.000000,65535.000000,4.089919,2.730868,2.782064,3.206277,2.782064,3.206277,0.250000,1.000000,1.000000
21010.000000,2.795408,3.205554,1.334323,-0.072374,0.000000,2.000000,0.000000,1.000000,0.000000,0.598073,1.376603,-0.009917,1.376567,-0.223753,0.000000,0.000000,0.000000,65535.000000,4.089919,2.730868,2.795408,3.205554,2.795408,3.205554,0.250000,1.000000,1.000000
21020.000000,2.808546,3.204709,1.313838,-0.084425,0.000000,2.000000,0.000000,1.000000,0.000000,0.584792,1.336284,-0.028333,1.335984,-0.107122,0.000000,0.000000,0.000000,65535.000000,4.089919,2.730868,2.808546,3.204709,2.808546,3.204709,0.250000,1.000000,1.000000
21030.000000,2.821851,3.203661,1.330517,-0.104843,0.000000,2.000000,0.000000,1.000000,0.000000,0.584792,1.316548,-0.041603,1.315891,-0.107008,0.000000,0.000000,0.000000,65535.000000,4.089919,2.730868,2.821851,3.203661,2.821851,3.203661,0.250000,1.000000,1.000000
21040.000000,2.835634,3.202565,1.378309,-0.109601,0.000000,2.000000,0.000000,1.000000,0.000000,0.756055,1.334642,-0.062182,1.333192,-0.785798,0.000000,0.000000,0.000000,65535.000000,4.089919,2.730868,2.835634,3.202565,2.835634,3.202565,0.250000,1.000000,1.000000
21050.000000,2.849244,3.201501,1.360988,-0.106362,0.000000,2.000000,0.000000,1.000000,0.000000,0.756055,1.382660,-0.066966,1.381037,-0.781417,0.000000,0.000000,0.000000,65535.000000,4.089919,2.730868,2.849244,3.201501,2.849244,3.201501,0.250000,1.000000,1.000000
21060.000000,2.862647,3.200548,1.340277,-0.095370,0.000000,2.000000,0.000000,1.000000,0.000000,0.741631,1.365138,-0.065978,1.363543,-0.515051,0.000000,0.000000,0.000000,65535.000000,4.089919,2.730868,2.862647,3.200548,2.862647,3.200548,0.250000,1.000000,1.000000
21070.000000,2.875871,3.199543,1.322414,-0.100448,0.000000,2.000000,0.000000,1.000000,0.000000,0.443743,1.343665,-0.056867,1.342462,-0.512410,0.000000,0.000000,0.000000,65535.000000,4.089919,2.730868,2.875871,3.199543,2.875871,3.199543,0.250000,1.000000,1.000000
21080.000000,2.889090,3.198275,1.321892,-0.126850,0.000000,2.000000,0.000000,1.000000,0.000000,0.777403,1.326224,-0.063702,1.324693,-0.509795,0.000000,0.000000,0.000000,65535.000000,4.089919,2.730868,2.889090,3.198275,2.889090,3.198275,0.250000,1.000000,1.000000
21090.000000,2.902203,3.196862,1.311378,-0.141230,0.000000,2.000000,0.000000,1.000000,0.000000,0.777403,1.327964,-0.091452,1.324811,-0.055545,0.000000,0.000000,0.000000,65535.000000,4.089919,2.730868,2.902203,3.196862,2.902203,3.196862,0.250000,1.000000,1.000000
21100.000000,2.915275,3.195410,1.307153,-0.145266,0.000000,2.000000,0.000000,1.000000,0.000000,0.777403,1.318961,-0.107836,1.314545,0.014523,0.000000,0.000000,0.000000,65535.000000,4.089919,2.730868,2.915275,3.195410,2.915275,3.195410,0.250000,1.000000,1.000000
21110.000000,2.928286,3.193972,1.301148,-0.143805,0.000000,2.000000,0.000000,1.000000,0.000000,0.823205,1.315200,-0.113317,1.310309,0.858911,0.000000,0.000000,0.000000,65535.000000,4.089919,2.730868,2.928286,3.193972,2.928286,3.193972,0.250000,1.000000,1.000000
21120.000000,2.941144,3.192528,1.285719,-0.144412,0.000000,2.000000,0.000000,1.000000,0.000000,0.937092,1.309071,-0.112102,1.304262,1.288148,0.000000,0.000000,0.000000,65535.000000,4.089919,2.730868,2.941144,3.192528,2.941144,3.192528,0.250000,1.000000,1.000000
21130.000000,2.953488,3.190885,1.234464,-0.164217,0.000000,2.000000,0.000000,1.000000,0.000000,0.937092,1.293803,-0.113319,1.288831,1.271749,0.000000,0.000000,0.000000,65535.000000,4.089919,2.730868,2.953488,3.190885,2.953488,3.190885,0.250000,1.000000,1.000000
21140.000000,2.965595,3.189136,1.210742,-0.174941,0.000000,2.000000,0.000000,1.000000,0.000000,0.785593,1.245339,-0.135001,1.237999,0.456932,0.000000,0.000000,0.000000,65535.000000,4.089919,2.730868,2.965595,3.189136,2.965595,3.189136,0.250000,1.000000,1.000000
21150.000000,2.977600,3.187364,1.200487,-0.177199,0.000000,2.000000,0.000000,1.000000,0.000000,1.017103,1.223315,-0.147660,1.214371,1.244363,0.000000,0.000000,0.000000,65535.000000,4.089919,2.730868,2.977600,3.187364,2.977600,3.187364,0.250000,1.000000,1.000000
21160.000000,2.989666,3.185571,1.206528,-0.179322,0.000000,2.000000,0.000000,1.000000,0.000000,1.017103,1.213494,-0.151508,1.203999,1.229054,0.000000,0.000000,0.000000,65535.000000,4.089919,2.730868,2.989666,3.185571,2.989666,3.185571,0.250000,1.000000,1.000000
21170.000000,3.001499,3.183809,1.183361,-0.176134,0.000000,2.000000,0.000000,1.000000,0.000000,0.869383,1.219781,-0.153870,1.210037,0.570765,0.000000,0.000000,0.000000,65535.000000,4.089919,2.730868,3.001499,3.183809,3.001499,3.183809,0.250000,1.000000,1.000000
21180.000000,3.013170,3.182039,1.167062,-0.176980,0.000000,2.000000,0.000000,1.000000,0.000000,0.448145,1.196397,-0.150740,1.186863,-1.345102,0.000000,0.000000,0.000000,65535.000000,4.089919,2.730868,3.013170,3.182039,3.013170,3.182039,0.250000,1.000000,1.000000
21190.000000,3.024630,3.180221,1.146019,-0.181863,0.000000,2.000000,0.000000,1.000000,0.000000,0.308478,1.180405,-0.152090,1.170566,-1.688679,0.000000,0.000000,0.000000,65535.000000,4.089919,2.730868,3.024630,3.180221,3.024630,3.180221,0.250000,1.000000,1.000000
21200.000000,3.035921,3.178371,1.129121,-0.185000,0.000000,2.000000,0.000000,1.000000,0.000000,0.304442,1.160360,-0.158153,1.149531,-1.671186,0.000000,0.000000,0.000000,65535.000000,4.089919,2.730868,3.035921,3.178371,3.035921,3.178371,0.250000,1.000000,1.000000
21210.000000,3.046611,3.176453,1.068941,-0.191789,0.000000,2.000000,0.000000,1.000000,0.000000,0.599241,1.144177,-0.163184,1.132480,-0.878361,0.000000,0.000000,0.000000,65535.000000,4.089919,2.730868,3.046611,3.176453,3.046611,3.176453,0.250000,1.000000,1.000000
21220.000000,3.056879,3.174282,1.026847,-0.217082,0.000000,2.000000,0.000000,1.000000,0.000000,0.897919,1.086010,-0.171507,1.072382,0.079075,0.000000,0.000000,0.000000,65535.000000,4.089919,2.730868,3.056879,3.174282,3.056879,3.174282,0.250000,1.000000,1.000000
21230.000000,3.066894,3.171818,1.001439,-0.246464,0.000000,2.000000,0.000000,1.000000,0.000000,0.897919,1.049543,-0.198207,1.030657,0.079013,0.000000,0.000000,0.000000,65535.000000,4.089919,2.730868,3.066894,3.171818,3.066894,3.171818,0.250000,1.000000,1.000000
21240.000000,3.076688,3.169222,0.979460,-0.259613,0.000000,2.000000,0.000000,1.000000,0.000000,0.658522,1.031322,-0.228340,1.005727,0.204544,0.000000,0.000000,0.000000,65535.000000,4.089919,2.730868,3.076688,3.169222,3.076688,3.169222,0.250000,1.000000,1.000000
21250.000000,3.086059,3.166711,0.937086,-0.251045,0.000000,2.000000,0.000000,1.000000,0.000000,0.690788,1.013282,-0.240953,0.984216,0.204125,0.000000,0.000000,0.000000,65535.000000,4.089919,2.730868,3.086059,3.166711,3.086059,3.166711,0.250000,1.000000,1.000000
21260.000000,3.095058,3.164238,0.899876,-0.247345,0.000000,2.000000,0.000000,1.000000,0.000000,0.690788,0.970131,-0.231688,0.942059,0.203709,0.000000,0.000000,0.000000,65535.000000,4.089919,2.730868,3.095058,3.164238,3.095058,3.164238,0.250000,1.000000,1.000000
21270.000000,3.103781,3.161598,0.872256,-0.263964,0.000000,2.000000,0.000000,1.000000,0.000000,0.598282,0.933251,-0.227307,0.905146,-0.319506,0.000000,0.000000,0.000000,65535.000000,4.089919,2.730868,3.103781,3.161598,3.103781,3.161598,0.250000,1.000000,1.000000
21280.000000,3.112149,3.158604,0.836851,-0.299395,0.000000,2.000000,0.000000,1.000000,0.000000,0.772248,0.911322,-0.242936,0.878345,-0.301953,0.000000,0.000000,0.000000,65535.000000,4.089919,2.730868,3.112149,3.158604,3.112149,3.158604,0.250000,1.000000,1.000000
21290.000000,3.120179,3.155354,0.802971,-0.325031,0.000000,2.000000,0.000000,1.000000,0.000000,0.772248,0.888795,-0.278702,0.843968,-0.301134,0.000000,0.000000,0.000000,65535.000000,4.089919,2.730868,3.120179,3.155354,3.120179,3.155354,0.250000,1.000000,1.000000
21300.000000,3.128035,3.151915,0.785662,-0.343922,0.000000,2.000000,0.000000,1.000000,0.000000,0.665198,0.866260,-0.305896,0.810454,-0.344904,0.000000,0.000000,0.000000,65535.000000,4.089919,2.730868,3.128035,3.151915,3.128035,3.151915,0.250000,1.000000,1.000000
21310.000000,3.135493,3.148329,0.745726,-0.358601,0.000000,2.000000,0.000000,1.000000,0.000000,0.665198,0.857641,-0.325864,0.793322,-1.256142,0.000000,0.000000,0.000000,65535.000000,4.089919,2.730868,3.135493,3.148329,3.135493,3.148329,0.250000,1.000000,1.000000
21320.000000,3.142480,3.144308,0.698727,-0.402101,0.000000,2.000000,0.000000,1.000000,0.000000,0.665198,0.827467,-0.342704,0.753164,-0.497480,0.000000,0.000000,0.000000,65535.000000,4.089919,2.730868,3.142480,3.144308,3.142480,3.144308,0.250000,1.000000,1.000000
21330.000000,3.148899,3.139927,0.641874,-0.438024,0.000000,2.000000,0.000000,1.000000,0.000000,0.563621,0.806167,-0.388373,0.706450,-0.312249,0.000000,0.000000,0.000000,65535.000000,4.089919,2.730868,3.148899,3.139927,3.148899,3.139927,0.250000,1.000000,1.000000
21340.000000,3.154997,3.135404,0.609853,-0.452338,0.000000,2.000000,0.000000,1.000000,0.000000,0.731657,0.777089,-0.425573,0.650196,0.391473,0.000000,0.000000,0.000000,65535.000000,4.089919,2.730868,3.154997,3.135404,3.154997,3.135404,0.250000,1.000000,1.000000
21350.000000,3.160995,3.130701,0.599807,-0.470294,0.000000,2.000000,0.000000,1.000000,0.000000,0.834623,0.759296,-0.440563,0.618413,1.289631,0.000000,0.000000,0.000000,65535.000000,4.089919,2.730868,3.160995,3.130701,3.160995,3.130701,0.250000,1.000000,1.000000
21360.000000,3.166785,3.125701,0.579019,-0.499962,0.000000,2.000000,0.000000,1.000000,0.000000,0.834623,0.762197,-0.458926,0.608549,1.273195,0.000000,0.000000,0.000000,65535.000000,4.089919,2.730868,3.166785,3.125701,3.166785,3.125701,0.250000,1.000000,1.000000
21370.000000,3.172231,3.120579,0.544549,-0.512208,0.000000,2.000000,0.000000,1.000000,0.000000,0.809542,0.765001,-0.488519,0.588706,1.141806,0.000000,0.000000,0.000000,65535.000000,4.089919,2.730868,3.172231,3.120579,3.172231,3.120579,0.250000,1.000000,1.000000
21380.000000,3.177564,3.115461,0.533304,-0.511855,0.000000,2.000000,0.000000,1.000000,0.000000,0.620572,0.747589,-0.501456,0.554465,-0.222857,0.000000,0.000000,0.000000,65535.000000,4.089919,2.730868,3.177564,3.115461,3.177564,3.115461,0.250000,1.000000,1.000000
21390.000000,3.182805,3.110426,0.524105,-0.503417,0.000000,2.000000,0.000000,1.000000,0.000000,0.620572,0.739194,-0.502203,0.542403,-0.201496,0.000000,0.000000,0.000000,65535.000000,4.089919,2.730868,3.182805,3.110426,3.182805,3.110426,0.250000,1.000000,1.000000
21400.000000,3.187881,3.105305,0.507535,-0.512140,0.000000,2.000000,0.000000,1.000000,0.000000,0.682652,0.726715,-0.494810,0.532239,0.090381,0.000000,0.000000,0.000000,65535.000000,4.089919,2.730868,3.187881,3.105305,3.187881,3.105305,0.250000,1.000000,1.000000
21410.000000,3.192711,3.100062,0.483055,-0.524293,0.000000,2.000000,0.000000,1.000000,0.000000,0.682652,0.721027,-0.504664,0.514970,0.090300,0.000000,0.000000,0.000000,65535.000000,4.089919,2.730868,3.192711,3.100062,3.192711,3.100062,0.250000,1.000000,1.000000
21420.000000,3.197512,3.094687,0.480065,-0.537464,0.000000,2.000000,0.000000,1.000000,0.000000,0.646073,0.712899,-0.517911,0.489891,0.267546,0.000000,0.000000,0.000000,65535.000000,4.089919,2.730868,3.197512,3.094687,3.197512,3.094687,0.250000,1.000000,1.000000
21430.000000,3.202256,3.089365,0.474431,-0.532242,0.000000,2.000000,0.000000,1.000000,0.000000,0.646073,0.720645,-0.531279,0.486900,0.266831,0.000000,0.000000,0.000000,65535.000000,4.089919,2.730868,3.202256,3.089365,3.202256,3.089365,0.250000,1.000000,1.000000
21440.000000,3.206911,3.084050,0.465488,-0.531516,0.000000,2.000000,0.000000,1.000000,0.000000,0.646073,0.712998,-0.525748,0.481618,0.266120,0.000000,0.000000,0.000000,65535.000000,4.089919,2.730868,3.206911,3.084050,3.206911,3.084050,0.250000,1.000000,1.000000
21450.000000,3.211258,3.078790,0.434762,-0.525960,0.000000,2.000000,0.000000,1.000000,0.000000,0.426795,0.706532,-0.524968,0.472860,-0.783134,0.000000,0.000000,0.000000,65535.000000,4.089919,2.730868,3.211258,3.078790,3.211258,3.078790,0.250000,1.000000,1.000000
21460.000000,3.215329,3.073405,0.407023,-0.538550,0.000000,2.000000,0.000000,1.000000,0.000000,0.326571,0.682387,-0.519910,0.441979,-1.829396,0.000000,0.000000,0.000000,65535.000000,4.089919,2.730868,3.215329,3.073405,3.215329,3.073405,0.250000,1.000000,1.000000
21470.000000,3.219136,3.067894,0.380689,-0.551129,0.000000,2.000000,0.000000,1.000000,0.000000,0.335799,0.675058,-0.533161,0.414057,-1.716408,0.000000,0.000000,0.000000,65535.000000,4.089919,2.730868,3.219136,3.067894,3.219136,3.067894,0.250000,1.000000,1.000000
21480.000000,3.222817,3.062260,0.368156,-0.563354,0.000000,2.000000,0.000000,1.000000,0.000000,0.359046,0.669827,-0.546530,0.387263,-1.264693,0.000000,0.000000,0.000000,65535.000000,4.089919,2.730868,3.222817,3.062260,3.222817,3.062260,0.250000,1.000000,1.000000
21490.000000,3.226379,3.056499,0.356161,-0.576142,0.000000,2.000000,0.000000,1.000000,0.000000,0.378682,0.672983,-0.559319,0.374258,-0.933809,0.000000,0.000000,0.000000,65535.000000,4.089919,2.730868,3.226379,3.056499,3.226379,3.056499,0.250000,1.000000,1.000000
21500.000000,3.229846,3.050499,0.346738,-0.599991,0.000000,2.000000,0.000000,1.000000,0.000000,0.386872,0.677341,-0.572405,0.362137,-0.870802,0.000000,0.000000,0.000000,65535.000000,4.089919,2.730868,3.229846,3.050499,3.229846,3.050499,0.250000,1.000000,1.000000
21510.000000,3.233062,3.044342,0.321593,-0.615735,0.000000,2.000000,0.000000,1.000000,0.000000,0.810504,0.692977,-0.596141,0.353317,0.621757,0.000000,0.000000,0.000000,65535.000000,4.089919,2.730868,3.233062,3.044342,3.233062,3.044342,0.250000,1.000000,1.000000
21520.000000,3.236034,3.038040,0.297171,-0.630167,0.000000,2.000000,0.000000,1.000000,0.000000,0.810504,0.694659,-0.612024,0.328601,0.617911,0.000000,0.000000,0.000000,65535.000000,4.089919,2.730868,3.236034,3.038040,3.236034,3.038040,0.250000,1.000000,1.000000
21530.000000,3.238751,3.031757,0.271729,-0.628273,0.000000,2.000000,0.000000,1.000000,0.000000,0.810504,0.696721,-0.627010,0.303775,0.614113,0.000000,0.000000,0.000000,65535.000000,4.089919,2.730868,3.238751,3.031757,3.238751,3.031757,0.250000,1.000000,1.000000
21540.000000,3.241296,3.025381,0.254495,-0.637656,0.000000,2.000000,0.000000,1.000000,0.000000,0.926723,0.684517,-0.625743,0.277504,1.221889,0.000000,0.000000,0.000000,65535.000000,4.089919,2.730868,3.241296,3.025381,3.241296,3.025381,0.250000,1.000000,1.000000
21550.000000,3.243659,3.018879,0.236365,-0.650133,0.000000,2.000000,0.000000,1.000000,0.000000,0.926723,0.686566,-0.635434,0.259994,1.207125,0.000000,0.000000,0.000000,65535.000000,4.089919,2.730868,3.243659,3.018879,3.243659,3.018879,0.250000,1.000000,1.000000
21560.000000,3.245810,3.012153,0.215004,-0.672648,0.000000,2.000000,0.000000,1.000000,0.000000,0.914881,0.691767,-0.647926,0.242351,1.377480,0.000000,0.000000,0.000000,65535.000000,4.089919,2.730868,3.245810,3.012153,3.245810,3.012153,0.250000,1.000000,1.000000
21570.000000,3.247782,3.005356,0.197287,-0.679634,0.000000,2.000000,0.000000,1.000000,0.000000,0.877221,0.706174,-0.670643,0.221178,1.358745,0.000000,0.000000,0.000000,65535.000000,4.089919,2.730868,3.247782,3.005356,3.247782,3.005356,0.250000,1.000000,1.000000
21580.000000,3.249666,2.998405,0.188335,-0.695101,0.000000,2.000000,0.000000,1.000000,0.000000,0.893485,0.707689,-0.678050,0.202664,1.340512,0.000000,0.000000,0.000000,65535.000000,4.089919,2.730868,3.249666,2.998405,3.249666,2.998405,0.250000,1.000000,1.000000
21590.000000,3.251362,2.991366,0.169594,-0.703900,0.000000,2.000000,0.000000,1.000000,0.000000,0.984351,0.720164,-0.693719,0.193364,0.969687,0.000000,0.000000,0.000000,65535.000000,4.089919,2.730868,3.251362,2.991366,3.251362,2.991366,0.250000,1.000000,1.000000
21600.000000,3.252853,2.984197,0.149161,-0.716929,0.000000,2.000000,0.000000,1.000000,0.000000,0.984351,0.724043,-0.702686,0.174558,0.896534,0.000000,0.000000,0.000000,65535.000000,4.089919,2.730868,3.252853,2.984197,3.252853,2.984197,0.250000,1.000000,1.000000
21610.000000,3.254177,2.977007,0.132367,-0.718943,0.000000,2.000000,0.000000,1.000000,0.000000,0.984351,0.732282,-0.716042,0.153361,0.746007,0.000000,0.000000,0.000000,65535.000000,4.089919,2.730868,3.254177,2.977007,3.254177,2.977007,0.250000,1.000000,1.000000
21620.000000,3.255225,2.969648,0.104792,-0.735944,0.000000,2.000000,0.000000,1.000000,0.000000,0.956476,0.731027,-0.718355,0.135521,0.171630,0.000000,0.000000,0.000000,65535.000000,4.089919,2.730868,3.255225,2.969648,3.255225,2.969648,0.250000,1.000000,1.000000
21630.000000,3.255992,2.962166,0.076755,-0.748231,0.000000,2.000000,0.000000,1.000000,0.000000,1.028549,0.743368,-0.735477,0.108024,0.171336,0.000000,0.000000,0.000000,65535.000000,4.089919,2.730868,3.255992,2.962166,3.255992,2.962166,0.250000,1.000000,1.000000
21640.000000,3.256584,2.954431,0.059197,-0.773430,0.000000,2.000000,0.000000,1.000000,0.000000,0.912177,0.752157,-0.747952,0.079423,-0.188415,0.000000,0.000000,0.000000,65535.000000,4.089919,2.730868,3.256584,2.954431,3.256584,2.954431,0.250000,1.000000,1.000000
21650.000000,3.257009,2.946653,0.042455,-0.777855,0.000000,2.000000,0.000000,1.000000,0.000000,0.697968,0.775692,-0.773277,0.061173,-0.778541,0.000000,0.000000,0.000000,65535.000000,4.089919,2.730868,3.257009,2.946653,3.257009,2.946653,0.250000,1.000000,1.000000
21660.000000,3.257288,2.938710,0.027928,-0.794255,0.000000,2.000000,0.000000,1.000000,0.000000,0.697968,0.779013,-0.777704,0.045142,-0.772520,0.000000,0.000000,0.000000,65535.000000,4.089919,2.730868,3.257288,2.938710,3.257288,2.938710,0.250000,1.000000,1.000000
21670.000000,3.257451,2.930687,0.016329,-0.802339,0.000000,2.000000,0.000000,1.000000,0.000000,0.697968,0.794745,-0.794161,0.030475,-0.766592,0.000000,0.000000,0.000000,65535.000000,4.089919,2.730868,3.257451,2.930687,3.257451,2.930687,0.250000,1.000000,1.000000
21680.000000,3.257573,2.922646,0.012184,-0.804057,0.000000,2.000000,0.000000,1.000000,0.000000,0.568552,0.802505,-0.802303,0.018022,-1.155617,0.000000,0.000000,0.000000,65535.000000,4.089919,2.730868,3.257573,2.922646,3.257573,2.922646,0.250000,1.000000,1.000000
21690.000000,3.257583,2.914759,0.000984,-0.788739,0.000000,2.000000,0.000000,1.000000,0.000000,0.646005,0.804150,-0.804031,0.013823,-0.643174,0.000000,0.000000,0.000000,65535.000000,4.089919,2.730868,3.257583,2.914759,3.257583,2.914759,0.250000,1.000000,1.000000
21700.000000,3.257382,2.906854,-0.020077,-0.790447,0.000000,2.000000,0.000000,1.000000,0.000000,0.536869,0.788739,-0.788736,0.002284,-0.593110,0.000000,0.000000,0.000000,65535.000000,4.089919,2.730868,3.257382,2.906854,3.257382,2.906854,0.250000,1.000000,1.000000
21710.000000,3.257021,2.898788,-0.036125,-0.806570,0.000000,2.000000,0.000000,1.000000,0.000000,0.571181,0.790702,-0.790467,-0.019276,-0.589610,0.000000,0.000000,0.000000,65535.000000,4.089919,2.730868,3.257021,2.898788,3.257021,2.898788,0.250000,1.000000,1.000000
21720.000000,3.256487,2.890421,-0.053359,-0.836778,0.000000,2.000000,0.000000,1.000000,0.000000,0.571181,0.807379,-0.806577,-0.035961,-0.845336,0.000000,0.000000,0.000000,65535.000000,4.089919,2.730868,3.256487,2.890421,3.256487,2.890421,0.250000,1.000000,1.000000
21730.000000,3.255893,2.881998,-0.059428,-0.842275,0.000000,2.000000,0.000000,1.000000,0.000000,0.567526,0.838477,-0.836750,-0.053787,-1.094535,0.000000,0.000000,0.000000,65535.000000,4.089919,2.730868,3.255893,2.881998,3.255893,2.881998,0.250000,1.000000,1.000000
21740.000000,3.255167,2.873489,-0.072583,-0.850926,0.000000,2.000000,0.000000,1.000000,0.000000,0.380305,0.844369,-0.842192,-0.060597,-1.737245,0.000000,0.000000,0.000000,65535.000000,4.089919,2.730868,3.255167,2.873489,3.255167,2.873489,0.250000,1.000000,1.000000
21750.000000,3.254304,2.864893,-0.086289,-0.859592,0.000000,2.000000,0.000000,1.000000,0.000000,0.392945,0.854016,-0.850767,-0.074428,-1.740146,0.000000,0.000000,0.000000,65535.000000,4.089919,2.730868,3.254304,2.864893,3.254304,2.864893,0.250000,1.000000,1.000000
21760.000000,3.253303,2.856178,-0.100109,-0.871502,0.000000,2.000000,0.000000,1.000000,0.000000,0.262929,0.863912,-0.859303,-0.089124,-1.681175,0.000000,0.000000,0.000000,65535.000000,4.089919,2.730868,3.253303,2.856178,3.253303,2.856178,0.250000,1.000000,1.000000
21770.000000,3.252270,2.847631,-0.103287,-0.854668,0.000000,2.000000,0.000000,1.000000,0.000000,0.599692,0.877233,-0.871087,-0.103661,-0.259296,0.000000,0.000000,0.000000,65535.000000,4.089919,2.730868,3.252270,2.847631,3.252270,2.847631,0.250000,1.000000,1.000000
21780.000000,3.251010,2.838931,-0.126043,-0.870040,0.000000,2.000000,0.000000,1.000000,0.000000,0.599692,0.860886,-0.854115,-0.107762,-0.258625,0.000000,0.000000,0.000000,65535.000000,4.089919,2.730868,3.251010,2.838931,3.251010,2.838931,0.250000,1.000000,1.000000
21790.000000,3.249418,2.830074,-0.159168,-0.885678,0.000000,2.000000,0.000000,1.000000,0.000000,0.599692,0.879123,-0.869210,-0.131648,-0.257957,0.000000,0.000000,0.000000,65535.000000,4.089919,2.730868,3.249418,2.830074,3.249418,2.830074,0.250000,1.000000,1.000000
21800.000000,3.247604,2.821022,-0.181418,-0.905174,0.000000,2.000000,0.000000,1.000000,0.000000,0.371618,0.899867,-0.884366,-0.166303,-0.910063,0.000000,0.000000,0.000000,65535.000000,4.089919,2.730868,3.247604,2.821022,3.247604,2.821022,0.250000,1.000000,1.000000
21810.000000,3.245621,2.811935,-0.198327,-0.908754,0.000000,2.000000,0.000000,1.000000,0.000000,0.371618,0.923175,-0.903485,-0.189650,-0.901847,0.000000,0.000000,0.000000,65535.000000,4.089919,2.730868,3.245621,2.811935,3.245621,2.811935,0.250000,1.000000,1.000000
21820.000000,3.243571,2.802831,-0.205012,-0.910335,0.000000,2.000000,0.000000,1.000000,0.000000,0.788446,0.930144,-0.906720,-0.207431,-1.137249,0.000000,0.000000,0.000000,65535.000000,4.089919,2.730868,3.243571,2.802831,3.243571,2.802831,0.250000,1.000000,1.000000
21830.000000,3.241492,2.793763,-0.207892,-0.906859,0.000000,2.000000,0.000000,1.000000,0.000000,0.728946,0.933134,-0.908051,-0.214902,-1.124449,0.000000,0.000000,0.000000,65535.000000,4.089919,2.730868,3.241492,2.793763,3.241492,2.793763,0.250000,1.000000,1.000000
21840.000000,3.239090,2.784304,-0.240208,-0.945856,0.000000,2.000000,0.000000,1.000000,0.000000,0.470588,0.930383,-0.904289,-0.218800,-1.317129,0.000000,0.000000,0.000000,65535.000000,4.089919,2.730868,3.239090,2.784304,3.239090,2.784304,0.250000,1.000000,1.000000
21850.000000,3.236434,2.774644,-0.265517,-0.966014,0.000000,2.000000,0.000000,1.000000,0.000000,0.242763,0.975881,-0.942542,-0.252900,-1.987379,0.000000,0.000000,0.000000,65535.000000,4.089919,2.730868,3.236434,2.774644,3.236434,2.774644,0.250000,1.000000,1.000000
21860.000000,3.233560,2.764740,-0.287458,-0.990377,0.000000,2.000000,0.000000,1.000000,0.000000,0.423508,1.001839,-0.962104,-0.279352,-1.525693,0.000000,0.000000,0.000000,65535.000000,4.089919,2.730868,3.233560,2.764740,3.233560,2.764740,0.250000,1.000000,1.000000
21870.000000,3.230490,2.754870,-0.306959,-0.987049,0.000000,2.000000,0.000000,1.000000,0.000000,0.585791,1.031251,-0.985891,-0.302486,-0.898602,0.000000,0.000000,0.000000,65535.000000,4.089919,2.730868,3.230490,2.754870,3.230490,2.754870,0.250000,1.000000,1.000000
21880.000000,3.227278,2.745079,-0.321207,-0.979118,0.000000,2.000000,0.000000,1.000000,0.000000,0.599567,1.033678,-0.982178,-0.322205,-0.849333,0.000000,0.000000,0.000000,65535.000000,4.089919,2.730868,3.227278,2.745079,3.227278,2.745079,0.250000,1.000000,1.000000
21890.000000,3.223990,2.735423,-0.328794,-0.965536,0.000000,2.000000,0.000000,1.000000,0.000000,0.599567,1.030460,-0.974010,-0.336381,-0.842173,0.000000,0.000000,0.000000,65535.000000,4.089919,2.730868,3.223990,2.735423,3.223990,2.735423,0.250000,1.000000,1.000000
21900.000000,3.220651,2.725809,-0.333965,-0.961442,0.000000,2.000000,0.000000,1.000000,0.000000,0.482162,1.019984,-0.959835,-0.345084,-1.252487,0.000000,0.000000,0.000000,65535.000000,4.089919,2.730868,3.220651,2.725809,3.220651,2.725809,0.250000,1.000000,1.000000
21910.000000,3.217211,2.716192,-0.343972,-0.961695,0.000000,2.000000,0.000000,1.000000,0.000000,0.578656,1.017793,-0.955057,-0.351807,-0.883404,0.000000,0.000000,0.000000,65535.000000,4.089919,2.730868,3.217211,2.716192,3.217211,2.716192,0.250000,1.000000,1.000000
21920.000000,3.213506,2.706442,-0.370448,-0.975020,0.000000,2.000000,0.000000,1.000000,0.000000,0.585337,1.021359,-0.954741,-0.362827,-0.500834,0.000000,0.000000,0.000000,65535.000000,4.089919,2.730868,3.213506,2.706442,3.213506,2.706442,0.250000,1.000000,1.000000
21930.000000,3.209785,2.696887,-0.372142,-0.955430,0.000000,2.000000,0.000000,1.000000,0.000000,0.647576,1.043022,-0.966977,-0.390962,0.640507,0.000000,0.000000,0.000000,65535.000000,4.089919,2.730868,3.209785,2.696887,3.209785,2.696887,0.250000,1.000000,1.000000
21940.000000,3.206101,2.687483,-0.368397,-0.940409,0.000000,2.000000,0.000000,1.000000,0.000000,0.647576,1.025347,-0.947012,-0.393072,0.636426,0.000000,0.000000,0.000000,65535.000000,4.089919,2.730868,3.206101,2.687483,3.206101,2.687483,0.250000,1.000000,1.000000
21950.000000,3.202292,2.678086,-0.380920,-0.939786,0.000000,2.000000,0.000000,1.000000,0.000000,0.721971,1.009993,-0.932137,-0.388853,0.632398,0.000000,0.000000,0.000000,65535.000000,4.089919,2.730868,3.202292,2.678086,3.202292,2.678086,0.250000,1.000000,1.000000
21960.000000,3.198285,2.668736,-0.400659,-0.934958,0.000000,2.000000,0.000000,1.000000,0.000000,0.721971,1.014050,-0.931508,-0.400738,0.550837,0.000000,0.000000,0.000000,65535.000000,4.089919,2.730868,3.198285,2.668736,3.198285,2.668736,0.250000,1.000000,1.000000
21970.000000,3.194099,2.659660,-0.418606,-0.907636,0.000000,2.000000,0.000000,1.000000,0.000000,0.721971,1.017189,-0.926543,-0.419753,0.547816,0.000000,0.000000,0.000000,65535.000000,4.089919,2.730868,3.194099,2.659660,3.194099,2.659660,0.250000,1.000000,1.000000
21980.000000,3.189590,2.650766,-0.450936,-0.889318,0.000000,2.000000,0.000000,1.000000,0.000000,0.498696,0.999517,-0.899287,-0.436253,-0.195836,0.000000,0.000000,0.000000,65535.000000,4.089919,2.730868,3.189590,2.650766,3.189590,2.650766,0.250000,1.000000,1.000000
21990.000000,3.184800,2.642022,-0.478902,-0.874403,0.000000,2.000000,0.000000,1.000000,0.000000,0.515215,0.997111,-0.880589,-0.467752,-0.732148,0.000000,0.000000,0.000000,65535.000000,4.089919,2.730868,3.184800,2.642022,3.184800,2.642022,0.250000,1.000000,1.000000
22000.000000,3.179699,2.633164,-0.510176,-0.885786,0.000000,2.000000,0.000000,1.000000,0.000000,0.578955,0.996960,-0.865184,-0.495364,-0.726821,0.000000,0.000000,0.000000,65535.000000,4.089919,2.730868,3.179699,2.633164,3.179699,2.633164,0.250000,1.000000,1.000000
22010.000000,3.173819,2.623735,-0.588003,-0.942941,0.000000,2.000000,0.000000,1.000000,0.000000,0.508586,1.022202,-0.876006,-0.526793,-1.311643,0.000000,0.000000,0.000000,65535.000000,4.089919,2.730868,3.173819,2.623735,3.173819,2.623735,0.250000,1.000000,1.000000
22020.000000,3.167594,2.614254,-0.622469,-0.948045,0.000000,2.000000,0.000000,1.000000,0.000000,0.477324,1.031256,-0.874800,-0.546090,-0.871386,0.000000,0.000000,0.000000,65535.000000,4.089919,2.730868,3.167594,2.614254,3.167594,2.614254,0.250000,1.000000,1.000000
22030.000000,3.161040,2.604887,-0.655369,-0.936721,0.000000,2.000000,0.000000,1.000000,0.000000,0.618838,1.042079,-0.870788,-0.572414,-0.683813,0.000000,0.000000,0.000000,65535.000000,4.089919,2.730868,3.161040,2.604887,3.161040,2.604887,0.250000,1.000000,1.000000
22040.000000,3.154166,2.595594,-0.687422,-0.929361,0.000000,2.000000,0.000000,1.000000,0.000000,0.618838,1.035038,-0.848044,-0.593401,-0.679164,0.000000,0.000000,0.000000,65535.000000,4.089919,2.730868,3.154166,2.595594,3.154166,2.595594,0.250000,1.000000,1.000000
22050.000000,3.147222,2.586602,-0.694407,-0.899203,0.000000,2.000000,0.000000,1.000000,0.000000,0.590429,1.035802,-0.832770,-0.615938,-0.041025,0.000000,0.000000,0.000000,65535.000000,4.089919,2.730868,3.147222,2.586602,3.147222,2.586602,0.250000,1.000000,1.000000
22060.000000,3.139998,2.577703,-0.722383,-0.889854,0.000000,2.000000,0.000000,1.000000,0.000000,0.690848,1.014145,-0.802456,-0.620125,0.761271,0.000000,0.000000,0.000000,65535.000000,4.089919,2.730868,3.139998,2.577703,3.139998,2.577703,0.250000,1.000000,1.000000
22070.000000,3.132857,2.569241,-0.714086,-0.846197,0.000000,2.000000,0.000000,1.000000,0.000000,0.698745,1.004059,-0.779918,-0.632346,0.755513,0.000000,0.000000,0.000000,65535.000000,4.089919,2.730868,3.132857,2.569241,3.132857,2.569241,0.250000,1.000000,1.000000
22080.000000,3.125585,2.561119,-0.727260,-0.812239,0.000000,2.000000,0.000000,1.000000,0.000000,0.698745,0.968349,-0.739911,-0.624685,0.749842,0.000000,0.000000,0.000000,65535.000000,4.089919,2.730868,3.125585,2.561119,3.125585,2.561119,0.250000,1.000000,1.000000
22090.000000,3.118000,2.553109,-0.758496,-0.800972,0.000000,2.000000,0.000000,1.000000,0.000000,0.572552,0.969667,-0.719271,-0.650310,0.090245,0.000000,0.000000,0.000000,65535.000000,4.089919,2.730868,3.118000,2.553109,3.118000,2.553109,0.250000,1.000000,1.000000
22100.000000,3.109970,2.544827,-0.803001,-0.828224,0.000000,2.000000,0.000000,1.000000,0.000000,0.572552,0.971992,-0.700710,-0.673626,0.090163,0.000000,0.000000,0.000000,65535.000000,4.089919,2.730868,3.109970,2.544827,3.109970,2.544827,0.250000,1.000000,1.000000
22110.000000,3.101802,2.536415,-0.816785,-0.841191,0.000000,2.000000,0.000000,1.000000,0.000000,0.602155,0.996501,-0.710250,-0.698971,-0.883387,0.000000,0.000000,0.000000,65535.000000,4.089919,2.730868,3.101802,2.536415,3.101802,2.536415,0.250000,1.000000,1.000000
22120.000000,3.093449,2.527771,-0.835331,-0.864379,0.000000,2.000000,0.000000,1.000000,0.000000,0.650018,1.016203,-0.724612,-0.712465,-0.919452,0.000000,0.000000,0.000000,65535.000000,4.089919,2.730868,3.093449,2.527771,3.093449,2.527771,0.250000,1.000000,1.000000
22130.000000,3.085224,2.519317,-0.822451,-0.845442,0.000000,2.000000,0.000000,1.000000,0.000000,0.711481,1.036775,-0.742590,-0.723507,-0.554561,0.000000,0.000000,0.000000,65535.000000,4.089919,2.730868,3.085224,2.519317,3.085224,2.519317,0.250000,1.000000,1.000000
22140.000000,3.077111,2.511078,-0.811289,-0.823889,0.000000,2.000000,0.000000,1.000000,0.000000,0.552197,1.022914,-0.730730,-0.715812,-0.551499,0.000000,0.000000,0.000000,65535.000000,4.089919,2.730868,3.077111,2.511078,3.077111,2.511078,0.250000,1.000000,1.000000
22150.000000,3.069069,2.502983,-0.804256,-0.809535,0.000000,2.000000,0.000000,1.000000,0.000000,0.416686,1.017372,-0.721485,-0.717291,-0.879132,0.000000,0.000000,0.000000,65535.000000,4.089919,2.730868,3.069069,2.502983,3.069069,2.502983,0.250000,1.000000,1.000000
22160.000000,3.060806,2.494962,-0.826228,-0.802145,0.000000,2.000000,0.000000,1.000000,0.000000,0.378804,1.023525,-0.721697,-0.725781,-0.952708,0.000000,0.000000,0.000000,65535.000000,4.089919,2.730868,3.060806,2.494962,3.060806,2.494962,0.250000,1.000000,1.000000
22170.000000,3.052447,2.487275,-0.835971,-0.768631,0.000000,2.000000,0.000000,1.000000,0.000000,0.360787,1.041321,-0.719210,-0.753051,-1.125488,0.000000,0.000000,0.000000,65535.000000,4.089919,2.730868,3.052447,2.487275,3.052447,2.487275,0.250000,1.000000,1.000000
22180.000000,3.044374,2.479860,-0.807270,-0.741519,0.000000,2.000000,0.000000,1.000000,0.000000,0.301232,1.032807,-0.690859,-0.767727,-1.167707,0.000000,0.000000,0.000000,65535.000000,4.089919,2.730868,3.044374,2.479860,3.044374,2.479860,0.250000,1.000000,1.000000
22190.000000,3.036742,2.472571,-0.763150,-0.728853,0.000000,2.000000,0.000000,1.000000,0.000000,0.428705,1.014967,-0.678686,-0.754681,-1.260000,0.000000,0.000000,0.000000,65535.000000,4.089919,2.730868,3.036742,2.472571,3.036742,2.472571,0.250000,1.000000,1.000000
22200.000000,3.029278,2.465302,-0.746465,-0.726989,0.000000,2.000000,0.000000,1.000000,0.000000,0.674449,1.008276,-0.689530,-0.735642,-1.244306,0.000000,0.000000,0.000000,65535.000000,4.089919,2.730868,3.029278,2.465302,3.029278,2.465302,0.250000,1.000000,1.000000
22210.000000,3.021931,2.458067,-0.734642,-0.723428,0.000000,2.000000,0.000000,1.000000,0.000000,0.512941,1.027371,-0.709273,-0.743252,-1.228998,0.000000,0.000000,0.000000,65535.000000,4.089919,2.730868,3.021931,2.458067,3.021931,2.458067,0.250000,1.000000,1.000000
22220.000000,3.014669,2.450892,-0.726230,-0.717508,0.000000,2.000000,0.000000,1.000000,0.000000,0.397702,1.014470,-0.703731,-0.730692,-1.436217,0.000000,0.000000,0.000000,65535.000000,4.089919,2.730868,3.014669,2.450892,3.014669,2.450892,0.250000,1.000000,1.000000
22230.000000,3.007384,2.443840,-0.728552,-0.705265,0.000000,2.000000,0.000000,1.000000,0.000000,0.346687,1.020895,-0.708833,-0.734699,-1.582636,0.000000,0.000000,0.000000,65535.000000,4.089919,2.730868,3.007384,2.443840,3.007384,2.443840,0.250000,1.000000,1.000000
22240.000000,3.000031,2.436964,-0.735307,-0.687594,0.000000,2.000000,0.000000,1.000000,0.000000,0.232086,1.013995,-0.696264,-0.737159,-1.926757,0.000000,0.000000,0.000000,65535.000000,4.089919,2.730868,3.000031,2.436964,3.000031,2.436964,0.250000,1.000000,1.000000
22250.000000,2.992521,2.430392,-0.750948,-0.657124,0.000000,2.000000,0.000000,1.000000,0.000000,0.232086,1.006709,-0.678733,-0.743494,-1.890299,0.000000,0.000000,0.000000,65535.000000,4.089919,2.730868,2.992521,2.430392,2.992521,2.430392,0.250000,1.000000,1.000000
22260.000000,2.984744,2.424153,-0.777697,-0.623965,0.000000,2.000000,0.000000,1.000000,0.000000,0.232086,0.997865,-0.647688,-0.759102,-1.855195,0.000000,0.000000,0.000000,65535.000000,4.089919,2.730868,2.984744,2.424153,2.984744,2.424153,0.250000,1.000000,1.000000
22270.000000,2.976591,2.418274,-0.815303,-0.587845,0.000000,2.000000,0.000000,1.000000,0.000000,0.196617,0.997068,-0.613579,-0.785917,-1.933136,0.000000,0.000000,0.000000,65535.000000,4.089919,2.730868,2.976591,2.418274,2.976591,2.418274,0.250000,1.000000,1.000000
22280.000000,2.968079,2.412797,-0.851228,-0.547674,0.000000,2.000000,0.000000,1.000000,0.000000,0.191300,1.005127,-0.576934,-0.823060,-1.912703,0.000000,0.000000,0.000000,65535.000000,4.089919,2.730868,2.968079,2.412797,2.968079,2.412797,0.250000,1.000000,1.000000
22290.000000,2.959330,2.407564,-0.874868,-0.523313,0.000000,2.000000,0.000000,1.000000,0.000000,0.191300,1.012193,-0.535461,-0.858963,-1.876770,0.000000,0.000000,0.000000,65535.000000,4.089919,2.730868,2.959330,2.407564,2.959330,2.407564,0.250000,1.000000,1.000000
22300.000000,2.950436,2.402588,-0.889403,-0.497671,0.000000,2.000000,0.000000,1.000000,0.000000,0.785882,1.019436,-0.509343,-0.883074,-0.276878,0.000000,0.000000,0.000000,65535.000000,4.089919,2.730868,2.950436,2.402588,2.950436,2.402588,0.250000,1.000000,1.000000
22310.000000,2.940624,2.397325,-0.981253,-0.526243,0.000000,2.000000,0.000000,1.000000,0.000000,1.073758,1.019174,-0.483492,-0.897190,-0.100209,0.000000,0.000000,0.000000,65535.000000,4.089919,2.730868,2.940624,2.397325,2.940624,2.397325,0.250000,1.000000,1.000000
22320.000000,2.930138,2.392020,-1.048510,-0.530475,0.000000,2.000000,0.000000,1.000000,0.000000,1.042527,1.031447,-0.453227,-0.926535,2.296588,0.000000,0.000000,0.000000,65535.000000,4.089919,2.730868,2.930138,2.392020,2.930138,2.392020,0.250000,1.000000,1.000000
22330.000000,2.919909,2.386673,-1.022915,-0.534698,0.000000,2.000000,0.000000,1.000000,0.000000,1.042527,1.053922,-0.429410,-0.962475,2.244979,0.000000,0.000000,0.000000,65535.000000,4.089919,2.730868,2.919909,2.386673,2.919909,2.386673,0.250000,1.000000,1.000000
22340.000000,2.910001,2.381228,-0.990804,-0.544539,0.000000,2.000000,0.000000,1.000000,0.000000,1.042527,1.020461,-0.425909,-0.927331,2.387809,0.000000,0.000000,0.000000,65535.000000,4.089919,2.730868,2.910001,2.381228,2.910001,2.381228,0.250000,1.000000,1.000000
22350.000000,2.900273,2.376047,-0.972845,-0.518128,0.000000,2.000000,0.000000,1.000000,0.000000,0.960638,0.996339,-0.435535,-0.896103,2.332068,0.000000,0.000000,0.000000,65535.000000,4.089919,2.730868,2.900273,2.376047,2.900273,2.376047,0.250000,1.000000,1.000000
22360.000000,2.890117,2.371257,-1.015566,-0.478965,0.000000,2.000000,0.000000,1.000000,0.000000,0.960638,1.004640,-0.432941,-0.906568,2.278870,0.000000,0.000000,0.000000,65535.000000,4.089919,2.730868,2.890117,2.371257,2.890117,2.371257,0.250000,1.000000,1.000000
22370.000000,2.879837,2.366470,-1.028047,-0.478737,0.000000,2.000000,0.000000,1.000000,0.000000,1.067117,1.046072,-0.404524,-0.964690,1.112640,0.000000,0.000000,0.000000,65535.000000,4.089919,2.730868,2.879837,2.366470,2.879837,2.366470,0.250000,1.000000,1.000000
22380.000000,2.869628,2.361592,-1.020825,-0.487788,0.000000,2.000000,0.000000,1.000000,0.000000,1.339177,1.034583,-0.386422,-0.959709,1.025432,0.000000,0.000000,0.000000,65535.000000,4.089919,2.730868,2.869628,2.361592,2.869628,2.361592,0.250000,1.000000,1.000000
22390.000000,2.859812,2.356999,-0.981691,-0.459285,0.000000,2.000000,0.000000,1.000000,0.000000,1.067321,1.020115,-0.387738,-0.943554,0.515912,0.000000,0.000000,0.000000,65535.000000,4.089919,2.730868,2.859812,2.356999,2.859812,2.356999,0.250000,1.000000,1.000000
22400.000000,2.849929,2.353016,-0.988261,-0.398336,0.000000,2.000000,0.000000,1.000000,0.000000,0.502390,1.004936,-0.382003,-0.929499,-0.980761,0.000000,0.000000,0.000000,65535.000000,4.089919,2.730868,2.849929,2.353016,2.849929,2.353016,0.250000,1.000000,1.000000
22410.000000,2.839947,2.349557,-0.998202,-0.345817,0.000000,2.000000,0.000000,1.000000,0.000000,0.560271,1.037249,-0.354930,-0.974634,-0.800744,0.000000,0.000000,0.000000,65535.000000,4.089919,2.730868,2.839947,2.349557,2.839947,2.349557,0.250000,1.000000,1.000000
22420.000000,2.829825,2.346321,-1.012173,-0.323639,0.000000,2.000000,0.000000,1.000000,0.000000,0.560271,1.053101,-0.318679,-1.003725,-0.794377,0.000000,0.000000,0.000000,65535.000000,4.089919,2.730868,2.829825,2.346321,2.829825,2.346321,0.250000,1.000000,1.000000
22430.000000,2.819011,2.343078,-1.081369,-0.324305,0.000000,2.000000,0.000000,1.000000,0.000000,0.559922,1.062655,-0.299693,-1.019519,-0.789160,0.000000,0.000000,0.000000,65535.000000,4.089919,2.730868,2.819011,2.343078,2.819011,2.343078,0.250000,1.000000,1.000000
22440.000000,2.807396,2.340219,-1.161517,-0.285889,0.000000,2.000000,0.000000,1.000000,0.000000,0.459404,1.086011,-0.267099,-1.052653,-1.082420,0.000000,0.000000,0.000000,65535.000000,4.089919,2.730868,2.807396,2.340219,2.807396,2.340219,0.250000,1.000000,1.000000
22450.000000,2.795354,2.337828,-1.204154,-0.239098,0.000000,2.000000,0.000000,1.000000,0.000000,0.657782,1.143102,-0.218955,-1.121936,-0.474828,0.000000,0.000000,0.000000,65535.000000,4.089919,2.730868,2.795354,2.337828,2.795354,2.337828,0.250000,1.000000,1.000000
22460.000000,2.782628,2.335473,-1.272653,-0.235516,0.000000,2.000000,0.000000,1.000000,0.000000,0.915316,1.169402,-0.165842,-1.157583,0.524206,0.000000,0.000000,0.000000,65535.000000,4.089919,2.730868,2.782628,2.335473,2.782628,2.335473,0.250000,1.000000,1.000000
22470.000000,2.769495,2.332914,-1.313267,-0.255952,0.000000,2.000000,0.000000,1.000000,0.000000,0.915316,1.214804,-0.143044,-1.206352,0.599212,0.000000,0.000000,0.000000,65535.000000,4.089919,2.730868,2.769495,2.332914,2.769495,2.332914,0.250000,1.000000,1.000000
22480.000000,2.756459,2.330432,-1.303682,-0.248123,0.000000,2.000000,0.000000,1.000000,0.000000,0.937134,1.218616,-0.131663,-1.211482,1.946357,0.000000,0.000000,0.000000,65535.000000,4.089919,2.730868,2.756459,2.330432,2.756459,2.330432,0.250000,1.000000,1.000000
22490.000000,2.743461,2.327872,-1.299725,-0.256084,0.000000,2.000000,0.000000,1.000000,0.000000,0.937134,1.203203,-0.103085,-1.198779,1.909161,0.000000,0.000000,0.000000,65535.000000,4.089919,2.730868,2.743461,2.327872,2.743461,2.327872,0.250000,1.000000,1.000000
22500.000000,2.730271,2.325243,-1.319049,-0.262854,0.000000,2.000000,0.000000,1.000000,0.000000,0.731495,1.207742,-0.094043,-1.204075,1.116705,0.000000,0.000000,0.000000,65535.000000,4.089919,2.730868,2.730271,2.325243,2.730271,2.325243,0.250000,1.000000,1.000000
22510.000000,2.716842,2.322070,-1.342875,-0.317339,0.000000,2.000000,0.000000,1.000000,0.000000,1.352628,1.219203,-0.102231,-1.214909,3.262074,0.000000,0.000000,0.000000,65535.000000,4.089919,2.730868,2.716842,2.322070,2.716842,2.322070,0.250000,1.000000,1.000000
22520.000000,2.703416,2.318304,-1.342616,-0.376549,0.000000,2.000000,0.000000,1.000000,0.000000,1.352628,1.202502,-0.148475,-1.193301,3.158925,0.000000,0.000000,0.000000,65535.000000,4.089919,2.730868,2.703416,2.318304,2.703416,2.318304,0.250000,1.000000,1.000000
22530.000000,2.690261,2.314694,-1.315500,-0.360974,0.000000,2.000000,0.000000,1.000000,0.000000,1.073035,1.201936,-0.197804,-1.185547,2.532363,0.000000,0.000000,0.000000,65535.000000,4.089919,2.730868,2.690261,2.314694,2.690261,2.314694,0.250000,1.000000,1.000000
22540.000000,2.677061,2.311450,-1.320002,-0.324471,0.000000,2.000000,0.000000,1.000000,0.000000,0.663843,1.191046,-0.197343,-1.174583,-0.441169,0.000000,0.000000,0.000000,65535.000000,4.089919,2.730868,2.677061,2.311450,2.677061,2.311450,0.250000,1.000000,1.000000
22550.000000,2.663896,2.308782,-1.316524,-0.266780,0.000000,2.000000,0.000000,1.000000,0.000000,0.663843,1.208327,-0.176125,-1.195423,-0.439230,0.000000,0.000000,0.000000,65535.000000,4.089919,2.730868,2.663896,2.308782,2.663896,2.308782,0.250000,1.000000,1.000000
22560.000000,2.650670,2.306416,-1.322615,-0.236561,0.000000,2.000000,0.000000,1.000000,0.000000,0.689487,1.220968,-0.138890,-1.213043,0.086390,0.000000,0.000000,0.000000,65535.000000,4.089919,2.730868,2.650670,2.306416,2.650670,2.306416,0.250000,1.000000,1.000000
22570.000000,2.637513,2.304328,-1.315658,-0.208852,0.000000,2.000000,0.000000,1.000000,0.000000,0.689487,1.242591,-0.125187,-1.236269,0.086315,0.000000,0.000000,0.000000,65535.000000,4.089919,2.730868,2.637513,2.304328,2.637513,2.304328,0.250000,1.000000,1.000000
22580.000000,2.624097,2.302261,-1.341623,-0.206695,0.000000,2.000000,0.000000,1.000000,0.000000,0.681619,1.247256,-0.111539,-1.242259,0.086241,0.000000,0.000000,0.000000,65535.000000,4.089919,2.730868,2.624097,2.302261,2.624097,2.302261,0.250000,1.000000,1.000000
22590.000000,2.610258,2.300060,-1.383826,-0.220075,0.000000,2.000000,0.000000,1.000000,0.000000,0.372748,1.264679,-0.103814,-1.260411,-1.156190,0.000000,0.000000,0.000000,65535.000000,4.089919,2.730868,2.610258,2.300060,2.610258,2.300060,0.250000,1.000000,1.000000
22600.000000,2.596411,2.297508,-1.384714,-0.255247,0.000000,2.000000,0.000000,1.000000,0.000000,0.635940,1.290873,-0.094491,-1.287410,-0.007537,0.000000,0.000000,0.000000,65535.000000,4.089919,2.730868,2.596411,2.297508,2.596411,2.297508,0.250000,1.000000,1.000000
22610.000000,2.582805,2.294746,-1.360600,-0.276195,0.000000,2.000000,0.000000,1.000000,0.000000,0.661518,1.296735,-0.089421,-1.293648,0.532630,0.000000,0.000000,0.000000,65535.000000,4.089919,2.730868,2.582805,2.294746,2.582805,2.294746,0.250000,1.000000,1.000000
22620.000000,2.569250,2.292165,-1.355511,-0.258065,0.000000,2.000000,0.000000,1.000000,0.000000,0.661518,1.276875,-0.084999,-1.274043,0.529806,0.000000,0.000000,0.000000,65535.000000,4.089919,2.730868,2.569250,2.292165,2.569250,2.292165,0.250000,1.000000,1.000000
22630.000000,2.555630,2.289909,-1.361967,-0.225559,0.000000,2.000000,0.000000,1.000000,0.000000,0.654517,1.280790,-0.075742,-1.278548,0.639426,0.000000,0.000000,0.000000,65535.000000,4.089919,2.730868,2.555630,2.289909,2.555630,2.289909,0.250000,1.000000,1.000000
22640.000000,2.541749,2.288019,-1.388101,-0.189046,0.000000,2.000000,0.000000,1.000000,0.000000,0.838905,1.305333,-0.057628,-1.304061,0.635359,0.000000,0.000000,0.000000,65535.000000,4.089919,2.730868,2.541749,2.288019,2.541749,2.288019,0.250000,1.000000,1.000000
22650.000000,2.528105,2.286468,-1.364492,-0.155119,0.000000,2.000000,0.000000,1.000000,0.000000,0.950823,1.364079,-0.025570,-1.363840,0.631344,0.000000,0.000000,0.000000,65535.000000,4.089919,2.730868,2.528105,2.286468,2.528105,2.286468,0.250000,1.000000,1.000000
22660.000000,2.514508,2.285004,-1.359677,-0.146424,0.000000,2.000000,0.000000,1.000000,0.000000,0.770442,1.372985,0.005890,-1.372973,-0.303088,0.000000,0.000000,0.000000,65535.000000,4.089919,2.730868,2.514508,2.285004,2.514508,2.285004,0.250000,1.000000,1.000000
22670.000000,2.501061,2.283741,-1.344676,-0.126240,0.000000,2.000000,0.000000,1.000000,0.000000,0.411292,1.387057,0.023898,-1.386852,-1.362003,0.000000,0.000000,0.000000,65535.000000,4.089919,2.730868,2.501061,2.283741,2.501061,2.283741,0.250000,1.000000,1.000000
22680.000000,2.487731,2.282845,-1.333022,-0.089612,0.000000,2.000000,0.000000,1.000000,0.000000,0.333140,1.382702,0.034300,-1.382277,-1.611277,0.000000,0.000000,0.000000,65535.000000,4.089919,2.730868,2.487731,2.282845,2.487731,2.282845,0.250000,1.000000,1.000000
22690.000000,2.474953,2.282398,-1.277745,-0.044743,0.000000,2.000000,0.000000,1.000000,0.000000,0.369371,1.410196,0.070782,-1.408418,-1.462030,0.000000,0.000000,0.000000,65535.000000,4.089919,2.730868,2.474953,2.282398,2.474953,2.282398,0.250000,1.000000,1.000000
22700.000000,2.462089,2.282202,-1.286430,-0.019579,0.000000,2.000000,0.000000,1.000000,0.000000,0.369371,1.417034,0.126549,-1.411372,-1.440942,0.000000,0.000000,0.000000,65535.000000,4.089919,2.730868,2.462089,2.282202,2.462089,2.282202,0.250000,1.000000,1.000000
22710.000000,2.448952,2.281926,-1.313675,-0.027586,0.000000,2.000000,0.000000,1.000000,0.000000,0.361154,1.452692,0.150321,-1.444893,-1.481416,0.000000,0.000000,0.000000,65535.000000,4.089919,2.730868,2.448952,2.281926,2.448952,2.281926,0.250000,1.000000,1.000000
22720.000000,2.435428,2.281399,-1.352433,-0.052647,0.000000,2.000000,0.000000,1.000000,0.000000,0.160995,1.486822,0.156412,-1.478572,-1.971033,0.000000,0.000000,0.000000,65535.000000,4.089919,2.730868,2.435428,2.281399,2.435428,2.281399,0.250000,1.000000,1.000000
22730.000000,2.421871,2.280603,-1.355633,-0.079651,0.000000,2.000000,0.000000,1.000000,0.000000,0.281738,1.531977,0.162115,-1.523375,-1.587005,0.000000,0.000000,0.000000,65535.000000,4.089919,2.730868,2.421871,2.280603,2.421871,2.280603,0.250000,1.000000,1.000000
22740.000000,2.408363,2.279751,-1.350803,-0.085170,0.000000,2.000000,0.000000,1.000000,0.000000,0.822981,1.520318,0.149261,-1.512974,-0.508244,0.000000,0.000000,0.000000,65535.000000,4.089919,2.730868,2.408363,2.279751,2.408363,2.279751,0.250000,1.000000,1.000000
22750.000000,2.394843,2.278807,-1.352044,-0.094409,0.000000,2.000000,0.000000,1.000000,0.000000,0.930965,1.502607,0.138097,-1.496248,-0.505672,0.000000,0.000000,0.000000,65535.000000,4.089919,2.730868,2.394843,2.278807,2.394843,2.278807,0.250000,1.000000,1.000000
22760.000000,2.381329,2.277925,-1.351360,-0.088254,0.000000,2.000000,0.000000,1.000000,0.000000,0.701069,1.502588,0.137131,-1.496318,0.944085,0.000000,0.000000,0.000000,65535.000000,4.089919,2.730868,2.381329,2.277925,2.381329,2.277925,0.250000,1.000000,1.000000
22770.000000,2.368137,2.277175,-1.319196,-0.074945,0.000000,2.000000,0.000000,1.000000,0.000000,0.866423,1.517670,0.150930,-1.510146,1.327726,0.000000,0.000000,0.000000,65535.000000,4.089919,2.730868,2.368137,2.277175,2.368137,2.277175,0.250000,1.000000,1.000000
22780.000000,2.355199,2.276667,-1.293873,-0.050861,0.000000,2.000000,0.000000,1.000000,0.000000,0.866423,1.484148,0.149590,-1.476590,1.310311,0.000000,0.000000,0.000000,65535.000000,4.089919,2.730868,2.355199,2.276667,2.355199,2.276667,0.250000,1.000000,1.000000
22790.000000,2.342457,2.276463,-1.274139,-0.020355,0.000000,2.000000,0.000000,1.000000,0.000000,0.809103,1.463355,0.153346,-1.455298,0.673930,0.000000,0.000000,0.000000,65535.000000,4.089919,2.730868,2.342457,2.276463,2.342457,2.276463,0.250000,1.000000,1.000000
22800.000000,2.329599,2.276649,-1.285857,0.018559,0.000000,2.000000,0.000000,1.000000,0.000000,0.974705,1.457849,0.165467,-1.448428,0.669414,0.000000,0.000000,0.000000,65535.000000,4.089919,2.730868,2.329599,2.276649,2.329599,2.276649,0.250000,1.000000,1.000000
22810.000000,2.316796,2.277053,-1.280308,0.040444,0.000000,2.000000,0.000000,1.000000,0.000000,0.920935,1.468393,0.180105,-1.457306,0.057512,0.000000,0.000000,0.000000,65535.000000,4.089919,2.730868,2.316796,2.277053,2.316796,2.277053,0.250000,1.000000,1.000000
22820.000000,2.304116,2.277353,-1.267998,0.030025,0.000000,2.000000,0.000000,1.000000,0.000000,0.473736,1.432096,0.174700,-1.421400,-0.377705,0.000000,0.000000,0.000000,65535.000000,4.089919,2.730868,2.304116,2.277353,2.304116,2.277353,0.250000,1.000000,1.000000
22830.000000,2.291137,2.277484,-1.297814,0.013074,0.000000,2.000000,0.000000,1.000000,0.000000,0.410860,1.387624,0.138015,-1.380743,-0.594764,0.000000,0.000000,0.000000,65535.000000,4.089919,2.730868,2.291137,2.277484,2.291137,2.277484,0.250000,1.000000,1.000000
22840.000000,2.278439,2.277293,-1.269837,-0.019085,0.000000,2.000000,0.000000,1.000000,0.000000,1.202911,1.359737,0.071656,-1.357848,2.546295,0.000000,0.000000,0.000000,65535.000000,4.089919,2.730868,2.278439,2.277293,2.278439,2.277293,0.250000,1.000000,1.000000
22850.000000,2.266618,2.276804,-1.182120,-0.048860,0.000000,2.000000,0.000000,1.000000,0.000000,1.202911,1.289469,0.018482,-1.289337,2.483008,0.000000,0.000000,0.000000,65535.000000,4.089919,2.730868,2.266618,2.276804,2.266618,2.276804,0.250000,1.000000,1.000000
22860.000000,2.255680,2.276198,-1.093742,-0.060634,0.000000,2.000000,0.000000,1.000000,0.000000,1.202911,1.169445,-0.012205,-1.169381,2.422789,0.000000,0.000000,0.000000,65535.000000,4.089919,2.730868,2.255680,2.276198,2.255680,2.276198,0.250000,1.000000,1.000000
22870.000000,2.245352,2.275808,-1.032835,-0.038992,0.000000,2.000000,0.000000,1.000000,0.000000,0.504682,1.072490,-0.020578,-1.072293,-0.363843,0.000000,0.000000,0.000000,65535.000000,4.089919,2.730868,2.245352,2.275808,2.245352,2.275808,0.250000,1.000000,1.000000
22880.000000,2.235303,2.275489,-1.004939,-0.031953,0.000000,2.000000,0.000000,1.000000,0.000000,0.896295,1.028235,-0.028337,-1.027845,1.171727,0.000000,0.000000,0.000000,65535.000000,4.089919,2.730868,2.235303,2.275489,2.235303,2.275489,0.250000,1.000000,1.000000
22890.000000,2.225259,2.275101,-1.004368,-0.038777,0.000000,2.000000,0.000000,1.000000,0.000000,0.896295,1.011373,-0.031138,-1.010893,1.158143,0.000000,0.000000,0.000000,65535.000000,4.089919,2.730868,2.225259,2.275101,2.225259,2.275101,0.250000,1.000000,1.000000
22900.000000,2.215110,2.274557,-1.014866,-0.054436,0.000000,2.000000,0.000000,1.000000,0.000000,0.882010,1.005116,-0.031549,-1.004621,1.103200,0.000000,0.000000,0.000000,65535.000000,4.089919,2.730868,2.215110,2.274557,2.215110,2.274557,0.250000,1.000000,1.000000
22910.000000,2.205437,2.274532,-0.967321,-0.002516,0.000000,2.000000,0.000000,1.000000,0.000000,0.832359,1.016325,-0.046849,-1.015244,0.849969,0.000000,0.000000,0.000000,65535.000000,4.089919,2.730868,2.205437,2.274532,2.205437,2.274532,0.250000,1.000000,1.000000
22920.000000,2.196060,2.275101,-0.937673,0.056922,0.000000,2.000000,0.000000,1.000000,0.000000,0.832359,0.967324,0.004601,-0.967314,0.842799,0.000000,0.000000,0.000000,65535.000000,4.089919,2.730868,2.196060,2.275101,2.196060,2.275101,0.250000,1.000000,1.000000
22930.000000,2.187049,2.276080,-0.901114,0.097887,0.000000,2.000000,0.000000,1.000000,0.000000,0.832359,0.939399,0.064323,-0.937195,0.835748,0.000000,0.000000,0.000000,65535.000000,4.089919,2.730868,2.187049,2.276080,2.187049,2.276080,0.250000,1.000000,1.000000
22940.000000,2.178179,2.277305,-0.887095,0.122511,0.000000,2.000000,0.000000,1.000000,0.000000,0.704765,0.906415,0.106881,-0.900091,0.307644,0.000000,0.000000,0.000000,65535.000000,4.089919,2.730868,2.178179,2.277305,2.178179,2.277305,0.250000,1.000000,1.000000
22950.000000,2.169611,2.278489,-0.856802,0.118400,0.000000,2.000000,0.000000,1.000000,0.000000,0.704765,0.895514,0.133011,-0.885581,0.306699,0.000000,0.000000,0.000000,65535.000000,4.089919,2.730868,2.169611,2.278489,2.169611,2.278489,0.250000,1.000000,1.000000
22960.000000,2.161199,2.279804,-0.841157,0.131509,0.000000,2.000000,0.000000,1.000000,0.000000,0.727763,0.864944,0.128774,-0.855304,0.102580,0.000000,0.000000,0.000000,65535.000000,4.089919,2.730868,2.161199,2.279804,2.161199,2.279804,0.250000,1.000000,1.000000
22970.000000,2.152970,2.281317,-0.822889,0.151343,0.000000,2.000000,0.000000,1.000000,0.000000,1.032193,0.851375,0.141874,-0.839471,0.102474,0.000000,0.000000,0.000000,65535.000000,4.089919,2.730868,2.152970,2.281317,2.152970,2.281317,0.250000,1.000000,1.000000
22980.000000,2.144757,2.283132,-0.821353,0.181450,0.000000,2.000000,0.000000,1.000000,0.000000,0.939698,0.836690,0.162348,-0.820789,-0.010566,0.000000,0.000000,0.000000,65535.000000,4.089919,2.730868,2.144757,2.283132,2.144757,2.283132,0.250000,1.000000,1.000000
22990.000000,2.136865,2.285272,-0.789191,0.214005,0.000000,2.000000,0.000000,1.000000,0.000000,0.941525,0.841157,0.191929,-0.818968,-0.010564,0.000000,0.000000,0.000000,65535.000000,4.089919,2.730868,2.136865,2.285272,2.136865,2.285272,0.250000,1.000000,1.000000
23000.000000,2.129294,2.287732,-0.757024,0.246025,0.000000,2.000000,0.000000,1.000000,0.000000,0.608305,0.817692,0.222522,-0.786832,-0.072762,0.000000,0.000000,0.000000,65535.000000,4.089919,2.730868,2.129294,2.287732,2.129294,2.287732,0.250000,1.000000,1.000000
23010.000000,2.122350,2.290606,-0.694462,0.287435,0.000000,2.000000,0.000000,1.000000,0.000000,0.608305,0.795998,0.253083,-0.754693,-0.072709,0.000000,0.000000,0.000000,65535.000000,4.089919,2.730868,2.122350,2.290606,2.122350,2.290606,0.250000,1.000000,1.000000
23020.000000,2.115935,2.294007,-0.641493,0.340051,0.000000,2.000000,0.000000,1.000000,0.000000,0.727316,0.751596,0.292783,-0.692225,0.461281,0.000000,0.000000,0.000000,65535.000000,4.089919,2.730868,2.115935,2.294007,2.115935,2.294007,0.250000,1.000000,1.000000
23030.000000,2.109713,2.297741,-0.622152,0.373427,0.000000,2.000000,0.000000,1.000000,0.000000,0.727316,0.726050,0.343982,-0.639394,0.459161,0.000000,0.000000,0.000000,65535.000000,4.089919,2.730868,2.109713,2.297741,2.109713,2.297741,0.250000,1.000000,1.000000
23040.000000,2.103546,2.301759,-0.616753,0.401766,0.000000,2.000000,0.000000,1.000000,0.000000,0.727316,0.725618,0.378036,-0.619363,0.457060,0.000000,0.000000,0.000000,65535.000000,4.089919,2.730868,2.103546,2.301759,2.103546,2.301759,0.250000,1.000000,1.000000
23050.000000,2.097613,2.306043,-0.593268,0.428440,0.000000,2.000000,0.000000,1.000000,0.000000,0.632882,0.736071,0.408104,-0.612578,0.477007,0.000000,0.000000,0.000000,65535.000000,4.089919,2.730868,2.097613,2.306043,2.097613,2.306043,0.250000,1.000000,1.000000
23060.000000,2.091811,2.310612,-0.580182,0.456862,0.000000,2.000000,0.000000,1.000000,0.000000,0.656511,0.731798,0.435071,-0.588423,0.595277,0.000000,0.000000,0.000000,65535.000000,4.089919,2.730868,2.091811,2.310612,2.091811,2.310612,0.250000,1.000000,1.000000
23070.000000,2.086055,2.315269,-0.575583,0.465669,0.000000,2.000000,0.000000,1.000000,0.000000,0.656511,0.738468,0.463405,-0.574970,0.591751,0.000000,0.000000,0.000000,65535.000000,4.089919,2.730868,2.086055,2.315269,2.086055,2.315269,0.250000,1.000000,1.000000
23080.000000,2.080479,2.320009,-0.557654,0.473981,0.000000,2.000000,0.000000,1.000000,0.000000,0.500684,0.740367,0.472297,-0.570157,-0.725533,0.000000,0.000000,0.000000,65535.000000,4.089919,2.730868,2.080479,2.320009,2.080479,2.320009,0.250000,1.000000,1.000000
23090.000000,2.075226,2.324821,-0.525306,0.481297,0.000000,2.000000,0.000000,1.000000,0.000000,0.500684,0.731872,0.479719,-0.552726,-0.720302,0.000000,0.000000,0.000000,65535.000000,4.089919,2.730868,2.075226,2.324821,2.075226,2.324821,0.250000,1.000000,1.000000
23100.000000,2.070222,2.329675,-0.500354,0.485355,0.000000,2.000000,0.000000,1.000000,0.000000,0.478084,0.712456,0.485585,-0.521345,-0.759548,0.000000,0.000000,0.000000,65535.000000,4.089919,2.730868,2.070222,2.329675,2.070222,2.329675,0.250000,1.000000,1.000000
23110.000000,2.065341,2.334615,-0.488167,0.494006,0.000000,2.000000,0.000000,1.000000,0.000000,0.611223,0.697082,0.488532,-0.497252,-0.085511,0.000000,0.000000,0.000000,65535.000000,4.089919,2.730868,2.065341,2.334615,2.065341,2.334615,0.250000,1.000000,1.000000
23120.000000,2.060501,2.339839,-0.483949,0.522431,0.000000,2.000000,0.000000,1.000000,0.000000,0.611223,0.694513,0.496230,-0.485906,-0.085438,0.000000,0.000000,0.000000,65535.000000,4.089919,2.730868,2.060501,2.339839,2.060501,2.339839,0.250000,1.000000,1.000000
23130.000000,2.055816,2.345257,-0.468492,0.541767,0.000000,2.000000,0.000000,1.000000,0.000000,0.611223,0.712138,0.524509,-0.481696,-0.085364,0.000000,0.000000,0.000000,65535.000000,4.089919,2.730868,2.055816,2.345257,2.055816,2.345257,0.250000,1.000000,1.000000
23140.000000,2.051292,2.350831,-0.452431,0.557420,0.000000,2.000000,0.000000,1.000000,0.000000,0.570970,0.716238,0.544489,-0.465326,-0.188779,0.000000,0.000000,0.000000,65535.000000,4.089919,2.730868,2.051292,2.350831,2.051292,2.350831,0.250000,1.000000,1.000000
23150.000000,2.047039,2.356602,-0.425336,0.577084,0.000000,2.000000,0.000000,1.000000,0.000000,0.570970,0.717921,0.560682,-0.448381,-0.060449,0.000000,0.000000,0.000000,65535.000000,4.089919,2.730868,2.047039,2.356602,2.047039,2.356602,0.250000,1.000000,1.000000
23160.000000,2.043103,2.362800,-0.393571,0.619768,0.000000,2.000000,0.000000,1.000000,0.000000,0.528181,0.716893,0.580439,-0.420745,-0.060412,0.000000,0.000000,0.000000,65535.000000,4.089919,2.730868,2.043103,2.362800,2.043103,2.362800,0.250000,1.000000,1.000000
23170.000000,2.039522,2.369324,-0.358058,0.652487,0.000000,2.000000,0.000000,1.000000,0.000000,0.528181,0.734173,0.623318,-0.387923,-0.060376,0.000000,0.000000,0.000000,65535.000000,4.089919,2.730868,2.039522,2.369324,2.039522,2.369324,0.250000,1.000000,1.000000
23180.000000,2.036031,2.376044,-0.349173,0.671933,0.000000,2.000000,0.000000,1.000000,0.000000,0.355681,0.744274,0.656189,-0.351228,-1.192886,0.000000,0.000000,0.000000,65535.000000,4.089919,2.730868,2.036031,2.376044,2.036031,2.376044,0.250000,1.000000,1.000000
23190.000000,2.032546,2.382820,-0.348467,0.677634,0.000000,2.000000,0.000000,1.000000,0.000000,0.383430,0.757242,0.675717,-0.341793,-1.002640,0.000000,0.000000,0.000000,65535.000000,4.089919,2.730868,2.032546,2.382820,2.032546,2.382820,0.250000,1.000000,1.000000
23200.000000,2.029121,2.389829,-0.342455,0.700938,0.000000,2.000000,0.000000,1.000000,0.000000,0.383430,0.761983,0.681165,-0.341515,-0.992677,0.000000,0.000000,0.000000,65535.000000,4.089919,2.730868,2.029121,2.389829,2.029121,2.389829,0.250000,1.000000,1.000000
23210.000000,2.025924,2.397140,-0.319736,0.731050,0.000000,2.000000,0.000000,1.000000,0.000000,0.775833,0.780122,0.704137,-0.335829,1.360681,0.000000,0.000000,0.000000,65535.000000,4.089919,2.730868,2.025924,2.397140,2.025924,2.397140,0.250000,1.000000,1.000000
23220.000000,2.023060,2.404904,-0.286366,0.776411,0.000000,2.000000,0.000000,1.000000,0.000000,0.982937,0.797913,0.733943,-0.313038,2.467952,0.000000,0.000000,0.000000,65535.000000,4.089919,2.730868,2.023060,2.404904,2.023060,2.404904,0.250000,1.000000,1.000000
23230.000000,2.020449,2.413120,-0.261147,0.821584,0.000000,2.000000,0.000000,1.000000,0.000000,0.982937,0.827538,0.779068,-0.279056,2.402660,0.000000,0.000000,0.000000,65535.000000,4.089919,2.730868,2.020449,2.413120,2.020449,2.413120,0.250000,1.000000,1.000000
23240.000000,2.017928,2.421571,-0.252022,0.845129,0.000000,2.000000,0.000000,1.000000,0.000000,0.982937,0.862089,0.824440,-0.251987,2.346232,0.000000,0.000000,0.000000,65535.000000,4.089919,2.730868,2.017928,2.421571,2.017928,2.421571,0.250000,1.000000,1.000000
23250.000000,2.015478,2.430115,-0.245066,0.854377,0.000000,2.000000,0.000000,1.000000,0.000000,0.815732,0.881906,0.848372,-0.240880,1.399504,0.000000,0.000000,0.000000,65535.000000,4.089919,2.730868,2.015478,2.430115,2.015478,2.430115,0.250000,1.000000,1.000000
23260.000000,2.012981,2.438778,-0.249639,0.866348,0.000000,2.000000,0.000000,1.000000,0.000000,0.815732,0.888830,0.857833,-0.232683,1.380169,0.000000,0.000000,0.000000,65535.000000,4.089919,2.730868,2.012981,2.438778,2.012981,2.438778,0.250000,1.000000,1.000000
23270.000000,2.010536,2.447401,-0.244521,0.862275,0.000000,2.000000,0.000000,1.000000,0.000000,0.751451,0.901598,0.870184,-0.235921,0.434358,0.000000,0.000000,0.000000,65535.000000,4.089919,2.730868,2.010536,2.447401,2.010536,2.447401,0.250000,1.000000,1.000000
23280.000000,2.008106,2.455813,-0.243024,0.841186,0.000000,2.000000,0.000000,1.000000,0.000000,0.732796,0.896275,0.865991,-0.231016,0.423608,0.000000,0.000000,0.000000,65535.000000,4.089919,2.730868,2.008106,2.455813,2.008106,2.455813,0.250000,1.000000,1.000000
23290.000000,2.005954,2.464179,-0.215177,0.836642,0.000000,2.000000,0.000000,1.000000,0.000000,0.769101,0.875588,0.844444,-0.231451,0.588809,0.000000,0.000000,0.000000,65535.000000,4.089919,2.730868,2.005954,2.464179,2.005954,2.464179,0.250000,1.000000,1.000000
23300.000000,2.004266,2.472841,-0.168769,0.866151,0.000000,2.000000,0.000000,1.000000,0.000000,0.769101,0.863869,0.839065,-0.205525,0.585359,0.000000,0.000000,0.000000,65535.000000,4.089919,2.730868,2.004266,2.472841,2.004266,2.472841,0.250000,1.000000,1.000000
23310.000000,2.002956,2.481906,-0.131022,0.906508,0.000000,2.000000,0.000000,1.000000,0.000000,0.792177,0.882440,0.867820,-0.159968,0.755421,0.000000,0.000000,0.000000,65535.000000,4.089919,2.730868,2.002956,2.481906,2.002956,2.481906,0.250000,1.000000,1.000000
23320.000000,2.001917,2.491264,-0.103907,0.935792,0.000000,2.000000,0.000000,1.000000,0.000000,0.792177,0.915927,0.907719,-0.122345,0.749752,0.000000,0.000000,0.000000,65535.000000,4.089919,2.730868,2.001917,2.491264,2.001917,2.491264,0.250000,1.000000,1.000000
23330.000000,2.001225,2.500666,-0.069177,0.940198,0.000000,2.000000,0.000000,1.000000,0.000000,0.865345,0.941544,0.936797,-0.094420,0.744722,0.000000,0.000000,0.000000,65535.000000,4.089919,2.730868,2.001225,2.500666,2.001225,2.500666,0.250000,1.000000,1.000000
23340.000000,2.000599,2.510427,-0.062612,0.976139,0.000000,2.000000,0.000000,1.000000,0.000000,0.869843,0.942739,0.940912,-0.058663,-0.562779,0.000000,0.000000,0.000000,65535.000000,4.089919,2.730868,2.000599,2.510427,2.000599,2.510427,0.250000,1.000000,1.000000
23350.000000,1.999804,2.520400,-0.079498,0.997336,0.000000,2.000000,0.000000,1.000000,0.000000,0.383784,0.978145,0.976805,-0.051183,-1.810658,0.000000,0.000000,0.000000,65535.000000,4.089919,2.730868,1.999804,2.520400,1.999804,2.520400,0.250000,1.000000,1.000000
23360.000000,1.998734,2.530377,-0.106985,0.997722,0.000000,2.000000,0.000000,1.000000,0.000000,0.390339,1.000499,0.998189,-0.067959,-1.744164,0.000000,0.000000,0.000000,65535.000000,4.089919,2.730868,1.998734,2.530377,1.998734,2.530377,0.250000,1.000000,1.000000
23370.000000,1.997810,2.540171,-0.092474,0.979360,0.000000,2.000000,0.000000,1.000000,0.000000,0.904925,1.003442,0.998888,-0.095491,-0.583436,0.000000,0.000000,0.000000,65535.000000,4.089919,2.730868,1.997810,2.540171,1.997810,2.540171,0.250000,1.000000,1.000000
23380.000000,1.996995,2.550133,-0.081435,0.996267,0.000000,2.000000,0.000000,1.000000,0.000000,0.964490,0.983716,0.980344,-0.081378,0.150090,0.000000,0.000000,0.000000,65535.000000,4.089919,2.730868,1.996995,2.550133,1.996995,2.550133,0.250000,1.000000,1.000000
23390.000000,1.996295,2.560443,-0.070086,1.030979,0.000000,2.000000,0.000000,1.000000,0.000000,0.964490,0.999590,0.997091,-0.070645,0.149865,0.000000,0.000000,0.000000,65535.000000,4.089919,2.730868,1.996295,2.560443,1.996295,2.560443,0.250000,1.000000,1.000000
23400.000000,1.995878,2.571282,-0.041703,1.083883,0.000000,2.000000,0.000000,1.000000,0.000000,0.941011,1.033359,1.031580,-0.060608,0.070618,0.000000,0.000000,0.000000,65535.000000,4.089919,2.730868,1.995878,2.571282,1.995878,2.571282,0.250000,1.000000,1.000000
23410.000000,1.995741,2.582295,-0.013687,1.101325,0.000000,2.000000,0.000000,1.000000,0.000000,0.597371,1.084685,1.084159,-0.033767,-1.088462,0.000000,0.000000,0.000000,65535.000000,4.089919,2.730868,1.995741,2.582295,1.995741,2.582295,0.250000,1.000000,1.000000
23420.000000,1.995558,2.593165,-0.018281,1.087001,0.000000,2.000000,0.000000,1.000000,0.000000,0.263950,1.101410,1.101396,-0.005569,-2.183541,0.000000,0.000000,0.000000,65535.000000,4.089919,2.730868,1.995558,2.593165,1.995558,2.593165,0.250000,1.000000,1.000000
23430.000000,1.995146,2.603723,-0.041177,1.055739,0.000000,2.000000,0.000000,1.000000,0.000000,0.667520,1.087155,1.087118,-0.008933,-0.803512,0.000000,0.000000,0.000000,65535.000000,4.089919,2.730868,1.995146,2.603723,1.995146,2.603723,0.250000,1.000000,1.000000
23440.000000,1.994773,2.614391,-0.037340,1.066813,0.000000,2.000000,0.000000,1.000000,0.000000,0.673627,1.056542,1.056107,-0.030299,-0.133601,0.000000,0.000000,0.000000,65535.000000,4.089919,2.730868,1.994773,2.614391,1.994773,2.614391,0.250000,1.000000,1.000000
23450.000000,1.994500,2.625102,-0.027312,1.071099,0.000000,2.000000,0.000000,1.000000,0.000000,0.622218,1.067466,1.067162,-0.025497,-0.133423,0.000000,0.000000,0.000000,65535.000000,4.089919,2.730868,1.994500,2.625102,1.994500,2.625102,0.250000,1.000000,1.000000
23460.000000,1.994358,2.636088,-0.014169,1.098666,0.000000,2.000000,0.000000,1.000000,0.000000,0.444775,1.071447,1.071332,-0.015655,-0.935833,0.000000,0.000000,0.000000,65535.000000,4.089919,2.730868,1.994358,2.636088,1.994358,2.636088,0.250000,1.000000,1.000000
23470.000000,1.994514,2.647410,0.015630,1.132151,0.000000,2.000000,0.000000,1.000000,0.000000,0.552941,1.098757,1.098754,-0.002719,-0.372155,0.000000,0.000000,0.000000,65535.000000,4.089919,2.730868,1.994514,2.647410,1.994514,2.647410,0.250000,1.000000,1.000000
23480.000000,1.994748,2.658838,0.023367,1.142788,0.000000,2.000000,0.000000,1.000000,0.000000,0.552941,1.132259,1.131947,0.026591,-0.370774,0.000000,0.000000,0.000000,65535.000000,4.089919,2.730868,1.994748,2.658838,1.994748,2.658838,0.250000,1.000000,1.000000
23490.000000,1.994867,2.670094,0.011915,1.125609,0.000000,2.000000,0.000000,1.000000,0.000000,0.552941,1.143027,1.142514,0.034248,-0.369403,0.000000,0.000000,0.000000,65535.000000,4.089919,2.730868,1.994867,2.670094,1.994867,2.670094,0.250000,1.000000,1.000000
23500.000000,1.994820,2.681243,-0.004691,1.114975,0.000000,2.000000,0.000000,1.000000,0.000000,0.448562,1.125672,1.125449,0.022407,-0.574380,0.000000,0.000000,0.000000,65535.000000,4.089919,2.730868,1.994820,2.681243,1.994820,2.681243,0.250000,1.000000,1.000000
23510.000000,1.994638,2.692465,-0.018247,1.122160,0.000000,2.000000,0.000000,1.000000,0.000000,0.346959,1.114985,1.114972,0.005487,-1.151187,0.000000,0.000000,0.000000,65535.000000,4.089919,2.730868,1.994638,2.692465,1.994638,2.692465,0.250000,1.000000,1.000000
23520.000000,1.994486,2.704065,-0.015181,1.160041,0.000000,2.000000,0.000000,1.000000,0.000000,0.417421,1.122308,1.122277,-0.008349,-1.033444,0.000000,0.000000,0.000000,65535.000000,4.089919,2.730868,1.994486,2.704065,1.994486,2.704065,0.250000,1.000000,1.000000
23530.000000,1.994615,2.715796,0.012960,1.173057,0.000000,2.000000,0.000000,1.000000,0.000000,0.608911,1.160140,1.160129,-0.005126,0.131667,0.000000,0.000000,0.000000,65535.000000,4.089919,2.730868,1.994615,2.715796,1.994615,2.715796,0.250000,1.000000,1.000000
23540.000000,1.994841,2.727495,0.022574,1.169864,0.000000,2.000000,0.000000,1.000000,0.000000,0.650028,1.173129,1.172902,0.023045,0.410690,0.000000,0.000000,0.000000,65535.000000,4.089919,2.730868,1.994841,2.727495,1.994841,2.727495,0.250000,1.000000,1.000000
23550.000000,1.994872,2.739008,0.003110,1.151325,0.000000,2.000000,0.000000,1.000000,0.000000,0.650028,1.170082,1.169623,0.032760,0.409009,0.000000,0.000000,0.000000,65535.000000,4.089919,2.730868,1.994872,2.739008,1.994872,2.739008,0.250000,1.000000,1.000000
23560.000000,1.994684,2.750433,-0.018834,1.142467,0.000000,2.000000,0.000000,1.000000,0.000000,0.696172,1.151330,1.151254,0.013222,0.403332,0.000000,0.000000,0.000000,65535.000000,4.089919,2.730868,1.994684,2.750433,1.994684,2.750433,0.250000,1.000000,1.000000
23570.000000,1.994478,2.761771,-0.020601,1.133859,0.000000,2.000000,0.000000,1.000000,0.000000,0.696172,1.142623,1.142592,-0.008425,0.721729,0.000000,0.000000,0.000000,65535.000000,4.089919,2.730868,1.994478,2.761771,1.994478,2.761771,0.250000,1.000000,1.000000
23580.000000,1.994359,2.773267,-0.011897,1.149603,0.000000,2.000000,0.000000,1.000000,0.000000,0.663164,1.134046,1.134002,-0.009998,0.716552,0.000000,0.000000,0.000000,65535.000000,4.089919,2.730868,1.994359,2.773267,1.994359,2.773267,0.250000,1.000000,1.000000
23590.000000,1.994331,2.784788,-0.002752,1.152104,0.000000,2.000000,0.000000,1.000000,0.000000,0.437230,1.149665,1.149664,-0.001314,-1.332509,0.000000,0.000000,0.000000,65535.000000,4.089919,2.730868,1.994331,2.784788,1.994331,2.784788,0.250000,1.000000,1.000000
23600.000000,1.994425,2.796332,0.009352,1.154343,0.000000,2.000000,0.000000,1.000000,0.000000,0.632276,1.152108,1.152084,0.007465,-0.925010,0.000000,0.000000,0.000000,65535.000000,4.089919,2.730868,1.994425,2.796332,1.994425,2.796332,0.250000,1.000000,1.000000
23610.000000,1.994680,2.807746,0.025488,1.141379,0.000000,2.000000,0.000000,1.000000,0.000000,0.632276,1.154381,1.154223,0.019058,-0.826431,0.000000,0.000000,0.000000,65535.000000,4.089919,2.730868,1.994680,2.807746,1.994680,2.807746,0.250000,1.000000,1.000000
23620.000000,1.994959,2.819138,0.027944,1.139238,0.000000,2.000000,0.000000,1.000000,0.000000,0.632276,1.141664,1.141144,0.034448,-0.088368,0.000000,0.000000,0.000000,65535.000000,4.089919,2.730868,1.994959,2.819138,1.994959,2.819138,0.250000,1.000000,1.000000
23630.000000,1.995096,2.830392,0.013717,1.125379,0.000000,2.000000,0.000000,1.000000,0.000000,0.573595,1.139580,1.139001,0.036316,-0.088290,0.000000,0.000000,0.000000,65535.000000,4.089919,2.730868,1.995096,2.830392,1.995096,2.830392,0.250000,1.000000,1.000000
23640.000000,1.995194,2.841718,0.009752,1.132598,0.000000,2.000000,0.000000,1.000000,0.000000,0.659714,1.125463,1.125255,0.021608,0.280994,0.000000,0.000000,0.000000,65535.000000,4.089919,2.730868,1.995194,2.841718,1.995194,2.841718,0.250000,1.000000,1.000000
23650.000000,1.995340,2.852729,0.014634,1.101101,0.000000,2.000000,0.000000,1.000000,0.000000,0.659714,1.132640,1.132517,0.016714,0.280205,0.000000,0.000000,0.000000,65535.000000,4.089919,2.730868,1.995340,2.852729,1.995340,2.852729,0.250000,1.000000,1.000000
23660.000000,1.995672,2.863594,0.033147,1.086445,0.000000,2.000000,0.000000,1.000000,0.000000,1.135596,1.101198,1.100992,0.021291,0.817767,0.000000,0.000000,0.000000,65535.000000,4.089919,2.730868,1.995672,2.863594,1.995672,2.863594,0.250000,1.000000,1.000000
23670.000000,1.996140,2.874263,0.046792,1.066956,0.000000,2.000000,0.000000,1.000000,0.000000,1.261582,1.086951,1.086216,0.039955,0.811127,0.000000,0.000000,0.000000,65535.000000,4.089919,2.730868,1.996140,2.874263,1.996140,2.874263,0.250000,1.000000,1.000000
23680.000000,1.996643,2.884766,0.050294,1.050307,0.000000,2.000000,0.000000,1.000000,0.000000,1.098692,1.067981,1.066676,0.052793,2.104164,0.000000,0.000000,0.000000,65535.000000,4.089919,2.730868,1.996643,2.884766,1.996643,2.884766,0.250000,1.000000,1.000000
23690.000000,1.997214,2.895056,0.057134,1.028980,0.000000,2.000000,0.000000,1.000000,0.000000,1.023630,1.051510,1.050098,0.054472,2.060758,0.000000,0.000000,0.000000,65535.000000,4.089919,2.730868,1.997214,2.895056,1.997214,2.895056,0.250000,1.000000,1.000000
23700.000000,1.997794,2.905234,0.057971,1.017828,0.000000,2.000000,0.000000,1.000000,0.000000,1.023630,1.030565,1.028798,0.060328,2.019108,0.000000,0.000000,0.000000,65535.000000,4.089919,2.730868,1.997794,2.905234,1.997794,2.905234,0.250000,1.000000,1.000000
23710.000000,1.998430,2.915246,0.063583,1.001160,0.000000,2.000000,0.000000,1.000000,0.000000,0.700215,1.019477,1.017682,0.060477,0.377934,0.000000,0.000000,0.000000,65535.000000,4.089919,2.730868,1.998430,2.915246,1.998430,2.915246,0.250000,1.000000,1.000000
23720.000000,1.999096,2.925175,0.066662,0.992861,0.000000,2.000000,0.000000,1.000000,0.000000,0.680067,1.003177,1.001043,0.065394,0.146018,0.000000,0.000000,0.000000,65535.000000,4.089919,2.730868,1.999096,2.925175,1.999096,2.925175,0.250000,1.000000,1.000000
23730.000000,1.999734,2.934882,0.063728,0.970706,0.000000,2.000000,0.000000,1.000000,0.000000,0.433607,0.995097,0.992790,0.067723,-0.727078,0.000000,0.000000,0.000000,65535.000000,4.089919,2.730868,1.999734,2.934882,1.999734,2.934882,0.250000,1.000000,1.000000
23740.000000,2.000447,2.944472,0.071354,0.959026,0.000000,2.000000,0.000000,1.000000,0.000000,0.788760,0.972796,0.970712,0.063639,0.954437,0.000000,0.000000,0.000000,65535.000000,4.089919,2.730868,2.000447,2.944472,2.000447,2.944472,0.250000,1.000000,1.000000
23750.000000,2.001281,2.953827,0.083435,0.935486,0.000000,2.000000,0.000000,1.000000,0.000000,0.788760,0.961676,0.959119,0.070092,0.945404,0.000000,0.000000,0.000000,65535.000000,4.089919,2.730868,2.001281,2.953827,2.001281,2.953827,0.250000,1.000000,1.000000
23760.000000,2.002138,2.962984,0.085680,0.915770,0.000000,2.000000,0.000000,1.000000,0.000000,0.788760,0.939199,0.935645,0.081637,0.936542,0.000000,0.000000,0.000000,65535.000000,4.089919,2.730868,2.002138,2.962984,2.002138,2.962984,0.250000,1.000000,1.000000
23770.000000,2.002941,2.971694,0.080232,0.870956,0.000000,2.000000,0.000000,1.000000,0.000000,1.121799,0.919769,0.915998,0.083211,0.072223,0.000000,0.000000,0.000000,65535.000000,4.089919,2.730868,2.002941,2.971694,2.002941,2.971694,0.250000,1.000000,1.000000
23780.000000,2.003803,2.980233,0.086204,0.853910,0.000000,2.000000,0.000000,1.000000,0.000000,1.033294,0.874644,0.871223,0.077284,-0.782146,0.000000,0.000000,0.000000,65535.000000,4.089919,2.730868,2.003803,2.980233,2.003803,2.980233,0.250000,1.000000,1.000000
23790.000000,2.004786,2.988531,0.098280,0.829734,0.000000,2.000000,0.000000,1.000000,0.000000,0.452030,0.858250,0.854198,0.083295,-1.735787,0.000000,0.000000,0.000000,65535.000000,4.089919,2.730868,2.004786,2.988531,2.004786,2.988531,0.250000,1.000000,1.000000
23800.000000,2.005926,2.996612,0.114054,0.808132,0.000000,2.000000,0.000000,1.000000,0.000000,0.813559,0.835534,0.830007,0.095947,-0.374104,0.000000,0.000000,0.000000,65535.000000,4.089919,2.730868,2.005926,2.996612,2.005926,2.996612,0.250000,1.000000,1.000000
23810.000000,2.007214,3.004330,0.128798,0.771860,0.000000,2.000000,0.000000,1.000000,0.000000,1.035293,0.816140,0.808611,0.110608,1.114960,0.000000,0.000000,0.000000,65535.000000,4.089919,2.730868,2.007214,3.004330,2.007214,3.004330,0.250000,1.000000,1.000000
23820.000000,2.008702,3.011729,0.148833,0.739805,0.000000,2.000000,0.000000,1.000000,0.000000,0.779182,0.782532,0.772575,0.124435,1.102654,0.000000,0.000000,0.000000,65535.000000,4.089919,2.730868,2.008702,3.011729,2.008702,3.011729,0.250000,1.000000,1.000000
23830.000000,2.010208,3.018806,0.150592,0.707780,0.000000,2.000000,0.000000,1.000000,0.000000,0.779182,0.754627,0.740636,0.144642,1.084582,0.000000,0.000000,0.000000,65535.000000,4.089919,2.730868,2.010208,3.018806,2.010208,3.018806,0.250000,1.000000,1.000000
23840.000000,2.011690,3.025629,0.148155,0.682257,0.000000,2.000000,0.000000,1.000000,0.000000,0.779182,0.723623,0.708594,0.146710,0.676949,0.000000,0.000000,0.000000,65535.000000,4.089919,2.730868,2.011690,3.025629,2.011690,3.025629,0.250000,1.000000,1.000000
23850.000000,2.013319,3.032037,0.162941,0.640846,0.000000,2.000000,0.000000,1.000000,0.000000,0.686945,0.698157,0.683033,0.144534,0.668669,0.000000,0.000000,0.000000,65535.000000,4.089919,2.730868,2.013319,3.032037,2.013319,3.032037,0.250000,1.000000,1.000000
23860.000000,2.015233,3.038129,0.191375,0.609144,0.000000,2.000000,0.000000,1.000000,0.000000,0.610125,0.661237,0.641823,0.159051,0.264816,0.000000,0.000000,0.000000,65535.000000,4.089919,2.730868,2.015233,3.038129,2.015233,3.038129,0.250000,1.000000,1.000000
23870.000000,2.017290,3.043904,0.205737,0.577526,0.000000,2.000000,0.000000,1.000000,0.000000,0.573891,0.638499,0.610632,0.186575,-0.258471,0.000000,0.000000,0.000000,65535.000000,4.089919,2.730868,2.017290,3.043904,2.017290,3.043904,0.250000,1.000000,1.000000
23880.000000,2.020268,3.050072,0.297766,0.616868,0.000000,2.000000,0.000000,1.000000,0.000000,1.002000,0.613077,0.579050,0.201407,-0.257804,0.000000,0.000000,0.000000,65535.000000,4.089919,2.730868,2.020268,3.050072,2.020268,3.050072,0.250000,1.000000,1.000000
23890.000000,2.023554,3.055875,0.328616,0.580284,0.000000,2.000000,0.000000,1.000000,0.000000,0.962239,0.599984,0.555079,0.227746,-0.351104,0.000000,0.000000,0.000000,65535.000000,4.089919,2.730868,2.023554,3.055875,2.023554,3.055875,0.250000,1.000000,1.000000
23900.000000,2.027135,3.061305,0.358087,0.542957,0.000000,2.000000,0.000000,1.000000,0.000000,0.986586,0.579007,0.517463,0.259772,0.235147,0.000000,0.000000,0.000000,65535.000000,4.089919,2.730868,2.027135,3.061305,2.027135,3.061305,0.250000,1.000000,1.000000
23910.000000,2.031010,3.066647,0.387504,0.534217,0.000000,2.000000,0.000000,1.000000,0.000000,0.909060,0.557560,0.478010,0.287018,0.234595,0.000000,0.000000,0.000000,65535.000000,4.089919,2.730868,2.031010,3.066647,2.031010,3.066647,0.250000,1.000000,1.000000
23920.000000,2.035265,3.072019,0.425523,0.537204,0.000000,2.000000,0.000000,1.000000,0.000000,0.909060,0.539145,0.450515,0.296165,0.234045,0.000000,0.000000,0.000000,65535.000000,4.089919,2.730868,2.035265,3.072019,2.035265,3.072019,0.250000,1.000000,1.000000
23930.000000,2.039562,3.077082,0.429688,0.506249,0.000000,2.000000,0.000000,1.000000,0.000000,0.885573,0.535492,0.433633,0.314188,-0.163107,0.000000,0.000000,0.000000,65535.000000,4.089919,2.730868,2.039562,3.077082,2.039562,3.077082,0.250000,1.000000,1.000000
23940.000000,2.043636,3.081684,0.407381,0.460225,0.000000,2.000000,0.000000,1.000000,0.000000,0.699054,0.510233,0.400369,0.316294,-0.894181,0.000000,0.000000,0.000000,65535.000000,4.089919,2.730868,2.043636,3.081684,2.043636,3.081684,0.250000,1.000000,1.000000
23950.000000,2.047306,3.085808,0.367076,0.412409,0.000000,2.000000,0.000000,1.000000,0.000000,0.666680,0.493192,0.377329,0.317586,-1.011774,0.000000,0.000000,0.000000,65535.000000,4.089919,2.730868,2.047306,3.085808,2.047306,3.085808,0.250000,1.000000,1.000000
23960.000000,2.050935,3.089915,0.362832,0.410702,0.000000,2.000000,0.000000,1.000000,0.000000,0.924781,0.472789,0.359256,0.307352,-0.658513,0.000000,0.000000,0.000000,65535.000000,4.089919,2.730868,2.050935,3.089915,2.050935,3.089915,0.250000,1.000000,1.000000
23970.000000,2.054481,3.093884,0.354623,0.396891,0.000000,2.000000,0.000000,1.000000,0.000000,1.210626,0.461523,0.352739,0.297621,0.751529,0.000000,0.000000,0.000000,65535.000000,4.089919,2.730868,2.054481,3.093884,2.054481,3.093884,0.250000,1.000000,1.000000
23980.000000,2.057388,3.097200,0.290689,0.331589,0.000000,2.000000,0.000000,1.000000,0.000000,0.690715,0.447628,0.339578,0.291646,0.745917,0.000000,0.000000,0.000000,65535.000000,4.089919,2.730868,2.057388,3.097200,2.057388,3.097200,0.250000,1.000000,1.000000
23990.000000,2.060360,3.100412,0.297208,0.321184,0.000000,2.000000,0.000000,1.000000,0.000000,0.690715,0.440967,0.332152,0.290046,0.740389,0.000000,0.000000,0.000000,65535.000000,4.089919,2.730868,2.060360,3.100412,2.060360,3.100412,0.250000,1.000000,1.000000
24000.000000,2.063482,3.103547,0.312204,0.313505,0.000000,2.000000,0.000000,1.000000,0.000000,0.674518,0.437598,0.321704,0.296645,0.773411,0.000000,0.000000,0.000000,65535.000000,4.089919,2.730868,2.063482,3.103547,2.063482,3.103547,0.250000,1.000000,1.000000
24010.000000,2.066628,3.106555,0.314668,0.300787,0.000000,2.000000,0.000000,1.000000,0.000000,1.025362,0.442444,0.313981,0.311726,0.986667,0.000000,0.000000,0.000000,65535.000000,4.089919,2.730868,2.066628,3.106555,2.066628,3.106555,0.250000,1.000000,1.000000
24020.000000,2.069805,3.109261,0.317611,0.270608,0.000000,2.000000,0.000000,1.000000,0.000000,0.990311,0.435303,0.301387,0.314093,0.977017,0.000000,0.000000,0.000000,65535.000000,4.089919,2.730868,2.069805,3.109261,2.069805,3.109261,0.250000,1.000000,1.000000
24030.000000,2.073198,3.111761,0.339374,0.250066,0.000000,2.000000,0.000000,1.000000,0.000000,0.990311,0.417259,0.271411,0.316924,0.967555,0.000000,0.000000,0.000000,65535.000000,4.089919,2.730868,2.073198,3.111761,2.073198,3.111761,0.250000,1.000000,1.000000
24040.000000,2.076734,3.114219,0.353569,0.245772,0.000000,2.000000,0.000000,1.000000,0.000000,0.779410,0.421554,0.251043,0.338652,0.916509,0.000000,0.000000,0.000000,65535.000000,4.089919,2.730868,2.076734,3.114219,2.076734,3.114219,0.250000,1.000000,1.000000
24050.000000,2.080350,3.116604,0.361614,0.238487,0.000000,2.000000,0.000000,1.000000,0.000000,0.876049,0.430598,0.247042,0.352682,1.312126,0.000000,0.000000,0.000000,65535.000000,4.089919,2.730868,2.080350,3.116604,2.080350,3.116604,0.250000,1.000000,1.000000
24060.000000,2.084209,3.118956,0.385884,0.235183,0.000000,2.000000,0.000000,1.000000,0.000000,0.876049,0.433175,0.240006,0.360608,1.295115,0.000000,0.000000,0.000000,65535.000000,4.089919,2.730868,2.084209,3.118956,2.084209,3.118956,0.250000,1.000000,1.000000
24070.000000,2.088156,3.121173,0.394698,0.221742,0.000000,2.000000,0.000000,1.000000,0.000000,0.622113,0.451904,0.236994,0.384774,-0.127447,0.000000,0.000000,0.000000,65535.000000,4.089919,2.730868,2.088156,3.121173,2.088156,3.121173,0.250000,1.000000,1.000000
24080.000000,2.092297,3.123330,0.414053,0.215712,0.000000,2.000000,0.000000,1.000000,0.000000,0.713070,0.452721,0.224023,0.393408,0.276643,0.000000,0.000000,0.000000,65535.000000,4.089919,2.730868,2.092297,3.123330,2.092297,3.123330,0.250000,1.000000,1.000000
24090.000000,2.096944,3.125523,0.464701,0.219291,0.000000,2.000000,0.000000,1.000000,0.000000,0.807007,0.466874,0.218675,0.412496,0.687657,0.000000,0.000000,0.000000,65535.000000,4.089919,2.730868,2.096944,3.125523,2.096944,3.125523,0.250000,1.000000,1.000000
24100.000000,2.101744,3.127557,0.480011,0.203373,0.000000,2.000000,0.000000,1.000000,0.000000,0.807007,0.513844,0.223243,0.462815,0.682955,0.000000,0.000000,0.000000,65535.000000,4.089919,2.730868,2.101744,3.127557,2.101744,3.127557,0.250000,1.000000,1.000000
24110.000000,2.106480,3.129390,0.473665,0.183298,0.000000,2.000000,0.000000,1.000000,0.000000,0.807007,0.521317,0.208383,0.477858,1.175648,0.000000,0.000000,0.000000,65535.000000,4.089919,2.730868,2.106480,3.129390,2.106480,3.129390,0.250000,1.000000,1.000000
24120.000000,2.111431,3.130944,0.495057,0.155394,0.000000,2.000000,0.000000,1.000000,0.000000,0.761046,0.507895,0.189446,0.471240,1.161974,0.000000,0.000000,0.000000,65535.000000,4.089919,2.730868,2.111431,3.130944,2.111431,3.130944,0.250000,1.000000,1.000000
24130.000000,2.116239,3.132049,0.480824,0.110453,0.000000,2.000000,0.000000,1.000000,0.000000,0.534364,0.518872,0.162770,0.492681,-0.378438,0.000000,0.000000,0.000000,65535.000000,4.089919,2.730868,2.116239,3.132049,2.116239,3.132049,0.250000,1.000000,1.000000
24140.000000,2.121112,3.132970,0.487279,0.092122,0.000000,2.000000,0.000000,1.000000,0.000000,0.552893,0.493347,0.118260,0.478963,-0.391021,0.000000,0.000000,0.000000,65535.000000,4.089919,2.730868,2.121112,3.132970,2.121112,3.132970,0.250000,1.000000,1.000000
24150.000000,2.126336,3.133886,0.522418,0.091582,0.000000,2.000000,0.000000,1.000000,0.000000,0.995598,0.495910,0.100089,0.485705,-0.617875,0.000000,0.000000,0.000000,65535.000000,4.089919,2.730868,2.126336,3.133886,2.126336,3.133886,0.250000,1.000000,1.000000
24160.000000,2.131880,3.134757,0.554393,0.087100,0.000000,2.000000,0.000000,1.000000,0.000000,0.751815,0.530385,0.100055,0.520862,-1.184831,0.000000,0.000000,0.000000,65535.000000,4.089919,2.730868,2.131880,3.134757,2.131880,3.134757,0.250000,1.000000,1.000000
24170.000000,2.137605,3.135503,0.572546,0.074632,0.000000,2.000000,0.000000,1.000000,0.000000,0.808226,0.561193,0.096763,0.552788,-0.586484,0.000000,0.000000,0.000000,65535.000000,4.089919,2.730868,2.137605,3.135503,2.137605,3.135503,0.250000,1.000000,1.000000
24180.000000,2.143629,3.136189,0.602310,0.068605,0.000000,2.000000,0.000000,1.000000,0.000000,0.808226,0.577390,0.085582,0.571012,-0.583061,0.000000,0.000000,0.000000,65535.000000,4.089919,2.730868,2.143629,3.136189,2.143629,3.136189,0.250000,1.000000,1.000000
24190.000000,2.149678,3.136954,0.604939,0.076486,0.000000,2.000000,0.000000,1.000000,0.000000,0.807977,0.606205,0.080679,0.600812,-0.580712,0.000000,0.000000,0.000000,65535.000000,4.089919,2.730868,2.149678,3.136954,2.149678,3.136954,0.250000,1.000000,1.000000
24200.000000,2.155898,3.137866,0.621962,0.091275,0.000000,2.000000,0.000000,1.000000,0.000000,0.610126,0.609755,0.088791,0.603256,-1.726306,0.000000,0.000000,0.000000,65535.000000,4.089919,2.730868,2.155898,3.137866,2.155898,3.137866,0.250000,1.000000,1.000000
24210.000000,2.162648,3.138807,0.675062,0.094024,0.000000,2.000000,0.000000,1.000000,0.000000,0.153840,0.628623,0.104240,0.619920,-3.217808,0.000000,0.000000,0.000000,65535.000000,4.089919,2.730868,2.162648,3.138807,2.162648,3.138807,0.250000,1.000000,1.000000
24220.000000,2.169754,3.139491,0.710563,0.068424,0.000000,2.000000,0.000000,1.000000,0.000000,0.151832,0.681578,0.108491,0.672888,-3.125119,0.000000,0.000000,0.000000,65535.000000,4.089919,2.730868,2.169754,3.139491,2.169754,3.139491,0.250000,1.000000,1.000000
24230.000000,2.176893,3.139785,0.713974,0.029403,0.000000,2.000000,0.000000,1.000000,0.000000,0.079785,0.713849,0.084278,0.708857,-3.309457,0.000000,0.000000,0.000000,65535.000000,4.089919,2.730868,2.176893,3.139785,2.176893,3.139785,0.250000,1.000000,1.000000
24240.000000,2.184025,3.139831,0.713178,0.004567,0.000000,2.000000,0.000000,1.000000,0.000000,0.218519,0.714579,0.047167,0.713020,-2.680429,0.000000,0.000000,0.000000,65535.000000,4.089919,2.730868,2.184025,3.139831,2.184025,3.139831,0.250000,1.000000,1.000000
24250.000000,2.191047,3.139944,0.702184,0.011342,0.000000,2.000000,0.000000,1.000000,0.000000,0.246698,0.713193,0.023072,0.712820,-2.507073,0.000000,0.000000,0.000000,65535.000000,4.089919,2.730868,2.191047,3.139944,2.191047,3.139944,0.250000,1.000000,1.000000
24260.000000,2.198249,3.140061,0.720181,0.011651,0.000000,2.000000,0.000000,1.000000,0.000000,0.246698,0.702276,0.029214,0.701668,-2.445697,0.000000,0.000000,0.000000,65535.000000,4.089919,2.730868,2.198249,3.140061,2.198249,3.140061,0.250000,1.000000,1.000000
24270.000000,2.205676,3.140092,0.742721,0.003103,0.000000,2.000000,0.000000,1.000000,0.000000,0.348282,0.720275,0.030368,0.719635,-2.411800,0.000000,0.000000,0.000000,65535.000000,4.089919,2.730868,2.205676,3.140092,2.205676,3.140092,0.250000,1.000000,1.000000
24280.000000,2.213447,3.139997,0.777054,-0.009500,0.000000,2.000000,0.000000,1.000000,0.000000,0.540827,0.742727,0.022571,0.742384,-2.074415,0.000000,0.000000,0.000000,65535.000000,4.089919,2.730868,2.213447,3.139997,2.213447,3.139997,0.250000,1.000000,1.000000
24290.000000,2.221540,3.139889,0.809332,-0.010854,0.000000,2.000000,0.000000,1.000000,0.000000,0.468006,0.777112,0.011242,0.777031,-1.284239,0.000000,0.000000,0.000000,65535.000000,4.089919,2.730868,2.221540,3.139889,2.221540,3.139889,0.250000,1.000000,1.000000
24300.000000,2.229835,3.140147,0.829457,0.025809,0.000000,2.000000,0.000000,1.000000,0.000000,0.468006,0.809405,0.010828,0.809333,-1.267940,0.000000,0.000000,0.000000,65535.000000,4.089919,2.730868,2.229835,3.140147,2.229835,3.140147,0.250000,1.000000,1.000000
24310.000000,2.238105,3.140510,0.827004,0.036359,0.000000,2.000000,0.000000,1.000000,0.000000,0.625273,0.829858,0.047865,0.828477,-0.396444,0.000000,0.000000,0.000000,65535.000000,4.089919,2.730868,2.238105,3.140510,2.238105,3.140510,0.250000,1.000000,1.000000
24320.000000,2.246406,3.140618,0.830139,0.010804,0.000000,2.000000,0.000000,1.000000,0.000000,0.625273,0.827803,0.058176,0.825756,0.448248,0.000000,0.000000,0.000000,65535.000000,4.089919,2.730868,2.246406,3.140618,2.246406,3.140618,0.250000,1.000000,1.000000
24330.000000,2.254622,3.140506,0.821602,-0.011221,0.000000,2.000000,0.000000,1.000000,0.000000,0.625273,0.830209,0.031794,0.829600,0.446246,0.000000,0.000000,0.000000,65535.000000,4.089919,2.730868,2.254622,3.140506,2.254622,3.140506,0.250000,1.000000,1.000000
24340.000000,2.262982,3.140368,0.835945,-0.013813,0.000000,2.000000,0.000000,1.000000,0.000000,0.604656,0.821678,0.009708,0.821621,0.444261,0.000000,0.000000,0.000000,65535.000000,4.089919,2.730868,2.262982,3.140368,2.262982,3.140368,0.250000,1.000000,1.000000
24350.000000,2.271409,3.140226,0.842721,-0.014241,0.000000,2.000000,0.000000,1.000000,0.000000,0.543763,0.836059,0.007924,0.836022,-0.353670,0.000000,0.000000,0.000000,65535.000000,4.089919,2.730868,2.271409,3.140226,2.271409,3.140226,0.250000,1.000000,1.000000
24360.000000,2.280158,3.140003,0.874934,-0.022296,0.000000,2.000000,0.000000,1.000000,0.000000,0.543763,0.842842,0.008791,0.842796,-0.352422,0.000000,0.000000,0.000000,65535.000000,4.089919,2.730868,2.280158,3.140003,2.280158,3.140003,0.250000,1.000000,1.000000
24370.000000,2.289079,3.139780,0.892093,-0.022271,0.000000,2.000000,0.000000,1.000000,0.000000,0.543763,0.875218,0.002126,0.875216,-0.351184,0.000000,0.000000,0.000000,65535.000000,4.089919,2.730868,2.289079,3.139780,2.289079,3.139780,0.250000,1.000000,1.000000
24380.000000,2.298441,3.139735,0.936234,-0.004550,0.000000,2.000000,0.000000,1.000000,0.000000,0.289271,0.892371,0.003268,0.892365,-2.003381,0.000000,0.000000,0.000000,65535.000000,4.089919,2.730868,2.298441,3.139735,2.298441,3.139735,0.250000,1.000000,1.000000
24390.000000,2.307937,3.139787,0.949521,0.005255,0.000000,2.000000,0.000000,1.000000,0.000000,0.289271,0.936245,0.022288,0.935980,-1.963996,0.000000,0.000000,0.000000,65535.000000,4.089919,2.730868,2.307937,3.139787,2.307937,3.139787,0.250000,1.000000,1.000000
24400.000000,2.317496,3.139782,0.955962,-0.000461,0.000000,2.000000,0.000000,1.000000,0.000000,0.324686,0.949535,0.032658,0.948974,-2.162365,0.000000,0.000000,0.000000,65535.000000,4.089919,2.730868,2.317496,3.139782,2.317496,3.139782,0.250000,1.000000,1.000000
24410.000000,2.326820,3.139508,0.932341,-0.027392,0.000000,2.000000,0.000000,1.000000,0.000000,0.362759,0.955962,0.027248,0.955573,-1.800425,0.000000,0.000000,0.000000,65535.000000,4.089919,2.730868,2.326820,3.139508,2.326820,3.139508,0.250000,1.000000,1.000000
24420.000000,2.336251,3.139236,0.943148,-0.027213,0.000000,2.000000,0.000000,1.000000,0.000000,0.482509,0.932744,-0.000280,0.932743,-1.343860,0.000000,0.000000,0.000000,65535.000000,4.089919,2.730868,2.336251,3.139236,2.336251,3.139236,0.250000,1.000000,1.000000
24430.000000,2.345897,3.139094,0.964635,-0.014290,0.000000,2.000000,0.000000,1.000000,0.000000,0.494737,0.943540,-0.000172,0.943540,-1.283029,0.000000,0.000000,0.000000,65535.000000,4.089919,2.730868,2.345897,3.139094,2.345897,3.139094,0.250000,1.000000,1.000000
24440.000000,2.355835,3.139040,0.993733,-0.005325,0.000000,2.000000,0.000000,1.000000,0.000000,0.494737,0.964741,0.013634,0.964644,-1.266760,0.000000,0.000000,0.000000,65535.000000,4.089919,2.730868,2.355835,3.139040,2.355835,3.139040,0.250000,1.000000,1.000000
24450.000000,2.365894,3.139218,1.005938,0.017787,0.000000,2.000000,0.000000,1.000000,0.000000,0.486665,0.993748,0.024073,0.993456,-1.279634,0.000000,0.000000,0.000000,65535.000000,4.089919,2.730868,2.365894,3.139218,2.365894,3.139218,0.250000,1.000000,1.000000
24460.000000,2.376295,3.139679,1.040044,0.046069,0.000000,2.000000,0.000000,1.000000,0.000000,0.386603,1.006095,0.048147,1.004943,-1.615642,0.000000,0.000000,0.000000,65535.000000,4.089919,2.730868,2.376295,3.139679,2.376295,3.139679,0.250000,1.000000,1.000000
24470.000000,2.386649,3.140089,1.035458,0.040992,0.000000,2.000000,0.000000,1.000000,0.000000,0.245693,1.041064,0.077321,1.038188,-2.230119,0.000000,0.000000,0.000000,65535.000000,4.089919,2.730868,2.386649,3.140089,2.386649,3.140089,0.250000,1.000000,1.000000
24480.000000,2.397005,3.140304,1.035606,0.021531,0.000000,2.000000,0.000000,1.000000,0.000000,0.408224,1.036269,0.071682,1.033787,-1.160585,0.000000,0.000000,0.000000,65535.000000,4.089919,2.730868,2.397005,3.140304,2.397005,3.140304,0.250000,1.000000,1.000000
24490.000000,2.407322,3.140441,1.031683,0.013718,0.000000,2.000000,0.000000,1.000000,0.000000,0.624368,1.035830,0.051864,1.034531,-0.398834,0.000000,0.000000,0.000000,65535.000000,4.089919,2.730868,2.407322,3.140441,2.407322,3.140441,0.250000,1.000000,1.000000
24500.000000,2.417804,3.140378,1.048153,-0.006261,0.000000,2.000000,0.000000,1.000000,0.000000,0.633885,1.031774,0.043621,1.030852,-0.020279,0.000000,0.000000,0.000000,65535.000000,4.089919,2.730868,2.417804,3.140378,2.417804,3.140378,0.250000,1.000000,1.000000
24510.000000,2.428530,3.140162,1.072650,-0.021672,0.000000,2.000000,0.000000,1.000000,0.000000,0.633885,1.048172,0.024166,1.047893,0.000838,0.000000,0.000000,0.000000,65535.000000,4.089919,2.730868,2.428530,3.140162,2.428530,3.140162,0.250000,1.000000,1.000000
24520.000000,2.439722,3.140006,1.119166,-0.015597,0.000000,2.000000,0.000000,1.000000,0.000000,0.633885,1.072869,0.008950,1.072831,0.000838,0.000000,0.000000,0.000000,65535.000000,4.089919,2.730868,2.439722,3.140006,2.439722,3.140006,0.250000,1.000000,1.000000
24530.000000,2.450770,3.139827,1.104813,-0.017854,0.000000,2.000000,0.000000,1.000000,0.000000,0.815918,1.119275,0.015963,1.119161,0.503236,0.000000,0.000000,0.000000,65535.000000,4.089919,2.730868,2.450770,3.139827,2.450770,3.139827,0.250000,1.000000,1.000000
24540.000000,2.461694,3.139354,1.092440,-0.047335,0.000000,2.000000,0.000000,1.000000,0.000000,0.815918,1.104957,0.013727,1.104872,0.500714,0.000000,0.000000,0.000000,65535.000000,4.089919,2.730868,2.461694,3.139354,2.461694,3.139354,0.250000,1.000000,1.000000
24550.000000,2.472867,3.138718,1.117338,-0.063571,0.000000,2.000000,0.000000,1.000000,0.000000,0.776806,1.093465,-0.016433,1.093341,0.432801,0.000000,0.000000,0.000000,65535.000000,4.089919,2.730868,2.472867,3.138718,2.472867,3.138718,0.250000,1.000000,1.000000
24560.000000,2.484451,3.138071,1.158377,-0.064753,0.000000,2.000000,0.000000,1.000000,0.000000,0.439942,1.119145,-0.032988,1.118658,-0.989298,0.000000,0.000000,0.000000,65535.000000,4.089919,2.730868,2.484451,3.138071,2.484451,3.138071,0.250000,1.000000,1.000000
24570.000000,2.495877,3.137553,1.142562,-0.051793,0.000000,2.000000,0.000000,1.000000,0.000000,0.439942,1.160185,-0.033339,1.159706,-0.975375,0.000000,0.000000,0.000000,65535.000000,4.089919,2.730868,2.495877,3.137553,2.495877,3.137553,0.250000,1.000000,1.000000
24580.000000,2.507280,3.137295,1.140249,-0.025809,0.000000,2.000000,0.000000,1.000000,0.000000,0.645917,1.143736,-0.020470,1.143552,0.831236,0.000000,0.000000,0.000000,65535.000000,4.089919,2.730868,2.507280,3.137295,2.507280,3.137295,0.250000,1.000000,1.000000
24590.000000,2.519130,3.137429,1.185007,0.013370,0.000000,2.000000,0.000000,1.000000,0.000000,0.737051,1.140541,0.005750,1.140527,0.824376,0.000000,0.000000,0.000000,65535.000000,4.089919,2.730868,2.519130,3.137429,2.519130,3.137429,0.250000,1.000000,1.000000
24600.000000,2.531018,3.137457,1.188786,0.002835,0.000000,2.000000,0.000000,1.000000,0.000000,0.737051,1.185083,0.046710,1.184162,0.817629,0.000000,0.000000,0.000000,65535.000000,4.089919,2.730868,2.531018,3.137457,2.531018,3.137457,0.250000,1.000000,1.000000
24610.000000,2.542654,3.137222,1.163625,-0.023469,0.000000,2.000000,0.000000,1.000000,0.000000,0.884770,1.188789,0.037185,1.188208,0.188766,0.000000,0.000000,0.000000,65535.000000,4.089919,2.730868,2.542654,3.137222,2.542654,3.137222,0.250000,1.000000,1.000000
24620.000000,2.554271,3.136727,1.161662,-0.049537,0.000000,2.000000,0.000000,1.000000,0.000000,1.115908,1.163862,0.011055,1.163809,0.688350,0.000000,0.000000,0.000000,65535.000000,4.089919,2.730868,2.554271,3.136727,2.554271,3.136727,0.250000,1.000000,1.000000
24630.000000,2.566116,3.136027,1.184535,-0.070023,0.000000,2.000000,0.000000,1.000000,0.000000,1.115908,1.162717,-0.015456,1.162615,0.683640,0.000000,0.000000,0.000000,65535.000000,4.089919,2.730868,2.566116,3.136027,2.566116,3.136027,0.250000,1.000000,1.000000
24640.000000,2.578374,3.135291,1.225790,-0.073552,0.000000,2.000000,0.000000,1.000000,0.000000,0.841385,1.186603,-0.037622,1.186006,1.839932,0.000000,0.000000,0.000000,65535.000000,4.089919,2.730868,2.578374,3.135291,2.578374,3.135291,0.250000,1.000000,1.000000
24650.000000,2.590826,3.134673,1.245252,-0.061799,0.000000,2.000000,0.000000,1.000000,0.000000,0.842781,1.227994,-0.042727,1.227251,1.806658,0.000000,0.000000,0.000000,65535.000000,4.089919,2.730868,2.590826,3.134673,2.590826,3.134673,0.250000,1.000000,1.000000
24660.000000,2.603255,3.133914,1.242878,-0.075934,0.000000,2.000000,0.000000,1.000000,0.000000,0.842781,1.246785,-0.032123,1.246371,1.774566,0.000000,0.000000,0.000000,65535.000000,4.089919,2.730868,2.603255,3.133914,2.603255,3.133914,0.250000,1.000000,1.000000
24670.000000,2.615369,3.132941,1.211423,-0.097308,0.000000,2.000000,0.000000,1.000000,0.000000,0.699429,1.245196,-0.046547,1.244326,0.763532,0.000000,0.000000,0.000000,65535.000000,4.089919,2.730868,2.615369,3.132941,2.615369,3.132941,0.250000,1.000000,1.000000
24680.000000,2.627566,3.131832,1.219677,-0.110883,0.000000,2.000000,0.000000,1.000000,0.000000,0.699429,1.215325,-0.067834,1.213430,0.757741,0.000000,0.000000,0.000000,65535.000000,4.089919,2.730868,2.627566,3.131832,2.627566,3.131832,0.250000,1.000000,1.000000
24690.000000,2.639768,3.130764,1.220217,-0.106771,0.000000,2.000000,0.000000,1.000000,0.000000,0.901878,1.224707,-0.080904,1.222032,1.403450,0.000000,0.000000,0.000000,65535.000000,4.089919,2.730868,2.639768,3.130764,2.639768,3.130764,0.250000,1.000000,1.000000
24700.000000,2.652012,3.129865,1.224324,-0.089924,0.000000,2.000000,0.000000,1.000000,0.000000,0.901878,1.224880,-0.076499,1.222488,1.384007,0.000000,0.000000,0.000000,65535.000000,4.089919,2.730868,2.652012,3.129865,2.652012,3.129865,0.250000,1.000000,1.000000
24710.000000,2.664474,3.129368,1.246242,-0.049657,0.000000,2.000000,0.000000,1.000000,0.000000,0.872562,1.227621,-0.058747,1.226215,-0.449403,0.000000,0.000000,0.000000,65535.000000,4.089919,2.730868,2.664474,3.129368,2.664474,3.129368,0.250000,1.000000,1.000000
24720.000000,2.677041,3.129030,1.256732,-0.033877,0.000000,2.000000,0.000000,1.000000,0.000000,0.830947,1.247231,-0.017098,1.247114,-0.447391,0.000000,0.000000,0.000000,65535.000000,4.089919,2.730868,2.677041,3.129030,2.677041,3.129030,0.250000,1.000000,1.000000
24730.000000,2.689189,3.128473,1.214751,-0.055638,0.000000,2.000000,0.000000,1.000000,0.000000,0.686268,1.257189,-0.000684,1.257189,-0.175227,0.000000,0.000000,0.000000,65535.000000,4.089919,2.730868,2.689189,3.128473,2.689189,3.128473,0.250000,1.000000,1.000000
24740.000000,2.701270,3.127724,1.208100,-0.074871,0.000000,2.000000,0.000000,1.000000,0.000000,0.688255,1.216025,-0.022664,1.215814,0.354335,0.000000,0.000000,0.000000,65535.000000,4.089919,2.730868,2.701270,3.127724,2.701270,3.127724,0.250000,1.000000,1.000000
24750.000000,2.713399,3.126831,1.212933,-0.089363,0.000000,2.000000,0.000000,1.000000,0.000000,0.843415,1.210418,-0.041394,1.209710,0.353082,0.000000,0.000000,0.000000,65535.000000,4.089919,2.730868,2.713399,3.126831,2.713399,3.126831,0.250000,1.000000,1.000000
24760.000000,2.725788,3.125928,1.238878,-0.090322,0.000000,2.000000,0.000000,1.000000,0.000000,0.957612,1.216220,-0.056165,1.214923,0.254311,0.000000,0.000000,0.000000,65535.000000,4.089919,2.730868,2.725788,3.125928,2.725788,3.125928,0.250000,1.000000,1.000000
24770.000000,2.738262,3.125116,1.247474,-0.081177,0.000000,2.000000,0.000000,1.000000,0.000000,0.859677,1.242166,-0.056729,1.240870,-0.128791,0.000000,0.000000,0.000000,65535.000000,4.089919,2.730868,2.738262,3.125116,2.738262,3.125116,0.250000,1.000000,1.000000
24780.000000,2.750620,3.124195,1.235753,-0.092127,0.000000,2.000000,0.000000,1.000000,0.000000,0.725085,1.250113,-0.047262,1.249219,-0.535705,0.000000,0.000000,0.000000,65535.000000,4.089919,2.730868,2.750620,3.124195,2.750620,3.124195,0.250000,1.000000,1.000000
24790.000000,2.762653,3.122798,1.203285,-0.139666,0.000000,2.000000,0.000000,1.000000,0.000000,0.572657,1.239182,-0.058460,1.237803,-1.020895,0.000000,0.000000,0.000000,65535.000000,4.089919,2.730868,2.762653,3.122798,2.762653,3.122798,0.250000,1.000000,1.000000
24800.000000,2.774645,3.121134,1.199215,-0.166451,0.000000,2.000000,0.000000,1.000000,0.000000,0.532329,1.211363,-0.106552,1.206668,-1.134950,0.000000,0.000000,0.000000,65535.000000,4.089919,2.730868,2.774645,3.121134,2.774645,3.121134,0.250000,1.000000,1.000000
24810.000000,2.786510,3.119355,1.186523,-0.177848,0.000000,2.000000,0.000000,1.000000,0.000000,0.330721,1.210711,-0.132809,1.203405,-1.539608,0.000000,0.000000,0.000000,65535.000000,4.089919,2.730868,2.786510,3.119355,2.786510,3.119355,0.250000,1.000000,1.000000
24820.000000,2.798273,3.117405,1.176317,-0.194994,0.000000,2.000000,0.000000,1.000000,0.000000,0.475526,1.199777,-0.144352,1.191062,-0.369650,0.000000,0.000000,0.000000,65535.000000,4.089919,2.730868,2.798273,3.117405,2.798273,3.117405,0.250000,1.000000,1.000000
24830.000000,2.810035,3.115326,1.176135,-0.207956,0.000000,2.000000,0.000000,1.000000,0.000000,0.477268,1.192370,-0.161252,1.181416,-0.278798,0.000000,0.000000,0.000000,65535.000000,4.089919,2.730868,2.810035,3.115326,2.810035,3.115326,0.250000,1.000000,1.000000
24840.000000,2.821847,3.113072,1.181239,-0.225340,0.000000,2.000000,0.000000,1.000000,0.000000,0.794097,1.194379,-0.173592,1.181696,1.784078,0.000000,0.000000,0.000000,65535.000000,4.089919,2.730868,2.821847,3.113072,2.821847,3.113072,0.250000,1.000000,1.000000
24850.000000,2.833492,3.110752,1.164507,-0.232027,0.000000,2.000000,0.000000,1.000000,0.000000,0.831919,1.202540,-0.190328,1.187383,1.985279,0.000000,0.000000,0.000000,65535.000000,4.089919,2.730868,2.833492,3.110752,2.833492,3.110752,0.250000,1.000000,1.000000
24860.000000,2.845108,3.108052,1.161581,-0.269976,0.000000,2.000000,0.000000,1.000000,0.000000,0.831919,1.187397,-0.197332,1.170885,1.946595,0.000000,0.000000,0.000000,65535.000000,4.089919,2.730868,2.845108,3.108052,2.845108,3.108052,0.250000,1.000000,1.000000
24870.000000,2.856656,3.105040,1.154832,-0.301216,0.000000,2.000000,0.000000,1.000000,0.000000,0.761090,1.192542,-0.235654,1.169027,0.177715,0.000000,0.000000,0.000000,65535.000000,4.089919,2.730868,2.856656,3.105040,2.856656,3.105040,0.250000,1.000000,1.000000
24880.000000,2.867961,3.101745,1.130481,-0.329508,0.000000,2.000000,0.000000,1.000000,0.000000,0.761090,1.193469,-0.267688,1.163061,0.032381,0.000000,0.000000,0.000000,65535.000000,4.089919,2.730868,2.867961,3.101745,2.867961,3.101745,0.250000,1.000000,1.000000
24890.000000,2.878808,3.098040,1.084654,-0.370503,0.000000,2.000000,0.000000,1.000000,0.000000,0.761090,1.177524,-0.297170,1.139409,0.032370,0.000000,0.000000,0.000000,65535.000000,4.089919,2.730868,2.878808,3.098040,2.878808,3.098040,0.250000,1.000000,1.000000
24900.000000,2.889616,3.093785,1.080900,-0.425503,0.000000,2.000000,0.000000,1.000000,0.000000,0.704688,1.146188,-0.340134,1.094558,0.032359,0.000000,0.000000,0.000000,65535.000000,4.089919,2.730868,2.889616,3.093785,2.889616,3.093785,0.250000,1.000000,1.000000
24910.000000,2.900295,3.089154,1.067874,-0.463139,0.000000,2.000000,0.000000,1.000000,0.000000,0.629720,1.161636,-0.396608,1.091833,-1.250478,0.000000,0.000000,0.000000,65535.000000,4.089919,2.730868,2.900295,3.089154,2.900295,3.089154,0.250000,1.000000,1.000000
24920.000000,2.910985,3.084278,1.069030,-0.487583,0.000000,2.000000,0.000000,1.000000,0.000000,0.545082,1.163981,-0.434555,1.079821,-1.235019,0.000000,0.000000,0.000000,65535.000000,4.089919,2.730868,2.910985,3.084278,2.910985,3.084278,0.250000,1.000000,1.000000
24930.000000,2.921425,3.079354,1.043960,-0.492342,0.000000,2.000000,0.000000,1.000000,0.000000,0.545082,1.174973,-0.457854,1.082096,-1.219939,0.000000,0.000000,0.000000,65535.000000,4.089919,2.730868,2.921425,3.079354,2.921425,3.079354,0.250000,1.000000,1.000000
24940.000000,2.931707,3.074190,1.028227,-0.516461,0.000000,2.000000,0.000000,1.000000,0.000000,0.454575,1.154232,-0.463000,1.057300,-1.551006,0.000000,0.000000,0.000000,65535.000000,4.089919,2.730868,2.931707,3.074190,2.931707,3.074190,0.250000,1.000000,1.000000
24950.000000,2.941704,3.068754,0.999682,-0.543595,0.000000,2.000000,0.000000,1.000000,0.000000,0.479566,1.150644,-0.486441,1.042764,-1.433634,0.000000,0.000000,0.000000,65535.000000,4.089919,2.730868,2.941704,3.068754,2.941704,3.068754,0.250000,1.000000,1.000000
24960.000000,2.951707,3.063015,1.000295,-0.573889,0.000000,2.000000,0.000000,1.000000,0.000000,0.479566,1.137919,-0.512611,1.015918,-1.413351,0.000000,0.000000,0.000000,65535.000000,4.089919,2.730868,2.951707,3.063015,2.951707,3.063015,0.250000,1.000000,1.000000
24970.000000,2.961676,3.057077,0.996856,-0.593770,0.000000,2.000000,0.000000,1.000000,0.000000,0.468209,1.153230,-0.543072,1.017356,-1.436668,0.000000,0.000000,0.000000,65535.000000,4.089919,2.730868,2.961676,3.057077,2.961676,3.057077,0.250000,1.000000,1.000000
24980.000000,2.971136,3.051309,0.946012,-0.576833,0.000000,2.000000,0.000000,1.000000,0.000000,0.275979,1.160295,-0.565046,1.013414,-2.133239,0.000000,0.000000,0.000000,65535.000000,4.089919,2.730868,2.971136,3.051309,2.971136,3.051309,0.250000,1.000000,1.000000
24990.000000,2.980064,3.045486,0.892861,-0.582252,0.000000,2.000000,0.000000,1.000000,0.000000,0.284684,1.180922,-0.603399,1.015129,-2.264998,0.000000,0.000000,0.000000,65535.000000,4.089919,2.730868,2.980064,3.045486,2.980064,3.045486,0.250000,1.000000,1.000000
25000.000000,2.988330,3.039591,0.826574,-0.589541,0.000000,2.000000,0.000000,1.000000,0.000000,0.285583,1.162282,-0.627602,0.978271,-2.152784,0.000000,0.000000,0.000000,65535.000000,4.089919,2.730868,2.988330,3.039591,2.988330,3.039591,0.250000,1.000000,1.000000
25010.000000,2.996196,3.033121,0.786536,-0.646947,0.000000,2.000000,0.000000,1.000000,0.000000,0.485415,1.146022,-0.660782,0.936341,-1.235036,0.000000,0.000000,0.000000,65535.000000,4.089919,2.730868,2.996196,3.033121,2.996196,3.033121,0.250000,1.000000,1.000000
25020.000000,3.003502,3.026187,0.730682,-0.693469,0.000000,2.000000,0.000000,1.000000,0.000000,0.636520,1.147615,-0.717791,0.895431,-0.290775,0.000000,0.000000,0.000000,65535.000000,4.089919,2.730868,3.003502,3.026187,3.003502,3.026187,0.250000,1.000000,1.000000
25030.000000,3.010515,3.018762,0.701304,-0.742432,0.000000,2.000000,0.000000,1.000000,0.000000,0.636520,1.164348,-0.784198,0.860662,-0.289931,0.000000,0.000000,0.000000,65535.000000,4.089919,2.730868,3.010515,3.018762,3.010515,3.018762,0.250000,1.000000,1.000000
25040.000000,3.017325,3.011119,0.680972,-0.764289,0.000000,2.000000,0.000000,1.000000,0.000000,0.502371,1.163256,-0.823010,0.822083,-0.502900,0.000000,0.000000,0.000000,65535.000000,4.089919,2.730868,3.017325,3.011119,3.017325,3.011119,0.250000,1.000000,1.000000
25050.000000,3.023880,3.003519,0.655531,-0.760013,0.000000,2.000000,0.000000,1.000000,0.000000,0.614063,1.160058,-0.841606,0.798394,-0.555866,0.000000,0.000000,0.000000,65535.000000,4.089919,2.730868,3.023880,3.003519,3.023880,3.003519,0.250000,1.000000,1.000000
25060.000000,3.030385,2.995644,0.650489,-0.787531,0.000000,2.000000,0.000000,1.000000,0.000000,0.619804,1.123351,-0.826854,0.760414,-0.245807,0.000000,0.000000,0.000000,65535.000000,4.089919,2.730868,3.030385,2.995644,3.030385,2.995644,0.250000,1.000000,1.000000
25070.000000,3.036738,2.987476,0.635307,-0.816766,0.000000,2.000000,0.000000,1.000000,0.000000,0.619804,1.126023,-0.844621,0.744676,-0.245204,0.000000,0.000000,0.000000,65535.000000,4.089919,2.730868,3.036738,2.987476,3.036738,2.987476,0.250000,1.000000,1.000000
25080.000000,3.042950,2.979019,0.621169,-0.845720,0.000000,2.000000,0.000000,1.000000,0.000000,0.677820,1.122340,-0.863380,0.717092,1.123323,0.000000,0.000000,0.000000,65535.000000,4.089919,2.730868,3.042950,2.979019,3.042950,2.979019,0.250000,1.000000,1.000000
25090.000000,3.048866,2.970541,0.591611,-0.847817,0.000000,2.000000,0.000000,1.000000,0.000000,0.677820,1.137656,-0.894526,0.702912,1.110833,0.000000,0.000000,0.000000,65535.000000,4.089919,2.730868,3.048866,2.970541,3.048866,2.970541,0.250000,1.000000,1.000000
25100.000000,3.054436,2.962028,0.556992,-0.851334,0.000000,2.000000,0.000000,1.000000,0.000000,0.715643,1.130908,-0.903835,0.679731,1.098617,0.000000,0.000000,0.000000,65535.000000,4.089919,2.730868,3.054436,2.962028,3.054436,2.962028,0.250000,1.000000,1.000000
25110.000000,3.059698,2.953275,0.526174,-0.875258,0.000000,2.000000,0.000000,1.000000,0.000000,0.715643,1.136254,-0.923945,0.661362,0.921618,0.000000,0.000000,0.000000,65535.000000,4.089919,2.730868,3.059698,2.953275,3.059698,2.953275,0.250000,1.000000,1.000000
25120.000000,3.064697,2.943907,0.499893,-0.936753,0.000000,2.000000,0.000000,1.000000,0.000000,0.892272,1.136121,-0.946760,0.628026,2.425659,0.000000,0.000000,0.000000,65535.000000,4.089919,2.730868,3.064697,2.943907,3.064697,2.943907,0.250000,1.000000,1.000000
25130.000000,3.069239,2.934086,0.454233,-0.982121,0.000000,2.000000,0.000000,1.000000,0.000000,0.892272,1.169630,-1.005256,0.597908,2.368159,0.000000,0.000000,0.000000,65535.000000,4.089919,2.730868,3.069239,2.934086,3.069239,2.934086,0.250000,1.000000,1.000000
25140.000000,3.073385,2.923746,0.414566,-1.033991,0.000000,2.000000,0.000000,1.000000,0.000000,0.892272,1.173889,-1.041173,0.542194,2.313321,0.000000,0.000000,0.000000,65535.000000,4.089919,2.730868,3.073385,2.923746,3.073385,2.923746,0.250000,1.000000,1.000000
25150.000000,3.077154,2.912953,0.376884,-1.079330,0.000000,2.000000,0.000000,1.000000,0.000000,0.847528,1.169174,-1.067152,0.477657,1.413446,0.000000,0.000000,0.000000,65535.000000,4.089919,2.730868,3.077154,2.912953,3.077154,2.912953,0.250000,1.000000,1.000000
25160.000000,3.080653,2.901750,0.349936,-1.120283,0.000000,2.000000,0.000000,1.000000,0.000000,0.950227,1.148976,-1.075251,0.404946,1.879661,0.000000,0.000000,0.000000,65535.000000,4.089919,2.730868,3.080653,2.901750,3.080653,2.901750,0.250000,1.000000,1.000000
25170.000000,3.084086,2.890339,0.343305,-1.141165,0.000000,2.000000,0.000000,1.000000,0.000000,0.950227,1.142771,-1.087421,0.351340,1.844947,0.000000,0.000000,0.000000,65535.000000,4.089919,2.730868,3.084086,2.890339,3.084086,2.890339,0.250000,1.000000,1.000000
25180.000000,3.087542,2.878484,0.345597,-1.185481,0.000000,2.000000,0.000000,1.000000,0.000000,0.571062,1.133068,-1.086388,0.321873,0.136007,0.000000,0.000000,0.000000,65535.000000,4.089919,2.730868,3.087542,2.878484,3.087542,2.878484,0.250000,1.000000,1.000000
25190.000000,3.090770,2.866732,0.322777,-1.175149,0.000000,2.000000,0.000000,1.000000,0.000000,0.573486,1.155479,-1.113886,0.307226,0.135822,0.000000,0.000000,0.000000,65535.000000,4.089919,2.730868,3.090770,2.866732,3.090770,2.866732,0.250000,1.000000,1.000000
25200.000000,3.093710,2.854879,0.294009,-1.185305,0.000000,2.000000,0.000000,1.000000,0.000000,1.001196,1.151584,-1.113760,0.292719,1.656263,0.000000,0.000000,0.000000,65535.000000,4.089919,2.730868,3.093710,2.854879,3.093710,2.854879,0.250000,1.000000,1.000000
25210.000000,3.096251,2.842853,0.254080,-1.202639,0.000000,2.000000,0.000000,1.000000,0.000000,1.001196,1.166949,-1.134618,0.272783,1.677842,0.000000,0.000000,0.000000,65535.000000,4.089919,2.730868,3.096251,2.842853,3.096251,2.842853,0.250000,1.000000,1.000000
25220.000000,3.098428,2.830400,0.217732,-1.245303,0.000000,2.000000,0.000000,1.000000,0.000000,1.346797,1.171305,-1.148734,0.228835,1.917693,0.000000,0.000000,0.000000,65535.000000,4.089919,2.730868,3.098428,2.830400,3.098428,2.830400,0.250000,1.000000,1.000000
25230.000000,3.099832,2.818316,0.140423,-1.208345,0.000000,2.000000,0.000000,1.000000,0.000000,1.346797,1.198956,-1.184224,0.187376,1.881574,0.000000,0.000000,0.000000,65535.000000,4.089919,2.730868,3.099832,2.818316,3.099832,2.818316,0.250000,1.000000,1.000000
25240.000000,3.101242,2.806096,0.141025,-1.222068,0.000000,2.000000,0.000000,1.000000,0.000000,1.346797,1.216477,-1.204707,0.168813,2.014781,0.000000,0.000000,0.000000,65535.000000,4.089919,2.730868,3.101242,2.806096,3.101242,2.806096,0.250000,1.000000,1.000000
25250.000000,3.102459,2.793983,0.121699,-1.211274,0.000000,2.000000,0.000000,1.000000,0.000000,1.323491,1.230178,-1.218592,0.168444,1.974950,0.000000,0.000000,0.000000,65535.000000,4.089919,2.730868,3.102459,2.793983,3.102459,2.793983,0.250000,1.000000,1.000000
25260.000000,3.103414,2.781692,0.095513,-1.229162,0.000000,2.000000,0.000000,1.000000,0.000000,1.272579,1.217372,-1.208144,0.149607,1.936664,0.000000,0.000000,0.000000,65535.000000,4.089919,2.730868,3.103414,2.781692,3.103414,2.781692,0.250000,1.000000,1.000000
25270.000000,3.104274,2.769310,0.085919,-1.238178,0.000000,2.000000,0.000000,1.000000,0.000000,0.687675,1.232868,-1.226590,0.124255,0.334592,0.000000,0.000000,0.000000,65535.000000,4.089919,2.730868,3.104274,2.769310,3.104274,2.769310,0.250000,1.000000,1.000000
25280.000000,3.105129,2.756787,0.085546,-1.252273,0.000000,2.000000,0.000000,1.000000,0.000000,0.687675,1.241155,-1.235954,0.113514,0.333475,0.000000,0.000000,0.000000,65535.000000,4.089919,2.730868,3.105129,2.756787,3.105129,2.756787,0.250000,1.000000,1.000000
25290.000000,3.105727,2.744190,0.059836,-1.259671,0.000000,2.000000,0.000000,1.000000,0.000000,0.563449,1.255192,-1.250208,0.111744,-0.471050,0.000000,0.000000,0.000000,65535.000000,4.089919,2.730868,3.105727,2.744190,3.105727,2.744190,0.250000,1.000000,1.000000
25300.000000,3.105968,2.731519,0.024007,-1.267129,0.000000,2.000000,0.000000,1.000000,0.000000,1.104305,1.261091,-1.258306,0.083775,2.311333,0.000000,0.000000,0.000000,65535.000000,4.089919,2.730868,3.105968,2.731519,3.105968,2.731519,0.250000,1.000000,1.000000
25310.000000,3.106138,2.718897,0.017090,-1.262236,0.000000,2.000000,0.000000,1.000000,0.000000,1.104305,1.267356,-1.266549,0.045234,2.259066,0.000000,0.000000,0.000000,65535.000000,4.089919,2.730868,3.106138,2.718897,3.106138,2.718897,0.250000,1.000000,1.000000
25320.000000,3.106186,2.706123,0.004787,-1.277421,0.000000,2.000000,0.000000,1.000000,0.000000,1.104305,1.262351,-1.261796,0.037424,2.209111,0.000000,0.000000,0.000000,65535.000000,4.089919,2.730868,3.106186,2.706123,3.106186,2.706123,0.250000,1.000000,1.000000
25330.000000,3.105869,2.693384,-0.031716,-1.273898,0.000000,2.000000,0.000000,1.000000,0.000000,0.897514,1.277429,-1.277197,0.024357,1.187318,0.000000,0.000000,0.000000,65535.000000,4.089919,2.730868,3.105869,2.693384,3.105869,2.693384,0.250000,1.000000,1.000000
25340.000000,3.105088,2.680525,-0.078128,-1.285875,0.000000,2.000000,0.000000,1.000000,0.000000,0.813971,1.274292,-1.274223,-0.013306,1.317355,0.000000,0.000000,0.000000,65535.000000,4.089919,2.730868,3.105088,2.680525,3.105088,2.680525,0.250000,1.000000,1.000000
25350.000000,3.103884,2.667783,-0.120404,-1.274184,0.000000,2.000000,0.000000,1.000000,0.000000,1.069700,1.288246,-1.286790,-0.061245,1.940088,0.000000,0.000000,0.000000,65535.000000,4.089919,2.730868,3.103884,2.667783,3.103884,2.667783,0.250000,1.000000,1.000000
25360.000000,3.102324,2.655147,-0.155987,-1.263599,0.000000,2.000000,0.000000,1.000000,0.000000,1.069700,1.279860,-1.275533,-0.105154,1.903128,0.000000,0.000000,0.000000,65535.000000,4.089919,2.730868,3.102324,2.655147,3.102324,2.655147,0.250000,1.000000,1.000000
25370.000000,3.099517,2.642214,-0.280690,-1.293355,0.000000,2.000000,0.000000,1.000000,0.000000,1.069700,1.273190,-1.265350,-0.141075,1.867551,0.000000,0.000000,0.000000,65535.000000,4.089919,2.730868,3.099517,2.642214,3.099517,2.642214,0.250000,1.000000,1.000000
25380.000000,3.096082,2.629281,-0.343531,-1.293298,0.000000,2.000000,0.000000,1.000000,0.000000,0.708918,1.238869,-1.224423,-0.188635,0.243229,0.000000,0.000000,0.000000,65535.000000,4.089919,2.730868,3.096082,2.629281,3.096082,2.629281,0.250000,1.000000,1.000000
25390.000000,3.092272,2.616327,-0.380968,-1.295324,0.000000,2.000000,0.000000,1.000000,0.000000,0.619079,1.241826,-1.217613,-0.244029,0.234699,0.000000,0.000000,0.000000,65535.000000,4.089919,2.730868,3.092272,2.616327,3.092272,2.616327,0.250000,1.000000,1.000000
25400.000000,3.088243,2.603436,-0.402883,-1.289113,0.000000,2.000000,0.000000,1.000000,0.000000,0.371369,1.240132,-1.209506,-0.273905,-1.220101,0.000000,0.000000,0.000000,65535.000000,4.089919,2.730868,3.088243,2.603436,3.088243,2.603436,0.250000,1.000000,1.000000
25410.000000,3.083764,2.590776,-0.447955,-1.265988,0.000000,2.000000,0.000000,1.000000,0.000000,0.481675,1.237445,-1.201257,-0.297074,-0.617283,0.000000,0.000000,0.000000,65535.000000,4.089919,2.730868,3.083764,2.590776,3.083764,2.590776,0.250000,1.000000,1.000000
25420.000000,3.078457,2.578192,-0.530618,-1.258433,0.000000,2.000000,0.000000,1.000000,0.000000,0.731014,1.217725,-1.170022,-0.337493,0.153648,0.000000,0.000000,0.000000,65535.000000,4.089919,2.730868,3.078457,2.578192,3.078457,2.578192,0.250000,1.000000,1.000000
25430.000000,3.072443,2.565775,-0.601376,-1.241680,0.000000,2.000000,0.000000,1.000000,0.000000,0.733031,1.225743,-1.153462,-0.414696,0.197962,0.000000,0.000000,0.000000,65535.000000,4.089919,2.730868,3.072443,2.565775,3.072443,2.565775,0.250000,1.000000,1.000000
25440.000000,3.065818,2.553507,-0.662547,-1.226786,0.000000,2.000000,0.000000,1.000000,0.000000,0.733031,1.214327,-1.120395,-0.468302,0.197571,0.000000,0.000000,0.000000,65535.000000,4.089919,2.730868,3.065818,2.553507,3.065818,2.553507,0.250000,1.000000,1.000000
25450.000000,3.058753,2.541801,-0.706561,-1.170588,0.000000,2.000000,0.000000,1.000000,0.000000,0.626435,1.207865,-1.092895,-0.514312,-0.123201,0.000000,0.000000,0.000000,65535.000000,4.089919,2.730868,3.058753,2.541801,3.058753,2.541801,0.250000,1.000000,1.000000
25460.000000,3.050618,2.530457,-0.813441,-1.134467,0.000000,2.000000,0.000000,1.000000,0.000000,0.623395,1.164622,-1.027597,-0.548077,-0.212750,0.000000,0.000000,0.000000,65535.000000,4.089919,2.730868,3.050618,2.530457,3.050618,2.530457,0.250000,1.000000,1.000000
25470.000000,3.041226,2.519572,-0.939244,-1.088489,0.000000,2.000000,0.000000,1.000000,0.000000,0.688053,1.159183,-0.971148,-0.632912,0.192846,0.000000,0.000000,0.000000,65535.000000,4.089919,2.730868,3.041226,2.519572,3.041226,2.519572,0.250000,1.000000,1.000000
25480.000000,3.030753,2.509094,-1.047294,-1.047781,0.000000,2.000000,0.000000,1.000000,0.000000,0.804663,1.163743,-0.903122,-0.733940,0.192474,0.000000,0.000000,0.000000,65535.000000,4.089919,2.730868,3.030753,2.509094,3.030753,2.509094,0.250000,1.000000,1.000000
25490.000000,3.019906,2.499140,-1.084685,-0.995392,0.000000,2.000000,0.000000,1.000000,0.000000,0.804663,1.168047,-0.837802,-0.813893,0.126875,0.000000,0.000000,0.000000,65535.000000,4.089919,2.730868,3.019906,2.499140,3.019906,2.499140,0.250000,1.000000,1.000000
25500.000000,3.008836,2.489792,-1.106987,-0.934832,0.000000,2.000000,0.000000,1.000000,0.000000,0.613506,1.153267,-0.783302,-0.846441,-1.182940,0.000000,0.000000,0.000000,65535.000000,4.089919,2.730868,3.008836,2.489792,3.008836,2.489792,0.250000,1.000000,1.000000
25510.000000,2.997394,2.480867,-1.144210,-0.892467,0.000000,2.000000,0.000000,1.000000,0.000000,0.320576,1.156613,-0.741334,-0.887793,-2.189750,0.000000,0.000000,0.000000,65535.000000,4.089919,2.730868,2.997394,2.480867,2.997394,2.480867,0.250000,1.000000,1.000000
25520.000000,2.985599,2.471706,-1.179519,-0.916054,0.000000,2.000000,0.000000,1.000000,0.000000,0.527995,1.192821,-0.720799,-0.950405,-1.424668,0.000000,0.000000,0.000000,65535.000000,4.089919,2.730868,2.985599,2.471706,2.985599,2.471706,0.250000,1.000000,1.000000
25530.000000,2.973858,2.462647,-1.174103,-0.905895,0.000000,2.000000,0.000000,1.000000,0.000000,0.713788,1.213903,-0.730435,-0.969549,-0.761309,0.000000,0.000000,0.000000,65535.000000,4.089919,2.730868,2.973858,2.462647,2.973858,2.462647,0.250000,1.000000,1.000000
25540.000000,2.962319,2.453751,-1.153885,-0.889666,0.000000,2.000000,0.000000,1.000000,0.000000,0.791016,1.185627,-0.710836,-0.948906,-0.486416,0.000000,0.000000,0.000000,65535.000000,4.089919,2.730868,2.962319,2.453751,2.962319,2.453751,0.250000,1.000000,1.000000
25550.000000,2.951080,2.445014,-1.123881,-0.873712,0.000000,2.000000,0.000000,1.000000,0.000000,0.867461,1.178018,-0.708616,-0.941057,-0.423404,0.000000,0.000000,0.000000,65535.000000,4.089919,2.730868,2.951080,2.445014,2.951080,2.445014,0.250000,1.000000,1.000000
25560.000000,2.940220,2.436807,-1.085971,-0.820694,0.000000,2.000000,0.000000,1.000000,0.000000,0.909646,1.192573,-0.723609,-0.947956,0.021500,0.000000,0.000000,0.000000,65535.000000,4.089919,2.730868,2.940220,2.436807,2.940220,2.436807,0.250000,1.000000,1.000000
25570.000000,2.929448,2.428859,-1.077218,-0.794805,0.000000,2.000000,0.000000,1.000000,0.000000,0.805388,1.201177,-0.715804,-0.964598,0.430499,0.000000,0.000000,0.000000,65535.000000,4.089919,2.730868,2.929448,2.428859,2.929448,2.428859,0.250000,1.000000,1.000000
25580.000000,2.918562,2.420673,-1.088577,-0.818563,0.000000,2.000000,0.000000,1.000000,0.000000,1.006680,1.200075,-0.701853,-0.973438,0.491717,0.000000,0.000000,0.000000,65535.000000,4.089919,2.730868,2.918562,2.420673,2.918562,2.420673,0.250000,1.000000,1.000000
25590.000000,2.908418,2.412586,-1.014444,-0.808734,0.000000,2.000000,0.000000,1.000000,0.000000,1.006680,1.236071,-0.731887,-0.996098,0.566563,0.000000,0.000000,0.000000,65535.000000,4.089919,2.730868,2.908418,2.412586,2.908418,2.412586,0.250000,1.000000,1.000000
25600.000000,2.898262,2.404172,-1.015633,-0.841322,0.000000,2.000000,0.000000,1.000000,0.000000,0.960879,1.277538,-0.790236,-1.003808,0.926758,0.000000,0.000000,0.000000,65535.000000,4.089919,2.730868,2.898262,2.404172,2.898262,2.404172,0.250000,1.000000,1.000000
25610.000000,2.887887,2.396007,-1.037415,-0.816537,0.000000,2.000000,0.000000,1.000000,0.000000,0.758956,1.352130,-0.852886,-1.049209,0.918239,0.000000,0.000000,0.000000,65535.000000,4.089919,2.730868,2.887887,2.396007,2.887887,2.396007,0.250000,1.000000,1.000000
25620.000000,2.877476,2.388519,-1.041145,-0.748800,0.000000,2.000000,0.000000,1.000000,0.000000,0.597864,1.412423,-0.862567,-1.118443,-0.160549,0.000000,0.000000,0.000000,65535.000000,4.089919,2.730868,2.877476,2.388519,2.877476,2.388519,0.250000,1.000000,1.000000
25630.000000,2.867074,2.381249,-1.040166,-0.726969,0.000000,2.000000,0.000000,1.000000,0.000000,0.652462,1.485378,-0.864586,-1.207824,0.180061,0.000000,0.000000,0.000000,65535.000000,4.089919,2.730868,2.867074,2.381249,2.867074,2.381249,0.250000,1.000000,1.000000
25640.000000,2.856554,2.374213,-1.052014,-0.703588,0.000000,2.000000,0.000000,1.000000,0.000000,0.836849,1.551810,-0.891340,-1.270286,1.137278,0.000000,0.000000,0.000000,65535.000000,4.089919,2.730868,2.856554,2.374213,2.856554,2.374213,0.250000,1.000000,1.000000
25650.000000,2.845615,2.367100,-1.093946,-0.711351,0.000000,2.000000,0.000000,1.000000,0.000000,0.836849,1.638844,-0.924124,-1.353441,1.124477,0.000000,0.000000,0.000000,65535.000000,4.089919,2.730868,2.845615,2.367100,2.845615,2.367100,0.250000,1.000000,1.000000
25660.000000,2.834489,2.360152,-1.112541,-0.694839,0.000000,2.000000,0.000000,1.000000,0.000000,0.734061,1.665414,-0.914158,-1.392092,0.543074,0.000000,0.000000,0.000000,65535.000000,4.089919,2.730868,2.834489,2.360152,2.834489,2.360152,0.250000,1.000000,1.000000
25670.000000,2.823768,2.353634,-1.072129,-0.651717,0.000000,2.000000,0.000000,1.000000,0.000000,0.734061,1.683119,-0.898225,-1.423405,0.540138,0.000000,0.000000,0.000000,65535.000000,4.089919,2.730868,2.823768,2.353634,2.823768,2.353634,0.250000,1.000000,1.000000
25680.000000,2.812658,2.347290,-1.111012,-0.634428,0.000000,2.000000,0.000000,1.000000,0.000000,0.734061,1.706263,-0.910032,-1.443321,0.537233,0.000000,0.000000,0.000000,65535.000000,4.089919,2.730868,2.812658,2.347290,2.812658,2.347290,0.250000,1.000000,1.000000
25690.000000,2.800685,2.341000,-1.197279,-0.629040,0.000000,2.000000,0.000000,1.000000,0.000000,0.715934,1.743316,-0.897000,-1.494838,0.507981,0.000000,0.000000,0.000000,65535.000000,4.089919,2.730868,2.800685,2.341000,2.800685,2.341000,0.250000,1.000000,1.000000
25700.000000,2.788429,2.335109,-1.225644,-0.589116,0.000000,2.000000,0.000000,1.000000,0.000000,0.678922,1.795085,-0.866755,-1.571963,0.247095,0.000000,0.000000,0.000000,65535.000000,4.089919,2.730868,2.788429,2.335109,2.788429,2.335109,0.250000,1.000000,1.000000
25710.000000,2.776076,2.329720,-1.235307,-0.538835,0.000000,2.000000,0.000000,1.000000,0.000000,0.982294,1.821059,-0.834445,-1.618628,1.621783,0.000000,0.000000,0.000000,65535.000000,4.089919,2.730868,2.776076,2.329720,2.776076,2.329720,0.250000,1.000000,1.000000
25720.000000,2.763184,2.324472,-1.289132,-0.524805,0.000000,2.000000,0.000000,1.000000,0.000000,0.982294,1.850149,-0.811990,-1.662445,1.595875,0.000000,0.000000,0.000000,65535.000000,4.089919,2.730868,2.763184,2.324472,2.763184,2.324472,0.250000,1.000000,1.000000
25730.000000,2.750171,2.319359,-1.301364,-0.511343,0.000000,2.000000,0.000000,1.000000,0.000000,0.969738,1.884509,-0.784464,-1.713473,1.495620,0.000000,0.000000,0.000000,65535.000000,4.089919,2.730868,2.750171,2.319359,2.750171,2.319359,0.250000,1.000000,1.000000
25740.000000,2.737702,2.314521,-1.246836,-0.483813,0.000000,2.000000,0.000000,1.000000,0.000000,1.020983,1.856530,-0.741393,-1.702069,2.408061,0.000000,0.000000,0.000000,65535.000000,4.089919,2.730868,2.737702,2.314521,2.737702,2.314521,0.250000,1.000000,1.000000
25750.000000,2.725041,2.309889,-1.266116,-0.463151,0.000000,2.000000,0.000000,1.000000,0.000000,1.020983,1.800456,-0.721490,-1.649574,2.396999,0.000000,0.000000,0.000000,65535.000000,4.089919,2.730868,2.725041,2.309889,2.725041,2.309889,0.250000,1.000000,1.000000
25760.000000,2.711487,2.305589,-1.355390,-0.430002,0.000000,2.000000,0.000000,1.000000,0.000000,1.020983,1.738890,-0.649080,-1.613206,2.340834,0.000000,0.000000,0.000000,65535.000000,4.089919,2.730868,2.711487,2.305589,2.711487,2.305589,0.250000,1.000000,1.000000
25770.000000,2.697546,2.301445,-1.394166,-0.414417,0.000000,2.000000,0.000000,1.000000,0.000000,0.612594,1.769426,-0.580413,-1.671523,-0.382503,0.000000,0.000000,0.000000,65535.000000,4.089919,2.730868,2.697546,2.301445,2.697546,2.301445,0.250000,1.000000,1.000000
25780.000000,2.683518,2.296964,-1.402767,-0.448101,0.000000,2.000000,0.000000,1.000000,0.000000,0.537306,1.740182,-0.514045,-1.662526,-0.776315,0.000000,0.000000,0.000000,65535.000000,4.089919,2.730868,2.683518,2.296964,2.683518,2.296964,0.250000,1.000000,1.000000
25790.000000,2.669780,2.292348,-1.373760,-0.461564,0.000000,2.000000,0.000000,1.000000,0.000000,0.523885,1.711457,-0.506006,-1.634944,-0.833795,0.000000,0.000000,0.000000,65535.000000,4.089919,2.730868,2.669780,2.292348,2.669780,2.292348,0.250000,1.000000,1.000000
25800.000000,2.655860,2.287522,-1.392051,-0.482587,0.000000,2.000000,0.000000,1.000000,0.000000,0.564090,1.677300,-0.509576,-1.598020,-0.350249,0.000000,0.000000,0.000000,65535.000000,4.089919,2.730868,2.655860,2.287522,2.655860,2.287522,0.250000,1.000000,1.000000
25810.000000,2.641925,2.282896,-1.393441,-0.462599,0.000000,2.000000,0.000000,1.000000,0.000000,0.738164,1.675793,-0.506534,-1.597406,0.178383,0.000000,0.000000,0.000000,65535.000000,4.089919,2.730868,2.641925,2.282896,2.641925,2.282896,0.250000,1.000000,1.000000
25820.000000,2.627975,2.278663,-1.395005,-0.423317,0.000000,2.000000,0.000000,1.000000,0.000000,0.953888,1.670849,-0.484385,-1.599096,1.188267,0.000000,0.000000,0.000000,65535.000000,4.089919,2.730868,2.627975,2.278663,2.627975,2.278663,0.250000,1.000000,1.000000
25830.000000,2.614071,2.274502,-1.390399,-0.416080,0.000000,2.000000,0.000000,1.000000,0.000000,0.974471,1.698758,-0.472094,-1.631842,1.337691,0.000000,0.000000,0.000000,65535.000000,4.089919,2.730868,2.614071,2.274502,2.614071,2.274502,0.250000,1.000000,1.000000
25840.000000,2.600096,2.270363,-1.397554,-0.413914,0.000000,2.000000,0.000000,1.000000,0.000000,1.039065,1.680852,-0.454733,-1.618172,2.462049,0.000000,0.000000,0.000000,65535.000000,4.089919,2.730868,2.600096,2.270363,2.600096,2.270363,0.250000,1.000000,1.000000
25850.000000,2.586232,2.266334,-1.386319,-0.402960,0.000000,2.000000,0.000000,1.000000,0.000000,1.039065,1.663503,-0.434915,-1.605643,2.402831,0.000000,0.000000,0.000000,65535.000000,4.089919,2.730868,2.586232,2.266334,2.586232,2.266334,0.250000,1.000000,1.000000
25860.000000,2.571999,2.262204,-1.423380,-0.412926,0.000000,2.000000,0.000000,1.000000,0.000000,0.941140,1.629934,-0.410970,-1.577272,1.787639,0.000000,0.000000,0.000000,65535.000000,4.089919,2.730868,2.571999,2.262204,2.571999,2.262204,0.250000,1.000000,1.000000
25870.000000,2.557381,2.258050,-1.461723,-0.415449,0.000000,2.000000,0.000000,1.000000,0.000000,0.726193,1.616743,-0.376641,-1.572259,0.118459,0.000000,0.000000,0.000000,65535.000000,4.089919,2.730868,2.557381,2.258050,2.557381,2.258050,0.250000,1.000000,1.000000
25880.000000,2.542646,2.253982,-1.473562,-0.406824,0.000000,2.000000,0.000000,1.000000,0.000000,0.726193,1.609606,-0.339861,-1.573317,0.118319,0.000000,0.000000,0.000000,65535.000000,4.089919,2.730868,2.542646,2.253982,2.542646,2.253982,0.250000,1.000000,1.000000
25890.000000,2.528118,2.249955,-1.452786,-0.402634,0.000000,2.000000,0.000000,1.000000,0.000000,0.885026,1.639037,-0.345410,-1.602227,1.627349,0.000000,0.000000,0.000000,65535.000000,4.089919,2.730868,2.528118,2.249955,2.528118,2.249955,0.250000,1.000000,1.000000
25900.000000,2.513783,2.245604,-1.433538,-0.435167,0.000000,2.000000,0.000000,1.000000,0.000000,0.885026,1.640505,-0.359285,-1.600678,1.601265,0.000000,0.000000,0.000000,65535.000000,4.089919,2.730868,2.513783,2.245604,2.513783,2.245604,0.250000,1.000000,1.000000
25910.000000,2.499662,2.241359,-1.412082,-0.424441,0.000000,2.000000,0.000000,1.000000,0.000000,0.837854,1.623923,-0.384815,-1.577670,1.304212,0.000000,0.000000,0.000000,65535.000000,4.089919,2.730868,2.499662,2.241359,2.499662,2.241359,0.250000,1.000000,1.000000
25920.000000,2.485377,2.237330,-1.428473,-0.402902,0.000000,2.000000,0.000000,1.000000,0.000000,1.273880,1.651489,-0.414229,-1.598697,3.130785,0.000000,0.000000,0.000000,65535.000000,4.089919,2.730868,2.485377,2.237330,2.485377,2.237330,0.250000,1.000000,1.000000
25930.000000,2.471339,2.233508,-1.403752,-0.382286,0.000000,2.000000,0.000000,1.000000,0.000000,1.273880,1.668012,-0.394997,-1.620568,3.035650,0.000000,0.000000,0.000000,65535.000000,4.089919,2.730868,2.471339,2.233508,2.471339,2.233508,0.250000,1.000000,1.000000
25940.000000,2.457273,2.229952,-1.406619,-0.355556,0.000000,2.000000,0.000000,1.000000,0.000000,1.228462,1.642540,-0.379264,-1.598153,2.754465,0.000000,0.000000,0.000000,65535.000000,4.089919,2.730868,2.457273,2.229952,2.457273,2.229952,0.250000,1.000000,1.000000
25950.000000,2.442888,2.226355,-1.438505,-0.359717,0.000000,2.000000,0.000000,1.000000,0.000000,1.002858,1.667876,-0.375492,-1.625059,1.160630,0.000000,0.000000,0.000000,65535.000000,4.089919,2.730868,2.442888,2.226355,2.442888,2.226355,0.250000,1.000000,1.000000
25960.000000,2.428204,2.222771,-1.468391,-0.358368,0.000000,2.000000,0.000000,1.000000,0.000000,0.867921,1.681143,-0.359437,-1.642268,0.426475,0.000000,0.000000,0.000000,65535.000000,4.089919,2.730868,2.428204,2.222771,2.428204,2.222771,0.250000,1.000000,1.000000
25970.000000,2.414055,2.219566,-1.414917,-0.320503,0.000000,2.000000,0.000000,1.000000,0.000000,0.859649,1.686740,-0.336494,-1.652835,-0.614976,0.000000,0.000000,0.000000,65535.000000,4.089919,2.730868,2.414055,2.219566,2.414055,2.219566,0.250000,1.000000,1.000000
25980.000000,2.400218,2.216724,-1.383730,-0.284240,0.000000,2.000000,0.000000,1.000000,0.000000,0.991424,1.614166,-0.298855,-1.586259,0.309029,0.000000,0.000000,0.000000,65535.000000,4.089919,2.730868,2.400218,2.216724,2.400218,2.216724,0.250000,1.000000,1.000000
25990.000000,2.386189,2.214037,-1.402822,-0.268693,0.000000,2.000000,0.000000,1.000000,0.000000,1.280526,1.557728,-0.256771,-1.536420,2.157048,0.000000,0.000000,0.000000,65535.000000,4.089919,2.730868,2.386189,2.214037,2.386189,2.214037,0.250000,1.000000,1.000000
26000.000000,2.371768,2.211545,-1.442149,-0.249231,0.000000,2.000000,0.000000,1.000000,0.000000,1.346498,1.508998,-0.191024,-1.496858,2.467838,0.000000,0.000000,0.000000,65535.000000,4.089919,2.730868,2.371768,2.211545,2.371768,2.211545,0.250000,1.000000,1.000000
26010.000000,2.357361,2.209134,-1.440675,-0.241033,0.000000,2.000000,0.000000,1.000000,0.000000,1.346498,1.506675,-0.140187,-1.500139,2.408345,0.000000,0.000000,0.000000,65535.000000,4.089919,2.730868,2.357361,2.209134,2.357361,2.209134,0.250000,1.000000,1.000000
26020.000000,2.343104,2.206756,-1.425695,-0.237773,0.000000,2.000000,0.000000,1.000000,0.000000,1.037142,1.470068,-0.105048,-1.466310,1.446022,0.000000,0.000000,0.000000,65535.000000,4.089919,2.730868,2.343104,2.206756,2.343104,2.206756,0.250000,1.000000,1.000000
26030.000000,2.328774,2.204414,-1.433040,-0.234234,0.000000,2.000000,0.000000,1.000000,0.000000,1.037142,1.447473,-0.097865,-1.444161,1.425389,0.000000,0.000000,0.000000,65535.000000,4.089919,2.730868,2.328774,2.204414,2.328774,2.204414,0.250000,1.000000,1.000000
26040.000000,2.314113,2.202233,-1.466091,-0.218076,0.000000,2.000000,0.000000,1.000000,0.000000,1.035623,1.452057,-0.091493,-1.449172,0.931425,0.000000,0.000000,0.000000,65535.000000,4.089919,2.730868,2.314113,2.202233,2.314113,2.202233,0.250000,1.000000,1.000000
26050.000000,2.299520,2.200350,-1.459285,-0.188374,0.000000,2.000000,0.000000,1.000000,0.000000,0.889798,1.482222,-0.071224,-1.480509,-0.220816,0.000000,0.000000,0.000000,65535.000000,4.089919,2.730868,2.299520,2.200350,2.299520,2.200350,0.250000,1.000000,1.000000
26060.000000,2.284969,2.198718,-1.455128,-0.163126,0.000000,2.000000,0.000000,1.000000,0.000000,0.723253,1.471394,-0.041769,-1.470801,-0.771483,0.000000,0.000000,0.000000,65535.000000,4.089919,2.730868,2.284969,2.198718,2.284969,2.198718,0.250000,1.000000,1.000000
26070.000000,2.270549,2.197155,-1.442018,-0.156281,0.000000,2.000000,0.000000,1.000000,0.000000,0.662646,1.464243,-0.016487,-1.464150,-1.317950,0.000000,0.000000,0.000000,65535.000000,4.089919,2.730868,2.270549,2.197155,2.270549,2.197155,0.250000,1.000000,1.000000
26080.000000,2.255832,2.195801,-1.471644,-0.135412,0.000000,2.000000,0.000000,1.000000,0.000000,0.733408,1.450462,-0.011431,-1.450417,-1.070717,0.000000,0.000000,0.000000,65535.000000,4.089919,2.730868,2.255832,2.195801,2.255832,2.195801,0.250000,1.000000,1.000000
26090.000000,2.241165,2.194766,-1.466672,-0.103543,0.000000,2.000000,0.000000,1.000000,0.000000,0.755146,1.477861,0.009991,-1.477827,-1.032906,0.000000,0.000000,0.000000,65535.000000,4.089919,2.730868,2.241165,2.194766,2.241165,2.194766,0.250000,1.000000,1.000000
26100.000000,2.226368,2.194041,-1.479755,-0.072470,0.000000,2.000000,0.000000,1.000000,0.000000,0.622918,1.470322,0.037538,-1.469843,-0.844160,0.000000,0.000000,0.000000,65535.000000,4.089919,2.730868,2.226368,2.194041,2.226368,2.194041,0.250000,1.000000,1.000000
26110.000000,2.211498,2.193522,-1.487023,-0.051866,0.000000,2.000000,0.000000,1.000000,0.000000,0.670843,1.481528,0.064920,-1.480105,-0.361174,0.000000,0.000000,0.000000,65535.000000,4.089919,2.730868,2.211498,2.193522,2.211498,2.193522,0.250000,1.000000,1.000000
26120.000000,2.196526,2.193082,-1.497139,-0.044024,0.000000,2.000000,0.000000,1.000000,0.000000,0.730149,1.487927,0.081078,-1.485717,-0.266960,0.000000,0.000000,0.000000,65535.000000,4.089919,2.730868,2.196526,2.193082,2.196526,2.193082,0.250000,1.000000,1.000000
26130.000000,2.181894,2.192632,-1.463253,-0.044960,0.000000,2.000000,0.000000,1.000000,0.000000,0.730149,1.497786,0.085110,-1.495366,-0.266249,0.000000,0.000000,0.000000,65535.000000,4.089919,2.730868,2.181894,2.192632,2.181894,2.192632,0.250000,1.000000,1.000000
26140.000000,2.167468,2.192098,-1.442591,-0.053486,0.000000,2.000000,0.000000,1.000000,0.000000,0.730149,1.483685,0.095437,-1.480612,-0.329670,0.000000,0.000000,0.000000,65535.000000,4.089919,2.730868,2.167468,2.192098,2.167468,2.192098,0.250000,1.000000,1.000000
26150.000000,2.153012,2.191566,-1.445633,-0.053182,0.000000,2.000000,0.000000,1.000000,0.000000,0.722110,1.486894,0.103741,-1.483271,-1.211983,0.000000,0.000000,0.000000,65535.000000,4.089919,2.730868,2.153012,2.191566,2.153012,2.191566,0.250000,1.000000,1.000000
26160.000000,2.138395,2.191067,-1.461634,-0.049848,0.000000,2.000000,0.000000,1.000000,0.000000,0.705034,1.483300,0.097717,-1.480078,-1.197456,0.000000,0.000000,0.000000,65535.000000,4.089919,2.730868,2.138395,2.191067,2.138395,2.191067,0.250000,1.000000,1.000000
26170.000000,2.123959,2.190578,-1.443677,-0.048924,0.000000,2.000000,0.000000,1.000000,0.000000,0.600583,1.479176,0.084859,-1.476740,-1.458162,0.000000,0.000000,0.000000,65535.000000,4.089919,2.730868,2.123959,2.190578,2.123959,2.190578,0.250000,1.000000,1.000000
26180.000000,2.109852,2.190026,-1.410684,-0.055178,0.000000,2.000000,0.000000,1.000000,0.000000,0.585804,1.444636,0.069114,-1.442982,-1.484856,0.000000,0.000000,0.000000,65535.000000,4.089919,2.730868,2.109852,2.190026,2.109852,2.190026,0.250000,1.000000,1.000000
26190.000000,2.095971,2.189420,-1.388098,-0.060582,0.000000,2.000000,0.000000,1.000000,0.000000,0.727881,1.411762,0.058792,-1.410537,-1.009921,0.000000,0.000000,0.000000,65535.000000,4.089919,2.730868,2.095971,2.189420,2.095971,2.189420,0.250000,1.000000,1.000000
26200.000000,2.082409,2.188687,-1.356184,-0.073347,0.000000,2.000000,0.000000,1.000000,0.000000,0.727881,1.389419,0.049183,-1.388548,-0.999814,0.000000,0.000000,0.000000,65535.000000,4.089919,2.730868,2.082409,2.188687,2.082409,2.188687,0.250000,1.000000,1.000000
26210.000000,2.069395,2.187791,-1.301422,-0.089625,0.000000,2.000000,0.000000,1.000000,0.000000,0.727881,1.358166,0.030853,-1.357815,-0.989907,0.000000,0.000000,0.000000,65535.000000,4.089919,2.730868,2.069395,2.187791,2.069395,2.187791,0.250000,1.000000,1.000000
26220.000000,2.056635,2.186681,-1.275997,-0.110967,0.000000,2.000000,0.000000,1.000000,0.000000,0.567739,1.304504,0.007821,-1.304481,-1.632156,0.000000,0.000000,0.000000,65535.000000,4.089919,2.730868,2.056635,2.186681,2.056635,2.186681,0.250000,1.000000,1.000000
26230.000000,2.043808,2.185551,-1.282647,-0.113060,0.000000,2.000000,0.000000,1.000000,0.000000,0.308752,1.280813,-0.017442,-1.280694,-2.000714,0.000000,0.000000,0.000000,65535.000000,4.089919,2.730868,2.043808,2.185551,2.043808,2.185551,0.250000,1.000000,1.000000
26240.000000,2.030951,2.184456,-1.285715,-0.109427,0.000000,2.000000,0.000000,1.000000,0.000000,0.256342,1.287620,-0.020523,-1.287457,-1.961432,0.000000,0.000000,0.000000,65535.000000,4.089919,2.730868,2.030951,2.184456,2.030951,2.184456,0.250000,1.000000,1.000000
26250.000000,2.018667,2.183428,-1.228480,-0.102823,0.000000,2.000000,0.000000,1.000000,0.000000,0.284870,1.290363,-0.018489,-1.290231,-1.890877,0.000000,0.000000,0.000000,65535.000000,4.089919,2.730868,2.018667,2.183428,2.018667,2.183428,0.250000,1.000000,1.000000
26260.000000,2.006597,2.182306,-1.206917,-0.112225,0.000000,2.000000,0.000000,1.000000,0.000000,0.375837,1.232776,-0.017240,-1.232655,-1.313961,0.000000,0.000000,0.000000,65535.000000,4.089919,2.730868,2.006597,2.182306,2.006597,2.182306,0.250000,1.000000,1.000000
26270.000000,1.994529,2.181125,-1.206816,-0.118030,0.000000,2.000000,0.000000,1.000000,0.000000,0.582923,1.212124,-0.028904,-1.211779,-0.526771,0.000000,0.000000,0.000000,65535.000000,4.089919,2.730868,1.994529,2.181125,1.994529,2.181125,0.250000,1.000000,1.000000
26280.000000,1.982342,2.179938,-1.218706,-0.118766,0.000000,2.000000,0.000000,1.000000,0.000000,0.770390,1.212574,-0.035412,-1.212057,0.323366,0.000000,0.000000,0.000000,65535.000000,4.089919,2.730868,1.982342,2.179938,1.982342,2.179938,0.250000,1.000000,1.000000
26290.000000,1.970411,2.178891,-1.193131,-0.104675,0.000000,2.000000,0.000000,1.000000,0.000000,0.770390,1.224479,-0.036136,-1.223946,0.322323,0.000000,0.000000,0.000000,65535.000000,4.089919,2.730868,1.970411,2.178891,1.970411,2.178891,0.250000,1.000000,1.000000
26300.000000,1.958866,2.178006,-1.154447,-0.088530,0.000000,2.000000,0.000000,1.000000,0.000000,0.710805,1.197714,-0.024150,-1.197471,0.017850,0.000000,0.000000,0.000000,65535.000000,4.089919,2.730868,1.958866,2.178006,1.958866,2.178006,0.250000,1.000000,1.000000
26310.000000,1.947490,2.177220,-1.137600,-0.078616,0.000000,2.000000,0.000000,1.000000,0.000000,0.874806,1.157837,-0.011557,-1.157779,1.017865,0.000000,0.000000,0.000000,65535.000000,4.089919,2.730868,1.947490,2.177220,1.947490,2.177220,0.250000,1.000000,1.000000
26320.000000,1.936144,2.176466,-1.134658,-0.075406,0.000000,2.000000,0.000000,1.000000,0.000000,0.874806,1.140313,-0.005133,-1.140301,1.007598,0.000000,0.000000,0.000000,65535.000000,4.089919,2.730868,1.936144,2.176466,1.936144,2.176466,0.250000,1.000000,1.000000
26330.000000,1.925068,2.175659,-1.107546,-0.080706,0.000000,2.000000,0.000000,1.000000,0.000000,0.874806,1.137161,-0.004460,-1.137152,0.840819,0.000000,0.000000,0.000000,65535.000000,4.089919,2.730868,1.925068,2.175659,1.925068,2.175659,0.250000,1.000000,1.000000
26340.000000,1.914019,2.174738,-1.104961,-0.092030,0.000000,2.000000,0.000000,1.000000,0.000000,0.558375,1.110483,-0.013206,-1.110404,-0.809557,0.000000,0.000000,0.000000,65535.000000,4.089919,2.730868,1.914019,2.174738,1.914019,2.174738,0.250000,1.000000,1.000000
26350.000000,1.903474,2.174127,-1.054481,-0.061170,0.000000,2.000000,0.000000,1.000000,0.000000,0.700503,1.108787,-0.027082,-1.108456,-1.166450,0.000000,0.000000,0.000000,65535.000000,4.089919,2.730868,1.903474,2.174127,1.903474,2.174127,0.250000,1.000000,1.000000
26360.000000,1.893347,2.174010,-1.012689,-0.011649,0.000000,2.000000,0.000000,1.000000,0.000000,0.645197,1.056254,-0.001581,-1.056253,-1.152988,0.000000,0.000000,0.000000,65535.000000,4.089919,2.730868,1.893347,2.174010,1.893347,2.174010,0.250000,1.000000,1.000000
26370.000000,1.883764,2.174136,-0.958274,0.012567,0.000000,2.000000,0.000000,1.000000,0.000000,0.790950,1.012756,0.044172,-1.011793,-1.028400,0.000000,0.000000,0.000000,65535.000000,4.089919,2.730868,1.883764,2.174136,1.883764,2.174136,0.250000,1.000000,1.000000
26380.000000,1.874505,2.174246,-0.925948,0.011073,0.000000,2.000000,0.000000,1.000000,0.000000,0.790950,0.958357,0.063759,-0.956234,0.006429,0.000000,0.000000,0.000000,65535.000000,4.089919,2.730868,1.874505,2.174246,1.874505,2.174246,0.250000,1.000000,1.000000
26390.000000,1.865484,2.174231,-0.902053,-0.001582,0.000000,2.000000,0.000000,1.000000,0.000000,0.632142,0.926014,0.058121,-0.924188,0.006429,0.000000,0.000000,0.000000,65535.000000,4.089919,2.730868,1.865484,2.174231,1.865484,2.174231,0.250000,1.000000,1.000000
26400.000000,1.856511,2.173899,-0.897331,-0.033108,0.000000,2.000000,0.000000,1.000000,0.000000,0.632142,0.902055,0.042229,-0.901066,0.006428,0.000000,0.000000,0.000000,65535.000000,4.089919,2.730868,1.856511,2.173899,1.856511,2.173899,0.250000,1.000000,1.000000
26410.000000,1.848062,2.173389,-0.844880,-0.051043,0.000000,2.000000,0.000000,1.000000,0.000000,0.494856,0.897942,0.008918,-0.897897,-0.662343,0.000000,0.000000,0.000000,65535.000000,4.089919,2.730868,1.848062,2.173389,1.848062,2.173389,0.250000,1.000000,1.000000
26420.000000,1.840046,2.172908,-0.801615,-0.048096,0.000000,2.000000,0.000000,1.000000,0.000000,0.453909,0.846421,-0.012843,-0.846323,-0.883682,0.000000,0.000000,0.000000,65535.000000,4.089919,2.730868,1.840046,2.172908,1.840046,2.172908,0.250000,1.000000,1.000000
26430.000000,1.832481,2.172616,-0.756438,-0.029209,0.000000,2.000000,0.000000,1.000000,0.000000,0.448306,0.803057,-0.013774,-0.802939,-0.875934,0.000000,0.000000,0.000000,65535.000000,4.089919,2.730868,1.832481,2.172616,1.832481,2.172616,0.250000,1.000000,1.000000
26440.000000,1.825420,2.172672,-0.706104,0.005566,0.000000,2.000000,0.000000,1.000000,0.000000,0.647671,0.757002,0.001357,-0.757001,-2.276200,0.000000,0.000000,0.000000,65535.000000,4.089919,2.730868,1.825420,2.172672,1.825420,2.172672,0.250000,1.000000,1.000000
26450.000000,1.818789,2.172877,-0.663147,0.020552,0.000000,2.000000,0.000000,1.000000,0.000000,0.647671,0.706126,0.032891,-0.705359,-1.233165,0.000000,0.000000,0.000000,65535.000000,4.089919,2.730868,1.818789,2.172877,1.818789,2.172877,0.250000,1.000000,1.000000
26460.000000,1.812432,2.173065,-0.635651,0.018834,0.000000,2.000000,0.000000,1.000000,0.000000,0.647671,0.663465,0.045056,-0.661933,-0.037467,0.000000,0.000000,0.000000,65535.000000,4.089919,2.730868,1.812432,2.173065,1.812432,2.173065,0.250000,1.000000,1.000000
26470.000000,1.806314,2.173236,-0.611828,0.017032,0.000000,2.000000,0.000000,1.000000,0.000000,0.845472,0.635930,0.041403,-0.634581,0.735562,0.000000,0.000000,0.000000,65535.000000,4.089919,2.730868,1.806314,2.173236,1.806314,2.173236,0.250000,1.000000,1.000000
26480.000000,1.800362,2.173423,-0.595177,0.018731,0.000000,2.000000,0.000000,1.000000,0.000000,0.845472,0.612065,0.037852,-0.610893,0.730186,0.000000,0.000000,0.000000,65535.000000,4.089919,2.730868,1.800362,2.173423,1.800362,2.173423,0.250000,1.000000,1.000000
26490.000000,1.794748,2.173603,-0.561443,0.017943,0.000000,2.000000,0.000000,1.000000,0.000000,1.015863,0.595472,0.037634,-0.594281,2.219331,0.000000,0.000000,0.000000,65535.000000,4.089919,2.730868,1.794748,2.173603,1.794748,2.173603,0.250000,1.000000,1.000000
26500.000000,1.789373,2.173604,-0.537480,0.000188,0.000000,2.000000,0.000000,1.000000,0.000000,1.461730,0.561730,0.034884,-0.560646,4.528590,0.000000,0.000000,0.000000,65535.000000,4.089919,2.730868,1.789373,2.173604,1.789373,2.173604,0.250000,1.000000,1.000000
26510.000000,1.784150,2.173345,-0.522336,-0.025933,0.000000,2.000000,0.000000,1.000000,0.000000,1.461730,0.537480,0.016185,-0.537237,4.332207,0.000000,0.000000,0.000000,65535.000000,4.089919,2.730868,1.784150,2.173345,1.784150,2.173345,0.250000,1.000000,1.000000
26520.000000,1.779303,2.173103,-0.484630,-0.024241,0.000000,2.000000,0.000000,1.000000,0.000000,1.461730,0.522979,-0.010998,-0.522863,4.152147,0.000000,0.000000,0.000000,65535.000000,4.089919,2.730868,1.779303,2.173103,1.779303,2.173103,0.250000,1.000000,1.000000
26530.000000,1.774824,2.172984,-0.447957,-0.011846,0.000000,2.000000,0.000000,1.000000,0.000000,1.389190,0.485236,-0.011987,-0.485088,3.589174,0.000000,0.000000,0.000000,65535.000000,4.089919,2.730868,1.774824,2.172984,1.774824,2.172984,0.250000,1.000000,1.000000
26540.000000,1.770653,2.172905,-0.417056,-0.007912,0.000000,2.000000,0.000000,1.000000,0.000000,1.601984,0.448113,-0.002126,-0.448108,3.562254,0.000000,0.000000,0.000000,65535.000000,4.089919,2.730868,1.770653,2.172905,1.770653,2.172905,0.250000,1.000000,1.000000
26550.000000,1.766900,2.172859,-0.375342,-0.004579,0.000000,2.000000,0.000000,1.000000,0.000000,1.601984,0.417131,0.000003,-0.417131,3.439604,0.000000,0.000000,0.000000,65535.000000,4.089919,2.730868,1.766900,2.172859,1.766900,2.172859,0.250000,1.000000,1.000000
26560.000000,1.763457,2.172870,-0.344278,0.001066,0.000000,2.000000,0.000000,1.000000,0.000000,1.204063,0.375370,0.001965,-0.375365,1.978728,0.000000,0.000000,0.000000,65535.000000,4.089919,2.730868,1.763457,2.172870,1.763457,2.172870,0.250000,1.000000,1.000000
26570.000000,1.760380,2.173182,-0.307722,0.031244,0.000000,2.000000,0.000000,1.000000,0.000000,0.807087,0.344279,0.007094,-0.344206,0.196050,0.000000,0.000000,0.000000,65535.000000,4.089919,2.730868,1.760380,2.173182,1.760380,2.173182,0.250000,1.000000,1.000000
26580.000000,1.757495,2.173612,-0.288512,0.042988,0.000000,2.000000,0.000000,1.000000,0.000000,0.544359,0.309304,0.036414,-0.307153,-0.769860,0.000000,0.000000,0.000000,65535.000000,4.089919,2.730868,1.757495,2.173612,1.757495,2.173612,0.250000,1.000000,1.000000
26590.000000,1.754626,2.174018,-0.286851,0.040547,0.000000,2.000000,0.000000,1.000000,0.000000,0.524830,0.291697,0.047219,-0.287849,-0.645456,0.000000,0.000000,0.000000,65535.000000,4.089919,2.730868,1.754626,2.174018,1.754626,2.174018,0.250000,1.000000,1.000000
26600.000000,1.751775,2.174428,-0.285174,0.040990,0.000000,2.000000,0.000000,1.000000,0.000000,0.524830,0.289703,0.044040,-0.286336,-0.641312,0.000000,0.000000,0.000000,65535.000000,4.089919,2.730868,1.751775,2.174428,1.751775,2.174428,0.250000,1.000000,1.000000
26610.000000,1.748974,2.174880,-0.280051,0.045199,0.000000,2.000000,0.000000,1.000000,0.000000,0.504870,0.288105,0.044051,-0.284717,-0.709765,0.000000,0.000000,0.000000,65535.000000,4.089919,2.730868,1.748974,2.174880,1.748974,2.174880,0.250000,1.000000,1.000000
26620.000000,1.746281,2.175366,-0.269307,0.048615,0.000000,2.000000,0.000000,1.000000,0.000000,0.433327,0.283675,0.047983,-0.279588,-0.978107,0.000000,0.000000,0.000000,65535.000000,4.089919,2.730868,1.746281,2.175366,1.746281,2.175366,0.250000,1.000000,1.000000
26630.000000,1.743758,2.175842,-0.252324,0.047609,0.000000,2.000000,0.000000,1.000000,0.000000,0.423747,0.273660,0.051051,-0.268856,-1.012734,0.000000,0.000000,0.000000,65535.000000,4.089919,2.730868,1.743758,2.175842,1.743758,2.175842,0.250000,1.000000,1.000000
26640.000000,1.741381,2.176313,-0.237732,0.047156,0.000000,2.000000,0.000000,1.000000,0.000000,0.244197,0.256776,0.049664,-0.251928,-1.983796,0.000000,0.000000,0.000000,65535.000000,4.089919,2.730868,1.741381,2.176313,1.741381,2.176313,0.250000,1.000000,1.000000
26650.000000,1.739210,2.176791,-0.217031,0.047723,0.000000,2.000000,0.000000,1.000000,0.000000,0.209524,0.242364,0.048812,-0.237398,-2.084739,0.000000,0.000000,0.000000,65535.000000,4.089919,2.730868,1.739210,2.176791,1.739210,2.176791,0.250000,1.000000,1.000000
26660.000000,1.737263,2.177271,-0.194676,0.048064,0.000000,2.000000,0.000000,1.000000,0.000000,0.209524,0.222216,0.048944,-0.216759,-2.042123,0.000000,0.000000,0.000000,65535.000000,4.089919,2.730868,1.737263,2.177271,1.737263,2.177271,0.250000,1.000000,1.000000
26670.000000,1.735530,2.177761,-0.173362,0.048976,0.000000,2.000000,0.000000,1.000000,0.000000,0.195962,0.200521,0.049024,-0.194436,-2.066082,0.000000,0.000000,0.000000,65535.000000,4.089919,2.730868,1.735530,2.177761,1.735530,2.177761,0.250000,1.000000,1.000000
26680.000000,1.733982,2.178257,-0.154739,0.049615,0.000000,2.000000,0.000000,1.000000,0.000000,0.234460,0.180148,0.049728,-0.173148,-1.793518,0.000000,0.000000,0.000000,65535.000000,4.089919,2.730868,1.733982,2.178257,1.733982,2.178257,0.250000,1.000000,1.000000
26690.000000,1.732646,2.178758,-0.133631,0.050081,0.000000,2.000000,0.000000,1.000000,0.000000,0.234460,0.162498,0.050160,-0.154563,-1.761886,0.000000,0.000000,0.000000,65535.000000,4.089919,2.730868,1.732646,2.178758,1.732646,2.178758,0.250000,1.000000,1.000000
26700.000000,1.731474,2.179256,-0.117178,0.049807,0.000000,2.000000,0.000000,1.000000,0.000000,0.230974,0.142707,0.050425,-0.133502,-1.747629,0.000000,0.000000,0.000000,65535.000000,4.089919,2.730868,1.731474,2.179256,1.731474,2.179256,0.250000,1.000000,1.000000
26710.000000,1.730452,2.179773,-0.102217,0.051646,0.000000,2.000000,0.000000,1.000000,0.000000,0.120937,0.127324,0.049934,-0.117124,-2.173693,0.000000,0.000000,0.000000,65535.000000,4.089919,2.730868,1.730452,2.179773,1.730452,2.179773,0.250000,1.000000,1.000000
26720.000000,1.729591,2.180313,-0.086129,0.054057,0.000000,2.000000,0.000000,1.000000,0.000000,0.235125,0.114523,0.051595,-0.102242,-1.574908,0.000000,0.000000,0.000000,65535.000000,4.089919,2.730868,1.729591,2.180313,1.729591,2.180313,0.250000,1.000000,1.000000
26730.000000,1.728932,2.180835,-0.065912,0.052233,0.000000,2.000000,0.000000,1.000000,0.000000,0.235125,0.101688,0.053923,-0.086213,-1.550466,0.000000,0.000000,0.000000,65535.000000,4.089919,2.730868,1.728932,2.180835,1.728932,2.180835,0.250000,1.000000,1.000000
26740.000000,1.728410,2.181333,-0.052126,0.049785,0.000000,2.000000,0.000000,1.000000,0.000000,0.235125,0.084099,0.052082,-0.066031,-1.529107,0.000000,0.000000,0.000000,65535.000000,4.089919,2.730868,1.728410,2.181333,1.728410,2.181333,0.250000,1.000000,1.000000
26750.000000,1.728022,2.181796,-0.038839,0.046302,0.000000,2.000000,0.000000,1.000000,0.000000,0.189267,0.072080,0.049643,-0.052261,-1.694562,0.000000,0.000000,0.000000,65535.000000,4.089919,2.730868,1.728022,2.181796,1.728022,2.181796,0.250000,1.000000,1.000000
26760.000000,1.727750,2.182218,-0.027236,0.042188,0.000000,2.000000,0.000000,1.000000,0.000000,0.165354,0.060434,0.046182,-0.038981,-1.885619,0.000000,0.000000,0.000000,65535.000000,4.089919,2.730868,1.727750,2.182218,1.727750,2.182218,0.250000,1.000000,1.000000
26770.000000,1.727555,2.182621,-0.019422,0.040311,0.000000,2.000000,0.000000,1.000000,0.000000,0.165354,0.050216,0.042095,-0.027381,-1.850687,0.000000,0.000000,0.000000,65535.000000,4.089919,2.730868,1.727555,2.182621,1.727555,2.182621,0.250000,1.000000,1.000000
26780.000000,1.727381,2.183000,-0.017393,0.037855,0.000000,2.000000,0.000000,1.000000,0.000000,0.117150,0.044746,0.040240,-0.019569,-1.987877,0.000000,0.000000,0.000000,65535.000000,4.089919,2.730868,1.727381,2.183000,1.727381,2.183000,0.250000,1.000000,1.000000
26790.000000,1.727199,2.183344,-0.018231,0.034387,0.000000,2.000000,0.000000,1.000000,0.000000,0.105917,0.041659,0.037792,-0.017530,-1.991400,0.000000,0.000000,0.000000,65535.000000,4.089919,2.730868,1.727199,2.183344,1.727199,2.183344,0.250000,1.000000,1.000000
26800.000000,1.727039,2.183640,-0.015987,0.029636,0.000000,2.000000,0.000000,1.000000,0.000000,0.097503,0.038921,0.034326,-0.018345,-1.966978,0.000000,0.000000,0.000000,65535.000000,4.089919,2.730868,1.727039,2.183640,1.727039,2.183640,0.250000,1.000000,1.000000
26810.000000,1.727039,2.183640,0.000000,0.000000,0.000000,2.000000,0.000000,1.000000,0.000000,0.086998,0.033674,0.029581,-0.016089,-2.021649,0.000000,0.000000,0.000000,65535.000000,4.089919,2.730868,1.727039,2.183640,1.727039,2.183640,0.250000,1.000000,1.000000
26820.000000,1.727039,2.183640,0.000000,0.000000,0.000000,2.000000,0.000000,1.000000,0.000000,0.085812,0.026159,0.022088,-0.014014,-1.974851,0.000000,0.000000,0.000000,65535.000000,4.089919,2.730868,1.727039,2.183640,1.727039,2.183640,0.250000,1.000000,1.000000
26830.000000,1.727039,2.183640,0.000000,0.000000,0.000000,2.000000,0.000000,1.000000,0.000000,0.102895,0.025385,0.020105,-0.015498,-1.826355,0.000000,0.000000,0.000000,65535.000000,4.089919,2.730868,1.727039,2.183640,1.727039,2.183640,0.250000,1.000000,1.000000
26840.000000,1.726751,2.183791,-0.028835,0.015078,0.000000,2.000000,0.000000,1.000000,0.000000,0.102895,0.027153,0.016924,-0.021233,-1.793566,0.000000,0.000000,0.000000,65535.000000,4.089919,2.730868,1.726751,2.183791,1.726751,2.183791,0.250000,1.000000,1.000000
26850.000000,1.726360,2.183943,-0.039049,0.015230,0.000000,2.000000,0.000000,1.000000,0.000000,0.102895,0.032539,0.014971,-0.028891,-1.751529,0.000000,0.000000,0.000000,65535.000000,4.089919,2.730868,1.726360,2.183943,1.726360,2.183943,0.250000,1.000000,1.000000
26860.000000,1.725783,2.184137,-0.057701,0.019330,0.000000,2.000000,0.000000,1.000000,0.000000,0.118623,0.041914,0.015080,-0.039107,-1.661231,0.000000,0.000000,0.000000,65535.000000,4.089919,2.730868,1.725783,2.184137,1.725783,2.184137,0.250000,1.000000,1.000000
26870.000000,1.724955,2.184435,-0.082869,0.029857,0.000000,2.000000,0.000000,1.000000,0.000000,0.118623,0.060853,0.019073,-0.057787,-1.586697,0.000000,0.000000,0.000000,65535.000000,4.089919,2.730868,1.724955,2.184435,1.724955,2.184435,0.250000,1.000000,1.000000
26880.000000,1.723739,2.184933,-0.121593,0.049752,0.000000,2.000000,0.000000,1.000000,0.000000,0.134061,0.088084,0.029375,-0.083042,-1.520667,0.000000,0.000000,0.000000,65535.000000,4.089919,2.730868,1.723739,2.184933,1.723739,2.184933,0.250000,1.000000,1.000000
26890.000000,1.722565,2.185192,-0.117415,0.025972,0.000000,2.000000,0.000000,1.000000,0.000000,0.134061,0.131378,0.048785,-0.121984,-1.497866,0.000000,0.000000,0.000000,65535.000000,4.089919,2.730868,1.722565,2.185192,1.722565,2.185192,0.250000,1.000000,1.000000
26900.000000,1.721184,2.185492,-0.138066,0.029987,0.000000,2.000000,0.000000,1.000000,0.000000,0.228041,0.180250,0.070517,-0.165884,-1.359507,0.000000,0.000000,0.000000,65535.000000,4.089919,2.730868,1.721184,2.185492,1.721184,2.185492,0.250000,1.000000,1.000000
26910.000000,1.719661,2.185687,-0.152288,0.019474,0.000000,2.000000,0.000000,1.000000,0.000000,0.243984,0.232887,0.097599,-0.211449,-1.341254,0.000000,0.000000,0.000000,65535.000000,4.089919,2.730868,1.719661,2.185687,1.719661,2.185687,0.250000,1.000000,1.000000
26920.000000,1.718009,2.185820,-0.165160,0.013247,0.000000,2.000000,0.000000,1.000000,0.000000,0.243984,0.289827,0.122078,-0.262862,-1.312391,0.000000,0.000000,0.000000,65535.000000,4.089919,2.730868,1.718009,2.185820,1.718009,2.185820,0.250000,1.000000,1.000000
26930.000000,1.716224,2.185917,-0.178579,0.009721,0.000000,2.000000,0.000000,1.000000,0.000000,0.243984,0.352924,0.154773,-0.317176,-1.295373,0.000000,0.000000,0.000000,65535.000000,4.089919,2.730868,1.716224,2.185917,1.716224,2.185917,0.250000,1.000000,1.000000
26940.000000,1.714217,2.185906,-0.200685,-0.001060,0.000000,2.000000,0.000000,1.000000,0.000000,0.252528,0.403918,0.180082,-0.361553,-1.301198,0.000000,0.000000,0.000000,65535.000000,4.089919,2.730868,1.714217,2.185906,1.714217,2.185906,0.250000,1.000000,1.000000
26950.000000,1.711962,2.185782,-0.225535,-0.012460,0.000000,2.000000,0.000000,1.000000,0.000000,0.252528,0.447703,0.193004,-0.403965,-1.284467,0.000000,0.000000,0.000000,65535.000000,4.089919,2.730868,1.711962,2.185782,1.711962,2.185782,0.250000,1.000000,1.000000
26960.000000,1.709275,2.185463,-0.268686,-0.031904,0.000000,2.000000,0.000000,1.000000,0.000000,0.202577,0.475498,0.197013,-0.432763,-1.393692,0.000000,0.000000,0.000000,65535.000000,4.089919,2.730868,1.709275,2.185463,1.709275,2.185463,0.250000,1.000000,1.000000
26970.000000,1.706268,2.185009,-0.300690,-0.045347,0.000000,2.000000,0.000000,1.000000,0.000000,0.242759,0.501135,0.187044,-0.464920,-1.226617,0.000000,0.000000,0.000000,65535.000000,4.089919,2.730868,1.706268,2.185009,1.706268,2.185009,0.250000,1.000000,1.000000
26980.000000,1.702941,2.184471,-0.332661,-0.053809,0.000000,2.000000,0.000000,1.000000,0.000000,0.273456,0.506830,0.169147,-0.477772,-1.034746,0.000000,0.000000,0.000000,65535.000000,4.089919,2.730868,1.702941,2.184471,1.702941,2.184471,0.250000,1.000000,1.000000
26990.000000,1.699351,2.183946,-0.359015,-0.052521,0.000000,2.000000,0.000000,1.000000,0.000000,0.377839,0.517454,0.154232,-0.493934,-0.678579,0.000000,0.000000,0.000000,65535.000000,4.089919,2.730868,1.699351,2.183946,1.699351,2.183946,0.250000,1.000000,1.000000
27000.000000,1.695322,2.183410,-0.402856,-0.053554,0.000000,2.000000,0.000000,1.000000,0.000000,0.447883,0.521717,0.137878,-0.503168,-0.452271,0.000000,0.000000,0.000000,65535.000000,4.089919,2.730868,1.695322,2.183410,1.695322,2.183410,0.250000,1.000000,1.000000
27010.000000,1.690858,2.182837,-0.446455,-0.057300,0.000000,2.000000,0.000000,1.000000,0.000000,0.559390,0.536702,0.116061,-0.524002,0.068268,0.000000,0.000000,0.000000,65535.000000,4.089919,2.730868,1.690858,2.182837,1.690858,2.182837,0.250000,1.000000,1.000000
27020.000000,1.685905,2.182232,-0.495293,-0.060524,0.000000,2.000000,0.000000,1.000000,0.000000,0.559390,0.541440,0.085000,-0.534727,0.069912,0.000000,0.000000,0.000000,65535.000000,4.089919,2.730868,1.685905,2.182232,1.685905,2.182232,0.250000,1.000000,1.000000
27030.000000,1.680418,2.181567,-0.548723,-0.066499,0.000000,2.000000,0.000000,1.000000,0.000000,0.815690,0.552867,0.053499,-0.550272,0.796063,0.000000,0.000000,0.000000,65535.000000,4.089919,2.730868,1.680418,2.181567,1.680418,2.181567,0.250000,1.000000,1.000000
27040.000000,1.674518,2.180733,-0.590010,-0.083435,0.000000,2.000000,0.000000,1.000000,0.000000,0.815690,0.571284,0.022380,-0.570846,0.789770,0.000000,0.000000,0.000000,65535.000000,4.089919,2.730868,1.674518,2.180733,1.674518,2.180733,0.250000,1.000000,1.000000
27050.000000,1.668312,2.179866,-0.620609,-0.086652,0.000000,2.000000,0.000000,1.000000,0.000000,0.896692,0.584180,-0.003923,-0.584167,0.783575,0.000000,0.000000,0.000000,65535.000000,4.089919,2.730868,1.668312,2.179866,1.668312,2.179866,0.250000,1.000000,1.000000
27060.000000,1.661675,2.179177,-0.663697,-0.068956,0.000000,2.000000,0.000000,1.000000,0.000000,0.866593,0.594873,-0.023344,-0.594414,-0.083289,0.000000,0.000000,0.000000,65535.000000,4.089919,2.730868,1.661675,2.179177,1.661675,2.179177,0.250000,1.000000,1.000000
27070.000000,1.654953,2.178376,-0.672176,-0.080087,0.000000,2.000000,0.000000,1.000000,0.000000,0.506387,0.627818,-0.033960,-0.626899,-0.731698,0.000000,0.000000,0.000000,65535.000000,4.089919,2.730868,1.654953,2.178376,1.654953,2.178376,0.250000,1.000000,1.000000
27080.000000,1.648190,2.177496,-0.676306,-0.087971,0.000000,2.000000,0.000000,1.000000,0.000000,0.219277,0.644020,-0.058797,-0.641330,-1.376483,0.000000,0.000000,0.000000,65535.000000,4.089919,2.730868,1.648190,2.177496,1.648190,2.177496,0.250000,1.000000,1.000000
27090.000000,1.641500,2.176799,-0.668951,-0.069699,0.000000,2.000000,0.000000,1.000000,0.000000,0.076300,0.661541,-0.076664,-0.657084,-1.677079,0.000000,0.000000,0.000000,65535.000000,4.089919,2.730868,1.641500,2.176799,1.641500,2.176799,0.250000,1.000000,1.000000
27100.000000,1.634842,2.176241,-0.665829,-0.055788,0.000000,2.000000,0.000000,1.000000,0.000000,0.106965,0.673798,-0.075858,-0.669514,-1.581090,0.000000,0.000000,0.000000,65535.000000,4.089919,2.730868,1.634842,2.176241,1.634842,2.176241,0.250000,1.000000,1.000000
27110.000000,1.628021,2.175541,-0.682059,-0.070038,0.000000,2.000000,0.000000,1.000000,0.000000,0.119962,0.693031,-0.081906,-0.688174,-1.527794,0.000000,0.000000,0.000000,65535.000000,4.089919,2.730868,1.628021,2.175541,1.628021,2.175541,0.250000,1.000000,1.000000
27120.000000,1.621033,2.174832,-0.698859,-0.070928,0.000000,2.000000,0.000000,1.000000,0.000000,0.147959,0.711841,-0.097395,-0.705146,-1.442798,0.000000,0.000000,0.000000,65535.000000,4.089919,2.730868,1.621033,2.174832,1.621033,2.174832,0.250000,1.000000,1.000000
27130.000000,1.614025,2.174270,-0.700756,-0.056188,0.000000,2.000000,0.000000,1.000000,0.000000,0.227685,0.726135,-0.096438,-0.719703,-1.246873,0.000000,0.000000,0.000000,65535.000000,4.089919,2.730868,1.614025,2.174270,1.614025,2.174270,0.250000,1.000000,1.000000
27140.000000,1.606881,2.173653,-0.714412,-0.061677,0.000000,2.000000,0.000000,1.000000,0.000000,0.238509,0.726330,-0.081457,-0.721747,-1.207932,0.000000,0.000000,0.000000,65535.000000,4.089919,2.730868,1.606881,2.173653,1.606881,2.173653,0.250000,1.000000,1.000000
27150.000000,1.599790,2.172883,-0.709073,-0.076990,0.000000,2.000000,0.000000,1.000000,0.000000,0.238509,0.736697,-0.083381,-0.731964,-1.193501,0.000000,0.000000,0.000000,65535.000000,4.089919,2.730868,1.599790,2.172883,1.599790,2.172883,0.250000,1.000000,1.000000
27160.000000,1.592471,2.172018,-0.731951,-0.086489,0.000000,2.000000,0.000000,1.000000,0.000000,0.265078,0.720861,-0.087833,-0.715490,-1.120967,0.000000,0.000000,0.000000,65535.000000,4.089919,2.730868,1.592471,2.172018,1.592471,2.172018,0.250000,1.000000,1.000000
27170.000000,1.585170,2.171344,-0.730096,-0.067402,0.000000,2.000000,0.000000,1.000000,0.000000,0.266742,0.731051,-0.085333,-0.726054,-1.104925,0.000000,0.000000,0.000000,65535.000000,4.089919,2.730868,1.585170,2.171344,1.585170,2.171344,0.250000,1.000000,1.000000
27180.000000,1.577943,2.170692,-0.722711,-0.065152,0.000000,2.000000,0.000000,1.000000,0.000000,0.266742,0.733201,-0.070713,-0.729783,-1.092838,0.000000,0.000000,0.000000,65535.000000,4.089919,2.730868,1.577943,2.170692,1.577943,2.170692,0.250000,1.000000,1.000000
27190.000000,1.570968,2.170055,-0.697506,-0.063776,0.000000,2.000000,0.000000,1.000000,0.000000,0.380019,0.725642,-0.068279,-0.722422,-0.901300,0.000000,0.000000,0.000000,65535.000000,4.089919,2.730868,1.570968,2.170055,1.570968,2.170055,0.250000,1.000000,1.000000
27200.000000,1.564292,2.169448,-0.667582,-0.060640,0.000000,2.000000,0.000000,1.000000,0.000000,0.402394,0.700416,-0.066784,-0.697224,-0.776408,0.000000,0.000000,0.000000,65535.000000,4.089919,2.730868,1.564292,2.169448,1.564292,2.169448,0.250000,1.000000,1.000000
27210.000000,1.558110,2.168926,-0.618227,-0.052211,0.000000,2.000000,0.000000,1.000000,0.000000,0.402394,0.670331,-0.063904,-0.667278,-0.770420,0.000000,0.000000,0.000000,65535.000000,4.089919,2.730868,1.558110,2.168926,1.558110,2.168926,0.250000,1.000000,1.000000
27220.000000,1.552210,2.168476,-0.589973,-0.045010,0.000000,2.000000,0.000000,1.000000,0.000000,0.384289,0.620428,-0.056247,-0.617873,-0.804674,0.000000,0.000000,0.000000,65535.000000,4.089919,2.730868,1.552210,2.168476,1.552210,2.168476,0.250000,1.000000,1.000000
27230.000000,1.546553,2.168134,-0.565663,-0.034221,0.000000,2.000000,0.000000,1.000000,0.000000,0.299924,0.591687,-0.049583,-0.589606,-0.983030,0.000000,0.000000,0.000000,65535.000000,4.089919,2.730868,1.546553,2.168134,1.546553,2.168134,0.250000,1.000000,1.000000
27240.000000,1.540963,2.167736,-0.559072,-0.039775,0.000000,2.000000,0.000000,1.000000,0.000000,0.324862,0.566698,-0.038949,-0.565358,-0.918673,0.000000,0.000000,0.000000,65535.000000,4.089919,2.730868,1.540963,2.167736,1.540963,2.167736,0.250000,1.000000,1.000000
27250.000000,1.535585,2.167291,-0.537752,-0.044506,0.000000,2.000000,0.000000,1.000000,0.000000,0.353310,0.560485,-0.044196,-0.558740,-0.847552,0.000000,0.000000,0.000000,65535.000000,4.089919,2.730868,1.535585,2.167291,1.535585,2.167291,0.250000,1.000000,1.000000
27260.000000,1.530394,2.166830,-0.519136,-0.046088,0.000000,2.000000,0.000000,1.000000,0.000000,0.356073,0.539591,-0.048072,-0.537445,-0.834362,0.000000,0.000000,0.000000,65535.000000,4.089919,2.730868,1.530394,2.166830,1.530394,2.166830,0.250000,1.000000,1.000000
27270.000000,1.525337,2.166358,-0.505685,-0.047235,0.000000,2.000000,0.000000,1.000000,0.000000,0.356073,0.521178,-0.049143,-0.518856,-0.827451,0.000000,0.000000,0.000000,65535.000000,4.089919,2.730868,1.525337,2.166358,1.525337,2.166358,0.250000,1.000000,1.000000
27280.000000,1.520355,2.165864,-0.498181,-0.049385,0.000000,2.000000,0.000000,1.000000,0.000000,0.347744,0.507886,-0.050455,-0.505374,-0.839243,0.000000,0.000000,0.000000,65535.000000,4.089919,2.730868,1.520355,2.165864,1.520355,2.165864,0.250000,1.000000,1.000000
27290.000000,1.515431,2.165181,-0.492452,-0.068342,0.000000,2.000000,0.000000,1.000000,0.000000,0.449189,0.500622,-0.053224,-0.497785,-0.605185,0.000000,0.000000,0.000000,65535.000000,4.089919,2.730868,1.515431,2.165181,1.515431,2.165181,0.250000,1.000000,1.000000
27300.000000,1.510644,2.164429,-0.478639,-0.075210,0.000000,2.000000,0.000000,1.000000,0.000000,0.574661,0.497172,-0.073242,-0.491747,-0.111691,0.000000,0.000000,0.000000,65535.000000,4.089919,2.730868,1.510644,2.164429,1.510644,2.164429,0.250000,1.000000,1.000000
27310.000000,1.506048,2.163767,-0.459605,-0.066174,0.000000,2.000000,0.000000,1.000000,0.000000,0.472724,0.484512,-0.080954,-0.477701,-0.067171,0.000000,0.000000,0.000000,65535.000000,4.089919,2.730868,1.506048,2.163767,1.506048,2.163767,0.250000,1.000000,1.000000
27320.000000,1.501701,2.163203,-0.434736,-0.056406,0.000000,2.000000,0.000000,1.000000,0.000000,0.511229,0.464345,-0.071950,-0.458737,-0.067126,0.000000,0.000000,0.000000,65535.000000,4.089919,2.730868,1.501701,2.163203,1.501701,2.163203,0.250000,1.000000,1.000000
27330.000000,1.497754,2.162697,-0.394677,-0.050544,0.000000,2.000000,0.000000,1.000000,0.000000,0.585481,0.438380,-0.061841,-0.433997,-0.183178,0.000000,0.000000,0.000000,65535.000000,4.089919,2.730868,1.497754,2.162697,1.497754,2.162697,0.250000,1.000000,1.000000
27340.000000,1.494290,2.162368,-0.346450,-0.032933,0.000000,2.000000,0.000000,1.000000,0.000000,0.427001,0.397900,-0.055635,-0.393992,-0.671588,0.000000,0.000000,0.000000,65535.000000,4.089919,2.730868,1.494290,2.162368,1.494290,2.162368,0.250000,1.000000,1.000000
27350.000000,1.491226,2.162228,-0.306378,-0.013975,0.000000,2.000000,0.000000,1.000000,0.000000,0.609392,0.348012,-0.037431,-0.345993,-0.775327,0.000000,0.000000,0.000000,65535.000000,4.089919,2.730868,1.491226,2.162228,1.491226,2.162228,0.250000,1.000000,1.000000
27360.000000,1.488207,2.162084,-0.301924,-0.014475,0.000000,2.000000,0.000000,1.000000,0.000000,0.471800,0.306697,-0.017749,-0.306183,-0.536940,0.000000,0.000000,0.000000,65535.000000,4.089919,2.730868,1.488207,2.162084,1.488207,2.162084,0.250000,1.000000,1.000000
27370.000000,1.485214,2.161885,-0.299260,-0.019865,0.000000,2.000000,0.000000,1.000000,0.000000,0.337500,0.302270,-0.018094,-0.301728,-0.534070,0.000000,0.000000,0.000000,65535.000000,4.089919,2.730868,1.485214,2.161885,1.485214,2.161885,0.250000,1.000000,1.000000
27380.000000,1.482312,2.161568,-0.290161,-0.031675,0.000000,2.000000,0.000000,1.000000,0.000000,0.337500,0.299919,-0.023540,-0.298993,-0.532803,0.000000,0.000000,0.000000,65535.000000,4.089919,2.730868,1.482312,2.161568,1.482312,2.161568,0.250000,1.000000,1.000000
27390.000000,1.479625,2.161169,-0.268719,-0.039920,0.000000,2.000000,0.000000,1.000000,0.000000,0.313807,0.291885,-0.035389,-0.289732,-0.663494,0.000000,0.000000,0.000000,65535.000000,4.089919,2.730868,1.479625,2.161169,1.479625,2.161169,0.250000,1.000000,1.000000
27400.000000,1.477139,2.160731,-0.248637,-0.043792,0.000000,2.000000,0.000000,1.000000,0.000000,0.313807,0.271668,-0.043319,-0.268192,-0.659116,0.000000,0.000000,0.000000,65535.000000,4.089919,2.730868,1.477139,2.160731,1.477139,2.160731,0.250000,1.000000,1.000000
27410.000000,1.474782,2.160277,-0.235623,-0.045443,0.000000,2.000000,0.000000,1.000000,0.000000,0.230391,0.252464,-0.046879,-0.248073,-1.051023,0.000000,0.000000,0.000000,65535.000000,4.089919,2.730868,1.474782,2.160277,1.474782,2.160277,0.250000,1.000000,1.000000
27420.000000,1.472492,2.159787,-0.229061,-0.048981,0.000000,2.000000,0.000000,1.000000,0.000000,0.256533,0.239965,-0.048411,-0.235031,-0.877356,0.000000,0.000000,0.000000,65535.000000,4.089919,2.730868,1.472492,2.159787,1.472492,2.159787,0.250000,1.000000,1.000000
27430.000000,1.470441,2.159253,-0.205068,-0.053403,0.000000,2.000000,0.000000,1.000000,0.000000,0.263804,0.234240,-0.051968,-0.228402,-0.851084,0.000000,0.000000,0.000000,65535.000000,4.089919,2.730868,1.470441,2.159253,1.470441,2.159253,0.250000,1.000000,1.000000
27440.000000,1.468586,2.158697,-0.185480,-0.055611,0.000000,2.000000,0.000000,1.000000,0.000000,0.263804,0.211907,-0.056115,-0.204342,-0.843894,0.000000,0.000000,0.000000,65535.000000,4.089919,2.730868,1.468586,2.158697,1.468586,2.158697,0.250000,1.000000,1.000000
27450.000000,1.466949,2.158138,-0.163751,-0.055881,0.000000,2.000000,0.000000,1.000000,0.000000,0.183935,0.193638,-0.058007,-0.184745,-1.181937,0.000000,0.000000,0.000000,65535.000000,4.089919,2.730868,1.466949,2.158138,1.466949,2.158138,0.250000,1.000000,1.000000
27460.000000,1.465466,2.157622,-0.148252,-0.051579,0.000000,2.000000,0.000000,1.000000,0.000000,0.306884,0.173023,-0.057861,-0.163062,-1.019856,0.000000,0.000000,0.000000,65535.000000,4.089919,2.730868,1.465466,2.157622,1.465466,2.157622,0.250000,1.000000,1.000000
27470.000000,1.464156,2.157164,-0.131091,-0.045822,0.000000,2.000000,0.000000,1.000000,0.000000,0.306884,0.156968,-0.053191,-0.147681,-1.009549,0.000000,0.000000,0.000000,65535.000000,4.089919,2.730868,1.464156,2.157164,1.464156,2.157164,0.250000,1.000000,1.000000
27480.000000,1.463046,2.156714,-0.110936,-0.044961,0.000000,2.000000,0.000000,1.000000,0.000000,0.249044,0.138869,-0.047052,-0.130655,-0.999449,0.000000,0.000000,0.000000,65535.000000,4.089919,2.730868,1.463046,2.156714,1.463046,2.156714,0.250000,1.000000,1.000000
27490.000000,1.462115,2.156244,-0.093102,-0.047006,0.000000,2.000000,0.000000,1.000000,0.000000,0.334845,0.119701,-0.045900,-0.110550,-0.682747,0.000000,0.000000,0.000000,65535.000000,4.089919,2.730868,1.462115,2.156244,1.462115,2.156244,0.250000,1.000000,1.000000
27500.000000,1.461348,2.155749,-0.076697,-0.049549,0.000000,2.000000,0.000000,1.000000,0.000000,0.336339,0.104296,-0.047810,-0.092692,-0.572322,0.000000,0.000000,0.000000,65535.000000,4.089919,2.730868,1.461348,2.155749,1.461348,2.155749,0.250000,1.000000,1.000000
27510.000000,1.460723,2.155264,-0.062492,-0.048519,0.000000,2.000000,0.000000,1.000000,0.000000,0.336339,0.091310,-0.050291,-0.076213,-0.569062,0.000000,0.000000,0.000000,65535.000000,4.089919,2.730868,1.460723,2.155264,1.460723,2.155264,0.250000,1.000000,1.000000
27520.000000,1.460248,2.154791,-0.047582,-0.047296,0.000000,2.000000,0.000000,1.000000,0.000000,0.186258,0.079116,-0.049197,-0.061959,-1.068795,0.000000,0.000000,0.000000,65535.000000,4.089919,2.730868,1.460248,2.154791,1.460248,2.154791,0.250000,1.000000,1.000000
27530.000000,1.459814,2.154241,-0.043393,-0.054981,0.000000,2.000000,0.000000,1.000000,0.000000,0.122678,0.067090,-0.047872,-0.047004,-1.232436,0.000000,0.000000,0.000000,65535.000000,4.089919,2.730868,1.459814,2.154241,1.459814,2.154241,0.250000,1.000000,1.000000
27540.000000,1.459327,2.153534,-0.048614,-0.070688,0.000000,2.000000,0.000000,1.000000,0.000000,0.122678,0.070042,-0.055563,-0.042646,-1.217417,0.000000,0.000000,0.000000,65535.000000,4.089919,2.730868,1.459327,2.153534,1.459327,2.153534,0.250000,1.000000,1.000000
27550.000000,1.458948,2.152820,-0.037956,-0.071362,0.000000,2.000000,0.000000,1.000000,0.000000,0.122678,0.085792,-0.071407,-0.047552,-1.202760,0.000000,0.000000,0.000000,65535.000000,4.089919,2.730868,1.458948,2.152820,1.458948,2.152820,0.250000,1.000000,1.000000
27560.000000,1.458752,2.152172,-0.019567,-0.064801,0.000000,2.000000,0.000000,1.000000,0.000000,0.079457,0.080829,-0.071976,-0.036779,-1.216922,0.000000,0.000000,0.000000,65535.000000,4.089919,2.730868,1.458752,2.152172,1.458752,2.152172,0.250000,1.000000,1.000000
27570.000000,1.458664,2.151610,-0.008831,-0.056204,0.000000,2.000000,0.000000,1.000000,0.000000,0.102513,0.067691,-0.065129,-0.018447,-1.197502,0.000000,0.000000,0.000000,65535.000000,4.089919,2.730868,1.458664,2.151610,1.458664,2.151610,0.250000,1.000000,1.000000
27580.000000,1.458642,2.151088,-0.002217,-0.052232,0.000000,2.000000,0.000000,1.000000,0.000000,0.114582,0.056893,-0.056345,-0.007880,-1.101129,0.000000,0.000000,0.000000,65535.000000,4.089919,2.730868,1.458642,2.151088,1.458642,2.151088,0.250000,1.000000,1.000000
27590.000000,1.458653,2.150571,0.001126,-0.051738,0.000000,2.000000,0.000000,1.000000,0.000000,0.114582,0.052279,-0.052260,-0.001392,-1.089125,0.000000,0.000000,0.000000,65535.000000,4.089919,2.730868,1.458653,2.150571,1.458653,2.150571,0.250000,1.000000,1.000000
27600.000000,1.458657,2.150057,0.000359,-0.051392,0.000000,2.000000,0.000000,1.000000,0.000000,0.109181,0.051750,-0.051715,0.001903,-1.108580,0.000000,0.000000,0.000000,65535.000000,4.089919,2.730868,1.458657,2.150057,1.458657,2.150057,0.250000,1.000000,1.000000
27610.000000,1.458634,2.149513,-0.002275,-0.054415,0.000000,2.000000,0.000000,1.000000,0.000000,0.113142,0.051393,-0.051380,0.001168,-1.083311,0.000000,0.000000,0.000000,65535.000000,4.089919,2.730868,1.458634,2.149513,1.458634,2.149513,0.250000,1.000000,1.000000
27620.000000,1.458586,2.148865,-0.004730,-0.064760,0.000000,2.000000,0.000000,1.000000,0.000000,0.258448,0.054462,-0.054446,-0.001351,-0.920547,0.000000,0.000000,0.000000,65535.000000,4.089919,2.730868,1.458586,2.148865,1.458586,2.148865,0.250000,1.000000,1.000000
27630.000000,1.458517,2.148095,-0.006986,-0.076989,0.000000,2.000000,0.000000,1.000000,0.000000,0.250745,0.064932,-0.064833,-0.003586,-0.912142,0.000000,0.000000,0.000000,65535.000000,4.089919,2.730868,1.458517,2.148095,1.458517,2.148095,0.250000,1.000000,1.000000
27640.000000,1.458412,2.147218,-0.010433,-0.087741,0.000000,2.000000,0.000000,1.000000,0.000000,0.198916,0.077306,-0.077099,-0.005648,-0.957061,0.000000,0.000000,0.000000,65535.000000,4.089919,2.730868,1.458412,2.147218,1.458412,2.147218,0.250000,1.000000,1.000000
27650.000000,1.458293,2.146215,-0.011966,-0.100242,0.000000,2.000000,0.000000,1.000000,0.000000,0.149747,0.088359,-0.087902,-0.008982,-1.064246,0.000000,0.000000,0.000000,65535.000000,4.089919,2.730868,1.458293,2.146215,1.458293,2.146215,0.250000,1.000000,1.000000
27660.000000,1.458072,2.145105,-0.022037,-0.111021,0.000000,2.000000,0.000000,1.000000,0.000000,0.117376,0.100953,-0.100422,-0.010340,-1.129453,0.000000,0.000000,0.000000,65535.000000,4.089919,2.730868,1.458072,2.145105,1.458072,2.145105,0.250000,1.000000,1.000000
27670.000000,1.457795,2.143857,-0.027716,-0.124827,0.000000,2.000000,0.000000,1.000000,0.000000,0.126727,0.113187,-0.111381,-0.020135,-1.094163,0.000000,0.000000,0.000000,65535.000000,4.089919,2.730868,1.457795,2.143857,1.457795,2.143857,0.250000,1.000000,1.000000
27680.000000,1.457533,2.142327,-0.026161,-0.153009,0.000000,2.000000,0.000000,1.000000,0.000000,0.251023,0.127867,-0.125307,-0.025459,-0.788699,0.000000,0.000000,0.000000,65535.000000,4.089919,2.730868,1.457533,2.142327,1.457533,2.142327,0.250000,1.000000,1.000000
27690.000000,1.457155,2.140574,-0.037838,-0.175281,0.000000,2.000000,0.000000,1.000000,0.000000,0.410307,0.155230,-0.153484,-0.023214,-0.404426,0.000000,0.000000,0.000000,65535.000000,4.089919,2.730868,1.457155,2.140574,1.457155,2.140574,0.250000,1.000000,1.000000
27700.000000,1.456554,2.138498,-0.060107,-0.207546,0.000000,2.000000,0.000000,1.000000,0.000000,0.495248,0.179319,-0.176019,-0.034243,-0.240040,0.000000,0.000000,0.000000,65535.000000,4.089919,2.730868,1.456554,2.138498,1.456554,2.138498,0.250000,1.000000,1.000000
27710.000000,1.455585,2.135970,-0.096902,-0.252813,0.000000,2.000000,0.000000,1.000000,0.000000,0.495248,0.216075,-0.208828,-0.055489,-0.239465,0.000000,0.000000,0.000000,65535.000000,4.089919,2.730868,1.455585,2.135970,1.455585,2.135970,0.250000,1.000000,1.000000
27720.000000,1.454581,2.133307,-0.100334,-0.266338,0.000000,2.000000,0.000000,1.000000,0.000000,0.368038,0.270748,-0.255143,-0.090592,-0.289732,0.000000,0.000000,0.000000,65535.000000,4.089919,2.730868,1.454581,2.133307,1.454581,2.133307,0.250000,1.000000,1.000000
27730.000000,1.453521,2.130417,-0.106065,-0.288941,0.000000,2.000000,0.000000,1.000000,0.000000,0.368038,0.336371,-0.308441,-0.134202,-0.288895,0.000000,0.000000,0.000000,65535.000000,4.089919,2.730868,1.453521,2.130417,1.453521,2.130417,0.250000,1.000000,1.000000
27740.000000,1.452403,2.127273,-0.111781,-0.314400,0.000000,2.000000,0.000000,1.000000,0.000000,0.262310,0.385278,-0.350979,-0.158911,-0.894386,0.000000,0.000000,0.000000,65535.000000,4.089919,2.730868,1.452403,2.127273,1.452403,2.127273,0.250000,1.000000,1.000000
27750.000000,1.451345,2.124049,-0.105794,-0.322404,0.000000,2.000000,0.000000,1.000000,0.000000,0.132113,0.453149,-0.408501,-0.196139,-1.081338,0.000000,0.000000,0.000000,65535.000000,4.089919,2.730868,1.451345,2.124049,1.451345,2.124049,0.250000,1.000000,1.000000
27760.000000,1.450649,2.121025,-0.069633,-0.302388,0.000000,2.000000,0.000000,1.000000,0.000000,0.132113,0.526508,-0.467372,-0.242433,-1.069759,0.000000,0.000000,0.000000,65535.000000,4.089919,2.730868,1.450649,2.121025,1.450649,2.121025,0.250000,1.000000,1.000000
27770.000000,1.449962,2.117870,-0.068685,-0.315574,0.000000,2.000000,0.000000,1.000000,0.000000,0.132113,0.577011,-0.508753,-0.272236,-1.058425,0.000000,0.000000,0.000000,65535.000000,4.089919,2.730868,1.449962,2.117870,1.449962,2.117870,0.250000,1.000000,1.000000
27780.000000,1.449038,2.114354,-0.092355,-0.351577,0.000000,2.000000,0.000000,1.000000,0.000000,0.608028,0.612914,-0.540049,-0.289846,-0.415934,0.000000,0.000000,0.000000,65535.000000,4.089919,2.730868,1.449038,2.114354,1.449038,2.114354,0.250000,1.000000,1.000000
27790.000000,1.447439,2.110141,-0.159975,-0.421329,0.000000,2.000000,0.000000,1.000000,0.000000,0.845338,0.661492,-0.580854,-0.316512,-0.414209,0.000000,0.000000,0.000000,65535.000000,4.089919,2.730868,1.447439,2.110141,1.447439,2.110141,0.250000,1.000000,1.000000
27800.000000,1.444939,2.104998,-0.249927,-0.514221,0.000000,2.000000,0.000000,1.000000,0.000000,0.375648,0.752453,-0.650397,-0.378377,-0.412499,0.000000,0.000000,0.000000,65535.000000,4.089919,2.730868,1.444939,2.104998,1.444939,2.104998,0.250000,1.000000,1.000000
27810.000000,1.441716,2.099211,-0.322362,-0.578776,0.000000,2.000000,0.000000,1.000000,0.000000,0.524352,0.880595,-0.748052,-0.464613,0.316774,0.000000,0.000000,0.000000,65535.000000,4.089919,2.730868,1.441716,2.099211,1.441716,2.099211,0.250000,1.000000,1.000000
27820.000000,1.438229,2.093159,-0.348640,-0.605149,0.000000,2.000000,0.000000,1.000000,0.000000,1.056452,0.974558,-0.816518,-0.532037,0.820889,0.000000,0.000000,0.000000,65535.000000,4.089919,2.730868,1.438229,2.093159,1.438229,2.093159,0.250000,1.000000,1.000000
27830.000000,1.434678,2.086941,-0.355142,-0.621801,0.000000,2.000000,0.000000,1.000000,0.000000,1.088093,1.028468,-0.857901,-0.567231,0.814199,0.000000,0.000000,0.000000,65535.000000,4.089919,2.730868,1.434678,2.086941,1.434678,2.086941,0.250000,1.000000,1.000000
27840.000000,1.431419,2.080595,-0.325907,-0.634630,0.000000,2.000000,0.000000,1.000000,0.000000,0.770109,1.048868,-0.878077,-0.573676,0.529306,0.000000,0.000000,0.000000,65535.000000,4.089919,2.730868,1.431419,2.080595,1.431419,2.080595,0.250000,1.000000,1.000000
27850.000000,1.428406,2.074203,-0.301304,-0.639142,0.000000,2.000000,0.000000,1.000000,0.000000,0.464577,1.061945,-0.902895,-0.559023,-0.248210,0.000000,0.000000,0.000000,65535.000000,4.089919,2.730868,1.428406,2.074203,1.428406,2.074203,0.250000,1.000000,1.000000
27860.000000,1.425733,2.067776,-0.267271,-0.642694,0.000000,2.000000,0.000000,1.000000,0.000000,0.512049,1.041231,-0.897852,-0.527279,0.745656,0.000000,0.000000,0.000000,65535.000000,4.089919,2.730868,1.425733,2.067776,1.425733,2.067776,0.250000,1.000000,1.000000
27870.000000,1.423177,2.061181,-0.255647,-0.659573,0.000000,2.000000,0.000000,1.000000,0.000000,0.885179,1.025750,-0.899336,-0.493314,1.435492,0.000000,0.000000,0.000000,65535.000000,4.089919,2.730868,1.423177,2.061181,1.423177,2.061181,0.250000,1.000000,1.000000
27880.000000,1.420517,2.054178,-0.265991,-0.700281,0.000000,2.000000,0.000000,1.000000,0.000000,0.885179,1.019422,-0.905480,-0.468323,1.415157,0.000000,0.000000,0.000000,65535.000000,4.089919,2.730868,1.420517,2.054178,1.420517,2.054178,0.250000,1.000000,1.000000
27890.000000,1.417742,2.047024,-0.277501,-0.715330,0.000000,2.000000,0.000000,1.000000,0.000000,0.728617,1.044463,-0.936077,-0.463318,1.271376,0.000000,0.000000,0.000000,65535.000000,4.089919,2.730868,1.417742,2.047024,1.417742,2.047024,0.250000,1.000000,1.000000
27900.000000,1.414864,2.039801,-0.287828,-0.722391,0.000000,2.000000,0.000000,1.000000,0.000000,0.692964,1.062484,-0.952246,-0.471274,1.366524,0.000000,0.000000,0.000000,65535.000000,4.089919,2.730868,1.414864,2.039801,1.414864,2.039801,0.250000,1.000000,1.000000
27910.000000,1.411779,2.032335,-0.308483,-0.746557,0.000000,2.000000,0.000000,1.000000,0.000000,0.692964,1.093545,-0.975913,-0.493391,1.348084,0.000000,0.000000,0.000000,65535.000000,4.089919,2.730868,1.411779,2.032335,1.411779,2.032335,0.250000,1.000000,1.000000
27920.000000,1.408754,2.024800,-0.302479,-0.753495,0.000000,2.000000,0.000000,1.000000,0.000000,1.917228,1.158494,-1.027082,-0.535921,3.946781,0.000000,0.000000,0.000000,65535.000000,4.089919,2.730868,1.408754,2.024800,1.408754,2.024800,0.250000,1.000000,1.000000
27930.000000,1.405343,2.016906,-0.341137,-0.789450,0.000000,2.000000,0.000000,1.000000,0.000000,2.227813,1.218008,-1.075510,-0.571684,5.253364,0.000000,0.000000,0.000000,65535.000000,4.089919,2.730868,1.405343,2.016906,1.405343,2.016906,0.250000,1.000000,1.000000
27940.000000,1.401163,2.008112,-0.417919,-0.879312,0.000000,2.000000,0.000000,1.000000,0.000000,2.227813,1.295213,-1.132722,-0.628107,4.990911,0.000000,0.000000,0.000000,65535.000000,4.089919,2.730868,1.401163,2.008112,1.401163,2.008112,0.250000,1.000000,1.000000
27950.000000,1.395937,1.998012,-0.522645,-1.010018,0.000000,2.000000,0.000000,1.000000,0.000000,2.287487,1.408746,-1.224115,-0.697215,5.599978,0.000000,0.000000,0.000000,65535.000000,4.089919,2.730868,1.395937,1.998012,1.395937,1.998012,0.250000,1.000000,1.000000
27960.000000,1.389668,1.986702,-0.626897,-1.131063,0.000000,2.000000,0.000000,1.000000,0.000000,2.807448,1.519668,-1.320139,-0.752743,6.210505,0.000000,0.000000,0.000000,65535.000000,4.089919,2.730868,1.389668,1.986702,1.389668,1.986702,0.250000,1.000000,1.000000
27970.000000,1.383113,1.975013,-0.655534,-1.168894,0.000000,2.000000,0.000000,1.000000,0.000000,2.811412,1.636468,-1.417043,-0.818545,5.847013,0.000000,0.000000,0.000000,65535.000000,4.089919,2.730868,1.383113,1.975013,1.383113,1.975013,0.250000,1.000000,1.000000
27980.000000,1.376934,1.963474,-0.617845,-1.153871,0.000000,2.000000,0.000000,1.000000,0.000000,2.811412,1.640823,-1.426166,-0.811387,5.060382,0.000000,0.000000,0.000000,65535.000000,4.089919,2.730868,1.376934,1.963474,1.376934,1.963474,0.250000,1.000000,1.000000
27990.000000,1.371645,1.952563,-0.528885,-1.091082,0.000000,2.000000,0.000000,1.000000,0.000000,2.280958,1.601254,-1.405598,-0.767013,2.779382,0.000000,0.000000,0.000000,65535.000000,4.089919,2.730868,1.371645,1.952563,1.371645,1.952563,0.250000,1.000000,1.000000
28000.000000,1.367352,1.942088,-0.429348,-1.047494,0.000000,2.000000,0.000000,1.000000,0.000000,1.221232,1.532665,-1.362875,-0.701167,0.804078,0.000000,0.000000,0.000000,65535.000000,4.089919,2.730868,1.367352,1.942088,1.367352,1.942088,0.250000,1.000000,1.000000
28010.000000,1.364089,1.932239,-0.326284,-0.984944,0.000000,2.000000,0.000000,1.000000,0.000000,0.878397,1.466384,-1.330754,-0.615935,0.174353,0.000000,0.000000,0.000000,65535.000000,4.089919,2.730868,1.364089,1.932239,1.364089,1.932239,0.250000,1.000000,1.000000
28020.000000,1.361631,1.923060,-0.245821,-0.917873,0.000000,2.000000,0.000000,1.000000,0.000000,0.878397,1.399684,-1.290097,-0.542923,0.174049,0.000000,0.000000,0.000000,65535.000000,4.089919,2.730868,1.361631,1.923060,1.361631,1.923060,0.250000,1.000000,1.000000
28030.000000,1.359968,1.914671,-0.166239,-0.838934,0.000000,2.000000,0.000000,1.000000,0.000000,0.877062,1.362687,-1.263170,-0.511191,0.171245,0.000000,0.000000,0.000000,65535.000000,4.089919,2.730868,1.359968,1.914671,1.359968,1.914671,0.250000,1.000000,1.000000
28040.000000,1.358619,1.906491,-0.134952,-0.817970,0.000000,2.000000,0.000000,1.000000,0.000000,0.712710,1.323274,-1.229627,-0.488950,-0.138693,0.000000,0.000000,0.000000,65535.000000,4.089919,2.730868,1.358619,1.906491,1.358619,1.906491,0.250000,1.000000,1.000000
28050.000000,1.357210,1.898240,-0.140884,-0.825134,0.000000,2.000000,0.000000,1.000000,0.000000,1.139966,1.356843,-1.257445,-0.509758,0.675343,0.000000,0.000000,0.000000,65535.000000,4.089919,2.730868,1.357210,1.898240,1.357210,1.898240,0.250000,1.000000,1.000000
28060.000000,1.355474,1.889606,-0.173645,-0.863355,0.000000,2.000000,0.000000,1.000000,0.000000,1.313696,1.380951,-1.277143,-0.525291,0.896614,0.000000,0.000000,0.000000,65535.000000,4.089919,2.730868,1.355474,1.889606,1.355474,1.889606,0.250000,1.000000,1.000000
28070.000000,1.353128,1.880216,-0.234528,-0.939040,0.000000,2.000000,0.000000,1.000000,0.000000,0.775519,1.446116,-1.331108,-0.565157,0.888638,0.000000,0.000000,0.000000,65535.000000,4.089919,2.730868,1.353128,1.880216,1.353128,1.880216,0.250000,1.000000,1.000000
28080.000000,1.350032,1.869903,-0.309608,-1.031289,0.000000,2.000000,0.000000,1.000000,0.000000,0.663419,1.531431,-1.405460,-0.608246,0.321142,0.000000,0.000000,0.000000,65535.000000,4.089919,2.730868,1.350032,1.869903,1.350032,1.869903,0.250000,1.000000,1.000000
28090.000000,1.346562,1.858963,-0.347034,-1.093944,0.000000,2.000000,0.000000,1.000000,0.000000,0.663419,1.618467,-1.483169,-0.647799,0.386026,0.000000,0.000000,0.000000,65535.000000,4.089919,2.730868,1.346562,1.858963,1.346562,1.858963,0.250000,1.000000,1.000000
28100.000000,1.343190,1.847870,-0.337144,-1.109325,0.000000,2.000000,0.000000,1.000000,0.000000,0.952164,1.675485,-1.538079,-0.664502,1.001328,0.000000,0.000000,0.000000,65535.000000,4.089919,2.730868,1.343190,1.847870,1.343190,1.847870,0.250000,1.000000,1.000000
28110.000000,1.340246,1.837026,-0.294431,-1.084381,0.000000,2.000000,0.000000,1.000000,0.000000,1.654188,1.682751,-1.552167,-0.649944,1.901083,0.000000,0.000000,0.000000,65535.000000,4.089919,2.730868,1.340246,1.837026,1.340246,1.837026,0.250000,1.000000,1.000000
28120.000000,1.338010,1.826496,-0.223556,-1.053037,0.000000,2.000000,0.000000,1.000000,0.000000,2.192129,1.653898,-1.533993,-0.618258,1.865581,0.000000,0.000000,0.000000,65535.000000,4.089919,2.730868,1.338010,1.826496,1.338010,1.826496,0.250000,1.000000,1.000000
28130.000000,1.336410,1.816145,-0.160029,-1.035125,0.000000,2.000000,0.000000,1.000000,0.000000,1.690006,1.620693,-1.516947,-0.570543,1.617267,0.000000,0.000000,0.000000,65535.000000,4.089919,2.730868,1.336410,1.816145,1.336410,1.816145,0.250000,1.000000,1.000000
28140.000000,1.335025,1.805225,-0.138479,-1.091986,0.000000,2.000000,0.000000,1.000000,0.000000,1.676346,1.564916,-1.482927,-0.499888,1.574678,0.000000,0.000000,0.000000,65535.000000,4.089919,2.730868,1.335025,1.805225,1.335025,1.805225,0.250000,1.000000,1.000000
28150.000000,1.333669,1.793560,-0.135599,-1.166518,0.000000,2.000000,0.000000,1.000000,0.000000,3.052984,1.573912,-1.509145,-0.446856,4.058904,0.000000,0.000000,0.000000,65535.000000,4.089919,2.730868,1.333669,1.793560,1.333669,1.793560,0.250000,1.000000,1.000000
28160.000000,1.332346,1.781238,-0.132385,-1.232211,0.000000,2.000000,0.000000,1.000000,0.000000,4.320538,1.573296,-1.525896,-0.383277,4.701941,0.000000,0.000000,0.000000,65535.000000,4.089919,2.730868,1.332346,1.781238,1.332346,1.781238,0.250000,1.000000,1.000000
28170.000000,1.331714,1.768534,-0.063207,-1.270387,0.000000,2.000000,0.000000,1.000000,0.000000,4.420828,1.481619,-1.460290,-0.250496,4.490584,0.000000,0.000000,0.000000,65535.000000,4.089919,2.730868,1.331714,1.768534,1.331714,1.768534,0.250000,1.000000,1.000000
28180.000000,1.331520,1.755457,-0.019330,-1.307725,0.000000,2.000000,0.000000,1.000000,0.000000,3.201658,1.349069,-1.346733,-0.079362,4.064824,0.000000,0.000000,0.000000,65535.000000,4.089919,2.730868,1.331520,1.755457,1.331520,1.755457,0.250000,1.000000,1.000000
28190.000000,1.331412,1.742856,-0.010833,-1.260105,0.000000,2.000000,0.000000,1.000000,0.000000,3.201658,1.309195,-1.307104,0.073965,3.905897,0.000000,0.000000,0.000000,65535.000000,4.089919,2.730868,1.331412,1.742856,1.331412,1.742856,0.250000,1.000000,1.000000
28200.000000,1.332152,1.728847,0.073994,-1.400832,0.000000,2.000000,0.000000,1.000000,0.000000,2.805579,1.372278,-1.360626,0.178446,2.864331,0.000000,0.000000,0.000000,65535.000000,4.089919,2.730868,1.332152,1.728847,1.332152,1.728847,0.250000,1.000000,1.000000
28210.000000,1.333288,1.713729,0.113597,-1.511824,0.000000,2.000000,0.000000,1.000000,0.000000,2.195815,1.475361,-1.458259,0.223988,1.336587,0.000000,0.000000,0.000000,65535.000000,4.089919,2.730868,1.333288,1.713729,1.333288,1.713729,0.250000,1.000000,1.000000
28220.000000,1.334391,1.698145,0.110278,-1.558422,0.000000,2.000000,0.000000,1.000000,0.000000,2.320130,1.567684,-1.548954,0.241610,2.174080,0.000000,0.000000,0.000000,65535.000000,4.089919,2.730868,1.334391,1.698145,1.334391,1.698145,0.250000,1.000000,1.000000
28230.000000,1.335197,1.682829,0.080676,-1.531576,0.000000,2.000000,0.000000,1.000000,0.000000,2.339720,1.639237,-1.619034,0.256567,2.127774,0.000000,0.000000,0.000000,65535.000000,4.089919,2.730868,1.335197,1.682829,1.335197,1.682829,0.250000,1.000000,1.000000
28240.000000,1.335707,1.667512,0.050971,-1.531712,0.000000,2.000000,0.000000,1.000000,0.000000,2.339720,1.649470,-1.630005,0.252653,2.045948,0.000000,0.000000,0.000000,65535.000000,4.089919,2.730868,1.335707,1.667512,1.335707,1.667512,0.250000,1.000000,1.000000
28250.000000,1.336071,1.652806,0.036443,-1.470571,0.000000,2.000000,0.000000,1.000000,0.000000,0.723322,1.681774,-1.663566,0.246804,0.024005,0.000000,0.000000,0.000000,65535.000000,4.089919,2.730868,1.336071,1.652806,1.336071,1.652806,0.250000,1.000000,1.000000
28260.000000,1.336463,1.638173,0.039162,-1.463381,0.000000,2.000000,0.000000,1.000000,0.000000,0.831087,1.653778,-1.633796,0.256309,0.270970,0.000000,0.000000,0.000000,65535.000000,4.089919,2.730868,1.336463,1.638173,1.336463,1.638173,0.250000,1.000000,1.000000
28270.000000,1.337129,1.623421,0.066584,-1.475105,0.000000,2.000000,0.000000,1.000000,0.000000,1.805166,1.656561,-1.635798,0.261456,2.361791,0.000000,0.000000,0.000000,65535.000000,4.089919,2.730868,1.337129,1.623421,1.337129,1.623421,0.250000,1.000000,1.000000
28280.000000,1.337962,1.608810,0.083345,-1.461185,0.000000,2.000000,0.000000,1.000000,0.000000,2.872228,1.659390,-1.637027,0.271509,4.545132,0.000000,0.000000,0.000000,65535.000000,4.089919,2.730868,1.337962,1.608810,1.337962,1.608810,0.250000,1.000000,1.000000
28290.000000,1.338811,1.595005,0.084845,-1.380493,0.000000,2.000000,0.000000,1.000000,0.000000,2.872228,1.638764,-1.615538,0.274924,4.347342,0.000000,0.000000,0.000000,65535.000000,4.089919,2.730868,1.338811,1.595005,1.338811,1.595005,0.250000,1.000000,1.000000
28300.000000,1.339609,1.582309,0.079784,-1.269561,0.000000,2.000000,0.000000,1.000000,0.000000,2.939502,1.572700,-1.546734,0.284604,4.291010,0.000000,0.000000,0.000000,65535.000000,4.089919,2.730868,1.339609,1.582309,1.339609,1.582309,0.250000,1.000000,1.000000
28310.000000,1.340359,1.570503,0.075084,-1.180647,0.000000,2.000000,0.000000,1.000000,0.000000,3.445466,1.500768,-1.467850,0.312604,4.648062,0.000000,0.000000,0.000000,65535.000000,4.089919,2.730868,1.340359,1.570503,1.340359,1.570503,0.250000,1.000000,1.000000
28320.000000,1.341147,1.559004,0.078798,-1.149864,0.000000,2.000000,0.000000,1.000000,0.000000,3.669261,1.419398,-1.384087,0.314632,4.441415,0.000000,0.000000,0.000000,65535.000000,4.089919,2.730868,1.341147,1.559004,1.341147,1.559004,0.250000,1.000000,1.000000
28330.000000,1.341982,1.547758,0.083499,-1.124546,0.000000,2.000000,0.000000,1.000000,0.000000,3.670215,1.347759,-1.317609,0.283480,4.252361,0.000000,0.000000,0.000000,65535.000000,4.089919,2.730868,1.341982,1.547758,1.341982,1.547758,0.250000,1.000000,1.000000
28340.000000,1.342702,1.536580,0.071980,-1.117841,0.000000,2.000000,0.000000,1.000000,0.000000,3.380690,1.250757,-1.230341,0.225064,2.570534,0.000000,0.000000,0.000000,65535.000000,4.089919,2.730868,1.342702,1.536580,1.342702,1.536580,0.250000,1.000000,1.000000
28350.000000,1.343047,1.525648,0.034440,-1.093200,0.000000,2.000000,0.000000,1.000000,0.000000,2.278985,1.177249,-1.166945,0.155421,1.211396,0.000000,0.000000,0.000000,65535.000000,4.089919,2.730868,1.343047,1.525648,1.343047,1.525648,0.250000,1.000000,1.000000
28360.000000,1.342931,1.515006,-0.011510,-1.064245,1.000000,3.000000,1.000000,4.000000,2.000000,1.635814,1.114158,-1.111009,0.083711,1.455088,0.000000,0.000000,0.000000,65535.000000,4.089919,2.730868,1.342931,1.515006,1.342931,1.515006,0.250000,1.000000,1.000000
28370.000000,1.342558,1.504993,-0.037385,-1.001277,1.000000,3.000000,1.000000,4.000000,2.000000,1.635814,1.073689,-1.073393,0.025206,1.434198,0.000000,0.000000,0.000000,65535.000000,1.342931,1.515006,1.342558,1.504993,1.342558,1.504993,0.250000,1.000000,1.000000
28380.000000,1.341073,1.495170,-0.148457,-0.982335,1.000000,3.000000,1.000000,4.000000,2.000000,1.440819,1.001974,-1.001884,-0.013474,1.250514,0.000000,0.000000,0.000000,65535.000000,1.342931,1.515006,1.341073,1.495170,1.341073,1.495170,0.250000,1.000000,1.000000
28390.000000,1.339614,1.485575,-0.145888,-0.959426,1.000000,3.000000,1.000000,4.000000,2.000000,1.721789,0.943994,-0.942930,-0.044805,1.794856,0.000000,0.000000,0.000000,65535.000000,1.342931,1.515006,1.339614,1.485575,1.339614,1.485575,0.250000,1.000000,1.000000
28400.000000,1.338257,1.475672,-0.135684,-0.990329,1.000000,3.000000,1.000000,4.000000,2.000000,1.721789,0.922766,-0.921779,-0.042675,1.763178,0.000000,0.000000,0.000000,65535.000000,1.342931,1.515006,1.338257,1.475672,1.338257,1.475672,0.250000,1.000000,1.000000
28410.000000,1.337479,1.466142,-0.077767,-0.953025,1.000000,3.000000,1.000000,4.000000,2.000000,1.504122,0.948586,-0.947393,-0.047570,1.302376,0.000000,0.000000,0.000000,65535.000000,1.342931,1.515006,1.337479,1.466142,1.337479,1.466142,0.250000,1.000000,1.000000
28420.000000,1.337247,1.457521,-0.023222,-0.862052,1.000000,3.000000,1.000000,4.000000,2.000000,1.025793,0.929883,-0.929099,-0.038169,0.053624,0.000000,0.000000,0.000000,65535.000000,1.342931,1.515006,1.337247,1.457521,1.337247,1.457521,0.250000,1.000000,1.000000
28430.000000,1.337267,1.449218,0.002017,-0.830334,1.000000,3.000000,1.000000,4.000000,2.000000,1.237856,0.860949,-0.860948,-0.001378,0.822082,0.000000,0.000000,0.000000,65535.000000,1.342931,1.515006,1.337267,1.449218,1.337267,1.449218,0.250000,1.000000,1.000000
28440.000000,1.337211,1.441052,-0.005600,-0.816583,1.000000,3.000000,1.000000,4.000000,2.000000,1.311004,0.830297,-0.830226,0.010871,0.924339,0.000000,0.000000,0.000000,65535.000000,1.342931,1.515006,1.337211,1.441052,1.337211,1.441052,0.250000,1.000000,1.000000
28450.000000,1.337010,1.433272,-0.020102,-0.777973,1.000000,3.000000,1.000000,4.000000,2.000000,1.311004,0.816602,-0.816596,0.003229,0.915865,0.000000,0.000000,0.000000,65535.000000,1.342931,1.515006,1.337010,1.433272,1.337010,1.433272,0.250000,1.000000,1.000000
28460.000000,1.336568,1.425914,-0.044248,-0.735884,1.000000,3.000000,1.000000,4.000000,2.000000,1.095935,0.778233,-0.778132,-0.012493,0.518066,0.000000,0.000000,0.000000,65535.000000,1.342931,1.515006,1.336568,1.425914,1.336568,1.425914,0.250000,1.000000,1.000000
28470.000000,1.335524,1.418910,-0.104347,-0.700331,1.000000,3.000000,1.000000,4.000000,2.000000,0.569784,0.737213,-0.736197,-0.038688,-0.517975,0.000000,0.000000,0.000000,65535.000000,1.342931,1.515006,1.335524,1.418910,1.335524,1.418910,0.250000,1.000000,1.000000
28480.000000,1.333642,1.411927,-0.188245,-0.698342,0.000000,3.000000,0.000000,4.000000,2.000000,0.782685,0.684263,-0.679699,-0.078897,-0.095333,0.000000,0.000000,0.000000,65535.000000,1.342931,1.515006,1.333642,1.411927,1.333642,1.411927,0.250000,1.000000,1.000000
28490.000000,1.331189,1.404820,-0.245346,-0.710675,0.000000,3.000000,0.000000,4.000000,2.000000,0.782685,0.653547,-0.641085,-0.127022,-0.095243,0.000000,0.000000,0.000000,65535.000000,1.342931,1.515006,1.331189,1.404820,1.331189,1.404820,0.250000,1.000000,1.000000
28500.000000,1.328736,1.397885,-0.245248,-0.693501,0.000000,3.000000,0.000000,4.000000,2.000000,0.836899,0.647280,-0.627189,-0.160016,-0.177862,0.000000,0.000000,0.000000,65535.000000,1.342931,1.515006,1.328736,1.397885,1.328736,1.397885,0.250000,1.000000,1.000000
28510.000000,1.326502,1.391442,-0.223407,-0.644332,0.000000,3.000000,0.000000,4.000000,2.000000,0.836899,0.618314,-0.599684,-0.150636,-0.248281,0.000000,0.000000,0.000000,65535.000000,1.342931,1.515006,1.326502,1.391442,1.326502,1.391442,0.250000,1.000000,1.000000
28520.000000,1.324595,1.385870,-0.190710,-0.557152,0.000000,3.000000,0.000000,4.000000,2.000000,0.712831,0.550521,-0.539616,-0.109033,-0.492495,0.000000,0.000000,0.000000,65535.000000,1.342931,1.515006,1.324595,1.385870,1.324595,1.385870,0.250000,1.000000,1.000000
28530.000000,1.322706,1.380529,-0.188916,-0.534101,0.000000,3.000000,0.000000,4.000000,2.000000,0.639912,0.489681,-0.483761,-0.075907,-0.554478,0.000000,0.000000,0.000000,65535.000000,1.342931,1.515006,1.322706,1.380529,1.322706,1.380529,0.250000,1.000000,1.000000
28540.000000,1.320731,1.375232,-0.197470,-0.529720,0.000000,3.000000,0.000000,4.000000,2.000000,1.235289,0.469973,-0.464514,-0.071421,0.231265,0.000000,0.000000,0.000000,65535.000000,1.342931,1.515006,1.320731,1.375232,1.320731,1.375232,0.250000,1.000000,1.000000
28550.000000,1.318941,1.370003,-0.179021,-0.522893,0.000000,3.000000,0.000000,4.000000,2.000000,1.235289,0.465301,-0.459893,-0.070735,0.271566,0.000000,0.000000,0.000000,65535.000000,1.342931,1.515006,1.318941,1.370003,1.318941,1.370003,0.250000,1.000000,1.000000
28560.000000,1.317837,1.365040,-0.110338,-0.496290,0.000000,3.000000,0.000000,4.000000,2.000000,1.235289,0.465694,-0.461635,-0.061353,0.510593,0.000000,0.000000,0.000000,65535.000000,1.342931,1.515006,1.317837,1.365040,1.317837,1.365040,0.250000,1.000000,1.000000
28570.000000,1.317500,1.360639,-0.033727,-0.440152,0.000000,3.000000,0.000000,4.000000,2.000000,1.497385,0.474329,-0.473827,-0.021817,0.966698,0.000000,0.000000,0.000000,65535.000000,1.342931,1.515006,1.317500,1.360639,1.317500,1.360639,0.250000,1.000000,1.000000
28580.000000,1.317640,1.356445,0.013983,-0.419371,0.000000,3.000000,0.000000,4.000000,2.000000,1.497385,0.459521,-0.459069,0.020379,0.989705,0.000000,0.000000,0.000000,65535.000000,1.342931,1.515006,1.317640,1.356445,1.317640,1.356445,0.250000,1.000000,1.000000
28590.000000,1.318040,1.352081,0.040021,-0.436401,0.000000,3.000000,0.000000,4.000000,2.000000,1.497385,0.452693,-0.450662,0.042842,0.985840,0.000000,0.000000,0.000000,65535.000000,1.342931,1.515006,1.318040,1.352081,1.318040,1.352081,0.250000,1.000000,1.000000
28600.000000,1.318339,1.347894,0.029918,-0.418718,0.000000,3.000000,0.000000,4.000000,0.000000,1.846433,0.444820,-0.442882,0.041469,1.093534,0.000000,0.000000,0.000000,65535.000000,1.342931,1.515006,1.318339,1.347894,1.318339,1.347894,0.250000,1.000000,1.000000
28610.000000,1.318478,1.343988,0.013880,-0.390613,0.000000,3.000000,0.000000,4.000000,0.000000,1.749099,0.419786,-0.419133,0.023394,1.088827,0.000000,0.000000,0.000000,65535.000000,1.342931,1.515006,1.318478,1.343988,1.318478,1.343988,0.250000,1.000000,1.000000
28620.000000,1.318766,1.340226,0.028742,-0.376181,0.000000,3.000000,0.000000,4.000000,0.000000,1.755847,0.390860,-0.390812,0.006093,1.077087,0.000000,0.000000,0.000000,65535.000000,1.342931,1.515006,1.318766,1.340226,1.318766,1.340226,0.250000,1.000000,1.000000
28630.000000,1.319207,1.336488,0.044128,-0.373796,0.000000,3.000000,0.000000,4.000000,0.000000,1.551942,0.377278,-0.376694,0.020973,0.476481,0.000000,0.000000,0.000000,65535.000000,1.342931,1.515006,1.319207,1.336488,1.319207,1.336488,0.250000,1.000000,1.000000
28640.000000,1.319402,1.332523,0.019468,-0.396531,0.000000,3.000000,0.000000,4.000000,0.000000,1.418854,0.376392,-0.374568,0.037002,0.474219,0.000000,0.000000,0.000000,65535.000000,1.342931,1.515006,1.319402,1.332523,1.319402,1.332523,0.250000,1.000000,1.000000
28650.000000,1.319461,1.328844,0.005922,-0.367903,0.000000,3.000000,0.000000,4.000000,0.000000,1.059071,0.397009,-0.396815,0.012380,-0.362907,0.000000,0.000000,0.000000,65535.000000,1.342931,1.515006,1.319461,1.328844,1.319461,1.328844,0.250000,1.000000,1.000000
28660.000000,1.319483,1.325531,0.002178,-0.331269,0.000000,3.000000,0.000000,4.000000,0.000000,0.830062,0.367950,-0.367950,-0.000670,-0.361593,0.000000,0.000000,0.000000,65535.000000,1.342931,1.515006,1.319483,1.325531,1.319483,1.325531,0.250000,1.000000,1.000000
28670.000000,1.319571,1.322517,0.008836,-0.301412,0.000000,3.000000,0.000000,4.000000,0.000000,0.933040,0.331276,-0.331253,-0.003858,0.029869,0.000000,0.000000,0.000000,65535.000000,1.342931,1.515006,1.319571,1.322517,1.319571,1.322517,0.250000,1.000000,1.000000
28680.000000,1.319817,1.319584,0.024618,-0.293289,0.000000,3.000000,0.000000,4.000000,0.000000,0.933040,0.301542,-0.301525,0.003146,0.029860,0.000000,0.000000,0.000000,65535.000000,1.342931,1.515006,1.319817,1.319584,1.319817,1.319584,0.250000,1.000000,1.000000
28690.000000,1.320114,1.316733,0.029721,-0.285073,0.000000,3.000000,0.000000,4.000000,0.000000,0.933040,0.294320,-0.293740,0.018474,-0.077643,0.000000,0.000000,0.000000,65535.000000,1.342931,1.515006,1.320114,1.316733,1.320114,1.316733,0.250000,1.000000,1.000000
28700.000000,1.320447,1.314071,0.033227,-0.266259,0.000000,3.000000,0.000000,4.000000,0.000000,0.719150,0.286618,-0.285688,0.023061,-1.298710,0.000000,0.000000,0.000000,65535.000000,1.342931,1.515006,1.320447,1.314071,1.320447,1.314071,0.250000,1.000000,1.000000
28710.000000,1.320829,1.311609,0.038281,-0.246156,0.000000,3.000000,0.000000,4.000000,0.000000,0.450572,0.268324,-0.267006,0.026567,-1.306698,0.000000,0.000000,0.000000,65535.000000,1.342931,1.515006,1.320829,1.311609,1.320829,1.311609,0.250000,1.000000,1.000000
28720.000000,1.321415,1.309471,0.058572,-0.213818,0.000000,3.000000,0.000000,4.000000,0.000000,0.606751,0.249115,-0.247030,0.032165,-1.063343,0.000000,0.000000,0.000000,65535.000000,1.342931,1.515006,1.321415,1.309471,1.321415,1.309471,0.250000,1.000000,1.000000
28730.000000,1.321987,1.307567,0.057200,-0.190378,0.000000,3.000000,0.000000,4.000000,0.000000,0.641505,0.221696,-0.215137,0.053525,-0.956535,0.000000,0.000000,0.000000,65535.000000,1.342931,1.515006,1.321987,1.307567,1.321987,1.307567,0.250000,1.000000,1.000000
28740.000000,1.322381,1.305745,0.039432,-0.182222,0.000000,3.000000,0.000000,4.000000,0.000000,0.641505,0.198785,-0.191630,0.052853,-0.947463,0.000000,0.000000,0.000000,65535.000000,1.342931,1.515006,1.322381,1.305745,1.322381,1.305745,0.250000,1.000000,1.000000
28750.000000,1.322531,1.303970,0.014961,-0.177523,0.000000,3.000000,0.000000,4.000000,0.000000,0.547711,0.186439,-0.183084,0.035209,-0.938562,0.000000,0.000000,0.000000,65535.000000,1.342931,1.515006,1.322531,1.303970,1.322531,1.303970,0.250000,1.000000,1.000000
28760.000000,1.322553,1.302178,0.002165,-0.179199,0.000000,3.000000,0.000000,4.000000,0.000000,0.413640,0.178153,-0.177838,0.010590,-1.057176,0.000000,0.000000,0.000000,65535.000000,1.342931,1.515006,1.322553,1.302178,1.322553,1.302178,0.250000,1.000000,1.000000
28770.000000,1.322589,1.300430,0.003630,-0.174760,0.000000,3.000000,0.000000,4.000000,0.000000,0.413640,0.179213,-0.179196,-0.002459,-1.046106,0.000000,0.000000,0.000000,65535.000000,1.342931,1.515006,1.322589,1.300430,1.322589,1.300430,0.250000,1.000000,1.000000
28780.000000,1.322589,1.298800,0.000021,-0.162983,0.000000,3.000000,0.000000,4.000000,0.000000,0.363033,0.174798,-0.174796,-0.000820,-1.218988,0.000000,0.000000,0.000000,65535.000000,1.342931,1.515006,1.322589,1.298800,1.322589,1.298800,0.250000,1.000000,1.000000
28790.000000,1.322537,1.297321,-0.005170,-0.147963,0.000000,3.000000,0.000000,4.000000,0.000000,0.307274,0.162983,-0.162935,-0.003950,-1.358006,0.000000,0.000000,0.000000,65535.000000,1.342931,1.515006,1.322537,1.297321,1.322537,1.297321,0.250000,1.000000,1.000000
28800.000000,1.322529,1.296007,-0.000887,-0.131368,0.000000,3.000000,0.000000,4.000000,0.000000,0.158156,0.148053,-0.147801,-0.008629,-1.498552,0.000000,0.000000,0.000000,65535.000000,1.342931,1.515006,1.322529,1.296007,1.322529,1.296007,0.250000,1.000000,1.000000
28810.000000,1.322553,1.294841,0.002420,-0.116584,0.000000,3.000000,0.000000,4.000000,0.000000,0.230869,0.131371,-0.131313,-0.003920,-1.292090,0.000000,0.000000,0.000000,65535.000000,1.342931,1.515006,1.322553,1.294841,1.322553,1.294841,0.250000,1.000000,1.000000
28820.000000,1.322576,1.293811,0.002318,-0.102975,0.000000,3.000000,0.000000,4.000000,0.000000,0.230869,0.116610,-0.116609,-0.000339,-1.275592,0.000000,0.000000,0.000000,65535.000000,1.342931,1.515006,1.322576,1.293811,1.322576,1.293811,0.250000,1.000000,1.000000
28830.000000,1.322590,1.292924,0.001391,-0.088751,0.000000,3.000000,0.000000,4.000000,0.000000,0.230869,0.103002,-0.103001,-0.000208,-1.259509,0.000000,0.000000,0.000000,65535.000000,1.342931,1.515006,1.322590,1.292924,1.322590,1.292924,0.250000,1.000000,1.000000
28840.000000,1.322604,1.292157,0.001386,-0.076731,0.000000,3.000000,0.000000,4.000000,0.000000,0.188133,0.088762,-0.088758,-0.000817,-1.376071,0.000000,0.000000,0.000000,65535.000000,1.342931,1.515006,1.322604,1.292157,1.322604,1.292157,0.250000,1.000000,1.000000
28850.000000,1.322609,1.291509,0.000529,-0.064789,0.000000,3.000000,0.000000,4.000000,0.000000,0.137899,0.076743,-0.076742,-0.000502,-1.499424,0.000000,0.000000,0.000000,65535.000000,1.342931,1.515006,1.322609,1.291509,1.322609,1.291509,0.250000,1.000000,1.000000
28860.000000,1.322636,1.290961,0.002682,-0.054778,0.000000,3.000000,0.000000,4.000000,0.000000,0.128081,0.064791,-0.064784,-0.000997,-1.536228,0.000000,0.000000,0.000000,65535.000000,1.342931,1.515006,1.322636,1.290961,1.322636,1.290961,0.250000,1.000000,1.000000
28870.000000,1.322703,1.290501,0.006717,-0.045958,0.000000,3.000000,0.000000,4.000000,0.000000,0.128081,0.054844,-0.054825,0.001456,-1.512962,0.000000,0.000000,0.000000,65535.000000,1.342931,1.515006,1.322703,1.290501,1.322703,1.290501,0.250000,1.000000,1.000000
28880.000000,1.322767,1.290108,0.006429,-0.039293,0.000000,3.000000,0.000000,4.000000,0.000000,0.100162,0.046446,-0.046093,0.005719,-1.523167,0.000000,0.000000,0.000000,65535.000000,1.342931,1.515006,1.322767,1.290108,1.322767,1.290108,0.250000,1.000000,1.000000
28890.000000,1.322801,1.289795,0.003414,-0.031336,0.000000,3.000000,0.000000,4.000000,0.000000,0.104459,0.039816,-0.039423,0.005579,-1.495258,0.000000,0.000000,0.000000,65535.000000,1.342931,1.515006,1.322801,1.289795,1.322801,1.289795,0.250000,1.000000,1.000000
28900.000000,1.322801,1.289795,0.000000,0.000000,0.000000,3.000000,0.000000,4.000000,0.000000,0.104459,0.031521,-0.031402,0.002736,-1.473208,0.000000,0.000000,0.000000,65535.000000,1.342931,1.515006,1.322801,1.289795,1.322801,1.289795,0.250000,1.000000,1.000000
28910.000000,1.322801,1.289795,0.000000,0.000000,0.000000,3.000000,0.000000,4.000000,0.000000,0.089787,0.025825,-0.025823,0.000302,-1.465680,0.000000,0.000000,0.000000,65535.000000,1.342931,1.515006,1.322801,1.289795,1.322801,1.289795,0.250000,1.000000,1.000000
28920.000000,1.322801,1.289795,0.000000,0.000000,0.000000,3.000000,0.000000,4.000000,0.000000,0.052748,0.022430,-0.022398,-0.001193,-1.461952,0.000000,0.000000,0.000000,65535.000000,1.342931,1.515006,1.322801,1.289795,1.322801,1.289795,0.250000,1.000000,1.000000
28930.000000,1.322801,1.289795,0.000000,0.000000,0.000000,3.000000,0.000000,4.000000,0.000000,0.047188,0.017252,-0.017024,-0.002801,-1.451176,0.000000,0.000000,0.000000,65535.000000,1.342931,1.515006,1.322801,1.289795,1.322801,1.289795,0.250000,1.000000,1.000000
28940.000000,1.322801,1.289795,0.000000,0.000000,0.000000,3.000000,0.000000,4.000000,0.000000,0.047188,0.013432,-0.013069,-0.003098,-1.437136,0.000000,0.000000,0.000000,65535.000000,1.342931,1.515006,1.322801,1.289795,1.322801,1.289795,0.250000,1.000000,1.000000
28950.000000,1.322801,1.289795,0.000000,0.000000,0.000000,3.000000,0.000000,4.000000,0.000000,0.047188,0.011361,-0.011296,-0.001213,-1.402474,0.000000,0.000000,0.000000,65535.000000,1.342931,1.515006,1.322801,1.289795,1.322801,1.289795,0.250000,1.000000,1.000000
28960.000000,1.322801,1.289795,0.000000,0.000000,0.000000,3.000000,0.000000,4.000000,0.000000,0.058948,0.010887,-0.010861,-0.000745,-1.346702,0.000000,0.000000,0.000000,65535.000000,1.342931,1.515006,1.322801,1.289795,1.322801,1.289795,0.250000,1.000000,1.000000
28970.000000,1.322801,1.289795,0.000000,0.000000,0.000000,3.000000,0.000000,4.000000,0.000000,0.058948,0.009943,-0.009940,0.000232,-1.328789,0.000000,0.000000,0.000000,65535.000000,1.342931,1.515006,1.322801,1.289795,1.322801,1.289795,0.250000,1.000000,1.000000
28980.000000,1.322801,1.289795,0.000000,0.000000,0.000000,3.000000,0.000000,4.000000,0.000000,0.058948,0.010143,-0.010029,0.001521,-1.311347,0.000000,0.000000,0.000000,65535.000000,1.342931,1.515006,1.322801,1.289795,1.322801,1.289795,0.250000,1.000000,1.000000
28990.000000,1.322801,1.289795,0.000000,0.000000,0.000000,3.000000,0.000000,4.000000,0.000000,0.048971,0.010345,-0.010083,0.002312,-1.311759,0.000000,0.000000,0.000000,65535.000000,1.342931,1.515006,1.322801,1.289795,1.322801,1.289795,0.250000,1.000000,1.000000
29000.000000,1.322801,1.289795,0.000000,0.000000,0.000000,3.000000,0.000000,4.000000,0.000000,0.081543,0.012812,-0.012733,0.001420,-1.237290,0.000000,0.000000,0.000000,65535.000000,1.342931,1.515006,1.322801,1.289795,1.322801,1.289795,0.250000,1.000000,1.000000
29010.000000,1.322801,1.289795,0.000000,0.000000,0.000000,3.000000,0.000000,4.000000,0.000000,0.145014,0.015830,-0.015669,0.002250,-1.132068,0.000000,0.000000,0.000000,65535.000000,1.342931,1.515006,1.322801,1.289795,1.322801,1.289795,0.250000,1.000000,1.000000
29020.000000,1.322801,1.289795,0.000000,0.000000,0.000000,3.000000,0.000000,4.000000,0.000000,0.163715,0.021028,-0.020743,0.003450,-1.068967,0.000000,0.000000,0.000000,65535.000000,1.342931,1.515006,1.322801,1.289795,1.322801,1.289795,0.250000,1.000000,1.000000
29030.000000,1.322801,1.289452,-0.000032,-0.034330,0.000000,3.000000,0.000000,4.000000,0.000000,0.126911,0.027212,-0.027129,0.002118,-1.057650,0.000000,0.000000,0.000000,65535.000000,1.342931,1.515006,1.322801,1.289452,1.322801,1.289452,0.250000,1.000000,1.000000
29040.000000,1.322786,1.288985,-0.001521,-0.046633,0.000000,3.000000,0.000000,4.000000,0.000000,0.131326,0.034330,-0.034322,-0.000767,-1.046569,0.000000,0.000000,0.000000,65535.000000,1.342931,1.515006,1.322786,1.288985,1.322786,1.288985,0.250000,1.000000,1.000000
29050.000000,1.322776,1.288378,-0.000918,-0.060698,0.000000,3.000000,0.000000,4.000000,0.000000,0.137039,0.046658,-0.046589,-0.002539,-1.038009,0.000000,0.000000,0.000000,65535.000000,1.342931,1.515006,1.322776,1.288378,1.322776,1.288378,0.250000,1.000000,1.000000
29060.000000,1.322813,1.287607,0.003667,-0.077096,0.000000,3.000000,0.000000,4.000000,0.000000,0.161132,0.060705,-0.060663,-0.002248,-0.983293,0.000000,0.000000,0.000000,65535.000000,1.342931,1.515006,1.322813,1.287607,1.322813,1.287607,0.250000,1.000000,1.000000
29070.000000,1.322850,1.286709,0.003644,-0.089846,0.000000,3.000000,0.000000,4.000000,0.000000,0.161132,0.077183,-0.077156,0.002066,-0.973709,0.000000,0.000000,0.000000,65535.000000,1.342931,1.515006,1.322850,1.286709,1.322850,1.286709,0.250000,1.000000,1.000000
29080.000000,1.322900,1.285680,0.005003,-0.102888,0.000000,3.000000,0.000000,4.000000,0.000000,0.164646,0.089920,-0.089899,0.001958,-0.975920,0.000000,0.000000,0.000000,65535.000000,1.342931,1.515006,1.322900,1.285680,1.322900,1.285680,0.250000,1.000000,1.000000
29090.000000,1.322946,1.284492,0.004665,-0.118765,0.000000,3.000000,0.000000,4.000000,0.000000,0.191425,0.103009,-0.102957,0.003270,-1.024185,0.000000,0.000000,0.000000,65535.000000,1.342931,1.515006,1.322946,1.284492,1.322946,1.284492,0.250000,1.000000,1.000000
29100.000000,1.323000,1.283149,0.005375,-0.134384,0.000000,3.000000,0.000000,4.000000,0.000000,0.255871,0.118857,-0.118826,0.002697,-0.871701,0.000000,0.000000,0.000000,65535.000000,1.342931,1.515006,1.323000,1.283149,1.323000,1.283149,0.250000,1.000000,1.000000
29110.000000,1.323053,1.281637,0.005245,-0.151182,0.000000,3.000000,0.000000,4.000000,0.000000,0.256006,0.134492,-0.134457,0.003035,-0.861017,0.000000,0.000000,0.000000,65535.000000,1.342931,1.515006,1.323053,1.281637,1.323053,1.281637,0.250000,1.000000,1.000000
29120.000000,1.323187,1.279892,0.013492,-0.174444,0.000000,3.000000,0.000000,4.000000,0.000000,0.256006,0.151273,-0.151252,0.002553,-0.853660,0.000000,0.000000,0.000000,65535.000000,1.342931,1.515006,1.323187,1.279892,1.323187,1.279892,0.250000,1.000000,1.000000
29130.000000,1.323470,1.277928,0.028217,-0.196439,0.000000,3.000000,0.000000,4.000000,0.000000,0.191039,0.174965,-0.174648,0.010528,-0.904858,0.000000,0.000000,0.000000,65535.000000,1.342931,1.515006,1.323470,1.277928,1.323470,1.277928,0.250000,1.000000,1.000000
29140.000000,1.323884,1.275724,0.041488,-0.220369,0.000000,3.000000,0.000000,4.000000,0.000000,0.186924,0.198455,-0.196865,0.025075,-0.872468,0.000000,0.000000,0.000000,65535.000000,1.342931,1.515006,1.323884,1.275724,1.323884,1.275724,0.250000,1.000000,1.000000
29150.000000,1.324368,1.273229,0.048352,-0.249505,0.000000,3.000000,0.000000,4.000000,0.000000,0.251429,0.224241,-0.220973,0.038142,-0.835800,0.000000,0.000000,0.000000,65535.000000,1.342931,1.515006,1.324368,1.273229,1.324368,1.273229,0.250000,1.000000,1.000000
29160.000000,1.324915,1.270405,0.054740,-0.282432,0.000000,3.000000,0.000000,4.000000,0.000000,0.600294,0.254147,-0.250169,0.044787,-0.390335,0.000000,0.000000,0.000000,65535.000000,1.342931,1.515006,1.324915,1.270405,1.324915,1.270405,0.250000,1.000000,1.000000
29170.000000,1.325476,1.267378,0.056062,-0.302656,0.000000,3.000000,0.000000,4.000000,0.000000,0.603360,0.287688,-0.283143,0.050935,-0.388816,0.000000,0.000000,0.000000,65535.000000,1.342931,1.515006,1.325476,1.267378,1.325476,1.267378,0.250000,1.000000,1.000000
29180.000000,1.326168,1.264079,0.069156,-0.329885,0.000000,3.000000,0.000000,4.000000,0.000000,0.603360,0.307805,-0.303389,0.051953,-0.399460,0.000000,0.000000,0.000000,65535.000000,1.342931,1.515006,1.326168,1.264079,1.326168,1.264079,0.250000,1.000000,1.000000
29190.000000,1.326843,1.260612,0.067516,-0.346750,0.000000,3.000000,0.000000,4.000000,0.000000,0.438878,0.337056,-0.330867,0.064295,-0.495869,0.000000,0.000000,0.000000,65535.000000,1.342931,1.515006,1.326843,1.260612,1.326843,1.260612,0.250000,1.000000,1.000000
29200.000000,1.327387,1.257019,0.054389,-0.359318,0.000000,3.000000,0.000000,4.000000,0.000000,0.279516,0.353262,-0.347739,0.062224,-0.710832,0.000000,0.000000,0.000000,65535.000000,1.342931,1.515006,1.327387,1.257019,1.327387,1.257019,0.250000,1.000000,1.000000
29210.000000,1.327869,1.253224,0.048197,-0.379470,0.000000,3.000000,0.000000,4.000000,0.000000,0.260762,0.363411,-0.360061,0.049234,-0.705810,0.000000,0.000000,0.000000,65535.000000,1.342931,1.515006,1.327869,1.253224,1.327869,1.253224,0.250000,1.000000,1.000000
29220.000000,1.328263,1.249181,0.039407,-0.404349,0.000000,3.000000,0.000000,4.000000,0.000000,0.305324,0.382519,-0.380057,0.043326,-0.594397,0.000000,0.000000,0.000000,65535.000000,1.342931,1.515006,1.328263,1.249181,1.328263,1.249181,0.250000,1.000000,1.000000
29230.000000,1.328324,1.244942,0.006096,-0.423823,0.000000,3.000000,0.000000,4.000000,0.000000,0.305324,0.406265,-0.404765,0.034874,-0.590882,0.000000,0.000000,0.000000,65535.000000,1.342931,1.515006,1.328324,1.244942,1.328324,1.244942,0.250000,1.000000,1.000000
29240.000000,1.328242,1.240788,-0.008184,-0.415392,0.000000,3.000000,0.000000,4.000000,0.000000,0.416772,0.423867,-0.423861,0.002112,-0.648848,0.000000,0.000000,0.000000,65535.000000,1.342931,1.515006,1.328242,1.240788,1.328242,1.240788,0.250000,1.000000,1.000000
29250.000000,1.328253,1.236897,0.001119,-0.389122,0.000000,3.000000,0.000000,4.000000,0.000000,0.701011,0.415473,-0.415305,-0.011799,-0.654091,0.000000,0.000000,0.000000,65535.000000,1.342931,1.515006,1.328253,1.236897,1.328253,1.236897,0.250000,1.000000,1.000000
29260.000000,1.328220,1.232990,-0.003274,-0.390749,0.000000,3.000000,0.000000,4.000000,0.000000,0.541982,0.389123,-0.389116,-0.002420,-0.649836,0.000000,0.000000,0.000000,65535.000000,1.342931,1.515006,1.328220,1.232990,1.328220,1.232990,0.250000,1.000000,1.000000
29270.000000,1.328105,1.228967,-0.011489,-0.402269,0.000000,3.000000,0.000000,4.000000,0.000000,0.156679,0.390763,-0.390700,-0.007000,-1.006273,0.000000,0.000000,0.000000,65535.000000,1.342931,1.515006,1.328105,1.228967,1.328105,1.228967,0.250000,1.000000,1.000000
29280.000000,1.328027,1.224894,-0.007800,-0.407290,0.000000,3.000000,0.000000,4.000000,0.000000,0.209287,0.402433,-0.402141,-0.015327,-0.930198,0.000000,0.000000,0.000000,65535.000000,1.342931,1.515006,1.328027,1.224894,1.328027,1.224894,0.250000,1.000000,1.000000
29290.000000,1.327998,1.220869,-0.002934,-0.402499,0.000000,3.000000,0.000000,4.000000,0.000000,0.214304,0.407364,-0.407203,-0.011478,-0.914429,0.000000,0.000000,0.000000,65535.000000,1.342931,1.515006,1.327998,1.220869,1.327998,1.220869,0.250000,1.000000,1.000000
29300.000000,1.327936,1.217023,-0.006170,-0.384566,0.000000,3.000000,0.000000,4.000000,0.000000,0.214304,0.402510,-0.402460,-0.006358,-0.906135,0.000000,0.000000,0.000000,65535.000000,1.342931,1.515006,1.327936,1.217023,1.327936,1.217023,0.250000,1.000000,1.000000
29310.000000,1.327868,1.213249,-0.006835,-0.377467,0.000000,3.000000,0.000000,4.000000,0.000000,0.288660,0.384615,-0.384500,-0.009418,-0.802446,0.000000,0.000000,0.000000,65535.000000,1.342931,1.515006,1.327868,1.213249,1.327868,1.213249,0.250000,1.000000,1.000000
29320.000000,1.327858,1.209407,-0.001000,-0.384180,0.000000,3.000000,0.000000,4.000000,0.000000,0.327090,0.377529,-0.377398,-0.009919,-0.746824,0.000000,0.000000,0.000000,65535.000000,1.342931,1.515006,1.327858,1.209407,1.327858,1.209407,0.250000,1.000000,1.000000
29330.000000,1.327870,1.205563,0.001239,-0.384388,0.000000,3.000000,0.000000,4.000000,0.000000,0.327090,0.384181,-0.384160,-0.004022,-0.741282,0.000000,0.000000,0.000000,65535.000000,1.342931,1.515006,1.327870,1.205563,1.327870,1.205563,0.250000,1.000000,1.000000
29340.000000,1.327884,1.201796,0.001339,-0.376676,0.000000,3.000000,0.000000,4.000000,0.000000,0.326512,0.384390,-0.384386,-0.001780,-0.736573,0.000000,0.000000,0.000000,65535.000000,1.342931,1.515006,1.327884,1.201796,1.327884,1.201796,0.250000,1.000000,1.000000
29350.000000,1.327829,1.198155,-0.005448,-0.364151,0.000000,3.000000,0.000000,4.000000,0.000000,0.263166,0.376678,-0.376674,-0.001782,-0.813154,0.000000,0.000000,0.000000,65535.000000,1.342931,1.515006,1.327829,1.198155,1.327829,1.198155,0.250000,1.000000,1.000000
29360.000000,1.327556,1.194366,-0.027313,-0.378874,0.000000,3.000000,0.000000,4.000000,0.000000,0.242172,0.364191,-0.364088,-0.008677,-0.838112,0.000000,0.000000,0.000000,65535.000000,1.342931,1.515006,1.327556,1.194366,1.327556,1.194366,0.250000,1.000000,1.000000
29370.000000,1.327327,1.190698,-0.022946,-0.366822,0.000000,3.000000,0.000000,4.000000,0.000000,0.257886,0.379858,-0.378604,-0.030831,-0.806196,0.000000,0.000000,0.000000,65535.000000,1.342931,1.515006,1.327327,1.190698,1.327327,1.190698,0.250000,1.000000,1.000000
29380.000000,1.327228,1.187177,-0.009878,-0.352124,0.000000,3.000000,0.000000,4.000000,0.000000,0.257886,0.367539,-0.366582,-0.026512,-0.799742,0.000000,0.000000,0.000000,65535.000000,1.342931,1.515006,1.327228,1.187177,1.327228,1.187177,0.250000,1.000000,1.000000
29390.000000,1.327202,1.183857,-0.002552,-0.331979,0.000000,3.000000,0.000000,4.000000,0.000000,0.257886,0.352263,-0.352003,-0.013521,-0.793390,0.000000,0.000000,0.000000,65535.000000,1.342931,1.515006,1.327202,1.183857,1.327202,1.183857,0.250000,1.000000,1.000000
29400.000000,1.327192,1.180765,-0.001045,-0.309168,0.000000,3.000000,0.000000,4.000000,0.000000,0.403875,0.331989,-0.331930,-0.006234,-0.595883,0.000000,0.000000,0.000000,65535.000000,1.342931,1.515006,1.327192,1.180765,1.327192,1.180765,0.250000,1.000000,1.000000
29410.000000,1.327196,1.177820,0.000410,-0.294501,0.000000,3.000000,0.000000,4.000000,0.000000,0.530346,0.309170,-0.309137,-0.004517,-0.449412,0.000000,0.000000,0.000000,65535.000000,1.342931,1.515006,1.327196,1.177820,1.327196,1.177820,0.250000,1.000000,1.000000
29420.000000,1.327222,1.174952,0.002657,-0.286790,0.000000,3.000000,0.000000,4.000000,0.000000,0.533769,0.294501,-0.294488,-0.002774,-0.447400,0.000000,0.000000,0.000000,65535.000000,1.342931,1.515006,1.327222,1.174952,1.327222,1.174952,0.250000,1.000000,1.000000
29430.000000,1.327386,1.172238,0.016350,-0.271463,0.000000,3.000000,0.000000,4.000000,0.000000,0.533769,0.286802,-0.286802,-0.000324,-0.445405,0.000000,0.000000,0.000000,65535.000000,1.342931,1.515006,1.327386,1.172238,1.327386,1.172238,0.250000,1.000000,1.000000
29440.000000,1.327594,1.169604,0.020850,-0.263388,0.000000,3.000000,0.000000,4.000000,0.000000,0.523798,0.271955,-0.271615,0.013587,-0.443950,0.000000,0.000000,0.000000,65535.000000,1.342931,1.515006,1.327594,1.169604,1.327594,1.169604,0.250000,1.000000,1.000000
29450.000000,1.327842,1.167255,0.024790,-0.234854,0.000000,3.000000,0.000000,4.000000,0.000000,0.491828,0.264212,-0.263599,0.017992,-0.470071,0.000000,0.000000,0.000000,65535.000000,1.342931,1.515006,1.327842,1.167255,1.327842,1.167255,0.250000,1.000000,1.000000
29460.000000,1.328046,1.165055,0.020349,-0.220028,0.000000,3.000000,0.000000,4.000000,0.000000,0.445548,0.236158,-0.235124,0.022076,-0.530453,0.000000,0.000000,0.000000,65535.000000,1.342931,1.515006,1.328046,1.165055,1.328046,1.165055,0.250000,1.000000,1.000000
29470.000000,1.328160,1.162873,0.011398,-0.218206,0.000000,3.000000,0.000000,4.000000,0.000000,0.286561,0.220967,-0.220258,0.017690,-0.774165,0.000000,0.000000,0.000000,65535.000000,1.342931,1.515006,1.328160,1.162873,1.328160,1.162873,0.250000,1.000000,1.000000
29480.000000,1.328192,1.160623,0.003173,-0.224970,0.000000,3.000000,0.000000,4.000000,0.000000,0.347323,0.218503,-0.218326,0.008794,-0.791918,0.000000,0.000000,0.000000,65535.000000,1.342931,1.515006,1.328192,1.160623,1.328192,1.160623,0.250000,1.000000,1.000000
29490.000000,1.328213,1.158398,0.002115,-0.222532,0.000000,3.000000,0.000000,4.000000,0.000000,0.259056,0.224992,-0.224991,0.000574,-0.785690,0.000000,0.000000,0.000000,65535.000000,1.342931,1.515006,1.328213,1.158398,1.328213,1.158398,0.250000,1.000000,1.000000
29500.000000,1.328185,1.156266,-0.002725,-0.213228,0.000000,3.000000,0.000000,4.000000,0.000000,0.151440,0.222542,-0.222541,-0.000337,-0.872785,0.000000,0.000000,0.000000,65535.000000,1.342931,1.515006,1.328185,1.156266,1.328185,1.156266,0.250000,1.000000,1.000000
29510.000000,1.328163,1.154224,-0.002238,-0.204207,0.000000,3.000000,0.000000,4.000000,0.000000,0.154478,0.213246,-0.213186,-0.005032,-0.843135,0.000000,0.000000,0.000000,65535.000000,1.342931,1.515006,1.328163,1.154224,1.328163,1.154224,0.250000,1.000000,1.000000
29520.000000,1.328157,1.152237,-0.000586,-0.198654,0.000000,3.000000,0.000000,4.000000,0.000000,0.154478,0.204220,-0.204171,-0.004468,-0.836079,0.000000,0.000000,0.000000,65535.000000,1.342931,1.515006,1.328157,1.152237,1.328157,1.152237,0.250000,1.000000,1.000000
29530.000000,1.328160,1.150402,0.000308,-0.183468,0.000000,3.000000,0.000000,4.000000,0.000000,0.206000,0.198654,-0.198635,-0.002743,-0.889424,0.000000,0.000000,0.000000,65535.000000,1.342931,1.515006,1.328160,1.150402,1.328160,1.150402,0.250000,1.000000,1.000000
29540.000000,1.328175,1.148668,0.001521,-0.173482,0.000000,3.000000,0.000000,4.000000,0.000000,0.133782,0.183468,-0.183461,-0.001684,-0.903028,0.000000,0.000000,0.000000,65535.000000,1.342931,1.515006,1.328175,1.148668,1.328175,1.148668,0.250000,1.000000,1.000000
29550.000000,1.328204,1.147027,0.002902,-0.164073,0.000000,3.000000,0.000000,4.000000,0.000000,0.208228,0.173489,-0.173489,-0.000345,-0.865902,0.000000,0.000000,0.000000,65535.000000,1.342931,1.515006,1.328204,1.147027,1.328204,1.147027,0.250000,1.000000,1.000000
29560.000000,1.328209,1.145424,0.000429,-0.160295,0.000000,3.000000,0.000000,4.000000,0.000000,0.326963,0.164099,-0.164095,0.001167,-0.858461,0.000000,0.000000,0.000000,65535.000000,1.342931,1.515006,1.328209,1.145424,1.328209,1.145424,0.250000,1.000000,1.000000
29570.000000,1.328191,1.143903,-0.001794,-0.152097,0.000000,3.000000,0.000000,4.000000,0.000000,0.122731,0.160296,-0.160290,-0.001351,-0.860685,0.000000,0.000000,0.000000,65535.000000,1.342931,1.515006,1.328191,1.143903,1.328191,1.143903,0.250000,1.000000,1.000000
29580.000000,1.328186,1.142367,-0.000427,-0.153573,0.000000,3.000000,0.000000,4.000000,0.000000,0.122731,0.152108,-0.152065,-0.003587,-0.853333,0.000000,0.000000,0.000000,65535.000000,1.342931,1.515006,1.328186,1.142367,1.328186,1.142367,0.250000,1.000000,1.000000
29590.000000,1.328175,1.140796,-0.001123,-0.157111,0.000000,3.000000,0.000000,4.000000,0.000000,0.248248,0.153574,-0.153558,-0.002202,-0.587252,0.000000,0.000000,0.000000,65535.000000,1.342931,1.515006,1.328175,1.140796,1.328175,1.140796,0.250000,1.000000,1.000000
29600.000000,1.328159,1.139151,-0.001586,-0.164516,0.000000,3.000000,0.000000,4.000000,0.000000,0.265471,0.157115,-0.157091,-0.002731,-0.540125,0.000000,0.000000,0.000000,65535.000000,1.342931,1.515006,1.328159,1.139151,1.328159,1.139151,0.250000,1.000000,1.000000
29610.000000,1.328140,1.137460,-0.001887,-0.169061,0.000000,3.000000,0.000000,4.000000,0.000000,0.265471,0.164523,-0.164495,-0.003055,-0.537509,0.000000,0.000000,0.000000,65535.000000,1.342931,1.515006,1.328140,1.137460,1.328140,1.137460,0.250000,1.000000,1.000000
29620.000000,1.328121,1.135558,-0.001928,-0.190170,0.000000,3.000000,0.000000,4.000000,0.000000,0.263650,0.169072,-0.169040,-0.003255,-0.603689,0.000000,0.000000,0.000000,65535.000000,1.342931,1.515006,1.328121,1.135558,1.328121,1.135558,0.250000,1.000000,1.000000
29630.000000,1.328123,1.133495,0.000232,-0.206387,0.000000,3.000000,0.000000,4.000000,0.000000,0.304093,0.190180,-0.190150,-0.003377,-0.630628,0.000000,0.000000,0.000000,65535.000000,1.342931,1.515006,1.328123,1.133495,1.328123,1.133495,0.250000,1.000000,1.000000
29640.000000,1.328218,1.131142,0.009413,-0.235251,0.000000,3.000000,0.000000,4.000000,0.000000,0.304093,0.206387,-0.206383,-0.001384,-0.615191,0.000000,0.000000,0.000000,65535.000000,1.342931,1.515006,1.328218,1.131142,1.328218,1.131142,0.250000,1.000000,1.000000
29650.000000,1.328481,1.128483,0.026354,-0.265940,0.000000,3.000000,0.000000,4.000000,0.000000,0.330477,0.235439,-0.235322,0.007422,-0.480442,0.000000,0.000000,0.000000,65535.000000,1.342931,1.515006,1.328481,1.128483,1.328481,1.128483,0.250000,1.000000,1.000000
29660.000000,1.328856,1.125458,0.037483,-0.302446,0.000000,3.000000,0.000000,4.000000,0.000000,0.330477,0.267243,-0.266176,0.023857,-0.478143,0.000000,0.000000,0.000000,65535.000000,1.342931,1.515006,1.328856,1.125458,1.328856,1.125458,0.250000,1.000000,1.000000
29670.000000,1.329275,1.122058,0.041864,-0.339991,0.000000,3.000000,0.000000,4.000000,0.000000,0.323270,0.304759,-0.302785,0.034637,-0.475865,0.000000,0.000000,0.000000,65535.000000,1.342931,1.515006,1.329275,1.122058,1.329275,1.122058,0.250000,1.000000,1.000000
29680.000000,1.329592,1.118283,0.031698,-0.377571,0.000000,3.000000,0.000000,4.000000,0.000000,0.259642,0.342559,-0.340310,0.039189,-0.606195,0.000000,0.000000,0.000000,65535.000000,1.342931,1.515006,1.329592,1.118283,1.329592,1.118283,0.250000,1.000000,1.000000
29690.000000,1.329724,1.114295,0.013237,-0.398724,0.000000,3.000000,0.000000,4.000000,0.000000,0.259642,0.378900,-0.377743,0.029576,-0.602539,0.000000,0.000000,0.000000,65535.000000,1.342931,1.515006,1.329724,1.114295,1.329724,1.114295,0.250000,1.000000,1.000000
29700.000000,1.329689,1.110074,-0.003519,-0.422148,0.000000,3.000000,0.000000,4.000000,0.000000,0.338008,0.398944,-0.398765,0.011956,-0.292238,0.000000,0.000000,0.000000,65535.000000,1.342931,1.515006,1.329689,1.110074,1.329689,1.110074,0.250000,1.000000,1.000000
29710.000000,1.329575,1.105493,-0.011418,-0.458106,0.000000,3.000000,0.000000,4.000000,0.000000,0.345260,0.422163,-0.422140,-0.004377,-0.266635,0.000000,0.000000,0.000000,65535.000000,1.342931,1.515006,1.329575,1.105493,1.329575,1.105493,0.250000,1.000000,1.000000
29720.000000,1.329554,1.100390,-0.002062,-0.510253,0.000000,3.000000,0.000000,4.000000,0.000000,0.748416,0.458248,-0.458082,-0.012337,0.508901,0.000000,0.000000,0.000000,65535.000000,1.342931,1.515006,1.329554,1.100390,1.329554,1.100390,0.250000,1.000000,1.000000
29730.000000,1.329688,1.095112,0.013365,-0.527840,0.000000,3.000000,0.000000,4.000000,0.000000,0.771592,0.510257,-0.510245,-0.003439,0.561080,0.000000,0.000000,0.000000,65535.000000,1.342931,1.515006,1.329688,1.095112,1.329688,1.095112,0.250000,1.000000,1.000000
29740.000000,1.329792,1.089568,0.010456,-0.554377,0.000000,3.000000,0.000000,4.000000,0.000000,1.088788,0.528010,-0.527881,0.011674,0.937213,0.000000,0.000000,0.000000,65535.000000,1.342931,1.515006,1.329792,1.089568,1.329792,1.089568,0.250000,1.000000,1.000000
29750.000000,1.329987,1.083698,0.019502,-0.586976,0.000000,3.000000,0.000000,4.000000,0.000000,1.088867,0.554476,-0.554410,0.008546,0.945926,0.000000,0.000000,0.000000,65535.000000,1.342931,1.515006,1.329987,1.083698,1.329987,1.083698,0.250000,1.000000,1.000000
29760.000000,1.330406,1.077714,0.041854,-0.598426,0.000000,3.000000,0.000000,4.000000,0.000000,1.318057,0.587300,-0.587055,0.016965,0.937054,0.000000,0.000000,0.000000,65535.000000,1.342931,1.515006,1.330406,1.077714,1.330406,1.077714,0.250000,1.000000,1.000000
29770.000000,1.330683,1.071906,0.027698,-0.580782,0.000000,3.000000,0.000000,4.000000,0.000000,1.318057,0.599887,-0.598594,0.039367,0.817544,0.000000,0.000000,0.000000,65535.000000,1.342931,1.515006,1.330683,1.071906,1.330683,1.071906,0.250000,1.000000,1.000000
29780.000000,1.330688,1.066155,0.000579,-0.575139,0.000000,3.000000,0.000000,4.000000,0.000000,1.209513,0.581442,-0.580818,0.026928,0.696355,0.000000,0.000000,0.000000,65535.000000,1.342931,1.515006,1.330688,1.066155,1.330688,1.066155,0.250000,1.000000,1.000000
29790.000000,1.330627,1.060452,-0.006122,-0.570328,0.000000,3.000000,0.000000,4.000000,0.000000,1.040038,0.575139,-0.575138,0.001370,0.411658,0.000000,0.000000,0.000000,65535.000000,1.342931,1.515006,1.330627,1.060452,1.330627,1.060452,0.250000,1.000000,1.000000
29800.000000,1.330470,1.054732,-0.015750,-0.571945,0.000000,3.000000,0.000000,4.000000,0.000000,1.035119,0.570360,-0.570341,-0.004673,0.340935,0.000000,0.000000,0.000000,65535.000000,1.342931,1.515006,1.330470,1.054732,1.330470,1.054732,0.250000,1.000000,1.000000
29810.000000,1.329996,1.049029,-0.047356,-0.570322,0.000000,3.000000,0.000000,4.000000,0.000000,1.228024,0.572162,-0.571976,-0.014587,0.646025,0.000000,0.000000,0.000000,65535.000000,1.342931,1.515006,1.329996,1.049029,1.329996,1.049029,0.250000,1.000000,1.000000
29820.000000,1.329486,1.043407,-0.051004,-0.562160,0.000000,3.000000,0.000000,4.000000,0.000000,0.763798,0.572285,-0.570363,-0.046867,0.641874,0.000000,0.000000,0.000000,65535.000000,1.342931,1.515006,1.329486,1.043407,1.329486,1.043407,0.250000,1.000000,1.000000
29830.000000,1.329212,1.037941,-0.027416,-0.546664,0.000000,3.000000,0.000000,4.000000,0.000000,0.690403,0.564469,-0.562176,-0.050834,0.516870,0.000000,0.000000,0.000000,65535.000000,1.342931,1.515006,1.329212,1.037941,1.329212,1.037941,0.250000,1.000000,1.000000
29840.000000,1.329258,1.032752,0.004616,-0.518856,0.000000,3.000000,0.000000,4.000000,0.000000,0.622352,0.547351,-0.546681,-0.027076,0.176055,0.000000,0.000000,0.000000,65535.000000,1.342931,1.515006,1.329258,1.032752,1.329258,1.032752,0.250000,1.000000,1.000000
29850.000000,1.329376,1.027839,0.011782,-0.491322,0.000000,3.000000,0.000000,4.000000,0.000000,0.564049,0.518877,-0.518849,0.005432,0.043538,0.000000,0.000000,0.000000,65535.000000,1.342931,1.515006,1.329376,1.027839,1.329376,1.027839,0.250000,1.000000,1.000000
29860.000000,1.329457,1.022833,0.008082,-0.500563,0.000000,3.000000,0.000000,4.000000,0.000000,0.513285,0.491463,-0.491292,0.012985,-0.109432,0.000000,0.000000,0.000000,65535.000000,1.342931,1.515006,1.329457,1.022833,1.329457,1.022833,0.250000,1.000000,1.000000
29870.000000,1.329523,1.017908,0.006682,-0.492498,0.000000,3.000000,0.000000,4.000000,0.000000,0.513285,0.500629,-0.500541,0.009352,-0.219096,0.000000,0.000000,0.000000,65535.000000,1.342931,1.515006,1.329523,1.017908,1.329523,1.017908,0.250000,1.000000,1.000000
29880.000000,1.329583,1.013098,0.005995,-0.481002,0.000000,3.000000,0.000000,4.000000,0.000000,0.328406,0.492543,-0.492481,0.007810,-0.694416,0.000000,0.000000,0.000000,65535.000000,1.342931,1.515006,1.329583,1.013098,1.329583,1.013098,0.250000,1.000000,1.000000
29890.000000,1.329640,1.008411,0.005695,-0.468708,0.000000,3.000000,0.000000,4.000000,0.000000,0.265153,0.481039,-0.480990,0.006863,-0.788637,0.000000,0.000000,0.000000,65535.000000,1.342931,1.515006,1.329640,1.008411,1.329640,1.008411,0.250000,1.000000,1.000000
29900.000000,1.329765,1.003734,0.012496,-0.467706,0.000000,3.000000,0.000000,4.000000,0.000000,0.265153,0.468743,-0.468701,0.006282,-0.782460,0.000000,0.000000,0.000000,65535.000000,1.342931,1.515006,1.329765,1.003734,1.329765,1.003734,0.250000,1.000000,1.000000
29910.000000,1.329850,0.999168,0.008456,-0.456616,0.000000,3.000000,0.000000,4.000000,0.000000,0.265153,0.467873,-0.467698,0.012818,-0.776379,0.000000,0.000000,0.000000,65535.000000,1.342931,1.515006,1.329850,0.999168,1.329850,0.999168,0.250000,1.000000,1.000000
29920.000000,1.329834,0.994807,-0.001561,-0.436070,0.000000,3.000000,0.000000,4.000000,0.000000,0.221176,0.456694,-0.456614,0.008559,-0.840930,0.000000,0.000000,0.000000,65535.000000,1.342931,1.515006,1.329834,0.994807,1.329834,0.994807,0.250000,1.000000,1.000000
29930.000000,1.329820,0.990671,-0.001406,-0.413643,0.000000,3.000000,0.000000,4.000000,0.000000,0.194638,0.436072,-0.436069,-0.001637,-0.876089,0.000000,0.000000,0.000000,65535.000000,1.342931,1.515006,1.329820,0.990671,1.329820,0.990671,0.250000,1.000000,1.000000
29940.000000,1.329821,0.986581,0.000080,-0.409030,0.000000,3.000000,0.000000,4.000000,0.000000,0.190717,0.413645,-0.413642,-0.001695,-0.874798,0.000000,0.000000,0.000000,65535.000000,1.342931,1.515006,1.329821,0.986581,1.329821,0.986581,0.250000,1.000000,1.000000
29950.000000,1.329542,0.982453,-0.027890,-0.412781,0.000000,3.000000,0.000000,4.000000,0.000000,0.445841,0.409030,-0.409030,-0.000351,-0.455958,0.000000,0.000000,0.000000,65535.000000,1.342931,1.515006,1.329542,0.982453,1.329542,0.982453,0.250000,1.000000,1.000000
29960.000000,1.329140,0.978492,-0.040189,-0.396122,0.000000,3.000000,0.000000,4.000000,0.000000,0.549055,0.413722,-0.412741,-0.028476,-0.287357,0.000000,0.000000,0.000000,65535.000000,1.342931,1.515006,1.329140,0.978492,1.329140,0.978492,0.250000,1.000000,1.000000
29970.000000,1.328848,0.974810,-0.029172,-0.368195,0.000000,3.000000,0.000000,4.000000,0.000000,0.549055,0.398155,-0.396047,-0.040920,-0.286533,0.000000,0.000000,0.000000,65535.000000,1.342931,1.515006,1.328848,0.974810,1.328848,0.974810,0.250000,1.000000,1.000000
29980.000000,1.328749,0.971247,-0.009982,-0.356250,0.000000,3.000000,0.000000,4.000000,0.000000,0.549055,0.369348,-0.368132,-0.029950,-0.285713,0.000000,0.000000,0.000000,65535.000000,1.342931,1.515006,1.328749,0.971247,1.328749,0.971247,0.250000,1.000000,1.000000
29990.000000,1.328739,0.967863,-0.000927,-0.338452,0.000000,3.000000,0.000000,4.000000,0.000000,0.296101,0.356390,-0.356226,-0.010807,-0.728358,0.000000,0.000000,0.000000,65535.000000,1.342931,1.515006,1.328739,0.967863,1.328739,0.967863,0.250000,1.000000,1.000000
30000.000000,1.328793,0.964751,0.005374,-0.311162,0.000000,3.000000,0.000000,4.000000,0.000000,0.768565,0.338453,-0.338448,-0.001811,0.086308,0.000000,0.000000,0.000000,65535.000000,1.342931,1.515006,1.328793,0.964751,1.328793,0.964751,0.250000,1.000000,1.000000
30010.000000,1.328981,0.961991,0.018794,-0.276052,0.000000,3.000000,0.000000,4.000000,0.000000,0.852646,0.311208,-0.311177,0.004403,0.300427,0.000000,0.000000,0.000000,65535.000000,1.342931,1.515006,1.328981,0.961991,1.328981,0.961991,0.250000,1.000000,1.000000
30020.000000,1.329334,0.959446,0.035290,-0.254463,0.000000,3.000000,0.000000,4.000000,0.000000,0.852646,0.276691,-0.276113,0.017867,0.299527,0.000000,0.000000,0.000000,65535.000000,1.342931,1.515006,1.329334,0.959446,1.329334,0.959446,0.250000,1.000000,1.000000
30030.000000,1.329643,0.956883,0.030943,-0.256311,0.000000,3.000000,0.000000,4.000000,0.000000,0.896479,0.256899,-0.254584,0.034406,0.298631,0.000000,0.000000,0.000000,65535.000000,1.342931,1.515006,1.329643,0.956883,1.329643,0.956883,0.250000,1.000000,1.000000
30040.000000,1.329871,0.954360,0.022755,-0.252228,0.000000,3.000000,0.000000,4.000000,0.000000,0.758718,0.258172,-0.256413,0.030086,0.028286,0.000000,0.000000,0.000000,65535.000000,1.342931,1.515006,1.329871,0.954360,1.329871,0.954360,0.250000,1.000000,1.000000
30050.000000,1.330047,0.951994,0.017608,-0.236642,0.000000,3.000000,0.000000,4.000000,0.000000,0.674990,0.253252,-0.252302,0.021919,-0.082390,0.000000,0.000000,0.000000,65535.000000,1.342931,1.515006,1.330047,0.951994,1.330047,0.951994,0.250000,1.000000,1.000000
30060.000000,1.330142,0.949769,0.009536,-0.222507,0.000000,3.000000,0.000000,4.000000,0.000000,0.642355,0.237296,-0.236693,0.016905,-0.082322,0.000000,0.000000,0.000000,65535.000000,1.342931,1.515006,1.330142,0.949769,1.330142,0.949769,0.250000,1.000000,1.000000
30070.000000,1.330161,0.947631,0.001851,-0.213830,0.000000,3.000000,0.000000,4.000000,0.000000,0.642355,0.222712,-0.222530,0.009001,-0.082254,0.000000,0.000000,0.000000,65535.000000,1.342931,1.515006,1.330161,0.947631,1.330161,0.947631,0.250000,1.000000,1.000000
30080.000000,1.330161,0.945572,0.000034,-0.205877,0.000000,3.000000,0.000000,4.000000,0.000000,0.342182,0.213838,-0.213833,0.001391,-0.522387,0.000000,0.000000,0.000000,65535.000000,1.342931,1.515006,1.330161,0.945572,1.330161,0.945572,0.250000,1.000000,1.000000
30090.000000,1.330117,0.943634,-0.004457,-0.193812,0.000000,3.000000,0.000000,4.000000,0.000000,0.220763,0.205877,-0.205877,-0.000525,-1.000922,0.000000,0.000000,0.000000,65535.000000,1.342931,1.515006,1.330117,0.943634,1.330117,0.943634,0.250000,1.000000,1.000000
30100.000000,1.330086,0.941783,-0.003064,-0.185083,0.000000,3.000000,0.000000,4.000000,0.000000,0.225430,0.193863,-0.193795,-0.005147,-0.853345,0.000000,0.000000,0.000000,65535.000000,1.342931,1.515006,1.330086,0.941783,1.330086,0.941783,0.250000,1.000000,1.000000
30110.000000,1.330112,0.940032,0.002568,-0.175120,0.000000,3.000000,0.000000,4.000000,0.000000,0.225430,0.185108,-0.185068,-0.003850,-0.846118,0.000000,0.000000,0.000000,65535.000000,1.342931,1.515006,1.330112,0.940032,1.330112,0.940032,0.250000,1.000000,1.000000
30120.000000,1.330123,0.938361,0.001105,-0.167062,0.000000,3.000000,0.000000,4.000000,0.000000,0.169684,0.175139,-0.175130,0.001772,-0.839011,0.000000,0.000000,0.000000,65535.000000,1.342931,1.515006,1.330123,0.938361,1.330123,0.938361,0.250000,1.000000,1.000000
30130.000000,1.330131,0.936812,0.000833,-0.154915,0.000000,3.000000,0.000000,4.000000,0.000000,0.139584,0.167066,-0.167065,0.000399,-0.956988,0.000000,0.000000,0.000000,65535.000000,1.342931,1.515006,1.330131,0.936812,1.330131,0.936812,0.250000,1.000000,1.000000
30140.000000,1.330172,0.935410,0.004121,-0.140247,0.000000,3.000000,0.000000,4.000000,0.000000,0.126017,0.154917,-0.154917,0.000245,-0.947908,0.000000,0.000000,0.000000,65535.000000,1.342931,1.515006,1.330172,0.935410,1.330172,0.935410,0.250000,1.000000,1.000000
30150.000000,1.330186,0.934156,0.001332,-0.125370,0.000000,3.000000,0.000000,4.000000,0.000000,0.205329,0.140308,-0.140262,0.003597,-0.899722,0.000000,0.000000,0.000000,65535.000000,1.342931,1.515006,1.330186,0.934156,1.330186,0.934156,0.250000,1.000000,1.000000
30160.000000,1.330209,0.933033,0.002320,-0.112301,0.000000,3.000000,0.000000,4.000000,0.000000,0.205329,0.125378,-0.125375,0.000830,-0.881824,0.000000,0.000000,0.000000,65535.000000,1.342931,1.515006,1.330209,0.933033,1.330209,0.933033,0.250000,1.000000,1.000000
30170.000000,1.330224,0.932029,0.001499,-0.100357,0.000000,3.000000,0.000000,4.000000,0.000000,0.205329,0.112325,-0.112309,0.001888,-0.874108,0.000000,0.000000,0.000000,65535.000000,1.342931,1.515006,1.330224,0.932029,1.330224,0.932029,0.250000,1.000000,1.000000
30180.000000,1.330199,0.931145,-0.002485,-0.088453,0.000000,3.000000,0.000000,4.000000,0.000000,0.117746,0.100368,-0.100361,0.001159,-1.039831,0.000000,0.000000,0.000000,65535.000000,1.342931,1.515006,1.330199,0.931145,1.330199,0.931145,0.250000,1.000000,1.000000
30190.000000,1.330205,0.930360,0.000601,-0.078511,0.000000,3.000000,0.000000,4.000000,0.000000,0.075917,0.088488,-0.088445,-0.002735,-1.065363,0.000000,0.000000,0.000000,65535.000000,1.342931,1.515006,1.330205,0.930360,1.330205,0.930360,0.250000,1.000000,1.000000
30200.000000,1.330251,0.929681,0.004608,-0.067818,0.000000,3.000000,0.000000,4.000000,0.000000,0.105311,0.078513,-0.078512,0.000389,-0.951017,0.000000,0.000000,0.000000,65535.000000,1.342931,1.515006,1.330251,0.929681,1.330251,0.929681,0.250000,1.000000,1.000000
30210.000000,1.330287,0.929115,0.003614,-0.056683,0.000000,3.000000,0.000000,4.000000,0.000000,0.105311,0.067975,-0.067834,0.004374,-0.942049,0.000000,0.000000,0.000000,65535.000000,1.342931,1.515006,1.330287,0.929115,1.330287,0.929115,0.250000,1.000000,1.000000
30220.000000,1.330331,0.928655,0.004335,-0.045916,0.000000,3.000000,0.000000,4.000000,0.000000,0.134323,0.056798,-0.056697,0.003375,-0.933249,0.000000,0.000000,0.000000,65535.000000,1.342931,1.515006,1.330331,0.928655,1.330331,0.928655,0.250000,1.000000,1.000000
30230.000000,1.330399,0.928295,0.006805,-0.036031,0.000000,3.000000,0.000000,4.000000,0.000000,0.154107,0.046120,-0.045934,0.004140,-0.909901,0.000000,0.000000,0.000000,65535.000000,1.342931,1.515006,1.330399,0.928295,1.330399,0.928295,0.250000,1.000000,1.000000
30240.000000,1.330455,0.927995,0.005566,-0.029972,0.000000,3.000000,0.000000,4.000000,0.000000,0.154107,0.036668,-0.036054,0.006678,-0.901688,0.000000,0.000000,0.000000,65535.000000,1.342931,1.515006,1.330455,0.927995,1.330455,0.927995,0.250000,1.000000,1.000000
30250.000000,1.330455,0.927995,0.000000,0.000000,0.000000,3.000000,0.000000,4.000000,0.000000,0.137685,0.030485,-0.029988,0.005479,-0.932108,0.000000,0.000000,0.000000,65535.000000,1.342931,1.515006,1.330455,0.927995,1.330455,0.927995,0.250000,1.000000,1.000000
30260.000000,1.330455,0.927995,0.000000,0.000000,0.000000,3.000000,0.000000,4.000000,0.000000,0.121038,0.022060,-0.021684,0.004053,-0.923491,0.000000,0.000000,0.000000,65535.000000,1.342931,1.515006,1.330455,0.927995,1.330455,0.927995,0.250000,1.000000,1.000000
30270.000000,1.330455,0.927995,0.000000,0.000000,0.000000,3.000000,0.000000,4.000000,0.000000,0.089685,0.014325,-0.013968,0.003178,-0.972802,0.000000,0.000000,0.000000,65535.000000,1.342931,1.515006,1.330455,0.927995,1.330455,0.927995,0.250000,1.000000,1.000000
30280.000000,1.330455,0.927995,0.000000,0.000000,0.000000,3.000000,0.000000,4.000000,0.000000,0.089637,0.007525,-0.007268,0.001951,-0.964502,0.000000,0.000000,0.000000,65535.000000,1.342931,1.515006,1.330455,0.927995,1.330455,0.927995,0.250000,1.000000,1.000000
30290.000000,1.330455,0.927995,0.000000,0.000000,0.000000,3.000000,0.000000,4.000000,0.000000,0.062916,0.003132,-0.002500,0.001887,-1.035965,0.000000,0.000000,0.000000,65535.000000,1.342931,1.515006,1.330455,0.927995,1.330455,0.927995,0.250000,1.000000,1.000000
30300.000000,1.330455,0.927995,0.000000,0.000000,0.000000,3.000000,0.000000,4.000000,0.000000,0.050113,0.001585,0.001082,0.001159,-1.025333,0.000000,0.000000,0.000000,65535.000000,1.342931,1.515006,1.330455,0.927995,1.330455,0.927995,0.250000,1.000000,1.000000
30310.000000,1.330455,0.927995,0.000000,0.000000,0.000000,3.000000,0.000000,4.000000,0.000000,0.050113,0.004177,0.003936,0.001401,-1.014916,0.000000,0.000000,0.000000,65535.000000,1.342931,1.515006,1.330455,0.927995,1.330455,0.927995,0.250000,1.000000,1.000000
30320.000000,1.330455,0.927995,0.000000,0.000000,0.000000,3.000000,0.000000,4.000000,0.000000,0.035842,0.006998,0.006996,0.000171,-1.027964,0.000000,0.000000,0.000000,65535.000000,1.342931,1.515006,1.330455,0.927995,1.330455,0.927995,0.250000,1.000000,1.000000
30330.000000,1.330455,0.927995,0.000000,0.000000,0.000000,3.000000,0.000000,4.000000,0.000000,0.035609,0.008911,0.008875,0.000794,-1.021684,0.000000,0.000000,0.000000,65535.000000,1.342931,1.515006,1.330455,0.927995,1.330455,0.927995,0.250000,1.000000,1.000000
30340.000000,1.330455,0.927995,0.000000,0.000000,0.000000,3.000000,0.000000,4.000000,0.000000,0.035419,0.010098,0.010029,0.001177,-1.011433,0.000000,0.000000,0.000000,65535.000000,1.342931,1.515006,1.330455,0.927995,1.330455,0.927995,0.250000,1.000000,1.000000
30350.000000,1.330455,0.927995,0.000000,0.000000,0.000000,3.000000,0.000000,4.000000,0.000000,0.027462,0.010109,0.010083,0.000723,-1.014898,0.000000,0.000000,0.000000,65535.000000,1.342931,1.515006,1.330455,0.927995,1.330455,0.927995,0.250000,1.000000,1.000000
30360.000000,1.330455,0.927995,0.000000,0.000000,0.000000,3.000000,0.000000,4.000000,0.000000,0.027462,0.009530,0.009462,0.001133,-1.000609,0.000000,0.000000,0.000000,65535.000000,1.342931,1.515006,1.330455,0.927995,1.330455,0.927995,0.250000,1.000000,1.000000
30370.000000,1.330455,0.927995,0.000000,0.000000,0.000000,3.000000,0.000000,4.000000,0.000000,0.025214,0.009186,0.009081,0.001385,-0.990686,0.000000,0.000000,0.000000,65535.000000,1.342931,1.515006,1.330455,0.927995,1.330455,0.927995,0.250000,1.000000,1.000000
30380.000000,1.330455,0.927995,0.000000,0.000000,0.000000,3.000000,0.000000,4.000000,0.000000,0.018785,0.008210,0.008193,-0.000528,-0.982185,0.000000,0.000000,0.000000,65535.000000,1.342931,1.515006,1.330455,0.927995,1.330455,0.927995,0.250000,1.000000,1.000000
30390.000000,1.330455,0.927995,0.000000,0.000000,0.000000,3.000000,0.000000,4.000000,0.000000,0.017673,0.007003,0.006993,0.000365,-0.972623,0.000000,0.000000,0.000000,65535.000000,1.342931,1.515006,1.330455,0.927995,1.330455,0.927995,0.250000,1.000000,1.000000
30400.000000,1.330455,0.927995,0.000000,0.000000,0.000000,3.000000,0.000000,4.000000,0.000000,0.017673,0.005607,0.005602,0.000224,-0.969115,0.000000,0.000000,0.000000,65535.000000,1.342931,1.515006,1.330455,0.927995,1.330455,0.927995,0.250000,1.000000,1.000000
30410.000000,1.330455,0.927995,0.000000,0.000000,0.000000,3.000000,0.000000,4.000000,0.000000,0.016590,0.004750,0.004748,0.000138,-0.961459,0.000000,0.000000,0.000000,65535.000000,1.342931,1.515006,1.330455,0.927995,1.330455,0.927995,0.250000,1.000000,1.000000
30420.000000,1.330455,0.927995,0.000000,0.000000,0.000000,3.000000,0.000000,4.000000,0.000000,0.016590,0.002917,0.002915,0.000084,-0.948842,0.000000,0.000000,0.000000,65535.000000,1.342931,1.515006,1.330455,0.927995,1.330455,0.927995,0.250000,1.000000,1.000000
30430.000000,1.330455,0.927995,0.000000,0.000000,0.000000,3.000000,0.000000,4.000000,0.000000,0.016361,0.001791,0.001790,0.000052,-0.939915,0.000000,0.000000,0.000000,65535.000000,1.342931,1.515006,1.330455,0.927995,1.330455,0.927995,0.250000,1.000000,1.000000
30440.000000,1.330455,0.927995,0.000000,0.000000,0.000000,3.000000,0.000000,4.000000,0.000000,0.016361,0.001100,0.001099,0.000032,-0.933512,0.000000,0.000000,0.000000,65535.000000,1.342931,1.515006,1.330455,0.927995,1.330455,0.927995,0.250000,1.000000,1.000000
30450.000000,1.330455,0.927995,0.000000,0.000000,0.000000,3.000000,0.000000,4.000000,0.000000,0.016183,0.001499,-0.000634,-0.001359,-0.924870,0.000000,0.000000,0.000000,65535.000000,1.342931,1.515006,1.330455,0.927995,1.330455,0.927995,0.250000,1.000000,1.000000
30460.000000,1.330455,0.927995,0.000000,0.000000,0.000000,3.000000,0.000000,4.000000,0.000000,0.012348,0.001053,-0.001043,-0.000145,-0.916564,0.000000,0.000000,0.000000,65535.000000,1.342931,1.515006,1.330455,0.927995,1.330455,0.927995,0.250000,1.000000,1.000000
30470.000000,1.330455,0.927995,0.000000,0.000000,0.000000,3.000000,0.000000,4.000000,0.000000,0.035549,0.001613,0.000668,-0.001468,-0.838821,0.000000,0.000000,0.000000,65535.000000,1.342931,1.515006,1.330455,0.927995,1.330455,0.927995,0.250000,1.000000,1.000000
30480.000000,1.330455,0.927995,0.000000,0.000000,0.000000,3.000000,0.000000,4.000000,0.000000,0.038339,0.002855,0.001719,-0.002280,-0.826539,0.000000,0.000000,0.000000,65535.000000,1.342931,1.515006,1.330455,0.927995,1.330455,0.927995,0.250000,1.000000,1.000000
30490.000000,1.330455,0.927995,0.000000,0.000000,0.000000,3.000000,0.000000,4.000000,0.000000,0.038339,0.004605,0.003672,-0.002778,-0.819757,0.000000,0.000000,0.000000,65535.000000,1.342931,1.515006,1.330455,0.927995,1.330455,0.927995,0.250000,1.000000,1.000000
30500.000000,1.330455,0.927995,0.000000,0.000000,0.000000,3.000000,0.000000,4.000000,0.000000,0.036526,0.005659,0.004217,-0.003774,-0.822246,0.000000,0.000000,0.000000,65535.000000,1.342931,1.515006,1.330455,0.927995,1.330455,0.927995,0.250000,1.000000,1.000000
30510.000000,1.330455,0.927995,0.000000,0.000000,0.000000,3.000000,0.000000,4.000000,0.000000,0.052749,0.007320,0.005861,-0.004385,-0.785629,0.000000,0.000000,0.000000,65535.000000,1.342931,1.515006,1.330455,0.927995,1.330455,0.927995,0.250000,1.000000,1.000000
30520.000000,1.330455,0.927995,0.000000,0.000000,0.000000,3.000000,0.000000,4.000000,0.000000,0.052749,0.009725,0.008832,-0.004071,-0.779499,0.000000,0.000000,0.000000,65535.000000,1.342931,1.515006,1.330455,0.927995,1.330455,0.927995,0.250000,1.000000,1.000000
30530.000000,1.330455,0.927995,0.000000,0.000000,0.000000,3.000000,0.000000,4.000000,0.000000,0.050488,0.013421,0.012620,-0.004567,-0.780720,0.000000,0.000000,0.000000,65535.000000,1.342931,1.515006,1.330455,0.927995,1.330455,0.927995,0.250000,1.000000,1.000000
30540.000000,1.330455,0.927995,0.000000,0.000000,0.000000,3.000000,0.000000,4.000000,0.000000,0.034682,0.015335,0.014291,-0.005562,-0.838953,0.000000,0.000000,0.000000,65535.000000,1.342931,1.515006,1.330455,0.927995,1.330455,0.927995,0.250000,1.000000,1.000000
30550.000000,1.330455,0.927995,0.000000,0.000000,0.000000,3.000000,0.000000,4.000000,0.000000,0.034682,0.017971,0.015971,-0.008240,-0.827642,0.000000,0.000000,0.000000,65535.000000,1.342931,1.515006,1.330455,0.927995,1.330455,0.927995,0.250000,1.000000,1.000000
30560.000000,1.330455,0.927995,0.000000,0.000000,0.000000,3.000000,0.000000,4.000000,0.000000,0.034423,0.020395,0.017003,-0.011263,-0.820842,0.000000,0.000000,0.000000,65535.000000,1.342931,1.515006,1.330455,0.927995,1.330455,0.927995,0.250000,1.000000,1.000000
30570.000000,1.330455,0.927995,0.000000,0.000000,0.000000,3.000000,0.000000,4.000000,0.000000,0.033790,0.025734,0.020253,-0.015876,-0.814152,0.000000,0.000000,0.000000,65535.000000,1.342931,1.515006,1.330455,0.927995,1.330455,0.927995,0.250000,1.000000,1.000000
30580.000000,1.330212,0.928243,-0.024272,0.024777,0.000000,3.000000,0.000000,4.000000,0.000000,0.054819,0.027134,0.020286,-0.018019,-0.741192,0.000000,0.000000,0.000000,65535.000000,1.342931,1.515006,1.330212,0.928243,1.330212,0.928243,0.250000,1.000000,1.000000
30590.000000,1.329911,0.928526,-0.030119,0.028237,0.000000,3.000000,0.000000,4.000000,0.000000,0.076751,0.034685,0.024886,-0.024160,-0.685402,0.000000,0.000000,0.000000,65535.000000,1.342931,1.515006,1.329911,0.928526,1.329911,0.928526,0.250000,1.000000,1.000000
30600.000000,1.329546,0.928829,-0.036448,0.030372,0.000000,3.000000,0.000000,4.000000,0.000000,0.076751,0.041286,0.028365,-0.029999,-0.680732,0.000000,0.000000,0.000000,65535.000000,1.342931,1.515006,1.329546,0.928829,1.329546,0.928829,0.250000,1.000000,1.000000
30610.000000,1.329088,0.929159,-0.045839,0.032996,0.000000,3.000000,0.000000,4.000000,0.000000,0.110536,0.047444,0.030501,-0.036341,-0.603054,0.000000,0.000000,0.000000,65535.000000,1.342931,1.515006,1.329088,0.929159,1.329088,0.929159,0.250000,1.000000,1.000000
30620.000000,1.328551,0.929538,-0.053675,0.037885,0.000000,3.000000,0.000000,4.000000,0.000000,0.111972,0.056480,0.033121,-0.045749,-0.599288,0.000000,0.000000,0.000000,65535.000000,1.342931,1.515006,1.328551,0.929538,1.328551,0.929538,0.250000,1.000000,1.000000
30630.000000,1.327938,0.929973,-0.061249,0.043498,0.000000,3.000000,0.000000,4.000000,0.000000,0.118561,0.065698,0.038001,-0.053593,-0.595714,0.000000,0.000000,0.000000,65535.000000,1.342931,1.515006,1.327938,0.929973,1.327938,0.929973,0.250000,1.000000,1.000000
30640.000000,1.327210,0.930455,-0.072805,0.048225,0.000000,3.000000,0.000000,4.000000,0.000000,0.044417,0.075124,0.043614,-0.061167,-0.737337,0.000000,0.000000,0.000000,65535.000000,1.342931,1.515006,1.327210,0.930455,1.327210,0.930455,0.250000,1.000000,1.000000
30650.000000,1.326432,0.930960,-0.077862,0.050430,0.000000,3.000000,0.000000,4.000000,0.000000,0.035992,0.087329,0.048369,-0.072710,-0.730107,0.000000,0.000000,0.000000,65535.000000,1.342931,1.515006,1.326432,0.930960,1.326432,0.930960,0.250000,1.000000,1.000000
30660.000000,1.325615,0.931496,-0.081710,0.053670,0.000000,3.000000,0.000000,4.000000,0.000000,0.123124,0.092767,0.050634,-0.077730,-0.518118,0.000000,0.000000,0.000000,65535.000000,1.342931,1.515006,1.325615,0.931496,1.325615,0.931496,0.250000,1.000000,1.000000
30670.000000,1.324753,0.932059,-0.086184,0.056244,0.000000,3.000000,0.000000,4.000000,0.000000,0.144422,0.097760,0.053988,-0.081501,-0.480750,0.000000,0.000000,0.000000,65535.000000,1.342931,1.515006,1.324753,0.932059,1.324753,0.932059,0.250000,1.000000,1.000000
30680.000000,1.323877,0.932624,-0.087563,0.056495,0.000000,3.000000,0.000000,4.000000,0.000000,0.144422,0.102913,0.056701,-0.085885,-0.470916,0.000000,0.000000,0.000000,65535.000000,1.342931,1.515006,1.323877,0.932624,1.323877,0.932624,0.250000,1.000000,1.000000
30690.000000,1.323021,0.933164,-0.085631,0.054056,0.000000,3.000000,0.000000,4.000000,0.000000,0.143712,0.104207,0.057058,-0.087197,-0.468707,0.000000,0.000000,0.000000,65535.000000,1.342931,1.515006,1.323021,0.933164,1.323021,0.933164,0.250000,1.000000,1.000000
30700.000000,1.322197,0.933710,-0.082361,0.054582,0.000000,3.000000,0.000000,4.000000,0.000000,0.105316,0.101266,0.054661,-0.085246,-0.546247,0.000000,0.000000,0.000000,65535.000000,1.342931,1.515006,1.322197,0.933710,1.322197,0.933710,0.250000,1.000000,1.000000
30710.000000,1.321443,0.934241,-0.075457,0.053057,0.000000,3.000000,0.000000,4.000000,0.000000,0.105316,0.098805,0.055152,-0.081981,-0.543276,0.000000,0.000000,0.000000,65535.000000,1.342931,1.515006,1.321443,0.934241,1.321443,0.934241,0.250000,1.000000,1.000000
30720.000000,1.320710,0.934756,-0.073261,0.051482,0.000000,3.000000,0.000000,4.000000,0.000000,0.052351,0.092243,0.053490,-0.075150,-0.683754,0.000000,0.000000,0.000000,65535.000000,1.342931,1.515006,1.320710,0.934756,1.320710,0.934756,0.250000,1.000000,1.000000
30730.000000,1.320039,0.935241,-0.067105,0.048535,0.000000,3.000000,0.000000,4.000000,0.000000,0.052646,0.089540,0.051816,-0.073024,-0.696259,0.000000,0.000000,0.000000,65535.000000,1.342931,1.515006,1.320039,0.935241,1.320039,0.935241,0.250000,1.000000,1.000000
30740.000000,1.319405,0.935747,-0.063378,0.050606,0.000000,3.000000,0.000000,4.000000,0.000000,0.103513,0.082817,0.048825,-0.066894,-0.552550,0.000000,0.000000,0.000000,65535.000000,1.342931,1.515006,1.319405,0.935747,1.319405,0.935747,0.250000,1.000000,1.000000
30750.000000,1.318822,0.936239,-0.058337,0.049256,0.000000,3.000000,0.000000,4.000000,0.000000,0.103513,0.081103,0.050914,-0.063130,-0.543770,0.000000,0.000000,0.000000,65535.000000,1.342931,1.515006,1.318822,0.936239,1.318822,0.936239,0.250000,1.000000,1.000000
30760.000000,1.318277,0.936731,-0.054528,0.049120,0.000000,3.000000,0.000000,4.000000,0.000000,0.103513,0.076350,0.049580,-0.058062,-0.540826,0.000000,0.000000,0.000000,65535.000000,1.342931,1.515006,1.318277,0.936731,1.318277,0.936731,0.250000,1.000000,1.000000
30770.000000,1.317796,0.937195,-0.048010,0.046471,0.000000,3.000000,0.000000,4.000000,0.000000,0.089664,0.073390,0.049415,-0.054261,-0.542768,0.000000,0.000000,0.000000,65535.000000,1.342931,1.515006,1.317796,0.937195,1.317796,0.937195,0.250000,1.000000,1.000000
30780.000000,1.317384,0.937644,-0.041242,0.044862,0.000000,3.000000,0.000000,4.000000,0.000000,0.066777,0.066817,0.046697,-0.047791,-0.619438,0.000000,0.000000,0.000000,65535.000000,1.342931,1.515006,1.317384,0.937644,1.317384,0.937644,0.250000,1.000000,1.000000
30790.000000,1.317027,0.938057,-0.035707,0.041251,0.000000,3.000000,0.000000,4.000000,0.000000,0.066217,0.060939,0.045028,-0.041062,-0.616124,0.000000,0.000000,0.000000,65535.000000,1.342931,1.515006,1.317027,0.938057,1.317027,0.938057,0.250000,1.000000,1.000000
30800.000000,1.316704,0.938473,-0.032332,0.041639,0.000000,3.000000,0.000000,4.000000,0.000000,0.062584,0.054559,0.041386,-0.035551,-0.639480,0.000000,0.000000,0.000000,65535.000000,1.342931,1.515006,1.316704,0.938473,1.316704,0.938473,0.250000,1.000000,1.000000
30810.000000,1.316422,0.938872,-0.028191,0.039920,0.000000,3.000000,0.000000,4.000000,0.000000,0.062584,0.052718,0.041767,-0.032168,-0.635412,0.000000,0.000000,0.000000,65535.000000,1.342931,1.515006,1.316422,0.938872,1.316422,0.938872,0.250000,1.000000,1.000000
30820.000000,1.316214,0.939255,-0.020805,0.038240,0.000000,3.000000,0.000000,4.000000,0.000000,0.066151,0.048870,0.040038,-0.028022,-0.631396,0.000000,0.000000,0.000000,65535.000000,1.342931,1.515006,1.316214,0.939255,1.316214,0.939255,0.250000,1.000000,1.000000
30830.000000,1.316065,0.939601,-0.014865,0.034602,0.000000,3.000000,0.000000,4.000000,0.000000,0.113912,0.043533,0.038322,-0.020652,-0.576116,0.000000,0.000000,0.000000,65535.000000,1.342931,1.515006,1.316065,0.939601,1.316065,0.939601,0.250000,1.000000,1.000000
30840.000000,1.315980,0.939937,-0.008466,0.033682,0.000000,3.000000,0.000000,4.000000,0.000000,0.114438,0.037660,0.034652,-0.014748,-0.572813,0.000000,0.000000,0.000000,65535.000000,1.342931,1.515006,1.315980,0.939937,1.315980,0.939937,0.250000,1.000000,1.000000
30850.000000,1.315942,0.940249,-0.003857,0.031152,0.000000,3.000000,0.000000,4.000000,0.000000,0.108613,0.034730,0.033707,-0.008366,-0.573441,0.000000,0.000000,0.000000,65535.000000,1.342931,1.515006,1.315942,0.940249,1.315942,0.940249,0.250000,1.000000,1.000000
30860.000000,1.315945,0.940558,0.000337,0.030912,0.000000,3.000000,0.000000,4.000000,0.000000,0.077167,0.031390,0.031164,-0.003758,-0.582478,0.000000,0.000000,0.000000,65535.000000,1.342931,1.515006,1.315945,0.940558,1.315945,0.940558,0.250000,1.000000,1.000000
30870.000000,1.315945,0.940558,0.000000,0.000000,0.000000,3.000000,0.000000,4.000000,0.000000,0.093620,0.030914,0.030911,0.000450,-0.606302,0.000000,0.000000,0.000000,65535.000000,1.342931,1.515006,1.315945,0.940558,1.315945,0.940558,0.250000,1.000000,1.000000
30880.000000,1.315945,0.940558,0.000000,0.000000,0.000000,3.000000,0.000000,4.000000,0.000000,0.077137,0.028809,0.028793,0.000965,-0.662437,0.000000,0.000000,0.000000,65535.000000,1.342931,1.515006,1.315945,0.940558,1.315945,0.940558,0.250000,1.000000,1.000000
30890.000000,1.315945,0.940558,0.000000,0.000000,0.000000,3.000000,0.000000,4.000000,0.000000,0.057015,0.028345,0.028147,0.003350,-0.666237,0.000000,0.000000,0.000000,65535.000000,1.342931,1.515006,1.315945,0.940558,1.315945,0.940558,0.250000,1.000000,1.000000
30900.000000,1.315945,0.940558,0.000000,0.000000,0.000000,3.000000,0.000000,4.000000,0.000000,0.059156,0.026690,0.025787,0.006882,-0.667566,0.000000,0.000000,0.000000,65535.000000,1.342931,1.515006,1.315945,0.940558,1.315945,0.940558,0.250000,1.000000,1.000000
30910.000000,1.315945,0.940558,0.000000,0.000000,0.000000,3.000000,0.000000,4.000000,0.000000,0.070337,0.025613,0.024993,0.005604,-0.659100,0.000000,0.000000,0.000000,65535.000000,1.342931,1.515006,1.315945,0.940558,1.315945,0.940558,0.250000,1.000000,1.000000
30920.000000,1.315945,0.940558,0.000000,0.000000,0.000000,3.000000,0.000000,4.000000,0.000000,0.061015,0.024745,0.024505,0.003441,-0.654780,0.000000,0.000000,0.000000,65535.000000,1.342931,1.515006,1.315945,0.940558,1.315945,0.940558,0.250000,1.000000,1.000000
30930.000000,1.315945,0.940558,0.000000,0.000000,0.000000,3.000000,0.000000,4.000000,0.000000,0.055944,0.023161,0.022897,0.003491,-0.613960,0.000000,0.000000,0.000000,65535.000000,1.342931,1.515006,1.315945,0.940558,1.315945,0.940558,0.250000,1.000000,1.000000
30940.000000,1.315945,0.940558,0.000000,0.000000,0.000000,3.000000,0.000000,4.000000,0.000000,0.068444,0.020000,0.019947,0.001454,-0.565878,0.000000,0.000000,0.000000,65535.000000,1.342931,1.515006,1.315945,0.940558,1.315945,0.940558,0.250000,1.000000,1.000000
30950.000000,1.315945,0.940558,0.000000,0.000000,0.000000,3.000000,0.000000,4.000000,0.000000,0.068444,0.016197,0.016173,0.000893,-0.562690,0.000000,0.000000,0.000000,65535.000000,1.342931,1.515006,1.315945,0.940558,1.315945,0.940558,0.250000,1.000000,1.000000
30960.000000,1.315945,0.940558,0.000000,0.000000,0.000000,3.000000,0.000000,4.000000,0.000000,0.061934,0.013866,0.013855,0.000548,-0.579685,0.000000,0.000000,0.000000,65535.000000,1.342931,1.515006,1.315945,0.940558,1.315945,0.940558,0.250000,1.000000,1.000000
30970.000000,1.315945,0.940558,0.000000,0.000000,0.000000,3.000000,0.000000,4.000000,0.000000,0.025422,0.011173,0.011124,-0.001042,-0.682465,0.000000,0.000000,0.000000,65535.000000,1.342931,1.515006,1.315945,0.940558,1.315945,0.940558,0.250000,1.000000,1.000000
30980.000000,1.315945,0.940558,0.000000,0.000000,0.000000,3.000000,0.000000,4.000000,0.000000,0.031086,0.010039,0.009447,-0.003397,-0.666747,0.000000,0.000000,0.000000,65535.000000,1.342931,1.515006,1.315945,0.940558,1.315945,0.940558,0.250000,1.000000,1.000000
30990.000000,1.315945,0.940558,0.000000,0.000000,0.000000,3.000000,0.000000,4.000000,0.000000,0.063552,0.010467,0.008418,-0.006221,-0.589619,0.000000,0.000000,0.000000,65535.000000,1.342931,1.515006,1.315945,0.940558,1.315945,0.940558,0.250000,1.000000,1.000000
31000.000000,1.315945,0.940558,0.000000,0.000000,0.000000,3.000000,0.000000,4.000000,0.000000,0.063552,0.010181,0.007131,-0.007266,-0.586159,0.000000,0.000000,0.000000,65535.000000,1.342931,1.515006,1.315945,0.940558,1.315945,0.940558,0.250000,1.000000,1.000000
31010.000000,1.315945,0.940558,0.000000,0.000000,0.000000,3.000000,0.000000,4.000000,0.000000,0.083789,0.010006,0.003724,-0.009287,-0.547301,0.000000,0.000000,0.000000,65535.000000,1.342931,1.515006,1.315945,0.940558,1.315945,0.940558,0.250000,1.000000,1.000000
31020.000000,1.315945,0.940558,0.000000,0.000000,0.000000,3.000000,0.000000,4.000000,0.000000,0.083789,0.010930,0.002941,-0.010527,-0.544319,0.000000,0.000000,0.000000,65535.000000,1.342931,1.515006,1.315945,0.940558,1.315945,0.940558,0.250000,1.000000,1.000000
31030.000000,1.315945,0.940558,0.000000,0.000000,0.000000,3.000000,0.000000,4.000000,0.000000,0.081164,0.014259,0.002460,-0.014046,-0.543524,0.000000,0.000000,0.000000,65535.000000,1.342931,1.515006,1.315945,0.940558,1.315945,0.940558,0.250000,1.000000,1.000000
31040.000000,1.315945,0.940558,0.000000,0.000000,0.000000,3.000000,0.000000,4.000000,0.000000,0.059504,0.016350,0.002165,-0.016206,-0.553992,0.000000,0.000000,0.000000,65535.000000,1.342931,1.515006,1.315945,0.940558,1.315945,0.940558,0.250000,1.000000,1.000000
31050.000000,1.315615,0.940623,-0.032974,0.006476,0.000000,3.000000,0.000000,4.000000,0.000000,0.072362,0.024855,0.004600,-0.024426,-0.498612,0.000000,0.000000,0.000000,65535.000000,1.342931,1.515006,1.315615,0.940623,1.315615,0.940623,0.250000,1.000000,1.000000
31060.000000,1.315102,0.940706,-0.051304,0.008281,0.000000,3.000000,0.000000,4.000000,0.000000,0.072362,0.033604,0.006750,-0.032919,-0.496135,0.000000,0.000000,0.000000,65535.000000,1.342931,1.515006,1.315102,0.940706,1.315102,0.940706,0.250000,1.000000,1.000000
31070.000000,1.314346,0.940818,-0.075674,0.011217,0.000000,3.000000,0.000000,4.000000,0.000000,0.119974,0.051967,0.008724,-0.051230,-0.353101,0.000000,0.000000,0.000000,65535.000000,1.342931,1.515006,1.314346,0.940818,1.314346,0.940818,0.250000,1.000000,1.000000
31080.000000,1.313253,0.941005,-0.109305,0.018713,0.000000,3.000000,0.000000,4.000000,0.000000,0.131508,0.076501,0.011899,-0.075569,-0.326756,0.000000,0.000000,0.000000,65535.000000,1.342931,1.515006,1.313253,0.941005,1.313253,0.941005,0.250000,1.000000,1.000000
31090.000000,1.311753,0.941295,-0.149991,0.029054,0.000000,3.000000,0.000000,4.000000,0.000000,0.174539,0.110895,0.019737,-0.109125,-0.124886,0.000000,0.000000,0.000000,65535.000000,1.342931,1.515006,1.311753,0.941295,1.311753,0.941295,0.250000,1.000000,1.000000
31100.000000,1.309775,0.941680,-0.197740,0.038507,0.000000,3.000000,0.000000,4.000000,0.000000,0.199984,0.152779,0.030437,-0.149717,-0.018255,0.000000,0.000000,0.000000,65535.000000,1.342931,1.515006,1.309775,0.941680,1.309775,0.941680,0.250000,1.000000,1.000000
31110.000000,1.307888,0.941558,-0.188773,-0.012220,0.000000,3.000000,0.000000,4.000000,0.000000,0.199984,0.201454,0.040278,-0.197387,-0.018252,0.000000,0.000000,0.000000,65535.000000,1.342931,1.515006,1.307888,0.941558,1.307888,0.941558,0.250000,1.000000,1.000000
31120.000000,1.305599,0.941377,-0.228829,-0.018091,0.000000,3.000000,0.000000,4.000000,0.000000,0.194797,0.241355,0.045666,-0.236996,-0.052898,0.000000,0.000000,0.000000,65535.000000,1.342931,1.515006,1.305599,0.941377,1.305599,0.941377,0.250000,1.000000,1.000000
31130.000000,1.302873,0.941141,-0.272672,-0.023601,0.000000,3.000000,0.000000,4.000000,0.000000,0.204931,0.277774,0.043087,-0.274412,-0.264009,0.000000,0.000000,0.000000,65535.000000,1.342931,1.515006,1.302873,0.941141,1.302873,0.941141,0.250000,1.000000,1.000000
31140.000000,1.299613,0.940994,-0.325942,-0.014752,0.000000,3.000000,0.000000,4.000000,0.000000,0.204931,0.302737,0.027109,-0.301521,-0.114842,0.000000,0.000000,0.000000,65535.000000,1.342931,1.515006,1.299613,0.940994,1.299613,0.940994,0.250000,1.000000,1.000000
31150.000000,1.295950,0.940964,-0.366316,-0.002947,0.000000,3.000000,0.000000,4.000000,0.000000,0.331759,0.341917,0.014682,-0.341602,0.332259,0.000000,0.000000,0.000000,65535.000000,1.342931,1.515006,1.295950,0.940964,1.295950,0.940964,0.250000,1.000000,1.000000
31160.000000,1.292032,0.940986,-0.391810,0.002142,0.000000,3.000000,0.000000,4.000000,0.000000,0.380995,0.376773,0.012940,-0.376551,0.701702,0.000000,0.000000,0.000000,65535.000000,1.342931,1.515006,1.292032,0.940986,1.292032,0.940986,0.250000,1.000000,1.000000
31170.000000,1.288179,0.940970,-0.385285,-0.001611,0.000000,3.000000,0.000000,4.000000,0.000000,0.389708,0.400415,0.016451,-0.400077,0.734223,0.000000,0.000000,0.000000,65535.000000,1.342931,1.515006,1.288179,0.940970,1.288179,0.940970,0.250000,1.000000,1.000000
31180.000000,1.284226,0.940917,-0.395274,-0.005276,0.000000,3.000000,0.000000,4.000000,0.000000,0.389708,0.405499,0.022531,-0.404872,0.728866,0.000000,0.000000,0.000000,65535.000000,1.342931,1.515006,1.284226,0.940917,1.284226,0.940917,0.250000,1.000000,1.000000
31190.000000,1.280187,0.940836,-0.403942,-0.008052,0.000000,3.000000,0.000000,4.000000,0.000000,0.239193,0.427449,0.029536,-0.426427,0.107518,0.000000,0.000000,0.000000,65535.000000,1.342931,1.515006,1.280187,0.940836,1.280187,0.940836,0.250000,1.000000,1.000000
31200.000000,1.276122,0.940744,-0.406506,-0.009206,0.000000,3.000000,0.000000,4.000000,0.000000,0.281775,0.438019,0.031220,-0.436905,0.119183,0.000000,0.000000,0.000000,65535.000000,1.342931,1.515006,1.276122,0.940744,1.276122,0.940744,0.250000,1.000000,1.000000
31210.000000,1.272082,0.940657,-0.403962,-0.008747,0.000000,3.000000,0.000000,4.000000,0.000000,0.457605,0.433723,0.025057,-0.432999,0.425556,0.000000,0.000000,0.000000,65535.000000,1.342931,1.515006,1.272082,0.940657,1.272082,0.940657,0.250000,1.000000,1.000000
31220.000000,1.268131,0.940513,-0.395099,-0.014355,0.000000,3.000000,0.000000,4.000000,0.000000,0.457605,0.414167,0.009497,-0.414058,0.523378,0.000000,0.000000,0.000000,65535.000000,1.342931,1.515006,1.268131,0.940513,1.268131,0.940513,0.250000,1.000000,1.000000
31230.000000,1.264368,0.940289,-0.376280,-0.022412,0.000000,3.000000,0.000000,4.000000,0.000000,0.648919,0.395614,-0.007908,-0.395535,0.770806,0.000000,0.000000,0.000000,65535.000000,1.342931,1.515006,1.264368,0.940289,1.264368,0.940289,0.250000,1.000000,1.000000
31240.000000,1.260707,0.940149,-0.366159,-0.014037,0.000000,3.000000,0.000000,4.000000,0.000000,0.648919,0.376947,-0.016632,-0.376580,0.764904,0.000000,0.000000,0.000000,65535.000000,1.342931,1.515006,1.260707,0.940149,1.260707,0.940149,0.250000,1.000000,1.000000
31250.000000,1.257169,0.940081,-0.353759,-0.006792,0.000000,3.000000,0.000000,4.000000,0.000000,0.633231,0.366428,-0.008903,-0.366320,0.738528,0.000000,0.000000,0.000000,65535.000000,1.342931,1.515006,1.257169,0.940081,1.257169,0.940081,0.250000,1.000000,1.000000
31260.000000,1.253647,0.939986,-0.352254,-0.009539,0.000000,3.000000,0.000000,4.000000,0.000000,0.514310,0.353824,-0.002196,-0.353817,0.433324,0.000000,0.000000,0.000000,65535.000000,1.342931,1.515006,1.253647,0.939986,1.253647,0.939986,0.250000,1.000000,1.000000
31270.000000,1.250209,0.939869,-0.343747,-0.011690,0.000000,3.000000,0.000000,4.000000,0.000000,0.561686,0.352383,-0.005273,-0.352344,0.545461,0.000000,0.000000,0.000000,65535.000000,1.342931,1.515006,1.250209,0.939869,1.250209,0.939869,0.250000,1.000000,1.000000
31280.000000,1.246961,0.939802,-0.324804,-0.006659,0.000000,3.000000,0.000000,4.000000,0.000000,0.561686,0.343946,-0.007818,-0.343857,0.542498,0.000000,0.000000,0.000000,65535.000000,1.342931,1.515006,1.246961,0.939802,1.246961,0.939802,0.250000,1.000000,1.000000
31290.000000,1.243898,0.939765,-0.306281,-0.003733,0.000000,3.000000,0.000000,4.000000,0.000000,0.553633,0.324873,-0.002837,-0.324860,0.407804,0.000000,0.000000,0.000000,65535.000000,1.342931,1.515006,1.243898,0.939765,1.243898,0.939765,0.250000,1.000000,1.000000
31300.000000,1.240895,0.939694,-0.300357,-0.007091,0.000000,3.000000,0.000000,4.000000,0.000000,0.277431,0.306304,0.000221,-0.306304,-0.193068,0.000000,0.000000,0.000000,65535.000000,1.342931,1.515006,1.240895,0.939694,1.240895,0.939694,0.250000,1.000000,1.000000
31310.000000,1.237948,0.939599,-0.294651,-0.009510,0.000000,3.000000,0.000000,4.000000,0.000000,0.312955,0.300440,-0.003136,-0.300424,-0.098060,0.000000,0.000000,0.000000,65535.000000,1.342931,1.515006,1.237948,0.939599,1.237948,0.939599,0.250000,1.000000,1.000000
31320.000000,1.235119,0.939545,-0.282947,-0.005369,0.000000,3.000000,0.000000,4.000000,0.000000,0.349334,0.294804,-0.005851,-0.294746,-0.002366,0.000000,0.000000,0.000000,65535.000000,1.342931,1.515006,1.235119,0.939545,1.235119,0.939545,0.250000,1.000000,1.000000
31330.000000,1.232471,0.939545,-0.264753,0.000045,0.000000,3.000000,0.000000,4.000000,0.000000,0.349334,0.282998,-0.002284,-0.282988,-0.002366,0.000000,0.000000,0.000000,65535.000000,1.342931,1.515006,1.232471,0.939545,1.232471,0.939545,0.250000,1.000000,1.000000
31340.000000,1.229785,0.939421,-0.268609,-0.012406,0.000000,3.000000,0.000000,4.000000,0.000000,0.353013,0.264753,0.002523,-0.264741,0.086890,0.000000,0.000000,0.000000,65535.000000,1.342931,1.515006,1.229785,0.939421,1.229785,0.939421,0.250000,1.000000,1.000000
31350.000000,1.227069,0.939110,-0.271598,-0.031193,0.000000,3.000000,0.000000,4.000000,0.000000,0.341865,0.268895,-0.010227,-0.268701,0.086815,0.000000,0.000000,0.000000,65535.000000,1.342931,1.515006,1.227069,0.939110,1.227069,0.939110,0.250000,1.000000,1.000000
31360.000000,1.224555,0.938825,-0.251459,-0.028453,0.000000,3.000000,0.000000,4.000000,0.000000,0.401460,0.273383,-0.029178,-0.271822,0.494774,0.000000,0.000000,0.000000,65535.000000,1.342931,1.515006,1.224555,0.938825,1.224555,0.938825,0.250000,1.000000,1.000000
31370.000000,1.222363,0.938616,-0.219134,-0.020944,0.000000,3.000000,0.000000,4.000000,0.000000,0.428501,0.253063,-0.026420,-0.251681,0.492335,0.000000,0.000000,0.000000,65535.000000,1.342931,1.515006,1.222363,0.938616,1.222363,0.938616,0.250000,1.000000,1.000000
31380.000000,1.220343,0.938451,-0.202047,-0.016410,0.000000,3.000000,0.000000,4.000000,0.000000,0.428501,0.220132,-0.018839,-0.219325,0.439921,0.000000,0.000000,0.000000,65535.000000,1.342931,1.515006,1.220343,0.938451,1.220343,0.938451,0.250000,1.000000,1.000000
31390.000000,1.218482,0.938316,-0.186050,-0.013515,0.000000,3.000000,0.000000,4.000000,0.000000,0.237648,0.202712,-0.014184,-0.202215,-0.330001,0.000000,0.000000,0.000000,65535.000000,1.342931,1.515006,1.218482,0.938316,1.218482,0.938316,0.250000,1.000000,1.000000
31400.000000,1.216748,0.938188,-0.173470,-0.012825,0.000000,3.000000,0.000000,4.000000,0.000000,0.198612,0.186540,-0.011326,-0.186196,-0.437410,0.000000,0.000000,0.000000,65535.000000,1.342931,1.515006,1.216748,0.938188,1.216748,0.938188,0.250000,1.000000,1.000000
31410.000000,1.215180,0.938060,-0.156794,-0.012773,0.000000,3.000000,0.000000,4.000000,0.000000,0.198612,0.173943,-0.010880,-0.173603,-0.435504,0.000000,0.000000,0.000000,65535.000000,1.342931,1.515006,1.215180,0.938060,1.215180,0.938060,0.250000,1.000000,1.000000
31420.000000,1.213769,0.937947,-0.141057,-0.011358,0.000000,3.000000,0.000000,4.000000,0.000000,0.174956,0.157314,-0.011260,-0.156910,-0.500694,0.000000,0.000000,0.000000,65535.000000,1.342931,1.515006,1.213769,0.937947,1.213769,0.937947,0.250000,1.000000,1.000000
31430.000000,1.212510,0.937842,-0.125882,-0.010418,0.000000,3.000000,0.000000,4.000000,0.000000,0.202060,0.141513,-0.010185,-0.141146,-0.627204,0.000000,0.000000,0.000000,65535.000000,1.342931,1.515006,1.212510,0.937842,1.212510,0.937842,0.250000,1.000000,1.000000
31440.000000,1.211351,0.937738,-0.115875,-0.010468,0.000000,3.000000,0.000000,4.000000,0.000000,0.164921,0.126313,-0.009525,-0.125953,-0.623291,0.000000,0.000000,0.000000,65535.000000,1.342931,1.515006,1.211351,0.937738,1.211351,0.937738,0.250000,1.000000,1.000000
31450.000000,1.210399,0.937641,-0.095267,-0.009694,0.000000,3.000000,0.000000,4.000000,0.000000,0.148336,0.116346,-0.009774,-0.115935,-0.561148,0.000000,0.000000,0.000000,65535.000000,1.342931,1.515006,1.210399,0.937641,1.210399,0.937641,0.250000,1.000000,1.000000
31460.000000,1.209676,0.937595,-0.072292,-0.004598,0.000000,3.000000,0.000000,4.000000,0.000000,0.144948,0.095759,-0.009272,-0.095309,-0.558013,0.000000,0.000000,0.000000,65535.000000,1.342931,1.515006,1.209676,0.937595,1.209676,0.937595,0.250000,1.000000,1.000000
31470.000000,1.209156,0.937639,-0.051987,0.004398,0.000000,3.000000,0.000000,4.000000,0.000000,0.128825,0.072438,-0.004385,-0.072306,-0.611308,0.000000,0.000000,0.000000,65535.000000,1.342931,1.515006,1.209156,0.937639,1.209156,0.937639,0.250000,1.000000,1.000000
31480.000000,1.208781,0.937705,-0.037441,0.006624,0.000000,3.000000,0.000000,4.000000,0.000000,0.080371,0.052173,0.004504,-0.051978,-0.742068,0.000000,0.000000,0.000000,65535.000000,1.342931,1.515006,1.208781,0.937705,1.208781,0.937705,0.250000,1.000000,1.000000
31490.000000,1.208781,0.937705,0.000000,0.000000,0.000000,3.000000,0.000000,4.000000,0.000000,0.080371,0.038022,0.006691,-0.037429,-0.695062,0.000000,0.000000,0.000000,65535.000000,1.342931,1.515006,1.208781,0.937705,1.208781,0.937705,0.250000,1.000000,1.000000
31500.000000,1.208781,0.937705,0.000000,0.000000,0.000000,3.000000,0.000000,4.000000,0.000000,0.077124,0.029264,0.002146,-0.029185,-0.669401,0.000000,0.000000,0.000000,65535.000000,1.342931,1.515006,1.208781,0.937705,1.208781,0.937705,0.250000,1.000000,1.000000
31510.000000,1.208781,0.937705,0.000000,0.000000,0.000000,3.000000,0.000000,4.000000,0.000000,0.077124,0.026707,-0.005225,-0.026191,-0.664945,0.000000,0.000000,0.000000,65535.000000,1.342931,1.515006,1.208781,0.937705,1.208781,0.937705,0.250000,1.000000,1.000000
31520.000000,1.208781,0.937705,0.000000,0.000000,0.000000,3.000000,0.000000,4.000000,0.000000,0.106563,0.024594,-0.010405,-0.022285,-0.488747,0.000000,0.000000,0.000000,65535.000000,1.342931,1.515006,1.208781,0.937705,1.208781,0.937705,0.250000,1.000000,1.000000
31530.000000,1.208781,0.937705,0.000000,0.000000,0.000000,3.000000,0.000000,4.000000,0.000000,0.106563,0.020133,-0.011622,-0.016440,-0.486368,0.000000,0.000000,0.000000,65535.000000,1.342931,1.515006,1.208781,0.937705,1.208781,0.937705,0.250000,1.000000,1.000000
31540.000000,1.208781,0.937705,0.000000,0.000000,0.000000,3.000000,0.000000,4.000000,0.000000,0.103780,0.014036,-0.009753,-0.010094,-0.493076,0.000000,0.000000,0.000000,65535.000000,1.342931,1.515006,1.208781,0.937705,1.208781,0.937705,0.250000,1.000000,1.000000
31550.000000,1.208781,0.937705,0.000000,0.000000,0.000000,3.000000,0.000000,4.000000,0.000000,0.050257,0.010774,-0.009260,-0.005509,-0.810928,0.000000,0.000000,0.000000,65535.000000,1.342931,1.515006,1.208781,0.937705,1.208781,0.937705,0.250000,1.000000,1.000000
31560.000000,1.208781,0.937705,0.000000,0.000000,0.000000,3.000000,0.000000,4.000000,0.000000,0.041684,0.008541,-0.008302,-0.002004,-0.815210,0.000000,0.000000,0.000000,65535.000000,1.342931,1.515006,1.208781,0.937705,1.208781,0.937705,0.250000,1.000000,1.000000
31570.000000,1.208781,0.937705,0.000000,0.000000,0.000000,3.000000,0.000000,4.000000,0.000000,0.039667,0.007812,-0.007715,-0.001230,-0.773982,0.000000,0.000000,0.000000,65535.000000,1.342931,1.515006,1.208781,0.937705,1.208781,0.937705,0.250000,1.000000,1.000000
31580.000000,1.208781,0.937705,0.000000,0.000000,0.000000,3.000000,0.000000,4.000000,0.000000,0.051543,0.004797,-0.004737,-0.000755,-0.748496,0.000000,0.000000,0.000000,65535.000000,1.342931,1.515006,1.208781,0.937705,1.208781,0.937705,0.250000,1.000000,1.000000
31590.000000,1.208781,0.937705,0.000000,0.000000,0.000000,3.000000,0.000000,4.000000,0.000000,0.051543,0.003049,-0.002908,0.000915,-0.742929,0.000000,0.000000,0.000000,65535.000000,1.342931,1.515006,1.208781,0.937705,1.208781,0.937705,0.250000,1.000000,1.000000
31600.000000,1.208781,0.937705,0.000000,0.000000,0.000000,3.000000,0.000000,4.000000,0.000000,0.050927,0.001872,-0.001786,0.000562,-0.772530,0.000000,0.000000,0.000000,65535.000000,1.342931,1.515006,1.208781,0.937705,1.208781,0.937705,0.250000,1.000000,1.000000
31610.000000,1.208781,0.937705,0.000000,0.000000,0.000000,3.000000,0.000000,4.000000,0.000000,0.030516,0.001349,0.000866,0.001034,-0.843541,0.000000,0.000000,0.000000,65535.000000,1.342931,1.515006,1.208781,0.937705,1.208781,0.937705,0.250000,1.000000,1.000000
31620.000000,1.208781,0.937705,0.000000,0.000000,0.000000,3.000000,0.000000,4.000000,0.000000,0.034635,0.001778,0.001186,0.001324,-0.832966,0.000000,0.000000,0.000000,65535.000000,1.342931,1.515006,1.208781,0.937705,1.208781,0.937705,0.250000,1.000000,1.000000
31630.000000,1.208781,0.937705,0.000000,0.000000,0.000000,3.000000,0.000000,4.000000,0.000000,0.034635,0.002042,0.001383,0.001502,-0.826078,0.000000,0.000000,0.000000,65535.000000,1.342931,1.515006,1.208781,0.937705,1.208781,0.937705,0.250000,1.000000,1.000000
31640.000000,1.208781,0.937705,0.000000,0.000000,0.000000,3.000000,0.000000,4.000000,0.000000,0.030648,0.002346,0.002157,0.000922,-0.838572,0.000000,0.000000,0.000000,65535.000000,1.342931,1.515006,1.208781,0.937705,1.208781,0.937705,0.250000,1.000000,1.000000
31650.000000,1.208781,0.937705,0.000000,0.000000,0.000000,3.000000,0.000000,4.000000,0.000000,0.015090,0.001441,0.001325,0.000566,-0.851752,0.000000,0.000000,0.000000,65535.000000,1.342931,1.515006,1.208781,0.937705,1.208781,0.937705,0.250000,1.000000,1.000000
31660.000000,1.208781,0.937705,0.000000,0.000000,0.000000,3.000000,0.000000,4.000000,0.000000,0.015090,0.000885,0.000813,0.000348,-0.845394,0.000000,0.000000,0.000000,65535.000000,1.342931,1.515006,1.208781,0.937705,1.208781,0.937705,0.250000,1.000000,1.000000
31670.000000,1.208781,0.937705,0.000000,0.000000,0.000000,3.000000,0.000000,4.000000,0.000000,0.012231,0.000543,0.000499,0.000214,-0.841257,0.000000,0.000000,0.000000,65535.000000,1.342931,1.515006,1.208781,0.937705,1.208781,0.937705,0.250000,1.000000,1.000000
31680.000000,1.208781,0.937705,0.000000,0.000000,0.000000,3.000000,0.000000,4.000000,0.000000,0.012437,0.000333,0.000307,0.000131,-0.832905,0.000000,0.000000,0.000000,65535.000000,1.342931,1.515006,1.208781,0.937705,1.208781,0.937705,0.250000,1.000000,1.000000
31690.000000,1.208781,0.937705,0.000000,0.000000,0.000000,3.000000,0.000000,4.000000,0.000000,0.016004,0.000205,0.000188,0.000080,-0.813776,0.000000,0.000000,0.000000,65535.000000,1.342931,1.515006,1.208781,0.937705,1.208781,0.937705,0.250000,1.000000,1.000000
31700.000000,1.208781,0.937705,0.000000,0.000000,0.000000,3.000000,0.000000,4.000000,0.000000,0.016004,0.000126,0.000116,0.000049,-0.807201,0.000000,0.000000,0.000000,65535.000000,1.342931,1.515006,1.208781,0.937705,1.208781,0.937705,0.250000,1.000000,1.000000
31710.000000,1.208781,0.937705,0.000000,0.000000,0.000000,3.000000,0.000000,4.000000,0.000000,0.016004,0.000077,0.000071,0.000030,-0.800731,0.000000,0.000000,0.000000,65535.000000,1.342931,1.515006,1.208781,0.937705,1.208781,0.937705,0.250000,1.000000,1.000000
31720.000000,1.208781,0.937705,0.000000,0.000000,0.000000,3.000000,0.000000,4.000000,0.000000,0.011199,0.000047,0.000044,0.000019,-0.806590,0.000000,0.000000,0.000000,65535.000000,1.342931,1.515006,1.208781,0.937705,1.208781,0.937705,0.250000,1.000000,1.000000
31730.000000,1.208781,0.937705,0.000000,0.000000,0.000000,3.000000,0.000000,4.000000,0.000000,0.011290,0.000029,0.000027,0.000011,-0.800130,0.000000,0.000000,0.000000,65535.000000,1.342931,1.515006,1.208781,0.937705,1.208781,0.937705,0.250000,1.000000,1.000000
31740.000000,1.208781,0.937705,0.000000,0.000000,0.000000,3.000000,0.000000,4.000000,0.000000,0.011519,0.000018,0.000016,0.000007,-0.793772,0.000000,0.000000,0.000000,65535.000000,1.342931,1.515006,1.208781,0.937705,1.208781,0.937705,0.250000,1.000000,1.000000
31750.000000,1.208781,0.937705,0.000000,0.000000,0.000000,3.000000,0.000000,4.000000,0.000000,0.011519,0.000011,0.000010,0.000004,-0.799209,0.000000,0.000000,0.000000,65535.000000,1.342931,1.515006,1.208781,0.937705,1.208781,0.937705,0.250000,1.000000,1.000000
31760.000000,1.208781,0.937705,0.000000,0.000000,0.000000,3.000000,0.000000,4.000000,0.000000,0.011086,0.000007,0.000006,0.000003,-0.793516,0.000000,0.000000,0.000000,65535.000000,1.342931,1.515006,1.208781,0.937705,1.208781,0.937705,0.250000,1.000000,1.000000
31770.000000,1.208781,0.937705,0.000000,0.000000,0.000000,3.000000,0.000000,4.000000,0.000000,0.009179,0.000004,0.000004,0.000002,-0.791198,0.000000,0.000000,0.000000,65535.000000,1.342931,1.515006,1.208781,0.937705,1.208781,0.937705,0.250000,1.000000,1.000000
31780.000000,1.208781,0.937705,0.000000,0.000000,0.000000,3.000000,0.000000,4.000000,0.000000,0.008911,0.000003,0.000002,0.000001,-0.785466,0.000000,0.000000,0.000000,65535.000000,1.342931,1.515006,1.208781,0.937705,1.208781,0.937705,0.250000,1.000000,1.000000
31790.000000,1.208781,0.937705,0.000000,0.000000,0.000000,3.000000,0.000000,4.000000,0.000000,0.008911,0.000002,0.000001,0.000001,-0.779253,0.000000,0.000000,0.000000,65535.000000,1.342931,1.515006,1.208781,0.937705,1.208781,0.937705,0.250000,1.000000,1.000000
31800.000000,1.208781,0.937705,0.000000,0.000000,0.000000,3.000000,0.000000,4.000000,0.000000,0.009149,0.000001,0.000001,0.000000,-0.773221,0.000000,0.000000,0.000000,65535.000000,1.342931,1.515006,1.208781,0.937705,1.208781,0.937705,0.250000,1.000000,1.000000
31810.000000,1.208781,0.937705,0.000000,0.000000,0.000000,3.000000,0.000000,4.000000,0.000000,0.010078,0.000001,0.000001,0.000000,-0.767283,0.000000,0.000000,0.000000,65535.000000,1.342931,1.515006,1.208781,0.937705,1.208781,0.937705,0.250000,1.000000,1.000000
31820.000000,1.208781,0.937705,0.000000,0.000000,0.000000,3.000000,0.000000,4.000000,0.000000,0.010078,0.000000,0.000000,0.000000,-0.759666,0.000000,0.000000,0.000000,65535.000000,1.342931,1.515006,1.208781,0.937705,1.208781,0.937705,0.250000,1.000000,1.000000
31830.000000,1.208781,0.937705,0.000000,0.000000,0.000000,3.000000,0.000000,4.000000,0.000000,0.009870,0.000000,0.000000,0.000000,-0.753933,0.000000,0.000000,0.000000,65535.000000,1.342931,1.515006,1.208781,0.937705,1.208781,0.937705,0.250000,1.000000,1.000000
31840.000000,1.208781,0.937705,0.000000,0.000000,0.000000,3.000000,0.000000,4.000000,0.000000,0.009909,0.000000,0.000000,0.000000,-0.750245,0.000000,0.000000,0.000000,65535.000000,1.342931,1.515006,1.208781,0.937705,1.208781,0.937705,0.250000,1.000000,1.000000
31850.000000,1.208781,0.937705,0.000000,0.000000,0.000000,3.000000,0.000000,4.000000,0.000000,0.009909,0.000000,0.000000,0.000000,-0.744521,0.000000,0.000000,0.000000,65535.000000,1.342931,1.515006,1.208781,0.937705,1.208781,0.937705,0.250000,1.000000,1.000000
31860.000000,1.208781,0.937705,0.000000,0.000000,0.000000,3.000000,0.000000,4.000000,0.000000,0.009711,0.000000,0.000000,0.000000,-0.739014,0.000000,0.000000,0.000000,65535.000000,1.342931,1.515006,1.208781,0.937705,1.208781,0.937705,0.250000,1.000000,1.000000
31870.000000,1.208781,0.937705,0.000000,0.000000,0.000000,3.000000,0.000000,4.000000,0.000000,0.009954,0.000000,0.000000,0.000000,-0.733587,0.000000,0.000000,0.000000,65535.000000,1.342931,1.515006,1.208781,0.937705,1.208781,0.937705,0.250000,1.000000,1.000000
31880.000000,1.208781,0.937705,0.000000,0.000000,0.000000,3.000000,0.000000,4.000000,0.000000,0.009954,0.000000,0.000000,0.000000,-0.728472,0.000000,0.000000,0.000000,65535.000000,1.342931,1.515006,1.208781,0.937705,1.208781,0.937705,0.250000,1.000000,1.000000
31890.000000,1.208781,0.937705,0.000000,0.000000,0.000000,3.000000,0.000000,4.000000,0.000000,0.009884,0.000000,0.000000,0.000000,-0.723198,0.000000,0.000000,0.000000,65535.000000,1.342931,1.515006,1.208781,0.937705,1.208781,0.937705,0.250000,1.000000,1.000000
31900.000000,1.208781,0.937705,0.000000,0.000000,0.000000,3.000000,0.000000,4.000000,0.000000,0.009174,0.000000,0.000000,0.000000,-0.718275,0.000000,0.000000,0.000000,65535.000000,1.342931,1.515006,1.208781,0.937705,1.208781,0.937705,0.250000,1.000000,1.000000
31910.000000,1.208781,0.937705,0.000000,0.000000,0.000000,3.000000,0.000000,4.000000,0.000000,0.008536,0.000000,0.000000,0.000000,-0.713780,0.000000,0.000000,0.000000,65535.000000,1.342931,1.515006,1.208781,0.937705,1.208781,0.937705,0.250000,1.000000,1.000000
31920.000000,1.208781,0.937705,0.000000,0.000000,0.000000,3.000000,0.000000,4.000000,0.000000,0.007587,0.000000,0.000000,0.000000,-0.708297,0.000000,0.000000,0.000000,65535.000000,1.342931,1.515006,1.208781,0.937705,1.208781,0.937705,0.250000,1.000000,1.000000
31930.000000,1.208781,0.937705,0.000000,0.000000,0.000000,3.000000,0.000000,4.000000,0.000000,0.006744,0.000000,0.000000,0.000000,-0.703310,0.000000,0.000000,0.000000,65535.000000,1.342931,1.515006,1.208781,0.937705,1.208781,0.937705,0.250000,1.000000,1.000000
31940.000000,1.208781,0.937705,0.000000,0.000000,0.000000,3.000000,0.000000,4.000000,0.000000,0.005995,0.000000,0.000000,0.000000,-0.698279,0.000000,0.000000,0.000000,65535.000000,1.342931,1.515006,1.208781,0.937705,1.208781,0.937705,0.250000,1.000000,1.000000
31950.000000,1.208781,0.937705,0.000000,0.000000,0.000000,3.000000,0.000000,4.000000,0.000000,0.005329,0.000000,0.000000,0.000000,-0.693432,0.000000,0.000000,0.000000,65535.000000,1.342931,1.515006,1.208781,0.937705,1.208781,0.937705,0.250000,1.000000,1.000000
31960.000000,1.208781,0.937705,0.000000,0.000000,0.000000,3.000000,0.000000,4.000000,0.000000,0.004737,0.000000,0.000000,0.000000,-0.688706,0.000000,0.000000,0.000000,65535.000000,1.342931,1.515006,1.208781,0.937705,1.208781,0.937705,0.250000,1.000000,1.000000
31970.000000,1.208781,0.937705,0.000000,0.000000,0.000000,3.000000,0.000000,4.000000,0.000000,0.009278,0.000950,0.000654,-0.000689,-0.684327,0.000000,0.000000,0.000000,65535.000000,1.342931,1.515006,1.208781,0.937705,1.208781,0.937705,0.250000,1.000000,1.000000
31980.000000,1.208781,0.937705,0.000000,0.000000,0.000000,3.000000,0.000000,4.000000,0.000000,0.004602,0.000584,0.000402,-0.000423,-0.679671,0.000000,0.000000,0.000000,65535.000000,1.342931,1.515006,1.208781,0.937705,1.208781,0.937705,0.250000,1.000000,1.000000
31990.000000,1.208781,0.937705,0.000000,0.000000,0.000000,3.000000,0.000000,4.000000,0.000000,0.003327,0.000358,0.000247,-0.000260,-0.675120,0.000000,0.000000,0.000000,65535.000000,1.342931,1.515006,1.208781,0.937705,1.208781,0.937705,0.250000,1.000000,1.000000
32000.000000,1.208781,0.937705,0.000000,0.000000,0.000000,3.000000,0.000000,4.000000,0.000000,0.002957,0.000220,0.000151,-0.000160,-0.670641,0.000000,0.000000,0.000000,65535.000000,1.342931,1.515006,1.208781,0.937705,1.208781,0.937705,0.250000,1.000000,1.000000
32010.000000,1.208781,0.937705,0.000000,0.000000,0.000000,3.000000,0.000000,4.000000,0.000000,0.003099,0.000135,0.000093,-0.000098,-0.668209,0.000000,0.000000,0.000000,65535.000000,1.342931,1.515006,1.208781,0.937705,1.208781,0.937705,0.250000,1.000000,1.000000
32020.000000,1.208781,0.937705,0.000000,0.000000,0.000000,3.000000,0.000000,4.000000,0.000000,0.003611,0.000083,0.000057,-0.000060,-0.662425,0.000000,0.000000,0.000000,65535.000000,1.342931,1.515006,1.208781,0.937705,1.208781,0.937705,0.250000,1.000000,1.000000
32030.000000,1.208781,0.937705,0.000000,0.000000,0.000000,3.000000,0.000000,4.000000,0.000000,0.003735,0.000051,0.000035,-0.000037,-0.657531,0.000000,0.000000,0.000000,65535.000000,1.342931,1.515006,1.208781,0.937705,1.208781,0.937705,0.250000,1.000000,1.000000
32040.000000,1.208781,0.937705,0.000000,0.000000,0.000000,3.000000,0.000000,4.000000,0.000000,0.003642,0.000031,0.000022,-0.000023,-0.653232,0.000000,0.000000,0.000000,65535.000000,1.342931,1.515006,1.208781,0.937705,1.208781,0.937705,0.250000,1.000000,1.000000
32050.000000,1.208781,0.937705,0.000000,0.000000,0.000000,3.000000,0.000000,4.000000,0.000000,0.003436,0.000019,0.000013,-0.000014,-0.649127,0.000000,0.000000,0.000000,65535.000000,1.342931,1.515006,1.208781,0.937705,1.208781,0.937705,0.250000,1.000000,1.000000
32060.000000,1.208781,0.937705,0.000000,0.000000,0.000000,3.000000,0.000000,4.000000,0.000000,0.003176,0.000012,0.000008,-0.000009,-0.644631,0.000000,0.000000,0.000000,65535.000000,1.342931,1.515006,1.208781,0.937705,1.208781,0.937705,0.250000,1.000000,1.000000
32070.000000,1.208781,0.937705,0.000000,0.000000,0.000000,3.000000,0.000000,4.000000,0.000000,0.002897,0.000007,0.000005,-0.000005,-0.640498,0.000000,0.000000,0.000000,65535.000000,1.342931,1.515006,1.208781,0.937705,1.208781,0.937705,0.250000,1.000000,1.000000
32080.000000,1.208781,0.937705,0.000000,0.000000,0.000000,3.000000,0.000000,4.000000,0.000000,0.002621,0.000004,0.000003,-0.000003,-0.636418,0.000000,0.000000,0.000000,65535.000000,1.342931,1.515006,1.208781,0.937705,1.208781,0.937705,0.250000,1.000000,1.000000
32090.000000,1.208781,0.937705,0.000000,0.000000,0.000000,3.000000,0.000000,4.000000,0.000000,0.002358,0.000003,0.000002,-0.000002,-0.632467,0.000000,0.000000,0.000000,65535.000000,1.342931,1.515006,1.208781,0.937705,1.208781,0.937705,0.250000,1.000000,1.000000
32100.000000,1.208781,0.937705,0.000000,0.000000,0.000000,3.000000,0.000000,4.000000,0.000000,0.002113,0.000002,0.000001,-0.000001,-0.628488,0.000000,0.000000,0.000000,65535.000000,1.342931,1.515006,1.208781,0.937705,1.208781,0.937705,0.250000,1.000000,1.000000
32110.000000,1.208781,0.937705,0.000000,0.000000,0.000000,3.000000,0.000000,4.000000,0.000000,0.001889,0.000001,0.000001,-0.000001,-0.624724,0.000000,0.000000,0.000000,65535.000000,1.342931,1.515006,1.208781,0.937705,1.208781,0.937705,0.250000,1.000000,1.000000
32120.000000,1.208781,0.937705,0.000000,0.000000,0.000000,3.000000,0.000000,4.000000,0.000000,0.001686,0.000001,0.000000,-0.000000,-0.620842,0.000000,0.000000,0.000000,65535.000000,1.342931,1.515006,1.208781,0.937705,1.208781,0.937705,0.250000,1.000000,1.000000
32130.000000,1.208781,0.937705,0.000000,0.000000,0.000000,3.000000,0.000000,4.000000,0.000000,0.001502,0.000000,0.000000,-0.000000,-0.617687,0.000000,0.000000,0.000000,65535.000000,1.342931,1.515006,1.208781,0.937705,1.208781,0.937705,0.250000,1.000000,1.000000
32140.000000,1.208781,0.937705,0.000000,0.000000,0.000000,3.000000,0.000000,4.000000,0.000000,0.001338,0.000000,0.000000,-0.000000,-0.613099,0.000000,0.000000,0.000000,65535.000000,1.342931,1.515006,1.208781,0.937705,1.208781,0.937705,0.250000,1.000000,1.000000
32150.000000,1.208781,0.937705,0.000000,0.000000,0.000000,3.000000,0.000000,4.000000,0.000000,0.001191,0.000000,0.000000,-0.000000,-0.609359,0.000000,0.000000,0.000000,65535.000000,1.342931,1.515006,1.208781,0.937705,1.208781,0.937705,0.250000,1.000000,1.000000
32160.000000,1.208781,0.937705,0.000000,0.000000,0.000000,3.000000,0.000000,4.000000,0.000000,0.001059,0.000000,0.000000,-0.000000,-0.605424,0.000000,0.000000,0.000000,65535.000000,1.342931,1.515006,1.208781,0.937705,1.208781,0.937705,0.250000,1.000000,1.000000
32170.000000,1.208781,0.937705,0.000000,0.000000,0.000000,3.000000,0.000000,4.000000,0.000000,0.000942,0.000000,0.000000,-0.000000,-0.601777,0.000000,0.000000,0.000000,65535.000000,1.342931,1.515006,1.208781,0.937705,1.208781,0.937705,0.250000,1.000000,1.000000
32180.000000,1.208781,0.937705,0.000000,0.000000,0.000000,3.000000,0.000000,4.000000,0.000000,0.000838,0.000000,0.000000,-0.000000,-0.598214,0.000000,0.000000,0.000000,65535.000000,1.342931,1.515006,1.208781,0.937705,1.208781,0.937705,0.250000,1.000000,1.000000
32190.000000,1.208781,0.937705,0.000000,0.000000,0.000000,3.000000,0.000000,4.000000,0.000000,0.000745,0.000000,0.000000,-0.000000,-0.594905,0.000000,0.000000,0.000000,65535.000000,1.342931,1.515006,1.208781,0.937705,1.208781,0.937705,0.250000,1.000000,1.000000
32200.000000,1.208781,0.937705,0.000000,0.000000,0.000000,3.000000,0.000000,4.000000,0.000000,0.000662,0.000000,0.000000,-0.000000,-0.591383,0.000000,0.000000,0.000000,65535.000000,1.342931,1.515006,1.208781,0.937705,1.208781,0.937705,0.250000,1.000000,1.000000
32210.000000,1.208781,0.937705,0.000000,0.000000,0.000000,3.000000,0.000000,4.000000,0.000000,0.000589,0.000000,0.000000,-0.000000,-0.588221,0.000000,0.000000,0.000000,65535.000000,1.342931,1.515006,1.208781,0.937705,1.208781,0.937705,0.250000,1.000000,1.000000
32220.000000,1.208781,0.937705,0.000000,0.000000,0.000000,3.000000,0.000000,4.000000,0.000000,0.000524,0.000000,0.000000,-0.000000,-0.584301,0.000000,0.000000,0.000000,65535.000000,1.342931,1.515006,1.208781,0.937705,1.208781,0.937705,0.250000,1.000000,1.000000
32230.000000,1.208781,0.937705,0.000000,0.000000,0.000000,3.000000,0.000000,4.000000,0.000000,0.000465,0.000000,0.000000,-0.000000,-0.580903,0.000000,0.000000,0.000000,65535.000000,1.342931,1.515006,1.208781,0.937705,1.208781,0.937705,0.250000,1.000000,1.000000
32240.000000,1.208781,0.937705,0.000000,0.000000,0.000000,3.000000,0.000000,4.000000,0.000000,0.000414,0.000000,0.000000,-0.000000,-0.577825,0.000000,0.000000,0.000000,65535.000000,1.342931,1.515006,1.208781,0.937705,1.208781,0.937705,0.250000,1.000000,1.000000
32250.000000,1.208781,0.937705,0.000000,0.000000,0.000000,3.000000,0.000000,4.000000,0.000000,0.000368,0.000000,0.000000,-0.000000,-0.574502,0.000000,0.000000,0.000000,65535.000000,1.342931,1.515006,1.208781,0.937705,1.208781,0.937705,0.250000,1.000000,1.000000
32260.000000,1.208781,0.937705,0.000000,0.000000,0.000000,3.000000,0.000000,4.000000,0.000000,0.000327,0.000000,0.000000,-0.000000,-0.570488,0.000000,0.000000,0.000000,65535.000000,1.342931,1.515006,1.208781,0.937705,1.208781,0.937705,0.250000,1.000000,1.000000
32270.000000,1.208781,0.937705,0.000000,0.000000,0.000000,3.000000,0.000000,4.000000,0.000000,0.000291,0.000000,0.000000,-0.000000,-0.567249,0.000000,0.000000,0.000000,65535.000000,1.342931,1.515006,1.208781,0.937705,1.208781,0.937705,0.250000,1.000000,1.000000
32280.000000,1.208781,0.937705,0.000000,0.000000,0.000000,3.000000,0.000000,4.000000,0.000000,0.000258,0.000000,0.000000,-0.000000,-0.565117,0.000000,0.000000,0.000000,65535.000000,1.342931,1.515006,1.208781,0.937705,1.208781,0.937705,0.250000,1.000000,1.000000
32290.000000,1.208781,0.937705,0.000000,0.000000,0.000000,3.000000,0.000000,4.000000,0.000000,0.000230,0.000000,0.000000,-0.000000,-0.561927,0.000000,0.000000,0.000000,65535.000000,1.342931,1.515006,1.208781,0.937705,1.208781,0.937705,0.250000,1.000000,1.000000
32300.000000,1.208781,0.937705,0.000000,0.000000,0.000000,3.000000,0.000000,4.000000,0.000000,0.000204,0.000000,0.000000,-0.000000,-0.558784,0.000000,0.000000,0.000000,65535.000000,1.342931,1.515006,1.208781,0.937705,1.208781,0.937705,0.250000,1.000000,1.000000
32310.000000,1.208781,0.937705,0.000000,0.000000,0.000000,3.000000,0.000000,4.000000,0.000000,0.000181,0.000000,0.000000,-0.000000,-0.555759,0.000000,0.000000,0.000000,65535.000000,1.342931,1.515006,1.208781,0.937705,1.208781,0.937705,0.250000,1.000000,1.000000
32320.000000,1.208781,0.937705,0.000000,0.000000,0.000000,3.000000,0.000000,4.000000,0.000000,0.000161,0.000000,0.000000,-0.000000,-0.552685,0.000000,0.000000,0.000000,65535.000000,1.342931,1.515006,1.208781,0.937705,1.208781,0.937705,0.250000,1.000000,1.000000
32330.000000,1.208781,0.937705,0.000000,0.000000,0.000000,3.000000,0.000000,4.000000,0.000000,0.000143,0.000000,0.000000,-0.000000,-0.549782,0.000000,0.000000,0.000000,65535.000000,1.342931,1.515006,1.208781,0.937705,1.208781,0.937705,0.250000,1.000000,1.000000
32340.000000,1.208781,0.937705,0.000000,0.000000,0.000000,3.000000,0.000000,4.000000,0.000000,0.000127,0.000000,0.000000,-0.000000,-0.546773,0.000000,0.000000,0.000000,65535.000000,1.342931,1.515006,1.208781,0.937705,1.208781,0.937705,0.250000,1.000000,1.000000
32350.000000,1.208781,0.937705,0.000000,0.000000,0.000000,3.000000,0.000000,4.000000,0.000000,0.000113,0.000000,0.000000,-0.000000,-0.545193,0.000000,0.000000,0.000000,65535.000000,1.342931,1.515006,1.208781,0.937705,1.208781,0.937705,0.250000,1.000000,1.000000
32360.000000,1.208781,0.937705,0.000000,0.000000,0.000000,3.000000,0.000000,4.000000,0.000000,0.000101,0.000000,0.000000,-0.000000,-0.541369,0.000000,0.000000,0.000000,65535.000000,1.342931,1.515006,1.208781,0.937705,1.208781,0.937705,0.250000,1.000000,1.000000
32370.000000,1.208781,0.937705,0.000000,0.000000,0.000000,3.000000,0.000000,4.000000,0.000000,0.000089,0.000000,0.000000,-0.000000,-0.538451,0.000000,0.000000,0.000000,65535.000000,1.342931,1.515006,1.208781,0.937705,1.208781,0.937705,0.250000,1.000000,1.000000
32380.000000,1.208781,0.937705,0.000000,0.000000,0.000000,3.000000,0.000000,4.000000,0.000000,0.000080,0.000000,0.000000,-0.000000,-0.536924,0.000000,0.000000,0.000000,65535.000000,1.342931,1.515006,1.208781,0.937705,1.208781,0.937705,0.250000,1.000000,1.000000
32390.000000,1.208781,0.937705,0.000000,0.000000,0.000000,3.000000,0.000000,4.000000,0.000000,0.000071,0.000000,0.000000,-0.000000,-0.534613,0.000000,0.000000,0.000000,65535.000000,1.342931,1.515006,1.208781,0.937705,1.208781,0.937705,0.250000,1.000000,1.000000
32400.000000,1.208781,0.937705,0.000000,0.000000,0.000000,3.000000,0.000000,4.000000,0.000000,0.000063,0.000000,0.000000,-0.000000,-0.531429,0.000000,0.000000,0.000000,65535.000000,1.342931,1.515006,1.208781,0.937705,1.208781,0.937705,0.250000,1.000000,1.000000
32410.000000,1.208781,0.937705,0.000000,0.000000,0.000000,3.000000,0.000000,4.000000,0.000000,0.000056,0.000000,0.000000,-0.000000,-0.527184,0.000000,0.000000,0.000000,65535.000000,1.342931,1.515006,1.208781,0.937705,1.208781,0.937705,0.250000,1.000000,1.000000
32420.000000,1.208781,0.937705,0.000000,0.000000,0.000000,3.000000,0.000000,4.000000,0.000000,0.000050,0.000000,0.000000,-0.000000,-0.524417,0.000000,0.000000,0.000000,65535.000000,1.342931,1.515006,1.208781,0.937705,1.208781,0.937705,0.250000,1.000000,1.000000
32430.000000,1.208781,0.937705,0.000000,0.000000,0.000000,3.000000,0.000000,4.000000,0.000000,0.000044,0.000000,0.000000,-0.000000,-0.521505,0.000000,0.000000,0.000000,65535.000000,1.342931,1.515006,1.208781,0.937705,1.208781,0.937705,0.250000,1.000000,1.000000
32440.000000,1.208781,0.937705,0.000000,0.000000,0.000000,3.000000,0.000000,4.000000,0.000000,0.000039,0.000000,0.000000,-0.000000,-0.518797,0.000000,0.000000,0.000000,65535.000000,1.342931,1.515006,1.208781,0.937705,1.208781,0.937705,0.250000,1.000000,1.000000
32450.000000,1.208781,0.937705,0.000000,0.000000,0.000000,3.000000,0.000000,4.000000,0.000000,0.000035,0.000000,0.000000,-0.000000,-0.516250,0.000000,0.000000,0.000000,65535.000000,1.342931,1.515006,1.208781,0.937705,1.208781,0.937705,0.250000,1.000000,1.000000
32460.000000,1.208781,0.937705,0.000000,0.000000,0.000000,3.000000,0.000000,4.000000,0.000000,0.000031,0.000000,0.000000,-0.000000,-0.513596,0.000000,0.000000,0.000000,65535.000000,1.342931,1.515006,1.208781,0.937705,1.208781,0.937705,0.250000,1.000000,1.000000
32470.000000,1.208781,0.937705,0.000000,0.000000,0.000000,3.000000,0.000000,4.000000,0.000000,0.000028,0.000000,0.000000,-0.000000,-0.510969,0.000000,0.000000,0.000000,65535.000000,1.342931,1.515006,1.208781,0.937705,1.208781,0.937705,0.250000,1.000000,1.000000
32480.000000,1.208781,0.937705,0.000000,0.000000,0.000000,3.000000,0.000000,4.000000,0.000000,0.000024,0.000000,0.000000,-0.000000,-0.510093,0.000000,0.000000,0.000000,65535.000000,1.342931,1.515006,1.208781,0.937705,1.208781,0.937705,0.250000,1.000000,1.000000
32490.000000,1.208781,0.937705,0.000000,0.000000,0.000000,3.000000,0.000000,4.000000,0.000000,0.000022,0.000000,0.000000,-0.000000,-0.506450,0.000000,0.000000,0.000000,65535.000000,1.342931,1.515006,1.208781,0.937705,1.208781,0.937705,0.250000,1.000000,1.000000
32500.000000,1.208781,0.937705,0.000000,0.000000,0.000000,3.000000,0.000000,4.000000,0.000000,0.000019,0.000000,0.000000,-0.000000,-0.503895,0.000000,0.000000,0.000000,65535.000000,1.342931,1.515006,1.208781,0.937705,1.208781,0.937705,0.250000,1.000000,1.000000
32510.000000,1.208781,0.937705,0.000000,0.000000,0.000000,3.000000,0.000000,4.000000,0.000000,0.000017,0.000000,0.000000,-0.000000,-0.501800,0.000000,0.000000,0.000000,65535.000000,1.342931,1.515006,1.208781,0.937705,1.208781,0.937705,0.250000,1.000000,1.000000
32520.000000,1.208781,0.937705,0.000000,0.000000,0.000000,3.000000,0.000000,4.000000,0.000000,0.000015,0.000000,0.000000,-0.000000,-0.501712,0.000000,0.000000,0.000000,65535.000000,1.342931,1.515006,1.208781,0.937705,1.208781,0.937705,0.250000,1.000000,1.000000
32530.000000,1.208781,0.937705,0.000000,0.000000,0.000000,3.000000,0.000000,4.000000,0.000000,0.000014,0.000000,0.000000,-0.000000,-0.496362,0.000000,0.000000,0.000000,65535.000000,1.342931,1.515006,1.208781,0.937705,1.208781,0.937705,0.250000,1.000000,1.000000
32540.000000,1.208781,0.937705,0.000000,0.000000,0.000000,3.000000,0.000000,4.000000,0.000000,0.000012,0.000000,0.000000,-0.000000,-0.493357,0.000000,0.000000,0.000000,65535.000000,1.342931,1.515006,1.208781,0.937705,1.208781,0.937705,0.250000,1.000000,1.000000
32550.000000,1.208781,0.937705,0.000000,0.000000,0.000000,3.000000,0.000000,4.000000,0.000000,0.000011,0.000000,0.000000,-0.000000,-0.490933,0.000000,0.000000,0.000000,65535.000000,1.342931,1.515006,1.208781,0.937705,1.208781,0.937705,0.250000,1.000000,1.000000
32560.000000,1.208781,0.937705,0.000000,0.000000,0.000000,3.000000,0.000000,4.000000,0.000000,0.000010,0.000000,0.000000,-0.000000,-0.488471,0.000000,0.000000,0.000000,65535.000000,1.342931,1.515006,1.208781,0.937705,1.208781,0.937705,0.250000,1.000000,1.000000
32570.000000,1.208781,0.937705,0.000000,0.000000,0.000000,3.000000,0.000000,4.000000,0.000000,0.000008,0.000000,0.000000,-0.000000,-0.486094,0.000000,0.000000,0.000000,65535.000000,1.342931,1.515006,1.208781,0.937705,1.208781,0.937705,0.250000,1.000000,1.000000
32580.000000,1.208781,0.937705,0.000000,0.000000,0.000000,3.000000,0.000000,4.000000,0.000000,0.000008,0.000000,0.000000,-0.000000,-0.483714,0.000000,0.000000,0.000000,65535.000000,1.342931,1.515006,1.208781,0.937705,1.208781,0.937705,0.250000,1.000000,1.000000
32590.000000,1.208781,0.937705,0.000000,0.000000,0.000000,3.000000,0.000000,4.000000,0.000000,0.000007,0.000000,0.000000,-0.000000,-0.481383,0.000000,0.000000,0.000000,65535.000000,1.342931,1.515006,1.208781,0.937705,1.208781,0.937705,0.250000,1.000000,1.000000
32600.000000,1.208781,0.937705,0.000000,0.000000,0.000000,3.000000,0.000000,4.000000,0.000000,0.000006,0.000000,0.000000,-0.000000,-0.479075,0.000000,0.000000,0.000000,65535.000000,1.342931,1.515006,1.208781,0.937705,1.208781,0.937705,0.250000,1.000000,1.000000
32610.000000,1.208781,0.937705,0.000000,0.000000,0.000000,3.000000,0.000000,4.000000,0.000000,0.000005,0.000000,0.000000,-0.000000,-0.478484,0.000000,0.000000,0.000000,65535.000000,1.342931,1.515006,1.208781,0.937705,1.208781,0.937705,0.250000,1.000000,1.000000
32620.000000,1.208781,0.937705,0.000000,0.000000,0.000000,3.000000,0.000000,4.000000,0.000000,0.000005,0.000000,0.000000,-0.000000,-0.475287,0.000000,0.000000,0.000000,65535.000000,1.342931,1.515006,1.208781,0.937705,1.208781,0.937705,0.250000,1.000000,1.000000
32630.000000,1.208781,0.937705,0.000000,0.000000,0.000000,3.000000,0.000000,4.000000,0.000000,0.000004,0.000000,0.000000,-0.000000,-0.471842,0.000000,0.000000,0.000000,65535.000000,1.342931,1.515006,1.208781,0.937705,1.208781,0.937705,0.250000,1.000000,1.000000
32640.000000,1.208781,0.937705,0.000000,0.000000,0.000000,3.000000,0.000000,4.000000,0.000000,0.000004,0.000000,0.000000,-0.000000,-0.469624,0.000000,0.000000,0.000000,65535.000000,1.342931,1.515006,1.208781,0.937705,1.208781,0.937705,0.250000,1.000000,1.000000
32650.000000,1.208781,0.937705,0.000000,0.000000,0.000000,3.000000,0.000000,4.000000,0.000000,0.000003,0.000000,0.000000,-0.000000,-0.468069,0.000000,0.000000,0.000000,65535.000000,1.342931,1.515006,1.208781,0.937705,1.208781,0.937705,0.250000,1.000000,1.000000
32660.000000,1.208781,0.937705,0.000000,0.000000,0.000000,3.000000,0.000000,4.000000,0.000000,0.000003,0.000000,0.000000,-0.000000,-0.465886,0.000000,0.000000,0.000000,65535.000000,1.342931,1.515006,1.208781,0.937705,1.208781,0.937705,0.250000,1.000000,1.000000
32670.000000,1.208781,0.937705,0.000000,0.000000,0.000000,3.000000,0.000000,4.000000,0.000000,0.000003,0.000000,0.000000,-0.000000,-0.463724,0.000000,0.000000,0.000000,65535.000000,1.342931,1.515006,1.208781,0.937705,1.208781,0.937705,0.250000,1.000000,1.000000
32680.000000,1.208781,0.937705,0.000000,0.000000,0.000000,3.000000,0.000000,4.000000,0.000000,0.000002,0.000000,0.000000,-0.000000,-0.467453,0.000000,0.000000,0.000000,65535.000000,1.342931,1.515006,1.208781,0.937705,1.208781,0.937705,0.250000,1.000000,1.000000
32690.000000,1.208781,0.937705,0.000000,0.000000,0.000000,3.000000,0.000000,4.000000,0.000000,0.000002,0.000000,0.000000,-0.000000,-0.463887,0.000000,0.000000,0.000000,65535.000000,1.342931,1.515006,1.208781,0.937705,1.208781,0.937705,0.250000,1.000000,1.000000
32700.000000,1.208781,0.937705,0.000000,0.000000,0.000000,3.000000,0.000000,4.000000,0.000000,0.000002,0.000000,0.000000,-0.000000,-0.459834,0.000000,0.000000,0.000000,65535.000000,1.342931,1.515006,1.208781,0.937705,1.208781,0.937705,0.250000,1.000000,1.000000
32710.000000,1.208781,0.937705,0.000000,0.000000,0.000000,3.000000,0.000000,4.000000,0.000000,0.000002,0.000000,0.000000,-0.000000,-0.457727,0.000000,0.000000,0.000000,65535.000000,1.342931,1.515006,1.208781,0.937705,1.208781,0.937705,0.250000,1.000000,1.000000
32720.000000,1.208781,0.937705,0.000000,0.000000,0.000000,3.000000,0.000000,4.000000,0.000000,0.000001,0.000000,0.000000,-0.000000,-0.452764,0.000000,0.000000,0.000000,65535.000000,1.342931,1.515006,1.208781,0.937705,1.208781,0.937705,0.250000,1.000000,1.000000
32730.000000,1.208781,0.937705,0.000000,0.000000,0.000000,3.000000,0.000000,4.000000,0.000000,0.000001,0.000000,0.000000,-0.000000,-0.450722,0.000000,0.000000,0.000000,65535.000000,1.342931,1.515006,1.208781,0.937705,1.208781,0.937705,0.250000,1.000000,1.000000
32740.000000,1.208781,0.937705,0.000000,0.000000,0.000000,3.000000,0.000000,4.000000,0.000000,0.000001,0.000000,0.000000,-0.000000,-0.448697,0.000000,0.000000,0.000000,65535.000000,1.342931,1.515006,1.208781,0.937705,1.208781,0.937705,0.250000,1.000000,1.000000
32750.000000,1.208781,0.937705,0.000000,0.000000,0.000000,3.000000,0.000000,4.000000,0.000000,0.000001,0.000000,0.000000,-0.000000,-0.448579,0.000000,0.000000,0.000000,65535.000000,1.342931,1.515006,1.208781,0.937705,1.208781,0.937705,0.250000,1.000000,1.000000
32760.000000,1.208781,0.937705,0.000000,0.000000,0.000000,3.000000,0.000000,4.000000,0.000000,0.000001,0.000000,0.000000,-0.000000,-0.446574,0.000000,0.000000,0.000000,65535.000000,1.342931,1.515006,1.208781,0.937705,1.208781,0.937705,0.250000,1.000000,1.000000
32770.000000,1.208781,0.937705,0.000000,0.000000,0.000000,3.000000,0.000000,4.000000,0.000000,0.000001,0.000000,0.000000,-0.000000,-0.444586,0.000000,0.000000,0.000000,65535.000000,1.342931,1.515006,1.208781,0.937705,1.208781,0.937705,0.250000,1.000000,1.000000
32780.000000,1.208781,0.937705,0.000000,0.000000,0.000000,3.000000,0.000000,4.000000,0.000000,0.000001,0.000000,0.000000,-0.000000,-0.443214,0.000000,0.000000,0.000000,65535.000000,1.342931,1.515006,1.208781,0.937705,1.208781,0.937705,0.250000,1.000000,1.000000
32790.000000,1.208781,0.937705,0.000000,0.000000,0.000000,3.000000,0.000000,4.000000,0.000000,0.000001,0.000000,0.000000,-0.000000,-0.441256,0.000000,0.000000,0.000000,65535.000000,1.342931,1.515006,1.208781,0.937705,1.208781,0.937705,0.250000,1.000000,1.000000
32800.000000,1.208781,0.937705,0.000000,0.000000,0.000000,3.000000,0.000000,4.000000,0.000000,0.000001,0.000000,0.000000,-0.000000,-0.440377,0.000000,0.000000,0.000000,65535.000000,1.342931,1.515006,1.208781,0.937705,1.208781,0.937705,0.250000,1.000000,1.000000
32810.000000,1.208781,0.937705,0.000000,0.000000,0.000000,3.000000,0.000000,4.000000,0.000000,0.000001,0.000000,0.000000,-0.000000,-0.438445,0.000000,0.000000,0.000000,65535.000000,1.342931,1.515006,1.208781,0.937705,1.208781,0.937705,0.250000,1.000000,1.000000
32820.000000,1.208781,0.937705,0.000000,0.000000,0.000000,3.000000,0.000000,4.000000,0.000000,0.000000,0.000000,0.000000,-0.000000,-0.433639,0.000000,0.000000,0.000000,65535.000000,1.342931,1.515006,1.208781,0.937705,1.208781,0.937705,0.250000,1.000000,1.000000
32830.000000,1.208781,0.937705,0.000000,0.000000,0.000000,3.000000,0.000000,4.000000,0.000000,0.000000,0.000000,0.000000,-0.000000,-0.431543,0.000000,0.000000,0.000000,65535.000000,1.342931,1.515006,1.208781,0.937705,1.208781,0.937705,0.250000,1.000000,1.000000
32840.000000,1.208781,0.937705,0.000000,0.000000,0.000000,3.000000,0.000000,4.000000,0.000000,0.000000,0.000000,0.000000,-0.000000,-0.429655,0.000000,0.000000,0.000000,65535.000000,1.342931,1.515006,1.208781,0.937705,1.208781,0.937705,0.250000,1.000000,1.000000
32850.000000,1.208781,0.937705,0.000000,0.000000,0.000000,3.000000,0.000000,4.000000,0.000000,0.000000,0.000000,0.000000,-0.000000,-0.427815,0.000000,0.000000,0.000000,65535.000000,1.342931,1.515006,1.208781,0.937705,1.208781,0.937705,0.250000,1.000000,1.000000
32860.000000,1.208781,0.937705,0.000000,0.000000,0.000000,3.000000,0.000000,4.000000,0.000000,0.000000,0.000000,0.000000,-0.000000,-0.425991,0.000000,0.000000,0.000000,65535.000000,1.342931,1.515006,1.208781,0.937705,1.208781,0.937705,0.250000,1.000000,1.000000
32870.000000,1.208781,0.937705,0.000000,0.000000,0.000000,3.000000,0.000000,4.000000,0.000000,0.000000,0.000000,0.000000,-0.000000,-0.424641,0.000000,0.000000,0.000000,65535.000000,1.342931,1.515006,1.208781,0.937705,1.208781,0.937705,0.250000,1.000000,1.000000
32880.000000,1.208781,0.937705,0.000000,0.000000,0.000000,3.000000,0.000000,4.000000,0.000000,0.000000,0.000000,0.000000,-0.000000,-0.422073,0.000000,0.000000,0.000000,65535.000000,1.342931,1.515006,1.208781,0.937705,1.208781,0.937705,0.250000,1.000000,1.000000
32890.000000,1.208781,0.937705,0.000000,0.000000,0.000000,3.000000,0.000000,4.000000,0.000000,0.000000,0.000000,0.000000,-0.000000,-0.420297,0.000000,0.000000,0.000000,65535.000000,1.342931,1.515006,1.208781,0.937705,1.208781,0.937705,0.250000,1.000000,1.000000
32900.000000,1.208781,0.937705,0.000000,0.000000,0.000000,3.000000,0.000000,4.000000,0.000000,0.000000,0.000000,0.000000,-0.000000,-0.419062,0.000000,0.000000,0.000000,65535.000000,1.342931,1.515006,1.208781,0.937705,1.208781,0.937705,0.250000,1.000000,1.000000
32910.000000,1.208781,0.937705,0.000000,0.000000,0.000000,3.000000,0.000000,4.000000,0.000000,0.000000,0.000000,0.000000,-0.000000,-0.416753,0.000000,0.000000,0.000000,65535.000000,1.342931,1.515006,1.208781,0.937705,1.208781,0.937705,0.250000,1.000000,1.000000
32920.000000,1.208781,0.937705,0.000000,0.000000,0.000000,3.000000,0.000000,4.000000,0.000000,0.000000,0.000000,0.000000,-0.000000,-0.415021,0.000000,0.000000,0.000000,65535.000000,1.342931,1.515006,1.208781,0.937705,1.208781,0.937705,0.250000,1.000000,1.000000
32930.000000,1.208781,0.937705,0.000000,0.000000,0.000000,3.000000,0.000000,4.000000,0.000000,0.000000,0.000000,0.000000,-0.000000,-0.413304,0.000000,0.000000,0.000000,65535.000000,1.342931,1.515006,1.208781,0.937705,1.208781,0.937705,0.250000,1.000000,1.000000
32940.000000,1.208781,0.937705,0.000000,0.000000,0.000000,3.000000,0.000000,4.000000,0.000000,0.000000,0.000000,0.000000,-0.000000,-0.412220,0.000000,0.000000,0.000000,65535.000000,1.342931,1.515006,1.208781,0.937705,1.208781,0.937705,0.250000,1.000000,1.000000
32950.000000,1.208781,0.937705,0.000000,0.000000,0.000000,3.000000,0.000000,4.000000,0.000000,0.000000,0.000000,0.000000,-0.000000,-0.410028,0.000000,0.000000,0.000000,65535.000000,1.342931,1.515006,1.208781,0.937705,1.208781,0.937705,0.250000,1.000000,1.000000
32960.000000,1.208781,0.937705,0.000000,0.000000,0.000000,3.000000,0.000000,4.000000,0.000000,0.000000,0.000000,0.000000,-0.000000,-0.408352,0.000000,0.000000,0.000000,65535.000000,1.342931,1.515006,1.208781,0.937705,1.208781,0.937705,0.250000,1.000000,1.000000
32970.000000,1.208781,0.937705,0.000000,0.000000,0.000000,3.000000,0.000000,4.000000,0.000000,0.000000,0.000000,0.000000,-0.000000,-0.406202,0.000000,0.000000,0.000000,65535.000000,1.342931,1.515006,1.208781,0.937705,1.208781,0.937705,0.250000,1.000000,1.000000
32980.000000,1.208781,0.937705,0.000000,0.000000,0.000000,3.000000,0.000000,4.000000,0.000000,0.000000,0.000000,0.000000,-0.000000,-0.404557,0.000000,0.000000,0.000000,65535.000000,1.342931,1.515006,1.208781,0.937705,1.208781,0.937705,0.250000,1.000000,1.000000
32990.000000,1.208781,0.937705,0.000000,0.000000,0.000000,3.000000,0.000000,4.000000,0.000000,0.000000,0.000000,0.000000,-0.000000,-0.399387,0.000000,0.000000,0.000000,65535.000000,1.342931,1.515006,1.208781,0.937705,1.208781,0.937705,0.250000,1.000000,1.000000
33000.000000,1.208781,0.937705,0.000000,0.000000,0.000000,3.000000,0.000000,4.000000,0.000000,0.000000,0.000000,0.000000,-0.000000,-0.397796,0.000000,0.000000,0.000000,65535.000000,1.342931,1.515006,1.208781,0.937705,1.208781,0.937705,0.250000,1.000000,1.000000
33010.000000,1.208781,0.937705,0.000000,0.000000,0.000000,3.000000,0.000000,4.000000,0.000000,0.000000,0.000000,0.000000,-0.000000,-0.393955,0.000000,0.000000,0.000000,65535.000000,1.342931,1.515006,1.208781,0.937705,1.208781,0.937705,0.250000,1.000000,1.000000
33020.000000,1.208781,0.937705,0.000000,0.000000,0.000000,3.000000,0.000000,4.000000,0.000000,0.000000,0.000000,0.000000,-0.000000,-0.392408,0.000000,0.000000,0.000000,65535.000000,1.342931,1.515006,1.208781,0.937705,1.208781,0.937705,0.250000,1.000000,1.000000
33030.000000,1.208781,0.937705,0.000000,0.000000,0.000000,3.000000,0.000000,4.000000,0.000000,0.000000,0.000000,0.000000,-0.000000,-0.390872,0.000000,0.000000,0.000000,65535.000000,1.342931,1.515006,1.208781,0.937705,1.208781,0.937705,0.250000,1.000000,1.000000
33040.000000,1.208781,0.937705,0.000000,0.000000,0.000000,3.000000,0.000000,4.000000,0.000000,0.000000,0.000000,0.000000,-0.000000,-0.395850,0.000000,0.000000,0.000000,65535.000000,1.342931,1.515006,1.208781,0.937705,1.208781,0.937705,0.250000,1.000000,1.000000
33050.000000,1.208781,0.937705,0.000000,0.000000,0.000000,3.000000,0.000000,4.000000,0.000000,0.000000,0.000000,0.000000,-0.000000,-0.401535,0.000000,0.000000,0.000000,65535.000000,1.342931,1.515006,1.208781,0.937705,1.208781,0.937705,0.250000,1.000000,1.000000
33060.000000,1.208781,0.937705,0.000000,0.000000,0.000000,3.000000,0.000000,4.000000,0.000000,0.000000,0.000000,0.000000,-0.000000,-0.384764,0.000000,0.000000,0.000000,65535.000000,1.342931,1.515006,1.208781,0.937705,1.208781,0.937705,0.250000,1.000000,1.000000
33070.000000,1.208781,0.937705,0.000000,0.000000,0.000000,3.000000,0.000000,4.000000,0.000000,0.000000,0.000000,0.000000,-0.000000,-0.383287,0.000000,0.000000,0.000000,65535.000000,1.342931,1.515006,1.208781,0.937705,1.208781,0.937705,0.250000,1.000000,1.000000
33080.000000,1.208781,0.937705,0.000000,0.000000,0.000000,3.000000,0.000000,4.000000,0.000000,0.000000,0.000000,0.000000,-0.000000,-0.388125,0.000000,0.000000,0.000000,65535.000000,1.342931,1.515006,1.208781,0.937705,1.208781,0.937705,0.250000,1.000000,1.000000
33090.000000,1.208781,0.937705,0.000000,0.000000,0.000000,3.000000,0.000000,4.000000,0.000000,0.000000,0.000000,0.000000,-0.000000,-0.388554,0.000000,0.000000,0.000000,65535.000000,1.342931,1.515006,1.208781,0.937705,1.208781,0.937705,0.250000,1.000000,1.000000
33100.000000,1.208781,0.937705,0.000000,0.000000,0.000000,3.000000,0.000000,4.000000,0.000000,0.000000,0.000000,0.000000,-0.000000,-0.387049,0.000000,0.000000,0.000000,65535.000000,1.342931,1.515006,1.208781,0.937705,1.208781,0.937705,0.250000,1.000000,1.000000
33110.000000,1.208781,0.937705,0.000000,0.000000,0.000000,3.000000,0.000000,4.000000,0.000000,0.000000,0.000000,0.000000,-0.000000,-0.385401,0.000000,0.000000,0.000000,65535.000000,1.342931,1.515006,1.208781,0.937705,1.208781,0.937705,0.250000,1.000000,1.000000
33120.000000,1.208781,0.937705,0.000000,0.000000,0.000000,3.000000,0.000000,4.000000,0.000000,0.000000,0.000000,0.000000,-0.000000,-0.383920,0.000000,0.000000,0.000000,65535.000000,1.342931,1.515006,1.208781,0.937705,1.208781,0.937705,0.250000,1.000000,1.000000
33130.000000,1.208781,0.937705,0.000000,0.000000,0.000000,3.000000,0.000000,4.000000,0.000000,0.000000,0.000000,0.000000,-0.000000,-0.382295,0.000000,0.000000,0.000000,65535.000000,1.342931,1.515006,1.208781,0.937705,1.208781,0.937705,0.250000,1.000000,1.000000
33140.000000,1.208781,0.937705,0.000000,0.000000,0.000000,3.000000,0.000000,4.000000,0.000000,0.000000,0.000000,0.000000,-0.000000,-0.379186,0.000000,0.000000,0.000000,65535.000000,1.342931,1.515006,1.208781,0.937705,1.208781,0.937705,0.250000,1.000000,1.000000
33150.000000,1.208781,0.937705,0.000000,0.000000,0.000000,3.000000,0.000000,4.000000,0.000000,0.000000,0.000000,0.000000,-0.000000,-0.377752,0.000000,0.000000,0.000000,65535.000000,1.342931,1.515006,1.208781,0.937705,1.208781,0.937705,0.250000,1.000000,1.000000
33160.000000,1.208781,0.937705,0.000000,0.000000,0.000000,3.000000,0.000000,4.000000,0.000000,0.000000,0.000000,0.000000,-0.000000,-0.377982,0.000000,0.000000,0.000000,65535.000000,1.342931,1.515006,1.208781,0.937705,1.208781,0.937705,0.250000,1.000000,1.000000
33170.000000,1.208781,0.937705,0.000000,0.000000,0.000000,3.000000,0.000000,4.000000,0.000000,0.000000,0.000000,0.000000,-0.000000,-0.377280,0.000000,0.000000,0.000000,65535.000000,1.342931,1.515006,1.208781,0.937705,1.208781,0.937705,0.250000,1.000000,1.000000
33180.000000,1.208781,0.937705,0.000000,0.000000,0.000000,3.000000,0.000000,4.000000,0.000000,0.000000,0.000000,0.000000,-0.000000,-0.375861,0.000000,0.000000,0.000000,65535.000000,1.342931,1.515006,1.208781,0.937705,1.208781,0.937705,0.250000,1.000000,1.000000
33190.000000,1.208781,0.937705,0.000000,0.000000,0.000000,3.000000,0.000000,4.000000,0.000000,0.000000,0.000000,0.000000,-0.000000,-0.372673,0.000000,0.000000,0.000000,65535.000000,1.342931,1.515006,1.208781,0.937705,1.208781,0.937705,0.250000,1.000000,1.000000
33200.000000,1.208781,0.937705,0.000000,0.000000,0.000000,3.000000,0.000000,4.000000,0.000000,0.000000,0.000000,0.000000,-0.000000,-0.371288,0.000000,0.000000,0.000000,65535.000000,1.342931,1.515006,1.208781,0.937705,1.208781,0.937705,0.250000,1.000000,1.000000
33210.000000,1.208781,0.937705,0.000000,0.000000,0.000000,3.000000,0.000000,4.000000,0.000000,0.000000,0.000000,0.000000,-0.000000,-0.371661,0.000000,0.000000,0.000000,65535.000000,1.342931,1.515006,1.208781,0.937705,1.208781,0.937705,0.250000,1.000000,1.000000
33220.000000,1.208781,0.937705,0.000000,0.000000,0.000000,3.000000,0.000000,4.000000,0.000000,0.000000,0.000000,0.000000,-0.000000,-0.369353,0.000000,0.000000,0.000000,65535.000000,1.342931,1.515006,1.208781,0.937705,1.208781,0.937705,0.250000,1.000000,1.000000
33230.000000,1.208781,0.937705,0.000000,0.000000,0.000000,3.000000,0.000000,4.000000,0.000000,0.000000,0.000000,0.000000,-0.000000,-0.367992,0.000000,0.000000,0.000000,65535.000000,1.342931,1.515006,1.208781,0.937705,1.208781,0.937705,0.250000,1.000000,1.000000
33240.000000,1.208781,0.937705,0.000000,0.000000,0.000000,3.000000,0.000000,4.000000,0.000000,0.000000,0.000000,0.000000,-0.000000,-0.366641,0.000000,0.000000,0.000000,65535.000000,1.342931,1.515006,1.208781,0.937705,1.208781,0.937705,0.250000,1.000000,1.000000
33250.000000,1.208781,0.937705,0.000000,0.000000,0.000000,3.000000,0.000000,4.000000,0.000000,0.000000,0.000000,0.000000,-0.000000,-0.368481,0.000000,0.000000,0.000000,65535.000000,1.342931,1.515006,1.208781,0.937705,1.208781,0.937705,0.250000,1.000000,1.000000
33260.000000,1.208781,0.937705,0.000000,0.000000,0.000000,3.000000,0.000000,4.000000,0.000000,0.000000,0.000000,0.000000,-0.000000,-0.366852,0.000000,0.000000,0.000000,65535.000000,1.342931,1.515006,1.208781,0.937705,1.208781,0.937705,0.250000,1.000000,1.000000
33270.000000,1.208781,0.937705,0.000000,0.000000,0.000000,3.000000,0.000000,4.000000,0.000000,0.000000,0.000000,0.000000,-0.000000,-0.365510,0.000000,0.000000,0.000000,65535.000000,1.342931,1.515006,1.208781,0.937705,1.208781,0.937705,0.250000,1.000000,1.000000
33280.000000,1.208781,0.937705,0.000000,0.000000,0.000000,3.000000,0.000000,4.000000,0.000000,0.000000,0.000000,0.000000,-0.000000,-0.366722,0.000000,0.000000,0.000000,65535.000000,1.342931,1.515006,1.208781,0.937705,1.208781,0.937705,0.250000,1.000000,1.000000
33290.000000,1.208781,0.937705,0.000000,0.000000,0.000000,3.000000,0.000000,4.000000,0.000000,0.000000,0.000000,0.000000,-0.000000,-0.374920,0.000000,0.000000,0.000000,65535.000000,1.342931,1.515006,1.208781,0.937705,1.208781,0.937705,0.250000,1.000000,1.000000
33300.000000,1.208781,0.937705,0.000000,0.000000,0.000000,3.000000,0.000000,4.000000,0.000000,0.000000,0.000000,0.000000,-0.000000,-0.364266,0.000000,0.000000,0.000000,65535.000000,1.342931,1.515006,1.208781,0.937705,1.208781,0.937705,0.250000,1.000000,1.000000
33310.000000,1.208781,0.937705,0.000000,0.000000,0.000000,3.000000,0.000000,4.000000,0.000000,0.000000,0.000000,0.000000,-0.000000,-0.360337,0.000000,0.000000,0.000000,65535.000000,1.342931,1.515006,1.208781,0.937705,1.208781,0.937705,0.250000,1.000000,1.000000
33320.000000,1.208781,0.937705,0.000000,0.000000,0.000000,3.000000,0.000000,4.000000,0.000000,0.000000,0.000000,0.000000,-0.000000,-0.359042,0.000000,0.000000,0.000000,65535.000000,1.342931,1.515006,1.208781,0.937705,1.208781,0.937705,0.250000,1.000000,1.000000
33330.000000,1.208781,0.937705,0.000000,0.000000,0.000000,3.000000,0.000000,4.000000,0.000000,0.000000,0.000000,0.000000,-0.000000,-0.353326,0.000000,0.000000,0.000000,65535.000000,1.342931,1.515006,1.208781,0.937705,1.208781,0.937705,0.250000,1.000000,1.000000
33340.000000,1.208781,0.937705,0.000000,0.000000,0.000000,3.000000,0.000000,4.000000,0.000000,0.000000,0.000000,0.000000,-0.000000,-0.352081,0.000000,0.000000,0.000000,65535.000000,1.342931,1.515006,1.208781,0.937705,1.208781,0.937705,0.250000,1.000000,1.000000
33350.000000,1.208781,0.937705,0.000000,0.000000,0.000000,3.000000,0.000000,4.000000,0.000000,0.000000,0.000000,0.000000,-0.000000,-0.352238,0.000000,0.000000,0.000000,65535.000000,1.342931,1.515006,1.208781,0.937705,1.208781,0.937705,0.250000,1.000000,1.000000
33360.000000,1.208781,0.937705,0.000000,0.000000,0.000000,3.000000,0.000000,4.000000,0.000000,0.000000,0.000000,0.000000,-0.000000,-0.347819,0.000000,0.000000,0.000000,65535.000000,1.342931,1.515006,1.208781,0.937705,1.208781,0.937705,0.250000,1.000000,1.000000
33370.000000,1.208781,0.937705,0.000000,0.000000,0.000000,3.000000,0.000000,4.000000,0.000000,0.000000,0.000000,0.000000,-0.000000,-0.346612,0.000000,0.000000,0.000000,65535.000000,1.342931,1.515006,1.208781,0.937705,1.208781,0.937705,0.250000,1.000000,1.000000
33380.000000,1.208781,0.937705,0.000000,0.000000,0.000000,3.000000,0.000000,4.000000,0.000000,0.000000,0.000000,0.000000,-0.000000,-0.345414,0.000000,0.000000,0.000000,65535.000000,1.342931,1.515006,1.208781,0.937705,1.208781,0.937705,0.250000,1.000000,1.000000
33390.000000,1.208781,0.937705,0.000000,0.000000,0.000000,3.000000,0.000000,4.000000,0.000000,0.000000,0.000000,0.000000,-0.000000,-0.349979,0.000000,0.000000,0.000000,65535.000000,1.342931,1.515006,1.208781,0.937705,1.208781,0.937705,0.250000,1.000000,1.000000
33400.000000,1.208781,0.937705,0.000000,0.000000,0.000000,3.000000,0.000000,4.000000,0.000000,0.000000,0.000000,0.000000,-0.000000,-0.349907,0.000000,0.000000,0.000000,65535.000000,1.342931,1.515006,1.208781,0.937705,1.208781,0.937705,0.250000,1.000000,1.000000
33410.000000,1.208781,0.937705,0.000000,0.000000,0.000000,3.000000,0.000000,4.000000,0.000000,0.000000,0.000000,0.000000,-0.000000,-0.348686,0.000000,0.000000,0.000000,65535.000000,1.342931,1.515006,1.208781,0.937705,1.208781,0.937705,0.250000,1.000000,1.000000
33420.000000,1.208781,0.937705,0.000000,0.000000,0.000000,3.000000,0.000000,4.000000,0.000000,0.000000,0.000000,0.000000,-0.000000,-0.347473,0.000000,0.000000,0.000000,65535.000000,1.342931,1.515006,1.208781,0.937705,1.208781,0.937705,0.250000,1.000000,1.000000
33430.000000,1.208781,0.937705,0.000000,0.000000,0.000000,3.000000,0.000000,4.000000,0.000000,0.000000,0.000000,0.000000,-0.000000,-0.344359,0.000000,0.000000,0.000000,65535.000000,1.342931,1.515006,1.208781,0.937705,1.208781,0.937705,0.250000,1.000000,1.000000
33440.000000,1.208781,0.937705,0.000000,0.000000,0.000000,3.000000,0.000000,4.000000,0.000000,0.000000,0.000000,0.000000,-0.000000,-0.343176,0.000000,0.000000,0.000000,65535.000000,1.342931,1.515006,1.208781,0.937705,1.208781,0.937705,0.250000,1.000000,1.000000
33450.000000,1.208781,0.937705,0.000000,0.000000,0.000000,3.000000,0.000000,4.000000,0.000000,0.000000,0.000000,0.000000,-0.000000,-0.342001,0.000000,0.000000,0.000000,65535.000000,1.342931,1.515006,1.208781,0.937705,1.208781,0.937705,0.250000,1.000000,1.000000
33460.000000,1.208781,0.937705,0.000000,0.000000,0.000000,3.000000,0.000000,4.000000,0.000000,0.000000,0.000000,0.000000,-0.000000,-0.342149,0.000000,0.000000,0.000000,65535.000000,1.342931,1.515006,1.208781,0.937705,1.208781,0.937705,0.250000,1.000000,1.000000
33470.000000,1.208781,0.937705,0.000000,0.000000,0.000000,3.000000,0.000000,4.000000,0.000000,0.000000,0.000000,0.000000,-0.000000,-0.340981,0.000000,0.000000,0.000000,65535.000000,1.342931,1.515006,1.208781,0.937705,1.208781,0.937705,0.250000,1.000000,1.000000
33480.000000,1.208781,0.937705,0.000000,0.000000,0.000000,3.000000,0.000000,4.000000,0.000000,0.000000,0.000000,0.000000,-0.000000,-0.340255,0.000000,0.000000,0.000000,65535.000000,1.342931,1.515006,1.208781,0.937705,1.208781,0.937705,0.250000,1.000000,1.000000
33490.000000,1.208781,0.937705,0.000000,0.000000,0.000000,3.000000,0.000000,4.000000,0.000000,0.000000,0.000000,0.000000,-0.000000,-0.339100,0.000000,0.000000,0.000000,65535.000000,1.342931,1.515006,1.208781,0.937705,1.208781,0.937705,0.250000,1.000000,1.000000
33500.000000,1.208781,0.937705,0.000000,0.000000,0.000000,3.000000,0.000000,4.000000,0.000000,0.000000,0.000000,0.000000,-0.000000,-0.344576,0.000000,0.000000,0.000000,65535.000000,1.342931,1.515006,1.208781,0.937705,1.208781,0.937705,0.250000,1.000000,1.000000
33510.000000,1.208781,0.937705,0.000000,0.000000,0.000000,3.000000,0.000000,4.000000,0.000000,0.000000,0.000000,0.000000,-0.000000,-0.339357,0.000000,0.000000,0.000000,65535.000000,1.342931,1.515006,1.208781,0.937705,1.208781,0.937705,0.250000,1.000000,1.000000
33520.000000,1.208781,0.937705,0.000000,0.000000,0.000000,3.000000,0.000000,4.000000,0.000000,0.000000,0.000000,0.000000,-0.000000,-0.335701,0.000000,0.000000,0.000000,65535.000000,1.342931,1.515006,1.208781,0.937705,1.208781,0.937705,0.250000,1.000000,1.000000
33530.000000,1.208781,0.937705,0.000000,0.000000,0.000000,3.000000,0.000000,4.000000,0.000000,0.000000,0.000000,0.000000,-0.000000,-0.332359,0.000000,0.000000,0.000000,65535.000000,1.342931,1.515006,1.208781,0.937705,1.208781,0.937705,0.250000,1.000000,1.000000
33540.000000,1.208781,0.937705,0.000000,0.000000,0.000000,3.000000,0.000000,4.000000,0.000000,0.000000,0.000000,0.000000,-0.000000,-0.329063,0.000000,0.000000,0.000000,65535.000000,1.342931,1.515006,1.208781,0.937705,1.208781,0.937705,0.250000,1.000000,1.000000
33550.000000,1.208781,0.937705,0.000000,0.000000,0.000000,3.000000,0.000000,4.000000,0.000000,0.000000,0.000000,0.000000,-0.000000,-0.332074,0.000000,0.000000,0.000000,65535.000000,1.342931,1.515006,1.208781,0.937705,1.208781,0.937705,0.250000,1.000000,1.000000
33560.000000,1.208781,0.937705,0.000000,0.000000,0.000000,3.000000,0.000000,4.000000,0.000000,0.000000,0.000000,0.000000,-0.000000,-0.326619,0.000000,0.000000,0.000000,65535.000000,1.342931,1.515006,1.208781,0.937705,1.208781,0.937705,0.250000,1.000000,1.000000
33570.000000,1.208781,0.937705,0.000000,0.000000,0.000000,3.000000,0.000000,4.000000,0.000000,0.000000,0.000000,0.000000,-0.000000,-0.323367,0.000000,0.000000,0.000000,65535.000000,1.342931,1.515006,1.208781,0.937705,1.208781,0.937705,0.250000,1.000000,1.000000
33580.000000,1.208781,0.937705,0.000000,0.000000,0.000000,3.000000,0.000000,4.000000,0.000000,0.000000,0.000000,0.000000,-0.000000,-0.320148,0.000000,0.000000,0.000000,65535.000000,1.342931,1.515006,1.208781,0.937705,1.208781,0.937705,0.250000,1.000000,1.000000
33590.000000,1.208781,0.937705,0.000000,0.000000,0.000000,3.000000,0.000000,4.000000,0.000000,0.000000,0.000000,0.000000,-0.000000,-0.316618,0.000000,0.000000,0.000000,65535.000000,1.342931,1.515006,1.208781,0.937705,1.208781,0.937705,0.250000,1.000000,1.000000
33600.000000,1.208781,0.937705,0.000000,0.000000,0.000000,3.000000,0.000000,4.000000,0.000000,0.000000,0.000000,0.000000,-0.000000,-0.310585,0.000000,0.000000,0.000000,65535.000000,1.342931,1.515006,1.208781,0.937705,1.208781,0.937705,0.250000,1.000000,1.000000
33610.000000,1.208781,0.937705,0.000000,0.000000,0.000000,3.000000,0.000000,4.000000,0.000000,0.000000,0.000000,0.000000,-0.000000,-0.307493,0.000000,0.000000,0.000000,65535.000000,1.342931,1.515006,1.208781,0.937705,1.208781,0.937705,0.250000,1.000000,1.000000
33620.000000,1.208781,0.937705,0.000000,0.000000,0.000000,3.000000,0.000000,4.000000,0.000000,0.000000,0.000000,0.000000,-0.000000,-0.305685,0.000000,0.000000,0.000000,65535.000000,1.342931,1.515006,1.208781,0.937705,1.208781,0.937705,0.250000,1.000000,1.000000
33630.000000,1.208781,0.937705,0.000000,0.000000,0.000000,3.000000,0.000000,4.000000,0.000000,0.000000,0.000000,0.000000,-0.000000,-0.301562,0.000000,0.000000,0.000000,65535.000000,1.342931,1.515006,1.208781,0.937705,1.208781,0.937705,0.250000,1.000000,1.000000
33640.000000,1.208781,0.937705,0.000000,0.000000,0.000000,3.000000,0.000000,4.000000,0.000000,0.000000,0.000000,0.000000,-0.000000,-0.297389,0.000000,0.000000,0.000000,65535.000000,1.342931,1.515006,1.208781,0.937705,1.208781,0.937705,0.250000,1.000000,1.000000
33650.000000,1.208781,0.937705,0.000000,0.000000,0.000000,3.000000,0.000000,4.000000,0.000000,0.000000,0.000000,0.000000,-0.000000,-0.294428,0.000000,0.000000,0.000000,65535.000000,1.342931,1.515006,1.208781,0.937705,1.208781,0.937705,0.250000,1.000000,1.000000
33660.000000,1.208781,0.937705,0.000000,0.000000,0.000000,3.000000,0.000000,4.000000,0.000000,0.000000,0.000000,0.000000,-0.000000,-0.291032,0.000000,0.000000,0.000000,65535.000000,1.342931,1.515006,1.208781,0.937705,1.208781,0.937705,0.250000,1.000000,1.000000
33670.000000,1.208781,0.937705,0.000000,0.000000,0.000000,3.000000,0.000000,4.000000,0.000000,0.000000,0.000000,0.000000,-0.000000,-0.288134,0.000000,0.000000,0.000000,65535.000000,1.342931,1.515006,1.208781,0.937705,1.208781,0.937705,0.250000,1.000000,1.000000
33680.000000,1.208781,0.937705,0.000000,0.000000,0.000000,3.000000,0.000000,4.000000,0.000000,0.000000,0.000000,0.000000,-0.000000,-0.286019,0.000000,0.000000,0.000000,65535.000000,1.342931,1.515006,1.208781,0.937705,1.208781,0.937705,0.250000,1.000000,1.000000
33690.000000,1.208781,0.937705,0.000000,0.000000,0.000000,3.000000,0.000000,4.000000,0.000000,0.000000,0.000000,0.000000,-0.000000,-0.285995,0.000000,0.000000,0.000000,65535.000000,1.342931,1.515006,1.208781,0.937705,1.208781,0.937705,0.250000,1.000000,1.000000
33700.000000,1.208781,0.937705,0.000000,0.000000,0.000000,3.000000,0.000000,4.000000,0.000000,0.000000,0.000000,0.000000,-0.000000,-0.279287,0.000000,0.000000,0.000000,65535.000000,1.342931,1.515006,1.208781,0.937705,1.208781,0.937705,0.250000,1.000000,1.000000
33710.000000,1.208781,0.937705,0.000000,0.000000,0.000000,3.000000,0.000000,4.000000,0.000000,0.000000,0.000000,0.000000,-0.000000,-0.276292,0.000000,0.000000,0.000000,65535.000000,1.342931,1.515006,1.208781,0.937705,1.208781,0.937705,0.250000,1.000000,1.000000
33720.000000,1.208781,0.937705,0.000000,0.000000,0.000000,3.000000,0.000000,4.000000,0.000000,0.000000,0.000000,0.000000,-0.000000,-0.273541,0.000000,0.000000,0.000000,65535.000000,1.342931,1.515006,1.208781,0.937705,1.208781,0.937705,0.250000,1.000000,1.000000
33730.000000,1.208781,0.937705,0.000000,0.000000,0.000000,3.000000,0.000000,4.000000,0.000000,0.000000,0.000000,0.000000,-0.000000,-0.272068,0.000000,0.000000,0.000000,65535.000000,1.342931,1.515006,1.208781,0.937705,1.208781,0.937705,0.250000,1.000000,1.000000
33740.000000,1.208781,0.937705,0.000000,0.000000,0.000000,3.000000,0.000000,4.000000,0.000000,0.000000,0.000000,0.000000,-0.000000,-0.270140,0.000000,0.000000,0.000000,65535.000000,1.342931,1.515006,1.208781,0.937705,1.208781,0.937705,0.250000,1.000000,1.000000
33750.000000,1.208781,0.937705,0.000000,0.000000,0.000000,3.000000,0.000000,4.000000,0.000000,0.000000,0.000000,0.000000,-0.000000,-0.267451,0.000000,0.000000,0.000000,65535.000000,1.342931,1.515006,1.208781,0.937705,1.208781,0.937705,0.250000,1.000000,1.000000
33760.000000,1.208781,0.937705,0.000000,0.000000,0.000000,3.000000,0.000000,4.000000,0.000000,0.000000,0.000000,0.000000,-0.000000,-0.264788,0.000000,0.000000,0.000000,65535.000000,1.342931,1.515006,1.208781,0.937705,1.208781,0.937705,0.250000,1.000000,1.000000
33770.000000,1.208781,0.937705,0.000000,0.000000,0.000000,3.000000,0.000000,4.000000,0.000000,0.000000,0.000000,0.000000,-0.000000,-0.261696,0.000000,0.000000,0.000000,65535.000000,1.342931,1.515006,1.208781,0.937705,1.208781,0.937705,0.250000,1.000000,1.000000
33780.000000,1.208781,0.937705,0.000000,0.000000,0.000000,3.000000,0.000000,4.000000,0.000000,0.000000,0.000000,0.000000,-0.000000,-0.259091,0.000000,0.000000,0.000000,65535.000000,1.342931,1.515006,1.208781,0.937705,1.208781,0.937705,0.250000,1.000000,1.000000
33790.000000,1.208781,0.937705,0.000000,0.000000,0.000000,3.000000,0.000000,4.000000,0.000000,0.000000,0.000000,0.000000,-0.000000,-0.257670,0.000000,0.000000,0.000000,65535.000000,1.342931,1.515006,1.208781,0.937705,1.208781,0.937705,0.250000,1.000000,1.000000
33800.000000,1.208781,0.937705,0.000000,0.000000,0.000000,3.000000,0.000000,4.000000,0.000000,0.000000,0.000000,0.000000,-0.000000,-0.255105,0.000000,0.000000,0.000000,65535.000000,1.342931,1.515006,1.208781,0.937705,1.208781,0.937705,0.250000,1.000000,1.000000
33810.000000,1.208781,0.937705,0.000000,0.000000,0.000000,3.000000,0.000000,4.000000,0.000000,0.000000,0.000000,0.000000,-0.000000,-0.254103,0.000000,0.000000,0.000000,65535.000000,1.342931,1.515006,1.208781,0.937705,1.208781,0.937705,0.250000,1.000000,1.000000
33820.000000,1.208781,0.937705,0.000000,0.000000,0.000000,3.000000,0.000000,4.000000,0.000000,0.000000,0.000000,0.000000,-0.000000,-0.247859,0.000000,0.000000,0.000000,65535.000000,1.342931,1.515006,1.208781,0.937705,1.208781,0.937705,0.250000,1.000000,1.000000
33830.000000,1.208781,0.937705,0.000000,0.000000,0.000000,3.000000,0.000000,4.000000,0.000000,0.000000,0.000000,0.000000,-0.000000,-0.245392,0.000000,0.000000,0.000000,65535.000000,1.342931,1.515006,1.208781,0.937705,1.208781,0.937705,0.250000,1.000000,1.000000
33840.000000,1.208781,0.937705,0.000000,0.000000,0.000000,3.000000,0.000000,4.000000,0.000000,0.000000,0.000000,0.000000,-0.000000,-0.242949,0.000000,0.000000,0.000000,65535.000000,1.342931,1.515006,1.208781,0.937705,1.208781,0.937705,0.250000,1.000000,1.000000
33850.000000,1.208781,0.937705,0.000000,0.000000,0.000000,3.000000,0.000000,4.000000,0.000000,0.000000,0.000000,0.000000,-0.000000,-0.247954,0.000000,0.000000,0.000000,65535.000000,1.342931,1.515006,1.208781,0.937705,1.208781,0.937705,0.250000,1.000000,1.000000
33860.000000,1.208781,0.937705,0.000000,0.000000,0.000000,3.000000,0.000000,4.000000,0.000000,0.000000,0.000000,0.000000,-0.000000,-0.242575,0.000000,0.000000,0.000000,65535.000000,1.342931,1.515006,1.208781,0.937705,1.208781,0.937705,0.250000,1.000000,1.000000
33870.000000,1.208781,0.937705,0.000000,0.000000,0.000000,3.000000,0.000000,4.000000,0.000000,0.000000,0.000000,0.000000,-0.000000,-0.237476,0.000000,0.000000,0.000000,65535.000000,1.342931,1.515006,1.208781,0.937705,1.208781,0.937705,0.250000,1.000000,1.000000
33880.000000,1.208781,0.937705,0.000000,0.000000,0.000000,3.000000,0.000000,4.000000,0.000000,0.000000,0.000000,0.000000,-0.000000,-0.234772,0.000000,0.000000,0.000000,65535.000000,1.342931,1.515006,1.208781,0.937705,1.208781,0.937705,0.250000,1.000000,1.000000
33890.000000,1.208781,0.937705,0.000000,0.000000,0.000000,3.000000,0.000000,4.000000,0.000000,0.000000,0.000000,0.000000,-0.000000,-0.231181,0.000000,0.000000,0.000000,65535.000000,1.342931,1.515006,1.208781,0.937705,1.208781,0.937705,0.250000,1.000000,1.000000
33900.000000,1.208781,0.937705,0.000000,0.000000,0.000000,3.000000,0.000000,4.000000,0.000000,0.000000,0.000000,0.000000,-0.000000,-0.228880,0.000000,0.000000,0.000000,65535.000000,1.342931,1.515006,1.208781,0.937705,1.208781,0.937705,0.250000,1.000000,1.000000
33910.000000,1.208781,0.937705,0.000000,0.000000,0.000000,3.000000,0.000000,4.000000,0.000000,0.000000,0.000000,0.000000,-0.000000,-0.226601,0.000000,0.000000,0.000000,65535.000000,1.342931,1.515006,1.208781,0.937705,1.208781,0.937705,0.250000,1.000000,1.000000
33920.000000,1.208781,0.937705,0.000000,0.000000,0.000000,3.000000,0.000000,4.000000,0.000000,0.000000,0.000000,0.000000,-0.000000,-0.220783,0.000000,0.000000,0.000000,65535.000000,1.342931,1.515006,1.208781,0.937705,1.208781,0.937705,0.250000,1.000000,1.000000
33930.000000,1.208781,0.937705,0.000000,0.000000,0.000000,3.000000,0.000000,4.000000,0.000000,0.000000,0.000000,0.000000,-0.000000,-0.218585,0.000000,0.000000,0.000000,65535.000000,1.342931,1.515006,1.208781,0.937705,1.208781,0.937705,0.250000,1.000000,1.000000
33940.000000,1.208781,0.937705,0.000000,0.000000,0.000000,3.000000,0.000000,4.000000,0.000000,0.000000,0.000000,0.000000,-0.000000,-0.216409,0.000000,0.000000,0.000000,65535.000000,1.342931,1.515006,1.208781,0.937705,1.208781,0.937705,0.250000,1.000000,1.000000
33950.000000,1.208781,0.937705,0.000000,0.000000,0.000000,3.000000,0.000000,4.000000,0.000000,0.000000,0.000000,0.000000,-0.000000,-0.215238,0.000000,0.000000,0.000000,65535.000000,1.342931,1.515006,1.208781,0.937705,1.208781,0.937705,0.250000,1.000000,1.000000
33960.000000,1.208781,0.937705,0.000000,0.000000,0.000000,3.000000,0.000000,4.000000,0.000000,0.000000,0.000000,0.000000,0.000000,-0.216102,0.000000,0.000000,0.000000,65535.000000,1.342931,1.515006,1.208781,0.937705,1.208781,0.937705,0.250000,1.000000,1.000000
33970.000000,1.208781,0.937705,0.000000,0.000000,0.000000,3.000000,0.000000,4.000000,0.000000,0.000000,0.000000,0.000000,0.000000,-0.214174,0.000000,0.000000,0.000000,65535.000000,1.342931,1.515006,1.208781,0.937705,1.208781,0.937705,0.250000,1.000000,1.000000
33980.000000,1.208781,0.937705,0.000000,0.000000,0.000000,3.000000,0.000000,4.000000,0.000000,0.000000,0.000000,0.000000,0.000000,-0.204846,0.000000,0.000000,0.000000,65535.000000,1.342931,1.515006,1.208781,0.937705,1.208781,0.937705,0.250000,1.000000,1.000000
33990.000000,1.208781,0.937705,0.000000,0.000000,0.000000,3.000000,0.000000,4.000000,0.000000,0.000000,0.000000,0.000000,0.000000,-0.202806,0.000000,0.000000,0.000000,65535.000000,1.342931,1.515006,1.208781,0.937705,1.208781,0.937705,0.250000,1.000000,1.000000
34000.000000,1.208781,0.937705,0.000000,0.000000,0.000000,3.000000,0.000000,4.000000,0.000000,0.000000,0.000000,0.000000,0.000000,-0.206002,0.000000,0.000000,0.000000,65535.000000,1.342931,1.515006,1.208781,0.937705,1.208781,0.937705,0.250000,1.000000,1.000000
34010.000000,1.208781,0.937705,0.000000,0.000000,0.000000,3.000000,0.000000,4.000000,0.000000,0.000000,0.000000,0.000000,0.000000,-0.206459,0.000000,0.000000,0.000000,65535.000000,1.342931,1.515006,1.208781,0.937705,1.208781,0.937705,0.250000,1.000000,1.000000
34020.000000,1.208781,0.937705,0.000000,0.000000,0.000000,3.000000,0.000000,4.000000,0.000000,0.000000,0.000000,0.000000,0.000000,-0.205469,0.000000,0.000000,0.000000,65535.000000,1.342931,1.515006,1.208781,0.937705,1.208781,0.937705,0.250000,1.000000,1.000000
34030.000000,1.208781,0.937705,0.000000,0.000000,0.000000,3.000000,0.000000,4.000000,0.000000,0.000000,0.000000,0.000000,0.000000,-0.203424,0.000000,0.000000,0.000000,65535.000000,1.342931,1.515006,1.208781,0.937705,1.208781,0.937705,0.250000,1.000000,1.000000
34040.000000,1.208781,0.937705,0.000000,0.000000,0.000000,3.000000,0.000000,4.000000,0.000000,0.000000,0.000000,0.000000,0.000000,-0.201399,0.000000,0.000000,0.000000,65535.000000,1.342931,1.515006,1.208781,0.937705,1.208781,0.937705,0.250000,1.000000,1.000000
34050.000000,1.208781,0.937705,0.000000,0.000000,0.000000,3.000000,0.000000,4.000000,0.000000,0.000000,0.000000,0.000000,0.000000,-0.204006,0.000000,0.000000,0.000000,65535.000000,1.342931,1.515006,1.208781,0.937705,1.208781,0.937705,0.250000,1.000000,1.000000
34060.000000,1.208781,0.937705,0.000000,0.000000,0.000000,3.000000,0.000000,4.000000,0.000000,0.000000,0.000000,0.000000,0.000000,-0.196606,0.000000,0.000000,0.000000,65535.000000,1.342931,1.515006,1.208781,0.937705,1.208781,0.937705,0.250000,1.000000,1.000000
34070.000000,1.208781,0.937705,0.000000,0.000000,0.000000,3.000000,0.000000,4.000000,0.000000,0.000000,0.000000,0.000000,0.000000,-0.194649,0.000000,0.000000,0.000000,65535.000000,1.342931,1.515006,1.208781,0.937705,1.208781,0.937705,0.250000,1.000000,1.000000
34080.000000,1.208781,0.937705,0.000000,0.000000,0.000000,3.000000,0.000000,4.000000,0.000000,0.000000,0.000000,0.000000,0.000000,-0.192711,0.000000,0.000000,0.000000,65535.000000,1.342931,1.515006,1.208781,0.937705,1.208781,0.937705,0.250000,1.000000,1.000000
34090.000000,1.208781,0.937705,0.000000,0.000000,0.000000,3.000000,0.000000,4.000000,0.000000,0.000000,0.000000,0.000000,0.000000,-0.198537,0.000000,0.000000,0.000000,65535.000000,1.342931,1.515006,1.208781,0.937705,1.208781,0.937705,0.250000,1.000000,1.000000
34100.000000,1.208781,0.937705,0.000000,0.000000,0.000000,3.000000,0.000000,4.000000,0.000000,0.000000,0.000000,0.000000,0.000000,-0.201454,0.000000,0.000000,0.000000,65535.000000,1.342931,1.515006,1.208781,0.937705,1.208781,0.937705,0.250000,1.000000,1.000000
34110.000000,1.208781,0.937705,0.000000,0.000000,0.000000,3.000000,0.000000,4.000000,0.000000,0.000000,0.000000,0.000000,0.000000,-0.191753,0.000000,0.000000,0.000000,65535.000000,1.342931,1.515006,1.208781,0.937705,1.208781,0.937705,0.250000,1.000000,1.000000
34120.000000,1.208781,0.937705,0.000000,0.000000,0.000000,3.000000,0.000000,4.000000,0.000000,0.000000,0.000000,0.000000,0.000000,-0.189845,0.000000,0.000000,0.000000,65535.000000,1.342931,1.515006,1.208781,0.937705,1.208781,0.937705,0.250000,1.000000,1.000000
34130.000000,1.208781,0.937705,0.000000,0.000000,0.000000,3.000000,0.000000,4.000000,0.000000,0.000000,0.000000,0.000000,0.000000,-0.186758,0.000000,0.000000,0.000000,65535.000000,1.342931,1.515006,1.208781,0.937705,1.208781,0.937705,0.250000,1.000000,1.000000
34140.000000,1.208781,0.937705,0.000000,0.000000,0.000000,3.000000,0.000000,4.000000,0.000000,0.000000,0.000000,0.000000,0.000000,-0.181984,0.000000,0.000000,0.000000,65535.000000,1.342931,1.515006,1.208781,0.937705,1.208781,0.937705,0.250000,1.000000,1.000000
34150.000000,1.208781,0.937705,0.000000,0.000000,0.000000,3.000000,0.000000,4.000000,0.000000,0.000000,0.000000,0.000000,0.000000,-0.180173,0.000000,0.000000,0.000000,65535.000000,1.342931,1.515006,1.208781,0.937705,1.208781,0.937705,0.250000,1.000000,1.000000
34160.000000,1.208781,0.937705,0.000000,0.000000,0.000000,3.000000,0.000000,4.000000,0.000000,0.000000,0.000000,0.000000,0.000000,-0.180321,0.000000,0.000000,0.000000,65535.000000,1.342931,1.515006,1.208781,0.937705,1.208781,0.937705,0.250000,1.000000,1.000000
34170.000000,1.208781,0.937705,0.000000,0.000000,0.000000,3.000000,0.000000,4.000000,0.000000,0.000000,0.000000,0.000000,0.000000,-0.184771,0.000000,0.000000,0.000000,65535.000000,1.342931,1.515006,1.208781,0.937705,1.208781,0.937705,0.250000,1.000000,1.000000
34180.000000,1.208781,0.937705,0.000000,0.000000,0.000000,3.000000,0.000000,4.000000,0.000000,0.000000,0.000000,0.000000,0.000000,-0.184204,0.000000,0.000000,0.000000,65535.000000,1.342931,1.515006,1.208781,0.937705,1.208781,0.937705,0.250000,1.000000,1.000000
34190.000000,1.208781,0.937705,0.000000,0.000000,0.000000,3.000000,0.000000,4.000000,0.000000,0.000000,0.000000,0.000000,0.000000,-0.182370,0.000000,0.000000,0.000000,65535.000000,1.342931,1.515006,1.208781,0.937705,1.208781,0.937705,0.250000,1.000000,1.000000
34200.000000,1.208781,0.937705,0.000000,0.000000,0.000000,3.000000,0.000000,4.000000,0.000000,0.000000,0.000000,0.000000,0.000000,-0.179407,0.000000,0.000000,0.000000,65535.000000,1.342931,1.515006,1.208781,0.937705,1.208781,0.937705,0.250000,1.000000,1.000000
34210.000000,1.208781,0.937705,0.000000,0.000000,0.000000,3.000000,0.000000,4.000000,0.000000,0.000000,0.000000,0.000000,0.000000,-0.177621,0.000000,0.000000,0.000000,65535.000000,1.342931,1.515006,1.208781,0.937705,1.208781,0.937705,0.250000,1.000000,1.000000
34220.000000,1.208781,0.937705,0.000000,0.000000,0.000000,3.000000,0.000000,4.000000,0.000000,0.000000,0.000000,0.000000,0.000000,-0.175558,0.000000,0.000000,0.000000,65535.000000,1.342931,1.515006,1.208781,0.937705,1.208781,0.937705,0.250000,1.000000,1.000000
34230.000000,1.208781,0.937705,0.000000,0.000000,0.000000,3.000000,0.000000,4.000000,0.000000,0.000000,0.000000,0.000000,0.000000,-0.173811,0.000000,0.000000,0.000000,65535.000000,1.342931,1.515006,1.208781,0.937705,1.208781,0.937705,0.250000,1.000000,1.000000
34240.000000,1.208781,0.937705,0.000000,0.000000,0.000000,3.000000,0.000000,4.000000,0.000000,0.000000,0.000000,0.000000,0.000000,-0.172382,0.000000,0.000000,0.000000,65535.000000,1.342931,1.515006,1.208781,0.937705,1.208781,0.937705,0.250000,1.000000,1.000000
34250.000000,1.208781,0.937705,0.000000,0.000000,0.000000,3.000000,0.000000,4.000000,0.000000,0.000000,0.000000,0.000000,0.000000,-0.171889,0.000000,0.000000,0.000000,65535.000000,1.342931,1.515006,1.208781,0.937705,1.208781,0.937705,0.250000,1.000000,1.000000
34260.000000,1.208781,0.937705,0.000000,0.000000,0.000000,3.000000,0.000000,4.000000,0.000000,0.000000,0.000000,0.000000,0.000000,-0.167417,0.000000,0.000000,0.000000,65535.000000,1.342931,1.515006,1.208781,0.937705,1.208781,0.937705,0.250000,1.000000,1.000000
34270.000000,1.208781,0.937705,0.000000,0.000000,0.000000,3.000000,0.000000,4.000000,0.000000,0.000000,0.000000,0.000000,0.000000,-0.165750,0.000000,0.000000,0.000000,65535.000000,1.342931,1.515006,1.208781,0.937705,1.208781,0.937705,0.250000,1.000000,1.000000
34280.000000,1.208781,0.937705,0.000000,0.000000,0.000000,3.000000,0.000000,4.000000,0.000000,0.000000,0.000000,0.000000,0.000000,-0.164264,0.000000,0.000000,0.000000,65535.000000,1.342931,1.515006,1.208781,0.937705,1.208781,0.937705,0.250000,1.000000,1.000000
34290.000000,1.208781,0.937705,0.000000,0.000000,0.000000,3.000000,0.000000,4.000000,0.000000,0.000000,0.000000,0.000000,0.000000,-0.166709,0.000000,0.000000,0.000000,65535.000000,1.342931,1.515006,1.208781,0.937705,1.208781,0.937705,0.250000,1.000000,1.000000
34300.000000,1.208781,0.937705,0.000000,0.000000,0.000000,3.000000,0.000000,4.000000,0.000000,0.000000,0.000000,0.000000,0.000000,-0.174171,0.000000,0.000000,0.000000,65535.000000,1.342931,1.515006,1.208781,0.937705,1.208781,0.937705,0.250000,1.000000,1.000000
34310.000000,1.208781,0.937705,0.000000,0.000000,0.000000,3.000000,0.000000,4.000000,0.000000,0.000000,0.000000,0.000000,0.000000,-0.173041,0.000000,0.000000,0.000000,65535.000000,1.342931,1.515006,1.208781,0.937705,1.208781,0.937705,0.250000,1.000000,1.000000
34320.000000,1.208781,0.937705,0.000000,0.000000,0.000000,3.000000,0.000000,4.000000,0.000000,0.000000,0.000000,0.000000,0.000000,-0.162117,0.000000,0.000000,0.000000,65535.000000,1.342931,1.515006,1.208781,0.937705,1.208781,0.937705,0.250000,1.000000,1.000000
34330.000000,1.208781,0.937705,0.000000,0.000000,0.000000,3.000000,0.000000,4.000000,0.000000,0.000000,0.000000,0.000000,0.000000,-0.152346,0.000000,0.000000,0.000000,65535.000000,1.342931,1.515006,1.208781,0.937705,1.208781,0.937705,0.250000,1.000000,1.000000
34340.000000,1.208781,0.937705,0.000000,0.000000,0.000000,3.000000,0.000000,4.000000,0.000000,0.000000,0.000000,0.000000,0.000000,-0.150830,0.000000,0.000000,0.000000,65535.000000,1.342931,1.515006,1.208781,0.937705,1.208781,0.937705,0.250000,1.000000,1.000000
34350.000000,1.208781,0.937705,0.000000,0.000000,0.000000,3.000000,0.000000,4.000000,0.000000,0.000000,0.000000,0.000000,0.000000,-0.150003,0.000000,0.000000,0.000000,65535.000000,1.342931,1.515006,1.208781,0.937705,1.208781,0.937705,0.250000,1.000000,1.000000
34360.000000,1.208781,0.937705,0.000000,0.000000,0.000000,3.000000,0.000000,4.000000,0.000000,0.000000,0.000000,0.000000,0.000000,-0.156578,0.000000,0.000000,0.000000,65535.000000,1.342931,1.515006,1.208781,0.937705,1.208781,0.937705,0.250000,1.000000,1.000000
34370.000000,1.208781,0.937705,0.000000,0.000000,0.000000,3.000000,0.000000,4.000000,0.000000,0.000000,0.000000,0.000000,0.000000,-0.156427,0.000000,0.000000,0.000000,65535.000000,1.342931,1.515006,1.208781,0.937705,1.208781,0.937705,0.250000,1.000000,1.000000
34380.000000,1.208781,0.937705,0.000000,0.000000,0.000000,3.000000,0.000000,4.000000,0.000000,0.000000,0.000000,0.000000,0.000000,-0.148868,0.000000,0.000000,0.000000,65535.000000,1.342931,1.515006,1.208781,0.937705,1.208781,0.937705,0.250000,1.000000,1.000000
34390.000000,1.208781,0.937705,0.000000,0.000000,0.000000,3.000000,0.000000,4.000000,0.000000,0.000000,0.000000,0.000000,0.000000,-0.144059,0.000000,0.000000,0.000000,65535.000000,1.342931,1.515006,1.208781,0.937705,1.208781,0.937705,0.250000,1.000000,1.000000
34400.000000,1.208781,0.937705,0.000000,0.000000,0.000000,3.000000,0.000000,4.000000,0.000000,0.000000,0.000000,0.000000,0.000000,-0.142625,0.000000,0.000000,0.000000,65535.000000,1.342931,1.515006,1.208781,0.937705,1.208781,0.937705,0.250000,1.000000,1.000000
34410.000000,1.208781,0.937705,0.000000,0.000000,0.000000,3.000000,0.000000,4.000000,0.000000,0.000000,0.000000,0.000000,0.000000,-0.143578,0.000000,0.000000,0.000000,65535.000000,1.342931,1.515006,1.208781,0.937705,1.208781,0.937705,0.250000,1.000000,1.000000
34420.000000,1.208781,0.937705,0.000000,0.000000,0.000000,3.000000,0.000000,4.000000,0.000000,0.000000,0.000000,0.000000,0.000000,-0.144541,0.000000,0.000000,0.000000,65535.000000,1.342931,1.515006,1.208781,0.937705,1.208781,0.937705,0.250000,1.000000,1.000000
34430.000000,1.208781,0.937705,0.000000,0.000000,0.000000,3.000000,0.000000,4.000000,0.000000,0.000000,0.000000,0.000000,0.000000,-0.143102,0.000000,0.000000,0.000000,65535.000000,1.342931,1.515006,1.208781,0.937705,1.208781,0.937705,0.250000,1.000000,1.000000
34440.000000,1.208781,0.937705,0.000000,0.000000,0.000000,3.000000,0.000000,4.000000,0.000000,0.000000,0.000000,0.000000,0.000000,-0.141678,0.000000,0.000000,0.000000,65535.000000,1.342931,1.515006,1.208781,0.937705,1.208781,0.937705,0.250000,1.000000,1.000000
34450.000000,1.208781,0.937705,0.000000,0.000000,0.000000,3.000000,0.000000,4.000000,0.000000,0.000000,0.000000,0.000000,0.000000,-0.141217,0.000000,0.000000,0.000000,65535.000000,1.342931,1.515006,1.208781,0.937705,1.208781,0.937705,0.250000,1.000000,1.000000
34460.000000,1.208781,0.937705,0.000000,0.000000,0.000000,3.000000,0.000000,4.000000,0.000000,0.000000,0.000000,0.000000,0.000000,-0.136369,0.000000,0.000000,0.000000,65535.000000,1.342931,1.515006,1.208781,0.937705,1.208781,0.937705,0.250000,1.000000,1.000000
34470.000000,1.208781,0.937705,0.000000,0.000000,0.000000,3.000000,0.000000,4.000000,0.000000,0.000000,0.000000,0.000000,0.000000,-0.125401,0.000000,0.000000,0.000000,65535.000000,1.342931,1.515006,1.208781,0.937705,1.208781,0.937705,0.250000,1.000000,1.000000
34480.000000,1.208781,0.937705,0.000000,0.000000,0.000000,3.000000,0.000000,4.000000,0.000000,0.000000,0.000000,0.000000,0.000000,-0.123544,0.000000,0.000000,0.000000,65535.000000,1.342931,1.515006,1.208781,0.937705,1.208781,0.937705,0.250000,1.000000,1.000000
34490.000000,1.208781,0.937705,0.000000,0.000000,0.000000,3.000000,0.000000,4.000000,0.000000,0.000000,0.000000,0.000000,0.000000,-0.122314,0.000000,0.000000,0.000000,65535.000000,1.342931,1.515006,1.208781,0.937705,1.208781,0.937705,0.250000,1.000000,1.000000
34500.000000,1.208781,0.937705,0.000000,0.000000,0.000000,3.000000,0.000000,4.000000,0.000000,0.000000,0.000000,0.000000,0.000000,-0.121096,0.000000,0.000000,0.000000,65535.000000,1.342931,1.515006,1.208781,0.937705,1.208781,0.937705,0.250000,1.000000,1.000000
34510.000000,1.208781,0.937705,0.000000,0.000000,0.000000,3.000000,0.000000,4.000000,0.000000,0.000000,0.000000,0.000000,0.000000,-0.117639,0.000000,0.000000,0.000000,65535.000000,1.342931,1.515006,1.208781,0.937705,1.208781,0.937705,0.250000,1.000000,1.000000
34520.000000,1.208781,0.937705,0.000000,0.000000,0.000000,3.000000,0.000000,4.000000,0.000000,0.000000,0.000000,0.000000,0.000000,-0.116468,0.000000,0.000000,0.000000,65535.000000,1.342931,1.515006,1.208781,0.937705,1.208781,0.937705,0.250000,1.000000,1.000000
34530.000000,1.208781,0.937705,0.000000,0.000000,0.000000,3.000000,0.000000,4.000000,0.000000,0.000000,0.000000,0.000000,0.000000,-0.118399,0.000000,0.000000,0.000000,65535.000000,1.342931,1.515006,1.208781,0.937705,1.208781,0.937705,0.250000,1.000000,1.000000
34540.000000,1.208781,0.937705,0.000000,0.000000,0.000000,3.000000,0.000000,4.000000,0.000000,0.000000,0.000000,0.000000,0.000000,-0.119543,0.000000,0.000000,0.000000,65535.000000,1.342931,1.515006,1.208781,0.937705,1.208781,0.937705,0.250000,1.000000,1.000000
34550.000000,1.208781,0.937705,0.000000,0.000000,0.000000,3.000000,0.000000,4.000000,0.000000,0.000000,0.000000,0.000000,0.000000,-0.122129,0.000000,0.000000,0.000000,65535.000000,1.342931,1.515006,1.208781,0.937705,1.208781,0.937705,0.250000,1.000000,1.000000
34560.000000,1.208781,0.937705,0.000000,0.000000,0.000000,3.000000,0.000000,4.000000,0.000000,0.000000,0.000000,0.000000,0.000000,-0.119551,0.000000,0.000000,0.000000,65535.000000,1.342931,1.515006,1.208781,0.937705,1.208781,0.937705,0.250000,1.000000,1.000000
34570.000000,1.208781,0.937705,0.000000,0.000000,0.000000,3.000000,0.000000,4.000000,0.000000,0.000000,0.000000,0.000000,0.000000,-0.117165,0.000000,0.000000,0.000000,65535.000000,1.342931,1.515006,1.208781,0.937705,1.208781,0.937705,0.250000,1.000000,1.000000
34580.000000,1.208781,0.937705,0.000000,0.000000,0.000000,3.000000,0.000000,4.000000,0.000000,0.000000,0.000000,0.000000,0.000000,-0.114757,0.000000,0.000000,0.000000,65535.000000,1.342931,1.515006,1.208781,0.937705,1.208781,0.937705,0.250000,1.000000,1.000000
34590.000000,1.208781,0.937705,0.000000,0.000000,0.000000,3.000000,0.000000,4.000000,0.000000,0.000000,0.000000,0.000000,0.000000,-0.113614,0.000000,0.000000,0.000000,65535.000000,1.342931,1.515006,1.208781,0.937705,1.208781,0.937705,0.250000,1.000000,1.000000
34600.000000,1.208781,0.937705,0.000000,0.000000,0.000000,3.000000,0.000000,4.000000,0.000000,0.000000,0.000000,0.000000,0.000000,-0.113059,0.000000,0.000000,0.000000,65535.000000,1.342931,1.515006,1.208781,0.937705,1.208781,0.937705,0.250000,1.000000,1.000000
34610.000000,1.208781,0.937705,0.000000,0.000000,0.000000,3.000000,0.000000,4.000000,0.000000,0.000000,0.000000,0.000000,0.000000,-0.109854,0.000000,0.000000,0.000000,65535.000000,1.342931,1.515006,1.208781,0.937705,1.208781,0.937705,0.250000,1.000000,1.000000
34620.000000,1.208781,0.937705,0.000000,0.000000,0.000000,3.000000,0.000000,4.000000,0.000000,0.000000,0.000000,0.000000,0.000000,-0.108760,0.000000,0.000000,0.000000,65535.000000,1.342931,1.515006,1.208781,0.937705,1.208781,0.937705,0.250000,1.000000,1.000000
34630.000000,1.208781,0.937705,0.000000,0.000000,0.000000,3.000000,0.000000,4.000000,0.000000,0.000000,0.000000,0.000000,0.000000,-0.107677,0.000000,0.000000,0.000000,65535.000000,1.342931,1.515006,1.208781,0.937705,1.208781,0.937705,0.250000,1.000000,1.000000
34640.000000,1.208781,0.937705,0.000000,0.000000,0.000000,3.000000,0.000000,4.000000,0.000000,0.000000,0.000000,0.000000,0.000000,-0.121053,0.000000,0.000000,0.000000,65535.000000,1.342931,1.515006,1.208781,0.937705,1.208781,0.937705,0.250000,1.000000,1.000000
34650.000000,1.208781,0.937705,0.000000,0.000000,0.000000,3.000000,0.000000,4.000000,0.000000,0.000000,0.000000,0.000000,0.000000,-0.119847,0.000000,0.000000,0.000000,65535.000000,1.342931,1.515006,1.208781,0.937705,1.208781,0.937705,0.250000,1.000000,1.000000
34660.000000,1.208781,0.937705,0.000000,0.000000,0.000000,3.000000,0.000000,4.000000,0.000000,0.000000,0.000000,0.000000,0.000000,-0.112999,0.000000,0.000000,0.000000,65535.000000,1.342931,1.515006,1.208781,0.937705,1.208781,0.937705,0.250000,1.000000,1.000000
34670.000000,1.208781,0.937705,0.000000,0.000000,0.000000,3.000000,0.000000,4.000000,0.000000,0.000000,0.000000,0.000000,0.000000,-0.106195,0.000000,0.000000,0.000000,65535.000000,1.342931,1.515006,1.208781,0.937705,1.208781,0.937705,0.250000,1.000000,1.000000
34680.000000,1.208781,0.937705,0.000000,0.000000,0.000000,3.000000,0.000000,4.000000,0.000000,0.000000,0.000000,0.000000,0.000000,-0.105138,0.000000,0.000000,0.000000,65535.000000,1.342931,1.515006,1.208781,0.937705,1.208781,0.937705,0.250000,1.000000,1.000000
34690.000000,1.208781,0.937705,0.000000,0.000000,0.000000,3.000000,0.000000,4.000000,0.000000,0.000000,0.000000,0.000000,0.000000,-0.104091,0.000000,0.000000,0.000000,65535.000000,1.342931,1.515006,1.208781,0.937705,1.208781,0.937705,0.250000,1.000000,1.000000
34700.000000,1.208781,0.937705,0.000000,0.000000,0.000000,3.000000,0.000000,4.000000,0.000000,0.000000,0.000000,0.000000,0.000000,-0.105153,0.000000,0.000000,0.000000,65535.000000,1.342931,1.515006,1.208781,0.937705,1.208781,0.937705,0.250000,1.000000,1.000000
34710.000000,1.208781,0.937705,0.000000,0.000000,0.000000,3.000000,0.000000,4.000000,0.000000,0.000000,0.000000,0.000000,0.000000,-0.104107,0.000000,0.000000,0.000000,65535.000000,1.342931,1.515006,1.208781,0.937705,1.208781,0.937705,0.250000,1.000000,1.000000
34720.000000,1.208781,0.937705,0.000000,0.000000,0.000000,3.000000,0.000000,4.000000,0.000000,0.000000,0.000000,0.000000,0.000000,-0.109245,0.000000,0.000000,0.000000,65535.000000,1.342931,1.515006,1.208781,0.937705,1.208781,0.937705,0.250000,1.000000,1.000000
34730.000000,1.208781,0.937705,0.000000,0.000000,0.000000,3.000000,0.000000,4.000000,0.000000,0.000000,0.000000,0.000000,0.000000,-0.105793,0.000000,0.000000,0.000000,65535.000000,1.342931,1.515006,1.208781,0.937705,1.208781,0.937705,0.250000,1.000000,1.000000
34740.000000,1.208781,0.937705,0.000000,0.000000,0.000000,3.000000,0.000000,4.000000,0.000000,0.000000,0.000000,0.000000,0.000000,-0.099569,0.000000,0.000000,0.000000,65535.000000,1.342931,1.515006,1.208781,0.937705,1.208781,0.937705,0.250000,1.000000,1.000000
34750.000000,1.208781,0.937705,0.000000,0.000000,0.000000,3.000000,0.000000,4.000000,0.000000,0.000000,0.000000,0.000000,0.000000,-0.098578,0.000000,0.000000,0.000000,65535.000000,1.342931,1.515006,1.208781,0.937705,1.208781,0.937705,0.250000,1.000000,1.000000
34760.000000,1.208781,0.937705,0.000000,0.000000,0.000000,3.000000,0.000000,4.000000,0.000000,0.000000,0.000000,0.000000,0.000000,-0.100119,0.000000,0.000000,0.000000,65535.000000,1.342931,1.515006,1.208781,0.937705,1.208781,0.937705,0.250000,1.000000,1.000000
34770.000000,1.208781,0.937705,0.000000,0.000000,0.000000,3.000000,0.000000,4.000000,0.000000,0.000000,0.000000,0.000000,0.000000,-0.100287,0.000000,0.000000,0.000000,65535.000000,1.342931,1.515006,1.208781,0.937705,1.208781,0.937705,0.250000,1.000000,1.000000
34780.000000,1.208781,0.937705,0.000000,0.000000,0.000000,3.000000,0.000000,4.000000,0.000000,0.000000,0.000000,0.000000,0.000000,-0.099289,0.000000,0.000000,0.000000,65535.000000,1.342931,1.515006,1.208781,0.937705,1.208781,0.937705,0.250000,1.000000,1.000000
34790.000000,1.208781,0.937705,0.000000,0.000000,0.000000,3.000000,0.000000,4.000000,0.000000,0.000000,0.000000,0.000000,0.000000,-0.099818,0.000000,0.000000,0.000000,65535.000000,1.342931,1.515006,1.208781,0.937705,1.208781,0.937705,0.250000,1.000000,1.000000
34800.000000,1.208781,0.937705,0.000000,0.000000,0.000000,3.000000,0.000000,4.000000,0.000000,0.000000,0.000000,0.000000,0.000000,-0.094471,0.000000,0.000000,0.000000,65535.000000,1.342931,1.515006,1.208781,0.937705,1.208781,0.937705,0.250000,1.000000,1.000000
34810.000000,1.208781,0.937705,0.000000,0.000000,0.000000,3.000000,0.000000,4.000000,0.000000,0.000000,0.000000,0.000000,0.000000,-0.093531,0.000000,0.000000,0.000000,65535.000000,1.342931,1.515006,1.208781,0.937705,1.208781,0.937705,0.250000,1.000000,1.000000
34820.000000,1.208781,0.937705,0.000000,0.000000,0.000000,3.000000,0.000000,4.000000,0.000000,0.000000,0.000000,0.000000,0.000000,-0.092600,0.000000,0.000000,0.000000,65535.000000,1.342931,1.515006,1.208781,0.937705,1.208781,0.937705,0.250000,1.000000,1.000000
34830.000000,1.208781,0.937705,0.000000,0.000000,0.000000,3.000000,0.000000,4.000000,0.000000,0.000000,0.000000,0.000000,0.000000,-0.092458,0.000000,0.000000,0.000000,65535.000000,1.342931,1.515006,1.208781,0.937705,1.208781,0.937705,0.250000,1.000000,1.000000
34840.000000,1.208781,0.937705,0.000000,0.000000,0.000000,3.000000,0.000000,4.000000,0.000000,0.000000,0.000000,0.000000,0.000000,-0.096063,0.000000,0.000000,0.000000,65535.000000,1.342931,1.515006,1.208781,0.937705,1.208781,0.937705,0.250000,1.000000,1.000000
34850.000000,1.208781,0.937705,0.000000,0.000000,0.000000,3.000000,0.000000,4.000000,0.000000,0.000000,0.000000,0.000000,0.000000,-0.095106,0.000000,0.000000,0.000000,65535.000000,1.342931,1.515006,1.208781,0.937705,1.208781,0.937705,0.250000,1.000000,1.000000
34860.000000,1.208781,0.937705,0.000000,0.000000,0.000000,3.000000,0.000000,4.000000,0.000000,0.000000,0.000000,0.000000,0.000000,-0.097757,0.000000,0.000000,0.000000,65535.000000,1.342931,1.515006,1.208781,0.937705,1.208781,0.937705,0.250000,1.000000,1.000000
34870.000000,1.208781,0.937705,0.000000,0.000000,0.000000,3.000000,0.000000,4.000000,0.000000,0.000000,0.000000,0.000000,0.000000,-0.091561,0.000000,0.000000,0.000000,65535.000000,1.342931,1.515006,1.208781,0.937705,1.208781,0.937705,0.250000,1.000000,1.000000
34880.000000,1.208781,0.937705,0.000000,0.000000,0.000000,3.000000,0.000000,4.000000,0.000000,0.000000,0.000000,0.000000,0.000000,-0.087149,0.000000,0.000000,0.000000,65535.000000,1.342931,1.515006,1.208781,0.937705,1.208781,0.937705,0.250000,1.000000,1.000000
34890.000000,1.208781,0.937705,0.000000,0.000000,0.000000,3.000000,0.000000,4.000000,0.000000,0.000000,0.000000,0.000000,0.000000,-0.086282,0.000000,0.000000,0.000000,65535.000000,1.342931,1.515006,1.208781,0.937705,1.208781,0.937705,0.250000,1.000000,1.000000
34900.000000,1.208781,0.937705,0.000000,0.000000,0.000000,3.000000,0.000000,4.000000,0.000000,0.000000,0.000000,0.000000,0.000000,-0.094046,0.000000,0.000000,0.000000,65535.000000,1.342931,1.515006,1.208781,0.937705,1.208781,0.937705,0.250000,1.000000,1.000000
34910.000000,1.208781,0.937705,0.000000,0.000000,0.000000,3.000000,0.000000,4.000000,0.000000,0.000000,0.000000,0.000000,0.000000,-0.093412,0.000000,0.000000,0.000000,65535.000000,1.342931,1.515006,1.208781,0.937705,1.208781,0.937705,0.250000,1.000000,1.000000
34920.000000,1.208781,0.937705,0.000000,0.000000,0.000000,3.000000,0.000000,4.000000,0.000000,0.000000,0.000000,0.000000,0.000000,-0.093499,0.000000,0.000000,0.000000,65535.000000,1.342931,1.515006,1.208781,0.937705,1.208781,0.937705,0.250000,1.000000,1.000000
34930.000000,1.208781,0.937705,0.000000,0.000000,0.000000,3.000000,0.000000,4.000000,0.000000,0.000000,0.000000,0.000000,0.000000,-0.092568,0.000000,0.000000,0.000000,65535.000000,1.342931,1.515006,1.208781,0.937705,1.208781,0.937705,0.250000,1.000000,1.000000
34940.000000,1.208781,0.937705,0.000000,0.000000,0.000000,3.000000,0.000000,4.000000,0.000000,0.000000,0.000000,0.000000,0.000000,-0.079677,0.000000,0.000000,0.000000,65535.000000,1.342931,1.515006,1.208781,0.937705,1.208781,0.937705,0.250000,1.000000,1.000000
34950.000000,1.208781,0.937705,0.000000,0.000000,0.000000,3.000000,0.000000,4.000000,0.000000,0.000000,0.000000,0.000000,0.000000,-0.078884,0.000000,0.000000,0.000000,65535.000000,1.342931,1.515006,1.208781,0.937705,1.208781,0.937705,0.250000,1.000000,1.000000
34960.000000,1.208781,0.937705,0.000000,0.000000,0.000000,3.000000,0.000000,4.000000,0.000000,0.000000,0.000000,0.000000,0.000000,-0.078099,0.000000,0.000000,0.000000,65535.000000,1.342931,1.515006,1.208781,0.937705,1.208781,0.937705,0.250000,1.000000,1.000000
34970.000000,1.208781,0.937705,0.000000,0.000000,0.000000,3.000000,0.000000,4.000000,0.000000,0.000000,0.000000,0.000000,0.000000,-0.081098,0.000000,0.000000,0.000000,65535.000000,1.342931,1.515006,1.208781,0.937705,1.208781,0.937705,0.250000,1.000000,1.000000
34980.000000,1.208781,0.937705,0.000000,0.000000,0.000000,3.000000,0.000000,4.000000,0.000000,0.000000,0.000000,0.000000,0.000000,-0.079163,0.000000,0.000000,0.000000,65535.000000,1.342931,1.515006,1.208781,0.937705,1.208781,0.937705,0.250000,1.000000,1.000000
34990.000000,1.208781,0.937705,0.000000,0.000000,0.000000,3.000000,0.000000,4.000000,0.000000,0.000000,0.000000,0.000000,0.000000,-0.073016,0.000000,0.000000,0.000000,65535.000000,1.342931,1.515006,1.208781,0.937705,1.208781,0.937705,0.250000,1.000000,1.000000
35000.000000,1.208781,0.937705,0.000000,0.000000,0.000000,3.000000,0.000000,4.000000,0.000000,0.000000,0.000000,0.000000,0.000000,-0.048467,0.000000,0.000000,0.000000,65535.000000,1.342931,1.515006,1.208781,0.937705,1.208781,0.937705,0.250000,1.000000,1.000000
35010.000000,1.208781,0.937705,0.000000,0.000000,0.000000,3.000000,0.000000,4.000000,0.000000,0.000000,0.000000,0.000000,0.000000,-0.042312,0.000000,0.000000,0.000000,65535.000000,1.342931,1.515006,1.208781,0.937705,1.208781,0.937705,0.250000,1.000000,1.000000
35020.000000,1.208781,0.937705,0.000000,0.000000,0.000000,3.000000,0.000000,4.000000,0.000000,0.000000,0.000000,0.000000,0.000000,-0.041891,0.000000,0.000000,0.000000,65535.000000,1.342931,1.515006,1.208781,0.937705,1.208781,0.937705,0.250000,1.000000,1.000000
35030.000000,1.208781,0.937705,0.000000,0.000000,0.000000,3.000000,0.000000,4.000000,0.000000,0.000000,0.000000,0.000000,0.000000,-0.069045,0.000000,0.000000,0.000000,65535.000000,1.342931,1.515006,1.208781,0.937705,1.208781,0.937705,0.250000,1.000000,1.000000
35040.000000,1.208781,0.937705,0.000000,0.000000,0.000000,3.000000,0.000000,4.000000,0.000000,0.000000,0.000000,0.000000,0.000000,-0.068358,0.000000,0.000000,0.000000,65535.000000,1.342931,1.515006,1.208781,0.937705,1.208781,0.937705,0.250000,1.000000,1.000000
35050.000000,1.208781,0.937705,0.000000,0.000000,0.000000,3.000000,0.000000,4.000000,0.000000,0.000000,0.000000,0.000000,0.000000,-0.085079,0.000000,0.000000,0.000000,65535.000000,1.342931,1.515006,1.208781,0.937705,1.208781,0.937705,0.250000,1.000000,1.000000
35060.000000,1.208781,0.937705,0.000000,0.000000,0.000000,3.000000,0.000000,4.000000,0.000000,0.000000,0.000000,0.000000,0.000000,-0.060964,0.000000,0.000000,0.000000,65535.000000,1.342931,1.515006,1.208781,0.937705,1.208781,0.937705,0.250000,1.000000,1.000000
35070.000000,1.208781,0.937705,0.000000,0.000000,0.000000,3.000000,0.000000,4.000000,0.000000,0.000000,0.000000,0.000000,0.000000,-0.060357,0.000000,0.000000,0.000000,65535.000000,1.342931,1.515006,1.208781,0.937705,1.208781,0.937705,0.250000,1.000000,1.000000
35080.000000,1.208781,0.937705,0.000000,0.000000,0.000000,3.000000,0.000000,4.000000,0.000000,0.000000,0.000000,0.000000,0.000000,-0.059757,0.000000,0.000000,0.000000,65535.000000,1.342931,1.515006,1.208781,0.937705,1.208781,0.937705,0.250000,1.000000,1.000000
35090.000000,1.208781,0.937705,0.000000,0.000000,0.000000,3.000000,0.000000,4.000000,0.000000,0.000000,0.000000,0.000000,0.000000,-0.069386,0.000000,0.000000,0.000000,65535.000000,1.342931,1.515006,1.208781,0.937705,1.208781,0.937705,0.250000,1.000000,1.000000
35100.000000,1.208781,0.937705,0.000000,0.000000,0.000000,3.000000,0.000000,4.000000,0.000000,0.000000,0.000000,0.000000,0.000000,-0.070104,0.000000,0.000000,0.000000,65535.000000,1.342931,1.515006,1.208781,0.937705,1.208781,0.937705,0.250000,1.000000,1.000000
35110.000000,1.208781,0.937705,0.000000,0.000000,0.000000,3.000000,0.000000,4.000000,0.000000,0.000000,0.000000,0.000000,0.000000,-0.069406,0.000000,0.000000,0.000000,65535.000000,1.342931,1.515006,1.208781,0.937705,1.208781,0.937705,0.250000,1.000000,1.000000
35120.000000,1.208781,0.937705,0.000000,0.000000,0.000000,3.000000,0.000000,4.000000,0.000000,0.000000,0.000000,0.000000,0.000000,-0.068057,0.000000,0.000000,0.000000,65535.000000,1.342931,1.515006,1.208781,0.937705,1.208781,0.937705,0.250000,1.000000,1.000000
35130.000000,1.208781,0.937705,0.000000,0.000000,0.000000,3.000000,0.000000,4.000000,0.000000,0.000000,0.000000,0.000000,0.000000,-0.067379,0.000000,0.000000,0.000000,65535.000000,1.342931,1.515006,1.208781,0.937705,1.208781,0.937705,0.250000,1.000000,1.000000
35140.000000,1.208781,0.937705,0.000000,0.000000,0.000000,3.000000,0.000000,4.000000,0.000000,0.000000,0.000000,0.000000,0.000000,-0.071734,0.000000,0.000000,0.000000,65535.000000,1.342931,1.515006,1.208781,0.937705,1.208781,0.937705,0.250000,1.000000,1.000000
35150.000000,1.208781,0.937705,0.000000,0.000000,0.000000,3.000000,0.000000,4.000000,0.000000,0.000000,0.000000,0.000000,0.000000,-0.076964,0.000000,0.000000,0.000000,65535.000000,1.342931,1.515006,1.208781,0.937705,1.208781,0.937705,0.250000,1.000000,1.000000
35160.000000,1.208781,0.937705,0.000000,0.000000,0.000000,3.000000,0.000000,4.000000,0.000000,0.000000,0.000000,0.000000,0.000000,-0.068433,0.000000,0.000000,0.000000,65535.000000,1.342931,1.515006,1.208781,0.937705,1.208781,0.937705,0.250000,1.000000,1.000000
35170.000000,1.208781,0.937705,0.000000,0.000000,0.000000,3.000000,0.000000,4.000000,0.000000,0.000000,0.000000,0.000000,0.000000,-0.067752,0.000000,0.000000,0.000000,65535.000000,1.342931,1.515006,1.208781,0.937705,1.208781,0.937705,0.250000,1.000000,1.000000
35180.000000,1.208781,0.937705,0.000000,0.000000,0.000000,3.000000,0.000000,4.000000,0.000000,0.000000,0.000000,0.000000,0.000000,-0.067374,0.000000,0.000000,0.000000,65535.000000,1.342931,1.515006,1.208781,0.937705,1.208781,0.937705,0.250000,1.000000,1.000000
35190.000000,1.208781,0.937705,0.000000,0.000000,0.000000,3.000000,0.000000,4.000000,0.000000,0.000000,0.000000,0.000000,0.000000,-0.066442,0.000000,0.000000,0.000000,65535.000000,1.342931,1.515006,1.208781,0.937705,1.208781,0.937705,0.250000,1.000000,1.000000
35200.000000,1.208781,0.937705,0.000000,0.000000,0.000000,3.000000,0.000000,4.000000,0.000000,0.000000,0.000000,0.000000,0.000000,-0.064777,0.000000,0.000000,0.000000,65535.000000,1.342931,1.515006,1.208781,0.937705,1.208781,0.937705,0.250000,1.000000,1.000000
35210.000000,1.208781,0.937705,0.000000,0.000000,0.000000,3.000000,0.000000,4.000000,0.000000,0.000000,0.000000,0.000000,0.000000,-0.064132,0.000000,0.000000,0.000000,65535.000000,1.342931,1.515006,1.208781,0.937705,1.208781,0.937705,0.250000,1.000000,1.000000
35220.000000,1.208781,0.937705,0.000000,0.000000,0.000000,3.000000,0.000000,4.000000,0.000000,0.000000,0.000000,0.000000,0.000000,-0.063493,0.000000,0.000000,0.000000,65535.000000,1.342931,1.515006,1.208781,0.937705,1.208781,0.937705,0.250000,1.000000,1.000000
35230.000000,1.208781,0.937705,0.000000,0.000000,0.000000,3.000000,0.000000,4.000000,0.000000,0.000000,0.000000,0.000000,0.000000,-0.063874,0.000000,0.000000,0.000000,65535.000000,1.342931,1.515006,1.208781,0.937705,1.208781,0.937705,0.250000,1.000000,1.000000
35240.000000,1.208781,0.937705,0.000000,0.000000,0.000000,3.000000,0.000000,4.000000,0.000000,0.000000,0.000000,0.000000,0.000000,-0.068742,0.000000,0.000000,0.000000,65535.000000,1.342931,1.515006,1.208781,0.937705,1.208781,0.937705,0.250000,1.000000,1.000000
35250.000000,1.208781,0.937705,0.000000,0.000000,0.000000,3.000000,0.000000,4.000000,0.000000,0.000000,0.000000,0.000000,0.000000,-0.068643,0.000000,0.000000,0.000000,65535.000000,1.342931,1.515006,1.208781,0.937705,1.208781,0.937705,0.250000,1.000000,1.000000
35260.000000,1.208781,0.937705,0.000000,0.000000,0.000000,3.000000,0.000000,4.000000,0.000000,0.000000,0.000000,0.000000,0.000000,-0.062511,0.000000,0.000000,0.000000,65535.000000,1.342931,1.515006,1.208781,0.937705,1.208781,0.937705,0.250000,1.000000,1.000000
35270.000000,1.208781,0.937705,0.000000,0.000000,0.000000,3.000000,0.000000,4.000000,0.000000,0.000000,0.000000,0.000000,0.000000,-0.061889,0.000000,0.000000,0.000000,65535.000000,1.342931,1.515006,1.208781,0.937705,1.208781,0.937705,0.250000,1.000000,1.000000
35280.000000,1.208781,0.937705,0.000000,0.000000,0.000000,3.000000,0.000000,4.000000,0.000000,0.000000,0.000000,0.000000,0.000000,-0.061381,0.000000,0.000000,0.000000,65535.000000,1.342931,1.515006,1.208781,0.937705,1.208781,0.937705,0.250000,1.000000,1.000000
35290.000000,1.208781,0.937705,0.000000,0.000000,0.000000,3.000000,0.000000,4.000000,0.000000,0.000000,0.000000,0.000000,0.000000,-0.063230,0.000000,0.000000,0.000000,65535.000000,1.342931,1.515006,1.208781,0.937705,1.208781,0.937705,0.250000,1.000000,1.000000
35300.000000,1.208781,0.937705,0.000000,0.000000,0.000000,3.000000,0.000000,4.000000,0.000000,0.000000,0.000000,0.000000,0.000000,-0.061054,0.000000,0.000000,0.000000,65535.000000,1.342931,1.515006,1.208781,0.937705,1.208781,0.937705,0.250000,1.000000,1.000000
35310.000000,1.208781,0.937705,0.000000,0.000000,0.000000,3.000000,0.000000,4.000000,0.000000,0.000000,0.000000,0.000000,0.000000,-0.060447,0.000000,0.000000,0.000000,65535.000000,1.342931,1.515006,1.208781,0.937705,1.208781,0.937705,0.250000,1.000000,1.000000
35320.000000,1.208781,0.937705,0.000000,0.000000,0.000000,3.000000,0.000000,4.000000,0.000000,0.000000,0.000000,0.000000,0.000000,-0.058761,0.000000,0.000000,0.000000,65535.000000,1.342931,1.515006,1.208781,0.937705,1.208781,0.937705,0.250000,1.000000,1.000000
35330.000000,1.208781,0.937705,0.000000,0.000000,0.000000,3.000000,0.000000,4.000000,0.000000,0.000000,0.000000,0.000000,0.000000,-0.058176,0.000000,0.000000,0.000000,65535.000000,1.342931,1.515006,1.208781,0.937705,1.208781,0.937705,0.250000,1.000000,1.000000
35340.000000,1.208781,0.937705,0.000000,0.000000,0.000000,3.000000,0.000000,4.000000,0.000000,0.000000,0.000000,0.000000,0.000000,-0.060064,0.000000,0.000000,0.000000,65535.000000,1.342931,1.515006,1.208781,0.937705,1.208781,0.937705,0.250000,1.000000,1.000000
35350.000000,1.208781,0.937705,0.000000,0.000000,0.000000,3.000000,0.000000,4.000000,0.000000,0.000000,0.000000,0.000000,0.000000,-0.062984,0.000000,0.000000,0.000000,65535.000000,1.342931,1.515006,1.208781,0.937705,1.208781,0.937705,0.250000,1.000000,1.000000
35360.000000,1.208781,0.937705,0.000000,0.000000,0.000000,3.000000,0.000000,4.000000,0.000000,0.000000,0.000000,0.000000,0.000000,-0.063892,0.000000,0.000000,0.000000,65535.000000,1.342931,1.515006,1.208781,0.937705,1.208781,0.937705,0.250000,1.000000,1.000000
35370.000000,1.208781,0.937705,0.000000,0.000000,0.000000,3.000000,0.000000,4.000000,0.000000,0.000000,0.000000,0.000000,0.000000,-0.063256,0.000000,0.000000,0.000000,65535.000000,1.342931,1.515006,1.208781,0.937705,1.208781,0.937705,0.250000,1.000000,1.000000
35380.000000,1.208781,0.937705,0.000000,0.000000,0.000000,3.000000,0.000000,4.000000,0.000000,0.000000,0.000000,0.000000,0.000000,-0.067825,0.000000,0.000000,0.000000,65535.000000,1.342931,1.515006,1.208781,0.937705,1.208781,0.937705,0.250000,1.000000,1.000000
35390.000000,1.208781,0.937705,0.000000,0.000000,0.000000,3.000000,0.000000,4.000000,0.000000,0.000000,0.000000,0.000000,0.000000,-0.068579,0.000000,0.000000,0.000000,65535.000000,1.342931,1.515006,1.208781,0.937705,1.208781,0.937705,0.250000,1.000000,1.000000
35400.000000,1.208781,0.937705,0.000000,0.000000,0.000000,3.000000,0.000000,4.000000,0.000000,0.000000,0.000000,0.000000,0.000000,-0.067844,0.000000,0.000000,0.000000,65535.000000,1.342931,1.515006,1.208781,0.937705,1.208781,0.937705,0.250000,1.000000,1.000000
35410.000000,1.208781,0.937705,0.000000,0.000000,0.000000,3.000000,0.000000,4.000000,0.000000,0.000000,0.000000,0.000000,0.000000,-0.063353,0.000000,0.000000,0.000000,65535.000000,1.342931,1.515006,1.208781,0.937705,1.208781,0.937705,0.250000,1.000000,1.000000
35420.000000,1.208781,0.937705,0.000000,0.000000,0.000000,3.000000,0.000000,4.000000,0.000000,0.000000,0.000000,0.000000,0.000000,-0.062722,0.000000,0.000000,0.000000,65535.000000,1.342931,1.515006,1.208781,0.937705,1.208781,0.937705,0.250000,1.000000,1.000000
35430.000000,1.208781,0.937705,0.000000,0.000000,0.000000,3.000000,0.000000,4.000000,0.000000,0.000000,0.000000,0.000000,0.000000,-0.062098,0.000000,0.000000,0.000000,65535.000000,1.342931,1.515006,1.208781,0.937705,1.208781,0.937705,0.250000,1.000000,1.000000
35440.000000,1.208781,0.937705,0.000000,0.000000,0.000000,3.000000,0.000000,4.000000,0.000000,0.000000,0.000000,0.000000,0.000000,-0.061514,0.000000,0.000000,0.000000,65535.000000,1.342931,1.515006,1.208781,0.937705,1.208781,0.937705,0.250000,1.000000,1.000000
35450.000000,1.208781,0.937705,0.000000,0.000000,0.000000,3.000000,0.000000,4.000000,0.000000,0.000000,0.000000,0.000000,0.000000,-0.060902,0.000000,0.000000,0.000000,65535.000000,1.342931,1.515006,1.208781,0.937705,1.208781,0.937705,0.250000,1.000000,1.000000
35460.000000,1.208781,0.937705,0.000000,0.000000,0.000000,3.000000,0.000000,4.000000,0.000000,0.000000,0.000000,0.000000,0.000000,-0.067400,0.000000,0.000000,0.000000,65535.000000,1.342931,1.515006,1.208781,0.937705,1.208781,0.937705,0.250000,1.000000,1.000000
35470.000000,1.208781,0.937705,0.000000,0.000000,0.000000,3.000000,0.000000,4.000000,0.000000,0.000000,0.000000,0.000000,0.000000,-0.062628,0.000000,0.000000,0.000000,65535.000000,1.342931,1.515006,1.208781,0.937705,1.208781,0.937705,0.250000,1.000000,1.000000
35480.000000,1.208781,0.937705,0.000000,0.000000,0.000000,3.000000,0.000000,4.000000,0.000000,0.000000,0.000000,0.000000,0.000000,-0.058683,0.000000,0.000000,0.000000,65535.000000,1.342931,1.515006,1.208781,0.937705,1.208781,0.937705,0.250000,1.000000,1.000000
35490.000000,1.208781,0.937705,0.000000,0.000000,0.000000,3.000000,0.000000,4.000000,0.000000,0.000000,0.000000,0.000000,0.000000,-0.048444,0.000000,0.000000,0.000000,65535.000000,1.342931,1.515006,1.208781,0.937705,1.208781,0.937705,0.250000,1.000000,1.000000
35500.000000,1.208781,0.937705,0.000000,0.000000,0.000000,3.000000,0.000000,4.000000,0.000000,0.000000,0.000000,0.000000,0.000000,-0.047491,0.000000,0.000000,0.000000,65535.000000,1.342931,1.515006,1.208781,0.937705,1.208781,0.937705,0.250000,1.000000,1.000000
35510.000000,1.208781,0.937705,0.000000,0.000000,0.000000,3.000000,0.000000,4.000000,0.000000,0.000000,0.000000,0.000000,0.000000,-0.047019,0.000000,0.000000,0.000000,65535.000000,1.342931,1.515006,1.208781,0.937705,1.208781,0.937705,0.250000,1.000000,1.000000
35520.000000,1.208781,0.937705,0.000000,0.000000,0.000000,3.000000,0.000000,4.000000,0.000000,0.000000,0.000000,0.000000,0.000000,-0.053433,0.000000,0.000000,0.000000,65535.000000,1.342931,1.515006,1.208781,0.937705,1.208781,0.937705,0.250000,1.000000,1.000000
35530.000000,1.208781,0.937705,0.000000,0.000000,0.000000,3.000000,0.000000,4.000000,0.000000,0.000000,0.000000,0.000000,0.000000,-0.064232,0.000000,0.000000,0.000000,65535.000000,1.342931,1.515006,1.208781,0.937705,1.208781,0.937705,0.250000,1.000000,1.000000
35540.000000,1.208781,0.937705,0.000000,0.000000,0.000000,3.000000,0.000000,4.000000,0.000000,0.000000,0.000000,0.000000,0.000000,-0.052751,0.000000,0.000000,0.000000,65535.000000,1.342931,1.515006,1.208781,0.937705,1.208781,0.937705,0.250000,1.000000,1.000000
