I0,I1,I2,I3,I4,I5,I6,I7,I8,I9,I10,I11,I12,I13,I14,I15,I16,I17,I18,I19,I20,I21,I22,I23,I24,I25,I26,I27
2970.000000,6.000000,1.000000,0.000000,0.000000,0.000000,0.000000,0.000000,0.000000,0.000000,0.000000,0.000000,0.000000,0.000000,-0.199735,0.000000,0.000000,0.000000,65535.000000,0.000000,0.000000,6.000000,1.000000,6.000000,1.000000,0.000000,0.000000,1.000000
2980.000000,6.000000,1.000000,0.000000,0.000000,0.000000,0.000000,0.000000,0.000000,0.000000,0.000000,0.000000,0.000000,0.000000,-0.197747,0.000000,0.000000,0.000000,65535.000000,0.000000,0.000000,6.000000,1.000000,6.000000,1.000000,0.000000,0.000000,1.000000
2990.000000,6.000000,1.000000,0.000000,0.000000,0.000000,0.000000,0.000000,0.000000,0.000000,0.000000,0.000000,0.000000,0.000000,-0.195778,0.000000,0.000000,0.000000,65535.000000,0.000000,0.000000,6.000000,1.000000,6.000000,1.000000,0.000000,0.000000,1.000000
3000.000000,6.000000,1.000000,0.000000,0.000000,0.000000,0.000000,0.000000,0.000000,0.000000,0.000000,0.000000,0.000000,0.000000,-0.200232,0.000000,0.000000,0.000000,65535.000000,0.000000,0.000000,6.000000,1.000000,6.000000,1.000000,0.000000,0.000000,1.000000
3010.000000,6.000000,1.000000,0.000000,0.000000,0.000000,0.000000,0.000000,0.000000,0.000000,0.000000,0.000000,0.000000,0.000000,-0.198238,0.000000,0.000000,0.000000,65535.000000,0.000000,0.000000,6.000000,1.000000,6.000000,1.000000,0.000000,0.000000,1.000000
3020.000000,6.000000,1.000000,0.000000,0.000000,0.000000,0.000000,0.000000,0.000000,0.000000,0.000000,0.000000,0.000000,0.000000,-0.196265,0.000000,0.000000,0.000000,65535.000000,0.000000,0.000000,6.000000,1.000000,6.000000,1.000000,0.000000,0.000000,1.000000
3030.000000,6.000000,1.000000,0.000000,0.000000,0.000000,0.000000,0.000000,0.000000,0.000000,0.000000,0.000000,0.000000,0.000000,-0.193613,0.000000,0.000000,0.000000,65535.000000,0.000000,0.000000,6.000000,1.000000,6.000000,1.000000,0.000000,0.000000,1.000000
3040.000000,6.000000,1.000000,0.000000,0.000000,0.000000,0.000000,0.000000,0.000000,0.000000,0.000000,0.000000,0.000000,0.000000,-0.187145,0.000000,0.000000,0.000000,65535.000000,0.000000,0.000000,6.000000,1.000000,6.000000,1.000000,0.000000,0.000000,1.000000
3050.000000,6.000000,1.000000,0.000000,0.000000,0.000000,0.000000,0.000000,0.000000,0.000000,0.000000,0.000000,0.000000,0.000000,-0.185240,0.000000,0.000000,0.000000,65535.000000,0.000000,0.000000,6.000000,1.000000,6.000000,1.000000,0.000000,0.000000,1.000000
3060.000000,6.000000,1.000000,0.000000,0.000000,0.000000,0.000000,0.000000,0.000000,0.000000,0.000000,0.000000,0.000000,0.000000,-0.183396,0.000000,0.000000,0.000000,65535.000000,0.000000,0.000000,6.000000,1.000000,6.000000,1.000000,0.000000,0.000000,1.000000
3070.000000,6.000000,1.000000,0.000000,0.000000,0.000000,0.000000,0.000000,0.000000,0.000000,0.000000,0.000000,0.000000,0.000000,-0.184380,0.000000,0.000000,0.000000,65535.000000,0.000000,0.000000,6.000000,1.000000,6.000000,1.000000,0.000000,0.000000,1.000000
3080.000000,6.000000,1.000000,0.000000,0.000000,0.000000,0.000000,0.000000,0.000000,0.000000,0.000000,0.000000,0.000000,0.000000,-0.183952,0.000000,0.000000,0.000000,65535.000000,0.000000,0.000000,6.000000,1.000000,6.000000,1.000000,0.000000,0.000000,1.000000
3090.000000,6.000000,1.000000,0.000000,0.000000,0.000000,0.000000,0.000000,0.000000,0.000000,0.000000,0.000000,0.000000,0.000000,-0.185119,0.000000,0.000000,0.000000,65535.000000,0.000000,0.000000,6.000000,1.000000,6.000000,1.000000,0.000000,0.000000,1.000000
3100.000000,6.000000,1.000000,0.000000,0.000000,0.000000,0.000000,0.000000,0.000000,0.000000,0.000000,0.000000,0.000000,0.000000,-0.182956,0.000000,0.000000,0.000000,65535.000000,0.000000,0.000000,6.000000,1.000000,6.000000,1.000000,0.000000,0.000000,1.000000
3110.000000,6.000000,1.000000,0.000000,0.000000,0.000000,0.000000,0.000000,0.000000,0.000000,0.000000,0.000000,0.000000,0.000000,-0.181135,0.000000,0.000000,0.000000,65535.000000,0.000000,0.000000,6.000000,1.000000,6.000000,1.000000,0.000000,0.000000,1.000000
3120.000000,6.000000,1.000000,0.000000,0.000000,0.000000,0.000000,0.000000,0.000000,0.000000,0.000000,0.000000,0.000000,0.000000,-0.186182,0.000000,0.000000,0.000000,65535.000000,0.000000,0.000000,6.000000,1.000000,6.000000,1.000000,0.000000,0.000000,1.000000
3130.000000,6.000000,1.000000,0.000000,0.000000,0.000000,0.000000,0.000000,0.000000,0.000000,0.000000,0.000000,0.000000,0.000000,-0.183343,0.000000,0.000000,0.000000,65535.000000,0.000000,0.000000,6.000000,1.000000,6.000000,1.000000,0.000000,0.000000,1.000000
3140.000000,6.000000,1.000000,0.000000,0.000000,0.000000,0.000000,0.000000,0.000000,0.000000,0.000000,0.000000,0.000000,0.000000,-0.181517,0.000000,0.000000,0.000000,65535.000000,0.000000,0.000000,6.000000,1.000000,6.000000,1.000000,0.000000,0.000000,1.000000
3150.000000,6.000000,1.000000,0.000000,0.000000,0.000000,0.000000,0.000000,0.000000,0.000000,0.000000,0.000000,0.000000,0.000000,-0.180189,0.000000,0.000000,0.000000,65535.000000,0.000000,0.000000,6.000000,1.000000,6.000000,1.000000,0.000000,0.000000,1.000000
3160.000000,6.000000,1.000000,0.000000,0.000000,0.000000,0.000000,0.000000,0.000000,0.000000,0.000000,0.000000,0.000000,0.000000,-0.178741,0.000000,0.000000,0.000000,65535.000000,0.000000,0.000000,6.000000,1.000000,6.000000,1.000000,0.000000,0.000000,1.000000
3170.000000,6.000000,1.000000,0.000000,0.000000,0.000000,0.000000,0.000000,0.000000,0.000000,0.000000,0.000000,0.000000,0.000000,-0.178753,0.000000,0.000000,0.000000,65535.000000,0.000000,0.000000,6.000000,1.000000,6.000000,1.000000,0.000000,0.000000,1.000000
3180.000000,6.000000,1.000000,0.000000,0.000000,0.000000,0.000000,0.000000,0.000000,0.000000,0.000000,0.000000,0.000000,0.000000,-0.176973,0.000000,0.000000,0.000000,65535.000000,0.000000,0.000000,6.000000,1.000000,6.000000,1.000000,0.000000,0.000000,1.000000
3190.000000,6.000000,1.000000,0.000000,0.000000,0.000000,0.000000,0.000000,0.000000,0.000000,0.000000,0.000000,0.000000,0.000000,-0.177290,0.000000,0.000000,0.000000,65535.000000,0.000000,0.000000,6.000000,1.000000,6.000000,1.000000,0.000000,0.000000,1.000000
3200.000000,6.000000,1.000000,0.000000,0.000000,0.000000,0.000000,0.000000,0.000000,0.000000,0.000000,0.000000,0.000000,0.000000,-0.178025,0.000000,0.000000,0.000000,65535.000000,0.000000,0.000000,6.000000,1.000000,6.000000,1.000000,0.000000,0.000000,1.000000
3210.000000,6.000000,1.000000,0.000000,0.000000,0.000000,0.000000,0.000000,0.000000,0.000000,0.000000,0.000000,0.000000,0.000000,-0.158635,0.000000,0.000000,0.000000,65535.000000,0.000000,0.000000,6.000000,1.000000,6.000000,1.000000,0.000000,0.000000,1.000000
3220.000000,6.000000,1.000000,0.000000,0.000000,0.000000,0.000000,0.000000,0.000000,0.000000,0.000000,0.000000,0.000000,0.000000,-0.155527,0.000000,0.000000,0.000000,65535.000000,0.000000,0.000000,6.000000,1.000000,6.000000,1.000000,0.000000,0.000000,1.000000
3230.000000,6.000000,1.000000,0.000000,0.000000,0.000000,0.000000,0.000000,0.000000,0.000000,0.000000,0.000000,0.000000,0.000000,-0.153979,0.000000,0.000000,0.000000,65535.000000,0.000000,0.000000,6.000000,1.000000,6.000000,1.000000,0.000000,0.000000,1.000000
3240.000000,6.000000,1.000000,0.000000,0.000000,0.000000,0.000000,0.000000,0.000000,0.000000,0.000000,0.000000,0.000000,0.000000,-0.155682,0.000000,0.000000,0.000000,65535.000000,0.000000,0.000000,6.000000,1.000000,6.000000,1.000000,0.000000,0.000000,1.000000
3250.000000,6.000000,1.000000,0.000000,0.000000,0.000000,0.000000,0.000000,0.000000,0.000000,0.000000,0.000000,0.000000,0.000000,-0.157798,0.000000,0.000000,0.000000,65535.000000,0.000000,0.000000,6.000000,1.000000,6.000000,1.000000,0.000000,0.000000,1.000000
3260.000000,6.000000,1.000000,0.000000,0.000000,0.000000,0.000000,0.000000,0.000000,0.000000,0.000000,0.000000,0.000000,0.000000,-0.156228,0.000000,0.000000,0.000000,65535.000000,0.000000,0.000000,6.000000,1.000000,6.000000,1.000000,0.000000,0.000000,1.000000
3270.000000,6.000000,1.000000,0.000000,0.000000,0.000000,0.000000,0.000000,0.000000,0.000000,0.000000,0.000000,0.000000,0.000000,-0.154672,0.000000,0.000000,0.000000,65535.000000,0.000000,0.000000,6.000000,1.000000,6.000000,1.000000,0.000000,0.000000,1.000000
3280.000000,6.000000,1.000000,0.000000,0.000000,0.000000,0.000000,0.000000,0.000000,0.000000,0.000000,0.000000,0.000000,0.000000,-0.165280,0.000000,0.000000,0.000000,65535.000000,0.000000,0.000000,6.000000,1.000000,6.000000,1.000000,0.000000,0.000000,1.000000
3290.000000,6.000000,1.000000,0.000000,0.000000,0.000000,0.000000,0.000000,0.000000,0.000000,0.000000,0.000000,0.000000,0.000000,-0.159189,0.000000,0.000000,0.000000,65535.000000,0.000000,0.000000,6.000000,1.000000,6.000000,1.000000,0.000000,0.000000,1.000000
3300.000000,6.000000,1.000000,0.000000,0.000000,0.000000,0.000000,0.000000,0.000000,0.000000,0.000000,0.000000,0.000000,0.000000,-0.157604,0.000000,0.000000,0.000000,65535.000000,0.000000,0.000000,6.000000,1.000000,6.000000,1.000000,0.000000,0.000000,1.000000
3310.000000,6.000000,1.000000,0.000000,0.000000,0.000000,0.000000,0.000000,0.000000,0.000000,0.000000,0.000000,0.000000,0.000000,-0.132862,0.000000,0.000000,0.000000,65535.000000,0.000000,0.000000,6.000000,1.000000,6.000000,1.000000,0.000000,0.000000,1.000000
3320.000000,6.000000,1.000000,0.000000,0.000000,0.000000,0.000000,0.000000,0.000000,0.000000,0.000000,0.000000,0.000000,0.000000,-0.131521,0.000000,0.000000,0.000000,65535.000000,0.000000,0.000000,6.000000,1.000000,6.000000,1.000000,0.000000,0.000000,1.000000
3330.000000,6.000000,1.000000,0.000000,0.000000,0.000000,0.000000,0.000000,0.000000,0.000000,0.000000,0.000000,0.000000,0.000000,-0.130212,0.000000,0.000000,0.000000,65535.000000,0.000000,0.000000,6.000000,1.000000,6.000000,1.000000,0.000000,0.000000,1.000000
3340.000000,6.000000,1.000000,0.000000,0.000000,0.000000,0.000000,0.000000,0.000000,0.000000,0.000000,0.000000,0.000000,0.000000,-0.139078,0.000000,0.000000,0.000000,65535.000000,0.000000,0.000000,6.000000,1.000000,6.000000,1.000000,0.000000,0.000000,1.000000
3350.000000,6.000000,1.000000,0.000000,0.000000,0.000000,0.000000,0.000000,0.000000,0.000000,0.000000,0.000000,0.000000,0.000000,-0.154161,0.000000,0.000000,0.000000,65535.000000,0.000000,0.000000,6.000000,1.000000,6.000000,1.000000,0.000000,0.000000,1.000000
3360.000000,6.000000,1.000000,0.000000,0.000000,0.000000,0.000000,0.000000,0.000000,0.000000,0.000000,0.000000,0.000000,0.000000,-0.154068,0.000000,0.000000,0.000000,65535.000000,0.000000,0.000000,6.000000,1.000000,6.000000,1.000000,0.000000,0.000000,1.000000
3370.000000,6.000000,1.000000,0.000000,0.000000,0.000000,0.000000,0.000000,0.000000,0.000000,0.000000,0.000000,0.000000,0.000000,-0.154210,0.000000,0.000000,0.000000,65535.000000,0.000000,0.000000,6.000000,1.000000,6.000000,1.000000,0.000000,0.000000,1.000000
3380.000000,6.000000,1.000000,0.000000,0.000000,0.000000,0.000000,0.000000,0.000000,0.000000,0.000000,0.000000,0.000000,0.000000,-0.151444,0.000000,0.000000,0.000000,65535.000000,0.000000,0.000000,6.000000,1.000000,6.000000,1.000000,0.000000,0.000000,1.000000
3390.000000,6.000000,1.000000,0.000000,0.000000,0.000000,0.000000,0.000000,0.000000,0.000000,0.000000,0.000000,0.000000,0.000000,-0.143672,0.000000,0.000000,0.000000,65535.000000,0.000000,0.000000,6.000000,1.000000,6.000000,1.000000,0.000000,0.000000,1.000000
3400.000000,6.000000,1.000000,0.000000,0.000000,0.000000,0.000000,0.000000,0.000000,0.000000,0.000000,0.000000,0.000000,0.000000,-0.142110,0.000000,0.000000,0.000000,65535.000000,0.000000,0.000000,6.000000,1.000000,6.000000,1.000000,0.000000,0.000000,1.000000
3410.000000,6.000000,1.000000,0.000000,0.000000,0.000000,0.000000,0.000000,0.000000,0.000000,0.000000,0.000000,0.000000,0.000000,-0.138986,0.000000,0.000000,0.000000,65535.000000,0.000000,0.000000,6.000000,1.000000,6.000000,1.000000,0.000000,0.000000,1.000000
3420.000000,6.000000,1.000000,0.000000,0.000000,0.000000,0.000000,0.000000,0.000000,0.000000,0.000000,0.000000,0.000000,0.000000,-0.137602,0.000000,0.000000,0.000000,65535.000000,0.000000,0.000000,6.000000,1.000000,6.000000,1.000000,0.000000,0.000000,1.000000
3430.000000,6.000000,1.000000,0.000000,0.000000,0.000000,0.000000,0.000000,0.000000,0.000000,0.000000,0.000000,0.000000,0.000000,-0.134500,0.000000,0.000000,0.000000,65535.000000,0.000000,0.000000,6.000000,1.000000,6.000000,1.000000,0.000000,0.000000,1.000000
3440.000000,6.000000,1.000000,0.000000,0.000000,0.000000,0.000000,0.000000,0.000000,0.000000,0.000000,0.000000,0.000000,0.000000,-0.133161,0.000000,0.000000,0.000000,65535.000000,0.000000,0.000000,6.000000,1.000000,6.000000,1.000000,0.000000,0.000000,1.000000
3450.000000,6.000000,1.000000,0.000000,0.000000,0.000000,0.000000,0.000000,0.000000,0.000000,0.000000,0.000000,0.000000,0.000000,-0.131835,0.000000,0.000000,0.000000,65535.000000,0.000000,0.000000,6.000000,1.000000,6.000000,1.000000,0.000000,0.000000,1.000000
3460.000000,6.000000,1.000000,0.000000,0.000000,0.000000,0.000000,0.000000,0.000000,0.000000,0.000000,0.000000,0.000000,0.000000,-0.138455,0.000000,0.000000,0.000000,65535.000000,0.000000,0.000000,6.000000,1.000000,6.000000,1.000000,0.000000,0.000000,1.000000
3470.000000,6.000000,1.000000,0.000000,0.000000,0.000000,0.000000,0.000000,0.000000,0.000000,0.000000,0.000000,0.000000,0.000000,-0.129114,0.000000,0.000000,0.000000,65535.000000,0.000000,0.000000,6.000000,1.000000,6.000000,1.000000,0.000000,0.000000,1.000000
3480.000000,6.000000,1.000000,0.000000,0.000000,0.000000,0.000000,0.000000,0.000000,0.000000,0.000000,0.000000,0.000000,0.000000,-0.125880,0.000000,0.000000,0.000000,65535.000000,0.000000,0.000000,6.000000,1.000000,6.000000,1.000000,0.000000,0.000000,1.000000
3490.000000,6.000000,1.000000,0.000000,0.000000,0.000000,0.000000,0.000000,0.000000,0.000000,0.000000,0.000000,0.000000,0.000000,-0.124626,0.000000,0.000000,0.000000,65535.000000,0.000000,0.000000,6.000000,1.000000,6.000000,1.000000,0.000000,0.000000,1.000000
3500.000000,6.000000,1.000000,0.000000,0.000000,0.000000,0.000000,0.000000,0.000000,0.000000,0.000000,0.000000,0.000000,0.000000,-0.124634,0.000000,0.000000,0.000000,65535.000000,0.000000,0.000000,6.000000,1.000000,6.000000,1.000000,0.000000,0.000000,1.000000
3510.000000,6.000000,1.000000,0.000000,0.000000,0.000000,0.000000,0.000000,0.000000,0.000000,0.000000,0.000000,0.000000,0.000000,-0.128789,0.000000,0.000000,0.000000,65535.000000,0.000000,0.000000,6.000000,1.000000,6.000000,1.000000,0.000000,0.000000,1.000000
3520.000000,6.000000,1.000000,0.000000,0.000000,0.000000,0.000000,0.000000,0.000000,0.000000,0.000000,0.000000,0.000000,0.000000,-0.115703,0.000000,0.000000,0.000000,65535.000000,0.000000,0.000000,6.000000,1.000000,6.000000,1.000000,0.000000,0.000000,1.000000
3530.000000,6.000000,1.000000,0.000000,0.000000,0.000000,0.000000,0.000000,0.000000,0.000000,0.000000,0.000000,0.000000,0.000000,-0.112419,0.000000,0.000000,0.000000,65535.000000,0.000000,0.000000,6.000000,1.000000,6.000000,1.000000,0.000000,0.000000,1.000000
3540.000000,6.000000,1.000000,0.000000,0.000000,0.000000,0.000000,0.000000,0.000000,0.000000,0.000000,0.000000,0.000000,0.000000,-0.111299,0.000000,0.000000,0.000000,65535.000000,0.000000,0.000000,6.000000,1.000000,6.000000,1.000000,0.000000,0.000000,1.000000
3550.000000,6.000000,1.000000,0.000000,0.000000,0.000000,0.000000,0.000000,0.000000,0.000000,0.000000,0.000000,0.000000,0.000000,-0.114986,0.000000,0.000000,0.000000,65535.000000,0.000000,0.000000,6.000000,1.000000,6.000000,1.000000,0.000000,0.000000,1.000000
3560.000000,6.000000,1.000000,0.000000,0.000000,0.000000,0.000000,0.000000,0.000000,0.000000,0.000000,0.000000,0.000000,0.000000,-0.114162,0.000000,0.000000,0.000000,65535.000000,0.000000,0.000000,6.000000,1.000000,6.000000,1.000000,0.000000,0.000000,1.000000
3570.000000,6.000000,1.000000,0.000000,0.000000,0.000000,0.000000,0.000000,0.000000,0.000000,0.000000,0.000000,0.000000,0.000000,-0.122092,0.000000,0.000000,0.000000,65535.000000,0.000000,0.000000,6.000000,1.000000,6.000000,1.000000,0.000000,0.000000,1.000000
3580.000000,6.000000,1.000000,0.000000,0.000000,0.000000,0.000000,0.000000,0.000000,0.000000,0.000000,0.000000,0.000000,0.000000,-0.118700,0.000000,0.000000,0.000000,65535.000000,0.000000,0.000000,6.000000,1.000000,6.000000,1.000000,0.000000,0.000000,1.000000
3590.000000,6.000000,1.000000,0.000000,0.000000,0.000000,0.000000,0.000000,0.000000,0.000000,0.000000,0.000000,0.000000,0.000000,-0.117518,0.000000,0.000000,0.000000,65535.000000,0.000000,0.000000,6.000000,1.000000,6.000000,1.000000,0.000000,0.000000,1.000000
3600.000000,6.000000,1.000000,0.000000,0.000000,0.000000,0.000000,0.000000,0.000000,0.000000,0.000000,0.000000,0.000000,0.000000,-0.112382,0.000000,0.000000,0.000000,65535.000000,0.000000,0.000000,6.000000,1.000000,6.000000,1.000000,0.000000,0.000000,1.000000
3610.000000,6.000000,1.000000,0.000000,0.000000,0.000000,0.000000,0.000000,0.000000,0.000000,0.000000,0.000000,0.000000,0.000000,-0.111263,0.000000,0.000000,0.000000,65535.000000,0.000000,0.000000,6.000000,1.000000,6.000000,1.000000,0.000000,0.000000,1.000000
3620.000000,6.000000,1.000000,0.000000,0.000000,0.000000,0.000000,0.000000,0.000000,0.000000,0.000000,0.000000,0.000000,0.000000,-0.109728,0.000000,0.000000,0.000000,65535.000000,0.000000,0.000000,6.000000,1.000000,6.000000,1.000000,0.000000,0.000000,1.000000
3630.000000,6.000000,1.000000,0.000000,0.000000,0.000000,0.000000,0.000000,0.000000,0.000000,0.000000,0.000000,0.000000,0.000000,-0.108635,0.000000,0.000000,0.000000,65535.000000,0.000000,0.000000,6.000000,1.000000,6.000000,1.000000,0.000000,0.000000,1.000000
3640.000000,6.000000,1.000000,0.000000,0.000000,0.000000,0.000000,0.000000,0.000000,0.000000,0.000000,0.000000,0.000000,0.000000,-0.110512,0.000000,0.000000,0.000000,65535.000000,0.000000,0.000000,6.000000,1.000000,6.000000,1.000000,0.000000,0.000000,1.000000
3650.000000,6.000000,1.000000,0.000000,0.000000,0.000000,0.000000,0.000000,0.000000,0.000000,0.000000,0.000000,0.000000,0.000000,-0.109412,0.000000,0.000000,0.000000,65535.000000,0.000000,0.000000,6.000000,1.000000,6.000000,1.000000,0.000000,0.000000,1.000000
3660.000000,6.000000,1.000000,0.000000,0.000000,0.000000,0.000000,0.000000,0.000000,0.000000,0.000000,0.000000,0.000000,0.000000,-0.108322,0.000000,0.000000,0.000000,65535.000000,0.000000,0.000000,6.000000,1.000000,6.000000,1.000000,0.000000,0.000000,1.000000
3670.000000,6.000000,1.000000,0.000000,0.000000,0.000000,0.000000,0.000000,0.000000,0.000000,0.000000,0.000000,0.000000,0.000000,-0.114852,0.000000,0.000000,0.000000,65535.000000,0.000000,0.000000,6.000000,1.000000,6.000000,1.000000,0.000000,0.000000,1.000000
3680.000000,6.000000,1.000000,0.000000,0.000000,0.000000,0.000000,0.000000,0.000000,0.000000,0.000000,0.000000,0.000000,0.000000,-0.115596,0.000000,0.000000,0.000000,65535.000000,0.000000,0.000000,6.000000,1.000000,6.000000,1.000000,0.000000,0.000000,1.000000
3690.000000,6.000000,1.000000,0.000000,0.000000,0.000000,0.000000,0.000000,0.000000,0.000000,0.000000,0.000000,0.000000,0.000000,-0.112489,0.000000,0.000000,0.000000,65535.000000,0.000000,0.000000,6.000000,1.000000,6.000000,1.000000,0.000000,0.000000,1.000000
3700.000000,6.000000,1.000000,0.000000,0.000000,0.000000,0.000000,0.000000,0.000000,0.000000,0.000000,0.000000,0.000000,0.000000,-0.111369,0.000000,0.000000,0.000000,65535.000000,0.000000,0.000000,6.000000,1.000000,6.000000,1.000000,0.000000,0.000000,1.000000
3710.000000,6.000000,1.000000,0.000000,0.000000,0.000000,0.000000,0.000000,0.000000,0.000000,0.000000,0.000000,0.000000,0.000000,-0.104486,0.000000,0.000000,0.000000,65535.000000,0.000000,0.000000,6.000000,1.000000,6.000000,1.000000,0.000000,0.000000,1.000000
3720.000000,6.000000,1.000000,0.000000,0.000000,0.000000,0.000000,0.000000,0.000000,0.000000,0.000000,0.000000,0.000000,0.000000,-0.098405,0.000000,0.000000,0.000000,65535.000000,0.000000,0.000000,6.000000,1.000000,6.000000,1.000000,0.000000,0.000000,1.000000
3730.000000,6.000000,1.000000,0.000000,0.000000,0.000000,0.000000,0.000000,0.000000,0.000000,0.000000,0.000000,0.000000,0.000000,-0.097425,0.000000,0.000000,0.000000,65535.000000,0.000000,0.000000,6.000000,1.000000,6.000000,1.000000,0.000000,0.000000,1.000000
3740.000000,6.000000,1.000000,0.000000,0.000000,0.000000,0.000000,0.000000,0.000000,0.000000,0.000000,0.000000,0.000000,0.000000,-0.098884,0.000000,0.000000,0.000000,65535.000000,0.000000,0.000000,6.000000,1.000000,6.000000,1.000000,0.000000,0.000000,1.000000
3750.000000,6.000000,1.000000,0.000000,0.000000,0.000000,0.000000,0.000000,0.000000,0.000000,0.000000,0.000000,0.000000,0.000000,-0.100764,0.000000,0.000000,0.000000,65535.000000,0.000000,0.000000,6.000000,1.000000,6.000000,1.000000,0.000000,0.000000,1.000000
3760.000000,6.000000,1.000000,0.000000,0.000000,0.000000,0.000000,0.000000,0.000000,0.000000,0.000000,0.000000,0.000000,0.000000,-0.102865,0.000000,0.000000,0.000000,65535.000000,0.000000,0.000000,6.000000,1.000000,6.000000,1.000000,0.000000,0.000000,1.000000
3770.000000,6.000000,1.000000,0.000000,0.000000,0.000000,0.000000,0.000000,0.000000,0.000000,0.000000,0.000000,0.000000,0.000000,-0.101841,0.000000,0.000000,0.000000,65535.000000,0.000000,0.000000,6.000000,1.000000,6.000000,1.000000,0.000000,0.000000,1.000000
3780.000000,6.000000,1.000000,0.000000,0.000000,0.000000,0.000000,0.000000,0.000000,0.000000,0.000000,0.000000,0.000000,0.000000,-0.098657,0.000000,0.000000,0.000000,65535.000000,0.000000,0.000000,6.000000,1.000000,6.000000,1.000000,0.000000,0.000000,1.000000
3790.000000,6.000000,1.000000,0.000000,0.000000,0.000000,0.000000,0.000000,0.000000,0.000000,0.000000,0.000000,0.000000,0.000000,-0.097675,0.000000,0.000000,0.000000,65535.000000,0.000000,0.000000,6.000000,1.000000,6.000000,1.000000,0.000000,0.000000,1.000000
3800.000000,6.000000,1.000000,0.000000,0.000000,0.000000,0.000000,0.000000,0.000000,0.000000,0.000000,0.000000,0.000000,0.000000,-0.097073,0.000000,0.000000,0.000000,65535.000000,0.000000,0.000000,6.000000,1.000000,6.000000,1.000000,0.000000,0.000000,1.000000
3810.000000,6.000000,1.000000,0.000000,0.000000,0.000000,0.000000,0.000000,0.000000,0.000000,0.000000,0.000000,0.000000,0.000000,-0.099376,0.000000,0.000000,0.000000,65535.000000,0.000000,0.000000,6.000000,1.000000,6.000000,1.000000,0.000000,0.000000,1.000000
3820.000000,6.000000,1.000000,0.000000,0.000000,0.000000,0.000000,0.000000,0.000000,0.000000,0.000000,0.000000,0.000000,0.000000,-0.099161,0.000000,0.000000,0.000000,65535.000000,0.000000,0.000000,6.000000,1.000000,6.000000,1.000000,0.000000,0.000000,1.000000
3830.000000,6.000000,1.000000,0.000000,0.000000,0.000000,0.000000,0.000000,0.000000,0.000000,0.000000,0.000000,0.000000,0.000000,-0.100009,0.000000,0.000000,0.000000,65535.000000,0.000000,0.000000,6.000000,1.000000,6.000000,1.000000,0.000000,0.000000,1.000000
3840.000000,6.000000,1.000000,0.000000,0.000000,0.000000,0.000000,0.000000,0.000000,0.000000,0.000000,0.000000,0.000000,0.000000,-0.099014,0.000000,0.000000,0.000000,65535.000000,0.000000,0.000000,6.000000,1.000000,6.000000,1.000000,0.000000,0.000000,1.000000
3850.000000,6.000000,1.000000,0.000000,0.000000,0.000000,0.000000,0.000000,0.000000,0.000000,0.000000,0.000000,0.000000,0.000000,-0.091956,0.000000,0.000000,0.000000,65535.000000,0.000000,0.000000,6.000000,1.000000,6.000000,1.000000,0.000000,0.000000,1.000000
3860.000000,6.000000,1.000000,0.000000,0.000000,0.000000,0.000000,0.000000,0.000000,0.000000,0.000000,0.000000,0.000000,0.000000,-0.090478,0.000000,0.000000,0.000000,65535.000000,0.000000,0.000000,6.000000,1.000000,6.000000,1.000000,0.000000,0.000000,1.000000
3870.000000,6.000000,1.000000,0.000000,0.000000,0.000000,0.000000,0.000000,0.000000,0.000000,0.000000,0.000000,0.000000,0.000000,-0.089577,0.000000,0.000000,0.000000,65535.000000,0.000000,0.000000,6.000000,1.000000,6.000000,1.000000,0.000000,0.000000,1.000000
3880.000000,6.000000,1.000000,0.000000,0.000000,0.000000,0.000000,0.000000,0.000000,0.000000,0.000000,0.000000,0.000000,0.000000,-0.076094,0.000000,0.000000,0.000000,65535.000000,0.000000,0.000000,6.000000,1.000000,6.000000,1.000000,0.000000,0.000000,1.000000
3890.000000,6.000000,1.000000,0.000000,0.000000,0.000000,0.000000,0.000000,0.000000,0.000000,0.000000,0.000000,0.000000,0.000000,-0.075337,0.000000,0.000000,0.000000,65535.000000,0.000000,0.000000,6.000000,1.000000,6.000000,1.000000,0.000000,0.000000,1.000000
3900.000000,6.000000,1.000000,0.000000,0.000000,0.000000,0.000000,0.000000,0.000000,0.000000,0.000000,0.000000,0.000000,0.000000,-0.074587,0.000000,0.000000,0.000000,65535.000000,0.000000,0.000000,6.000000,1.000000,6.000000,1.000000,0.000000,0.000000,1.000000
3910.000000,6.000000,1.000000,0.000000,0.000000,0.000000,0.000000,0.000000,0.000000,0.000000,0.000000,0.000000,0.000000,0.000000,-0.082588,0.000000,0.000000,0.000000,65535.000000,0.000000,0.000000,6.000000,1.000000,6.000000,1.000000,0.000000,0.000000,1.000000
3920.000000,6.000000,1.000000,0.000000,0.000000,0.000000,0.000000,0.000000,0.000000,0.000000,0.000000,0.000000,0.000000,0.000000,-0.077613,0.000000,0.000000,0.000000,65535.000000,0.000000,0.000000,6.000000,1.000000,6.000000,1.000000,0.000000,0.000000,1.000000
3930.000000,6.000000,1.000000,0.000000,0.000000,0.000000,0.000000,0.000000,0.000000,0.000000,0.000000,0.000000,0.000000,0.000000,-0.076840,0.000000,0.000000,0.000000,65535.000000,0.000000,0.000000,6.000000,1.000000,6.000000,1.000000,0.000000,0.000000,1.000000
3940.000000,6.000000,1.000000,0.000000,0.000000,0.000000,0.000000,0.000000,0.000000,0.000000,0.000000,0.000000,0.000000,0.000000,-0.076075,0.000000,0.000000,0.000000,65535.000000,0.000000,0.000000,6.000000,1.000000,6.000000,1.000000,0.000000,0.000000,1.000000
3950.000000,6.000000,1.000000,0.000000,0.000000,0.000000,0.000000,0.000000,0.000000,0.000000,0.000000,0.000000,0.000000,0.000000,-0.082219,0.000000,0.000000,0.000000,65535.000000,0.000000,0.000000,6.000000,1.000000,6.000000,1.000000,0.000000,0.000000,1.000000
3960.000000,6.000000,1.000000,0.000000,0.000000,0.000000,0.000000,0.000000,0.000000,0.000000,0.000000,0.000000,0.000000,0.000000,-0.082497,0.000000,0.000000,0.000000,65535.000000,0.000000,0.000000,6.000000,1.000000,6.000000,1.000000,0.000000,0.000000,1.000000
3970.000000,6.000000,1.000000,0.000000,0.000000,0.000000,0.000000,0.000000,0.000000,0.000000,0.000000,0.000000,0.000000,0.000000,-0.081676,0.000000,0.000000,0.000000,65535.000000,0.000000,0.000000,6.000000,1.000000,6.000000,1.000000,0.000000,0.000000,1.000000
3980.000000,6.000000,1.000000,0.000000,0.000000,0.000000,0.000000,0.000000,0.000000,0.000000,0.000000,0.000000,0.000000,0.000000,-0.082093,0.000000,0.000000,0.000000,65535.000000,0.000000,0.000000,6.000000,1.000000,6.000000,1.000000,0.000000,0.000000,1.000000
3990.000000,6.000000,1.000000,0.000000,0.000000,0.000000,0.000000,0.000000,0.000000,0.000000,0.000000,0.000000,0.000000,0.000000,-0.083582,0.000000,0.000000,0.000000,65535.000000,0.000000,0.000000,6.000000,1.000000,6.000000,1.000000,0.000000,0.000000,1.000000
4000.000000,6.000000,1.000000,0.000000,0.000000,0.000000,0.000000,0.000000,0.000000,0.000000,0.000000,0.000000,0.000000,0.000000,-0.078672,0.000000,0.000000,0.000000,65535.000000,0.000000,0.000000,6.000000,1.000000,6.000000,1.000000,0.000000,0.000000,1.000000
4010.000000,6.000000,1.000000,0.000000,0.000000,0.000000,0.000000,0.000000,0.000000,0.000000,0.000000,0.000000,0.000000,0.000000,-0.077151,0.000000,0.000000,0.000000,65535.000000,0.000000,0.000000,6.000000,1.000000,6.000000,1.000000,0.000000,0.000000,1.000000
4020.000000,6.000000,1.000000,0.000000,0.000000,0.000000,0.000000,0.000000,0.000000,0.000000,0.000000,0.000000,0.000000,0.000000,-0.076383,0.000000,0.000000,0.000000,65535.000000,0.000000,0.000000,6.000000,1.000000,6.000000,1.000000,0.000000,0.000000,1.000000
4030.000000,6.000000,1.000000,0.000000,0.000000,0.000000,0.000000,0.000000,0.000000,0.000000,0.000000,0.000000,0.000000,0.000000,-0.076055,0.000000,0.000000,0.000000,65535.000000,0.000000,0.000000,6.000000,1.000000,6.000000,1.000000,0.000000,0.000000,1.000000
4040.000000,6.000000,1.000000,0.000000,0.000000,0.000000,0.000000,0.000000,0.000000,0.000000,0.000000,0.000000,0.000000,0.000000,-0.075298,0.000000,0.000000,0.000000,65535.000000,0.000000,0.000000,6.000000,1.000000,6.000000,1.000000,0.000000,0.000000,1.000000
4050.000000,6.000000,1.000000,0.000000,0.000000,0.000000,0.000000,0.000000,0.000000,0.000000,0.000000,0.000000,0.000000,0.000000,-0.074922,0.000000,0.000000,0.000000,65535.000000,0.000000,0.000000,6.000000,1.000000,6.000000,1.000000,0.000000,0.000000,1.000000
4060.000000,6.000000,1.000000,0.000000,0.000000,0.000000,0.000000,0.000000,0.000000,0.000000,0.000000,0.000000,0.000000,0.000000,-0.074176,0.000000,0.000000,0.000000,65535.000000,0.000000,0.000000,6.000000,1.000000,6.000000,1.000000,0.000000,0.000000,1.000000
4070.000000,6.000000,1.000000,0.000000,0.000000,0.000000,0.000000,0.000000,0.000000,0.000000,0.000000,0.000000,0.000000,0.000000,-0.076946,0.000000,0.000000,0.000000,65535.000000,0.000000,0.000000,6.000000,1.000000,6.000000,1.000000,0.000000,0.000000,1.000000
4080.000000,6.000000,1.000000,0.000000,0.000000,0.000000,0.000000,0.000000,0.000000,0.000000,0.000000,0.000000,0.000000,0.000000,-0.070018,0.000000,0.000000,0.000000,65535.000000,0.000000,0.000000,6.000000,1.000000,6.000000,1.000000,0.000000,0.000000,1.000000
4090.000000,6.000000,1.000000,0.000000,0.000000,0.000000,0.000000,0.000000,0.000000,0.000000,0.000000,0.000000,0.000000,0.000000,-0.063441,0.000000,0.000000,0.000000,65535.000000,0.000000,0.000000,6.000000,1.000000,6.000000,1.000000,0.000000,0.000000,1.000000
4100.000000,6.000000,1.000000,0.000000,0.000000,0.000000,0.000000,0.000000,0.000000,0.000000,0.000000,0.000000,0.000000,0.000000,-0.062809,0.000000,0.000000,0.000000,65535.000000,0.000000,0.000000,6.000000,1.000000,6.000000,1.000000,0.000000,0.000000,1.000000
4110.000000,6.000000,1.000000,0.000000,0.000000,0.000000,0.000000,0.000000,0.000000,0.000000,0.000000,0.000000,0.000000,0.000000,-0.064844,0.000000,0.000000,0.000000,65535.000000,0.000000,0.000000,6.000000,1.000000,6.000000,1.000000,0.000000,0.000000,1.000000
4120.000000,6.000000,1.000000,0.000000,0.000000,0.000000,0.000000,0.000000,0.000000,0.000000,0.000000,0.000000,0.000000,0.000000,-0.072893,0.000000,0.000000,0.000000,65535.000000,0.000000,0.000000,6.000000,1.000000,6.000000,1.000000,0.000000,0.000000,1.000000
4130.000000,6.000000,1.000000,0.000000,0.000000,0.000000,0.000000,0.000000,0.000000,0.000000,0.000000,0.000000,0.000000,0.000000,-0.072418,0.000000,0.000000,0.000000,65535.000000,0.000000,0.000000,6.000000,1.000000,6.000000,1.000000,0.000000,0.000000,1.000000
4140.000000,6.000000,1.000000,0.000000,0.000000,0.000000,0.000000,0.000000,0.000000,0.000000,0.000000,0.000000,0.000000,0.000000,-0.072220,0.000000,0.000000,0.000000,65535.000000,0.000000,0.000000,6.000000,1.000000,6.000000,1.000000,0.000000,0.000000,1.000000
4150.000000,6.000000,1.000000,0.000000,0.000000,0.000000,0.000000,0.000000,0.000000,0.000000,0.000000,0.000000,0.000000,0.000000,-0.076501,0.000000,0.000000,0.000000,65535.000000,0.000000,0.000000,6.000000,1.000000,6.000000,1.000000,0.000000,0.000000,1.000000
4160.000000,6.000000,1.000000,0.000000,0.000000,0.000000,0.000000,0.000000,0.000000,0.000000,0.000000,0.000000,0.000000,0.000000,-0.075740,0.000000,0.000000,0.000000,65535.000000,0.000000,0.000000,6.000000,1.000000,6.000000,1.000000,0.000000,0.000000,1.000000
4170.000000,6.000000,1.000000,0.000000,0.000000,0.000000,0.000000,0.000000,0.000000,0.000000,0.000000,0.000000,0.000000,0.000000,-0.075783,0.000000,0.000000,0.000000,65535.000000,0.000000,0.000000,6.000000,1.000000,6.000000,1.000000,0.000000,0.000000,1.000000
4180.000000,6.000000,1.000000,0.000000,0.000000,0.000000,0.000000,0.000000,0.000000,0.000000,0.000000,0.000000,0.000000,0.000000,-0.071285,0.000000,0.000000,0.000000,65535.000000,0.000000,0.000000,6.000000,1.000000,6.000000,1.000000,0.000000,0.000000,1.000000
4190.000000,6.000000,1.000000,0.000000,0.000000,0.000000,0.000000,0.000000,0.000000,0.000000,0.000000,0.000000,0.000000,0.000000,-0.070576,0.000000,0.000000,0.000000,65535.000000,0.000000,0.000000,6.000000,1.000000,6.000000,1.000000,0.000000,0.000000,1.000000
4200.000000,6.000000,1.000000,0.000000,0.000000,0.000000,0.000000,0.000000,0.000000,0.000000,0.000000,0.000000,0.000000,0.000000,-0.069246,0.000000,0.000000,0.000000,65535.000000,0.000000,0.000000,6.000000,1.000000,6.000000,1.000000,0.000000,0.000000,1.000000
4210.000000,6.000000,1.000000,0.000000,0.000000,0.000000,0.000000,0.000000,0.000000,0.000000,0.000000,0.000000,0.000000,0.000000,-0.068557,0.000000,0.000000,0.000000,65535.000000,0.000000,0.000000,6.000000,1.000000,6.000000,1.000000,0.000000,0.000000,1.000000
4220.000000,6.000000,1.000000,0.000000,0.000000,0.000000,0.000000,0.000000,0.000000,0.000000,0.000000,0.000000,0.000000,0.000000,-0.069484,0.000000,0.000000,0.000000,65535.000000,0.000000,0.000000,6.000000,1.000000,6.000000,1.000000,0.000000,0.000000,1.000000
4230.000000,6.000000,1.000000,0.000000,0.000000,0.000000,0.000000,0.000000,0.000000,0.000000,0.000000,0.000000,0.000000,0.000000,-0.062415,0.000000,0.000000,0.000000,65535.000000,0.000000,0.000000,6.000000,1.000000,6.000000,1.000000,0.000000,0.000000,1.000000
4240.000000,6.000000,1.000000,0.000000,0.000000,0.000000,0.000000,0.000000,0.000000,0.000000,0.000000,0.000000,0.000000,0.000000,-0.061603,0.000000,0.000000,0.000000,65535.000000,0.000000,0.000000,6.000000,1.000000,6.000000,1.000000,0.000000,0.000000,1.000000
4250.000000,6.000000,1.000000,0.000000,0.000000,0.000000,0.000000,0.000000,0.000000,0.000000,0.000000,0.000000,0.000000,0.000000,-0.060989,0.000000,0.000000,0.000000,65535.000000,0.000000,0.000000,6.000000,1.000000,6.000000,1.000000,0.000000,0.000000,1.000000
4260.000000,6.000000,1.000000,0.000000,0.000000,0.000000,0.000000,0.000000,0.000000,0.000000,0.000000,0.000000,0.000000,0.000000,-0.061969,0.000000,0.000000,0.000000,65535.000000,0.000000,0.000000,6.000000,1.000000,6.000000,1.000000,0.000000,0.000000,1.000000
4270.000000,6.000000,1.000000,0.000000,0.000000,0.000000,0.000000,0.000000,0.000000,0.000000,0.000000,0.000000,0.000000,0.000000,-0.061352,0.000000,0.000000,0.000000,65535.000000,0.000000,0.000000,6.000000,1.000000,6.000000,1.000000,0.000000,0.000000,1.000000
4280.000000,6.000000,1.000000,0.000000,0.000000,0.000000,0.000000,0.000000,0.000000,0.000000,0.000000,0.000000,0.000000,0.000000,-0.069141,0.000000,0.000000,0.000000,65535.000000,0.000000,0.000000,6.000000,1.000000,6.000000,1.000000,0.000000,0.000000,1.000000
4290.000000,6.000000,1.000000,0.000000,0.000000,0.000000,0.000000,0.000000,0.000000,0.000000,0.000000,0.000000,0.000000,0.000000,-0.062960,0.000000,0.000000,0.000000,65535.000000,0.000000,0.000000,6.000000,1.000000,6.000000,1.000000,0.000000,0.000000,1.000000
4300.000000,6.000000,1.000000,0.000000,0.000000,0.000000,0.000000,0.000000,0.000000,0.000000,0.000000,0.000000,0.000000,0.000000,-0.061540,0.000000,0.000000,0.000000,65535.000000,0.000000,0.000000,6.000000,1.000000,6.000000,1.000000,0.000000,0.000000,1.000000
4310.000000,6.000000,1.000000,0.000000,0.000000,0.000000,0.000000,0.000000,0.000000,0.000000,0.000000,0.000000,0.000000,0.000000,-0.060269,0.000000,0.000000,0.000000,65535.000000,0.000000,0.000000,6.000000,1.000000,6.000000,1.000000,0.000000,0.000000,1.000000
4320.000000,6.000000,1.000000,0.000000,0.000000,0.000000,0.000000,0.000000,0.000000,0.000000,0.000000,0.000000,0.000000,0.000000,-0.055944,0.000000,0.000000,0.000000,65535.000000,0.000000,0.000000,6.000000,1.000000,6.000000,1.000000,0.000000,0.000000,1.000000
4330.000000,6.000000,1.000000,0.000000,0.000000,0.000000,0.000000,0.000000,0.000000,0.000000,0.000000,0.000000,0.000000,0.000000,-0.055387,0.000000,0.000000,0.000000,65535.000000,0.000000,0.000000,6.000000,1.000000,6.000000,1.000000,0.000000,0.000000,1.000000
4340.000000,6.000000,1.000000,0.000000,0.000000,0.000000,0.000000,0.000000,0.000000,0.000000,0.000000,0.000000,0.000000,0.000000,-0.056279,0.000000,0.000000,0.000000,65535.000000,0.000000,0.000000,6.000000,1.000000,6.000000,1.000000,0.000000,0.000000,1.000000
4350.000000,6.000000,1.000000,0.000000,0.000000,0.000000,0.000000,0.000000,0.000000,0.000000,0.000000,0.000000,0.000000,0.000000,-0.062605,0.000000,0.000000,0.000000,65535.000000,0.000000,0.000000,6.000000,1.000000,6.000000,1.000000,0.000000,0.000000,1.000000
4360.000000,6.000000,1.000000,0.000000,0.000000,0.000000,0.000000,0.000000,0.000000,0.000000,0.000000,0.000000,0.000000,0.000000,-0.061922,0.000000,0.000000,0.000000,65535.000000,0.000000,0.000000,6.000000,1.000000,6.000000,1.000000,0.000000,0.000000,1.000000
4370.000000,6.000000,1.000000,0.000000,0.000000,0.000000,0.000000,0.000000,0.000000,0.000000,0.000000,0.000000,0.000000,0.000000,-0.055457,0.000000,0.000000,0.000000,65535.000000,0.000000,0.000000,6.000000,1.000000,6.000000,1.000000,0.000000,0.000000,1.000000
4380.000000,6.000000,1.000000,0.000000,0.000000,0.000000,0.000000,0.000000,0.000000,0.000000,0.000000,0.000000,0.000000,0.000000,-0.045664,0.000000,0.000000,0.000000,65535.000000,0.000000,0.000000,6.000000,1.000000,6.000000,1.000000,0.000000,0.000000,1.000000
4390.000000,6.000000,1.000000,0.000000,0.000000,0.000000,0.000000,0.000000,0.000000,0.000000,0.000000,0.000000,0.000000,0.000000,-0.045209,0.000000,0.000000,0.000000,65535.000000,0.000000,0.000000,6.000000,1.000000,6.000000,1.000000,0.000000,0.000000,1.000000
4400.000000,6.000000,1.000000,0.000000,0.000000,0.000000,0.000000,0.000000,0.000000,0.000000,0.000000,0.000000,0.000000,0.000000,-0.044759,0.000000,0.000000,0.000000,65535.000000,0.000000,0.000000,6.000000,1.000000,6.000000,1.000000,0.000000,0.000000,1.000000
4410.000000,6.000000,1.000000,0.000000,0.000000,0.000000,0.000000,0.000000,0.000000,0.000000,0.000000,0.000000,0.000000,0.000000,-0.051575,0.000000,0.000000,0.000000,65535.000000,0.000000,0.000000,6.000000,1.000000,6.000000,1.000000,0.000000,0.000000,1.000000
4420.000000,6.000000,1.000000,0.000000,0.000000,0.000000,0.000000,0.000000,0.000000,0.000000,0.000000,0.000000,0.000000,0.000000,-0.051061,0.000000,0.000000,0.000000,65535.000000,0.000000,0.000000,6.000000,1.000000,6.000000,1.000000,0.000000,0.000000,1.000000
4430.000000,6.000000,1.000000,0.000000,0.000000,0.000000,0.000000,0.000000,0.000000,0.000000,0.000000,0.000000,0.000000,0.000000,-0.050553,0.000000,0.000000,0.000000,65535.000000,0.000000,0.000000,6.000000,1.000000,6.000000,1.000000,0.000000,0.000000,1.000000
4440.000000,6.000000,1.000000,0.000000,0.000000,0.000000,0.000000,0.000000,0.000000,0.000000,0.000000,0.000000,0.000000,0.000000,-0.051836,0.000000,0.000000,0.000000,65535.000000,0.000000,0.000000,6.000000,1.000000,6.000000,1.000000,0.000000,0.000000,1.000000
4450.000000,6.000000,1.000000,0.000000,0.000000,0.000000,0.000000,0.000000,0.000000,0.000000,0.000000,0.000000,0.000000,0.000000,-0.051320,0.000000,0.000000,0.000000,65535.000000,0.000000,0.000000,6.000000,1.000000,6.000000,1.000000,0.000000,0.000000,1.000000
4460.000000,6.000000,1.000000,0.000000,0.000000,0.000000,0.000000,0.000000,0.000000,0.000000,0.000000,0.000000,0.000000,0.000000,-0.050809,0.000000,0.000000,0.000000,65535.000000,0.000000,0.000000,6.000000,1.000000,6.000000,1.000000,0.000000,0.000000,1.000000
4470.000000,6.000000,1.000000,0.000000,0.000000,0.000000,0.000000,0.000000,0.000000,0.000000,0.000000,0.000000,0.000000,0.000000,-0.051833,0.000000,0.000000,0.000000,65535.000000,0.000000,0.000000,6.000000,1.000000,6.000000,1.000000,0.000000,0.000000,1.000000
4480.000000,6.000000,1.000000,0.000000,0.000000,0.000000,0.000000,0.000000,0.000000,0.000000,0.000000,0.000000,0.000000,0.000000,-0.047959,0.000000,0.000000,0.000000,65535.000000,0.000000,0.000000,6.000000,1.000000,6.000000,1.000000,0.000000,0.000000,1.000000
4490.000000,6.000000,1.000000,0.000000,0.000000,0.000000,0.000000,0.000000,0.000000,0.000000,0.000000,0.000000,0.000000,0.000000,-0.044936,0.000000,0.000000,0.000000,65535.000000,0.000000,0.000000,6.000000,1.000000,6.000000,1.000000,0.000000,0.000000,1.000000
4500.000000,6.000000,1.000000,0.000000,0.000000,0.000000,0.000000,0.000000,0.000000,0.000000,0.000000,0.000000,0.000000,0.000000,-0.044488,0.000000,0.000000,0.000000,65535.000000,0.000000,0.000000,6.000000,1.000000,6.000000,1.000000,0.000000,0.000000,1.000000
4510.000000,6.000000,1.000000,0.000000,0.000000,0.000000,0.000000,0.000000,0.000000,0.000000,0.000000,0.000000,0.000000,0.000000,-0.045408,0.000000,0.000000,0.000000,65535.000000,0.000000,0.000000,6.000000,1.000000,6.000000,1.000000,0.000000,0.000000,1.000000
4520.000000,6.000000,1.000000,0.000000,0.000000,0.000000,0.000000,0.000000,0.000000,0.000000,0.000000,0.000000,0.000000,0.000000,-0.049099,0.000000,0.000000,0.000000,65535.000000,0.000000,0.000000,6.000000,1.000000,6.000000,1.000000,0.000000,0.000000,1.000000
4530.000000,6.000000,1.000000,0.000000,0.000000,0.000000,0.000000,0.000000,0.000000,0.000000,0.000000,0.000000,0.000000,0.000000,-0.048610,0.000000,0.000000,0.000000,65535.000000,0.000000,0.000000,6.000000,1.000000,6.000000,1.000000,0.000000,0.000000,1.000000
4540.000000,6.000000,1.000000,0.000000,0.000000,0.000000,0.000000,0.000000,0.000000,0.000000,0.000000,0.000000,0.000000,0.000000,-0.052807,0.000000,0.000000,0.000000,65535.000000,0.000000,0.000000,6.000000,1.000000,6.000000,1.000000,0.000000,0.000000,1.000000
4550.000000,6.000000,1.000000,0.000000,0.000000,0.000000,0.000000,0.000000,0.000000,0.000000,0.000000,0.000000,0.000000,0.000000,-0.050046,0.000000,0.000000,0.000000,65535.000000,0.000000,0.000000,6.000000,1.000000,6.000000,1.000000,0.000000,0.000000,1.000000
4560.000000,6.000000,1.000000,0.000000,0.000000,0.000000,0.000000,0.000000,0.000000,0.000000,0.000000,0.000000,0.000000,0.000000,-0.049548,0.000000,0.000000,0.000000,65535.000000,0.000000,0.000000,6.000000,1.000000,6.000000,1.000000,0.000000,0.000000,1.000000
4570.000000,6.000000,1.000000,0.000000,0.000000,0.000000,0.000000,0.000000,0.000000,0.000000,0.000000,0.000000,0.000000,0.000000,-0.049055,0.000000,0.000000,0.000000,65535.000000,0.000000,0.000000,6.000000,1.000000,6.000000,1.000000,0.000000,0.000000,1.000000
4580.000000,6.000000,1.000000,0.000000,0.000000,0.000000,0.000000,0.000000,0.000000,0.000000,0.000000,0.000000,0.000000,0.000000,-0.054785,0.000000,0.000000,0.000000,65535.000000,0.000000,0.000000,6.000000,1.000000,6.000000,1.000000,0.000000,0.000000,1.000000
4590.000000,6.000000,1.000000,0.000000,0.000000,0.000000,0.000000,0.000000,0.000000,0.000000,0.000000,0.000000,0.000000,0.000000,-0.054240,0.000000,0.000000,0.000000,65535.000000,0.000000,0.000000,6.000000,1.000000,6.000000,1.000000,0.000000,0.000000,1.000000
4600.000000,6.000000,1.000000,0.000000,0.000000,0.000000,0.000000,0.000000,0.000000,0.000000,0.000000,0.000000,0.000000,0.000000,-0.052445,0.000000,0.000000,0.000000,65535.000000,0.000000,0.000000,6.000000,1.000000,6.000000,1.000000,0.000000,0.000000,1.000000
4610.000000,6.000000,1.000000,0.000000,0.000000,0.000000,0.000000,0.000000,0.000000,0.000000,0.000000,0.000000,0.000000,0.000000,-0.051923,0.000000,0.000000,0.000000,65535.000000,0.000000,0.000000,6.000000,1.000000,6.000000,1.000000,0.000000,0.000000,1.000000
4620.000000,6.000000,1.000000,0.000000,0.000000,0.000000,0.000000,0.000000,0.000000,0.000000,0.000000,0.000000,0.000000,0.000000,-0.050072,0.000000,0.000000,0.000000,65535.000000,0.000000,0.000000,6.000000,1.000000,6.000000,1.000000,0.000000,0.000000,1.000000
4630.000000,6.000000,1.000000,0.000000,0.000000,0.000000,0.000000,0.000000,0.000000,0.000000,0.000000,0.000000,0.000000,0.000000,-0.049574,0.000000,0.000000,0.000000,65535.000000,0.000000,0.000000,6.000000,1.000000,6.000000,1.000000,0.000000,0.000000,1.000000
4640.000000,6.000000,1.000000,0.000000,0.000000,0.000000,0.000000,0.000000,0.000000,0.000000,0.000000,0.000000,0.000000,0.000000,-0.047899,0.000000,0.000000,0.000000,65535.000000,0.000000,0.000000,6.000000,1.000000,6.000000,1.000000,0.000000,0.000000,1.000000
4650.000000,6.000000,1.000000,0.000000,0.000000,0.000000,0.000000,0.000000,0.000000,0.000000,0.000000,0.000000,0.000000,0.000000,-0.036811,0.000000,0.000000,0.000000,65535.000000,0.000000,0.000000,6.000000,1.000000,6.000000,1.000000,0.000000,0.000000,1.000000
4660.000000,6.000000,1.000000,0.000000,0.000000,0.000000,0.000000,0.000000,0.000000,0.000000,0.000000,0.000000,0.000000,0.000000,-0.032944,0.000000,0.000000,0.000000,65535.000000,0.000000,0.000000,6.000000,1.000000,6.000000,1.000000,0.000000,0.000000,1.000000
4670.000000,6.000000,1.000000,0.000000,0.000000,0.000000,0.000000,0.000000,0.000000,0.000000,0.000000,0.000000,0.000000,0.000000,-0.032616,0.000000,0.000000,0.000000,65535.000000,0.000000,0.000000,6.000000,1.000000,6.000000,1.000000,0.000000,0.000000,1.000000
4680.000000,6.000000,1.000000,0.000000,0.000000,0.000000,0.000000,0.000000,0.000000,0.000000,0.000000,0.000000,0.000000,0.000000,-0.032291,0.000000,0.000000,0.000000,65535.000000,0.000000,0.000000,6.000000,1.000000,6.000000,1.000000,0.000000,0.000000,1.000000
4690.000000,6.000000,1.000000,0.000000,0.000000,0.000000,0.000000,0.000000,0.000000,0.000000,0.000000,0.000000,0.000000,0.000000,-0.043590,0.000000,0.000000,0.000000,65535.000000,0.000000,0.000000,6.000000,1.000000,6.000000,1.000000,0.000000,0.000000,1.000000
4700.000000,6.000000,1.000000,0.000000,0.000000,0.000000,0.000000,0.000000,0.000000,0.000000,0.000000,0.000000,0.000000,0.000000,-0.040099,0.000000,0.000000,0.000000,65535.000000,0.000000,0.000000,6.000000,1.000000,6.000000,1.000000,0.000000,0.000000,1.000000
4710.000000,6.000000,1.000000,0.000000,0.000000,0.000000,0.000000,0.000000,0.000000,0.000000,0.000000,0.000000,0.000000,0.000000,-0.039700,0.000000,0.000000,0.000000,65535.000000,0.000000,0.000000,6.000000,1.000000,6.000000,1.000000,0.000000,0.000000,1.000000
4720.000000,6.000000,1.000000,0.000000,0.000000,0.000000,0.000000,0.000000,0.000000,0.000000,0.000000,0.000000,0.000000,0.000000,-0.039305,0.000000,0.000000,0.000000,65535.000000,0.000000,0.000000,6.000000,1.000000,6.000000,1.000000,0.000000,0.000000,1.000000
4730.000000,6.000000,1.000000,0.000000,0.000000,0.000000,0.000000,0.000000,0.000000,0.000000,0.000000,0.000000,0.000000,0.000000,-0.046192,0.000000,0.000000,0.000000,65535.000000,0.000000,0.000000,6.000000,1.000000,6.000000,1.000000,0.000000,0.000000,1.000000
4740.000000,6.000000,1.000000,0.000000,0.000000,0.000000,0.000000,0.000000,0.000000,0.000000,0.000000,0.000000,0.000000,0.000000,-0.040173,0.000000,0.000000,0.000000,65535.000000,0.000000,0.000000,6.000000,1.000000,6.000000,1.000000,0.000000,0.000000,1.000000
4750.000000,6.000000,1.000000,0.000000,0.000000,0.000000,0.000000,0.000000,0.000000,0.000000,0.000000,0.000000,0.000000,0.000000,-0.038055,0.000000,0.000000,0.000000,65535.000000,0.000000,0.000000,6.000000,1.000000,6.000000,1.000000,0.000000,0.000000,1.000000
4760.000000,6.000000,1.000000,0.000000,0.000000,0.000000,0.000000,0.000000,0.000000,0.000000,0.000000,0.000000,0.000000,0.000000,-0.037676,0.000000,0.000000,0.000000,65535.000000,0.000000,0.000000,6.000000,1.000000,6.000000,1.000000,0.000000,0.000000,1.000000
4770.000000,6.000000,1.000000,0.000000,0.000000,0.000000,0.000000,0.000000,0.000000,0.000000,0.000000,0.000000,0.000000,0.000000,-0.037301,0.000000,0.000000,0.000000,65535.000000,0.000000,0.000000,6.000000,1.000000,6.000000,1.000000,0.000000,0.000000,1.000000
4780.000000,6.000000,1.000000,0.000000,0.000000,0.000000,0.000000,0.000000,0.000000,0.000000,0.000000,0.000000,0.000000,0.000000,-0.038048,0.000000,0.000000,0.000000,65535.000000,0.000000,0.000000,6.000000,1.000000,6.000000,1.000000,0.000000,0.000000,1.000000
4790.000000,6.000000,1.000000,0.000000,0.000000,0.000000,0.000000,0.000000,0.000000,0.000000,0.000000,0.000000,0.000000,0.000000,-0.029936,0.000000,0.000000,0.000000,65535.000000,0.000000,0.000000,6.000000,1.000000,6.000000,1.000000,0.000000,0.000000,1.000000
4800.000000,6.000000,1.000000,0.000000,0.000000,0.000000,0.000000,0.000000,0.000000,0.000000,0.000000,0.000000,0.000000,0.000000,-0.029054,0.000000,0.000000,0.000000,65535.000000,0.000000,0.000000,6.000000,1.000000,6.000000,1.000000,0.000000,0.000000,1.000000
4810.000000,6.000000,1.000000,0.000000,0.000000,0.000000,0.000000,0.000000,0.000000,0.000000,0.000000,0.000000,0.000000,0.000000,-0.028584,0.000000,0.000000,0.000000,65535.000000,0.000000,0.000000,6.000000,1.000000,6.000000,1.000000,0.000000,0.000000,1.000000
4820.000000,6.000000,1.000000,0.000000,0.000000,0.000000,0.000000,0.000000,0.000000,0.000000,0.000000,0.000000,0.000000,0.000000,-0.028300,0.000000,0.000000,0.000000,65535.000000,0.000000,0.000000,6.000000,1.000000,6.000000,1.000000,0.000000,0.000000,1.000000
4830.000000,6.000000,1.000000,0.000000,0.000000,0.000000,0.000000,0.000000,0.000000,0.000000,0.000000,0.000000,0.000000,0.000000,-0.035468,0.000000,0.000000,0.000000,65535.000000,0.000000,0.000000,6.000000,1.000000,6.000000,1.000000,0.000000,0.000000,1.000000
4840.000000,6.000000,1.000000,0.000000,0.000000,0.000000,0.000000,0.000000,0.000000,0.000000,0.000000,0.000000,0.000000,0.000000,-0.039127,0.000000,0.000000,0.000000,65535.000000,0.000000,0.000000,6.000000,1.000000,6.000000,1.000000,0.000000,0.000000,1.000000
4850.000000,6.000000,1.000000,0.000000,0.000000,0.000000,0.000000,0.000000,0.000000,0.000000,0.000000,0.000000,0.000000,0.000000,-0.038737,0.000000,0.000000,0.000000,65535.000000,0.000000,0.000000,6.000000,1.000000,6.000000,1.000000,0.000000,0.000000,1.000000
4860.000000,6.000000,1.000000,0.000000,0.000000,0.000000,0.000000,0.000000,0.000000,0.000000,0.000000,0.000000,0.000000,0.000000,-0.042129,0.000000,0.000000,0.000000,65535.000000,0.000000,0.000000,6.000000,1.000000,6.000000,1.000000,0.000000,0.000000,1.000000
4870.000000,6.000000,1.000000,0.000000,0.000000,0.000000,0.000000,0.000000,0.000000,0.000000,0.000000,0.000000,0.000000,0.000000,-0.039013,0.000000,0.000000,0.000000,65535.000000,0.000000,0.000000,6.000000,1.000000,6.000000,1.000000,0.000000,0.000000,1.000000
4880.000000,6.000000,1.000000,0.000000,0.000000,0.000000,0.000000,0.000000,0.000000,0.000000,0.000000,0.000000,0.000000,0.000000,-0.038625,0.000000,0.000000,0.000000,65535.000000,0.000000,0.000000,6.000000,1.000000,6.000000,1.000000,0.000000,0.000000,1.000000
4890.000000,6.000000,1.000000,0.000000,0.000000,0.000000,0.000000,0.000000,0.000000,0.000000,0.000000,0.000000,0.000000,0.000000,-0.036997,0.000000,0.000000,0.000000,65535.000000,0.000000,0.000000,6.000000,1.000000,6.000000,1.000000,0.000000,0.000000,1.000000
4900.000000,6.000000,1.000000,0.000000,0.000000,0.000000,0.000000,0.000000,0.000000,0.000000,0.000000,0.000000,0.000000,0.000000,-0.027907,0.000000,0.000000,0.000000,65535.000000,0.000000,0.000000,6.000000,1.000000,6.000000,1.000000,0.000000,0.000000,1.000000
4910.000000,6.000000,1.000000,0.000000,0.000000,0.000000,0.000000,0.000000,0.000000,0.000000,0.000000,0.000000,0.000000,0.000000,-0.027630,0.000000,0.000000,0.000000,65535.000000,0.000000,0.000000,6.000000,1.000000,6.000000,1.000000,0.000000,0.000000,1.000000
4920.000000,6.000000,1.000000,0.000000,0.000000,0.000000,0.000000,0.000000,0.000000,0.000000,0.000000,0.000000,0.000000,0.000000,-0.028728,0.000000,0.000000,0.000000,65535.000000,0.000000,0.000000,6.000000,1.000000,6.000000,1.000000,0.000000,0.000000,1.000000
4930.000000,6.000000,1.000000,0.000000,0.000000,0.000000,0.000000,0.000000,0.000000,0.000000,0.000000,0.000000,0.000000,0.000000,-0.047498,0.000000,0.000000,0.000000,65535.000000,0.000000,0.000000,6.000000,1.000000,6.000000,1.000000,0.000000,0.000000,1.000000
4940.000000,6.000000,1.000000,0.000000,0.000000,0.000000,0.000000,0.000000,0.000000,0.000000,0.000000,0.000000,0.000000,0.000000,-0.049575,0.000000,0.000000,0.000000,65535.000000,0.000000,0.000000,6.000000,1.000000,6.000000,1.000000,0.000000,0.000000,1.000000
4950.000000,6.000000,1.000000,0.000000,0.000000,0.000000,0.000000,0.000000,0.000000,0.000000,0.000000,0.000000,0.000000,0.000000,-0.042348,0.000000,0.000000,0.000000,65535.000000,0.000000,0.000000,6.000000,1.000000,6.000000,1.000000,0.000000,0.000000,1.000000
4960.000000,6.000000,1.000000,0.000000,0.000000,0.000000,0.000000,0.000000,0.000000,0.000000,0.000000,0.000000,0.000000,0.000000,-0.041927,0.000000,0.000000,0.000000,65535.000000,0.000000,0.000000,6.000000,1.000000,6.000000,1.000000,0.000000,0.000000,1.000000
4970.000000,6.000000,1.000000,0.000000,0.000000,0.000000,0.000000,0.000000,0.000000,0.000000,0.000000,0.000000,0.000000,0.000000,-0.036694,0.000000,0.000000,0.000000,65535.000000,0.000000,0.000000,6.000000,1.000000,6.000000,1.000000,0.000000,0.000000,1.000000
4980.000000,6.000000,1.000000,0.000000,0.000000,0.000000,0.000000,0.000000,0.000000,0.000000,0.000000,0.000000,0.000000,0.000000,-0.028721,0.000000,0.000000,0.000000,65535.000000,0.000000,0.000000,6.000000,1.000000,6.000000,1.000000,0.000000,0.000000,1.000000
4990.000000,6.000000,1.000000,0.000000,0.000000,0.000000,0.000000,0.000000,0.000000,0.000000,0.000000,0.000000,0.000000,0.000000,-0.027777,0.000000,0.000000,0.000000,65535.000000,0.000000,0.000000,6.000000,1.000000,6.000000,1.000000,0.000000,0.000000,1.000000
5000.000000,6.000000,1.000000,0.000000,0.000000,0.000000,0.000000,0.000000,0.000000,0.000000,0.000000,0.000000,0.000000,0.000000,-0.027500,0.000000,0.000000,0.000000,65535.000000,0.000000,0.000000,6.000000,1.000000,6.000000,1.000000,0.000000,0.000000,1.000000
5010.000000,6.000000,1.000000,0.000000,0.000000,0.000000,0.000000,0.000000,0.000000,0.000000,0.000000,0.000000,0.000000,0.000000,-0.034320,0.000000,0.000000,0.000000,65535.000000,0.000000,0.000000,6.000000,1.000000,6.000000,1.000000,0.000000,0.000000,1.000000
5020.000000,6.000000,1.000000,0.000000,0.000000,0.000000,0.000000,0.000000,0.000000,0.000000,0.000000,0.000000,0.000000,0.000000,-0.045196,0.000000,0.000000,0.000000,65535.000000,0.000000,0.000000,6.000000,1.000000,6.000000,1.000000,0.000000,0.000000,1.000000
5030.000000,6.000000,1.000000,0.000000,0.000000,0.000000,0.000000,0.000000,0.000000,0.000000,0.000000,0.000000,0.000000,0.000000,-0.038289,0.000000,0.000000,0.000000,65535.000000,0.000000,0.000000,6.000000,1.000000,6.000000,1.000000,0.000000,0.000000,1.000000
5040.000000,6.000000,1.000000,0.000000,0.000000,0.000000,0.000000,0.000000,0.000000,0.000000,0.000000,0.000000,0.000000,0.000000,-0.026575,0.000000,0.000000,0.000000,65535.000000,0.000000,0.000000,6.000000,1.000000,6.000000,1.000000,0.000000,0.000000,1.000000
5050.000000,6.000000,1.000000,0.000000,0.000000,0.000000,0.000000,0.000000,0.000000,0.000000,0.000000,0.000000,0.000000,0.000000,-0.019355,0.000000,0.000000,0.000000,65535.000000,0.000000,0.000000,6.000000,1.000000,6.000000,1.000000,0.000000,0.000000,1.000000
5060.000000,6.000000,1.000000,0.000000,0.000000,0.000000,0.000000,0.000000,0.000000,0.000000,0.000000,0.000000,0.000000,0.000000,-0.019162,0.000000,0.000000,0.000000,65535.000000,0.000000,0.000000,6.000000,1.000000,6.000000,1.000000,0.000000,0.000000,1.000000
5070.000000,6.000000,1.000000,0.000000,0.000000,0.000000,0.000000,0.000000,0.000000,0.000000,0.000000,0.000000,0.000000,0.000000,-0.018972,0.000000,0.000000,0.000000,65535.000000,0.000000,0.000000,6.000000,1.000000,6.000000,1.000000,0.000000,0.000000,1.000000
5080.000000,6.000000,1.000000,0.000000,0.000000,0.000000,0.000000,0.000000,0.000000,0.000000,0.000000,0.000000,0.000000,0.000000,-0.032822,0.000000,0.000000,0.000000,65535.000000,0.000000,0.000000,6.000000,1.000000,6.000000,1.000000,0.000000,0.000000,1.000000
5090.000000,6.000000,1.000000,0.000000,0.000000,0.000000,0.000000,0.000000,0.000000,0.000000,0.000000,0.000000,0.000000,0.000000,-0.033747,0.000000,0.000000,0.000000,65535.000000,0.000000,0.000000,6.000000,1.000000,6.000000,1.000000,0.000000,0.000000,1.000000
5100.000000,6.000000,1.000000,0.000000,0.000000,0.000000,0.000000,0.000000,0.000000,0.000000,0.000000,0.000000,0.000000,0.000000,-0.029343,0.000000,0.000000,0.000000,65535.000000,0.000000,0.000000,6.000000,1.000000,6.000000,1.000000,0.000000,0.000000,1.000000
5110.000000,6.000000,1.000000,0.000000,0.000000,0.000000,0.000000,0.000000,0.000000,0.000000,0.000000,0.000000,0.000000,0.000000,-0.029051,0.000000,0.000000,0.000000,65535.000000,0.000000,0.000000,6.000000,1.000000,6.000000,1.000000,0.000000,0.000000,1.000000
5120.000000,6.000000,1.000000,0.000000,0.000000,0.000000,0.000000,0.000000,0.000000,0.000000,0.000000,0.000000,0.000000,0.000000,-0.030492,0.000000,0.000000,0.000000,65535.000000,0.000000,0.000000,6.000000,1.000000,6.000000,1.000000,0.000000,0.000000,1.000000
5130.000000,6.000000,1.000000,0.000000,0.000000,0.000000,0.000000,0.000000,0.000000,0.000000,0.000000,0.000000,0.000000,0.000000,-0.026763,0.000000,0.000000,0.000000,65535.000000,0.000000,0.000000,6.000000,1.000000,6.000000,1.000000,0.000000,0.000000,1.000000
5140.000000,6.000000,1.000000,0.000000,0.000000,0.000000,0.000000,0.000000,0.000000,0.000000,0.000000,0.000000,0.000000,0.000000,-0.017838,0.000000,0.000000,0.000000,65535.000000,0.000000,0.000000,6.000000,1.000000,6.000000,1.000000,0.000000,0.000000,1.000000
5150.000000,6.000000,1.000000,0.000000,0.000000,0.000000,0.000000,0.000000,0.000000,0.000000,0.000000,0.000000,0.000000,0.000000,0.052109,0.000000,0.000000,0.000000,65535.000000,0.000000,0.000000,6.000000,1.000000,6.000000,1.000000,0.000000,0.000000,1.000000
5160.000000,6.000000,1.000000,0.000000,0.000000,0.000000,0.000000,0.000000,0.000000,0.000000,0.011108,0.000950,0.000654,-0.000689,0.060103,0.000000,0.000000,0.000000,65535.000000,0.000000,0.000000,6.000000,1.000000,6.000000,1.000000,0.000000,0.000000,1.000000
5170.000000,6.000000,1.000000,0.000000,0.000000,0.000000,0.000000,0.000000,0.000000,0.000000,0.011108,0.001534,0.001056,-0.001113,0.059504,0.000000,0.000000,0.000000,65535.000000,0.000000,0.000000,6.000000,1.000000,6.000000,1.000000,0.000000,0.000000,1.000000
5180.000000,6.000000,1.000000,0.000000,0.000000,0.000000,0.000000,0.000000,0.000000,0.000000,0.012430,0.002073,0.001957,-0.000683,0.042985,0.000000,0.000000,0.000000,65535.000000,0.000000,0.000000,6.000000,1.000000,6.000000,1.000000,0.000000,0.000000,1.000000
5190.000000,6.000000,1.000000,0.000000,0.000000,0.000000,0.000000,0.000000,0.000000,0.000000,0.012430,0.002545,0.002510,-0.000419,0.033433,0.000000,0.000000,0.000000,65535.000000,0.000000,0.000000,6.000000,1.000000,6.000000,1.000000,0.000000,0.000000,1.000000
5200.000000,6.000000,1.000000,0.000000,0.000000,0.000000,0.000000,0.000000,0.000000,0.000000,0.012430,0.002391,0.002195,-0.000947,0.033101,0.000000,0.000000,0.000000,65535.000000,0.000000,0.000000,6.000000,1.000000,6.000000,1.000000,0.000000,0.000000,1.000000
5210.000000,6.000000,1.000000,0.000000,0.000000,0.000000,0.000000,0.000000,0.000000,0.000000,0.014042,0.003546,0.003311,-0.001271,0.106655,0.000000,0.000000,0.000000,65535.000000,0.000000,0.000000,6.000000,1.000000,6.000000,1.000000,0.000000,0.000000,1.000000
5220.000000,6.000000,1.000000,0.000000,0.000000,0.000000,0.000000,0.000000,0.000000,0.000000,0.014042,0.004257,0.003995,-0.001469,0.105636,0.000000,0.000000,0.000000,65535.000000,0.000000,0.000000,6.000000,1.000000,6.000000,1.000000,0.000000,0.000000,1.000000
5230.000000,6.000000,1.000000,0.000000,0.000000,0.000000,0.000000,0.000000,0.000000,0.000000,0.014042,0.003868,0.003762,-0.000902,0.104585,0.000000,0.000000,0.000000,65535.000000,0.000000,0.000000,6.000000,1.000000,6.000000,1.000000,0.000000,0.000000,1.000000
5240.000000,6.000000,1.000000,0.000000,0.000000,0.000000,0.000000,0.000000,0.000000,0.000000,0.016551,0.004275,0.004272,0.000135,0.111931,0.000000,0.000000,0.000000,65535.000000,0.000000,0.000000,6.000000,1.000000,6.000000,1.000000,0.000000,0.000000,1.000000
5250.000000,6.000000,1.000000,0.000000,0.000000,0.000000,0.000000,0.000000,0.000000,0.000000,0.013888,0.003333,0.003277,-0.000606,0.112271,0.000000,0.000000,0.000000,65535.000000,0.000000,0.000000,6.000000,1.000000,6.000000,1.000000,0.000000,0.000000,1.000000
5260.000000,6.000000,1.000000,0.000000,0.000000,0.000000,0.000000,0.000000,0.000000,0.000000,0.016461,0.003342,0.003321,-0.000372,0.111153,0.000000,0.000000,0.000000,65535.000000,0.000000,0.000000,6.000000,1.000000,6.000000,1.000000,0.000000,0.000000,1.000000
5270.000000,6.000000,1.000000,0.000000,0.000000,0.000000,0.000000,0.000000,0.000000,0.000000,0.017051,0.004106,0.004002,-0.000918,0.084372,0.000000,0.000000,0.000000,65535.000000,0.000000,0.000000,6.000000,1.000000,6.000000,1.000000,0.000000,0.000000,1.000000
5280.000000,6.000000,1.000000,0.000000,0.000000,0.000000,0.000000,0.000000,0.000000,0.000000,0.016008,0.003807,0.003766,-0.000564,0.096431,0.000000,0.000000,0.000000,65535.000000,0.000000,0.000000,6.000000,1.000000,6.000000,1.000000,0.000000,0.000000,1.000000
5290.000000,6.000000,1.000000,0.000000,0.000000,0.000000,0.000000,0.000000,0.000000,0.000000,0.016008,0.004398,0.004275,-0.001035,0.096263,0.000000,0.000000,0.000000,65535.000000,0.000000,0.000000,6.000000,1.000000,6.000000,1.000000,0.000000,0.000000,1.000000
5300.000000,6.000000,1.000000,0.000000,0.000000,0.000000,0.000000,0.000000,0.000000,0.000000,0.015701,0.006853,0.006550,-0.002014,0.095305,0.000000,0.000000,0.000000,65535.000000,0.000000,0.000000,6.000000,1.000000,6.000000,1.000000,0.000000,0.000000,1.000000
5310.000000,6.000000,1.000000,0.000000,0.000000,0.000000,0.000000,0.000000,0.000000,0.000000,0.015831,0.008814,0.008601,-0.001926,0.102535,0.000000,0.000000,0.000000,65535.000000,0.000000,0.000000,6.000000,1.000000,6.000000,1.000000,0.000000,0.000000,1.000000
5320.000000,6.000000,1.000000,0.000000,0.000000,0.000000,0.000000,0.000000,0.000000,0.000000,0.015831,0.010581,0.010515,-0.001183,0.101514,0.000000,0.000000,0.000000,65535.000000,0.000000,0.000000,6.000000,1.000000,6.000000,1.000000,0.000000,0.000000,1.000000
5330.000000,6.000000,1.000000,0.000000,0.000000,0.000000,0.000000,0.000000,0.000000,0.000000,0.041373,0.011878,0.011690,-0.002105,0.315192,0.000000,0.000000,0.000000,65535.000000,0.000000,0.000000,6.000000,1.000000,6.000000,1.000000,0.000000,0.000000,1.000000
5340.000000,6.000000,1.000000,0.000000,0.000000,0.000000,0.000000,0.000000,0.000000,0.000000,0.060490,0.014510,0.014374,-0.001982,0.492667,0.000000,0.000000,0.000000,65535.000000,0.000000,0.000000,6.000000,1.000000,6.000000,1.000000,0.000000,0.000000,1.000000
5350.000000,6.000000,1.000000,0.000000,0.000000,0.000000,0.000000,0.000000,0.000000,0.000000,0.062267,0.016135,0.016022,-0.001906,0.487762,0.000000,0.000000,0.000000,65535.000000,0.000000,0.000000,6.000000,1.000000,6.000000,1.000000,0.000000,0.000000,1.000000
5360.000000,6.000000,1.000000,0.000000,0.000000,0.000000,0.000000,0.000000,0.000000,0.000000,0.059847,0.017871,0.017689,-0.002549,0.570153,0.000000,0.000000,0.000000,65535.000000,0.000000,0.000000,6.000000,1.000000,6.000000,1.000000,0.000000,0.000000,1.000000
5370.000000,6.000000,1.000000,0.000000,0.000000,0.000000,0.000000,0.000000,0.000000,0.000000,0.102986,0.021639,0.020674,-0.006390,0.931718,0.000000,0.000000,0.000000,65535.000000,0.000000,0.000000,6.000000,1.000000,6.000000,1.000000,0.000000,0.000000,1.000000
5380.000000,5.999876,1.000298,-0.012345,0.029787,0.000000,0.000000,0.000000,0.000000,0.000000,0.107657,0.026604,0.025125,-0.008748,0.937409,0.000000,0.000000,0.000000,65535.000000,0.000000,0.000000,5.999876,1.000298,5.999876,1.000298,0.000000,0.000000,1.000000
5390.000000,5.999690,1.000664,-0.018690,0.036561,0.000000,0.000000,0.000000,0.000000,0.000000,0.107657,0.032243,0.029820,-0.012264,0.928077,0.000000,0.000000,0.000000,65535.000000,0.000000,0.000000,5.999690,1.000664,5.999690,1.000664,0.000000,0.000000,1.000000
5400.000000,5.999450,1.001097,-0.023987,0.043323,0.000000,0.000000,0.000000,0.000000,0.000000,0.104708,0.041061,0.036628,-0.018559,0.848300,0.000000,0.000000,0.000000,65535.000000,0.000000,0.000000,5.999450,1.001097,5.999450,1.001097,0.000000,0.000000,1.000000
5410.000000,5.999156,1.001565,-0.029311,0.046806,0.000000,0.000000,0.000000,0.000000,0.000000,0.104708,0.049521,0.043425,-0.023802,0.839855,0.000000,0.000000,0.000000,65535.000000,0.000000,0.000000,5.999156,1.001565,5.999156,1.001565,0.000000,0.000000,1.000000
5420.000000,5.998803,1.002080,-0.035355,0.051543,0.000000,0.000000,0.000000,0.000000,0.000000,0.091375,0.055227,0.046944,-0.029090,0.730406,0.000000,0.000000,0.000000,65535.000000,0.000000,0.000000,5.998803,1.002080,5.998803,1.002080,0.000000,0.000000,1.000000
5430.000000,5.998371,1.002664,-0.043214,0.058361,0.000000,0.000000,0.000000,0.000000,0.000000,0.064765,0.062504,0.051722,-0.035093,0.300472,0.000000,0.000000,0.000000,65535.000000,0.000000,0.000000,5.998371,1.002664,5.998371,1.002664,0.000000,0.000000,1.000000
5440.000000,5.997822,1.003315,-0.054945,0.065129,0.000000,0.000000,0.000000,0.000000,0.000000,0.103282,0.072619,0.058581,-0.042915,0.753001,0.000000,0.000000,0.000000,65535.000000,0.000000,0.000000,5.997822,1.003315,5.997822,1.003315,0.000000,0.000000,1.000000
5450.000000,5.997159,1.004047,-0.066315,0.073178,0.000000,0.000000,0.000000,0.000000,0.000000,0.107492,0.085210,0.065410,-0.054611,0.898180,0.000000,0.000000,0.000000,65535.000000,0.000000,0.000000,5.997159,1.004047,5.997159,1.004047,0.000000,0.000000,1.000000
5460.000000,5.996398,1.004867,-0.076071,0.082034,0.000000,0.000000,0.000000,0.000000,0.000000,0.107492,0.098756,0.073528,-0.065927,0.890129,0.000000,0.000000,0.000000,65535.000000,0.000000,0.000000,5.996398,1.004867,5.996398,1.004867,0.000000,0.000000,1.000000
5470.000000,5.995536,1.005781,-0.086181,0.091409,0.000000,0.000000,0.000000,0.000000,0.000000,0.113038,0.111876,0.082437,-0.075633,1.089571,0.000000,0.000000,0.000000,65535.000000,0.000000,0.000000,5.995536,1.005781,5.995536,1.005781,0.000000,0.000000,1.000000
5480.000000,5.994530,1.006844,-0.100673,0.106314,0.000000,0.000000,0.000000,0.000000,0.000000,0.139866,0.125629,0.091834,-0.085728,1.391141,0.000000,0.000000,0.000000,65535.000000,0.000000,0.000000,5.994530,1.006844,5.994530,1.006844,0.000000,0.000000,1.000000
5490.000000,5.993448,1.007986,-0.108160,0.114189,0.000000,0.000000,0.000000,0.000000,0.000000,0.174067,0.146416,0.106762,-0.100198,1.479527,0.000000,0.000000,0.000000,65535.000000,0.000000,0.000000,5.993448,1.007986,5.993448,1.007986,0.000000,0.000000,1.000000
5500.000000,5.992300,1.009222,-0.114888,0.123554,0.000000,0.000000,0.000000,0.000000,0.000000,0.174067,0.157282,0.114620,-0.107704,1.457935,0.000000,0.000000,0.000000,65535.000000,0.000000,0.000000,5.992300,1.009222,5.992300,1.009222,0.000000,0.000000,1.000000
5510.000000,5.991094,1.010566,-0.120540,0.134424,0.000000,0.000000,0.000000,0.000000,0.000000,0.251937,0.168715,0.124024,-0.114380,1.621146,0.000000,0.000000,0.000000,65535.000000,0.000000,0.000000,5.991094,1.010566,5.991094,1.010566,0.000000,0.000000,1.000000
5520.000000,5.989784,1.012041,-0.131033,0.147523,0.000000,0.000000,0.000000,0.000000,0.000000,0.347375,0.180554,0.135032,-0.119858,2.506557,0.000000,0.000000,0.000000,65535.000000,0.000000,0.000000,5.989784,1.012041,5.989784,1.012041,0.000000,0.000000,1.000000
5530.000000,5.988380,1.013622,-0.140315,0.158108,0.000000,0.000000,0.000000,0.000000,0.000000,0.347375,0.197313,0.148333,-0.130114,2.445206,0.000000,0.000000,0.000000,65535.000000,0.000000,0.000000,5.988380,1.013622,5.988380,1.013622,0.000000,0.000000,1.000000
5540.000000,5.986858,1.015287,-0.152248,0.166507,0.000000,0.000000,0.000000,0.000000,0.000000,0.344822,0.211391,0.159117,-0.139169,2.555018,0.000000,0.000000,0.000000,65535.000000,0.000000,0.000000,5.986858,1.015287,5.986858,1.015287,0.000000,0.000000,1.000000
5550.000000,5.985269,1.017050,-0.158923,0.176248,0.000000,0.000000,0.000000,0.000000,0.000000,0.256027,0.225620,0.167701,-0.150932,2.491302,0.000000,0.000000,0.000000,65535.000000,0.000000,0.000000,5.985269,1.017050,5.985269,1.017050,0.000000,0.000000,1.000000
5560.000000,5.983652,1.018898,-0.161716,0.184813,0.000000,0.000000,0.000000,0.000000,0.000000,0.256027,0.237318,0.177552,-0.157465,2.430685,0.000000,0.000000,0.000000,65535.000000,0.000000,0.000000,5.983652,1.018898,5.983652,1.018898,0.000000,0.000000,1.000000
5570.000000,5.982030,1.020811,-0.162163,0.191311,0.000000,0.000000,0.000000,0.000000,0.000000,0.243870,0.245577,0.186217,-0.160098,1.170528,0.000000,0.000000,0.000000,65535.000000,0.000000,0.000000,5.982030,1.020811,5.982030,1.020811,0.000000,0.000000,1.000000
5580.000000,5.980329,1.022796,-0.170074,0.198482,0.000000,0.000000,0.000000,0.000000,0.000000,0.243870,0.250793,0.192846,-0.160336,1.286943,0.000000,0.000000,0.000000,65535.000000,0.000000,0.000000,5.980329,1.022796,5.980329,1.022796,0.000000,0.000000,1.000000
5590.000000,5.978497,1.024877,-0.183207,0.208075,0.000000,0.000000,0.000000,0.000000,0.000000,0.241316,0.261381,0.200187,-0.168064,1.270576,0.000000,0.000000,0.000000,65535.000000,0.000000,0.000000,5.978497,1.024877,5.978497,1.024877,0.000000,0.000000,1.000000
5600.000000,5.976488,1.027108,-0.200919,0.223111,0.000000,0.000000,0.000000,0.000000,0.000000,0.241316,0.277236,0.209928,-0.181081,1.254619,0.000000,0.000000,0.000000,65535.000000,0.000000,0.000000,5.976488,1.027108,5.976488,1.027108,0.000000,0.000000,1.000000
5610.000000,5.974460,1.029386,-0.202805,0.227837,0.000000,0.000000,0.000000,0.000000,0.000000,0.150820,0.300244,0.225069,-0.198723,0.622951,0.000000,0.000000,0.000000,65535.000000,0.000000,0.000000,5.974460,1.029386,5.974460,1.029386,0.000000,0.000000,1.000000
5620.000000,5.972458,1.031705,-0.200111,0.231853,0.000000,0.000000,0.000000,0.000000,0.000000,0.047654,0.305024,0.229785,-0.200594,-0.076058,0.000000,0.000000,0.000000,65535.000000,0.000000,0.000000,5.972458,1.031705,5.972458,1.031705,0.000000,0.000000,1.000000
5630.000000,5.970360,1.034043,-0.209845,0.233877,0.000000,0.000000,0.000000,0.000000,0.000000,0.114783,0.306268,0.233990,-0.197608,0.384600,0.000000,0.000000,0.000000,65535.000000,0.000000,0.000000,5.970360,1.034043,5.970360,1.034043,0.000000,0.000000,1.000000
5640.000000,5.968074,1.036429,-0.228558,0.238589,0.000000,0.000000,0.000000,0.000000,0.000000,0.233430,0.314219,0.236572,-0.206803,1.195732,0.000000,0.000000,0.000000,65535.000000,0.000000,0.000000,5.968074,1.036429,5.968074,1.036429,0.000000,0.000000,1.000000
5650.000000,5.965765,1.038787,-0.230901,0.235800,0.000000,0.000000,0.000000,0.000000,0.000000,0.233430,0.330399,0.242082,-0.224855,1.181589,0.000000,0.000000,0.000000,65535.000000,0.000000,0.000000,5.965765,1.038787,5.965765,1.038787,0.000000,0.000000,1.000000
5660.000000,5.963500,1.041159,-0.226503,0.237145,0.000000,0.000000,0.000000,0.000000,0.000000,0.233430,0.330025,0.239577,-0.226979,1.167777,0.000000,0.000000,0.000000,65535.000000,0.000000,0.000000,5.963500,1.041159,5.963500,1.041159,0.000000,0.000000,1.000000
5670.000000,5.961103,1.043648,-0.239724,0.248942,0.000000,0.000000,0.000000,0.000000,0.000000,0.477274,0.327935,0.240656,-0.222769,2.803950,0.000000,0.000000,0.000000,65535.000000,0.000000,0.000000,5.961103,1.043648,5.961103,1.043648,0.000000,0.000000,1.000000
5680.000000,5.958472,1.046286,-0.263118,0.263821,0.000000,0.000000,0.000000,0.000000,0.000000,0.627763,0.345601,0.252441,-0.236037,4.614921,0.000000,0.000000,0.000000,65535.000000,0.000000,0.000000,5.958472,1.046286,5.958472,1.046286,0.000000,0.000000,1.000000
5690.000000,5.955774,1.048892,-0.269840,0.260520,0.000000,0.000000,0.000000,0.000000,0.000000,0.627763,0.372602,0.267528,-0.259348,4.411146,0.000000,0.000000,0.000000,65535.000000,0.000000,0.000000,5.955774,1.048892,5.955774,1.048892,0.000000,0.000000,1.000000
5700.000000,5.953062,1.051463,-0.271218,0.257196,0.000000,0.000000,0.000000,0.000000,0.000000,0.779195,0.375079,0.264360,-0.266079,4.224605,0.000000,0.000000,0.000000,65535.000000,0.000000,0.000000,5.953062,1.051463,5.953062,1.051463,0.000000,0.000000,1.000000
5710.000000,5.950249,1.054071,-0.281220,0.260791,0.000000,0.000000,0.000000,0.000000,0.000000,0.762027,0.373777,0.261107,-0.267455,3.871557,0.000000,0.000000,0.000000,65535.000000,0.000000,0.000000,5.950249,1.054071,5.950249,1.054071,0.000000,0.000000,1.000000
5720.000000,5.947290,1.056804,-0.295887,0.273234,0.000000,0.000000,0.000000,0.000000,0.000000,0.652633,0.383532,0.264998,-0.277260,3.231711,0.000000,0.000000,0.000000,65535.000000,0.000000,0.000000,5.947290,1.056804,5.947290,1.056804,0.000000,0.000000,1.000000
5730.000000,5.944390,1.059453,-0.290043,0.264875,0.000000,0.000000,0.000000,0.000000,0.000000,0.588849,0.402748,0.277854,-0.291552,3.111409,0.000000,0.000000,0.000000,65535.000000,0.000000,0.000000,5.944390,1.059453,5.944390,1.059453,0.000000,0.000000,1.000000
5740.000000,5.941491,1.062083,-0.289908,0.263008,0.000000,0.000000,0.000000,0.000000,0.000000,0.542586,0.392790,0.269392,-0.285852,2.665362,0.000000,0.000000,0.000000,65535.000000,0.000000,0.000000,5.941491,1.062083,5.941491,1.062083,0.000000,0.000000,1.000000
5750.000000,5.938479,1.064803,-0.301171,0.271986,0.000000,0.000000,0.000000,0.000000,0.000000,0.367360,0.391433,0.267468,-0.285799,1.233626,0.000000,0.000000,0.000000,65535.000000,0.000000,0.000000,5.938479,1.064803,5.938479,1.064803,0.000000,0.000000,1.000000
5760.000000,5.935404,1.067570,-0.307460,0.276773,0.000000,0.000000,0.000000,0.000000,0.000000,0.291823,0.405808,0.276754,-0.296795,0.990899,0.000000,0.000000,0.000000,65535.000000,0.000000,0.000000,5.935404,1.067570,5.935404,1.067570,0.000000,0.000000,1.000000
5770.000000,5.932389,1.070304,-0.301532,0.273365,0.000000,0.000000,0.000000,0.000000,0.000000,0.323495,0.413684,0.281802,-0.302857,1.157033,0.000000,0.000000,0.000000,65535.000000,0.000000,0.000000,5.932389,1.070304,5.932389,1.070304,0.000000,0.000000,1.000000
5780.000000,5.929241,1.073130,-0.314772,0.282614,0.000000,0.000000,0.000000,0.000000,0.000000,0.321194,0.407002,0.278358,-0.296929,1.559196,0.000000,0.000000,0.000000,65535.000000,0.000000,0.000000,5.929241,1.073130,5.929241,1.073130,0.000000,0.000000,1.000000
5790.000000,5.925929,1.076064,-0.331207,0.293441,0.000000,0.000000,0.000000,0.000000,0.000000,0.356765,0.423027,0.288021,-0.309832,1.848408,0.000000,0.000000,0.000000,65535.000000,0.000000,0.000000,5.925929,1.076064,5.925929,1.076064,0.000000,0.000000,1.000000
5800.000000,5.922560,1.079069,-0.336904,0.300453,0.000000,0.000000,0.000000,0.000000,0.000000,0.382628,0.442500,0.299187,-0.326026,2.214892,0.000000,0.000000,0.000000,65535.000000,0.000000,0.000000,5.922560,1.079069,5.922560,1.079069,0.000000,0.000000,1.000000
5810.000000,5.919168,1.082101,-0.339215,0.303232,0.000000,0.000000,0.000000,0.000000,0.000000,0.424725,0.451416,0.306043,-0.331834,2.166851,0.000000,0.000000,0.000000,65535.000000,0.000000,0.000000,5.919168,1.082101,5.919168,1.082101,0.000000,0.000000,1.000000
5820.000000,5.915565,1.085250,-0.360292,0.314867,0.000000,0.000000,0.000000,0.000000,0.000000,0.537978,0.454991,0.308944,-0.334021,2.120849,0.000000,0.000000,0.000000,65535.000000,0.000000,0.000000,5.915565,1.085250,5.915565,1.085250,0.000000,0.000000,1.000000
5830.000000,5.911898,1.088441,-0.366726,0.319130,0.000000,0.000000,0.000000,0.000000,0.000000,0.507600,0.478489,0.321194,-0.354664,1.887922,0.000000,0.000000,0.000000,65535.000000,0.000000,0.000000,5.911898,1.088441,5.911898,1.088441,0.000000,0.000000,1.000000
5840.000000,5.908213,1.091667,-0.368504,0.322570,0.000000,0.000000,0.000000,0.000000,0.000000,0.276235,0.486140,0.325443,-0.361135,0.720936,0.000000,0.000000,0.000000,65535.000000,0.000000,0.000000,5.908213,1.091667,5.908213,1.091667,0.000000,0.000000,1.000000
5850.000000,5.904600,1.094795,-0.361304,0.312844,0.000000,0.000000,0.000000,0.000000,0.000000,0.225761,0.489741,0.328707,-0.363040,0.453283,0.000000,0.000000,0.000000,65535.000000,0.000000,0.000000,5.904600,1.094795,5.904600,1.094795,0.000000,0.000000,1.000000
5860.000000,5.901111,1.097863,-0.348872,0.306719,0.000000,0.000000,0.000000,0.000000,0.000000,0.267166,0.477924,0.318935,-0.355939,0.670695,0.000000,0.000000,0.000000,65535.000000,0.000000,0.000000,5.901111,1.097863,5.901111,1.097863,0.000000,0.000000,1.000000
5870.000000,5.897607,1.100921,-0.350449,0.305849,0.000000,0.000000,0.000000,0.000000,0.000000,0.416212,0.464530,0.312934,-0.343307,2.216976,0.000000,0.000000,0.000000,65535.000000,0.000000,0.000000,5.897607,1.100921,5.897607,1.100921,0.000000,0.000000,1.000000
5880.000000,5.893977,1.103993,-0.363024,0.307217,0.000000,0.000000,0.000000,0.000000,0.000000,0.668429,0.465143,0.312521,-0.344512,4.047022,0.000000,0.000000,0.000000,65535.000000,0.000000,0.000000,5.893977,1.103993,5.893977,1.103993,0.000000,0.000000,1.000000
5890.000000,5.890365,1.107036,-0.361199,0.304241,0.000000,0.000000,0.000000,0.000000,0.000000,0.668429,0.475571,0.314230,-0.356970,3.889457,0.000000,0.000000,0.000000,65535.000000,0.000000,0.000000,5.890365,1.107036,5.890365,1.107036,0.000000,0.000000,1.000000
5900.000000,5.886668,1.110192,-0.369700,0.315630,0.000000,0.000000,0.000000,0.000000,0.000000,0.658298,0.472258,0.310700,-0.355658,3.743702,0.000000,0.000000,0.000000,65535.000000,0.000000,0.000000,5.886668,1.110192,5.886668,1.110192,0.000000,0.000000,1.000000
5910.000000,5.882966,1.113398,-0.370184,0.320589,0.000000,0.000000,0.000000,0.000000,0.000000,0.294638,0.486107,0.321617,-0.364503,1.202234,0.000000,0.000000,0.000000,65535.000000,0.000000,0.000000,5.882966,1.113398,5.882966,1.113398,0.000000,0.000000,1.000000
5920.000000,5.879201,1.116707,-0.376497,0.330962,0.000000,0.000000,0.000000,0.000000,0.000000,0.341392,0.489707,0.326358,-0.365108,1.585043,0.000000,0.000000,0.000000,65535.000000,0.000000,0.000000,5.879201,1.116707,5.879201,1.116707,0.000000,0.000000,1.000000
5930.000000,5.875484,1.119979,-0.371683,0.327182,0.000000,0.000000,0.000000,0.000000,0.000000,0.341392,0.501284,0.337119,-0.370994,1.560287,0.000000,0.000000,0.000000,65535.000000,0.000000,0.000000,5.875484,1.119979,5.875484,1.119979,0.000000,0.000000,1.000000
5940.000000,5.871798,1.123123,-0.368579,0.314333,0.000000,0.000000,0.000000,0.000000,0.000000,0.331449,0.495173,0.333913,-0.365648,1.422537,0.000000,0.000000,0.000000,65535.000000,0.000000,0.000000,5.871798,1.123123,5.871798,1.123123,0.000000,0.000000,1.000000
5950.000000,5.868081,1.126137,-0.371744,0.301498,0.000000,0.000000,0.000000,0.000000,0.000000,0.683602,0.484413,0.321477,-0.362365,3.106442,0.000000,0.000000,0.000000,65535.000000,0.000000,0.000000,5.868081,1.126137,5.868081,1.126137,0.000000,0.000000,1.000000
5960.000000,5.864334,1.129119,-0.374640,0.298150,0.000000,0.000000,0.000000,0.000000,0.000000,0.729723,0.478638,0.308607,-0.365863,3.012759,0.000000,0.000000,0.000000,65535.000000,0.000000,0.000000,5.864334,1.129119,5.864334,1.129119,0.000000,0.000000,1.000000
5970.000000,5.860620,1.132157,-0.371340,0.303837,0.000000,0.000000,0.000000,0.000000,0.000000,0.729723,0.478799,0.304631,-0.369390,2.924561,0.000000,0.000000,0.000000,65535.000000,0.000000,0.000000,5.860620,1.132157,5.860620,1.132157,0.000000,0.000000,1.000000
5980.000000,5.856849,1.135339,-0.377158,0.318194,0.000000,0.000000,0.000000,0.000000,0.000000,0.613818,0.479803,0.309386,-0.366731,2.601961,0.000000,0.000000,0.000000,65535.000000,0.000000,0.000000,5.856849,1.135339,5.856849,1.135339,0.000000,0.000000,1.000000
5990.000000,5.853017,1.138611,-0.383163,0.327206,0.000000,0.000000,0.000000,0.000000,0.000000,0.410625,0.493452,0.323427,-0.372680,1.613836,0.000000,0.000000,0.000000,65535.000000,0.000000,0.000000,5.853017,1.138611,5.853017,1.138611,0.000000,0.000000,1.000000
6000.000000,5.849091,1.141989,-0.392571,0.337744,0.000000,0.000000,0.000000,0.000000,0.000000,0.356386,0.503863,0.332703,-0.378400,1.288838,0.000000,0.000000,0.000000,65535.000000,0.000000,0.000000,5.849091,1.141989,5.849091,1.141989,0.000000,0.000000,1.000000
6010.000000,5.845170,1.145373,-0.392068,0.338408,0.000000,0.000000,0.000000,0.000000,0.000000,0.295202,0.517864,0.343632,-0.387427,0.918891,0.000000,0.000000,0.000000,65535.000000,0.000000,0.000000,5.845170,1.145373,5.845170,1.145373,0.000000,0.000000,1.000000
6020.000000,5.841331,1.148732,-0.383897,0.335926,0.000000,0.000000,0.000000,0.000000,0.000000,0.407080,0.517916,0.344455,-0.386766,1.360252,0.000000,0.000000,0.000000,65535.000000,0.000000,0.000000,5.841331,1.148732,5.841331,1.148732,0.000000,0.000000,1.000000
6030.000000,5.837447,1.152129,-0.388451,0.339670,0.000000,0.000000,0.000000,0.000000,0.000000,0.407080,0.510121,0.341688,-0.378778,1.341979,0.000000,0.000000,0.000000,65535.000000,0.000000,0.000000,5.837447,1.152129,5.837447,1.152129,0.000000,0.000000,1.000000
6040.000000,5.833472,1.155581,-0.397499,0.345148,0.000000,0.000000,0.000000,0.000000,0.000000,0.457314,0.516013,0.345224,-0.383523,1.292771,0.000000,0.000000,0.000000,65535.000000,0.000000,0.000000,5.833472,1.155581,5.833472,1.155581,0.000000,0.000000,1.000000
6050.000000,5.829527,1.158977,-0.394499,0.339654,0.000000,0.000000,0.000000,0.000000,0.000000,0.457314,0.526434,0.350666,-0.392640,1.101233,0.000000,0.000000,0.000000,65535.000000,0.000000,0.000000,5.829527,1.158977,5.829527,1.158977,0.000000,0.000000,1.000000
6060.000000,5.825574,1.162407,-0.395330,0.342982,0.000000,0.000000,0.000000,0.000000,0.000000,0.453554,0.520571,0.344848,-0.389967,0.993337,0.000000,0.000000,0.000000,65535.000000,0.000000,0.000000,5.825574,1.162407,5.825574,1.162407,0.000000,0.000000,1.000000
6070.000000,5.821490,1.165894,-0.408343,0.348745,0.000000,0.000000,0.000000,0.000000,0.000000,0.316276,0.523376,0.347818,-0.391083,0.115917,0.000000,0.000000,0.000000,65535.000000,0.000000,0.000000,5.821490,1.165894,5.821490,1.165894,0.000000,0.000000,1.000000
6080.000000,5.817044,1.169486,-0.444661,0.359171,0.000000,0.000000,0.000000,0.000000,0.000000,0.280586,0.536998,0.353567,-0.404175,0.223659,0.000000,0.000000,0.000000,65535.000000,0.000000,0.000000,5.817044,1.169486,5.817044,1.169486,0.000000,0.000000,1.000000
6090.000000,5.812257,1.173134,-0.478639,0.364832,0.000000,0.000000,0.000000,0.000000,0.000000,0.464723,0.571600,0.364293,-0.440474,1.022599,0.000000,0.000000,0.000000,65535.000000,0.000000,0.000000,5.812257,1.173134,5.812257,1.173134,0.000000,0.000000,1.000000
6100.000000,5.807962,1.176352,-0.429495,0.321772,0.000000,0.000000,0.000000,0.000000,0.000000,0.464723,0.601829,0.370225,-0.474480,1.012237,0.000000,0.000000,0.000000,65535.000000,0.000000,0.000000,5.807962,1.176352,5.807962,1.176352,0.000000,0.000000,1.000000
6110.000000,5.803958,1.179473,-0.400391,0.312131,0.000000,0.000000,0.000000,0.000000,0.000000,0.491106,0.608156,0.375830,-0.478127,1.117312,0.000000,0.000000,0.000000,65535.000000,0.000000,0.000000,5.803958,1.179473,5.803958,1.179473,0.000000,0.000000,1.000000
6120.000000,5.800199,1.182415,-0.375993,0.294140,0.000000,0.000000,0.000000,0.000000,0.000000,0.452291,0.585761,0.370767,-0.453484,1.349048,0.000000,0.000000,0.000000,65535.000000,0.000000,0.000000,5.800199,1.182415,5.800199,1.182415,0.000000,0.000000,1.000000
6130.000000,5.796282,1.185355,-0.391623,0.294012,0.000000,0.000000,0.000000,0.000000,0.000000,0.496651,0.539387,0.342142,-0.416986,2.173926,0.000000,0.000000,0.000000,65535.000000,0.000000,0.000000,5.796282,1.185355,5.796282,1.185355,0.000000,0.000000,1.000000
6140.000000,5.792153,1.188369,-0.412880,0.301437,0.000000,0.000000,0.000000,0.000000,0.000000,0.496651,0.522986,0.323258,-0.411119,2.127627,0.000000,0.000000,0.000000,65535.000000,0.000000,0.000000,5.792153,1.188369,5.792153,1.188369,0.000000,0.000000,1.000000
6150.000000,5.788207,1.191217,-0.394676,0.284785,0.000000,0.000000,0.000000,0.000000,0.000000,0.463868,0.509714,0.307084,-0.406827,1.821662,0.000000,0.000000,0.000000,65535.000000,0.000000,0.000000,5.788207,1.191217,5.788207,1.191217,0.000000,0.000000,1.000000
6160.000000,5.784326,1.194039,-0.388035,0.282185,0.000000,0.000000,0.000000,0.000000,0.000000,0.374768,0.486694,0.290611,-0.390406,0.830872,0.000000,0.000000,0.000000,65535.000000,0.000000,0.000000,5.784326,1.194039,5.784326,1.194039,0.000000,0.000000,1.000000
6170.000000,5.780260,1.196903,-0.406597,0.286463,0.000000,0.000000,0.000000,0.000000,0.000000,0.798171,0.479791,0.287038,-0.384459,3.911201,0.000000,0.000000,0.000000,65535.000000,0.000000,0.000000,5.780260,1.196903,5.780260,1.196903,0.000000,0.000000,1.000000
6180.000000,5.775962,1.199825,-0.429797,0.292195,0.000000,0.000000,0.000000,0.000000,0.000000,0.798171,0.497375,0.290733,-0.403554,3.763841,0.000000,0.000000,0.000000,65535.000000,0.000000,0.000000,5.775962,1.199825,5.775962,1.199825,0.000000,0.000000,1.000000
6190.000000,5.771578,1.202821,-0.438414,0.299585,0.000000,0.000000,0.000000,0.000000,0.000000,0.798171,0.519715,0.296273,-0.426997,3.627183,0.000000,0.000000,0.000000,65535.000000,0.000000,0.000000,5.771578,1.202821,5.771578,1.202821,0.000000,0.000000,1.000000
6200.000000,5.767261,1.205791,-0.431732,0.296987,0.000000,0.000000,0.000000,0.000000,0.000000,0.581786,0.530997,0.304254,-0.435187,2.571396,0.000000,0.000000,0.000000,65535.000000,0.000000,0.000000,5.767261,1.205791,5.767261,1.205791,0.000000,0.000000,1.000000
6210.000000,5.763074,1.208660,-0.418620,0.286920,0.000000,0.000000,0.000000,0.000000,0.000000,0.540974,0.524017,0.302612,-0.427808,2.243356,0.000000,0.000000,0.000000,65535.000000,0.000000,0.000000,5.763074,1.208660,5.763074,1.208660,0.000000,0.000000,1.000000
6220.000000,5.758758,1.211395,-0.431643,0.273479,0.000000,0.000000,0.000000,0.000000,0.000000,0.437005,0.507509,0.293099,-0.414317,1.247697,0.000000,0.000000,0.000000,65535.000000,0.000000,0.000000,5.758758,1.211395,5.758758,1.211395,0.000000,0.000000,1.000000
6230.000000,5.754381,1.213975,-0.437743,0.258050,0.000000,0.000000,0.000000,0.000000,0.000000,0.448626,0.510985,0.280061,-0.427401,1.659489,0.000000,0.000000,0.000000,65535.000000,0.000000,0.000000,5.754381,1.213975,5.754381,1.213975,0.000000,0.000000,1.000000
6240.000000,5.750070,1.216578,-0.431053,0.260284,0.000000,0.000000,0.000000,0.000000,0.000000,0.619148,0.508143,0.264205,-0.434057,2.647581,0.000000,0.000000,0.000000,65535.000000,0.000000,0.000000,5.750070,1.216578,5.750070,1.216578,0.000000,0.000000,1.000000
6250.000000,5.745788,1.219143,-0.428220,0.256465,0.000000,0.000000,0.000000,0.000000,0.000000,0.619148,0.503542,0.265591,-0.427804,2.579225,0.000000,0.000000,0.000000,65535.000000,0.000000,0.000000,5.745788,1.219143,5.745788,1.219143,0.000000,0.000000,1.000000
6260.000000,5.741390,1.221618,-0.439842,0.247523,0.000000,0.000000,0.000000,0.000000,0.000000,0.863354,0.499146,0.261209,-0.425343,2.137222,0.000000,0.000000,0.000000,65535.000000,0.000000,0.000000,5.741390,1.221618,5.741390,1.221618,0.000000,0.000000,1.000000
6270.000000,5.736791,1.224054,-0.459908,0.243556,0.000000,0.000000,0.000000,0.000000,0.000000,0.502112,0.504706,0.252630,-0.436928,0.245985,0.000000,0.000000,0.000000,65535.000000,0.000000,0.000000,5.736791,1.224054,5.736791,1.224054,0.000000,0.000000,1.000000
6280.000000,5.731968,1.226456,-0.482221,0.240222,0.000000,0.000000,0.000000,0.000000,0.000000,0.220310,0.520418,0.249979,-0.456449,-0.379726,0.000000,0.000000,0.000000,65535.000000,0.000000,0.000000,5.731968,1.226456,5.731968,1.226456,0.000000,0.000000,1.000000
6290.000000,5.727094,1.228652,-0.487454,0.219610,0.000000,0.000000,0.000000,0.000000,0.000000,0.313204,0.538742,0.248351,-0.478085,-0.258187,0.000000,0.000000,0.000000,65535.000000,0.000000,0.000000,5.727094,1.228652,5.727094,1.228652,0.000000,0.000000,1.000000
6300.000000,5.721936,1.230554,-0.515737,0.190152,0.000000,0.000000,0.000000,0.000000,0.000000,0.611827,0.534640,0.229034,-0.483098,1.050573,0.000000,0.000000,0.000000,65535.000000,0.000000,0.000000,5.721936,1.230554,5.721936,1.230554,0.000000,0.000000,1.000000
6310.000000,5.715498,1.232849,-0.643838,0.229582,0.000000,0.000000,0.000000,0.000000,0.000000,0.980300,0.549675,0.200816,-0.511679,2.365086,0.000000,0.000000,0.000000,65535.000000,0.000000,0.000000,5.715498,1.232849,5.715498,1.232849,0.000000,0.000000,1.000000
6320.000000,5.708314,1.235195,-0.718399,0.234530,0.000000,0.000000,0.000000,0.000000,0.000000,1.214626,0.571126,0.156667,-0.549217,2.937709,0.000000,0.000000,0.000000,65535.000000,0.000000,0.000000,5.708314,1.235195,5.708314,1.235195,0.000000,0.000000,1.000000
6330.000000,5.701300,1.237463,-0.701399,0.226873,0.000000,0.000000,0.000000,0.000000,0.000000,1.315800,0.603474,0.115821,-0.592255,2.853789,0.000000,0.000000,0.000000,65535.000000,0.000000,0.000000,5.701300,1.237463,5.701300,1.237463,0.000000,0.000000,1.000000
6340.000000,5.694398,1.239584,-0.690220,0.212031,0.000000,0.000000,0.000000,0.000000,0.000000,0.886471,0.599711,0.101209,-0.591109,2.774531,0.000000,0.000000,0.000000,65535.000000,0.000000,0.000000,5.694398,1.239584,5.694398,1.239584,0.000000,0.000000,1.000000
6350.000000,5.688110,1.241714,-0.628787,0.213002,0.000000,0.000000,0.000000,0.000000,0.000000,0.674204,0.584366,0.113827,-0.573173,2.392473,0.000000,0.000000,0.000000,65535.000000,0.000000,0.000000,5.688110,1.241714,5.688110,1.241714,0.000000,0.000000,1.000000
6360.000000,5.682508,1.243752,-0.560178,0.203875,0.000000,0.000000,0.000000,0.000000,0.000000,1.043895,0.572112,0.151015,-0.551821,2.244151,0.000000,0.000000,0.000000,65535.000000,0.000000,0.000000,5.682508,1.243752,5.682508,1.243752,0.000000,0.000000,1.000000
6370.000000,5.677416,1.245844,-0.509231,0.209108,0.000000,0.000000,0.000000,0.000000,0.000000,1.043895,0.568923,0.190859,-0.535954,2.194846,0.000000,0.000000,0.000000,65535.000000,0.000000,0.000000,5.677416,1.245844,5.677416,1.245844,0.000000,0.000000,1.000000
6380.000000,5.672507,1.248116,-0.490878,0.227225,0.000000,0.000000,0.000000,0.000000,0.000000,0.739497,0.558394,0.221865,-0.512426,1.178498,0.000000,0.000000,0.000000,65535.000000,0.000000,0.000000,5.672507,1.248116,5.672507,1.248116,0.000000,0.000000,1.000000
6390.000000,5.667644,1.250576,-0.486396,0.246049,0.000000,0.000000,0.000000,0.000000,0.000000,0.660337,0.556724,0.246137,-0.499358,1.116477,0.000000,0.000000,0.000000,65535.000000,0.000000,0.000000,5.667644,1.250576,5.667644,1.250576,0.000000,0.000000,1.000000
6400.000000,5.662807,1.253132,-0.483626,0.255544,0.000000,0.000000,0.000000,0.000000,0.000000,0.660337,0.545088,0.253844,-0.482374,1.104137,0.000000,0.000000,0.000000,65535.000000,0.000000,0.000000,5.662807,1.253132,5.662807,1.253132,0.000000,0.000000,1.000000
6410.000000,5.657955,1.255686,-0.485282,0.255422,0.000000,0.000000,0.000000,0.000000,0.000000,0.659048,0.546989,0.263155,-0.479527,0.985265,0.000000,0.000000,0.000000,65535.000000,0.000000,0.000000,5.657955,1.255686,5.657955,1.255686,0.000000,0.000000,1.000000
6420.000000,5.652947,1.258217,-0.500776,0.253091,0.000000,0.000000,0.000000,0.000000,0.000000,0.671004,0.548397,0.262984,-0.481226,0.770034,0.000000,0.000000,0.000000,65535.000000,0.000000,0.000000,5.652947,1.258217,5.652947,1.258217,0.000000,0.000000,1.000000
6430.000000,5.647775,1.260636,-0.517248,0.241945,0.000000,0.000000,0.000000,0.000000,0.000000,0.671004,0.561099,0.260916,-0.496744,0.916987,0.000000,0.000000,0.000000,65535.000000,0.000000,0.000000,5.647775,1.260636,5.647775,1.260636,0.000000,0.000000,1.000000
6440.000000,5.642406,1.262947,-0.536919,0.231027,0.000000,0.000000,0.000000,0.000000,0.000000,0.741324,0.571036,0.250487,-0.513165,2.618027,0.000000,0.000000,0.000000,65535.000000,0.000000,0.000000,5.642406,1.262947,5.642406,1.262947,0.000000,0.000000,1.000000
6450.000000,5.637061,1.265228,-0.534451,0.228131,0.000000,0.000000,0.000000,0.000000,0.000000,0.741324,0.584514,0.240158,-0.532898,2.551170,0.000000,0.000000,0.000000,65535.000000,0.000000,0.000000,5.637061,1.265228,5.637061,1.265228,0.000000,0.000000,1.000000
6460.000000,5.631694,1.267612,-0.536730,0.238406,0.000000,0.000000,0.000000,0.000000,0.000000,0.755861,0.581104,0.237088,-0.530539,2.487643,0.000000,0.000000,0.000000,65535.000000,0.000000,0.000000,5.631694,1.267612,5.631694,1.267612,0.000000,0.000000,1.000000
6470.000000,5.626292,1.270052,-0.540203,0.243996,0.000000,0.000000,0.000000,0.000000,0.000000,0.755861,0.587296,0.247633,-0.532536,1.971004,0.000000,0.000000,0.000000,65535.000000,0.000000,0.000000,5.626292,1.270052,5.626292,1.270052,0.000000,0.000000,1.000000
6480.000000,5.620727,1.272597,-0.556520,0.254463,0.000000,0.000000,0.000000,0.000000,0.000000,0.705460,0.592751,0.253453,-0.535831,1.253190,0.000000,0.000000,0.000000,65535.000000,0.000000,0.000000,5.620727,1.272597,5.620727,1.272597,0.000000,0.000000,1.000000
6490.000000,5.615152,1.275067,-0.557441,0.247048,0.000000,0.000000,0.000000,0.000000,0.000000,0.687129,0.611937,0.264878,-0.551639,1.237664,0.000000,0.000000,0.000000,65535.000000,0.000000,0.000000,5.615152,1.275067,5.615152,1.275067,0.000000,0.000000,1.000000
6500.000000,5.609526,1.277461,-0.562647,0.239373,0.000000,0.000000,0.000000,0.000000,0.000000,0.476556,0.609732,0.258154,-0.552385,0.909531,0.000000,0.000000,0.000000,65535.000000,0.000000,0.000000,5.609526,1.277461,5.609526,1.277461,0.000000,0.000000,1.000000
6510.000000,5.603766,1.279846,-0.575934,0.238473,0.000000,0.000000,0.000000,0.000000,0.000000,0.573042,0.611450,0.250754,-0.557668,0.504369,0.000000,0.000000,0.000000,65535.000000,0.000000,0.000000,5.603766,1.279846,5.603766,1.279846,0.000000,0.000000,1.000000
6520.000000,5.597784,1.282237,-0.598266,0.239103,0.000000,0.000000,0.000000,0.000000,0.000000,0.456551,0.623353,0.249482,-0.571251,0.052283,0.000000,0.000000,0.000000,65535.000000,0.000000,0.000000,5.597784,1.282237,5.597784,1.282237,0.000000,0.000000,1.000000
6530.000000,5.591766,1.284707,-0.601708,0.247009,0.000000,0.000000,0.000000,0.000000,0.000000,0.456551,0.644276,0.249354,-0.594066,0.052256,0.000000,0.000000,0.000000,65535.000000,0.000000,0.000000,5.591766,1.284707,5.591766,1.284707,0.000000,0.000000,1.000000
6540.000000,5.585684,1.287271,-0.608262,0.256476,0.000000,0.000000,0.000000,0.000000,0.000000,0.456551,0.650435,0.256473,-0.597735,0.052229,0.000000,0.000000,0.000000,65535.000000,0.000000,0.000000,5.585684,1.287271,5.585684,1.287271,0.000000,0.000000,1.000000
6550.000000,5.579304,1.289865,-0.637973,0.259390,0.000000,0.000000,0.000000,0.000000,0.000000,0.396018,0.660123,0.266078,-0.604124,-0.141727,0.000000,0.000000,0.000000,65535.000000,0.000000,0.000000,5.579304,1.289865,5.579304,1.289865,0.000000,0.000000,1.000000
6560.000000,5.572577,1.292378,-0.672771,0.251253,0.000000,0.000000,0.000000,0.000000,0.000000,0.397616,0.688689,0.270013,-0.633550,-0.134403,0.000000,0.000000,0.000000,65535.000000,0.000000,0.000000,5.572577,1.292378,5.572577,1.292378,0.000000,0.000000,1.000000
6570.000000,5.565938,1.294819,-0.663796,0.244056,0.000000,0.000000,0.000000,0.000000,0.000000,0.780570,0.718157,0.263269,-0.668160,0.434901,0.000000,0.000000,0.000000,65535.000000,0.000000,0.000000,5.565938,1.294819,5.565938,1.294819,0.000000,0.000000,1.000000
6580.000000,5.559607,1.297146,-0.633144,0.232748,0.000000,0.000000,0.000000,0.000000,0.000000,0.730534,0.707240,0.256512,-0.659083,2.169544,0.000000,0.000000,0.000000,65535.000000,0.000000,0.000000,5.559607,1.297146,5.559607,1.297146,0.000000,0.000000,1.000000
6590.000000,5.553394,1.299456,-0.621269,0.231026,0.000000,0.000000,0.000000,0.000000,0.000000,0.730534,0.674569,0.244512,-0.628695,2.123429,0.000000,0.000000,0.000000,65535.000000,0.000000,0.000000,5.553394,1.299456,5.553394,1.299456,0.000000,0.000000,1.000000
6600.000000,5.547073,1.301788,-0.632099,0.233212,0.000000,0.000000,0.000000,0.000000,0.000000,0.730534,0.662834,0.242378,-0.616929,2.079234,0.000000,0.000000,0.000000,65535.000000,0.000000,0.000000,5.547073,1.301788,5.547073,1.301788,0.000000,0.000000,1.000000
6610.000000,5.540833,1.304066,-0.624089,0.227770,0.000000,0.000000,0.000000,0.000000,0.000000,0.652896,0.673748,0.244993,-0.627627,1.302728,0.000000,0.000000,0.000000,65535.000000,0.000000,0.000000,5.540833,1.304066,5.540833,1.304066,0.000000,0.000000,1.000000
6620.000000,5.534616,1.306345,-0.621667,0.227839,0.000000,0.000000,0.000000,0.000000,0.000000,1.026437,0.664354,0.239402,-0.619720,1.285959,0.000000,0.000000,0.000000,65535.000000,0.000000,0.000000,5.534616,1.306345,5.534616,1.306345,0.000000,0.000000,1.000000
6630.000000,5.528305,1.308679,-0.631085,0.233495,0.000000,0.000000,0.000000,0.000000,0.000000,0.618798,0.662103,0.238586,-0.617622,0.466113,0.000000,0.000000,0.000000,65535.000000,0.000000,0.000000,5.528305,1.308679,5.528305,1.308679,0.000000,0.000000,1.000000
6640.000000,5.521788,1.311099,-0.651691,0.241928,0.000000,0.000000,0.000000,0.000000,0.000000,0.689875,0.672895,0.243319,-0.627363,0.687446,0.000000,0.000000,0.000000,65535.000000,0.000000,0.000000,5.521788,1.311099,5.521788,1.311099,0.000000,0.000000,1.000000
6650.000000,5.515181,1.313571,-0.660696,0.247231,0.000000,0.000000,0.000000,0.000000,0.000000,0.690826,0.695147,0.252113,-0.647819,0.685709,0.000000,0.000000,0.000000,65535.000000,0.000000,0.000000,5.515181,1.313571,5.515181,1.313571,0.000000,0.000000,1.000000
6660.000000,5.508547,1.316022,-0.663435,0.245146,0.000000,0.000000,0.000000,0.000000,0.000000,0.690826,0.705438,0.258821,-0.656243,0.681034,0.000000,0.000000,0.000000,65535.000000,0.000000,0.000000,5.508547,1.316022,5.508547,1.316022,0.000000,0.000000,1.000000
6670.000000,5.502055,1.318333,-0.649212,0.231057,0.000000,0.000000,0.000000,0.000000,0.000000,0.638638,0.707278,0.257706,-0.658658,0.354210,0.000000,0.000000,0.000000,65535.000000,0.000000,0.000000,5.502055,1.318333,5.502055,1.318333,0.000000,0.000000,1.000000
6680.000000,5.495410,1.320647,-0.664433,0.231427,0.000000,0.000000,0.000000,0.000000,0.000000,0.467412,0.689103,0.242628,-0.644977,-0.036738,0.000000,0.000000,0.000000,65535.000000,0.000000,0.000000,5.495410,1.320647,5.495410,1.320647,0.000000,0.000000,1.000000
6690.000000,5.488705,1.322950,-0.670592,0.230305,0.000000,0.000000,0.000000,0.000000,0.000000,0.320518,0.703584,0.241875,-0.660701,-0.509579,0.000000,0.000000,0.000000,65535.000000,0.000000,0.000000,5.488705,1.322950,5.488705,1.322950,0.000000,0.000000,1.000000
6700.000000,5.481834,1.325290,-0.687090,0.233983,0.000000,0.000000,0.000000,0.000000,0.000000,0.279430,0.709037,0.240759,-0.666910,-0.637874,0.000000,0.000000,0.000000,65535.000000,0.000000,0.000000,5.481834,1.325290,5.481834,1.325290,0.000000,0.000000,1.000000
6710.000000,5.474912,1.327583,-0.692203,0.229336,0.000000,0.000000,0.000000,0.000000,0.000000,0.315883,0.725838,0.245307,-0.683129,-0.516467,0.000000,0.000000,0.000000,65535.000000,0.000000,0.000000,5.474912,1.327583,5.474912,1.327583,0.000000,0.000000,1.000000
6720.000000,5.467795,1.329782,-0.711701,0.219887,0.000000,0.000000,0.000000,0.000000,0.000000,0.315883,0.729205,0.240903,-0.688263,-0.513811,0.000000,0.000000,0.000000,65535.000000,0.000000,0.000000,5.467795,1.329782,5.467795,1.329782,0.000000,0.000000,1.000000
6730.000000,5.460628,1.331787,-0.716739,0.200506,0.000000,0.000000,0.000000,0.000000,0.000000,0.315883,0.744895,0.231657,-0.707958,-0.511182,0.000000,0.000000,0.000000,65535.000000,0.000000,0.000000,5.460628,1.331787,5.460628,1.331787,0.000000,0.000000,1.000000
6740.000000,5.453408,1.333621,-0.721959,0.183380,0.000000,0.000000,0.000000,0.000000,0.000000,0.511121,0.744256,0.212895,-0.713157,-0.433008,0.000000,0.000000,0.000000,65535.000000,0.000000,0.000000,5.453408,1.333621,5.453408,1.333621,0.000000,0.000000,1.000000
6750.000000,5.446262,1.335283,-0.714580,0.166229,0.000000,0.000000,0.000000,0.000000,0.000000,0.711555,0.744884,0.196796,-0.718418,0.800556,0.000000,0.000000,0.000000,65535.000000,0.000000,0.000000,5.446262,1.335283,5.446262,1.335283,0.000000,0.000000,1.000000
6760.000000,5.439191,1.336836,-0.707091,0.155233,0.000000,0.000000,0.000000,0.000000,0.000000,0.715044,0.733660,0.179714,-0.711309,0.999856,0.000000,0.000000,0.000000,65535.000000,0.000000,0.000000,5.439191,1.336836,5.439191,1.336836,0.000000,0.000000,1.000000
6770.000000,5.432082,1.338396,-0.710937,0.156053,0.000000,0.000000,0.000000,0.000000,0.000000,0.715044,0.723930,0.167917,-0.704186,1.328001,0.000000,0.000000,0.000000,65535.000000,0.000000,0.000000,5.432082,1.338396,5.432082,1.338396,0.000000,0.000000,1.000000
6780.000000,5.424830,1.340072,-0.725180,0.167596,0.000000,0.000000,0.000000,0.000000,0.000000,0.594734,0.727863,0.168525,-0.708085,1.310579,0.000000,0.000000,0.000000,65535.000000,0.000000,0.000000,5.424830,1.340072,5.424830,1.340072,0.000000,0.000000,1.000000
6790.000000,5.417457,1.341843,-0.737273,0.177119,0.000000,0.000000,0.000000,0.000000,0.000000,0.561716,0.744295,0.180020,-0.722196,1.032432,0.000000,0.000000,0.000000,65535.000000,0.000000,0.000000,5.417457,1.341843,5.417457,1.341843,0.000000,0.000000,1.000000
6800.000000,5.409896,1.343578,-0.756141,0.173470,0.000000,0.000000,0.000000,0.000000,0.000000,0.611336,0.758250,0.189041,-0.734307,1.021871,0.000000,0.000000,0.000000,65535.000000,0.000000,0.000000,5.409896,1.343578,5.409896,1.343578,0.000000,0.000000,1.000000
6810.000000,5.402356,1.345276,-0.754005,0.169803,0.000000,0.000000,0.000000,0.000000,0.000000,0.670081,0.775785,0.184766,-0.753461,0.805735,0.000000,0.000000,0.000000,65535.000000,0.000000,0.000000,5.402356,1.345276,5.402356,1.345276,0.000000,0.000000,1.000000
6820.000000,5.394779,1.346963,-0.757713,0.168698,0.000000,0.000000,0.000000,0.000000,0.000000,0.683740,0.772888,0.180833,-0.751436,0.629479,0.000000,0.000000,0.000000,65535.000000,0.000000,0.000000,5.394779,1.346963,5.394779,1.346963,0.000000,0.000000,1.000000
6830.000000,5.387208,1.348565,-0.757121,0.160148,0.000000,0.000000,0.000000,0.000000,0.000000,0.629755,0.776266,0.180380,-0.755017,0.450942,0.000000,0.000000,0.000000,65535.000000,0.000000,0.000000,5.387208,1.348565,5.387208,1.348565,0.000000,0.000000,1.000000
6840.000000,5.379467,1.350129,-0.774040,0.156453,0.000000,0.000000,0.000000,0.000000,0.000000,0.666364,0.773873,0.172252,-0.754459,0.569989,0.000000,0.000000,0.000000,65535.000000,0.000000,0.000000,5.379467,1.350129,5.379467,1.350129,0.000000,0.000000,1.000000
6850.000000,5.371718,1.351738,-0.774886,0.160891,0.000000,0.000000,0.000000,0.000000,0.000000,0.648980,0.789693,0.169224,-0.771349,0.566755,0.000000,0.000000,0.000000,65535.000000,0.000000,0.000000,5.371718,1.351738,5.371718,1.351738,0.000000,0.000000,1.000000
6860.000000,5.363689,1.353332,-0.802865,0.159432,0.000000,0.000000,0.000000,0.000000,0.000000,0.500098,0.791413,0.173907,-0.772069,0.512968,0.000000,0.000000,0.000000,65535.000000,0.000000,0.000000,5.363689,1.353332,5.363689,1.353332,0.000000,0.000000,1.000000
6870.000000,5.355457,1.354839,-0.823220,0.150682,0.000000,0.000000,0.000000,0.000000,0.000000,0.659408,0.818542,0.172857,-0.800082,0.749190,0.000000,0.000000,0.000000,65535.000000,0.000000,0.000000,5.355457,1.354839,5.355457,1.354839,0.000000,0.000000,1.000000
6880.000000,5.347134,1.356324,-0.832352,0.148531,0.000000,0.000000,0.000000,0.000000,0.000000,0.659408,0.836897,0.163707,-0.820729,0.782673,0.000000,0.000000,0.000000,65535.000000,0.000000,0.000000,5.347134,1.356324,5.347134,1.356324,0.000000,0.000000,1.000000
6890.000000,5.338956,1.357618,-0.817787,0.129330,0.000000,0.000000,0.000000,0.000000,0.000000,0.652048,0.845500,0.161360,-0.829960,0.776589,0.000000,0.000000,0.000000,65535.000000,0.000000,0.000000,5.338956,1.357618,5.338956,1.357618,0.000000,0.000000,1.000000
6900.000000,5.330813,1.358713,-0.814240,0.109498,0.000000,0.000000,0.000000,0.000000,0.000000,0.416421,0.827951,0.142255,-0.815638,-0.059794,0.000000,0.000000,0.000000,65535.000000,0.000000,0.000000,5.330813,1.358713,5.330813,1.358713,0.000000,0.000000,1.000000
6910.000000,5.322734,1.359713,-0.807959,0.100028,0.000000,0.000000,0.000000,0.000000,0.000000,0.371217,0.821569,0.122673,-0.812359,-0.725182,0.000000,0.000000,0.000000,65535.000000,0.000000,0.000000,5.322734,1.359713,5.322734,1.359713,0.000000,0.000000,1.000000
6920.000000,5.314430,1.360715,-0.830407,0.100251,0.000000,0.000000,0.000000,0.000000,0.000000,0.160411,0.814128,0.113267,-0.806210,-1.177997,0.000000,0.000000,0.000000,65535.000000,0.000000,0.000000,5.314430,1.360715,5.314430,1.360715,0.000000,0.000000,1.000000
6930.000000,5.306167,1.361750,-0.826290,0.103506,0.000000,0.000000,0.000000,0.000000,0.000000,0.160411,0.836437,0.114034,-0.828627,-1.164268,0.000000,0.000000,0.000000,65535.000000,0.000000,0.000000,5.306167,1.361750,5.306167,1.361750,0.000000,0.000000,1.000000
6940.000000,5.297880,1.362822,-0.828648,0.107155,0.000000,0.000000,0.000000,0.000000,0.000000,0.361726,0.832747,0.117122,-0.824470,-0.464854,0.000000,0.000000,0.000000,65535.000000,0.000000,0.000000,5.297880,1.362822,5.297880,1.362822,0.000000,0.000000,1.000000
6950.000000,5.289597,1.363739,-0.828348,0.091660,0.000000,0.000000,0.000000,0.000000,0.000000,0.520925,0.835547,0.120981,-0.826742,0.212139,0.000000,0.000000,0.000000,65535.000000,0.000000,0.000000,5.289597,1.363739,5.289597,1.363739,0.000000,0.000000,1.000000
6960.000000,5.281144,1.364461,-0.845234,0.072214,0.000000,0.000000,0.000000,0.000000,0.000000,0.509035,0.833404,0.105031,-0.826759,0.211689,0.000000,0.000000,0.000000,65535.000000,0.000000,0.000000,5.281144,1.364461,5.281144,1.364461,0.000000,0.000000,1.000000
6970.000000,5.272776,1.364914,-0.836786,0.045292,0.000000,0.000000,0.000000,0.000000,0.000000,0.480955,0.848314,0.085425,-0.844002,0.501165,0.000000,0.000000,0.000000,65535.000000,0.000000,0.000000,5.272776,1.364914,5.272776,1.364914,0.000000,0.000000,1.000000
6980.000000,5.264321,1.365313,-0.845505,0.039907,0.000000,0.000000,0.000000,0.000000,0.000000,0.436958,0.838011,0.058339,-0.835978,0.780512,0.000000,0.000000,0.000000,65535.000000,0.000000,0.000000,5.264321,1.365313,5.264321,1.365313,0.000000,0.000000,1.000000
6990.000000,5.255797,1.365727,-0.852337,0.041389,0.000000,0.000000,0.000000,0.000000,0.000000,0.584779,0.846446,0.052176,-0.844837,1.394888,0.000000,0.000000,0.000000,65535.000000,0.000000,0.000000,5.255797,1.365727,5.255797,1.365727,0.000000,0.000000,1.000000
7000.000000,5.247121,1.366158,-0.867595,0.043099,0.000000,0.000000,0.000000,0.000000,0.000000,0.719209,0.853341,0.053626,-0.851655,1.659043,0.000000,0.000000,0.000000,65535.000000,0.000000,0.000000,5.247121,1.366158,5.247121,1.366158,0.000000,0.000000,1.000000
7010.000000,5.238386,1.366587,-0.873538,0.042960,0.000000,0.000000,0.000000,0.000000,0.000000,0.719209,0.868665,0.055825,-0.866870,1.631942,0.000000,0.000000,0.000000,65535.000000,0.000000,0.000000,5.238386,1.366587,5.238386,1.366587,0.000000,0.000000,1.000000
7020.000000,5.229505,1.366971,-0.888167,0.038390,0.000000,0.000000,0.000000,0.000000,0.000000,0.700359,0.874593,0.056520,-0.872765,1.102295,0.000000,0.000000,0.000000,65535.000000,0.000000,0.000000,5.229505,1.366971,5.229505,1.366971,0.000000,0.000000,1.000000
7030.000000,5.220760,1.367358,-0.874402,0.038678,0.000000,0.000000,0.000000,0.000000,0.000000,0.522734,0.888996,0.053022,-0.887413,-0.131506,0.000000,0.000000,0.000000,65535.000000,0.000000,0.000000,5.220760,1.367358,5.220760,1.367358,0.000000,0.000000,1.000000
7040.000000,5.212164,1.367691,-0.859644,0.033317,0.000000,0.000000,0.000000,0.000000,0.000000,0.801291,0.875257,0.052837,-0.873661,0.991219,0.000000,0.000000,0.000000,65535.000000,0.000000,0.000000,5.212164,1.367691,5.212164,1.367691,0.000000,0.000000,1.000000
7050.000000,5.203488,1.367840,-0.867581,0.014837,0.000000,0.000000,0.000000,0.000000,0.000000,0.910793,0.860290,0.046835,-0.859014,1.560163,0.000000,0.000000,0.000000,65535.000000,0.000000,0.000000,5.203488,1.367840,5.203488,1.367840,0.000000,0.000000,1.000000
7060.000000,5.194426,1.367871,-0.906244,0.003183,0.000000,0.000000,0.000000,0.000000,0.000000,0.910793,0.867707,0.028103,-0.867252,1.822260,0.000000,0.000000,0.000000,65535.000000,0.000000,0.000000,5.194426,1.367871,5.194426,1.367871,0.000000,0.000000,1.000000
7070.000000,5.185147,1.367823,-0.927902,-0.004864,0.000000,0.000000,0.000000,0.000000,0.000000,0.690041,0.906250,0.017255,-0.906086,1.994077,0.000000,0.000000,0.000000,65535.000000,0.000000,0.000000,5.185147,1.367823,5.185147,1.367823,0.000000,0.000000,1.000000
7080.000000,5.175895,1.367641,-0.925206,-0.018126,0.000000,0.000000,0.000000,0.000000,0.000000,0.690041,0.927915,0.009940,-0.927862,1.955053,0.000000,0.000000,0.000000,65535.000000,0.000000,0.000000,5.175895,1.367641,5.175895,1.367641,0.000000,0.000000,1.000000
7090.000000,5.166831,1.367426,-0.906389,-0.021539,0.000000,0.000000,0.000000,0.000000,0.000000,0.734617,0.925384,-0.003056,-0.925379,1.435485,0.000000,0.000000,0.000000,65535.000000,0.000000,0.000000,5.166831,1.367426,5.166831,1.367426,0.000000,0.000000,1.000000
7100.000000,5.157629,1.367089,-0.920174,-0.033718,0.000000,0.000000,0.000000,0.000000,0.000000,0.468159,0.906645,-0.006456,-0.906622,-0.263182,0.000000,0.000000,0.000000,65535.000000,0.000000,0.000000,5.157629,1.367089,5.157629,1.367089,0.000000,0.000000,1.000000
7110.000000,5.148234,1.366602,-0.939514,-0.048716,0.000000,0.000000,0.000000,0.000000,0.000000,0.167059,0.920792,-0.018357,-0.920609,-1.275128,0.000000,0.000000,0.000000,65535.000000,0.000000,0.000000,5.148234,1.366602,5.148234,1.366602,0.000000,0.000000,1.000000
7120.000000,5.138702,1.365933,-0.953263,-0.066865,0.000000,0.000000,0.000000,0.000000,0.000000,0.286073,0.940776,-0.032207,-0.940225,-0.858070,0.000000,0.000000,0.000000,65535.000000,0.000000,0.000000,5.138702,1.365933,5.138702,1.365933,0.000000,0.000000,1.000000
7130.000000,5.129263,1.365165,-0.943843,-0.076798,0.000000,0.000000,0.000000,0.000000,0.000000,0.452506,0.955606,-0.049216,-0.954337,-0.291343,0.000000,0.000000,0.000000,65535.000000,0.000000,0.000000,5.129263,1.365165,5.129263,1.365165,0.000000,0.000000,1.000000
7140.000000,5.119812,1.364445,-0.945186,-0.071975,0.000000,0.000000,0.000000,0.000000,0.000000,0.465407,0.946962,-0.059659,-0.945081,-0.246791,0.000000,0.000000,0.000000,65535.000000,0.000000,0.000000,5.119812,1.364445,5.119812,1.364445,0.000000,0.000000,1.000000
7150.000000,5.110207,1.363758,-0.960483,-0.068722,0.000000,0.000000,0.000000,0.000000,0.000000,0.465407,0.947923,-0.055604,-0.946291,-0.246183,0.000000,0.000000,0.000000,65535.000000,0.000000,0.000000,5.110207,1.363758,5.110207,1.363758,0.000000,0.000000,1.000000
7160.000000,5.100405,1.363062,-0.980124,-0.069627,0.000000,0.000000,0.000000,0.000000,0.000000,0.460771,0.962938,-0.052459,-0.961508,-0.261680,0.000000,0.000000,0.000000,65535.000000,0.000000,0.000000,5.100405,1.363062,5.100405,1.363062,0.000000,0.000000,1.000000
7170.000000,5.090663,1.362334,-0.974195,-0.072806,0.000000,0.000000,0.000000,0.000000,0.000000,0.371240,0.982594,-0.052491,-0.981191,-0.572580,0.000000,0.000000,0.000000,65535.000000,0.000000,0.000000,5.090663,1.362334,5.090663,1.362334,0.000000,0.000000,1.000000
7180.000000,5.080901,1.361664,-0.976216,-0.066943,0.000000,0.000000,0.000000,0.000000,0.000000,0.273430,0.976911,-0.055128,-0.975355,-0.909234,0.000000,0.000000,0.000000,65535.000000,0.000000,0.000000,5.080901,1.361664,5.080901,1.361664,0.000000,0.000000,1.000000
7190.000000,5.071114,1.360966,-0.978723,-0.069786,0.000000,0.000000,0.000000,0.000000,0.000000,0.206088,0.978508,-0.048896,-0.977286,-1.134884,0.000000,0.000000,0.000000,65535.000000,0.000000,0.000000,5.071114,1.360966,5.071114,1.360966,0.000000,0.000000,1.000000
7200.000000,5.061221,1.360303,-0.989296,-0.066351,0.000000,0.000000,0.000000,0.000000,0.000000,0.122868,0.981208,-0.051612,-0.979850,-1.408523,0.000000,0.000000,0.000000,65535.000000,0.000000,0.000000,5.061221,1.360303,5.061221,1.360303,0.000000,0.000000,1.000000
7210.000000,5.051612,1.359827,-0.960942,-0.047610,0.000000,0.000000,0.000000,0.000000,0.000000,0.122868,0.991518,-0.047391,-0.990385,-1.388940,0.000000,0.000000,0.000000,65535.000000,0.000000,0.000000,5.051612,1.359827,5.051612,1.359827,0.000000,0.000000,1.000000
7220.000000,5.041835,1.359285,-0.977636,-0.054178,0.000000,0.000000,0.000000,0.000000,0.000000,0.092033,0.962120,-0.028444,-0.961700,-1.475941,0.000000,0.000000,0.000000,65535.000000,0.000000,0.000000,5.041835,1.359285,5.041835,1.359285,0.000000,0.000000,1.000000
7230.000000,5.031924,1.358621,-0.991175,-0.066357,0.000000,0.000000,0.000000,0.000000,0.000000,0.091445,0.979136,-0.033821,-0.978552,-1.456433,0.000000,0.000000,0.000000,65535.000000,0.000000,0.000000,5.031924,1.358621,5.031924,1.358621,0.000000,0.000000,1.000000
7240.000000,5.021811,1.357893,-1.011256,-0.072868,0.000000,0.000000,0.000000,0.000000,0.000000,0.266868,0.993393,-0.045627,-0.992345,-0.837569,0.000000,0.000000,0.000000,65535.000000,0.000000,0.000000,5.021811,1.357893,5.021811,1.357893,0.000000,0.000000,1.000000
7250.000000,5.011783,1.357075,-1.002802,-0.081770,0.000000,0.000000,0.000000,0.000000,0.000000,0.428590,1.013878,-0.052222,-1.012532,-0.277013,0.000000,0.000000,0.000000,65535.000000,0.000000,0.000000,5.011783,1.357075,5.011783,1.357075,0.000000,0.000000,1.000000
7260.000000,5.001629,1.356178,-1.015429,-0.089753,0.000000,0.000000,0.000000,0.000000,0.000000,0.478756,1.006130,-0.061505,-1.004248,-0.102493,0.000000,0.000000,0.000000,65535.000000,0.000000,0.000000,5.001629,1.356178,5.001629,1.356178,0.000000,0.000000,1.000000
7270.000000,4.991311,1.355088,-1.031806,-0.108939,0.000000,0.000000,0.000000,0.000000,0.000000,0.573172,1.019388,-0.068513,-1.017083,0.228750,0.000000,0.000000,0.000000,65535.000000,0.000000,0.000000,4.991311,1.355088,4.991311,1.355088,0.000000,0.000000,1.000000
7280.000000,4.980708,1.353814,-1.060276,-0.127423,0.000000,0.000000,0.000000,0.000000,0.000000,0.662731,1.037542,-0.086555,-1.033925,0.356779,0.000000,0.000000,0.000000,65535.000000,0.000000,0.000000,4.980708,1.353814,4.980708,1.353814,0.000000,0.000000,1.000000
7290.000000,4.970389,1.352516,-1.031831,-0.129795,0.000000,0.000000,0.000000,0.000000,0.000000,0.713234,1.067906,-0.103521,-1.062876,0.380581,0.000000,0.000000,0.000000,65535.000000,0.000000,0.000000,4.970389,1.352516,4.970389,1.352516,0.000000,0.000000,1.000000
7300.000000,4.960028,1.351333,-1.036127,-0.118238,0.000000,0.000000,0.000000,0.000000,0.000000,0.422244,1.039963,-0.106742,-1.034470,0.379137,0.000000,0.000000,0.000000,65535.000000,0.000000,0.000000,4.960028,1.351333,4.960028,1.351333,0.000000,0.000000,1.000000
7310.000000,4.949293,1.350039,-1.073550,-0.129415,0.000000,0.000000,0.000000,0.000000,0.000000,0.463953,1.042852,-0.096289,-1.038397,0.388428,0.000000,0.000000,0.000000,65535.000000,0.000000,0.000000,4.949293,1.350039,4.949293,1.350039,0.000000,0.000000,1.000000
7320.000000,4.938529,1.348973,-1.076372,-0.106628,0.000000,0.000000,0.000000,0.000000,0.000000,0.542035,1.081322,-0.107535,-1.075961,0.386923,0.000000,0.000000,0.000000,65535.000000,0.000000,0.000000,4.938529,1.348973,4.938529,1.348973,0.000000,0.000000,1.000000
7330.000000,4.928073,1.348009,-1.045548,-0.096409,0.000000,0.000000,0.000000,0.000000,0.000000,0.426643,1.081641,-0.084345,-1.078347,-0.318268,0.000000,0.000000,0.000000,65535.000000,0.000000,0.000000,4.928073,1.348009,4.928073,1.348009,0.000000,0.000000,1.000000
7340.000000,4.917629,1.347044,-1.044456,-0.096477,0.000000,0.000000,0.000000,0.000000,0.000000,0.480421,1.049983,-0.073378,-1.047416,-0.120758,0.000000,0.000000,0.000000,65535.000000,0.000000,0.000000,4.917629,1.347044,4.917629,1.347044,0.000000,0.000000,1.000000
7350.000000,4.907266,1.346105,-1.036290,-0.093936,0.000000,0.000000,0.000000,0.000000,0.000000,0.480421,1.048902,-0.073186,-1.046346,-0.120612,0.000000,0.000000,0.000000,65535.000000,0.000000,0.000000,4.907266,1.346105,4.907266,1.346105,0.000000,0.000000,1.000000
7360.000000,4.896907,1.345378,-1.035852,-0.072652,0.000000,0.000000,0.000000,0.000000,0.000000,0.480421,1.040539,-0.071106,-1.038106,-0.120467,0.000000,0.000000,0.000000,65535.000000,0.000000,0.000000,4.896907,1.345378,4.896907,1.345378,0.000000,0.000000,1.000000
7370.000000,4.886538,1.344790,-1.036950,-0.058883,0.000000,0.000000,0.000000,0.000000,0.000000,0.419319,1.038397,-0.050201,-1.037183,-0.392161,0.000000,0.000000,0.000000,65535.000000,0.000000,0.000000,4.886538,1.344790,4.886538,1.344790,0.000000,0.000000,1.000000
7380.000000,4.876036,1.344339,-1.050166,-0.045093,0.000000,0.000000,0.000000,0.000000,0.000000,0.313492,1.038621,-0.036057,-1.037995,-0.748213,0.000000,0.000000,0.000000,65535.000000,0.000000,0.000000,4.876036,1.344339,4.876036,1.344339,0.000000,0.000000,1.000000
7390.000000,4.865369,1.344029,-1.066679,-0.030967,0.000000,0.000000,0.000000,0.000000,0.000000,0.241287,1.051133,-0.022139,-1.050900,-1.074810,0.000000,0.000000,0.000000,65535.000000,0.000000,0.000000,4.865369,1.344029,4.865369,1.344029,0.000000,0.000000,1.000000
7400.000000,4.854475,1.343912,-1.089435,-0.011735,0.000000,0.000000,0.000000,0.000000,0.000000,0.178884,1.067128,-0.008360,-1.067096,-1.238300,0.000000,0.000000,0.000000,65535.000000,0.000000,0.000000,4.854475,1.343912,4.854475,1.343912,0.000000,0.000000,1.000000
7410.000000,4.843834,1.343923,-1.064126,0.001196,0.000000,0.000000,0.000000,0.000000,0.000000,0.159247,1.089498,0.010569,-1.089447,-1.294441,0.000000,0.000000,0.000000,65535.000000,0.000000,0.000000,4.843834,1.343923,4.843834,1.343923,0.000000,0.000000,1.000000
7420.000000,4.833306,1.344024,-1.052749,0.010012,0.000000,0.000000,0.000000,0.000000,0.000000,0.385480,1.064126,0.022845,-1.063881,-0.431045,0.000000,0.000000,0.000000,65535.000000,0.000000,0.000000,4.833306,1.344024,4.833306,1.344024,0.000000,0.000000,1.000000
7430.000000,4.822693,1.344033,-1.061303,0.000915,0.000000,0.000000,0.000000,0.000000,0.000000,0.414938,1.052796,0.031691,-1.052319,-0.276432,0.000000,0.000000,0.000000,65535.000000,0.000000,0.000000,4.822693,1.344033,4.822693,1.344033,0.000000,0.000000,1.000000
7440.000000,4.811740,1.343901,-1.095352,-0.013139,0.000000,0.000000,0.000000,0.000000,0.000000,0.414938,1.061304,0.022075,-1.061074,-0.275669,0.000000,0.000000,0.000000,65535.000000,0.000000,0.000000,4.811740,1.343901,4.811740,1.343901,0.000000,0.000000,1.000000
7450.000000,4.800617,1.343754,-1.112261,-0.014714,0.000000,0.000000,0.000000,0.000000,0.000000,0.428498,1.095431,0.008320,-1.095399,-0.573926,0.000000,0.000000,0.000000,65535.000000,0.000000,0.000000,4.800617,1.343754,4.800617,1.343754,0.000000,0.000000,1.000000
7460.000000,4.789542,1.343621,-1.107516,-0.013292,0.000000,0.000000,0.000000,0.000000,0.000000,0.296921,1.112358,0.006417,-1.112340,-0.770550,0.000000,0.000000,0.000000,65535.000000,0.000000,0.000000,4.789542,1.343621,4.789542,1.343621,0.000000,0.000000,1.000000
7470.000000,4.778654,1.343539,-1.088813,-0.008214,0.000000,0.000000,0.000000,0.000000,0.000000,0.417904,1.107596,0.006557,-1.107576,-0.292102,0.000000,0.000000,0.000000,65535.000000,0.000000,0.000000,4.778654,1.343539,4.778654,1.343539,0.000000,0.000000,1.000000
7480.000000,4.767626,1.343478,-1.102813,-0.006112,0.000000,0.000000,0.000000,0.000000,0.000000,0.750934,1.088844,0.009914,-1.088798,0.618068,0.000000,0.000000,0.000000,65535.000000,0.000000,0.000000,4.767626,1.343478,4.767626,1.343478,0.000000,0.000000,1.000000
7490.000000,4.756503,1.343564,-1.112310,0.008596,0.000000,0.000000,0.000000,0.000000,0.000000,0.736767,1.102830,0.011321,-1.102772,1.968281,0.000000,0.000000,0.000000,65535.000000,0.000000,0.000000,4.756503,1.343564,4.756503,1.343564,0.000000,0.000000,1.000000
7500.000000,4.744942,1.343772,-1.156087,0.020750,0.000000,0.000000,0.000000,0.000000,0.000000,0.850374,1.112344,0.025924,-1.112041,3.180432,0.000000,0.000000,0.000000,65535.000000,0.000000,0.000000,4.744942,1.343772,4.744942,1.343772,0.000000,0.000000,1.000000
7510.000000,4.733127,1.344027,-1.181498,0.025547,0.000000,0.000000,0.000000,0.000000,0.000000,0.850374,1.156273,0.038161,-1.155643,3.082303,0.000000,0.000000,0.000000,65535.000000,0.000000,0.000000,4.733127,1.344027,4.733127,1.344027,0.000000,0.000000,1.000000
7520.000000,4.721593,1.343976,-1.153370,-0.005092,0.000000,0.000000,0.000000,0.000000,0.000000,0.850374,1.181774,0.041750,-1.181036,2.990048,0.000000,0.000000,0.000000,65535.000000,0.000000,0.000000,4.721593,1.343976,4.721593,1.343976,0.000000,0.000000,1.000000
7530.000000,4.710334,1.343973,-1.125912,-0.000332,0.000000,0.000000,0.000000,0.000000,0.000000,0.778032,1.200503,0.051804,-1.199385,1.507438,0.000000,0.000000,0.000000,65535.000000,0.000000,0.000000,4.710334,1.343973,4.710334,1.343973,0.000000,0.000000,1.000000
7540.000000,4.699008,1.344165,-1.132621,0.019184,0.000000,0.000000,0.000000,0.000000,0.000000,0.778032,1.187011,0.066482,-1.185147,1.432680,0.000000,0.000000,0.000000,65535.000000,0.000000,0.000000,4.699008,1.344165,4.699008,1.344165,0.000000,0.000000,1.000000
7550.000000,4.687544,1.344437,-1.146337,0.027259,0.000000,0.000000,0.000000,0.000000,0.000000,0.778032,1.202665,0.091851,-1.199152,1.412424,0.000000,0.000000,0.000000,65535.000000,0.000000,0.000000,4.687544,1.344437,4.687544,1.344437,0.000000,0.000000,1.000000
7560.000000,4.676081,1.344619,-1.146377,0.018143,0.000000,0.000000,0.000000,0.000000,0.000000,0.591832,1.234452,0.114623,-1.229119,-0.105158,0.000000,0.000000,0.000000,65535.000000,0.000000,0.000000,4.676081,1.344619,4.676081,1.344619,0.000000,0.000000,1.000000
7570.000000,4.664786,1.344516,-1.129495,-0.010286,0.000000,0.000000,0.000000,0.000000,0.000000,0.649144,1.255726,0.124026,-1.249586,-0.493496,0.000000,0.000000,0.000000,65535.000000,0.000000,0.000000,4.664786,1.344516,4.664786,1.344516,0.000000,0.000000,1.000000
7580.000000,4.653192,1.344216,-1.159363,-0.030022,0.000000,0.000000,0.000000,0.000000,0.000000,0.390297,1.241562,0.102322,-1.237339,-0.524982,0.000000,0.000000,0.000000,65535.000000,0.000000,0.000000,4.653192,1.344216,4.653192,1.344216,0.000000,0.000000,1.000000
7590.000000,4.641538,1.343917,-1.165375,-0.029876,0.000000,0.000000,0.000000,0.000000,0.000000,0.496768,1.246894,0.080490,-1.244294,0.159678,0.000000,0.000000,0.000000,65535.000000,0.000000,0.000000,4.641538,1.343917,4.641538,1.343917,0.000000,0.000000,1.000000
7600.000000,4.630371,1.343783,-1.116732,-0.013372,0.000000,0.000000,0.000000,0.000000,0.000000,0.386730,1.246683,0.074936,-1.244429,0.229449,0.000000,0.000000,0.000000,65535.000000,0.000000,0.000000,4.630371,1.343783,4.630371,1.343783,0.000000,0.000000,1.000000
7610.000000,4.619566,1.343805,-1.080454,0.002214,0.000000,0.000000,0.000000,0.000000,0.000000,0.565335,1.219910,0.094424,-1.216251,1.005917,0.000000,0.000000,0.000000,65535.000000,0.000000,0.000000,4.619566,1.343805,4.619566,1.343805,0.000000,0.000000,1.000000
7620.000000,4.608544,1.343697,-1.102204,-0.010821,0.000000,0.000000,0.000000,0.000000,0.000000,0.943864,1.174247,0.091343,-1.170689,2.945365,0.000000,0.000000,0.000000,65535.000000,0.000000,0.000000,4.608544,1.343697,4.608544,1.343697,0.000000,0.000000,1.000000
7630.000000,4.596980,1.343364,-1.156403,-0.033328,0.000000,0.000000,0.000000,0.000000,0.000000,0.943864,1.169171,0.061972,-1.167528,2.861014,0.000000,0.000000,0.000000,65535.000000,0.000000,0.000000,4.596980,1.343364,4.596980,1.343364,0.000000,0.000000,1.000000
7640.000000,4.584876,1.342828,-1.210380,-0.053587,0.000000,0.000000,0.000000,0.000000,0.000000,0.697349,1.188717,0.030200,-1.188334,1.537594,0.000000,0.000000,0.000000,65535.000000,0.000000,0.000000,4.584876,1.342828,4.584876,1.342828,0.000000,0.000000,1.000000
7650.000000,4.572743,1.342060,-1.213263,-0.076804,0.000000,0.000000,0.000000,0.000000,0.000000,1.204822,1.216977,0.006112,-1.216962,-0.403920,0.000000,0.000000,0.000000,65535.000000,0.000000,0.000000,4.572743,1.342060,4.572743,1.342060,0.000000,0.000000,1.000000
7660.000000,4.561006,1.341247,-1.173669,-0.081256,0.000000,0.000000,0.000000,0.000000,0.000000,0.809367,1.198096,-0.014566,-1.198007,-0.434810,0.000000,0.000000,0.000000,65535.000000,0.000000,0.000000,4.561006,1.341247,4.561006,1.341247,0.000000,0.000000,1.000000
7670.000000,4.549459,1.340427,-1.154743,-0.082049,0.000000,0.000000,0.000000,0.000000,0.000000,0.328682,1.150737,-0.022028,-1.150527,-0.815423,0.000000,0.000000,0.000000,65535.000000,0.000000,0.000000,4.549459,1.340427,4.549459,1.340427,0.000000,0.000000,1.000000
7680.000000,4.538207,1.339595,-1.125144,-0.083158,0.000000,0.000000,0.000000,0.000000,0.000000,0.565296,1.116661,-0.042312,-1.115859,0.040466,0.000000,0.000000,0.000000,65535.000000,0.000000,0.000000,4.538207,1.339595,4.538207,1.339595,0.000000,0.000000,1.000000
7690.000000,4.527387,1.338533,-1.082023,-0.106195,0.000000,0.000000,0.000000,0.000000,0.000000,0.794192,1.115210,-0.067196,-1.113184,0.870396,0.000000,0.000000,0.000000,65535.000000,0.000000,0.000000,4.527387,1.338533,4.527387,1.338533,0.000000,0.000000,1.000000
7700.000000,4.516789,1.337336,-1.059723,-0.119718,0.000000,0.000000,0.000000,0.000000,0.000000,1.164911,1.086527,-0.100140,-1.081902,2.048446,0.000000,0.000000,0.000000,65535.000000,0.000000,0.000000,4.516789,1.337336,4.516789,1.337336,0.000000,0.000000,1.000000
7710.000000,4.506188,1.336151,-1.060098,-0.118486,0.000000,0.000000,0.000000,0.000000,0.000000,1.606362,1.076635,-0.122984,-1.069588,3.692083,0.000000,0.000000,0.000000,65535.000000,0.000000,0.000000,4.506188,1.336151,4.506188,1.336151,0.000000,0.000000,1.000000
7720.000000,4.495255,1.335057,-1.093327,-0.109408,0.000000,0.000000,0.000000,0.000000,0.000000,1.815210,1.066699,-0.113458,-1.060648,4.345586,0.000000,0.000000,0.000000,65535.000000,0.000000,0.000000,4.495255,1.335057,4.495255,1.335057,0.000000,0.000000,1.000000
7730.000000,4.484291,1.333996,-1.096443,-0.106128,0.000000,0.000000,0.000000,0.000000,0.000000,1.815210,1.098787,-0.104992,-1.093760,5.182810,0.000000,0.000000,0.000000,65535.000000,0.000000,0.000000,4.484291,1.333996,4.484291,1.333996,0.000000,0.000000,1.000000
7740.000000,4.473081,1.332722,-1.120986,-0.127335,0.000000,0.000000,0.000000,0.000000,0.000000,1.579200,1.101568,-0.101757,-1.096858,5.261227,0.000000,0.000000,0.000000,65535.000000,0.000000,0.000000,4.473081,1.332722,4.473081,1.332722,0.000000,0.000000,1.000000
7750.000000,4.461768,1.331124,-1.131257,-0.159795,0.000000,0.000000,0.000000,0.000000,0.000000,1.579200,1.128195,-0.122668,-1.121506,4.998008,0.000000,0.000000,0.000000,65535.000000,0.000000,0.000000,4.461768,1.331124,4.461768,1.331124,0.000000,0.000000,1.000000
7760.000000,4.450405,1.329423,-1.136295,-0.170149,0.000000,0.000000,0.000000,0.000000,0.000000,1.124194,1.142487,-0.155790,-1.131816,3.587954,0.000000,0.000000,0.000000,65535.000000,0.000000,0.000000,4.450405,1.329423,4.450405,1.329423,0.000000,0.000000,1.000000
7770.000000,4.439094,1.327866,-1.131152,-0.155705,0.000000,0.000000,0.000000,0.000000,0.000000,1.089970,1.148963,-0.166967,-1.136767,3.296883,0.000000,0.000000,0.000000,65535.000000,0.000000,0.000000,4.439094,1.327866,4.439094,1.327866,0.000000,0.000000,1.000000
7780.000000,4.427744,1.326518,-1.134943,-0.134797,0.000000,0.000000,0.000000,0.000000,0.000000,1.224607,1.141818,-0.152894,-1.131536,2.508385,0.000000,0.000000,0.000000,65535.000000,0.000000,0.000000,4.427744,1.326518,4.427744,1.326518,0.000000,0.000000,1.000000
7790.000000,4.416379,1.325309,-1.136484,-0.120868,0.000000,0.000000,0.000000,0.000000,0.000000,1.224607,1.142920,-0.132477,-1.135216,1.694517,0.000000,0.000000,0.000000,65535.000000,0.000000,0.000000,4.416379,1.325309,4.416379,1.325309,0.000000,0.000000,1.000000
7800.000000,4.404965,1.324093,-1.141402,-0.121578,0.000000,0.000000,0.000000,0.000000,0.000000,1.199598,1.142893,-0.117978,-1.136787,1.496082,0.000000,0.000000,0.000000,65535.000000,0.000000,0.000000,4.404965,1.324093,4.404965,1.324093,0.000000,0.000000,1.000000
7810.000000,4.393734,1.322812,-1.123131,-0.128118,0.000000,0.000000,0.000000,0.000000,0.000000,0.988695,1.147858,-0.116927,-1.141887,0.640512,0.000000,0.000000,0.000000,65535.000000,0.000000,0.000000,4.393734,1.322812,4.393734,1.322812,0.000000,0.000000,1.000000
7820.000000,4.382456,1.321514,-1.127817,-0.129866,0.000000,0.000000,0.000000,0.000000,0.000000,0.720832,1.130415,-0.123478,-1.123651,0.113976,0.000000,0.000000,0.000000,65535.000000,0.000000,0.000000,4.382456,1.321514,4.382456,1.321514,0.000000,0.000000,1.000000
7830.000000,4.371155,1.320281,-1.130082,-0.123284,0.000000,0.000000,0.000000,0.000000,0.000000,0.583114,1.135270,-0.125537,-1.128307,-0.272777,0.000000,0.000000,0.000000,65535.000000,0.000000,0.000000,4.371155,1.320281,4.371155,1.320281,0.000000,0.000000,1.000000
7840.000000,4.359902,1.319142,-1.125225,-0.113901,0.000000,0.000000,0.000000,0.000000,0.000000,0.564406,1.136787,-0.119605,-1.130477,-0.324930,0.000000,0.000000,0.000000,65535.000000,0.000000,0.000000,4.359902,1.319142,4.359902,1.319142,0.000000,0.000000,1.000000
7850.000000,4.348763,1.318101,-1.113996,-0.104084,0.000000,0.000000,0.000000,0.000000,0.000000,0.897124,1.130975,-0.110075,-1.125606,0.625149,0.000000,0.000000,0.000000,65535.000000,0.000000,0.000000,4.348763,1.318101,4.348763,1.318101,0.000000,0.000000,1.000000
7860.000000,4.337519,1.317102,-1.124347,-0.099857,0.000000,0.000000,0.000000,0.000000,0.000000,1.079743,1.118848,-0.100298,-1.114343,1.063830,0.000000,0.000000,0.000000,65535.000000,0.000000,0.000000,4.337519,1.317102,4.337519,1.317102,0.000000,0.000000,1.000000
7870.000000,4.326178,1.316020,-1.134124,-0.108276,0.000000,0.000000,0.000000,0.000000,0.000000,1.074894,1.128772,-0.096258,-1.124660,1.052620,0.000000,0.000000,0.000000,65535.000000,0.000000,0.000000,4.326178,1.316020,4.326178,1.316020,0.000000,0.000000,1.000000
7880.000000,4.314770,1.314941,-1.140805,-0.107875,0.000000,0.000000,0.000000,0.000000,0.000000,0.587062,1.139281,-0.104899,-1.134441,0.702419,0.000000,0.000000,0.000000,65535.000000,0.000000,0.000000,4.314770,1.314941,4.314770,1.314941,0.000000,0.000000,1.000000
7890.000000,4.303714,1.313926,-1.105650,-0.101478,0.000000,0.000000,0.000000,0.000000,0.000000,0.667119,1.145895,-0.104316,-1.141136,1.196352,0.000000,0.000000,0.000000,65535.000000,0.000000,0.000000,4.303714,1.313926,4.303714,1.313926,0.000000,0.000000,1.000000
7900.000000,4.292666,1.313010,-1.104719,-0.091607,0.000000,0.000000,0.000000,0.000000,0.000000,0.759974,1.110297,-0.098071,-1.105958,1.182194,0.000000,0.000000,0.000000,65535.000000,0.000000,0.000000,4.292666,1.313010,4.292666,1.313010,0.000000,0.000000,1.000000
7910.000000,4.281480,1.312203,-1.118666,-0.080717,0.000000,0.000000,0.000000,0.000000,0.000000,0.759974,1.108511,-0.087693,-1.105037,1.168368,0.000000,0.000000,0.000000,65535.000000,0.000000,0.000000,4.281480,1.312203,4.281480,1.312203,0.000000,0.000000,1.000000
7920.000000,4.270242,1.311424,-1.123817,-0.077891,0.000000,0.000000,0.000000,0.000000,0.000000,0.525897,1.121575,-0.076742,-1.118946,-0.308585,0.000000,0.000000,0.000000,65535.000000,0.000000,0.000000,4.270242,1.311424,4.270242,1.311424,0.000000,0.000000,1.000000
7930.000000,4.259186,1.310640,-1.105582,-0.078375,0.000000,0.000000,0.000000,0.000000,0.000000,0.852744,1.126513,-0.074598,-1.124040,0.314045,0.000000,0.000000,0.000000,65535.000000,0.000000,0.000000,4.259186,1.310640,4.259186,1.310640,0.000000,0.000000,1.000000
7940.000000,4.247828,1.309880,-1.135765,-0.075962,0.000000,0.000000,0.000000,0.000000,0.000000,0.890038,1.108357,-0.075244,-1.105800,1.647557,0.000000,0.000000,0.000000,65535.000000,0.000000,0.000000,4.247828,1.309880,4.247828,1.309880,0.000000,0.000000,1.000000
7950.000000,4.236188,1.309285,-1.164012,-0.059501,0.000000,0.000000,0.000000,0.000000,0.000000,0.890038,1.138302,-0.073023,-1.135958,1.802930,0.000000,0.000000,0.000000,65535.000000,0.000000,0.000000,4.236188,1.309285,4.236188,1.309285,0.000000,0.000000,1.000000
7960.000000,4.224464,1.308960,-1.172421,-0.032584,0.000000,0.000000,0.000000,0.000000,0.000000,0.890038,1.165532,-0.057267,-1.164124,1.770969,0.000000,0.000000,0.000000,65535.000000,0.000000,0.000000,4.224464,1.308960,4.224464,1.308960,0.000000,0.000000,1.000000
7970.000000,4.212943,1.308891,-1.152064,-0.006877,0.000000,0.000000,0.000000,0.000000,0.000000,0.685284,1.172874,-0.031236,-1.172458,0.891253,0.000000,0.000000,0.000000,65535.000000,0.000000,0.000000,4.212943,1.308891,4.212943,1.308891,0.000000,0.000000,1.000000
7980.000000,4.201610,1.308962,-1.133359,0.007157,0.000000,0.000000,0.000000,0.000000,0.000000,0.685284,1.152084,-0.005440,-1.152071,0.883372,0.000000,0.000000,0.000000,65535.000000,0.000000,0.000000,4.201610,1.308962,4.201610,1.308962,0.000000,0.000000,1.000000
7990.000000,4.190094,1.309033,-1.151505,0.007057,0.000000,0.000000,0.000000,0.000000,0.000000,0.512357,1.133382,0.008436,-1.133350,-0.541060,0.000000,0.000000,0.000000,65535.000000,0.000000,0.000000,4.190094,1.309033,4.190094,1.309033,0.000000,0.000000,1.000000
8000.000000,4.178027,1.309113,-1.206763,0.008011,0.000000,0.000000,0.000000,0.000000,0.000000,0.585134,1.151526,0.008451,-1.151495,-0.474839,0.000000,0.000000,0.000000,65535.000000,0.000000,0.000000,4.178027,1.309113,4.178027,1.309113,0.000000,0.000000,1.000000
8010.000000,4.166151,1.309147,-1.187612,0.003438,0.000000,0.000000,0.000000,0.000000,0.000000,0.733937,1.206790,0.009769,-1.206750,-0.229724,0.000000,0.000000,0.000000,65535.000000,0.000000,0.000000,4.166151,1.309147,4.166151,1.309147,0.000000,0.000000,1.000000
8020.000000,4.154544,1.309161,-1.160685,0.001323,0.000000,0.000000,0.000000,0.000000,0.000000,0.766726,1.187617,0.005998,-1.187602,-0.229197,0.000000,0.000000,0.000000,65535.000000,0.000000,0.000000,4.154544,1.309161,4.154544,1.309161,0.000000,0.000000,1.000000
8030.000000,4.143151,1.309030,-1.139309,-0.013049,0.000000,0.000000,0.000000,0.000000,0.000000,0.557644,1.160686,0.003683,-1.160680,-0.566315,0.000000,0.000000,0.000000,65535.000000,0.000000,0.000000,4.143151,1.309030,4.143151,1.309030,0.000000,0.000000,1.000000
8040.000000,4.131786,1.308747,-1.136514,-0.028296,0.000000,0.000000,0.000000,0.000000,0.000000,0.557644,1.139383,-0.011478,-1.139326,-0.563123,0.000000,0.000000,0.000000,65535.000000,0.000000,0.000000,4.131786,1.308747,4.131786,1.308747,0.000000,0.000000,1.000000
8050.000000,4.120410,1.308270,-1.137559,-0.047656,0.000000,0.000000,0.000000,0.000000,0.000000,0.557644,1.136866,-0.026674,-1.136553,-0.155926,0.000000,0.000000,0.000000,65535.000000,0.000000,0.000000,4.120410,1.308270,4.120410,1.308270,0.000000,0.000000,1.000000
8060.000000,4.108959,1.307708,-1.145136,-0.056267,0.000000,0.000000,0.000000,0.000000,0.000000,0.534758,1.138557,-0.046473,-1.137608,0.361154,0.000000,0.000000,0.000000,65535.000000,0.000000,0.000000,4.108959,1.307708,4.108959,1.307708,0.000000,0.000000,1.000000
8070.000000,4.097517,1.307207,-1.144267,-0.050028,0.000000,0.000000,0.000000,0.000000,0.000000,1.013438,1.146517,-0.056012,-1.145148,2.433269,0.000000,0.000000,0.000000,65535.000000,0.000000,0.000000,4.097517,1.307207,4.097517,1.307207,0.000000,0.000000,1.000000
8080.000000,4.085976,1.306757,-1.154038,-0.045074,0.000000,0.000000,0.000000,0.000000,0.000000,1.013438,1.145360,-0.050093,-1.144264,2.375411,0.000000,0.000000,0.000000,65535.000000,0.000000,0.000000,4.085976,1.306757,4.085976,1.306757,0.000000,0.000000,1.000000
8090.000000,4.074548,1.306460,-1.142818,-0.029622,0.000000,0.000000,0.000000,0.000000,0.000000,1.013438,1.154918,-0.044496,-1.154060,2.320240,0.000000,0.000000,0.000000,65535.000000,0.000000,0.000000,4.074548,1.306460,4.074548,1.306460,0.000000,0.000000,1.000000
8100.000000,4.063119,1.306210,-1.142829,-0.025024,0.000000,0.000000,0.000000,0.000000,0.000000,0.674869,1.143202,-0.028629,-1.142843,0.881057,0.000000,0.000000,0.000000,65535.000000,0.000000,0.000000,4.063119,1.306210,4.063119,1.306210,0.000000,0.000000,1.000000
8110.000000,4.051684,1.305959,-1.143531,-0.025109,0.000000,0.000000,0.000000,0.000000,0.000000,0.674869,1.143103,-0.024121,-1.142848,1.033208,0.000000,0.000000,0.000000,65535.000000,0.000000,0.000000,4.051684,1.305959,4.051684,1.305959,0.000000,0.000000,1.000000
8120.000000,4.040216,1.305733,-1.146744,-0.022617,0.000000,0.000000,0.000000,0.000000,0.000000,1.038076,1.143806,-0.024624,-1.143541,1.770156,0.000000,0.000000,0.000000,65535.000000,0.000000,0.000000,4.040216,1.305733,4.040216,1.305733,0.000000,0.000000,1.000000
8130.000000,4.029012,1.305763,-1.120413,0.002974,0.000000,0.000000,0.000000,0.000000,0.000000,1.038076,1.146967,-0.023624,-1.146724,1.739336,0.000000,0.000000,0.000000,65535.000000,0.000000,0.000000,4.029012,1.305763,4.029012,1.305763,0.000000,0.000000,1.000000
8140.000000,4.017694,1.305744,-1.131839,-0.001920,0.000000,0.000000,0.000000,0.000000,0.000000,0.952956,1.120417,0.001197,-1.120417,1.063601,0.000000,0.000000,0.000000,65535.000000,0.000000,0.000000,4.017694,1.305744,4.017694,1.305744,0.000000,0.000000,1.000000
8150.000000,4.006443,1.305499,-1.125085,-0.024449,0.000000,0.000000,0.000000,0.000000,0.000000,0.650410,1.131840,-0.003191,-1.131836,-0.330117,0.000000,0.000000,0.000000,65535.000000,0.000000,0.000000,4.006443,1.305499,4.006443,1.305499,0.000000,0.000000,1.000000
8160.000000,3.995171,1.305091,-1.127167,-0.040840,0.000000,0.000000,0.000000,0.000000,0.000000,0.986270,1.125351,-0.025512,-1.125062,0.833930,0.000000,0.000000,0.000000,65535.000000,0.000000,0.000000,3.995171,1.305091,3.995171,1.305091,0.000000,0.000000,1.000000
8170.000000,3.983990,1.304547,-1.118111,-0.054382,0.000000,0.000000,0.000000,0.000000,0.000000,0.909613,1.127906,-0.042488,-1.127106,1.178763,0.000000,0.000000,0.000000,65535.000000,0.000000,0.000000,3.983990,1.304547,3.983990,1.304547,0.000000,0.000000,1.000000
8180.000000,3.972713,1.303889,-1.127694,-0.065756,0.000000,0.000000,0.000000,0.000000,0.000000,0.737054,1.119432,-0.056182,-1.118021,1.165017,0.000000,0.000000,0.000000,65535.000000,0.000000,0.000000,3.972713,1.303889,3.972713,1.303889,0.000000,0.000000,1.000000
8190.000000,3.961281,1.303123,-1.143232,-0.076606,0.000000,0.000000,0.000000,0.000000,0.000000,0.713219,1.129609,-0.067208,-1.127608,1.151587,0.000000,0.000000,0.000000,65535.000000,0.000000,0.000000,3.961281,1.303123,3.961281,1.303123,0.000000,0.000000,1.000000
8200.000000,3.949601,1.302280,-1.167956,-0.084297,0.000000,0.000000,0.000000,0.000000,0.000000,0.645101,1.145796,-0.077903,-1.143144,0.741280,0.000000,0.000000,0.000000,65535.000000,0.000000,0.000000,3.949601,1.302280,3.949601,1.302280,0.000000,0.000000,1.000000
8210.000000,3.938224,1.301422,-1.137687,-0.085844,0.000000,0.000000,0.000000,0.000000,0.000000,0.536246,1.170994,-0.085778,-1.167848,0.286340,0.000000,0.000000,0.000000,65535.000000,0.000000,0.000000,3.938224,1.301422,3.938224,1.301422,0.000000,0.000000,1.000000
8220.000000,3.926992,1.300583,-1.123256,-0.083886,0.000000,0.000000,0.000000,0.000000,0.000000,0.589760,1.140921,-0.087997,-1.137523,0.363121,0.000000,0.000000,0.000000,65535.000000,0.000000,0.000000,3.926992,1.300583,3.926992,1.300583,0.000000,0.000000,1.000000
8230.000000,3.915710,1.299690,-1.128188,-0.089340,0.000000,0.000000,0.000000,0.000000,0.000000,0.824518,1.126384,-0.086742,-1.123039,0.361806,0.000000,0.000000,0.000000,65535.000000,0.000000,0.000000,3.915710,1.299690,3.915710,1.299690,0.000000,0.000000,1.000000
8240.000000,3.904135,1.298712,-1.157433,-0.097752,0.000000,0.000000,0.000000,0.000000,0.000000,0.824518,1.131719,-0.092514,-1.127932,0.360500,0.000000,0.000000,0.000000,65535.000000,0.000000,0.000000,3.904135,1.298712,3.904135,1.298712,0.000000,0.000000,1.000000
8250.000000,3.892499,1.297778,-1.163615,-0.093474,0.000000,0.000000,0.000000,0.000000,0.000000,0.824518,1.161554,-0.101292,-1.157129,0.626351,0.000000,0.000000,0.000000,65535.000000,0.000000,0.000000,3.892499,1.297778,3.892499,1.297778,0.000000,0.000000,1.000000
8260.000000,3.880956,1.296872,-1.154289,-0.090545,0.000000,0.000000,0.000000,0.000000,0.000000,0.706685,1.167364,-0.096868,-1.163338,0.622448,0.000000,0.000000,0.000000,65535.000000,0.000000,0.000000,3.880956,1.296872,3.880956,1.296872,0.000000,0.000000,1.000000
8270.000000,3.869478,1.296130,-1.147803,-0.074252,0.000000,0.000000,0.000000,0.000000,0.000000,0.706685,1.157835,-0.093497,-1.154054,0.777594,0.000000,0.000000,0.000000,65535.000000,0.000000,0.000000,3.869478,1.296130,3.869478,1.296130,0.000000,0.000000,1.000000
8280.000000,3.857874,1.295442,-1.160425,-0.068754,0.000000,0.000000,0.000000,0.000000,0.000000,0.635792,1.150203,-0.076380,-1.147664,0.771588,0.000000,0.000000,0.000000,65535.000000,0.000000,0.000000,3.857874,1.295442,3.857874,1.295442,0.000000,0.000000,1.000000
8290.000000,3.846330,1.294717,-1.154450,-0.072537,0.000000,0.000000,0.000000,0.000000,0.000000,0.635792,1.162460,-0.071104,-1.160283,0.765675,0.000000,0.000000,0.000000,65535.000000,0.000000,0.000000,3.846330,1.294717,3.846330,1.294717,0.000000,0.000000,1.000000
8300.000000,3.834725,1.293957,-1.160452,-0.075936,0.000000,0.000000,0.000000,0.000000,0.000000,0.628176,1.156727,-0.075716,-1.154246,0.723830,0.000000,0.000000,0.000000,65535.000000,0.000000,0.000000,3.834725,1.293957,3.834725,1.293957,0.000000,0.000000,1.000000
8310.000000,3.823464,1.293393,-1.126156,-0.056419,0.000000,0.000000,0.000000,0.000000,0.000000,0.628176,1.162934,-0.079855,-1.160189,0.718623,0.000000,0.000000,0.000000,65535.000000,0.000000,0.000000,3.823464,1.293393,3.823464,1.293393,0.000000,0.000000,1.000000
8320.000000,3.812248,1.292997,-1.121594,-0.039583,0.000000,0.000000,0.000000,0.000000,0.000000,0.636227,1.127568,-0.060808,-1.125928,0.713492,0.000000,0.000000,0.000000,65535.000000,0.000000,0.000000,3.812248,1.292997,3.812248,1.292997,0.000000,0.000000,1.000000
8330.000000,3.801135,1.292633,-1.111240,-0.036438,0.000000,0.000000,0.000000,0.000000,0.000000,0.648899,1.122292,-0.043878,-1.121434,0.645672,0.000000,0.000000,0.000000,65535.000000,0.000000,0.000000,3.801135,1.292633,3.801135,1.292633,0.000000,0.000000,1.000000
8340.000000,3.789838,1.292256,-1.129734,-0.037666,0.000000,0.000000,0.000000,0.000000,0.000000,0.648899,1.111837,-0.040680,-1.111092,0.359341,0.000000,0.000000,0.000000,65535.000000,0.000000,0.000000,3.789838,1.292256,3.789838,1.292256,0.000000,0.000000,1.000000
8350.000000,3.778468,1.291736,-1.136994,-0.052035,0.000000,0.000000,0.000000,0.000000,0.000000,0.616918,1.130362,-0.042642,-1.129557,-0.086111,0.000000,0.000000,0.000000,65535.000000,0.000000,0.000000,3.778468,1.291736,3.778468,1.291736,0.000000,0.000000,1.000000
8360.000000,3.767026,1.291096,-1.144190,-0.063960,0.000000,0.000000,0.000000,0.000000,0.000000,0.727540,1.138184,-0.056931,-1.136759,0.711285,0.000000,0.000000,0.000000,65535.000000,0.000000,0.000000,3.767026,1.291096,3.767026,1.291096,0.000000,0.000000,1.000000
8370.000000,3.755706,1.290423,-1.132053,-0.067312,0.000000,0.000000,0.000000,0.000000,0.000000,0.738619,1.145976,-0.068322,-1.143938,0.746843,0.000000,0.000000,0.000000,65535.000000,0.000000,0.000000,3.755706,1.290423,3.755706,1.290423,0.000000,0.000000,1.000000
8380.000000,3.744274,1.289925,-1.143168,-0.049789,0.000000,0.000000,0.000000,0.000000,0.000000,0.738619,1.134052,-0.071390,-1.131803,0.741302,0.000000,0.000000,0.000000,65535.000000,0.000000,0.000000,3.744274,1.289925,3.744274,1.289925,0.000000,0.000000,1.000000
8390.000000,3.732719,1.289681,-1.155446,-0.024392,0.000000,0.000000,0.000000,0.000000,0.000000,0.677745,1.144252,-0.054301,-1.142963,0.668982,0.000000,0.000000,0.000000,65535.000000,0.000000,0.000000,3.732719,1.289681,3.732719,1.289681,0.000000,0.000000,1.000000
8400.000000,3.721049,1.289724,-1.167050,0.004296,0.000000,0.000000,0.000000,0.000000,0.000000,0.677745,1.155704,-0.029416,-1.155329,0.664532,0.000000,0.000000,0.000000,65535.000000,0.000000,0.000000,3.721049,1.289724,3.721049,1.289724,0.000000,0.000000,1.000000
8410.000000,3.709679,1.289838,-1.136996,0.011397,0.000000,0.000000,0.000000,0.000000,0.000000,0.616381,1.167058,-0.001051,-1.167058,-0.280383,0.000000,0.000000,0.000000,65535.000000,0.000000,0.000000,3.709679,1.289838,3.709679,1.289838,0.000000,0.000000,1.000000
8420.000000,3.698272,1.289889,-1.140652,0.005029,0.000000,0.000000,0.000000,0.000000,0.000000,0.616381,1.137053,0.005897,-1.137038,-0.279599,0.000000,0.000000,0.000000,65535.000000,0.000000,0.000000,3.698272,1.289889,3.698272,1.289889,0.000000,0.000000,1.000000
8430.000000,3.686810,1.290024,-1.146284,0.013573,0.000000,0.000000,0.000000,0.000000,0.000000,0.775531,1.140663,-0.000305,-1.140663,0.719463,0.000000,0.000000,0.000000,65535.000000,0.000000,0.000000,3.686810,1.290024,3.686810,1.290024,0.000000,0.000000,1.000000
8440.000000,3.675257,1.290152,-1.155282,0.012812,0.000000,0.000000,0.000000,0.000000,0.000000,0.775531,1.146365,0.008318,-1.146335,0.731967,0.000000,0.000000,0.000000,65535.000000,0.000000,0.000000,3.675257,1.290152,3.675257,1.290152,0.000000,0.000000,1.000000
8450.000000,3.663842,1.290346,-1.141464,0.019354,0.000000,0.000000,0.000000,0.000000,0.000000,0.881900,1.155353,0.007070,-1.155332,0.726643,0.000000,0.000000,0.000000,65535.000000,0.000000,0.000000,3.663842,1.290346,3.663842,1.290346,0.000000,0.000000,1.000000
8460.000000,3.652478,1.290542,-1.136450,0.019619,0.000000,0.000000,0.000000,0.000000,0.000000,0.988374,1.141628,0.012846,-1.141556,0.228745,0.000000,0.000000,0.000000,65535.000000,0.000000,0.000000,3.652478,1.290542,3.652478,1.290542,0.000000,0.000000,1.000000
8470.000000,3.641067,1.290516,-1.141076,-0.002664,0.000000,0.000000,0.000000,0.000000,0.000000,0.732551,1.136620,0.013121,-1.136544,-0.298274,0.000000,0.000000,0.000000,65535.000000,0.000000,0.000000,3.641067,1.290516,3.641067,1.290516,0.000000,0.000000,1.000000
8480.000000,3.629593,1.290204,-1.147417,-0.031198,0.000000,0.000000,0.000000,0.000000,0.000000,0.844776,1.141079,-0.008299,-1.141049,0.064209,0.000000,0.000000,0.000000,65535.000000,0.000000,0.000000,3.629593,1.290204,3.629593,1.290204,0.000000,0.000000,1.000000
8490.000000,3.618348,1.289650,-1.124484,-0.055391,0.000000,0.000000,0.000000,0.000000,0.000000,0.844776,1.147841,-0.036499,-1.147261,0.064168,0.000000,0.000000,0.000000,65535.000000,0.000000,0.000000,3.618348,1.289650,3.618348,1.289650,0.000000,0.000000,1.000000
8500.000000,3.607148,1.289030,-1.120046,-0.061911,0.000000,0.000000,0.000000,0.000000,0.000000,0.844776,1.125848,-0.061010,-1.124193,0.064127,0.000000,0.000000,0.000000,65535.000000,0.000000,0.000000,3.607148,1.289030,3.607148,1.289030,0.000000,0.000000,1.000000
8510.000000,3.596079,1.288507,-1.106896,-0.052378,0.000000,0.000000,0.000000,0.000000,0.000000,0.776062,1.121755,-0.068210,-1.119680,-0.164979,0.000000,0.000000,0.000000,65535.000000,0.000000,0.000000,3.596079,1.288507,3.596079,1.288507,0.000000,0.000000,1.000000
8520.000000,3.584940,1.288184,-1.113892,-0.032247,0.000000,0.000000,0.000000,0.000000,0.000000,0.601645,1.108135,-0.058891,-1.106569,-0.746517,0.000000,0.000000,0.000000,65535.000000,0.000000,0.000000,3.584940,1.288184,3.584940,1.288184,0.000000,0.000000,1.000000
8530.000000,3.573772,1.288063,-1.116762,-0.012082,0.000000,0.000000,0.000000,0.000000,0.000000,0.994394,1.114358,-0.038776,-1.113683,0.784616,0.000000,0.000000,0.000000,65535.000000,0.000000,0.000000,3.573772,1.288063,3.573772,1.288063,0.000000,0.000000,1.000000
8540.000000,3.562407,1.287944,-1.136530,-0.011958,0.000000,0.000000,0.000000,0.000000,0.000000,1.196489,1.116828,-0.018574,-1.116673,1.532672,0.000000,0.000000,0.000000,65535.000000,0.000000,0.000000,3.562407,1.287944,3.562407,1.287944,0.000000,0.000000,1.000000
8550.000000,3.551251,1.287861,-1.115556,-0.008235,0.000000,0.000000,0.000000,0.000000,0.000000,1.282695,1.136593,-0.019256,-1.136430,1.509513,0.000000,0.000000,0.000000,65535.000000,0.000000,0.000000,3.551251,1.287861,3.551251,1.287861,0.000000,0.000000,1.000000
8560.000000,3.540203,1.287724,-1.104787,-0.013743,0.000000,0.000000,0.000000,0.000000,0.000000,1.282695,1.115586,-0.015748,-1.115475,1.487043,0.000000,0.000000,0.000000,65535.000000,0.000000,0.000000,3.540203,1.287724,3.540203,1.287724,0.000000,0.000000,1.000000
8570.000000,3.529283,1.287480,-1.092014,-0.024347,0.000000,0.000000,0.000000,0.000000,0.000000,0.995532,1.104872,-0.020792,-1.104677,0.588381,0.000000,0.000000,0.000000,65535.000000,0.000000,0.000000,3.529283,1.287480,3.529283,1.287480,0.000000,0.000000,1.000000
8580.000000,3.518235,1.287256,-1.104808,-0.022480,0.000000,0.000000,0.000000,0.000000,0.000000,0.543744,1.092285,-0.031085,-1.091843,-0.983496,0.000000,0.000000,0.000000,65535.000000,0.000000,0.000000,3.518235,1.287256,3.518235,1.287256,0.000000,0.000000,1.000000
8590.000000,3.507068,1.287149,-1.116732,-0.010706,0.000000,0.000000,0.000000,0.000000,0.000000,0.626161,1.105037,-0.029554,-1.104642,-0.700177,0.000000,0.000000,0.000000,65535.000000,0.000000,0.000000,3.507068,1.287149,3.507068,1.287149,0.000000,0.000000,1.000000
8600.000000,3.495634,1.287094,-1.143355,-0.005425,0.000000,0.000000,0.000000,0.000000,0.000000,0.755050,1.116783,-0.018146,-1.116636,-0.264325,0.000000,0.000000,0.000000,65535.000000,0.000000,0.000000,3.495634,1.287094,3.495634,1.287094,0.000000,0.000000,1.000000
8610.000000,3.484458,1.287067,-1.117653,-0.002690,0.000000,0.000000,0.000000,0.000000,0.000000,0.841297,1.143368,-0.012450,-1.143300,0.045549,0.000000,0.000000,0.000000,65535.000000,0.000000,0.000000,3.484458,1.287067,3.484458,1.287067,0.000000,0.000000,1.000000
8620.000000,3.473273,1.286803,-1.118511,-0.026409,0.000000,0.000000,0.000000,0.000000,0.000000,0.883622,1.117656,-0.008299,-1.117626,0.172431,0.000000,0.000000,0.000000,65535.000000,0.000000,0.000000,3.473273,1.286803,3.473273,1.286803,0.000000,0.000000,1.000000
8630.000000,3.462337,1.286374,-1.093572,-0.042899,0.000000,0.000000,0.000000,0.000000,0.000000,0.920229,1.118823,-0.030611,-1.118404,0.297664,0.000000,0.000000,0.000000,65535.000000,0.000000,0.000000,3.462337,1.286374,3.462337,1.286374,0.000000,0.000000,1.000000
8640.000000,3.451443,1.285865,-1.089326,-0.050938,0.000000,0.000000,0.000000,0.000000,0.000000,0.920229,1.094414,-0.047581,-1.093379,0.296780,0.000000,0.000000,0.000000,65535.000000,0.000000,0.000000,3.451443,1.285865,3.451443,1.285865,0.000000,0.000000,1.000000
8650.000000,3.440514,1.285296,-1.092991,-0.056870,0.000000,0.000000,0.000000,0.000000,0.000000,0.920229,1.090516,-0.056693,-1.089042,0.295901,0.000000,0.000000,0.000000,65535.000000,0.000000,0.000000,3.440514,1.285296,3.440514,1.285296,0.000000,0.000000,1.000000
8660.000000,3.429437,1.284747,-1.107634,-0.054866,0.000000,0.000000,0.000000,0.000000,0.000000,0.864190,1.094470,-0.064250,-1.092582,-0.165403,0.000000,0.000000,0.000000,65535.000000,0.000000,0.000000,3.429437,1.284747,3.429437,1.284747,0.000000,0.000000,1.000000
8670.000000,3.418271,1.284280,-1.116578,-0.046782,0.000000,0.000000,0.000000,0.000000,0.000000,0.899218,1.108992,-0.063656,-1.107163,0.225645,0.000000,0.000000,0.000000,65535.000000,0.000000,0.000000,3.418271,1.284280,3.418271,1.284280,0.000000,0.000000,1.000000
8680.000000,3.406900,1.283921,-1.137141,-0.035876,0.000000,0.000000,0.000000,0.000000,0.000000,1.163593,1.117558,-0.056749,-1.116116,1.165458,0.000000,0.000000,0.000000,65535.000000,0.000000,0.000000,3.406900,1.283921,3.406900,1.283921,0.000000,0.000000,1.000000
8690.000000,3.395823,1.283672,-1.107642,-0.024931,0.000000,0.000000,0.000000,0.000000,0.000000,1.249795,1.137707,-0.045966,-1.136778,1.696526,0.000000,0.000000,0.000000,65535.000000,0.000000,0.000000,3.395823,1.283672,3.395823,1.283672,0.000000,0.000000,1.000000
8700.000000,3.385019,1.283619,-1.080483,-0.005290,0.000000,0.000000,0.000000,0.000000,0.000000,1.013514,1.107922,-0.033457,-1.107417,1.668197,0.000000,0.000000,0.000000,65535.000000,0.000000,0.000000,3.385019,1.283619,3.385019,1.283619,0.000000,0.000000,1.000000
8710.000000,3.374180,1.283654,-1.083844,0.003529,0.000000,0.000000,0.000000,0.000000,0.000000,0.687372,1.080496,-0.012038,-1.080429,0.443978,0.000000,0.000000,0.000000,65535.000000,0.000000,0.000000,3.374180,1.283654,3.374180,1.283654,0.000000,0.000000,1.000000
8720.000000,3.363086,1.283698,-1.109374,0.004444,0.000000,0.000000,0.000000,0.000000,0.000000,0.566865,1.083850,-0.002157,-1.083848,-0.149975,0.000000,0.000000,0.000000,65535.000000,0.000000,0.000000,3.363086,1.283698,3.363086,1.283698,0.000000,0.000000,1.000000
8730.000000,3.352153,1.283765,-1.093334,0.006663,0.000000,0.000000,0.000000,0.000000,0.000000,0.557428,1.109383,-0.001324,-1.109383,-0.206507,0.000000,0.000000,0.000000,65535.000000,0.000000,0.000000,3.352153,1.283765,3.352153,1.283765,0.000000,0.000000,1.000000
8740.000000,3.341200,1.283703,-1.095295,-0.006181,0.000000,0.000000,0.000000,0.000000,0.000000,0.557428,1.093354,0.000495,-1.093354,-0.206081,0.000000,0.000000,0.000000,65535.000000,0.000000,0.000000,3.341200,1.283703,3.341200,1.283703,0.000000,0.000000,1.000000
8750.000000,3.330304,1.283579,-1.089615,-0.012428,0.000000,0.000000,0.000000,0.000000,0.000000,0.869033,1.095312,-0.013435,-1.095230,0.045831,0.000000,0.000000,0.000000,65535.000000,0.000000,0.000000,3.330304,1.283579,3.330304,1.283579,0.000000,0.000000,1.000000
8760.000000,3.319345,1.283275,-1.095858,-0.030428,0.000000,0.000000,0.000000,0.000000,0.000000,1.190420,1.089685,-0.020680,-1.089489,0.045810,0.000000,0.000000,0.000000,65535.000000,0.000000,0.000000,3.319345,1.283275,3.319345,1.283275,0.000000,0.000000,1.000000
8770.000000,3.308403,1.282785,-1.094172,-0.048999,0.000000,0.000000,0.000000,0.000000,0.000000,0.936592,1.096280,-0.038213,-1.095614,0.045789,0.000000,0.000000,0.000000,65535.000000,0.000000,0.000000,3.308403,1.282785,3.308403,1.282785,0.000000,0.000000,1.000000
8780.000000,3.296824,1.282045,-1.157926,-0.073961,0.000000,0.000000,0.000000,0.000000,0.000000,0.571434,1.095269,-0.055520,-1.093861,-1.031072,0.000000,0.000000,0.000000,65535.000000,0.000000,0.000000,3.296824,1.282045,3.296824,1.282045,0.000000,0.000000,1.000000
8790.000000,3.284992,1.281214,-1.183213,-0.083076,0.000000,0.000000,0.000000,0.000000,0.000000,0.574075,1.160285,-0.079232,-1.157577,-1.005012,0.000000,0.000000,0.000000,65535.000000,0.000000,0.000000,3.284992,1.281214,3.284992,1.281214,0.000000,0.000000,1.000000
8800.000000,3.273377,1.280630,-1.161506,-0.058464,0.000000,0.000000,0.000000,0.000000,0.000000,0.793500,1.186126,-0.087248,-1.182913,-0.231170,0.000000,0.000000,0.000000,65535.000000,0.000000,0.000000,3.273377,1.280630,3.273377,1.280630,0.000000,0.000000,1.000000
8810.000000,3.262511,1.280629,-1.086617,-0.000094,0.000000,0.000000,0.000000,0.000000,0.000000,0.823453,1.162977,-0.063384,-1.161248,-0.074566,0.000000,0.000000,0.000000,65535.000000,0.000000,0.000000,3.262511,1.280629,3.262511,1.280629,0.000000,0.000000,1.000000
8820.000000,3.251857,1.280945,-1.065403,0.031593,0.000000,0.000000,0.000000,0.000000,0.000000,0.823453,1.086617,-0.006206,-1.086599,-0.074511,0.000000,0.000000,0.000000,65535.000000,0.000000,0.000000,3.251857,1.280945,3.251857,1.280945,0.000000,0.000000,1.000000
8830.000000,3.240919,1.281408,-1.093741,0.046301,0.000000,0.000000,0.000000,0.000000,0.000000,0.817979,1.065872,0.024976,-1.065579,-0.095415,0.000000,0.000000,0.000000,65535.000000,0.000000,0.000000,3.240919,1.281408,3.240919,1.281408,0.000000,0.000000,1.000000
8840.000000,3.229395,1.282035,-1.152416,0.062664,0.000000,0.000000,0.000000,0.000000,0.000000,0.653509,1.094721,0.038888,-1.094030,-0.722618,0.000000,0.000000,0.000000,65535.000000,0.000000,0.000000,3.229395,1.282035,3.229395,1.282035,0.000000,0.000000,1.000000
8850.000000,3.217571,1.282576,-1.182360,0.054141,0.000000,0.000000,0.000000,0.000000,0.000000,0.653509,1.154118,0.053972,-1.152856,-0.717428,0.000000,0.000000,0.000000,65535.000000,0.000000,0.000000,3.217571,1.282576,3.217571,1.282576,0.000000,0.000000,1.000000
8860.000000,3.205887,1.282998,-1.168429,0.042241,0.000000,0.000000,0.000000,0.000000,0.000000,1.575224,1.183599,0.044261,-1.182771,2.827741,0.000000,0.000000,0.000000,65535.000000,0.000000,0.000000,3.205887,1.282998,3.205887,1.282998,0.000000,0.000000,1.000000
8870.000000,3.194673,1.283221,-1.121389,0.022226,0.000000,0.000000,0.000000,0.000000,0.000000,2.023468,1.169192,0.032410,-1.168743,4.342915,0.000000,0.000000,0.000000,65535.000000,0.000000,0.000000,3.194673,1.283221,3.194673,1.283221,0.000000,0.000000,1.000000
8880.000000,3.183769,1.283341,-1.090412,0.012047,0.000000,0.000000,0.000000,0.000000,0.000000,2.023468,1.121609,0.013357,-1.121530,4.727489,0.000000,0.000000,0.000000,65535.000000,0.000000,0.000000,3.183769,1.283341,3.183769,1.283341,0.000000,0.000000,1.000000
8890.000000,3.173081,1.283146,-1.068814,-0.019548,0.000000,0.000000,0.000000,0.000000,0.000000,1.475786,1.090479,0.003622,-1.090473,4.513881,0.000000,0.000000,0.000000,65535.000000,0.000000,0.000000,3.173081,1.283146,3.173081,1.283146,0.000000,0.000000,1.000000
8900.000000,3.162505,1.282690,-1.057612,-0.045572,0.000000,0.000000,0.000000,0.000000,0.000000,1.974880,1.068993,-0.027217,-1.068647,3.925467,0.000000,0.000000,0.000000,65535.000000,0.000000,0.000000,3.162505,1.282690,3.162505,1.282690,0.000000,0.000000,1.000000
8910.000000,3.151936,1.282094,-1.056895,-0.059618,0.000000,0.000000,0.000000,0.000000,0.000000,1.947191,1.058593,-0.052040,-1.057313,2.090708,0.000000,0.000000,0.000000,65535.000000,0.000000,0.000000,3.151936,1.282094,3.151936,1.282094,0.000000,0.000000,1.000000
8920.000000,3.141109,1.281408,-1.082699,-0.068560,0.000000,0.000000,0.000000,0.000000,0.000000,1.330084,1.058575,-0.065319,-1.056558,0.997495,0.000000,0.000000,0.000000,65535.000000,0.000000,0.000000,3.141109,1.281408,3.141109,1.281408,0.000000,0.000000,1.000000
8930.000000,3.130248,1.280772,-1.086080,-0.063592,0.000000,0.000000,0.000000,0.000000,0.000000,1.290478,1.084868,-0.074780,-1.082288,2.870237,0.000000,0.000000,0.000000,65535.000000,0.000000,0.000000,3.130248,1.280772,3.130248,1.280772,0.000000,0.000000,1.000000
8940.000000,3.119153,1.280227,-1.109485,-0.054537,0.000000,0.000000,0.000000,0.000000,0.000000,1.229646,1.087940,-0.070122,-1.085678,2.790075,0.000000,0.000000,0.000000,65535.000000,0.000000,0.000000,3.119153,1.280227,3.119153,1.280227,0.000000,0.000000,1.000000
8950.000000,3.108086,1.279559,-1.106734,-0.066733,0.000000,0.000000,0.000000,0.000000,0.000000,1.198449,1.110824,-0.061373,-1.109128,3.178065,0.000000,0.000000,0.000000,65535.000000,0.000000,0.000000,3.108086,1.279559,3.108086,1.279559,0.000000,0.000000,1.000000
8960.000000,3.097090,1.278792,-1.099554,-0.076780,0.000000,0.000000,0.000000,0.000000,0.000000,1.450678,1.108744,-0.073666,-1.106294,3.080080,0.000000,0.000000,0.000000,65535.000000,0.000000,0.000000,3.097090,1.278792,3.097090,1.278792,0.000000,0.000000,1.000000
8970.000000,3.086257,1.278022,-1.083404,-0.076964,0.000000,0.000000,0.000000,0.000000,0.000000,1.450678,1.102232,-0.083831,-1.099039,2.208399,0.000000,0.000000,0.000000,65535.000000,0.000000,0.000000,3.086257,1.278022,3.086257,1.278022,0.000000,0.000000,1.000000
8980.000000,3.075274,1.277413,-1.098210,-0.060949,0.000000,0.000000,0.000000,0.000000,0.000000,1.427889,1.086135,-0.084184,-1.082867,1.831784,0.000000,0.000000,0.000000,65535.000000,0.000000,0.000000,3.075274,1.277413,3.075274,1.277413,0.000000,0.000000,1.000000
8990.000000,3.064250,1.276923,-1.102398,-0.048945,0.000000,0.000000,0.000000,0.000000,0.000000,1.109232,1.099900,-0.068699,-1.097752,0.401284,0.000000,0.000000,0.000000,65535.000000,0.000000,0.000000,3.064250,1.276923,3.064250,1.276923,0.000000,0.000000,1.000000
9000.000000,3.053112,1.276587,-1.113872,-0.033581,0.000000,0.000000,0.000000,0.000000,0.000000,0.809869,1.103484,-0.055920,-1.102066,-0.446317,0.000000,0.000000,0.000000,65535.000000,0.000000,0.000000,3.053112,1.276587,3.053112,1.276587,0.000000,0.000000,1.000000
9010.000000,3.042178,1.276320,-1.093379,-0.026688,0.000000,0.000000,0.000000,0.000000,0.000000,0.508234,1.114379,-0.039569,-1.113676,-1.336023,0.000000,0.000000,0.000000,65535.000000,0.000000,0.000000,3.042178,1.276320,3.042178,1.276320,0.000000,0.000000,1.000000
9020.000000,3.031260,1.276124,-1.091819,-0.019589,0.000000,0.000000,0.000000,0.000000,0.000000,0.373925,1.093705,-0.032146,-1.093233,-1.887044,0.000000,0.000000,0.000000,65535.000000,0.000000,0.000000,3.031260,1.276124,3.031260,1.276124,0.000000,0.000000,1.000000
9030.000000,3.020324,1.275964,-1.093631,-0.016074,0.000000,0.000000,0.000000,0.000000,0.000000,0.557945,1.091995,-0.024972,-1.091709,-1.833087,0.000000,0.000000,0.000000,65535.000000,0.000000,0.000000,3.020324,1.275964,3.020324,1.275964,0.000000,0.000000,1.000000
9040.000000,3.009314,1.275823,-1.100957,-0.014037,0.000000,0.000000,0.000000,0.000000,0.000000,0.629281,1.093750,-0.021875,-1.093531,-0.912372,0.000000,0.000000,0.000000,65535.000000,0.000000,0.000000,3.009314,1.275823,3.009314,1.275823,0.000000,0.000000,1.000000
9050.000000,2.998425,1.275762,-1.088870,-0.006135,0.000000,0.000000,0.000000,0.000000,0.000000,0.629281,1.101046,-0.020628,-1.100853,-0.904115,0.000000,0.000000,0.000000,65535.000000,0.000000,0.000000,2.998425,1.275762,2.998425,1.275762,0.000000,0.000000,1.000000
9060.000000,2.987425,1.275708,-1.100073,-0.005391,0.000000,0.000000,0.000000,0.000000,0.000000,0.643311,1.088887,-0.013320,-1.088806,-0.854988,0.000000,0.000000,0.000000,65535.000000,0.000000,0.000000,2.987425,1.275708,2.987425,1.275708,0.000000,0.000000,1.000000
9070.000000,2.976252,1.275666,-1.117288,-0.004193,0.000000,0.000000,0.000000,0.000000,0.000000,0.649117,1.100086,-0.012104,-1.100020,-0.830945,0.000000,0.000000,0.000000,65535.000000,0.000000,0.000000,2.976252,1.275666,2.976252,1.275666,0.000000,0.000000,1.000000
9080.000000,2.964987,1.275569,-1.126519,-0.009735,0.000000,0.000000,0.000000,0.000000,0.000000,0.649117,1.117295,-0.010703,-1.117244,-0.824090,0.000000,0.000000,0.000000,65535.000000,0.000000,0.000000,2.964987,1.275569,2.964987,1.275569,0.000000,0.000000,1.000000
9090.000000,2.953989,1.275520,-1.099740,-0.004864,0.000000,0.000000,0.000000,0.000000,0.000000,0.639242,1.126561,-0.016385,-1.126441,-0.846409,0.000000,0.000000,0.000000,65535.000000,0.000000,0.000000,2.953989,1.275520,2.953989,1.275520,0.000000,0.000000,1.000000
9100.000000,2.942936,1.275500,-1.105355,-0.002049,0.000000,0.000000,0.000000,0.000000,0.000000,0.458456,1.099751,-0.011369,-1.099692,-1.586453,0.000000,0.000000,0.000000,65535.000000,0.000000,0.000000,2.942936,1.275500,2.942936,1.275500,0.000000,0.000000,1.000000
9110.000000,2.931689,1.275490,-1.124659,-0.001008,0.000000,0.000000,0.000000,0.000000,0.000000,0.215422,1.105356,-0.008289,-1.105325,-2.050029,0.000000,0.000000,0.000000,65535.000000,0.000000,0.000000,2.931689,1.275490,2.931689,1.275490,0.000000,0.000000,1.000000
9120.000000,2.920187,1.275606,-1.150235,0.011684,0.000000,0.000000,0.000000,0.000000,0.000000,0.446466,1.124660,-0.007052,-1.124638,-1.347635,0.000000,0.000000,0.000000,65535.000000,0.000000,0.000000,2.920187,1.275606,2.920187,1.275606,0.000000,0.000000,1.000000
9130.000000,2.908941,1.275750,-1.124606,0.014347,0.000000,0.000000,0.000000,0.000000,0.000000,0.645823,1.150294,0.005484,-1.150281,-0.758987,0.000000,0.000000,0.000000,65535.000000,0.000000,0.000000,2.908941,1.275750,2.908941,1.275750,0.000000,0.000000,1.000000
9140.000000,2.897825,1.275983,-1.111591,0.023296,0.000000,0.000000,0.000000,0.000000,0.000000,0.649446,1.124697,0.007947,-1.124669,-0.742895,0.000000,0.000000,0.000000,65535.000000,0.000000,0.000000,2.897825,1.275983,2.897825,1.275983,0.000000,0.000000,1.000000
9150.000000,2.886617,1.276318,-1.120810,0.033503,0.000000,0.000000,0.000000,0.000000,0.000000,0.649446,1.111835,0.017310,-1.111700,-0.737411,0.000000,0.000000,0.000000,65535.000000,0.000000,0.000000,2.886617,1.276318,2.886617,1.276318,0.000000,0.000000,1.000000
9160.000000,2.875248,1.276628,-1.136862,0.031057,0.000000,0.000000,0.000000,0.000000,0.000000,0.583291,1.121310,0.027638,-1.120970,-0.924837,0.000000,0.000000,0.000000,65535.000000,0.000000,0.000000,2.875248,1.276628,2.875248,1.276628,0.000000,0.000000,1.000000
9170.000000,2.864015,1.276886,-1.123294,0.025750,0.000000,0.000000,0.000000,0.000000,0.000000,0.325214,1.137286,0.025475,-1.137000,-1.660565,0.000000,0.000000,0.000000,65535.000000,0.000000,0.000000,2.864015,1.276886,2.864015,1.276886,0.000000,0.000000,1.000000
9180.000000,2.852894,1.277206,-1.112151,0.032012,0.000000,0.000000,0.000000,0.000000,0.000000,0.325214,1.123590,0.020221,-1.123407,-1.633414,0.000000,0.000000,0.000000,65535.000000,0.000000,0.000000,2.852894,1.277206,2.852894,1.277206,0.000000,0.000000,1.000000
9190.000000,2.841813,1.277605,-1.108039,0.039886,0.000000,0.000000,0.000000,0.000000,0.000000,0.325214,1.112612,0.026155,-1.112304,-1.607136,0.000000,0.000000,0.000000,65535.000000,0.000000,0.000000,2.841813,1.277605,2.841813,1.277605,0.000000,0.000000,1.000000
9200.000000,2.830731,1.278054,-1.108263,0.044908,0.000000,0.000000,0.000000,0.000000,0.000000,0.365339,1.108757,0.033723,-1.108244,-1.467470,0.000000,0.000000,0.000000,65535.000000,0.000000,0.000000,2.830731,1.278054,2.830731,1.278054,0.000000,0.000000,1.000000
9210.000000,2.819797,1.278294,-1.093385,0.024026,0.000000,0.000000,0.000000,0.000000,0.000000,0.372298,1.109172,0.038371,-1.108508,-1.426845,0.000000,0.000000,0.000000,65535.000000,0.000000,0.000000,2.819797,1.278294,2.819797,1.278294,0.000000,0.000000,1.000000
9220.000000,2.808857,1.278237,-1.093997,-0.005707,0.000000,0.000000,0.000000,0.000000,0.000000,0.372298,1.093649,0.017671,-1.093506,-1.406752,0.000000,0.000000,0.000000,65535.000000,0.000000,0.000000,2.808857,1.278237,2.808857,1.278237,0.000000,0.000000,1.000000
9230.000000,2.797830,1.277980,-1.102639,-0.025702,0.000000,0.000000,0.000000,0.000000,0.000000,0.362982,1.094011,-0.012048,-1.093945,-1.413439,0.000000,0.000000,0.000000,65535.000000,0.000000,0.000000,2.797830,1.277980,2.797830,1.277980,0.000000,0.000000,1.000000
9240.000000,2.786613,1.277611,-1.121708,-0.036849,0.000000,0.000000,0.000000,0.000000,0.000000,0.341842,1.102939,-0.031604,-1.102486,-1.573234,0.000000,0.000000,0.000000,65535.000000,0.000000,0.000000,2.786613,1.277611,2.786613,1.277611,0.000000,0.000000,1.000000
9250.000000,2.775314,1.277232,-1.129935,-0.037926,0.000000,0.000000,0.000000,0.000000,0.000000,0.548933,1.122313,-0.042303,-1.121516,-0.855574,0.000000,0.000000,0.000000,65535.000000,0.000000,0.000000,2.775314,1.277232,2.775314,1.277232,0.000000,0.000000,1.000000
9260.000000,2.763944,1.276942,-1.137005,-0.029042,0.000000,0.000000,0.000000,0.000000,0.000000,0.710895,1.130571,-0.042984,-1.129753,-0.848309,0.000000,0.000000,0.000000,65535.000000,0.000000,0.000000,2.763944,1.276942,2.763944,1.276942,0.000000,0.000000,1.000000
9270.000000,2.752530,1.276668,-1.141368,-0.027352,0.000000,0.000000,0.000000,0.000000,0.000000,0.678276,1.137375,-0.033589,-1.136879,-0.841166,0.000000,0.000000,0.000000,65535.000000,0.000000,0.000000,2.752530,1.276668,2.752530,1.276668,0.000000,0.000000,1.000000
9280.000000,2.741014,1.276360,-1.151648,-0.030848,0.000000,0.000000,0.000000,0.000000,0.000000,0.391234,1.141696,-0.031746,-1.141255,-0.786223,0.000000,0.000000,0.000000,65535.000000,0.000000,0.000000,2.741014,1.276360,2.741014,1.276360,0.000000,0.000000,1.000000
9290.000000,2.729799,1.276042,-1.121444,-0.031814,0.000000,0.000000,0.000000,0.000000,0.000000,0.391234,1.152061,-0.035194,-1.151523,-0.780084,0.000000,0.000000,0.000000,65535.000000,0.000000,0.000000,2.729799,1.276042,2.729799,1.276042,0.000000,0.000000,1.000000
9300.000000,2.718446,1.275725,-1.135291,-0.031660,0.000000,0.000000,0.000000,0.000000,0.000000,0.391234,1.121895,-0.036656,-1.121296,-0.558353,0.000000,0.000000,0.000000,65535.000000,0.000000,0.000000,2.718446,1.275725,2.718446,1.275725,0.000000,0.000000,1.000000
9310.000000,2.707002,1.275545,-1.144414,-0.018007,0.000000,0.000000,0.000000,0.000000,0.000000,0.386842,1.135733,-0.036900,-1.135133,-0.555250,0.000000,0.000000,0.000000,65535.000000,0.000000,0.000000,2.707002,1.275545,2.707002,1.275545,0.000000,0.000000,1.000000
9320.000000,2.695441,1.275664,-1.156119,0.011949,0.000000,0.000000,0.000000,0.000000,0.000000,0.382322,1.144555,-0.023311,-1.144318,-0.573596,0.000000,0.000000,0.000000,65535.000000,0.000000,0.000000,2.695441,1.275664,2.695441,1.275664,0.000000,0.000000,1.000000
9330.000000,2.684104,1.276022,-1.133652,0.035721,0.000000,0.000000,0.000000,0.000000,0.000000,0.283048,1.156180,0.006623,-1.156161,-1.120381,0.000000,0.000000,0.000000,65535.000000,0.000000,0.000000,2.684104,1.276022,2.684104,1.276022,0.000000,0.000000,1.000000
9340.000000,2.672774,1.276322,-1.133046,0.030010,0.000000,0.000000,0.000000,0.000000,0.000000,0.286341,1.134214,0.030890,-1.133794,-1.107955,0.000000,0.000000,0.000000,65535.000000,0.000000,0.000000,2.672774,1.276322,2.672774,1.276322,0.000000,0.000000,1.000000
9350.000000,2.661385,1.276462,-1.138924,0.014066,0.000000,0.000000,0.000000,0.000000,0.000000,0.353898,1.133444,0.025509,-1.133157,-0.907650,0.000000,0.000000,0.000000,65535.000000,0.000000,0.000000,2.661385,1.276462,2.661385,1.276462,0.000000,0.000000,1.000000
9360.000000,2.649801,1.276462,-1.158400,-0.000040,0.000000,0.000000,0.000000,0.000000,0.000000,0.359202,1.139011,0.009774,-1.138969,-0.877177,0.000000,0.000000,0.000000,65535.000000,0.000000,0.000000,2.649801,1.276462,2.649801,1.276462,0.000000,0.000000,1.000000
9370.000000,2.638187,1.276383,-1.161397,-0.007888,0.000000,0.000000,0.000000,0.000000,0.000000,0.493601,1.158400,-0.004466,-1.158391,-0.322444,0.000000,0.000000,0.000000,65535.000000,0.000000,0.000000,2.638187,1.276383,2.638187,1.276383,0.000000,0.000000,1.000000
9380.000000,2.626486,1.276374,-1.170083,-0.000872,0.000000,0.000000,0.000000,0.000000,0.000000,0.493601,1.161424,-0.012556,-1.161356,-0.321407,0.000000,0.000000,0.000000,65535.000000,0.000000,0.000000,2.626486,1.276374,2.626486,1.276374,0.000000,0.000000,1.000000
9390.000000,2.614808,1.276445,-1.167816,0.007093,0.000000,0.000000,0.000000,0.000000,0.000000,0.350520,1.170083,-0.005747,-1.170069,-0.854340,0.000000,0.000000,0.000000,65535.000000,0.000000,0.000000,2.614808,1.276445,2.614808,1.276445,0.000000,0.000000,1.000000
9400.000000,2.602985,1.276520,-1.182297,0.007424,0.000000,0.000000,0.000000,0.000000,0.000000,0.343462,1.167838,0.001705,-1.167837,-0.890601,0.000000,0.000000,0.000000,65535.000000,0.000000,0.000000,2.602985,1.276520,2.602985,1.276520,0.000000,0.000000,1.000000
9410.000000,2.591348,1.276579,-1.163625,0.005965,0.000000,0.000000,0.000000,0.000000,0.000000,0.466257,1.182321,0.001701,-1.182319,-0.114536,0.000000,0.000000,0.000000,65535.000000,0.000000,0.000000,2.591348,1.276579,2.591348,1.276579,0.000000,0.000000,1.000000
9420.000000,2.579710,1.276611,-1.163888,0.003177,0.000000,0.000000,0.000000,0.000000,0.000000,0.621537,1.163641,0.000390,-1.163641,-0.114405,0.000000,0.000000,0.000000,65535.000000,0.000000,0.000000,2.579710,1.276611,2.579710,1.276611,0.000000,0.000000,1.000000
9430.000000,2.567979,1.276614,-1.173013,0.000328,0.000000,0.000000,0.000000,0.000000,0.000000,0.621537,1.163892,-0.002377,-1.163890,-0.757503,0.000000,0.000000,0.000000,65535.000000,0.000000,0.000000,2.567979,1.276614,2.567979,1.276614,0.000000,0.000000,1.000000
9440.000000,2.556250,1.276912,-1.172977,0.029817,0.000000,0.000000,0.000000,0.000000,0.000000,0.569259,1.173013,-0.004731,-1.173003,-0.623668,0.000000,0.000000,0.000000,65535.000000,0.000000,0.000000,2.556250,1.276912,2.556250,1.276912,0.000000,0.000000,1.000000
9450.000000,2.544575,1.277287,-1.167489,0.037487,0.000000,0.000000,0.000000,0.000000,0.000000,0.547454,1.173356,0.025227,-1.173085,-0.619798,0.000000,0.000000,0.000000,65535.000000,0.000000,0.000000,2.544575,1.277287,2.544575,1.277287,0.000000,0.000000,1.000000
9460.000000,2.532961,1.277689,-1.161355,0.040123,0.000000,0.000000,0.000000,0.000000,0.000000,0.812576,1.168091,0.033154,-1.167620,-0.817398,0.000000,0.000000,0.000000,65535.000000,0.000000,0.000000,2.532961,1.277689,2.532961,1.277689,0.000000,0.000000,1.000000
9470.000000,2.521475,1.278013,-1.148652,0.032481,0.000000,0.000000,0.000000,0.000000,0.000000,0.603549,1.162048,0.035404,-1.161508,-0.810764,0.000000,0.000000,0.000000,65535.000000,0.000000,0.000000,2.521475,1.278013,2.521475,1.278013,0.000000,0.000000,1.000000
9480.000000,2.509769,1.278237,-1.170523,0.022324,0.000000,0.000000,0.000000,0.000000,0.000000,0.253526,1.149111,0.026972,-1.148795,-1.642524,0.000000,0.000000,0.000000,65535.000000,0.000000,0.000000,2.509769,1.278237,2.509769,1.278237,0.000000,0.000000,1.000000
9490.000000,2.498158,1.278407,-1.161203,0.017030,0.000000,0.000000,0.000000,0.000000,0.000000,0.184585,1.170736,0.015907,-1.170628,-1.814334,0.000000,0.000000,0.000000,65535.000000,0.000000,0.000000,2.498158,1.278407,2.498158,1.278407,0.000000,0.000000,1.000000
9500.000000,2.486451,1.278555,-1.170645,0.014824,0.000000,0.000000,0.000000,0.000000,0.000000,0.205046,1.161328,0.009767,-1.161287,-1.753118,0.000000,0.000000,0.000000,65535.000000,0.000000,0.000000,2.486451,1.278555,2.486451,1.278555,0.000000,0.000000,1.000000
9510.000000,2.474894,1.278697,-1.155761,0.014195,0.000000,0.000000,0.000000,0.000000,0.000000,0.404562,1.170739,0.007305,-1.170716,-0.953376,0.000000,0.000000,0.000000,65535.000000,0.000000,0.000000,2.474894,1.278697,2.474894,1.278697,0.000000,0.000000,1.000000
9520.000000,2.463454,1.278754,-1.143914,0.005688,0.000000,0.000000,0.000000,0.000000,0.000000,0.417565,1.155849,0.007102,-1.155827,-0.495518,0.000000,0.000000,0.000000,65535.000000,0.000000,0.000000,2.463454,1.278754,2.463454,1.278754,0.000000,0.000000,1.000000
9530.000000,2.452433,1.278777,-1.102159,0.002335,0.000000,0.000000,0.000000,0.000000,0.000000,0.588627,1.143928,-0.000873,-1.143928,0.575639,0.000000,0.000000,0.000000,65535.000000,0.000000,0.000000,2.452433,1.278777,2.452433,1.278777,0.000000,0.000000,1.000000
9540.000000,2.441302,1.278772,-1.113054,-0.000581,0.000000,0.000000,0.000000,0.000000,0.000000,0.588627,1.102162,-0.003153,-1.102157,0.572013,0.000000,0.000000,0.000000,65535.000000,0.000000,0.000000,2.441302,1.278772,2.441302,1.278772,0.000000,0.000000,1.000000
9550.000000,2.430174,1.278699,-1.112871,-0.007309,0.000000,0.000000,0.000000,0.000000,0.000000,0.598505,1.113055,-0.005207,-1.113042,0.578012,0.000000,0.000000,0.000000,65535.000000,0.000000,0.000000,2.430174,1.278699,2.430174,1.278699,0.000000,0.000000,1.000000
9560.000000,2.418881,1.278602,-1.129297,-0.009699,0.000000,0.000000,0.000000,0.000000,0.000000,0.598505,1.112895,-0.011702,-1.112833,0.574687,0.000000,0.000000,0.000000,65535.000000,0.000000,0.000000,2.418881,1.278602,2.418881,1.278602,0.000000,0.000000,1.000000
9570.000000,2.407818,1.278594,-1.106254,-0.000723,0.000000,0.000000,0.000000,0.000000,0.000000,0.845541,1.129339,-0.014382,-1.129247,1.381403,0.000000,0.000000,0.000000,65535.000000,0.000000,0.000000,2.407818,1.278594,2.407818,1.278594,0.000000,0.000000,1.000000
9580.000000,2.397167,1.278847,-1.065122,0.025272,0.000000,0.000000,0.000000,0.000000,0.000000,1.272624,1.106254,-0.005559,-1.106240,3.340194,0.000000,0.000000,0.000000,65535.000000,0.000000,0.000000,2.397167,1.278847,2.397167,1.278847,0.000000,0.000000,1.000000
9590.000000,2.386761,1.279230,-1.040549,0.038297,0.000000,0.000000,0.000000,0.000000,0.000000,1.272624,1.065422,0.020139,-1.065231,3.232126,0.000000,0.000000,0.000000,65535.000000,0.000000,0.000000,2.386761,1.279230,2.386761,1.279230,0.000000,0.000000,1.000000
9600.000000,2.376128,1.279652,-1.063380,0.042166,0.000000,0.000000,0.000000,0.000000,0.000000,0.943869,1.041253,0.032647,-1.040741,2.067188,0.000000,0.000000,0.000000,65535.000000,0.000000,0.000000,2.376128,1.279652,2.376128,1.279652,0.000000,0.000000,1.000000
9610.000000,2.365554,1.280103,-1.057401,0.045134,0.000000,0.000000,0.000000,0.000000,0.000000,0.901755,1.064216,0.035747,-1.063615,-0.542707,0.000000,0.000000,0.000000,65535.000000,0.000000,0.000000,2.365554,1.280103,2.365554,1.280103,0.000000,0.000000,1.000000
9620.000000,2.354899,1.280573,-1.065474,0.046958,0.000000,0.000000,0.000000,0.000000,0.000000,0.555266,1.058364,0.038304,-1.057670,-0.744886,0.000000,0.000000,0.000000,65535.000000,0.000000,0.000000,2.354899,1.280573,2.354899,1.280573,0.000000,0.000000,1.000000
9630.000000,2.344319,1.281078,-1.058013,0.050565,0.000000,0.000000,0.000000,0.000000,0.000000,0.355437,1.066509,0.040529,-1.065738,-1.296458,0.000000,0.000000,0.000000,65535.000000,0.000000,0.000000,2.344319,1.281078,2.344319,1.281078,0.000000,0.000000,1.000000
9640.000000,2.333861,1.281676,-1.045822,0.059738,0.000000,0.000000,0.000000,0.000000,0.000000,0.856314,1.059220,0.044512,-1.058285,-0.270012,0.000000,0.000000,0.000000,65535.000000,0.000000,0.000000,2.333861,1.281676,2.333861,1.281676,0.000000,0.000000,1.000000
9650.000000,2.323671,1.282397,-1.018985,0.072130,0.000000,0.000000,0.000000,0.000000,0.000000,0.856314,1.047527,0.054154,-1.046126,-0.269284,0.000000,0.000000,0.000000,65535.000000,0.000000,0.000000,2.323671,1.282397,2.323671,1.282397,0.000000,0.000000,1.000000
9660.000000,2.313591,1.283132,-1.008038,0.073479,0.000000,0.000000,0.000000,0.000000,0.000000,0.452290,1.021535,0.066617,-1.019361,-0.463198,0.000000,0.000000,0.000000,65535.000000,0.000000,0.000000,2.313591,1.283132,2.313591,1.283132,0.000000,0.000000,1.000000
9670.000000,2.303598,1.283861,-0.999220,0.072883,0.000000,0.000000,0.000000,0.000000,0.000000,0.452290,1.010713,0.067726,-1.008441,-0.461060,0.000000,0.000000,0.000000,65535.000000,0.000000,0.000000,2.303598,1.283861,2.303598,1.283861,0.000000,0.000000,1.000000
9680.000000,2.293461,1.284610,-1.013760,0.074895,0.000000,0.000000,0.000000,0.000000,0.000000,0.452290,1.001874,0.066445,-0.999668,-0.458942,0.000000,0.000000,0.000000,65535.000000,0.000000,0.000000,2.293461,1.284610,2.293461,1.284610,0.000000,0.000000,1.000000
9690.000000,2.283260,1.285189,-1.020062,0.057925,0.000000,0.000000,0.000000,0.000000,0.000000,0.455996,1.016523,0.067621,-1.014271,-0.237029,0.000000,0.000000,0.000000,65535.000000,0.000000,0.000000,2.283260,1.285189,2.283260,1.285189,0.000000,0.000000,1.000000
9700.000000,2.273214,1.285737,-1.004599,0.054845,0.000000,0.000000,0.000000,0.000000,0.000000,0.455996,1.021706,0.050024,-1.020481,-0.236469,0.000000,0.000000,0.000000,65535.000000,0.000000,0.000000,2.273214,1.285737,2.273214,1.285737,0.000000,0.000000,1.000000
9710.000000,2.263632,1.286690,-0.958235,0.095285,0.000000,0.000000,0.000000,0.000000,0.000000,0.302682,1.006095,0.047071,-1.004993,-1.027022,0.000000,0.000000,0.000000,65535.000000,0.000000,0.000000,2.263632,1.286690,2.263632,1.286690,0.000000,0.000000,1.000000
9720.000000,2.254122,1.287968,-0.951029,0.127813,0.000000,0.000000,0.000000,0.000000,0.000000,0.507844,0.962961,0.087783,-0.958951,0.129107,0.000000,0.000000,0.000000,65535.000000,0.000000,0.000000,2.254122,1.287968,2.254122,1.287968,0.000000,0.000000,1.000000
9730.000000,2.244979,1.289422,-0.914235,0.145412,0.000000,0.000000,0.000000,0.000000,0.000000,0.507844,0.959580,0.119977,-0.952050,0.128941,0.000000,0.000000,0.000000,65535.000000,0.000000,0.000000,2.244979,1.289422,2.244979,1.289422,0.000000,0.000000,1.000000
9740.000000,2.235878,1.291048,-0.910155,0.162516,0.000000,0.000000,0.000000,0.000000,0.000000,0.748149,0.925726,0.137781,-0.915416,1.226208,0.000000,0.000000,0.000000,65535.000000,0.000000,0.000000,2.235878,1.291048,2.235878,1.291048,0.000000,0.000000,1.000000
9750.000000,2.226719,1.292693,-0.915884,0.164560,0.000000,0.000000,0.000000,0.000000,0.000000,0.818711,0.924551,0.154601,-0.911533,1.213396,0.000000,0.000000,0.000000,65535.000000,0.000000,0.000000,2.226719,1.292693,2.226719,1.292693,0.000000,0.000000,1.000000
9760.000000,2.217450,1.294424,-0.926903,0.173127,0.000000,0.000000,0.000000,0.000000,0.000000,0.818711,0.930551,0.155769,-0.917421,1.198834,0.000000,0.000000,0.000000,65535.000000,0.000000,0.000000,2.217450,1.294424,2.217450,1.294424,0.000000,0.000000,1.000000
9770.000000,2.208217,1.296241,-0.923265,0.181687,0.000000,0.000000,0.000000,0.000000,0.000000,0.915332,0.942933,0.163683,-0.928618,1.184617,0.000000,0.000000,0.000000,65535.000000,0.000000,0.000000,2.208217,1.296241,2.208217,1.296241,0.000000,0.000000,1.000000
9780.000000,2.198653,1.297973,-0.956405,0.173170,0.000000,0.000000,0.000000,0.000000,0.000000,0.830090,0.940972,0.171813,-0.925153,-0.997758,0.000000,0.000000,0.000000,65535.000000,0.000000,0.000000,2.198653,1.297973,2.198653,1.297973,0.000000,0.000000,1.000000
9790.000000,2.189183,1.299861,-0.946970,0.188807,0.000000,0.000000,0.000000,0.000000,0.000000,0.755864,0.971956,0.163066,-0.958180,-0.471092,0.000000,0.000000,0.000000,65535.000000,0.000000,0.000000,2.189183,1.299861,2.189183,1.299861,0.000000,0.000000,1.000000
9800.000000,2.180098,1.302174,-0.908500,0.231327,0.000000,0.000000,0.000000,0.000000,0.000000,0.776255,0.965609,0.179285,-0.948819,-0.468881,0.000000,0.000000,0.000000,65535.000000,0.000000,0.000000,2.180098,1.302174,2.180098,1.302174,0.000000,0.000000,1.000000
9810.000000,2.171386,1.304669,-0.871186,0.249476,0.000000,0.000000,0.000000,0.000000,0.000000,0.440146,0.937488,0.222610,-0.910675,-0.476780,0.000000,0.000000,0.000000,65535.000000,0.000000,0.000000,2.171386,1.304669,2.171386,1.304669,0.000000,0.000000,1.000000
9820.000000,2.162719,1.307354,-0.866667,0.268501,0.000000,0.000000,0.000000,0.000000,0.000000,0.611668,0.906202,0.241361,-0.873469,-0.474516,0.000000,0.000000,0.000000,65535.000000,0.000000,0.000000,2.162719,1.307354,2.162719,1.307354,0.000000,0.000000,1.000000
9830.000000,2.154136,1.310208,-0.858325,0.285344,0.000000,0.000000,0.000000,0.000000,0.000000,0.602225,0.907307,0.260070,-0.869235,-0.790509,0.000000,0.000000,0.000000,65535.000000,0.000000,0.000000,2.154136,1.310208,2.154136,1.310208,0.000000,0.000000,1.000000
9840.000000,2.145543,1.313237,-0.859343,0.302902,0.000000,0.000000,0.000000,0.000000,0.000000,0.478256,0.904512,0.276791,-0.861121,-1.010186,0.000000,0.000000,0.000000,65535.000000,0.000000,0.000000,2.145543,1.313237,2.145543,1.313237,0.000000,0.000000,1.000000
9850.000000,2.137084,1.316430,-0.845924,0.319320,0.000000,0.000000,0.000000,0.000000,0.000000,0.510216,0.911164,0.294255,-0.862342,-0.901881,0.000000,0.000000,0.000000,65535.000000,0.000000,0.000000,2.137084,1.316430,2.137084,1.316430,0.000000,0.000000,1.000000
9860.000000,2.128742,1.319821,-0.834123,0.339153,0.000000,0.000000,0.000000,0.000000,0.000000,0.525480,0.904187,0.310212,-0.849307,-0.846846,0.000000,0.000000,0.000000,65535.000000,0.000000,0.000000,2.128742,1.319821,2.128742,1.319821,0.000000,0.000000,1.000000
9870.000000,2.120452,1.323352,-0.829024,0.353054,0.000000,0.000000,0.000000,0.000000,0.000000,0.525480,0.900437,0.329822,-0.837857,-0.839728,0.000000,0.000000,0.000000,65535.000000,0.000000,0.000000,2.120452,1.323352,2.120452,1.323352,0.000000,0.000000,1.000000
9880.000000,2.111683,1.326974,-0.876868,0.362228,0.000000,0.000000,0.000000,0.000000,0.000000,0.525480,0.901071,0.343826,-0.832894,-0.832728,0.000000,0.000000,0.000000,65535.000000,0.000000,0.000000,2.111683,1.326974,2.111683,1.326974,0.000000,0.000000,1.000000
9890.000000,2.102787,1.330603,-0.889569,0.362915,0.000000,0.000000,0.000000,0.000000,0.000000,0.494498,0.948740,0.352425,-0.880854,-1.027317,0.000000,0.000000,0.000000,65535.000000,0.000000,0.000000,2.102787,1.330603,2.102787,1.330603,0.000000,0.000000,1.000000
9900.000000,2.094041,1.334554,-0.874677,0.395044,0.000000,0.000000,0.000000,0.000000,0.000000,0.310570,0.960749,0.352470,-0.893759,-1.481054,0.000000,0.000000,0.000000,65535.000000,0.000000,0.000000,2.094041,1.334554,2.094041,1.334554,0.000000,0.000000,1.000000
9910.000000,2.085665,1.338724,-0.837512,0.417029,0.000000,0.000000,0.000000,0.000000,0.000000,0.096881,0.959750,0.383901,-0.879625,-2.109766,0.000000,0.000000,0.000000,65535.000000,0.000000,0.000000,2.085665,1.338724,2.085665,1.338724,0.000000,0.000000,1.000000
9920.000000,2.077428,1.343214,-0.823769,0.448972,0.000000,0.000000,0.000000,0.000000,0.000000,0.361318,0.935596,0.406471,-0.842686,-1.263777,0.000000,0.000000,0.000000,65535.000000,0.000000,0.000000,2.077428,1.343214,2.077428,1.343214,0.000000,0.000000,1.000000
9930.000000,2.069332,1.347976,-0.809555,0.476194,0.000000,0.000000,0.000000,0.000000,0.000000,0.746412,0.938175,0.439302,-0.828966,-0.853217,0.000000,0.000000,0.000000,65535.000000,0.000000,0.000000,2.069332,1.347976,2.069332,1.347976,0.000000,0.000000,1.000000
9940.000000,2.061048,1.353032,-0.828441,0.505581,0.000000,0.000000,0.000000,0.000000,0.000000,0.644247,0.939223,0.467966,-0.814339,-0.475776,0.000000,0.000000,0.000000,65535.000000,0.000000,0.000000,2.061048,1.353032,2.061048,1.353032,0.000000,0.000000,1.000000
9950.000000,2.052650,1.358372,-0.839750,0.534082,0.000000,0.000000,0.000000,0.000000,0.000000,0.762065,0.970529,0.499304,-0.832240,0.219127,0.000000,0.000000,0.000000,65535.000000,0.000000,0.000000,2.052650,1.358372,2.052650,1.358372,0.000000,0.000000,1.000000
9960.000000,2.044928,1.363289,-0.772261,0.491620,0.000000,0.000000,0.000000,0.000000,0.000000,0.787350,0.995201,0.529667,-0.842542,0.218647,0.000000,0.000000,0.000000,65535.000000,0.000000,0.000000,2.044928,1.363289,2.044928,1.363289,0.000000,0.000000,1.000000
9970.000000,2.037708,1.368475,-0.721956,0.518634,0.000000,0.000000,0.000000,0.000000,0.000000,0.795575,0.998503,0.546348,-0.835771,0.082700,0.000000,0.000000,0.000000,65535.000000,0.000000,0.000000,2.037708,1.368475,2.037708,1.368475,0.000000,0.000000,1.000000
9980.000000,2.030989,1.374098,-0.671964,0.562347,0.000000,0.000000,0.000000,0.000000,0.000000,0.611294,0.950701,0.557244,-0.770267,-0.498057,0.000000,0.000000,0.000000,65535.000000,0.000000,0.000000,2.030989,1.374098,2.030989,1.374098,0.000000,0.000000,1.000000
9990.000000,2.024631,1.379767,-0.635814,0.566822,0.000000,0.000000,0.000000,0.000000,0.000000,0.950972,0.915367,0.583561,-0.705233,0.016906,0.000000,0.000000,0.000000,65535.000000,0.000000,0.000000,2.024631,1.379767,2.024631,1.379767,0.000000,0.000000,1.000000
10000.000000,2.017762,1.385967,-0.686826,0.620012,0.000000,0.000000,0.000000,0.000000,0.000000,0.961776,0.900551,0.593832,-0.677020,1.700846,0.000000,0.000000,0.000000,65535.000000,0.000000,0.000000,2.017762,1.385967,2.017762,1.385967,0.000000,0.000000,1.000000
10010.000000,2.010931,1.392138,-0.683092,0.617173,0.000000,0.000000,0.000000,0.000000,0.000000,0.851612,0.925281,0.612569,-0.693473,1.889338,0.000000,0.000000,0.000000,65535.000000,0.000000,0.000000,2.010931,1.392138,2.010931,1.392138,0.000000,0.000000,1.000000
10020.000000,2.004194,1.398320,-0.673678,0.618190,0.000000,0.000000,0.000000,0.000000,0.000000,0.851612,0.920607,0.609680,-0.689789,1.854269,0.000000,0.000000,0.000000,65535.000000,0.000000,0.000000,2.004194,1.398320,2.004194,1.398320,0.000000,0.000000,1.000000
10030.000000,1.997602,1.404562,-0.659299,0.624140,0.000000,0.000000,0.000000,0.000000,0.000000,0.694229,0.914331,0.610523,-0.680634,1.056713,0.000000,0.000000,0.000000,65535.000000,0.000000,0.000000,1.997602,1.404562,1.997602,1.404562,0.000000,0.000000,1.000000
10040.000000,1.991127,1.410932,-0.647442,0.637050,0.000000,0.000000,0.000000,0.000000,0.000000,0.675959,0.907869,0.616929,-0.666052,0.636607,0.000000,0.000000,0.000000,65535.000000,0.000000,0.000000,1.991127,1.410932,1.991127,1.410932,0.000000,0.000000,1.000000
10050.000000,1.984759,1.417426,-0.636853,0.649375,0.000000,0.000000,0.000000,0.000000,0.000000,0.675959,0.908302,0.630676,-0.653652,0.632576,0.000000,0.000000,0.000000,65535.000000,0.000000,0.000000,1.984759,1.417426,1.984759,1.417426,0.000000,0.000000,1.000000
10060.000000,1.978313,1.424213,-0.644587,0.678729,0.000000,0.000000,0.000000,0.000000,0.000000,0.572671,0.909544,0.643696,-0.642592,0.471339,0.000000,0.000000,0.000000,65535.000000,0.000000,0.000000,1.978313,1.424213,1.978313,1.424213,0.000000,0.000000,1.000000
10070.000000,1.971906,1.431093,-0.640672,0.687971,0.000000,0.000000,0.000000,0.000000,0.000000,0.664962,0.936037,0.673280,-0.650277,0.484306,0.000000,0.000000,0.000000,65535.000000,0.000000,0.000000,1.971906,1.431093,1.971906,1.431093,0.000000,0.000000,1.000000
10080.000000,1.965650,1.438082,-0.625642,0.698891,0.000000,0.000000,0.000000,0.000000,0.000000,0.682138,0.940088,0.682286,-0.646724,0.528323,0.000000,0.000000,0.000000,65535.000000,0.000000,0.000000,1.965650,1.438082,1.965650,1.438082,0.000000,0.000000,1.000000
10090.000000,1.959736,1.444930,-0.591348,0.684769,0.000000,0.000000,0.000000,0.000000,0.000000,0.682138,0.938017,0.692394,-0.632824,0.525544,0.000000,0.000000,0.000000,65535.000000,0.000000,0.000000,1.959736,1.444930,1.959736,1.444930,0.000000,0.000000,1.000000
10100.000000,1.953879,1.451883,-0.585740,0.695374,0.000000,0.000000,0.000000,0.000000,0.000000,0.702793,0.904766,0.677666,-0.599475,0.655171,0.000000,0.000000,0.000000,65535.000000,0.000000,0.000000,1.953879,1.451883,1.953879,1.451883,0.000000,0.000000,1.000000
10110.000000,1.947960,1.458930,-0.591871,0.704652,0.000000,0.000000,0.000000,0.000000,0.000000,0.772392,0.909196,0.687595,-0.594853,1.045625,0.000000,0.000000,0.000000,65535.000000,0.000000,0.000000,1.947960,1.458930,1.947960,1.458930,0.000000,0.000000,1.000000
10120.000000,1.942023,1.466001,-0.593669,0.707061,0.000000,0.000000,0.000000,0.000000,0.000000,0.772392,0.920243,0.696309,-0.601665,1.034794,0.000000,0.000000,0.000000,65535.000000,0.000000,0.000000,1.942023,1.466001,1.942023,1.466001,0.000000,0.000000,1.000000
10130.000000,1.936314,1.473075,-0.570930,0.707434,0.000000,0.000000,0.000000,0.000000,0.000000,0.686392,0.923243,0.699042,-0.603090,0.901962,0.000000,0.000000,0.000000,65535.000000,0.000000,0.000000,1.936314,1.473075,1.936314,1.473075,0.000000,0.000000,1.000000
10140.000000,1.930672,1.480449,-0.564187,0.737378,0.000000,0.000000,0.000000,0.000000,0.000000,1.232281,0.909079,0.700720,-0.579151,3.339188,0.000000,0.000000,0.000000,65535.000000,0.000000,0.000000,1.930672,1.480449,1.930672,1.480449,0.000000,0.000000,1.000000
10150.000000,1.924993,1.488180,-0.567903,0.773098,0.000000,0.000000,0.000000,0.000000,0.000000,1.360888,0.928457,0.731846,-0.571345,3.507084,0.000000,0.000000,0.000000,65535.000000,0.000000,0.000000,1.924993,1.488180,1.924993,1.488180,0.000000,0.000000,1.000000
10160.000000,1.919357,1.496319,-0.563643,0.813922,0.000000,0.000000,0.000000,0.000000,0.000000,1.442581,0.959268,0.767967,-0.574824,3.388140,0.000000,0.000000,0.000000,65535.000000,0.000000,0.000000,1.919357,1.496319,1.919357,1.496319,0.000000,0.000000,1.000000
10170.000000,1.913907,1.504624,-0.544994,0.830480,0.000000,0.000000,0.000000,0.000000,0.000000,1.567433,0.990032,0.808464,-0.571445,2.694048,0.000000,0.000000,0.000000,65535.000000,0.000000,0.000000,1.913907,1.504624,1.913907,1.504624,0.000000,0.000000,1.000000
10180.000000,1.908647,1.512971,-0.526016,0.834664,0.000000,0.000000,0.000000,0.000000,0.000000,1.038377,0.993336,0.824824,-0.553517,0.548770,0.000000,0.000000,0.000000,65535.000000,0.000000,0.000000,1.908647,1.512971,1.908647,1.512971,0.000000,0.000000,1.000000
10190.000000,1.903666,1.521196,-0.498071,0.822595,0.000000,0.000000,0.000000,0.000000,0.000000,1.124679,0.986588,0.828981,-0.534928,0.806658,0.000000,0.000000,0.000000,65535.000000,0.000000,0.000000,1.903666,1.521196,1.903666,1.521196,0.000000,0.000000,1.000000
10200.000000,1.898906,1.529399,-0.475998,0.820218,0.000000,0.000000,0.000000,0.000000,0.000000,1.177407,0.961632,0.817140,-0.506970,0.954986,0.000000,0.000000,0.000000,65535.000000,0.000000,0.000000,1.898906,1.529399,1.898906,1.529399,0.000000,0.000000,1.000000
10210.000000,1.894224,1.537601,-0.468181,0.820266,0.000000,0.000000,0.000000,0.000000,0.000000,1.177407,0.948331,0.815758,-0.483601,0.945943,0.000000,0.000000,0.000000,65535.000000,0.000000,0.000000,1.894224,1.537601,1.894224,1.537601,0.000000,0.000000,1.000000
10220.000000,1.889346,1.546059,-0.487785,0.845723,0.000000,0.000000,0.000000,0.000000,0.000000,1.150886,0.944473,0.816872,-0.474078,0.858067,0.000000,0.000000,0.000000,65535.000000,0.000000,0.000000,1.889346,1.546059,1.889346,1.546059,0.000000,0.000000,1.000000
10230.000000,1.884471,1.554613,-0.487583,0.855465,0.000000,0.000000,0.000000,0.000000,0.000000,0.708097,0.976311,0.843071,-0.492355,-0.466268,0.000000,0.000000,0.000000,65535.000000,0.000000,0.000000,1.884471,1.554613,1.884471,1.554613,0.000000,0.000000,1.000000
10240.000000,1.879799,1.563169,-0.467177,0.855614,0.000000,0.000000,0.000000,0.000000,0.000000,1.150385,0.984661,0.852615,-0.492549,0.864581,0.000000,0.000000,0.000000,65535.000000,0.000000,0.000000,1.879799,1.563169,1.879799,1.563169,0.000000,0.000000,1.000000
10250.000000,1.875468,1.571831,-0.433116,0.866110,0.000000,0.000000,0.000000,0.000000,0.000000,1.308729,0.974849,0.852587,-0.472679,1.327479,0.000000,0.000000,0.000000,65535.000000,0.000000,0.000000,1.875468,1.571831,1.875468,1.571831,0.000000,0.000000,1.000000
10260.000000,1.871113,1.580545,-0.435453,0.871495,0.000000,0.000000,0.000000,0.000000,0.000000,1.206649,0.968368,0.862383,-0.440489,1.310070,0.000000,0.000000,0.000000,65535.000000,0.000000,0.000000,1.871113,1.580545,1.871113,1.580545,0.000000,0.000000,1.000000
10270.000000,1.866663,1.589402,-0.445000,0.885679,0.000000,0.000000,0.000000,0.000000,0.000000,1.204649,0.974229,0.867090,-0.444160,1.293113,0.000000,0.000000,0.000000,65535.000000,0.000000,0.000000,1.866663,1.589402,1.866663,1.589402,0.000000,0.000000,1.000000
10280.000000,1.862101,1.598390,-0.456194,0.898737,0.000000,0.000000,0.000000,0.000000,0.000000,1.199722,0.991188,0.881102,-0.453997,1.059928,0.000000,0.000000,0.000000,65535.000000,0.000000,0.000000,1.862101,1.598390,1.862101,1.598390,0.000000,0.000000,1.000000
10290.000000,1.857651,1.606964,-0.444992,0.857473,0.000000,0.000000,0.000000,0.000000,0.000000,1.253903,1.007889,0.894284,-0.464861,1.103102,0.000000,0.000000,0.000000,65535.000000,0.000000,0.000000,1.857651,1.606964,1.857651,1.606964,0.000000,0.000000,1.000000
10300.000000,1.853168,1.615541,-0.448376,0.857660,0.000000,0.000000,0.000000,0.000000,0.000000,1.253903,0.966063,0.853311,-0.452921,1.091054,0.000000,0.000000,0.000000,65535.000000,0.000000,0.000000,1.853168,1.615541,1.853168,1.615541,0.000000,0.000000,1.000000
10310.000000,1.848499,1.624069,-0.466834,0.852794,0.000000,0.000000,0.000000,0.000000,0.000000,1.238757,0.967792,0.853669,-0.455929,1.034273,0.000000,0.000000,0.000000,65535.000000,0.000000,0.000000,1.848499,1.624069,1.848499,1.624069,0.000000,0.000000,1.000000
10320.000000,1.843511,1.632606,-0.498781,0.853689,0.000000,0.000000,0.000000,0.000000,0.000000,1.062697,0.972210,0.848654,-0.474319,0.348910,0.000000,0.000000,0.000000,65535.000000,0.000000,0.000000,1.843511,1.632606,1.843511,1.632606,0.000000,0.000000,1.000000
10330.000000,1.838684,1.640964,-0.482773,0.835811,0.000000,0.000000,0.000000,0.000000,0.000000,0.990585,0.988720,0.848847,-0.506978,0.286206,0.000000,0.000000,0.000000,65535.000000,0.000000,0.000000,1.838684,1.640964,1.838684,1.640964,0.000000,0.000000,1.000000
10340.000000,1.834012,1.649503,-0.467142,0.853854,0.000000,0.000000,0.000000,0.000000,0.000000,0.978139,0.965220,0.831300,-0.490499,0.164458,0.000000,0.000000,0.000000,65535.000000,0.000000,0.000000,1.834012,1.649503,1.834012,1.649503,0.000000,0.000000,1.000000
10350.000000,1.829558,1.658030,-0.445368,0.852729,0.000000,0.000000,0.000000,0.000000,0.000000,1.412335,0.973288,0.849967,-0.474177,1.568838,0.000000,0.000000,0.000000,65535.000000,0.000000,0.000000,1.829558,1.658030,1.829558,1.658030,0.000000,0.000000,1.000000
10360.000000,1.825210,1.666547,-0.434885,0.851700,0.000000,0.000000,0.000000,0.000000,0.000000,1.271863,0.962028,0.848999,-0.452438,2.004911,0.000000,0.000000,0.000000,65535.000000,0.000000,0.000000,1.825210,1.666547,1.825210,1.666547,0.000000,0.000000,1.000000
10370.000000,1.820962,1.674974,-0.424773,0.842680,0.000000,0.000000,0.000000,0.000000,0.000000,1.271863,0.956304,0.847750,-0.442536,1.965465,0.000000,0.000000,0.000000,65535.000000,0.000000,0.000000,1.820962,1.674974,1.820962,1.674974,0.000000,0.000000,1.000000
10380.000000,1.816774,1.683422,-0.418754,0.844855,0.000000,0.000000,0.000000,0.000000,0.000000,0.998686,0.943686,0.838478,-0.433010,1.760086,0.000000,0.000000,0.000000,65535.000000,0.000000,0.000000,1.816774,1.683422,1.816774,1.683422,0.000000,0.000000,1.000000
10390.000000,1.812693,1.691845,-0.408120,0.842235,0.000000,0.000000,0.000000,0.000000,0.000000,0.998686,0.942939,0.840635,-0.427161,1.729613,0.000000,0.000000,0.000000,65535.000000,0.000000,0.000000,1.812693,1.691845,1.812693,1.691845,0.000000,0.000000,1.000000
10400.000000,1.808601,1.700271,-0.409183,0.842651,0.000000,0.000000,0.000000,0.000000,0.000000,0.766260,0.935907,0.838035,-0.416677,0.523007,0.000000,0.000000,0.000000,65535.000000,0.000000,0.000000,1.808601,1.700271,1.808601,1.700271,0.000000,0.000000,1.000000
10410.000000,1.804764,1.708294,-0.383702,0.802248,0.000000,0.000000,0.000000,0.000000,0.000000,0.637101,0.936745,0.838401,-0.417822,0.004945,0.000000,0.000000,0.000000,65535.000000,0.000000,0.000000,1.804764,1.708294,1.804764,1.708294,0.000000,0.000000,1.000000
10420.000000,1.801026,1.716272,-0.373832,0.797881,0.000000,0.000000,0.000000,0.000000,0.000000,0.646831,0.889285,0.798063,-0.392332,0.392384,0.000000,0.000000,0.000000,65535.000000,0.000000,0.000000,1.801026,1.716272,1.801026,1.716272,0.000000,0.000000,1.000000
10430.000000,1.797400,1.724248,-0.362625,0.797567,0.000000,0.000000,0.000000,0.000000,0.000000,0.761784,0.881115,0.793577,-0.382885,0.628750,0.000000,0.000000,0.000000,65535.000000,0.000000,0.000000,1.797400,1.724248,1.797400,1.724248,0.000000,0.000000,1.000000
10440.000000,1.793847,1.732172,-0.355249,0.792390,0.000000,0.000000,0.000000,0.000000,0.000000,0.761784,0.876133,0.793439,-0.371570,0.624817,0.000000,0.000000,0.000000,65535.000000,0.000000,0.000000,1.793847,1.732172,1.793847,1.732172,0.000000,0.000000,1.000000
10450.000000,1.790499,1.739769,-0.334821,0.759756,0.000000,0.000000,0.000000,0.000000,0.000000,0.749407,0.868380,0.788121,-0.364622,0.394603,0.000000,0.000000,0.000000,65535.000000,0.000000,0.000000,1.790499,1.739769,1.790499,1.739769,0.000000,0.000000,1.000000
10460.000000,1.787398,1.747122,-0.310046,0.735220,0.000000,0.000000,0.000000,0.000000,0.000000,0.705806,0.830261,0.755415,-0.344503,0.677545,0.000000,0.000000,0.000000,65535.000000,0.000000,0.000000,1.787398,1.747122,1.787398,1.747122,0.000000,0.000000,1.000000
10470.000000,1.784490,1.754322,-0.290858,0.720009,0.000000,0.000000,0.000000,0.000000,0.000000,0.705806,0.797921,0.730753,-0.320432,0.672980,0.000000,0.000000,0.000000,65535.000000,0.000000,0.000000,1.784490,1.754322,1.784490,1.754322,0.000000,0.000000,1.000000
10480.000000,1.781708,1.761426,-0.278161,0.710459,0.000000,0.000000,0.000000,0.000000,0.000000,0.718695,0.776539,0.715611,-0.301517,0.668477,0.000000,0.000000,0.000000,65535.000000,0.000000,0.000000,1.781708,1.761426,1.781708,1.761426,0.000000,0.000000,1.000000
10490.000000,1.779147,1.768164,-0.256112,0.673728,0.000000,0.000000,0.000000,0.000000,0.000000,0.718695,0.762972,0.706314,-0.288524,0.274383,0.000000,0.000000,0.000000,65535.000000,0.000000,0.000000,1.779147,1.768164,1.779147,1.768164,0.000000,0.000000,1.000000
10500.000000,1.776683,1.774664,-0.246446,0.650033,0.000000,0.000000,0.000000,0.000000,0.000000,0.891086,0.720765,0.669857,-0.266072,-0.101884,0.000000,0.000000,0.000000,65535.000000,0.000000,0.000000,1.776683,1.774664,1.776683,1.774664,0.000000,0.000000,1.000000
10510.000000,1.774266,1.780994,-0.241704,0.632976,0.000000,0.000000,0.000000,0.000000,0.000000,0.891086,0.695183,0.646163,-0.256422,-0.101780,0.000000,0.000000,0.000000,65535.000000,0.000000,0.000000,1.774266,1.780994,1.774266,1.780994,0.000000,0.000000,1.000000
10520.000000,1.771925,1.787198,-0.234079,0.620433,0.000000,0.000000,0.000000,0.000000,0.000000,0.743134,0.677554,0.628998,-0.251875,-0.624374,0.000000,0.000000,0.000000,65535.000000,0.000000,0.000000,1.771925,1.787198,1.771925,1.787198,0.000000,0.000000,1.000000
10530.000000,1.769757,1.792977,-0.216764,0.577886,0.000000,0.000000,0.000000,0.000000,0.000000,0.493412,0.663122,0.616497,-0.244258,-1.393050,0.000000,0.000000,0.000000,65535.000000,0.000000,0.000000,1.769757,1.792977,1.769757,1.792977,0.000000,0.000000,1.000000
10540.000000,1.767706,1.798450,-0.205096,0.547331,0.000000,0.000000,0.000000,0.000000,0.000000,0.909502,0.617203,0.574146,-0.226485,-0.359313,0.000000,0.000000,0.000000,65535.000000,0.000000,0.000000,1.767706,1.798450,1.767706,1.798450,0.000000,0.000000,1.000000
10550.000000,1.765812,1.803774,-0.189469,0.532383,0.000000,0.000000,0.000000,0.000000,0.000000,1.032857,0.584496,0.543563,-0.214883,-0.074019,0.000000,0.000000,0.000000,65535.000000,0.000000,0.000000,1.765812,1.803774,1.765812,1.803774,0.000000,0.000000,1.000000
10560.000000,1.764054,1.809044,-0.175774,0.527003,0.000000,0.000000,0.000000,0.000000,0.000000,0.680039,0.565093,0.528710,-0.199488,-0.073964,0.000000,0.000000,0.000000,65535.000000,0.000000,0.000000,1.764054,1.809044,1.764054,1.809044,0.000000,0.000000,1.000000
10570.000000,1.762452,1.814142,-0.160179,0.509770,0.000000,0.000000,0.000000,0.000000,0.000000,0.584889,0.555543,0.523516,-0.185900,-0.527553,0.000000,0.000000,0.000000,65535.000000,0.000000,0.000000,1.762452,1.814142,1.762452,1.814142,0.000000,0.000000,1.000000
10580.000000,1.761028,1.819106,-0.142434,0.496399,0.000000,0.000000,0.000000,0.000000,0.000000,0.355671,0.534343,0.506588,-0.169975,-1.390697,0.000000,0.000000,0.000000,65535.000000,0.000000,0.000000,1.761028,1.819106,1.761028,1.819106,0.000000,0.000000,1.000000
10590.000000,1.759771,1.823875,-0.125630,0.476931,0.000000,0.000000,0.000000,0.000000,0.000000,0.937139,0.516430,0.493577,-0.151925,0.231827,0.000000,0.000000,0.000000,65535.000000,0.000000,0.000000,1.759771,1.823875,1.759771,1.823875,0.000000,0.000000,1.000000
10600.000000,1.758602,1.828564,-0.116970,0.468843,0.000000,0.000000,0.000000,0.000000,0.000000,1.043260,0.493200,0.474467,-0.134639,0.395722,0.000000,0.000000,0.000000,65535.000000,0.000000,0.000000,1.758602,1.828564,1.758602,1.828564,0.000000,0.000000,1.000000
10610.000000,1.757568,1.832945,-0.103393,0.438156,0.000000,0.000000,0.000000,0.000000,0.000000,1.043260,0.483214,0.466658,-0.125404,0.394161,0.000000,0.000000,0.000000,65535.000000,0.000000,0.000000,1.757568,1.832945,1.757568,1.832945,0.000000,0.000000,1.000000
10620.000000,1.756671,1.837098,-0.089653,0.415298,0.000000,0.000000,0.000000,0.000000,0.000000,0.952151,0.450190,0.436348,-0.110773,0.392612,0.000000,0.000000,0.000000,65535.000000,0.000000,0.000000,1.756671,1.837098,1.756671,1.837098,0.000000,0.000000,1.000000
10630.000000,1.755935,1.841064,-0.073662,0.396584,0.000000,0.000000,0.000000,0.000000,0.000000,0.407426,0.424865,0.413813,-0.096275,-1.268016,0.000000,0.000000,0.000000,65535.000000,0.000000,0.000000,1.755935,1.841064,1.755935,1.841064,0.000000,0.000000,1.000000
10640.000000,1.755293,1.844988,-0.064198,0.392343,0.000000,0.000000,0.000000,0.000000,0.000000,0.471113,0.403367,0.395396,-0.079792,-0.956962,0.000000,0.000000,0.000000,65535.000000,0.000000,0.000000,1.755293,1.844988,1.755293,1.844988,0.000000,0.000000,1.000000
10650.000000,1.754688,1.848735,-0.060445,0.374765,0.000000,0.000000,0.000000,0.000000,0.000000,0.502128,0.397561,0.391285,-0.070360,-0.947882,0.000000,0.000000,0.000000,65535.000000,0.000000,0.000000,1.754688,1.848735,1.754688,1.848735,0.000000,0.000000,1.000000
10660.000000,1.754153,1.852276,-0.053490,0.354075,0.000000,0.000000,0.000000,0.000000,0.000000,0.516600,0.379608,0.373714,-0.066637,-1.203536,0.000000,0.000000,0.000000,65535.000000,0.000000,0.000000,1.754153,1.852276,1.754153,1.852276,0.000000,0.000000,1.000000
10670.000000,1.753808,1.855608,-0.034574,0.333217,0.000000,0.000000,0.000000,0.000000,0.000000,0.516600,0.358093,0.353111,-0.059526,-1.124353,0.000000,0.000000,0.000000,65535.000000,0.000000,0.000000,1.753808,1.855608,1.753808,1.855608,0.000000,0.000000,1.000000
10680.000000,1.753650,1.858883,-0.015792,0.327475,0.000000,0.000000,0.000000,0.000000,0.000000,0.604984,0.335006,0.332610,-0.039995,-1.111839,0.000000,0.000000,0.000000,65535.000000,0.000000,0.000000,1.753650,1.858883,1.753650,1.858883,0.000000,0.000000,1.000000
10690.000000,1.753481,1.861980,-0.016849,0.309757,0.000000,0.000000,0.000000,0.000000,0.000000,0.603972,0.327856,0.327219,-0.020421,-1.099601,0.000000,0.000000,0.000000,65535.000000,0.000000,0.000000,1.753481,1.861980,1.753481,1.861980,0.000000,0.000000,1.000000
10700.000000,1.753242,1.864879,-0.023911,0.289848,0.000000,0.000000,0.000000,0.000000,0.000000,0.465438,0.310215,0.309516,-0.020810,-1.448835,0.000000,0.000000,0.000000,65535.000000,0.000000,0.000000,1.753242,1.864879,1.753242,1.864879,0.000000,0.000000,1.000000
10710.000000,1.752934,1.867591,-0.030836,0.271163,0.000000,0.000000,0.000000,0.000000,0.000000,1.005481,0.290832,0.289487,-0.027942,0.328983,0.000000,0.000000,0.000000,65535.000000,0.000000,0.000000,1.752934,1.867591,1.752934,1.867591,0.000000,0.000000,1.000000
10720.000000,1.752670,1.870219,-0.026318,0.262802,0.000000,0.000000,0.000000,0.000000,0.000000,1.340366,0.272910,0.270647,-0.035078,0.707819,0.000000,0.000000,0.000000,65535.000000,0.000000,0.000000,1.752670,1.870219,1.752670,1.870219,0.000000,0.000000,1.000000
10730.000000,1.752546,1.872708,-0.012406,0.248954,0.000000,0.000000,0.000000,0.000000,0.000000,1.268501,0.264117,0.262350,-0.030498,1.755033,0.000000,0.000000,0.000000,65535.000000,0.000000,0.000000,1.752546,1.872708,1.752546,1.872708,0.000000,0.000000,1.000000
10740.000000,1.752457,1.875159,-0.008887,0.245107,0.000000,0.000000,0.000000,0.000000,0.000000,0.870788,0.249263,0.248751,-0.015969,1.724733,0.000000,0.000000,0.000000,65535.000000,0.000000,0.000000,1.752457,1.875159,1.752457,1.875159,0.000000,0.000000,1.000000
10750.000000,1.752322,1.877496,-0.013520,0.233680,0.000000,0.000000,0.000000,0.000000,0.000000,0.870788,0.245268,0.244980,-0.011873,1.695462,0.000000,0.000000,0.000000,65535.000000,0.000000,0.000000,1.752322,1.877496,1.752322,1.877496,0.000000,0.000000,1.000000
10760.000000,1.752153,1.879639,-0.016949,0.214259,0.000000,0.000000,0.000000,0.000000,0.000000,0.757266,0.234071,0.233506,-0.016251,0.705144,0.000000,0.000000,0.000000,65535.000000,0.000000,0.000000,1.752153,1.879639,1.752153,1.879639,0.000000,0.000000,1.000000
10770.000000,1.751998,1.881537,-0.015486,0.189888,0.000000,0.000000,0.000000,0.000000,0.000000,0.748640,0.214928,0.214030,-0.019628,-0.668247,0.000000,0.000000,0.000000,65535.000000,0.000000,0.000000,1.751998,1.881537,1.751998,1.881537,0.000000,0.000000,1.000000
10780.000000,1.751925,1.883213,-0.007267,0.167601,0.000000,0.000000,0.000000,0.000000,0.000000,0.700601,0.190518,0.189642,-0.018255,-1.142644,0.000000,0.000000,0.000000,65535.000000,0.000000,0.000000,1.751925,1.883213,1.751925,1.883213,0.000000,0.000000,1.000000
10790.000000,1.751975,1.884679,0.005006,0.146605,0.000000,0.000000,0.000000,0.000000,0.000000,0.679004,0.167759,0.167471,-0.009830,-1.129722,0.000000,0.000000,0.000000,65535.000000,0.000000,0.000000,1.751975,1.884679,1.751975,1.884679,0.000000,0.000000,1.000000
10800.000000,1.752154,1.886016,0.017888,0.133677,0.000000,0.000000,0.000000,0.000000,0.000000,0.405575,0.146690,0.146661,0.002925,-0.911023,0.000000,0.000000,0.000000,65535.000000,0.000000,0.000000,1.752154,1.886016,1.752154,1.886016,0.000000,0.000000,1.000000
10810.000000,1.752302,1.887249,0.014776,0.123268,0.000000,0.000000,0.000000,0.000000,0.000000,0.405575,0.134869,0.133884,0.016271,-0.902790,0.000000,0.000000,0.000000,65535.000000,0.000000,0.000000,1.752302,1.887249,1.752302,1.887249,0.000000,0.000000,1.000000
10820.000000,1.752390,1.888444,0.008851,0.119526,0.000000,0.000000,0.000000,0.000000,0.000000,0.405575,0.124151,0.123422,0.013437,-0.894705,0.000000,0.000000,0.000000,65535.000000,0.000000,0.000000,1.752390,1.888444,1.752390,1.888444,0.000000,0.000000,1.000000
10830.000000,1.752449,1.889584,0.005887,0.113949,0.000000,0.000000,0.000000,0.000000,0.000000,0.290013,0.119853,0.119615,0.007561,-1.382834,0.000000,0.000000,0.000000,65535.000000,0.000000,0.000000,1.752449,1.889584,1.752449,1.889584,0.000000,0.000000,1.000000
10840.000000,1.752504,1.890689,0.005515,0.110506,0.000000,0.000000,0.000000,0.000000,0.000000,0.290013,0.114101,0.114006,0.004642,-1.363954,0.000000,0.000000,0.000000,65535.000000,0.000000,0.000000,1.752504,1.890689,1.752504,1.890689,0.000000,0.000000,1.000000
10850.000000,1.752523,1.891727,0.001821,0.103854,0.000000,0.000000,0.000000,0.000000,0.000000,0.251023,0.110643,0.110562,0.004229,-1.759380,0.000000,0.000000,0.000000,65535.000000,0.000000,0.000000,1.752523,1.891727,1.752523,1.891727,0.000000,0.000000,1.000000
10860.000000,1.752504,1.892686,-0.001852,0.095866,0.000000,0.000000,0.000000,0.000000,0.000000,0.251023,0.103870,0.103868,0.000529,-1.728931,0.000000,0.000000,0.000000,65535.000000,0.000000,0.000000,1.752504,1.892686,1.752504,1.892686,0.000000,0.000000,1.000000
10870.000000,1.752490,1.893556,-0.001443,0.087001,0.000000,0.000000,0.000000,0.000000,0.000000,0.197110,0.095884,0.095833,-0.003122,-2.044445,0.000000,0.000000,0.000000,65535.000000,0.000000,0.000000,1.752490,1.893556,1.752490,1.893556,0.000000,0.000000,1.000000
10880.000000,1.752497,1.894339,0.000761,0.078259,0.000000,0.000000,0.000000,0.000000,0.000000,0.098420,0.087013,0.086974,-0.002606,-2.418058,0.000000,0.000000,0.000000,65535.000000,0.000000,0.000000,1.752497,1.894339,1.752497,1.894339,0.000000,0.000000,1.000000
10890.000000,1.752511,1.895009,0.001359,0.067015,0.000000,0.000000,0.000000,0.000000,0.000000,0.114128,0.078263,0.078263,-0.000222,-2.360913,0.000000,0.000000,0.000000,65535.000000,0.000000,0.000000,1.752511,1.895009,1.752511,1.895009,0.000000,0.000000,1.000000
10900.000000,1.752542,1.895584,0.003143,0.057475,0.000000,0.000000,0.000000,0.000000,0.000000,0.114128,0.067029,0.067026,0.000553,-2.302002,0.000000,0.000000,0.000000,65535.000000,0.000000,0.000000,1.752542,1.895584,1.752542,1.895584,0.000000,0.000000,1.000000
10910.000000,1.752571,1.896061,0.002848,0.047706,0.000000,0.000000,0.000000,0.000000,0.000000,0.102863,0.057560,0.057510,0.002408,-2.212694,0.000000,0.000000,0.000000,65535.000000,0.000000,0.000000,1.752571,1.896061,1.752571,1.896061,0.000000,0.000000,1.000000
10920.000000,1.752632,1.896444,0.006060,0.038384,0.000000,0.000000,0.000000,0.000000,0.000000,0.102863,0.047791,0.047742,0.002168,-2.164747,0.000000,0.000000,0.000000,65535.000000,0.000000,0.000000,1.752632,1.896444,1.752632,1.896444,0.000000,0.000000,1.000000
10930.000000,1.752632,1.896444,0.000000,0.000000,0.000000,0.000000,0.000000,0.000000,0.000000,0.074297,0.038859,0.038473,0.005467,-2.130098,0.000000,0.000000,0.000000,65535.000000,0.000000,0.000000,1.752632,1.896444,1.752632,1.896444,0.000000,0.000000,1.000000
10940.000000,1.752632,1.896444,0.000000,0.000000,0.000000,0.000000,0.000000,0.000000,0.000000,0.056495,0.028548,0.027548,0.007492,-2.286386,0.000000,0.000000,0.000000,65535.000000,0.000000,0.000000,1.752632,1.896444,1.752632,1.896444,0.000000,0.000000,1.000000
10950.000000,1.752632,1.896444,0.000000,0.000000,0.000000,0.000000,0.000000,0.000000,0.000000,0.056495,0.021258,0.020185,0.006668,-2.235228,0.000000,0.000000,0.000000,65535.000000,0.000000,0.000000,1.752632,1.896444,1.752632,1.896444,0.000000,0.000000,1.000000
10960.000000,1.752632,1.896444,0.000000,0.000000,0.000000,0.000000,0.000000,0.000000,0.000000,0.056495,0.013548,0.012394,0.005473,-2.188087,0.000000,0.000000,0.000000,65535.000000,0.000000,0.000000,1.752632,1.896444,1.752632,1.896444,0.000000,0.000000,1.000000
10970.000000,1.752632,1.896444,0.000000,0.000000,0.000000,0.000000,0.000000,0.000000,0.000000,0.046382,0.005935,0.004339,0.004050,-2.174161,0.000000,0.000000,0.000000,65535.000000,0.000000,0.000000,1.752632,1.896444,1.752632,1.896444,0.000000,0.000000,1.000000
10980.000000,1.752632,1.896444,0.000000,0.000000,0.000000,0.000000,0.000000,0.000000,0.000000,0.049368,0.004607,-0.003878,0.002486,-2.082321,0.000000,0.000000,0.000000,65535.000000,0.000000,0.000000,1.752632,1.896444,1.752632,1.896444,0.000000,0.000000,1.000000
10990.000000,1.752632,1.896444,0.000000,0.000000,0.000000,0.000000,0.000000,0.000000,0.000000,0.072464,0.009385,-0.008924,0.002905,-1.964102,0.000000,0.000000,0.000000,65535.000000,0.000000,0.000000,1.752632,1.896444,1.752632,1.896444,0.000000,0.000000,1.000000
11000.000000,1.752632,1.896444,0.000000,0.000000,0.000000,0.000000,0.000000,0.000000,0.000000,0.072464,0.012028,-0.012022,0.000405,-1.926231,0.000000,0.000000,0.000000,65535.000000,0.000000,0.000000,1.752632,1.896444,1.752632,1.896444,0.000000,0.000000,1.000000
11010.000000,1.752632,1.896444,0.000000,0.000000,0.000000,0.000000,0.000000,0.000000,0.000000,0.072464,0.014584,-0.014578,-0.000440,-1.889793,0.000000,0.000000,0.000000,65535.000000,0.000000,0.000000,1.752632,1.896444,1.752632,1.896444,0.000000,0.000000,1.000000
11020.000000,1.752632,1.896444,0.000000,0.000000,0.000000,0.000000,0.000000,0.000000,0.000000,0.079975,0.015691,-0.015493,0.002487,-1.832921,0.000000,0.000000,0.000000,65535.000000,0.000000,0.000000,1.752632,1.896444,1.752632,1.896444,0.000000,0.000000,1.000000
11030.000000,1.752632,1.896444,0.000000,0.000000,0.000000,0.000000,0.000000,0.000000,0.000000,0.079975,0.017876,-0.016709,0.006352,-1.799897,0.000000,0.000000,0.000000,65535.000000,0.000000,0.000000,1.752632,1.896444,1.752632,1.896444,0.000000,0.000000,1.000000
11040.000000,1.752632,1.896444,0.000000,0.000000,0.000000,0.000000,0.000000,0.000000,0.000000,0.079975,0.018354,-0.016148,0.008725,-1.768042,0.000000,0.000000,0.000000,65535.000000,0.000000,0.000000,1.752632,1.896444,1.752632,1.896444,0.000000,0.000000,1.000000
11050.000000,1.752632,1.896444,0.000000,0.000000,0.000000,0.000000,0.000000,0.000000,0.000000,0.045518,0.020828,-0.017766,0.010871,-1.802404,0.000000,0.000000,0.000000,65535.000000,0.000000,0.000000,1.752632,1.896444,1.752632,1.896444,0.000000,0.000000,1.000000
11060.000000,1.752632,1.896444,0.000000,0.000000,0.000000,0.000000,0.000000,0.000000,0.000000,0.043298,0.023896,-0.017450,0.016325,-1.826686,0.000000,0.000000,0.000000,65535.000000,0.000000,0.000000,1.752632,1.896444,1.752632,1.896444,0.000000,0.000000,1.000000
11070.000000,1.752907,1.896292,0.027559,-0.015263,0.000000,0.000000,0.000000,0.000000,0.000000,0.043298,0.027356,-0.016603,0.021741,-1.754922,0.000000,0.000000,0.000000,65535.000000,0.000000,0.000000,1.752907,1.896292,1.752907,1.896292,0.000000,0.000000,1.000000
11080.000000,1.753234,1.896150,0.032688,-0.014238,0.000000,0.000000,0.000000,0.000000,0.000000,0.053848,0.031503,-0.014774,0.027824,-1.673629,0.000000,0.000000,0.000000,65535.000000,0.000000,0.000000,1.753234,1.896150,1.753234,1.896150,0.000000,0.000000,1.000000
11090.000000,1.753640,1.895980,0.040603,-0.016967,0.000000,0.000000,0.000000,0.000000,0.000000,0.057310,0.035654,-0.013651,0.032938,-1.646053,0.000000,0.000000,0.000000,65535.000000,0.000000,0.000000,1.753640,1.895980,1.753640,1.895980,0.000000,0.000000,1.000000
11100.000000,1.754204,1.895739,0.056397,-0.024071,0.000000,0.000000,0.000000,0.000000,0.000000,0.059042,0.044006,-0.016232,0.040902,-1.587477,0.000000,0.000000,0.000000,65535.000000,0.000000,0.000000,1.754204,1.895739,1.754204,1.895739,0.000000,0.000000,1.000000
11110.000000,1.754912,1.895421,0.070851,-0.031809,0.000000,0.000000,0.000000,0.000000,0.000000,0.087434,0.061319,-0.023051,0.056821,-1.493713,0.000000,0.000000,0.000000,65535.000000,0.000000,0.000000,1.754912,1.895421,1.754912,1.895421,0.000000,0.000000,1.000000
11120.000000,1.755758,1.895087,0.084587,-0.033437,0.000000,0.000000,0.000000,0.000000,0.000000,0.087434,0.077664,-0.030510,0.071420,-1.471708,0.000000,0.000000,0.000000,65535.000000,0.000000,0.000000,1.755758,1.895087,1.755758,1.895087,0.000000,0.000000,1.000000
11130.000000,1.756736,1.894734,0.097793,-0.035300,0.000000,0.000000,0.000000,0.000000,0.000000,0.163563,0.090956,-0.031818,0.085209,-1.149531,0.000000,0.000000,0.000000,65535.000000,0.000000,0.000000,1.756736,1.894734,1.756736,1.894734,0.000000,0.000000,1.000000
11140.000000,1.758014,1.894298,0.127777,-0.043577,0.000000,0.000000,0.000000,0.000000,0.000000,0.270497,0.103969,-0.033275,0.098501,-0.876249,0.000000,0.000000,0.000000,65535.000000,0.000000,0.000000,1.758014,1.894298,1.758014,1.894298,0.000000,0.000000,1.000000
11150.000000,1.759646,1.893723,0.163227,-0.057546,0.000000,0.000000,0.000000,0.000000,0.000000,0.282607,0.135004,-0.040712,0.128719,-0.725225,0.000000,0.000000,0.000000,65535.000000,0.000000,0.000000,1.759646,1.893723,1.759646,1.893723,0.000000,0.000000,1.000000
11160.000000,1.761766,1.893101,0.211969,-0.062183,0.000000,0.000000,0.000000,0.000000,0.000000,0.282607,0.173074,-0.053784,0.164505,-0.719998,0.000000,0.000000,0.000000,65535.000000,0.000000,0.000000,1.761766,1.893101,1.761766,1.893101,0.000000,0.000000,1.000000
11170.000000,1.764416,1.892609,0.265024,-0.049204,0.000000,0.000000,0.000000,0.000000,0.000000,0.407139,0.220902,-0.057230,0.213359,-0.319920,0.000000,0.000000,0.000000,65535.000000,0.000000,0.000000,1.764416,1.892609,1.764416,1.892609,0.000000,0.000000,1.000000
11180.000000,1.767417,1.892092,0.300124,-0.051704,0.000000,0.000000,0.000000,0.000000,0.000000,0.427313,0.269553,-0.042990,0.266103,-0.210113,0.000000,0.000000,0.000000,65535.000000,0.000000,0.000000,1.767417,1.892092,1.767417,1.892092,0.000000,0.000000,1.000000
11190.000000,1.770552,1.891550,0.313408,-0.054160,0.000000,0.000000,0.000000,0.000000,0.000000,0.427313,0.304545,-0.044715,0.301244,-0.209672,0.000000,0.000000,0.000000,65535.000000,0.000000,0.000000,1.770552,1.891550,1.770552,1.891550,0.000000,0.000000,1.000000
11200.000000,1.773720,1.891042,0.316865,-0.050846,0.000000,0.000000,0.000000,0.000000,0.000000,0.328871,0.318054,-0.047082,0.314550,-0.548716,0.000000,0.000000,0.000000,65535.000000,0.000000,0.000000,1.773720,1.891042,1.773720,1.891042,0.000000,0.000000,1.000000
11210.000000,1.776862,1.890549,0.314158,-0.049291,0.000000,0.000000,0.000000,0.000000,0.000000,0.355961,0.320919,-0.043956,0.317894,-0.378333,0.000000,0.000000,0.000000,65535.000000,0.000000,0.000000,1.776862,1.890549,1.776862,1.890549,0.000000,0.000000,1.000000
11220.000000,1.780289,1.890006,0.342690,-0.054314,0.000000,0.000000,0.000000,0.000000,0.000000,0.595952,0.318001,-0.042691,0.315123,-0.139486,0.000000,0.000000,0.000000,65535.000000,0.000000,0.000000,1.780289,1.890006,1.780289,1.890006,0.000000,0.000000,1.000000
11230.000000,1.784119,1.889495,0.383053,-0.051038,0.000000,0.000000,0.000000,0.000000,0.000000,0.595952,0.346968,-0.047148,0.343750,0.016137,0.000000,0.000000,0.000000,65535.000000,0.000000,0.000000,1.784119,1.889495,1.784119,1.889495,0.000000,0.000000,1.000000
11240.000000,1.788434,1.889099,0.431453,-0.039653,0.000000,0.000000,0.000000,0.000000,0.000000,0.709390,0.386438,-0.042688,0.384073,0.858409,0.000000,0.000000,0.000000,65535.000000,0.000000,0.000000,1.788434,1.889099,1.788434,1.889099,0.000000,0.000000,1.000000
11250.000000,1.793163,1.888766,0.472921,-0.033254,0.000000,0.000000,0.000000,0.000000,0.000000,0.740819,0.433271,-0.029481,0.432267,1.028066,0.000000,0.000000,0.000000,65535.000000,0.000000,0.000000,1.793163,1.888766,1.793163,1.888766,0.000000,0.000000,1.000000
11260.000000,1.798141,1.888520,0.497843,-0.024648,0.000000,0.000000,0.000000,0.000000,0.000000,0.903951,0.474088,-0.022027,0.473576,1.017594,0.000000,0.000000,0.000000,65535.000000,0.000000,0.000000,1.798141,1.888520,1.798141,1.888520,0.000000,0.000000,1.000000
11270.000000,1.802911,1.888199,0.477007,-0.032092,0.000000,0.000000,0.000000,0.000000,0.000000,0.941781,0.498453,-0.014179,0.498251,0.674041,0.000000,0.000000,0.000000,65535.000000,0.000000,0.000000,1.802911,1.888199,1.802911,1.888199,0.000000,0.000000,1.000000
11280.000000,1.807959,1.887808,0.504795,-0.039081,0.000000,0.000000,0.000000,0.000000,0.000000,0.941781,0.478085,-0.022445,0.477558,0.669523,0.000000,0.000000,0.000000,65535.000000,0.000000,0.000000,1.807959,1.887808,1.807959,1.887808,0.000000,0.000000,1.000000
11290.000000,1.813602,1.887537,0.564261,-0.027072,0.000000,0.000000,0.000000,0.000000,0.000000,0.928272,0.506305,-0.028174,0.505521,1.182007,0.000000,0.000000,0.000000,65535.000000,0.000000,0.000000,1.813602,1.887537,1.813602,1.887537,0.000000,0.000000,1.000000
11300.000000,1.819701,1.887418,0.609941,-0.011959,0.000000,0.000000,0.000000,0.000000,0.000000,0.928272,0.564910,-0.014028,0.564736,1.168184,0.000000,0.000000,0.000000,65535.000000,0.000000,0.000000,1.819701,1.887418,1.819701,1.887418,0.000000,0.000000,1.000000
11310.000000,1.825789,1.887562,0.608713,0.014436,0.000000,0.000000,0.000000,0.000000,0.000000,0.904299,0.610058,0.001855,0.610055,1.154682,0.000000,0.000000,0.000000,65535.000000,0.000000,0.000000,1.825789,1.887562,1.825789,1.887562,0.000000,0.000000,1.000000
11320.000000,1.832166,1.887924,0.637693,0.036170,0.000000,0.000000,0.000000,0.000000,0.000000,0.736535,0.608884,0.027963,0.608242,0.866476,0.000000,0.000000,0.000000,65535.000000,0.000000,0.000000,1.832166,1.887924,1.832166,1.887924,0.000000,0.000000,1.000000
11330.000000,1.838838,1.888481,0.667269,0.055683,0.000000,0.000000,0.000000,0.000000,0.000000,0.684239,0.638718,0.049881,0.636768,0.682577,0.000000,0.000000,0.000000,65535.000000,0.000000,0.000000,1.838838,1.888481,1.838838,1.888481,0.000000,0.000000,1.000000
11340.000000,1.845964,1.889256,0.712588,0.077495,0.000000,0.000000,0.000000,0.000000,0.000000,0.631176,0.669589,0.069227,0.666000,0.482665,0.000000,0.000000,0.000000,65535.000000,0.000000,0.000000,1.845964,1.889256,1.845964,1.889256,0.000000,0.000000,1.000000
11350.000000,1.853211,1.889927,0.724671,0.067086,0.000000,0.000000,0.000000,0.000000,0.000000,0.631176,0.716789,0.092227,0.710831,0.480344,0.000000,0.000000,0.000000,65535.000000,0.000000,0.000000,1.853211,1.889927,1.853211,1.889927,0.000000,0.000000,1.000000
11360.000000,1.860542,1.890367,0.733124,0.044058,0.000000,0.000000,0.000000,0.000000,0.000000,0.786791,0.727770,0.081489,0.723193,0.409474,0.000000,0.000000,0.000000,65535.000000,0.000000,0.000000,1.860542,1.890367,1.860542,1.890367,0.000000,0.000000,1.000000
11370.000000,1.867742,1.890411,0.719972,0.004430,0.000000,0.000000,0.000000,0.000000,0.000000,0.756811,0.734447,0.057885,0.732162,0.268068,0.000000,0.000000,0.000000,65535.000000,0.000000,0.000000,1.867742,1.890411,1.867742,1.890411,0.000000,0.000000,1.000000
11380.000000,1.875121,1.890136,0.737906,-0.027500,0.000000,0.000000,0.000000,0.000000,0.000000,0.756811,0.719986,0.018531,0.719748,0.339309,0.000000,0.000000,0.000000,65535.000000,0.000000,0.000000,1.875121,1.890136,1.875121,1.890136,0.000000,0.000000,1.000000
11390.000000,1.882591,1.889771,0.747026,-0.036501,0.000000,0.000000,0.000000,0.000000,0.000000,0.731791,0.738418,-0.012174,0.738318,0.338161,0.000000,0.000000,0.000000,65535.000000,0.000000,0.000000,1.882591,1.889771,1.882591,1.889771,0.000000,0.000000,1.000000
11400.000000,1.890166,1.889345,0.757430,-0.042669,0.000000,0.000000,0.000000,0.000000,0.000000,0.731791,0.747917,-0.019906,0.747652,0.337020,0.000000,0.000000,0.000000,65535.000000,0.000000,0.000000,1.890166,1.889345,1.890166,1.889345,0.000000,0.000000,1.000000
11410.000000,1.897682,1.888969,0.751632,-0.037552,0.000000,0.000000,0.000000,0.000000,0.000000,0.749084,0.758631,-0.025307,0.758208,-0.030128,0.000000,0.000000,0.000000,65535.000000,0.000000,0.000000,1.897682,1.888969,1.897682,1.888969,0.000000,0.000000,1.000000
11420.000000,1.905833,1.888712,0.815129,-0.025690,0.000000,0.000000,0.000000,0.000000,0.000000,0.621361,0.752569,-0.020772,0.752283,-0.296223,0.000000,0.000000,0.000000,65535.000000,0.000000,0.000000,1.905833,1.888712,1.905833,1.888712,0.000000,0.000000,1.000000
11430.000000,1.914967,1.888794,0.913407,0.008168,0.000000,0.000000,0.000000,0.000000,0.000000,0.585429,0.815534,-0.006866,0.815505,-0.395510,0.000000,0.000000,0.000000,65535.000000,0.000000,0.000000,1.914967,1.888794,1.914967,1.888794,0.000000,0.000000,1.000000
11440.000000,1.924398,1.888947,0.943119,0.015318,0.000000,0.000000,0.000000,0.000000,0.000000,0.857406,0.913443,0.031113,0.912913,0.708558,0.000000,0.000000,0.000000,65535.000000,0.000000,0.000000,1.924398,1.888947,1.924398,1.888947,0.000000,0.000000,1.000000
11450.000000,1.933450,1.889008,0.905111,0.006077,0.000000,0.000000,0.000000,0.000000,0.000000,0.857406,0.943243,0.040039,0.942393,0.703568,0.000000,0.000000,0.000000,65535.000000,0.000000,0.000000,1.933450,1.889008,1.933450,1.889008,0.000000,0.000000,1.000000
11460.000000,1.942172,1.888804,0.872296,-0.020396,0.000000,0.000000,0.000000,0.000000,0.000000,0.817144,0.905131,0.029164,0.904661,1.181151,0.000000,0.000000,0.000000,65535.000000,0.000000,0.000000,1.942172,1.888804,1.942172,1.888804,0.000000,0.000000,1.000000
11470.000000,1.951103,1.888528,0.893073,-0.027596,0.000000,0.000000,0.000000,0.000000,0.000000,0.866694,0.872534,0.000896,0.872534,1.362552,0.000000,0.000000,0.000000,65535.000000,0.000000,0.000000,1.951103,1.888528,1.951103,1.888528,0.000000,0.000000,1.000000
11480.000000,1.960500,1.888261,0.939745,-0.026683,0.000000,0.000000,0.000000,0.000000,0.000000,0.866694,0.893500,-0.006646,0.893475,1.344218,0.000000,0.000000,0.000000,65535.000000,0.000000,0.000000,1.960500,1.888261,1.960500,1.888261,0.000000,0.000000,1.000000
11490.000000,1.969877,1.888102,0.937602,-0.015918,0.000000,0.000000,0.000000,0.000000,0.000000,0.562753,0.940123,-0.005389,0.940108,0.065384,0.000000,0.000000,0.000000,65535.000000,0.000000,0.000000,1.969877,1.888102,1.969877,1.888102,0.000000,0.000000,1.000000
11500.000000,1.979575,1.888194,0.969806,0.009176,0.000000,0.000000,0.000000,0.000000,0.000000,0.465733,0.937737,0.005196,0.937723,-0.652280,0.000000,0.000000,0.000000,65535.000000,0.000000,0.000000,1.979575,1.888194,1.979575,1.888194,0.000000,0.000000,1.000000
11510.000000,1.989663,1.888698,1.008841,0.050374,0.000000,0.000000,0.000000,0.000000,0.000000,0.280114,0.969850,0.031323,0.969344,-1.212039,0.000000,0.000000,0.000000,65535.000000,0.000000,0.000000,1.989663,1.888698,1.989663,1.888698,0.000000,0.000000,1.000000
11520.000000,2.000231,1.889381,1.056757,0.068300,0.000000,0.000000,0.000000,0.000000,0.000000,0.348342,1.010098,0.074188,1.007370,-0.653323,0.000000,0.000000,0.000000,65535.000000,0.000000,0.000000,2.000231,1.889381,2.000231,1.889381,0.000000,0.000000,1.000000
11530.000000,2.010424,1.889906,1.019321,0.052534,0.000000,0.000000,0.000000,0.000000,0.000000,0.749024,1.058962,0.093311,1.054843,1.204597,0.000000,0.000000,0.000000,65535.000000,0.000000,0.000000,2.010424,1.889906,2.010424,1.889906,0.000000,0.000000,1.000000
11540.000000,2.020719,1.890363,1.029523,0.045658,0.000000,0.000000,0.000000,0.000000,0.000000,0.749024,1.020673,0.076266,1.017820,1.211547,0.000000,0.000000,0.000000,65535.000000,0.000000,0.000000,2.020719,1.890363,2.020719,1.890363,0.000000,0.000000,1.000000
11550.000000,2.031076,1.890725,1.035741,0.036221,0.000000,0.000000,0.000000,0.000000,0.000000,0.749024,1.030535,0.069725,1.028174,1.197029,0.000000,0.000000,0.000000,65535.000000,0.000000,0.000000,2.031076,1.890725,2.031076,1.890725,0.000000,0.000000,1.000000
11560.000000,2.041735,1.891078,1.065853,0.035345,0.000000,0.000000,0.000000,0.000000,0.000000,0.643378,1.036374,0.061784,1.034531,0.894653,0.000000,0.000000,0.000000,65535.000000,0.000000,0.000000,2.041735,1.891078,2.041735,1.891078,0.000000,0.000000,1.000000
11570.000000,2.052793,1.891748,1.105845,0.066984,0.000000,0.000000,0.000000,0.000000,0.000000,1.233971,1.066439,0.062142,1.064627,1.450572,0.000000,0.000000,0.000000,65535.000000,0.000000,0.000000,2.052793,1.891748,2.052793,1.891748,0.000000,0.000000,1.000000
11580.000000,2.064159,1.892841,1.136572,0.109300,0.000000,0.000000,0.000000,0.000000,0.000000,1.269721,1.107871,0.095074,1.103784,1.429811,0.000000,0.000000,0.000000,65535.000000,0.000000,0.000000,2.064159,1.892841,2.064159,1.892841,0.000000,0.000000,1.000000
11590.000000,2.075509,1.893956,1.135020,0.111450,0.000000,0.000000,0.000000,0.000000,0.000000,1.231640,1.141815,0.138847,1.133342,1.307573,0.000000,0.000000,0.000000,65535.000000,0.000000,0.000000,2.075509,1.893956,2.075509,1.893956,0.000000,0.000000,1.000000
11600.000000,2.087324,1.895327,1.181521,0.137134,0.000000,0.000000,0.000000,0.000000,0.000000,0.794645,1.140479,0.142825,1.131500,0.078951,0.000000,0.000000,0.000000,65535.000000,0.000000,0.000000,2.087324,1.895327,2.087324,1.895327,0.000000,0.000000,1.000000
11610.000000,2.099572,1.896934,1.224807,0.160716,0.000000,0.000000,0.000000,0.000000,0.000000,0.360534,1.189452,0.174708,1.176552,-1.137323,0.000000,0.000000,0.000000,65535.000000,0.000000,0.000000,2.099572,1.896934,2.099572,1.896934,0.000000,0.000000,1.000000
11620.000000,2.112857,1.899000,1.328509,0.206587,0.000000,0.000000,0.000000,0.000000,0.000000,0.263418,1.235307,0.206061,1.217999,-1.392049,0.000000,0.000000,0.000000,65535.000000,0.000000,0.000000,2.112857,1.899000,2.112857,1.899000,0.000000,0.000000,1.000000
11630.000000,2.126368,1.900903,1.351038,0.190279,0.000000,0.000000,0.000000,0.000000,0.000000,0.609236,1.344475,0.262603,1.318580,-0.409971,0.000000,0.000000,0.000000,65535.000000,0.000000,0.000000,2.126368,1.900903,2.126368,1.900903,0.000000,0.000000,1.000000
11640.000000,2.140041,1.902773,1.367303,0.186986,0.000000,0.000000,0.000000,0.000000,0.000000,1.346545,1.454584,0.326106,1.417558,1.652763,0.000000,0.000000,0.000000,65535.000000,0.000000,0.000000,2.140041,1.902773,2.140041,1.902773,0.000000,0.000000,1.000000
11650.000000,2.153378,1.904623,1.333677,0.185039,0.000000,0.000000,0.000000,0.000000,0.000000,1.585160,1.521845,0.369676,1.476263,2.677489,0.000000,0.000000,0.000000,65535.000000,0.000000,0.000000,2.153378,1.904623,2.153378,1.904623,0.000000,0.000000,1.000000
11660.000000,2.166627,1.906359,1.324986,0.173623,0.000000,0.000000,0.000000,0.000000,0.000000,1.731449,1.546048,0.414093,1.489561,2.612675,0.000000,0.000000,0.000000,65535.000000,0.000000,0.000000,2.166627,1.906359,2.166627,1.906359,0.000000,0.000000,1.000000
11670.000000,2.179974,1.907985,1.334697,0.162597,0.000000,0.000000,0.000000,0.000000,0.000000,1.731449,1.592717,0.449216,1.528055,2.546087,0.000000,0.000000,0.000000,65535.000000,0.000000,0.000000,2.179974,1.907985,2.179974,1.907985,0.000000,0.000000,1.000000
11680.000000,2.193844,1.909426,1.386962,0.144117,0.000000,0.000000,0.000000,0.000000,0.000000,1.563196,1.612454,0.450500,1.548244,2.040579,0.000000,0.000000,0.000000,65535.000000,0.000000,0.000000,2.193844,1.909426,2.193844,1.909426,0.000000,0.000000,1.000000
11690.000000,2.207534,1.910658,1.369004,0.123140,0.000000,0.000000,0.000000,0.000000,0.000000,1.621793,1.699497,0.468298,1.633704,2.331306,0.000000,0.000000,0.000000,65535.000000,0.000000,0.000000,2.207534,1.910658,2.207534,1.910658,0.000000,0.000000,1.000000
11700.000000,2.221533,1.911781,1.399915,0.112313,0.000000,0.000000,0.000000,0.000000,0.000000,1.775114,1.672583,0.444552,1.612423,2.498644,0.000000,0.000000,0.000000,65535.000000,0.000000,0.000000,2.221533,1.911781,2.221533,1.911781,0.000000,0.000000,1.000000
11710.000000,2.236155,1.913250,1.462231,0.146901,0.000000,0.000000,0.000000,0.000000,0.000000,1.775114,1.677472,0.419504,1.624170,2.437674,0.000000,0.000000,0.000000,65535.000000,0.000000,0.000000,2.236155,1.913250,2.236155,1.913250,0.000000,0.000000,1.000000
11720.000000,2.251483,1.915244,1.532802,0.199415,0.000000,0.000000,0.000000,0.000000,0.000000,1.761524,1.673886,0.400854,1.625180,2.345552,0.000000,0.000000,0.000000,65535.000000,0.000000,0.000000,2.251483,1.915244,2.251483,1.915244,0.000000,0.000000,1.000000
11730.000000,2.266588,1.917398,1.510510,0.215377,0.000000,0.000000,0.000000,0.000000,0.000000,1.161107,1.608839,0.335755,1.573414,1.453507,0.000000,0.000000,0.000000,65535.000000,0.000000,0.000000,2.266588,1.917398,2.266588,1.917398,0.000000,0.000000,1.000000
11740.000000,2.280258,1.918181,1.366973,0.078314,0.000000,0.000000,0.000000,0.000000,0.000000,0.775615,1.460126,0.235594,1.440994,0.257660,0.000000,0.000000,0.000000,65535.000000,0.000000,0.000000,2.280258,1.918181,2.280258,1.918181,0.000000,0.000000,1.000000
11750.000000,2.292672,1.917847,1.241383,-0.033452,0.000000,0.000000,0.000000,0.000000,0.000000,0.938330,1.412585,0.174750,1.401735,0.248275,0.000000,0.000000,0.000000,65535.000000,0.000000,0.000000,2.292672,1.917847,2.292672,1.917847,0.000000,0.000000,1.000000
11760.000000,2.305098,1.916724,1.242666,-0.112225,0.000000,0.000000,0.000000,0.000000,0.000000,1.774271,1.384992,0.142625,1.377629,3.385432,0.000000,0.000000,0.000000,65535.000000,0.000000,0.000000,2.305098,1.916724,2.305098,1.916724,0.000000,0.000000,1.000000
11770.000000,2.317146,1.915688,1.204803,-0.103590,0.000000,0.000000,0.000000,0.000000,0.000000,2.330482,1.401668,0.141219,1.394536,6.260228,0.000000,0.000000,0.000000,65535.000000,0.000000,0.000000,2.317146,1.915688,2.317146,1.915688,0.000000,0.000000,1.000000
11780.000000,2.329125,1.915116,1.197881,-0.057272,0.000000,0.000000,0.000000,0.000000,0.000000,2.699474,1.399722,0.172414,1.389063,7.924380,0.000000,0.000000,0.000000,65535.000000,0.000000,0.000000,2.329125,1.915116,2.329125,1.915116,0.000000,0.000000,1.000000
11790.000000,2.341080,1.914837,1.195520,-0.027907,0.000000,0.000000,0.000000,0.000000,0.000000,4.312738,1.463716,0.233438,1.444981,9.436759,0.000000,0.000000,0.000000,65535.000000,0.000000,0.000000,2.341080,1.914837,2.341080,1.914837,0.000000,0.000000,1.000000
11800.000000,2.353462,1.914287,1.238125,-0.054997,0.000000,0.000000,0.000000,0.000000,0.000000,5.280890,1.510213,0.279412,1.484140,9.944139,0.000000,0.000000,0.000000,65535.000000,0.000000,0.000000,2.353462,1.914287,2.353462,1.914287,0.000000,0.000000,1.000000
11810.000000,2.366380,1.914046,1.291804,-0.024079,0.000000,0.000000,0.000000,0.000000,0.000000,5.440010,1.575690,0.293247,1.548162,10.077579,0.000000,0.000000,0.000000,65535.000000,0.000000,0.000000,2.366380,1.914046,2.366380,1.914046,0.000000,0.000000,1.000000
11820.000000,2.381175,1.914771,1.479480,0.072500,0.000000,0.000000,0.000000,0.000000,0.000000,5.440010,1.616521,0.297817,1.588850,9.325562,0.000000,0.000000,0.000000,65535.000000,0.000000,0.000000,2.381175,1.914771,2.381175,1.914771,0.000000,0.000000,1.000000
11830.000000,2.397793,1.916097,1.661851,0.132561,0.000000,0.000000,0.000000,0.000000,0.000000,5.022580,1.629947,0.256134,1.609697,8.529356,0.000000,0.000000,0.000000,65535.000000,0.000000,0.000000,2.397793,1.916097,2.397793,1.916097,0.000000,0.000000,1.000000
11840.000000,2.412980,1.914998,1.518683,-0.109810,0.000000,0.000000,0.000000,0.000000,0.000000,3.751943,1.598053,0.159229,1.590100,5.046848,0.000000,0.000000,0.000000,65535.000000,0.000000,0.000000,2.412980,1.914998,2.412980,1.914998,0.000000,0.000000,1.000000
11850.000000,2.428797,1.912315,1.581736,-0.268289,0.000000,0.000000,0.000000,0.000000,0.000000,4.111230,1.571851,0.046082,1.571175,4.804146,0.000000,0.000000,0.000000,65535.000000,0.000000,0.000000,2.428797,1.912315,2.428797,1.912315,0.000000,0.000000,1.000000
11860.000000,2.445554,1.908741,1.675728,-0.357483,0.000000,0.000000,0.000000,0.000000,0.000000,4.111230,1.556616,-0.039746,1.556109,4.368845,0.000000,0.000000,0.000000,65535.000000,0.000000,0.000000,2.445554,1.908741,2.445554,1.908741,0.000000,0.000000,1.000000
11870.000000,2.462898,1.904851,1.734387,-0.388945,0.000000,0.000000,0.000000,0.000000,0.000000,3.977646,1.623055,-0.075435,1.621301,3.849845,0.000000,0.000000,0.000000,65535.000000,0.000000,0.000000,2.462898,1.904851,2.462898,1.904851,0.000000,0.000000,1.000000
11880.000000,2.480291,1.901151,1.739256,-0.369985,0.000000,0.000000,0.000000,0.000000,0.000000,3.351495,1.679200,-0.082300,1.677182,4.270937,0.000000,0.000000,0.000000,65535.000000,0.000000,0.000000,2.480291,1.901151,2.480291,1.901151,0.000000,0.000000,1.000000
11890.000000,2.496433,1.897992,1.614201,-0.315880,0.000000,0.000000,0.000000,0.000000,0.000000,3.351495,1.709667,-0.056420,1.708736,4.095832,0.000000,0.000000,0.000000,65535.000000,0.000000,0.000000,2.496433,1.897992,2.496433,1.897992,0.000000,0.000000,1.000000
11900.000000,2.511137,1.895593,1.470415,-0.239921,0.000000,0.000000,0.000000,0.000000,0.000000,3.332942,1.625454,-0.012398,1.625407,3.934519,0.000000,0.000000,0.000000,65535.000000,0.000000,0.000000,2.511137,1.895593,2.511137,1.895593,0.000000,0.000000,1.000000
11910.000000,2.524502,1.894098,1.336473,-0.149497,0.000000,0.000000,0.000000,0.000000,0.000000,2.377388,1.530672,0.040801,1.530128,2.763375,0.000000,0.000000,0.000000,65535.000000,0.000000,0.000000,2.524502,1.894098,2.524502,1.894098,0.000000,0.000000,1.000000
11920.000000,2.537273,1.892990,1.277105,-0.110795,0.000000,0.000000,0.000000,0.000000,0.000000,1.918071,1.464743,0.110103,1.460599,1.214800,0.000000,0.000000,0.000000,65535.000000,0.000000,0.000000,2.537273,1.892990,2.537273,1.892990,0.000000,0.000000,1.000000
11930.000000,2.549741,1.891471,1.246730,-0.151982,0.000000,0.000000,0.000000,0.000000,0.000000,2.360663,1.454550,0.155925,1.446168,0.742014,0.000000,0.000000,0.000000,65535.000000,0.000000,0.000000,2.549741,1.891471,2.549741,1.891471,0.000000,0.000000,1.000000
11940.000000,2.563027,1.889326,1.328640,-0.214428,0.000000,0.000000,0.000000,0.000000,0.000000,3.025485,1.375605,0.110786,1.371137,3.105982,0.000000,0.000000,0.000000,65535.000000,0.000000,0.000000,2.563027,1.889326,2.563027,1.889326,0.000000,0.000000,1.000000
11950.000000,2.576208,1.887695,1.318103,-0.163159,0.000000,0.000000,0.000000,0.000000,0.000000,3.025485,1.341612,0.001944,1.341610,3.436164,0.000000,0.000000,0.000000,65535.000000,0.000000,0.000000,2.576208,1.887695,2.576208,1.887695,0.000000,0.000000,1.000000
11960.000000,2.588647,1.886324,1.243893,-0.137083,0.000000,0.000000,0.000000,0.000000,0.000000,3.431195,1.371303,-0.125728,1.365527,3.918296,0.000000,0.000000,0.000000,65535.000000,0.000000,0.000000,2.588647,1.886324,2.588647,1.886324,0.000000,0.000000,1.000000
11970.000000,2.600800,1.885212,1.215313,-0.111136,0.000000,0.000000,0.000000,0.000000,0.000000,3.583986,1.421336,-0.219167,1.404337,3.770412,0.000000,0.000000,0.000000,65535.000000,0.000000,0.000000,2.600800,1.885212,2.600800,1.885212,0.000000,0.000000,1.000000
11980.000000,2.613599,1.884125,1.279896,-0.108698,0.000000,0.000000,0.000000,0.000000,0.000000,3.852889,1.469802,-0.266724,1.445399,3.534979,0.000000,0.000000,0.000000,65535.000000,0.000000,0.000000,2.613599,1.884125,2.613599,1.884125,0.000000,0.000000,1.000000
11990.000000,2.626787,1.882612,1.318820,-0.151316,0.000000,0.000000,0.000000,0.000000,0.000000,3.758261,1.582452,-0.305738,1.552636,2.402950,0.000000,0.000000,0.000000,65535.000000,0.000000,0.000000,2.626787,1.882612,2.626787,1.882612,0.000000,0.000000,1.000000
12000.000000,2.640804,1.880381,1.401628,-0.223096,0.000000,0.000000,0.000000,0.000000,0.000000,2.867893,1.570431,-0.297635,1.541968,1.141063,0.000000,0.000000,0.000000,65535.000000,0.000000,0.000000,2.640804,1.880381,2.640804,1.880381,0.000000,0.000000,1.000000
12010.000000,2.655416,1.877531,1.461211,-0.285021,1.000000,1.000000,1.000000,2.000000,2.000000,2.039427,1.527662,-0.240975,1.508536,0.341588,0.000000,0.000000,0.000000,65535.000000,0.000000,0.000000,2.655416,1.877531,2.655416,1.877531,0.000000,0.000000,1.000000
12020.000000,2.670242,1.875744,1.482573,-0.178695,1.000000,1.000000,1.000000,2.000000,2.000000,1.364075,1.453973,-0.164969,1.444584,-0.310520,0.000000,0.000000,0.000000,65535.000000,2.655416,1.877531,2.670242,1.875744,2.670242,1.875744,0.250000,0.000000,1.000000
12030.000000,2.685605,1.874462,1.536295,-0.128257,1.000000,1.000000,1.000000,2.000000,2.000000,0.559900,1.502731,-0.082972,1.500439,-1.085352,0.000000,0.000000,0.000000,65535.000000,2.655416,1.877531,2.685605,1.874462,2.685605,1.874462,0.250000,0.000000,1.000000
12040.000000,2.701512,1.873234,1.590788,-0.122778,1.000000,1.000000,1.000000,2.000000,2.000000,1.923664,1.553459,-0.018887,1.553344,0.245404,0.000000,0.000000,0.000000,65535.000000,2.655416,1.877531,2.701512,1.873234,2.701512,1.873234,0.250000,0.000000,1.000000
12050.000000,2.716124,1.872353,1.461115,-0.088081,1.000000,1.000000,1.000000,2.000000,2.000000,2.849478,1.595519,0.011302,1.595479,1.104036,0.000000,0.000000,0.000000,65535.000000,2.655416,1.877531,2.716124,1.872353,2.716124,1.872353,0.250000,0.000000,1.000000
12060.000000,2.729196,1.871808,1.307240,-0.054477,1.000000,1.000000,1.000000,2.000000,2.000000,2.887640,1.463768,0.027875,1.463502,1.091968,0.000000,0.000000,0.000000,65535.000000,2.655416,1.877531,2.729196,1.871808,2.729196,1.871808,0.250000,0.000000,1.000000
12070.000000,2.741003,1.871341,1.180690,-0.046722,1.000000,1.000000,1.000000,2.000000,2.000000,2.887640,1.308375,0.030200,1.308026,1.080161,0.000000,0.000000,0.000000,65535.000000,2.655416,1.877531,2.741003,1.871341,2.741003,1.871341,0.250000,0.000000,1.000000
12080.000000,2.752150,1.871062,1.114704,-0.027959,1.000000,1.000000,1.000000,2.000000,2.000000,2.492388,1.181614,0.012655,1.181546,0.983895,0.000000,0.000000,0.000000,65535.000000,2.655416,1.877531,2.752150,1.871062,2.752150,1.871062,0.250000,0.000000,1.000000
12090.000000,2.762932,1.870880,1.078184,-0.018199,1.000000,1.000000,1.000000,2.000000,2.000000,1.559424,1.115054,0.017583,1.114916,-0.155756,0.000000,0.000000,0.000000,65535.000000,2.655416,1.877531,2.762932,1.870880,2.762932,1.870880,0.250000,0.000000,1.000000
12100.000000,2.774124,1.870748,1.119208,-0.013179,1.000000,1.000000,1.000000,2.000000,2.000000,0.891970,1.078337,0.020610,1.078140,-0.807322,0.000000,0.000000,0.000000,65535.000000,2.655416,1.877531,2.774124,1.870748,2.774124,1.870748,0.250000,0.000000,1.000000
12110.000000,2.785476,1.870738,1.135212,-0.000931,1.000000,1.000000,1.000000,2.000000,2.000000,0.891970,1.119286,0.026393,1.118975,-0.800850,0.000000,0.000000,0.000000,65535.000000,2.655416,1.877531,2.785476,1.870738,2.785476,1.870738,0.250000,0.000000,1.000000
12120.000000,2.796999,1.870968,1.152274,0.022917,1.000000,1.000000,1.000000,2.000000,2.000000,0.766483,1.135213,0.043029,1.134397,-0.918141,0.000000,0.000000,0.000000,65535.000000,2.655416,1.877531,2.796999,1.870968,2.796999,1.870968,0.250000,0.000000,1.000000
12130.000000,2.808405,1.871401,1.140650,0.043354,0.000000,1.000000,0.000000,2.000000,2.000000,0.399492,1.152502,0.074834,1.150070,-1.267134,0.000000,0.000000,0.000000,65535.000000,2.655416,1.877531,2.808405,1.871401,2.808405,1.871401,0.250000,0.000000,1.000000
12140.000000,2.819714,1.871681,1.130893,0.028031,0.000000,1.000000,0.000000,2.000000,2.000000,0.399492,1.141473,0.101558,1.136946,-1.251264,0.000000,0.000000,0.000000,65535.000000,2.655416,1.877531,2.819714,1.871681,2.819714,1.871681,0.250000,0.000000,1.000000
12150.000000,2.831323,1.871912,1.160904,0.023079,0.000000,1.000000,0.000000,2.000000,2.000000,0.356158,1.131241,0.091797,1.127510,-1.277669,0.000000,0.000000,0.000000,65535.000000,2.655416,1.877531,2.831323,1.871912,2.831323,1.871912,0.250000,0.000000,1.000000
12160.000000,2.841960,1.871313,1.063736,-0.059891,0.000000,1.000000,0.000000,2.000000,2.000000,0.356158,1.161133,0.091038,1.157559,-1.261535,0.000000,0.000000,0.000000,65535.000000,2.655416,1.877531,2.841960,1.871313,2.841960,1.871313,0.250000,0.000000,1.000000
12170.000000,2.852333,1.870750,1.037277,-0.056296,0.000000,1.000000,0.000000,2.000000,2.000000,0.628151,1.159214,0.085992,1.156020,-1.048792,0.000000,0.000000,0.000000,65535.000000,2.655416,1.877531,2.852333,1.870750,2.852333,1.870750,0.250000,0.000000,1.000000
12180.000000,2.862448,1.870382,1.011435,-0.036805,0.000000,1.000000,0.000000,2.000000,2.000000,0.669978,1.132853,0.086165,1.129571,-0.931658,0.000000,0.000000,0.000000,65535.000000,2.655416,1.877531,2.862448,1.870382,2.862448,1.870382,0.250000,0.000000,1.000000
12190.000000,2.872566,1.870286,1.011825,-0.009659,0.000000,1.000000,0.000000,2.000000,2.000000,0.428454,1.085386,0.071878,1.083003,-0.923050,0.000000,0.000000,0.000000,65535.000000,2.655416,1.877531,2.872566,1.870286,2.872566,1.870286,0.250000,0.000000,1.000000
12200.000000,2.882411,1.870123,0.984538,-0.016237,0.000000,1.000000,0.000000,2.000000,2.000000,0.377230,1.041955,0.052638,1.040625,-0.968171,0.000000,0.000000,0.000000,65535.000000,2.655416,1.877531,2.882411,1.870123,2.882411,1.870123,0.250000,0.000000,1.000000
12210.000000,2.891562,1.869702,0.915102,-0.042093,0.000000,1.000000,0.000000,2.000000,2.000000,0.462252,0.978795,0.008113,0.978761,-0.811316,0.000000,0.000000,0.000000,65535.000000,2.655416,1.877531,2.891562,1.869702,2.891562,1.869702,0.250000,0.000000,1.000000
12220.000000,2.900373,1.869216,0.881095,-0.048624,0.000000,1.000000,0.000000,2.000000,2.000000,1.192023,0.916070,-0.013991,0.915963,-0.149744,0.000000,0.000000,0.000000,65535.000000,2.655416,1.877531,2.900373,1.869216,2.900373,1.869216,0.250000,0.000000,1.000000
12230.000000,2.908995,1.868657,0.862112,-0.055903,0.000000,1.000000,0.000000,2.000000,2.000000,1.253106,0.882436,-0.019058,0.882230,-0.069970,0.000000,0.000000,0.000000,65535.000000,2.655416,1.877531,2.908995,1.868657,2.908995,1.868657,0.250000,0.000000,1.000000
12240.000000,2.917466,1.868101,0.847169,-0.055644,0.000000,1.000000,0.000000,2.000000,2.000000,1.403003,0.863923,-0.024132,0.863586,-0.069921,0.000000,0.000000,0.000000,65535.000000,2.655416,1.877531,2.917466,1.868101,2.917466,1.868101,0.250000,0.000000,1.000000
12250.000000,2.925549,1.867691,0.808239,-0.041025,0.000000,1.000000,0.000000,2.000000,0.000000,1.518950,0.848994,-0.022668,0.848692,-0.113893,0.000000,0.000000,0.000000,65535.000000,2.655416,1.877531,2.925549,1.867691,2.925549,1.867691,0.250000,0.000000,1.000000
12260.000000,2.933333,1.867465,0.778468,-0.022537,0.000000,1.000000,0.000000,2.000000,0.000000,1.474017,0.809280,-0.009993,0.809218,-0.113764,0.000000,0.000000,0.000000,65535.000000,2.655416,1.877531,2.933333,1.867465,2.933333,1.867465,0.250000,0.000000,1.000000
12270.000000,2.940963,1.867385,0.762960,-0.008035,0.000000,1.000000,0.000000,2.000000,0.000000,1.207031,0.778794,0.004986,0.778778,-0.113634,0.000000,0.000000,0.000000,65535.000000,2.655416,1.877531,2.940963,1.867385,2.940963,1.867385,0.250000,0.000000,1.000000
12280.000000,2.948247,1.867356,0.728433,-0.002873,0.000000,1.000000,0.000000,2.000000,0.000000,1.288146,0.763002,0.015492,0.762845,-0.386448,0.000000,0.000000,0.000000,65535.000000,2.655416,1.877531,2.948247,1.867356,2.948247,1.867356,0.250000,0.000000,1.000000
12290.000000,2.954902,1.867191,0.665443,-0.016529,0.000000,1.000000,0.000000,2.000000,0.000000,0.996477,0.728439,0.016709,0.728247,-0.606349,0.000000,0.000000,0.000000,65535.000000,2.655416,1.877531,2.954902,1.867191,2.954902,1.867191,0.250000,0.000000,1.000000
12300.000000,2.961244,1.866834,0.634199,-0.035678,0.000000,1.000000,0.000000,2.000000,0.000000,1.102513,0.665648,-0.000863,0.665647,-0.490157,0.000000,0.000000,0.000000,65535.000000,2.655416,1.877531,2.961244,1.866834,2.961244,1.866834,0.250000,0.000000,1.000000
12310.000000,2.967203,1.866450,0.595928,-0.038372,0.000000,1.000000,0.000000,2.000000,0.000000,1.247463,0.635202,-0.022774,0.634793,-0.247664,0.000000,0.000000,0.000000,65535.000000,2.655416,1.877531,2.967203,1.866450,2.967203,1.866450,0.250000,0.000000,1.000000
12320.000000,2.972997,1.866107,0.579405,-0.034335,0.000000,1.000000,0.000000,2.000000,0.000000,1.333734,0.597163,-0.027068,0.596549,-0.247051,0.000000,0.000000,0.000000,65535.000000,2.655416,1.877531,2.972997,1.866107,2.972997,1.866107,0.250000,0.000000,1.000000
12330.000000,2.978470,1.865810,0.547257,-0.029699,0.000000,1.000000,0.000000,2.000000,0.000000,1.333734,0.580422,-0.023162,0.579960,-0.246442,0.000000,0.000000,0.000000,65535.000000,2.655416,1.877531,2.978470,1.865810,2.978470,1.865810,0.250000,0.000000,1.000000
12340.000000,2.983793,1.865526,0.532334,-0.028348,0.000000,1.000000,0.000000,2.000000,0.000000,1.088343,0.548062,-0.019455,0.547717,-0.506890,0.000000,0.000000,0.000000,65535.000000,2.655416,1.877531,2.983793,1.865526,2.983793,1.865526,0.250000,0.000000,1.000000
12350.000000,2.988852,1.865223,0.505898,-0.030336,0.000000,1.000000,0.000000,2.000000,0.000000,0.659192,0.533088,-0.019142,0.532744,-0.963381,0.000000,0.000000,0.000000,65535.000000,2.655416,1.877531,2.988852,1.865223,2.988852,1.865223,0.250000,0.000000,1.000000
12360.000000,2.993756,1.864918,0.490397,-0.030495,0.000000,1.000000,0.000000,2.000000,0.000000,0.441735,0.506807,-0.022221,0.506319,-1.185935,0.000000,0.000000,0.000000,65535.000000,2.655416,1.877531,2.993756,1.864918,2.993756,1.864918,0.250000,0.000000,1.000000
12370.000000,2.998387,1.864671,0.463054,-0.024699,0.000000,1.000000,0.000000,2.000000,0.000000,0.798616,0.491344,-0.023457,0.490784,-0.790038,0.000000,0.000000,0.000000,65535.000000,2.655416,1.877531,2.998387,1.864671,2.998387,1.864671,0.250000,0.000000,1.000000
12380.000000,3.002808,1.864448,0.442110,-0.022353,0.000000,1.000000,0.000000,2.000000,0.000000,0.898366,0.463712,-0.018982,0.463323,-0.671324,0.000000,0.000000,0.000000,65535.000000,2.655416,1.877531,3.002808,1.864448,3.002808,1.864448,0.250000,0.000000,1.000000
12390.000000,3.007045,1.864225,0.423716,-0.022278,0.000000,1.000000,0.000000,2.000000,0.000000,0.885300,0.442675,-0.017543,0.442327,-0.332297,0.000000,0.000000,0.000000,65535.000000,2.655416,1.877531,3.007045,1.864225,3.007045,1.864225,0.250000,0.000000,1.000000
12400.000000,3.011086,1.863926,0.404085,-0.029886,0.000000,1.000000,0.000000,2.000000,0.000000,0.732926,0.424302,-0.017968,0.423921,-0.331195,0.000000,0.000000,0.000000,65535.000000,2.655416,1.877531,3.011086,1.863926,3.011086,1.863926,0.250000,0.000000,1.000000
12410.000000,3.014766,1.863617,0.367958,-0.030893,0.000000,1.000000,0.000000,2.000000,0.000000,0.635728,0.405188,-0.026080,0.404348,-0.564054,0.000000,0.000000,0.000000,65535.000000,2.655416,1.877531,3.014766,1.863617,3.014766,1.863617,0.250000,0.000000,1.000000
12420.000000,3.018141,1.863380,0.337565,-0.023674,0.000000,1.000000,0.000000,2.000000,0.000000,0.635728,0.369253,-0.027789,0.368205,-0.669158,0.000000,0.000000,0.000000,65535.000000,2.655416,1.877531,3.018141,1.863380,3.018141,1.863380,0.250000,0.000000,1.000000
12430.000000,3.021399,1.863240,0.325837,-0.013966,0.000000,1.000000,0.000000,2.000000,0.000000,0.902536,0.338394,-0.020988,0.337742,-0.432226,0.000000,0.000000,0.000000,65535.000000,2.655416,1.877531,3.021399,1.863240,3.021399,1.863240,0.250000,0.000000,1.000000
12440.000000,3.024579,1.863106,0.317918,-0.013490,0.000000,1.000000,0.000000,2.000000,0.000000,0.921388,0.326137,-0.011578,0.325931,-0.430364,0.000000,0.000000,0.000000,65535.000000,2.655416,1.877531,3.024579,1.863106,3.024579,1.863106,0.250000,0.000000,1.000000
12450.000000,3.027585,1.862835,0.300630,-0.027010,0.000000,1.000000,0.000000,2.000000,0.000000,0.921388,0.318204,-0.011689,0.317989,-0.428518,0.000000,0.000000,0.000000,65535.000000,2.655416,1.877531,3.027585,1.862835,3.027585,1.862835,0.250000,0.000000,1.000000
12460.000000,3.030348,1.862433,0.276306,-0.040280,0.000000,1.000000,0.000000,2.000000,0.000000,0.577188,0.301841,-0.026150,0.300706,-1.027748,0.000000,0.000000,0.000000,65535.000000,2.655416,1.877531,3.030348,1.862433,3.030348,1.862433,0.250000,0.000000,1.000000
12470.000000,3.032859,1.861994,0.251067,-0.043906,0.000000,1.000000,0.000000,2.000000,0.000000,0.502363,0.279227,-0.040263,0.276309,-1.131055,0.000000,0.000000,0.000000,65535.000000,2.655416,1.877531,3.032859,1.861994,3.032859,1.861994,0.250000,0.000000,1.000000
12480.000000,3.035145,1.861556,0.228647,-0.043739,0.000000,1.000000,0.000000,2.000000,0.000000,0.841458,0.254877,-0.044348,0.250989,-0.605152,0.000000,0.000000,0.000000,65535.000000,2.655416,1.877531,3.035145,1.861556,3.035145,1.861556,0.250000,0.000000,1.000000
12490.000000,3.037204,1.861138,0.205888,-0.041837,0.000000,1.000000,0.000000,2.000000,0.000000,0.673457,0.232793,-0.044240,0.228550,-0.511754,0.000000,0.000000,0.000000,65535.000000,2.655416,1.877531,3.037204,1.861138,3.037204,1.861138,0.250000,0.000000,1.000000
12500.000000,3.039068,1.860717,0.186390,-0.042037,0.000000,1.000000,0.000000,2.000000,0.000000,0.673457,0.210096,-0.042211,0.205812,-0.509146,0.000000,0.000000,0.000000,65535.000000,2.655416,1.877531,3.039068,1.860717,3.039068,1.860717,0.250000,0.000000,1.000000
12510.000000,3.040695,1.860277,0.162716,-0.044070,0.000000,1.000000,0.000000,2.000000,0.000000,0.460547,0.191071,-0.042273,0.186336,-0.790879,0.000000,0.000000,0.000000,65535.000000,2.655416,1.877531,3.040695,1.860277,3.040695,1.860277,0.250000,0.000000,1.000000
12520.000000,3.042060,1.859898,0.136517,-0.037908,0.000000,1.000000,0.000000,2.000000,0.000000,0.460547,0.168578,-0.044275,0.162661,-0.784668,0.000000,0.000000,0.000000,65535.000000,2.655416,1.877531,3.042060,1.859898,3.042060,1.859898,0.250000,0.000000,1.000000
12530.000000,3.043230,1.859669,0.116974,-0.022839,0.000000,1.000000,0.000000,2.000000,0.000000,0.460547,0.141682,-0.038307,0.136406,-0.778552,0.000000,0.000000,0.000000,65535.000000,2.655416,1.877531,3.043230,1.859669,3.043230,1.859669,0.250000,0.000000,1.000000
12540.000000,3.044286,1.859567,0.105611,-0.010215,0.000000,1.000000,0.000000,2.000000,0.000000,0.254501,0.119183,-0.023520,0.116839,-1.206793,0.000000,0.000000,0.000000,65535.000000,2.655416,1.877531,3.044286,1.859567,3.044286,1.859567,0.250000,0.000000,1.000000
12550.000000,3.045162,1.859528,0.087582,-0.003906,0.000000,1.000000,0.000000,2.000000,0.000000,0.228624,0.106104,-0.011170,0.105514,-1.233304,0.000000,0.000000,0.000000,65535.000000,2.655416,1.877531,3.045162,1.859528,3.045162,1.859528,0.250000,0.000000,1.000000
12560.000000,3.045809,1.859558,0.064742,0.003004,0.000000,1.000000,0.000000,2.000000,0.000000,0.211337,0.087669,-0.004896,0.087532,-1.250658,0.000000,0.000000,0.000000,65535.000000,2.655416,1.877531,3.045809,1.859558,3.045809,1.859558,0.250000,0.000000,1.000000
12570.000000,3.046322,1.859754,0.051267,0.019622,0.000000,1.000000,0.000000,2.000000,0.000000,0.182231,0.064812,0.002228,0.064773,-1.321701,0.000000,0.000000,0.000000,65535.000000,2.655416,1.877531,3.046322,1.859754,3.046322,1.859754,0.250000,0.000000,1.000000
12580.000000,3.046683,1.860078,0.036108,0.032340,0.000000,1.000000,0.000000,2.000000,0.000000,0.243122,0.054894,0.019032,0.051489,-1.209365,0.000000,0.000000,0.000000,65535.000000,2.655416,1.877531,3.046683,1.860078,3.046683,1.860078,0.250000,0.000000,1.000000
12590.000000,3.046881,1.860518,0.019869,0.044034,0.000000,1.000000,0.000000,2.000000,0.000000,0.243122,0.048474,0.031967,0.036439,-1.194899,0.000000,0.000000,0.000000,65535.000000,2.655416,1.877531,3.046881,1.860518,3.046881,1.860518,0.250000,0.000000,1.000000
12600.000000,3.046972,1.861115,0.009070,0.059727,0.000000,1.000000,0.000000,2.000000,0.000000,0.233633,0.048309,0.043835,0.020306,-1.190997,0.000000,0.000000,0.000000,65535.000000,2.655416,1.877531,3.046972,1.861115,3.046972,1.861115,0.250000,0.000000,1.000000
12610.000000,3.046960,1.861920,-0.001213,0.080436,0.000000,1.000000,0.000000,2.000000,0.000000,0.236131,0.060412,0.059626,0.009711,-1.196067,0.000000,0.000000,0.000000,65535.000000,2.655416,1.877531,3.046960,1.861920,3.046960,1.861920,0.250000,0.000000,1.000000
12620.000000,3.046875,1.862962,-0.008474,0.104242,0.000000,1.000000,0.000000,2.000000,0.000000,0.454498,0.080445,0.080444,-0.000241,-0.836699,0.000000,0.000000,0.000000,65535.000000,2.655416,1.877531,3.046875,1.862962,3.046875,1.862962,0.250000,0.000000,1.000000
12630.000000,3.046723,1.864248,-0.015178,0.128630,0.000000,1.000000,0.000000,2.000000,0.000000,0.454498,0.104586,0.104349,-0.007041,-0.829750,0.000000,0.000000,0.000000,65535.000000,2.655416,1.877531,3.046723,1.864248,3.046723,1.864248,0.250000,0.000000,1.000000
12640.000000,3.046446,1.865840,-0.027762,0.159183,0.000000,1.000000,0.000000,2.000000,0.000000,0.454498,0.129523,0.128840,-0.013284,-0.822915,0.000000,0.000000,0.000000,65535.000000,2.655416,1.877531,3.046446,1.865840,3.046446,1.865840,0.250000,0.000000,1.000000
12650.000000,3.046097,1.867718,-0.034934,0.187766,0.000000,1.000000,0.000000,2.000000,0.000000,0.288218,0.161586,0.159579,-0.025388,-1.089233,0.000000,0.000000,0.000000,65535.000000,2.655416,1.877531,3.046097,1.867718,3.046097,1.867718,0.250000,0.000000,1.000000
12660.000000,3.045804,1.869844,-0.029239,0.212648,0.000000,1.000000,0.000000,2.000000,0.000000,0.162785,0.190988,0.188266,-0.032131,-1.195584,0.000000,0.000000,0.000000,65535.000000,2.655416,1.877531,3.045804,1.869844,3.045804,1.869844,0.250000,0.000000,1.000000
12670.000000,3.045519,1.872312,-0.028491,0.246825,0.000000,1.000000,0.000000,2.000000,0.000000,0.173577,0.214649,0.213077,-0.025932,-1.150886,0.000000,0.000000,0.000000,65535.000000,2.655416,1.877531,3.045519,1.872312,3.045519,1.872312,0.250000,0.000000,1.000000
12680.000000,3.045065,1.875157,-0.045385,0.284443,0.000000,1.000000,0.000000,2.000000,0.000000,0.247041,0.248464,0.247283,-0.024194,-1.072246,0.000000,0.000000,0.000000,65535.000000,2.655416,1.877531,3.045065,1.875157,3.045065,1.875157,0.250000,0.000000,1.000000
12690.000000,3.044611,1.878162,-0.045426,0.300517,0.000000,1.000000,0.000000,2.000000,0.000000,0.353088,0.288041,0.285296,-0.039669,-0.798686,0.000000,0.000000,0.000000,65535.000000,2.655416,1.877531,3.044611,1.878162,3.044611,1.878162,0.250000,0.000000,1.000000
12700.000000,3.044253,1.881399,-0.035795,0.323728,0.000000,1.000000,0.000000,2.000000,0.000000,0.402719,0.303931,0.301440,-0.038832,-0.791177,0.000000,0.000000,0.000000,65535.000000,2.655416,1.877531,3.044253,1.881399,3.044253,1.881399,0.250000,0.000000,1.000000
12710.000000,3.043960,1.884956,-0.029355,0.355674,0.000000,1.000000,0.000000,2.000000,0.000000,0.402719,0.325701,0.324437,-0.028668,-0.784960,0.000000,0.000000,0.000000,65535.000000,2.655416,1.877531,3.043960,1.884956,3.043960,1.884956,0.250000,0.000000,1.000000
12720.000000,3.043774,1.889273,-0.018573,0.431700,0.000000,1.000000,0.000000,2.000000,0.000000,0.501337,0.356884,0.356221,-0.021738,-0.624664,0.000000,0.000000,0.000000,65535.000000,2.655416,1.877531,3.043774,1.889273,3.043774,1.889273,0.250000,0.000000,1.000000
12730.000000,3.043526,1.893949,-0.024767,0.467614,0.000000,1.000000,0.000000,2.000000,0.000000,0.501337,0.432099,0.432001,-0.009211,-0.620783,0.000000,0.000000,0.000000,65535.000000,2.655416,1.877531,3.043526,1.893949,3.043526,1.893949,0.250000,0.000000,1.000000
12740.000000,3.043210,1.898727,-0.031649,0.477781,0.000000,1.000000,0.000000,2.000000,0.000000,0.661726,0.468269,0.468062,-0.013927,-0.380444,0.000000,0.000000,0.000000,65535.000000,2.655416,1.877531,3.043210,1.898727,3.043210,1.898727,0.250000,0.000000,1.000000
12750.000000,3.042968,1.903642,-0.024165,0.491525,0.000000,1.000000,0.000000,2.000000,0.000000,0.661726,0.478828,0.478427,-0.019580,-0.379001,0.000000,0.000000,0.000000,65535.000000,2.655416,1.877531,3.042968,1.903642,3.042968,1.903642,0.250000,0.000000,1.000000
12760.000000,3.042623,1.908815,-0.034497,0.517245,0.000000,1.000000,0.000000,2.000000,0.000000,0.766568,0.492119,0.491988,-0.011333,-0.243200,0.000000,0.000000,0.000000,65535.000000,2.655416,1.877531,3.042623,1.908815,3.042623,1.908815,0.250000,0.000000,1.000000
12770.000000,3.042032,1.914264,-0.059127,0.544919,0.000000,1.000000,0.000000,2.000000,0.000000,0.766568,0.518394,0.517979,-0.020744,-0.192727,0.000000,0.000000,0.000000,65535.000000,2.655416,1.877531,3.042032,1.914264,3.042032,1.914264,0.250000,0.000000,1.000000
12780.000000,3.041139,1.919950,-0.089296,0.568593,0.000000,1.000000,0.000000,2.000000,0.000000,0.766568,0.548117,0.546368,-0.043755,-0.192356,0.000000,0.000000,0.000000,65535.000000,2.655416,1.877531,3.041139,1.919950,3.041139,1.919950,0.250000,0.000000,1.000000
12790.000000,3.039971,1.925581,-0.116849,0.563179,0.000000,1.000000,0.000000,2.000000,0.000000,0.561620,0.575562,0.570995,-0.072358,-0.408827,0.000000,0.000000,0.000000,65535.000000,2.655416,1.877531,3.039971,1.925581,3.039971,1.925581,0.250000,0.000000,1.000000
12800.000000,3.038899,1.931410,-0.107124,0.582881,0.000000,1.000000,0.000000,2.000000,0.000000,0.806605,0.575173,0.566489,-0.099571,-0.407160,0.000000,0.000000,0.000000,65535.000000,2.655416,1.877531,3.038899,1.931410,3.038899,1.931410,0.250000,0.000000,1.000000
12810.000000,3.037937,1.937427,-0.096242,0.601644,0.000000,1.000000,0.000000,2.000000,0.000000,0.406672,0.592643,0.585967,-0.088708,-0.996609,0.000000,0.000000,0.000000,65535.000000,2.655416,1.877531,3.037937,1.937427,3.037937,1.937427,0.250000,0.000000,1.000000
12820.000000,3.037177,1.943675,-0.075983,0.624839,0.000000,1.000000,0.000000,2.000000,0.000000,0.106110,0.609293,0.604468,-0.076524,-1.340887,0.000000,0.000000,0.000000,65535.000000,2.655416,1.877531,3.037177,1.943675,3.037177,1.943675,0.250000,0.000000,1.000000
12830.000000,3.036707,1.950300,-0.047046,0.662497,0.000000,1.000000,0.000000,2.000000,0.000000,0.333254,0.629442,0.626950,-0.055946,-1.055149,0.000000,0.000000,0.000000,65535.000000,2.655416,1.877531,3.036707,1.950300,3.036707,1.950300,0.250000,0.000000,1.000000
12840.000000,3.036376,1.957528,-0.033117,0.722770,0.000000,1.000000,0.000000,2.000000,0.000000,0.543569,0.664165,0.663653,-0.026080,-0.795794,0.000000,0.000000,0.000000,65535.000000,2.655416,1.877531,3.036376,1.957528,3.036376,1.957528,0.250000,0.000000,1.000000
12850.000000,3.036065,1.965209,-0.031095,0.768093,0.000000,1.000000,0.000000,2.000000,0.000000,0.558512,0.723528,0.723479,-0.008431,-0.771907,0.000000,0.000000,0.000000,65535.000000,2.655416,1.877531,3.036065,1.965209,3.036065,1.965209,0.250000,0.000000,1.000000
12860.000000,3.035722,1.972904,-0.034253,0.769575,0.000000,1.000000,0.000000,2.000000,0.000000,0.558512,0.768722,0.768718,-0.002419,-0.765989,0.000000,0.000000,0.000000,65535.000000,2.655416,1.877531,3.035722,1.972904,3.035722,1.972904,0.250000,0.000000,1.000000
12870.000000,3.035370,1.980485,-0.035222,0.758088,0.000000,1.000000,0.000000,2.000000,0.000000,0.519320,0.770337,0.770325,-0.004243,-0.807164,0.000000,0.000000,0.000000,65535.000000,2.655416,1.877531,3.035370,1.980485,3.035370,1.980485,0.250000,0.000000,1.000000
12880.000000,3.034784,1.987942,-0.058556,0.745634,0.000000,1.000000,0.000000,2.000000,0.000000,0.168983,0.758905,0.758881,-0.006051,-1.218188,0.000000,0.000000,0.000000,65535.000000,2.655416,1.877531,3.034784,1.987942,3.034784,1.987942,0.250000,0.000000,1.000000
12890.000000,3.034111,1.995271,-0.067358,0.732984,0.000000,1.000000,0.000000,2.000000,0.000000,0.187533,0.747930,0.747275,-0.031287,-1.181291,0.000000,0.000000,0.000000,65535.000000,2.655416,1.877531,3.034111,1.995271,3.034111,1.995271,0.250000,0.000000,1.000000
12900.000000,3.033515,2.002692,-0.059573,0.742023,0.000000,1.000000,0.000000,2.000000,0.000000,0.438434,0.736073,0.734915,-0.041267,-0.869028,0.000000,0.000000,0.000000,65535.000000,2.655416,1.877531,3.033515,2.002692,3.033515,2.002692,0.250000,0.000000,1.000000
12910.000000,3.032948,2.010186,-0.056704,0.749425,0.000000,1.000000,0.000000,2.000000,0.000000,0.596629,0.744410,0.743682,-0.032920,-0.673453,0.000000,0.000000,0.000000,65535.000000,2.655416,1.877531,3.032948,2.010186,3.032948,2.010186,0.250000,0.000000,1.000000
12920.000000,3.032326,2.018063,-0.062171,0.787727,0.000000,1.000000,0.000000,2.000000,0.000000,0.613472,0.751567,0.751028,-0.028484,-0.648918,0.000000,0.000000,0.000000,65535.000000,2.655416,1.877531,3.032326,2.018063,3.032326,2.018063,0.250000,0.000000,1.000000
12930.000000,3.031791,2.026056,-0.053487,0.799280,0.000000,1.000000,0.000000,2.000000,0.000000,0.613472,0.790177,0.789558,-0.031275,-0.644730,0.000000,0.000000,0.000000,65535.000000,2.655416,1.877531,3.031791,2.026056,3.031791,2.026056,0.250000,0.000000,1.000000
12940.000000,3.031517,2.034521,-0.027421,0.846517,0.000000,1.000000,0.000000,2.000000,0.000000,0.410433,0.801068,0.800785,-0.021271,-0.676694,0.000000,0.000000,0.000000,65535.000000,2.655416,1.877531,3.031517,2.034521,3.031517,2.034521,0.250000,0.000000,1.000000
12950.000000,3.031253,2.043257,-0.026469,0.873605,0.000000,1.000000,0.000000,2.000000,0.000000,0.434394,0.846961,0.846933,0.006929,-0.605424,0.000000,0.000000,0.000000,65535.000000,2.655416,1.877531,3.031253,2.043257,3.031253,2.043257,0.250000,0.000000,1.000000
12960.000000,3.030833,2.052186,-0.041938,0.892857,0.000000,1.000000,0.000000,2.000000,0.000000,0.512098,0.874006,0.873959,0.009079,-0.439061,0.000000,0.000000,0.000000,65535.000000,2.655416,1.877531,3.030833,2.052186,3.030833,2.052186,0.250000,0.000000,1.000000
12970.000000,3.030231,2.060869,-0.060238,0.868303,0.000000,1.000000,0.000000,2.000000,0.000000,0.512098,0.893841,0.893824,-0.005454,-0.437140,0.000000,0.000000,0.000000,65535.000000,2.655416,1.877531,3.030231,2.060869,3.030231,2.060869,0.250000,0.000000,1.000000
12980.000000,3.029603,2.069529,-0.062804,0.866029,0.000000,1.000000,0.000000,2.000000,0.000000,0.512098,0.870390,0.870039,-0.024717,-0.435235,0.000000,0.000000,0.000000,65535.000000,2.655416,1.877531,3.029603,2.069529,3.029603,2.069529,0.250000,0.000000,1.000000
12990.000000,3.028996,2.078321,-0.060661,0.879194,0.000000,1.000000,0.000000,2.000000,0.000000,0.614938,0.868303,0.867865,-0.027583,-0.474466,0.000000,0.000000,0.000000,65535.000000,2.655416,1.877531,3.028996,2.078321,3.028996,2.078321,0.250000,0.000000,1.000000
13000.000000,3.028295,2.087386,-0.070158,0.906471,0.000000,1.000000,0.000000,2.000000,0.000000,0.601665,0.881284,0.880923,-0.025207,-0.865810,0.000000,0.000000,0.000000,65535.000000,2.655416,1.877531,3.028295,2.087386,3.028295,2.087386,0.250000,0.000000,1.000000
13010.000000,3.027617,2.096418,-0.067777,0.903247,0.000000,1.000000,0.000000,2.000000,0.000000,0.384097,0.909182,0.908568,-0.033399,-0.905685,0.000000,0.000000,0.000000,65535.000000,2.655416,1.877531,3.027617,2.096418,3.027617,2.096418,0.250000,0.000000,1.000000
13020.000000,3.027042,2.105507,-0.057501,0.908836,0.000000,1.000000,0.000000,2.000000,0.000000,0.384097,0.905786,0.905261,-0.030846,-0.897548,0.000000,0.000000,0.000000,65535.000000,2.655416,1.877531,3.027042,2.105507,3.027042,2.105507,0.250000,0.000000,1.000000
13030.000000,3.026584,2.114900,-0.045796,0.939338,0.000000,1.000000,0.000000,2.000000,0.000000,0.384097,0.910654,0.910427,-0.020318,-0.889556,0.000000,0.000000,0.000000,65535.000000,2.655416,1.877531,3.026584,2.114900,3.026584,2.114900,0.250000,0.000000,1.000000
13040.000000,3.026188,2.124638,-0.039520,0.973740,0.000000,1.000000,0.000000,2.000000,0.000000,0.326894,0.940453,0.940422,-0.007650,-0.952858,0.000000,0.000000,0.000000,65535.000000,2.655416,1.877531,3.026188,2.124638,3.026188,2.124638,0.250000,0.000000,1.000000
13050.000000,3.025782,2.134303,-0.040628,0.966506,0.000000,1.000000,0.000000,2.000000,0.000000,0.377753,0.974541,0.974541,0.000128,-0.933680,0.000000,0.000000,0.000000,65535.000000,2.655416,1.877531,3.025782,2.134303,3.025782,2.134303,0.250000,0.000000,1.000000
13060.000000,3.025333,2.143869,-0.044951,0.956679,0.000000,1.000000,0.000000,2.000000,0.000000,0.674985,0.967359,0.967358,-0.001300,-0.501247,0.000000,0.000000,0.000000,65535.000000,2.655416,1.877531,3.025333,2.143869,3.025333,2.143869,0.250000,0.000000,1.000000
13070.000000,3.024807,2.153459,-0.052570,0.958963,0.000000,1.000000,0.000000,2.000000,0.000000,0.450334,0.957735,0.957714,-0.006313,-0.475816,0.000000,0.000000,0.000000,65535.000000,2.655416,1.877531,3.024807,2.153459,3.024807,2.153459,0.250000,0.000000,1.000000
13080.000000,3.024261,2.163417,-0.054584,0.995829,0.000000,1.000000,0.000000,2.000000,0.000000,0.837060,0.960403,0.960297,-0.014215,-0.088601,0.000000,0.000000,0.000000,65535.000000,2.655416,1.877531,3.024261,2.163417,3.024261,2.163417,0.250000,0.000000,1.000000
13090.000000,3.023958,2.173488,-0.030307,1.007043,0.000000,1.000000,0.000000,2.000000,0.000000,0.837060,0.997324,0.997212,-0.014932,-0.088523,0.000000,0.000000,0.000000,65535.000000,2.655416,1.877531,3.023958,2.173488,3.023958,2.173488,0.250000,0.000000,1.000000
13100.000000,3.023713,2.183794,-0.024481,1.030596,0.000000,1.000000,0.000000,2.000000,0.000000,0.837060,1.007499,1.007448,0.010132,-0.108150,0.000000,0.000000,0.000000,65535.000000,2.655416,1.877531,3.023713,2.183794,3.023713,2.183794,0.250000,0.000000,1.000000
13110.000000,3.023414,2.193972,-0.029896,1.017845,0.000000,1.000000,0.000000,2.000000,0.000000,0.654069,1.030887,1.030742,0.017250,-0.251290,0.000000,0.000000,0.000000,65535.000000,2.655416,1.877531,3.023414,2.193972,3.023414,2.193972,0.250000,0.000000,1.000000
13120.000000,3.022992,2.204141,-0.042190,1.016856,0.000000,1.000000,0.000000,2.000000,0.000000,0.257728,1.018284,1.018222,0.011281,-0.865758,0.000000,0.000000,0.000000,65535.000000,2.655416,1.877531,3.022992,2.204141,3.022992,2.204141,0.250000,0.000000,1.000000
13130.000000,3.022463,2.213896,-0.052955,0.975539,0.000000,1.000000,0.000000,2.000000,0.000000,0.375758,1.017731,1.017730,-0.001345,-0.574537,0.000000,0.000000,0.000000,65535.000000,2.655416,1.877531,3.022463,2.213896,3.022463,2.213896,0.250000,0.000000,1.000000
13140.000000,3.021488,2.223357,-0.097518,0.946127,0.000000,1.000000,0.000000,2.000000,0.000000,0.511567,0.976975,0.976866,-0.014612,-0.425925,0.000000,0.000000,0.000000,65535.000000,2.655416,1.877531,3.021488,2.223357,3.021488,2.223357,0.250000,0.000000,1.000000
13150.000000,3.020317,2.232733,-0.117064,0.937572,0.000000,1.000000,0.000000,2.000000,0.000000,0.591457,0.951140,0.949159,-0.061357,-0.273186,0.000000,0.000000,0.000000,65535.000000,2.655416,1.877531,3.020317,2.232733,3.020317,2.232733,0.250000,0.000000,1.000000
13160.000000,3.019146,2.242329,-0.117071,0.959612,0.000000,1.000000,0.000000,2.000000,0.000000,0.591457,0.944852,0.941305,-0.081788,-0.272441,0.000000,0.000000,0.000000,65535.000000,2.655416,1.877531,3.019146,2.242329,3.019146,2.242329,0.250000,0.000000,1.000000
13170.000000,3.018133,2.251962,-0.101357,0.963264,0.000000,1.000000,0.000000,2.000000,0.000000,0.772615,0.966727,0.963307,-0.081235,0.072546,0.000000,0.000000,0.000000,65535.000000,2.655416,1.877531,3.018133,2.251962,3.018133,2.251962,0.250000,0.000000,1.000000
13180.000000,3.017233,2.261571,-0.089968,0.960954,0.000000,1.000000,0.000000,2.000000,0.000000,0.964870,0.968582,0.966349,-0.065732,0.072494,0.000000,0.000000,0.000000,65535.000000,2.655416,1.877531,3.017233,2.261571,3.017233,2.261571,0.250000,0.000000,1.000000
13190.000000,3.016314,2.271078,-0.091910,0.950676,0.000000,1.000000,0.000000,2.000000,0.000000,1.114264,0.965156,0.963636,-0.054145,0.072442,0.000000,0.000000,0.000000,65535.000000,2.655416,1.877531,3.016314,2.271078,3.016314,2.271078,0.250000,0.000000,1.000000
13200.000000,3.015116,2.280623,-0.119766,0.954534,0.000000,1.000000,0.000000,2.000000,0.000000,0.439729,0.955109,0.953466,-0.055992,-0.835493,0.000000,0.000000,0.000000,65535.000000,2.655416,1.877531,3.015116,2.280623,3.015116,2.280623,0.250000,0.000000,1.000000
13210.000000,3.013773,2.289905,-0.134319,0.928212,0.000000,1.000000,0.000000,2.000000,0.000000,0.443684,0.962018,0.958343,-0.084007,-0.823169,0.000000,0.000000,0.000000,65535.000000,2.655416,1.877531,3.013773,2.289905,3.013773,2.289905,0.250000,0.000000,1.000000
13220.000000,3.012401,2.299270,-0.137177,0.936437,0.000000,1.000000,0.000000,2.000000,0.000000,0.443684,0.937880,0.932552,-0.099831,-0.816441,0.000000,0.000000,0.000000,65535.000000,2.655416,1.877531,3.012401,2.299270,3.012401,2.299270,0.250000,0.000000,1.000000
13230.000000,3.010944,2.308564,-0.145746,0.929400,0.000000,1.000000,0.000000,2.000000,0.000000,0.347930,0.946431,0.940922,-0.101964,-0.942725,0.000000,0.000000,0.000000,65535.000000,2.655416,1.877531,3.010944,2.308564,3.010944,2.308564,0.250000,0.000000,1.000000
13240.000000,3.009291,2.317744,-0.165306,0.918059,0.000000,1.000000,0.000000,2.000000,0.000000,0.312849,0.940758,0.934286,-0.110166,-0.981884,0.000000,0.000000,0.000000,65535.000000,2.655416,1.877531,3.009291,2.317744,3.009291,2.317744,0.250000,0.000000,1.000000
13250.000000,3.007494,2.326697,-0.179674,0.895267,0.000000,1.000000,0.000000,2.000000,0.000000,0.440948,0.932823,0.923668,-0.130367,-0.794199,0.000000,0.000000,0.000000,65535.000000,2.655416,1.877531,3.007494,2.326697,3.007494,2.326697,0.250000,0.000000,1.000000
13260.000000,3.005705,2.335624,-0.178907,0.892715,0.000000,1.000000,0.000000,2.000000,0.000000,0.502588,0.913119,0.901448,-0.145528,-0.707646,0.000000,0.000000,0.000000,65535.000000,2.655416,1.877531,3.005705,2.335624,3.005705,2.335624,0.250000,0.000000,1.000000
13270.000000,3.003865,2.344625,-0.183977,0.900153,0.000000,1.000000,0.000000,2.000000,0.000000,0.524392,0.910465,0.898926,-0.144497,-0.702668,0.000000,0.000000,0.000000,65535.000000,2.655416,1.877531,3.003865,2.344625,3.003865,2.344625,0.250000,0.000000,1.000000
13280.000000,3.001784,2.353698,-0.208093,0.907282,0.000000,1.000000,0.000000,2.000000,0.000000,0.458792,0.918762,0.906537,-0.149378,-0.697760,0.000000,0.000000,0.000000,65535.000000,2.655416,1.877531,3.001784,2.353698,3.001784,2.353698,0.250000,0.000000,1.000000
13290.000000,2.999527,2.362540,-0.225724,0.884131,0.000000,1.000000,0.000000,2.000000,0.000000,0.491155,0.930840,0.914482,-0.173743,-0.248351,0.000000,0.000000,0.000000,65535.000000,2.655416,1.877531,2.999527,2.362540,2.999527,2.362540,0.250000,0.000000,1.000000
13300.000000,2.997080,2.371218,-0.244748,0.867837,0.000000,1.000000,0.000000,2.000000,0.000000,0.750236,0.912491,0.891882,-0.192839,0.359112,0.000000,0.000000,0.000000,65535.000000,2.655416,1.877531,2.997080,2.371218,2.997080,2.371218,0.250000,0.000000,1.000000
13310.000000,2.994417,2.379836,-0.266254,0.861812,0.000000,1.000000,0.000000,2.000000,0.000000,0.750236,0.901689,0.876042,-0.213525,0.357826,0.000000,0.000000,0.000000,65535.000000,2.655416,1.877531,2.994417,2.379836,2.994417,2.379836,0.250000,0.000000,1.000000
13320.000000,2.991562,2.388617,-0.285485,0.878106,0.000000,1.000000,0.000000,2.000000,0.000000,1.146984,0.902004,0.870243,-0.237254,0.333895,0.000000,0.000000,0.000000,65535.000000,2.655416,1.877531,2.991562,2.388617,2.991562,2.388617,0.250000,0.000000,1.000000
13330.000000,2.988526,2.397264,-0.303587,0.864744,0.000000,1.000000,0.000000,2.000000,0.000000,1.203691,0.923348,0.886963,-0.256649,-0.013131,0.000000,0.000000,0.000000,65535.000000,2.655416,1.877531,2.988526,2.397264,2.988526,2.397264,0.250000,0.000000,1.000000
13340.000000,2.985311,2.405766,-0.321558,0.850115,0.000000,1.000000,0.000000,2.000000,0.000000,0.819204,0.916487,0.874331,-0.274761,-0.261386,0.000000,0.000000,0.000000,65535.000000,2.655416,1.877531,2.985311,2.405766,2.985311,2.405766,0.250000,0.000000,1.000000
13350.000000,2.982027,2.413922,-0.328430,0.815652,0.000000,1.000000,0.000000,2.000000,0.000000,0.395803,0.908898,0.860687,-0.292085,-0.880393,0.000000,0.000000,0.000000,65535.000000,2.655416,1.877531,2.982027,2.413922,2.982027,2.413922,0.250000,0.000000,1.000000
13360.000000,2.978662,2.421903,-0.336442,0.798049,0.000000,1.000000,0.000000,2.000000,0.000000,0.380693,0.879292,0.826794,-0.299276,-0.892793,0.000000,0.000000,0.000000,65535.000000,2.655416,1.877531,2.978662,2.421903,2.978662,2.421903,0.250000,0.000000,1.000000
13370.000000,2.975200,2.429547,-0.346260,0.764390,0.000000,1.000000,0.000000,2.000000,0.000000,0.647152,0.866069,0.809255,-0.308516,-0.521839,0.000000,0.000000,0.000000,65535.000000,2.655416,1.877531,2.975200,2.429547,2.975200,2.429547,0.250000,0.000000,1.000000
13380.000000,2.971653,2.437029,-0.354635,0.748201,0.000000,1.000000,0.000000,2.000000,0.000000,0.723902,0.839159,0.775587,-0.320393,-0.379017,0.000000,0.000000,0.000000,65535.000000,2.655416,1.877531,2.971653,2.437029,2.971653,2.437029,0.250000,0.000000,1.000000
13390.000000,2.967996,2.444394,-0.365707,0.736554,0.000000,1.000000,0.000000,2.000000,0.000000,0.723902,0.827992,0.759495,-0.329754,-0.377584,0.000000,0.000000,0.000000,65535.000000,2.655416,1.877531,2.967996,2.444394,2.967996,2.444394,0.250000,0.000000,1.000000
13400.000000,2.964074,2.451706,-0.392224,0.731187,0.000000,1.000000,0.000000,2.000000,0.000000,0.793238,0.822347,0.748306,-0.341015,-0.271945,0.000000,0.000000,0.000000,65535.000000,2.655416,1.877531,2.964074,2.451706,2.964074,2.451706,0.250000,0.000000,1.000000
13410.000000,2.959997,2.458623,-0.407717,0.691747,0.000000,1.000000,0.000000,2.000000,0.000000,1.250862,0.829743,0.744053,-0.367230,0.420117,0.000000,0.000000,0.000000,65535.000000,2.655416,1.877531,2.959997,2.458623,2.959997,2.458623,0.250000,0.000000,1.000000
13420.000000,2.955665,2.465241,-0.433234,0.661801,0.000000,1.000000,0.000000,2.000000,0.000000,1.361243,0.802961,0.704805,-0.384704,0.457934,0.000000,0.000000,0.000000,65535.000000,2.655416,1.877531,2.955665,2.465241,2.955665,2.465241,0.250000,0.000000,1.000000
13430.000000,2.951085,2.471529,-0.458009,0.628746,0.000000,1.000000,0.000000,2.000000,0.000000,1.329325,0.790994,0.674818,-0.412665,0.456053,0.000000,0.000000,0.000000,65535.000000,2.655416,1.877531,2.951085,2.471529,2.951085,2.471529,0.250000,0.000000,1.000000
13440.000000,2.946103,2.477835,-0.498193,0.630643,0.000000,1.000000,0.000000,2.000000,0.000000,0.811712,0.777877,0.641359,-0.440173,0.291108,0.000000,0.000000,0.000000,65535.000000,2.655416,1.877531,2.946103,2.477835,2.946103,2.477835,0.250000,0.000000,1.000000
13450.000000,2.941185,2.483932,-0.491735,0.609661,0.000000,1.000000,0.000000,2.000000,0.000000,0.811712,0.803684,0.643713,-0.481188,0.290262,0.000000,0.000000,0.000000,65535.000000,2.655416,1.877531,2.941185,2.483932,2.941185,2.483932,0.250000,0.000000,1.000000
13460.000000,2.936161,2.489835,-0.502390,0.590261,0.000000,1.000000,0.000000,2.000000,0.000000,1.333223,0.783256,0.623568,-0.473974,-0.071700,0.000000,0.000000,0.000000,65535.000000,2.655416,1.877531,2.936161,2.489835,2.936161,2.489835,0.250000,0.000000,1.000000
13470.000000,2.930926,2.495482,-0.523541,0.564776,0.000000,1.000000,0.000000,2.000000,0.000000,0.944636,0.775115,0.605966,-0.483331,-0.063388,0.000000,0.000000,0.000000,65535.000000,2.655416,1.877531,2.930926,2.495482,2.930926,2.495482,0.250000,0.000000,1.000000
13480.000000,2.925359,2.500917,-0.556677,0.543440,0.000000,1.000000,0.000000,2.000000,0.000000,1.458211,0.770109,0.582073,-0.504240,0.863312,0.000000,0.000000,0.000000,65535.000000,2.655416,1.877531,2.925359,2.500917,2.925359,2.500917,0.250000,0.000000,1.000000
13490.000000,2.919662,2.506077,-0.569752,0.516034,0.000000,1.000000,0.000000,2.000000,0.000000,1.241975,0.777957,0.562169,-0.537757,1.452427,0.000000,0.000000,0.000000,65535.000000,2.655416,1.877531,2.919662,2.506077,2.919662,2.506077,0.250000,0.000000,1.000000
13500.000000,2.914010,2.511171,-0.565120,0.509358,0.000000,1.000000,0.000000,2.000000,0.000000,1.241975,0.768706,0.535555,-0.551444,1.431613,0.000000,0.000000,0.000000,65535.000000,2.655416,1.877531,2.914010,2.511171,2.914010,2.511171,0.250000,0.000000,1.000000
13510.000000,2.908500,2.516230,-0.550994,0.505934,0.000000,1.000000,0.000000,2.000000,0.000000,1.184816,0.760793,0.529027,-0.546751,1.411388,0.000000,0.000000,0.000000,65535.000000,2.655416,1.877531,2.908500,2.516230,2.908500,2.516230,0.250000,0.000000,1.000000
13520.000000,2.902822,2.521415,-0.567880,0.518475,0.000000,1.000000,0.000000,2.000000,0.000000,0.996053,0.748040,0.525019,-0.532841,-0.161979,0.000000,0.000000,0.000000,65535.000000,2.655416,1.877531,2.902822,2.521415,2.902822,2.521415,0.250000,0.000000,1.000000
13530.000000,2.896999,2.526474,-0.582247,0.505909,0.000000,1.000000,0.000000,2.000000,0.000000,0.596224,0.768963,0.537606,-0.549803,-0.665743,0.000000,0.000000,0.000000,65535.000000,2.655416,1.877531,2.896999,2.526474,2.896999,2.526474,0.250000,0.000000,1.000000
13540.000000,2.890956,2.531524,-0.604325,0.505063,0.000000,1.000000,0.000000,2.000000,0.000000,0.399448,0.771333,0.525053,-0.565044,-0.970211,0.000000,0.000000,0.000000,65535.000000,2.655416,1.877531,2.890956,2.531524,2.890956,2.531524,0.250000,0.000000,1.000000
13550.000000,2.884980,2.536531,-0.597589,0.500704,0.000000,1.000000,0.000000,2.000000,0.000000,0.399448,0.787590,0.524542,-0.587497,-0.960880,0.000000,0.000000,0.000000,65535.000000,2.655416,1.877531,2.884980,2.536531,2.884980,2.536531,0.250000,0.000000,1.000000
13560.000000,2.879085,2.541483,-0.589483,0.495139,0.000000,1.000000,0.000000,2.000000,0.000000,0.344062,0.779627,0.520303,-0.580606,-1.039636,0.000000,0.000000,0.000000,65535.000000,2.655416,1.877531,2.879085,2.541483,2.879085,2.541483,0.250000,0.000000,1.000000
13570.000000,2.873243,2.546240,-0.584188,0.475717,0.000000,1.000000,0.000000,2.000000,0.000000,0.333388,0.769840,0.515737,-0.571549,-1.045592,0.000000,0.000000,0.000000,65535.000000,2.655416,1.877531,2.873243,2.546240,2.873243,2.546240,0.250000,0.000000,1.000000
13580.000000,2.867129,2.550877,-0.611407,0.463743,0.000000,1.000000,0.000000,2.000000,0.000000,0.333388,0.753381,0.497232,-0.565988,-1.034762,0.000000,0.000000,0.000000,65535.000000,2.655416,1.877531,2.867129,2.550877,2.867129,2.550877,0.250000,0.000000,1.000000
13590.000000,2.860884,2.555424,-0.624500,0.454637,0.000000,1.000000,0.000000,2.000000,0.000000,0.181215,0.767383,0.487178,-0.592902,-1.302056,0.000000,0.000000,0.000000,65535.000000,2.655416,1.877531,2.860884,2.555424,2.860884,2.555424,0.250000,0.000000,1.000000
13600.000000,2.854585,2.560037,-0.629919,0.461366,0.000000,1.000000,0.000000,2.000000,0.000000,0.210450,0.772461,0.479043,-0.605981,-1.200891,0.000000,0.000000,0.000000,65535.000000,2.655416,1.877531,2.854585,2.560037,2.854585,2.560037,0.250000,0.000000,1.000000
13610.000000,2.848460,2.564594,-0.612473,0.455657,0.000000,1.000000,0.000000,2.000000,0.000000,0.295431,0.780805,0.485824,-0.611255,-1.053955,0.000000,0.000000,0.000000,65535.000000,2.655416,1.877531,2.848460,2.564594,2.848460,2.564594,0.250000,0.000000,1.000000
13620.000000,2.842291,2.569096,-0.616893,0.450223,0.000000,1.000000,0.000000,2.000000,0.000000,0.295431,0.763378,0.478865,-0.594503,-1.042952,0.000000,0.000000,0.000000,65535.000000,2.655416,1.877531,2.842291,2.569096,2.842291,2.569096,0.250000,0.000000,1.000000
13630.000000,2.836130,2.573546,-0.616151,0.444974,0.000000,1.000000,0.000000,2.000000,0.000000,0.295431,0.763713,0.473284,-0.599382,-1.032176,0.000000,0.000000,0.000000,65535.000000,2.655416,1.877531,2.836130,2.573546,2.836130,2.573546,0.250000,0.000000,1.000000
13640.000000,2.830005,2.578038,-0.612448,0.449176,0.000000,1.000000,0.000000,2.000000,0.000000,0.266395,0.760029,0.467895,-0.598931,-1.067291,0.000000,0.000000,0.000000,65535.000000,2.655416,1.877531,2.830005,2.578038,2.830005,2.578038,0.250000,0.000000,1.000000
13650.000000,2.823861,2.582566,-0.614443,0.452788,0.000000,1.000000,0.000000,2.000000,0.000000,0.169557,0.759507,0.471782,-0.595208,-1.207316,0.000000,0.000000,0.000000,65535.000000,2.655416,1.877531,2.823861,2.582566,2.823861,2.582566,0.250000,0.000000,1.000000
13660.000000,2.817559,2.587116,-0.630227,0.455022,0.000000,1.000000,0.000000,2.000000,0.000000,0.352650,0.763254,0.475478,-0.597058,-0.905965,0.000000,0.000000,0.000000,65535.000000,2.655416,1.877531,2.817559,2.587116,2.817559,2.587116,0.250000,0.000000,1.000000
13670.000000,2.811118,2.591640,-0.644059,0.452356,0.000000,1.000000,0.000000,2.000000,0.000000,0.704691,0.777322,0.478401,-0.612669,-0.345937,0.000000,0.000000,0.000000,65535.000000,2.655416,1.877531,2.811118,2.591640,2.811118,2.591640,0.250000,0.000000,1.000000
13680.000000,2.804587,2.596210,-0.653110,0.457088,0.000000,1.000000,0.000000,2.000000,0.000000,0.952856,0.787044,0.475616,-0.627078,-0.165982,0.000000,0.000000,0.000000,65535.000000,2.655416,1.877531,2.804587,2.596210,2.804587,2.596210,0.250000,0.000000,1.000000
13690.000000,2.798280,2.600674,-0.630732,0.446399,0.000000,1.000000,0.000000,2.000000,0.000000,1.136498,0.797171,0.479794,-0.636615,0.344162,0.000000,0.000000,0.000000,65535.000000,2.655416,1.877531,2.798280,2.600674,2.798280,2.600674,0.250000,0.000000,1.000000
13700.000000,2.792007,2.605144,-0.627220,0.446906,0.000000,1.000000,0.000000,2.000000,0.000000,1.214769,0.772719,0.467967,-0.614900,0.468384,0.000000,0.000000,0.000000,65535.000000,2.655416,1.877531,2.792007,2.605144,2.792007,2.605144,0.250000,0.000000,1.000000
13710.000000,2.785537,2.609647,-0.647065,0.450347,0.000000,1.000000,0.000000,2.000000,0.000000,1.214769,0.770149,0.468555,-0.611216,0.466198,0.000000,0.000000,0.000000,65535.000000,2.655416,1.877531,2.785537,2.609647,2.785537,2.609647,0.250000,0.000000,1.000000
13720.000000,2.778850,2.614061,-0.668649,0.441408,0.000000,1.000000,0.000000,2.000000,0.000000,1.214769,0.788356,0.473496,-0.630323,0.464033,0.000000,0.000000,0.000000,65535.000000,2.655416,1.877531,2.778850,2.614061,2.778850,2.614061,0.250000,0.000000,1.000000
13730.000000,2.772352,2.618331,-0.649803,0.426983,0.000000,1.000000,0.000000,2.000000,0.000000,1.105896,0.801206,0.466062,-0.651704,0.262022,0.000000,0.000000,0.000000,65535.000000,2.655416,1.877531,2.772352,2.618331,2.772352,2.618331,0.250000,0.000000,1.000000
13740.000000,2.765902,2.622635,-0.645020,0.430436,0.000000,1.000000,0.000000,2.000000,0.000000,0.888990,0.777534,0.450376,-0.633814,-0.074490,0.000000,0.000000,0.000000,65535.000000,2.655416,1.877531,2.765902,2.622635,2.765902,2.622635,0.250000,0.000000,1.000000
13750.000000,2.759552,2.626939,-0.634949,0.430388,0.000000,1.000000,0.000000,2.000000,0.000000,0.774537,0.775452,0.452521,-0.629722,-0.229395,0.000000,0.000000,0.000000,65535.000000,2.655416,1.877531,2.759552,2.626939,2.759552,2.626939,0.250000,0.000000,1.000000
13760.000000,2.753266,2.631244,-0.628664,0.430494,0.000000,1.000000,0.000000,2.000000,0.000000,0.774537,0.767068,0.451220,-0.620317,-0.228869,0.000000,0.000000,0.000000,65535.000000,2.655416,1.877531,2.753266,2.631244,2.753266,2.631244,0.250000,0.000000,1.000000
13770.000000,2.747018,2.635563,-0.624825,0.431891,0.000000,1.000000,0.000000,2.000000,0.000000,0.588422,0.761934,0.450422,-0.614543,-0.281930,0.000000,0.000000,0.000000,65535.000000,2.655416,1.877531,2.747018,2.635563,2.747018,2.635563,0.250000,0.000000,1.000000
13780.000000,2.740654,2.639991,-0.636393,0.442751,0.000000,1.000000,0.000000,2.000000,0.000000,0.688614,0.759563,0.451241,-0.610997,-0.419309,0.000000,0.000000,0.000000,65535.000000,2.655416,1.877531,2.740654,2.639991,2.740654,2.639991,0.250000,0.000000,1.000000
13790.000000,2.734122,2.644574,-0.653210,0.458313,0.000000,1.000000,0.000000,2.000000,0.000000,0.644789,0.775258,0.462865,-0.621917,-0.532402,0.000000,0.000000,0.000000,65535.000000,2.655416,1.877531,2.734122,2.644574,2.734122,2.644574,0.250000,0.000000,1.000000
13800.000000,2.727638,2.649190,-0.648335,0.461605,0.000000,1.000000,0.000000,2.000000,0.000000,0.558263,0.797956,0.479816,-0.637582,-0.627304,0.000000,0.000000,0.000000,65535.000000,2.655416,1.877531,2.727638,2.649190,2.727638,2.649190,0.250000,0.000000,1.000000
13810.000000,2.721472,2.653605,-0.616606,0.441563,0.000000,1.000000,0.000000,2.000000,0.000000,0.312715,0.795875,0.483682,-0.632036,-1.044812,0.000000,0.000000,0.000000,65535.000000,2.655416,1.877531,2.721472,2.653605,2.721472,2.653605,0.250000,0.000000,1.000000
13820.000000,2.715385,2.657985,-0.608692,0.437961,0.000000,1.000000,0.000000,2.000000,0.000000,0.312715,0.758407,0.462503,-0.601059,-1.033998,0.000000,0.000000,0.000000,65535.000000,2.655416,1.877531,2.715385,2.657985,2.715385,2.657985,0.250000,0.000000,1.000000
13830.000000,2.709269,2.662453,-0.611640,0.446798,0.000000,1.000000,0.000000,2.000000,0.000000,0.332624,0.749877,0.458004,-0.593758,-0.989285,0.000000,0.000000,0.000000,65535.000000,2.655416,1.877531,2.709269,2.662453,2.709269,2.662453,0.250000,0.000000,1.000000
13840.000000,2.703100,2.667142,-0.616918,0.468906,0.000000,1.000000,0.000000,2.000000,0.000000,0.332624,0.757451,0.466363,-0.596856,-0.979585,0.000000,0.000000,0.000000,65535.000000,2.655416,1.877531,2.703100,2.667142,2.703100,2.667142,0.250000,0.000000,1.000000
13850.000000,2.697109,2.671842,-0.599100,0.470023,0.000000,1.000000,0.000000,2.000000,0.000000,1.008154,0.774894,0.488506,-0.601516,-0.436721,0.000000,0.000000,0.000000,65535.000000,2.655416,1.877531,2.697109,2.671842,2.697109,2.671842,0.250000,0.000000,1.000000
13860.000000,2.691137,2.676566,-0.597190,0.472368,0.000000,1.000000,0.000000,2.000000,0.000000,0.926386,0.761474,0.489018,-0.583699,-0.011818,0.000000,0.000000,0.000000,65535.000000,2.655416,1.877531,2.691137,2.676566,2.691137,2.676566,0.250000,0.000000,1.000000
13870.000000,2.685117,2.681324,-0.602061,0.475848,0.000000,1.000000,0.000000,2.000000,0.000000,0.540983,0.761425,0.491294,-0.581720,-0.011817,0.000000,0.000000,0.000000,65535.000000,2.655416,1.877531,2.685117,2.681324,2.685117,2.681324,0.250000,0.000000,1.000000
13880.000000,2.679102,2.686155,-0.601438,0.483061,0.000000,1.000000,0.000000,2.000000,0.000000,0.540983,0.767404,0.494655,-0.586708,-0.011815,0.000000,0.000000,0.000000,65535.000000,2.655416,1.877531,2.679102,2.686155,2.679102,2.686155,0.250000,0.000000,1.000000
13890.000000,2.673372,2.690868,-0.572996,0.471295,0.000000,1.000000,0.000000,2.000000,0.000000,0.316941,0.771411,0.501298,-0.586324,-0.724181,0.000000,0.000000,0.000000,65535.000000,2.655416,1.877531,2.673372,2.690868,2.673372,2.690868,0.250000,0.000000,1.000000
13900.000000,2.667621,2.695634,-0.575165,0.476625,0.000000,1.000000,0.000000,2.000000,0.000000,0.381693,0.741919,0.488366,-0.558517,-0.537614,0.000000,0.000000,0.000000,65535.000000,2.655416,1.877531,2.667621,2.695634,2.667621,2.695634,0.250000,0.000000,1.000000
13910.000000,2.661632,2.700559,-0.598827,0.492451,0.000000,1.000000,0.000000,2.000000,0.000000,0.381693,0.746985,0.493511,-0.560744,-0.479363,0.000000,0.000000,0.000000,65535.000000,2.655416,1.877531,2.661632,2.700559,2.661632,2.700559,0.250000,0.000000,1.000000
13920.000000,2.655505,2.705654,-0.612727,0.509563,0.000000,1.000000,0.000000,2.000000,0.000000,0.511413,0.775308,0.509755,-0.584168,-0.453459,0.000000,0.000000,0.000000,65535.000000,2.655416,1.877531,2.655505,2.705654,2.655505,2.705654,0.250000,0.000000,1.000000
13930.000000,2.649593,2.710686,-0.591204,0.503165,0.000000,1.000000,0.000000,2.000000,0.000000,0.757884,0.796924,0.526925,-0.597861,0.147920,0.000000,0.000000,0.000000,65535.000000,2.655416,1.877531,2.649593,2.710686,2.649593,2.710686,0.250000,0.000000,1.000000
13940.000000,2.643742,2.715754,-0.585077,0.506815,0.000000,1.000000,0.000000,2.000000,0.000000,0.846298,0.776336,0.519803,-0.576630,0.353126,0.000000,0.000000,0.000000,65535.000000,2.655416,1.877531,2.643742,2.715754,2.643742,2.715754,0.250000,0.000000,1.000000
13950.000000,2.637906,2.720807,-0.583632,0.505333,0.000000,1.000000,0.000000,2.000000,0.000000,0.846298,0.774065,0.523935,-0.569797,0.351882,0.000000,0.000000,0.000000,65535.000000,2.655416,1.877531,2.637906,2.720807,2.637906,2.720807,0.250000,0.000000,1.000000
13960.000000,2.631986,2.725960,-0.592004,0.515314,0.000000,1.000000,0.000000,2.000000,0.000000,0.774731,0.772003,0.523201,-0.567670,0.117104,0.000000,0.000000,0.000000,65535.000000,2.655416,1.877531,2.631986,2.725960,2.631986,2.725960,0.250000,0.000000,1.000000
13970.000000,2.626053,2.731119,-0.593317,0.515894,0.000000,1.000000,0.000000,2.000000,0.000000,0.705795,0.784868,0.533873,-0.575324,-0.342110,0.000000,0.000000,0.000000,65535.000000,2.655416,1.877531,2.626053,2.731119,2.626053,2.731119,0.250000,0.000000,1.000000
13980.000000,2.620147,2.736318,-0.590582,0.519857,0.000000,1.000000,0.000000,2.000000,0.000000,0.613983,0.786239,0.534537,-0.576578,-0.520781,0.000000,0.000000,0.000000,65535.000000,2.655416,1.877531,2.620147,2.736318,2.620147,2.736318,0.250000,0.000000,1.000000
13990.000000,2.614246,2.741529,-0.590092,0.521104,0.000000,1.000000,0.000000,2.000000,0.000000,0.808840,0.786790,0.538216,-0.573901,0.099174,0.000000,0.000000,0.000000,65535.000000,2.655416,1.877531,2.614246,2.741529,2.614246,2.741529,0.250000,0.000000,1.000000
14000.000000,2.608276,2.746809,-0.597006,0.528057,0.000000,1.000000,0.000000,2.000000,0.000000,0.853017,0.787247,0.539166,-0.573636,0.739740,0.000000,0.000000,0.000000,65535.000000,2.655416,1.877531,2.608276,2.746809,2.608276,2.746809,0.250000,0.000000,1.000000
14010.000000,2.602390,2.752004,-0.588562,0.519498,0.000000,1.000000,0.000000,2.000000,0.000000,1.000747,0.797032,0.546292,-0.580366,1.308897,0.000000,0.000000,0.000000,65535.000000,2.655416,1.877531,2.602390,2.752004,2.602390,2.752004,0.250000,0.000000,1.000000
14020.000000,2.596607,2.757184,-0.578304,0.517987,0.000000,1.000000,0.000000,2.000000,0.000000,1.000747,0.785037,0.537583,-0.572091,1.291970,0.000000,0.000000,0.000000,65535.000000,2.655416,1.877531,2.596607,2.757184,2.596607,2.757184,0.250000,0.000000,1.000000
14030.000000,2.590808,2.762396,-0.579916,0.521193,0.000000,1.000000,0.000000,2.000000,0.000000,0.830645,0.776367,0.536161,-0.561496,0.834181,0.000000,0.000000,0.000000,65535.000000,2.655416,1.877531,2.590808,2.762396,2.590808,2.762396,0.250000,0.000000,1.000000
14040.000000,2.584724,2.767781,-0.608398,0.538525,0.000000,1.000000,0.000000,2.000000,0.000000,0.862385,0.779708,0.539867,-0.562573,0.614308,0.000000,0.000000,0.000000,65535.000000,2.655416,1.877531,2.584724,2.767781,2.584724,2.767781,0.250000,0.000000,1.000000
14050.000000,2.578558,2.773191,-0.616624,0.540987,0.000000,1.000000,0.000000,2.000000,0.000000,0.862385,0.812501,0.558499,-0.590116,0.610553,0.000000,0.000000,0.000000,65535.000000,2.655416,1.877531,2.578558,2.773191,2.578558,2.773191,0.250000,0.000000,1.000000
14060.000000,2.572393,2.778602,-0.616445,0.541086,0.000000,1.000000,0.000000,2.000000,0.000000,0.862385,0.820300,0.561433,-0.598067,0.606844,0.000000,0.000000,0.000000,65535.000000,2.655416,1.877531,2.572393,2.778602,2.572393,2.778602,0.250000,0.000000,1.000000
14070.000000,2.566315,2.784046,-0.607854,0.544372,0.000000,1.000000,0.000000,2.000000,0.000000,0.811878,0.820231,0.561273,-0.598124,0.838141,0.000000,0.000000,0.000000,65535.000000,2.655416,1.877531,2.566315,2.784046,2.566315,2.784046,0.250000,0.000000,1.000000
14080.000000,2.560161,2.789582,-0.615442,0.553596,0.000000,1.000000,0.000000,2.000000,0.000000,0.811878,0.815982,0.563791,-0.589887,0.831168,0.000000,0.000000,0.000000,65535.000000,2.655416,1.877531,2.560161,2.789582,2.560161,2.789582,0.250000,0.000000,1.000000
14090.000000,2.553918,2.795105,-0.624222,0.552363,0.000000,1.000000,0.000000,2.000000,0.000000,0.811878,0.827790,0.573188,-0.597237,0.824309,0.000000,0.000000,0.000000,65535.000000,2.655416,1.877531,2.553918,2.795105,2.553918,2.795105,0.250000,0.000000,1.000000
14100.000000,2.547404,2.800725,-0.651431,0.561904,0.000000,1.000000,0.000000,2.000000,0.000000,1.020084,0.833521,0.572415,-0.605886,0.125614,0.000000,0.000000,0.000000,65535.000000,2.655416,1.877531,2.547404,2.800725,2.547404,2.800725,0.250000,0.000000,1.000000
14110.000000,2.540878,2.806263,-0.652629,0.553839,0.000000,1.000000,0.000000,2.000000,0.000000,1.020084,0.860290,0.583063,-0.632564,0.125457,0.000000,0.000000,0.000000,65535.000000,2.655416,1.877531,2.540878,2.806263,2.540878,2.806263,0.250000,0.000000,1.000000
14120.000000,2.534423,2.811738,-0.645528,0.547519,0.000000,1.000000,0.000000,2.000000,0.000000,0.878468,0.855957,0.574553,-0.634469,-0.098629,0.000000,0.000000,0.000000,65535.000000,2.655416,1.877531,2.534423,2.811738,2.534423,2.811738,0.250000,0.000000,1.000000
14130.000000,2.528046,2.817116,-0.637698,0.537806,0.000000,1.000000,0.000000,2.000000,0.000000,0.509913,0.846453,0.566711,-0.628746,-0.398654,0.000000,0.000000,0.000000,65535.000000,2.655416,1.877531,2.528046,2.817116,2.528046,2.817116,0.250000,0.000000,1.000000
14140.000000,2.521651,2.822477,-0.639460,0.536102,0.000000,1.000000,0.000000,2.000000,0.000000,0.509913,0.834202,0.555354,-0.622475,-0.397069,0.000000,0.000000,0.000000,65535.000000,2.655416,1.877531,2.521651,2.822477,2.521651,2.822477,0.250000,0.000000,1.000000
14150.000000,2.515196,2.827926,-0.645532,0.544846,0.000000,1.000000,0.000000,2.000000,0.000000,0.622681,0.834454,0.552306,-0.625518,-0.053092,0.000000,0.000000,0.000000,65535.000000,2.655416,1.877531,2.515196,2.827926,2.515196,2.827926,0.250000,0.000000,1.000000
14160.000000,2.508711,2.833394,-0.648483,0.546842,0.000000,1.000000,0.000000,2.000000,0.000000,0.622681,0.844730,0.560248,-0.632211,-0.039413,0.000000,0.000000,0.000000,65535.000000,2.655416,1.877531,2.508711,2.833394,2.508711,2.833394,0.250000,0.000000,1.000000
14170.000000,2.502261,2.838645,-0.644966,0.525069,0.000000,1.000000,0.000000,2.000000,0.000000,0.720526,0.848272,0.562508,-0.634942,-0.039397,0.000000,0.000000,0.000000,65535.000000,2.655416,1.877531,2.502261,2.838645,2.502261,2.838645,0.250000,0.000000,1.000000
14180.000000,2.495793,2.843653,-0.646827,0.500870,0.000000,1.000000,0.000000,2.000000,0.000000,0.758974,0.831672,0.541651,-0.631104,-0.402792,0.000000,0.000000,0.000000,65535.000000,2.655416,1.877531,2.495793,2.843653,2.495793,2.843653,0.250000,0.000000,1.000000
14190.000000,2.489307,2.848507,-0.648625,0.485315,0.000000,1.000000,0.000000,2.000000,0.000000,0.714657,0.818081,0.518377,-0.632884,-0.428864,0.000000,0.000000,0.000000,65535.000000,2.655416,1.877531,2.489307,2.848507,2.489307,2.848507,0.250000,0.000000,1.000000
14200.000000,2.482692,2.853376,-0.661476,0.486913,0.000000,1.000000,0.000000,2.000000,0.000000,0.631451,0.810089,0.503433,-0.634666,-0.601043,0.000000,0.000000,0.000000,65535.000000,2.655416,1.877531,2.482692,2.853376,2.482692,2.853376,0.250000,0.000000,1.000000
14210.000000,2.476129,2.858199,-0.656317,0.482335,0.000000,1.000000,0.000000,2.000000,0.000000,0.654889,0.821362,0.505379,-0.647478,-0.646594,0.000000,0.000000,0.000000,65535.000000,2.655416,1.877531,2.476129,2.858199,2.476129,2.858199,0.250000,0.000000,1.000000
14220.000000,2.469443,2.863030,-0.668547,0.483118,0.000000,1.000000,0.000000,2.000000,0.000000,0.606348,0.814493,0.500031,-0.642937,-0.422991,0.000000,0.000000,0.000000,65535.000000,2.655416,1.877531,2.469443,2.863030,2.469443,2.863030,0.250000,0.000000,1.000000
14230.000000,2.462604,2.867829,-0.683965,0.479871,0.000000,1.000000,0.000000,2.000000,0.000000,0.455779,0.824839,0.500019,-0.656003,-0.421208,0.000000,0.000000,0.000000,65535.000000,2.655416,1.877531,2.462604,2.867829,2.462604,2.867829,0.250000,0.000000,1.000000
14240.000000,2.455538,2.872533,-0.706604,0.470392,0.000000,1.000000,0.000000,2.000000,0.000000,0.853103,0.835514,0.496086,-0.672296,0.671055,0.000000,0.000000,0.000000,65535.000000,2.655416,1.877531,2.455538,2.872533,2.455538,2.872533,0.250000,0.000000,1.000000
14250.000000,2.448490,2.877030,-0.704768,0.449654,0.000000,1.000000,0.000000,2.000000,0.000000,0.853103,0.848857,0.485821,-0.696086,0.666577,0.000000,0.000000,0.000000,65535.000000,2.655416,1.877531,2.448490,2.877030,2.448490,2.877030,0.250000,0.000000,1.000000
14260.000000,2.441303,2.881448,-0.718686,0.441841,0.000000,1.000000,0.000000,2.000000,0.000000,0.853103,0.835994,0.463816,-0.695529,0.662159,0.000000,0.000000,0.000000,65535.000000,2.655416,1.877531,2.441303,2.881448,2.441303,2.881448,0.250000,0.000000,1.000000
14270.000000,2.433932,2.885767,-0.737137,0.431874,0.000000,1.000000,0.000000,2.000000,0.000000,0.729098,0.843642,0.456193,-0.709662,0.538361,0.000000,0.000000,0.000000,65535.000000,2.655416,1.877531,2.433932,2.885767,2.433932,2.885767,0.250000,0.000000,1.000000
14280.000000,2.426402,2.889879,-0.753003,0.411195,0.000000,1.000000,0.000000,2.000000,0.000000,0.795206,0.854334,0.448242,-0.727300,0.535475,0.000000,0.000000,0.000000,65535.000000,2.655416,1.877531,2.426402,2.889879,2.426402,2.889879,0.250000,0.000000,1.000000
14290.000000,2.418987,2.893645,-0.741488,0.376614,0.000000,1.000000,0.000000,2.000000,0.000000,0.795206,0.857960,0.430275,-0.742266,-0.230956,0.000000,0.000000,0.000000,65535.000000,2.655416,1.877531,2.418987,2.893645,2.418987,2.893645,0.250000,0.000000,1.000000
14300.000000,2.411501,2.897097,-0.748531,0.345173,0.000000,1.000000,0.000000,2.000000,0.000000,1.043583,0.831650,0.396999,-0.730776,0.267094,0.000000,0.000000,0.000000,65535.000000,2.655416,1.877531,2.411501,2.897097,2.411501,2.897097,0.250000,0.000000,1.000000
14310.000000,2.403063,2.900901,-0.843814,0.380396,0.000000,1.000000,0.000000,2.000000,0.000000,1.250376,0.824283,0.366754,-0.738197,1.023631,0.000000,0.000000,0.000000,65535.000000,2.655416,1.877531,2.403063,2.900901,2.403063,2.900901,0.250000,0.000000,1.000000
14320.000000,2.394338,2.904468,-0.872551,0.356775,0.000000,1.000000,0.000000,2.000000,0.000000,1.250376,0.833168,0.338370,-0.761363,1.723622,0.000000,0.000000,0.000000,65535.000000,2.655416,1.877531,2.394338,2.904468,2.394338,2.904468,0.250000,0.000000,1.000000
14330.000000,2.385573,2.907941,-0.876523,0.347260,0.000000,1.000000,0.000000,2.000000,0.000000,1.180485,0.851844,0.315054,-0.791441,1.694388,0.000000,0.000000,0.000000,65535.000000,2.655416,1.877531,2.385573,2.907941,2.385573,2.907941,0.250000,0.000000,1.000000
14340.000000,2.376962,2.911345,-0.861088,0.340446,0.000000,1.000000,0.000000,2.000000,0.000000,1.373420,0.843198,0.296813,-0.789231,1.666129,0.000000,0.000000,0.000000,65535.000000,2.655416,1.877531,2.376962,2.911345,2.376962,2.911345,0.250000,0.000000,1.000000
14350.000000,2.368666,2.914673,-0.829527,0.332725,0.000000,1.000000,0.000000,2.000000,0.000000,1.373420,0.840016,0.298697,-0.785116,0.862466,0.000000,0.000000,0.000000,65535.000000,2.655416,1.877531,2.368666,2.914673,2.368666,2.914673,0.250000,0.000000,1.000000
14360.000000,2.360507,2.918000,-0.815916,0.332765,0.000000,1.000000,0.000000,2.000000,0.000000,1.064470,0.837234,0.311631,-0.777076,0.233067,0.000000,0.000000,0.000000,65535.000000,2.655416,1.877531,2.360507,2.918000,2.360507,2.918000,0.250000,0.000000,1.000000
14370.000000,2.352709,2.921213,-0.779863,0.321317,0.000000,1.000000,0.000000,2.000000,0.000000,0.546978,0.848091,0.328731,-0.781789,-0.676919,0.000000,0.000000,0.000000,65535.000000,2.655416,1.877531,2.352709,2.921213,2.352709,2.921213,0.250000,0.000000,1.000000
14380.000000,2.344926,2.924339,-0.778259,0.312529,0.000000,1.000000,0.000000,2.000000,0.000000,0.396272,0.830247,0.331380,-0.761247,-1.212890,0.000000,0.000000,0.000000,65535.000000,2.655416,1.877531,2.344926,2.924339,2.344926,2.924339,0.250000,0.000000,1.000000
14390.000000,2.336943,2.927494,-0.798330,0.315563,0.000000,1.000000,0.000000,2.000000,0.000000,0.317953,0.838666,0.332352,-0.770002,-1.368922,0.000000,0.000000,0.000000,65535.000000,2.655416,1.877531,2.336943,2.927494,2.336943,2.927494,0.250000,0.000000,1.000000
14400.000000,2.328771,2.930680,-0.817147,0.318605,0.000000,1.000000,0.000000,2.000000,0.000000,0.324290,0.858435,0.336220,-0.789853,-1.336940,0.000000,0.000000,0.000000,65535.000000,2.655416,1.877531,2.328771,2.930680,2.328771,2.930680,0.250000,0.000000,1.000000
14410.000000,2.320742,2.933808,-0.802945,0.312736,0.000000,1.000000,0.000000,2.000000,0.000000,0.343718,0.877063,0.340558,-0.808245,-1.277311,0.000000,0.000000,0.000000,65535.000000,2.655416,1.877531,2.320742,2.933808,2.320742,2.933808,0.250000,0.000000,1.000000
14420.000000,2.312581,2.936857,-0.816032,0.304946,0.000000,1.000000,0.000000,2.000000,0.000000,0.527373,0.861698,0.334716,-0.794034,-0.867714,0.000000,0.000000,0.000000,65535.000000,2.655416,1.877531,2.312581,2.936857,2.312581,2.936857,0.250000,0.000000,1.000000
14430.000000,2.304237,2.939747,-0.834449,0.289022,0.000000,1.000000,0.000000,2.000000,0.000000,0.679960,0.871149,0.327204,-0.807365,-0.634577,0.000000,0.000000,0.000000,65535.000000,2.655416,1.877531,2.304237,2.939747,2.304237,2.939747,0.250000,0.000000,1.000000
14440.000000,2.295676,2.942532,-0.856047,0.278498,0.000000,1.000000,0.000000,2.000000,0.000000,0.473040,0.883085,0.310815,-0.826579,-0.420837,0.000000,0.000000,0.000000,65535.000000,2.655416,1.877531,2.295676,2.942532,2.295676,2.942532,0.250000,0.000000,1.000000
14450.000000,2.287255,2.945402,-0.842169,0.286961,0.000000,1.000000,0.000000,2.000000,0.000000,0.467238,0.900210,0.300098,-0.848716,-0.319415,0.000000,0.000000,0.000000,65535.000000,2.655416,1.877531,2.287255,2.945402,2.287255,2.945402,0.250000,0.000000,1.000000
14460.000000,2.278826,2.948502,-0.842867,0.310061,0.000000,1.000000,0.000000,2.000000,0.000000,0.467238,0.889716,0.307911,-0.834737,-0.318397,0.000000,0.000000,0.000000,65535.000000,2.655416,1.877531,2.278826,2.948502,2.278826,2.948502,0.250000,0.000000,1.000000
14470.000000,2.270304,2.951708,-0.852216,0.320609,0.000000,1.000000,0.000000,2.000000,0.000000,0.765535,0.898088,0.330373,-0.835114,0.367650,0.000000,0.000000,0.000000,65535.000000,2.655416,1.877531,2.270304,2.951708,2.270304,2.951708,0.250000,0.000000,1.000000
14480.000000,2.261530,2.954970,-0.877410,0.326193,0.000000,1.000000,0.000000,2.000000,0.000000,0.884399,0.910528,0.340893,-0.844306,0.745906,0.000000,0.000000,0.000000,65535.000000,2.655416,1.877531,2.261530,2.954970,2.261530,2.954970,0.250000,0.000000,1.000000
14490.000000,2.252971,2.958186,-0.855905,0.321543,0.000000,1.000000,0.000000,2.000000,0.000000,0.910560,0.936082,0.347352,-0.869251,0.740378,0.000000,0.000000,0.000000,65535.000000,2.655416,1.877531,2.252971,2.958186,2.252971,2.958186,0.250000,0.000000,1.000000
14500.000000,2.244399,2.961403,-0.857217,0.321698,0.000000,1.000000,0.000000,2.000000,0.000000,0.982456,0.914310,0.343468,-0.847345,0.525791,0.000000,0.000000,0.000000,65535.000000,2.655416,1.877531,2.244399,2.961403,2.244399,2.961403,0.250000,0.000000,1.000000
14510.000000,2.235636,2.964700,-0.876332,0.329785,0.000000,1.000000,0.000000,2.000000,0.000000,0.918251,0.915593,0.344353,-0.848370,-0.023104,0.000000,0.000000,0.000000,65535.000000,2.655416,1.877531,2.235636,2.964700,2.235636,2.964700,0.250000,0.000000,1.000000
14520.000000,2.226610,2.968219,-0.902529,0.351816,0.000000,1.000000,0.000000,2.000000,0.000000,0.903902,0.936332,0.352094,-0.867610,-0.106797,0.000000,0.000000,0.000000,65535.000000,2.655416,1.877531,2.226610,2.968219,2.226610,2.968219,0.250000,0.000000,1.000000
14530.000000,2.217758,2.971859,-0.885231,0.364035,0.000000,1.000000,0.000000,2.000000,0.000000,0.475163,0.968676,0.373203,-0.893898,-0.533481,0.000000,0.000000,0.000000,65535.000000,2.655416,1.877531,2.217758,2.971859,2.217758,2.971859,0.250000,0.000000,1.000000
14540.000000,2.208948,2.975616,-0.880983,0.375737,0.000000,1.000000,0.000000,2.000000,0.000000,0.475163,0.957160,0.383546,-0.876953,-0.530648,0.000000,0.000000,0.000000,65535.000000,2.655416,1.877531,2.208948,2.975616,2.208948,2.975616,0.250000,0.000000,1.000000
14550.000000,2.200004,2.979361,-0.894462,0.374449,0.000000,1.000000,0.000000,2.000000,0.000000,0.398646,0.957763,0.394477,-0.872753,-1.201681,0.000000,0.000000,0.000000,65535.000000,2.655416,1.877531,2.200004,2.979361,2.200004,2.979361,0.250000,0.000000,1.000000
14560.000000,2.190861,2.983050,-0.914317,0.368892,0.000000,1.000000,0.000000,2.000000,0.000000,0.484501,0.969677,0.393992,-0.886027,-0.575118,0.000000,0.000000,0.000000,65535.000000,2.655416,1.877531,2.190861,2.983050,2.190861,2.983050,0.250000,0.000000,1.000000
14570.000000,2.181601,2.986736,-0.925968,0.368569,0.000000,1.000000,0.000000,2.000000,0.000000,0.608539,0.985930,0.389114,-0.905896,-0.199041,0.000000,0.000000,0.000000,65535.000000,2.655416,1.877531,2.181601,2.986736,2.181601,2.986736,0.250000,0.000000,1.000000
14580.000000,2.172366,2.990282,-0.923510,0.354633,0.000000,1.000000,0.000000,2.000000,0.000000,0.608539,0.996624,0.389391,-0.917406,-0.198645,0.000000,0.000000,0.000000,65535.000000,2.655416,1.877531,2.172366,2.990282,2.172366,2.990282,0.250000,0.000000,1.000000
14590.000000,2.163093,2.993691,-0.927294,0.340918,0.000000,1.000000,0.000000,2.000000,0.000000,0.955204,0.989260,0.376476,-0.914823,0.514414,0.000000,0.000000,0.000000,65535.000000,2.655416,1.877531,2.163093,2.993691,2.163093,2.993691,0.250000,0.000000,1.000000
14600.000000,2.153644,2.997037,-0.944833,0.334582,0.000000,1.000000,0.000000,2.000000,0.000000,0.955204,0.987978,0.363312,-0.918751,0.728019,0.000000,0.000000,0.000000,65535.000000,2.655416,1.877531,2.153644,2.997037,2.153644,2.997037,0.250000,0.000000,1.000000
14610.000000,2.144277,3.000404,-0.936740,0.336721,0.000000,1.000000,0.000000,2.000000,0.000000,0.955204,1.002324,0.355884,-0.937017,1.294936,0.000000,0.000000,0.000000,65535.000000,2.655416,1.877531,2.144277,3.000404,2.144277,3.000404,0.250000,0.000000,1.000000
14620.000000,2.134989,3.003943,-0.928826,0.353943,0.000000,1.000000,0.000000,2.000000,0.000000,0.884319,0.995421,0.355902,-0.929621,1.278366,0.000000,0.000000,0.000000,65535.000000,2.655416,1.877531,2.134989,3.003943,2.134989,3.003943,0.250000,0.000000,1.000000
14630.000000,2.125499,3.007661,-0.948961,0.371766,0.000000,1.000000,0.000000,2.000000,0.000000,0.883926,0.993979,0.372270,-0.921634,1.260679,0.000000,0.000000,0.000000,65535.000000,2.655416,1.877531,2.125499,3.007661,2.125499,3.007661,0.250000,0.000000,1.000000
14640.000000,2.115683,3.011453,-0.981607,0.379199,0.000000,1.000000,0.000000,2.000000,0.000000,0.672067,1.019185,0.390170,-0.941544,0.137342,0.000000,0.000000,0.000000,65535.000000,2.655416,1.877531,2.115683,3.011453,2.115683,3.011453,0.250000,0.000000,1.000000
14650.000000,2.105962,3.015286,-0.972140,0.383310,0.000000,1.000000,0.000000,2.000000,0.000000,0.707761,1.052304,0.397236,-0.974447,0.137153,0.000000,0.000000,0.000000,65535.000000,2.655416,1.877531,2.105962,3.015286,2.105962,3.015286,0.250000,0.000000,1.000000
14660.000000,2.096398,3.019145,-0.956321,0.385878,0.000000,1.000000,0.000000,2.000000,0.000000,0.838215,1.044979,0.400920,-0.965011,-0.375910,0.000000,0.000000,0.000000,65535.000000,2.655416,1.877531,2.096398,3.019145,2.096398,3.019145,0.250000,0.000000,1.000000
14670.000000,2.086900,3.023003,-0.949878,0.385783,0.000000,1.000000,0.000000,2.000000,0.000000,1.136875,1.031238,0.403836,-0.948877,0.492683,0.000000,0.000000,0.000000,65535.000000,2.655416,1.877531,2.086900,3.023003,2.086900,3.023003,0.250000,0.000000,1.000000
14680.000000,2.077155,3.026856,-0.974405,0.385297,0.000000,1.000000,0.000000,2.000000,0.000000,1.151865,1.025230,0.403664,-0.942418,0.685971,0.000000,0.000000,0.000000,65535.000000,2.655416,1.877531,2.077155,3.026856,2.077155,3.026856,0.250000,0.000000,1.000000
14690.000000,2.067411,3.030622,-0.974449,0.376661,0.000000,1.000000,0.000000,2.000000,0.000000,1.151865,1.047817,0.404212,-0.966712,0.681292,0.000000,0.000000,0.000000,65535.000000,2.655416,1.877531,2.067411,3.030622,2.067411,3.030622,0.250000,0.000000,1.000000
14700.000000,2.057698,3.034319,-0.971309,0.369709,0.000000,1.000000,0.000000,2.000000,0.000000,0.957896,1.044712,0.396698,-0.966465,-0.478626,0.000000,0.000000,0.000000,65535.000000,2.655416,1.877531,2.057698,3.034319,2.057698,3.034319,0.250000,0.000000,1.000000
14710.000000,2.047932,3.037880,-0.976558,0.356038,0.000000,1.000000,0.000000,2.000000,0.000000,1.031843,1.039291,0.389468,-0.963556,-0.663243,0.000000,0.000000,0.000000,65535.000000,2.655416,1.877531,2.047932,3.037880,2.047932,3.037880,0.250000,0.000000,1.000000
14720.000000,2.038016,3.041413,-0.991606,0.353350,0.000000,1.000000,0.000000,2.000000,0.000000,0.704221,1.039437,0.375214,-0.969352,-0.658868,0.000000,0.000000,0.000000,65535.000000,2.655416,1.877531,2.038016,3.041413,2.038016,3.041413,0.250000,0.000000,1.000000
14730.000000,2.028125,3.044927,-0.989083,0.351374,0.000000,1.000000,0.000000,2.000000,0.000000,0.382011,1.052682,0.372351,-0.984628,-1.362926,0.000000,0.000000,0.000000,65535.000000,2.655416,1.877531,2.028125,3.044927,2.028125,3.044927,0.250000,0.000000,1.000000
14740.000000,2.018045,3.048458,-1.008011,0.353099,0.000000,1.000000,0.000000,2.000000,0.000000,0.438619,1.049642,0.369939,-0.982290,-1.206636,0.000000,0.000000,0.000000,65535.000000,2.655416,1.877531,2.018045,3.048458,2.018045,3.048458,0.250000,0.000000,1.000000
14750.000000,2.008049,3.051983,-0.999634,0.352496,0.000000,1.000000,0.000000,2.000000,0.000000,0.438619,1.068066,0.371075,-1.001534,-1.192236,0.000000,0.000000,0.000000,65535.000000,2.655416,1.877531,2.008049,3.051983,2.008049,3.051983,0.250000,0.000000,1.000000
14760.000000,1.998092,3.055635,-0.995660,0.365177,0.000000,1.000000,0.000000,2.000000,0.000000,0.438619,1.059963,0.369809,-0.993360,-1.178175,0.000000,0.000000,0.000000,65535.000000,2.655416,1.877531,1.998092,3.055635,1.998092,3.055635,0.250000,0.000000,1.000000
14770.000000,1.988127,3.059250,-0.996566,0.361523,0.000000,1.000000,0.000000,2.000000,0.000000,0.392579,1.060516,0.382771,-0.989030,-1.276629,0.000000,0.000000,0.000000,65535.000000,2.655416,1.877531,1.988127,3.059250,1.988127,3.059250,0.250000,0.000000,1.000000
14780.000000,1.977852,3.062907,-1.027426,0.365649,0.000000,1.000000,0.000000,2.000000,0.000000,0.312356,1.060114,0.379608,-0.989818,-1.453826,0.000000,0.000000,0.000000,65535.000000,2.655416,1.877531,1.977852,3.062907,1.977852,3.062907,0.250000,0.000000,1.000000
14790.000000,1.967436,3.066718,-1.041607,0.381155,0.000000,1.000000,0.000000,2.000000,0.000000,0.312356,1.090551,0.384208,-1.020630,-1.432973,0.000000,0.000000,0.000000,65535.000000,2.655416,1.877531,1.967436,3.066718,1.967436,3.066718,0.250000,0.000000,1.000000
14800.000000,1.957039,3.070435,-1.039713,0.371690,0.000000,1.000000,0.000000,2.000000,0.000000,0.533943,1.109155,0.399463,-1.034724,-0.442812,0.000000,0.000000,0.000000,65535.000000,2.655416,1.877531,1.957039,3.070435,1.957039,3.070435,0.250000,0.000000,1.000000
14810.000000,1.946769,3.073863,-1.027022,0.342796,0.000000,1.000000,0.000000,2.000000,0.000000,0.744020,1.104154,0.389857,-1.033038,-0.394197,0.000000,0.000000,0.000000,65535.000000,2.655416,1.877531,1.946769,3.073863,1.946769,3.073863,0.250000,0.000000,1.000000
14820.000000,1.936355,3.077122,-1.041342,0.325896,0.000000,1.000000,0.000000,2.000000,0.000000,0.757619,1.082720,0.360406,-1.020975,-0.392647,0.000000,0.000000,0.000000,65535.000000,2.655416,1.877531,1.936355,3.077122,1.936355,3.077122,0.250000,0.000000,1.000000
14830.000000,1.925751,3.080323,-1.060486,0.320145,0.000000,1.000000,0.000000,2.000000,0.000000,0.730162,1.091147,0.343632,-1.035625,-0.450328,0.000000,0.000000,0.000000,65535.000000,2.655416,1.877531,1.925751,3.080323,1.925751,3.080323,0.250000,0.000000,1.000000
14840.000000,1.915055,3.083571,-1.069536,0.324779,0.000000,1.000000,0.000000,2.000000,0.000000,0.391628,1.107756,0.337912,-1.054959,-1.237159,0.000000,0.000000,0.000000,65535.000000,2.655416,1.877531,1.915055,3.083571,1.915055,3.083571,0.250000,0.000000,1.000000
14850.000000,1.904598,3.086835,-1.045765,0.326429,0.000000,1.000000,0.000000,2.000000,0.000000,0.127011,1.117760,0.342251,-1.064074,-1.864323,0.000000,0.000000,0.000000,65535.000000,2.655416,1.877531,1.904598,3.086835,1.904598,3.086835,0.250000,0.000000,1.000000
14860.000000,1.894058,3.089987,-1.053958,0.315139,0.000000,1.000000,0.000000,2.000000,0.000000,0.127856,1.095527,0.344261,-1.040031,-1.828104,0.000000,0.000000,0.000000,65535.000000,2.655416,1.877531,1.894058,3.089987,1.894058,3.089987,0.250000,0.000000,1.000000
14870.000000,1.883196,3.093035,-1.086180,0.304775,0.000000,1.000000,0.000000,2.000000,0.000000,0.142558,1.100063,0.334373,-1.048014,-1.760492,0.000000,0.000000,0.000000,65535.000000,2.655416,1.877531,1.883196,3.093035,1.883196,3.093035,0.250000,0.000000,1.000000
14880.000000,1.872138,3.096092,-1.105881,0.305692,0.000000,1.000000,0.000000,2.000000,0.000000,0.723390,1.128129,0.324376,-1.080488,-0.447840,0.000000,0.000000,0.000000,65535.000000,2.655416,1.877531,1.872138,3.096092,1.872138,3.096092,0.250000,0.000000,1.000000
14890.000000,1.861255,3.099238,-1.088258,0.314678,0.000000,1.000000,0.000000,2.000000,0.000000,0.852148,1.147354,0.324780,-1.100427,0.008371,0.000000,0.000000,0.000000,65535.000000,2.655416,1.877531,1.861255,3.099238,1.861255,3.099238,0.250000,0.000000,1.000000
14900.000000,1.850399,3.102415,-1.085580,0.317697,0.000000,1.000000,0.000000,2.000000,0.000000,0.787079,1.132840,0.332225,-1.083030,0.473080,0.000000,0.000000,0.000000,65535.000000,2.655416,1.877531,1.850399,3.102415,1.850399,3.102415,0.250000,0.000000,1.000000
14910.000000,1.839498,3.105467,-1.090081,0.305199,0.000000,1.000000,0.000000,2.000000,0.000000,0.704174,1.131112,0.334180,-1.080620,0.470850,0.000000,0.000000,0.000000,65535.000000,2.655416,1.877531,1.839498,3.105467,1.839498,3.105467,0.250000,0.000000,1.000000
14920.000000,1.828288,3.108407,-1.121021,0.293957,0.000000,1.000000,0.000000,2.000000,0.000000,0.729201,1.131999,0.321640,-1.085343,0.703157,0.000000,0.000000,0.000000,65535.000000,2.655416,1.877531,1.828288,3.108407,1.828288,3.108407,0.250000,0.000000,1.000000
14930.000000,1.817198,3.111233,-1.109006,0.282670,0.000000,1.000000,0.000000,2.000000,0.000000,0.729201,1.158921,0.310670,-1.116504,0.698242,0.000000,0.000000,0.000000,65535.000000,2.655416,1.877531,1.817198,3.111233,1.817198,3.111233,0.250000,0.000000,1.000000
14940.000000,1.805997,3.114041,-1.120127,0.280752,0.000000,1.000000,0.000000,2.000000,0.000000,1.082779,1.144464,0.299355,-1.104619,0.521408,0.000000,0.000000,0.000000,65535.000000,2.655416,1.877531,1.805997,3.114041,1.805997,3.114041,0.250000,0.000000,1.000000
14950.000000,1.794772,3.116873,-1.122474,0.283135,0.000000,1.000000,0.000000,2.000000,0.000000,0.797593,1.154776,0.296987,-1.115933,-0.910723,0.000000,0.000000,0.000000,65535.000000,2.655416,1.877531,1.794772,3.116873,1.794772,3.116873,0.250000,0.000000,1.000000
14960.000000,1.783361,3.119528,-1.141128,0.265569,0.000000,1.000000,0.000000,2.000000,0.000000,1.149736,1.157632,0.300113,-1.118054,1.414334,0.000000,0.000000,0.000000,65535.000000,2.655416,1.877531,1.783361,3.119528,1.783361,3.119528,0.250000,0.000000,1.000000
14970.000000,1.772068,3.121969,-1.129323,0.244010,0.000000,1.000000,0.000000,2.000000,0.000000,0.950231,1.171622,0.284368,-1.136589,1.394590,0.000000,0.000000,0.000000,65535.000000,2.655416,1.877531,1.772068,3.121969,1.772068,3.121969,0.250000,0.000000,1.000000
14980.000000,1.760721,3.124504,-1.134678,0.253551,0.000000,1.000000,0.000000,2.000000,0.000000,0.950231,1.155384,0.262269,-1.125223,1.375391,0.000000,0.000000,0.000000,65535.000000,2.655416,1.877531,1.760721,3.124504,1.760721,3.124504,0.250000,0.000000,1.000000
14990.000000,1.749161,3.127146,-1.155991,0.264227,0.000000,1.000000,0.000000,2.000000,0.000000,0.935808,1.162662,0.270945,-1.130651,1.258159,0.000000,0.000000,0.000000,65535.000000,2.655416,1.877531,1.749161,3.127146,1.749161,3.127146,0.250000,0.000000,1.000000
15000.000000,1.737180,3.129750,-1.198072,0.260347,0.000000,1.000000,0.000000,2.000000,0.000000,0.935808,1.185804,0.281506,-1.151905,1.242510,0.000000,0.000000,0.000000,65535.000000,2.655416,1.877531,1.737180,3.129750,1.737180,3.129750,0.250000,0.000000,1.000000
15010.000000,1.725255,3.132122,-1.192489,0.237176,0.000000,1.000000,0.000000,2.000000,0.000000,0.902017,1.226033,0.278831,-1.193906,0.877185,0.000000,0.000000,0.000000,65535.000000,2.655416,1.877531,1.725255,3.132122,1.725255,3.132122,0.250000,0.000000,1.000000
15020.000000,1.713412,3.134342,-1.184283,0.222061,0.000000,1.000000,0.000000,2.000000,0.000000,0.902017,1.215846,0.255599,-1.188676,0.869550,0.000000,0.000000,0.000000,65535.000000,2.655416,1.877531,1.713412,3.134342,1.713412,3.134342,0.250000,0.000000,1.000000
15030.000000,1.701475,3.136418,-1.193704,0.207612,0.000000,1.000000,0.000000,2.000000,0.000000,0.862251,1.204922,0.240680,-1.180640,0.216828,0.000000,0.000000,0.000000,65535.000000,2.655416,1.877531,1.701475,3.136418,1.701475,3.136418,0.250000,0.000000,1.000000
15040.000000,1.689177,3.138325,-1.229859,0.190664,0.000000,1.000000,0.000000,2.000000,0.000000,0.288981,1.211624,0.226940,-1.190181,-1.529289,0.000000,0.000000,0.000000,65535.000000,2.655416,1.877531,1.689177,3.138325,1.689177,3.138325,0.250000,0.000000,1.000000
15050.000000,1.676714,3.139941,-1.246246,0.161617,0.000000,1.000000,0.000000,2.000000,0.000000,0.137680,1.244550,0.211962,-1.226367,-1.871503,0.000000,0.000000,0.000000,65535.000000,2.655416,1.877531,1.676714,3.139941,1.676714,3.139941,0.250000,0.000000,1.000000
15060.000000,1.664146,3.141297,-1.256776,0.135538,0.000000,1.000000,0.000000,2.000000,0.000000,0.126286,1.256681,0.184446,-1.243072,-1.864782,0.000000,0.000000,0.000000,65535.000000,2.655416,1.877531,1.664146,3.141297,1.664146,3.141297,0.250000,0.000000,1.000000
15070.000000,1.651487,3.142542,-1.265954,0.124500,0.000000,1.000000,0.000000,2.000000,0.000000,0.220575,1.264063,0.159047,-1.254017,-1.605358,0.000000,0.000000,0.000000,65535.000000,2.655416,1.877531,1.651487,3.142542,1.651487,3.142542,0.250000,0.000000,1.000000
15080.000000,1.638521,3.143790,-1.296573,0.124860,0.000000,1.000000,0.000000,2.000000,0.000000,0.224146,1.272061,0.147377,-1.263495,-1.571551,0.000000,0.000000,0.000000,65535.000000,2.655416,1.877531,1.638521,3.143790,1.638521,3.143790,0.250000,0.000000,1.000000
15090.000000,1.625615,3.145056,-1.290616,0.126533,0.000000,1.000000,0.000000,2.000000,0.000000,0.224146,1.302571,0.148062,-1.294129,-1.547211,0.000000,0.000000,0.000000,65535.000000,2.655416,1.877531,1.625615,3.145056,1.625615,3.145056,0.250000,0.000000,1.000000
15100.000000,1.612575,3.146230,-1.304008,0.117461,0.000000,1.000000,0.000000,2.000000,0.000000,0.209198,1.296804,0.149791,-1.288124,-1.559148,0.000000,0.000000,0.000000,65535.000000,2.655416,1.877531,1.612575,3.146230,1.612575,3.146230,0.250000,0.000000,1.000000
15110.000000,1.599731,3.147214,-1.284374,0.098364,0.000000,1.000000,0.000000,2.000000,0.000000,0.482776,1.309287,0.141040,-1.301669,-0.891949,0.000000,0.000000,0.000000,65535.000000,2.655416,1.877531,1.599731,3.147214,1.599731,3.147214,0.250000,0.000000,1.000000
15120.000000,1.586382,3.148033,-1.334900,0.081886,0.000000,1.000000,0.000000,2.000000,0.000000,0.831053,1.288135,0.121273,-1.282414,-0.707932,0.000000,0.000000,0.000000,65535.000000,2.655416,1.877531,1.586382,3.148033,1.586382,3.148033,0.250000,0.000000,1.000000
15130.000000,1.573013,3.148768,-1.336926,0.073498,0.000000,1.000000,0.000000,2.000000,0.000000,0.885191,1.337410,0.104557,-1.333316,0.077570,0.000000,0.000000,0.000000,65535.000000,2.655416,1.877531,1.573013,3.148768,1.573013,3.148768,0.250000,0.000000,1.000000
15140.000000,1.559630,3.149515,-1.338289,0.074711,0.000000,1.000000,0.000000,2.000000,0.000000,0.885191,1.338945,0.094293,-1.335621,0.077509,0.000000,0.000000,0.000000,65535.000000,2.655416,1.877531,1.559630,3.149515,1.559630,3.149515,0.250000,0.000000,1.000000
15150.000000,1.546174,3.150052,-1.345605,0.053713,0.000000,1.000000,0.000000,2.000000,0.000000,0.968451,1.340373,0.094533,-1.337035,0.281704,0.000000,0.000000,0.000000,65535.000000,2.655416,1.877531,1.546174,3.150052,1.546174,3.150052,0.250000,0.000000,1.000000
15160.000000,1.532368,3.150024,-1.380616,-0.002814,0.000000,1.000000,0.000000,2.000000,0.000000,1.782680,1.346676,0.071128,-1.344797,2.262992,0.000000,0.000000,0.000000,65535.000000,2.655416,1.877531,1.532368,3.150024,1.532368,3.150024,0.250000,0.000000,1.000000
15170.000000,1.518222,3.149382,-1.414604,-0.064180,0.000000,1.000000,0.000000,2.000000,0.000000,2.355973,1.380619,0.010306,-1.380580,2.710165,0.000000,0.000000,0.000000,65535.000000,2.655416,1.877531,1.518222,3.149382,1.518222,3.149382,0.250000,0.000000,1.000000
15180.000000,1.503409,3.148284,-1.481254,-0.109788,0.000000,1.000000,0.000000,2.000000,0.000000,2.439526,1.416059,-0.055824,-1.414958,2.638583,0.000000,0.000000,0.000000,65535.000000,2.655416,1.877531,1.503409,3.148284,1.503409,3.148284,0.250000,0.000000,1.000000
15190.000000,1.488996,3.147963,-1.441318,-0.032170,0.000000,1.000000,0.000000,2.000000,0.000000,2.005338,1.485317,-0.105588,-1.481559,4.808369,0.000000,0.000000,0.000000,65535.000000,2.655416,1.877531,1.488996,3.147963,1.488996,3.147963,0.250000,0.000000,1.000000
15200.000000,1.474037,3.147393,-1.495870,-0.056976,0.000000,1.000000,0.000000,2.000000,0.000000,2.005338,1.554504,-0.134834,-1.548645,4.587562,0.000000,0.000000,0.000000,65535.000000,2.655416,1.877531,1.474037,3.147393,1.474037,3.147393,0.250000,0.000000,1.000000
15210.000000,1.458616,3.146069,-1.542139,-0.132435,0.000000,1.000000,0.000000,2.000000,0.000000,1.909951,1.646112,-0.194009,-1.634640,4.051738,0.000000,0.000000,0.000000,65535.000000,2.655416,1.877531,1.458616,3.146069,1.458616,3.146069,0.250000,0.000000,1.000000
15220.000000,1.442202,3.143837,-1.641380,-0.223123,0.000000,1.000000,0.000000,2.000000,0.000000,0.917792,1.696960,-0.267633,-1.675722,0.723907,0.000000,0.000000,0.000000,65535.000000,2.655416,1.877531,1.442202,3.143837,1.442202,3.143837,0.250000,0.000000,1.000000
15230.000000,1.425788,3.141735,-1.641389,-0.210271,0.000000,1.000000,0.000000,2.000000,0.000000,0.814676,1.799150,-0.352093,-1.764361,0.260563,0.000000,0.000000,0.000000,65535.000000,2.655416,1.877531,1.425788,3.141735,1.425788,3.141735,0.250000,0.000000,1.000000
15240.000000,1.408877,3.139681,-1.691098,-0.205384,0.000000,1.000000,0.000000,2.000000,0.000000,0.920628,1.818818,-0.359463,-1.782943,-0.071990,0.000000,0.000000,0.000000,65535.000000,2.655416,1.877531,1.408877,3.139681,1.408877,3.139681,0.250000,0.000000,1.000000
15250.000000,1.391296,3.137230,-1.758089,-0.245088,0.000000,1.000000,0.000000,2.000000,0.000000,0.556416,1.858669,-0.350249,-1.825370,-0.844420,0.000000,0.000000,0.000000,65535.000000,2.655416,1.877531,1.391296,3.137230,1.391296,3.137230,0.250000,0.000000,1.000000
15260.000000,1.373567,3.134820,-1.772939,-0.240963,0.000000,1.000000,0.000000,2.000000,0.000000,0.917588,1.894771,-0.362911,-1.859691,-0.319987,0.000000,0.000000,0.000000,65535.000000,2.655416,1.877531,1.373567,3.134820,1.373567,3.134820,0.250000,0.000000,1.000000
15270.000000,1.356139,3.132590,-1.742723,-0.223022,0.000000,1.000000,0.000000,2.000000,0.000000,1.176885,1.895634,-0.351058,-1.862843,0.493251,0.000000,0.000000,0.000000,65535.000000,2.655416,1.877531,1.356139,3.132590,1.356139,3.132590,0.250000,0.000000,1.000000
15280.000000,1.338461,3.130094,-1.767889,-0.249632,0.000000,1.000000,0.000000,2.000000,0.000000,1.176885,1.812907,-0.289478,-1.789647,0.490828,0.000000,0.000000,0.000000,65535.000000,2.655416,1.877531,1.338461,3.130094,1.338461,3.130094,0.250000,0.000000,1.000000
15290.000000,1.321634,3.128099,-1.682663,-0.199524,0.000000,1.000000,0.000000,2.000000,0.000000,1.176885,1.732238,-0.217648,-1.718511,0.488428,0.000000,0.000000,0.000000,65535.000000,2.655416,1.877531,1.321634,3.128099,1.321634,3.128099,0.250000,0.000000,1.000000
15300.000000,1.306247,3.127555,-1.538655,-0.054391,0.000000,1.000000,0.000000,2.000000,0.000000,1.736997,1.655219,-0.168965,-1.646573,1.709893,0.000000,0.000000,0.000000,65535.000000,2.655416,1.877531,1.306247,3.127555,1.306247,3.127555,0.250000,0.000000,1.000000
15310.000000,1.291124,3.128426,-1.512283,0.087114,0.000000,1.000000,0.000000,2.000000,0.000000,2.786919,1.608302,-0.110941,-1.604471,3.902716,0.000000,0.000000,0.000000,65535.000000,2.655416,1.877531,1.291124,3.128426,1.291124,3.128426,0.250000,0.000000,1.000000
15320.000000,1.276124,3.130343,-1.500032,0.191744,0.000000,1.000000,0.000000,2.000000,0.000000,3.496291,1.513829,-0.002040,-1.513827,4.064663,0.000000,0.000000,0.000000,65535.000000,2.655416,1.877531,1.276124,3.130343,1.276124,3.130343,0.250000,0.000000,1.000000
15330.000000,1.262443,3.132770,-1.368139,0.242647,0.000000,1.000000,0.000000,2.000000,0.000000,4.131351,1.415732,0.111931,-1.411301,3.905748,0.000000,0.000000,0.000000,65535.000000,2.655416,1.877531,1.262443,3.132770,1.262443,3.132770,0.250000,0.000000,1.000000
15340.000000,1.249246,3.134981,-1.319669,0.221091,0.000000,1.000000,0.000000,2.000000,0.000000,2.035182,1.324049,0.184525,-1.311128,3.800462,0.000000,0.000000,0.000000,65535.000000,2.655416,1.877531,1.249246,3.134981,1.249246,3.134981,0.250000,0.000000,1.000000
15350.000000,1.234973,3.137215,-1.427330,0.223452,0.000000,1.000000,0.000000,2.000000,0.000000,2.035182,1.345652,0.216014,-1.328200,3.661181,0.000000,0.000000,0.000000,65535.000000,2.655416,1.877531,1.234973,3.137215,1.234973,3.137215,0.250000,0.000000,1.000000
15360.000000,1.218906,3.139541,-1.606719,0.232615,0.000000,1.000000,0.000000,2.000000,0.000000,1.557150,1.415894,0.176466,-1.404854,2.483855,0.000000,0.000000,0.000000,65535.000000,2.655416,1.877531,1.218906,3.139541,1.218906,3.139541,0.250000,0.000000,1.000000
15370.000000,1.202320,3.141897,-1.658574,0.235560,0.000000,1.000000,0.000000,2.000000,0.000000,0.730753,1.543815,0.124706,-1.538770,-0.060650,0.000000,0.000000,0.000000,65535.000000,2.655416,1.877531,1.202320,3.141897,1.202320,3.141897,0.250000,0.000000,1.000000
15380.000000,1.185926,3.144341,-1.639387,0.244359,0.000000,1.000000,0.000000,2.000000,0.000000,1.384726,1.596845,0.114516,-1.592733,0.346671,0.000000,0.000000,0.000000,65535.000000,2.655416,1.877531,1.185926,3.144341,1.185926,3.144341,0.250000,0.000000,1.000000
15390.000000,1.170462,3.146559,-1.546408,0.221829,0.000000,1.000000,0.000000,2.000000,0.000000,2.230424,1.614192,0.149475,-1.607256,3.073833,0.000000,0.000000,0.000000,65535.000000,2.655416,1.877531,1.170462,3.146559,1.170462,3.146559,0.250000,0.000000,1.000000
15400.000000,1.155504,3.148474,-1.495835,0.191539,0.000000,1.000000,0.000000,2.000000,0.000000,2.787339,1.590121,0.193839,-1.578262,3.431029,0.000000,0.000000,0.000000,65535.000000,2.655416,1.877531,1.155504,3.148474,1.155504,3.148474,0.250000,0.000000,1.000000
15410.000000,1.141126,3.150011,-1.437753,0.153688,0.000000,1.000000,0.000000,2.000000,0.000000,2.787339,1.599208,0.225658,-1.583207,3.317104,0.000000,0.000000,0.000000,65535.000000,2.655416,1.877531,1.141126,3.150011,1.141126,3.150011,0.250000,0.000000,1.000000
15420.000000,1.127571,3.150524,-1.355551,0.051294,0.000000,1.000000,0.000000,2.000000,0.000000,2.787339,1.570628,0.224259,-1.554535,3.189709,0.000000,0.000000,0.000000,65535.000000,2.655416,1.877531,1.127571,3.150524,1.127571,3.150524,0.250000,0.000000,1.000000
15430.000000,1.114177,3.150359,-1.339387,-0.016502,0.000000,1.000000,0.000000,2.000000,0.000000,2.207449,1.532705,0.176949,-1.522456,1.809164,0.000000,0.000000,0.000000,65535.000000,2.655416,1.877531,1.114177,3.150359,1.114177,3.150359,0.250000,0.000000,1.000000
15440.000000,1.100353,3.150230,-1.382385,-0.012897,0.000000,1.000000,0.000000,2.000000,0.000000,1.079639,1.496542,0.143321,-1.489663,-0.131264,0.000000,0.000000,0.000000,65535.000000,2.655416,1.877531,1.100353,3.150230,1.100353,3.150230,0.250000,0.000000,1.000000
15450.000000,1.086038,3.150443,-1.431442,0.021259,0.000000,1.000000,0.000000,2.000000,0.000000,1.079639,1.514378,0.121365,-1.509507,-0.131092,0.000000,0.000000,0.000000,65535.000000,2.655416,1.877531,1.086038,3.150443,1.086038,3.150443,0.250000,0.000000,1.000000
15460.000000,1.070977,3.150996,-1.506124,0.055338,0.000000,1.000000,0.000000,2.000000,0.000000,1.264690,1.535001,0.095454,-1.532030,0.192552,0.000000,0.000000,0.000000,65535.000000,2.655416,1.877531,1.070977,3.150996,1.070977,3.150996,0.250000,0.000000,1.000000
15470.000000,1.054989,3.151828,-1.598831,0.083241,0.000000,1.000000,0.000000,2.000000,0.000000,3.750662,1.574118,0.065805,-1.572742,4.448809,0.000000,0.000000,0.000000,65535.000000,2.655416,1.877531,1.054989,3.151828,1.054989,3.151828,0.250000,0.000000,1.000000
15480.000000,1.038144,3.152867,-1.684461,0.103853,0.000000,1.000000,0.000000,2.000000,0.000000,5.686292,1.627275,0.043676,-1.626688,7.834398,0.000000,0.000000,0.000000,65535.000000,2.655416,1.877531,1.038144,3.152867,1.038144,3.152867,0.250000,0.000000,1.000000
15490.000000,1.022106,3.153586,-1.603854,0.071881,0.000000,1.000000,0.000000,2.000000,0.000000,5.829954,1.682052,0.024854,-1.681869,8.798480,0.000000,0.000000,0.000000,65535.000000,2.655416,1.877531,1.022106,3.153586,1.022106,3.153586,0.250000,0.000000,1.000000
15500.000000,1.007505,3.155302,-1.460073,0.171673,0.000000,1.000000,0.000000,2.000000,0.000000,5.829954,1.605464,0.000213,-1.605464,8.086296,0.000000,0.000000,0.000000,65535.000000,2.655416,1.877531,1.007505,3.155302,1.007505,3.155302,0.250000,0.000000,1.000000
15510.000000,0.994188,3.156816,-1.331673,0.151391,0.000000,1.000000,0.000000,2.000000,0.000000,5.461513,1.442915,0.021721,-1.442751,7.480774,0.000000,0.000000,0.000000,65535.000000,2.655416,1.877531,0.994188,3.156816,0.994188,3.156816,0.250000,0.000000,1.000000
15520.000000,0.981346,3.157839,-1.284199,0.102299,0.000000,1.000000,0.000000,2.000000,0.000000,2.175392,1.314735,0.019879,-1.314585,2.270939,0.000000,0.000000,0.000000,65535.000000,2.655416,1.877531,0.981346,3.157839,0.981346,3.157839,0.250000,0.000000,1.000000
15530.000000,0.968854,3.157571,-1.249177,-0.026831,0.000000,1.000000,0.000000,2.000000,0.000000,2.175392,1.290351,-0.004150,-1.290344,2.220464,0.000000,0.000000,0.000000,65535.000000,2.655416,1.877531,0.968854,3.157571,0.968854,3.157571,0.250000,0.000000,1.000000
15540.000000,0.956474,3.156335,-1.238015,-0.123652,0.000000,1.000000,0.000000,2.000000,0.000000,2.040532,1.238687,-0.033297,-1.238239,1.168937,0.000000,0.000000,0.000000,65535.000000,2.655416,1.877531,0.956474,3.156335,0.956474,3.156335,0.250000,0.000000,1.000000
15550.000000,0.944867,3.155197,-1.160763,-0.113744,0.000000,1.000000,0.000000,2.000000,0.000000,2.025778,1.177992,-0.080634,-1.175229,0.713958,0.000000,0.000000,0.000000,65535.000000,2.655416,1.877531,0.944867,3.155197,0.944867,3.155197,0.250000,0.000000,1.000000
15560.000000,0.933500,3.154362,-1.136624,-0.083509,0.000000,1.000000,0.000000,2.000000,0.000000,2.025778,1.133602,-0.102503,-1.128958,0.708892,0.000000,0.000000,0.000000,65535.000000,2.655416,1.877531,0.933500,3.154362,0.933500,3.154362,0.250000,0.000000,1.000000
15570.000000,0.922452,3.154215,-1.104851,-0.014667,0.000000,1.000000,0.000000,2.000000,0.000000,2.025778,1.103681,-0.073405,-1.101238,0.703897,0.000000,0.000000,0.000000,65535.000000,2.655416,1.877531,0.922452,3.154215,0.922452,3.154215,0.250000,0.000000,1.000000
15580.000000,0.911153,3.154222,-1.129848,0.000726,0.000000,1.000000,0.000000,2.000000,0.000000,1.574988,1.104949,-0.040491,-1.104206,0.570806,0.000000,0.000000,0.000000,65535.000000,2.655416,1.877531,0.911153,3.154222,0.911153,3.154222,0.250000,0.000000,1.000000
15590.000000,0.899580,3.154139,-1.157364,-0.008322,0.000000,1.000000,0.000000,2.000000,0.000000,1.413266,1.129849,-0.029441,-1.129465,-0.221556,0.000000,0.000000,0.000000,65535.000000,2.655416,1.877531,0.899580,3.154139,0.899580,3.154139,0.250000,0.000000,1.000000
15600.000000,0.888058,3.154004,-1.152127,-0.013520,0.000000,1.000000,0.000000,2.000000,0.000000,1.043760,1.157394,-0.040321,-1.156691,-0.537495,0.000000,0.000000,0.000000,65535.000000,2.655416,1.877531,0.888058,3.154004,0.888058,3.154004,0.250000,0.000000,1.000000
15610.000000,0.877076,3.153926,-1.098268,-0.007787,0.000000,1.000000,0.000000,2.000000,0.000000,0.505147,1.152207,-0.044384,-1.151351,-1.212615,0.000000,0.000000,0.000000,65535.000000,2.655416,1.877531,0.877076,3.153926,0.877076,3.153926,0.250000,0.000000,1.000000
15620.000000,0.866754,3.153834,-1.032184,-0.009181,0.000000,1.000000,0.000000,2.000000,0.000000,0.522189,1.098295,-0.034448,-1.097755,-1.176133,0.000000,0.000000,0.000000,65535.000000,2.655416,1.877531,0.866754,3.153834,0.866754,3.153834,0.250000,0.000000,1.000000
15630.000000,0.857007,3.153582,-0.974669,-0.025230,0.000000,1.000000,0.000000,2.000000,0.000000,0.522189,1.032225,-0.030965,-1.031761,-1.162447,0.000000,0.000000,0.000000,65535.000000,2.655416,1.877531,0.857007,3.153582,0.857007,3.153582,0.250000,0.000000,1.000000
15640.000000,0.847619,3.153171,-0.938813,-0.041110,0.000000,1.000000,0.000000,2.000000,0.000000,0.522189,0.974996,-0.043873,-0.974008,-1.149077,0.000000,0.000000,0.000000,65535.000000,2.655416,1.877531,0.847619,3.153171,0.847619,3.153171,0.250000,0.000000,1.000000
15650.000000,0.838623,3.152674,-0.899603,-0.049655,0.000000,1.000000,0.000000,2.000000,0.000000,0.457957,0.939713,-0.058996,-0.937859,-1.216530,0.000000,0.000000,0.000000,65535.000000,2.655416,1.877531,0.838623,3.152674,0.838623,3.152674,0.250000,0.000000,1.000000
15660.000000,0.829857,3.151924,-0.876654,-0.075070,0.000000,1.000000,0.000000,2.000000,0.000000,0.226463,0.900973,-0.067627,-0.898431,-1.489715,0.000000,0.000000,0.000000,65535.000000,2.655416,1.877531,0.829857,3.151924,0.829857,3.151924,0.250000,0.000000,1.000000
15670.000000,0.821334,3.151025,-0.852276,-0.089832,0.000000,1.000000,0.000000,2.000000,0.000000,0.101948,0.879863,-0.093208,-0.874912,-1.620060,0.000000,0.000000,0.000000,65535.000000,2.655416,1.877531,0.821334,3.151025,0.821334,3.151025,0.250000,0.000000,1.000000
15680.000000,0.813236,3.150357,-0.809786,-0.066834,0.000000,1.000000,0.000000,2.000000,0.000000,0.342587,0.856997,-0.108260,-0.850132,-1.298890,0.000000,0.000000,0.000000,65535.000000,2.655416,1.877531,0.813236,3.150357,0.813236,3.150357,0.250000,0.000000,1.000000
15690.000000,0.805800,3.149887,-0.743554,-0.047022,0.000000,1.000000,0.000000,2.000000,0.000000,0.404571,0.812539,-0.085445,-0.808034,-1.282218,0.000000,0.000000,0.000000,65535.000000,2.655416,1.877531,0.805800,3.149887,0.805800,3.149887,0.250000,0.000000,1.000000
15700.000000,0.798666,3.149454,-0.713410,-0.043246,0.000000,1.000000,0.000000,2.000000,0.000000,0.269756,0.745040,-0.064893,-0.742208,-1.265970,0.000000,0.000000,0.000000,65535.000000,2.655416,1.877531,0.798666,3.149454,0.798666,3.149454,0.250000,0.000000,1.000000
15710.000000,0.791861,3.149009,-0.680513,-0.044533,0.000000,1.000000,0.000000,2.000000,0.000000,0.588555,0.714719,-0.060780,-0.712130,-0.948017,0.000000,0.000000,0.000000,65535.000000,2.655416,1.877531,0.791861,3.149009,0.791861,3.149009,0.250000,0.000000,1.000000
15720.000000,0.785257,3.148527,-0.660364,-0.048181,0.000000,1.000000,0.000000,2.000000,0.000000,0.667756,0.681968,-0.061526,-0.679187,-0.863638,0.000000,0.000000,0.000000,65535.000000,2.655416,1.877531,0.785257,3.148527,0.785257,3.148527,0.250000,0.000000,1.000000
15730.000000,0.778992,3.148069,-0.626560,-0.045791,0.000000,1.000000,0.000000,2.000000,0.000000,0.667756,0.662119,-0.064601,-0.658960,-0.856236,0.000000,0.000000,0.000000,65535.000000,2.655416,1.877531,0.778992,3.148069,0.778992,3.148069,0.250000,0.000000,1.000000
15740.000000,0.772829,3.147555,-0.616318,-0.051387,0.000000,1.000000,0.000000,2.000000,0.000000,0.310700,0.628231,-0.061909,-0.625173,-1.104968,0.000000,0.000000,0.000000,65535.000000,2.655416,1.877531,0.772829,3.147555,0.772829,3.147555,0.250000,0.000000,1.000000
15750.000000,0.766655,3.146821,-0.617352,-0.073395,0.000000,1.000000,0.000000,2.000000,0.000000,0.407517,0.618456,-0.067453,-0.614767,-0.889911,0.000000,0.000000,0.000000,65535.000000,2.655416,1.877531,0.766655,3.146821,0.766655,3.146821,0.250000,0.000000,1.000000
15760.000000,0.760735,3.146121,-0.592010,-0.070095,0.000000,1.000000,0.000000,2.000000,0.000000,0.470901,0.621699,-0.089175,-0.615270,-0.761864,0.000000,0.000000,0.000000,65535.000000,2.655416,1.877531,0.760735,3.146121,0.760735,3.146121,0.250000,0.000000,1.000000
15770.000000,0.755208,3.145550,-0.552708,-0.057113,0.000000,1.000000,0.000000,2.000000,0.000000,0.756645,0.596145,-0.084849,-0.590076,-0.639962,0.000000,0.000000,0.000000,65535.000000,2.655416,1.877531,0.755208,3.145550,0.755208,3.145550,0.250000,0.000000,1.000000
15780.000000,0.750146,3.145186,-0.506245,-0.036311,0.000000,1.000000,0.000000,2.000000,0.000000,0.840798,0.555651,-0.070416,-0.551171,-0.635888,0.000000,0.000000,0.000000,65535.000000,2.655416,1.877531,0.750146,3.145186,0.750146,3.145186,0.250000,0.000000,1.000000
15790.000000,0.745621,3.145132,-0.452476,-0.005449,1.000000,2.000000,1.000000,3.000000,2.000000,0.747604,0.507546,-0.048469,-0.505226,-0.696293,0.000000,0.000000,0.000000,65535.000000,2.655416,1.877531,0.745621,3.145132,0.745621,3.145132,0.250000,0.000000,1.000000
15800.000000,0.741307,3.145173,-0.431399,0.004154,1.000000,2.000000,1.000000,3.000000,2.000000,0.651072,0.452509,-0.016675,-0.452202,-0.808971,1.000000,0.000000,1.000000,2.000000,0.745621,3.145132,1.000000,3.500000,1.000000,3.500000,0.190640,1.000000,1.000000
15810.000000,0.995977,3.499938,-0.402323,-0.006217,1.000000,2.000000,1.000000,3.000000,2.000000,1.115938,0.431419,-0.006967,-0.431363,-0.452209,0.000000,0.000000,1.000000,2.000000,0.745621,3.145132,0.995977,3.499938,0.995977,3.499938,0.190640,1.000000,1.000000
15820.000000,0.992204,3.499670,-0.377236,-0.026806,1.000000,2.000000,1.000000,3.000000,2.000000,1.189772,0.402371,-0.016709,-0.402024,-0.127900,0.000000,0.000000,1.000000,2.000000,0.745621,3.145132,0.992204,3.499670,0.992204,3.499670,0.190640,1.000000,1.000000
15830.000000,0.988593,3.499296,-0.361098,-0.037338,1.000000,2.000000,1.000000,3.000000,2.000000,1.189772,0.378187,-0.036429,-0.376429,-0.127736,0.000000,0.000000,1.000000,2.000000,0.745621,3.145132,0.988593,3.499296,0.988593,3.499296,0.190640,1.000000,1.000000
15840.000000,0.985087,3.498844,-0.350617,-0.045285,1.000000,2.000000,1.000000,3.000000,2.000000,1.184848,0.363024,-0.046574,-0.360024,-0.133930,0.000000,0.000000,1.000000,2.000000,0.745621,3.145132,0.985087,3.498844,0.985087,3.498844,0.190640,1.000000,1.000000
15850.000000,0.981852,3.498335,-0.323500,-0.050902,1.000000,2.000000,1.000000,3.000000,2.000000,0.877753,0.353529,-0.054766,-0.349262,-0.630993,0.000000,0.000000,1.000000,2.000000,0.745621,3.145132,0.981852,3.498335,0.981852,3.498335,0.190640,1.000000,1.000000
15860.000000,0.978779,3.497846,-0.307314,-0.048864,1.000000,2.000000,1.000000,3.000000,2.000000,0.877753,0.327481,-0.059796,-0.321975,-0.653693,0.000000,0.000000,1.000000,2.000000,0.745621,3.145132,0.978779,3.497846,0.978779,3.497846,0.190640,1.000000,1.000000
15870.000000,0.975868,3.497387,-0.291114,-0.045873,1.000000,2.000000,1.000000,3.000000,2.000000,0.392773,0.311175,-0.056996,-0.305911,-0.817905,0.000000,0.000000,1.000000,2.000000,0.745621,3.145132,0.975868,3.497387,0.975868,3.497387,0.190640,1.000000,1.000000
15880.000000,0.973138,3.496907,-0.273027,-0.047997,1.000000,2.000000,1.000000,3.000000,2.000000,0.530307,0.294706,-0.053314,-0.289843,-0.681236,0.000000,0.000000,1.000000,2.000000,0.745621,3.145132,0.973138,3.496907,0.973138,3.496907,0.190640,1.000000,1.000000
15890.000000,0.970676,3.496392,-0.246143,-0.051572,1.000000,2.000000,1.000000,3.000000,2.000000,0.530307,0.277213,-0.054979,-0.271707,-0.672938,0.000000,0.000000,1.000000,2.000000,0.745621,3.145132,0.970676,3.496392,0.970676,3.496392,0.190640,1.000000,1.000000
15900.000000,0.968387,3.495860,-0.228925,-0.053174,1.000000,2.000000,1.000000,3.000000,2.000000,0.688396,0.251488,-0.057964,-0.244717,-0.360940,0.000000,0.000000,1.000000,2.000000,0.745621,3.145132,0.968387,3.495860,0.968387,3.495860,0.190640,1.000000,1.000000
15910.000000,0.966217,3.495303,-0.216966,-0.055672,0.000000,2.000000,0.000000,3.000000,1.000000,0.784362,0.235020,-0.059142,-0.227456,-0.238768,0.000000,0.000000,1.000000,2.000000,0.745621,3.145132,0.966217,3.495303,0.966217,3.495303,0.190640,1.000000,1.000000
15920.000000,0.964011,3.494479,-0.220588,-0.082469,0.000000,2.000000,0.000000,3.000000,1.000000,0.784362,0.223995,-0.061174,-0.215480,-0.238199,0.000000,0.000000,1.000000,2.000000,0.745621,3.145132,0.964011,3.494479,0.964011,3.494479,0.190640,1.000000,1.000000
15930.000000,0.961991,3.493511,-0.202064,-0.096809,0.000000,2.000000,0.000000,3.000000,1.000000,0.711276,0.235500,-0.087937,-0.218465,-0.326883,0.000000,0.000000,1.000000,2.000000,0.745621,3.145132,0.961991,3.493511,0.961991,3.493511,0.190640,1.000000,1.000000
15940.000000,0.960258,3.492549,-0.173248,-0.096166,0.000000,2.000000,0.000000,3.000000,1.000000,0.579314,0.224057,-0.101753,-0.199620,-0.581901,0.000000,0.000000,1.000000,2.000000,0.745621,3.145132,0.960258,3.492549,0.960258,3.492549,0.190640,1.000000,1.000000
15950.000000,0.958807,3.491634,-0.145101,-0.091462,0.000000,2.000000,0.000000,3.000000,1.000000,0.579314,0.198149,-0.100422,-0.170817,-0.578531,0.000000,0.000000,1.000000,2.000000,0.745621,3.145132,0.958807,3.491634,0.958807,3.491634,0.190640,1.000000,1.000000
15960.000000,0.957627,3.490812,-0.118011,-0.082268,0.000000,2.000000,0.000000,3.000000,1.000000,0.491613,0.171521,-0.095025,-0.142792,-0.675516,0.000000,0.000000,1.000000,2.000000,0.745621,3.145132,0.957627,3.490812,0.957627,3.490812,0.190640,1.000000,1.000000
15970.000000,0.956632,3.490000,-0.099481,-0.081185,0.000000,2.000000,0.000000,3.000000,1.000000,0.218982,0.143857,-0.085169,-0.115935,-1.223364,0.000000,0.000000,1.000000,2.000000,0.745621,3.145132,0.956632,3.490000,0.956632,3.490000,0.190640,1.000000,1.000000
15980.000000,0.955787,3.489226,-0.084577,-0.077348,0.000000,2.000000,0.000000,3.000000,1.000000,0.218982,0.128404,-0.083697,-0.097377,-1.208564,0.000000,0.000000,1.000000,2.000000,0.745621,3.145132,0.955787,3.489226,0.955787,3.489226,0.190640,1.000000,1.000000
15990.000000,0.955095,3.488481,-0.069138,-0.074571,0.000000,2.000000,0.000000,3.000000,1.000000,0.180621,0.114612,-0.079522,-0.082536,-1.281614,0.000000,0.000000,1.000000,2.000000,0.745621,3.145132,0.955095,3.488481,0.955095,3.488481,0.190640,1.000000,1.000000
16000.000000,0.954574,3.487730,-0.052078,-0.075045,0.000000,2.000000,0.000000,3.000000,1.000000,0.186872,0.101690,-0.076305,-0.067220,-1.246726,0.000000,0.000000,1.000000,2.000000,0.745621,3.145132,0.954574,3.487730,0.954574,3.487730,0.190640,1.000000,1.000000
16010.000000,0.954220,3.486969,-0.035405,-0.076125,0.000000,2.000000,0.000000,3.000000,1.000000,0.186872,0.091345,-0.076292,-0.050234,-1.231359,0.000000,0.000000,1.000000,2.000000,0.745621,3.145132,0.954220,3.486969,0.954220,3.486969,0.190640,1.000000,1.000000
16020.000000,0.953955,3.486214,-0.026500,-0.075440,0.000000,2.000000,0.000000,3.000000,1.000000,0.152240,0.083955,-0.076938,-0.033601,-1.289593,0.000000,0.000000,1.000000,2.000000,0.745621,3.145132,0.953955,3.486214,0.953955,3.486214,0.190640,1.000000,1.000000
16030.000000,0.953809,3.485548,-0.014639,-0.066650,0.000000,2.000000,0.000000,3.000000,0.000000,0.115349,0.079959,-0.076026,-0.024767,-1.359553,0.000000,0.000000,1.000000,2.000000,0.745621,3.145132,0.953809,3.485548,0.953809,3.485548,0.190640,1.000000,1.000000
16040.000000,0.953770,3.484928,-0.003914,-0.061979,0.000000,2.000000,0.000000,3.000000,0.000000,0.208290,0.068238,-0.066962,-0.013139,-1.146087,0.000000,0.000000,1.000000,2.000000,0.745621,3.145132,0.953770,3.484928,0.953770,3.484928,0.190640,1.000000,1.000000
16050.000000,0.953776,3.484331,0.000597,-0.059715,0.000000,2.000000,0.000000,3.000000,0.000000,0.208290,0.062102,-0.062050,-0.002553,-1.133088,0.000000,0.000000,1.000000,2.000000,0.745621,3.145132,0.953776,3.484331,0.953776,3.484331,0.190640,1.000000,1.000000
16060.000000,0.953851,3.483734,0.007474,-0.059719,0.000000,2.000000,0.000000,3.000000,0.000000,0.208290,0.059718,-0.059689,0.001879,-1.120380,0.000000,0.000000,1.000000,2.000000,0.745621,3.145132,0.953851,3.483734,0.953851,3.483734,0.190640,1.000000,1.000000
16070.000000,0.953947,3.483156,0.009670,-0.057713,0.000000,2.000000,0.000000,3.000000,0.000000,0.189063,0.060184,-0.059547,0.008736,-1.165450,0.000000,0.000000,1.000000,2.000000,0.745621,3.145132,0.953947,3.483156,0.953947,3.483156,0.190640,1.000000,1.000000
16080.000000,0.954010,3.482651,0.006311,-0.050494,0.000000,2.000000,0.000000,3.000000,0.000000,0.189063,0.058517,-0.057497,0.010878,-1.152011,0.000000,0.000000,1.000000,2.000000,0.745621,3.145132,0.954010,3.482651,0.954010,3.482651,0.190640,1.000000,1.000000
16090.000000,0.954032,3.482211,0.002196,-0.044058,0.000000,2.000000,0.000000,3.000000,0.000000,0.099276,0.050887,-0.050351,0.007368,-1.322987,0.000000,0.000000,1.000000,2.000000,0.745621,3.145132,0.954032,3.482211,0.954032,3.482211,0.190640,1.000000,1.000000
16100.000000,0.954042,3.481810,0.001020,-0.040134,0.000000,2.000000,0.000000,3.000000,0.000000,0.099276,0.044113,-0.044000,0.003146,-1.337941,0.000000,0.000000,1.000000,2.000000,0.745621,3.145132,0.954042,3.481810,0.954042,3.481810,0.190640,1.000000,1.000000
16110.000000,0.954058,3.481406,0.001595,-0.040374,0.000000,2.000000,0.000000,3.000000,0.000000,0.104615,0.040147,-0.040101,0.001931,-1.285321,0.000000,0.000000,1.000000,2.000000,0.745621,3.145132,0.954058,3.481406,0.954058,3.481406,0.190640,1.000000,1.000000
16120.000000,0.954058,3.481021,-0.000072,-0.038508,0.000000,2.000000,0.000000,3.000000,0.000000,0.104615,0.040405,-0.040324,0.002564,-1.268994,0.000000,0.000000,1.000000,2.000000,0.745621,3.145132,0.954058,3.481021,0.954058,3.481021,0.190640,1.000000,1.000000
16130.000000,0.954041,3.480680,-0.001683,-0.034074,0.000000,2.000000,0.000000,3.000000,0.000000,0.101701,0.038508,-0.038498,0.000885,-1.266592,0.000000,0.000000,1.000000,2.000000,0.745621,3.145132,0.954041,3.480680,0.954041,3.480680,0.190640,1.000000,1.000000
16140.000000,0.954028,3.480353,-0.001305,-0.032695,0.000000,2.000000,0.000000,3.000000,0.000000,0.053912,0.034116,-0.034105,-0.000835,-1.373122,0.000000,0.000000,1.000000,2.000000,0.745621,3.145132,0.954028,3.480353,0.954028,3.480353,0.190640,1.000000,1.000000
16150.000000,0.954024,3.480028,-0.000393,-0.032519,0.000000,2.000000,0.000000,3.000000,0.000000,0.039807,0.032721,-0.032717,-0.000513,-1.341729,0.000000,0.000000,1.000000,2.000000,0.745621,3.145132,0.954024,3.480028,0.954024,3.480028,0.190640,1.000000,1.000000
16160.000000,0.954024,3.480028,0.000000,0.000000,0.000000,2.000000,0.000000,3.000000,0.000000,0.049703,0.032521,-0.032519,0.000374,-1.321663,0.000000,0.000000,1.000000,2.000000,0.745621,3.145132,0.954024,3.480028,0.954024,3.480028,0.190640,1.000000,1.000000
16170.000000,0.954024,3.480028,0.000000,0.000000,0.000000,2.000000,0.000000,3.000000,0.000000,0.045665,0.028486,-0.028472,0.000919,-1.304406,0.000000,0.000000,1.000000,2.000000,0.745621,3.145132,0.954024,3.480028,0.954024,3.480028,0.190640,1.000000,1.000000
16180.000000,0.954042,3.479712,0.001795,-0.031608,0.000000,2.000000,0.000000,3.000000,0.000000,0.091564,0.028017,-0.027949,0.001943,-1.223913,0.000000,0.000000,1.000000,2.000000,0.745621,3.145132,0.954042,3.479712,0.954042,3.479712,0.190640,1.000000,1.000000
16190.000000,0.954063,3.479374,0.002134,-0.033830,0.000000,2.000000,0.000000,3.000000,0.000000,0.106218,0.031659,-0.031554,0.002572,-1.190344,0.000000,0.000000,1.000000,2.000000,0.745621,3.145132,0.954063,3.479374,0.954063,3.479374,0.190640,1.000000,1.000000
16200.000000,0.954079,3.479002,0.001616,-0.037139,0.000000,2.000000,0.000000,3.000000,0.000000,0.133474,0.033897,-0.033767,0.002958,-1.152473,0.000000,0.000000,1.000000,2.000000,0.745621,3.145132,0.954079,3.479002,0.954079,3.479002,0.190640,1.000000,1.000000
16210.000000,0.954065,3.478611,-0.001464,-0.039105,0.000000,2.000000,0.000000,3.000000,0.000000,0.147435,0.037174,-0.037089,0.002505,-1.139330,0.000000,0.000000,1.000000,2.000000,0.745621,3.145132,0.954065,3.478611,0.954065,3.478611,0.190640,1.000000,1.000000
16220.000000,0.954058,3.478168,-0.000708,-0.044302,0.000000,2.000000,0.000000,3.000000,0.000000,0.087774,0.039132,-0.039129,-0.000530,-1.126482,0.000000,0.000000,1.000000,2.000000,0.745621,3.145132,0.954058,3.478168,0.954058,3.478168,0.190640,1.000000,1.000000
16230.000000,0.954006,3.477675,-0.005131,-0.049337,0.000000,2.000000,0.000000,3.000000,0.000000,0.128798,0.044308,-0.044306,0.000364,-1.111559,0.000000,0.000000,1.000000,2.000000,0.745621,3.145132,0.954006,3.477675,0.954006,3.477675,0.190640,1.000000,1.000000
16240.000000,0.953926,3.477098,-0.007990,-0.057656,0.000000,2.000000,0.000000,3.000000,0.000000,0.128798,0.049603,-0.049448,-0.003912,-1.099326,0.000000,0.000000,1.000000,2.000000,0.745621,3.145132,0.953926,3.477098,0.953926,3.477098,0.190640,1.000000,1.000000
16250.000000,0.953759,3.476407,-0.016785,-0.069134,0.000000,2.000000,0.000000,3.000000,0.000000,0.128798,0.058207,-0.057839,-0.006538,-1.077265,0.000000,0.000000,1.000000,2.000000,0.745621,3.145132,0.953759,3.476407,0.953759,3.476407,0.190640,1.000000,1.000000
16260.000000,0.953515,3.475587,-0.024319,-0.082039,0.000000,2.000000,0.000000,3.000000,0.000000,0.178436,0.071142,-0.069534,-0.015043,-1.010208,0.000000,0.000000,1.000000,2.000000,0.745621,3.145132,0.953515,3.475587,0.953515,3.475587,0.190640,1.000000,1.000000
16270.000000,0.953177,3.474629,-0.033797,-0.095778,0.000000,2.000000,0.000000,3.000000,0.000000,0.246191,0.085568,-0.082602,-0.022333,-0.932708,0.000000,0.000000,1.000000,2.000000,0.745621,3.145132,0.953177,3.474629,0.953177,3.474629,0.190640,1.000000,1.000000
16280.000000,0.952705,3.473529,-0.047237,-0.109981,0.000000,2.000000,0.000000,3.000000,0.000000,0.246191,0.101566,-0.096514,-0.031634,-0.847934,0.000000,0.000000,1.000000,2.000000,0.745621,3.145132,0.952705,3.473529,0.952705,3.473529,0.190640,1.000000,1.000000
16290.000000,0.952143,3.472309,-0.056164,-0.122006,0.000000,2.000000,0.000000,3.000000,0.000000,0.222962,0.119696,-0.110945,-0.044927,-0.839656,0.000000,0.000000,1.000000,2.000000,0.745621,3.145132,0.952143,3.472309,0.952143,3.472309,0.190640,1.000000,1.000000
16300.000000,0.951507,3.470969,-0.063656,-0.134001,0.000000,2.000000,0.000000,3.000000,0.000000,0.222962,0.134312,-0.123076,-0.053778,-0.832658,0.000000,0.000000,1.000000,2.000000,0.745621,3.145132,0.951507,3.470969,0.951507,3.470969,0.190640,1.000000,1.000000
16310.000000,0.950832,3.469535,-0.067486,-0.143397,0.000000,2.000000,0.000000,3.000000,0.000000,0.206487,0.148352,-0.135104,-0.061280,-0.837654,0.000000,0.000000,1.000000,2.000000,0.745621,3.145132,0.950832,3.469535,0.950832,3.469535,0.190640,1.000000,1.000000
16320.000000,0.950217,3.468081,-0.061520,-0.145360,0.000000,2.000000,0.000000,3.000000,0.000000,0.272967,0.158484,-0.144452,-0.065198,-0.767841,0.000000,0.000000,1.000000,2.000000,0.745621,3.145132,0.950217,3.468081,0.950217,3.468081,0.190640,1.000000,1.000000
16330.000000,0.949468,3.466449,-0.074903,-0.163209,0.000000,2.000000,0.000000,3.000000,0.000000,0.359753,0.157842,-0.146267,-0.059331,-0.557874,0.000000,0.000000,1.000000,2.000000,0.745621,3.145132,0.949468,3.466449,0.949468,3.466449,0.190640,1.000000,1.000000
16340.000000,0.948467,3.464621,-0.100093,-0.182894,0.000000,2.000000,0.000000,3.000000,0.000000,0.359753,0.179576,-0.164391,-0.072272,-0.554776,0.000000,0.000000,1.000000,2.000000,0.745621,3.145132,0.948467,3.464621,0.948467,3.464621,0.190640,1.000000,1.000000
16350.000000,0.947219,3.462562,-0.124763,-0.205882,0.000000,2.000000,0.000000,3.000000,0.000000,0.522706,0.208492,-0.184678,-0.096761,-0.154459,0.000000,0.000000,1.000000,2.000000,0.745621,3.145132,0.947219,3.462562,0.947219,3.462562,0.190640,1.000000,1.000000
16360.000000,0.945774,3.460276,-0.144546,-0.228619,0.000000,2.000000,0.000000,3.000000,0.000000,0.619567,0.240735,-0.208257,-0.120758,-0.040319,0.000000,0.000000,1.000000,2.000000,0.745621,3.145132,0.945774,3.460276,0.945774,3.460276,0.190640,1.000000,1.000000
16370.000000,0.944210,3.457795,-0.156371,-0.248080,0.000000,2.000000,0.000000,3.000000,0.000000,0.619567,0.270482,-0.231239,-0.140317,-0.040303,0.000000,0.000000,1.000000,2.000000,0.745621,3.145132,0.944210,3.457795,0.944210,3.457795,0.190640,1.000000,1.000000
16380.000000,0.942544,3.455065,-0.166629,-0.273044,0.000000,2.000000,0.000000,3.000000,0.000000,0.662349,0.293250,-0.250584,-0.152326,-0.019018,0.000000,0.000000,1.000000,2.000000,0.745621,3.145132,0.942544,3.455065,0.942544,3.455065,0.190640,1.000000,1.000000
16390.000000,0.940664,3.451995,-0.187931,-0.306972,0.000000,2.000000,0.000000,3.000000,0.000000,0.680745,0.319872,-0.275547,-0.162457,0.039525,0.000000,0.000000,1.000000,2.000000,0.745621,3.145132,0.940664,3.451995,0.940664,3.451995,0.190640,1.000000,1.000000
16400.000000,0.938539,3.448724,-0.212498,-0.327108,0.000000,2.000000,0.000000,3.000000,0.000000,0.680745,0.359930,-0.309847,-0.183152,0.039510,0.000000,0.000000,1.000000,2.000000,0.745621,3.145132,0.938539,3.448724,0.938539,3.448724,0.190640,1.000000,1.000000
16410.000000,0.936271,3.445324,-0.226872,-0.339952,0.000000,2.000000,0.000000,3.000000,0.000000,0.604302,0.390070,-0.330253,-0.207577,0.026879,0.000000,0.000000,1.000000,2.000000,0.745621,3.145132,0.936271,3.445324,0.936271,3.445324,0.190640,1.000000,1.000000
16420.000000,0.933837,3.441656,-0.243340,-0.366841,0.000000,2.000000,0.000000,3.000000,0.000000,0.604302,0.408703,-0.342782,-0.222574,-0.039123,0.000000,0.000000,1.000000,2.000000,0.745621,3.145132,0.933837,3.441656,0.933837,3.441656,0.190640,1.000000,1.000000
16430.000000,0.931248,3.437783,-0.258917,-0.387278,0.000000,2.000000,0.000000,3.000000,0.000000,1.119067,0.440212,-0.369448,-0.239364,0.521913,0.000000,0.000000,1.000000,2.000000,0.745621,3.145132,0.931248,3.437783,0.931248,3.437783,0.190640,1.000000,1.000000
16440.000000,0.928416,3.433704,-0.283233,-0.407880,0.000000,2.000000,0.000000,3.000000,0.000000,1.119067,0.465857,-0.389746,-0.255187,0.519201,0.000000,0.000000,1.000000,2.000000,0.745621,3.145132,0.928416,3.433704,0.928416,3.433704,0.190640,1.000000,1.000000
16450.000000,0.925439,3.429559,-0.297680,-0.414488,0.000000,2.000000,0.000000,3.000000,0.000000,1.119067,0.496575,-0.410060,-0.280067,0.510649,0.000000,0.000000,1.000000,2.000000,0.745621,3.145132,0.925439,3.429559,0.925439,3.429559,0.190640,1.000000,1.000000
16460.000000,0.922360,3.425308,-0.307840,-0.425181,0.000000,2.000000,0.000000,3.000000,0.000000,0.598102,0.510308,-0.416645,-0.294654,-0.062198,0.000000,0.000000,1.000000,2.000000,0.745621,3.145132,0.922360,3.425308,0.922360,3.425308,0.190640,1.000000,1.000000
16470.000000,0.919254,3.420985,-0.310658,-0.432242,0.000000,2.000000,0.000000,3.000000,0.000000,0.598102,0.524923,-0.427230,-0.304989,-0.042606,0.000000,0.000000,1.000000,2.000000,0.745621,3.145132,0.919254,3.420985,0.919254,3.420985,0.190640,1.000000,1.000000
16480.000000,0.916128,3.416529,-0.312638,-0.445582,0.000000,2.000000,0.000000,3.000000,0.000000,0.598102,0.532298,-0.433729,-0.308578,-0.042588,0.000000,0.000000,1.000000,2.000000,0.745621,3.145132,0.916128,3.416529,0.916128,3.416529,0.190640,1.000000,1.000000
16490.000000,0.912997,3.411997,-0.313026,-0.453211,0.000000,2.000000,0.000000,3.000000,0.000000,0.588586,0.544321,-0.446879,-0.310781,-0.042570,0.000000,0.000000,1.000000,2.000000,0.745621,3.145132,0.912997,3.411997,0.912997,3.411997,0.190640,1.000000,1.000000
16500.000000,0.909712,3.407222,-0.328488,-0.477473,0.000000,2.000000,0.000000,3.000000,0.000000,0.588586,0.550804,-0.454299,-0.311444,-0.444812,0.000000,0.000000,1.000000,2.000000,0.745621,3.145132,0.909712,3.407222,0.909712,3.407222,0.190640,1.000000,1.000000
16510.000000,0.906363,3.402296,-0.334912,-0.492590,0.000000,2.000000,0.000000,3.000000,0.000000,0.552682,0.579556,-0.478482,-0.327016,-0.631666,0.000000,0.000000,1.000000,2.000000,0.745621,3.145132,0.906363,3.402296,0.906363,3.402296,0.190640,1.000000,1.000000
16520.000000,0.902873,3.397152,-0.349045,-0.514398,0.000000,2.000000,0.000000,3.000000,0.000000,0.240908,0.595660,-0.493330,-0.333820,-0.950900,0.000000,0.000000,1.000000,2.000000,0.745621,3.145132,0.902873,3.397152,0.902873,3.397152,0.190640,1.000000,1.000000
16530.000000,0.899315,3.391923,-0.355829,-0.522903,0.000000,2.000000,0.000000,3.000000,0.000000,0.240908,0.621641,-0.514878,-0.348337,-0.775257,0.000000,0.000000,1.000000,2.000000,0.745621,3.145132,0.899315,3.391923,0.899315,3.391923,0.190640,1.000000,1.000000
16540.000000,0.895652,3.386597,-0.366274,-0.532658,0.000000,2.000000,0.000000,3.000000,0.000000,0.390187,0.632489,-0.522874,-0.355872,-0.575659,0.000000,0.000000,1.000000,2.000000,0.745621,3.145132,0.895652,3.386597,0.895652,3.386597,0.190640,1.000000,1.000000
16550.000000,0.891959,3.381322,-0.369314,-0.527482,0.000000,2.000000,0.000000,3.000000,0.000000,0.390187,0.646437,-0.532363,-0.366702,-0.572361,0.000000,0.000000,1.000000,2.000000,0.745621,3.145132,0.891959,3.381322,0.891959,3.381322,0.190640,1.000000,1.000000
16560.000000,0.888248,3.376065,-0.371052,-0.525704,0.000000,2.000000,0.000000,3.000000,0.000000,0.390187,0.643918,-0.527068,-0.369905,-0.569100,0.000000,0.000000,1.000000,2.000000,0.745621,3.145132,0.888248,3.376065,0.888248,3.376065,0.190640,1.000000,1.000000
16570.000000,0.884616,3.370905,-0.363244,-0.516043,0.000000,2.000000,0.000000,3.000000,0.000000,0.353421,0.643463,-0.525125,-0.371872,-0.599526,0.000000,0.000000,1.000000,2.000000,0.745621,3.145132,0.884616,3.370905,0.884616,3.370905,0.190640,1.000000,1.000000
16580.000000,0.880986,3.365675,-0.362947,-0.522937,0.000000,2.000000,0.000000,3.000000,0.000000,0.310818,0.631068,-0.515426,-0.364118,-0.664554,0.000000,0.000000,1.000000,2.000000,0.745621,3.145132,0.880986,3.365675,0.880986,3.365675,0.190640,1.000000,1.000000
16590.000000,0.877317,3.360377,-0.366880,-0.529805,0.000000,2.000000,0.000000,3.000000,0.000000,0.372686,0.636548,-0.522557,-0.363494,-0.538861,0.000000,0.000000,1.000000,2.000000,0.745621,3.145132,0.877317,3.360377,0.877317,3.360377,0.190640,1.000000,1.000000
16600.000000,0.873574,3.354916,-0.374298,-0.546148,0.000000,2.000000,0.000000,3.000000,0.000000,0.414904,0.644433,-0.529551,-0.367246,-0.438844,0.000000,0.000000,1.000000,2.000000,0.745621,3.145132,0.873574,3.354916,0.873574,3.354916,0.190640,1.000000,1.000000
16610.000000,0.869953,3.349444,-0.362118,-0.547129,0.000000,2.000000,0.000000,3.000000,0.000000,0.414904,0.662100,-0.545623,-0.375064,-0.436925,0.000000,0.000000,1.000000,2.000000,0.745621,3.145132,0.869953,3.349444,0.869953,3.349444,0.190640,1.000000,1.000000
16620.000000,0.866457,3.343946,-0.349593,-0.549809,0.000000,2.000000,0.000000,3.000000,0.000000,0.540048,0.656110,-0.546331,-0.363321,-0.534841,0.000000,0.000000,1.000000,2.000000,0.745621,3.145132,0.866457,3.343946,0.866457,3.343946,0.190640,1.000000,1.000000
16630.000000,0.863147,3.338551,-0.330998,-0.539576,0.000000,2.000000,0.000000,3.000000,0.000000,0.363631,0.651541,-0.548729,-0.351287,-0.819249,0.000000,0.000000,1.000000,2.000000,0.745621,3.145132,0.863147,3.338551,0.863147,3.338551,0.190640,1.000000,1.000000
16640.000000,0.859933,3.333223,-0.321440,-0.532770,0.000000,2.000000,0.000000,3.000000,0.000000,0.595411,0.633011,-0.538424,-0.332868,-0.533288,0.000000,0.000000,1.000000,2.000000,0.745621,3.145132,0.859933,3.333223,0.859933,3.333223,0.190640,1.000000,1.000000
16650.000000,0.856844,3.327965,-0.308890,-0.525822,0.000000,2.000000,0.000000,3.000000,0.000000,0.522844,0.622227,-0.531443,-0.323628,0.008934,0.000000,0.000000,1.000000,2.000000,0.745621,3.145132,0.856844,3.327965,0.856844,3.327965,0.190640,1.000000,1.000000
16660.000000,0.853601,3.322444,-0.324349,-0.552078,0.000000,2.000000,0.000000,3.000000,0.000000,0.982306,0.609837,-0.524540,-0.311061,0.217269,0.000000,0.000000,1.000000,2.000000,0.745621,3.145132,0.853601,3.322444,0.853601,3.322444,0.190640,1.000000,1.000000
16670.000000,0.850231,3.316620,-0.336978,-0.582359,0.000000,2.000000,0.000000,3.000000,0.000000,0.986025,0.640307,-0.551051,-0.326091,0.216798,0.000000,0.000000,1.000000,2.000000,0.745621,3.145132,0.850231,3.316620,0.850231,3.316620,0.190640,1.000000,1.000000
16680.000000,0.846969,3.310749,-0.326227,-0.587147,0.000000,2.000000,0.000000,3.000000,0.000000,0.870741,0.672827,-0.581721,-0.338077,0.008364,0.000000,0.000000,1.000000,2.000000,0.745621,3.145132,0.846969,3.310749,0.846969,3.310749,0.190640,1.000000,1.000000
16690.000000,0.844189,3.305382,-0.277906,-0.536633,0.000000,2.000000,0.000000,3.000000,0.000000,0.405472,0.671689,-0.586814,-0.326826,-0.781378,0.000000,0.000000,1.000000,2.000000,0.745621,3.145132,0.844189,3.305382,0.844189,3.305382,0.190640,1.000000,1.000000
16700.000000,0.841623,3.300303,-0.256621,-0.507878,0.000000,2.000000,0.000000,3.000000,0.000000,0.405472,0.604324,-0.536294,-0.278560,-0.775313,0.000000,0.000000,1.000000,2.000000,0.745621,3.145132,0.841623,3.300303,0.841623,3.300303,0.190640,1.000000,1.000000
16710.000000,0.839182,3.295303,-0.244102,-0.500082,0.000000,2.000000,0.000000,3.000000,0.000000,0.343018,0.569029,-0.507237,-0.257886,-0.832960,0.000000,0.000000,1.000000,2.000000,0.745621,3.145132,0.839182,3.295303,0.839182,3.295303,0.190640,1.000000,1.000000
16720.000000,0.836858,3.290272,-0.232432,-0.503034,0.000000,2.000000,0.000000,3.000000,0.000000,0.438958,0.556478,-0.499210,-0.245881,-0.671793,0.000000,0.000000,1.000000,2.000000,0.745621,3.145132,0.836858,3.290272,0.836858,3.290272,0.190640,1.000000,1.000000
16730.000000,0.834655,3.285318,-0.220305,-0.495432,0.000000,2.000000,0.000000,3.000000,0.000000,0.438958,0.554137,-0.502132,-0.234375,-0.667306,0.000000,0.000000,1.000000,2.000000,0.745621,3.145132,0.834655,3.285318,0.834655,3.285318,0.190640,1.000000,1.000000
16740.000000,0.832531,3.280457,-0.212410,-0.486091,0.000000,2.000000,0.000000,3.000000,0.000000,0.392308,0.542206,-0.494766,-0.221795,-0.867327,0.000000,0.000000,1.000000,2.000000,0.745621,3.145132,0.832531,3.280457,0.832531,3.280457,0.190640,1.000000,1.000000
16750.000000,0.830388,3.275496,-0.214325,-0.496118,0.000000,2.000000,0.000000,3.000000,0.000000,0.404628,0.530473,-0.485665,-0.213382,-0.711689,0.000000,0.000000,1.000000,2.000000,0.745621,3.145132,0.830388,3.275496,0.830388,3.275496,0.190640,1.000000,1.000000
16760.000000,0.828197,3.270336,-0.219005,-0.515986,0.000000,2.000000,0.000000,3.000000,0.000000,0.404628,0.540433,-0.495778,-0.215110,-0.706655,0.000000,0.000000,1.000000,2.000000,0.745621,3.145132,0.828197,3.270336,0.828197,3.270336,0.190640,1.000000,1.000000
16770.000000,0.826003,3.265138,-0.219480,-0.519823,0.000000,2.000000,0.000000,3.000000,0.000000,0.404628,0.560540,-0.515726,-0.219617,-0.701692,0.000000,0.000000,1.000000,2.000000,0.745621,3.145132,0.826003,3.265138,0.826003,3.265138,0.190640,1.000000,1.000000
16780.000000,0.823924,3.260066,-0.207904,-0.507182,0.000000,2.000000,0.000000,3.000000,0.000000,0.283934,0.564258,-0.519469,-0.220316,-0.896116,0.000000,0.000000,1.000000,2.000000,0.745621,3.145132,0.823924,3.260066,0.823924,3.260066,0.190640,1.000000,1.000000
16790.000000,0.822196,3.255237,-0.172794,-0.482910,0.000000,2.000000,0.000000,3.000000,0.000000,0.504939,0.548140,-0.506720,-0.209028,-0.643590,0.000000,0.000000,1.000000,2.000000,0.745621,3.145132,0.822196,3.255237,0.822196,3.255237,0.190640,1.000000,1.000000
16800.000000,0.820839,3.250708,-0.135640,-0.452861,0.000000,2.000000,0.000000,3.000000,0.000000,0.589296,0.512894,-0.482536,-0.173836,-0.341812,0.000000,0.000000,1.000000,2.000000,0.745621,3.145132,0.820839,3.250708,0.820839,3.250708,0.190640,1.000000,1.000000
16810.000000,0.819599,3.246325,-0.124052,-0.438308,0.000000,2.000000,0.000000,3.000000,0.000000,0.640839,0.472738,-0.452640,-0.136374,0.186297,0.000000,0.000000,1.000000,2.000000,0.745621,3.145132,0.819599,3.246325,0.819599,3.246325,0.190640,1.000000,1.000000
16820.000000,0.818388,3.241926,-0.121027,-0.439860,0.000000,2.000000,0.000000,3.000000,0.000000,0.640839,0.455525,-0.438209,-0.124402,0.185950,0.000000,0.000000,1.000000,2.000000,0.745621,3.145132,0.818388,3.241926,0.818388,3.241926,0.190640,1.000000,1.000000
16830.000000,0.817234,3.237629,-0.115463,-0.429762,0.000000,2.000000,0.000000,3.000000,0.000000,0.640839,0.456207,-0.439816,-0.121186,0.284734,0.000000,0.000000,1.000000,2.000000,0.745621,3.145132,0.817234,3.237629,0.817234,3.237629,0.190640,1.000000,1.000000
16840.000000,0.816168,3.233380,-0.106556,-0.424859,0.000000,2.000000,0.000000,3.000000,0.000000,0.620296,0.445003,-0.429681,-0.115766,0.283925,0.000000,0.000000,1.000000,2.000000,0.745621,3.145132,0.816168,3.233380,0.816168,3.233380,0.190640,1.000000,1.000000
16850.000000,0.815191,3.229168,-0.097769,-0.421160,0.000000,2.000000,0.000000,3.000000,0.000000,0.593980,0.438017,-0.424767,-0.106923,0.075927,0.000000,0.000000,1.000000,2.000000,0.745621,3.145132,0.815191,3.229168,0.815191,3.229168,0.190640,1.000000,1.000000
16860.000000,0.814148,3.224947,-0.104272,-0.422122,0.000000,2.000000,0.000000,3.000000,0.000000,0.593980,0.432359,-0.421095,-0.098047,0.075869,0.000000,0.000000,1.000000,2.000000,0.745621,3.145132,0.814148,3.224947,0.814148,3.224947,0.190640,1.000000,1.000000
16870.000000,0.812998,3.220628,-0.114946,-0.431925,0.000000,2.000000,0.000000,3.000000,0.000000,0.498712,0.434810,-0.422112,-0.104315,-0.160287,0.000000,0.000000,1.000000,2.000000,0.745621,3.145132,0.812998,3.220628,0.812998,3.220628,0.190640,1.000000,1.000000
16880.000000,0.811721,3.216137,-0.127753,-0.449053,0.000000,2.000000,0.000000,3.000000,0.000000,0.485279,0.446958,-0.431895,-0.115057,-0.026140,0.000000,0.000000,1.000000,2.000000,0.745621,3.145132,0.811721,3.216137,0.811721,3.216137,0.190640,1.000000,1.000000
16890.000000,0.810378,3.211712,-0.134287,-0.442546,0.000000,2.000000,0.000000,3.000000,0.000000,0.688501,0.466872,-0.449024,-0.127856,0.494301,0.000000,0.000000,1.000000,2.000000,0.745621,3.145132,0.810378,3.211712,0.810378,3.211712,0.190640,1.000000,1.000000
16900.000000,0.809122,3.207443,-0.125634,-0.426849,0.000000,2.000000,0.000000,3.000000,0.000000,0.833514,0.462472,-0.442531,-0.134335,0.491867,0.000000,0.000000,1.000000,2.000000,0.745621,3.145132,0.809122,3.207443,0.809122,3.207443,0.190640,1.000000,1.000000
16910.000000,0.808003,3.203336,-0.111837,-0.410718,0.000000,2.000000,0.000000,3.000000,0.000000,0.833514,0.444954,-0.426769,-0.125907,0.489457,0.000000,0.000000,1.000000,2.000000,0.745621,3.145132,0.808003,3.203336,0.808003,3.203336,0.190640,1.000000,1.000000
16920.000000,0.807011,3.199446,-0.099222,-0.389029,0.000000,2.000000,0.000000,3.000000,0.000000,0.830351,0.425672,-0.410548,-0.112460,0.343065,0.000000,0.000000,1.000000,2.000000,0.745621,3.145132,0.807011,3.199446,0.807011,3.199446,0.190640,1.000000,1.000000
16930.000000,0.806054,3.195741,-0.095699,-0.370465,0.000000,2.000000,0.000000,3.000000,0.000000,0.865463,0.401483,-0.388812,-0.100069,-0.108097,0.000000,0.000000,1.000000,2.000000,0.745621,3.145132,0.806054,3.195741,0.806054,3.195741,0.190640,1.000000,1.000000
16940.000000,0.805010,3.192045,-0.104389,-0.369605,0.000000,2.000000,0.000000,3.000000,0.000000,0.590061,0.382626,-0.370232,-0.096596,-0.441618,0.000000,0.000000,1.000000,2.000000,0.745621,3.145132,0.805010,3.192045,0.805010,3.192045,0.190640,1.000000,1.000000
16950.000000,0.803849,3.188453,-0.116153,-0.359228,0.000000,2.000000,0.000000,3.000000,0.000000,0.503216,0.384064,-0.369292,-0.105492,-0.611764,0.000000,0.000000,1.000000,2.000000,0.745621,3.145132,0.803849,3.188453,0.803849,3.188453,0.190640,1.000000,1.000000
16960.000000,0.802438,3.184959,-0.141041,-0.349457,0.000000,2.000000,0.000000,3.000000,0.000000,0.492155,0.377539,-0.358901,-0.117158,-0.637682,0.000000,0.000000,1.000000,2.000000,0.745621,3.145132,0.802438,3.184959,0.802438,3.184959,0.190640,1.000000,1.000000
16970.000000,0.800923,3.181675,-0.151505,-0.328370,0.000000,2.000000,0.000000,3.000000,0.000000,0.247107,0.376846,-0.349250,-0.141553,-1.071678,0.000000,0.000000,1.000000,2.000000,0.745621,3.145132,0.800923,3.181675,0.800923,3.181675,0.190640,1.000000,1.000000
16980.000000,0.799342,3.178538,-0.158095,-0.313707,0.000000,2.000000,0.000000,3.000000,0.000000,0.247107,0.361636,-0.328277,-0.151706,-1.060304,0.000000,0.000000,1.000000,2.000000,0.745621,3.145132,0.799342,3.178538,0.799342,3.178538,0.190640,1.000000,1.000000
16990.000000,0.797585,3.175424,-0.175688,-0.311421,0.000000,2.000000,0.000000,3.000000,0.000000,0.195033,0.351292,-0.313437,-0.158630,-1.146733,0.000000,0.000000,1.000000,2.000000,0.745621,3.145132,0.797585,3.175424,0.797585,3.175424,0.190640,1.000000,1.000000
17000.000000,0.795624,3.172348,-0.196078,-0.307514,0.000000,2.000000,0.000000,3.000000,0.000000,0.156240,0.357560,-0.310867,-0.176667,-1.204055,0.000000,0.000000,1.000000,2.000000,0.745621,3.145132,0.795624,3.172348,0.795624,3.172348,0.190640,1.000000,1.000000
17010.000000,0.793588,3.169433,-0.203610,-0.291539,0.000000,2.000000,0.000000,3.000000,0.000000,0.204010,0.364707,-0.306672,-0.197391,-1.101360,0.000000,0.000000,1.000000,2.000000,0.745621,3.145132,0.793588,3.169433,0.793588,3.169433,0.190640,1.000000,1.000000
17020.000000,0.791384,3.166587,-0.220479,-0.284574,0.000000,2.000000,0.000000,3.000000,0.000000,0.356046,0.355601,-0.290358,-0.205291,-0.806851,0.000000,0.000000,1.000000,2.000000,0.745621,3.145132,0.791384,3.166587,0.791384,3.166587,0.190640,1.000000,1.000000
17030.000000,0.788941,3.163805,-0.244231,-0.278229,0.000000,2.000000,0.000000,3.000000,0.000000,0.615885,0.359990,-0.282958,-0.222549,-0.315777,0.000000,0.000000,1.000000,2.000000,0.745621,3.145132,0.788941,3.163805,0.788941,3.163805,0.190640,1.000000,1.000000
17040.000000,0.786318,3.161121,-0.262338,-0.268435,0.000000,2.000000,0.000000,3.000000,0.000000,0.695422,0.370216,-0.276451,-0.246241,-0.165279,0.000000,0.000000,1.000000,2.000000,0.745621,3.145132,0.786318,3.161121,0.786318,3.161121,0.190640,1.000000,1.000000
17050.000000,0.783628,3.158545,-0.268984,-0.257545,0.000000,2.000000,0.000000,3.000000,0.000000,0.695422,0.375338,-0.266568,-0.264235,-0.165006,0.000000,0.000000,1.000000,2.000000,0.745621,3.145132,0.783628,3.158545,0.783628,3.158545,0.190640,1.000000,1.000000
17060.000000,0.780788,3.156022,-0.284056,-0.252322,0.000000,2.000000,0.000000,3.000000,0.000000,0.695422,0.372400,-0.255266,-0.271147,-0.164734,0.000000,0.000000,1.000000,2.000000,0.745621,3.145132,0.780788,3.156022,0.780788,3.156022,0.190640,1.000000,1.000000
17070.000000,0.777741,3.153546,-0.304614,-0.247616,0.000000,2.000000,0.000000,3.000000,0.000000,0.642908,0.379940,-0.249635,-0.286420,-0.266194,0.000000,0.000000,1.000000,2.000000,0.745621,3.145132,0.777741,3.153546,0.777741,3.153546,0.190640,1.000000,1.000000
17080.000000,0.774650,3.151244,-0.309124,-0.230205,0.000000,2.000000,0.000000,3.000000,0.000000,0.628092,0.392560,-0.244869,-0.306826,-0.294283,0.000000,0.000000,1.000000,2.000000,0.745621,3.145132,0.774650,3.151244,0.774650,3.151244,0.190640,1.000000,1.000000
17090.000000,0.771663,3.149197,-0.298709,-0.204659,0.000000,2.000000,0.000000,3.000000,0.000000,0.717007,0.385425,-0.227550,-0.311084,-0.409560,0.000000,0.000000,1.000000,2.000000,0.745621,3.145132,0.771663,3.149197,0.771663,3.149197,0.190640,1.000000,1.000000
17100.000000,0.768643,3.147359,-0.302039,-0.183818,0.000000,2.000000,0.000000,3.000000,0.000000,0.568371,0.362094,-0.201868,-0.300602,-0.126139,0.000000,0.000000,1.000000,2.000000,0.745621,3.145132,0.768643,3.147359,0.768643,3.147359,0.190640,1.000000,1.000000
17110.000000,0.765457,3.145667,-0.318579,-0.169219,0.000000,2.000000,0.000000,3.000000,0.000000,0.582725,0.353577,-0.180866,-0.303816,0.226014,0.000000,0.000000,1.000000,2.000000,0.745621,3.145132,0.765457,3.145667,0.765457,3.145667,0.190640,1.000000,1.000000
17120.000000,0.762170,3.144113,-0.328654,-0.155321,0.000000,2.000000,0.000000,3.000000,0.000000,0.582725,0.360732,-0.166007,-0.320265,0.225504,0.000000,0.000000,1.000000,2.000000,0.745621,3.145132,0.762170,3.144113,0.762170,3.144113,0.190640,1.000000,1.000000
17130.000000,0.758946,3.142646,-0.322407,-0.146745,0.000000,2.000000,0.000000,3.000000,0.000000,0.716959,0.363508,-0.151651,-0.330364,0.224996,0.000000,0.000000,1.000000,2.000000,0.745621,3.145132,0.758946,3.142646,0.758946,3.142646,0.190640,1.000000,1.000000
17140.000000,0.755648,3.141195,-0.329773,-0.145048,0.000000,2.000000,0.000000,3.000000,0.000000,0.716959,0.354232,-0.142835,-0.324158,0.201492,0.000000,0.000000,1.000000,2.000000,0.745621,3.145132,0.755648,3.141195,0.755648,3.141195,0.190640,1.000000,1.000000
17150.000000,0.752173,3.139738,-0.347504,-0.145781,0.000000,2.000000,0.000000,3.000000,0.000000,0.835929,0.360263,-0.141348,-0.331376,0.117560,0.000000,0.000000,1.000000,2.000000,0.745621,3.145132,0.752173,3.139738,0.752173,3.139738,0.190640,1.000000,1.000000
17160.000000,0.748789,3.138401,-0.338472,-0.133703,0.000000,2.000000,0.000000,3.000000,0.000000,0.652777,0.376844,-0.142398,-0.348904,-0.272636,0.000000,0.000000,1.000000,2.000000,0.745621,3.145132,0.748789,3.138401,0.748789,3.138401,0.190640,1.000000,1.000000
17170.000000,0.745523,3.136975,-0.326571,-0.142598,0.000000,2.000000,0.000000,3.000000,0.000000,0.429543,0.363923,-0.130612,-0.339677,-0.725802,0.000000,0.000000,1.000000,2.000000,0.745621,3.145132,0.745523,3.136975,0.745523,3.136975,0.190640,1.000000,1.000000
17180.000000,0.742371,3.135521,-0.315182,-0.145351,0.000000,2.000000,0.000000,3.000000,0.000000,0.313260,0.356347,-0.139731,-0.327808,-0.961754,0.000000,0.000000,1.000000,2.000000,0.745621,3.145132,0.742371,3.135521,0.742371,3.135521,0.190640,1.000000,1.000000
17190.000000,0.739378,3.134240,-0.299328,-0.128129,0.000000,2.000000,0.000000,3.000000,0.000000,0.208247,0.347083,-0.142714,-0.316385,-1.170632,0.000000,0.000000,1.000000,2.000000,0.745621,3.145132,0.739378,3.134240,0.739378,3.134240,0.190640,1.000000,1.000000
17200.000000,0.736565,3.133141,-0.281275,-0.109935,0.000000,2.000000,0.000000,3.000000,0.000000,0.203133,0.325599,-0.125572,-0.300410,-1.167542,0.000000,0.000000,1.000000,2.000000,0.745621,3.145132,0.736565,3.133141,0.736565,3.133141,0.190640,1.000000,1.000000
17210.000000,0.734117,3.132293,-0.244829,-0.084810,0.000000,2.000000,0.000000,3.000000,0.000000,0.635419,0.301996,-0.107196,-0.282331,-0.887186,0.000000,0.000000,1.000000,2.000000,0.745621,3.145132,0.734117,3.132293,0.734117,3.132293,0.190640,1.000000,1.000000
17220.000000,0.731838,3.131482,-0.227892,-0.081085,0.000000,2.000000,0.000000,3.000000,0.000000,0.628345,0.259102,-0.082174,-0.245726,0.149376,0.000000,0.000000,1.000000,2.000000,0.745621,3.145132,0.731838,3.131482,0.731838,3.131482,0.190640,1.000000,1.000000
17230.000000,0.729615,3.130648,-0.222308,-0.083319,0.000000,2.000000,0.000000,3.000000,0.000000,0.532951,0.241887,-0.078587,-0.228765,0.149153,0.000000,0.000000,1.000000,2.000000,0.745621,3.145132,0.729615,3.130648,0.729615,3.130648,0.190640,1.000000,1.000000
17240.000000,0.727371,3.129827,-0.224412,-0.082157,0.000000,2.000000,0.000000,3.000000,0.000000,0.532951,0.237408,-0.080964,-0.223176,0.148930,0.000000,0.000000,1.000000,2.000000,0.745621,3.145132,0.727371,3.129827,0.727371,3.129827,0.190640,1.000000,1.000000
17250.000000,0.725203,3.129059,-0.216782,-0.076799,0.000000,2.000000,0.000000,3.000000,0.000000,0.502874,0.238978,-0.079807,-0.225259,-0.169788,0.000000,0.000000,1.000000,2.000000,0.745621,3.145132,0.725203,3.129059,0.725203,3.129059,0.190640,1.000000,1.000000
17260.000000,0.723158,3.128279,-0.204488,-0.077952,0.000000,2.000000,0.000000,3.000000,0.000000,0.502874,0.229983,-0.074517,-0.217577,-0.169500,0.000000,0.000000,1.000000,2.000000,0.745621,3.145132,0.723158,3.128279,0.723158,3.128279,0.190640,1.000000,1.000000
17270.000000,0.721271,3.127482,-0.188709,-0.079763,0.000000,2.000000,0.000000,3.000000,0.000000,0.494608,0.218842,-0.075848,-0.205278,-0.569383,0.000000,0.000000,1.000000,2.000000,0.745621,3.145132,0.721271,3.127482,0.721271,3.127482,0.190640,1.000000,1.000000
17280.000000,0.719501,3.126745,-0.177030,-0.073644,0.000000,2.000000,0.000000,3.000000,0.000000,0.494608,0.204873,-0.077974,-0.189455,-0.566157,0.000000,0.000000,1.000000,2.000000,0.745621,3.145132,0.719501,3.126745,0.719501,3.126745,0.190640,1.000000,1.000000
17290.000000,0.717856,3.126138,-0.164422,-0.060680,0.000000,2.000000,0.000000,3.000000,0.000000,0.471719,0.191737,-0.072083,-0.177672,-0.613430,0.000000,0.000000,1.000000,2.000000,0.745621,3.145132,0.717856,3.126138,0.717856,3.126138,0.190640,1.000000,1.000000
17300.000000,0.716331,3.125585,-0.152519,-0.055306,0.000000,2.000000,0.000000,3.000000,0.000000,0.285235,0.175262,-0.059306,-0.164923,-1.023276,0.000000,0.000000,1.000000,2.000000,0.745621,3.145132,0.716331,3.125585,0.716331,3.125585,0.190640,1.000000,1.000000
17310.000000,0.714941,3.125059,-0.139013,-0.052583,0.000000,2.000000,0.000000,3.000000,0.000000,0.302342,0.162237,-0.054079,-0.152959,-1.012901,0.000000,0.000000,1.000000,2.000000,0.745621,3.145132,0.714941,3.125059,0.714941,3.125059,0.190640,1.000000,1.000000
17320.000000,0.713661,3.124525,-0.127964,-0.053464,0.000000,2.000000,0.000000,3.000000,0.000000,0.331140,0.148626,-0.051523,-0.139410,-1.002734,0.000000,0.000000,1.000000,2.000000,0.745621,3.145132,0.713661,3.124525,0.713661,3.124525,0.190640,1.000000,1.000000
17330.000000,0.712512,3.124017,-0.114975,-0.050751,0.000000,2.000000,0.000000,3.000000,0.000000,0.332012,0.138683,-0.052571,-0.128333,-0.617575,0.000000,0.000000,1.000000,2.000000,0.745621,3.145132,0.712512,3.124017,0.712512,3.124017,0.190640,1.000000,1.000000
17340.000000,0.711476,3.123572,-0.103572,-0.044515,0.000000,2.000000,0.000000,3.000000,0.000000,0.335696,0.125678,-0.049943,-0.115329,-0.613717,0.000000,0.000000,1.000000,2.000000,0.745621,3.145132,0.711476,3.123572,0.711476,3.123572,0.190640,1.000000,1.000000
17350.000000,0.710559,3.123159,-0.091736,-0.041315,0.000000,2.000000,0.000000,3.000000,0.000000,0.335696,0.112733,-0.043750,-0.103898,-0.609970,0.000000,0.000000,1.000000,2.000000,0.745621,3.145132,0.710559,3.123159,0.710559,3.123159,0.190640,1.000000,1.000000
17360.000000,0.709714,3.122752,-0.084450,-0.040672,0.000000,2.000000,0.000000,3.000000,0.000000,0.249521,0.100610,-0.040601,-0.092054,-0.873617,0.000000,0.000000,1.000000,2.000000,0.745621,3.145132,0.709714,3.122752,0.709714,3.122752,0.190640,1.000000,1.000000
17370.000000,0.708983,3.122389,-0.073104,-0.036318,0.000000,2.000000,0.000000,3.000000,0.000000,0.070373,0.093734,-0.039977,-0.084782,-1.394389,0.000000,0.000000,1.000000,2.000000,0.745621,3.145132,0.708983,3.122389,0.708983,3.122389,0.190640,1.000000,1.000000
17380.000000,0.708329,3.122046,-0.065444,-0.034288,0.000000,2.000000,0.000000,3.000000,0.000000,0.075934,0.081629,-0.035668,-0.073424,-1.362057,0.000000,0.000000,1.000000,2.000000,0.745621,3.145132,0.708329,3.122046,0.708329,3.122046,0.190640,1.000000,1.000000
17390.000000,0.707748,3.121730,-0.058020,-0.031662,0.000000,2.000000,0.000000,3.000000,0.000000,0.095158,0.073882,-0.033676,-0.065761,-1.343736,0.000000,0.000000,1.000000,2.000000,0.745621,3.145132,0.707748,3.121730,0.707748,3.121730,0.190640,1.000000,1.000000
17400.000000,0.707241,3.121469,-0.050765,-0.026048,0.000000,2.000000,0.000000,3.000000,0.000000,0.095158,0.066096,-0.031145,-0.058299,-1.331158,0.000000,0.000000,1.000000,2.000000,0.745621,3.145132,0.707241,3.121469,0.707241,3.121469,0.190640,1.000000,1.000000
17410.000000,0.706778,3.121243,-0.046313,-0.022591,0.000000,2.000000,0.000000,3.000000,0.000000,0.098452,0.057058,-0.025665,-0.050960,-1.275553,0.000000,0.000000,1.000000,2.000000,0.745621,3.145132,0.706778,3.121243,0.706778,3.121243,0.190640,1.000000,1.000000
17420.000000,0.706314,3.121038,-0.046327,-0.020501,0.000000,2.000000,0.000000,3.000000,0.000000,0.138845,0.051529,-0.022301,-0.046453,-1.121751,0.000000,0.000000,1.000000,2.000000,0.745621,3.145132,0.706314,3.121038,0.706314,3.121038,0.190640,1.000000,1.000000
17430.000000,0.705837,3.120872,-0.047713,-0.016649,0.000000,2.000000,0.000000,3.000000,0.000000,0.138845,0.050661,-0.020235,-0.046444,-1.109295,0.000000,0.000000,1.000000,2.000000,0.745621,3.145132,0.705837,3.120872,0.705837,3.120872,0.190640,1.000000,1.000000
17440.000000,0.705317,3.120721,-0.051993,-0.015014,0.000000,2.000000,0.000000,3.000000,0.000000,0.138845,0.050535,-0.016350,-0.047817,-1.097112,0.000000,0.000000,1.000000,2.000000,0.745621,3.145132,0.705317,3.120721,0.705317,3.120721,0.190640,1.000000,1.000000
17450.000000,0.704723,3.120561,-0.059431,-0.016022,0.000000,2.000000,0.000000,3.000000,0.000000,0.132890,0.054118,-0.014618,-0.052106,-1.072980,0.000000,0.000000,1.000000,2.000000,0.745621,3.145132,0.704723,3.120561,0.704723,3.120561,0.190640,1.000000,1.000000
17460.000000,0.704035,3.120375,-0.068824,-0.018577,0.000000,2.000000,0.000000,3.000000,0.000000,0.141479,0.061553,-0.015518,-0.059564,-1.027908,0.000000,0.000000,1.000000,2.000000,0.745621,3.145132,0.704035,3.120375,0.704035,3.120375,0.190640,1.000000,1.000000
17470.000000,0.703199,3.120181,-0.083579,-0.019467,0.000000,2.000000,0.000000,3.000000,0.000000,0.141479,0.071288,-0.018033,-0.068969,-1.017439,0.000000,0.000000,1.000000,2.000000,0.745621,3.145132,0.703199,3.120181,0.703199,3.120181,0.190640,1.000000,1.000000
17480.000000,0.702128,3.119987,-0.107118,-0.019422,0.000000,2.000000,0.000000,3.000000,0.000000,0.127559,0.085816,-0.018923,-0.083704,-1.066514,0.000000,0.000000,1.000000,2.000000,0.745621,3.145132,0.702128,3.119987,0.702128,3.119987,0.190640,1.000000,1.000000
17490.000000,0.700719,3.119816,-0.140865,-0.017021,0.000000,2.000000,0.000000,3.000000,0.000000,0.127559,0.108865,-0.018815,-0.107226,-1.055248,0.000000,0.000000,1.000000,2.000000,0.745621,3.145132,0.700719,3.119816,0.700719,3.119816,0.190640,1.000000,1.000000
17500.000000,0.698883,3.119710,-0.183668,-0.010664,0.000000,2.000000,0.000000,3.000000,0.000000,0.136758,0.141889,-0.016132,-0.140969,-1.000842,0.000000,0.000000,1.000000,2.000000,0.745621,3.145132,0.698883,3.119710,0.698883,3.119710,0.190640,1.000000,1.000000
17510.000000,0.696584,3.119593,-0.229901,-0.011689,0.000000,2.000000,0.000000,3.000000,0.000000,0.151256,0.183977,-0.009251,-0.183744,-0.938542,0.000000,0.000000,1.000000,2.000000,0.745621,3.145132,0.696584,3.119593,0.696584,3.119593,0.190640,1.000000,1.000000
17520.000000,0.693988,3.119336,-0.259517,-0.025669,0.000000,2.000000,0.000000,3.000000,0.000000,0.318934,0.230198,-0.009606,-0.229998,-0.929807,0.000000,0.000000,1.000000,2.000000,0.745621,3.145132,0.693988,3.119336,0.693988,3.119336,0.190640,1.000000,1.000000
17530.000000,0.691308,3.118956,-0.267993,-0.038056,0.000000,2.000000,0.000000,3.000000,0.000000,0.275762,0.260784,-0.022908,-0.259776,-0.972509,0.000000,0.000000,1.000000,2.000000,0.745621,3.145132,0.691308,3.118956,0.691308,3.118956,0.190640,1.000000,1.000000
17540.000000,0.688438,3.118500,-0.287021,-0.045531,0.000000,2.000000,0.000000,3.000000,0.000000,0.436096,0.270682,-0.035001,-0.268409,-0.395815,0.000000,0.000000,1.000000,2.000000,0.745621,3.145132,0.688438,3.118500,0.688438,3.118500,0.190640,1.000000,1.000000
17550.000000,0.685119,3.118052,-0.331909,-0.044764,0.000000,2.000000,0.000000,3.000000,0.000000,0.523532,0.290610,-0.042426,-0.287496,0.135070,0.000000,0.000000,1.000000,2.000000,0.745621,3.145132,0.685119,3.118052,0.685119,3.118052,0.190640,1.000000,1.000000
17560.000000,0.681152,3.117637,-0.396751,-0.041512,0.000000,2.000000,0.000000,3.000000,0.000000,0.523532,0.334914,-0.041751,-0.332301,0.134887,0.000000,0.000000,1.000000,2.000000,0.745621,3.145132,0.681152,3.117637,0.681152,3.117637,0.190640,1.000000,1.000000
17570.000000,0.676483,3.116759,-0.466903,-0.087802,0.000000,2.000000,0.000000,3.000000,0.000000,0.600185,0.398917,-0.038720,-0.397033,0.721551,0.000000,0.000000,1.000000,2.000000,0.745621,3.145132,0.676483,3.116759,0.676483,3.116759,0.190640,1.000000,1.000000
17580.000000,0.671895,3.115857,-0.458788,-0.090268,0.000000,2.000000,0.000000,3.000000,0.000000,0.712873,0.443585,-0.023120,-0.442982,0.716376,0.000000,0.000000,1.000000,2.000000,0.745621,3.145132,0.671895,3.115857,0.671895,3.115857,0.190640,1.000000,1.000000
17590.000000,0.667236,3.114935,-0.465906,-0.092135,0.000000,2.000000,0.000000,3.000000,0.000000,0.712873,0.462936,0.003469,-0.462923,0.711276,0.000000,0.000000,1.000000,2.000000,0.745621,3.145132,0.667236,3.114935,0.667236,3.114935,0.190640,1.000000,1.000000
17600.000000,0.662133,3.114119,-0.510235,-0.081689,0.000000,2.000000,0.000000,3.000000,0.000000,0.712873,0.479451,0.011943,-0.479303,0.493874,0.000000,0.000000,1.000000,2.000000,0.745621,3.145132,0.662133,3.114119,0.662133,3.114119,0.190640,1.000000,1.000000
17610.000000,0.656865,3.113567,-0.526800,-0.055203,0.000000,2.000000,0.000000,3.000000,0.000000,0.694579,0.519051,0.007333,-0.518999,1.047301,0.000000,0.000000,1.000000,2.000000,0.745621,3.145132,0.656865,3.113567,0.656865,3.113567,0.190640,1.000000,1.000000
17620.000000,0.651702,3.113124,-0.516365,-0.044300,0.000000,2.000000,0.000000,3.000000,0.000000,0.694579,0.537246,0.009082,-0.537169,1.036436,0.000000,0.000000,1.000000,2.000000,0.745621,3.145132,0.651702,3.113124,0.651702,3.113124,0.190640,1.000000,1.000000
17630.000000,0.646518,3.112837,-0.518378,-0.028691,0.000000,2.000000,0.000000,3.000000,0.000000,0.907165,0.522851,0.005577,-0.522822,1.025793,0.000000,0.000000,1.000000,2.000000,0.745621,3.145132,0.646518,3.112837,0.646518,3.112837,0.190640,1.000000,1.000000
17640.000000,0.641116,3.112770,-0.540211,-0.006647,0.000000,2.000000,0.000000,3.000000,0.000000,0.907165,0.519527,0.000807,-0.519527,0.814377,0.000000,0.000000,1.000000,2.000000,0.745621,3.145132,0.641116,3.112770,0.641116,3.112770,0.190640,1.000000,1.000000
17650.000000,0.635420,3.112772,-0.569539,0.000112,0.000000,2.000000,0.000000,3.000000,0.000000,0.919976,0.540252,-0.001467,-0.540250,0.583914,0.000000,0.000000,1.000000,2.000000,0.745621,3.145132,0.635420,3.112772,0.635420,3.112772,0.190640,1.000000,1.000000
17660.000000,0.629726,3.112359,-0.569479,-0.041240,0.000000,2.000000,0.000000,3.000000,0.000000,0.907213,0.569539,0.004987,-0.569517,0.551674,0.000000,0.000000,1.000000,2.000000,0.745621,3.145132,0.629726,3.112359,0.629726,3.112359,0.190640,1.000000,1.000000
17670.000000,0.623943,3.111789,-0.578283,-0.056978,0.000000,2.000000,0.000000,3.000000,0.000000,0.978549,0.581386,0.010913,-0.581284,0.712551,0.000000,0.000000,1.000000,2.000000,0.745621,3.145132,0.623943,3.111789,0.623943,3.111789,0.190640,1.000000,1.000000
17680.000000,0.617816,3.111190,-0.612724,-0.059963,0.000000,2.000000,0.000000,3.000000,0.000000,0.790489,0.605568,0.025019,-0.605051,0.707504,0.000000,0.000000,1.000000,2.000000,0.745621,3.145132,0.617816,3.111190,0.617816,3.111190,0.190640,1.000000,1.000000
17690.000000,0.611669,3.110765,-0.614668,-0.042422,0.000000,2.000000,0.000000,3.000000,0.000000,0.773597,0.664029,0.046765,-0.662380,0.702529,0.000000,0.000000,1.000000,2.000000,0.745621,3.145132,0.611669,3.110765,0.611669,3.110765,0.190640,1.000000,1.000000
17700.000000,0.605595,3.110166,-0.607439,-0.059928,0.000000,2.000000,0.000000,3.000000,0.000000,0.543902,0.681683,0.060771,-0.678969,0.242017,0.000000,0.000000,1.000000,2.000000,0.745621,3.145132,0.605595,3.110166,0.605595,3.110166,0.190640,1.000000,1.000000
17710.000000,0.599839,3.109475,-0.575540,-0.069067,0.000000,2.000000,0.000000,3.000000,0.000000,0.645538,0.670210,0.056941,-0.667787,0.561241,0.000000,0.000000,1.000000,2.000000,0.745621,3.145132,0.599839,3.109475,0.599839,3.109475,0.190640,1.000000,1.000000
17720.000000,0.594113,3.108954,-0.572572,-0.052096,0.000000,2.000000,0.000000,3.000000,0.000000,0.819043,0.640912,0.059168,-0.638175,1.492998,0.000000,0.000000,1.000000,2.000000,0.745621,3.145132,0.594113,3.108954,0.594113,3.108954,0.190640,1.000000,1.000000
17730.000000,0.588586,3.108412,-0.552697,-0.054230,0.000000,2.000000,0.000000,3.000000,0.000000,0.819043,0.634184,0.055957,-0.631711,1.471014,0.000000,0.000000,1.000000,2.000000,0.745621,3.145132,0.588586,3.108412,0.588586,3.108412,0.190640,1.000000,1.000000
17740.000000,0.583195,3.107831,-0.539097,-0.058150,0.000000,2.000000,0.000000,3.000000,0.000000,0.890590,0.601842,0.044825,-0.600170,1.369972,0.000000,0.000000,1.000000,2.000000,0.745621,3.145132,0.583195,3.107831,0.583195,3.107831,0.190640,1.000000,1.000000
17750.000000,0.577889,3.107169,-0.530671,-0.066133,0.000000,2.000000,0.000000,3.000000,0.000000,0.882497,0.564039,0.022943,-0.563572,0.286107,0.000000,0.000000,1.000000,2.000000,0.745621,3.145132,0.577889,3.107169,0.577889,3.107169,0.190640,1.000000,1.000000
17760.000000,0.572731,3.106402,-0.515726,-0.076700,0.000000,2.000000,0.000000,3.000000,0.000000,0.853837,0.528699,-0.002269,-0.528694,0.361946,0.000000,0.000000,1.000000,2.000000,0.745621,3.145132,0.572731,3.106402,0.572731,3.106402,0.190640,1.000000,1.000000
17770.000000,0.567915,3.105764,-0.481669,-0.063791,0.000000,2.000000,0.000000,3.000000,0.000000,0.974726,0.494629,-0.021020,-0.494183,0.643431,0.000000,0.000000,1.000000,2.000000,0.745621,3.145132,0.567915,3.105764,0.567915,3.105764,0.190640,1.000000,1.000000
17780.000000,0.563518,3.105160,-0.439660,-0.060365,0.000000,2.000000,0.000000,3.000000,0.000000,0.997144,0.454123,-0.031879,-0.453003,0.661422,0.000000,0.000000,1.000000,2.000000,0.745621,3.145132,0.563518,3.105160,0.563518,3.105160,0.190640,1.000000,1.000000
17790.000000,0.559140,3.104298,-0.437857,-0.086253,0.000000,2.000000,0.000000,3.000000,0.000000,0.997144,0.443784,-0.056865,-0.440126,0.665112,0.000000,0.000000,1.000000,2.000000,0.745621,3.145132,0.559140,3.104298,0.559140,3.104298,0.190640,1.000000,1.000000
17800.000000,0.554943,3.103390,-0.419659,-0.090736,0.000000,2.000000,0.000000,3.000000,0.000000,0.795642,0.446272,-0.083329,-0.438423,0.660713,0.000000,0.000000,1.000000,2.000000,0.745621,3.145132,0.554943,3.103390,0.554943,3.103390,0.190640,1.000000,1.000000
17810.000000,0.551085,3.102570,-0.385836,-0.082096,0.000000,2.000000,0.000000,3.000000,0.000000,0.795642,0.429356,-0.088455,-0.420145,0.467611,0.000000,0.000000,1.000000,2.000000,0.745621,3.145132,0.551085,3.102570,0.551085,3.102570,0.190640,1.000000,1.000000
17820.000000,0.547509,3.101939,-0.357520,-0.063088,0.000000,2.000000,0.000000,3.000000,0.000000,0.786162,0.394474,-0.080481,-0.386176,0.761241,0.000000,0.000000,1.000000,2.000000,0.745621,3.145132,0.547509,3.101939,0.547509,3.101939,0.190640,1.000000,1.000000
17830.000000,0.544322,3.101508,-0.318749,-0.043089,0.000000,2.000000,0.000000,3.000000,0.000000,0.757743,0.363044,-0.061846,-0.357737,1.217547,0.000000,0.000000,1.000000,2.000000,0.745621,3.145132,0.544322,3.101508,0.544322,3.101508,0.190640,1.000000,1.000000
17840.000000,0.541545,3.101295,-0.277724,-0.021332,0.000000,2.000000,0.000000,3.000000,0.000000,0.757743,0.321648,-0.041899,-0.318908,1.202887,0.000000,0.000000,1.000000,2.000000,0.745621,3.145132,0.541545,3.101295,0.541545,3.101295,0.190640,1.000000,1.000000
17850.000000,0.538917,3.101075,-0.262803,-0.021934,0.000000,2.000000,0.000000,3.000000,0.000000,0.744737,0.278542,-0.019838,-0.277834,1.177976,0.000000,0.000000,1.000000,2.000000,0.745621,3.145132,0.538917,3.101075,0.538917,3.101075,0.190640,1.000000,1.000000
17860.000000,0.536278,3.100742,-0.263902,-0.033362,0.000000,2.000000,0.000000,3.000000,0.000000,0.633657,0.263716,-0.020031,-0.262955,0.408255,0.000000,0.000000,1.000000,2.000000,0.745621,3.145132,0.536278,3.100742,0.536278,3.100742,0.190640,1.000000,1.000000
17870.000000,0.533652,3.100334,-0.262541,-0.040724,0.000000,2.000000,0.000000,3.000000,0.000000,0.566037,0.266002,-0.031272,-0.264158,0.359549,0.000000,0.000000,1.000000,2.000000,0.745621,3.145132,0.533652,3.100334,0.533652,3.100334,0.190640,1.000000,1.000000
17880.000000,0.531097,3.099828,-0.255546,-0.050699,0.000000,2.000000,0.000000,3.000000,0.000000,0.584235,0.265681,-0.038828,-0.262829,0.395452,0.000000,0.000000,1.000000,2.000000,0.745621,3.145132,0.531097,3.099828,0.531097,3.099828,0.190640,1.000000,1.000000
17890.000000,0.528749,3.099339,-0.234780,-0.048824,0.000000,2.000000,0.000000,3.000000,0.000000,0.584235,0.260527,-0.049356,-0.255809,0.393893,0.000000,0.000000,1.000000,2.000000,0.745621,3.145132,0.528749,3.099339,0.528749,3.099339,0.190640,1.000000,1.000000
17900.000000,0.526598,3.098926,-0.215120,-0.041308,0.000000,2.000000,0.000000,3.000000,0.000000,0.672143,0.239803,-0.047969,-0.234956,0.437056,0.000000,0.000000,1.000000,2.000000,0.745621,3.145132,0.526598,3.098926,0.526598,3.098926,0.190640,1.000000,1.000000
17910.000000,0.524643,3.098617,-0.195462,-0.030924,0.000000,2.000000,0.000000,3.000000,0.000000,0.672143,0.219050,-0.040575,-0.215259,0.455957,0.000000,0.000000,1.000000,2.000000,0.745621,3.145132,0.524643,3.098617,0.524643,3.098617,0.190640,1.000000,1.000000
17920.000000,0.522851,3.098331,-0.179229,-0.028548,0.000000,2.000000,0.000000,3.000000,0.000000,0.672143,0.197893,-0.030147,-0.195584,0.453886,0.000000,0.000000,1.000000,2.000000,0.745621,3.145132,0.522851,3.098331,0.522851,3.098331,0.190640,1.000000,1.000000
17930.000000,0.521283,3.098047,-0.156828,-0.028440,0.000000,2.000000,0.000000,3.000000,0.000000,0.526418,0.181489,-0.027670,-0.179367,0.302482,0.000000,0.000000,1.000000,2.000000,0.745621,3.145132,0.521283,3.098047,0.521283,3.098047,0.190640,1.000000,1.000000
17940.000000,0.519887,3.097731,-0.139601,-0.031601,0.000000,2.000000,0.000000,3.000000,0.000000,0.521188,0.159385,-0.027457,-0.157003,0.291575,0.000000,0.000000,1.000000,2.000000,0.745621,3.145132,0.519887,3.097731,0.519887,3.097731,0.190640,1.000000,1.000000
17950.000000,0.518603,3.097390,-0.128350,-0.034091,0.000000,2.000000,0.000000,3.000000,0.000000,0.344865,0.143133,-0.030597,-0.139825,-0.529151,0.000000,0.000000,1.000000,2.000000,0.745621,3.145132,0.518603,3.097390,0.518603,3.097390,0.190640,1.000000,1.000000
17960.000000,0.517444,3.097022,-0.115940,-0.036820,0.000000,2.000000,0.000000,3.000000,0.000000,0.441505,0.132800,-0.033180,-0.128588,-0.189161,0.000000,0.000000,1.000000,2.000000,0.745621,3.145132,0.517444,3.097022,0.517444,3.097022,0.190640,1.000000,1.000000
17970.000000,0.516422,3.096632,-0.102163,-0.038997,0.000000,2.000000,0.000000,3.000000,0.000000,0.448899,0.121646,-0.036074,-0.116174,-0.157925,0.000000,0.000000,1.000000,2.000000,0.745621,3.145132,0.516422,3.096632,0.516422,3.096632,0.190640,1.000000,1.000000
17980.000000,0.515581,3.096256,-0.084099,-0.037631,0.000000,2.000000,0.000000,3.000000,0.000000,0.448899,0.109353,-0.038506,-0.102349,-0.157676,0.000000,0.000000,1.000000,2.000000,0.745621,3.145132,0.515581,3.096256,0.515581,3.096256,0.190640,1.000000,1.000000
17990.000000,0.514893,3.095901,-0.068864,-0.035525,0.000000,2.000000,0.000000,3.000000,0.000000,0.417972,0.092134,-0.037381,-0.084210,-0.299570,0.000000,0.000000,1.000000,2.000000,0.745621,3.145132,0.514893,3.095901,0.514893,3.095901,0.190640,1.000000,1.000000
18000.000000,0.514346,3.095577,-0.054635,-0.032361,0.000000,2.000000,0.000000,3.000000,0.000000,0.310666,0.077487,-0.035383,-0.068937,-0.657583,0.000000,0.000000,1.000000,2.000000,0.745621,3.145132,0.514346,3.095577,0.514346,3.095577,0.190640,1.000000,1.000000
18010.000000,0.513887,3.095325,-0.045885,-0.025236,0.000000,2.000000,0.000000,3.000000,0.000000,0.333863,0.063500,-0.032193,-0.054735,-0.653283,0.000000,0.000000,1.000000,2.000000,0.745621,3.145132,0.513887,3.095325,0.513887,3.095325,0.190640,1.000000,1.000000
18020.000000,0.513475,3.095149,-0.041215,-0.017630,0.000000,2.000000,0.000000,3.000000,0.000000,0.333863,0.052367,-0.025000,-0.046014,-0.649039,0.000000,0.000000,1.000000,2.000000,0.745621,3.145132,0.513475,3.095149,0.513475,3.095149,0.190640,1.000000,1.000000
18030.000000,0.513105,3.095032,-0.036992,-0.011653,0.000000,2.000000,0.000000,3.000000,0.000000,0.331337,0.044827,-0.017313,-0.041349,-0.713034,0.000000,0.000000,1.000000,2.000000,0.745621,3.145132,0.513105,3.095032,0.513105,3.095032,0.190640,1.000000,1.000000
18040.000000,0.512789,3.094965,-0.031667,-0.006649,0.000000,2.000000,0.000000,3.000000,0.000000,0.236471,0.038784,-0.011284,-0.037106,-0.949507,0.000000,0.000000,1.000000,2.000000,0.745621,3.145132,0.512789,3.094965,0.512789,3.094965,0.190640,1.000000,1.000000
18050.000000,0.512789,3.094965,0.000000,0.000000,0.000000,2.000000,0.000000,3.000000,0.000000,0.151509,0.032358,-0.006274,-0.031744,-1.494704,0.000000,0.000000,1.000000,2.000000,0.745621,3.145132,0.512789,3.094965,0.512789,3.094965,0.190640,1.000000,1.000000
18060.000000,0.512789,3.094965,0.000000,0.000000,0.000000,2.000000,0.000000,3.000000,0.000000,0.151509,0.025134,-0.002544,-0.025005,-1.472670,0.000000,0.000000,1.000000,2.000000,0.745621,3.145132,0.512789,3.094965,0.512789,3.094965,0.190640,1.000000,1.000000
18070.000000,0.512789,3.094965,0.000000,0.000000,0.000000,2.000000,0.000000,3.000000,0.000000,0.149540,0.014586,-0.004179,-0.013975,-1.482334,0.000000,0.000000,1.000000,2.000000,0.745621,3.145132,0.512789,3.094965,0.512789,3.094965,0.190640,1.000000,1.000000
18080.000000,0.512789,3.094965,0.000000,0.000000,0.000000,2.000000,0.000000,3.000000,0.000000,0.115793,0.006363,-0.002566,-0.005823,-1.551774,0.000000,0.000000,1.000000,2.000000,0.745621,3.145132,0.512789,3.094965,0.512789,3.094965,0.190640,1.000000,1.000000
18090.000000,0.512789,3.094965,0.000000,0.000000,0.000000,2.000000,0.000000,3.000000,0.000000,0.093033,0.000861,-0.000267,-0.000818,-1.580694,0.000000,0.000000,1.000000,2.000000,0.745621,3.145132,0.512789,3.094965,0.512789,3.094965,0.190640,1.000000,1.000000
18100.000000,0.512789,3.094965,0.000000,0.000000,0.000000,2.000000,0.000000,3.000000,0.000000,0.111289,0.001441,0.001145,0.000876,-1.472462,0.000000,0.000000,1.000000,2.000000,0.745621,3.145132,0.512789,3.094965,0.512789,3.094965,0.190640,1.000000,1.000000
18110.000000,0.512789,3.094965,0.000000,0.000000,0.000000,2.000000,0.000000,3.000000,0.000000,0.111289,0.002778,0.002011,0.001917,-1.448969,0.000000,0.000000,1.000000,2.000000,0.745621,3.145132,0.512789,3.094965,0.512789,3.094965,0.190640,1.000000,1.000000
18120.000000,0.512789,3.094965,0.000000,0.000000,0.000000,2.000000,0.000000,3.000000,0.000000,0.111289,0.004877,0.004506,0.001866,-1.428254,0.000000,0.000000,1.000000,2.000000,0.745621,3.145132,0.512789,3.094965,0.512789,3.094965,0.190640,1.000000,1.000000
18130.000000,0.512789,3.094965,0.000000,0.000000,0.000000,2.000000,0.000000,3.000000,0.000000,0.091657,0.005073,0.004729,0.001835,-1.494209,0.000000,0.000000,1.000000,2.000000,0.745621,3.145132,0.512789,3.094965,0.512789,3.094965,0.190640,1.000000,1.000000
18140.000000,0.512789,3.094965,0.000000,0.000000,0.000000,2.000000,0.000000,3.000000,0.000000,0.071936,0.007274,0.006829,0.002505,-1.470460,0.000000,0.000000,1.000000,2.000000,0.745621,3.145132,0.512789,3.094965,0.512789,3.094965,0.190640,1.000000,1.000000
18150.000000,0.512789,3.094965,0.000000,0.000000,0.000000,2.000000,0.000000,3.000000,0.000000,0.071936,0.006547,0.006156,0.002228,-1.449129,0.000000,0.000000,1.000000,2.000000,0.745621,3.145132,0.512789,3.094965,0.512789,3.094965,0.190640,1.000000,1.000000
18160.000000,0.512789,3.094965,0.000000,0.000000,0.000000,2.000000,0.000000,3.000000,0.000000,0.071936,0.004888,0.004434,0.002057,-1.428409,0.000000,0.000000,1.000000,2.000000,0.745621,3.145132,0.512789,3.094965,0.512789,3.094965,0.190640,1.000000,1.000000
18170.000000,0.512789,3.094965,0.000000,0.000000,0.000000,2.000000,0.000000,3.000000,0.000000,0.067980,0.003900,0.003377,0.001952,-1.409091,0.000000,0.000000,1.000000,2.000000,0.745621,3.145132,0.512789,3.094965,0.512789,3.094965,0.190640,1.000000,1.000000
18180.000000,0.512789,3.094965,0.000000,0.000000,0.000000,2.000000,0.000000,3.000000,0.000000,0.047522,0.003317,0.002728,0.001888,-1.464000,0.000000,0.000000,1.000000,2.000000,0.745621,3.145132,0.512789,3.094965,0.512789,3.094965,0.190640,1.000000,1.000000
18190.000000,0.512789,3.094965,0.000000,0.000000,0.000000,2.000000,0.000000,3.000000,0.000000,0.032591,0.002037,0.001675,0.001159,-1.467261,0.000000,0.000000,1.000000,2.000000,0.745621,3.145132,0.512789,3.094965,0.512789,3.094965,0.190640,1.000000,1.000000
18200.000000,0.512789,3.094965,0.000000,0.000000,0.000000,2.000000,0.000000,3.000000,0.000000,0.032591,0.002189,0.001683,0.001401,-1.446023,0.000000,0.000000,1.000000,2.000000,0.745621,3.145132,0.512789,3.094965,0.512789,3.094965,0.190640,1.000000,1.000000
18210.000000,0.512789,3.094965,0.000000,0.000000,0.000000,2.000000,0.000000,3.000000,0.000000,0.019272,0.001595,0.000379,0.001550,-1.474434,0.000000,0.000000,1.000000,2.000000,0.745621,3.145132,0.512789,3.094965,0.512789,3.094965,0.190640,1.000000,1.000000
18220.000000,0.512789,3.094965,0.000000,0.000000,0.000000,2.000000,0.000000,3.000000,0.000000,0.021060,0.001694,-0.000422,0.001641,-1.460426,0.000000,0.000000,1.000000,2.000000,0.745621,3.145132,0.512789,3.094965,0.512789,3.094965,0.190640,1.000000,1.000000
18230.000000,0.512789,3.094965,0.000000,0.000000,0.000000,2.000000,0.000000,3.000000,0.000000,0.026410,0.002400,-0.000259,0.002386,-1.420674,0.000000,0.000000,1.000000,2.000000,0.745621,3.145132,0.512789,3.094965,0.512789,3.094965,0.190640,1.000000,1.000000
18240.000000,0.512789,3.094965,0.000000,0.000000,0.000000,2.000000,0.000000,3.000000,0.000000,0.026410,0.003067,0.001150,0.002844,-1.400754,0.000000,0.000000,1.000000,2.000000,0.745621,3.145132,0.512789,3.094965,0.512789,3.094965,0.190640,1.000000,1.000000
18250.000000,0.512789,3.094965,0.000000,0.000000,0.000000,2.000000,0.000000,3.000000,0.000000,0.044470,0.005193,0.000052,0.005192,-1.361685,0.000000,0.000000,1.000000,2.000000,0.745621,3.145132,0.512789,3.094965,0.512789,3.094965,0.190640,1.000000,1.000000
18260.000000,0.512789,3.094965,0.000000,0.000000,0.000000,2.000000,0.000000,3.000000,0.000000,0.078171,0.010792,0.000686,0.010770,-1.184889,0.000000,0.000000,1.000000,2.000000,0.745621,3.145132,0.512789,3.094965,0.512789,3.094965,0.190640,1.000000,1.000000
18270.000000,0.512789,3.094965,0.000000,0.000000,0.000000,2.000000,0.000000,3.000000,0.000000,0.083307,0.018332,-0.000233,0.018331,-1.127776,0.000000,0.000000,1.000000,2.000000,0.745621,3.145132,0.512789,3.094965,0.512789,3.094965,0.190640,1.000000,1.000000
18280.000000,0.513255,3.094816,0.046633,-0.014890,0.000000,2.000000,0.000000,3.000000,0.000000,0.083307,0.029119,-0.006031,0.028487,-1.115186,0.000000,0.000000,1.000000,2.000000,0.745621,3.145132,0.513255,3.094816,0.513255,3.094816,0.190640,1.000000,1.000000
18290.000000,0.513881,3.094579,0.062612,-0.023719,0.000000,2.000000,0.000000,3.000000,0.000000,0.082205,0.048953,-0.015479,0.046441,-1.110579,0.000000,0.000000,1.000000,2.000000,0.745621,3.145132,0.513881,3.094579,0.513881,3.094579,0.190640,1.000000,1.000000
18300.000000,0.514647,3.094249,0.076626,-0.032978,0.000000,2.000000,0.000000,3.000000,0.000000,0.086501,0.066954,-0.024552,0.062290,-1.142698,0.000000,0.000000,1.000000,2.000000,0.745621,3.145132,0.514647,3.094249,0.514647,3.094249,0.190640,1.000000,1.000000
18310.000000,0.515485,3.093889,0.083812,-0.036077,0.000000,2.000000,0.000000,3.000000,0.000000,0.221431,0.083421,-0.034048,0.076157,-0.637649,0.000000,0.000000,1.000000,2.000000,0.745621,3.145132,0.515485,3.093889,0.515485,3.093889,0.190640,1.000000,1.000000
18320.000000,0.516361,3.093502,0.087512,-0.038718,0.000000,2.000000,0.000000,3.000000,0.000000,0.304646,0.091247,-0.037261,0.083292,-0.494395,0.000000,0.000000,1.000000,2.000000,0.745621,3.145132,0.516361,3.093502,0.516361,3.093502,0.190640,1.000000,1.000000
18330.000000,0.517251,3.093104,0.089053,-0.039765,0.000000,2.000000,0.000000,3.000000,0.000000,0.336767,0.095694,-0.039889,0.086984,-0.382838,0.000000,0.000000,1.000000,2.000000,0.745621,3.145132,0.517251,3.093104,0.517251,3.093104,0.190640,1.000000,1.000000
18340.000000,0.518200,3.092681,0.094851,-0.042306,0.000000,2.000000,0.000000,3.000000,0.000000,0.336767,0.097528,-0.040848,0.088562,-0.381376,0.000000,0.000000,1.000000,2.000000,0.745621,3.145132,0.518200,3.092681,0.518200,3.092681,0.190640,1.000000,1.000000
18350.000000,0.518743,3.092926,0.054382,0.024544,0.000000,2.000000,0.000000,3.000000,0.000000,0.268406,0.103858,-0.043399,0.094356,-0.420852,0.000000,0.000000,1.000000,2.000000,0.745621,3.145132,0.518743,3.092926,0.518743,3.092926,0.190640,1.000000,1.000000
18360.000000,0.519352,3.093146,0.060870,0.021975,0.000000,2.000000,0.000000,3.000000,0.000000,0.191754,0.112411,-0.045620,0.102738,-0.621174,0.000000,0.000000,1.000000,2.000000,0.745621,3.145132,0.519352,3.093146,0.519352,3.093146,0.190640,1.000000,1.000000
18370.000000,0.519960,3.093309,0.060793,0.016337,0.000000,2.000000,0.000000,3.000000,0.000000,0.191754,0.120204,-0.046983,0.110642,-0.617335,0.000000,0.000000,1.000000,2.000000,0.745621,3.145132,0.519960,3.093309,0.519960,3.093309,0.190640,1.000000,1.000000
18380.000000,0.520581,3.093450,0.062133,0.014071,0.000000,2.000000,0.000000,3.000000,0.000000,0.223530,0.121193,-0.047821,0.111359,-0.860860,0.000000,0.000000,1.000000,2.000000,0.745621,3.145132,0.520581,3.093450,0.520581,3.093450,0.190640,1.000000,1.000000
18390.000000,0.521211,3.093563,0.062975,0.011280,0.000000,2.000000,0.000000,3.000000,0.000000,0.203107,0.117739,-0.044409,0.109042,-0.881294,0.000000,0.000000,1.000000,2.000000,0.745621,3.145132,0.521211,3.093563,0.521211,3.093563,0.190640,1.000000,1.000000
18400.000000,0.522231,3.093281,0.101965,-0.028223,0.000000,2.000000,0.000000,3.000000,0.000000,0.177703,0.111250,-0.039044,0.104173,-0.916006,0.000000,0.000000,1.000000,2.000000,0.745621,3.145132,0.522231,3.093281,0.522231,3.093281,0.190640,1.000000,1.000000
18410.000000,0.523243,3.093107,0.101187,-0.017318,0.000000,2.000000,0.000000,3.000000,0.000000,0.174635,0.105799,-0.028552,0.101873,-0.944788,0.000000,0.000000,1.000000,2.000000,0.745621,3.145132,0.523243,3.093107,0.523243,3.093107,0.190640,1.000000,1.000000
18420.000000,0.524250,3.093028,0.100723,-0.007937,0.000000,2.000000,0.000000,3.000000,0.000000,0.144812,0.102658,-0.017531,0.101150,-1.021916,0.000000,0.000000,1.000000,2.000000,0.745621,3.145132,0.524250,3.093028,0.524250,3.093028,0.190640,1.000000,1.000000
18430.000000,0.525199,3.093045,0.094917,0.001699,0.000000,2.000000,0.000000,3.000000,0.000000,0.121074,0.101035,-0.008147,0.100706,-1.056770,0.000000,0.000000,1.000000,2.000000,0.745621,3.145132,0.525199,3.093045,0.525199,3.093045,0.190640,1.000000,1.000000
18440.000000,0.526106,3.093153,0.090669,0.010822,0.000000,2.000000,0.000000,3.000000,0.000000,0.124233,0.094932,0.001540,0.094919,-1.038295,0.000000,0.000000,1.000000,2.000000,0.745621,3.145132,0.526106,3.093153,0.526106,3.093153,0.190640,1.000000,1.000000
18450.000000,0.526952,3.093284,0.084632,0.013110,0.000000,2.000000,0.000000,3.000000,0.000000,0.124233,0.091313,0.010759,0.090677,-1.027615,0.000000,0.000000,1.000000,2.000000,0.745621,3.145132,0.526952,3.093284,0.526952,3.093284,0.190640,1.000000,1.000000
18460.000000,0.527768,3.093436,0.081619,0.015167,0.000000,2.000000,0.000000,3.000000,0.000000,0.116001,0.085641,0.013148,0.084626,-1.037131,0.000000,0.000000,1.000000,2.000000,0.745621,3.145132,0.527768,3.093436,0.527768,3.093436,0.190640,1.000000,1.000000
18470.000000,0.528593,3.093626,0.082533,0.019041,0.000000,2.000000,0.000000,3.000000,0.000000,0.103787,0.083016,0.015270,0.081599,-1.055909,0.000000,0.000000,1.000000,2.000000,0.745621,3.145132,0.528593,3.093626,0.528593,3.093626,0.190640,1.000000,1.000000
18480.000000,0.529479,3.093788,0.088599,0.016176,0.000000,2.000000,0.000000,3.000000,0.000000,0.153726,0.084701,0.019189,0.082498,-1.008480,0.000000,0.000000,1.000000,2.000000,0.745621,3.145132,0.529479,3.093788,0.529479,3.093788,0.190640,1.000000,1.000000
18490.000000,0.530403,3.093920,0.092315,0.013137,0.000000,2.000000,0.000000,3.000000,0.000000,0.168571,0.090063,0.016362,0.088565,-0.922302,0.000000,0.000000,1.000000,2.000000,0.745621,3.145132,0.530403,3.093920,0.530403,3.093920,0.190640,1.000000,1.000000
18500.000000,0.531349,3.094059,0.094600,0.013906,0.000000,2.000000,0.000000,3.000000,0.000000,0.149216,0.093245,0.013317,0.092289,-0.756785,0.000000,0.000000,1.000000,2.000000,0.745621,3.145132,0.531349,3.094059,0.531349,3.094059,0.190640,1.000000,1.000000
18510.000000,0.532219,3.094248,0.087052,0.018957,0.000000,2.000000,0.000000,3.000000,0.000000,0.222516,0.095617,0.014065,0.094576,-0.727933,0.000000,0.000000,1.000000,2.000000,0.745621,3.145132,0.532219,3.094248,0.532219,3.094248,0.190640,1.000000,1.000000
18520.000000,0.533016,3.094534,0.079680,0.028581,0.000000,2.000000,0.000000,3.000000,0.000000,0.222516,0.089092,0.019104,0.087020,-0.722667,0.000000,0.000000,1.000000,2.000000,0.745621,3.145132,0.533016,3.094534,0.533016,3.094534,0.190640,1.000000,1.000000
18530.000000,0.533719,3.094898,0.070347,0.036445,0.000000,2.000000,0.000000,3.000000,0.000000,0.221118,0.084651,0.028740,0.079623,-0.720978,0.000000,0.000000,1.000000,2.000000,0.745621,3.145132,0.533719,3.094898,0.533719,3.094898,0.190640,1.000000,1.000000
18540.000000,0.534373,3.095357,0.065327,0.045848,0.000000,2.000000,0.000000,3.000000,0.000000,0.200000,0.079227,0.036619,0.070256,-0.768544,0.000000,0.000000,1.000000,2.000000,0.745621,3.145132,0.534373,3.095357,0.534373,3.095357,0.190640,1.000000,1.000000
18550.000000,0.534995,3.095873,0.062251,0.051622,0.000000,2.000000,0.000000,3.000000,0.000000,0.150613,0.079810,0.046037,0.065195,-0.866527,0.000000,0.000000,1.000000,2.000000,0.745621,3.145132,0.534995,3.095873,0.534995,3.095873,0.190640,1.000000,1.000000
18560.000000,0.535557,3.096385,0.056224,0.051245,0.000000,2.000000,0.000000,3.000000,0.000000,0.110277,0.080870,0.051819,0.062087,-0.978693,0.000000,0.000000,1.000000,2.000000,0.745621,3.145132,0.535557,3.096385,0.535557,3.096385,0.190640,1.000000,1.000000
18570.000000,0.536076,3.096915,0.051854,0.052970,0.000000,2.000000,0.000000,3.000000,0.000000,0.140153,0.076074,0.051444,0.056043,-0.894909,0.000000,0.000000,1.000000,2.000000,0.745621,3.145132,0.536076,3.096915,0.536076,3.096915,0.190640,1.000000,1.000000
18580.000000,0.536561,3.097449,0.048503,0.053358,0.000000,2.000000,0.000000,3.000000,0.000000,0.140153,0.074126,0.053176,0.051642,-0.886964,0.000000,0.000000,1.000000,2.000000,0.745621,3.145132,0.536561,3.097449,0.536561,3.097449,0.190640,1.000000,1.000000
18590.000000,0.537018,3.097939,0.045727,0.049028,0.000000,2.000000,0.000000,3.000000,0.000000,0.140153,0.072108,0.053586,0.048251,-0.879158,0.000000,0.000000,1.000000,2.000000,0.745621,3.145132,0.537018,3.097939,0.537018,3.097939,0.190640,1.000000,1.000000
18600.000000,0.537458,3.098416,0.044007,0.047699,0.000000,2.000000,0.000000,3.000000,0.000000,0.115461,0.067043,0.049258,0.045480,-0.933609,0.000000,0.000000,1.000000,2.000000,0.745621,3.145132,0.537458,3.098416,0.537458,3.098416,0.190640,1.000000,1.000000
18610.000000,0.537867,3.098839,0.040860,0.042314,0.000000,2.000000,0.000000,3.000000,0.000000,0.068650,0.064898,0.047909,0.043778,-1.042196,0.000000,0.000000,1.000000,2.000000,0.745621,3.145132,0.537867,3.098839,0.537867,3.098839,0.190640,1.000000,1.000000
18620.000000,0.538229,3.099216,0.036166,0.037710,0.000000,2.000000,0.000000,3.000000,0.000000,0.055362,0.058822,0.042501,0.040666,-1.064545,0.000000,0.000000,1.000000,2.000000,0.745621,3.145132,0.538229,3.099216,0.538229,3.099216,0.190640,1.000000,1.000000
18630.000000,0.538554,3.099546,0.032590,0.032921,0.000000,2.000000,0.000000,3.000000,0.000000,0.106088,0.052250,0.037872,0.035997,-1.053320,0.000000,0.000000,1.000000,2.000000,0.745621,3.145132,0.538554,3.099546,0.538554,3.099546,0.190640,1.000000,1.000000
18640.000000,0.538845,3.099832,0.029025,0.028662,0.000000,2.000000,0.000000,3.000000,0.000000,0.063628,0.046323,0.033067,0.032442,-1.042330,0.000000,0.000000,1.000000,2.000000,0.745621,3.145132,0.538845,3.099832,0.538845,3.099832,0.190640,1.000000,1.000000
18650.000000,0.539079,3.100073,0.023400,0.024082,0.000000,2.000000,0.000000,3.000000,0.000000,0.035985,0.040792,0.028808,0.028880,-1.054922,0.000000,0.000000,1.000000,2.000000,0.745621,3.145132,0.539079,3.100073,0.539079,3.100073,0.190640,1.000000,1.000000
18660.000000,0.539079,3.100073,0.000000,0.000000,0.000000,2.000000,0.000000,3.000000,0.000000,0.037036,0.033579,0.024231,0.023247,-1.033301,0.000000,0.000000,1.000000,2.000000,0.745621,3.145132,0.539079,3.100073,0.539079,3.100073,0.190640,1.000000,1.000000
18670.000000,0.539079,3.100073,0.000000,0.000000,0.000000,2.000000,0.000000,3.000000,0.000000,0.037036,0.028247,0.019457,0.020477,-1.022723,0.000000,0.000000,1.000000,2.000000,0.745621,3.145132,0.539079,3.100073,0.539079,3.100073,0.190640,1.000000,1.000000
18680.000000,0.539079,3.100073,0.000000,0.000000,0.000000,2.000000,0.000000,3.000000,0.000000,0.044514,0.021145,0.014564,0.015330,-1.012359,0.000000,0.000000,1.000000,2.000000,0.745621,3.145132,0.539079,3.100073,0.539079,3.100073,0.190640,1.000000,1.000000
18690.000000,0.539079,3.100073,0.000000,0.000000,0.000000,2.000000,0.000000,3.000000,0.000000,0.090470,0.017934,0.010905,0.014238,-0.852712,0.000000,0.000000,1.000000,2.000000,0.745621,3.145132,0.539079,3.100073,0.539079,3.100073,0.190640,1.000000,1.000000
18700.000000,0.539079,3.100073,0.000000,0.000000,0.000000,2.000000,0.000000,3.000000,0.000000,0.091554,0.011200,0.006041,0.009431,-0.841774,0.000000,0.000000,1.000000,2.000000,0.745621,3.145132,0.539079,3.100073,0.539079,3.100073,0.190640,1.000000,1.000000
18710.000000,0.539079,3.100073,0.000000,0.000000,0.000000,2.000000,0.000000,3.000000,0.000000,0.091554,0.007164,0.003055,0.006480,-0.834740,0.000000,0.000000,1.000000,2.000000,0.745621,3.145132,0.539079,3.100073,0.539079,3.100073,0.190640,1.000000,1.000000
18720.000000,0.539079,3.100073,0.000000,0.000000,0.000000,2.000000,0.000000,3.000000,0.000000,0.068199,0.002661,0.000567,0.002600,-0.921280,0.000000,0.000000,1.000000,2.000000,0.745621,3.145132,0.539079,3.100073,0.539079,3.100073,0.190640,1.000000,1.000000
18730.000000,0.539079,3.100073,0.000000,0.000000,0.000000,2.000000,0.000000,3.000000,0.000000,0.057294,0.002798,-0.001614,0.002286,-0.936791,0.000000,0.000000,1.000000,2.000000,0.745621,3.145132,0.539079,3.100073,0.539079,3.100073,0.190640,1.000000,1.000000
18740.000000,0.539079,3.100073,0.000000,0.000000,0.000000,2.000000,0.000000,3.000000,0.000000,0.057294,0.002662,-0.001645,0.002093,-0.928088,0.000000,0.000000,1.000000,2.000000,0.745621,3.145132,0.539079,3.100073,0.539079,3.100073,0.190640,1.000000,1.000000
18750.000000,0.539079,3.100073,0.000000,0.000000,0.000000,2.000000,0.000000,3.000000,0.000000,0.072051,0.002321,-0.002319,-0.000094,-0.782283,0.000000,0.000000,1.000000,2.000000,0.745621,3.145132,0.539079,3.100073,0.539079,3.100073,0.190640,1.000000,1.000000
18760.000000,0.539079,3.100073,0.000000,0.000000,0.000000,2.000000,0.000000,3.000000,0.000000,0.072051,0.001425,-0.001424,-0.000057,-0.776204,0.000000,0.000000,1.000000,2.000000,0.745621,3.145132,0.539079,3.100073,0.539079,3.100073,0.190640,1.000000,1.000000
18770.000000,0.539079,3.100073,0.000000,0.000000,0.000000,2.000000,0.000000,3.000000,0.000000,0.072051,0.000757,-0.000220,-0.000725,-0.770220,0.000000,0.000000,1.000000,2.000000,0.745621,3.145132,0.539079,3.100073,0.539079,3.100073,0.190640,1.000000,1.000000
18780.000000,0.539079,3.100073,0.000000,0.000000,0.000000,2.000000,0.000000,3.000000,0.000000,0.057435,0.000465,-0.000135,-0.000445,-0.826025,0.000000,0.000000,1.000000,2.000000,0.745621,3.145132,0.539079,3.100073,0.539079,3.100073,0.190640,1.000000,1.000000
18790.000000,0.539079,3.100073,0.000000,0.000000,0.000000,2.000000,0.000000,3.000000,0.000000,0.031523,0.001119,0.000571,-0.000962,-0.955138,0.000000,0.000000,1.000000,2.000000,0.745621,3.145132,0.539079,3.100073,0.539079,3.100073,0.190640,1.000000,1.000000
18800.000000,0.539079,3.100073,0.000000,0.000000,0.000000,2.000000,0.000000,3.000000,0.000000,0.031523,0.000687,0.000351,-0.000591,-0.946092,0.000000,0.000000,1.000000,2.000000,0.745621,3.145132,0.539079,3.100073,0.539079,3.100073,0.190640,1.000000,1.000000
18810.000000,0.539079,3.100073,0.000000,0.000000,0.000000,2.000000,0.000000,3.000000,0.000000,0.031523,0.000422,0.000215,-0.000363,-0.937217,0.000000,0.000000,1.000000,2.000000,0.745621,3.145132,0.539079,3.100073,0.539079,3.100073,0.190640,1.000000,1.000000
18820.000000,0.539079,3.100073,0.000000,0.000000,0.000000,2.000000,0.000000,3.000000,0.000000,0.027375,0.000259,0.000132,-0.000223,-0.942713,0.000000,0.000000,1.000000,2.000000,0.745621,3.145132,0.539079,3.100073,0.539079,3.100073,0.190640,1.000000,1.000000
18830.000000,0.539079,3.100073,0.000000,0.000000,0.000000,2.000000,0.000000,3.000000,0.000000,0.020591,0.000159,0.000081,-0.000137,-0.959626,0.000000,0.000000,1.000000,2.000000,0.745621,3.145132,0.539079,3.100073,0.539079,3.100073,0.190640,1.000000,1.000000
18840.000000,0.539079,3.100073,0.000000,0.000000,0.000000,2.000000,0.000000,3.000000,0.000000,0.019319,0.000098,0.000050,-0.000084,-0.973928,0.000000,0.000000,1.000000,2.000000,0.745621,3.145132,0.539079,3.100073,0.539079,3.100073,0.190640,1.000000,1.000000
18850.000000,0.539079,3.100073,0.000000,0.000000,0.000000,2.000000,0.000000,3.000000,0.000000,0.019319,0.000060,0.000031,-0.000052,-0.963594,0.000000,0.000000,1.000000,2.000000,0.745621,3.145132,0.539079,3.100073,0.539079,3.100073,0.190640,1.000000,1.000000
18860.000000,0.539079,3.100073,0.000000,0.000000,0.000000,2.000000,0.000000,3.000000,0.000000,0.018123,0.000037,0.000019,-0.000032,-0.955935,0.000000,0.000000,1.000000,2.000000,0.745621,3.145132,0.539079,3.100073,0.539079,3.100073,0.190640,1.000000,1.000000
18870.000000,0.539079,3.100073,0.000000,0.000000,0.000000,2.000000,0.000000,3.000000,0.000000,0.015389,0.000023,0.000012,-0.000019,-0.955249,0.000000,0.000000,1.000000,2.000000,0.745621,3.145132,0.539079,3.100073,0.539079,3.100073,0.190640,1.000000,1.000000
18880.000000,0.539079,3.100073,0.000000,0.000000,0.000000,2.000000,0.000000,3.000000,0.000000,0.015134,0.000014,0.000007,-0.000012,-0.950607,0.000000,0.000000,1.000000,2.000000,0.745621,3.145132,0.539079,3.100073,0.539079,3.100073,0.190640,1.000000,1.000000
18890.000000,0.539079,3.100073,0.000000,0.000000,0.000000,2.000000,0.000000,3.000000,0.000000,0.012338,0.000009,0.000004,-0.000007,-0.937152,0.000000,0.000000,1.000000,2.000000,0.745621,3.145132,0.539079,3.100073,0.539079,3.100073,0.190640,1.000000,1.000000
18900.000000,0.539079,3.100073,0.000000,0.000000,0.000000,2.000000,0.000000,3.000000,0.000000,0.012338,0.000005,0.000003,-0.000005,-0.928442,0.000000,0.000000,1.000000,2.000000,0.745621,3.145132,0.539079,3.100073,0.539079,3.100073,0.190640,1.000000,1.000000
18910.000000,0.539079,3.100073,0.000000,0.000000,0.000000,2.000000,0.000000,3.000000,0.000000,0.011787,0.000003,0.000002,-0.000003,-0.919893,0.000000,0.000000,1.000000,2.000000,0.745621,3.145132,0.539079,3.100073,0.539079,3.100073,0.190640,1.000000,1.000000
18920.000000,0.539079,3.100073,0.000000,0.000000,0.000000,2.000000,0.000000,3.000000,0.000000,0.010248,0.000002,0.000001,-0.000002,-0.921231,0.000000,0.000000,1.000000,2.000000,0.745621,3.145132,0.539079,3.100073,0.539079,3.100073,0.190640,1.000000,1.000000
18930.000000,0.539079,3.100073,0.000000,0.000000,0.000000,2.000000,0.000000,3.000000,0.000000,0.010426,0.000001,0.000001,-0.000001,-0.923176,0.000000,0.000000,1.000000,2.000000,0.745621,3.145132,0.539079,3.100073,0.539079,3.100073,0.190640,1.000000,1.000000
18940.000000,0.539079,3.100073,0.000000,0.000000,0.000000,2.000000,0.000000,3.000000,0.000000,0.010426,0.000001,0.000000,-0.000001,-0.914723,0.000000,0.000000,1.000000,2.000000,0.745621,3.145132,0.539079,3.100073,0.539079,3.100073,0.190640,1.000000,1.000000
18950.000000,0.539079,3.100073,0.000000,0.000000,0.000000,2.000000,0.000000,3.000000,0.000000,0.010354,0.000000,0.000000,-0.000000,-0.895379,0.000000,0.000000,1.000000,2.000000,0.745621,3.145132,0.539079,3.100073,0.539079,3.100073,0.190640,1.000000,1.000000
18960.000000,0.539079,3.100073,0.000000,0.000000,0.000000,2.000000,0.000000,3.000000,0.000000,0.008440,0.000000,0.000000,-0.000000,-0.885817,0.000000,0.000000,1.000000,2.000000,0.745621,3.145132,0.539079,3.100073,0.539079,3.100073,0.190640,1.000000,1.000000
18970.000000,0.539079,3.100073,0.000000,0.000000,0.000000,2.000000,0.000000,3.000000,0.000000,0.008423,0.000000,0.000000,-0.000000,-0.878032,0.000000,0.000000,1.000000,2.000000,0.745621,3.145132,0.539079,3.100073,0.539079,3.100073,0.190640,1.000000,1.000000
18980.000000,0.539079,3.100073,0.000000,0.000000,0.000000,2.000000,0.000000,3.000000,0.000000,0.008501,0.000000,0.000000,-0.000000,-0.874946,0.000000,0.000000,1.000000,2.000000,0.745621,3.145132,0.539079,3.100073,0.539079,3.100073,0.190640,1.000000,1.000000
18990.000000,0.539079,3.100073,0.000000,0.000000,0.000000,2.000000,0.000000,3.000000,0.000000,0.010126,0.000000,0.000000,-0.000000,-0.873586,0.000000,0.000000,1.000000,2.000000,0.745621,3.145132,0.539079,3.100073,0.539079,3.100073,0.190640,1.000000,1.000000
19000.000000,0.539079,3.100073,0.000000,0.000000,0.000000,2.000000,0.000000,3.000000,0.000000,0.010126,0.000000,0.000000,-0.000000,-0.867572,0.000000,0.000000,1.000000,2.000000,0.745621,3.145132,0.539079,3.100073,0.539079,3.100073,0.190640,1.000000,1.000000
19010.000000,0.539079,3.100073,0.000000,0.000000,0.000000,2.000000,0.000000,3.000000,0.000000,0.010126,0.000000,0.000000,-0.000000,-0.858827,0.000000,0.000000,1.000000,2.000000,0.745621,3.145132,0.539079,3.100073,0.539079,3.100073,0.190640,1.000000,1.000000
19020.000000,0.539079,3.100073,0.000000,0.000000,0.000000,2.000000,0.000000,3.000000,0.000000,0.009348,0.000000,0.000000,-0.000000,-0.848531,0.000000,0.000000,1.000000,2.000000,0.745621,3.145132,0.539079,3.100073,0.539079,3.100073,0.190640,1.000000,1.000000
19030.000000,0.539079,3.100073,0.000000,0.000000,0.000000,2.000000,0.000000,3.000000,0.000000,0.007728,0.000000,0.000000,-0.000000,-0.840522,0.000000,0.000000,1.000000,2.000000,0.745621,3.145132,0.539079,3.100073,0.539079,3.100073,0.190640,1.000000,1.000000
19040.000000,0.539079,3.100073,0.000000,0.000000,0.000000,2.000000,0.000000,3.000000,0.000000,0.007386,0.000000,0.000000,-0.000000,-0.832893,0.000000,0.000000,1.000000,2.000000,0.745621,3.145132,0.539079,3.100073,0.539079,3.100073,0.190640,1.000000,1.000000
19050.000000,0.539079,3.100073,0.000000,0.000000,0.000000,2.000000,0.000000,3.000000,0.000000,0.006565,0.000000,0.000000,-0.000000,-0.826007,0.000000,0.000000,1.000000,2.000000,0.745621,3.145132,0.539079,3.100073,0.539079,3.100073,0.190640,1.000000,1.000000
19060.000000,0.539079,3.100073,0.000000,0.000000,0.000000,2.000000,0.000000,3.000000,0.000000,0.005836,0.000000,0.000000,-0.000000,-0.820178,0.000000,0.000000,1.000000,2.000000,0.745621,3.145132,0.539079,3.100073,0.539079,3.100073,0.190640,1.000000,1.000000
19070.000000,0.539079,3.100073,0.000000,0.000000,0.000000,2.000000,0.000000,3.000000,0.000000,0.005187,0.000000,0.000000,-0.000000,-0.816627,0.000000,0.000000,1.000000,2.000000,0.745621,3.145132,0.539079,3.100073,0.539079,3.100073,0.190640,1.000000,1.000000
19080.000000,0.539079,3.100073,0.000000,0.000000,0.000000,2.000000,0.000000,3.000000,0.000000,0.004611,0.000000,0.000000,-0.000000,-0.812471,0.000000,0.000000,1.000000,2.000000,0.745621,3.145132,0.539079,3.100073,0.539079,3.100073,0.190640,1.000000,1.000000
19090.000000,0.539079,3.100073,0.000000,0.000000,0.000000,2.000000,0.000000,3.000000,0.000000,0.004099,0.000000,0.000000,-0.000000,-0.805917,0.000000,0.000000,1.000000,2.000000,0.745621,3.145132,0.539079,3.100073,0.539079,3.100073,0.190640,1.000000,1.000000
19100.000000,0.539079,3.100073,0.000000,0.000000,0.000000,2.000000,0.000000,3.000000,0.000000,0.003975,0.000000,0.000000,-0.000000,-0.796153,0.000000,0.000000,1.000000,2.000000,0.745621,3.145132,0.539079,3.100073,0.539079,3.100073,0.190640,1.000000,1.000000
19110.000000,0.539079,3.100073,0.000000,0.000000,0.000000,2.000000,0.000000,3.000000,0.000000,0.003533,0.000000,0.000000,-0.000000,-0.789190,0.000000,0.000000,1.000000,2.000000,0.745621,3.145132,0.539079,3.100073,0.539079,3.100073,0.190640,1.000000,1.000000
19120.000000,0.539079,3.100073,0.000000,0.000000,0.000000,2.000000,0.000000,3.000000,0.000000,0.003140,0.000000,0.000000,-0.000000,-0.783004,0.000000,0.000000,1.000000,2.000000,0.745621,3.145132,0.539079,3.100073,0.539079,3.100073,0.190640,1.000000,1.000000
19130.000000,0.539079,3.100073,0.000000,0.000000,0.000000,2.000000,0.000000,3.000000,0.000000,0.002791,0.000000,0.000000,-0.000000,-0.778215,0.000000,0.000000,1.000000,2.000000,0.745621,3.145132,0.539079,3.100073,0.539079,3.100073,0.190640,1.000000,1.000000
19140.000000,0.539079,3.100073,0.000000,0.000000,0.000000,2.000000,0.000000,3.000000,0.000000,0.002481,0.000000,0.000000,-0.000000,-0.774288,0.000000,0.000000,1.000000,2.000000,0.745621,3.145132,0.539079,3.100073,0.539079,3.100073,0.190640,1.000000,1.000000
19150.000000,0.539079,3.100073,0.000000,0.000000,0.000000,2.000000,0.000000,3.000000,0.000000,0.002206,0.000000,0.000000,-0.000000,-0.768333,0.000000,0.000000,1.000000,2.000000,0.745621,3.145132,0.539079,3.100073,0.539079,3.100073,0.190640,1.000000,1.000000
19160.000000,0.539079,3.100073,0.000000,0.000000,0.000000,2.000000,0.000000,3.000000,0.000000,0.001961,0.000000,0.000000,-0.000000,-0.762469,0.000000,0.000000,1.000000,2.000000,0.745621,3.145132,0.539079,3.100073,0.539079,3.100073,0.190640,1.000000,1.000000
19170.000000,0.539079,3.100073,0.000000,0.000000,0.000000,2.000000,0.000000,3.000000,0.000000,0.001743,0.000000,0.000000,-0.000000,-0.757281,0.000000,0.000000,1.000000,2.000000,0.745621,3.145132,0.539079,3.100073,0.539079,3.100073,0.190640,1.000000,1.000000
19180.000000,0.539079,3.100073,0.000000,0.000000,0.000000,2.000000,0.000000,3.000000,0.000000,0.001549,0.000000,0.000000,-0.000000,-0.751987,0.000000,0.000000,1.000000,2.000000,0.745621,3.145132,0.539079,3.100073,0.539079,3.100073,0.190640,1.000000,1.000000
19190.000000,0.539079,3.100073,0.000000,0.000000,0.000000,2.000000,0.000000,3.000000,0.000000,0.001377,0.000000,0.000000,-0.000000,-0.746124,0.000000,0.000000,1.000000,2.000000,0.745621,3.145132,0.539079,3.100073,0.539079,3.100073,0.190640,1.000000,1.000000
19200.000000,0.539079,3.100073,0.000000,0.000000,0.000000,2.000000,0.000000,3.000000,0.000000,0.001224,0.000000,0.000000,-0.000000,-0.740593,0.000000,0.000000,1.000000,2.000000,0.745621,3.145132,0.539079,3.100073,0.539079,3.100073,0.190640,1.000000,1.000000
19210.000000,0.539079,3.100073,0.000000,0.000000,0.000000,2.000000,0.000000,3.000000,0.000000,0.001088,0.000000,0.000000,-0.000000,-0.736538,0.000000,0.000000,1.000000,2.000000,0.745621,3.145132,0.539079,3.100073,0.539079,3.100073,0.190640,1.000000,1.000000
19220.000000,0.539079,3.100073,0.000000,0.000000,0.000000,2.000000,0.000000,3.000000,0.000000,0.000967,0.000000,0.000000,-0.000000,-0.732768,0.000000,0.000000,1.000000,2.000000,0.745621,3.145132,0.539079,3.100073,0.539079,3.100073,0.190640,1.000000,1.000000
19230.000000,0.539079,3.100073,0.000000,0.000000,0.000000,2.000000,0.000000,3.000000,0.000000,0.000860,0.000000,0.000000,-0.000000,-0.724972,0.000000,0.000000,1.000000,2.000000,0.745621,3.145132,0.539079,3.100073,0.539079,3.100073,0.190640,1.000000,1.000000
19240.000000,0.539079,3.100073,0.000000,0.000000,0.000000,2.000000,0.000000,3.000000,0.000000,0.000764,0.000000,0.000000,-0.000000,-0.719176,0.000000,0.000000,1.000000,2.000000,0.745621,3.145132,0.539079,3.100073,0.539079,3.100073,0.190640,1.000000,1.000000
19250.000000,0.539079,3.100073,0.000000,0.000000,0.000000,2.000000,0.000000,3.000000,0.000000,0.000679,0.000000,0.000000,-0.000000,-0.713526,0.000000,0.000000,1.000000,2.000000,0.745621,3.145132,0.539079,3.100073,0.539079,3.100073,0.190640,1.000000,1.000000
19260.000000,0.539079,3.100073,0.000000,0.000000,0.000000,2.000000,0.000000,3.000000,0.000000,0.000604,0.000000,0.000000,-0.000000,-0.710888,0.000000,0.000000,1.000000,2.000000,0.745621,3.145132,0.539079,3.100073,0.539079,3.100073,0.190640,1.000000,1.000000
19270.000000,0.539079,3.100073,0.000000,0.000000,0.000000,2.000000,0.000000,3.000000,0.000000,0.000537,0.000000,0.000000,-0.000000,-0.705869,0.000000,0.000000,1.000000,2.000000,0.745621,3.145132,0.539079,3.100073,0.539079,3.100073,0.190640,1.000000,1.000000
19280.000000,0.539079,3.100073,0.000000,0.000000,0.000000,2.000000,0.000000,3.000000,0.000000,0.000477,0.000000,0.000000,-0.000000,-0.700917,0.000000,0.000000,1.000000,2.000000,0.745621,3.145132,0.539079,3.100073,0.539079,3.100073,0.190640,1.000000,1.000000
19290.000000,0.539079,3.100073,0.000000,0.000000,0.000000,2.000000,0.000000,3.000000,0.000000,0.000424,0.000000,0.000000,-0.000000,-0.696387,0.000000,0.000000,1.000000,2.000000,0.745621,3.145132,0.539079,3.100073,0.539079,3.100073,0.190640,1.000000,1.000000
19300.000000,0.539079,3.100073,0.000000,0.000000,0.000000,2.000000,0.000000,3.000000,0.000000,0.000377,0.000000,0.000000,-0.000000,-0.693239,0.000000,0.000000,1.000000,2.000000,0.745621,3.145132,0.539079,3.100073,0.539079,3.100073,0.190640,1.000000,1.000000
19310.000000,0.539079,3.100073,0.000000,0.000000,0.000000,2.000000,0.000000,3.000000,0.000000,0.000335,0.000000,0.000000,-0.000000,-0.688008,0.000000,0.000000,1.000000,2.000000,0.745621,3.145132,0.539079,3.100073,0.539079,3.100073,0.190640,1.000000,1.000000
19320.000000,0.539079,3.100073,0.000000,0.000000,0.000000,2.000000,0.000000,3.000000,0.000000,0.000298,0.000000,0.000000,-0.000000,-0.683302,0.000000,0.000000,1.000000,2.000000,0.745621,3.145132,0.539079,3.100073,0.539079,3.100073,0.190640,1.000000,1.000000
19330.000000,0.539079,3.100073,0.000000,0.000000,0.000000,2.000000,0.000000,3.000000,0.000000,0.000265,0.000000,0.000000,-0.000000,-0.679127,0.000000,0.000000,1.000000,2.000000,0.745621,3.145132,0.539079,3.100073,0.539079,3.100073,0.190640,1.000000,1.000000
19340.000000,0.539079,3.100073,0.000000,0.000000,0.000000,2.000000,0.000000,3.000000,0.000000,0.000235,0.000000,0.000000,-0.000000,-0.674542,0.000000,0.000000,1.000000,2.000000,0.745621,3.145132,0.539079,3.100073,0.539079,3.100073,0.190640,1.000000,1.000000
19350.000000,0.539079,3.100073,0.000000,0.000000,0.000000,2.000000,0.000000,3.000000,0.000000,0.000209,0.000000,0.000000,-0.000000,-0.670752,0.000000,0.000000,1.000000,2.000000,0.745621,3.145132,0.539079,3.100073,0.539079,3.100073,0.190640,1.000000,1.000000
19360.000000,0.539079,3.100073,0.000000,0.000000,0.000000,2.000000,0.000000,3.000000,0.000000,0.000186,0.000000,0.000000,-0.000000,-0.666390,0.000000,0.000000,1.000000,2.000000,0.745621,3.145132,0.539079,3.100073,0.539079,3.100073,0.190640,1.000000,1.000000
19370.000000,0.539079,3.100073,0.000000,0.000000,0.000000,2.000000,0.000000,3.000000,0.000000,0.000165,0.000000,0.000000,-0.000000,-0.656495,0.000000,0.000000,1.000000,2.000000,0.745621,3.145132,0.539079,3.100073,0.539079,3.100073,0.190640,1.000000,1.000000
19380.000000,0.539079,3.100073,0.000000,0.000000,0.000000,2.000000,0.000000,3.000000,0.000000,0.000147,0.000000,0.000000,-0.000000,-0.651951,0.000000,0.000000,1.000000,2.000000,0.745621,3.145132,0.539079,3.100073,0.539079,3.100073,0.190640,1.000000,1.000000
19390.000000,0.539079,3.100073,0.000000,0.000000,0.000000,2.000000,0.000000,3.000000,0.000000,0.000131,0.000000,0.000000,-0.000000,-0.647724,0.000000,0.000000,1.000000,2.000000,0.745621,3.145132,0.539079,3.100073,0.539079,3.100073,0.190640,1.000000,1.000000
19400.000000,0.539079,3.100073,0.000000,0.000000,0.000000,2.000000,0.000000,3.000000,0.000000,0.000116,0.000000,0.000000,-0.000000,-0.646454,0.000000,0.000000,1.000000,2.000000,0.745621,3.145132,0.539079,3.100073,0.539079,3.100073,0.190640,1.000000,1.000000
19410.000000,0.539079,3.100073,0.000000,0.000000,0.000000,2.000000,0.000000,3.000000,0.000000,0.000103,0.000000,0.000000,-0.000000,-0.639643,0.000000,0.000000,1.000000,2.000000,0.745621,3.145132,0.539079,3.100073,0.539079,3.100073,0.190640,1.000000,1.000000
19420.000000,0.539079,3.100073,0.000000,0.000000,0.000000,2.000000,0.000000,3.000000,0.000000,0.000092,0.000000,0.000000,-0.000000,-0.635292,0.000000,0.000000,1.000000,2.000000,0.745621,3.145132,0.539079,3.100073,0.539079,3.100073,0.190640,1.000000,1.000000
19430.000000,0.539079,3.100073,0.000000,0.000000,0.000000,2.000000,0.000000,3.000000,0.000000,0.000082,0.000000,0.000000,-0.000000,-0.631278,0.000000,0.000000,1.000000,2.000000,0.745621,3.145132,0.539079,3.100073,0.539079,3.100073,0.190640,1.000000,1.000000
19440.000000,0.539079,3.100073,0.000000,0.000000,0.000000,2.000000,0.000000,3.000000,0.000000,0.000072,0.000000,0.000000,-0.000000,-0.625483,0.000000,0.000000,1.000000,2.000000,0.745621,3.145132,0.539079,3.100073,0.539079,3.100073,0.190640,1.000000,1.000000
19450.000000,0.539079,3.100073,0.000000,0.000000,0.000000,2.000000,0.000000,3.000000,0.000000,0.000064,0.000000,0.000000,-0.000000,-0.621368,0.000000,0.000000,1.000000,2.000000,0.745621,3.145132,0.539079,3.100073,0.539079,3.100073,0.190640,1.000000,1.000000
19460.000000,0.539079,3.100073,0.000000,0.000000,0.000000,2.000000,0.000000,3.000000,0.000000,0.000057,0.000000,0.000000,-0.000000,-0.617527,0.000000,0.000000,1.000000,2.000000,0.745621,3.145132,0.539079,3.100073,0.539079,3.100073,0.190640,1.000000,1.000000
19470.000000,0.539079,3.100073,0.000000,0.000000,0.000000,2.000000,0.000000,3.000000,0.000000,0.000051,0.000000,0.000000,-0.000000,-0.616534,0.000000,0.000000,1.000000,2.000000,0.745621,3.145132,0.539079,3.100073,0.539079,3.100073,0.190640,1.000000,1.000000
19480.000000,0.539079,3.100073,0.000000,0.000000,0.000000,2.000000,0.000000,3.000000,0.000000,0.000045,0.000000,0.000000,-0.000000,-0.616804,0.000000,0.000000,1.000000,2.000000,0.745621,3.145132,0.539079,3.100073,0.539079,3.100073,0.190640,1.000000,1.000000
19490.000000,0.539079,3.100073,0.000000,0.000000,0.000000,2.000000,0.000000,3.000000,0.000000,0.000040,0.000000,0.000000,-0.000000,-0.616053,0.000000,0.000000,1.000000,2.000000,0.745621,3.145132,0.539079,3.100073,0.539079,3.100073,0.190640,1.000000,1.000000
19500.000000,0.539079,3.100073,0.000000,0.000000,0.000000,2.000000,0.000000,3.000000,0.000000,0.000036,0.000000,0.000000,-0.000000,-0.609524,0.000000,0.000000,1.000000,2.000000,0.745621,3.145132,0.539079,3.100073,0.539079,3.100073,0.190640,1.000000,1.000000
19510.000000,0.539079,3.100073,0.000000,0.000000,0.000000,2.000000,0.000000,3.000000,0.000000,0.000032,0.000000,0.000000,-0.000000,-0.604582,0.000000,0.000000,1.000000,2.000000,0.745621,3.145132,0.539079,3.100073,0.539079,3.100073,0.190640,1.000000,1.000000
19520.000000,0.539079,3.100073,0.000000,0.000000,0.000000,2.000000,0.000000,3.000000,0.000000,0.000028,0.000000,0.000000,-0.000000,-0.600945,0.000000,0.000000,1.000000,2.000000,0.745621,3.145132,0.539079,3.100073,0.539079,3.100073,0.190640,1.000000,1.000000
19530.000000,0.539079,3.100073,0.000000,0.000000,0.000000,2.000000,0.000000,3.000000,0.000000,0.000025,0.000000,0.000000,-0.000000,-0.597352,0.000000,0.000000,1.000000,2.000000,0.745621,3.145132,0.539079,3.100073,0.539079,3.100073,0.190640,1.000000,1.000000
19540.000000,0.539079,3.100073,0.000000,0.000000,0.000000,2.000000,0.000000,3.000000,0.000000,0.000022,0.000000,0.000000,-0.000000,-0.592367,0.000000,0.000000,1.000000,2.000000,0.745621,3.145132,0.539079,3.100073,0.539079,3.100073,0.190640,1.000000,1.000000
19550.000000,0.539079,3.100073,0.000000,0.000000,0.000000,2.000000,0.000000,3.000000,0.000000,0.000020,0.000000,0.000000,-0.000000,-0.588785,0.000000,0.000000,1.000000,2.000000,0.745621,3.145132,0.539079,3.100073,0.539079,3.100073,0.190640,1.000000,1.000000
19560.000000,0.539079,3.100073,0.000000,0.000000,0.000000,2.000000,0.000000,3.000000,0.000000,0.000018,0.000000,0.000000,-0.000000,-0.585335,0.000000,0.000000,1.000000,2.000000,0.745621,3.145132,0.539079,3.100073,0.539079,3.100073,0.190640,1.000000,1.000000
19570.000000,0.539079,3.100073,0.000000,0.000000,0.000000,2.000000,0.000000,3.000000,0.000000,0.000016,0.000000,0.000000,-0.000000,-0.585201,0.000000,0.000000,1.000000,2.000000,0.745621,3.145132,0.539079,3.100073,0.539079,3.100073,0.190640,1.000000,1.000000
19580.000000,0.539079,3.100073,0.000000,0.000000,0.000000,2.000000,0.000000,3.000000,0.000000,0.000014,0.000000,0.000000,-0.000000,-0.576887,0.000000,0.000000,1.000000,2.000000,0.745621,3.145132,0.539079,3.100073,0.539079,3.100073,0.190640,1.000000,1.000000
19590.000000,0.539079,3.100073,0.000000,0.000000,0.000000,2.000000,0.000000,3.000000,0.000000,0.000012,0.000000,0.000000,-0.000000,-0.573575,0.000000,0.000000,1.000000,2.000000,0.745621,3.145132,0.539079,3.100073,0.539079,3.100073,0.190640,1.000000,1.000000
19600.000000,0.539079,3.100073,0.000000,0.000000,0.000000,2.000000,0.000000,3.000000,0.000000,0.000011,0.000000,0.000000,-0.000000,-0.569829,0.000000,0.000000,1.000000,2.000000,0.745621,3.145132,0.539079,3.100073,0.539079,3.100073,0.190640,1.000000,1.000000
19610.000000,0.539079,3.100073,0.000000,0.000000,0.000000,2.000000,0.000000,3.000000,0.000000,0.000010,0.000000,0.000000,-0.000000,-0.566597,0.000000,0.000000,1.000000,2.000000,0.745621,3.145132,0.539079,3.100073,0.539079,3.100073,0.190640,1.000000,1.000000
19620.000000,0.539079,3.100073,0.000000,0.000000,0.000000,2.000000,0.000000,3.000000,0.000000,0.000009,0.000000,0.000000,-0.000000,-0.563402,0.000000,0.000000,1.000000,2.000000,0.745621,3.145132,0.539079,3.100073,0.539079,3.100073,0.190640,1.000000,1.000000
19630.000000,0.539079,3.100073,0.000000,0.000000,0.000000,2.000000,0.000000,3.000000,0.000000,0.000008,0.000000,0.000000,-0.000000,-0.562987,0.000000,0.000000,1.000000,2.000000,0.745621,3.145132,0.539079,3.100073,0.539079,3.100073,0.190640,1.000000,1.000000
19640.000000,0.539079,3.100073,0.000000,0.000000,0.000000,2.000000,0.000000,3.000000,0.000000,0.000007,0.000000,0.000000,-0.000000,-0.558249,0.000000,0.000000,1.000000,2.000000,0.745621,3.145132,0.539079,3.100073,0.539079,3.100073,0.190640,1.000000,1.000000
19650.000000,0.539079,3.100073,0.000000,0.000000,0.000000,2.000000,0.000000,3.000000,0.000000,0.000006,0.000000,0.000000,-0.000000,-0.555087,0.000000,0.000000,1.000000,2.000000,0.745621,3.145132,0.539079,3.100073,0.539079,3.100073,0.190640,1.000000,1.000000
19660.000000,0.539079,3.100073,0.000000,0.000000,0.000000,2.000000,0.000000,3.000000,0.000000,0.000005,0.000000,0.000000,-0.000000,-0.552020,0.000000,0.000000,1.000000,2.000000,0.745621,3.145132,0.539079,3.100073,0.539079,3.100073,0.190640,1.000000,1.000000
19670.000000,0.539079,3.100073,0.000000,0.000000,0.000000,2.000000,0.000000,3.000000,0.000000,0.000005,0.000000,0.000000,-0.000000,-0.549995,0.000000,0.000000,1.000000,2.000000,0.745621,3.145132,0.539079,3.100073,0.539079,3.100073,0.190640,1.000000,1.000000
19680.000000,0.539079,3.100073,0.000000,0.000000,0.000000,2.000000,0.000000,3.000000,0.000000,0.000004,0.000000,0.000000,-0.000000,-0.546983,0.000000,0.000000,1.000000,2.000000,0.745621,3.145132,0.539079,3.100073,0.539079,3.100073,0.190640,1.000000,1.000000
19690.000000,0.539079,3.100073,0.000000,0.000000,0.000000,2.000000,0.000000,3.000000,0.000000,0.000004,0.000000,0.000000,-0.000000,-0.543970,0.000000,0.000000,1.000000,2.000000,0.745621,3.145132,0.539079,3.100073,0.539079,3.100073,0.190640,1.000000,1.000000
19700.000000,0.539079,3.100073,0.000000,0.000000,0.000000,2.000000,0.000000,3.000000,0.000000,0.000003,0.000000,0.000000,-0.000000,-0.540711,0.000000,0.000000,1.000000,2.000000,0.745621,3.145132,0.539079,3.100073,0.539079,3.100073,0.190640,1.000000,1.000000
19710.000000,0.539079,3.100073,0.000000,0.000000,0.000000,2.000000,0.000000,3.000000,0.000000,0.000003,0.000000,0.000000,-0.000000,-0.537800,0.000000,0.000000,1.000000,2.000000,0.745621,3.145132,0.539079,3.100073,0.539079,3.100073,0.190640,1.000000,1.000000
19720.000000,0.539079,3.100073,0.000000,0.000000,0.000000,2.000000,0.000000,3.000000,0.000000,0.000003,0.000000,0.000000,-0.000000,-0.537222,0.000000,0.000000,1.000000,2.000000,0.745621,3.145132,0.539079,3.100073,0.539079,3.100073,0.190640,1.000000,1.000000
19730.000000,0.539079,3.100073,0.000000,0.000000,0.000000,2.000000,0.000000,3.000000,0.000000,0.000002,0.000000,0.000000,-0.000000,-0.530450,0.000000,0.000000,1.000000,2.000000,0.745621,3.145132,0.539079,3.100073,0.539079,3.100073,0.190640,1.000000,1.000000
19740.000000,0.539079,3.100073,0.000000,0.000000,0.000000,2.000000,0.000000,3.000000,0.000000,0.000002,0.000000,0.000000,-0.000000,-0.523790,0.000000,0.000000,1.000000,2.000000,0.745621,3.145132,0.539079,3.100073,0.539079,3.100073,0.190640,1.000000,1.000000
19750.000000,0.539079,3.100073,0.000000,0.000000,0.000000,2.000000,0.000000,3.000000,0.000000,0.000002,0.000000,0.000000,-0.000000,-0.521058,0.000000,0.000000,1.000000,2.000000,0.745621,3.145132,0.539079,3.100073,0.539079,3.100073,0.190640,1.000000,1.000000
19760.000000,0.539079,3.100073,0.000000,0.000000,0.000000,2.000000,0.000000,3.000000,0.000000,0.000002,0.000000,0.000000,-0.000000,-0.518215,0.000000,0.000000,1.000000,2.000000,0.745621,3.145132,0.539079,3.100073,0.539079,3.100073,0.190640,1.000000,1.000000
19770.000000,0.539079,3.100073,0.000000,0.000000,0.000000,2.000000,0.000000,3.000000,0.000000,0.000001,0.000000,0.000000,-0.000000,-0.515540,0.000000,0.000000,1.000000,2.000000,0.745621,3.145132,0.539079,3.100073,0.539079,3.100073,0.190640,1.000000,1.000000
19780.000000,0.539079,3.100073,0.000000,0.000000,0.000000,2.000000,0.000000,3.000000,0.000000,0.000001,0.000000,0.000000,-0.000000,-0.512894,0.000000,0.000000,1.000000,2.000000,0.745621,3.145132,0.539079,3.100073,0.539079,3.100073,0.190640,1.000000,1.000000
19790.000000,0.539079,3.100073,0.000000,0.000000,0.000000,2.000000,0.000000,3.000000,0.000000,0.000001,0.000000,0.000000,-0.000000,-0.518421,0.000000,0.000000,1.000000,2.000000,0.745621,3.145132,0.539079,3.100073,0.539079,3.100073,0.190640,1.000000,1.000000
19800.000000,0.539079,3.100073,0.000000,0.000000,0.000000,2.000000,0.000000,3.000000,0.000000,0.000001,0.000000,0.000000,-0.000000,-0.515745,0.000000,0.000000,1.000000,2.000000,0.745621,3.145132,0.539079,3.100073,0.539079,3.100073,0.190640,1.000000,1.000000
19810.000000,0.539079,3.100073,0.000000,0.000000,0.000000,2.000000,0.000000,3.000000,0.000000,0.000001,0.000000,0.000000,-0.000000,-0.513368,0.000000,0.000000,1.000000,2.000000,0.745621,3.145132,0.539079,3.100073,0.539079,3.100073,0.190640,1.000000,1.000000
19820.000000,0.539079,3.100073,0.000000,0.000000,0.000000,2.000000,0.000000,3.000000,0.000000,0.000001,0.000000,0.000000,-0.000000,-0.510580,0.000000,0.000000,1.000000,2.000000,0.745621,3.145132,0.539079,3.100073,0.539079,3.100073,0.190640,1.000000,1.000000
19830.000000,0.539079,3.100073,0.000000,0.000000,0.000000,2.000000,0.000000,3.000000,0.000000,0.000001,0.000000,0.000000,-0.000000,-0.507984,0.000000,0.000000,1.000000,2.000000,0.745621,3.145132,0.539079,3.100073,0.539079,3.100073,0.190640,1.000000,1.000000
19840.000000,0.539079,3.100073,0.000000,0.000000,0.000000,2.000000,0.000000,3.000000,0.000000,0.000001,0.000000,0.000000,-0.000000,-0.504320,0.000000,0.000000,1.000000,2.000000,0.745621,3.145132,0.539079,3.100073,0.539079,3.100073,0.190640,1.000000,1.000000
19850.000000,0.539079,3.100073,0.000000,0.000000,0.000000,2.000000,0.000000,3.000000,0.000000,0.000001,0.000000,0.000000,-0.000000,-0.499108,0.000000,0.000000,1.000000,2.000000,0.745621,3.145132,0.539079,3.100073,0.539079,3.100073,0.190640,1.000000,1.000000
19860.000000,0.539079,3.100073,0.000000,0.000000,0.000000,2.000000,0.000000,3.000000,0.000000,0.000001,0.000000,0.000000,-0.000000,-0.484589,0.000000,0.000000,1.000000,2.000000,0.745621,3.145132,0.539079,3.100073,0.539079,3.100073,0.190640,1.000000,1.000000
19870.000000,0.539079,3.100073,0.000000,0.000000,0.000000,2.000000,0.000000,3.000000,0.000000,0.000000,0.000000,0.000000,-0.000000,-0.482250,0.000000,0.000000,1.000000,2.000000,0.745621,3.145132,0.539079,3.100073,0.539079,3.100073,0.190640,1.000000,1.000000
19880.000000,0.539079,3.100073,0.000000,0.000000,0.000000,2.000000,0.000000,3.000000,0.000000,0.000000,0.000000,0.000000,-0.000000,-0.479933,0.000000,0.000000,1.000000,2.000000,0.745621,3.145132,0.539079,3.100073,0.539079,3.100073,0.190640,1.000000,1.000000
19890.000000,0.539079,3.100073,0.000000,0.000000,0.000000,2.000000,0.000000,3.000000,0.000000,0.000000,0.000000,0.000000,-0.000000,-0.486620,0.000000,0.000000,1.000000,2.000000,0.745621,3.145132,0.539079,3.100073,0.539079,3.100073,0.190640,1.000000,1.000000
19900.000000,0.539079,3.100073,0.000000,0.000000,0.000000,2.000000,0.000000,3.000000,0.000000,0.000000,0.000000,0.000000,-0.000000,-0.493667,0.000000,0.000000,1.000000,2.000000,0.745621,3.145132,0.539079,3.100073,0.539079,3.100073,0.190640,1.000000,1.000000
19910.000000,0.539079,3.100073,0.000000,0.000000,0.000000,2.000000,0.000000,3.000000,0.000000,0.000000,0.000000,0.000000,-0.000000,-0.492153,0.000000,0.000000,1.000000,2.000000,0.745621,3.145132,0.539079,3.100073,0.539079,3.100073,0.190640,1.000000,1.000000
19920.000000,0.539079,3.100073,0.000000,0.000000,0.000000,2.000000,0.000000,3.000000,0.000000,0.000000,0.000000,0.000000,-0.000000,-0.483157,0.000000,0.000000,1.000000,2.000000,0.745621,3.145132,0.539079,3.100073,0.539079,3.100073,0.190640,1.000000,1.000000
19930.000000,0.539079,3.100073,0.000000,0.000000,0.000000,2.000000,0.000000,3.000000,0.000000,0.000000,0.000000,0.000000,-0.000000,-0.478732,0.000000,0.000000,1.000000,2.000000,0.745621,3.145132,0.539079,3.100073,0.539079,3.100073,0.190640,1.000000,1.000000
19940.000000,0.539079,3.100073,0.000000,0.000000,0.000000,2.000000,0.000000,3.000000,0.000000,0.000000,0.000000,0.000000,-0.000000,-0.474404,0.000000,0.000000,1.000000,2.000000,0.745621,3.145132,0.539079,3.100073,0.539079,3.100073,0.190640,1.000000,1.000000
19950.000000,0.539079,3.100073,0.000000,0.000000,0.000000,2.000000,0.000000,3.000000,0.000000,0.000000,0.000000,0.000000,-0.000000,-0.470220,0.000000,0.000000,1.000000,2.000000,0.745621,3.145132,0.539079,3.100073,0.539079,3.100073,0.190640,1.000000,1.000000
19960.000000,0.539079,3.100073,0.000000,0.000000,0.000000,2.000000,0.000000,3.000000,0.000000,0.000000,0.000000,0.000000,-0.000000,-0.468017,0.000000,0.000000,1.000000,2.000000,0.745621,3.145132,0.539079,3.100073,0.539079,3.100073,0.190640,1.000000,1.000000
19970.000000,0.539079,3.100073,0.000000,0.000000,0.000000,2.000000,0.000000,3.000000,0.000000,0.000000,0.000000,0.000000,-0.000000,-0.465835,0.000000,0.000000,1.000000,2.000000,0.745621,3.145132,0.539079,3.100073,0.539079,3.100073,0.190640,1.000000,1.000000
19980.000000,0.539079,3.100073,0.000000,0.000000,0.000000,2.000000,0.000000,3.000000,0.000000,0.000000,0.000000,0.000000,-0.000000,-0.469058,0.000000,0.000000,1.000000,2.000000,0.745621,3.145132,0.539079,3.100073,0.539079,3.100073,0.190640,1.000000,1.000000
19990.000000,0.539079,3.100073,0.000000,0.000000,0.000000,2.000000,0.000000,3.000000,0.000000,0.000000,0.000000,0.000000,-0.000000,-0.465967,0.000000,0.000000,1.000000,2.000000,0.745621,3.145132,0.539079,3.100073,0.539079,3.100073,0.190640,1.000000,1.000000
20000.000000,0.539079,3.100073,0.000000,0.000000,0.000000,2.000000,0.000000,3.000000,0.000000,0.000000,0.000000,0.000000,-0.000000,-0.463803,0.000000,0.000000,1.000000,2.000000,0.745621,3.145132,0.539079,3.100073,0.539079,3.100073,0.190640,1.000000,1.000000
20010.000000,0.539079,3.100073,0.000000,0.000000,0.000000,2.000000,0.000000,3.000000,0.000000,0.000000,0.000000,0.000000,-0.000000,-0.463306,0.000000,0.000000,1.000000,2.000000,0.745621,3.145132,0.539079,3.100073,0.539079,3.100073,0.190640,1.000000,1.000000
20020.000000,0.539079,3.100073,0.000000,0.000000,0.000000,2.000000,0.000000,3.000000,0.000000,0.000000,0.000000,0.000000,-0.000000,-0.463727,0.000000,0.000000,1.000000,2.000000,0.745621,3.145132,0.539079,3.100073,0.539079,3.100073,0.190640,1.000000,1.000000
20030.000000,0.539079,3.100073,0.000000,0.000000,0.000000,2.000000,0.000000,3.000000,0.000000,0.000000,0.000000,0.000000,-0.000000,-0.460915,0.000000,0.000000,1.000000,2.000000,0.745621,3.145132,0.539079,3.100073,0.539079,3.100073,0.190640,1.000000,1.000000
20040.000000,0.539079,3.100073,0.000000,0.000000,0.000000,2.000000,0.000000,3.000000,0.000000,0.000000,0.000000,0.000000,-0.000000,-0.458799,0.000000,0.000000,1.000000,2.000000,0.745621,3.145132,0.539079,3.100073,0.539079,3.100073,0.190640,1.000000,1.000000
20050.000000,0.539079,3.100073,0.000000,0.000000,0.000000,2.000000,0.000000,3.000000,0.000000,0.000000,0.000000,0.000000,-0.000000,-0.452556,0.000000,0.000000,1.000000,2.000000,0.745621,3.145132,0.539079,3.100073,0.539079,3.100073,0.190640,1.000000,1.000000
20060.000000,0.539079,3.100073,0.000000,0.000000,0.000000,2.000000,0.000000,3.000000,0.000000,0.000000,0.000000,0.000000,-0.000000,-0.447339,0.000000,0.000000,1.000000,2.000000,0.745621,3.145132,0.539079,3.100073,0.539079,3.100073,0.190640,1.000000,1.000000
20070.000000,0.539079,3.100073,0.000000,0.000000,0.000000,2.000000,0.000000,3.000000,0.000000,0.000000,0.000000,0.000000,-0.000000,-0.444034,0.000000,0.000000,1.000000,2.000000,0.745621,3.145132,0.539079,3.100073,0.539079,3.100073,0.190640,1.000000,1.000000
20080.000000,0.539079,3.100073,0.000000,0.000000,0.000000,2.000000,0.000000,3.000000,0.000000,0.000000,0.000000,0.000000,-0.000000,-0.442069,0.000000,0.000000,1.000000,2.000000,0.745621,3.145132,0.539079,3.100073,0.539079,3.100073,0.190640,1.000000,1.000000
20090.000000,0.539079,3.100073,0.000000,0.000000,0.000000,2.000000,0.000000,3.000000,0.000000,0.000000,0.000000,0.000000,-0.000000,-0.441204,0.000000,0.000000,1.000000,2.000000,0.745621,3.145132,0.539079,3.100073,0.539079,3.100073,0.190640,1.000000,1.000000
20100.000000,0.539079,3.100073,0.000000,0.000000,0.000000,2.000000,0.000000,3.000000,0.000000,0.000000,0.000000,0.000000,-0.000000,-0.448821,0.000000,0.000000,1.000000,2.000000,0.745621,3.145132,0.539079,3.100073,0.539079,3.100073,0.190640,1.000000,1.000000
20110.000000,0.539079,3.100073,0.000000,0.000000,0.000000,2.000000,0.000000,3.000000,0.000000,0.000000,0.000000,0.000000,-0.000000,-0.442222,0.000000,0.000000,1.000000,2.000000,0.745621,3.145132,0.539079,3.100073,0.539079,3.100073,0.190640,1.000000,1.000000
20120.000000,0.539079,3.100073,0.000000,0.000000,0.000000,2.000000,0.000000,3.000000,0.000000,0.000000,0.000000,0.000000,-0.000000,-0.437189,0.000000,0.000000,1.000000,2.000000,0.745621,3.145132,0.539079,3.100073,0.539079,3.100073,0.190640,1.000000,1.000000
20130.000000,0.539079,3.100073,0.000000,0.000000,0.000000,2.000000,0.000000,3.000000,0.000000,0.000000,0.000000,0.000000,-0.000000,-0.435284,0.000000,0.000000,1.000000,2.000000,0.745621,3.145132,0.539079,3.100073,0.539079,3.100073,0.190640,1.000000,1.000000
20140.000000,0.539079,3.100073,0.000000,0.000000,0.000000,2.000000,0.000000,3.000000,0.000000,0.000000,0.000000,0.000000,-0.000000,-0.434433,0.000000,0.000000,1.000000,2.000000,0.745621,3.145132,0.539079,3.100073,0.539079,3.100073,0.190640,1.000000,1.000000
20150.000000,0.539079,3.100073,0.000000,0.000000,0.000000,2.000000,0.000000,3.000000,0.000000,0.000000,0.000000,0.000000,-0.000000,-0.437503,0.000000,0.000000,1.000000,2.000000,0.745621,3.145132,0.539079,3.100073,0.539079,3.100073,0.190640,1.000000,1.000000
20160.000000,0.539079,3.100073,0.000000,0.000000,0.000000,2.000000,0.000000,3.000000,0.000000,0.000000,0.000000,0.000000,-0.000000,-0.435596,0.000000,0.000000,1.000000,2.000000,0.745621,3.145132,0.539079,3.100073,0.539079,3.100073,0.190640,1.000000,1.000000
20170.000000,0.539079,3.100073,0.000000,0.000000,0.000000,2.000000,0.000000,3.000000,0.000000,0.000000,0.000000,0.000000,-0.000000,-0.433416,0.000000,0.000000,1.000000,2.000000,0.745621,3.145132,0.539079,3.100073,0.539079,3.100073,0.190640,1.000000,1.000000
20180.000000,0.539079,3.100073,0.000000,0.000000,0.000000,2.000000,0.000000,3.000000,0.000000,0.000000,0.000000,0.000000,-0.000000,-0.431544,0.000000,0.000000,1.000000,2.000000,0.745621,3.145132,0.539079,3.100073,0.539079,3.100073,0.190640,1.000000,1.000000
20190.000000,0.539079,3.100073,0.000000,0.000000,0.000000,2.000000,0.000000,3.000000,0.000000,0.000000,0.000000,0.000000,-0.000000,-0.430904,0.000000,0.000000,1.000000,2.000000,0.745621,3.145132,0.539079,3.100073,0.539079,3.100073,0.190640,1.000000,1.000000
20200.000000,0.539079,3.100073,0.000000,0.000000,0.000000,2.000000,0.000000,3.000000,0.000000,0.000000,0.000000,0.000000,-0.000000,-0.429054,0.000000,0.000000,1.000000,2.000000,0.745621,3.145132,0.539079,3.100073,0.539079,3.100073,0.190640,1.000000,1.000000
20210.000000,0.539079,3.100073,0.000000,0.000000,0.000000,2.000000,0.000000,3.000000,0.000000,0.000000,0.000000,0.000000,-0.000000,-0.427692,0.000000,0.000000,1.000000,2.000000,0.745621,3.145132,0.539079,3.100073,0.539079,3.100073,0.190640,1.000000,1.000000
20220.000000,0.539079,3.100073,0.000000,0.000000,0.000000,2.000000,0.000000,3.000000,0.000000,0.000000,0.000000,0.000000,-0.000000,-0.425830,0.000000,0.000000,1.000000,2.000000,0.745621,3.145132,0.539079,3.100073,0.539079,3.100073,0.190640,1.000000,1.000000
20230.000000,0.539079,3.100073,0.000000,0.000000,0.000000,2.000000,0.000000,3.000000,0.000000,0.000000,0.000000,0.000000,-0.000000,-0.419044,0.000000,0.000000,1.000000,2.000000,0.745621,3.145132,0.539079,3.100073,0.539079,3.100073,0.190640,1.000000,1.000000
20240.000000,0.539079,3.100073,0.000000,0.000000,0.000000,2.000000,0.000000,3.000000,0.000000,0.000000,0.000000,0.000000,-0.000000,-0.417293,0.000000,0.000000,1.000000,2.000000,0.745621,3.145132,0.539079,3.100073,0.539079,3.100073,0.190640,1.000000,1.000000
20250.000000,0.539079,3.100073,0.000000,0.000000,0.000000,2.000000,0.000000,3.000000,0.000000,0.000000,0.000000,0.000000,-0.000000,-0.417924,0.000000,0.000000,1.000000,2.000000,0.745621,3.145132,0.539079,3.100073,0.539079,3.100073,0.190640,1.000000,1.000000
20260.000000,0.539079,3.100073,0.000000,0.000000,0.000000,2.000000,0.000000,3.000000,0.000000,0.000000,0.000000,0.000000,-0.000000,-0.413013,0.000000,0.000000,1.000000,2.000000,0.745621,3.145132,0.539079,3.100073,0.539079,3.100073,0.190640,1.000000,1.000000
20270.000000,0.539079,3.100073,0.000000,0.000000,0.000000,2.000000,0.000000,3.000000,0.000000,0.000000,0.000000,0.000000,-0.000000,-0.407159,0.000000,0.000000,1.000000,2.000000,0.745621,3.145132,0.539079,3.100073,0.539079,3.100073,0.190640,1.000000,1.000000
20280.000000,0.539079,3.100073,0.000000,0.000000,0.000000,2.000000,0.000000,3.000000,0.000000,0.000000,0.000000,0.000000,-0.000000,-0.405506,0.000000,0.000000,1.000000,2.000000,0.745621,3.145132,0.539079,3.100073,0.539079,3.100073,0.190640,1.000000,1.000000
20290.000000,0.539079,3.100073,0.000000,0.000000,0.000000,2.000000,0.000000,3.000000,0.000000,0.000000,0.000000,0.000000,-0.000000,-0.404067,0.000000,0.000000,1.000000,2.000000,0.745621,3.145132,0.539079,3.100073,0.539079,3.100073,0.190640,1.000000,1.000000
20300.000000,0.539079,3.100073,0.000000,0.000000,0.000000,2.000000,0.000000,3.000000,0.000000,0.000000,0.000000,0.000000,-0.000000,-0.414141,0.000000,0.000000,1.000000,2.000000,0.745621,3.145132,0.539079,3.100073,0.539079,3.100073,0.190640,1.000000,1.000000
20310.000000,0.539079,3.100073,0.000000,0.000000,0.000000,2.000000,0.000000,3.000000,0.000000,0.000000,0.000000,0.000000,-0.000000,-0.404757,0.000000,0.000000,1.000000,2.000000,0.745621,3.145132,0.539079,3.100073,0.539079,3.100073,0.190640,1.000000,1.000000
20320.000000,0.539079,3.100073,0.000000,0.000000,0.000000,2.000000,0.000000,3.000000,0.000000,0.000000,0.000000,0.000000,-0.000000,-0.403124,0.000000,0.000000,1.000000,2.000000,0.745621,3.145132,0.539079,3.100073,0.539079,3.100073,0.190640,1.000000,1.000000
20330.000000,0.539079,3.100073,0.000000,0.000000,0.000000,2.000000,0.000000,3.000000,0.000000,0.000000,0.000000,0.000000,-0.000000,-0.401504,0.000000,0.000000,1.000000,2.000000,0.745621,3.145132,0.539079,3.100073,0.539079,3.100073,0.190640,1.000000,1.000000
20340.000000,0.539079,3.100073,0.000000,0.000000,0.000000,2.000000,0.000000,3.000000,0.000000,0.000000,0.000000,0.000000,-0.000000,-0.400037,0.000000,0.000000,1.000000,2.000000,0.745621,3.145132,0.539079,3.100073,0.539079,3.100073,0.190640,1.000000,1.000000
20350.000000,0.539079,3.100073,0.000000,0.000000,0.000000,2.000000,0.000000,3.000000,0.000000,0.000000,0.000000,0.000000,-0.000000,-0.398441,0.000000,0.000000,1.000000,2.000000,0.745621,3.145132,0.539079,3.100073,0.539079,3.100073,0.190640,1.000000,1.000000
20360.000000,0.539079,3.100073,0.000000,0.000000,0.000000,2.000000,0.000000,3.000000,0.000000,0.000000,0.000000,0.000000,-0.000000,-0.396858,0.000000,0.000000,1.000000,2.000000,0.745621,3.145132,0.539079,3.100073,0.539079,3.100073,0.190640,1.000000,1.000000
20370.000000,0.539079,3.100073,0.000000,0.000000,0.000000,2.000000,0.000000,3.000000,0.000000,0.000000,0.000000,0.000000,-0.000000,-0.397048,0.000000,0.000000,1.000000,2.000000,0.745621,3.145132,0.539079,3.100073,0.539079,3.100073,0.190640,1.000000,1.000000
20380.000000,0.539079,3.100073,0.000000,0.000000,0.000000,2.000000,0.000000,3.000000,0.000000,0.000000,0.000000,0.000000,-0.000000,-0.390904,0.000000,0.000000,1.000000,2.000000,0.745621,3.145132,0.539079,3.100073,0.539079,3.100073,0.190640,1.000000,1.000000
20390.000000,0.539079,3.100073,0.000000,0.000000,0.000000,2.000000,0.000000,3.000000,0.000000,0.000000,0.000000,0.000000,-0.000000,-0.388951,0.000000,0.000000,1.000000,2.000000,0.745621,3.145132,0.539079,3.100073,0.539079,3.100073,0.190640,1.000000,1.000000
20400.000000,0.539079,3.100073,0.000000,0.000000,0.000000,2.000000,0.000000,3.000000,0.000000,0.000000,0.000000,0.000000,-0.000000,-0.387442,0.000000,0.000000,1.000000,2.000000,0.745621,3.145132,0.539079,3.100073,0.539079,3.100073,0.190640,1.000000,1.000000
20410.000000,0.539079,3.100073,0.000000,0.000000,0.000000,2.000000,0.000000,3.000000,0.000000,0.000000,0.000000,0.000000,-0.000000,-0.390322,0.000000,0.000000,1.000000,2.000000,0.745621,3.145132,0.539079,3.100073,0.539079,3.100073,0.190640,1.000000,1.000000
20420.000000,0.539079,3.100073,0.000000,0.000000,0.000000,2.000000,0.000000,3.000000,0.000000,0.000000,0.000000,0.000000,-0.000000,-0.392244,0.000000,0.000000,1.000000,2.000000,0.745621,3.145132,0.539079,3.100073,0.539079,3.100073,0.190640,1.000000,1.000000
20430.000000,0.539079,3.100073,0.000000,0.000000,0.000000,2.000000,0.000000,3.000000,0.000000,0.000000,0.000000,0.000000,-0.000000,-0.390934,0.000000,0.000000,1.000000,2.000000,0.745621,3.145132,0.539079,3.100073,0.539079,3.100073,0.190640,1.000000,1.000000
20440.000000,0.539079,3.100073,0.000000,0.000000,0.000000,2.000000,0.000000,3.000000,0.000000,0.000000,0.000000,0.000000,-0.000000,-0.388083,0.000000,0.000000,1.000000,2.000000,0.745621,3.145132,0.539079,3.100073,0.539079,3.100073,0.190640,1.000000,1.000000
20450.000000,0.539079,3.100073,0.000000,0.000000,0.000000,2.000000,0.000000,3.000000,0.000000,0.000000,0.000000,0.000000,-0.000000,-0.386582,0.000000,0.000000,1.000000,2.000000,0.745621,3.145132,0.539079,3.100073,0.539079,3.100073,0.190640,1.000000,1.000000
20460.000000,0.539079,3.100073,0.000000,0.000000,0.000000,2.000000,0.000000,3.000000,0.000000,0.000000,0.000000,0.000000,-0.000000,-0.384402,0.000000,0.000000,1.000000,2.000000,0.745621,3.145132,0.539079,3.100073,0.539079,3.100073,0.190640,1.000000,1.000000
20470.000000,0.539079,3.100073,0.000000,0.000000,0.000000,2.000000,0.000000,3.000000,0.000000,0.000000,0.000000,0.000000,-0.000000,-0.382928,0.000000,0.000000,1.000000,2.000000,0.745621,3.145132,0.539079,3.100073,0.539079,3.100073,0.190640,1.000000,1.000000
20480.000000,0.539079,3.100073,0.000000,0.000000,0.000000,2.000000,0.000000,3.000000,0.000000,0.000000,0.000000,0.000000,-0.000000,-0.382112,0.000000,0.000000,1.000000,2.000000,0.745621,3.145132,0.539079,3.100073,0.539079,3.100073,0.190640,1.000000,1.000000
20490.000000,0.539079,3.100073,0.000000,0.000000,0.000000,2.000000,0.000000,3.000000,0.000000,0.000000,0.000000,0.000000,-0.000000,-0.383476,0.000000,0.000000,1.000000,2.000000,0.745621,3.145132,0.539079,3.100073,0.539079,3.100073,0.190640,1.000000,1.000000
20500.000000,0.539079,3.100073,0.000000,0.000000,0.000000,2.000000,0.000000,3.000000,0.000000,0.000000,0.000000,0.000000,-0.000000,-0.377933,0.000000,0.000000,1.000000,2.000000,0.745621,3.145132,0.539079,3.100073,0.539079,3.100073,0.190640,1.000000,1.000000
20510.000000,0.539079,3.100073,0.000000,0.000000,0.000000,2.000000,0.000000,3.000000,0.000000,0.000000,0.000000,0.000000,-0.000000,-0.372757,0.000000,0.000000,1.000000,2.000000,0.745621,3.145132,0.539079,3.100073,0.539079,3.100073,0.190640,1.000000,1.000000
20520.000000,0.539079,3.100073,0.000000,0.000000,0.000000,2.000000,0.000000,3.000000,0.000000,0.000000,0.000000,0.000000,-0.000000,-0.371372,0.000000,0.000000,1.000000,2.000000,0.745621,3.145132,0.539079,3.100073,0.539079,3.100073,0.190640,1.000000,1.000000
20530.000000,0.539079,3.100073,0.000000,0.000000,0.000000,2.000000,0.000000,3.000000,0.000000,0.000000,0.000000,0.000000,-0.000000,-0.369996,0.000000,0.000000,1.000000,2.000000,0.745621,3.145132,0.539079,3.100073,0.539079,3.100073,0.190640,1.000000,1.000000
20540.000000,0.539079,3.100073,0.000000,0.000000,0.000000,2.000000,0.000000,3.000000,0.000000,0.000000,0.000000,0.000000,-0.000000,-0.369688,0.000000,0.000000,1.000000,2.000000,0.745621,3.145132,0.539079,3.100073,0.539079,3.100073,0.190640,1.000000,1.000000
20550.000000,0.539079,3.100073,0.000000,0.000000,0.000000,2.000000,0.000000,3.000000,0.000000,0.000000,0.000000,0.000000,-0.000000,-0.369887,0.000000,0.000000,1.000000,2.000000,0.745621,3.145132,0.539079,3.100073,0.539079,3.100073,0.190640,1.000000,1.000000
20560.000000,0.539079,3.100073,0.000000,0.000000,0.000000,2.000000,0.000000,3.000000,0.000000,0.000000,0.000000,0.000000,-0.000000,-0.368254,0.000000,0.000000,1.000000,2.000000,0.745621,3.145132,0.539079,3.100073,0.539079,3.100073,0.190640,1.000000,1.000000
20570.000000,0.539079,3.100073,0.000000,0.000000,0.000000,2.000000,0.000000,3.000000,0.000000,0.000000,0.000000,0.000000,-0.000000,-0.366901,0.000000,0.000000,1.000000,2.000000,0.745621,3.145132,0.539079,3.100073,0.539079,3.100073,0.190640,1.000000,1.000000
20580.000000,0.539079,3.100073,0.000000,0.000000,0.000000,2.000000,0.000000,3.000000,0.000000,0.000000,0.000000,0.000000,-0.000000,-0.370653,0.000000,0.000000,1.000000,2.000000,0.745621,3.145132,0.539079,3.100073,0.539079,3.100073,0.190640,1.000000,1.000000
20590.000000,0.539079,3.100073,0.000000,0.000000,0.000000,2.000000,0.000000,3.000000,0.000000,0.000000,0.000000,0.000000,-0.000000,-0.359870,0.000000,0.000000,1.000000,2.000000,0.745621,3.145132,0.539079,3.100073,0.539079,3.100073,0.190640,1.000000,1.000000
20600.000000,0.539079,3.100073,0.000000,0.000000,0.000000,2.000000,0.000000,3.000000,0.000000,0.000000,0.000000,0.000000,-0.000000,-0.354472,0.000000,0.000000,1.000000,2.000000,0.745621,3.145132,0.539079,3.100073,0.539079,3.100073,0.190640,1.000000,1.000000
20610.000000,0.539079,3.100073,0.000000,0.000000,0.000000,2.000000,0.000000,3.000000,0.000000,0.000000,0.000000,0.000000,-0.000000,-0.353218,0.000000,0.000000,1.000000,2.000000,0.745621,3.145132,0.539079,3.100073,0.539079,3.100073,0.190640,1.000000,1.000000
20620.000000,0.539079,3.100073,0.000000,0.000000,0.000000,2.000000,0.000000,3.000000,0.000000,0.000000,0.000000,0.000000,-0.000000,-0.357507,0.000000,0.000000,1.000000,2.000000,0.745621,3.145132,0.539079,3.100073,0.539079,3.100073,0.190640,1.000000,1.000000
20630.000000,0.539079,3.100073,0.000000,0.000000,0.000000,2.000000,0.000000,3.000000,0.000000,0.000000,0.000000,0.000000,-0.000000,-0.362740,0.000000,0.000000,1.000000,2.000000,0.745621,3.145132,0.539079,3.100073,0.539079,3.100073,0.190640,1.000000,1.000000
20640.000000,0.539079,3.100073,0.000000,0.000000,0.000000,2.000000,0.000000,3.000000,0.000000,0.000000,0.000000,0.000000,-0.000000,-0.361428,0.000000,0.000000,1.000000,2.000000,0.745621,3.145132,0.539079,3.100073,0.539079,3.100073,0.190640,1.000000,1.000000
20650.000000,0.539079,3.100073,0.000000,0.000000,0.000000,2.000000,0.000000,3.000000,0.000000,0.000000,0.000000,0.000000,-0.000000,-0.365579,0.000000,0.000000,1.000000,2.000000,0.745621,3.145132,0.539079,3.100073,0.539079,3.100073,0.190640,1.000000,1.000000
20660.000000,0.539079,3.100073,0.000000,0.000000,0.000000,2.000000,0.000000,3.000000,0.000000,0.000000,0.000000,0.000000,-0.000000,-0.357520,0.000000,0.000000,1.000000,2.000000,0.745621,3.145132,0.539079,3.100073,0.539079,3.100073,0.190640,1.000000,1.000000
20670.000000,0.539079,3.100073,0.000000,0.000000,0.000000,2.000000,0.000000,3.000000,0.000000,0.000000,0.000000,0.000000,-0.000000,-0.356245,0.000000,0.000000,1.000000,2.000000,0.745621,3.145132,0.539079,3.100073,0.539079,3.100073,0.190640,1.000000,1.000000
20680.000000,0.539079,3.100073,0.000000,0.000000,0.000000,2.000000,0.000000,3.000000,0.000000,0.000000,0.000000,0.000000,-0.000000,-0.355188,0.000000,0.000000,1.000000,2.000000,0.745621,3.145132,0.539079,3.100073,0.539079,3.100073,0.190640,1.000000,1.000000
20690.000000,0.539079,3.100073,0.000000,0.000000,0.000000,2.000000,0.000000,3.000000,0.000000,0.000000,0.000000,0.000000,-0.000000,-0.352452,0.000000,0.000000,1.000000,2.000000,0.745621,3.145132,0.539079,3.100073,0.539079,3.100073,0.190640,1.000000,1.000000
20700.000000,0.539079,3.100073,0.000000,0.000000,0.000000,2.000000,0.000000,3.000000,0.000000,0.000000,0.000000,0.000000,-0.000000,-0.351213,0.000000,0.000000,1.000000,2.000000,0.745621,3.145132,0.539079,3.100073,0.539079,3.100073,0.190640,1.000000,1.000000
20710.000000,0.539079,3.100073,0.000000,0.000000,0.000000,2.000000,0.000000,3.000000,0.000000,0.000000,0.000000,0.000000,-0.000000,-0.348927,0.000000,0.000000,1.000000,2.000000,0.745621,3.145132,0.539079,3.100073,0.539079,3.100073,0.190640,1.000000,1.000000
20720.000000,0.539079,3.100073,0.000000,0.000000,0.000000,2.000000,0.000000,3.000000,0.000000,0.000000,0.000000,0.000000,-0.000000,-0.347713,0.000000,0.000000,1.000000,2.000000,0.745621,3.145132,0.539079,3.100073,0.539079,3.100073,0.190640,1.000000,1.000000
20730.000000,0.539079,3.100073,0.000000,0.000000,0.000000,2.000000,0.000000,3.000000,0.000000,0.000000,0.000000,0.000000,-0.000000,-0.349531,0.000000,0.000000,1.000000,2.000000,0.745621,3.145132,0.539079,3.100073,0.539079,3.100073,0.190640,1.000000,1.000000
20740.000000,0.539079,3.100073,0.000000,0.000000,0.000000,2.000000,0.000000,3.000000,0.000000,0.000000,0.000000,0.000000,-0.000000,-0.348344,0.000000,0.000000,1.000000,2.000000,0.745621,3.145132,0.539079,3.100073,0.539079,3.100073,0.190640,1.000000,1.000000
20750.000000,0.539079,3.100073,0.000000,0.000000,0.000000,2.000000,0.000000,3.000000,0.000000,0.000000,0.000000,0.000000,-0.000000,-0.350526,0.000000,0.000000,1.000000,2.000000,0.745621,3.145132,0.539079,3.100073,0.539079,3.100073,0.190640,1.000000,1.000000
20760.000000,0.539079,3.100073,0.000000,0.000000,0.000000,2.000000,0.000000,3.000000,0.000000,0.000000,0.000000,0.000000,-0.000000,-0.352973,0.000000,0.000000,1.000000,2.000000,0.745621,3.145132,0.539079,3.100073,0.539079,3.100073,0.190640,1.000000,1.000000
20770.000000,0.539079,3.100073,0.000000,0.000000,0.000000,2.000000,0.000000,3.000000,0.000000,0.000000,0.000000,0.000000,-0.000000,-0.336109,0.000000,0.000000,1.000000,2.000000,0.745621,3.145132,0.539079,3.100073,0.539079,3.100073,0.190640,1.000000,1.000000
20780.000000,0.539079,3.100073,0.000000,0.000000,0.000000,2.000000,0.000000,3.000000,0.000000,0.000000,0.000000,0.000000,0.000000,-0.315568,0.000000,0.000000,1.000000,2.000000,0.745621,3.145132,0.539079,3.100073,0.539079,3.100073,0.190640,1.000000,1.000000
20790.000000,0.539079,3.100073,0.000000,0.000000,0.000000,2.000000,0.000000,3.000000,0.000000,0.000000,0.000000,0.000000,0.000000,-0.314574,0.000000,0.000000,1.000000,2.000000,0.745621,3.145132,0.539079,3.100073,0.539079,3.100073,0.190640,1.000000,1.000000
20800.000000,0.539079,3.100073,0.000000,0.000000,0.000000,2.000000,0.000000,3.000000,0.000000,0.000000,0.000000,0.000000,0.000000,-0.312319,0.000000,0.000000,1.000000,2.000000,0.745621,3.145132,0.539079,3.100073,0.539079,3.100073,0.190640,1.000000,1.000000
20810.000000,0.539079,3.100073,0.000000,0.000000,0.000000,2.000000,0.000000,3.000000,0.000000,0.000000,0.000000,0.000000,0.000000,-0.311346,0.000000,0.000000,1.000000,2.000000,0.745621,3.145132,0.539079,3.100073,0.539079,3.100073,0.190640,1.000000,1.000000
20820.000000,0.539079,3.100073,0.000000,0.000000,0.000000,2.000000,0.000000,3.000000,0.000000,0.000000,0.000000,0.000000,0.000000,-0.310378,0.000000,0.000000,1.000000,2.000000,0.745621,3.145132,0.539079,3.100073,0.539079,3.100073,0.190640,1.000000,1.000000
20830.000000,0.539079,3.100073,0.000000,0.000000,0.000000,2.000000,0.000000,3.000000,0.000000,0.000000,0.000000,0.000000,0.000000,-0.334315,0.000000,0.000000,1.000000,2.000000,0.745621,3.145132,0.539079,3.100073,0.539079,3.100073,0.190640,1.000000,1.000000
20840.000000,0.539079,3.100073,0.000000,0.000000,0.000000,2.000000,0.000000,3.000000,0.000000,0.000000,0.000000,0.000000,0.000000,-0.347479,0.000000,0.000000,1.000000,2.000000,0.745621,3.145132,0.539079,3.100073,0.539079,3.100073,0.190640,1.000000,1.000000
20850.000000,0.539079,3.100073,0.000000,0.000000,0.000000,2.000000,0.000000,3.000000,0.000000,0.000000,0.000000,0.000000,0.000000,-0.346275,0.000000,0.000000,1.000000,2.000000,0.745621,3.145132,0.539079,3.100073,0.539079,3.100073,0.190640,1.000000,1.000000
20860.000000,0.539079,3.100073,0.000000,0.000000,0.000000,2.000000,0.000000,3.000000,0.000000,0.000000,0.000000,0.000000,0.000000,-0.336676,0.000000,0.000000,1.000000,2.000000,0.745621,3.145132,0.539079,3.100073,0.539079,3.100073,0.190640,1.000000,1.000000
20870.000000,0.539079,3.100073,0.000000,0.000000,0.000000,2.000000,0.000000,3.000000,0.000000,0.000000,0.000000,0.000000,0.000000,-0.334745,0.000000,0.000000,1.000000,2.000000,0.745621,3.145132,0.539079,3.100073,0.539079,3.100073,0.190640,1.000000,1.000000
20880.000000,0.539079,3.100073,0.000000,0.000000,0.000000,2.000000,0.000000,3.000000,0.000000,0.000000,0.000000,0.000000,0.000000,-0.333627,0.000000,0.000000,1.000000,2.000000,0.745621,3.145132,0.539079,3.100073,0.539079,3.100073,0.190640,1.000000,1.000000
20890.000000,0.539079,3.100073,0.000000,0.000000,0.000000,2.000000,0.000000,3.000000,0.000000,0.000000,0.000000,0.000000,0.000000,-0.332516,0.000000,0.000000,1.000000,2.000000,0.745621,3.145132,0.539079,3.100073,0.539079,3.100073,0.190640,1.000000,1.000000
20900.000000,0.539079,3.100073,0.000000,0.000000,0.000000,2.000000,0.000000,3.000000,0.000000,0.000000,0.000000,0.000000,0.000000,-0.343103,0.000000,0.000000,1.000000,2.000000,0.745621,3.145132,0.539079,3.100073,0.539079,3.100073,0.190640,1.000000,1.000000
20910.000000,0.539079,3.100073,0.000000,0.000000,0.000000,2.000000,0.000000,3.000000,0.000000,0.000000,0.000000,0.000000,0.000000,-0.323058,0.000000,0.000000,1.000000,2.000000,0.745621,3.145132,0.539079,3.100073,0.539079,3.100073,0.190640,1.000000,1.000000
20920.000000,0.539079,3.100073,0.000000,0.000000,0.000000,2.000000,0.000000,3.000000,0.000000,0.000000,0.000000,0.000000,0.000000,-0.313700,0.000000,0.000000,1.000000,2.000000,0.745621,3.145132,0.539079,3.100073,0.539079,3.100073,0.190640,1.000000,1.000000
20930.000000,0.539079,3.100073,0.000000,0.000000,0.000000,2.000000,0.000000,3.000000,0.000000,0.000000,0.000000,0.000000,0.000000,-0.312718,0.000000,0.000000,1.000000,2.000000,0.745621,3.145132,0.539079,3.100073,0.539079,3.100073,0.190640,1.000000,1.000000
20940.000000,0.539079,3.100073,0.000000,0.000000,0.000000,2.000000,0.000000,3.000000,0.000000,0.000000,0.000000,0.000000,0.000000,-0.312190,0.000000,0.000000,1.000000,2.000000,0.745621,3.145132,0.539079,3.100073,0.539079,3.100073,0.190640,1.000000,1.000000
20950.000000,0.539079,3.100073,0.000000,0.000000,0.000000,2.000000,0.000000,3.000000,0.000000,0.000000,0.000000,0.000000,0.000000,-0.326208,0.000000,0.000000,1.000000,2.000000,0.745621,3.145132,0.539079,3.100073,0.539079,3.100073,0.190640,1.000000,1.000000
20960.000000,0.539079,3.100073,0.000000,0.000000,0.000000,2.000000,0.000000,3.000000,0.000000,0.000000,0.000000,0.000000,0.000000,-0.329711,0.000000,0.000000,1.000000,2.000000,0.745621,3.145132,0.539079,3.100073,0.539079,3.100073,0.190640,1.000000,1.000000
20970.000000,0.539079,3.100073,0.000000,0.000000,0.000000,2.000000,0.000000,3.000000,0.000000,0.000000,0.000000,0.000000,0.000000,-0.328626,0.000000,0.000000,1.000000,2.000000,0.745621,3.145132,0.539079,3.100073,0.539079,3.100073,0.190640,1.000000,1.000000
20980.000000,0.539079,3.100073,0.000000,0.000000,0.000000,2.000000,0.000000,3.000000,0.000000,0.000000,0.000000,0.000000,0.000000,-0.317267,0.000000,0.000000,1.000000,2.000000,0.745621,3.145132,0.539079,3.100073,0.539079,3.100073,0.190640,1.000000,1.000000
20990.000000,0.539079,3.100073,0.000000,0.000000,0.000000,2.000000,0.000000,3.000000,0.000000,0.000000,0.000000,0.000000,0.000000,-0.313686,0.000000,0.000000,1.000000,2.000000,0.745621,3.145132,0.539079,3.100073,0.539079,3.100073,0.190640,1.000000,1.000000
