I0,I1,I2,I3,I4,I5,I6,I7,I8,I9,I10,I11,I12,I13,I14,I15,I16,I17,I18,I19,I20,I21,I22,I23,I24,I25,I26,I27
10.000000,6.000000,1.000000,0.000000,0.000000,0.000000,0.000000,0.000000,0.000000,0.000000,0.000000,0.000000,0.000000,0.000000,-0.942294,0.000000,0.000000,0.000000,65535.000000,0.000000,0.000000,6.000000,1.000000,6.000000,1.000000,0.000000,0.000000,1.000000
20.000000,6.000000,1.000000,0.000000,0.000000,0.000000,0.000000,0.000000,0.000000,0.000000,0.000000,0.000000,0.000000,0.000000,-0.933488,0.000000,0.000000,0.000000,65535.000000,0.000000,0.000000,6.000000,1.000000,6.000000,1.000000,0.000000,0.000000,1.000000
30.000000,6.000000,1.000000,0.000000,0.000000,0.000000,0.000000,0.000000,0.000000,0.000000,0.000000,0.000000,0.000000,0.000000,-0.950995,0.000000,0.000000,0.000000,65535.000000,0.000000,0.000000,6.000000,1.000000,6.000000,1.000000,0.000000,0.000000,1.000000
140.000000,6.000000,1.000000,0.000000,0.000000,0.000000,0.000000,0.000000,0.000000,0.000000,0.000000,0.000000,0.000000,0.000000,-0.868437,0.000000,0.000000,0.000000,65535.000000,0.000000,0.000000,6.000000,1.000000,6.000000,1.000000,0.000000,0.000000,1.000000
150.000000,6.000000,1.000000,0.000000,0.000000,0.000000,0.000000,0.000000,0.000000,0.000000,0.000000,0.000000,0.000000,0.000000,-0.860952,0.000000,0.000000,0.000000,65535.000000,0.000000,0.000000,6.000000,1.000000,6.000000,1.000000,0.000000,0.000000,1.000000
160.000000,6.000000,1.000000,0.000000,0.000000,0.000000,0.000000,0.000000,0.000000,0.000000,0.000000,0.000000,0.000000,0.000000,-0.853596,0.000000,0.000000,0.000000,65535.000000,0.000000,0.000000,6.000000,1.000000,6.000000,1.000000,0.000000,0.000000,1.000000
170.000000,6.000000,1.000000,0.000000,0.000000,0.000000,0.000000,0.000000,0.000000,0.000000,0.000000,0.000000,0.000000,0.000000,-0.844167,0.000000,0.000000,0.000000,65535.000000,0.000000,0.000000,6.000000,1.000000,6.000000,1.000000,0.000000,0.000000,1.000000
180.000000,6.000000,1.000000,0.000000,0.000000,0.000000,0.000000,0.000000,0.000000,0.000000,0.000000,0.000000,0.000000,0.000000,-0.835149,0.000000,0.000000,0.000000,65535.000000,0.000000,0.000000,6.000000,1.000000,6.000000,1.000000,0.000000,0.000000,1.000000
190.000000,6.000000,1.000000,0.000000,0.000000,0.000000,0.000000,0.000000,0.000000,0.000000,0.000000,0.000000,0.000000,0.000000,-0.828033,0.000000,0.000000,0.000000,65535.000000,0.000000,0.000000,6.000000,1.000000,6.000000,1.000000,0.000000,0.000000,1.000000
200.000000,6.000000,1.000000,0.000000,0.000000,0.000000,0.000000,0.000000,0.000000,0.000000,0.000000,0.000000,0.000000,0.000000,-0.821226,0.000000,0.000000,0.000000,65535.000000,0.000000,0.000000,6.000000,1.000000,6.000000,1.000000,0.000000,0.000000,1.000000
210.000000,6.000000,1.000000,0.000000,0.000000,0.000000,0.000000,0.000000,0.000000,0.000000,0.000000,0.000000,0.000000,0.000000,-0.815758,0.000000,0.000000,0.000000,65535.000000,0.000000,0.000000,6.000000,1.000000,6.000000,1.000000,0.000000,0.000000,1.000000
220.000000,6.000000,1.000000,0.000000,0.000000,0.000000,0.000000,0.000000,0.000000,0.000000,0.000000,0.000000,0.000000,0.000000,-0.810133,0.000000,0.000000,0.000000,65535.000000,0.000000,0.000000,6.000000,1.000000,6.000000,1.000000,0.000000,0.000000,1.000000
230.000000,6.000000,1.000000,0.000000,0.000000,0.000000,0.000000,0.000000,0.000000,0.000000,0.000000,0.000000,0.000000,0.000000,-0.803616,0.000000,0.000000,0.000000,65535.000000,0.000000,0.000000,6.000000,1.000000,6.000000,1.000000,0.000000,0.000000,1.000000
240.000000,6.000000,1.000000,0.000000,0.000000,0.000000,0.000000,0.000000,0.000000,0.000000,0.000000,0.000000,0.000000,0.000000,-0.797442,0.000000,0.000000,0.000000,65535.000000,0.000000,0.000000,6.000000,1.000000,6.000000,1.000000,0.000000,0.000000,1.000000
250.000000,6.000000,1.000000,0.000000,0.000000,0.000000,0.000000,0.000000,0.000000,0.000000,0.000000,0.000000,0.000000,0.000000,-0.791341,0.000000,0.000000,0.000000,65535.000000,0.000000,0.000000,6.000000,1.000000,6.000000,1.000000,0.000000,0.000000,1.000000
260.000000,6.000000,1.000000,0.000000,0.000000,0.000000,0.000000,0.000000,0.000000,0.000000,0.000000,0.000000,0.000000,0.000000,-0.785122,0.000000,0.000000,0.000000,65535.000000,0.000000,0.000000,6.000000,1.000000,6.000000,1.000000,0.000000,0.000000,1.000000
270.000000,6.000000,1.000000,0.000000,0.000000,0.000000,0.000000,0.000000,0.000000,0.000000,0.000000,0.000000,0.000000,0.000000,-0.779243,0.000000,0.000000,0.000000,65535.000000,0.000000,0.000000,6.000000,1.000000,6.000000,1.000000,0.000000,0.000000,1.000000
280.000000,6.000000,1.000000,0.000000,0.000000,0.000000,0.000000,0.000000,0.000000,0.000000,0.000000,0.000000,0.000000,0.000000,-0.773212,0.000000,0.000000,0.000000,65535.000000,0.000000,0.000000,6.000000,1.000000,6.000000,1.000000,0.000000,0.000000,1.000000
290.000000,6.000000,1.000000,0.000000,0.000000,0.000000,0.000000,0.000000,0.000000,0.000000,0.000000,0.000000,0.000000,0.000000,-0.767577,0.000000,0.000000,0.000000,65535.000000,0.000000,0.000000,6.000000,1.000000,6.000000,1.000000,0.000000,0.000000,1.000000
300.000000,6.000000,1.000000,0.000000,0.000000,0.000000,0.000000,0.000000,0.000000,0.000000,0.000000,0.000000,0.000000,0.000000,-0.762938,0.000000,0.000000,0.000000,65535.000000,0.000000,0.000000,6.000000,1.000000,6.000000,1.000000,0.000000,0.000000,1.000000
310.000000,6.000000,1.000000,0.000000,0.000000,0.000000,0.000000,0.000000,0.000000,0.000000,0.000000,0.000000,0.000000,0.000000,-0.757155,0.000000,0.000000,0.000000,65535.000000,0.000000,0.000000,6.000000,1.000000,6.000000,1.000000,0.000000,0.000000,1.000000
320.000000,6.000000,1.000000,0.000000,0.000000,0.000000,0.000000,0.000000,0.000000,0.000000,0.000000,0.000000,0.000000,0.000000,-0.751274,0.000000,0.000000,0.000000,65535.000000,0.000000,0.000000,6.000000,1.000000,6.000000,1.000000,0.000000,0.000000,1.000000
330.000000,6.000000,1.000000,0.000000,0.000000,0.000000,0.000000,0.000000,0.000000,0.000000,0.000000,0.000000,0.000000,0.000000,-0.743698,0.000000,0.000000,0.000000,65535.000000,0.000000,0.000000,6.000000,1.000000,6.000000,1.000000,0.000000,0.000000,1.000000
340.000000,6.000000,1.000000,0.000000,0.000000,0.000000,0.000000,0.000000,0.000000,0.000000,0.000000,0.000000,0.000000,0.000000,-0.735885,0.000000,0.000000,0.000000,65535.000000,0.000000,0.000000,6.000000,1.000000,6.000000,1.000000,0.000000,0.000000,1.000000
350.000000,6.000000,1.000000,0.000000,0.000000,0.000000,0.000000,0.000000,0.000000,0.000000,0.000000,0.000000,0.000000,0.000000,-0.730504,0.000000,0.000000,0.000000,65535.000000,0.000000,0.000000,6.000000,1.000000,6.000000,1.000000,0.000000,0.000000,1.000000
360.000000,6.000000,1.000000,0.000000,0.000000,0.000000,0.000000,0.000000,0.000000,0.000000,0.000000,0.000000,0.000000,0.000000,-0.725389,0.000000,0.000000,0.000000,65535.000000,0.000000,0.000000,6.000000,1.000000,6.000000,1.000000,0.000000,0.000000,1.000000
370.000000,6.000000,1.000000,0.000000,0.000000,0.000000,0.000000,0.000000,0.000000,0.000000,0.000000,0.000000,0.000000,0.000000,-0.722135,0.000000,0.000000,0.000000,65535.000000,0.000000,0.000000,6.000000,1.000000,6.000000,1.000000,0.000000,0.000000,1.000000
380.000000,6.000000,1.000000,0.000000,0.000000,0.000000,0.000000,0.000000,0.000000,0.000000,0.000000,0.000000,0.000000,0.000000,-0.716952,0.000000,0.000000,0.000000,65535.000000,0.000000,0.000000,6.000000,1.000000,6.000000,1.000000,0.000000,0.000000,1.000000
390.000000,6.000000,1.000000,0.000000,0.000000,0.000000,0.000000,0.000000,0.000000,0.000000,0.000000,0.000000,0.000000,0.000000,-0.713399,0.000000,0.000000,0.000000,65535.000000,0.000000,0.000000,6.000000,1.000000,6.000000,1.000000,0.000000,0.000000,1.000000
400.000000,6.000000,1.000000,0.000000,0.000000,0.000000,0.000000,0.000000,0.000000,0.000000,0.000000,0.000000,0.000000,0.000000,-0.705146,0.000000,0.000000,0.000000,65535.000000,0.000000,0.000000,6.000000,1.000000,6.000000,1.000000,0.000000,0.000000,1.000000
410.000000,6.000000,1.000000,0.000000,0.000000,0.000000,0.000000,0.000000,0.000000,0.000000,0.000000,0.000000,0.000000,0.000000,-0.700062,0.000000,0.000000,0.000000,65535.000000,0.000000,0.000000,6.000000,1.000000,6.000000,1.000000,0.000000,0.000000,1.000000
420.000000,6.000000,1.000000,0.000000,0.000000,0.000000,0.000000,0.000000,0.000000,0.000000,0.000000,0.000000,0.000000,0.000000,-0.695190,0.000000,0.000000,0.000000,65535.000000,0.000000,0.000000,6.000000,1.000000,6.000000,1.000000,0.000000,0.000000,1.000000
430.000000,6.000000,1.000000,0.000000,0.000000,0.000000,0.000000,0.000000,0.000000,0.000000,0.000000,0.000000,0.000000,0.000000,-0.691152,0.000000,0.000000,0.000000,65535.000000,0.000000,0.000000,6.000000,1.000000,6.000000,1.000000,0.000000,0.000000,1.000000
440.000000,6.000000,1.000000,0.000000,0.000000,0.000000,0.000000,0.000000,0.000000,0.000000,0.000000,0.000000,0.000000,0.000000,-0.687265,0.000000,0.000000,0.000000,65535.000000,0.000000,0.000000,6.000000,1.000000,6.000000,1.000000,0.000000,0.000000,1.000000
450.000000,6.000000,1.000000,0.000000,0.000000,0.000000,0.000000,0.000000,0.000000,0.000000,0.000000,0.000000,0.000000,0.000000,-0.682569,0.000000,0.000000,0.000000,65535.000000,0.000000,0.000000,6.000000,1.000000,6.000000,1.000000,0.000000,0.000000,1.000000
460.000000,6.000000,1.000000,0.000000,0.000000,0.000000,0.000000,0.000000,0.000000,0.000000,0.000000,0.000000,0.000000,0.000000,-0.677937,0.000000,0.000000,0.000000,65535.000000,0.000000,0.000000,6.000000,1.000000,6.000000,1.000000,0.000000,0.000000,1.000000
470.000000,6.000000,1.000000,0.000000,0.000000,0.000000,0.000000,0.000000,0.000000,0.000000,0.000000,0.000000,0.000000,0.000000,-0.674782,0.000000,0.000000,0.000000,65535.000000,0.000000,0.000000,6.000000,1.000000,6.000000,1.000000,0.000000,0.000000,1.000000
480.000000,6.000000,1.000000,0.000000,0.000000,0.000000,0.000000,0.000000,0.000000,0.000000,0.000000,0.000000,0.000000,0.000000,-0.670254,0.000000,0.000000,0.000000,65535.000000,0.000000,0.000000,6.000000,1.000000,6.000000,1.000000,0.000000,0.000000,1.000000
490.000000,6.000000,1.000000,0.000000,0.000000,0.000000,0.000000,0.000000,0.000000,0.000000,0.000000,0.000000,0.000000,0.000000,-0.666388,0.000000,0.000000,0.000000,65535.000000,0.000000,0.000000,6.000000,1.000000,6.000000,1.000000,0.000000,0.000000,1.000000
500.000000,6.000000,1.000000,0.000000,0.000000,0.000000,0.000000,0.000000,0.000000,0.000000,0.000000,0.000000,0.000000,0.000000,-0.662554,0.000000,0.000000,0.000000,65535.000000,0.000000,0.000000,6.000000,1.000000,6.000000,1.000000,0.000000,0.000000,1.000000
510.000000,6.000000,1.000000,0.000000,0.000000,0.000000,0.000000,0.000000,0.000000,0.000000,0.000000,0.000000,0.000000,0.000000,-0.657685,0.000000,0.000000,0.000000,65535.000000,0.000000,0.000000,6.000000,1.000000,6.000000,1.000000,0.000000,0.000000,1.000000
520.000000,6.000000,1.000000,0.000000,0.000000,0.000000,0.000000,0.000000,0.000000,0.000000,0.000000,0.000000,0.000000,0.000000,-0.653141,0.000000,0.000000,0.000000,65535.000000,0.000000,0.000000,6.000000,1.000000,6.000000,1.000000,0.000000,0.000000,1.000000
530.000000,6.000000,1.000000,0.000000,0.000000,0.000000,0.000000,0.000000,0.000000,0.000000,0.000000,0.000000,0.000000,0.000000,-0.648898,0.000000,0.000000,0.000000,65535.000000,0.000000,0.000000,6.000000,1.000000,6.000000,1.000000,0.000000,0.000000,1.000000
540.000000,6.000000,1.000000,0.000000,0.000000,0.000000,0.000000,0.000000,0.000000,0.000000,0.000000,0.000000,0.000000,0.000000,-0.644973,0.000000,0.000000,0.000000,65535.000000,0.000000,0.000000,6.000000,1.000000,6.000000,1.000000,0.000000,0.000000,1.000000
550.000000,6.000000,1.000000,0.000000,0.000000,0.000000,0.000000,0.000000,0.000000,0.000000,0.000000,0.000000,0.000000,0.000000,-0.640814,0.000000,0.000000,0.000000,65535.000000,0.000000,0.000000,6.000000,1.000000,6.000000,1.000000,0.000000,0.000000,1.000000
560.000000,6.000000,1.000000,0.000000,0.000000,0.000000,0.000000,0.000000,0.000000,0.000000,0.000000,0.000000,0.000000,0.000000,-0.636729,0.000000,0.000000,0.000000,65535.000000,0.000000,0.000000,6.000000,1.000000,6.000000,1.000000,0.000000,0.000000,1.000000
570.000000,6.000000,1.000000,0.000000,0.000000,0.000000,0.000000,0.000000,0.000000,0.000000,0.000000,0.000000,0.000000,0.000000,-0.633307,0.000000,0.000000,0.000000,65535.000000,0.000000,0.000000,6.000000,1.000000,6.000000,1.000000,0.000000,0.000000,1.000000
580.000000,6.000000,1.000000,0.000000,0.000000,0.000000,0.000000,0.000000,0.000000,0.000000,0.000000,0.000000,0.000000,0.000000,-0.629317,0.000000,0.000000,0.000000,65535.000000,0.000000,0.000000,6.000000,1.000000,6.000000,1.000000,0.000000,0.000000,1.000000
590.000000,6.000000,1.000000,0.000000,0.000000,0.000000,0.000000,0.000000,0.000000,0.000000,0.000000,0.000000,0.000000,0.000000,-0.624848,0.000000,0.000000,0.000000,65535.000000,0.000000,0.000000,6.000000,1.000000,6.000000,1.000000,0.000000,0.000000,1.000000
600.000000,6.000000,1.000000,0.000000,0.000000,0.000000,0.000000,0.000000,0.000000,0.000000,0.000000,0.000000,0.000000,0.000000,-0.618287,0.000000,0.000000,0.000000,65535.000000,0.000000,0.000000,6.000000,1.000000,6.000000,1.000000,0.000000,0.000000,1.000000
610.000000,6.000000,1.000000,0.000000,0.000000,0.000000,0.000000,0.000000,0.000000,0.000000,0.000000,0.000000,0.000000,0.000000,-0.614484,0.000000,0.000000,0.000000,65535.000000,0.000000,0.000000,6.000000,1.000000,6.000000,1.000000,0.000000,0.000000,1.000000
620.000000,6.000000,1.000000,0.000000,0.000000,0.000000,0.000000,0.000000,0.000000,0.000000,0.000000,0.000000,0.000000,0.000000,-0.610727,0.000000,0.000000,0.000000,65535.000000,0.000000,0.000000,6.000000,1.000000,6.000000,1.000000,0.000000,0.000000,1.000000
630.000000,6.000000,1.000000,0.000000,0.000000,0.000000,0.000000,0.000000,0.000000,0.000000,0.000000,0.000000,0.000000,0.000000,-0.609280,0.000000,0.000000,0.000000,65535.000000,0.000000,0.000000,6.000000,1.000000,6.000000,1.000000,0.000000,0.000000,1.000000
640.000000,6.000000,1.000000,0.000000,0.000000,0.000000,0.000000,0.000000,0.000000,0.000000,0.000000,0.000000,0.000000,0.000000,-0.606161,0.000000,0.000000,0.000000,65535.000000,0.000000,0.000000,6.000000,1.000000,6.000000,1.000000,0.000000,0.000000,1.000000
650.000000,6.000000,1.000000,0.000000,0.000000,0.000000,0.000000,0.000000,0.000000,0.000000,0.000000,0.000000,0.000000,0.000000,-0.599977,0.000000,0.000000,0.000000,65535.000000,0.000000,0.000000,6.000000,1.000000,6.000000,1.000000,0.000000,0.000000,1.000000
660.000000,6.000000,1.000000,0.000000,0.000000,0.000000,0.000000,0.000000,0.000000,0.000000,0.000000,0.000000,0.000000,0.000000,-0.594253,0.000000,0.000000,0.000000,65535.000000,0.000000,0.000000,6.000000,1.000000,6.000000,1.000000,0.000000,0.000000,1.000000
670.000000,6.000000,1.000000,0.000000,0.000000,0.000000,0.000000,0.000000,0.000000,0.000000,0.000000,0.000000,0.000000,0.000000,-0.590041,0.000000,0.000000,0.000000,65535.000000,0.000000,0.000000,6.000000,1.000000,6.000000,1.000000,0.000000,0.000000,1.000000
680.000000,6.000000,1.000000,0.000000,0.000000,0.000000,0.000000,0.000000,0.000000,0.000000,0.000000,0.000000,0.000000,0.000000,-0.586576,0.000000,0.000000,0.000000,65535.000000,0.000000,0.000000,6.000000,1.000000,6.000000,1.000000,0.000000,0.000000,1.000000
690.000000,6.000000,1.000000,0.000000,0.000000,0.000000,0.000000,0.000000,0.000000,0.000000,0.000000,0.000000,0.000000,0.000000,-0.584423,0.000000,0.000000,0.000000,65535.000000,0.000000,0.000000,6.000000,1.000000,6.000000,1.000000,0.000000,0.000000,1.000000
700.000000,6.000000,1.000000,0.000000,0.000000,0.000000,0.000000,0.000000,0.000000,0.000000,0.000000,0.000000,0.000000,0.000000,-0.587367,0.000000,0.000000,0.000000,65535.000000,0.000000,0.000000,6.000000,1.000000,6.000000,1.000000,0.000000,0.000000,1.000000
710.000000,6.000000,1.000000,0.000000,0.000000,0.000000,0.000000,0.000000,0.000000,0.000000,0.000000,0.000000,0.000000,0.000000,-0.583764,0.000000,0.000000,0.000000,65535.000000,0.000000,0.000000,6.000000,1.000000,6.000000,1.000000,0.000000,0.000000,1.000000
720.000000,6.000000,1.000000,0.000000,0.000000,0.000000,0.000000,0.000000,0.000000,0.000000,0.000000,0.000000,0.000000,0.000000,-0.580373,0.000000,0.000000,0.000000,65535.000000,0.000000,0.000000,6.000000,1.000000,6.000000,1.000000,0.000000,0.000000,1.000000
730.000000,6.000000,1.000000,0.000000,0.000000,0.000000,0.000000,0.000000,0.000000,0.000000,0.000000,0.000000,0.000000,0.000000,-0.574333,0.000000,0.000000,0.000000,65535.000000,0.000000,0.000000,6.000000,1.000000,6.000000,1.000000,0.000000,0.000000,1.000000
740.000000,6.000000,1.000000,0.000000,0.000000,0.000000,0.000000,0.000000,0.000000,0.000000,0.000000,0.000000,0.000000,0.000000,-0.570065,0.000000,0.000000,0.000000,65535.000000,0.000000,0.000000,6.000000,1.000000,6.000000,1.000000,0.000000,0.000000,1.000000
750.000000,6.000000,1.000000,0.000000,0.000000,0.000000,0.000000,0.000000,0.000000,0.000000,0.000000,0.000000,0.000000,0.000000,-0.566670,0.000000,0.000000,0.000000,65535.000000,0.000000,0.000000,6.000000,1.000000,6.000000,1.000000,0.000000,0.000000,1.000000
760.000000,6.000000,1.000000,0.000000,0.000000,0.000000,0.000000,0.000000,0.000000,0.000000,0.000000,0.000000,0.000000,0.000000,-0.563474,0.000000,0.000000,0.000000,65535.000000,0.000000,0.000000,6.000000,1.000000,6.000000,1.000000,0.000000,0.000000,1.000000
770.000000,6.000000,1.000000,0.000000,0.000000,0.000000,0.000000,0.000000,0.000000,0.000000,0.000000,0.000000,0.000000,0.000000,-0.562001,0.000000,0.000000,0.000000,65535.000000,0.000000,0.000000,6.000000,1.000000,6.000000,1.000000,0.000000,0.000000,1.000000
780.000000,6.000000,1.000000,0.000000,0.000000,0.000000,0.000000,0.000000,0.000000,0.000000,0.000000,0.000000,0.000000,0.000000,-0.561250,0.000000,0.000000,0.000000,65535.000000,0.000000,0.000000,6.000000,1.000000,6.000000,1.000000,0.000000,0.000000,1.000000
790.000000,6.000000,1.000000,0.000000,0.000000,0.000000,0.000000,0.000000,0.000000,0.000000,0.000000,0.000000,0.000000,0.000000,-0.558114,0.000000,0.000000,0.000000,65535.000000,0.000000,0.000000,6.000000,1.000000,6.000000,1.000000,0.000000,0.000000,1.000000
800.000000,6.000000,1.000000,0.000000,0.000000,0.000000,0.000000,0.000000,0.000000,0.000000,0.000000,0.000000,0.000000,0.000000,-0.552345,0.000000,0.000000,0.000000,65535.000000,0.000000,0.000000,6.000000,1.000000,6.000000,1.000000,0.000000,0.000000,1.000000
810.000000,6.000000,1.000000,0.000000,0.000000,0.000000,0.000000,0.000000,0.000000,0.000000,0.000000,0.000000,0.000000,0.000000,-0.545879,0.000000,0.000000,0.000000,65535.000000,0.000000,0.000000,6.000000,1.000000,6.000000,1.000000,0.000000,0.000000,1.000000
820.000000,6.000000,1.000000,0.000000,0.000000,0.000000,0.000000,0.000000,0.000000,0.000000,0.000000,0.000000,0.000000,0.000000,-0.542912,0.000000,0.000000,0.000000,65535.000000,0.000000,0.000000,6.000000,1.000000,6.000000,1.000000,0.000000,0.000000,1.000000
830.000000,6.000000,1.000000,0.000000,0.000000,0.000000,0.000000,0.000000,0.000000,0.000000,0.000000,0.000000,0.000000,0.000000,-0.540403,0.000000,0.000000,0.000000,65535.000000,0.000000,0.000000,6.000000,1.000000,6.000000,1.000000,0.000000,0.000000,1.000000
840.000000,6.000000,1.000000,0.000000,0.000000,0.000000,0.000000,0.000000,0.000000,0.000000,0.000000,0.000000,0.000000,0.000000,-0.542078,0.000000,0.000000,0.000000,65535.000000,0.000000,0.000000,6.000000,1.000000,6.000000,1.000000,0.000000,0.000000,1.000000
850.000000,6.000000,1.000000,0.000000,0.000000,0.000000,0.000000,0.000000,0.000000,0.000000,0.000000,0.000000,0.000000,0.000000,-0.539586,0.000000,0.000000,0.000000,65535.000000,0.000000,0.000000,6.000000,1.000000,6.000000,1.000000,0.000000,0.000000,1.000000
860.000000,6.000000,1.000000,0.000000,0.000000,0.000000,0.000000,0.000000,0.000000,0.000000,0.000000,0.000000,0.000000,0.000000,-0.537409,0.000000,0.000000,0.000000,65535.000000,0.000000,0.000000,6.000000,1.000000,6.000000,1.000000,0.000000,0.000000,1.000000
870.000000,6.000000,1.000000,0.000000,0.000000,0.000000,0.000000,0.000000,0.000000,0.000000,0.000000,0.000000,0.000000,0.000000,-0.533910,0.000000,0.000000,0.000000,65535.000000,0.000000,0.000000,6.000000,1.000000,6.000000,1.000000,0.000000,0.000000,1.000000
880.000000,6.000000,1.000000,0.000000,0.000000,0.000000,0.000000,0.000000,0.000000,0.000000,0.000000,0.000000,0.000000,0.000000,-0.531072,0.000000,0.000000,0.000000,65535.000000,0.000000,0.000000,6.000000,1.000000,6.000000,1.000000,0.000000,0.000000,1.000000
890.000000,6.000000,1.000000,0.000000,0.000000,0.000000,0.000000,0.000000,0.000000,0.000000,0.000000,0.000000,0.000000,0.000000,-0.524806,0.000000,0.000000,0.000000,65535.000000,0.000000,0.000000,6.000000,1.000000,6.000000,1.000000,0.000000,0.000000,1.000000
900.000000,6.000000,1.000000,0.000000,0.000000,0.000000,0.000000,0.000000,0.000000,0.000000,0.000000,0.000000,0.000000,0.000000,-0.522063,0.000000,0.000000,0.000000,65535.000000,0.000000,0.000000,6.000000,1.000000,6.000000,1.000000,0.000000,0.000000,1.000000
910.000000,6.000000,1.000000,0.000000,0.000000,0.000000,0.000000,0.000000,0.000000,0.000000,0.000000,0.000000,0.000000,0.000000,-0.519460,0.000000,0.000000,0.000000,65535.000000,0.000000,0.000000,6.000000,1.000000,6.000000,1.000000,0.000000,0.000000,1.000000
920.000000,6.000000,1.000000,0.000000,0.000000,0.000000,0.000000,0.000000,0.000000,0.000000,0.000000,0.000000,0.000000,0.000000,-0.518495,0.000000,0.000000,0.000000,65535.000000,0.000000,0.000000,6.000000,1.000000,6.000000,1.000000,0.000000,0.000000,1.000000
930.000000,6.000000,1.000000,0.000000,0.000000,0.000000,0.000000,0.000000,0.000000,0.000000,0.000000,0.000000,0.000000,0.000000,-0.515818,0.000000,0.000000,0.000000,65535.000000,0.000000,0.000000,6.000000,1.000000,6.000000,1.000000,0.000000,0.000000,1.000000
940.000000,6.000000,1.000000,0.000000,0.000000,0.000000,0.000000,0.000000,0.000000,0.000000,0.000000,0.000000,0.000000,0.000000,-0.513235,0.000000,0.000000,0.000000,65535.000000,0.000000,0.000000,6.000000,1.000000,6.000000,1.000000,0.000000,0.000000,1.000000
950.000000,6.000000,1.000000,0.000000,0.000000,0.000000,0.000000,0.000000,0.000000,0.000000,0.000000,0.000000,0.000000,0.000000,-0.510612,0.000000,0.000000,0.000000,65535.000000,0.000000,0.000000,6.000000,1.000000,6.000000,1.000000,0.000000,0.000000,1.000000
960.000000,6.000000,1.000000,0.000000,0.000000,0.000000,0.000000,0.000000,0.000000,0.000000,0.000000,0.000000,0.000000,0.000000,-0.509458,0.000000,0.000000,0.000000,65535.000000,0.000000,0.000000,6.000000,1.000000,6.000000,1.000000,0.000000,0.000000,1.000000
970.000000,6.000000,1.000000,0.000000,0.000000,0.000000,0.000000,0.000000,0.000000,0.000000,0.000000,0.000000,0.000000,0.000000,-0.506873,0.000000,0.000000,0.000000,65535.000000,0.000000,0.000000,6.000000,1.000000,6.000000,1.000000,0.000000,0.000000,1.000000
980.000000,6.000000,1.000000,0.000000,0.000000,0.000000,0.000000,0.000000,0.000000,0.000000,0.000000,0.000000,0.000000,0.000000,-0.505927,0.000000,0.000000,0.000000,65535.000000,0.000000,0.000000,6.000000,1.000000,6.000000,1.000000,0.000000,0.000000,1.000000
990.000000,6.000000,1.000000,0.000000,0.000000,0.000000,0.000000,0.000000,0.000000,0.000000,0.000000,0.000000,0.000000,0.000000,-0.503113,0.000000,0.000000,0.000000,65535.000000,0.000000,0.000000,6.000000,1.000000,6.000000,1.000000,0.000000,0.000000,1.000000
1000.000000,6.000000,1.000000,0.000000,0.000000,0.000000,0.000000,0.000000,0.000000,0.000000,0.000000,0.000000,0.000000,0.000000,-0.498718,0.000000,0.000000,0.000000,65535.000000,0.000000,0.000000,6.000000,1.000000,6.000000,1.000000,0.000000,0.000000,1.000000
1010.000000,6.000000,1.000000,0.000000,0.000000,0.000000,0.000000,0.000000,0.000000,0.000000,0.000000,0.000000,0.000000,0.000000,-0.495784,0.000000,0.000000,0.000000,65535.000000,0.000000,0.000000,6.000000,1.000000,6.000000,1.000000,0.000000,0.000000,1.000000
1020.000000,6.000000,1.000000,0.000000,0.000000,0.000000,0.000000,0.000000,0.000000,0.000000,0.000000,0.000000,0.000000,0.000000,-0.493336,0.000000,0.000000,0.000000,65535.000000,0.000000,0.000000,6.000000,1.000000,6.000000,1.000000,0.000000,0.000000,1.000000
1030.000000,6.000000,1.000000,0.000000,0.000000,0.000000,0.000000,0.000000,0.000000,0.000000,0.000000,0.000000,0.000000,0.000000,-0.491855,0.000000,0.000000,0.000000,65535.000000,0.000000,0.000000,6.000000,1.000000,6.000000,1.000000,0.000000,0.000000,1.000000
1040.000000,6.000000,1.000000,0.000000,0.000000,0.000000,0.000000,0.000000,0.000000,0.000000,0.000000,0.000000,0.000000,0.000000,-0.487080,0.000000,0.000000,0.000000,65535.000000,0.000000,0.000000,6.000000,1.000000,6.000000,1.000000,0.000000,0.000000,1.000000
1050.000000,6.000000,1.000000,0.000000,0.000000,0.000000,0.000000,0.000000,0.000000,0.000000,0.000000,0.000000,0.000000,0.000000,-0.484516,0.000000,0.000000,0.000000,65535.000000,0.000000,0.000000,6.000000,1.000000,6.000000,1.000000,0.000000,0.000000,1.000000
1060.000000,6.000000,1.000000,0.000000,0.000000,0.000000,0.000000,0.000000,0.000000,0.000000,0.000000,0.000000,0.000000,0.000000,-0.482177,0.000000,0.000000,0.000000,65535.000000,0.000000,0.000000,6.000000,1.000000,6.000000,1.000000,0.000000,0.000000,1.000000
1070.000000,6.000000,1.000000,0.000000,0.000000,0.000000,0.000000,0.000000,0.000000,0.000000,0.000000,0.000000,0.000000,0.000000,-0.481004,0.000000,0.000000,0.000000,65535.000000,0.000000,0.000000,6.000000,1.000000,6.000000,1.000000,0.000000,0.000000,1.000000
1080.000000,6.000000,1.000000,0.000000,0.000000,0.000000,0.000000,0.000000,0.000000,0.000000,0.000000,0.000000,0.000000,0.000000,-0.478839,0.000000,0.000000,0.000000,65535.000000,0.000000,0.000000,6.000000,1.000000,6.000000,1.000000,0.000000,0.000000,1.000000
1090.000000,6.000000,1.000000,0.000000,0.000000,0.000000,0.000000,0.000000,0.000000,0.000000,0.000000,0.000000,0.000000,0.000000,-0.474539,0.000000,0.000000,0.000000,65535.000000,0.000000,0.000000,6.000000,1.000000,6.000000,1.000000,0.000000,0.000000,1.000000
1100.000000,6.000000,1.000000,0.000000,0.000000,0.000000,0.000000,0.000000,0.000000,0.000000,0.000000,0.000000,0.000000,0.000000,-0.472296,0.000000,0.000000,0.000000,65535.000000,0.000000,0.000000,6.000000,1.000000,6.000000,1.000000,0.000000,0.000000,1.000000
1110.000000,6.000000,1.000000,0.000000,0.000000,0.000000,0.000000,0.000000,0.000000,0.000000,0.000000,0.000000,0.000000,0.000000,-0.470073,0.000000,0.000000,0.000000,65535.000000,0.000000,0.000000,6.000000,1.000000,6.000000,1.000000,0.000000,0.000000,1.000000
1120.000000,6.000000,1.000000,0.000000,0.000000,0.000000,0.000000,0.000000,0.000000,0.000000,0.000000,0.000000,0.000000,0.000000,-0.472157,0.000000,0.000000,0.000000,65535.000000,0.000000,0.000000,6.000000,1.000000,6.000000,1.000000,0.000000,0.000000,1.000000
1130.000000,6.000000,1.000000,0.000000,0.000000,0.000000,0.000000,0.000000,0.000000,0.000000,0.000000,0.000000,0.000000,0.000000,-0.467969,0.000000,0.000000,0.000000,65535.000000,0.000000,0.000000,6.000000,1.000000,6.000000,1.000000,0.000000,0.000000,1.000000
1140.000000,6.000000,1.000000,0.000000,0.000000,0.000000,0.000000,0.000000,0.000000,0.000000,0.000000,0.000000,0.000000,0.000000,-0.465787,0.000000,0.000000,0.000000,65535.000000,0.000000,0.000000,6.000000,1.000000,6.000000,1.000000,0.000000,0.000000,1.000000
1150.000000,6.000000,1.000000,0.000000,0.000000,0.000000,0.000000,0.000000,0.000000,0.000000,0.000000,0.000000,0.000000,0.000000,-0.463841,0.000000,0.000000,0.000000,65535.000000,0.000000,0.000000,6.000000,1.000000,6.000000,1.000000,0.000000,0.000000,1.000000
1160.000000,6.000000,1.000000,0.000000,0.000000,0.000000,0.000000,0.000000,0.000000,0.000000,0.000000,0.000000,0.000000,0.000000,-0.462656,0.000000,0.000000,0.000000,65535.000000,0.000000,0.000000,6.000000,1.000000,6.000000,1.000000,0.000000,0.000000,1.000000
1170.000000,6.000000,1.000000,0.000000,0.000000,0.000000,0.000000,0.000000,0.000000,0.000000,0.000000,0.000000,0.000000,0.000000,-0.460523,0.000000,0.000000,0.000000,65535.000000,0.000000,0.000000,6.000000,1.000000,6.000000,1.000000,0.000000,0.000000,1.000000
1180.000000,6.000000,1.000000,0.000000,0.000000,0.000000,0.000000,0.000000,0.000000,0.000000,0.000000,0.000000,0.000000,0.000000,-0.456622,0.000000,0.000000,0.000000,65535.000000,0.000000,0.000000,6.000000,1.000000,6.000000,1.000000,0.000000,0.000000,1.000000
1190.000000,6.000000,1.000000,0.000000,0.000000,0.000000,0.000000,0.000000,0.000000,0.000000,0.000000,0.000000,0.000000,0.000000,-0.454545,0.000000,0.000000,0.000000,65535.000000,0.000000,0.000000,6.000000,1.000000,6.000000,1.000000,0.000000,0.000000,1.000000
1200.000000,6.000000,1.000000,0.000000,0.000000,0.000000,0.000000,0.000000,0.000000,0.000000,0.000000,0.000000,0.000000,0.000000,-0.450436,0.000000,0.000000,0.000000,65535.000000,0.000000,0.000000,6.000000,1.000000,6.000000,1.000000,0.000000,0.000000,1.000000
1210.000000,6.000000,1.000000,0.000000,0.000000,0.000000,0.000000,0.000000,0.000000,0.000000,0.000000,0.000000,0.000000,0.000000,-0.448414,0.000000,0.000000,0.000000,65535.000000,0.000000,0.000000,6.000000,1.000000,6.000000,1.000000,0.000000,0.000000,1.000000
1220.000000,6.000000,1.000000,0.000000,0.000000,0.000000,0.000000,0.000000,0.000000,0.000000,0.000000,0.000000,0.000000,0.000000,-0.446410,0.000000,0.000000,0.000000,65535.000000,0.000000,0.000000,6.000000,1.000000,6.000000,1.000000,0.000000,0.000000,1.000000
1230.000000,6.000000,1.000000,0.000000,0.000000,0.000000,0.000000,0.000000,0.000000,0.000000,0.000000,0.000000,0.000000,0.000000,-0.448904,0.000000,0.000000,0.000000,65535.000000,0.000000,0.000000,6.000000,1.000000,6.000000,1.000000,0.000000,0.000000,1.000000
1240.000000,6.000000,1.000000,0.000000,0.000000,0.000000,0.000000,0.000000,0.000000,0.000000,0.000000,0.000000,0.000000,0.000000,-0.443544,0.000000,0.000000,0.000000,65535.000000,0.000000,0.000000,6.000000,1.000000,6.000000,1.000000,0.000000,0.000000,1.000000
1250.000000,6.000000,1.000000,0.000000,0.000000,0.000000,0.000000,0.000000,0.000000,0.000000,0.000000,0.000000,0.000000,0.000000,-0.440805,0.000000,0.000000,0.000000,65535.000000,0.000000,0.000000,6.000000,1.000000,6.000000,1.000000,0.000000,0.000000,1.000000
1260.000000,6.000000,1.000000,0.000000,0.000000,0.000000,0.000000,0.000000,0.000000,0.000000,0.000000,0.000000,0.000000,0.000000,-0.438869,0.000000,0.000000,0.000000,65535.000000,0.000000,0.000000,6.000000,1.000000,6.000000,1.000000,0.000000,0.000000,1.000000
1270.000000,6.000000,1.000000,0.000000,0.000000,0.000000,0.000000,0.000000,0.000000,0.000000,0.000000,0.000000,0.000000,0.000000,-0.439957,0.000000,0.000000,0.000000,65535.000000,0.000000,0.000000,6.000000,1.000000,6.000000,1.000000,0.000000,0.000000,1.000000
1280.000000,6.000000,1.000000,0.000000,0.000000,0.000000,0.000000,0.000000,0.000000,0.000000,0.000000,0.000000,0.000000,0.000000,-0.438893,0.000000,0.000000,0.000000,65535.000000,0.000000,0.000000,6.000000,1.000000,6.000000,1.000000,0.000000,0.000000,1.000000
1290.000000,6.000000,1.000000,0.000000,0.000000,0.000000,0.000000,0.000000,0.000000,0.000000,0.000000,0.000000,0.000000,0.000000,-0.436973,0.000000,0.000000,0.000000,65535.000000,0.000000,0.000000,6.000000,1.000000,6.000000,1.000000,0.000000,0.000000,1.000000
1300.000000,6.000000,1.000000,0.000000,0.000000,0.000000,0.000000,0.000000,0.000000,0.000000,0.000000,0.000000,0.000000,0.000000,-0.433859,0.000000,0.000000,0.000000,65535.000000,0.000000,0.000000,6.000000,1.000000,6.000000,1.000000,0.000000,0.000000,1.000000
1310.000000,6.000000,1.000000,0.000000,0.000000,0.000000,0.000000,0.000000,0.000000,0.000000,0.000000,0.000000,0.000000,0.000000,-0.431983,0.000000,0.000000,0.000000,65535.000000,0.000000,0.000000,6.000000,1.000000,6.000000,1.000000,0.000000,0.000000,1.000000
1320.000000,6.000000,1.000000,0.000000,0.000000,0.000000,0.000000,0.000000,0.000000,0.000000,0.000000,0.000000,0.000000,0.000000,-0.430123,0.000000,0.000000,0.000000,65535.000000,0.000000,0.000000,6.000000,1.000000,6.000000,1.000000,0.000000,0.000000,1.000000
1330.000000,6.000000,1.000000,0.000000,0.000000,0.000000,0.000000,0.000000,0.000000,0.000000,0.000000,0.000000,0.000000,0.000000,-0.432675,0.000000,0.000000,0.000000,65535.000000,0.000000,0.000000,6.000000,1.000000,6.000000,1.000000,0.000000,0.000000,1.000000
1340.000000,6.000000,1.000000,0.000000,0.000000,0.000000,0.000000,0.000000,0.000000,0.000000,0.000000,0.000000,0.000000,0.000000,-0.429785,0.000000,0.000000,0.000000,65535.000000,0.000000,0.000000,6.000000,1.000000,6.000000,1.000000,0.000000,0.000000,1.000000
1350.000000,6.000000,1.000000,0.000000,0.000000,0.000000,0.000000,0.000000,0.000000,0.000000,0.000000,0.000000,0.000000,0.000000,-0.426178,0.000000,0.000000,0.000000,65535.000000,0.000000,0.000000,6.000000,1.000000,6.000000,1.000000,0.000000,0.000000,1.000000
1360.000000,6.000000,1.000000,0.000000,0.000000,0.000000,0.000000,0.000000,0.000000,0.000000,0.000000,0.000000,0.000000,0.000000,-0.424280,0.000000,0.000000,0.000000,65535.000000,0.000000,0.000000,6.000000,1.000000,6.000000,1.000000,0.000000,0.000000,1.000000
1370.000000,6.000000,1.000000,0.000000,0.000000,0.000000,0.000000,0.000000,0.000000,0.000000,0.000000,0.000000,0.000000,0.000000,-0.421089,0.000000,0.000000,0.000000,65535.000000,0.000000,0.000000,6.000000,1.000000,6.000000,1.000000,0.000000,0.000000,1.000000
1380.000000,6.000000,1.000000,0.000000,0.000000,0.000000,0.000000,0.000000,0.000000,0.000000,0.000000,0.000000,0.000000,0.000000,-0.419207,0.000000,0.000000,0.000000,65535.000000,0.000000,0.000000,6.000000,1.000000,6.000000,1.000000,0.000000,0.000000,1.000000
1390.000000,6.000000,1.000000,0.000000,0.000000,0.000000,0.000000,0.000000,0.000000,0.000000,0.000000,0.000000,0.000000,0.000000,-0.417455,0.000000,0.000000,0.000000,65535.000000,0.000000,0.000000,6.000000,1.000000,6.000000,1.000000,0.000000,0.000000,1.000000
1400.000000,6.000000,1.000000,0.000000,0.000000,0.000000,0.000000,0.000000,0.000000,0.000000,0.000000,0.000000,0.000000,0.000000,-0.416842,0.000000,0.000000,0.000000,65535.000000,0.000000,0.000000,6.000000,1.000000,6.000000,1.000000,0.000000,0.000000,1.000000
1410.000000,6.000000,1.000000,0.000000,0.000000,0.000000,0.000000,0.000000,0.000000,0.000000,0.000000,0.000000,0.000000,0.000000,-0.415110,0.000000,0.000000,0.000000,65535.000000,0.000000,0.000000,6.000000,1.000000,6.000000,1.000000,0.000000,0.000000,1.000000
1420.000000,6.000000,1.000000,0.000000,0.000000,0.000000,0.000000,0.000000,0.000000,0.000000,0.000000,0.000000,0.000000,0.000000,-0.413408,0.000000,0.000000,0.000000,65535.000000,0.000000,0.000000,6.000000,1.000000,6.000000,1.000000,0.000000,0.000000,1.000000
1430.000000,6.000000,1.000000,0.000000,0.000000,0.000000,0.000000,0.000000,0.000000,0.000000,0.000000,0.000000,0.000000,0.000000,-0.411704,0.000000,0.000000,0.000000,65535.000000,0.000000,0.000000,6.000000,1.000000,6.000000,1.000000,0.000000,0.000000,1.000000
1440.000000,6.000000,1.000000,0.000000,0.000000,0.000000,0.000000,0.000000,0.000000,0.000000,0.000000,0.000000,0.000000,0.000000,-0.404772,0.000000,0.000000,0.000000,65535.000000,0.000000,0.000000,6.000000,1.000000,6.000000,1.000000,0.000000,0.000000,1.000000
1450.000000,6.000000,1.000000,0.000000,0.000000,0.000000,0.000000,0.000000,0.000000,0.000000,0.000000,0.000000,0.000000,0.000000,-0.403138,0.000000,0.000000,0.000000,65535.000000,0.000000,0.000000,6.000000,1.000000,6.000000,1.000000,0.000000,0.000000,1.000000
1460.000000,6.000000,1.000000,0.000000,0.000000,0.000000,0.000000,0.000000,0.000000,0.000000,0.000000,0.000000,0.000000,0.000000,-0.401518,0.000000,0.000000,0.000000,65535.000000,0.000000,0.000000,6.000000,1.000000,6.000000,1.000000,0.000000,0.000000,1.000000
1470.000000,6.000000,1.000000,0.000000,0.000000,0.000000,0.000000,0.000000,0.000000,0.000000,0.000000,0.000000,0.000000,0.000000,-0.407703,0.000000,0.000000,0.000000,65535.000000,0.000000,0.000000,6.000000,1.000000,6.000000,1.000000,0.000000,0.000000,1.000000
1480.000000,6.000000,1.000000,0.000000,0.000000,0.000000,0.000000,0.000000,0.000000,0.000000,0.000000,0.000000,0.000000,0.000000,-0.406605,0.000000,0.000000,0.000000,65535.000000,0.000000,0.000000,6.000000,1.000000,6.000000,1.000000,0.000000,0.000000,1.000000
1490.000000,6.000000,1.000000,0.000000,0.000000,0.000000,0.000000,0.000000,0.000000,0.000000,0.000000,0.000000,0.000000,0.000000,-0.403715,0.000000,0.000000,0.000000,65535.000000,0.000000,0.000000,6.000000,1.000000,6.000000,1.000000,0.000000,0.000000,1.000000
1500.000000,6.000000,1.000000,0.000000,0.000000,0.000000,0.000000,0.000000,0.000000,0.000000,0.000000,0.000000,0.000000,0.000000,-0.402090,0.000000,0.000000,0.000000,65535.000000,0.000000,0.000000,6.000000,1.000000,6.000000,1.000000,0.000000,0.000000,1.000000
1510.000000,6.000000,1.000000,0.000000,0.000000,0.000000,0.000000,0.000000,0.000000,0.000000,0.000000,0.000000,0.000000,0.000000,-0.397486,0.000000,0.000000,0.000000,65535.000000,0.000000,0.000000,6.000000,1.000000,6.000000,1.000000,0.000000,0.000000,1.000000
1520.000000,6.000000,1.000000,0.000000,0.000000,0.000000,0.000000,0.000000,0.000000,0.000000,0.000000,0.000000,0.000000,0.000000,-0.392696,0.000000,0.000000,0.000000,65535.000000,0.000000,0.000000,6.000000,1.000000,6.000000,1.000000,0.000000,0.000000,1.000000
1530.000000,6.000000,1.000000,0.000000,0.000000,0.000000,0.000000,0.000000,0.000000,0.000000,0.000000,0.000000,0.000000,0.000000,-0.391158,0.000000,0.000000,0.000000,65535.000000,0.000000,0.000000,6.000000,1.000000,6.000000,1.000000,0.000000,0.000000,1.000000
1540.000000,6.000000,1.000000,0.000000,0.000000,0.000000,0.000000,0.000000,0.000000,0.000000,0.000000,0.000000,0.000000,0.000000,-0.390724,0.000000,0.000000,0.000000,65535.000000,0.000000,0.000000,6.000000,1.000000,6.000000,1.000000,0.000000,0.000000,1.000000
1550.000000,6.000000,1.000000,0.000000,0.000000,0.000000,0.000000,0.000000,0.000000,0.000000,0.000000,0.000000,0.000000,0.000000,-0.393777,0.000000,0.000000,0.000000,65535.000000,0.000000,0.000000,6.000000,1.000000,6.000000,1.000000,0.000000,0.000000,1.000000
1560.000000,6.000000,1.000000,0.000000,0.000000,0.000000,0.000000,0.000000,0.000000,0.000000,0.000000,0.000000,0.000000,0.000000,-0.392230,0.000000,0.000000,0.000000,65535.000000,0.000000,0.000000,6.000000,1.000000,6.000000,1.000000,0.000000,0.000000,1.000000
1570.000000,6.000000,1.000000,0.000000,0.000000,0.000000,0.000000,0.000000,0.000000,0.000000,0.000000,0.000000,0.000000,0.000000,-0.390697,0.000000,0.000000,0.000000,65535.000000,0.000000,0.000000,6.000000,1.000000,6.000000,1.000000,0.000000,0.000000,1.000000
1580.000000,6.000000,1.000000,0.000000,0.000000,0.000000,0.000000,0.000000,0.000000,0.000000,0.000000,0.000000,0.000000,0.000000,-0.389322,0.000000,0.000000,0.000000,65535.000000,0.000000,0.000000,6.000000,1.000000,6.000000,1.000000,0.000000,0.000000,1.000000
1590.000000,6.000000,1.000000,0.000000,0.000000,0.000000,0.000000,0.000000,0.000000,0.000000,0.000000,0.000000,0.000000,0.000000,-0.389225,0.000000,0.000000,0.000000,65535.000000,0.000000,0.000000,6.000000,1.000000,6.000000,1.000000,0.000000,0.000000,1.000000
1600.000000,6.000000,1.000000,0.000000,0.000000,0.000000,0.000000,0.000000,0.000000,0.000000,0.000000,0.000000,0.000000,0.000000,-0.389497,0.000000,0.000000,0.000000,65535.000000,0.000000,0.000000,6.000000,1.000000,6.000000,1.000000,0.000000,0.000000,1.000000
1610.000000,6.000000,1.000000,0.000000,0.000000,0.000000,0.000000,0.000000,0.000000,0.000000,0.000000,0.000000,0.000000,0.000000,-0.386892,0.000000,0.000000,0.000000,65535.000000,0.000000,0.000000,6.000000,1.000000,6.000000,1.000000,0.000000,0.000000,1.000000
1620.000000,6.000000,1.000000,0.000000,0.000000,0.000000,0.000000,0.000000,0.000000,0.000000,0.000000,0.000000,0.000000,0.000000,-0.384177,0.000000,0.000000,0.000000,65535.000000,0.000000,0.000000,6.000000,1.000000,6.000000,1.000000,0.000000,0.000000,1.000000
1630.000000,6.000000,1.000000,0.000000,0.000000,0.000000,0.000000,0.000000,0.000000,0.000000,0.000000,0.000000,0.000000,0.000000,-0.382706,0.000000,0.000000,0.000000,65535.000000,0.000000,0.000000,6.000000,1.000000,6.000000,1.000000,0.000000,0.000000,1.000000
1640.000000,6.000000,1.000000,0.000000,0.000000,0.000000,0.000000,0.000000,0.000000,0.000000,0.000000,0.000000,0.000000,0.000000,-0.381245,0.000000,0.000000,0.000000,65535.000000,0.000000,0.000000,6.000000,1.000000,6.000000,1.000000,0.000000,0.000000,1.000000
1650.000000,6.000000,1.000000,0.000000,0.000000,0.000000,0.000000,0.000000,0.000000,0.000000,0.000000,0.000000,0.000000,0.000000,-0.378811,0.000000,0.000000,0.000000,65535.000000,0.000000,0.000000,6.000000,1.000000,6.000000,1.000000,0.000000,0.000000,1.000000
1660.000000,6.000000,1.000000,0.000000,0.000000,0.000000,0.000000,0.000000,0.000000,0.000000,0.000000,0.000000,0.000000,0.000000,-0.377380,0.000000,0.000000,0.000000,65535.000000,0.000000,0.000000,6.000000,1.000000,6.000000,1.000000,0.000000,0.000000,1.000000
1670.000000,6.000000,1.000000,0.000000,0.000000,0.000000,0.000000,0.000000,0.000000,0.000000,0.000000,0.000000,0.000000,0.000000,-0.376149,0.000000,0.000000,0.000000,65535.000000,0.000000,0.000000,6.000000,1.000000,6.000000,1.000000,0.000000,0.000000,1.000000
1680.000000,6.000000,1.000000,0.000000,0.000000,0.000000,0.000000,0.000000,0.000000,0.000000,0.000000,0.000000,0.000000,0.000000,-0.375880,0.000000,0.000000,0.000000,65535.000000,0.000000,0.000000,6.000000,1.000000,6.000000,1.000000,0.000000,0.000000,1.000000
1690.000000,6.000000,1.000000,0.000000,0.000000,0.000000,0.000000,0.000000,0.000000,0.000000,0.000000,0.000000,0.000000,0.000000,-0.366845,0.000000,0.000000,0.000000,65535.000000,0.000000,0.000000,6.000000,1.000000,6.000000,1.000000,0.000000,0.000000,1.000000
1700.000000,6.000000,1.000000,0.000000,0.000000,0.000000,0.000000,0.000000,0.000000,0.000000,0.000000,0.000000,0.000000,0.000000,-0.365503,0.000000,0.000000,0.000000,65535.000000,0.000000,0.000000,6.000000,1.000000,6.000000,1.000000,0.000000,0.000000,1.000000
1710.000000,6.000000,1.000000,0.000000,0.000000,0.000000,0.000000,0.000000,0.000000,0.000000,0.000000,0.000000,0.000000,0.000000,-0.364170,0.000000,0.000000,0.000000,65535.000000,0.000000,0.000000,6.000000,1.000000,6.000000,1.000000,0.000000,0.000000,1.000000
1720.000000,6.000000,1.000000,0.000000,0.000000,0.000000,0.000000,0.000000,0.000000,0.000000,0.000000,0.000000,0.000000,0.000000,-0.364516,0.000000,0.000000,0.000000,65535.000000,0.000000,0.000000,6.000000,1.000000,6.000000,1.000000,0.000000,0.000000,1.000000
1730.000000,6.000000,1.000000,0.000000,0.000000,0.000000,0.000000,0.000000,0.000000,0.000000,0.000000,0.000000,0.000000,0.000000,-0.370775,0.000000,0.000000,0.000000,65535.000000,0.000000,0.000000,6.000000,1.000000,6.000000,1.000000,0.000000,0.000000,1.000000
1740.000000,6.000000,1.000000,0.000000,0.000000,0.000000,0.000000,0.000000,0.000000,0.000000,0.000000,0.000000,0.000000,0.000000,-0.371111,0.000000,0.000000,0.000000,65535.000000,0.000000,0.000000,6.000000,1.000000,6.000000,1.000000,0.000000,0.000000,1.000000
1750.000000,6.000000,1.000000,0.000000,0.000000,0.000000,0.000000,0.000000,0.000000,0.000000,0.000000,0.000000,0.000000,0.000000,-0.369738,0.000000,0.000000,0.000000,65535.000000,0.000000,0.000000,6.000000,1.000000,6.000000,1.000000,0.000000,0.000000,1.000000
1760.000000,6.000000,1.000000,0.000000,0.000000,0.000000,0.000000,0.000000,0.000000,0.000000,0.000000,0.000000,0.000000,0.000000,-0.368984,0.000000,0.000000,0.000000,65535.000000,0.000000,0.000000,6.000000,1.000000,6.000000,1.000000,0.000000,0.000000,1.000000
1770.000000,6.000000,1.000000,0.000000,0.000000,0.000000,0.000000,0.000000,0.000000,0.000000,0.000000,0.000000,0.000000,0.000000,-0.366322,0.000000,0.000000,0.000000,65535.000000,0.000000,0.000000,6.000000,1.000000,6.000000,1.000000,0.000000,0.000000,1.000000
1780.000000,6.000000,1.000000,0.000000,0.000000,0.000000,0.000000,0.000000,0.000000,0.000000,0.000000,0.000000,0.000000,0.000000,-0.364984,0.000000,0.000000,0.000000,65535.000000,0.000000,0.000000,6.000000,1.000000,6.000000,1.000000,0.000000,0.000000,1.000000
1790.000000,6.000000,1.000000,0.000000,0.000000,0.000000,0.000000,0.000000,0.000000,0.000000,0.000000,0.000000,0.000000,0.000000,-0.360965,0.000000,0.000000,0.000000,65535.000000,0.000000,0.000000,6.000000,1.000000,6.000000,1.000000,0.000000,0.000000,1.000000
1800.000000,6.000000,1.000000,0.000000,0.000000,0.000000,0.000000,0.000000,0.000000,0.000000,0.000000,0.000000,0.000000,0.000000,-0.359666,0.000000,0.000000,0.000000,65535.000000,0.000000,0.000000,6.000000,1.000000,6.000000,1.000000,0.000000,0.000000,1.000000
1810.000000,6.000000,1.000000,0.000000,0.000000,0.000000,0.000000,0.000000,0.000000,0.000000,0.000000,0.000000,0.000000,0.000000,-0.358376,0.000000,0.000000,0.000000,65535.000000,0.000000,0.000000,6.000000,1.000000,6.000000,1.000000,0.000000,0.000000,1.000000
1820.000000,6.000000,1.000000,0.000000,0.000000,0.000000,0.000000,0.000000,0.000000,0.000000,0.000000,0.000000,0.000000,0.000000,-0.355863,0.000000,0.000000,0.000000,65535.000000,0.000000,0.000000,6.000000,1.000000,6.000000,1.000000,0.000000,0.000000,1.000000
1830.000000,6.000000,1.000000,0.000000,0.000000,0.000000,0.000000,0.000000,0.000000,0.000000,0.000000,0.000000,0.000000,0.000000,-0.354600,0.000000,0.000000,0.000000,65535.000000,0.000000,0.000000,6.000000,1.000000,6.000000,1.000000,0.000000,0.000000,1.000000
1840.000000,6.000000,1.000000,0.000000,0.000000,0.000000,0.000000,0.000000,0.000000,0.000000,0.000000,0.000000,0.000000,0.000000,-0.353346,0.000000,0.000000,0.000000,65535.000000,0.000000,0.000000,6.000000,1.000000,6.000000,1.000000,0.000000,0.000000,1.000000
1850.000000,6.000000,1.000000,0.000000,0.000000,0.000000,0.000000,0.000000,0.000000,0.000000,0.000000,0.000000,0.000000,0.000000,-0.344921,0.000000,0.000000,0.000000,65535.000000,0.000000,0.000000,6.000000,1.000000,6.000000,1.000000,0.000000,0.000000,1.000000
1860.000000,6.000000,1.000000,0.000000,0.000000,0.000000,0.000000,0.000000,0.000000,0.000000,0.000000,0.000000,0.000000,0.000000,-0.343735,0.000000,0.000000,0.000000,65535.000000,0.000000,0.000000,6.000000,1.000000,6.000000,1.000000,0.000000,0.000000,1.000000
1870.000000,6.000000,1.000000,0.000000,0.000000,0.000000,0.000000,0.000000,0.000000,0.000000,0.000000,0.000000,0.000000,0.000000,-0.342556,0.000000,0.000000,0.000000,65535.000000,0.000000,0.000000,6.000000,1.000000,6.000000,1.000000,0.000000,0.000000,1.000000
1880.000000,6.000000,1.000000,0.000000,0.000000,0.000000,0.000000,0.000000,0.000000,0.000000,0.000000,0.000000,0.000000,0.000000,-0.347909,0.000000,0.000000,0.000000,65535.000000,0.000000,0.000000,6.000000,1.000000,6.000000,1.000000,0.000000,0.000000,1.000000
1890.000000,6.000000,1.000000,0.000000,0.000000,0.000000,0.000000,0.000000,0.000000,0.000000,0.000000,0.000000,0.000000,0.000000,-0.348784,0.000000,0.000000,0.000000,65535.000000,0.000000,0.000000,6.000000,1.000000,6.000000,1.000000,0.000000,0.000000,1.000000
1900.000000,6.000000,1.000000,0.000000,0.000000,0.000000,0.000000,0.000000,0.000000,0.000000,0.000000,0.000000,0.000000,0.000000,-0.347570,0.000000,0.000000,0.000000,65535.000000,0.000000,0.000000,6.000000,1.000000,6.000000,1.000000,0.000000,0.000000,1.000000
1910.000000,6.000000,1.000000,0.000000,0.000000,0.000000,0.000000,0.000000,0.000000,0.000000,0.000000,0.000000,0.000000,0.000000,-0.346045,0.000000,0.000000,0.000000,65535.000000,0.000000,0.000000,6.000000,1.000000,6.000000,1.000000,0.000000,0.000000,1.000000
1920.000000,6.000000,1.000000,0.000000,0.000000,0.000000,0.000000,0.000000,0.000000,0.000000,0.000000,0.000000,0.000000,0.000000,-0.344851,0.000000,0.000000,0.000000,65535.000000,0.000000,0.000000,6.000000,1.000000,6.000000,1.000000,0.000000,0.000000,1.000000
1930.000000,6.000000,1.000000,0.000000,0.000000,0.000000,0.000000,0.000000,0.000000,0.000000,0.000000,0.000000,0.000000,0.000000,-0.343848,0.000000,0.000000,0.000000,65535.000000,0.000000,0.000000,6.000000,1.000000,6.000000,1.000000,0.000000,0.000000,1.000000
1940.000000,6.000000,1.000000,0.000000,0.000000,0.000000,0.000000,0.000000,0.000000,0.000000,0.000000,0.000000,0.000000,0.000000,-0.341390,0.000000,0.000000,0.000000,65535.000000,0.000000,0.000000,6.000000,1.000000,6.000000,1.000000,0.000000,0.000000,1.000000
1950.000000,6.000000,1.000000,0.000000,0.000000,0.000000,0.000000,0.000000,0.000000,0.000000,0.000000,0.000000,0.000000,0.000000,-0.339885,0.000000,0.000000,0.000000,65535.000000,0.000000,0.000000,6.000000,1.000000,6.000000,1.000000,0.000000,0.000000,1.000000
1960.000000,6.000000,1.000000,0.000000,0.000000,0.000000,0.000000,0.000000,0.000000,0.000000,0.000000,0.000000,0.000000,0.000000,-0.338732,0.000000,0.000000,0.000000,65535.000000,0.000000,0.000000,6.000000,1.000000,6.000000,1.000000,0.000000,0.000000,1.000000
1970.000000,6.000000,1.000000,0.000000,0.000000,0.000000,0.000000,0.000000,0.000000,0.000000,0.000000,0.000000,0.000000,0.000000,-0.341908,0.000000,0.000000,0.000000,65535.000000,0.000000,0.000000,6.000000,1.000000,6.000000,1.000000,0.000000,0.000000,1.000000
1980.000000,6.000000,1.000000,0.000000,0.000000,0.000000,0.000000,0.000000,0.000000,0.000000,0.000000,0.000000,0.000000,0.000000,-0.339554,0.000000,0.000000,0.000000,65535.000000,0.000000,0.000000,6.000000,1.000000,6.000000,1.000000,0.000000,0.000000,1.000000
1990.000000,6.000000,1.000000,0.000000,0.000000,0.000000,0.000000,0.000000,0.000000,0.000000,0.000000,0.000000,0.000000,0.000000,-0.337250,0.000000,0.000000,0.000000,65535.000000,0.000000,0.000000,6.000000,1.000000,6.000000,1.000000,0.000000,0.000000,1.000000
2000.000000,6.000000,1.000000,0.000000,0.000000,0.000000,0.000000,0.000000,0.000000,0.000000,0.000000,0.000000,0.000000,0.000000,-0.336115,0.000000,0.000000,0.000000,65535.000000,0.000000,0.000000,6.000000,1.000000,6.000000,1.000000,0.000000,0.000000,1.000000
2010.000000,6.000000,1.000000,0.000000,0.000000,0.000000,0.000000,0.000000,0.000000,0.000000,0.000000,0.000000,0.000000,0.000000,-0.335204,0.000000,0.000000,0.000000,65535.000000,0.000000,0.000000,6.000000,1.000000,6.000000,1.000000,0.000000,0.000000,1.000000
2020.000000,6.000000,1.000000,0.000000,0.000000,0.000000,0.000000,0.000000,0.000000,0.000000,0.000000,0.000000,0.000000,0.000000,-0.338230,0.000000,0.000000,0.000000,65535.000000,0.000000,0.000000,6.000000,1.000000,6.000000,1.000000,0.000000,0.000000,1.000000
2030.000000,6.000000,1.000000,0.000000,0.000000,0.000000,0.000000,0.000000,0.000000,0.000000,0.000000,0.000000,0.000000,0.000000,-0.332308,0.000000,0.000000,0.000000,65535.000000,0.000000,0.000000,6.000000,1.000000,6.000000,1.000000,0.000000,0.000000,1.000000
2040.000000,6.000000,1.000000,0.000000,0.000000,0.000000,0.000000,0.000000,0.000000,0.000000,0.000000,0.000000,0.000000,0.000000,-0.326387,0.000000,0.000000,0.000000,65535.000000,0.000000,0.000000,6.000000,1.000000,6.000000,1.000000,0.000000,0.000000,1.000000
2050.000000,6.000000,1.000000,0.000000,0.000000,0.000000,0.000000,0.000000,0.000000,0.000000,0.000000,0.000000,0.000000,0.000000,-0.325324,0.000000,0.000000,0.000000,65535.000000,0.000000,0.000000,6.000000,1.000000,6.000000,1.000000,0.000000,0.000000,1.000000
2060.000000,6.000000,1.000000,0.000000,0.000000,0.000000,0.000000,0.000000,0.000000,0.000000,0.000000,0.000000,0.000000,0.000000,-0.324269,0.000000,0.000000,0.000000,65535.000000,0.000000,0.000000,6.000000,1.000000,6.000000,1.000000,0.000000,0.000000,1.000000
2070.000000,6.000000,1.000000,0.000000,0.000000,0.000000,0.000000,0.000000,0.000000,0.000000,0.000000,0.000000,0.000000,0.000000,-0.325119,0.000000,0.000000,0.000000,65535.000000,0.000000,0.000000,6.000000,1.000000,6.000000,1.000000,0.000000,0.000000,1.000000
2080.000000,6.000000,1.000000,0.000000,0.000000,0.000000,0.000000,0.000000,0.000000,0.000000,0.000000,0.000000,0.000000,0.000000,-0.324065,0.000000,0.000000,0.000000,65535.000000,0.000000,0.000000,6.000000,1.000000,6.000000,1.000000,0.000000,0.000000,1.000000
2090.000000,6.000000,1.000000,0.000000,0.000000,0.000000,0.000000,0.000000,0.000000,0.000000,0.000000,0.000000,0.000000,0.000000,-0.296518,0.000000,0.000000,0.000000,65535.000000,0.000000,0.000000,6.000000,1.000000,6.000000,1.000000,0.000000,0.000000,1.000000
2100.000000,6.000000,1.000000,0.000000,0.000000,0.000000,0.000000,0.000000,0.000000,0.000000,0.000000,0.000000,0.000000,0.000000,-0.268553,0.000000,0.000000,0.000000,65535.000000,0.000000,0.000000,6.000000,1.000000,6.000000,1.000000,0.000000,0.000000,1.000000
2110.000000,6.000000,1.000000,0.000000,0.000000,0.000000,0.000000,0.000000,0.000000,0.000000,0.013622,0.000950,0.000654,-0.000689,-0.267833,0.000000,0.000000,0.000000,65535.000000,0.000000,0.000000,6.000000,1.000000,6.000000,1.000000,0.000000,0.000000,1.000000
2120.000000,6.000000,1.000000,0.000000,0.000000,0.000000,0.000000,0.000000,0.000000,0.000000,0.014050,0.001534,0.001056,-0.001113,-0.261259,0.000000,0.000000,0.000000,65535.000000,0.000000,0.000000,6.000000,1.000000,6.000000,1.000000,0.000000,0.000000,1.000000
2130.000000,6.000000,1.000000,0.000000,0.000000,0.000000,0.000000,0.000000,0.000000,0.000000,0.011118,0.000942,0.000648,-0.000683,-0.260577,0.000000,0.000000,0.000000,65535.000000,0.000000,0.000000,6.000000,1.000000,6.000000,1.000000,0.000000,0.000000,1.000000
2140.000000,6.000000,1.000000,0.000000,0.000000,0.000000,0.000000,0.000000,0.000000,0.000000,0.003917,0.000578,0.000398,-0.000419,-0.266914,0.000000,0.000000,0.000000,65535.000000,0.000000,0.000000,6.000000,1.000000,6.000000,1.000000,0.000000,0.000000,1.000000
2150.000000,6.000000,1.000000,0.000000,0.000000,0.000000,0.000000,0.000000,0.000000,0.000000,0.001479,0.000355,0.000244,-0.000258,-0.279014,0.000000,0.000000,0.000000,65535.000000,0.000000,0.000000,6.000000,1.000000,6.000000,1.000000,0.000000,0.000000,1.000000
2160.000000,6.000000,1.000000,0.000000,0.000000,0.000000,0.000000,0.000000,0.000000,0.000000,0.002410,0.000218,0.000150,-0.000158,-0.282697,0.000000,0.000000,0.000000,65535.000000,0.000000,0.000000,6.000000,1.000000,6.000000,1.000000,0.000000,0.000000,1.000000
2170.000000,6.000000,1.000000,0.000000,0.000000,0.000000,0.000000,0.000000,0.000000,0.000000,0.003523,0.000134,0.000092,-0.000097,-0.292955,0.000000,0.000000,0.000000,65535.000000,0.000000,0.000000,6.000000,1.000000,6.000000,1.000000,0.000000,0.000000,1.000000
2180.000000,6.000000,1.000000,0.000000,0.000000,0.000000,0.000000,0.000000,0.000000,0.000000,0.003980,0.000082,0.000057,-0.000060,-0.292219,0.000000,0.000000,0.000000,65535.000000,0.000000,0.000000,6.000000,1.000000,6.000000,1.000000,0.000000,0.000000,1.000000
2190.000000,6.000000,1.000000,0.000000,0.000000,0.000000,0.000000,0.000000,0.000000,0.000000,0.004058,0.000050,0.000035,-0.000037,-0.283077,0.000000,0.000000,0.000000,65535.000000,0.000000,0.000000,6.000000,1.000000,6.000000,1.000000,0.000000,0.000000,1.000000
2200.000000,6.000000,1.000000,0.000000,0.000000,0.000000,0.000000,0.000000,0.000000,0.000000,0.010697,0.000981,0.000676,-0.000712,-0.282198,0.000000,0.000000,0.000000,65535.000000,0.000000,0.000000,6.000000,1.000000,6.000000,1.000000,0.000000,0.000000,1.000000
2210.000000,6.000000,1.000000,0.000000,0.000000,0.000000,0.000000,0.000000,0.000000,0.000000,0.004156,0.000603,0.000415,-0.000437,-0.243065,0.000000,0.000000,0.000000,65535.000000,0.000000,0.000000,6.000000,1.000000,6.000000,1.000000,0.000000,0.000000,1.000000
2220.000000,6.000000,1.000000,0.000000,0.000000,0.000000,0.000000,0.000000,0.000000,0.000000,0.015596,0.002415,0.002217,-0.000958,-0.177985,0.000000,0.000000,0.000000,65535.000000,0.000000,0.000000,6.000000,1.000000,6.000000,1.000000,0.000000,0.000000,1.000000
2230.000000,6.000000,1.000000,0.000000,0.000000,0.000000,0.000000,0.000000,0.000000,0.000000,0.025303,0.004255,0.003324,-0.002656,-0.177668,0.000000,0.000000,0.000000,65535.000000,0.000000,0.000000,6.000000,1.000000,6.000000,1.000000,0.000000,0.000000,1.000000
2240.000000,6.000000,1.000000,0.000000,0.000000,0.000000,0.000000,0.000000,0.000000,0.000000,0.025303,0.006473,0.005312,-0.003699,-0.177353,0.000000,0.000000,0.000000,65535.000000,0.000000,0.000000,6.000000,1.000000,6.000000,1.000000,0.000000,0.000000,1.000000
2250.000000,6.000000,1.000000,0.000000,0.000000,0.000000,0.000000,0.000000,0.000000,0.000000,0.026159,0.008962,0.007841,-0.004339,-0.197760,0.000000,0.000000,0.000000,65535.000000,0.000000,0.000000,6.000000,1.000000,6.000000,1.000000,0.000000,0.000000,1.000000
2260.000000,6.000000,1.000000,0.000000,0.000000,0.000000,0.000000,0.000000,0.000000,0.000000,0.037069,0.011418,0.010049,-0.005421,-0.100117,0.000000,0.000000,0.000000,65535.000000,0.000000,0.000000,6.000000,1.000000,6.000000,1.000000,0.000000,0.000000,1.000000
2270.000000,6.000000,1.000000,0.000000,0.000000,0.000000,0.000000,0.000000,0.000000,0.000000,0.066799,0.015884,0.014021,-0.007464,0.115557,0.000000,0.000000,0.000000,65535.000000,0.000000,0.000000,6.000000,1.000000,6.000000,1.000000,0.000000,0.000000,1.000000
2280.000000,6.000000,1.000000,0.000000,0.000000,0.000000,0.000000,0.000000,0.000000,0.000000,0.066799,0.021152,0.017768,-0.011476,0.115424,0.000000,0.000000,0.000000,65535.000000,0.000000,0.000000,6.000000,1.000000,6.000000,1.000000,0.000000,0.000000,1.000000
2290.000000,5.999831,1.000249,-0.016901,0.024854,0.000000,0.000000,0.000000,0.000000,0.000000,0.066799,0.025520,0.021377,-0.013939,0.138320,0.000000,0.000000,0.000000,65535.000000,0.000000,0.000000,5.999831,1.000249,5.999831,1.000249,0.000000,0.000000,1.000000
2300.000000,5.999630,1.000532,-0.020061,0.028320,0.000000,0.000000,0.000000,0.000000,0.000000,0.065745,0.030056,0.024902,-0.016830,0.138129,0.000000,0.000000,0.000000,65535.000000,0.000000,0.000000,5.999630,1.000532,5.999630,1.000532,0.000000,0.000000,1.000000
2310.000000,5.999362,1.000895,-0.026851,0.036316,0.000000,0.000000,0.000000,0.000000,0.000000,0.101987,0.034705,0.028375,-0.019984,0.320698,0.000000,0.000000,0.000000,65535.000000,0.000000,0.000000,5.999362,1.000895,5.999362,1.000895,0.000000,0.000000,1.000000
2320.000000,5.999024,1.001333,-0.033795,0.043828,0.000000,0.000000,0.000000,0.000000,0.000000,0.125989,0.045165,0.036395,-0.026745,0.508082,0.000000,0.000000,0.000000,65535.000000,0.000000,0.000000,5.999024,1.001333,5.999024,1.001333,0.000000,0.000000,1.000000
2330.000000,5.998602,1.001844,-0.042205,0.051040,0.000000,0.000000,0.000000,0.000000,0.000000,0.125989,0.055344,0.043936,-0.033654,0.505511,0.000000,0.000000,0.000000,65535.000000,0.000000,0.000000,5.998602,1.001844,5.998602,1.001844,0.000000,0.000000,1.000000
2340.000000,5.998135,1.002418,-0.046673,0.057445,0.000000,0.000000,0.000000,0.000000,0.000000,0.125989,0.066230,0.051184,-0.042031,0.502966,0.000000,0.000000,0.000000,65535.000000,0.000000,0.000000,5.998135,1.002418,5.998135,1.002418,0.000000,0.000000,1.000000
2350.000000,5.997606,1.003078,-0.052892,0.065934,0.000000,0.000000,0.000000,0.000000,0.000000,0.076213,0.074015,0.057596,-0.046486,0.058479,0.000000,0.000000,0.000000,65535.000000,0.000000,0.000000,5.997606,1.003078,5.997606,1.003078,0.000000,0.000000,1.000000
2360.000000,5.996997,1.003867,-0.060901,0.078961,0.000000,0.000000,0.000000,0.000000,0.000000,0.170303,0.084527,0.066113,-0.052667,0.207525,0.000000,0.000000,0.000000,65535.000000,0.000000,0.000000,5.996997,1.003867,5.996997,1.003867,0.000000,0.000000,1.000000
2370.000000,5.996332,1.004782,-0.066564,0.091510,0.000000,0.000000,0.000000,0.000000,0.000000,0.149665,0.099719,0.079194,-0.060598,0.207095,0.000000,0.000000,0.000000,65535.000000,0.000000,0.000000,5.996332,1.004782,5.996332,1.004782,0.000000,0.000000,1.000000
2380.000000,5.995617,1.005827,-0.071449,0.104441,0.000000,0.000000,0.000000,0.000000,0.000000,0.112738,0.113159,0.091804,-0.066157,0.269001,0.000000,0.000000,0.000000,65535.000000,0.000000,0.000000,5.995617,1.005827,5.995617,1.005827,0.000000,0.000000,1.000000
2390.000000,5.994825,1.006983,-0.079233,0.115669,0.000000,0.000000,0.000000,0.000000,0.000000,0.153702,0.126542,0.104782,-0.070949,0.291343,0.000000,0.000000,0.000000,65535.000000,0.000000,0.000000,5.994825,1.006983,5.994825,1.006983,0.000000,0.000000,1.000000
2400.000000,5.993951,1.008242,-0.087413,0.125860,0.000000,0.000000,0.000000,0.000000,0.000000,0.200789,0.140204,0.116021,-0.078716,0.635808,0.000000,0.000000,0.000000,65535.000000,0.000000,0.000000,5.993951,1.008242,5.993951,1.008242,0.000000,0.000000,1.000000
2410.000000,5.992992,1.009648,-0.095894,0.140623,0.000000,0.000000,0.000000,0.000000,0.000000,0.125517,0.153237,0.126193,-0.086932,0.631787,0.000000,0.000000,0.000000,65535.000000,0.000000,0.000000,5.992992,1.009648,5.992992,1.009648,0.000000,0.000000,1.000000
2420.000000,5.991891,1.011243,-0.110087,0.159477,0.000000,0.000000,0.000000,0.000000,0.000000,0.125517,0.170207,0.140943,-0.095423,0.627816,0.000000,0.000000,0.000000,65535.000000,0.000000,0.000000,5.991891,1.011243,5.991891,1.011243,0.000000,0.000000,1.000000
2430.000000,5.990661,1.013045,-0.123000,0.180175,0.000000,0.000000,0.000000,0.000000,0.000000,0.110516,0.193783,0.159814,-0.109597,0.236444,0.000000,0.000000,0.000000,65535.000000,0.000000,0.000000,5.990661,1.013045,5.990661,1.013045,0.000000,0.000000,1.000000
2440.000000,5.989329,1.015044,-0.133160,0.199981,0.000000,0.000000,0.000000,0.000000,0.000000,0.110516,0.218156,0.180560,-0.122435,0.335142,0.000000,0.000000,0.000000,65535.000000,0.000000,0.000000,5.989329,1.015044,5.989329,1.015044,0.000000,0.000000,1.000000
2450.000000,5.987947,1.017086,-0.138219,0.204141,0.000000,0.000000,0.000000,0.000000,0.000000,0.162587,0.240258,0.200494,-0.132386,1.014535,0.000000,0.000000,0.000000,65535.000000,0.000000,0.000000,5.987947,1.017086,5.987947,1.017086,0.000000,0.000000,1.000000
2460.000000,5.986518,1.019230,-0.142874,0.214454,0.000000,0.000000,0.000000,0.000000,0.000000,0.162587,0.246532,0.204883,-0.137117,1.116129,0.000000,0.000000,0.000000,65535.000000,0.000000,0.000000,5.986518,1.019230,5.986518,1.019230,0.000000,0.000000,1.000000
2470.000000,5.985033,1.021517,-0.148521,0.228638,0.000000,0.000000,0.000000,0.000000,0.000000,0.162587,0.257689,0.215429,-0.141401,1.103797,0.000000,0.000000,0.000000,65535.000000,0.000000,0.000000,5.985033,1.021517,5.985033,1.021517,0.000000,0.000000,1.000000
2480.000000,5.983409,1.024001,-0.162346,0.248434,0.000000,0.000000,0.000000,0.000000,0.000000,0.172403,0.272642,0.229755,-0.146788,1.012751,0.000000,0.000000,0.000000,65535.000000,0.000000,0.000000,5.983409,1.024001,5.983409,1.024001,0.000000,0.000000,1.000000
2490.000000,5.981721,1.026627,-0.168760,0.262582,0.000000,0.000000,0.000000,0.000000,0.000000,0.304749,0.296776,0.249673,-0.160435,1.509502,0.000000,0.000000,0.000000,65535.000000,0.000000,0.000000,5.981721,1.026627,5.981721,1.026627,0.000000,0.000000,1.000000
2500.000000,5.979974,1.029359,-0.174775,0.273219,0.000000,0.000000,0.000000,0.000000,0.000000,0.445459,0.312136,0.263865,-0.166746,1.487033,0.000000,0.000000,0.000000,65535.000000,0.000000,0.000000,5.979974,1.029359,5.979974,1.029359,0.000000,0.000000,1.000000
2510.000000,5.978249,1.032189,-0.172477,0.282954,0.000000,0.000000,0.000000,0.000000,0.000000,0.349193,0.324338,0.274542,-0.172689,1.465223,0.000000,0.000000,0.000000,65535.000000,0.000000,0.000000,5.978249,1.032189,5.978249,1.032189,0.000000,0.000000,1.000000
2520.000000,5.976485,1.035186,-0.176449,0.299745,0.000000,0.000000,0.000000,0.000000,0.000000,0.225388,0.331378,0.284369,-0.170135,0.863186,0.000000,0.000000,0.000000,65535.000000,0.000000,0.000000,5.976485,1.035186,5.976485,1.035186,0.000000,0.000000,1.000000
2530.000000,5.974631,1.038344,-0.185379,0.315755,0.000000,0.000000,0.000000,0.000000,0.000000,0.296467,0.347824,0.301524,-0.173391,1.035897,0.000000,0.000000,0.000000,65535.000000,0.000000,0.000000,5.974631,1.038344,5.974631,1.038344,0.000000,0.000000,1.000000
2540.000000,5.972716,1.041607,-0.191429,0.326307,0.000000,0.000000,0.000000,0.000000,0.000000,0.284317,0.366151,0.317946,-0.181594,1.193472,0.000000,0.000000,0.000000,65535.000000,0.000000,0.000000,5.972716,1.041607,5.972716,1.041607,0.000000,0.000000,1.000000
2550.000000,5.970745,1.045034,-0.197163,0.342674,0.000000,0.000000,0.000000,0.000000,0.000000,0.224803,0.378314,0.328683,-0.187320,1.422260,0.000000,0.000000,0.000000,65535.000000,0.000000,0.000000,5.970745,1.045034,5.970745,1.045034,0.000000,0.000000,1.000000
2560.000000,5.968563,1.048722,-0.218171,0.368832,0.000000,0.000000,0.000000,0.000000,0.000000,0.332909,0.395346,0.345090,-0.192904,2.207228,0.000000,0.000000,0.000000,65535.000000,0.000000,0.000000,5.968563,1.048722,5.968563,1.048722,0.000000,0.000000,1.000000
2570.000000,5.966255,1.052480,-0.230786,0.375839,0.000000,0.000000,0.000000,0.000000,0.000000,0.509330,0.428528,0.371519,-0.213564,3.875715,0.000000,0.000000,0.000000,65535.000000,0.000000,0.000000,5.966255,1.052480,5.966255,1.052480,0.000000,0.000000,1.000000
2580.000000,5.963911,1.056361,-0.234446,0.388069,0.000000,0.000000,0.000000,0.000000,0.000000,0.609350,0.441041,0.378587,-0.226250,3.970147,0.000000,0.000000,0.000000,65535.000000,0.000000,0.000000,5.963911,1.056361,5.963911,1.056361,0.000000,0.000000,1.000000
2590.000000,5.961457,1.060392,-0.245375,0.403138,0.000000,0.000000,0.000000,0.000000,0.000000,0.626215,0.453390,0.390778,-0.229903,3.838190,0.000000,0.000000,0.000000,65535.000000,0.000000,0.000000,5.961457,1.060392,5.961457,1.060392,0.000000,0.000000,1.000000
2600.000000,5.958825,1.064514,-0.263205,0.412192,0.000000,0.000000,0.000000,0.000000,0.000000,0.684844,0.471942,0.406114,-0.240418,4.318440,0.000000,0.000000,0.000000,65535.000000,0.000000,0.000000,5.958825,1.064514,5.958825,1.064514,0.000000,0.000000,1.000000
2610.000000,5.956103,1.068724,-0.272198,0.420997,0.000000,0.000000,0.000000,0.000000,0.000000,0.684844,0.489059,0.415530,-0.257902,4.139499,0.000000,0.000000,0.000000,65535.000000,0.000000,0.000000,5.956103,1.068724,5.956103,1.068724,0.000000,0.000000,1.000000
2620.000000,5.953279,1.073090,-0.282338,0.436592,0.000000,0.000000,0.000000,0.000000,0.000000,0.698228,0.501328,0.424583,-0.266570,3.974797,0.000000,0.000000,0.000000,65535.000000,0.000000,0.000000,5.953279,1.073090,5.953279,1.073090,0.000000,0.000000,1.000000
2630.000000,5.950338,1.077525,-0.294099,0.443428,0.000000,0.000000,0.000000,0.000000,0.000000,0.698228,0.519930,0.440609,-0.276027,3.428757,0.000000,0.000000,0.000000,65535.000000,0.000000,0.000000,5.950338,1.077525,5.950338,1.077525,0.000000,0.000000,1.000000
2640.000000,5.947205,1.082136,-0.313337,0.461117,0.000000,0.000000,0.000000,0.000000,0.000000,0.578423,0.532093,0.447832,-0.287349,2.418790,0.000000,0.000000,0.000000,65535.000000,0.000000,0.000000,5.947205,1.082136,5.947205,1.082136,0.000000,0.000000,1.000000
2650.000000,5.943890,1.086913,-0.331481,0.477736,0.000000,0.000000,0.000000,0.000000,0.000000,0.561182,0.557502,0.466006,-0.306018,1.404008,0.000000,0.000000,0.000000,65535.000000,0.000000,0.000000,5.943890,1.086913,5.943890,1.086913,0.000000,0.000000,1.000000
2660.000000,5.940334,1.091957,-0.355565,0.504373,0.000000,0.000000,0.000000,0.000000,0.000000,0.364456,0.581474,0.483053,-0.323684,1.716778,0.000000,0.000000,0.000000,65535.000000,0.000000,0.000000,5.940334,1.091957,5.940334,1.091957,0.000000,0.000000,1.000000
2670.000000,5.936591,1.097151,-0.374382,0.519421,0.000000,0.000000,0.000000,0.000000,0.000000,0.364456,0.617105,0.509876,-0.347628,1.687774,0.000000,0.000000,0.000000,65535.000000,0.000000,0.000000,5.936591,1.097151,5.936591,1.097151,0.000000,0.000000,1.000000
2680.000000,5.932817,1.102348,-0.377371,0.519744,0.000000,0.000000,0.000000,0.000000,0.000000,0.360440,0.640281,0.525037,-0.366465,1.562601,0.000000,0.000000,0.000000,65535.000000,0.000000,0.000000,5.932817,1.102348,5.932817,1.102348,0.000000,0.000000,1.000000
2690.000000,5.929109,1.107365,-0.370778,0.501668,0.000000,0.000000,0.000000,0.000000,0.000000,0.337451,0.642295,0.525186,-0.369759,1.795582,0.000000,0.000000,0.000000,65535.000000,0.000000,0.000000,5.929109,1.107365,5.929109,1.107365,0.000000,0.000000,1.000000
2700.000000,5.925433,1.112262,-0.367657,0.489722,0.000000,0.000000,0.000000,0.000000,0.000000,0.337451,0.623817,0.506959,-0.363511,1.763879,0.000000,0.000000,0.000000,65535.000000,0.000000,0.000000,5.925433,1.112262,5.925433,1.112262,0.000000,0.000000,1.000000
2710.000000,5.921752,1.117143,-0.368057,0.488120,0.000000,0.000000,0.000000,0.000000,0.000000,0.291414,0.612372,0.495114,-0.360364,1.272203,0.000000,0.000000,0.000000,65535.000000,0.000000,0.000000,5.921752,1.117143,5.921752,1.117143,0.000000,0.000000,1.000000
2720.000000,5.917908,1.122057,-0.384393,0.491335,0.000000,0.000000,0.000000,0.000000,0.000000,0.422256,0.611332,0.493729,-0.360499,1.217389,0.000000,0.000000,0.000000,65535.000000,0.000000,0.000000,5.917908,1.122057,5.917908,1.122057,0.000000,0.000000,1.000000
2730.000000,5.913868,1.127028,-0.404009,0.497169,0.000000,0.000000,0.000000,0.000000,0.000000,0.422256,0.623833,0.497458,-0.376436,1.827816,0.000000,0.000000,0.000000,65535.000000,0.000000,0.000000,5.913868,1.127028,5.913868,1.127028,0.000000,0.000000,1.000000
2740.000000,5.909708,1.132143,-0.415955,0.511435,0.000000,0.000000,0.000000,0.000000,0.000000,0.422256,0.640625,0.503673,-0.395871,1.794974,0.000000,0.000000,0.000000,65535.000000,0.000000,0.000000,5.909708,1.132143,5.909708,1.132143,0.000000,0.000000,1.000000
2750.000000,5.905477,1.137399,-0.423179,0.525581,0.000000,0.000000,0.000000,0.000000,0.000000,0.342173,0.659229,0.517957,-0.407804,1.560544,0.000000,0.000000,0.000000,65535.000000,0.000000,0.000000,5.905477,1.137399,5.905477,1.137399,0.000000,0.000000,1.000000
2760.000000,5.901101,1.142777,-0.437541,0.537869,0.000000,0.000000,0.000000,0.000000,0.000000,0.493935,0.674771,0.531961,-0.415131,2.244306,0.000000,0.000000,0.000000,65535.000000,0.000000,0.000000,5.901101,1.142777,5.901101,1.142777,0.000000,0.000000,1.000000
2770.000000,5.896730,1.148136,-0.437049,0.535901,0.000000,0.000000,0.000000,0.000000,0.000000,0.493935,0.693358,0.544485,-0.429280,2.194994,0.000000,0.000000,0.000000,65535.000000,0.000000,0.000000,5.896730,1.148136,5.896730,1.148136,0.000000,0.000000,1.000000
2780.000000,5.892365,1.153591,-0.436567,0.545428,0.000000,0.000000,0.000000,0.000000,0.000000,0.493935,0.691522,0.542361,-0.429006,2.147803,0.000000,0.000000,0.000000,65535.000000,0.000000,0.000000,5.892365,1.153591,5.892365,1.153591,0.000000,0.000000,1.000000
2790.000000,5.887790,1.159214,-0.457539,0.562304,0.000000,0.000000,0.000000,0.000000,0.000000,0.639363,0.698629,0.551525,-0.428838,2.934996,0.000000,0.000000,0.000000,65535.000000,0.000000,0.000000,5.887790,1.159214,5.887790,1.159214,0.000000,0.000000,1.000000
2800.000000,5.882841,1.165020,-0.494917,0.580642,0.000000,0.000000,0.000000,0.000000,0.000000,0.639363,0.724933,0.568274,-0.450103,2.851228,0.000000,0.000000,0.000000,65535.000000,0.000000,0.000000,5.882841,1.165020,5.882841,1.165020,0.000000,0.000000,1.000000
2810.000000,5.877669,1.170827,-0.517130,0.580706,0.000000,0.000000,0.000000,0.000000,0.000000,0.639363,0.762947,0.587062,-0.487285,2.772110,0.000000,0.000000,0.000000,65535.000000,0.000000,0.000000,5.877669,1.170827,5.877669,1.170827,0.000000,0.000000,1.000000
2820.000000,5.872372,1.176526,-0.529738,0.569841,0.000000,0.000000,0.000000,0.000000,0.000000,0.496045,0.777588,0.587477,-0.509425,2.102986,0.000000,0.000000,0.000000,65535.000000,0.000000,0.000000,5.872372,1.176526,5.872372,1.176526,0.000000,0.000000,1.000000
2830.000000,5.867035,1.182101,-0.533733,0.557518,0.000000,0.000000,0.000000,0.000000,0.000000,0.496045,0.778037,0.577263,-0.521640,2.059629,0.000000,0.000000,0.000000,65535.000000,0.000000,0.000000,5.867035,1.182101,5.867035,1.182101,0.000000,0.000000,1.000000
2840.000000,5.862032,1.187229,-0.500291,0.512862,0.000000,0.000000,0.000000,0.000000,0.000000,0.686735,0.771814,0.565104,-0.525694,2.018024,0.000000,0.000000,0.000000,65535.000000,0.000000,0.000000,5.862032,1.187229,5.862032,1.187229,0.000000,0.000000,1.000000
2850.000000,5.856916,1.192323,-0.511564,0.509319,0.000000,0.000000,0.000000,0.000000,0.000000,0.754562,0.777572,0.561564,-0.537834,1.264345,0.000000,0.000000,0.000000,65535.000000,0.000000,0.000000,5.856916,1.192323,5.856916,1.192323,0.000000,0.000000,1.000000
2860.000000,5.851509,1.197509,-0.540773,0.518600,0.000000,0.000000,0.000000,0.000000,0.000000,0.523953,0.780316,0.555465,-0.548044,1.138520,0.000000,0.000000,0.000000,65535.000000,0.000000,0.000000,5.851509,1.197509,5.851509,1.197509,0.000000,0.000000,1.000000
2870.000000,5.845795,1.202695,-0.571369,0.518615,0.000000,0.000000,0.000000,0.000000,0.000000,0.418030,0.812710,0.568075,-0.581196,0.702244,0.000000,0.000000,0.000000,65535.000000,0.000000,0.000000,5.845795,1.202695,5.845795,1.202695,0.000000,0.000000,1.000000
2880.000000,5.839934,1.207735,-0.586075,0.504025,0.000000,0.000000,0.000000,0.000000,0.000000,0.418030,0.841960,0.573202,-0.616715,0.697342,0.000000,0.000000,0.000000,65535.000000,0.000000,0.000000,5.839934,1.207735,5.839934,1.207735,0.000000,0.000000,1.000000
2890.000000,5.834440,1.212441,-0.549459,0.470567,0.000000,0.000000,0.000000,0.000000,0.000000,0.418030,0.850341,0.563919,-0.636456,0.692508,0.000000,0.000000,0.000000,65535.000000,0.000000,0.000000,5.834440,1.212441,5.834440,1.212441,0.000000,0.000000,1.000000
2900.000000,5.829107,1.217010,-0.533309,0.456964,0.000000,0.000000,0.000000,0.000000,0.000000,0.332233,0.803197,0.532049,-0.601705,0.336527,0.000000,0.000000,0.000000,65535.000000,0.000000,0.000000,5.829107,1.217010,5.829107,1.217010,0.000000,0.000000,1.000000
2910.000000,5.823449,1.221691,-0.565759,0.468079,0.000000,0.000000,0.000000,0.000000,0.000000,0.659175,0.769337,0.510519,-0.575543,0.866516,0.000000,0.000000,0.000000,65535.000000,0.000000,0.000000,5.823449,1.221691,5.823449,1.221691,0.000000,0.000000,1.000000
2920.000000,5.816959,1.226747,-0.648987,0.505556,0.000000,0.000000,0.000000,0.000000,0.000000,0.659175,0.774472,0.505150,-0.587052,2.264846,0.000000,0.000000,0.000000,65535.000000,0.000000,0.000000,5.816959,1.226747,5.816959,1.226747,0.000000,0.000000,1.000000
2930.000000,5.810241,1.231732,-0.671794,0.498503,0.000000,0.000000,0.000000,0.000000,0.000000,1.081342,0.811286,0.510359,-0.630650,3.891827,0.000000,0.000000,0.000000,65535.000000,0.000000,0.000000,5.810241,1.231732,5.810241,1.231732,0.000000,0.000000,1.000000
2940.000000,5.803728,1.236663,-0.651378,0.493186,0.000000,0.000000,0.000000,0.000000,0.000000,1.096498,0.836548,0.512903,-0.660865,3.745897,0.000000,0.000000,0.000000,65535.000000,0.000000,0.000000,5.803728,1.236663,5.803728,1.236663,0.000000,0.000000,1.000000
2950.000000,5.797522,1.241572,-0.620593,0.490844,0.000000,0.000000,0.000000,0.000000,0.000000,1.096498,0.817023,0.505960,-0.641507,3.482005,0.000000,0.000000,0.000000,65535.000000,0.000000,0.000000,5.797522,1.241572,5.797522,1.241572,0.000000,0.000000,1.000000
2960.000000,5.791296,1.246499,-0.622598,0.492729,0.000000,0.000000,0.000000,0.000000,0.000000,0.524944,0.791242,0.501042,-0.612389,0.888460,0.000000,0.000000,0.000000,65535.000000,0.000000,0.000000,5.791296,1.246499,5.791296,1.246499,0.000000,0.000000,1.000000
2970.000000,5.785010,1.251351,-0.628502,0.485143,0.000000,0.000000,0.000000,0.000000,0.000000,0.432476,0.793983,0.501948,-0.615189,0.537777,0.000000,0.000000,0.000000,65535.000000,0.000000,0.000000,5.785010,1.251351,5.785010,1.251351,0.000000,0.000000,1.000000
2980.000000,5.778747,1.256115,-0.626387,0.476406,0.000000,0.000000,0.000000,0.000000,0.000000,0.610439,0.793963,0.494654,-0.621044,1.207864,0.000000,0.000000,0.000000,65535.000000,0.000000,0.000000,5.778747,1.256115,5.778747,1.256115,0.000000,0.000000,1.000000
2990.000000,5.772379,1.260798,-0.636746,0.468357,0.000000,0.000000,0.000000,0.000000,0.000000,0.986213,0.786971,0.487558,-0.617746,4.089622,0.000000,0.000000,0.000000,65535.000000,0.000000,0.000000,5.772379,1.260798,5.772379,1.260798,0.000000,0.000000,1.000000
3000.000000,5.765656,1.265231,-0.672242,0.443287,0.000000,0.000000,0.000000,0.000000,0.000000,0.986213,0.790445,0.482547,-0.626060,3.928789,0.000000,0.000000,0.000000,65535.000000,0.000000,0.000000,5.765656,1.265231,5.765656,1.265231,0.000000,0.000000,1.000000
3010.000000,5.758382,1.269130,-0.727452,0.389834,0.000000,0.000000,0.000000,0.000000,0.000000,1.826939,0.805241,0.461152,-0.660115,7.811834,0.000000,0.000000,0.000000,65535.000000,0.000000,0.000000,5.758382,1.269130,5.758382,1.269130,0.000000,0.000000,1.000000
3020.000000,5.749449,1.273362,-0.893302,0.423253,0.000000,0.000000,0.000000,0.000000,0.000000,1.909390,0.825322,0.411378,-0.715489,7.245278,0.000000,0.000000,0.000000,65535.000000,0.000000,0.000000,5.749449,1.273362,5.749449,1.273362,0.000000,0.000000,1.000000
3030.000000,5.739598,1.277610,-0.985101,0.424804,0.000000,0.000000,0.000000,0.000000,0.000000,1.909390,0.853622,0.353338,-0.777060,6.755345,0.000000,0.000000,0.000000,65535.000000,0.000000,0.000000,5.739598,1.277610,5.739598,1.277610,0.000000,0.000000,1.000000
3040.000000,5.729459,1.281937,-1.013870,0.432706,0.000000,0.000000,0.000000,0.000000,0.000000,1.855604,0.862529,0.300038,-0.808662,5.655446,0.000000,0.000000,0.000000,65535.000000,0.000000,0.000000,5.729459,1.281937,5.729459,1.281937,0.000000,0.000000,1.000000
3050.000000,5.719899,1.286133,-0.956032,0.419539,0.000000,0.000000,0.000000,0.000000,0.000000,1.667984,0.872910,0.294135,-0.821861,3.323208,0.000000,0.000000,0.000000,65535.000000,0.000000,0.000000,5.719899,1.286133,5.719899,1.286133,0.000000,0.000000,1.000000
3060.000000,5.711181,1.290325,-0.871811,0.419262,0.000000,0.000000,0.000000,0.000000,0.000000,1.173977,0.856795,0.309484,-0.798948,1.432236,0.000000,0.000000,0.000000,65535.000000,0.000000,0.000000,5.711181,1.290325,5.711181,1.290325,0.000000,0.000000,1.000000
3070.000000,5.703350,1.294546,-0.783099,0.422131,0.000000,0.000000,0.000000,0.000000,0.000000,1.016003,0.837969,0.348348,-0.762132,1.146885,0.000000,0.000000,0.000000,65535.000000,0.000000,0.000000,5.703350,1.294546,5.703350,1.294546,0.000000,0.000000,1.000000
3080.000000,5.696036,1.298728,-0.731420,0.418199,0.000000,0.000000,0.000000,0.000000,0.000000,0.634235,0.810740,0.385296,-0.713335,1.735507,0.000000,0.000000,0.000000,65535.000000,0.000000,0.000000,5.696036,1.298728,5.696036,1.298728,0.000000,0.000000,1.000000
3090.000000,5.689025,1.302750,-0.701030,0.402169,0.000000,0.000000,0.000000,0.000000,0.000000,0.634235,0.803934,0.408636,-0.692334,1.705871,0.000000,0.000000,0.000000,65535.000000,0.000000,0.000000,5.689025,1.302750,5.689025,1.302750,0.000000,0.000000,1.000000
3100.000000,5.682057,1.306700,-0.696779,0.394974,0.000000,0.000000,0.000000,0.000000,0.000000,0.634235,0.800249,0.413808,-0.684954,1.677231,0.000000,0.000000,0.000000,65535.000000,0.000000,0.000000,5.682057,1.306700,5.682057,1.306700,0.000000,0.000000,1.000000
3110.000000,5.674829,1.310919,-0.722902,0.421953,0.000000,0.000000,0.000000,0.000000,0.000000,0.457698,0.822061,0.428105,-0.701790,0.744599,0.000000,0.000000,0.000000,65535.000000,0.000000,0.000000,5.674829,1.310919,5.674829,1.310919,0.000000,0.000000,1.000000
3120.000000,5.667299,1.315283,-0.752989,0.436384,0.000000,0.000000,0.000000,0.000000,0.000000,0.457698,0.837038,0.442118,-0.710749,0.738544,0.000000,0.000000,0.000000,65535.000000,0.000000,0.000000,5.667299,1.315283,5.667299,1.315283,0.000000,0.000000,1.000000
3130.000000,5.659671,1.319531,-0.762745,0.424748,0.000000,0.000000,0.000000,0.000000,0.000000,0.422618,0.870301,0.458572,-0.739686,0.104736,0.000000,0.000000,0.000000,65535.000000,0.000000,0.000000,5.659671,1.319531,5.659671,1.319531,0.000000,0.000000,1.000000
3140.000000,5.651836,1.323565,-0.783469,0.403407,0.000000,0.000000,0.000000,0.000000,0.000000,0.524471,0.873036,0.447085,-0.749871,0.495583,0.000000,0.000000,0.000000,65535.000000,0.000000,0.000000,5.651836,1.323565,5.651836,1.323565,0.000000,0.000000,1.000000
3150.000000,5.643734,1.327411,-0.810287,0.384615,0.000000,0.000000,0.000000,0.000000,0.000000,0.606974,0.881227,0.424985,-0.771978,0.493137,0.000000,0.000000,0.000000,65535.000000,0.000000,0.000000,5.643734,1.327411,5.643734,1.327411,0.000000,0.000000,1.000000
3160.000000,5.635288,1.331298,-0.844589,0.388683,0.000000,0.000000,0.000000,0.000000,0.000000,0.626608,0.896936,0.405527,-0.800026,0.490715,0.000000,0.000000,0.000000,65535.000000,0.000000,0.000000,5.635288,1.331298,5.635288,1.331298,0.000000,0.000000,1.000000
3170.000000,5.626800,1.335254,-0.848794,0.395656,0.000000,0.000000,0.000000,0.000000,0.000000,1.021969,0.929734,0.409936,-0.834481,1.769982,0.000000,0.000000,0.000000,65535.000000,0.000000,0.000000,5.626800,1.335254,5.626800,1.335254,0.000000,0.000000,1.000000
3180.000000,5.617976,1.339232,-0.882456,0.397730,0.000000,0.000000,0.000000,0.000000,0.000000,1.203179,0.936480,0.417223,-0.838403,3.454596,0.000000,0.000000,0.000000,65535.000000,0.000000,0.000000,5.617976,1.339232,5.617976,1.339232,0.000000,0.000000,1.000000
3190.000000,5.608755,1.343165,-0.922120,0.393297,0.000000,0.000000,0.000000,0.000000,0.000000,1.272261,0.967945,0.419080,-0.872519,3.815362,0.000000,0.000000,0.000000,65535.000000,0.000000,0.000000,5.608755,1.343165,5.608755,1.343165,0.000000,0.000000,1.000000
3200.000000,5.600104,1.346505,-0.865051,0.334084,0.000000,0.000000,0.000000,0.000000,0.000000,1.272261,1.002491,0.413024,-0.913455,3.675007,0.000000,0.000000,0.000000,65535.000000,0.000000,0.000000,5.600104,1.346505,5.600104,1.346505,0.000000,0.000000,1.000000
3210.000000,5.591540,1.349901,-0.856466,0.339575,0.000000,0.000000,0.000000,0.000000,0.000000,1.252350,1.026565,0.425007,-0.934454,3.417438,0.000000,0.000000,0.000000,65535.000000,0.000000,0.000000,5.591540,1.349901,5.591540,1.349901,0.000000,0.000000,1.000000
3220.000000,5.582849,1.353367,-0.869067,0.346627,0.000000,0.000000,0.000000,0.000000,0.000000,1.252350,1.020422,0.431710,-0.924601,2.723458,0.000000,0.000000,0.000000,65535.000000,0.000000,0.000000,5.582849,1.353367,5.582849,1.353367,0.000000,0.000000,1.000000
3230.000000,5.574087,1.356725,-0.876187,0.335798,0.000000,0.000000,0.000000,0.000000,0.000000,0.792047,1.013509,0.425358,-0.919930,0.482638,0.000000,0.000000,0.000000,65535.000000,0.000000,0.000000,5.574087,1.356725,5.574087,1.356725,0.000000,0.000000,1.000000
3240.000000,5.564993,1.360082,-0.909401,0.335638,0.000000,0.000000,0.000000,0.000000,0.000000,0.659594,1.001922,0.405102,-0.916373,0.332051,0.000000,0.000000,0.000000,65535.000000,0.000000,0.000000,5.564993,1.360082,5.564993,1.360082,0.000000,0.000000,1.000000
3250.000000,5.555761,1.363500,-0.923220,0.341860,0.000000,0.000000,0.000000,0.000000,0.000000,0.680723,1.010813,0.389394,-0.932799,0.384346,0.000000,0.000000,0.000000,65535.000000,0.000000,0.000000,5.555761,1.363500,5.555761,1.363500,0.000000,0.000000,1.000000
3260.000000,5.546569,1.366936,-0.919160,0.343584,0.000000,0.000000,0.000000,0.000000,0.000000,0.767288,0.998399,0.375823,-0.924964,0.534482,0.000000,0.000000,0.000000,65535.000000,0.000000,0.000000,5.546569,1.366936,5.546569,1.366936,0.000000,0.000000,1.000000
3270.000000,5.537258,1.370229,-0.931179,0.329254,0.000000,0.000000,0.000000,0.000000,0.000000,1.043824,0.995143,0.377305,-0.920842,1.281086,0.000000,0.000000,0.000000,65535.000000,0.000000,0.000000,5.537258,1.370229,5.537258,1.370229,0.000000,0.000000,1.000000
3280.000000,5.527442,1.373428,-0.981582,0.319945,0.000000,0.000000,0.000000,0.000000,0.000000,1.349355,1.008434,0.367746,-0.938990,1.527244,0.000000,0.000000,0.000000,65535.000000,0.000000,0.000000,5.527442,1.373428,5.527442,1.373428,0.000000,0.000000,1.000000
3290.000000,5.517384,1.376482,-1.005804,0.305334,0.000000,0.000000,0.000000,0.000000,0.000000,1.349355,1.046754,0.355335,-0.984597,2.734207,0.000000,0.000000,0.000000,65535.000000,0.000000,0.000000,5.517384,1.376482,5.517384,1.376482,0.000000,0.000000,1.000000
3300.000000,5.507291,1.379346,-1.009272,0.286427,0.000000,0.000000,0.000000,0.000000,0.000000,1.162839,1.049521,0.330705,-0.996057,2.661367,0.000000,0.000000,0.000000,65535.000000,0.000000,0.000000,5.507291,1.379346,5.507291,1.379346,0.000000,0.000000,1.000000
3310.000000,5.497288,1.382184,-1.000347,0.283797,0.000000,0.000000,0.000000,0.000000,0.000000,1.162839,1.053272,0.316890,-1.004472,2.592307,0.000000,0.000000,0.000000,65535.000000,0.000000,0.000000,5.497288,1.382184,5.497288,1.382184,0.000000,0.000000,1.000000
3320.000000,5.487247,1.385188,-1.004005,0.300414,0.000000,0.000000,0.000000,0.000000,0.000000,0.855625,1.052624,0.320184,-1.002746,1.983015,0.000000,0.000000,0.000000,65535.000000,0.000000,0.000000,5.487247,1.385188,5.487247,1.385188,0.000000,0.000000,1.000000
3330.000000,5.476934,1.388306,-1.031362,0.311812,0.000000,0.000000,0.000000,0.000000,0.000000,0.841280,1.051595,0.330712,-0.998239,1.858879,0.000000,0.000000,0.000000,65535.000000,0.000000,0.000000,5.476934,1.388306,5.476934,1.388306,0.000000,0.000000,1.000000
3340.000000,5.466430,1.391299,-1.050418,0.299268,0.000000,0.000000,0.000000,0.000000,0.000000,0.793729,1.068500,0.334559,-1.014773,1.207682,0.000000,0.000000,0.000000,65535.000000,0.000000,0.000000,5.466430,1.391299,5.466430,1.391299,0.000000,0.000000,1.000000
3350.000000,5.455854,1.394329,-1.057506,0.303009,0.000000,0.000000,0.000000,0.000000,0.000000,1.017879,1.092218,0.329070,-1.041467,1.239461,0.000000,0.000000,0.000000,65535.000000,0.000000,0.000000,5.455854,1.394329,5.455854,1.394329,0.000000,0.000000,1.000000
3360.000000,5.445238,1.397474,-1.061614,0.314500,0.000000,0.000000,0.000000,0.000000,0.000000,1.017879,1.100061,0.331588,-1.048896,1.224271,0.000000,0.000000,0.000000,65535.000000,0.000000,0.000000,5.445238,1.397474,5.445238,1.397474,0.000000,0.000000,1.000000
3370.000000,5.434817,1.400652,-1.042114,0.317782,0.000000,0.000000,0.000000,0.000000,0.000000,1.009084,1.107220,0.342947,-1.052769,1.071990,0.000000,0.000000,0.000000,65535.000000,0.000000,0.000000,5.434817,1.400652,5.434817,1.400652,0.000000,0.000000,1.000000
3380.000000,5.424321,1.403768,-1.049597,0.311587,0.000000,0.000000,0.000000,0.000000,0.000000,0.502477,1.089490,0.345997,-1.033089,-0.246030,0.000000,0.000000,0.000000,65535.000000,0.000000,0.000000,5.424321,1.403768,5.424321,1.403768,0.000000,0.000000,1.000000
3390.000000,5.413681,1.406653,-1.063962,0.288519,0.000000,0.000000,0.000000,0.000000,0.000000,0.804022,1.094870,0.341327,-1.040306,0.456312,0.000000,0.000000,0.000000,65535.000000,0.000000,0.000000,5.413681,1.406653,5.413681,1.406653,0.000000,0.000000,1.000000
3400.000000,5.402610,1.409495,-1.107050,0.284178,0.000000,0.000000,0.000000,0.000000,0.000000,0.857970,1.102387,0.319486,-1.055076,0.536333,0.000000,0.000000,0.000000,65535.000000,0.000000,0.000000,5.402610,1.409495,5.402610,1.409495,0.000000,0.000000,1.000000
3410.000000,5.391434,1.412409,-1.117663,0.291399,0.000000,0.000000,0.000000,0.000000,0.000000,0.846775,1.142942,0.315236,-1.098610,0.533469,0.000000,0.000000,0.000000,65535.000000,0.000000,0.000000,5.391434,1.412409,5.391434,1.412409,0.000000,0.000000,1.000000
3420.000000,5.380688,1.414976,-1.074562,0.256706,0.000000,0.000000,0.000000,0.000000,0.000000,0.829389,1.155025,0.321131,-1.109486,0.046207,0.000000,0.000000,0.000000,65535.000000,0.000000,0.000000,5.380688,1.414976,5.380688,1.414976,0.000000,0.000000,1.000000
3430.000000,5.369896,1.417687,-1.079185,0.271102,0.000000,0.000000,0.000000,0.000000,0.000000,0.846775,1.167308,0.332602,-1.118921,0.045910,0.000000,0.000000,0.000000,65535.000000,0.000000,0.000000,5.369896,1.417687,5.369896,1.417687,0.000000,0.000000,1.000000
3440.000000,5.359066,1.420414,-1.083039,0.272706,0.000000,0.000000,0.000000,0.000000,0.000000,0.608481,1.160547,0.335719,-1.110928,0.421968,0.000000,0.000000,0.000000,65535.000000,0.000000,0.000000,5.359066,1.420414,5.359066,1.420414,0.000000,0.000000,1.000000
3450.000000,5.348462,1.423163,-1.060433,0.274943,0.000000,0.000000,0.000000,0.000000,0.000000,0.608827,1.166489,0.338287,-1.116360,0.609148,0.000000,0.000000,0.000000,65535.000000,0.000000,0.000000,5.348462,1.423163,5.348462,1.423163,0.000000,0.000000,1.000000
3460.000000,5.337855,1.426040,-1.060637,0.287651,0.000000,0.000000,0.000000,0.000000,0.000000,0.896896,1.144713,0.338556,-1.093502,0.605456,0.000000,0.000000,0.000000,65535.000000,0.000000,0.000000,5.337855,1.426040,5.337855,1.426040,0.000000,0.000000,1.000000
3470.000000,5.327264,1.429060,-1.059119,0.302065,0.000000,0.000000,0.000000,0.000000,0.000000,0.765968,1.154060,0.355077,-1.098078,-0.170652,0.000000,0.000000,0.000000,65535.000000,0.000000,0.000000,5.327264,1.429060,5.327264,1.429060,0.000000,0.000000,1.000000
3480.000000,5.316433,1.432300,-1.083115,0.323926,0.000000,0.000000,0.000000,0.000000,0.000000,0.840643,1.169731,0.377651,-1.107091,0.534944,0.000000,0.000000,0.000000,65535.000000,0.000000,0.000000,5.316433,1.432300,5.316433,1.432300,0.000000,0.000000,1.000000
3490.000000,5.305676,1.435610,-1.075703,0.331065,0.000000,0.000000,0.000000,0.000000,0.000000,0.840643,1.193373,0.394129,-1.126411,0.532095,0.000000,0.000000,0.000000,65535.000000,0.000000,0.000000,5.305676,1.435610,5.305676,1.435610,0.000000,0.000000,1.000000
3500.000000,5.294998,1.438846,-1.067792,0.323540,0.000000,0.000000,0.000000,0.000000,0.000000,0.840643,1.181476,0.395086,-1.113459,0.529276,0.000000,0.000000,0.000000,65535.000000,0.000000,0.000000,5.294998,1.438846,5.294998,1.438846,0.000000,0.000000,1.000000
3510.000000,5.284395,1.442044,-1.060338,0.319855,0.000000,0.000000,0.000000,0.000000,0.000000,0.726236,1.186308,0.396983,-1.117914,0.182673,0.000000,0.000000,0.000000,65535.000000,0.000000,0.000000,5.284395,1.442044,5.284395,1.442044,0.000000,0.000000,1.000000
3520.000000,5.273918,1.445243,-1.047681,0.319890,0.000000,0.000000,0.000000,0.000000,0.000000,0.462824,1.173226,0.388988,-1.106863,-0.568076,0.000000,0.000000,0.000000,65535.000000,0.000000,0.000000,5.273918,1.445243,5.273918,1.445243,0.000000,0.000000,1.000000
3530.000000,5.263503,1.448503,-1.041528,0.326051,0.000000,0.000000,0.000000,0.000000,0.000000,0.167879,1.143525,0.375574,-1.080089,-1.160285,0.000000,0.000000,0.000000,65535.000000,0.000000,0.000000,5.263503,1.448503,5.263503,1.448503,0.000000,0.000000,1.000000
3540.000000,5.253081,1.451929,-1.042230,0.342557,0.000000,0.000000,0.000000,0.000000,0.000000,0.384533,1.113163,0.362104,-1.052621,-0.602711,0.000000,0.000000,0.000000,65535.000000,0.000000,0.000000,5.253081,1.451929,5.253081,1.451929,0.000000,0.000000,1.000000
3550.000000,5.242792,1.455556,-1.028880,0.362652,0.000000,0.000000,0.000000,0.000000,0.000000,0.560841,1.099256,0.364302,-1.037134,-0.153414,0.000000,0.000000,0.000000,65535.000000,0.000000,0.000000,5.242792,1.455556,5.242792,1.455556,0.000000,0.000000,1.000000
3560.000000,5.232520,1.459260,-1.027217,0.370416,0.000000,0.000000,0.000000,0.000000,0.000000,0.570895,1.085273,0.378081,-1.017286,-0.131000,0.000000,0.000000,0.000000,65535.000000,0.000000,0.000000,5.232520,1.459260,5.232520,1.459260,0.000000,0.000000,1.000000
3570.000000,5.222445,1.463036,-1.007538,0.377603,0.000000,0.000000,0.000000,0.000000,0.000000,0.585277,1.091963,0.389159,-1.020264,-0.089979,0.000000,0.000000,0.000000,65535.000000,0.000000,0.000000,5.222445,1.463036,5.222445,1.463036,0.000000,0.000000,1.000000
3580.000000,5.212503,1.466909,-0.994146,0.387298,0.000000,0.000000,0.000000,0.000000,0.000000,0.683996,1.075972,0.395306,-1.000724,0.167548,0.000000,0.000000,0.000000,65535.000000,0.000000,0.000000,5.212503,1.466909,5.212503,1.466909,0.000000,0.000000,1.000000
3590.000000,5.202693,1.470809,-0.981040,0.390056,0.000000,0.000000,0.000000,0.000000,0.000000,0.693885,1.066924,0.404315,-0.987348,0.193131,0.000000,0.000000,0.000000,65535.000000,0.000000,0.000000,5.202693,1.470809,5.202693,1.470809,0.000000,0.000000,1.000000
3600.000000,5.192706,1.474794,-0.998630,0.398472,0.000000,0.000000,0.000000,0.000000,0.000000,0.693885,1.055738,0.406575,-0.974310,0.192759,0.000000,0.000000,0.000000,65535.000000,0.000000,0.000000,5.192706,1.474794,5.192706,1.474794,0.000000,0.000000,1.000000
3610.000000,5.182828,1.478792,-0.987821,0.399832,0.000000,0.000000,0.000000,0.000000,0.000000,0.677588,1.075194,0.415159,-0.991809,0.148685,0.000000,0.000000,0.000000,65535.000000,0.000000,0.000000,5.182828,1.478792,5.182828,1.478792,0.000000,0.000000,1.000000
3620.000000,5.173132,1.482764,-0.969592,0.397145,0.000000,0.000000,0.000000,0.000000,0.000000,0.559212,1.065671,0.415850,-0.981185,-0.210941,0.000000,0.000000,0.000000,65535.000000,0.000000,0.000000,5.173132,1.482764,5.173132,1.482764,0.000000,0.000000,1.000000
3630.000000,5.163604,1.486586,-0.952792,0.382201,0.000000,0.000000,0.000000,0.000000,0.000000,0.655778,1.047775,0.413003,-0.962944,-0.232940,0.000000,0.000000,0.000000,65535.000000,0.000000,0.000000,5.163604,1.486586,5.163604,1.486586,0.000000,0.000000,1.000000
3640.000000,5.154126,1.490348,-0.947751,0.376256,0.000000,0.000000,0.000000,0.000000,0.000000,0.592381,1.026592,0.398170,-0.946230,-0.232398,0.000000,0.000000,0.000000,65535.000000,0.000000,0.000000,5.154126,1.490348,5.154126,1.490348,0.000000,0.000000,1.000000
3650.000000,5.145159,1.494388,-0.896692,0.403923,0.000000,0.000000,0.000000,0.000000,0.000000,0.327768,1.019706,0.391680,-0.941481,-0.370880,0.000000,0.000000,0.000000,65535.000000,0.000000,0.000000,5.145159,1.494388,5.145159,1.494388,0.000000,0.000000,1.000000
3660.000000,5.136151,1.498739,-0.900842,0.435086,0.000000,0.000000,0.000000,0.000000,0.000000,0.327768,0.983469,0.417790,-0.890316,-0.420214,0.000000,0.000000,0.000000,65535.000000,0.000000,0.000000,5.136151,1.498739,5.136151,1.498739,0.000000,0.000000,1.000000
3670.000000,5.126879,1.503263,-0.927225,0.452407,0.000000,0.000000,0.000000,0.000000,0.000000,0.302536,1.000408,0.448869,-0.894054,-0.555612,0.000000,0.000000,0.000000,65535.000000,0.000000,0.000000,5.126879,1.503263,5.126879,1.503263,0.000000,0.000000,1.000000
3680.000000,5.117366,1.507846,-0.951285,0.458379,0.000000,0.000000,0.000000,0.000000,0.000000,0.581344,1.031706,0.465988,-0.920474,0.142267,0.000000,0.000000,0.000000,65535.000000,0.000000,0.000000,5.117366,1.507846,5.117366,1.507846,0.000000,0.000000,1.000000
3690.000000,5.108144,1.512287,-0.922210,0.444030,0.000000,0.000000,0.000000,0.000000,0.000000,0.581344,1.055962,0.471266,-0.944968,0.142064,0.000000,0.000000,0.000000,65535.000000,0.000000,0.000000,5.108144,1.512287,5.108144,1.512287,0.000000,0.000000,1.000000
3700.000000,5.098926,1.516759,-0.921831,0.447249,0.000000,0.000000,0.000000,0.000000,0.000000,0.578957,1.023539,0.455534,-0.916582,0.141862,0.000000,0.000000,0.000000,65535.000000,0.000000,0.000000,5.098926,1.516759,5.098926,1.516759,0.000000,0.000000,1.000000
3710.000000,5.089549,1.521386,-0.937669,0.462659,0.000000,0.000000,0.000000,0.000000,0.000000,0.408356,1.024599,0.458304,-0.916385,-0.189100,0.000000,0.000000,0.000000,65535.000000,0.000000,0.000000,5.089549,1.521386,5.089549,1.521386,0.000000,0.000000,1.000000
3720.000000,5.080070,1.526092,-0.947841,0.470588,0.000000,0.000000,0.000000,0.000000,0.000000,0.810544,1.045599,0.473745,-0.932117,1.508008,0.000000,0.000000,0.000000,65535.000000,0.000000,0.000000,5.080070,1.526092,5.080070,1.526092,0.000000,0.000000,1.000000
3730.000000,5.070793,1.530679,-0.927713,0.458724,0.000000,0.000000,0.000000,0.000000,0.000000,0.810544,1.058233,0.481262,-0.942466,1.485583,0.000000,0.000000,0.000000,65535.000000,0.000000,0.000000,5.070793,1.530679,5.070793,1.530679,0.000000,0.000000,1.000000
3740.000000,5.061632,1.535158,-0.916163,0.447846,0.000000,0.000000,0.000000,0.000000,0.000000,0.810544,1.034930,0.468868,-0.922628,1.463814,0.000000,0.000000,0.000000,65535.000000,0.000000,0.000000,5.061632,1.535158,5.061632,1.535158,0.000000,0.000000,1.000000
3750.000000,5.052436,1.539705,-0.919590,0.454736,0.000000,0.000000,0.000000,0.000000,0.000000,0.989406,1.019765,0.457987,-0.911136,1.645314,0.000000,0.000000,0.000000,65535.000000,0.000000,0.000000,5.052436,1.539705,5.052436,1.539705,0.000000,0.000000,1.000000
3760.000000,5.043063,1.544531,-0.937327,0.482616,0.000000,0.000000,0.000000,0.000000,0.000000,1.116778,1.025880,0.465044,-0.914420,2.664114,0.000000,0.000000,0.000000,65535.000000,0.000000,0.000000,5.043063,1.544531,5.043063,1.544531,0.000000,0.000000,1.000000
3770.000000,5.033705,1.549416,-0.935811,0.488476,0.000000,0.000000,0.000000,0.000000,0.000000,1.116778,1.054277,0.492276,-0.932290,2.797122,0.000000,0.000000,0.000000,65535.000000,0.000000,0.000000,5.033705,1.549416,5.033705,1.549416,0.000000,0.000000,1.000000
3780.000000,5.024271,1.554359,-0.943332,0.494304,0.000000,0.000000,0.000000,0.000000,0.000000,1.098866,1.055629,0.496566,-0.931544,2.720938,0.000000,0.000000,0.000000,65535.000000,0.000000,0.000000,5.024271,1.554359,5.024271,1.554359,0.000000,0.000000,1.000000
3790.000000,5.014911,1.559289,-0.936064,0.493004,0.000000,0.000000,0.000000,0.000000,0.000000,1.098866,1.064994,0.501817,-0.939357,2.648793,0.000000,0.000000,0.000000,65535.000000,0.000000,0.000000,5.014911,1.559289,5.014911,1.559289,0.000000,0.000000,1.000000
3800.000000,5.005412,1.564323,-0.949859,0.503392,0.000000,0.000000,0.000000,0.000000,0.000000,1.077495,1.057956,0.501116,-0.931747,1.059891,0.000000,0.000000,0.000000,65535.000000,0.000000,0.000000,5.005412,1.564323,5.005412,1.564323,0.000000,0.000000,1.000000
3810.000000,4.995832,1.569507,-0.958007,0.518367,0.000000,0.000000,0.000000,0.000000,0.000000,0.455361,1.075005,0.512461,-0.944996,-0.600005,0.000000,0.000000,0.000000,65535.000000,0.000000,0.000000,4.995832,1.569507,4.995832,1.569507,0.000000,0.000000,1.000000
3820.000000,4.986184,1.574753,-0.964820,0.524687,0.000000,0.000000,0.000000,0.000000,0.000000,0.455361,1.089257,0.527278,-0.953131,-0.596423,0.000000,0.000000,0.000000,65535.000000,0.000000,0.000000,4.986184,1.574753,4.986184,1.574753,0.000000,0.000000,1.000000
3830.000000,4.976448,1.579977,-0.973602,0.522351,0.000000,0.000000,0.000000,0.000000,0.000000,0.512945,1.098259,0.533105,-0.960194,-0.510033,0.000000,0.000000,0.000000,65535.000000,0.000000,0.000000,4.976448,1.579977,4.976448,1.579977,0.000000,0.000000,1.000000
3840.000000,4.966369,1.585324,-1.007908,0.534725,0.000000,0.000000,0.000000,0.000000,0.000000,0.546782,1.104876,0.531448,-0.968666,-0.345737,0.000000,0.000000,0.000000,65535.000000,0.000000,0.000000,4.966369,1.585324,4.966369,1.585324,0.000000,0.000000,1.000000
3850.000000,4.956392,1.590684,-0.997616,0.535950,0.000000,0.000000,0.000000,0.000000,0.000000,0.546782,1.140969,0.545479,-1.002129,-0.344544,0.000000,0.000000,0.000000,65535.000000,0.000000,0.000000,4.956392,1.590684,4.956392,1.590684,0.000000,0.000000,1.000000
3860.000000,4.946417,1.596169,-0.997494,0.548576,0.000000,0.000000,0.000000,0.000000,0.000000,0.546782,1.132466,0.546897,-0.991657,-0.343360,0.000000,0.000000,0.000000,65535.000000,0.000000,0.000000,4.946417,1.596169,4.946417,1.596169,0.000000,0.000000,1.000000
3870.000000,4.936357,1.601598,-1.006061,0.542844,0.000000,0.000000,0.000000,0.000000,0.000000,0.482386,1.138389,0.558235,-0.992120,-0.519232,0.000000,0.000000,0.000000,65535.000000,0.000000,0.000000,4.936357,1.601598,4.936357,1.601598,0.000000,0.000000,1.000000
3880.000000,4.926026,1.606896,-1.033043,0.529854,0.000000,0.000000,0.000000,0.000000,0.000000,0.273618,1.143171,0.551458,-1.001365,-1.089947,0.000000,0.000000,0.000000,65535.000000,0.000000,0.000000,4.926026,1.606896,4.926026,1.606896,0.000000,0.000000,1.000000
3890.000000,4.915738,1.612058,-1.028882,0.516129,0.000000,0.000000,0.000000,0.000000,0.000000,0.167295,1.161001,0.538792,-1.028410,-1.366295,0.000000,0.000000,0.000000,65535.000000,0.000000,0.000000,4.915738,1.612058,4.915738,1.612058,0.000000,0.000000,1.000000
3900.000000,4.905492,1.617149,-1.024537,0.509143,0.000000,0.000000,0.000000,0.000000,0.000000,0.238397,1.151081,0.526435,-1.023647,-1.155375,0.000000,0.000000,0.000000,65535.000000,0.000000,0.000000,4.905492,1.617149,4.905492,1.617149,0.000000,0.000000,1.000000
3910.000000,4.895221,1.622155,-1.027103,0.500590,0.000000,0.000000,0.000000,0.000000,0.000000,0.329922,1.144073,0.520811,-1.018655,-0.891200,0.000000,0.000000,0.000000,65535.000000,0.000000,0.000000,4.895221,1.622155,4.895221,1.622155,0.000000,0.000000,1.000000
3920.000000,4.884679,1.626961,-1.054238,0.480648,0.000000,0.000000,0.000000,0.000000,0.000000,1.153642,1.142599,0.514086,-1.020415,1.374887,0.000000,0.000000,0.000000,65535.000000,0.000000,0.000000,4.884679,1.626961,4.884679,1.626961,0.000000,0.000000,1.000000
3930.000000,4.873693,1.631582,-1.098607,0.462087,0.000000,0.000000,0.000000,0.000000,0.000000,1.397468,1.158637,0.496219,-1.046999,1.960410,0.000000,0.000000,0.000000,65535.000000,0.000000,0.000000,4.873693,1.631582,4.873693,1.631582,0.000000,0.000000,1.000000
3940.000000,4.862321,1.636201,-1.137207,0.461826,0.000000,0.000000,0.000000,0.000000,0.000000,1.284669,1.191831,0.480014,-1.090893,2.949598,0.000000,0.000000,0.000000,65535.000000,0.000000,0.000000,4.862321,1.636201,4.862321,1.636201,0.000000,0.000000,1.000000
3950.000000,4.850142,1.641729,-1.217841,0.552800,0.000000,0.000000,0.000000,0.000000,0.000000,1.301932,1.227405,0.481840,-1.128873,2.865007,0.000000,0.000000,0.000000,65535.000000,0.000000,0.000000,4.850142,1.641729,4.850142,1.641729,0.000000,0.000000,1.000000
3960.000000,4.838001,1.647414,-1.214191,0.568571,0.000000,0.000000,0.000000,0.000000,0.000000,1.301932,1.237417,0.499318,-1.132203,2.785133,0.000000,0.000000,0.000000,65535.000000,0.000000,0.000000,4.838001,1.647414,4.838001,1.647414,0.000000,0.000000,1.000000
3970.000000,4.826271,1.652984,-1.172991,0.556973,0.000000,0.000000,0.000000,0.000000,0.000000,1.194748,1.252808,0.518554,-1.140451,2.295988,0.000000,0.000000,0.000000,65535.000000,0.000000,0.000000,4.826271,1.652984,4.826271,1.652984,0.000000,0.000000,1.000000
3980.000000,4.814904,1.658495,-1.136723,0.551065,0.000000,0.000000,0.000000,0.000000,0.000000,1.172026,1.253447,0.532982,-1.134487,1.715045,0.000000,0.000000,0.000000,65535.000000,0.000000,0.000000,4.814904,1.658495,4.814904,1.658495,0.000000,0.000000,1.000000
3990.000000,4.803923,1.663742,-1.098056,0.524740,0.000000,0.000000,0.000000,0.000000,0.000000,1.044636,1.283575,0.571281,-1.149436,0.841177,0.000000,0.000000,0.000000,65535.000000,0.000000,0.000000,4.803923,1.663742,4.803923,1.663742,0.000000,0.000000,1.000000
4000.000000,4.793126,1.668770,-1.079691,0.502832,0.000000,0.000000,0.000000,0.000000,0.000000,0.919920,1.311241,0.596760,-1.167575,0.512604,0.000000,0.000000,0.000000,65535.000000,0.000000,0.000000,4.793126,1.668770,4.793126,1.668770,0.000000,0.000000,1.000000
4010.000000,4.782531,1.673614,-1.059486,0.484319,0.000000,0.000000,0.000000,0.000000,0.000000,0.612599,1.319552,0.599973,-1.175266,-0.269055,0.000000,0.000000,0.000000,65535.000000,0.000000,0.000000,4.782531,1.673614,4.782531,1.673614,0.000000,0.000000,1.000000
4020.000000,4.771591,1.678624,-1.094036,0.500995,0.000000,0.000000,0.000000,0.000000,0.000000,0.612599,1.302706,0.591479,-1.160688,-0.268332,0.000000,0.000000,0.000000,65535.000000,0.000000,0.000000,4.771591,1.678624,4.771591,1.678624,0.000000,0.000000,1.000000
4030.000000,4.759920,1.683863,-1.167079,0.523886,0.000000,0.000000,0.000000,0.000000,0.000000,0.612599,1.304343,0.586917,-1.164834,-0.267613,0.000000,0.000000,0.000000,65535.000000,0.000000,0.000000,4.759920,1.683863,4.759920,1.683863,0.000000,0.000000,1.000000
4040.000000,4.747406,1.689217,-1.251470,0.535460,0.000000,0.000000,0.000000,0.000000,0.000000,0.507126,1.312173,0.565798,-1.183922,-0.540734,0.000000,0.000000,0.000000,65535.000000,0.000000,0.000000,4.747406,1.689217,4.747406,1.689217,0.000000,0.000000,1.000000
4050.000000,4.734906,1.694402,-1.249949,0.518453,0.000000,0.000000,0.000000,0.000000,0.000000,0.507126,1.322174,0.527969,-1.212186,-0.537822,0.000000,0.000000,0.000000,65535.000000,0.000000,0.000000,4.734906,1.694402,4.734906,1.694402,0.000000,0.000000,1.000000
4060.000000,4.722552,1.699529,-1.235375,0.512723,0.000000,0.000000,0.000000,0.000000,0.000000,0.507126,1.268063,0.476610,-1.175085,-0.534943,0.000000,0.000000,0.000000,65535.000000,0.000000,0.000000,4.722552,1.699529,4.722552,1.699529,0.000000,0.000000,1.000000
4070.000000,4.710404,1.704473,-1.214803,0.494453,0.000000,0.000000,0.000000,0.000000,0.000000,1.000062,1.240135,0.460124,-1.151617,0.834889,0.000000,0.000000,0.000000,65535.000000,0.000000,0.000000,4.710404,1.704473,4.710404,1.704473,0.000000,0.000000,1.000000
4080.000000,4.698017,1.709331,-1.238794,0.485792,0.000000,0.000000,0.000000,0.000000,0.000000,1.033128,1.238631,0.455889,-1.151682,1.278783,0.000000,0.000000,0.000000,65535.000000,0.000000,0.000000,4.698017,1.709331,4.698017,1.709331,0.000000,0.000000,1.000000
4090.000000,4.685900,1.713899,-1.211688,0.456783,0.000000,0.000000,0.000000,0.000000,0.000000,0.967978,1.275521,0.456560,-1.191011,1.262621,0.000000,0.000000,0.000000,65535.000000,0.000000,0.000000,4.685900,1.713899,4.685900,1.713899,0.000000,0.000000,1.000000
4100.000000,4.673853,1.718266,-1.204620,0.436703,0.000000,0.000000,0.000000,0.000000,0.000000,0.795662,1.264835,0.444541,-1.184142,1.440491,0.000000,0.000000,0.000000,65535.000000,0.000000,0.000000,4.673853,1.718266,4.673853,1.718266,0.000000,0.000000,1.000000
4110.000000,4.661735,1.722686,-1.211818,0.441945,0.000000,0.000000,0.000000,0.000000,0.000000,1.402149,1.281335,0.447630,-1.200602,1.546001,0.000000,0.000000,0.000000,65535.000000,0.000000,0.000000,4.661735,1.722686,4.661735,1.722686,0.000000,0.000000,1.000000
4120.000000,4.649315,1.727068,-1.241959,0.438225,0.000000,0.000000,0.000000,0.000000,0.000000,1.548976,1.289891,0.456068,-1.206573,1.909804,0.000000,0.000000,0.000000,65535.000000,0.000000,0.000000,4.649315,1.727068,4.649315,1.727068,0.000000,0.000000,1.000000
4130.000000,4.636601,1.731220,-1.271400,0.415217,0.000000,0.000000,0.000000,0.000000,0.000000,1.604068,1.317006,0.457324,-1.235054,2.076313,0.000000,0.000000,0.000000,65535.000000,0.000000,0.000000,4.636601,1.731220,4.636601,1.731220,0.000000,0.000000,1.000000
4140.000000,4.623489,1.735121,-1.311252,0.390114,0.000000,0.000000,0.000000,0.000000,0.000000,1.238733,1.337484,0.438468,-1.263570,2.034039,0.000000,0.000000,0.000000,65535.000000,0.000000,0.000000,4.623489,1.735121,4.623489,1.735121,0.000000,0.000000,1.000000
4150.000000,4.609585,1.739071,-1.390363,0.394972,0.000000,0.000000,0.000000,0.000000,0.000000,1.238733,1.368053,0.416423,-1.303135,1.993450,0.000000,0.000000,0.000000,65535.000000,0.000000,0.000000,4.609585,1.739071,4.609585,1.739071,0.000000,0.000000,1.000000
4160.000000,4.594714,1.743239,-1.487170,0.416801,0.000000,0.000000,0.000000,0.000000,0.000000,0.981817,1.382501,0.376718,-1.330186,0.903480,0.000000,0.000000,0.000000,65535.000000,0.000000,0.000000,4.594714,1.743239,4.594714,1.743239,0.000000,0.000000,1.000000
4170.000000,4.579405,1.747411,-1.530818,0.417207,0.000000,0.000000,0.000000,0.000000,0.000000,0.900044,1.413650,0.350376,-1.369541,1.054781,0.000000,0.000000,0.000000,65535.000000,0.000000,0.000000,4.579405,1.747411,4.579405,1.747411,0.000000,0.000000,1.000000
4180.000000,4.563512,1.751647,-1.589354,0.423608,0.000000,0.000000,0.000000,0.000000,0.000000,0.900044,1.405623,0.313266,-1.370270,1.043761,0.000000,0.000000,0.000000,65535.000000,0.000000,0.000000,4.563512,1.751647,4.563512,1.751647,0.000000,0.000000,1.000000
4190.000000,4.547819,1.755939,-1.569267,0.429229,0.000000,0.000000,0.000000,0.000000,0.000000,1.168181,1.427600,0.291135,-1.397599,1.032968,0.000000,0.000000,0.000000,65535.000000,0.000000,0.000000,4.547819,1.755939,4.547819,1.755939,0.000000,0.000000,1.000000
4200.000000,4.532491,1.760134,-1.532834,0.419413,0.000000,0.000000,0.000000,0.000000,0.000000,1.027753,1.424842,0.308950,-1.390944,0.117476,0.000000,0.000000,0.000000,65535.000000,0.000000,0.000000,4.532491,1.760134,4.532491,1.760134,0.000000,0.000000,1.000000
4210.000000,4.517644,1.764097,-1.484635,0.396386,0.000000,0.000000,0.000000,0.000000,0.000000,0.787174,1.419610,0.324468,-1.382032,0.009918,0.000000,0.000000,0.000000,65535.000000,0.000000,0.000000,4.517644,1.764097,4.517644,1.764097,0.000000,0.000000,1.000000
4220.000000,4.503125,1.767778,-1.451929,0.368089,0.000000,0.000000,0.000000,0.000000,0.000000,0.622814,1.405068,0.328108,-1.366221,-0.406758,0.000000,0.000000,0.000000,65535.000000,0.000000,0.000000,4.503125,1.767778,4.503125,1.767778,0.000000,0.000000,1.000000
4230.000000,4.488776,1.771288,-1.434891,0.350987,0.000000,0.000000,0.000000,0.000000,0.000000,0.527949,1.413159,0.334269,-1.373056,-0.645785,0.000000,0.000000,0.000000,65535.000000,0.000000,0.000000,4.488776,1.771288,4.488776,1.771288,0.000000,0.000000,1.000000
4240.000000,4.473905,1.774765,-1.487115,0.347707,0.000000,0.000000,0.000000,0.000000,0.000000,0.492517,1.424428,0.341977,-1.382767,-0.731541,0.000000,0.000000,0.000000,65535.000000,0.000000,0.000000,4.473905,1.774765,4.473905,1.774765,0.000000,0.000000,1.000000
4250.000000,4.459081,1.778255,-1.482420,0.348973,0.000000,0.000000,0.000000,0.000000,0.000000,0.468579,1.462000,0.331662,-1.423883,-0.912657,0.000000,0.000000,0.000000,65535.000000,0.000000,0.000000,4.459081,1.778255,4.459081,1.778255,0.000000,0.000000,1.000000
4260.000000,4.444248,1.781900,-1.483293,0.364509,0.000000,0.000000,0.000000,0.000000,0.000000,0.287227,1.444873,0.325328,-1.407771,-1.243446,0.000000,0.000000,0.000000,65535.000000,0.000000,0.000000,4.444248,1.781900,4.444248,1.781900,0.000000,0.000000,1.000000
4270.000000,4.429647,1.785691,-1.460092,0.379045,0.000000,0.000000,0.000000,0.000000,0.000000,0.287227,1.435186,0.333870,-1.395811,-1.228160,0.000000,0.000000,0.000000,65535.000000,0.000000,0.000000,4.429647,1.785691,4.429647,1.785691,0.000000,0.000000,1.000000
4280.000000,4.415050,1.789781,-1.459692,0.409031,0.000000,0.000000,0.000000,0.000000,0.000000,0.287227,1.427894,0.358088,-1.382264,-1.213244,0.000000,0.000000,0.000000,65535.000000,0.000000,0.000000,4.415050,1.789781,4.415050,1.789781,0.000000,0.000000,1.000000
4290.000000,4.400708,1.793904,-1.434211,0.412334,0.000000,0.000000,0.000000,0.000000,0.000000,0.504720,1.440511,0.391276,-1.386353,-0.645943,0.000000,0.000000,0.000000,65535.000000,0.000000,0.000000,4.400708,1.793904,4.400708,1.793904,0.000000,0.000000,1.000000
4300.000000,4.386159,1.798222,-1.454866,0.431766,0.000000,0.000000,0.000000,0.000000,0.000000,0.710963,1.423733,0.398569,-1.366806,0.329698,0.000000,0.000000,0.000000,65535.000000,0.000000,0.000000,4.386159,1.798222,4.386159,1.798222,0.000000,0.000000,1.000000
4310.000000,4.371737,1.802500,-1.442164,0.427758,0.000000,0.000000,0.000000,0.000000,0.000000,0.775600,1.447140,0.416786,-1.385823,0.691010,0.000000,0.000000,0.000000,65535.000000,0.000000,0.000000,4.371737,1.802500,4.371737,1.802500,0.000000,0.000000,1.000000
4320.000000,4.357480,1.806767,-1.425722,0.426770,0.000000,0.000000,0.000000,0.000000,0.000000,0.775600,1.466901,0.437130,-1.400256,0.686263,0.000000,0.000000,0.000000,65535.000000,0.000000,0.000000,4.357480,1.806767,4.357480,1.806767,0.000000,0.000000,1.000000
4330.000000,4.343409,1.811026,-1.407086,0.425835,0.000000,0.000000,0.000000,0.000000,0.000000,0.599886,1.478088,0.454856,-1.406361,0.359433,0.000000,0.000000,0.000000,65535.000000,0.000000,0.000000,4.343409,1.811026,4.343409,1.811026,0.000000,0.000000,1.000000
4340.000000,4.329228,1.815358,-1.418117,0.433204,0.000000,0.000000,0.000000,0.000000,0.000000,0.467597,1.478488,0.465739,-1.403216,-0.345132,0.000000,0.000000,0.000000,65535.000000,0.000000,0.000000,4.329228,1.815358,4.329228,1.815358,0.000000,0.000000,1.000000
4350.000000,4.314931,1.819755,-1.429672,0.439752,0.000000,0.000000,0.000000,0.000000,0.000000,0.700228,1.503468,0.482235,-1.424032,-0.597017,0.000000,0.000000,0.000000,65535.000000,0.000000,0.000000,4.314931,1.819755,4.314931,1.819755,0.000000,0.000000,1.000000
4360.000000,4.300604,1.824204,-1.432767,0.444872,0.000000,0.000000,0.000000,0.000000,0.000000,0.901851,1.524019,0.496289,-1.440948,0.377519,0.000000,0.000000,0.000000,65535.000000,0.000000,0.000000,4.300604,1.824204,4.300604,1.824204,0.000000,0.000000,1.000000
4370.000000,4.286510,1.828636,-1.409356,0.443200,0.000000,0.000000,0.000000,0.000000,0.000000,1.126534,1.533184,0.506226,-1.447200,1.729038,0.000000,0.000000,0.000000,65535.000000,0.000000,0.000000,4.286510,1.828636,4.286510,1.828636,0.000000,0.000000,1.000000
4380.000000,4.272036,1.833027,-1.447446,0.439123,0.000000,0.000000,0.000000,0.000000,0.000000,1.094468,1.511516,0.504477,-1.424845,1.699622,0.000000,0.000000,0.000000,65535.000000,0.000000,0.000000,4.272036,1.833027,4.272036,1.833027,0.000000,0.000000,1.000000
4390.000000,4.256658,1.837690,-1.537816,0.466324,0.000000,0.000000,0.000000,0.000000,0.000000,1.056870,1.549831,0.504057,-1.465572,2.395569,0.000000,0.000000,0.000000,65535.000000,0.000000,0.000000,4.256658,1.837690,4.256658,1.837690,0.000000,0.000000,1.000000
4400.000000,4.240707,1.842398,-1.595084,0.470736,0.000000,0.000000,0.000000,0.000000,0.000000,1.354483,1.606964,0.504454,-1.525733,2.888321,0.000000,0.000000,0.000000,65535.000000,0.000000,0.000000,4.240707,1.842398,4.240707,1.842398,0.000000,0.000000,1.000000
4410.000000,4.225434,1.846482,-1.527299,0.408412,0.000000,0.000000,0.000000,0.000000,0.000000,1.354483,1.663095,0.506660,-1.584039,3.350987,0.000000,0.000000,0.000000,65535.000000,0.000000,0.000000,4.225434,1.846482,4.225434,1.846482,0.000000,0.000000,1.000000
4420.000000,4.210345,1.850533,-1.508932,0.405112,0.000000,0.000000,0.000000,0.000000,0.000000,1.990642,1.682932,0.515866,-1.601918,4.334584,0.000000,0.000000,0.000000,65535.000000,0.000000,0.000000,4.210345,1.850533,4.210345,1.850533,0.000000,0.000000,1.000000
4430.000000,4.195255,1.854579,-1.508978,0.404586,0.000000,0.000000,0.000000,0.000000,0.000000,2.009755,1.693167,0.530023,-1.608071,4.154330,0.000000,0.000000,0.000000,65535.000000,0.000000,0.000000,4.195255,1.854579,4.195255,1.854579,0.000000,0.000000,1.000000
4440.000000,4.179765,1.858884,-1.548958,0.430500,0.000000,0.000000,0.000000,0.000000,0.000000,2.009755,1.703036,0.535444,-1.616673,3.363515,0.000000,0.000000,0.000000,65535.000000,0.000000,0.000000,4.179765,1.858884,4.179765,1.858884,0.000000,0.000000,1.000000
4450.000000,4.163923,1.863393,-1.584224,0.450905,0.000000,0.000000,0.000000,0.000000,0.000000,1.330007,1.761344,0.573448,-1.665380,1.053870,0.000000,0.000000,0.000000,65535.000000,0.000000,0.000000,4.163923,1.863393,4.163923,1.863393,0.000000,0.000000,1.000000
4460.000000,4.147398,1.868028,-1.652473,0.463546,0.000000,0.000000,0.000000,0.000000,0.000000,1.710666,1.789891,0.590239,-1.689772,1.901140,0.000000,0.000000,0.000000,65535.000000,0.000000,0.000000,4.147398,1.868028,4.147398,1.868028,0.000000,0.000000,1.000000
4470.000000,4.129580,1.873091,-1.781774,0.506232,0.000000,0.000000,0.000000,0.000000,0.000000,2.620973,1.845206,0.598587,-1.745416,3.841102,0.000000,0.000000,0.000000,65535.000000,0.000000,0.000000,4.129580,1.873091,4.129580,1.873091,0.000000,0.000000,1.000000
4480.000000,4.110368,1.878502,-1.921194,0.541094,0.000000,0.000000,0.000000,0.000000,0.000000,2.851824,1.933105,0.610908,-1.834036,4.202435,0.000000,0.000000,0.000000,65535.000000,0.000000,0.000000,4.110368,1.878502,4.110368,1.878502,0.000000,0.000000,1.000000
4490.000000,4.091306,1.883263,-1.906197,0.476126,0.000000,0.000000,0.000000,0.000000,0.000000,2.851824,2.008667,0.600810,-1.916709,4.032791,0.000000,0.000000,0.000000,65535.000000,0.000000,0.000000,4.091306,1.883263,4.091306,1.883263,0.000000,0.000000,1.000000
4500.000000,4.072817,1.887026,-1.848881,0.376287,0.000000,0.000000,0.000000,0.000000,0.000000,2.709259,1.959864,0.522643,-1.888891,3.876311,0.000000,0.000000,0.000000,65535.000000,0.000000,0.000000,4.072817,1.887026,4.072817,1.887026,0.000000,0.000000,1.000000
4510.000000,4.055037,1.889763,-1.778022,0.273714,0.000000,0.000000,0.000000,0.000000,0.000000,1.667924,1.909257,0.439320,-1.858026,3.033148,0.000000,0.000000,0.000000,65535.000000,0.000000,0.000000,4.055037,1.889763,4.055037,1.889763,0.000000,0.000000,1.000000
4520.000000,4.037885,1.891740,-1.715244,0.197765,0.000000,0.000000,0.000000,0.000000,0.000000,1.217206,1.857878,0.360681,-1.822531,0.748315,0.000000,0.000000,0.000000,65535.000000,0.000000,0.000000,4.037885,1.891740,4.037885,1.891740,0.000000,0.000000,1.000000
4530.000000,4.021021,1.893088,-1.686326,0.134783,0.000000,0.000000,0.000000,0.000000,0.000000,1.479185,1.804832,0.298004,-1.780059,1.642398,0.000000,0.000000,0.000000,65535.000000,0.000000,0.000000,4.021021,1.893088,4.021021,1.893088,0.000000,0.000000,1.000000
4540.000000,4.003746,1.893844,-1.727594,0.075587,0.000000,0.000000,0.000000,0.000000,0.000000,1.863030,1.769783,0.235968,-1.753981,1.715447,0.000000,0.000000,0.000000,65535.000000,0.000000,0.000000,4.003746,1.893844,4.003746,1.893844,0.000000,0.000000,1.000000
4550.000000,3.985890,1.894042,-1.785571,0.019812,0.000000,0.000000,0.000000,0.000000,0.000000,1.863030,1.777169,0.155352,-1.770366,1.686487,0.000000,0.000000,0.000000,65535.000000,0.000000,0.000000,3.985890,1.894042,3.985890,1.894042,0.000000,0.000000,1.000000
4560.000000,3.967269,1.893730,-1.862037,-0.031207,0.000000,0.000000,0.000000,0.000000,0.000000,1.840721,1.807774,0.081647,-1.805930,1.615997,0.000000,0.000000,0.000000,65535.000000,0.000000,0.000000,3.967269,1.893730,3.967269,1.893730,0.000000,0.000000,1.000000
4570.000000,3.948494,1.893007,-1.877500,-0.072342,0.000000,0.000000,0.000000,0.000000,0.000000,1.550221,1.874817,0.025925,-1.874637,1.043699,0.000000,0.000000,0.000000,65535.000000,0.000000,0.000000,3.948494,1.893007,3.948494,1.893007,0.000000,0.000000,1.000000
4580.000000,3.930748,1.892513,-1.774644,-0.049391,0.000000,0.000000,0.000000,0.000000,0.000000,1.446418,1.877535,-0.001093,-1.877534,0.838314,0.000000,0.000000,0.000000,65535.000000,0.000000,0.000000,3.930748,1.892513,3.930748,1.892513,0.000000,0.000000,1.000000
4590.000000,3.913676,1.893358,-1.707221,0.084508,0.000000,0.000000,0.000000,0.000000,0.000000,1.446418,1.836790,0.057556,-1.835888,0.831338,0.000000,0.000000,0.000000,65535.000000,0.000000,0.000000,3.913676,1.893358,3.913676,1.893358,0.000000,0.000000,1.000000
4600.000000,3.896124,1.895953,-1.755220,0.259469,0.000000,0.000000,0.000000,0.000000,0.000000,2.145357,1.791031,0.172075,-1.782746,2.155763,0.000000,0.000000,0.000000,65535.000000,0.000000,0.000000,3.896124,1.895953,3.896124,1.895953,0.000000,0.000000,1.000000
4610.000000,3.877952,1.899700,-1.817138,0.374762,0.000000,0.000000,0.000000,0.000000,0.000000,2.284559,1.821280,0.300617,-1.796299,4.925319,0.000000,0.000000,0.000000,65535.000000,0.000000,0.000000,3.877952,1.899700,3.877952,1.899700,0.000000,0.000000,1.000000
4620.000000,3.858526,1.904318,-1.942580,0.461771,0.000000,0.000000,0.000000,0.000000,0.000000,2.284559,1.866528,0.373653,-1.828745,4.693898,0.000000,0.000000,0.000000,65535.000000,0.000000,0.000000,3.858526,1.904318,3.858526,1.904318,0.000000,0.000000,1.000000
4630.000000,3.838247,1.908963,-2.027911,0.464560,0.000000,0.000000,0.000000,0.000000,0.000000,2.147785,1.973508,0.418498,-1.928625,4.151134,0.000000,0.000000,0.000000,65535.000000,0.000000,0.000000,3.838247,1.908963,3.838247,1.908963,0.000000,0.000000,1.000000
4640.000000,3.815939,1.914483,-2.230848,0.551925,0.000000,0.000000,0.000000,0.000000,0.000000,1.884411,2.080442,0.423788,-2.036822,2.682067,0.000000,0.000000,0.000000,65535.000000,0.000000,0.000000,3.815939,1.914483,3.815939,1.914483,0.000000,0.000000,1.000000
4650.000000,3.793677,1.919976,-2.226192,0.549301,0.000000,0.000000,0.000000,0.000000,0.000000,2.206643,2.178500,0.390399,-2.143234,3.295880,0.000000,0.000000,0.000000,65535.000000,0.000000,0.000000,3.793677,1.919976,3.793677,1.919976,0.000000,0.000000,1.000000
4660.000000,3.772687,1.925179,-2.098957,0.520301,0.000000,0.000000,0.000000,0.000000,0.000000,2.206643,2.190956,0.384946,-2.156874,3.190615,0.000000,0.000000,0.000000,65535.000000,0.000000,0.000000,3.772687,1.925179,3.772687,1.925179,0.000000,0.000000,1.000000
4670.000000,3.753281,1.930054,-1.940599,0.487543,0.000000,0.000000,0.000000,0.000000,0.000000,3.980996,2.144588,0.426086,-2.101835,5.931185,0.000000,0.000000,0.000000,65535.000000,0.000000,0.000000,3.753281,1.930054,3.753281,1.930054,0.000000,0.000000,1.000000
4680.000000,3.734914,1.934306,-1.836688,0.425209,0.000000,0.000000,0.000000,0.000000,0.000000,4.474003,2.074733,0.480132,-2.018412,6.336583,0.000000,0.000000,0.000000,65535.000000,0.000000,0.000000,3.734914,1.934306,3.734914,1.934306,0.000000,0.000000,1.000000
4690.000000,3.717906,1.937342,-1.700806,0.303546,0.000000,0.000000,0.000000,0.000000,0.000000,4.474003,2.037681,0.496960,-1.976152,5.958632,0.000000,0.000000,0.000000,65535.000000,0.000000,0.000000,3.717906,1.937342,3.717906,1.937342,0.000000,0.000000,1.000000
4700.000000,3.701983,1.938753,-1.592354,0.141112,0.000000,0.000000,0.000000,0.000000,0.000000,4.082133,1.950677,0.451028,-1.897818,5.623230,0.000000,0.000000,0.000000,65535.000000,0.000000,0.000000,3.701983,1.938753,3.701983,1.938753,0.000000,0.000000,1.000000
4710.000000,3.685589,1.939731,-1.639400,0.097872,0.000000,0.000000,0.000000,0.000000,0.000000,3.095647,1.894609,0.367216,-1.858682,4.341484,0.000000,0.000000,0.000000,65535.000000,0.000000,0.000000,3.685589,1.939731,3.685589,1.939731,0.000000,0.000000,1.000000
4720.000000,3.668521,1.940418,-1.706766,0.068659,0.000000,0.000000,0.000000,0.000000,0.000000,3.277071,1.876014,0.277810,-1.855331,1.704991,0.000000,0.000000,0.000000,65535.000000,0.000000,0.000000,3.668521,1.940418,3.668521,1.940418,0.000000,0.000000,1.000000
4730.000000,3.651225,1.940651,-1.729588,0.023327,0.000000,0.000000,0.000000,0.000000,0.000000,4.257734,1.916220,0.225531,-1.902902,3.558986,0.000000,0.000000,0.000000,65535.000000,0.000000,0.000000,3.651225,1.940651,3.651225,1.940651,0.000000,0.000000,1.000000
4740.000000,3.633062,1.941561,-1.816333,0.090918,0.000000,0.000000,0.000000,0.000000,0.000000,5.244965,1.946898,0.196703,-1.936935,6.075437,0.000000,0.000000,0.000000,65535.000000,0.000000,0.000000,3.633062,1.941561,3.633062,1.941561,0.000000,0.000000,1.000000
4750.000000,3.614039,1.943387,-1.902277,0.182668,0.000000,0.000000,0.000000,0.000000,0.000000,6.070490,1.988562,0.192742,-1.979200,7.904783,0.000000,0.000000,0.000000,65535.000000,0.000000,0.000000,3.614039,1.943387,3.614039,1.943387,0.000000,0.000000,1.000000
4760.000000,3.596287,1.945550,-1.775247,0.216310,0.000000,0.000000,0.000000,0.000000,0.000000,6.070490,1.985739,0.179842,-1.977579,7.325165,0.000000,0.000000,0.000000,65535.000000,0.000000,0.000000,3.596287,1.945550,3.596287,1.945550,0.000000,0.000000,1.000000
4770.000000,3.580172,1.947405,-1.611466,0.185481,0.000000,0.000000,0.000000,0.000000,0.000000,6.054621,1.812434,0.171921,-1.804262,6.824741,0.000000,0.000000,0.000000,65535.000000,0.000000,0.000000,3.580172,1.947405,3.580172,1.947405,0.000000,0.000000,1.000000
4780.000000,3.564769,1.948512,-1.540314,0.110697,0.000000,0.000000,0.000000,0.000000,0.000000,3.284054,1.611627,0.123878,-1.606859,3.232982,0.000000,0.000000,0.000000,65535.000000,0.000000,0.000000,3.564769,1.948512,3.564769,1.948512,0.000000,0.000000,1.000000
4790.000000,3.548734,1.949012,-1.603453,0.049993,0.000000,0.000000,0.000000,0.000000,0.000000,3.284054,1.544287,0.066248,-1.542865,3.131636,0.000000,0.000000,0.000000,65535.000000,0.000000,0.000000,3.548734,1.949012,3.548734,1.949012,0.000000,0.000000,1.000000
4800.000000,3.531210,1.949122,-1.752441,0.011018,0.000000,0.000000,0.000000,0.000000,0.000000,2.865078,1.604232,0.008618,-1.604209,2.530980,0.000000,0.000000,0.000000,65535.000000,0.000000,0.000000,3.531210,1.949122,3.531210,1.949122,0.000000,0.000000,1.000000
4810.000000,3.512785,1.949352,-1.842450,0.022970,0.000000,0.000000,0.000000,0.000000,0.000000,2.345676,1.752476,-0.033308,-1.752159,1.510477,0.000000,0.000000,0.000000,65535.000000,0.000000,0.000000,3.512785,1.949352,3.512785,1.949352,0.000000,0.000000,1.000000
4820.000000,3.493851,1.950286,-1.893390,0.093367,0.000000,0.000000,0.000000,0.000000,0.000000,3.774205,1.842593,-0.032228,-1.842311,3.186475,0.000000,0.000000,0.000000,65535.000000,0.000000,0.000000,3.493851,1.950286,3.493851,1.950286,0.000000,0.000000,1.000000
4830.000000,3.474438,1.951894,-1.941366,0.160827,0.000000,0.000000,0.000000,0.000000,0.000000,4.322700,1.895691,0.018812,-1.895597,3.837816,0.000000,0.000000,0.000000,65535.000000,0.000000,0.000000,3.474438,1.951894,3.474438,1.951894,0.000000,0.000000,1.000000
4840.000000,3.455627,1.953919,-1.881049,0.202552,0.000000,0.000000,0.000000,0.000000,0.000000,4.322700,1.948017,0.065198,-1.946925,3.695835,0.000000,0.000000,0.000000,65535.000000,0.000000,0.000000,3.455627,1.953919,3.455627,1.953919,0.000000,0.000000,1.000000
4850.000000,3.438126,1.955822,-1.750095,0.190294,0.000000,0.000000,0.000000,0.000000,0.000000,4.146605,1.891923,0.108072,-1.888834,3.475574,0.000000,0.000000,0.000000,65535.000000,0.000000,0.000000,3.438126,1.955822,3.438126,1.955822,0.000000,0.000000,1.000000
4860.000000,3.421043,1.957719,-1.708289,0.189724,0.000000,0.000000,0.000000,0.000000,0.000000,3.507093,1.760410,0.114770,-1.756665,2.826880,0.000000,0.000000,0.000000,65535.000000,0.000000,0.000000,3.421043,1.957719,3.421043,1.957719,0.000000,0.000000,1.000000
4870.000000,3.403618,1.959635,-1.742546,0.191532,0.000000,0.000000,0.000000,0.000000,0.000000,3.507093,1.718793,0.126733,-1.714114,2.749089,0.000000,0.000000,0.000000,65535.000000,0.000000,0.000000,3.403618,1.959635,3.403618,1.959635,0.000000,0.000000,1.000000
4880.000000,3.385167,1.961460,-1.845075,0.182472,0.000000,0.000000,0.000000,0.000000,0.000000,2.321740,1.753040,0.133424,-1.747955,1.022430,0.000000,0.000000,0.000000,65535.000000,0.000000,0.000000,3.385167,1.961460,3.385167,1.961460,0.000000,0.000000,1.000000
4890.000000,3.366571,1.962313,-1.859567,0.085350,0.000000,0.000000,0.000000,0.000000,0.000000,1.543082,1.854077,0.121831,-1.850070,0.225291,0.000000,0.000000,0.000000,65535.000000,0.000000,0.000000,3.366571,1.962313,3.366571,1.962313,0.000000,0.000000,1.000000
4900.000000,3.347169,1.962761,-1.940206,0.044820,0.000000,0.000000,0.000000,0.000000,0.000000,2.250540,1.939068,0.091814,-1.936893,0.971684,0.000000,0.000000,0.000000,65535.000000,0.000000,0.000000,3.347169,1.962761,3.347169,1.962761,0.000000,0.000000,1.000000
4910.000000,3.328283,1.963237,-1.888661,0.047591,0.000000,0.000000,0.000000,0.000000,0.000000,2.253156,2.026243,0.079927,-2.024667,0.991020,0.000000,0.000000,0.000000,65535.000000,0.000000,0.000000,3.328283,1.963237,3.328283,1.963237,0.000000,0.000000,1.000000
4920.000000,3.310250,1.964119,-1.803245,0.088149,0.000000,0.000000,0.000000,0.000000,0.000000,2.253156,1.980440,0.085058,-1.978613,0.981285,0.000000,0.000000,0.000000,65535.000000,0.000000,0.000000,3.310250,1.964119,3.310250,1.964119,0.000000,0.000000,1.000000
4930.000000,3.292649,1.965300,-1.760127,0.118157,0.000000,0.000000,0.000000,0.000000,0.000000,1.476836,1.898622,0.101948,-1.895883,0.304492,0.000000,0.000000,0.000000,65535.000000,0.000000,0.000000,3.292649,1.965300,3.292649,1.965300,0.000000,0.000000,1.000000
4940.000000,3.274993,1.966241,-1.765609,0.094029,0.000000,0.000000,0.000000,0.000000,0.000000,1.476836,1.837260,0.119515,-1.833368,0.303567,0.000000,0.000000,0.000000,65535.000000,0.000000,0.000000,3.274993,1.966241,3.274993,1.966241,0.000000,0.000000,1.000000
4950.000000,3.257078,1.966762,-1.791525,0.052184,1.000000,1.000000,1.000000,3.000000,2.000000,1.404316,1.855617,0.112636,-1.852195,0.206104,0.000000,0.000000,0.000000,65535.000000,0.000000,0.000000,3.257078,1.966762,3.257078,1.966762,0.000000,0.000000,1.000000
4960.000000,3.238441,1.967237,-1.863630,0.047441,1.000000,1.000000,1.000000,3.000000,2.000000,1.074168,1.884307,0.085515,-1.882366,-0.907589,0.000000,0.000000,0.000000,65535.000000,3.257078,1.966762,3.238441,1.967237,3.238441,1.967237,0.250000,0.000000,1.000000
4970.000000,3.220038,1.967666,-1.840346,0.042891,1.000000,1.000000,1.000000,3.000000,2.000000,1.074168,1.936533,0.067553,-1.935355,-0.521303,0.000000,0.000000,0.000000,65535.000000,3.257078,1.966762,3.220038,1.967666,3.220038,1.967666,0.250000,0.000000,1.000000
4980.000000,3.201503,1.968097,-1.853528,0.043139,1.000000,1.000000,1.000000,3.000000,2.000000,0.997066,1.899056,0.054562,-1.898272,-0.469952,0.000000,0.000000,0.000000,65535.000000,3.257078,1.966762,3.201503,1.968097,3.201503,1.968097,0.250000,0.000000,1.000000
4990.000000,3.182493,1.968281,-1.900953,0.018402,1.000000,1.000000,1.000000,3.000000,2.000000,0.969569,1.884686,0.028922,-1.884464,-0.467751,0.000000,0.000000,0.000000,65535.000000,3.257078,1.966762,3.182493,1.968281,3.182493,1.968281,0.250000,0.000000,1.000000
5000.000000,3.162831,1.968202,-1.966249,-0.007930,1.000000,1.000000,1.000000,3.000000,2.000000,0.645198,1.900800,0.000094,-1.900800,-0.843136,0.000000,0.000000,0.000000,65535.000000,3.257078,1.966762,3.162831,1.968202,3.162831,1.968202,0.250000,0.000000,1.000000
5010.000000,3.143065,1.968259,-1.976508,0.005713,1.000000,1.000000,1.000000,3.000000,2.000000,0.825051,1.954283,-0.010410,-1.954256,-0.704608,0.000000,0.000000,0.000000,65535.000000,3.257078,1.966762,3.143065,1.968259,3.143065,1.968259,0.250000,0.000000,1.000000
5020.000000,3.123573,1.968546,-1.949275,0.028709,1.000000,1.000000,1.000000,3.000000,2.000000,0.825051,1.965047,-0.010317,-1.965020,-0.699673,0.000000,0.000000,0.000000,65535.000000,3.257078,1.966762,3.123573,1.968546,3.123573,1.968546,0.250000,0.000000,1.000000
5030.000000,3.104203,1.969059,-1.936980,0.051309,1.000000,1.000000,1.000000,3.000000,2.000000,0.767516,1.943377,-0.005681,-1.943369,-0.681686,0.000000,0.000000,0.000000,65535.000000,3.257078,1.966762,3.104203,1.969059,3.104203,1.969059,0.250000,0.000000,1.000000
5040.000000,3.084589,1.969700,-1.961437,0.064074,1.000000,1.000000,1.000000,3.000000,2.000000,0.767516,1.937659,0.003054,-1.937657,-0.677066,0.000000,0.000000,0.000000,65535.000000,3.257078,1.966762,3.084589,1.969700,3.084589,1.969700,0.250000,0.000000,1.000000
5050.000000,3.065097,1.970289,-1.949197,0.058881,1.000000,1.000000,1.000000,3.000000,2.000000,0.665852,1.962484,0.016923,-1.962411,-0.742891,0.000000,0.000000,0.000000,65535.000000,3.257078,1.966762,3.065097,1.970289,3.065097,1.970289,0.250000,0.000000,1.000000
5060.000000,3.045485,1.970760,-1.961178,0.047156,1.000000,1.000000,1.000000,3.000000,2.000000,0.730169,1.950086,0.013662,-1.950038,-0.648977,0.000000,0.000000,0.000000,65535.000000,3.257078,1.966762,3.045485,1.970760,3.045485,1.970760,0.250000,0.000000,1.000000
5070.000000,3.025772,1.971181,-1.971236,0.042030,0.000000,1.000000,0.000000,3.000000,2.000000,0.773176,1.961745,0.003809,-1.961741,-0.644788,0.000000,0.000000,0.000000,65535.000000,3.257078,1.966762,3.025772,1.971181,3.025772,1.971181,0.250000,0.000000,1.000000
5080.000000,3.005780,1.971673,-1.999259,0.049216,0.000000,1.000000,0.000000,3.000000,2.000000,0.773176,1.971684,0.000376,-1.971684,-0.647875,0.000000,0.000000,0.000000,65535.000000,3.257078,1.966762,3.005780,1.971673,3.005780,1.971673,0.250000,0.000000,1.000000
5090.000000,2.986077,1.972188,-1.970326,0.051527,0.000000,1.000000,0.000000,3.000000,2.000000,0.773176,1.999865,0.008736,-1.999846,-0.697917,0.000000,0.000000,0.000000,65535.000000,3.257078,1.966762,2.986077,1.972188,2.986077,1.972188,0.250000,0.000000,1.000000
5100.000000,2.966249,1.972775,-1.982806,0.058649,0.000000,1.000000,0.000000,3.000000,2.000000,0.616247,1.971000,0.013215,-1.970956,-0.884320,0.000000,0.000000,0.000000,65535.000000,3.257078,1.966762,2.966249,1.972775,2.966249,1.972775,0.250000,0.000000,1.000000
5110.000000,2.946157,1.973357,-2.009180,0.058262,0.000000,1.000000,0.000000,3.000000,2.000000,0.616247,1.983673,0.022507,-1.983545,-0.876561,0.000000,0.000000,0.000000,65535.000000,3.257078,1.966762,2.946157,1.973357,2.946157,1.973357,0.250000,0.000000,1.000000
5120.000000,2.925624,1.973759,-2.053251,0.040165,0.000000,1.000000,0.000000,3.000000,2.000000,0.893678,2.010025,0.023633,-2.009886,-0.833013,0.000000,0.000000,0.000000,65535.000000,3.257078,1.966762,2.925624,1.973759,2.925624,1.973759,0.250000,0.000000,1.000000
5130.000000,2.905315,1.973920,-2.030939,0.016085,0.000000,1.000000,0.000000,3.000000,2.000000,0.895452,2.053644,0.007314,-2.053631,-0.826125,0.000000,0.000000,0.000000,65535.000000,3.257078,1.966762,2.905315,1.973920,2.905315,1.973920,0.250000,0.000000,1.000000
5140.000000,2.885025,1.973868,-2.028948,-0.005123,0.000000,1.000000,0.000000,3.000000,2.000000,0.895452,2.026730,-0.004014,-2.026726,-0.819349,0.000000,0.000000,0.000000,65535.000000,3.257078,1.966762,2.885025,1.973868,2.885025,1.973868,0.250000,0.000000,1.000000
5150.000000,2.864680,1.973720,-2.034579,-0.014844,0.000000,1.000000,0.000000,3.000000,2.000000,0.314928,2.026061,-0.002465,-2.026060,-1.347016,0.000000,0.000000,0.000000,65535.000000,3.257078,1.966762,2.864680,1.973720,2.864680,1.973720,0.250000,0.000000,1.000000
5160.000000,2.844275,1.973750,-2.040445,0.003038,0.000000,1.000000,0.000000,3.000000,2.000000,0.509823,2.040134,0.005683,-2.040126,-1.166128,0.000000,0.000000,0.000000,65535.000000,3.257078,1.966762,2.844275,1.973750,2.844275,1.973750,0.250000,0.000000,1.000000
5170.000000,2.824553,1.973993,-1.972192,0.024271,0.000000,1.000000,0.000000,3.000000,2.000000,0.549871,2.057095,0.015920,-2.057034,-1.119393,0.000000,0.000000,0.000000,65535.000000,3.257078,1.966762,2.824553,1.973993,2.824553,1.973993,0.250000,0.000000,1.000000
5180.000000,2.805048,1.974294,-1.950503,0.030058,0.000000,1.000000,0.000000,3.000000,2.000000,0.549871,2.017545,0.042487,-2.017097,-1.106990,0.000000,0.000000,0.000000,65535.000000,3.257078,1.966762,2.805048,1.974294,2.805048,1.974294,0.250000,0.000000,1.000000
5190.000000,2.785477,1.974602,-1.957103,0.030869,0.000000,1.000000,0.000000,3.000000,0.000000,0.636220,2.015610,0.062724,-2.014633,-1.092567,0.000000,0.000000,0.000000,65535.000000,3.257078,1.966762,2.785477,1.974602,2.785477,1.974602,0.250000,0.000000,1.000000
5200.000000,2.765303,1.975147,-2.017371,0.054495,0.000000,1.000000,0.000000,3.000000,0.000000,0.374055,2.025978,0.067953,-2.024838,-1.062865,0.000000,0.000000,0.000000,65535.000000,3.257078,1.966762,2.765303,1.975147,2.765303,1.975147,0.250000,0.000000,1.000000
5210.000000,2.745117,1.975785,-2.018620,0.063775,0.000000,1.000000,0.000000,3.000000,0.000000,0.740057,2.076824,0.081632,-2.075219,-0.858755,0.000000,0.000000,0.000000,65535.000000,3.257078,1.966762,2.745117,1.975785,2.745117,1.975785,0.250000,0.000000,1.000000
5220.000000,2.724962,1.976311,-2.015466,0.052607,0.000000,1.000000,0.000000,3.000000,0.000000,0.740057,2.082140,0.095264,-2.079959,-0.851436,0.000000,0.000000,0.000000,65535.000000,3.257078,1.966762,2.724962,1.976311,2.724962,1.976311,0.250000,0.000000,1.000000
5230.000000,2.704799,1.976720,-2.016343,0.040865,0.000000,1.000000,0.000000,3.000000,0.000000,0.735453,2.084121,0.089896,-2.082181,-0.844241,0.000000,0.000000,0.000000,65535.000000,3.257078,1.966762,2.704799,1.976720,2.704799,1.976720,0.250000,0.000000,1.000000
5240.000000,2.684258,1.977091,-2.054061,0.037097,0.000000,1.000000,0.000000,3.000000,0.000000,0.510324,2.082180,0.076132,-2.080787,-1.084201,0.000000,0.000000,0.000000,65535.000000,3.257078,1.966762,2.684258,1.977091,2.684258,1.977091,0.250000,0.000000,1.000000
5250.000000,2.663828,1.977211,-2.043025,0.011997,0.000000,1.000000,0.000000,3.000000,0.000000,0.706616,2.127574,0.078802,-2.126114,-0.647902,0.000000,0.000000,0.000000,65535.000000,3.257078,1.966762,2.663828,1.977211,2.663828,1.977211,0.250000,0.000000,1.000000
5260.000000,2.643341,1.977175,-2.048696,-0.003551,0.000000,1.000000,0.000000,3.000000,0.000000,0.732040,2.106535,0.059507,-2.105695,-0.477340,0.000000,0.000000,0.000000,65535.000000,3.257078,1.966762,2.643341,1.977175,2.643341,1.977175,0.250000,0.000000,1.000000
5270.000000,2.623111,1.977182,-2.023030,0.000698,0.000000,1.000000,0.000000,3.000000,0.000000,1.081460,2.103440,0.051585,-2.102808,-0.196548,0.000000,0.000000,0.000000,65535.000000,3.257078,1.966762,2.623111,1.977182,2.623111,1.977182,0.250000,0.000000,1.000000
5280.000000,2.603164,1.977367,-1.994660,0.018528,0.000000,1.000000,0.000000,3.000000,0.000000,1.383424,2.093105,0.065693,-2.092074,0.239526,0.000000,0.000000,0.000000,65535.000000,3.257078,1.966762,2.603164,1.977367,2.603164,1.977367,0.250000,0.000000,1.000000
5290.000000,2.583129,1.977871,-2.003484,0.050370,0.000000,1.000000,0.000000,3.000000,0.000000,1.383424,2.082970,0.082207,-2.081348,0.238953,0.000000,0.000000,0.000000,65535.000000,3.257078,1.966762,2.583129,1.977871,2.583129,1.977871,0.250000,0.000000,1.000000
5300.000000,2.562500,1.978226,-2.062862,0.035533,0.000000,1.000000,0.000000,3.000000,0.000000,1.380296,2.062707,0.084495,-2.060976,0.238382,0.000000,0.000000,0.000000,65535.000000,3.257078,1.966762,2.562500,1.978226,2.562500,1.978226,0.250000,0.000000,1.000000
5310.000000,2.541210,1.978695,-2.129056,0.046870,0.000000,1.000000,0.000000,3.000000,0.000000,1.443214,2.110875,0.066928,-2.109814,0.396917,0.000000,0.000000,0.000000,65535.000000,3.257078,1.966762,2.541210,1.978695,2.541210,1.978695,0.250000,0.000000,1.000000
5320.000000,2.520116,1.978838,-2.109406,0.014313,0.000000,1.000000,0.000000,3.000000,0.000000,1.443214,2.132640,0.042402,-2.132219,0.395347,0.000000,0.000000,0.000000,65535.000000,3.257078,1.966762,2.520116,1.978838,2.520116,1.978838,0.250000,0.000000,1.000000
5330.000000,2.499291,1.978713,-2.082439,-0.012551,0.000000,1.000000,0.000000,3.000000,0.000000,1.354426,2.109455,0.007062,-2.109443,0.393788,0.000000,0.000000,0.000000,65535.000000,3.257078,1.966762,2.499291,1.978713,2.499291,1.978713,0.250000,0.000000,1.000000
5340.000000,2.478164,1.978588,-2.112705,-0.012457,0.000000,1.000000,0.000000,3.000000,0.000000,1.129176,2.082477,-0.021833,-2.082362,-0.444242,0.000000,0.000000,0.000000,65535.000000,3.257078,1.966762,2.478164,1.978588,2.478164,1.978588,0.250000,0.000000,1.000000
5350.000000,2.457121,1.978640,-2.104301,0.005165,0.000000,1.000000,0.000000,3.000000,0.000000,1.129176,2.112741,-0.023874,-2.112606,-0.442276,0.000000,0.000000,0.000000,65535.000000,3.257078,1.966762,2.457121,1.978640,2.457121,1.978640,0.250000,0.000000,1.000000
5360.000000,2.435958,1.978800,-2.116364,0.016034,0.000000,1.000000,0.000000,3.000000,0.000000,1.224855,2.104307,-0.007462,-2.104294,-0.498259,0.000000,0.000000,0.000000,65535.000000,3.257078,1.966762,2.435958,1.978800,2.435958,1.978800,0.250000,0.000000,1.000000
5370.000000,2.415091,1.978885,-2.086635,0.008470,0.000000,1.000000,0.000000,3.000000,0.000000,1.224855,2.116424,0.003269,-2.116422,-0.495786,0.000000,0.000000,0.000000,65535.000000,3.257078,1.966762,2.415091,1.978885,2.415091,1.978885,0.250000,0.000000,1.000000
5380.000000,2.394436,1.979097,-2.065514,0.021230,0.000000,1.000000,0.000000,3.000000,0.000000,0.515208,2.086653,-0.004535,-2.086648,-1.144656,0.000000,0.000000,0.000000,65535.000000,3.257078,1.966762,2.394436,1.979097,2.394436,1.979097,0.250000,0.000000,1.000000
5390.000000,2.373613,1.979190,-2.082313,0.009283,0.000000,1.000000,0.000000,3.000000,0.000000,0.604797,2.065623,0.007683,-2.065609,-1.205234,0.000000,0.000000,0.000000,65535.000000,3.257078,1.966762,2.373613,1.979190,2.373613,1.979190,0.250000,0.000000,1.000000
5400.000000,2.352376,1.979040,-2.123719,-0.015039,0.000000,1.000000,0.000000,3.000000,0.000000,0.773524,2.082334,-0.003787,-2.082330,-0.593173,0.000000,0.000000,0.000000,65535.000000,3.257078,1.966762,2.352376,1.979040,2.352376,1.979040,0.250000,0.000000,1.000000
5410.000000,2.331333,1.978708,-2.104306,-0.033184,0.000000,1.000000,0.000000,3.000000,0.000000,0.778856,2.123773,-0.025878,-2.123615,-0.568463,0.000000,0.000000,0.000000,65535.000000,3.257078,1.966762,2.331333,1.978708,2.331333,1.978708,0.250000,0.000000,1.000000
5420.000000,2.310121,1.977875,-2.121177,-0.083259,0.000000,1.000000,0.000000,3.000000,0.000000,1.072484,2.104568,-0.041404,-2.104161,-0.565246,0.000000,0.000000,0.000000,65535.000000,3.257078,1.966762,2.310121,1.977875,2.310121,1.977875,0.250000,0.000000,1.000000
5430.000000,2.288935,1.976912,-2.118615,-0.096316,0.000000,1.000000,0.000000,3.000000,0.000000,1.116643,2.075531,-0.047666,-2.074983,-0.587528,0.000000,0.000000,0.000000,65535.000000,3.257078,1.966762,2.288935,1.976912,2.288935,1.976912,0.250000,0.000000,1.000000
5440.000000,2.267544,1.976007,-2.139095,-0.090489,0.000000,1.000000,0.000000,3.000000,0.000000,1.032020,2.063931,-0.052165,-2.063272,-0.653464,0.000000,0.000000,0.000000,65535.000000,3.257078,1.966762,2.267544,1.976007,2.267544,1.976007,0.250000,0.000000,1.000000
5450.000000,2.246925,1.975360,-2.061882,-0.064673,0.000000,1.000000,0.000000,3.000000,0.000000,0.731833,2.094695,-0.054274,-2.093992,-0.911166,0.000000,0.000000,0.000000,65535.000000,3.257078,1.966762,2.246925,1.975360,2.246925,1.975360,0.250000,0.000000,1.000000
5460.000000,2.226630,1.974645,-2.029501,-0.071489,0.000000,1.000000,0.000000,3.000000,0.000000,0.227536,2.048780,-0.054260,-2.048061,-1.368210,0.000000,0.000000,0.000000,65535.000000,3.257078,1.966762,2.226630,1.974645,2.226630,1.974645,0.250000,0.000000,1.000000
5470.000000,2.206167,1.973667,-2.046325,-0.097888,0.000000,1.000000,0.000000,3.000000,0.000000,0.560949,2.030760,-0.071261,-2.029509,-1.122777,0.000000,0.000000,0.000000,65535.000000,3.257078,1.966762,2.206167,1.973667,2.206167,1.973667,0.250000,0.000000,1.000000
5480.000000,2.185324,1.972488,-2.084221,-0.117885,0.000000,1.000000,0.000000,3.000000,0.000000,0.924662,2.048665,-0.096748,-2.046380,-0.696188,0.000000,0.000000,0.000000,65535.000000,3.257078,1.966762,2.185324,1.972488,2.185324,1.972488,0.250000,0.000000,1.000000
5490.000000,2.164836,1.971267,-2.048874,-0.122112,0.000000,1.000000,0.000000,3.000000,0.000000,0.992805,2.087553,-0.116322,-2.084309,-0.627160,0.000000,0.000000,0.000000,65535.000000,3.257078,1.966762,2.164836,1.971267,2.164836,1.971267,0.250000,0.000000,1.000000
5500.000000,2.144289,1.969999,-2.054696,-0.126749,0.000000,1.000000,0.000000,3.000000,0.000000,0.992805,2.052510,-0.119835,-2.049009,-0.481506,0.000000,0.000000,0.000000,65535.000000,3.257078,1.966762,2.144289,1.969999,2.144289,1.969999,0.250000,0.000000,1.000000
5510.000000,2.123677,1.968916,-2.061151,-0.108345,0.000000,1.000000,0.000000,3.000000,0.000000,1.147984,2.058602,-0.123301,-2.054906,-0.477753,0.000000,0.000000,0.000000,65535.000000,3.257078,1.966762,2.123677,1.968916,2.123677,1.968916,0.250000,0.000000,1.000000
5520.000000,2.103026,1.968054,-2.065136,-0.086124,0.000000,1.000000,0.000000,3.000000,0.000000,1.147984,2.063997,-0.105802,-2.061283,-0.475479,0.000000,0.000000,0.000000,65535.000000,3.257078,1.966762,2.103026,1.968054,2.103026,1.968054,0.250000,0.000000,1.000000
5530.000000,2.082564,1.967144,-2.046154,-0.091079,0.000000,1.000000,0.000000,3.000000,0.000000,1.113244,2.066931,-0.084589,-2.065200,-0.506233,0.000000,0.000000,0.000000,65535.000000,3.257078,1.966762,2.082564,1.967144,2.082564,1.967144,0.250000,0.000000,1.000000
5540.000000,2.061896,1.966046,-2.066850,-0.109770,0.000000,1.000000,0.000000,3.000000,0.000000,0.809146,2.048180,-0.089229,-2.046236,-0.792572,0.000000,0.000000,0.000000,65535.000000,3.257078,1.966762,2.061896,1.966046,2.061896,1.966046,0.250000,0.000000,1.000000
5550.000000,2.041204,1.964861,-2.069186,-0.118494,0.000000,1.000000,0.000000,3.000000,0.000000,0.442657,2.069763,-0.107126,-2.066989,-1.132782,0.000000,0.000000,0.000000,65535.000000,3.257078,1.966762,2.041204,1.964861,2.041204,1.964861,0.250000,0.000000,1.000000
5560.000000,2.020408,1.963669,-2.079590,-0.119226,0.000000,1.000000,0.000000,3.000000,0.000000,1.050854,2.072576,-0.114843,-2.069392,-0.543746,0.000000,0.000000,0.000000,65535.000000,3.257078,1.966762,2.020408,1.963669,2.020408,1.963669,0.250000,0.000000,1.000000
5570.000000,2.000073,1.962591,-2.033488,-0.107781,0.000000,1.000000,0.000000,3.000000,0.000000,1.825178,2.083005,-0.115002,-2.079828,0.201273,0.000000,0.000000,0.000000,65535.000000,3.257078,1.966762,2.000073,1.962591,2.000073,1.962591,0.250000,0.000000,1.000000
5580.000000,1.979869,1.961907,-2.020419,-0.068389,0.000000,1.000000,0.000000,3.000000,0.000000,2.848074,2.036342,-0.100706,-2.033850,1.185010,0.000000,0.000000,0.000000,65535.000000,3.257078,1.966762,1.979869,1.961907,1.979869,1.961907,0.250000,0.000000,1.000000
5590.000000,1.959191,1.961693,-2.067802,-0.021375,0.000000,1.000000,0.000000,3.000000,0.000000,3.785023,2.021576,-0.056600,-2.020784,1.916082,0.000000,0.000000,0.000000,65535.000000,3.257078,1.966762,1.959191,1.961693,1.959191,1.961693,0.250000,0.000000,1.000000
5600.000000,1.937498,1.961643,-2.169250,-0.005059,0.000000,1.000000,0.000000,3.000000,0.000000,3.852049,2.067913,-0.005966,-2.067904,1.880024,0.000000,0.000000,0.000000,65535.000000,3.257078,1.966762,1.937498,1.961643,1.937498,1.961643,0.250000,0.000000,1.000000
5610.000000,1.915108,1.961546,-2.239010,-0.009664,0.000000,1.000000,0.000000,3.000000,0.000000,2.523621,2.169256,0.014001,-2.169211,1.845297,0.000000,0.000000,0.000000,65535.000000,3.257078,1.966762,1.915108,1.961546,1.915108,1.961546,0.250000,0.000000,1.000000
5620.000000,1.892519,1.962058,-2.258885,0.051221,0.000000,1.000000,0.000000,3.000000,0.000000,2.368986,2.239031,0.012522,-2.238996,1.312556,0.000000,0.000000,0.000000,65535.000000,3.257078,1.966762,1.892519,1.962058,1.892519,1.962058,0.250000,0.000000,1.000000
5630.000000,1.870324,1.962241,-2.219533,0.018223,0.000000,1.000000,0.000000,3.000000,0.000000,2.999629,2.259787,-0.001471,-2.259786,0.783447,0.000000,0.000000,0.000000,65535.000000,3.257078,1.966762,1.870324,1.962241,1.870324,1.962241,0.250000,0.000000,1.000000
5640.000000,1.848083,1.962074,-2.224155,-0.016634,0.000000,1.000000,0.000000,3.000000,0.000000,4.248200,2.252785,-0.031652,-2.252562,2.352302,0.000000,0.000000,0.000000,65535.000000,3.257078,1.966762,1.848083,1.962074,1.848083,1.962074,0.250000,0.000000,1.000000
5650.000000,1.826013,1.961553,-2.206905,-0.052161,0.000000,1.000000,0.000000,3.000000,0.000000,5.651801,2.276926,-0.049529,-2.276387,3.926121,0.000000,0.000000,0.000000,65535.000000,3.257078,1.966762,1.826013,1.961553,1.826013,1.961553,0.250000,0.000000,1.000000
5660.000000,1.804665,1.960851,-2.134868,-0.070191,0.000000,1.000000,0.000000,3.000000,0.000000,7.615234,2.243618,-0.061814,-2.242766,5.102286,0.000000,0.000000,0.000000,65535.000000,3.257078,1.966762,1.804665,1.960851,1.804665,1.960851,0.250000,0.000000,1.000000
5670.000000,1.784901,1.960233,-1.976411,-0.061730,0.000000,1.000000,0.000000,3.000000,0.000000,7.860608,2.175338,-0.079825,-2.173873,5.045169,0.000000,0.000000,0.000000,65535.000000,3.257078,1.966762,1.784901,1.960233,1.784901,1.960233,0.250000,0.000000,1.000000
5680.000000,1.766038,1.959831,-1.886291,-0.040297,0.000000,1.000000,0.000000,3.000000,0.000000,7.860608,2.042009,-0.092847,-2.039897,4.802626,0.000000,0.000000,0.000000,65535.000000,3.257078,1.966762,1.766038,1.959831,1.766038,1.959831,0.250000,0.000000,1.000000
5690.000000,1.747456,1.959261,-1.858180,-0.056988,0.000000,1.000000,0.000000,3.000000,0.000000,4.166604,1.980096,-0.098879,-1.977625,3.564564,0.000000,0.000000,0.000000,65535.000000,3.257078,1.966762,1.747456,1.959261,1.747456,1.959261,0.250000,0.000000,1.000000
5700.000000,1.727892,1.958411,-1.956438,-0.085009,0.000000,1.000000,0.000000,3.000000,0.000000,1.798798,1.947462,-0.112397,-1.944216,0.527845,0.000000,0.000000,0.000000,65535.000000,3.257078,1.966762,1.727892,1.958411,1.727892,1.958411,0.250000,0.000000,1.000000
5710.000000,1.707050,1.957288,-2.084199,-0.112229,0.000000,1.000000,0.000000,3.000000,0.000000,1.602230,2.010607,-0.106303,-2.007795,0.289903,0.000000,0.000000,0.000000,65535.000000,3.257078,1.966762,1.707050,1.957288,1.707050,1.957288,0.250000,0.000000,1.000000
5720.000000,1.684772,1.956239,-2.227764,-0.104981,0.000000,1.000000,0.000000,3.000000,0.000000,1.327824,2.097881,-0.094056,-2.095772,0.115048,0.000000,0.000000,0.000000,65535.000000,3.257078,1.966762,1.684772,1.956239,1.684772,1.956239,0.250000,0.000000,1.000000
5730.000000,1.661835,1.955340,-2.293701,-0.089833,0.000000,1.000000,0.000000,3.000000,0.000000,1.327824,2.233178,-0.078032,-2.231815,0.114916,0.000000,0.000000,0.000000,65535.000000,3.257078,1.966762,1.661835,1.955340,1.661835,1.955340,0.250000,0.000000,1.000000
5740.000000,1.638765,1.954518,-2.307017,-0.082240,0.000000,1.000000,0.000000,3.000000,0.000000,1.187532,2.295460,-0.060342,-2.294667,-0.036916,0.000000,0.000000,0.000000,65535.000000,3.257078,1.966762,1.638765,1.954518,1.638765,1.954518,0.250000,0.000000,1.000000
5750.000000,1.616694,1.954168,-2.207075,-0.035011,0.000000,1.000000,0.000000,3.000000,0.000000,6.735878,2.308482,-0.057986,-2.307754,5.381516,0.000000,0.000000,0.000000,65535.000000,3.257078,1.966762,1.616694,1.954168,1.616694,1.954168,0.250000,0.000000,1.000000
5760.000000,1.595542,1.954266,-2.115221,0.009827,0.000000,1.000000,0.000000,3.000000,0.000000,7.326025,2.237799,-0.051305,-2.237211,5.902471,0.000000,0.000000,0.000000,65535.000000,3.257078,1.966762,1.595542,1.954266,1.595542,1.954266,0.250000,0.000000,1.000000
5770.000000,1.575910,1.954916,-1.963203,0.064981,0.000000,1.000000,0.000000,3.000000,0.000000,7.326025,2.156334,-0.038698,-2.155987,5.573187,0.000000,0.000000,0.000000,65535.000000,3.257078,1.966762,1.575910,1.954916,1.575910,1.954916,0.250000,0.000000,1.000000
5780.000000,1.557403,1.955528,-1.850696,0.061267,0.000000,1.000000,0.000000,3.000000,0.000000,6.226310,1.962744,0.000446,-1.962744,4.682265,0.000000,0.000000,0.000000,65535.000000,3.257078,1.966762,1.557403,1.955528,1.557403,1.955528,0.250000,0.000000,1.000000
5790.000000,1.539559,1.956006,-1.784405,0.047819,0.000000,1.000000,0.000000,3.000000,0.000000,3.371946,1.836559,0.013359,-1.836510,2.204368,0.000000,0.000000,0.000000,65535.000000,3.257078,1.966762,1.539559,1.956006,1.539559,1.956006,0.250000,0.000000,1.000000
5800.000000,1.521878,1.955988,-1.768111,-0.001823,0.000000,1.000000,0.000000,3.000000,0.000000,3.585534,1.769398,0.014090,-1.769342,2.156777,0.000000,0.000000,0.000000,65535.000000,3.257078,1.966762,1.521878,1.955988,1.521878,1.955988,0.250000,0.000000,1.000000
5810.000000,1.504261,1.955717,-1.761610,-0.027075,0.000000,1.000000,0.000000,3.000000,0.000000,3.585534,1.768112,0.010614,-1.768080,0.661412,0.000000,0.000000,0.000000,65535.000000,3.257078,1.966762,1.504261,1.955717,1.504261,1.955717,0.250000,0.000000,1.000000
5820.000000,1.486681,1.955192,-1.758061,-0.052516,0.000000,1.000000,0.000000,3.000000,0.000000,1.980767,1.761818,-0.009839,-1.761790,-0.269687,0.000000,0.000000,0.000000,65535.000000,3.257078,1.966762,1.486681,1.955192,1.486681,1.955192,0.250000,0.000000,1.000000
5830.000000,1.469072,1.954672,-1.760879,-0.052066,0.000000,1.000000,0.000000,3.000000,0.000000,1.980767,1.758845,-0.028285,-1.758618,-0.268961,0.000000,0.000000,0.000000,65535.000000,3.257078,1.966762,1.469072,1.954672,1.469072,1.954672,0.250000,0.000000,1.000000
5840.000000,1.451319,1.954295,-1.775295,-0.037697,0.000000,1.000000,0.000000,3.000000,0.000000,1.980767,1.761648,-0.023255,-1.761495,-0.268239,0.000000,0.000000,0.000000,65535.000000,3.257078,1.966762,1.451319,1.954295,1.451319,1.954295,0.250000,0.000000,1.000000
5850.000000,1.434000,1.954080,-1.731853,-0.021457,0.000000,1.000000,0.000000,3.000000,0.000000,1.194715,1.775695,-0.009699,-1.775669,-0.668428,0.000000,0.000000,0.000000,65535.000000,3.257078,1.966762,1.434000,1.954080,1.434000,1.954080,0.250000,0.000000,1.000000
5860.000000,1.416701,1.953970,-1.729956,-0.011013,1.000000,2.000000,1.000000,3.000000,2.000000,7.860608,1.731986,0.001241,-1.731985,-0.840334,0.000000,0.000000,0.000000,65535.000000,3.257078,1.966762,1.416701,1.953970,1.416701,1.953970,0.250000,0.000000,1.000000
5870.000000,1.399185,1.953995,-1.751562,0.002550,1.000000,2.000000,1.000000,3.000000,2.000000,0.674352,1.729991,0.006650,-1.729978,-1.140088,0.000000,0.000000,0.000000,65535.000000,1.416701,1.953970,1.399185,1.953995,1.399185,1.953995,0.250000,0.000000,1.000000
5880.000000,1.381489,1.954087,-1.769626,0.009178,1.000000,2.000000,1.000000,3.000000,2.000000,0.638554,1.751564,0.015860,-1.751493,-1.096965,0.000000,0.000000,0.000000,65535.000000,1.416701,1.953970,1.381489,1.954087,1.381489,1.954087,0.250000,0.000000,1.000000
5890.000000,1.364350,1.954200,-1.713861,0.011250,1.000000,2.000000,1.000000,3.000000,2.000000,0.509652,1.769650,0.020860,-1.769527,-0.999055,0.000000,0.000000,0.000000,65535.000000,1.416701,1.953970,1.364350,1.954200,1.364350,1.954200,0.250000,0.000000,1.000000
5900.000000,1.347458,1.954326,-1.689290,0.012665,1.000000,2.000000,1.000000,3.000000,2.000000,0.509652,1.713898,0.023276,-1.713740,-0.989163,0.000000,0.000000,0.000000,65535.000000,1.416701,1.953970,1.347458,1.954326,1.347458,1.954326,0.250000,0.000000,1.000000
5910.000000,1.330514,1.954550,-1.694319,0.022322,1.000000,2.000000,1.000000,3.000000,2.000000,0.551385,1.689337,0.026068,-1.689136,-0.939371,0.000000,0.000000,0.000000,65535.000000,1.416701,1.953970,1.330514,1.954550,1.330514,1.954550,0.250000,0.000000,1.000000
5920.000000,1.313387,1.954896,-1.712702,0.034658,1.000000,2.000000,1.000000,3.000000,2.000000,0.824427,1.694466,0.038904,-1.694019,-0.930620,0.000000,0.000000,0.000000,65535.000000,1.416701,1.953970,1.313387,1.954896,1.313387,1.954896,0.250000,0.000000,1.000000
5930.000000,1.296386,1.955485,-1.700100,0.058923,1.000000,2.000000,1.000000,3.000000,2.000000,0.662630,1.713053,0.054636,-1.712181,-1.086941,0.000000,0.000000,0.000000,65535.000000,1.416701,1.953970,1.296386,1.955485,1.296386,1.955485,0.250000,0.000000,1.000000
5940.000000,1.279530,1.956379,-1.685635,0.089394,1.000000,2.000000,1.000000,3.000000,2.000000,0.341567,1.701121,0.080652,-1.699208,-1.290262,0.000000,0.000000,0.000000,65535.000000,1.416701,1.953970,1.279530,1.956379,1.279530,1.956379,0.250000,0.000000,1.000000
5950.000000,1.262783,1.957565,-1.674664,0.118530,1.000000,2.000000,1.000000,3.000000,2.000000,0.351668,1.688004,0.111018,-1.684349,-1.267101,0.000000,0.000000,0.000000,65535.000000,1.416701,1.953970,1.262783,1.957565,1.262783,1.957565,0.250000,0.000000,1.000000
5960.000000,1.245635,1.959077,-1.714840,0.151250,1.000000,2.000000,1.000000,3.000000,2.000000,0.351668,1.678854,0.138169,-1.673158,-1.251230,0.000000,0.000000,0.000000,65535.000000,1.416701,1.953970,1.245635,1.959077,1.245635,1.959077,0.250000,0.000000,1.000000
5970.000000,1.228551,1.960696,-1.708358,0.161867,1.000000,2.000000,1.000000,3.000000,2.000000,0.333135,1.721497,0.169232,-1.713158,-1.248215,0.000000,0.000000,0.000000,65535.000000,1.416701,1.953970,1.228551,1.960696,1.228551,1.960696,0.250000,0.000000,1.000000
5980.000000,1.211487,1.962317,-1.706416,0.162136,0.000000,2.000000,0.000000,3.000000,1.000000,1.129192,1.716009,0.178492,-1.706701,-1.084201,0.000000,0.000000,0.000000,65535.000000,1.416701,1.953970,1.211487,1.962317,1.211487,1.962317,0.250000,0.000000,1.000000
5990.000000,1.194587,1.963940,-1.690074,0.162289,0.000000,2.000000,0.000000,3.000000,1.000000,0.654850,1.714101,0.178289,-1.704803,-0.936840,0.000000,0.000000,0.000000,65535.000000,1.416701,1.953970,1.194587,1.963940,1.194587,1.963940,0.250000,0.000000,1.000000
6000.000000,1.177978,1.965613,-1.660837,0.167337,0.000000,2.000000,0.000000,3.000000,1.000000,0.517155,1.697848,0.178164,-1.688474,-0.926133,0.000000,0.000000,0.000000,65535.000000,1.416701,1.953970,1.177978,1.965613,1.177978,1.965613,0.250000,0.000000,1.000000
6010.000000,1.161964,1.967148,-1.601400,0.153470,0.000000,2.000000,0.000000,3.000000,1.000000,0.762067,1.669245,0.183322,-1.659148,-0.917627,0.000000,0.000000,0.000000,65535.000000,1.416701,1.953970,1.161964,1.967148,1.161964,1.967148,0.250000,0.000000,1.000000
6020.000000,1.146270,1.968317,-1.569430,0.116904,0.000000,2.000000,0.000000,3.000000,1.000000,0.694216,1.608737,0.169478,-1.599785,-0.971561,0.000000,0.000000,0.000000,65535.000000,1.416701,1.953970,1.146270,1.968317,1.146270,1.968317,0.250000,0.000000,1.000000
6030.000000,1.131183,1.969504,-1.508659,0.118720,0.000000,2.000000,0.000000,3.000000,1.000000,0.437557,1.573778,0.132846,-1.568161,-1.116376,0.000000,0.000000,0.000000,65535.000000,1.416701,1.953970,1.131183,1.969504,1.131183,1.969504,0.250000,0.000000,1.000000
6040.000000,1.116813,1.970936,-1.437032,0.143150,0.000000,2.000000,0.000000,3.000000,1.000000,0.437557,1.513322,0.133906,-1.507386,-1.104038,0.000000,0.000000,0.000000,65535.000000,1.416701,1.953970,1.116813,1.970936,1.116813,1.970936,0.250000,0.000000,1.000000
6050.000000,1.103229,1.972452,-1.358392,0.151597,0.000000,2.000000,0.000000,3.000000,1.000000,0.437557,1.444144,0.156802,-1.435607,-1.091971,0.000000,0.000000,0.000000,65535.000000,1.416701,1.953970,1.103229,1.972452,1.103229,1.972452,0.250000,0.000000,1.000000
6060.000000,1.090254,1.973899,-1.297482,0.144683,0.000000,2.000000,0.000000,3.000000,1.000000,0.922646,1.366825,0.163008,-1.357070,-0.754866,0.000000,0.000000,0.000000,65535.000000,1.416701,1.953970,1.090254,1.973899,1.090254,1.973899,0.250000,0.000000,1.000000
6070.000000,1.077656,1.975076,-1.259861,0.117768,0.000000,2.000000,0.000000,3.000000,1.000000,1.024743,1.305524,0.153735,-1.296441,-0.321407,0.000000,0.000000,0.000000,65535.000000,1.416701,1.953970,1.077656,1.975076,1.077656,1.975076,0.250000,0.000000,1.000000
6080.000000,1.065178,1.975880,-1.247736,0.080333,0.000000,2.000000,0.000000,3.000000,1.000000,1.437565,1.265353,0.124488,-1.259215,-0.047327,0.000000,0.000000,0.000000,65535.000000,1.416701,1.953970,1.065178,1.975880,1.065178,1.975880,0.250000,0.000000,1.000000
6090.000000,1.053490,1.976683,-1.168786,0.080361,0.000000,2.000000,0.000000,3.000000,1.000000,1.437565,1.250320,0.085595,-1.247386,-0.047305,0.000000,0.000000,0.000000,65535.000000,1.416701,1.953970,1.053490,1.976683,1.053490,1.976683,0.250000,0.000000,1.000000
6100.000000,1.042623,1.977827,-1.086767,0.114372,0.000000,2.000000,0.000000,3.000000,0.000000,1.299187,1.171545,0.085267,-1.168438,-0.074943,0.000000,0.000000,0.000000,65535.000000,1.416701,1.953970,1.042623,1.977827,1.042623,1.977827,0.250000,0.000000,1.000000
6110.000000,1.032411,1.979069,-1.021136,0.124193,0.000000,2.000000,0.000000,3.000000,0.000000,0.487054,1.092769,0.119740,-1.086189,-0.858967,0.000000,0.000000,0.000000,65535.000000,1.416701,1.953970,1.032411,1.979069,1.032411,1.979069,0.250000,0.000000,1.000000
6120.000000,1.022812,1.980160,-0.959936,0.109108,0.000000,2.000000,0.000000,3.000000,0.000000,0.487054,1.028661,0.129131,-1.020524,-0.851645,0.000000,0.000000,0.000000,65535.000000,1.416701,1.953970,1.022812,1.980160,1.022812,1.980160,0.250000,0.000000,1.000000
6130.000000,1.013782,1.981113,-0.902985,0.095322,0.000000,2.000000,0.000000,3.000000,0.000000,0.522113,0.966117,0.112652,-0.959526,-0.793737,0.000000,0.000000,0.000000,65535.000000,1.416701,1.953970,1.013782,1.981113,1.013782,1.981113,0.250000,0.000000,1.000000
6140.000000,1.005012,1.982067,-0.876995,0.095413,0.000000,2.000000,0.000000,3.000000,0.000000,0.522113,0.908003,0.097301,-0.902774,-0.787481,0.000000,0.000000,0.000000,65535.000000,1.416701,1.953970,1.005012,1.982067,1.005012,1.982067,0.250000,0.000000,1.000000
6150.000000,0.996229,1.982895,-0.878287,0.082753,0.000000,2.000000,0.000000,3.000000,0.000000,0.573304,0.882170,0.096380,-0.876889,-0.719075,0.000000,0.000000,0.000000,65535.000000,1.416701,1.953970,0.996229,1.982895,0.996229,1.982895,0.250000,0.000000,1.000000
6160.000000,0.987417,1.983727,-0.881189,0.083157,0.000000,2.000000,0.000000,3.000000,0.000000,0.573304,0.882177,0.083384,-0.878228,-0.713936,0.000000,0.000000,0.000000,65535.000000,1.416701,1.953970,0.987417,1.983727,0.987417,1.983727,0.250000,0.000000,1.000000
6170.000000,0.979125,1.984719,-0.829214,0.099216,0.000000,2.000000,0.000000,3.000000,0.000000,0.573304,0.885104,0.083910,-0.881118,-0.708871,0.000000,0.000000,0.000000,65535.000000,1.416701,1.953970,0.979125,1.984719,0.979125,1.984719,0.250000,0.000000,1.000000
6180.000000,0.971449,1.986042,-0.767618,0.132372,0.000000,2.000000,0.000000,3.000000,0.000000,0.569766,0.835128,0.099934,-0.829128,-0.777397,0.000000,0.000000,0.000000,65535.000000,1.416701,1.953970,0.971449,1.986042,0.971449,1.986042,0.250000,0.000000,1.000000
6190.000000,0.964543,1.987743,-0.690570,0.170066,0.000000,2.000000,0.000000,3.000000,0.000000,0.475819,0.778948,0.132671,-0.767566,-0.812556,0.000000,0.000000,0.000000,65535.000000,1.416701,1.953970,0.964543,1.987743,0.964543,1.987743,0.250000,0.000000,1.000000
6200.000000,0.958096,1.989450,-0.644699,0.170726,0.000000,2.000000,0.000000,3.000000,0.000000,0.475819,0.711203,0.170437,-0.690479,-0.806001,0.000000,0.000000,0.000000,65535.000000,1.416701,1.953970,0.958096,1.989450,0.958096,1.989450,0.250000,0.000000,1.000000
6210.000000,0.952064,1.991019,-0.603224,0.156874,0.000000,2.000000,0.000000,3.000000,0.000000,1.059070,0.666921,0.171380,-0.644525,-0.289595,0.000000,0.000000,0.000000,65535.000000,1.416701,1.953970,0.952064,1.991019,0.952064,1.991019,0.250000,0.000000,1.000000
6220.000000,0.946369,1.992436,-0.569531,0.141670,0.000000,2.000000,0.000000,3.000000,0.000000,1.059070,0.623288,0.156912,-0.603214,-0.288758,0.000000,0.000000,0.000000,65535.000000,1.416701,1.953970,0.946369,1.992436,0.946369,1.992436,0.250000,0.000000,1.000000
6230.000000,0.940907,1.993820,-0.546201,0.138419,0.000000,2.000000,0.000000,3.000000,0.000000,1.059070,0.586887,0.141486,-0.569577,-0.287926,0.000000,0.000000,0.000000,65535.000000,1.416701,1.953970,0.940907,1.993820,0.940907,1.993820,0.250000,0.000000,1.000000
6240.000000,0.935712,1.995249,-0.519503,0.142874,0.000000,2.000000,0.000000,3.000000,0.000000,0.805438,0.563468,0.138557,-0.546167,-0.501253,0.000000,0.000000,0.000000,65535.000000,1.416701,1.953970,0.935712,1.995249,0.935712,1.995249,0.250000,0.000000,1.000000
6250.000000,0.930257,1.997287,-0.545465,0.203776,0.000000,2.000000,0.000000,3.000000,0.000000,0.374449,0.538792,0.143301,-0.519386,-0.996715,0.000000,0.000000,0.000000,65535.000000,1.416701,1.953970,0.930257,1.997287,0.930257,1.997287,0.250000,0.000000,1.000000
6260.000000,0.924878,1.999497,-0.537970,0.221011,0.000000,2.000000,0.000000,3.000000,0.000000,0.758822,0.503563,0.144906,-0.482263,-0.583971,0.000000,0.000000,0.000000,65535.000000,1.416701,1.953970,0.924878,1.999497,0.924878,1.999497,0.250000,0.000000,1.000000
6270.000000,0.919612,2.001824,-0.526574,0.232767,0.000000,2.000000,0.000000,3.000000,0.000000,0.795921,0.480305,0.146545,-0.457403,-0.539736,0.000000,0.000000,0.000000,65535.000000,1.416701,1.953970,0.919612,2.001824,0.919612,2.001824,0.250000,0.000000,1.000000
6280.000000,0.914142,2.004174,-0.547021,0.234916,0.000000,2.000000,0.000000,3.000000,0.000000,0.795921,0.454820,0.144935,-0.431110,-0.536836,0.000000,0.000000,0.000000,65535.000000,1.416701,1.953970,0.914142,2.004174,0.914142,2.004174,0.250000,0.000000,1.000000
6290.000000,0.909210,2.006402,-0.493197,0.222900,0.000000,2.000000,0.000000,3.000000,0.000000,0.604203,0.439186,0.119739,-0.422548,-0.676811,0.000000,0.000000,0.000000,65535.000000,1.416701,1.953970,0.909210,2.006402,0.909210,2.006402,0.250000,0.000000,1.000000
6300.000000,0.904791,2.008483,-0.441833,0.208025,0.000000,2.000000,0.000000,3.000000,0.000000,1.037493,0.405391,0.093147,-0.394544,-0.302595,0.000000,0.000000,0.000000,65535.000000,1.416701,1.953970,0.904791,2.008483,0.904791,2.008483,0.250000,0.000000,1.000000
6310.000000,0.900728,2.010441,-0.406369,0.195804,0.000000,2.000000,0.000000,3.000000,0.000000,1.037493,0.362561,0.084670,-0.352536,-0.294216,0.000000,0.000000,0.000000,65535.000000,1.416701,1.953970,0.900728,2.010441,0.900728,2.010441,0.250000,0.000000,1.000000
6320.000000,0.896989,2.012239,-0.373874,0.179808,0.000000,2.000000,0.000000,3.000000,0.000000,1.037493,0.329710,0.082737,-0.319161,-0.293352,0.000000,0.000000,0.000000,65535.000000,1.416701,1.953970,0.896989,2.012239,0.896989,2.012239,0.250000,0.000000,1.000000
6330.000000,0.893629,2.013847,-0.336019,0.160786,0.000000,2.000000,0.000000,3.000000,0.000000,0.583429,0.298011,0.082858,-0.286261,-0.668305,0.000000,0.000000,0.000000,65535.000000,1.416701,1.953970,0.893629,2.013847,0.893629,2.013847,0.250000,0.000000,1.000000
6340.000000,0.890598,2.015365,-0.303093,0.151849,0.000000,2.000000,0.000000,3.000000,0.000000,0.583429,0.263896,0.079661,-0.251586,-0.663864,0.000000,0.000000,0.000000,65535.000000,1.416701,1.953970,0.890598,2.015365,0.890598,2.015365,0.250000,0.000000,1.000000
6350.000000,0.887853,2.016793,-0.274492,0.142819,0.000000,2.000000,0.000000,3.000000,0.000000,0.525873,0.236128,0.074427,-0.224091,-0.725314,0.000000,0.000000,0.000000,65535.000000,1.416701,1.953970,0.887853,2.016793,0.887853,2.016793,0.250000,0.000000,1.000000
6360.000000,0.885415,2.018088,-0.243807,0.129490,0.000000,2.000000,0.000000,3.000000,0.000000,0.525873,0.214836,0.065980,-0.204453,-0.720086,0.000000,0.000000,0.000000,65535.000000,1.416701,1.953970,0.885415,2.018088,0.885415,2.018088,0.250000,0.000000,1.000000
6370.000000,0.883738,2.019224,-0.167632,0.113599,0.000000,2.000000,0.000000,3.000000,0.000000,0.391295,0.188714,0.066681,-0.176541,-0.923826,0.000000,0.000000,0.000000,65535.000000,1.416701,1.953970,0.883738,2.019224,0.883738,2.019224,0.250000,0.000000,1.000000
6380.000000,0.882488,2.020209,-0.125082,0.098441,0.000000,2.000000,0.000000,3.000000,0.000000,0.275625,0.152451,0.078888,-0.130453,-1.048268,0.000000,0.000000,0.000000,65535.000000,1.416701,1.953970,0.882488,2.020209,0.882488,2.020209,0.250000,0.000000,1.000000
6390.000000,0.881574,2.020832,-0.091374,0.062273,0.000000,2.000000,0.000000,3.000000,0.000000,0.275625,0.129948,0.078532,-0.103534,-1.037382,0.000000,0.000000,0.000000,65535.000000,1.416701,1.953970,0.881574,2.020832,0.881574,2.020832,0.250000,0.000000,1.000000
6400.000000,0.880750,2.021317,-0.082387,0.048518,0.000000,2.000000,0.000000,3.000000,0.000000,0.219917,0.110576,0.062612,-0.091141,-1.095158,0.000000,0.000000,0.000000,65535.000000,1.416701,1.953970,0.880750,2.021317,0.880750,2.021317,0.250000,0.000000,1.000000
6410.000000,0.880112,2.021712,-0.063757,0.039495,0.000000,2.000000,0.000000,3.000000,0.000000,0.238811,0.095612,0.048912,-0.082154,-1.098545,0.000000,0.000000,0.000000,65535.000000,1.416701,1.953970,0.880112,2.021712,0.880112,2.021712,0.250000,0.000000,1.000000
6420.000000,0.879740,2.022117,-0.037225,0.040565,0.000000,2.000000,0.000000,3.000000,0.000000,0.247886,0.074999,0.039845,-0.063539,-1.067221,0.000000,0.000000,0.000000,65535.000000,1.416701,1.953970,0.879740,2.022117,0.879740,2.022117,0.250000,0.000000,1.000000
6430.000000,0.879278,2.022631,-0.046176,0.051394,0.000000,2.000000,0.000000,3.000000,0.000000,0.247886,0.055057,0.040821,-0.036945,-1.055941,0.000000,0.000000,0.000000,65535.000000,1.416701,1.953970,0.879278,2.022631,0.879278,2.022631,0.250000,0.000000,1.000000
6440.000000,0.879278,2.022631,0.000000,0.000000,0.000000,2.000000,0.000000,3.000000,0.000000,0.189578,0.053216,0.053196,0.001441,-1.138539,0.000000,0.000000,0.000000,65535.000000,1.416701,1.953970,0.879278,2.022631,0.879278,2.022631,0.250000,0.000000,1.000000
6450.000000,0.879278,2.022631,0.000000,0.000000,0.000000,2.000000,0.000000,3.000000,0.000000,0.189578,0.088958,0.073225,0.050513,-1.125710,0.000000,0.000000,0.000000,65535.000000,1.416701,1.953970,0.879278,2.022631,0.879278,2.022631,0.250000,0.000000,1.000000
6460.000000,0.879278,2.022631,0.000000,0.000000,0.000000,2.000000,0.000000,3.000000,0.000000,0.185276,0.139450,0.097953,0.099254,-1.088045,0.000000,0.000000,0.000000,65535.000000,1.416701,1.953970,0.879278,2.022631,0.879278,2.022631,0.250000,0.000000,1.000000
6470.000000,0.879624,2.022805,0.034558,0.017362,0.000000,2.000000,0.000000,3.000000,0.000000,0.442470,0.201160,0.133418,0.150549,-0.732734,0.000000,0.000000,0.000000,65535.000000,1.416701,1.953970,0.879624,2.022805,0.879624,2.022805,0.250000,0.000000,1.000000
6480.000000,0.880354,2.023338,0.072944,0.053338,0.000000,2.000000,0.000000,3.000000,0.000000,0.546100,0.274245,0.180054,0.206859,-0.605688,0.000000,0.000000,0.000000,65535.000000,1.416701,1.953970,0.880354,2.023338,0.880354,2.023338,0.250000,0.000000,1.000000
6490.000000,0.881605,2.024370,0.125164,0.103197,0.000000,2.000000,0.000000,3.000000,0.000000,0.576528,0.358828,0.237475,0.269004,-0.581810,0.000000,0.000000,0.000000,65535.000000,1.416701,1.953970,0.881605,2.024370,0.881605,2.024370,0.250000,0.000000,1.000000
6500.000000,0.883324,2.025844,0.171842,0.147423,0.000000,2.000000,0.000000,3.000000,0.000000,0.576528,0.426916,0.283854,0.318879,-0.578442,0.000000,0.000000,0.000000,65535.000000,1.416701,1.953970,0.883324,2.025844,0.883324,2.025844,0.250000,0.000000,1.000000
6510.000000,0.886050,2.028266,0.272646,0.242139,0.000000,2.000000,0.000000,3.000000,0.000000,0.555221,0.462075,0.307751,0.344678,-0.675209,0.000000,0.000000,0.000000,65535.000000,1.416701,1.953970,0.886050,2.028266,0.886050,2.028266,0.250000,0.000000,1.000000
6520.000000,0.890195,2.032040,0.414546,0.377415,0.000000,2.000000,0.000000,3.000000,0.000000,0.396831,0.508439,0.338779,0.379128,-0.849577,0.000000,0.000000,0.000000,65535.000000,1.416701,1.953970,0.890195,2.032040,0.890195,2.032040,0.250000,0.000000,1.000000
6530.000000,0.894857,2.036328,0.466171,0.428812,0.000000,2.000000,0.000000,3.000000,0.000000,0.425421,0.590029,0.395122,0.438192,-0.837893,0.000000,0.000000,0.000000,65535.000000,1.416701,1.953970,0.894857,2.036328,0.894857,2.036328,0.250000,0.000000,1.000000
6540.000000,0.899444,2.040662,0.458695,0.433361,0.000000,2.000000,0.000000,3.000000,0.000000,0.425421,0.652341,0.439531,0.482039,-0.830924,0.000000,0.000000,0.000000,65535.000000,1.416701,1.953970,0.899444,2.040662,0.899444,2.040662,0.250000,0.000000,1.000000
6550.000000,0.904048,2.045120,0.460405,0.445899,0.000000,2.000000,0.000000,3.000000,0.000000,0.335338,0.711088,0.485770,0.519301,-0.851727,0.000000,0.000000,0.000000,65535.000000,1.416701,1.953970,0.904048,2.045120,0.904048,2.045120,0.250000,0.000000,1.000000
6560.000000,0.908756,2.049757,0.470813,0.463622,0.000000,2.000000,0.000000,3.000000,0.000000,0.335338,0.783223,0.540331,0.566993,-0.904086,0.000000,0.000000,0.000000,65535.000000,1.416701,1.953970,0.908756,2.049757,0.908756,2.049757,0.250000,0.000000,1.000000
6570.000000,0.913510,2.054448,0.475355,0.469080,0.000000,2.000000,0.000000,3.000000,0.000000,0.335338,0.798992,0.554858,0.574909,-0.933103,0.000000,0.000000,0.000000,65535.000000,1.416701,1.953970,0.913510,2.054448,0.913510,2.054448,0.250000,0.000000,1.000000
6580.000000,0.918382,2.059226,0.487187,0.477835,0.000000,2.000000,0.000000,3.000000,0.000000,0.229295,0.767905,0.534337,0.551508,-1.093152,0.000000,0.000000,0.000000,65535.000000,1.416701,1.953970,0.918382,2.059226,0.918382,2.059226,0.250000,0.000000,1.000000
6590.000000,0.923470,2.064227,0.508813,0.500088,0.000000,2.000000,0.000000,3.000000,0.000000,0.262395,0.768855,0.534168,0.552994,-1.008934,0.000000,0.000000,0.000000,65535.000000,1.416701,1.953970,0.923470,2.064227,0.923470,2.064227,0.250000,0.000000,1.000000
6600.000000,0.928978,2.069694,0.550784,0.546727,0.000000,2.000000,0.000000,3.000000,0.000000,0.303575,0.776959,0.540606,0.558042,-0.912459,0.000000,0.000000,0.000000,65535.000000,1.416701,1.953970,0.928978,2.069694,0.928978,2.069694,0.250000,0.000000,1.000000
6610.000000,0.935115,2.075804,0.613792,0.610943,0.000000,2.000000,0.000000,3.000000,0.000000,0.274138,0.810332,0.566149,0.579752,-0.860190,0.000000,0.000000,0.000000,65535.000000,1.416701,1.953970,0.935115,2.075804,0.935115,2.075804,0.250000,0.000000,1.000000
6620.000000,0.941344,2.082037,0.622822,0.623348,0.000000,2.000000,0.000000,3.000000,0.000000,0.274138,0.866021,0.605385,0.619275,-0.833531,0.000000,0.000000,0.000000,65535.000000,1.416701,1.953970,0.941344,2.082037,0.941344,2.082037,0.250000,0.000000,1.000000
6630.000000,0.946669,2.087373,0.532534,0.533583,0.000000,2.000000,0.000000,3.000000,0.000000,0.274138,0.881175,0.617045,0.629067,-0.826634,0.000000,0.000000,0.000000,65535.000000,1.416701,1.953970,0.946669,2.087373,0.946669,2.087373,0.250000,0.000000,1.000000
6640.000000,0.951934,2.092603,0.526522,0.523055,0.000000,2.000000,0.000000,3.000000,0.000000,0.230136,0.855426,0.598035,0.611644,-0.867412,0.000000,0.000000,0.000000,65535.000000,1.416701,1.953970,0.951934,2.092603,0.951934,2.092603,0.250000,0.000000,1.000000
6650.000000,0.957259,2.097836,0.532431,0.523209,0.000000,2.000000,0.000000,3.000000,0.000000,0.178485,0.865350,0.602719,0.620935,-0.931320,0.000000,0.000000,0.000000,65535.000000,1.416701,1.953970,0.957259,2.097836,0.957259,2.097836,0.250000,0.000000,1.000000
6660.000000,0.962864,2.103307,0.560552,0.547187,0.000000,2.000000,0.000000,3.000000,0.000000,0.132079,0.870582,0.603632,0.627329,-1.021323,0.000000,0.000000,0.000000,65535.000000,1.416701,1.953970,0.962864,2.103307,0.962864,2.103307,0.250000,0.000000,1.000000
6670.000000,0.969023,2.109298,0.615894,0.599093,0.000000,2.000000,0.000000,3.000000,0.000000,0.132079,0.901363,0.623166,0.651244,-1.010987,0.000000,0.000000,0.000000,65535.000000,1.416701,1.953970,0.969023,2.109298,0.969023,2.109298,0.250000,0.000000,1.000000
6680.000000,0.975686,2.115766,0.666331,0.646755,0.000000,2.000000,0.000000,3.000000,0.000000,0.132079,0.953527,0.658058,0.690053,-0.993005,0.000000,0.000000,0.000000,65535.000000,1.416701,1.953970,0.975686,2.115766,0.975686,2.115766,0.250000,0.000000,1.000000
6690.000000,0.981699,2.121577,0.601268,0.581044,0.000000,2.000000,0.000000,3.000000,0.000000,0.126332,0.996011,0.686678,0.721464,-0.983231,0.000000,0.000000,0.000000,65535.000000,1.416701,1.953970,0.981699,2.121577,0.981699,2.121577,0.250000,0.000000,1.000000
6700.000000,0.987431,2.127095,0.573238,0.551837,0.000000,2.000000,0.000000,3.000000,0.000000,0.141467,0.929962,0.640135,0.674579,-0.973648,0.000000,0.000000,0.000000,65535.000000,1.416701,1.953970,0.987431,2.127095,0.987431,2.127095,0.250000,0.000000,1.000000
6710.000000,0.993158,2.132565,0.572629,0.546948,0.000000,2.000000,0.000000,3.000000,0.000000,0.182499,0.897013,0.616792,0.651306,-0.921807,0.000000,0.000000,0.000000,65535.000000,1.416701,1.953970,0.993158,2.132565,0.993158,2.132565,0.250000,0.000000,1.000000
6720.000000,0.999004,2.138135,0.584640,0.557041,0.000000,2.000000,0.000000,3.000000,0.000000,0.205869,0.883539,0.605731,0.643220,-0.905417,0.000000,0.000000,0.000000,65535.000000,1.416701,1.953970,0.999004,2.138135,0.999004,2.138135,0.250000,0.000000,1.000000
6730.000000,1.005388,2.144230,0.638437,0.609495,0.000000,2.000000,0.000000,3.000000,0.000000,0.205869,0.884719,0.606136,0.644458,-0.897285,0.000000,0.000000,0.000000,65535.000000,1.416701,1.953970,1.005388,2.144230,1.005388,2.144230,0.250000,0.000000,1.000000
6740.000000,1.012016,2.150563,0.662804,0.633358,0.000000,2.000000,0.000000,3.000000,0.000000,0.168843,0.911048,0.624703,0.663140,-0.929430,0.000000,0.000000,0.000000,65535.000000,1.416701,1.953970,1.012016,2.150563,1.012016,2.150563,0.250000,0.000000,1.000000
6750.000000,1.018291,2.156574,0.627492,0.601032,0.000000,2.000000,0.000000,3.000000,0.000000,0.203923,0.916761,0.628907,0.667029,-0.934520,0.000000,0.000000,0.000000,65535.000000,1.416701,1.953970,1.018291,2.156574,1.018291,2.156574,0.250000,0.000000,1.000000
6760.000000,1.024624,2.162636,0.633250,0.606191,0.000000,2.000000,0.000000,3.000000,0.000000,0.161385,0.868899,0.596813,0.631506,-0.932002,0.000000,0.000000,0.000000,65535.000000,1.416701,1.953970,1.024624,2.162636,1.024624,2.162636,0.250000,0.000000,1.000000
6770.000000,1.030912,2.168622,0.628798,0.598612,0.000000,2.000000,0.000000,3.000000,0.000000,0.144224,0.876627,0.601969,0.637266,-0.936841,0.000000,0.000000,0.000000,65535.000000,1.416701,1.953970,1.030912,2.168622,1.030912,2.168622,0.250000,0.000000,1.000000
6780.000000,1.037333,2.174683,0.642168,0.606139,0.000000,2.000000,0.000000,3.000000,0.000000,0.134611,0.868173,0.594666,0.632531,-0.935675,0.000000,0.000000,0.000000,65535.000000,1.416701,1.953970,1.037333,2.174683,1.037333,2.174683,0.250000,0.000000,1.000000
6790.000000,1.044059,2.180960,0.672573,0.627637,0.000000,2.000000,0.000000,3.000000,0.000000,0.131530,0.883054,0.602613,0.645478,-0.929413,0.000000,0.000000,0.000000,65535.000000,1.416701,1.953970,1.044059,2.180960,1.044059,2.180960,0.250000,0.000000,1.000000
6800.000000,1.050897,2.187295,0.683745,0.633543,0.000000,2.000000,0.000000,3.000000,0.000000,0.122041,0.919936,0.624503,0.675484,-0.929857,0.000000,0.000000,0.000000,65535.000000,1.416701,1.953970,1.050897,2.187295,1.050897,2.187295,0.250000,0.000000,1.000000
6810.000000,1.057343,2.193200,0.644655,0.590480,0.000000,2.000000,0.000000,3.000000,0.000000,0.092973,0.932140,0.630746,0.686326,-0.942573,0.000000,0.000000,0.000000,65535.000000,1.416701,1.953970,1.057343,2.193200,1.057343,2.193200,0.250000,0.000000,1.000000
6820.000000,1.063619,2.198919,0.627566,0.571859,0.000000,2.000000,0.000000,3.000000,0.000000,0.150387,0.874212,0.588129,0.646800,-0.888289,0.000000,0.000000,0.000000,65535.000000,1.416701,1.953970,1.063619,2.198919,1.063619,2.198919,0.250000,0.000000,1.000000
6830.000000,1.069808,2.204506,0.618853,0.558681,0.000000,2.000000,0.000000,3.000000,0.000000,0.177149,0.849036,0.569813,0.629425,-0.880460,0.000000,0.000000,0.000000,65535.000000,1.416701,1.953970,1.069808,2.204506,1.069808,2.204506,0.250000,0.000000,1.000000
6840.000000,1.076012,2.209985,0.620476,0.547894,0.000000,2.000000,0.000000,3.000000,0.000000,0.194686,0.833729,0.557258,0.620135,-0.747398,0.000000,0.000000,0.000000,65535.000000,1.416701,1.953970,1.076012,2.209985,1.076012,2.209985,0.250000,0.000000,1.000000
6850.000000,1.082272,2.215420,0.625973,0.543601,0.000000,2.000000,0.000000,3.000000,0.000000,0.303805,0.827755,0.546933,0.621323,-0.740985,0.000000,0.000000,0.000000,65535.000000,1.416701,1.953970,1.082272,2.215420,1.082272,2.215420,0.250000,0.000000,1.000000
6860.000000,1.088840,2.221042,0.656837,0.562157,0.000000,2.000000,0.000000,3.000000,0.000000,0.310490,0.829062,0.542556,0.626878,-0.735530,0.000000,0.000000,0.000000,65535.000000,1.416701,1.953970,1.088840,2.221042,1.088840,2.221042,0.250000,0.000000,1.000000
6870.000000,1.095443,2.226547,0.660268,0.550489,0.000000,2.000000,0.000000,3.000000,0.000000,0.265619,0.864555,0.560150,0.658550,-0.777969,0.000000,0.000000,0.000000,65535.000000,1.416701,1.953970,1.095443,2.226547,1.095443,2.226547,0.250000,0.000000,1.000000
6880.000000,1.100950,2.230844,0.550696,0.429659,0.000000,2.000000,0.000000,3.000000,0.000000,0.277564,0.859647,0.547400,0.662832,-0.746524,0.000000,0.000000,0.000000,65535.000000,1.416701,1.953970,1.100950,2.230844,1.100950,2.230844,0.250000,0.000000,1.000000
6890.000000,1.106135,2.234684,0.518537,0.384084,0.000000,2.000000,0.000000,3.000000,0.000000,0.336459,0.863036,0.540225,0.673043,-0.740987,0.000000,0.000000,0.000000,65535.000000,1.416701,1.953970,1.106135,2.234684,1.106135,2.234684,0.250000,0.000000,1.000000
6900.000000,1.111171,2.238274,0.503545,0.358937,0.000000,2.000000,0.000000,3.000000,0.000000,0.509434,0.860075,0.529278,0.677934,-0.551545,0.000000,0.000000,0.000000,65535.000000,1.416701,1.953970,1.111171,2.238274,1.111171,2.238274,0.250000,0.000000,1.000000
6910.000000,1.116116,2.241706,0.494543,0.343209,0.000000,2.000000,0.000000,3.000000,0.000000,0.739564,0.876442,0.534333,0.694723,-0.144560,0.000000,0.000000,0.000000,65535.000000,1.416701,1.953970,1.116116,2.241706,1.116116,2.241706,0.250000,0.000000,1.000000
6920.000000,1.121606,2.245514,0.549033,0.380830,0.000000,2.000000,0.000000,3.000000,0.000000,0.739564,0.885569,0.536782,0.704342,-0.144352,0.000000,0.000000,0.000000,65535.000000,1.416701,1.953970,1.121606,2.245514,1.121606,2.245514,0.250000,0.000000,1.000000
6930.000000,1.128191,2.250186,0.658442,0.467199,0.000000,2.000000,0.000000,3.000000,0.000000,0.739564,0.911947,0.548099,0.728859,-0.144143,0.000000,0.000000,0.000000,65535.000000,1.416701,1.953970,1.128191,2.250186,1.128191,2.250186,0.250000,0.000000,1.000000
6940.000000,1.135499,2.255414,0.730795,0.522778,0.000000,2.000000,0.000000,3.000000,0.000000,0.543860,0.947682,0.565516,0.760455,-0.278936,0.000000,0.000000,0.000000,65535.000000,1.416701,1.953970,1.135499,2.255414,1.135499,2.255414,0.250000,0.000000,1.000000
6950.000000,1.142260,2.260201,0.676161,0.478678,0.000000,2.000000,0.000000,3.000000,0.000000,0.543860,0.957375,0.567705,0.770894,-0.278160,0.000000,0.000000,0.000000,65535.000000,1.416701,1.953970,1.142260,2.260201,1.142260,2.260201,0.250000,0.000000,1.000000
6960.000000,1.148870,2.264981,0.660940,0.478056,0.000000,2.000000,0.000000,3.000000,0.000000,0.475675,0.880574,0.519327,0.711133,-0.539638,0.000000,0.000000,0.000000,65535.000000,1.416701,1.953970,1.148870,2.264981,1.148870,2.264981,0.250000,0.000000,1.000000
6970.000000,1.154902,2.269324,0.603242,0.434253,0.000000,2.000000,0.000000,3.000000,0.000000,0.362314,0.820147,0.485043,0.661343,-0.739894,0.000000,0.000000,0.000000,65535.000000,1.416701,1.953970,1.154902,2.269324,1.154902,2.269324,0.250000,0.000000,1.000000
6980.000000,1.160581,2.273333,0.567870,0.400883,0.000000,2.000000,0.000000,3.000000,0.000000,0.416934,0.743288,0.437169,0.601132,-0.623212,0.000000,0.000000,0.000000,65535.000000,1.416701,1.953970,1.160581,2.273333,1.160581,2.273333,0.250000,0.000000,1.000000
6990.000000,1.166292,2.277384,0.571099,0.405112,0.000000,2.000000,0.000000,3.000000,0.000000,0.320488,0.695114,0.403195,0.566231,-0.576457,0.000000,0.000000,0.000000,65535.000000,1.416701,1.953970,1.166292,2.277384,1.166292,2.277384,0.250000,0.000000,1.000000
7000.000000,1.171987,2.281470,0.569493,0.408576,0.000000,2.000000,0.000000,3.000000,0.000000,0.341239,0.700193,0.407195,0.569616,-0.502078,0.000000,0.000000,0.000000,65535.000000,1.416701,1.953970,1.171987,2.281470,1.171987,2.281470,0.250000,0.000000,1.000000
7010.000000,1.177343,2.285286,0.535578,0.381673,0.000000,2.000000,0.000000,3.000000,0.000000,0.341239,0.700897,0.410306,0.568248,-0.499568,0.000000,0.000000,0.000000,65535.000000,1.416701,1.953970,1.177343,2.285286,1.177343,2.285286,0.250000,0.000000,1.000000
7020.000000,1.182244,2.288661,0.490080,0.337421,0.000000,2.000000,0.000000,3.000000,0.000000,0.367179,0.657661,0.383430,0.534322,-0.478215,0.000000,0.000000,0.000000,65535.000000,1.416701,1.953970,1.182244,2.288661,1.182244,2.288661,0.250000,0.000000,1.000000
7030.000000,1.186899,2.291849,0.465526,0.318876,0.000000,2.000000,0.000000,3.000000,0.000000,0.367179,0.595005,0.339450,0.488677,-0.475937,0.000000,0.000000,0.000000,65535.000000,1.416701,1.953970,1.186899,2.291849,1.186899,2.291849,0.250000,0.000000,1.000000
7040.000000,1.191480,2.295193,0.458112,0.334338,0.000000,2.000000,0.000000,3.000000,0.000000,0.465850,0.564266,0.320951,0.464098,-0.394156,0.000000,0.000000,0.000000,65535.000000,1.416701,1.953970,1.191480,2.295193,1.191480,2.295193,0.250000,0.000000,1.000000
7050.000000,1.196123,2.298698,0.464257,0.350553,0.000000,2.000000,0.000000,3.000000,0.000000,0.707130,0.567141,0.336416,0.456588,-0.040517,0.000000,0.000000,0.000000,65535.000000,1.416701,1.953970,1.196123,2.298698,1.196123,2.298698,0.250000,0.000000,1.000000
7060.000000,1.200894,2.302400,0.477146,0.370160,0.000000,2.000000,0.000000,3.000000,0.000000,0.707130,0.581741,0.353109,0.462317,-0.040500,0.000000,0.000000,0.000000,65535.000000,1.416701,1.953970,1.200894,2.302400,1.200894,2.302400,0.250000,0.000000,1.000000
7070.000000,1.205877,2.306384,0.498339,0.398385,0.000000,2.000000,0.000000,3.000000,0.000000,0.707130,0.603893,0.373172,0.474795,-0.040484,0.000000,0.000000,0.000000,65535.000000,1.416701,1.953970,1.205877,2.306384,1.205877,2.306384,0.250000,0.000000,1.000000
7080.000000,1.211038,2.310641,0.516094,0.425688,0.000000,2.000000,0.000000,3.000000,0.000000,0.443912,0.638007,0.401846,0.495552,-0.347455,0.000000,0.000000,0.000000,65535.000000,1.416701,1.953970,1.211038,2.310641,1.211038,2.310641,0.250000,0.000000,1.000000
7090.000000,1.215980,2.314802,0.494192,0.416118,0.000000,2.000000,0.000000,3.000000,0.000000,0.443912,0.669002,0.429266,0.513123,-0.346251,0.000000,0.000000,0.000000,65535.000000,1.416701,1.953970,1.215980,2.314802,1.215980,2.314802,0.250000,0.000000,1.000000
7100.000000,1.220543,2.318744,0.456306,0.394276,0.000000,2.000000,0.000000,3.000000,0.000000,0.335274,0.646050,0.419278,0.491514,-0.578789,0.000000,0.000000,0.000000,65535.000000,1.416701,1.953970,1.220543,2.318744,1.220543,2.318744,0.250000,0.000000,1.000000
7110.000000,1.224938,2.322649,0.439446,0.390467,0.000000,2.000000,0.000000,3.000000,0.000000,0.543574,0.603049,0.396789,0.454122,-0.264844,0.000000,0.000000,0.000000,65535.000000,1.416701,1.953970,1.224938,2.322649,1.224938,2.322649,0.250000,0.000000,1.000000
7120.000000,1.229251,2.326588,0.431282,0.393905,0.000000,2.000000,0.000000,3.000000,0.000000,0.606994,0.587858,0.392795,0.437367,-0.207560,0.000000,0.000000,0.000000,65535.000000,1.416701,1.953970,1.229251,2.326588,1.229251,2.326588,0.250000,0.000000,1.000000
7130.000000,1.233563,2.330579,0.431276,0.399085,0.000000,2.000000,0.000000,3.000000,0.000000,0.606994,0.584093,0.396230,0.429147,-0.207130,0.000000,0.000000,0.000000,65535.000000,1.416701,1.953970,1.233563,2.330579,1.233563,2.330579,0.250000,0.000000,1.000000
7140.000000,1.237959,2.334693,0.439592,0.411384,0.000000,2.000000,0.000000,3.000000,0.000000,0.570719,0.587595,0.401611,0.428925,-0.296220,0.000000,0.000000,0.000000,65535.000000,1.416701,1.953970,1.237959,2.334693,1.237959,2.334693,0.250000,0.000000,1.000000
7150.000000,1.242623,2.339161,0.466342,0.446832,0.000000,2.000000,0.000000,3.000000,0.000000,0.570719,0.602062,0.414074,0.437060,-0.295344,0.000000,0.000000,0.000000,65535.000000,1.416701,1.953970,1.242623,2.339161,1.242623,2.339161,0.250000,0.000000,1.000000
7160.000000,1.247374,2.343749,0.475161,0.458793,0.000000,2.000000,0.000000,3.000000,0.000000,0.303575,0.645858,0.449858,0.463423,-0.686039,0.000000,0.000000,0.000000,65535.000000,1.416701,1.953970,1.247374,2.343749,1.247374,2.343749,0.250000,0.000000,1.000000
7170.000000,1.251980,2.348247,0.460578,0.449814,0.000000,2.000000,0.000000,3.000000,0.000000,0.363434,0.660506,0.462016,0.472027,-0.623163,0.000000,0.000000,0.000000,65535.000000,1.416701,1.953970,1.251980,2.348247,1.251980,2.348247,0.250000,0.000000,1.000000
7180.000000,1.256284,2.352539,0.430381,0.429180,0.000000,2.000000,0.000000,3.000000,0.000000,0.363434,0.643790,0.453126,0.457321,-0.586781,0.000000,0.000000,0.000000,65535.000000,1.416701,1.953970,1.256284,2.352539,1.256284,2.352539,0.250000,0.000000,1.000000
7190.000000,1.260164,2.356645,0.387965,0.410554,0.000000,2.000000,0.000000,3.000000,0.000000,0.439495,0.607802,0.432619,0.426924,-0.417242,0.000000,0.000000,0.000000,65535.000000,1.416701,1.953970,1.260164,2.356645,1.260164,2.356645,0.250000,0.000000,1.000000
7200.000000,1.263783,2.360675,0.361959,0.403078,0.000000,2.000000,0.000000,3.000000,0.000000,0.512617,0.564864,0.414140,0.384135,-0.415506,0.000000,0.000000,0.000000,65535.000000,1.416701,1.953970,1.263783,2.360675,1.263783,2.360675,0.250000,0.000000,1.000000
7210.000000,1.267312,2.364606,0.352923,0.393111,0.000000,2.000000,0.000000,3.000000,0.000000,0.517686,0.541743,0.406719,0.357862,-0.413785,0.000000,0.000000,0.000000,65535.000000,1.416701,1.953970,1.267312,2.364606,1.267312,2.364606,0.250000,0.000000,1.000000
7220.000000,1.270896,2.368541,0.358400,0.393479,0.000000,2.000000,0.000000,3.000000,0.000000,0.499214,0.528291,0.396929,0.348624,-0.548987,0.000000,0.000000,0.000000,65535.000000,1.416701,1.953970,1.270896,2.368541,1.270896,2.368541,0.250000,0.000000,1.000000
7230.000000,1.274500,2.372465,0.360366,0.392414,0.000000,2.000000,0.000000,3.000000,0.000000,0.151452,0.532237,0.397460,0.353980,-0.887637,0.000000,0.000000,0.000000,65535.000000,1.416701,1.953970,1.274500,2.372465,1.274500,2.372465,0.250000,0.000000,1.000000
7240.000000,1.278082,2.376415,0.358221,0.395019,0.000000,2.000000,0.000000,3.000000,0.000000,0.065344,0.532778,0.396478,0.355890,-0.963764,0.000000,0.000000,0.000000,65535.000000,1.416701,1.953970,1.278082,2.376415,1.278082,2.376415,0.250000,0.000000,1.000000
7250.000000,1.281464,2.380246,0.338152,0.383083,0.000000,2.000000,0.000000,3.000000,0.000000,0.142327,0.533256,0.399146,0.353617,-0.878540,0.000000,0.000000,0.000000,65535.000000,1.416701,1.953970,1.281464,2.380246,1.281464,2.380246,0.250000,0.000000,1.000000
7260.000000,1.284688,2.383944,0.322456,0.369785,0.000000,2.000000,0.000000,3.000000,0.000000,0.302345,0.510979,0.387045,0.333610,-0.735233,0.000000,0.000000,0.000000,65535.000000,1.416701,1.953970,1.284688,2.383944,1.284688,2.383944,0.250000,0.000000,1.000000
7270.000000,1.287824,2.387540,0.313571,0.359575,0.000000,2.000000,0.000000,3.000000,0.000000,0.311812,0.490631,0.373727,0.317879,-0.729861,0.000000,0.000000,0.000000,65535.000000,1.416701,1.953970,1.287824,2.387540,1.287824,2.387540,0.250000,0.000000,1.000000
7280.000000,1.290921,2.391018,0.309713,0.347798,0.000000,2.000000,0.000000,3.000000,0.000000,0.277062,0.477096,0.363587,0.308910,-0.724568,0.000000,0.000000,0.000000,65535.000000,1.416701,1.953970,1.290921,2.391018,1.290921,2.391018,0.250000,0.000000,1.000000
7290.000000,1.293858,2.394318,0.293711,0.330025,0.000000,2.000000,0.000000,3.000000,0.000000,0.241123,0.465709,0.352127,0.304781,-0.693772,0.000000,0.000000,0.000000,65535.000000,1.416701,1.953970,1.293858,2.394318,1.293858,2.394318,0.250000,0.000000,1.000000
7300.000000,1.296672,2.397455,0.281312,0.313683,0.000000,2.000000,0.000000,3.000000,0.000000,0.371680,0.441794,0.334623,0.288461,-0.503944,0.000000,0.000000,0.000000,65535.000000,1.416701,1.953970,1.296672,2.397455,1.296672,2.397455,0.250000,0.000000,1.000000
7310.000000,1.299312,2.400400,0.264039,0.294527,0.000000,2.000000,0.000000,3.000000,0.000000,0.371680,0.421347,0.318642,0.275683,-0.456671,0.000000,0.000000,0.000000,65535.000000,1.416701,1.953970,1.299312,2.400400,1.299312,2.400400,0.250000,0.000000,1.000000
7320.000000,1.301804,2.403190,0.249169,0.278970,0.000000,2.000000,0.000000,3.000000,0.000000,0.362162,0.395553,0.299670,0.258187,-0.454593,0.000000,0.000000,0.000000,65535.000000,1.416701,1.953970,1.301804,2.403190,1.301804,2.403190,0.250000,0.000000,1.000000
7330.000000,1.304105,2.405888,0.230184,0.269805,0.000000,2.000000,0.000000,3.000000,0.000000,0.381606,0.374045,0.284095,0.243309,-0.373691,0.000000,0.000000,0.000000,65535.000000,1.416701,1.953970,1.304105,2.405888,1.304105,2.405888,0.250000,0.000000,1.000000
7340.000000,1.306256,2.408498,0.215032,0.260963,0.000000,2.000000,0.000000,3.000000,0.000000,0.381606,0.354654,0.274533,0.224524,-0.372298,0.000000,0.000000,0.000000,65535.000000,1.416701,1.953970,1.306256,2.408498,1.306256,2.408498,0.250000,0.000000,1.000000
7350.000000,1.308292,2.411007,0.203633,0.250945,0.000000,2.000000,0.000000,3.000000,0.000000,0.381606,0.338143,0.265390,0.209543,-0.370916,0.000000,0.000000,0.000000,65535.000000,1.416701,1.953970,1.308292,2.411007,1.308292,2.411007,0.250000,0.000000,1.000000
7360.000000,1.310236,2.413410,0.194440,0.240283,0.000000,2.000000,0.000000,3.000000,0.000000,0.360288,0.323171,0.255197,0.198277,-0.474797,0.000000,0.000000,0.000000,65535.000000,1.416701,1.953970,1.310236,2.413410,1.310236,2.413410,0.250000,0.000000,1.000000
7370.000000,1.312186,2.415767,0.194901,0.235681,0.000000,2.000000,0.000000,3.000000,0.000000,0.238746,0.309100,0.244359,0.189292,-0.616291,0.000000,0.000000,0.000000,65535.000000,1.416701,1.953970,1.312186,2.415767,1.312186,2.415767,0.250000,0.000000,1.000000
7380.000000,1.314096,2.418070,0.191029,0.230299,0.000000,2.000000,0.000000,3.000000,0.000000,0.238746,0.305830,0.239667,0.189979,-0.612512,0.000000,0.000000,0.000000,65535.000000,1.416701,1.953970,1.314096,2.418070,1.314096,2.418070,0.250000,0.000000,1.000000
7390.000000,1.315809,2.420244,0.171322,0.217456,0.000000,2.000000,0.000000,3.000000,0.000000,0.235115,0.299215,0.234169,0.186265,-0.630204,0.000000,0.000000,0.000000,65535.000000,1.416701,1.953970,1.315809,2.420244,1.315809,2.420244,0.250000,0.000000,1.000000
7400.000000,1.317339,2.422322,0.152986,0.207737,0.000000,2.000000,0.000000,3.000000,0.000000,0.215036,0.276836,0.220980,0.166752,-0.626253,0.000000,0.000000,0.000000,65535.000000,1.416701,1.953970,1.317339,2.422322,1.317339,2.422322,0.250000,0.000000,1.000000
7410.000000,1.318731,2.424270,0.139216,0.194830,0.000000,2.000000,0.000000,3.000000,0.000000,0.183723,0.257991,0.210919,0.148568,-0.673831,0.000000,0.000000,0.000000,65535.000000,1.416701,1.953970,1.318731,2.424270,1.318731,2.424270,0.250000,0.000000,1.000000
7420.000000,1.320014,2.426056,0.128346,0.178568,0.000000,2.000000,0.000000,3.000000,0.000000,0.273235,0.239457,0.197545,0.135335,-0.657547,0.000000,0.000000,0.000000,65535.000000,1.416701,1.953970,1.320014,2.426056,1.320014,2.426056,0.250000,0.000000,1.000000
7430.000000,1.321175,2.427664,0.116031,0.160826,0.000000,2.000000,0.000000,3.000000,0.000000,0.326330,0.219908,0.180828,0.125142,-0.562503,0.000000,0.000000,0.000000,65535.000000,1.416701,1.953970,1.321175,2.427664,1.321175,2.427664,0.250000,0.000000,1.000000
7440.000000,1.322262,2.429201,0.108696,0.153741,0.000000,2.000000,0.000000,3.000000,0.000000,0.326330,0.198313,0.162713,0.113369,-0.559353,0.000000,0.000000,0.000000,65535.000000,1.416701,1.953970,1.322262,2.429201,1.322262,2.429201,0.250000,0.000000,1.000000
7450.000000,1.323208,2.430657,0.094621,0.145534,0.000000,2.000000,0.000000,3.000000,0.000000,0.418256,0.188285,0.155516,0.106141,-0.330761,0.000000,0.000000,0.000000,65535.000000,1.416701,1.953970,1.323208,2.430657,1.323208,2.430657,0.250000,0.000000,1.000000
7460.000000,1.324019,2.431990,0.081076,0.133365,0.000000,2.000000,0.000000,3.000000,0.000000,0.418256,0.173589,0.147172,0.092053,-0.329670,0.000000,0.000000,0.000000,65535.000000,1.416701,1.953970,1.324019,2.431990,1.324019,2.431990,0.250000,0.000000,1.000000
7470.000000,1.324731,2.433210,0.071290,0.122010,0.000000,2.000000,0.000000,3.000000,0.000000,0.418256,0.156075,0.134852,0.078577,-0.328585,0.000000,0.000000,0.000000,65535.000000,1.416701,1.953970,1.324731,2.433210,1.324731,2.433210,0.250000,0.000000,1.000000
7480.000000,1.325376,2.434328,0.064495,0.111803,0.000000,2.000000,0.000000,3.000000,0.000000,0.406566,0.141311,0.123362,0.068925,-0.499102,0.000000,0.000000,0.000000,65535.000000,1.416701,1.953970,1.325376,2.434328,1.325376,2.434328,0.250000,0.000000,1.000000
7490.000000,1.325924,2.435372,0.054732,0.104363,0.000000,2.000000,0.000000,3.000000,0.000000,0.406566,0.129072,0.113036,0.062309,-0.525436,0.000000,0.000000,0.000000,65535.000000,1.416701,1.953970,1.325924,2.435372,1.325924,2.435372,0.250000,0.000000,1.000000
7500.000000,1.326410,2.436344,0.048646,0.097197,0.000000,2.000000,0.000000,3.000000,0.000000,0.152491,0.117844,0.105387,0.052733,-0.716125,0.000000,0.000000,0.000000,65535.000000,1.416701,1.953970,1.326410,2.436344,1.326410,2.436344,0.250000,0.000000,1.000000
7510.000000,1.326802,2.437181,0.039218,0.083743,0.000000,2.000000,0.000000,3.000000,0.000000,0.181273,0.108691,0.098074,0.046853,-0.760662,0.000000,0.000000,0.000000,65535.000000,1.416701,1.953970,1.326802,2.437181,1.326802,2.437181,0.250000,0.000000,1.000000
7520.000000,1.327102,2.437917,0.029973,0.073567,0.000000,2.000000,0.000000,3.000000,0.000000,0.234460,0.092471,0.084424,0.037728,-0.640836,0.000000,0.000000,0.000000,65535.000000,1.416701,1.953970,1.327102,2.437917,1.327102,2.437917,0.250000,0.000000,1.000000
7530.000000,1.327345,2.438577,0.024293,0.066002,0.000000,2.000000,0.000000,3.000000,0.000000,0.234460,0.079438,0.074080,0.028680,-0.636751,0.000000,0.000000,0.000000,65535.000000,1.416701,1.953970,1.327345,2.438577,1.327345,2.438577,0.250000,0.000000,1.000000
7540.000000,1.327518,2.439158,0.017325,0.058142,0.000000,2.000000,0.000000,3.000000,0.000000,0.234460,0.070331,0.066421,0.023124,-0.632719,0.000000,0.000000,0.000000,65535.000000,1.416701,1.953970,1.327518,2.439158,1.327518,2.439158,0.250000,0.000000,1.000000
7550.000000,1.327627,2.439646,0.010903,0.048775,0.000000,2.000000,0.000000,3.000000,0.000000,0.138300,0.060668,0.058447,0.016266,-0.786876,0.000000,0.000000,0.000000,65535.000000,1.416701,1.953970,1.327627,2.439646,1.327627,2.439646,0.250000,0.000000,1.000000
7560.000000,1.327696,2.440024,0.006858,0.037795,0.000000,2.000000,0.000000,3.000000,0.000000,0.132712,0.049979,0.048971,0.009987,-0.772774,0.000000,0.000000,0.000000,65535.000000,1.416701,1.953970,1.327696,2.440024,1.327696,2.440024,0.250000,0.000000,1.000000
7570.000000,1.327696,2.440024,0.000000,0.000000,0.000000,2.000000,0.000000,3.000000,0.000000,0.132712,0.038412,0.037919,0.006132,-0.766842,0.000000,0.000000,0.000000,65535.000000,1.416701,1.953970,1.327696,2.440024,1.327696,2.440024,0.250000,0.000000,1.000000
7580.000000,1.327696,2.440024,0.000000,0.000000,0.000000,2.000000,0.000000,3.000000,0.000000,0.098440,0.028976,0.028516,0.005144,-0.846525,0.000000,0.000000,0.000000,65535.000000,1.416701,1.953970,1.327696,2.440024,1.327696,2.440024,0.250000,0.000000,1.000000
7590.000000,1.327696,2.440024,0.000000,0.000000,0.000000,2.000000,0.000000,3.000000,0.000000,0.089307,0.018901,0.018817,0.001780,-0.859677,0.000000,0.000000,0.000000,65535.000000,1.416701,1.953970,1.327696,2.440024,1.327696,2.440024,0.250000,0.000000,1.000000
7600.000000,1.327696,2.440024,0.000000,0.000000,0.000000,2.000000,0.000000,3.000000,0.000000,0.072959,0.010907,0.010900,0.000403,-0.890331,0.000000,0.000000,0.000000,65535.000000,1.416701,1.953970,1.327696,2.440024,1.327696,2.440024,0.250000,0.000000,1.000000
7610.000000,1.327696,2.440024,0.000000,0.000000,0.000000,2.000000,0.000000,3.000000,0.000000,0.082105,0.004083,0.004075,0.000248,-0.868003,0.000000,0.000000,0.000000,65535.000000,1.416701,1.953970,1.327696,2.440024,1.327696,2.440024,0.250000,0.000000,1.000000
7620.000000,1.327696,2.440024,0.000000,0.000000,0.000000,2.000000,0.000000,3.000000,0.000000,0.083600,0.000938,-0.000769,-0.000537,-0.860527,0.000000,0.000000,0.000000,65535.000000,1.416701,1.953970,1.327696,2.440024,1.327696,2.440024,0.250000,0.000000,1.000000
7630.000000,1.327696,2.440024,0.000000,0.000000,0.000000,2.000000,0.000000,3.000000,0.000000,0.094183,0.005802,-0.005706,0.001049,-0.844794,0.000000,0.000000,0.000000,65535.000000,1.416701,1.953970,1.327696,2.440024,1.327696,2.440024,0.250000,0.000000,1.000000
7640.000000,1.327696,2.440024,0.000000,0.000000,0.000000,2.000000,0.000000,3.000000,0.000000,0.094183,0.008083,-0.008083,-0.000045,-0.837710,0.000000,0.000000,0.000000,65535.000000,1.416701,1.953970,1.327696,2.440024,1.327696,2.440024,0.250000,0.000000,1.000000
7650.000000,1.327696,2.440024,0.000000,0.000000,0.000000,2.000000,0.000000,3.000000,0.000000,0.084708,0.010871,-0.010851,0.000661,-0.844349,0.000000,0.000000,0.000000,65535.000000,1.416701,1.953970,1.327696,2.440024,1.327696,2.440024,0.250000,0.000000,1.000000
7660.000000,1.327696,2.440024,0.000000,0.000000,0.000000,2.000000,0.000000,3.000000,0.000000,0.074595,0.012554,-0.012551,-0.000283,-0.816441,0.000000,0.000000,0.000000,65535.000000,1.416701,1.953970,1.327696,2.440024,1.327696,2.440024,0.250000,0.000000,1.000000
7670.000000,1.327696,2.440024,0.000000,0.000000,0.000000,2.000000,0.000000,3.000000,0.000000,0.074595,0.014250,-0.014249,-0.000174,-0.809823,0.000000,0.000000,0.000000,65535.000000,1.416701,1.953970,1.327696,2.440024,1.327696,2.440024,0.250000,0.000000,1.000000
7680.000000,1.327696,2.440024,0.000000,0.000000,0.000000,2.000000,0.000000,3.000000,0.000000,0.073085,0.014658,-0.014637,-0.000796,-0.803729,0.000000,0.000000,0.000000,65535.000000,1.416701,1.953970,1.327696,2.440024,1.327696,2.440024,0.250000,0.000000,1.000000
7690.000000,1.327696,2.440024,0.000000,0.000000,0.000000,2.000000,0.000000,3.000000,0.000000,0.046497,0.015641,-0.015529,-0.001867,-0.816435,0.000000,0.000000,0.000000,65535.000000,1.416701,1.953970,1.327696,2.440024,1.327696,2.440024,0.250000,0.000000,1.000000
7700.000000,1.327696,2.440024,0.000000,0.000000,0.000000,2.000000,0.000000,3.000000,0.000000,0.046497,0.016274,-0.016077,-0.002525,-0.809816,0.000000,0.000000,0.000000,65535.000000,1.416701,1.953970,1.327696,2.440024,1.327696,2.440024,0.250000,0.000000,1.000000
7710.000000,1.327696,2.440024,0.000000,0.000000,0.000000,2.000000,0.000000,3.000000,0.000000,0.046497,0.017447,-0.017068,-0.003618,-0.792972,0.000000,0.000000,0.000000,65535.000000,1.416701,1.953970,1.327696,2.440024,1.327696,2.440024,0.250000,0.000000,1.000000
7720.000000,1.327696,2.440024,0.000000,0.000000,0.000000,2.000000,0.000000,3.000000,0.000000,0.043052,0.017399,-0.017022,-0.003600,-0.785907,0.000000,0.000000,0.000000,65535.000000,1.416701,1.953970,1.327696,2.440024,1.327696,2.440024,0.250000,0.000000,1.000000
7730.000000,1.327696,2.440024,0.000000,0.000000,0.000000,2.000000,0.000000,3.000000,0.000000,0.043052,0.018159,-0.017648,-0.004278,-0.779773,0.000000,0.000000,0.000000,65535.000000,1.416701,1.953970,1.327696,2.440024,1.327696,2.440024,0.250000,0.000000,1.000000
7740.000000,1.327696,2.440024,0.000000,0.000000,0.000000,2.000000,0.000000,3.000000,0.000000,0.028819,0.018136,-0.018033,-0.001938,-0.798938,0.000000,0.000000,0.000000,65535.000000,1.416701,1.953970,1.327696,2.440024,1.327696,2.440024,0.250000,0.000000,1.000000
7750.000000,1.327696,2.440024,0.000000,0.000000,0.000000,2.000000,0.000000,3.000000,0.000000,0.026067,0.017064,-0.016960,-0.001879,-0.801795,0.000000,0.000000,0.000000,65535.000000,1.416701,1.953970,1.327696,2.440024,1.327696,2.440024,0.250000,0.000000,1.000000
7760.000000,1.327444,2.439663,-0.025201,-0.036073,0.000000,2.000000,0.000000,3.000000,0.000000,0.026067,0.017401,-0.016956,-0.003911,-0.795411,0.000000,0.000000,0.000000,65535.000000,1.416701,1.953970,1.327444,2.439663,1.327444,2.439663,0.250000,0.000000,1.000000
7770.000000,1.327197,2.439332,-0.024652,-0.033091,0.000000,2.000000,0.000000,3.000000,0.000000,0.024858,0.044004,-0.036580,-0.024458,-0.791495,0.000000,0.000000,0.000000,65535.000000,1.416701,1.953970,1.327197,2.439332,1.327197,2.439332,0.250000,0.000000,1.000000
7780.000000,1.327197,2.439332,0.000000,0.000000,0.000000,2.000000,0.000000,3.000000,0.000000,0.012859,0.041264,-0.033582,-0.023978,-0.806442,0.000000,0.000000,0.000000,65535.000000,1.416701,1.953970,1.327197,2.439332,1.327197,2.439332,0.250000,0.000000,1.000000
7790.000000,1.327197,2.439332,0.000000,0.000000,0.000000,2.000000,0.000000,3.000000,0.000000,0.013729,0.029201,-0.023891,-0.016790,-0.803739,0.000000,0.000000,0.000000,65535.000000,1.416701,1.953970,1.327197,2.439332,1.327197,2.439332,0.250000,0.000000,1.000000
7800.000000,1.327197,2.439332,0.000000,0.000000,0.000000,2.000000,0.000000,3.000000,0.000000,0.021160,0.017815,-0.014015,-0.010999,-0.796661,0.000000,0.000000,0.000000,65535.000000,1.416701,1.953970,1.327197,2.439332,1.327197,2.439332,0.250000,0.000000,1.000000
7810.000000,1.327197,2.439332,0.000000,0.000000,0.000000,2.000000,0.000000,3.000000,0.000000,0.023474,0.008128,-0.006642,-0.004685,-0.790358,0.000000,0.000000,0.000000,65535.000000,1.416701,1.953970,1.327197,2.439332,1.327197,2.439332,0.250000,0.000000,1.000000
7820.000000,1.327197,2.439332,0.000000,0.000000,0.000000,2.000000,0.000000,3.000000,0.000000,0.036689,0.002332,-0.000807,-0.002187,-0.762556,0.000000,0.000000,0.000000,65535.000000,1.416701,1.953970,1.327197,2.439332,1.327197,2.439332,0.250000,0.000000,1.000000
7830.000000,1.327197,2.439332,0.000000,0.000000,0.000000,2.000000,0.000000,3.000000,0.000000,0.036689,0.006733,0.006701,-0.000654,-0.756779,0.000000,0.000000,0.000000,65535.000000,1.416701,1.953970,1.327197,2.439332,1.327197,2.439332,0.250000,0.000000,1.000000
7840.000000,1.327197,2.439332,0.000000,0.000000,0.000000,2.000000,0.000000,3.000000,0.000000,0.036689,0.012623,0.012619,0.000288,-0.751089,0.000000,0.000000,0.000000,65535.000000,1.416701,1.953970,1.327197,2.439332,1.327197,2.439332,0.250000,0.000000,1.000000
7850.000000,1.327197,2.439332,0.000000,0.000000,0.000000,2.000000,0.000000,3.000000,0.000000,0.029184,0.018282,0.018216,0.001555,-0.761513,0.000000,0.000000,0.000000,65535.000000,1.416701,1.953970,1.327197,2.439332,1.327197,2.439332,0.250000,0.000000,1.000000
7860.000000,1.327197,2.439332,0.000000,0.000000,0.000000,2.000000,0.000000,3.000000,0.000000,0.041453,0.023617,0.023615,0.000266,-0.717341,0.000000,0.000000,0.000000,65535.000000,1.416701,1.953970,1.327197,2.439332,1.327197,2.439332,0.250000,0.000000,1.000000
7870.000000,1.327233,2.439692,0.003559,0.035996,0.000000,2.000000,0.000000,3.000000,0.000000,0.049338,0.028893,0.028893,0.000163,-0.712227,0.000000,0.000000,0.000000,65535.000000,1.416701,1.953970,1.327233,2.439692,1.327233,2.439692,0.250000,0.000000,1.000000
7880.000000,1.327287,2.440175,0.005451,0.048213,0.000000,2.000000,0.000000,3.000000,0.000000,0.083896,0.036172,0.036059,0.002857,-0.653710,0.000000,0.000000,0.000000,65535.000000,1.416701,1.953970,1.327287,2.440175,1.327287,2.440175,0.250000,0.000000,1.000000
7890.000000,1.327361,2.440790,0.007373,0.061592,0.000000,2.000000,0.000000,3.000000,0.000000,0.163467,0.048520,0.048310,0.004512,-0.570660,0.000000,0.000000,0.000000,65535.000000,1.416701,1.953970,1.327361,2.440790,1.327361,2.440790,0.250000,0.000000,1.000000
7900.000000,1.327447,2.441541,0.008568,0.075050,0.000000,2.000000,0.000000,3.000000,0.000000,0.184221,0.062032,0.061720,0.006217,-0.530123,0.000000,0.000000,0.000000,65535.000000,1.416701,1.953970,1.327447,2.441541,1.327447,2.441541,0.250000,0.000000,1.000000
7910.000000,1.327581,2.442426,0.013449,0.088488,0.000000,2.000000,0.000000,3.000000,0.000000,0.184221,0.075537,0.075187,0.007263,-0.527325,0.000000,0.000000,0.000000,65535.000000,1.416701,1.953970,1.327581,2.442426,1.327581,2.442426,0.250000,0.000000,1.000000
7920.000000,1.327760,2.443445,0.017847,0.101965,0.000000,2.000000,0.000000,3.000000,0.000000,0.166980,0.089504,0.088691,0.012042,-0.501648,0.000000,0.000000,0.000000,65535.000000,1.416701,1.953970,1.327760,2.443445,1.327760,2.443445,0.250000,0.000000,1.000000
7930.000000,1.327945,2.444646,0.018549,0.120095,0.000000,2.000000,0.000000,3.000000,0.000000,0.156665,0.103515,0.102215,0.016354,-0.499142,0.000000,0.000000,0.000000,65535.000000,1.416701,1.953970,1.327945,2.444646,1.327945,2.444646,0.250000,0.000000,1.000000
7940.000000,1.328129,2.446070,0.018345,0.142366,0.000000,2.000000,0.000000,3.000000,0.000000,0.332242,0.121519,0.120333,0.016934,-0.350333,0.000000,0.000000,0.000000,65535.000000,1.416701,1.953970,1.328129,2.446070,1.328129,2.446070,0.250000,0.000000,1.000000
7950.000000,1.328290,2.447729,0.016164,0.165884,0.000000,2.000000,0.000000,3.000000,0.000000,0.410685,0.143543,0.142579,0.016601,-0.251647,0.000000,0.000000,0.000000,65535.000000,1.416701,1.953970,1.328290,2.447729,1.328290,2.447729,0.250000,0.000000,1.000000
7960.000000,1.328446,2.449617,0.015508,0.188824,0.000000,2.000000,0.000000,3.000000,0.000000,0.471669,0.166669,0.166052,0.014329,-0.251015,0.000000,0.000000,0.000000,65535.000000,1.416701,1.953970,1.328446,2.449617,1.328446,2.449617,0.250000,0.000000,1.000000
7970.000000,1.328568,2.451686,0.012235,0.206868,0.000000,2.000000,0.000000,3.000000,0.000000,0.424273,0.189460,0.188970,0.013623,-0.250385,0.000000,0.000000,0.000000,65535.000000,1.416701,1.953970,1.328568,2.451686,1.328568,2.451686,0.250000,0.000000,1.000000
7980.000000,1.328663,2.453990,0.009494,0.230383,0.000000,2.000000,0.000000,3.000000,0.000000,0.208626,0.207229,0.206966,0.010432,-0.493377,0.000000,0.000000,0.000000,65535.000000,1.416701,1.953970,1.328663,2.453990,1.328663,2.453990,0.250000,0.000000,1.000000
7990.000000,1.328734,2.456562,0.007109,0.257254,0.000000,2.000000,0.000000,3.000000,0.000000,0.226383,0.230578,0.230447,0.007784,-0.360799,0.000000,0.000000,0.000000,65535.000000,1.416701,1.953970,1.328734,2.456562,1.328734,2.456562,0.250000,0.000000,1.000000
8000.000000,1.328777,2.459418,0.004323,0.285535,0.000000,2.000000,0.000000,3.000000,0.000000,0.277397,0.257352,0.257294,0.005469,-0.251148,0.000000,0.000000,0.000000,65535.000000,1.416701,1.953970,1.328777,2.459418,1.328777,2.459418,0.250000,0.000000,1.000000
8010.000000,1.328817,2.462499,0.004003,0.308124,0.000000,2.000000,0.000000,3.000000,0.000000,0.277397,0.285567,0.285555,0.002668,-0.250518,0.000000,0.000000,0.000000,65535.000000,1.416701,1.953970,1.328817,2.462499,1.328817,2.462499,0.250000,0.000000,1.000000
8020.000000,1.328875,2.465909,0.005817,0.340958,0.000000,2.000000,0.000000,3.000000,0.000000,0.526033,0.308150,0.308141,0.002328,0.073449,0.000000,0.000000,0.000000,65535.000000,1.416701,1.953970,1.328875,2.465909,1.328875,2.465909,0.250000,0.000000,1.000000
8030.000000,1.329109,2.469886,0.023330,0.397700,0.000000,2.000000,0.000000,3.000000,0.000000,0.542166,0.341007,0.340982,0.004186,0.073395,0.000000,0.000000,0.000000,65535.000000,1.416701,1.953970,1.329109,2.469886,1.329109,2.469886,0.250000,0.000000,1.000000
8040.000000,1.329330,2.474349,0.022140,0.446343,0.000000,2.000000,0.000000,3.000000,0.000000,0.542166,0.398384,0.397783,0.021870,0.073341,0.000000,0.000000,0.000000,65535.000000,1.416701,1.953970,1.329330,2.474349,1.329330,2.474349,0.250000,0.000000,1.000000
8050.000000,1.329337,2.479007,0.000710,0.465779,0.000000,2.000000,0.000000,3.000000,0.000000,0.464698,0.446892,0.446398,0.021011,0.015630,0.000000,0.000000,0.000000,65535.000000,1.416701,1.953970,1.329337,2.479007,1.329337,2.479007,0.250000,0.000000,1.000000
8060.000000,1.329082,2.483764,-0.025547,0.475759,0.000000,2.000000,0.000000,3.000000,0.000000,0.728590,0.465780,0.465780,-0.000196,0.342787,0.000000,0.000000,0.000000,65535.000000,1.416701,1.953970,1.329082,2.483764,1.329082,2.483764,0.250000,0.000000,1.000000
8070.000000,1.328696,2.488668,-0.038588,0.490349,0.000000,2.000000,0.000000,3.000000,0.000000,0.749235,0.476445,0.475718,-0.026313,0.341615,0.000000,0.000000,0.000000,65535.000000,1.416701,1.953970,1.328696,2.488668,1.328696,2.488668,0.250000,0.000000,1.000000
8080.000000,1.328024,2.493753,-0.067149,0.508474,0.000000,2.000000,0.000000,3.000000,0.000000,0.840084,0.491865,0.490325,-0.038903,0.325315,0.000000,0.000000,0.000000,65535.000000,1.416701,1.953970,1.328024,2.493753,1.328024,2.493753,0.250000,0.000000,1.000000
8090.000000,1.326884,2.498890,-0.114022,0.513778,0.000000,2.000000,0.000000,3.000000,0.000000,0.921377,0.512889,0.508452,-0.067311,0.290259,0.000000,0.000000,0.000000,65535.000000,1.416701,1.953970,1.326884,2.498890,1.326884,2.498890,0.250000,0.000000,1.000000
8100.000000,1.325788,2.504168,-0.109640,0.527728,0.000000,2.000000,0.000000,3.000000,0.000000,1.034054,0.526278,0.513695,-0.114393,0.593508,0.000000,0.000000,0.000000,65535.000000,1.416701,1.953970,1.325788,2.504168,1.325788,2.504168,0.250000,0.000000,1.000000
8110.000000,1.324673,2.509698,-0.111426,0.553006,0.000000,2.000000,0.000000,3.000000,0.000000,1.034054,0.571244,0.554205,-0.138477,0.590002,0.000000,0.000000,0.000000,65535.000000,1.416701,1.953970,1.324673,2.509698,1.324673,2.509698,0.250000,0.000000,1.000000
8120.000000,1.323590,2.515345,-0.108373,0.564751,0.000000,2.000000,0.000000,3.000000,0.000000,1.034054,0.595639,0.579079,-0.139478,0.586538,0.000000,0.000000,0.000000,65535.000000,1.416701,1.953970,1.323590,2.515345,1.323590,2.515345,0.250000,0.000000,1.000000
8130.000000,1.322455,2.521152,-0.113452,0.580699,0.000000,2.000000,0.000000,3.000000,0.000000,0.766578,0.606360,0.591080,-0.135268,0.205981,0.000000,0.000000,0.000000,65535.000000,1.416701,1.953970,1.322455,2.521152,1.322455,2.521152,0.250000,0.000000,1.000000
8140.000000,1.320570,2.527784,-0.188535,0.663184,0.000000,2.000000,0.000000,3.000000,0.000000,0.853787,0.632171,0.614804,-0.147158,0.323268,0.000000,0.000000,0.000000,65535.000000,1.416701,1.953970,1.320570,2.527784,1.320570,2.527784,0.250000,0.000000,1.000000
8150.000000,1.318487,2.534778,-0.208264,0.699368,0.000000,2.000000,0.000000,3.000000,0.000000,0.853787,0.689462,0.664046,-0.185477,0.322226,0.000000,0.000000,0.000000,65535.000000,1.416701,1.953970,1.318487,2.534778,1.318487,2.534778,0.250000,0.000000,1.000000
8160.000000,1.316396,2.541986,-0.209180,0.720826,0.000000,2.000000,0.000000,3.000000,0.000000,0.853787,0.729719,0.700168,-0.205558,0.321190,0.000000,0.000000,0.000000,65535.000000,1.416701,1.953970,1.316396,2.541986,1.316396,2.541986,0.250000,0.000000,1.000000
8170.000000,1.314372,2.549272,-0.202368,0.728550,0.000000,2.000000,0.000000,3.000000,0.000000,0.586772,0.750564,0.721693,-0.206170,-0.061484,0.000000,0.000000,0.000000,65535.000000,1.416701,1.953970,1.314372,2.549272,1.314372,2.549272,0.250000,0.000000,1.000000
8180.000000,1.312367,2.556742,-0.200506,0.746988,0.000000,2.000000,0.000000,3.000000,0.000000,0.185582,0.756134,0.729675,-0.198274,-0.646652,0.000000,0.000000,0.000000,65535.000000,1.416701,1.953970,1.312367,2.556742,1.312367,2.556742,0.250000,0.000000,1.000000
8190.000000,1.310291,2.564351,-0.207598,0.760888,0.000000,2.000000,0.000000,3.000000,0.000000,0.186413,0.773430,0.748316,-0.195494,-0.641288,0.000000,0.000000,0.000000,65535.000000,1.416701,1.953970,1.310291,2.564351,1.310291,2.564351,0.250000,0.000000,1.000000
8200.000000,1.307981,2.572237,-0.231020,0.788619,0.000000,2.000000,0.000000,3.000000,0.000000,0.281794,0.788700,0.762378,-0.202058,-0.496335,0.000000,0.000000,0.000000,65535.000000,1.416701,1.953970,1.307981,2.572237,1.307981,2.572237,0.250000,0.000000,1.000000
8210.000000,1.305267,2.580230,-0.271371,0.799307,0.000000,2.000000,0.000000,3.000000,0.000000,0.847890,0.821761,0.790639,-0.224010,0.344629,0.000000,0.000000,0.000000,65535.000000,1.416701,1.953970,1.305267,2.580230,1.305267,2.580230,0.250000,0.000000,1.000000
8220.000000,1.302281,2.588289,-0.298614,0.805889,0.000000,2.000000,0.000000,3.000000,0.000000,1.015435,0.844118,0.802103,-0.262992,0.486136,0.000000,0.000000,0.000000,65535.000000,1.416701,1.953970,1.302281,2.588289,1.302281,2.588289,0.250000,0.000000,1.000000
8230.000000,1.299267,2.596337,-0.301408,0.804874,0.000000,2.000000,0.000000,3.000000,0.000000,1.015435,0.859435,0.809142,-0.289684,0.601446,0.000000,0.000000,0.000000,65535.000000,1.416701,1.953970,1.299267,2.596337,1.299267,2.596337,0.250000,0.000000,1.000000
8240.000000,1.295971,2.604227,-0.329592,0.788995,0.000000,2.000000,0.000000,3.000000,0.000000,0.622972,0.859458,0.808230,-0.292288,0.602528,0.000000,0.000000,0.000000,65535.000000,1.416701,1.953970,1.295971,2.604227,1.295971,2.604227,0.250000,0.000000,1.000000
8250.000000,1.292511,2.612027,-0.346015,0.780000,0.000000,2.000000,0.000000,3.000000,0.000000,0.622972,0.855069,0.792623,-0.320768,0.598916,0.000000,0.000000,0.000000,65535.000000,1.416701,1.953970,1.292511,2.612027,1.292511,2.612027,0.250000,0.000000,1.000000
8260.000000,1.288930,2.620072,-0.358092,0.804433,0.000000,2.000000,0.000000,3.000000,0.000000,0.524665,0.853304,0.783694,-0.337566,0.172998,0.000000,0.000000,0.000000,65535.000000,1.416701,1.953970,1.288930,2.620072,1.288930,2.620072,0.250000,0.000000,1.000000
8270.000000,1.285286,2.628383,-0.364362,0.831179,0.000000,2.000000,0.000000,3.000000,0.000000,0.746995,0.880535,0.808307,-0.349258,0.045295,0.000000,0.000000,0.000000,65535.000000,1.416701,1.953970,1.285286,2.628383,1.285286,2.628383,0.250000,0.000000,1.000000
8280.000000,1.281522,2.637020,-0.376363,0.863704,0.000000,2.000000,0.000000,3.000000,0.000000,0.865494,0.907534,0.835195,-0.355059,0.045275,0.000000,0.000000,0.000000,65535.000000,1.416701,1.953970,1.281522,2.637020,1.281522,2.637020,0.250000,0.000000,1.000000
8290.000000,1.277824,2.645639,-0.369831,0.861905,0.000000,2.000000,0.000000,3.000000,0.000000,0.808165,0.942143,0.868061,-0.366203,0.203809,0.000000,0.000000,0.000000,65535.000000,1.416701,1.953970,1.277824,2.645639,1.277824,2.645639,0.250000,0.000000,1.000000
8300.000000,1.274191,2.654382,-0.363310,0.874284,0.000000,2.000000,0.000000,3.000000,0.000000,0.761479,0.937899,0.866650,-0.358570,0.624182,0.000000,0.000000,0.000000,65535.000000,1.416701,1.953970,1.274191,2.654382,1.274191,2.654382,0.250000,0.000000,1.000000
8310.000000,1.270479,2.663258,-0.371216,0.887567,0.000000,2.000000,0.000000,3.000000,0.000000,1.024584,0.946767,0.879523,-0.350437,1.030767,0.000000,0.000000,0.000000,65535.000000,1.416701,1.953970,1.270479,2.663258,1.270479,2.663258,0.250000,0.000000,1.000000
8320.000000,1.266601,2.672335,-0.387762,0.907679,0.000000,2.000000,0.000000,3.000000,0.000000,1.201386,0.962069,0.893315,-0.357161,1.232726,0.000000,0.000000,0.000000,65535.000000,1.416701,1.953970,1.266601,2.672335,1.266601,2.672335,0.250000,0.000000,1.000000
8330.000000,1.262720,2.681551,-0.388064,0.921583,0.000000,2.000000,0.000000,3.000000,0.000000,1.270741,0.987037,0.913560,-0.373697,1.390458,0.000000,0.000000,0.000000,65535.000000,1.416701,1.953970,1.262720,2.681551,1.262720,2.681551,0.250000,0.000000,1.000000
8340.000000,1.258729,2.691171,-0.399087,0.962008,0.000000,2.000000,0.000000,3.000000,0.000000,1.270741,0.999954,0.927299,-0.374200,1.371371,0.000000,0.000000,0.000000,65535.000000,1.416701,1.953970,1.258729,2.691171,1.258729,2.691171,0.250000,0.000000,1.000000
8350.000000,1.254513,2.700793,-0.421688,0.962245,0.000000,2.000000,0.000000,3.000000,0.000000,1.264810,1.041503,0.967792,-0.384848,1.340783,0.000000,0.000000,0.000000,65535.000000,1.416701,1.953970,1.254513,2.700793,1.254513,2.700793,0.250000,0.000000,1.000000
8360.000000,1.250261,2.710280,-0.425155,0.948743,0.000000,2.000000,0.000000,3.000000,0.000000,0.751023,1.050588,0.968448,-0.407240,0.571769,0.000000,0.000000,0.000000,65535.000000,1.416701,1.953970,1.250261,2.710280,1.250261,2.710280,0.250000,0.000000,1.000000
8370.000000,1.246268,2.719523,-0.399292,0.924309,0.000000,2.000000,0.000000,3.000000,0.000000,0.970690,1.039649,0.955112,-0.410649,0.228531,0.000000,0.000000,0.000000,65535.000000,1.416701,1.953970,1.246268,2.719523,1.246268,2.719523,0.250000,0.000000,1.000000
8380.000000,1.242343,2.728928,-0.392488,0.940461,0.000000,2.000000,0.000000,3.000000,0.000000,0.804110,1.006867,0.930567,-0.384481,0.184703,0.000000,0.000000,0.000000,65535.000000,1.416701,1.953970,1.242343,2.728928,1.242343,2.728928,0.250000,0.000000,1.000000
8390.000000,1.238310,2.738601,-0.403293,0.967332,0.000000,2.000000,0.000000,3.000000,0.000000,1.080762,1.019075,0.946901,-0.376686,0.625079,0.000000,0.000000,0.000000,65535.000000,1.416701,1.953970,1.238310,2.738601,1.238310,2.738601,0.250000,0.000000,1.000000
8400.000000,1.234401,2.748526,-0.390962,0.992445,0.000000,2.000000,0.000000,3.000000,0.000000,1.332722,1.048034,0.973939,-0.387064,1.014631,0.000000,0.000000,0.000000,65535.000000,1.416701,1.953970,1.234401,2.748526,1.234401,2.748526,0.250000,0.000000,1.000000
8410.000000,1.230719,2.758410,-0.368137,0.988364,0.000000,2.000000,0.000000,3.000000,0.000000,1.332722,1.066676,0.998392,-0.375514,1.004430,0.000000,0.000000,0.000000,65535.000000,1.416701,1.953970,1.230719,2.758410,1.230719,2.758410,0.250000,0.000000,1.000000
8420.000000,1.227165,2.768553,-0.355433,1.014357,0.000000,2.000000,0.000000,3.000000,0.000000,1.332722,1.054698,0.993779,-0.353259,0.994431,0.000000,0.000000,0.000000,65535.000000,1.416701,1.953970,1.227165,2.768553,1.227165,2.768553,0.250000,0.000000,1.000000
8430.000000,1.223901,2.779219,-0.326391,1.066640,0.000000,2.000000,0.000000,3.000000,0.000000,0.797122,1.074827,1.019078,-0.341662,0.827202,0.000000,0.000000,0.000000,65535.000000,1.416701,1.953970,1.223901,2.779219,1.223901,2.779219,0.250000,0.000000,1.000000
8440.000000,1.220727,2.790204,-0.317350,1.098445,0.000000,2.000000,0.000000,3.000000,0.000000,0.797122,1.115461,1.070596,-0.313173,0.820409,0.000000,0.000000,0.000000,65535.000000,1.416701,1.953970,1.220727,2.790204,1.220727,2.790204,0.250000,0.000000,1.000000
8450.000000,1.217642,2.800878,-0.308552,1.067405,0.000000,2.000000,0.000000,3.000000,0.000000,0.669055,1.143369,1.102227,-0.303953,0.615565,0.000000,0.000000,0.000000,65535.000000,1.416701,1.953970,1.217642,2.800878,1.217642,2.800878,0.250000,0.000000,1.000000
8460.000000,1.214315,2.811233,-0.332733,1.035490,0.000000,2.000000,0.000000,3.000000,0.000000,0.669055,1.111107,1.071272,-0.294845,0.611795,0.000000,0.000000,0.000000,65535.000000,1.416701,1.953970,1.214315,2.811233,1.214315,2.811233,0.250000,0.000000,1.000000
8470.000000,1.210981,2.821596,-0.333350,1.036364,0.000000,2.000000,0.000000,3.000000,0.000000,0.649730,1.087635,1.039836,-0.318892,0.410412,0.000000,0.000000,0.000000,65535.000000,1.416701,1.953970,1.210981,2.821596,1.210981,2.821596,0.250000,0.000000,1.000000
8480.000000,1.207759,2.832485,-0.322225,1.088892,0.000000,2.000000,0.000000,3.000000,0.000000,0.616290,1.088657,1.040815,-0.319182,0.408733,0.000000,0.000000,0.000000,65535.000000,1.416701,1.953970,1.207759,2.832485,1.207759,2.832485,0.250000,0.000000,1.000000
8490.000000,1.204777,2.843640,-0.298235,1.115436,0.000000,2.000000,0.000000,3.000000,0.000000,1.500594,1.135568,1.093101,-0.307642,1.531475,0.000000,0.000000,0.000000,65535.000000,1.416701,1.953970,1.204777,2.843640,1.204777,2.843640,0.250000,0.000000,1.000000
8500.000000,1.202114,2.855036,-0.266280,1.139686,0.000000,2.000000,0.000000,3.000000,0.000000,1.834052,1.154618,1.119317,-0.283324,1.508352,0.000000,0.000000,0.000000,65535.000000,1.416701,1.953970,1.202114,2.855036,1.202114,2.855036,0.250000,0.000000,1.000000
8510.000000,1.199852,2.866742,-0.226213,1.170585,0.000000,2.000000,0.000000,3.000000,0.000000,1.632572,1.170380,1.143264,-0.250472,1.407931,0.000000,0.000000,0.000000,65535.000000,1.416701,1.953970,1.199852,2.866742,1.199852,2.866742,0.250000,0.000000,1.000000
8520.000000,1.197641,2.879021,-0.221012,1.227857,0.000000,2.000000,0.000000,3.000000,0.000000,0.841527,1.192242,1.173669,-0.209622,0.126970,0.000000,0.000000,0.000000,65535.000000,1.416701,1.953970,1.197641,2.879021,1.197641,2.879021,0.250000,0.000000,1.000000
8530.000000,1.195208,2.891528,-0.243360,1.250711,0.000000,2.000000,0.000000,3.000000,0.000000,0.561906,1.247589,1.230938,-0.203151,-0.324026,0.000000,0.000000,0.000000,65535.000000,1.416701,1.953970,1.195208,2.891528,1.195208,2.891528,0.250000,0.000000,1.000000
8540.000000,1.192670,2.903930,-0.253818,1.240198,0.000000,2.000000,0.000000,3.000000,0.000000,0.561906,1.274167,1.254325,-0.223992,-0.322978,0.000000,0.000000,0.000000,65535.000000,1.416701,1.953970,1.192670,2.903930,1.192670,2.903930,0.250000,0.000000,1.000000
8550.000000,1.190377,2.916024,-0.229218,1.209393,0.000000,2.000000,0.000000,3.000000,0.000000,1.531763,1.265904,1.243823,-0.235409,0.686361,0.000000,0.000000,0.000000,65535.000000,1.416701,1.953970,1.190377,2.916024,1.190377,2.916024,0.250000,0.000000,1.000000
8560.000000,1.188265,2.928102,-0.211243,1.207798,0.000000,2.000000,0.000000,3.000000,0.000000,1.722694,1.230924,1.212514,-0.212091,1.561887,0.000000,0.000000,0.000000,65535.000000,1.416701,1.953970,1.188265,2.928102,1.188265,2.928102,0.250000,0.000000,1.000000
8570.000000,1.186391,2.940245,-0.187412,1.214293,0.000000,2.000000,0.000000,3.000000,0.000000,1.533217,1.226132,1.210301,-0.196395,1.537843,0.000000,0.000000,0.000000,65535.000000,1.416701,1.953970,1.186391,2.940245,1.186391,2.940245,0.250000,0.000000,1.000000
8580.000000,1.184906,2.952981,-0.148458,1.273556,0.000000,2.000000,0.000000,3.000000,0.000000,1.618112,1.228670,1.216138,-0.175040,1.503847,0.000000,0.000000,0.000000,65535.000000,1.416701,1.953970,1.184906,2.952981,1.184906,2.952981,0.250000,0.000000,1.000000
8590.000000,1.183815,2.966027,-0.109185,1.304614,0.000000,2.000000,0.000000,3.000000,0.000000,1.276597,1.282180,1.274678,-0.138493,0.778000,0.000000,0.000000,0.000000,65535.000000,1.416701,1.953970,1.183815,2.966027,1.183815,2.966027,0.250000,0.000000,1.000000
8600.000000,1.182465,2.978695,-0.134998,1.266839,0.000000,2.000000,0.000000,3.000000,0.000000,1.085379,1.309175,1.305388,-0.099509,0.468737,0.000000,0.000000,0.000000,65535.000000,1.416701,1.953970,1.182465,2.978695,1.182465,2.978695,0.250000,0.000000,1.000000
8610.000000,1.181084,2.991060,-0.138019,1.236496,0.000000,2.000000,0.000000,3.000000,0.000000,1.086882,1.274011,1.267980,-0.123824,0.468976,0.000000,0.000000,0.000000,65535.000000,1.416701,1.953970,1.181084,2.991060,1.181084,2.991060,0.250000,0.000000,1.000000
8620.000000,1.179765,3.003593,-0.131937,1.253280,0.000000,2.000000,0.000000,3.000000,0.000000,1.086882,1.244176,1.237814,-0.125656,0.466785,0.000000,0.000000,0.000000,65535.000000,1.416701,1.953970,1.179765,3.003593,1.179765,3.003593,0.250000,0.000000,1.000000
8630.000000,1.178591,3.016387,-0.117435,1.279407,0.000000,2.000000,0.000000,3.000000,0.000000,0.967239,1.260206,1.254621,-0.118510,0.267040,0.000000,0.000000,0.000000,65535.000000,1.416701,1.953970,1.178591,3.016387,1.178591,3.016387,0.250000,0.000000,1.000000
8640.000000,1.177825,3.029666,-0.076558,1.327946,0.000000,2.000000,0.000000,3.000000,0.000000,1.142268,1.284785,1.280643,-0.103094,0.925007,0.000000,0.000000,0.000000,65535.000000,1.416701,1.953970,1.177825,3.029666,1.177825,3.029666,0.250000,0.000000,1.000000
8650.000000,1.177193,3.042680,-0.063201,1.301392,0.000000,2.000000,0.000000,3.000000,0.000000,1.278320,1.330152,1.328677,-0.062610,1.794953,0.000000,0.000000,0.000000,65535.000000,1.416701,1.953970,1.177193,3.042680,1.177193,3.042680,0.250000,0.000000,1.000000
8660.000000,1.176438,3.055398,-0.075455,1.271828,0.000000,2.000000,0.000000,3.000000,0.000000,1.278320,1.302926,1.301906,-0.051539,1.763271,0.000000,0.000000,0.000000,65535.000000,1.416701,1.953970,1.176438,3.055398,1.176438,3.055398,0.250000,0.000000,1.000000
8670.000000,1.175701,3.068256,-0.073787,1.285771,0.000000,2.000000,0.000000,3.000000,0.000000,1.095479,1.274065,1.272384,-0.065420,1.575069,0.000000,0.000000,0.000000,65535.000000,1.416701,1.953970,1.175701,3.068256,1.175701,3.068256,0.250000,0.000000,1.000000
8680.000000,1.175118,3.081423,-0.058262,1.316674,0.000000,2.000000,0.000000,3.000000,0.000000,0.484109,1.287886,1.286315,-0.063604,-0.173365,0.000000,0.000000,0.000000,65535.000000,1.416701,1.953970,1.175118,3.081423,1.175118,3.081423,0.250000,0.000000,1.000000
8690.000000,1.174944,3.094749,-0.017428,1.332652,0.000000,2.000000,0.000000,3.000000,0.000000,0.484109,1.317963,1.317113,-0.047324,-0.173065,0.000000,0.000000,0.000000,65535.000000,1.416701,1.953970,1.174944,3.094749,1.174944,3.094749,0.250000,0.000000,1.000000
8700.000000,1.175251,3.108437,0.030697,1.368832,0.000000,2.000000,0.000000,3.000000,0.000000,0.484109,1.332766,1.332751,-0.006311,-0.118127,0.000000,0.000000,0.000000,65535.000000,1.416701,1.953970,1.175251,3.108437,1.175251,3.108437,0.250000,0.000000,1.000000
8710.000000,1.175631,3.122176,0.038018,1.373864,0.000000,2.000000,0.000000,3.000000,0.000000,0.462586,1.369177,1.368523,0.042307,-0.117987,0.000000,0.000000,0.000000,65535.000000,1.416701,1.953970,1.175631,3.122176,1.175631,3.122176,0.250000,0.000000,1.000000
8720.000000,1.175862,3.135885,0.023102,1.370879,0.000000,2.000000,0.000000,3.000000,0.000000,0.462586,1.374390,1.373476,0.050102,-0.117848,0.000000,0.000000,0.000000,65535.000000,1.416701,1.953970,1.175862,3.135885,1.175862,3.135885,0.250000,0.000000,1.000000
8730.000000,1.175840,3.149312,-0.002206,1.342741,0.000000,2.000000,0.000000,3.000000,0.000000,0.529716,1.371074,1.370630,0.034898,-0.074416,0.000000,0.000000,0.000000,65535.000000,1.416701,1.953970,1.175840,3.149312,1.175840,3.149312,0.250000,0.000000,1.000000
8740.000000,1.176067,3.163061,0.022746,1.374866,0.000000,2.000000,0.000000,3.000000,0.000000,0.529716,1.342743,1.342712,0.009020,-0.074361,0.000000,0.000000,0.000000,65535.000000,1.416701,1.953970,1.176067,3.163061,1.176067,3.163061,0.250000,0.000000,1.000000
8750.000000,1.176619,3.177119,0.055211,1.405841,0.000000,2.000000,0.000000,3.000000,0.000000,0.593820,1.375054,1.374639,0.033799,0.259359,0.000000,0.000000,0.000000,65535.000000,1.416701,1.953970,1.176619,3.177119,1.176619,3.177119,0.250000,0.000000,1.000000
8760.000000,1.176935,3.191083,0.031534,1.396395,0.000000,2.000000,0.000000,3.000000,0.000000,0.702848,1.406924,1.405364,0.066246,0.361838,0.000000,0.000000,0.000000,65535.000000,1.416701,1.953970,1.176935,3.191083,1.176935,3.191083,0.250000,0.000000,1.000000
8770.000000,1.177124,3.204858,0.018945,1.377512,0.000000,2.000000,0.000000,3.000000,0.000000,0.960002,1.396751,1.396097,0.042743,1.214224,0.000000,0.000000,0.000000,65535.000000,1.416701,1.953970,1.177124,3.204858,1.177124,3.204858,0.250000,0.000000,1.000000
8780.000000,1.177418,3.218761,0.029396,1.390274,0.000000,2.000000,0.000000,3.000000,0.000000,0.998755,1.377642,1.377322,0.029690,1.199643,0.000000,0.000000,0.000000,65535.000000,1.416701,1.953970,1.177418,3.218761,1.177418,3.218761,0.250000,0.000000,1.000000
8790.000000,1.178069,3.233000,0.065073,1.423866,0.000000,2.000000,0.000000,3.000000,0.000000,1.094833,1.390585,1.390001,0.040287,1.185408,0.000000,0.000000,0.000000,65535.000000,1.416701,1.953970,1.178069,3.233000,1.178069,3.233000,0.250000,0.000000,1.000000
8800.000000,1.179048,3.247681,0.097938,1.468129,0.000000,2.000000,0.000000,3.000000,0.000000,1.223797,1.425352,1.423301,0.076433,0.560058,0.000000,0.000000,0.000000,65535.000000,1.416701,1.953970,1.179048,3.247681,1.179048,3.247681,0.250000,0.000000,1.000000
8810.000000,1.179978,3.262245,0.092971,1.456403,0.000000,2.000000,0.000000,3.000000,0.000000,1.180093,1.471392,1.467300,0.109655,0.556936,0.000000,0.000000,0.000000,65535.000000,1.416701,1.953970,1.179978,3.262245,1.179978,3.262245,0.250000,0.000000,1.000000
8820.000000,1.180560,3.276578,0.058183,1.433309,0.000000,2.000000,0.000000,3.000000,0.000000,1.051527,1.459367,1.455716,0.103171,0.327177,0.000000,0.000000,0.000000,65535.000000,1.416701,1.953970,1.180560,3.276578,1.180560,3.276578,0.250000,0.000000,1.000000
8830.000000,1.181216,3.290902,0.065668,1.432411,0.000000,2.000000,0.000000,3.000000,0.000000,0.672548,1.434489,1.432901,0.067483,-0.347865,0.000000,0.000000,0.000000,65535.000000,1.416701,1.953970,1.181216,3.290902,1.181216,3.290902,0.250000,0.000000,1.000000
8840.000000,1.182160,3.305641,0.094392,1.473904,0.000000,2.000000,0.000000,3.000000,0.000000,0.453883,1.433915,1.431977,0.074520,-0.735166,0.000000,0.000000,0.000000,65535.000000,1.416701,1.953970,1.182160,3.305641,1.182160,3.305641,0.250000,0.000000,1.000000
8850.000000,1.182954,3.320005,0.079353,1.436368,0.000000,2.000000,0.000000,3.000000,0.000000,0.453883,1.476923,1.473282,0.103655,-0.729795,0.000000,0.000000,0.000000,65535.000000,1.416701,1.953970,1.182954,3.320005,1.182954,3.320005,0.250000,0.000000,1.000000
8860.000000,1.183596,3.334249,0.064213,1.424385,0.000000,2.000000,0.000000,3.000000,0.000000,0.685224,1.438558,1.435836,0.088459,-0.309761,0.000000,0.000000,0.000000,65535.000000,1.416701,1.953970,1.183596,3.334249,1.183596,3.334249,0.250000,0.000000,1.000000
8870.000000,1.184317,3.348551,0.072112,1.430256,0.000000,2.000000,0.000000,3.000000,0.000000,0.692066,1.425832,1.423966,0.072924,-0.296500,0.000000,0.000000,0.000000,65535.000000,1.416701,1.953970,1.184317,3.348551,1.184317,3.348551,0.250000,0.000000,1.000000
8880.000000,1.185263,3.363231,0.094541,1.468008,0.000000,2.000000,0.000000,3.000000,0.000000,0.692066,1.432072,1.429762,0.081308,-0.295622,0.000000,0.000000,0.000000,65535.000000,1.416701,1.953970,1.185263,3.363231,1.185263,3.363231,0.250000,0.000000,1.000000
8890.000000,1.186389,3.377987,0.112616,1.475516,0.000000,2.000000,0.000000,3.000000,0.000000,0.633517,1.471050,1.467342,0.104376,-0.402546,0.000000,0.000000,0.000000,65535.000000,1.416701,1.953970,1.186389,3.377987,1.186389,3.377987,0.250000,0.000000,1.000000
8900.000000,1.187394,3.392742,0.100486,1.475532,0.000000,2.000000,0.000000,3.000000,0.000000,0.518150,1.479808,1.474714,0.122676,-0.612668,0.000000,0.000000,0.000000,65535.000000,1.416701,1.953970,1.187394,3.392742,1.187394,3.392742,0.250000,0.000000,1.000000
8910.000000,1.188368,3.407498,0.097473,1.475647,0.000000,2.000000,0.000000,3.000000,0.000000,1.307885,1.478949,1.474661,0.112545,0.858182,0.000000,0.000000,0.000000,65535.000000,1.416701,1.953970,1.188368,3.407498,1.188368,3.407498,0.250000,0.000000,1.000000
8920.000000,1.189515,3.422513,0.114689,1.501493,0.000000,2.000000,0.000000,3.000000,0.000000,1.897004,1.478863,1.474628,0.111838,1.410406,0.000000,0.000000,0.000000,65535.000000,1.416701,1.953970,1.189515,3.422513,1.189515,3.422513,0.250000,0.000000,1.000000
8930.000000,1.190820,3.437610,0.130440,1.509637,0.000000,2.000000,0.000000,3.000000,0.000000,1.228342,1.505867,1.500124,0.131394,1.402900,0.000000,0.000000,0.000000,65535.000000,1.416701,1.953970,1.190820,3.437610,1.190820,3.437610,0.250000,0.000000,1.000000
8940.000000,1.192159,3.452743,0.133898,1.513339,0.000000,2.000000,0.000000,3.000000,0.000000,1.354764,1.515262,1.507927,0.148915,1.958870,0.000000,0.000000,0.000000,65535.000000,1.416701,1.953970,1.192159,3.452743,1.192159,3.452743,0.250000,0.000000,1.000000
8950.000000,1.193639,3.467771,0.148052,1.502763,0.000000,2.000000,0.000000,3.000000,0.000000,1.646956,1.519251,1.511409,0.154159,2.271060,0.000000,0.000000,0.000000,65535.000000,1.416701,1.953970,1.193639,3.467771,1.193639,3.467771,0.250000,0.000000,1.000000
8960.000000,1.195084,3.482808,0.144435,1.503775,0.000000,2.000000,0.000000,3.000000,0.000000,1.646956,1.510038,1.500463,0.169786,2.220579,0.000000,0.000000,0.000000,65535.000000,1.416701,1.953970,1.195084,3.482808,1.195084,3.482808,0.250000,0.000000,1.000000
8970.000000,1.196424,3.497391,0.134084,1.458247,0.000000,2.000000,0.000000,3.000000,0.000000,2.133349,1.510696,1.501593,0.165595,3.794802,0.000000,0.000000,0.000000,65535.000000,1.416701,1.953970,1.196424,3.497391,1.196424,3.497391,0.250000,0.000000,1.000000
8980.000000,1.197504,3.511606,0.107952,1.421571,0.000000,2.000000,0.000000,3.000000,0.000000,3.511170,1.464399,1.456490,0.151993,6.858588,0.000000,0.000000,0.000000,65535.000000,1.416701,1.953970,1.197504,3.511606,1.197504,3.511606,0.250000,0.000000,1.000000
8990.000000,1.198102,3.525143,0.059753,1.353620,0.000000,2.000000,0.000000,3.000000,0.000000,3.567337,1.425664,1.420291,0.123652,6.525608,0.000000,0.000000,0.000000,65535.000000,1.416701,1.953970,1.198102,3.525143,1.198102,3.525143,0.250000,0.000000,1.000000
9000.000000,1.198496,3.538368,0.039425,1.322499,0.000000,2.000000,0.000000,3.000000,0.000000,4.870863,1.354938,1.352924,0.073855,7.152658,0.000000,0.000000,0.000000,65535.000000,1.416701,1.953970,1.198496,3.538368,1.198496,3.538368,0.250000,0.000000,1.000000
9010.000000,1.198699,3.551146,0.020295,1.277830,0.000000,2.000000,0.000000,3.000000,0.000000,5.512836,1.323086,1.322027,0.052929,6.674757,0.000000,0.000000,0.000000,65535.000000,1.416701,1.953970,1.198699,3.551146,1.198699,3.551146,0.250000,0.000000,1.000000
9020.000000,1.198786,3.563735,0.008698,1.258910,0.000000,2.000000,0.000000,3.000000,0.000000,5.324939,1.277991,1.277542,0.033877,6.256718,0.000000,0.000000,0.000000,65535.000000,1.416701,1.953970,1.198786,3.563735,1.198786,3.563735,0.250000,0.000000,1.000000
9030.000000,1.198922,3.576216,0.013650,1.248074,0.000000,2.000000,0.000000,3.000000,0.000000,4.597874,1.258940,1.258733,0.022868,4.408623,0.000000,0.000000,0.000000,65535.000000,1.416701,1.953970,1.198922,3.576216,1.198922,3.576216,0.250000,0.000000,1.000000
9040.000000,1.199269,3.588822,0.034725,1.260615,0.000000,2.000000,0.000000,3.000000,0.000000,2.822061,1.248148,1.247838,0.027827,2.051829,0.000000,0.000000,0.000000,65535.000000,1.416701,1.953970,1.199269,3.588822,1.199269,3.588822,0.250000,0.000000,1.000000
9050.000000,1.199733,3.601100,0.046378,1.227761,0.000000,2.000000,0.000000,3.000000,0.000000,1.966261,1.261093,1.260122,0.049482,0.944158,0.000000,0.000000,0.000000,65535.000000,1.416701,1.953970,1.199733,3.601100,1.199733,3.601100,0.250000,0.000000,1.000000
9060.000000,1.200384,3.613295,0.065082,1.219565,0.000000,2.000000,0.000000,3.000000,0.000000,1.966261,1.228636,1.227101,0.061400,0.935319,0.000000,0.000000,0.000000,65535.000000,1.416701,1.953970,1.200384,3.613295,1.200384,3.613295,0.250000,0.000000,1.000000
9070.000000,1.201290,3.625258,0.090620,1.196299,0.000000,2.000000,0.000000,3.000000,0.000000,1.951704,1.221300,1.218603,0.081125,0.674775,0.000000,0.000000,0.000000,65535.000000,1.416701,1.953970,1.201290,3.625258,1.201290,3.625258,0.250000,0.000000,1.000000
9080.000000,1.203126,3.637765,0.183616,1.250670,0.000000,2.000000,0.000000,3.000000,0.000000,2.477725,1.199726,1.195066,0.105643,1.878258,0.000000,0.000000,0.000000,65535.000000,1.416701,1.953970,1.203126,3.637765,1.203126,3.637765,0.250000,0.000000,1.000000
9090.000000,1.205214,3.650068,0.208759,1.230298,0.000000,2.000000,0.000000,3.000000,0.000000,2.477725,1.185750,1.179306,0.123454,1.843596,0.000000,0.000000,0.000000,65535.000000,1.416701,1.953970,1.205214,3.650068,1.205214,3.650068,0.250000,0.000000,1.000000
9100.000000,1.207347,3.662307,0.213312,1.223916,0.000000,2.000000,0.000000,3.000000,0.000000,1.683016,1.154340,1.146731,0.132322,1.806537,0.000000,0.000000,0.000000,65535.000000,1.416701,1.953970,1.207347,3.662307,1.207347,3.662307,0.250000,0.000000,1.000000
9110.000000,1.208981,3.673898,0.163409,1.159134,0.000000,2.000000,0.000000,3.000000,0.000000,2.784637,1.132941,1.126730,0.118467,3.233984,0.000000,0.000000,0.000000,65535.000000,1.416701,1.953970,1.208981,3.673898,1.208981,3.673898,0.250000,0.000000,1.000000
9120.000000,1.210057,3.684913,0.107598,1.101501,0.000000,2.000000,0.000000,3.000000,0.000000,3.240885,1.090801,1.088280,0.074117,4.237165,0.000000,0.000000,0.000000,65535.000000,1.416701,1.953970,1.210057,3.684913,1.210057,3.684913,0.250000,0.000000,1.000000
9130.000000,1.210580,3.695601,0.052316,1.068808,0.000000,2.000000,0.000000,3.000000,0.000000,3.263847,1.061608,1.060746,0.042751,4.095264,0.000000,0.000000,0.000000,65535.000000,1.416701,1.953970,1.210580,3.695601,1.210580,3.695601,0.250000,0.000000,1.000000
9140.000000,1.210751,3.706118,0.017034,1.051673,0.000000,2.000000,0.000000,3.000000,0.000000,3.263847,1.046083,1.045803,0.024181,3.933995,0.000000,0.000000,0.000000,65535.000000,1.416701,1.953970,1.210751,3.706118,1.210751,3.706118,0.250000,0.000000,1.000000
9150.000000,1.210833,3.716409,0.008209,1.029110,0.000000,2.000000,0.000000,3.000000,0.000000,2.766163,1.045175,1.045133,0.009333,2.712537,0.000000,0.000000,0.000000,65535.000000,1.416701,1.953970,1.210833,3.716409,1.210833,3.716409,0.250000,0.000000,1.000000
9160.000000,1.210887,3.726313,0.005452,0.990395,0.000000,2.000000,0.000000,3.000000,0.000000,0.965617,1.033007,1.032946,0.011245,-0.044553,0.000000,0.000000,0.000000,65535.000000,1.416701,1.953970,1.210887,3.726313,1.210887,3.726313,0.250000,0.000000,1.000000
9170.000000,1.210841,3.735522,-0.004689,0.920882,0.000000,2.000000,0.000000,3.000000,0.000000,0.681698,0.998725,0.998639,0.013108,-0.403323,0.000000,0.000000,0.000000,65535.000000,1.416701,1.953970,1.210841,3.735522,1.210841,3.735522,0.250000,0.000000,1.000000
9180.000000,1.210889,3.744247,0.004883,0.872496,0.000000,2.000000,0.000000,3.000000,0.000000,0.681698,0.929863,0.929815,0.009427,-0.401702,0.000000,0.000000,0.000000,65535.000000,1.416701,1.953970,1.210889,3.744247,1.210889,3.744247,0.250000,0.000000,1.000000
9190.000000,1.210889,3.752784,-0.000092,0.853710,0.000000,2.000000,0.000000,3.000000,0.000000,1.273245,0.872510,0.872510,-0.000416,0.770268,0.000000,0.000000,0.000000,65535.000000,1.416701,1.953970,1.210889,3.752784,1.210889,3.752784,0.250000,0.000000,1.000000
9200.000000,1.210729,3.761194,-0.015920,0.841034,0.000000,2.000000,0.000000,3.000000,0.000000,1.276464,0.853710,0.853680,-0.007148,0.770166,0.000000,0.000000,0.000000,65535.000000,1.416701,1.953970,1.210729,3.761194,1.210729,3.761194,0.250000,0.000000,1.000000
9210.000000,1.210426,3.769135,-0.030352,0.794092,0.000000,2.000000,0.000000,3.000000,0.000000,1.276464,0.841184,0.840811,-0.025067,0.764274,0.000000,0.000000,0.000000,65535.000000,1.416701,1.953970,1.210426,3.769135,1.210426,3.769135,0.250000,0.000000,1.000000
9220.000000,1.210094,3.776611,-0.033123,0.747556,0.000000,2.000000,0.000000,3.000000,0.000000,0.879389,0.794672,0.793654,-0.040206,0.022330,0.000000,0.000000,0.000000,65535.000000,1.416701,1.953970,1.210094,3.776611,1.210094,3.776611,0.250000,0.000000,1.000000
9230.000000,1.209053,3.784069,-0.104102,0.745825,0.000000,2.000000,0.000000,3.000000,0.000000,0.879389,0.748290,0.747036,-0.043297,0.022326,0.000000,0.000000,0.000000,65535.000000,1.416701,1.953970,1.209053,3.784069,1.209053,3.784069,0.250000,0.000000,1.000000
9240.000000,1.208174,3.791152,-0.087909,0.708227,0.000000,2.000000,0.000000,3.000000,0.000000,0.879389,0.708980,0.707945,-0.038302,0.022321,0.000000,0.000000,0.000000,65535.000000,1.416701,1.953970,1.208174,3.791152,1.208174,3.791152,0.250000,0.000000,1.000000
9250.000000,1.207601,3.797725,-0.057360,0.657400,0.000000,2.000000,0.000000,3.000000,0.000000,0.426219,0.681859,0.681325,-0.026964,-0.820821,0.000000,0.000000,0.000000,65535.000000,1.416701,1.953970,1.207601,3.797725,1.207601,3.797725,0.250000,0.000000,1.000000
9260.000000,1.207307,3.803986,-0.029384,0.626097,0.000000,2.000000,0.000000,3.000000,0.000000,0.814045,0.645461,0.645354,-0.011731,-0.814132,0.000000,0.000000,0.000000,65535.000000,1.416701,1.953970,1.207307,3.803986,1.207307,3.803986,0.250000,0.000000,1.000000
9270.000000,1.207459,3.810080,0.015246,0.609342,0.000000,2.000000,0.000000,3.000000,0.000000,0.814045,0.623924,0.623922,-0.001688,-0.948922,0.000000,0.000000,0.000000,65535.000000,1.416701,1.953970,1.207459,3.810080,1.207459,3.810080,0.250000,0.000000,1.000000
9280.000000,1.208061,3.816142,0.060139,0.606203,0.000000,2.000000,0.000000,3.000000,0.000000,0.507392,0.615435,0.615342,0.010681,-1.107841,0.000000,0.000000,0.000000,65535.000000,1.416701,1.953970,1.208061,3.816142,1.208061,3.816142,0.250000,0.000000,1.000000
9290.000000,1.209000,3.821935,0.093895,0.579358,0.000000,2.000000,0.000000,3.000000,0.000000,0.347841,0.590627,0.589793,0.031372,-1.095690,0.000000,0.000000,0.000000,65535.000000,1.416701,1.953970,1.209000,3.821935,1.209000,3.821935,0.250000,0.000000,1.000000
9300.000000,1.210428,3.827668,0.142813,0.573290,0.000000,2.000000,0.000000,3.000000,0.000000,0.392847,0.543782,0.542048,0.043388,-1.331536,0.000000,0.000000,0.000000,65535.000000,1.416701,1.953970,1.210428,3.827668,1.210428,3.827668,0.250000,0.000000,1.000000
9310.000000,1.211972,3.833209,0.154456,0.554012,0.000000,2.000000,0.000000,3.000000,0.000000,0.176952,0.516394,0.512079,0.066619,-1.355401,0.000000,0.000000,0.000000,65535.000000,1.416701,1.953970,1.211972,3.833209,1.211972,3.833209,0.250000,0.000000,1.000000
9320.000000,1.213256,3.838384,0.128323,0.517503,0.000000,2.000000,0.000000,3.000000,0.000000,0.358905,0.493063,0.487789,0.071922,-1.132276,0.000000,0.000000,0.000000,65535.000000,1.416701,1.953970,1.213256,3.838384,1.213256,3.838384,0.250000,0.000000,1.000000
9330.000000,1.214336,3.843178,0.108057,0.479442,0.000000,2.000000,0.000000,3.000000,0.000000,0.488830,0.470237,0.466987,0.055188,-1.053213,0.000000,0.000000,0.000000,65535.000000,1.416701,1.953970,1.214336,3.843178,1.214336,3.843178,0.250000,0.000000,1.000000
9340.000000,1.215414,3.847672,0.107750,0.449371,0.000000,2.000000,0.000000,3.000000,0.000000,0.489856,0.440227,0.437859,0.045604,-0.740982,0.000000,0.000000,0.000000,65535.000000,1.416701,1.953970,1.215414,3.847672,1.215414,3.847672,0.250000,0.000000,1.000000
9350.000000,1.215940,3.851473,0.052606,0.380108,0.000000,2.000000,0.000000,3.000000,0.000000,0.491959,0.408980,0.406235,0.047301,-0.735526,0.000000,0.000000,0.000000,65535.000000,1.416701,1.953970,1.215940,3.851473,1.215940,3.851473,0.250000,0.000000,1.000000
9360.000000,1.216482,3.855105,0.054230,0.363262,0.000000,2.000000,0.000000,3.000000,0.000000,0.822641,0.383731,0.380930,0.046275,-0.139196,0.000000,0.000000,0.000000,65535.000000,1.416701,1.953970,1.216482,3.855105,1.216482,3.855105,0.250000,0.000000,1.000000
9370.000000,1.217108,3.858378,0.062601,0.327254,1.000000,3.000000,1.000000,1.000000,2.000000,0.930245,0.367288,0.364084,0.048402,0.057329,0.000000,0.000000,0.000000,65535.000000,1.416701,1.953970,1.217108,3.858378,1.217108,3.858378,0.250000,0.000000,1.000000
9380.000000,1.217862,3.861251,0.075378,0.287267,1.000000,3.000000,1.000000,1.000000,2.000000,0.930245,0.333188,0.328226,0.057290,0.057296,1.000000,0.000000,1.000000,2.000000,1.217108,3.858378,1.000000,3.500000,1.000000,3.500000,0.175571,1.000000,1.000000
9390.000000,1.000928,3.502454,0.092820,0.245395,1.000000,3.000000,1.000000,1.000000,2.000000,0.919401,0.296992,0.288544,0.070330,0.057264,0.000000,0.000000,1.000000,2.000000,1.217108,3.858378,1.000928,3.502454,1.000928,3.502454,0.175571,1.000000,1.000000
9400.000000,1.001982,3.504551,0.105417,0.209739,1.000000,3.000000,1.000000,1.000000,2.000000,0.641375,0.262363,0.247170,0.087986,-0.317133,0.000000,0.000000,1.000000,2.000000,1.217108,3.858378,1.001982,3.504551,1.001982,3.504551,0.175571,1.000000,1.000000
9410.000000,1.002965,3.506349,0.098263,0.179737,1.000000,3.000000,1.000000,1.000000,2.000000,0.532940,0.234741,0.211952,0.100895,-0.631382,0.000000,0.000000,1.000000,2.000000,1.217108,3.858378,1.002965,3.506349,1.002965,3.506349,0.175571,1.000000,1.000000
9420.000000,1.003691,3.507864,0.072588,0.151481,1.000000,3.000000,1.000000,1.000000,2.000000,0.749317,0.204843,0.181823,0.094346,-0.288497,0.000000,0.000000,1.000000,2.000000,1.217108,3.858378,1.003691,3.507864,1.003691,3.507864,0.175571,1.000000,1.000000
9430.000000,1.004157,3.509103,0.046619,0.123945,1.000000,3.000000,1.000000,1.000000,2.000000,1.589507,0.167975,0.152856,0.069646,-0.287667,0.000000,0.000000,1.000000,2.000000,1.217108,3.858378,1.004157,3.509103,1.004157,3.509103,0.175571,1.000000,1.000000
9440.000000,1.004679,3.510374,0.052234,0.127021,1.000000,3.000000,1.000000,1.000000,2.000000,1.173134,0.132422,0.124603,0.044831,-0.286841,0.000000,0.000000,1.000000,2.000000,1.217108,3.858378,1.004679,3.510374,1.004679,3.510374,0.175571,1.000000,1.000000
9450.000000,1.005148,3.511761,0.046857,0.138788,1.000000,3.000000,1.000000,1.000000,2.000000,0.737910,0.137342,0.127537,0.050962,-0.703422,0.000000,0.000000,1.000000,2.000000,1.217108,3.858378,1.005148,3.511761,1.005148,3.511761,0.175571,1.000000,1.000000
9460.000000,1.005516,3.513182,0.036788,0.142076,1.000000,3.000000,1.000000,1.000000,2.000000,0.539762,0.146484,0.139152,0.045766,-0.955477,0.000000,0.000000,1.000000,2.000000,1.217108,3.858378,1.005516,3.513182,1.005516,3.513182,0.175571,1.000000,1.000000
9470.000000,1.005818,3.514616,0.030220,0.143380,1.000000,3.000000,1.000000,1.000000,2.000000,0.576233,0.146762,0.142358,0.035682,-0.894016,0.000000,0.000000,1.000000,2.000000,1.217108,3.858378,1.005818,3.514616,1.005818,3.514616,0.175571,1.000000,1.000000
9480.000000,1.005952,3.516026,0.013373,0.141041,1.000000,3.000000,1.000000,1.000000,2.000000,0.576233,0.146531,0.143672,0.028802,-0.886086,0.000000,0.000000,1.000000,2.000000,1.217108,3.858378,1.005952,3.516026,1.005952,3.516026,0.175571,1.000000,1.000000
9490.000000,1.005974,3.517417,0.002237,0.139023,0.000000,3.000000,0.000000,1.000000,1.000000,0.574734,0.141674,0.141208,0.011481,-0.878296,0.000000,0.000000,1.000000,2.000000,1.217108,3.858378,1.005974,3.517417,1.005974,3.517417,0.175571,1.000000,1.000000
9500.000000,1.006042,3.518747,0.006787,0.133048,0.000000,3.000000,0.000000,1.000000,1.000000,0.543615,0.139041,0.139041,0.000156,-0.904109,0.000000,0.000000,1.000000,2.000000,1.217108,3.858378,1.006042,3.518747,1.006042,3.518747,0.175571,1.000000,1.000000
9510.000000,1.006191,3.519975,0.014877,0.122785,0.000000,3.000000,0.000000,1.000000,1.000000,0.444778,0.133221,0.133130,0.004921,-0.911706,0.000000,0.000000,1.000000,2.000000,1.217108,3.858378,1.006191,3.519975,1.006191,3.519975,0.175571,1.000000,1.000000
9520.000000,1.006307,3.521101,0.011602,0.112659,0.000000,3.000000,0.000000,1.000000,1.000000,0.430910,0.123683,0.122959,0.013361,-0.910749,0.000000,0.000000,1.000000,2.000000,1.217108,3.858378,1.006307,3.521101,1.006307,3.521101,0.175571,1.000000,1.000000
9530.000000,1.006425,3.522107,0.011766,0.100509,0.000000,3.000000,0.000000,1.000000,1.000000,0.419986,0.113255,0.112788,0.010271,-1.025641,0.000000,0.000000,1.000000,2.000000,1.217108,3.858378,1.006425,3.522107,1.006425,3.522107,0.175571,1.000000,1.000000
9540.000000,1.006626,3.522997,0.020117,0.088997,0.000000,3.000000,0.000000,1.000000,1.000000,0.289177,0.101196,0.100655,0.010442,-1.173163,0.000000,0.000000,1.000000,2.000000,1.217108,3.858378,1.006626,3.522997,1.006626,3.522997,0.175571,1.000000,1.000000
9550.000000,1.006974,3.523775,0.034803,0.077849,0.000000,3.000000,0.000000,1.000000,1.000000,0.417167,0.091242,0.089280,0.018819,-0.875576,0.000000,0.000000,1.000000,2.000000,1.217108,3.858378,1.006974,3.523775,1.006974,3.523775,0.175571,1.000000,1.000000
9560.000000,1.007398,3.524446,0.042416,0.067064,0.000000,3.000000,0.000000,1.000000,1.000000,0.374976,0.085274,0.078371,0.033612,-0.867969,0.000000,0.000000,1.000000,2.000000,1.217108,3.858378,1.007398,3.524446,1.007398,3.524446,0.175571,1.000000,1.000000
9570.000000,1.007854,3.524985,0.045619,0.053890,0.000000,3.000000,0.000000,1.000000,1.000000,0.374967,0.079351,0.067747,0.041316,-0.860493,0.000000,0.000000,1.000000,2.000000,1.217108,3.858378,1.007854,3.524985,1.007854,3.524985,0.175571,1.000000,1.000000
9580.000000,1.008363,3.525383,0.050898,0.039861,0.000000,3.000000,0.000000,1.000000,1.000000,0.234920,0.070607,0.054681,0.044668,-1.110402,0.000000,0.000000,1.000000,2.000000,1.217108,3.858378,1.008363,3.525383,1.008363,3.525383,0.175571,1.000000,1.000000
9590.000000,1.009061,3.525609,0.069806,0.022522,0.000000,3.000000,0.000000,1.000000,1.000000,0.176740,0.064650,0.040771,0.050173,-1.249744,0.000000,0.000000,1.000000,2.000000,1.217108,3.858378,1.009061,3.525609,1.009061,3.525609,0.175571,1.000000,1.000000
9600.000000,1.010038,3.525569,0.097709,-0.003943,0.000000,3.000000,0.000000,1.000000,1.000000,0.268199,0.073349,0.023725,0.069406,-0.983287,0.000000,0.000000,1.000000,2.000000,1.217108,3.858378,1.010038,3.525569,1.010038,3.525569,0.175571,1.000000,1.000000
9610.000000,1.011330,3.525243,0.129216,-0.032673,0.000000,3.000000,0.000000,1.000000,0.000000,0.268199,0.097789,-0.002443,0.097758,-0.973703,0.000000,0.000000,1.000000,2.000000,1.217108,3.858378,1.011330,3.525243,1.011330,3.525243,0.175571,1.000000,1.000000
9620.000000,1.013042,3.524560,0.171141,-0.068205,0.000000,3.000000,0.000000,1.000000,0.000000,0.268199,0.133282,-0.030941,0.129641,-0.964304,0.000000,0.000000,1.000000,2.000000,1.217108,3.858378,1.013042,3.524560,1.013042,3.524560,0.175571,1.000000,1.000000
9630.000000,1.015284,3.523459,0.224172,-0.110111,0.000000,3.000000,0.000000,1.000000,0.000000,0.187673,0.184231,-0.066103,0.171964,-1.137077,0.000000,0.000000,1.000000,2.000000,1.217108,3.858378,1.015284,3.523459,1.015284,3.523459,0.175571,1.000000,1.000000
9640.000000,1.017450,3.522753,0.216692,-0.070636,0.000000,3.000000,0.000000,1.000000,0.000000,0.166261,0.249755,-0.107319,0.225522,-1.192005,0.000000,0.000000,1.000000,2.000000,1.217108,3.858378,1.017450,3.522753,1.017450,3.522753,0.175571,1.000000,1.000000
9650.000000,1.020185,3.521823,0.273478,-0.093018,0.000000,3.000000,0.000000,1.000000,0.000000,0.357172,0.335113,-0.147019,0.301142,-0.709326,0.000000,0.000000,1.000000,2.000000,1.217108,3.858378,1.020185,3.521823,1.020185,3.521823,0.175571,1.000000,1.000000
9660.000000,1.023672,3.520514,0.348677,-0.130854,0.000000,3.000000,0.000000,1.000000,0.000000,0.372338,0.399945,-0.171395,0.361358,-0.704325,0.000000,0.000000,1.000000,2.000000,1.217108,3.858378,1.023672,3.520514,1.023672,3.520514,0.175571,1.000000,1.000000
9670.000000,1.027945,3.518840,0.427329,-0.167414,0.000000,3.000000,0.000000,1.000000,0.000000,0.449305,0.443169,-0.177857,0.405913,-0.626985,0.000000,0.000000,1.000000,2.000000,1.217108,3.858378,1.027945,3.518840,1.027945,3.518840,0.175571,1.000000,1.000000
9680.000000,1.032400,3.517192,0.445515,-0.164839,0.000000,3.000000,0.000000,1.000000,0.000000,0.784342,0.463510,-0.162852,0.433959,-0.035331,0.000000,0.000000,1.000000,2.000000,1.217108,3.858378,1.032400,3.517192,1.032400,3.517192,0.175571,1.000000,1.000000
9690.000000,1.036883,3.516059,0.448298,-0.113244,0.000000,3.000000,0.000000,1.000000,0.000000,0.784342,0.468390,-0.150367,0.443597,0.008187,0.000000,0.000000,1.000000,2.000000,1.217108,3.858378,1.036883,3.516059,1.036883,3.516059,0.175571,1.000000,1.000000
9700.000000,1.042181,3.515064,0.529763,-0.099585,0.000000,3.000000,0.000000,1.000000,0.000000,1.252922,0.484043,-0.120458,0.468815,1.164028,0.000000,0.000000,1.000000,2.000000,1.217108,3.858378,1.042181,3.515064,1.042181,3.515064,0.175571,1.000000,1.000000
9710.000000,1.048121,3.514302,0.593973,-0.076096,0.000000,3.000000,0.000000,1.000000,0.000000,1.252922,0.555792,-0.102093,0.546335,1.150621,0.000000,0.000000,1.000000,2.000000,1.217108,3.858378,1.048121,3.514302,1.048121,3.514302,0.175571,1.000000,1.000000
9720.000000,1.054096,3.513748,0.597532,-0.055420,0.000000,3.000000,0.000000,1.000000,0.000000,1.236072,0.634914,-0.095397,0.627707,1.101380,0.000000,0.000000,1.000000,2.000000,1.217108,3.858378,1.054096,3.513748,1.054096,3.513748,0.175571,1.000000,1.000000
9730.000000,1.060618,3.512668,0.652178,-0.108029,0.000000,3.000000,0.000000,1.000000,0.000000,1.493638,0.661315,-0.096520,0.654233,1.204506,0.000000,0.000000,1.000000,2.000000,1.217108,3.858378,1.060618,3.512668,1.060618,3.512668,0.175571,1.000000,1.000000
9740.000000,1.068371,3.511155,0.775342,-0.151314,0.000000,3.000000,0.000000,1.000000,0.000000,1.493638,0.679531,-0.110294,0.670521,1.190156,0.000000,0.000000,1.000000,2.000000,1.217108,3.858378,1.068371,3.511155,1.068371,3.511155,0.175571,1.000000,1.000000
9750.000000,1.076956,3.509571,0.858449,-0.158432,0.000000,3.000000,0.000000,1.000000,0.000000,1.493638,0.755092,-0.107629,0.747382,1.176144,0.000000,0.000000,1.000000,2.000000,1.217108,3.858378,1.076956,3.509571,1.076956,3.509571,0.175571,1.000000,1.000000
9760.000000,1.085448,3.508424,0.849242,-0.114690,0.000000,3.000000,0.000000,1.000000,0.000000,1.446148,0.813072,-0.093562,0.807671,1.121153,0.000000,0.000000,1.000000,2.000000,1.217108,3.858378,1.085448,3.508424,1.085448,3.508424,0.175571,1.000000,1.000000
9770.000000,1.093440,3.507722,0.799181,-0.070202,0.000000,3.000000,0.000000,1.000000,0.000000,1.446148,0.803651,-0.052213,0.801953,0.989277,0.000000,0.000000,1.000000,2.000000,1.217108,3.858378,1.093440,3.507722,1.093440,3.507722,0.175571,1.000000,1.000000
9780.000000,1.101600,3.507735,0.815983,0.001368,0.000000,3.000000,0.000000,1.000000,0.000000,0.862824,0.797757,-0.002618,0.797753,0.025869,0.000000,0.000000,1.000000,2.000000,1.217108,3.858378,1.101600,3.507735,1.101600,3.507735,0.175571,1.000000,1.000000
9790.000000,1.111011,3.508805,0.941045,0.106971,0.000000,3.000000,0.000000,1.000000,0.000000,1.006042,0.856414,0.057928,0.854452,0.450403,0.000000,0.000000,1.000000,2.000000,1.217108,3.858378,1.111011,3.508805,1.111011,3.508805,0.175571,1.000000,1.000000
9800.000000,1.121531,3.510737,1.051997,0.193205,0.000000,3.000000,0.000000,1.000000,0.000000,1.006042,0.929786,0.117347,0.922352,0.448382,0.000000,0.000000,1.000000,2.000000,1.217108,3.858378,1.121531,3.510737,1.121531,3.510737,0.175571,1.000000,1.000000
9810.000000,1.132591,3.512555,1.106036,0.181770,0.000000,3.000000,0.000000,1.000000,0.000000,0.967095,0.983624,0.153177,0.971624,0.371948,0.000000,0.000000,1.000000,2.000000,1.217108,3.858378,1.132591,3.512555,1.132591,3.512555,0.175571,1.000000,1.000000
9820.000000,1.144274,3.513864,1.168271,0.130916,0.000000,3.000000,0.000000,1.000000,0.000000,0.929167,1.018567,0.130688,1.010149,0.231315,0.000000,0.000000,1.000000,2.000000,1.217108,3.858378,1.144274,3.513864,1.144274,3.513864,0.175571,1.000000,1.000000
9830.000000,1.155726,3.514614,1.145215,0.074925,0.000000,3.000000,0.000000,1.000000,0.000000,0.659145,1.077813,0.084822,1.074471,-0.189662,0.000000,0.000000,1.000000,2.000000,1.217108,3.858378,1.155726,3.514614,1.155726,3.514614,0.175571,1.000000,1.000000
9840.000000,1.166584,3.514832,1.085827,0.021804,0.000000,3.000000,0.000000,1.000000,0.000000,0.458524,1.104892,0.035725,1.104314,-0.601505,0.000000,0.000000,1.000000,2.000000,1.217108,3.858378,1.166584,3.514832,1.166584,3.514832,0.175571,1.000000,1.000000
9850.000000,1.177028,3.514883,1.044434,0.005074,0.000000,3.000000,0.000000,1.000000,0.000000,0.421209,1.092335,-0.007506,1.092310,-0.757744,0.000000,0.000000,1.000000,2.000000,1.217108,3.858378,1.177028,3.514883,1.177028,3.514883,0.175571,1.000000,1.000000
9860.000000,1.188104,3.514910,1.107586,0.002727,0.000000,3.000000,0.000000,1.000000,0.000000,0.766573,1.074297,-0.028815,1.073910,-0.009488,0.000000,0.000000,1.000000,2.000000,1.217108,3.858378,1.188104,3.514910,1.188104,3.514910,0.175571,1.000000,1.000000
9870.000000,1.199860,3.515002,1.175599,0.009227,0.000000,3.000000,0.000000,1.000000,0.000000,0.766573,1.127577,-0.019655,1.127406,-0.009487,0.000000,0.000000,1.000000,2.000000,1.217108,3.858378,1.199860,3.515002,1.199860,3.515002,0.175571,1.000000,1.000000
9880.000000,1.211572,3.515327,1.171196,0.032495,0.000000,3.000000,0.000000,1.000000,0.000000,0.766573,1.176797,-0.002255,1.176795,-0.009486,0.000000,0.000000,1.000000,2.000000,1.217108,3.858378,1.211572,3.515327,1.211572,3.515327,0.175571,1.000000,1.000000
9890.000000,1.223064,3.515411,1.149184,0.008364,0.000000,3.000000,0.000000,1.000000,0.000000,0.643571,1.171279,-0.002039,1.171277,-0.197197,0.000000,0.000000,1.000000,2.000000,1.217108,3.858378,1.223064,3.515411,1.223064,3.515411,0.175571,1.000000,1.000000
9900.000000,1.235220,3.515336,1.215581,-0.007456,0.000000,3.000000,0.000000,1.000000,0.000000,0.643571,1.150660,-0.002560,1.150657,-0.196809,0.000000,0.000000,1.000000,2.000000,1.217108,3.858378,1.235220,3.515336,1.235220,3.515336,0.175571,1.000000,1.000000
9910.000000,1.248057,3.515116,1.283714,-0.021952,0.000000,3.000000,0.000000,1.000000,0.000000,0.712201,1.205579,0.008896,1.205546,-0.102623,0.000000,0.000000,1.000000,2.000000,1.217108,3.858378,1.248057,3.515116,1.248057,3.515116,0.175571,1.000000,1.000000
9920.000000,1.261804,3.515387,1.374698,0.027046,0.000000,3.000000,0.000000,1.000000,0.000000,0.712201,1.271695,0.011350,1.271645,-0.102518,0.000000,0.000000,1.000000,2.000000,1.217108,3.858378,1.261804,3.515387,1.261804,3.515387,0.175571,1.000000,1.000000
9930.000000,1.275920,3.516034,1.411585,0.064683,0.000000,3.000000,0.000000,1.000000,0.000000,0.712201,1.336798,0.034447,1.336354,-0.102413,0.000000,0.000000,1.000000,2.000000,1.217108,3.858378,1.275920,3.516034,1.275920,3.516034,0.175571,1.000000,1.000000
9940.000000,1.289405,3.516269,1.348533,0.023560,0.000000,3.000000,0.000000,1.000000,0.000000,0.644062,1.347054,0.059096,1.345757,-0.789601,0.000000,0.000000,1.000000,2.000000,1.217108,3.858378,1.289405,3.516269,1.289405,3.516269,0.175571,1.000000,1.000000
9950.000000,1.302960,3.516552,1.355531,0.028334,0.000000,3.000000,0.000000,1.000000,0.000000,0.644062,1.329384,0.058529,1.328095,-0.783409,0.000000,0.000000,1.000000,2.000000,1.217108,3.858378,1.302960,3.516552,1.302960,3.516552,0.175571,1.000000,1.000000
9960.000000,1.316949,3.517005,1.398917,0.045269,0.000000,3.000000,0.000000,1.000000,0.000000,0.644062,1.354028,0.079117,1.351714,-0.777313,0.000000,0.000000,1.000000,2.000000,1.217108,3.858378,1.316949,3.517005,1.316949,3.517005,0.175571,1.000000,1.000000
9970.000000,1.331922,3.518221,1.497274,0.121557,0.000000,3.000000,0.000000,1.000000,0.000000,0.568597,1.415462,0.112039,1.411021,-0.877282,0.000000,0.000000,1.000000,2.000000,1.217108,3.858378,1.331922,3.518221,1.331922,3.518221,0.175571,1.000000,1.000000
9980.000000,1.347568,3.519524,1.564587,0.130285,0.000000,3.000000,0.000000,1.000000,0.000000,0.701698,1.472055,0.147300,1.464667,-0.683215,0.000000,0.000000,1.000000,2.000000,1.217108,3.858378,1.347568,3.519524,1.347568,3.519524,0.175571,1.000000,1.000000
9990.000000,1.363084,3.520230,1.551642,0.070616,0.000000,3.000000,0.000000,1.000000,0.000000,0.701698,1.547720,0.157829,1.539652,-0.678574,0.000000,0.000000,1.000000,2.000000,1.217108,3.858378,1.363084,3.520230,1.363084,3.520230,0.175571,1.000000,1.000000
10000.000000,1.378067,3.520392,1.498265,0.016212,0.000000,3.000000,0.000000,1.000000,0.000000,0.701698,1.553248,0.112609,1.549160,-0.673996,0.000000,0.000000,1.000000,2.000000,1.217108,3.858378,1.378067,3.520392,1.378067,3.520392,0.175571,1.000000,1.000000
10010.000000,1.392672,3.519809,1.460534,-0.058249,0.000000,3.000000,0.000000,1.000000,0.000000,0.507219,1.498353,0.061291,1.497099,-0.945626,0.000000,0.000000,1.000000,2.000000,1.217108,3.858378,1.392672,3.519809,1.392672,3.519809,0.175571,1.000000,1.000000
10020.000000,1.408013,3.518596,1.534100,-0.121314,0.000000,3.000000,0.000000,1.000000,0.000000,0.887361,1.461695,-0.004893,1.461686,-0.482366,0.000000,0.000000,1.000000,2.000000,1.217108,3.858378,1.408013,3.518596,1.408013,3.518596,0.175571,1.000000,1.000000
10030.000000,1.424363,3.517226,1.634937,-0.137064,0.000000,3.000000,0.000000,1.000000,0.000000,0.954506,1.538889,-0.057306,1.537822,-0.299352,0.000000,0.000000,1.000000,2.000000,1.217108,3.858378,1.424363,3.517226,1.424363,3.517226,0.175571,1.000000,1.000000
10040.000000,1.440712,3.515526,1.634972,-0.169964,0.000000,3.000000,0.000000,1.000000,0.000000,0.954506,1.648917,-0.073132,1.647294,-0.298457,0.000000,0.000000,1.000000,2.000000,1.217108,3.858378,1.440712,3.515526,1.440712,3.515526,0.175571,1.000000,1.000000
10050.000000,1.456098,3.513879,1.538548,-0.164732,0.000000,3.000000,0.000000,1.000000,0.000000,0.909658,1.631489,-0.089391,1.629039,-0.363008,0.000000,0.000000,1.000000,2.000000,1.217108,3.858378,1.456098,3.513879,1.456098,3.513879,0.175571,1.000000,1.000000
10060.000000,1.471261,3.512283,1.516267,-0.159559,0.000000,3.000000,0.000000,1.000000,0.000000,0.584738,1.536388,-0.090215,1.533737,-0.833519,0.000000,0.000000,1.000000,2.000000,1.217108,3.858378,1.471261,3.512283,1.471261,3.512283,0.175571,1.000000,1.000000
10070.000000,1.487039,3.510769,1.577834,-0.151404,0.000000,3.000000,0.000000,1.000000,0.000000,0.584738,1.523010,-0.095300,1.520025,-0.826622,0.000000,0.000000,1.000000,2.000000,1.217108,3.858378,1.487039,3.510769,1.487039,3.510769,0.175571,1.000000,1.000000
10080.000000,1.503240,3.509455,1.620089,-0.131411,0.000000,3.000000,0.000000,1.000000,0.000000,0.622695,1.585081,-0.088609,1.582603,-0.885982,0.000000,0.000000,1.000000,2.000000,1.217108,3.858378,1.503240,3.509455,1.503240,3.509455,0.175571,1.000000,1.000000
10090.000000,1.518547,3.508057,1.530707,-0.139847,0.000000,3.000000,0.000000,1.000000,0.000000,0.441218,1.625410,-0.072725,1.623782,-0.706540,0.000000,0.000000,1.000000,2.000000,1.217108,3.858378,1.518547,3.508057,1.518547,3.508057,0.175571,1.000000,1.000000
10100.000000,1.533617,3.506293,1.507032,-0.176358,0.000000,3.000000,0.000000,1.000000,0.000000,0.637258,1.537082,-0.086524,1.534645,-0.554266,0.000000,0.000000,1.000000,2.000000,1.217108,3.858378,1.533617,3.506293,1.533617,3.506293,0.175571,1.000000,1.000000
10110.000000,1.548977,3.504110,1.535960,-0.218313,0.000000,3.000000,0.000000,1.000000,0.000000,0.786434,1.517316,-0.123129,1.512311,-0.551207,0.000000,0.000000,1.000000,2.000000,1.217108,3.858378,1.548977,3.504110,1.548977,3.504110,0.175571,1.000000,1.000000
10120.000000,1.564829,3.501617,1.585247,-0.249248,0.000000,3.000000,0.000000,1.000000,0.000000,0.786434,1.551397,-0.163923,1.542713,-0.335789,0.000000,0.000000,1.000000,2.000000,1.217108,3.858378,1.564829,3.501617,1.564829,3.501617,0.175571,1.000000,1.000000
10130.000000,1.580655,3.499028,1.582600,-0.258937,0.000000,3.000000,0.000000,1.000000,0.000000,0.674913,1.604722,-0.192896,1.593086,-0.334664,0.000000,0.000000,1.000000,2.000000,1.217108,3.858378,1.580655,3.499028,1.580655,3.499028,0.175571,1.000000,1.000000
10140.000000,1.596518,3.496205,1.586236,-0.282295,0.000000,3.000000,0.000000,1.000000,0.000000,0.674913,1.603643,-0.201527,1.590930,-0.333546,0.000000,0.000000,1.000000,2.000000,1.217108,3.858378,1.596518,3.496205,1.596518,3.496205,0.175571,1.000000,1.000000
10150.000000,1.612382,3.492989,1.586421,-0.321605,0.000000,3.000000,0.000000,1.000000,0.000000,0.780826,1.611160,-0.221873,1.595810,-0.418231,0.000000,0.000000,1.000000,2.000000,1.217108,3.858378,1.612382,3.492989,1.612382,3.492989,0.175571,1.000000,1.000000
10160.000000,1.628472,3.489292,1.609003,-0.369690,0.000000,3.000000,0.000000,1.000000,0.000000,0.780826,1.618691,-0.257264,1.598116,-0.414128,0.000000,0.000000,1.000000,2.000000,1.217108,3.858378,1.628472,3.489292,1.628472,3.489292,0.175571,1.000000,1.000000
10170.000000,1.643936,3.485974,1.546414,-0.331821,0.000000,3.000000,0.000000,1.000000,0.000000,0.780826,1.650927,-0.302546,1.622968,-0.412418,0.000000,0.000000,1.000000,2.000000,1.217108,3.858378,1.643936,3.485974,1.643936,3.485974,0.175571,1.000000,1.000000
10180.000000,1.659824,3.482611,1.588795,-0.336298,0.000000,3.000000,0.000000,1.000000,0.000000,0.736167,1.653119,-0.327733,1.620306,-0.324543,0.000000,0.000000,1.000000,2.000000,1.217108,3.858378,1.659824,3.482611,1.659824,3.482611,0.175571,1.000000,1.000000
10190.000000,1.676021,3.479026,1.619660,-0.358457,0.000000,3.000000,0.000000,1.000000,0.000000,0.821454,1.670092,-0.311794,1.640729,0.397222,0.000000,0.000000,1.000000,2.000000,1.217108,3.858378,1.676021,3.479026,1.676021,3.479026,0.175571,1.000000,1.000000
10200.000000,1.692210,3.475096,1.618901,-0.393042,0.000000,3.000000,0.000000,1.000000,0.000000,0.888183,1.695289,-0.326215,1.663607,0.566848,0.000000,0.000000,1.000000,2.000000,1.217108,3.858378,1.692210,3.475096,1.692210,3.475096,0.175571,1.000000,1.000000
10210.000000,1.707924,3.470917,1.571480,-0.417874,0.000000,3.000000,0.000000,1.000000,0.000000,1.067762,1.741560,-0.394604,1.696266,0.666741,0.000000,0.000000,1.000000,2.000000,1.217108,3.858378,1.707924,3.470917,1.707924,3.470917,0.175571,1.000000,1.000000
10220.000000,1.723018,3.466842,1.509318,-0.407480,0.000000,3.000000,0.000000,1.000000,0.000000,1.152754,1.719757,-0.437250,1.663243,0.662321,0.000000,0.000000,1.000000,2.000000,1.217108,3.858378,1.723018,3.466842,1.723018,3.466842,0.175571,1.000000,1.000000
10230.000000,1.737990,3.462807,1.497227,-0.403522,0.000000,3.000000,0.000000,1.000000,0.000000,1.152754,1.686859,-0.454929,1.624356,0.657959,0.000000,0.000000,1.000000,2.000000,1.217108,3.858378,1.737990,3.462807,1.737990,3.462807,0.175571,1.000000,1.000000
10240.000000,1.753421,3.458436,1.543129,-0.437076,0.000000,3.000000,0.000000,1.000000,0.000000,1.152754,1.689878,-0.465130,1.624605,0.747166,0.000000,0.000000,1.000000,2.000000,1.217108,3.858378,1.753421,3.458436,1.753421,3.458436,0.175571,1.000000,1.000000
10250.000000,1.768484,3.454199,1.506288,-0.423800,0.000000,3.000000,0.000000,1.000000,0.000000,1.206664,1.731520,-0.485786,1.661979,1.257797,0.000000,0.000000,1.000000,2.000000,1.217108,3.858378,1.768484,3.454199,1.768484,3.454199,0.175571,1.000000,1.000000
10260.000000,1.783531,3.449913,1.504724,-0.428574,0.000000,3.000000,0.000000,1.000000,0.000000,1.303178,1.716929,-0.491927,1.644948,1.508236,0.000000,0.000000,1.000000,2.000000,1.217108,3.858378,1.783531,3.449913,1.783531,3.449913,0.175571,1.000000,1.000000
10270.000000,1.798531,3.445397,1.499957,-0.451587,0.000000,3.000000,0.000000,1.000000,0.000000,1.303178,1.726497,-0.504857,1.651034,1.485805,0.000000,0.000000,1.000000,2.000000,1.217108,3.858378,1.798531,3.445397,1.798531,3.445397,0.175571,1.000000,1.000000
10280.000000,1.813422,3.440671,1.489118,-0.472602,0.000000,3.000000,0.000000,1.000000,0.000000,0.806350,1.726671,-0.526535,1.644431,0.281444,0.000000,0.000000,1.000000,2.000000,1.217108,3.858378,1.813422,3.440671,1.813422,3.440671,0.175571,1.000000,1.000000
10290.000000,1.827842,3.435888,1.441950,-0.478349,0.000000,3.000000,0.000000,1.000000,0.000000,0.865628,1.733181,-0.557509,1.641066,0.157591,0.000000,0.000000,1.000000,2.000000,1.217108,3.858378,1.827842,3.435888,1.827842,3.435888,0.175571,1.000000,1.000000
10300.000000,1.842177,3.431046,1.433559,-0.484104,0.000000,3.000000,0.000000,1.000000,0.000000,0.865628,1.713694,-0.585033,1.610740,0.157343,0.000000,0.000000,1.000000,2.000000,1.217108,3.858378,1.842177,3.431046,1.842177,3.431046,0.175571,1.000000,1.000000
10310.000000,1.856392,3.426143,1.421465,-0.490340,0.000000,3.000000,0.000000,1.000000,0.000000,0.682895,1.713178,-0.596698,1.605905,-0.259693,0.000000,0.000000,1.000000,2.000000,1.217108,3.858378,1.856392,3.426143,1.856392,3.426143,0.175571,1.000000,1.000000
10320.000000,1.870572,3.421199,1.418039,-0.494406,0.000000,3.000000,0.000000,1.000000,0.000000,0.442167,1.691619,-0.594701,1.583636,-0.686746,0.000000,0.000000,1.000000,2.000000,1.217108,3.858378,1.870572,3.421199,1.870572,3.421199,0.175571,1.000000,1.000000
10330.000000,1.884458,3.416291,1.388544,-0.490859,0.000000,3.000000,0.000000,1.000000,0.000000,0.465500,1.696283,-0.603943,1.585128,-0.722432,0.000000,0.000000,1.000000,2.000000,1.217108,3.858378,1.884458,3.416291,1.884458,3.416291,0.175571,1.000000,1.000000
10340.000000,1.898374,3.411208,1.391603,-0.508289,0.000000,3.000000,0.000000,1.000000,0.000000,0.602369,1.678597,-0.609618,1.563986,-0.244174,0.000000,0.000000,1.000000,2.000000,1.217108,3.858378,1.898374,3.411208,1.898374,3.411208,0.175571,1.000000,1.000000
10350.000000,1.912248,3.405842,1.387425,-0.536585,0.000000,3.000000,0.000000,1.000000,0.000000,0.645999,1.683666,-0.624878,1.563413,-0.125861,0.000000,0.000000,1.000000,2.000000,1.217108,3.858378,1.912248,3.405842,1.912248,3.405842,0.175571,1.000000,1.000000
10360.000000,1.925854,3.400369,1.360561,-0.547315,0.000000,3.000000,0.000000,1.000000,0.000000,0.645999,1.686565,-0.651913,1.555478,-0.125703,0.000000,0.000000,1.000000,2.000000,1.217108,3.858378,1.925854,3.400369,1.925854,3.400369,0.175571,1.000000,1.000000
10370.000000,1.938955,3.394862,1.310087,-0.550657,0.000000,3.000000,0.000000,1.000000,0.000000,0.392109,1.674444,-0.671129,1.534063,-0.827870,0.000000,0.000000,1.000000,2.000000,1.217108,3.858378,1.938955,3.394862,1.938955,3.394862,0.175571,1.000000,1.000000
10380.000000,1.951991,3.388983,1.303654,-0.587925,0.000000,3.000000,0.000000,1.000000,0.000000,0.420754,1.637978,-0.683581,1.488519,-0.953637,0.000000,0.000000,1.000000,2.000000,1.217108,3.858378,1.951991,3.388983,1.951991,3.388983,0.175571,1.000000,1.000000
10390.000000,1.965044,3.382862,1.305323,-0.612088,0.000000,3.000000,0.000000,1.000000,0.000000,0.505661,1.650823,-0.724594,1.483300,-1.071956,0.000000,0.000000,1.000000,2.000000,1.217108,3.858378,1.965044,3.382862,1.965044,3.382862,0.175571,1.000000,1.000000
10400.000000,1.977937,3.376647,1.289285,-0.621477,0.000000,3.000000,0.000000,1.000000,0.000000,0.305736,1.640120,-0.733419,1.467000,-1.367813,0.000000,0.000000,1.000000,2.000000,1.217108,3.858378,1.977937,3.376647,1.977937,3.376647,0.175571,1.000000,1.000000
10410.000000,1.990502,3.370349,1.256512,-0.629844,0.000000,3.000000,0.000000,1.000000,0.000000,0.279725,1.608619,-0.727062,1.434935,-1.388555,0.000000,0.000000,1.000000,2.000000,1.217108,3.858378,1.990502,3.370349,1.990502,3.370349,0.175571,1.000000,1.000000
10420.000000,2.003032,3.363745,1.252963,-0.660351,0.000000,3.000000,0.000000,1.000000,0.000000,0.608314,1.574863,-0.727738,1.396635,-0.831688,0.000000,0.000000,1.000000,2.000000,1.217108,3.858378,2.003032,3.363745,2.003032,3.363745,0.175571,1.000000,1.000000
10430.000000,2.015587,3.356876,1.255497,-0.686938,0.000000,3.000000,0.000000,1.000000,0.000000,0.646267,1.573849,-0.749089,1.384148,-0.762832,0.000000,0.000000,1.000000,2.000000,1.217108,3.858378,2.015587,3.356876,2.015587,3.356876,0.175571,1.000000,1.000000
10440.000000,2.027930,3.350012,1.234335,-0.686383,0.000000,3.000000,0.000000,1.000000,0.000000,0.646267,1.579644,-0.770049,1.379239,-0.757051,0.000000,0.000000,1.000000,2.000000,1.217108,3.858378,2.027930,3.350012,2.027930,3.350012,0.175571,1.000000,1.000000
10450.000000,2.039700,3.343333,1.176971,-0.667947,0.000000,3.000000,0.000000,1.000000,0.000000,0.765487,1.545897,-0.758058,1.347274,-0.552842,0.000000,0.000000,1.000000,2.000000,1.217108,3.858378,2.039700,3.343333,2.039700,3.343333,0.175571,1.000000,1.000000
10460.000000,2.051180,3.336388,1.147986,-0.694429,0.000000,3.000000,0.000000,1.000000,0.000000,0.983388,1.466707,-0.724525,1.275262,0.634290,0.000000,0.000000,1.000000,2.000000,1.217108,3.858378,2.051180,3.336388,2.051180,3.336388,0.175571,1.000000,1.000000
10470.000000,2.062531,3.329107,1.135097,-0.728137,0.000000,3.000000,0.000000,1.000000,0.000000,0.985080,1.432091,-0.734031,1.229668,0.642326,0.000000,0.000000,1.000000,2.000000,1.217108,3.858378,2.062531,3.329107,2.062531,3.329107,0.175571,1.000000,1.000000
10480.000000,2.073808,3.321632,1.127754,-0.747511,0.000000,3.000000,0.000000,1.000000,0.000000,1.376674,1.421113,-0.754261,1.204430,1.818986,0.000000,0.000000,1.000000,2.000000,1.217108,3.858378,2.073808,3.321632,2.073808,3.321632,0.175571,1.000000,1.000000
10490.000000,2.084798,3.314141,1.098945,-0.749066,0.000000,3.000000,0.000000,1.000000,0.000000,1.376674,1.404174,-0.756869,1.182731,1.786458,0.000000,0.000000,1.000000,2.000000,1.217108,3.858378,2.084798,3.314141,2.084798,3.314141,0.175571,1.000000,1.000000
10500.000000,2.095460,3.306629,1.066204,-0.751208,0.000000,3.000000,0.000000,1.000000,0.000000,1.416553,1.329955,-0.721833,1.117022,1.755073,0.000000,0.000000,1.000000,2.000000,1.217108,3.858378,2.095460,3.306629,2.095460,3.306629,0.175571,1.000000,1.000000
10510.000000,2.105930,3.298678,1.047017,-0.795123,0.000000,3.000000,0.000000,1.000000,0.000000,1.416553,1.304264,-0.723873,1.084948,1.512337,0.000000,0.000000,1.000000,2.000000,1.217108,3.858378,2.105930,3.298678,2.105930,3.298678,0.175571,1.000000,1.000000
10520.000000,2.116287,3.290539,1.035679,-0.813897,0.000000,3.000000,0.000000,1.000000,0.000000,1.416553,1.314711,-0.767651,1.067322,1.489784,0.000000,0.000000,1.000000,2.000000,1.217108,3.858378,2.116287,3.290539,2.116287,3.290539,0.175571,1.000000,1.000000
10530.000000,2.126364,3.282570,1.007775,-0.796884,0.000000,3.000000,0.000000,1.000000,0.000000,1.013292,1.317216,-0.786680,1.056500,0.559290,0.000000,0.000000,1.000000,2.000000,1.217108,3.858378,2.126364,3.282570,2.126364,3.282570,0.175571,1.000000,1.000000
10540.000000,2.136242,3.274669,0.987752,-0.790095,0.000000,3.000000,0.000000,1.000000,0.000000,1.013292,1.284770,-0.770886,1.027798,0.556177,0.000000,0.000000,1.000000,2.000000,1.217108,3.858378,2.136242,3.274669,2.136242,3.274669,0.175571,1.000000,1.000000
10550.000000,2.145931,3.266597,0.968894,-0.807199,0.000000,3.000000,0.000000,1.000000,0.000000,0.690472,1.264873,-0.765768,1.006729,-0.027118,0.000000,0.000000,1.000000,2.000000,1.217108,3.858378,2.145931,3.266597,2.145931,3.266597,0.175571,1.000000,1.000000
10560.000000,2.155499,3.258134,0.956810,-0.846339,0.000000,3.000000,0.000000,1.000000,0.000000,0.438527,1.261081,-0.784216,0.987589,-0.866478,0.000000,0.000000,1.000000,2.000000,1.217108,3.858378,2.155499,3.258134,2.155499,3.258134,0.175571,1.000000,1.000000
10570.000000,2.164660,3.249589,0.916125,-0.854435,0.000000,3.000000,0.000000,1.000000,0.000000,0.328237,1.277409,-0.824329,0.975837,-1.070570,0.000000,0.000000,1.000000,2.000000,1.217108,3.858378,2.164660,3.249589,2.164660,3.249589,0.175571,1.000000,1.000000
10580.000000,2.173653,3.240954,0.899304,-0.863565,0.000000,3.000000,0.000000,1.000000,0.000000,0.797613,1.252735,-0.833911,0.934846,0.281230,0.000000,0.000000,1.000000,2.000000,1.217108,3.858378,2.173653,3.240954,2.173653,3.240954,0.175571,1.000000,1.000000
10590.000000,2.182535,3.232241,0.888166,-0.871286,0.000000,3.000000,0.000000,1.000000,0.000000,0.797613,1.246793,-0.843719,0.917949,0.280440,0.000000,0.000000,1.000000,2.000000,1.217108,3.858378,2.182535,3.232241,2.182535,3.232241,0.175571,1.000000,1.000000
10600.000000,2.191238,3.223432,0.870312,-0.880922,0.000000,3.000000,0.000000,1.000000,0.000000,0.796096,1.244178,-0.851050,0.907574,0.279655,0.000000,0.000000,1.000000,2.000000,1.217108,3.858378,2.191238,3.223432,2.191238,3.223432,0.175571,1.000000,1.000000
10610.000000,2.199515,3.214738,0.827647,-0.869400,0.000000,3.000000,0.000000,1.000000,0.000000,0.779880,1.238332,-0.860131,0.890865,0.199714,0.000000,0.000000,1.000000,2.000000,1.217108,3.858378,2.199515,3.214738,2.199515,3.214738,0.175571,1.000000,1.000000
10620.000000,2.207623,3.205995,0.810891,-0.874234,0.000000,3.000000,0.000000,1.000000,0.000000,0.779880,1.200356,-0.849351,0.848209,0.199315,0.000000,0.000000,1.000000,2.000000,1.217108,3.858378,2.207623,3.205995,2.207623,3.205995,0.175571,1.000000,1.000000
10630.000000,2.215615,3.197223,0.799183,-0.877223,0.000000,3.000000,0.000000,1.000000,0.000000,0.633483,1.192405,-0.855163,0.830979,-0.191746,0.000000,0.000000,1.000000,2.000000,1.217108,3.858378,2.215615,3.197223,2.215615,3.197223,0.175571,1.000000,1.000000
10640.000000,2.223538,3.188435,0.792309,-0.878781,0.000000,3.000000,0.000000,1.000000,0.000000,0.633483,1.186682,-0.858731,0.819021,-0.191379,0.000000,0.000000,1.000000,2.000000,1.217108,3.858378,2.223538,3.188435,2.223538,3.188435,0.175571,1.000000,1.000000
10650.000000,2.231199,3.179835,0.766039,-0.860030,0.000000,3.000000,0.000000,1.000000,0.000000,0.633483,1.183220,-0.860922,0.811679,-0.191013,0.000000,0.000000,1.000000,2.000000,1.217108,3.858378,2.231199,3.179835,2.231199,3.179835,0.175571,1.000000,1.000000
10660.000000,2.238672,3.171288,0.747368,-0.854672,0.000000,3.000000,0.000000,1.000000,0.000000,0.649810,1.151723,-0.843294,0.784424,-0.572377,0.000000,0.000000,1.000000,2.000000,1.217108,3.858378,2.238672,3.171288,2.238672,3.171288,0.175571,1.000000,1.000000
10670.000000,2.246091,3.162790,0.741814,-0.849871,0.000000,3.000000,0.000000,1.000000,0.000000,0.710653,1.135351,-0.838359,0.765622,-0.845714,0.000000,0.000000,1.000000,2.000000,1.217108,3.858378,2.246091,3.162790,2.246091,3.162790,0.175571,1.000000,1.000000
10680.000000,2.253641,3.154087,0.755058,-0.870292,0.000000,3.000000,0.000000,1.000000,0.000000,0.506241,1.128082,-0.834020,0.759592,-1.135869,0.000000,0.000000,1.000000,2.000000,1.217108,3.858378,2.253641,3.154087,2.253641,3.154087,0.175571,1.000000,1.000000
10690.000000,2.260976,3.145463,0.733527,-0.862384,0.000000,3.000000,0.000000,1.000000,0.000000,0.586850,1.152181,-0.854909,0.772432,-1.072181,0.000000,0.000000,1.000000,2.000000,1.217108,3.858378,2.260976,3.145463,2.260976,3.145463,0.175571,1.000000,1.000000
10700.000000,2.268149,3.136859,0.717304,-0.860328,0.000000,3.000000,0.000000,1.000000,0.000000,0.829832,1.132152,-0.848107,0.749988,-0.542096,0.000000,0.000000,1.000000,2.000000,1.217108,3.858378,2.268149,3.136859,2.268149,3.136859,0.175571,1.000000,1.000000
10710.000000,2.275262,3.128264,0.711216,-0.859498,0.000000,3.000000,0.000000,1.000000,0.000000,0.931693,1.120129,-0.847202,0.732760,-0.455966,0.000000,0.000000,1.000000,2.000000,1.217108,3.858378,2.275262,3.128264,2.275262,3.128264,0.175571,1.000000,1.000000
10720.000000,2.282422,3.119443,0.716072,-0.882130,0.000000,3.000000,0.000000,1.000000,0.000000,0.903653,1.115601,-0.847955,0.724940,-0.453895,0.000000,0.000000,1.000000,2.000000,1.217108,3.858378,2.282422,3.119443,2.282422,3.119443,0.175571,1.000000,1.000000
10730.000000,2.289367,3.110552,0.694466,-0.889083,0.000000,3.000000,0.000000,1.000000,0.000000,1.018271,1.136183,-0.871970,0.728410,0.160553,0.000000,0.000000,1.000000,2.000000,1.217108,3.858378,2.289367,3.110552,2.289367,3.110552,0.175571,1.000000,1.000000
10740.000000,2.296069,3.101568,0.670252,-0.898386,0.000000,3.000000,0.000000,1.000000,0.000000,1.018271,1.128163,-0.880173,0.705726,0.160296,0.000000,0.000000,1.000000,2.000000,1.217108,3.858378,2.296069,3.101568,2.296069,3.101568,0.175571,1.000000,1.000000
10750.000000,2.302568,3.092620,0.649877,-0.894838,0.000000,3.000000,0.000000,1.000000,0.000000,1.018271,1.120864,-0.890443,0.680769,0.116683,0.000000,0.000000,1.000000,2.000000,1.217108,3.858378,2.302568,3.092620,2.302568,3.092620,0.175571,1.000000,1.000000
10760.000000,2.309077,3.083523,0.650855,-0.909748,0.000000,3.000000,0.000000,1.000000,0.000000,0.496838,1.105927,-0.886935,0.660621,-0.569294,0.000000,0.000000,1.000000,2.000000,1.217108,3.858378,2.309077,3.083523,2.309077,3.083523,0.175571,1.000000,1.000000
10770.000000,2.315503,3.074394,0.642650,-0.912831,0.000000,3.000000,0.000000,1.000000,0.000000,0.625442,1.118594,-0.901138,0.662725,-0.190657,0.000000,0.000000,1.000000,2.000000,1.217108,3.858378,2.315503,3.074394,2.315503,3.074394,0.175571,1.000000,1.000000
10780.000000,2.321839,3.065221,0.633582,-0.917342,0.000000,3.000000,0.000000,1.000000,0.000000,0.625442,1.116360,-0.903970,0.655056,-0.190294,0.000000,0.000000,1.000000,2.000000,1.217108,3.858378,2.321839,3.065221,2.321839,3.065221,0.175571,1.000000,1.000000
10790.000000,2.328018,3.056014,0.617930,-0.920644,0.000000,3.000000,0.000000,1.000000,0.000000,0.632396,1.114874,-0.908980,0.645522,-0.189932,0.000000,0.000000,1.000000,2.000000,1.217108,3.858378,2.328018,3.056014,2.328018,3.056014,0.175571,1.000000,1.000000
10800.000000,2.334173,3.046659,0.615491,-0.935579,0.000000,3.000000,0.000000,1.000000,0.000000,0.673601,1.108793,-0.913364,0.628640,-0.029131,0.000000,0.000000,1.000000,2.000000,1.217108,3.858378,2.334173,3.046659,2.334173,3.046659,0.175571,1.000000,1.000000
10810.000000,2.340318,3.037255,0.614478,-0.940356,0.000000,3.000000,0.000000,1.000000,0.000000,0.701024,1.119883,-0.929141,0.625167,-0.029123,0.000000,0.000000,1.000000,2.000000,1.217108,3.858378,2.340318,3.037255,2.340318,3.037255,0.175571,1.000000,1.000000
10820.000000,2.346521,3.027817,0.620303,-0.943840,0.000000,3.000000,0.000000,1.000000,0.000000,1.159296,1.123322,-0.934249,0.623724,0.293242,0.000000,0.000000,1.000000,2.000000,1.217108,3.858378,2.346521,3.027817,2.346521,3.027817,0.175571,1.000000,1.000000
10830.000000,2.352648,3.018589,0.612714,-0.922746,0.000000,3.000000,0.000000,1.000000,0.000000,1.159296,1.129429,-0.938039,0.629041,0.292384,0.000000,0.000000,1.000000,2.000000,1.217108,3.858378,2.352648,3.018589,2.352648,3.018589,0.175571,1.000000,1.000000
10840.000000,2.359015,3.009548,0.636669,-0.904073,0.000000,3.000000,0.000000,1.000000,0.000000,1.159296,1.107645,-0.917468,0.620589,0.273739,0.000000,0.000000,1.000000,2.000000,1.217108,3.858378,2.359015,3.009548,2.359015,3.009548,0.175571,1.000000,1.000000
10850.000000,2.365366,3.000650,0.635070,-0.889835,0.000000,3.000000,0.000000,1.000000,0.000000,1.088723,1.105756,-0.899603,0.642970,0.006618,0.000000,0.000000,1.000000,2.000000,1.217108,3.858378,2.365366,3.000650,2.365366,3.000650,0.175571,1.000000,1.000000
10860.000000,2.371634,2.991720,0.626873,-0.893026,0.000000,3.000000,0.000000,1.000000,0.000000,0.821575,1.093216,-0.886672,0.639480,-0.502159,0.000000,0.000000,1.000000,2.000000,1.217108,3.858378,2.371634,2.991720,2.371634,2.991720,0.175571,1.000000,1.000000
10870.000000,2.377657,2.982836,0.602250,-0.888416,0.000000,3.000000,0.000000,1.000000,0.000000,0.821575,1.091084,-0.890508,0.630444,-0.823893,0.000000,0.000000,1.000000,2.000000,1.217108,3.858378,2.377657,2.982836,2.377657,2.982836,0.175571,1.000000,1.000000
10880.000000,2.383451,2.974051,0.579349,-0.878496,0.000000,3.000000,0.000000,1.000000,0.000000,0.849240,1.073307,-0.885667,0.606286,-0.300643,0.000000,0.000000,1.000000,2.000000,1.217108,3.858378,2.383451,2.974051,2.383451,2.974051,0.175571,1.000000,1.000000
10890.000000,2.389028,2.965514,0.557723,-0.853636,0.000000,3.000000,0.000000,1.000000,0.000000,0.849240,1.052331,-0.875498,0.583870,-0.299742,0.000000,0.000000,1.000000,2.000000,1.217108,3.858378,2.389028,2.965514,2.389028,2.965514,0.175571,1.000000,1.000000
10900.000000,2.394548,2.957017,0.552050,-0.849684,0.000000,3.000000,0.000000,1.000000,0.000000,0.919914,1.019681,-0.850935,0.561836,-0.358429,0.000000,0.000000,1.000000,2.000000,1.217108,3.858378,2.394548,2.957017,2.394548,2.957017,0.175571,1.000000,1.000000
10910.000000,2.399969,2.948469,0.542035,-0.854849,0.000000,3.000000,0.000000,1.000000,0.000000,0.545370,1.013273,-0.847630,0.555199,-1.180379,0.000000,0.000000,1.000000,2.000000,1.217108,3.858378,2.399969,2.948469,2.399969,2.948469,0.175571,1.000000,1.000000
10920.000000,2.405132,2.939872,0.516279,-0.859728,0.000000,3.000000,0.000000,1.000000,0.000000,0.176908,1.012209,-0.853452,0.544232,-1.911029,0.000000,0.000000,1.000000,2.000000,1.217108,3.858378,2.405132,2.939872,2.405132,2.939872,0.175571,1.000000,1.000000
10930.000000,2.410130,2.931589,0.499840,-0.828296,0.000000,3.000000,0.000000,1.000000,0.000000,0.340796,1.002834,-0.858989,0.517508,-1.546327,0.000000,0.000000,1.000000,2.000000,1.217108,3.858378,2.410130,2.931589,2.410130,2.931589,0.175571,1.000000,1.000000
10940.000000,2.415188,2.923599,0.505815,-0.799020,0.000000,3.000000,0.000000,1.000000,0.000000,0.342173,0.967427,-0.828368,0.499721,-1.520036,0.000000,0.000000,1.000000,2.000000,1.217108,3.858378,2.415188,2.923599,2.415188,2.923599,0.175571,1.000000,1.000000
10950.000000,2.420495,2.915976,0.530659,-0.762271,0.000000,3.000000,0.000000,1.000000,0.000000,0.365988,0.945665,-0.799754,0.504654,-1.449365,0.000000,0.000000,1.000000,2.000000,1.217108,3.858378,2.420495,2.915976,2.420495,2.915976,0.175571,1.000000,1.000000
10960.000000,2.426141,2.908679,0.564612,-0.729641,0.000000,3.000000,0.000000,1.000000,0.000000,0.557463,0.928793,-0.763866,0.528361,-1.050315,0.000000,0.000000,1.000000,2.000000,1.217108,3.858378,2.426141,2.908679,2.426141,2.908679,0.175571,1.000000,1.000000
10970.000000,2.431817,2.901795,0.567585,-0.688472,0.000000,3.000000,0.000000,1.000000,0.000000,0.557463,0.922585,-0.732017,0.561528,-1.039387,0.000000,0.000000,1.000000,2.000000,1.217108,3.858378,2.431817,2.901795,2.431817,2.901795,0.175571,1.000000,1.000000
10980.000000,2.437361,2.895085,0.554447,-0.670969,0.000000,3.000000,0.000000,1.000000,0.000000,0.557463,0.892270,-0.690872,0.564660,-1.028685,0.000000,0.000000,1.000000,2.000000,1.217108,3.858378,2.437361,2.895085,2.437361,2.895085,0.175571,1.000000,1.000000
10990.000000,2.442717,2.888642,0.535580,-0.644322,0.000000,3.000000,0.000000,1.000000,0.000000,0.632587,0.870409,-0.673460,0.551419,-0.868050,0.000000,0.000000,1.000000,2.000000,1.217108,3.858378,2.442717,2.888642,2.442717,2.888642,0.175571,1.000000,1.000000
11000.000000,2.448333,2.882434,0.561619,-0.620775,0.000000,3.000000,0.000000,1.000000,0.000000,0.638691,0.837853,-0.647067,0.532261,-0.848496,0.000000,0.000000,1.000000,2.000000,1.217108,3.858378,2.448333,2.882434,2.448333,2.882434,0.175571,1.000000,1.000000
11010.000000,2.454095,2.876462,0.576188,-0.597157,0.000000,3.000000,0.000000,1.000000,0.000000,0.638691,0.837125,-0.623665,0.558408,-0.841350,0.000000,0.000000,1.000000,2.000000,1.217108,3.858378,2.454095,2.876462,2.454095,2.876462,0.175571,1.000000,1.000000
11020.000000,2.459818,2.870579,0.572320,-0.588367,0.000000,3.000000,0.000000,1.000000,0.000000,0.622445,0.829813,-0.600137,0.573084,-0.867024,0.000000,0.000000,1.000000,2.000000,1.217108,3.858378,2.459818,2.870579,2.459818,2.870579,0.175571,1.000000,1.000000
11030.000000,2.465716,2.864940,0.589788,-0.563911,0.000000,3.000000,0.000000,1.000000,0.000000,0.563857,0.820808,-0.591579,0.568999,-0.976736,0.000000,0.000000,1.000000,2.000000,1.217108,3.858378,2.465716,2.864940,2.465716,2.864940,0.175571,1.000000,1.000000
11040.000000,2.472094,2.859782,0.637794,-0.515824,0.000000,3.000000,0.000000,1.000000,0.000000,0.747778,0.815994,-0.567352,0.586479,-0.596171,0.000000,0.000000,1.000000,2.000000,1.217108,3.858378,2.472094,2.859782,2.472094,2.859782,0.175571,1.000000,1.000000
11050.000000,2.478722,2.855216,0.662812,-0.456566,0.000000,3.000000,0.000000,1.000000,0.000000,0.991533,0.820278,-0.519110,0.635123,0.051488,0.000000,0.000000,1.000000,2.000000,1.217108,3.858378,2.478722,2.855216,2.478722,2.855216,0.175571,1.000000,1.000000
11060.000000,2.485432,2.850816,0.671034,-0.440034,0.000000,3.000000,0.000000,1.000000,0.000000,1.021748,0.804843,-0.459394,0.660855,0.194759,0.000000,0.000000,1.000000,2.000000,1.217108,3.858378,2.485432,2.850816,2.485432,2.850816,0.175571,1.000000,1.000000
11070.000000,2.491941,2.846355,0.650889,-0.446005,0.000000,3.000000,0.000000,1.000000,0.000000,1.056636,0.802444,-0.443011,0.669072,0.194380,0.000000,0.000000,1.000000,2.000000,1.217108,3.858378,2.491941,2.846355,2.491941,2.846355,0.175571,1.000000,1.000000
11080.000000,2.498469,2.841800,0.652759,-0.455558,0.000000,3.000000,0.000000,1.000000,0.000000,1.056636,0.789035,-0.449307,0.648614,0.194002,0.000000,0.000000,1.000000,2.000000,1.217108,3.858378,2.498469,2.841800,2.498469,2.841800,0.175571,1.000000,1.000000
11090.000000,2.505004,2.837431,0.653497,-0.436928,0.000000,3.000000,0.000000,1.000000,0.000000,0.916359,0.796007,-0.459715,0.649838,0.008753,0.000000,0.000000,1.000000,2.000000,1.217108,3.858378,2.505004,2.837431,2.505004,2.837431,0.175571,1.000000,1.000000
11100.000000,2.511793,2.833374,0.678938,-0.405661,0.000000,3.000000,0.000000,1.000000,0.000000,0.916359,0.786107,-0.441245,0.650590,0.008752,0.000000,0.000000,1.000000,2.000000,1.217108,3.858378,2.511793,2.833374,2.511793,2.833374,0.175571,1.000000,1.000000
11110.000000,2.518780,2.829600,0.698636,-0.377364,0.000000,3.000000,0.000000,1.000000,0.000000,0.797994,0.790897,-0.409623,0.676555,0.239164,0.000000,0.000000,1.000000,2.000000,1.217108,3.858378,2.518780,2.829600,2.518780,2.829600,0.175571,1.000000,1.000000
11120.000000,2.525936,2.826101,0.715625,-0.349953,0.000000,3.000000,0.000000,1.000000,0.000000,0.797994,0.794037,-0.381047,0.696633,0.238592,0.000000,0.000000,1.000000,2.000000,1.217108,3.858378,2.525936,2.826101,2.525936,2.826101,0.175571,1.000000,1.000000
11130.000000,2.533302,2.822994,0.736646,-0.310627,0.000000,3.000000,0.000000,1.000000,0.000000,0.797994,0.796609,-0.353688,0.713786,0.397577,0.000000,0.000000,1.000000,2.000000,1.217108,3.858378,2.533302,2.822994,2.533302,2.822994,0.175571,1.000000,1.000000
11140.000000,2.540621,2.819949,0.731848,-0.304588,0.000000,3.000000,0.000000,1.000000,0.000000,0.940844,0.799460,-0.315300,0.734658,0.642375,0.000000,0.000000,1.000000,2.000000,1.217108,3.858378,2.540621,2.819949,2.540621,2.819949,0.175571,1.000000,1.000000
11150.000000,2.548011,2.816902,0.739036,-0.304621,0.000000,3.000000,0.000000,1.000000,0.000000,0.940844,0.792701,-0.310049,0.729551,0.638270,0.000000,0.000000,1.000000,2.000000,1.217108,3.858378,2.548011,2.816902,2.548011,2.816902,0.175571,1.000000,1.000000
11160.000000,2.555671,2.813886,0.766003,-0.301626,0.000000,3.000000,0.000000,1.000000,0.000000,0.957712,0.799354,-0.310095,0.736755,0.628211,0.000000,0.000000,1.000000,2.000000,1.217108,3.858378,2.555671,2.813886,2.555671,2.813886,0.175571,1.000000,1.000000
11170.000000,2.563222,2.811022,0.755092,-0.286413,0.000000,3.000000,0.000000,1.000000,0.000000,0.957712,0.823250,-0.306853,0.763925,0.624285,0.000000,0.000000,1.000000,2.000000,1.217108,3.858378,2.563222,2.811022,2.563222,2.811022,0.175571,1.000000,1.000000
11180.000000,2.570618,2.808341,0.739544,-0.268143,0.000000,3.000000,0.000000,1.000000,0.000000,0.957712,0.807587,-0.291777,0.753036,0.532739,0.000000,0.000000,1.000000,2.000000,1.217108,3.858378,2.570618,2.808341,2.570618,2.808341,0.175571,1.000000,1.000000
11190.000000,2.577995,2.805811,0.737759,-0.252957,0.000000,3.000000,0.000000,1.000000,0.000000,0.637628,0.786655,-0.274015,0.737389,-0.941977,0.000000,0.000000,1.000000,2.000000,1.217108,3.858378,2.577995,2.805811,2.577995,2.805811,0.175571,1.000000,1.000000
11200.000000,2.585586,2.803454,0.759066,-0.235659,0.000000,3.000000,0.000000,1.000000,0.000000,0.630445,0.779921,-0.259839,0.735364,-1.024967,0.000000,0.000000,1.000000,2.000000,1.217108,3.858378,2.585586,2.803454,2.585586,2.803454,0.175571,1.000000,1.000000
11210.000000,2.593353,2.801176,0.776730,-0.227859,0.000000,3.000000,0.000000,1.000000,0.000000,0.657346,0.794806,-0.242629,0.756867,-0.878357,0.000000,0.000000,1.000000,2.000000,1.217108,3.858378,2.593353,2.801176,2.593353,2.801176,0.175571,1.000000,1.000000
11220.000000,2.601253,2.798841,0.789953,-0.233459,0.000000,3.000000,0.000000,1.000000,0.000000,0.657346,0.809463,-0.234025,0.774895,-0.870701,0.000000,0.000000,1.000000,2.000000,1.217108,3.858378,2.601253,2.798841,2.601253,2.798841,0.175571,1.000000,1.000000
11230.000000,2.609376,2.796568,0.812359,-0.227348,0.000000,3.000000,0.000000,1.000000,0.000000,0.650990,0.823729,-0.239864,0.788032,-0.877383,0.000000,0.000000,1.000000,2.000000,1.217108,3.858378,2.609376,2.796568,2.609376,2.796568,0.175571,1.000000,1.000000
11240.000000,2.617876,2.794450,0.849957,-0.211766,0.000000,3.000000,0.000000,1.000000,0.000000,0.569675,0.843572,-0.233636,0.810573,-1.048683,0.000000,0.000000,1.000000,2.000000,1.217108,3.858378,2.617876,2.794450,2.617876,2.794450,0.175571,1.000000,1.000000
11250.000000,2.626235,2.792495,0.835900,-0.195496,0.000000,3.000000,0.000000,1.000000,0.000000,0.873122,0.875941,-0.217381,0.848538,-0.362725,0.000000,0.000000,1.000000,2.000000,1.217108,3.858378,2.626235,2.792495,2.626235,2.792495,0.175571,1.000000,1.000000
11260.000000,2.634597,2.790698,0.836167,-0.179690,0.000000,3.000000,0.000000,1.000000,0.000000,1.035302,0.858456,-0.200859,0.834628,-0.086965,0.000000,0.000000,1.000000,2.000000,1.217108,3.858378,2.634597,2.790698,2.634597,2.790698,0.175571,1.000000,1.000000
11270.000000,2.643455,2.789249,0.885807,-0.144877,0.000000,3.000000,0.000000,1.000000,0.000000,1.151174,0.855257,-0.184825,0.835047,0.335904,0.000000,0.000000,1.000000,2.000000,1.217108,3.858378,2.643455,2.789249,2.643455,2.789249,0.175571,1.000000,1.000000
11280.000000,2.652758,2.787908,0.930299,-0.134156,0.000000,3.000000,0.000000,1.000000,0.000000,1.151174,0.897576,-0.150120,0.884933,0.390173,0.000000,0.000000,1.000000,2.000000,1.217108,3.858378,2.652758,2.787908,2.652758,2.787908,0.175571,1.000000,1.000000
11290.000000,2.661995,2.786548,0.923745,-0.135951,0.000000,3.000000,0.000000,1.000000,0.000000,1.151174,0.939923,-0.140587,0.929349,0.425146,0.000000,0.000000,1.000000,2.000000,1.217108,3.858378,2.661995,2.786548,2.661995,2.786548,0.175571,1.000000,1.000000
11300.000000,2.671221,2.784915,0.922625,-0.163285,0.000000,3.000000,0.000000,1.000000,0.000000,0.798540,0.933696,-0.141931,0.922845,0.423345,0.000000,0.000000,1.000000,2.000000,1.217108,3.858378,2.671221,2.784915,2.671221,2.784915,0.175571,1.000000,1.000000
11310.000000,2.680469,2.783224,0.924702,-0.169153,0.000000,3.000000,0.000000,1.000000,0.000000,0.664340,0.936963,-0.168925,0.921609,0.142504,0.000000,0.000000,1.000000,2.000000,1.217108,3.858378,2.680469,2.783224,2.680469,2.783224,0.175571,1.000000,1.000000
11320.000000,2.689740,2.781728,0.927147,-0.149550,0.000000,3.000000,0.000000,1.000000,0.000000,0.664340,0.940046,-0.175032,0.923607,0.142302,0.000000,0.000000,1.000000,2.000000,1.217108,3.858378,2.689740,2.781728,2.689740,2.781728,0.175571,1.000000,1.000000
11330.000000,2.699033,2.780454,0.929330,-0.127354,0.000000,3.000000,0.000000,1.000000,0.000000,0.468172,0.939130,-0.155229,0.926213,-0.670140,0.000000,0.000000,1.000000,2.000000,1.217108,3.858378,2.699033,2.780454,2.699033,2.780454,0.175571,1.000000,1.000000
11340.000000,2.708567,2.779266,0.953359,-0.118818,0.000000,3.000000,0.000000,1.000000,0.000000,0.358681,0.938015,-0.133256,0.928502,-1.230897,0.000000,0.000000,1.000000,2.000000,1.217108,3.858378,2.708567,2.779266,2.708567,2.779266,0.175571,1.000000,1.000000
11350.000000,2.718194,2.778094,0.962665,-0.117211,0.000000,3.000000,0.000000,1.000000,0.000000,0.358681,0.960734,-0.124345,0.952654,-1.215915,0.000000,0.000000,1.000000,2.000000,1.217108,3.858378,2.718194,2.778094,2.718194,2.778094,0.175571,1.000000,1.000000
11360.000000,2.728344,2.777016,1.015094,-0.107765,0.000000,3.000000,0.000000,1.000000,0.000000,0.756105,0.969775,-0.122799,0.961969,0.021865,0.000000,0.000000,1.000000,2.000000,1.217108,3.858378,2.728344,2.777016,2.728344,2.777016,0.175571,1.000000,1.000000
11370.000000,2.738645,2.775950,1.030082,-0.106677,0.000000,3.000000,0.000000,1.000000,0.000000,0.756105,1.020799,-0.112690,1.014559,0.021861,0.000000,0.000000,1.000000,2.000000,1.217108,3.858378,2.738645,2.775950,2.738645,2.775950,0.175571,1.000000,1.000000
11380.000000,2.749058,2.774770,1.041299,-0.117990,0.000000,3.000000,0.000000,1.000000,0.000000,0.756105,1.035591,-0.111063,1.029618,0.021856,0.000000,0.000000,1.000000,2.000000,1.217108,3.858378,2.749058,2.774770,2.749058,2.774770,0.175571,1.000000,1.000000
11390.000000,2.759353,2.773363,1.029513,-0.140670,0.000000,3.000000,0.000000,1.000000,0.000000,0.387924,1.047962,-0.121186,1.040932,-1.137817,0.000000,0.000000,1.000000,2.000000,1.217108,3.858378,2.759353,2.773363,2.759353,2.773363,0.175571,1.000000,1.000000
11400.000000,2.769395,2.771546,1.004178,-0.181714,0.000000,3.000000,0.000000,1.000000,0.000000,0.793343,1.039078,-0.142449,1.029268,0.262087,0.000000,0.000000,1.000000,2.000000,1.217108,3.858378,2.769395,2.771546,2.769395,2.771546,0.175571,1.000000,1.000000
11410.000000,2.779508,2.769587,1.011282,-0.195921,0.000000,3.000000,0.000000,1.000000,0.000000,0.900490,1.020486,-0.181674,1.004185,1.039667,0.000000,0.000000,1.000000,2.000000,1.217108,3.858378,2.779508,2.769587,2.779508,2.769587,0.175571,1.000000,1.000000
11420.000000,2.789962,2.767490,1.045442,-0.209670,0.000000,3.000000,0.000000,1.000000,0.000000,0.900490,1.030085,-0.194636,1.011530,1.028958,0.000000,0.000000,1.000000,2.000000,1.217108,3.858378,2.789962,2.767490,2.789962,2.767490,0.175571,1.000000,1.000000
11430.000000,2.800565,2.765485,1.060222,-0.200498,0.000000,3.000000,0.000000,1.000000,0.000000,0.897510,1.066260,-0.208483,1.045680,0.900196,0.000000,0.000000,1.000000,2.000000,1.217108,3.858378,2.800565,2.765485,2.800565,2.765485,0.175571,1.000000,1.000000
11440.000000,2.811257,2.763662,1.069218,-0.182321,0.000000,3.000000,0.000000,1.000000,0.000000,0.886433,1.079013,-0.199320,1.060444,-0.910973,0.000000,0.000000,1.000000,2.000000,1.217108,3.858378,2.811257,2.763662,2.811257,2.763662,0.175571,1.000000,1.000000
11450.000000,2.821878,2.762171,1.062182,-0.149075,0.000000,3.000000,0.000000,1.000000,0.000000,0.886433,1.084651,-0.180610,1.069509,-0.290448,0.000000,0.000000,1.000000,2.000000,1.217108,3.858378,2.821878,2.762171,2.821878,2.762171,0.175571,1.000000,1.000000
11460.000000,2.832395,2.760580,1.051622,-0.159104,0.000000,3.000000,0.000000,1.000000,0.000000,0.678706,1.072592,-0.145569,1.062668,-0.168531,0.000000,0.000000,1.000000,2.000000,1.217108,3.858378,2.832395,2.760580,2.832395,2.760580,0.175571,1.000000,1.000000
11470.000000,2.842762,2.758741,1.036705,-0.183931,0.000000,3.000000,0.000000,1.000000,0.000000,0.678706,1.063590,-0.154803,1.052264,-0.168247,0.000000,0.000000,1.000000,2.000000,1.217108,3.858378,2.842762,2.758741,2.842762,2.758741,0.175571,1.000000,1.000000
11480.000000,2.852875,2.756318,1.011289,-0.242227,0.000000,3.000000,0.000000,1.000000,0.000000,0.636774,1.052896,-0.178791,1.037604,-0.324446,0.000000,0.000000,1.000000,2.000000,1.217108,3.858378,2.852875,2.756318,2.852875,2.756318,0.175571,1.000000,1.000000
11490.000000,2.862589,2.753596,0.971446,-0.272252,0.000000,3.000000,0.000000,1.000000,0.000000,0.636774,1.039894,-0.236046,1.012750,-0.323396,0.000000,0.000000,1.000000,2.000000,1.217108,3.858378,2.862589,2.753596,2.862589,2.753596,0.175571,1.000000,1.000000
11500.000000,2.872113,2.750750,0.952398,-0.284544,0.000000,3.000000,0.000000,1.000000,0.000000,0.636774,1.008875,-0.265312,0.973364,-0.322352,0.000000,0.000000,1.000000,2.000000,1.217108,3.858378,2.872113,2.750750,2.872113,2.750750,0.175571,1.000000,1.000000
11510.000000,2.881464,2.747752,0.935134,-0.299793,0.000000,3.000000,0.000000,1.000000,0.000000,0.678430,0.993996,-0.276739,0.954696,-0.109175,0.000000,0.000000,1.000000,2.000000,1.217108,3.858378,2.881464,2.747752,2.881464,2.747752,0.175571,1.000000,1.000000
11520.000000,2.890728,2.744468,0.926326,-0.328403,0.000000,3.000000,0.000000,1.000000,0.000000,0.678430,0.982013,-0.291606,0.937719,-0.109056,0.000000,0.000000,1.000000,2.000000,1.217108,3.858378,2.890728,2.744468,2.890728,2.744468,0.175571,1.000000,1.000000
11530.000000,2.899976,2.740760,0.924812,-0.370818,0.000000,3.000000,0.000000,1.000000,0.000000,0.678430,0.982816,-0.319707,0.929363,-0.108938,0.000000,0.000000,1.000000,2.000000,1.217108,3.858378,2.899976,2.740760,2.899976,2.740760,0.175571,1.000000,1.000000
11540.000000,2.909321,2.736552,0.934497,-0.420889,0.000000,3.000000,0.000000,1.000000,0.000000,0.597238,0.996385,-0.361822,0.928368,-0.479947,0.000000,0.000000,1.000000,2.000000,1.217108,3.858378,2.909321,2.736552,2.909321,2.736552,0.175571,1.000000,1.000000
11550.000000,2.918590,2.732048,0.926937,-0.450365,0.000000,3.000000,0.000000,1.000000,0.000000,1.018874,1.024906,-0.411233,0.938786,1.119430,0.000000,0.000000,1.000000,2.000000,1.217108,3.858378,2.918590,2.732048,2.918590,2.732048,0.175571,1.000000,1.000000
11560.000000,2.927771,2.727287,0.918133,-0.476049,0.000000,3.000000,0.000000,1.000000,0.000000,1.018874,1.030553,-0.439609,0.932086,1.107025,0.000000,0.000000,1.000000,2.000000,1.217108,3.858378,2.927771,2.727287,2.927771,2.727287,0.175571,1.000000,1.000000
11570.000000,2.936734,2.722335,0.896293,-0.495224,0.000000,3.000000,0.000000,1.000000,0.000000,1.018874,1.034210,-0.464883,0.923837,1.094892,0.000000,0.000000,1.000000,2.000000,1.217108,3.858378,2.936734,2.722335,2.936734,2.722335,0.175571,1.000000,1.000000
11580.000000,2.945655,2.717012,0.892057,-0.532268,0.000000,3.000000,0.000000,1.000000,0.000000,0.890396,1.024006,-0.484326,0.902228,0.972923,0.000000,0.000000,1.000000,2.000000,1.217108,3.858378,2.945655,2.717012,2.945655,2.717012,0.175571,1.000000,1.000000
11590.000000,2.953874,2.711906,0.821865,-0.510635,0.000000,3.000000,0.000000,1.000000,0.000000,0.972191,1.038785,-0.521125,0.898611,1.197884,0.000000,0.000000,1.000000,2.000000,1.217108,3.858378,2.953874,2.711906,2.953874,2.711906,0.175571,1.000000,1.000000
11600.000000,2.961957,2.706580,0.808351,-0.532614,0.000000,3.000000,0.000000,1.000000,0.000000,0.972191,1.050093,-0.558113,0.889497,1.183691,0.000000,0.000000,1.000000,2.000000,1.217108,3.858378,2.961957,2.706580,2.961957,2.706580,0.175571,1.000000,1.000000
11610.000000,2.969698,2.701267,0.774128,-0.531308,0.000000,3.000000,0.000000,1.000000,0.000000,0.972191,1.061989,-0.588675,0.883901,1.169830,0.000000,0.000000,1.000000,2.000000,1.217108,3.858378,2.969698,2.701267,2.969698,2.701267,0.175571,1.000000,1.000000
11620.000000,2.977094,2.695797,0.739606,-0.546950,0.000000,3.000000,0.000000,1.000000,0.000000,0.755438,1.052158,-0.601551,0.863233,0.509127,0.000000,0.000000,1.000000,2.000000,1.217108,3.858378,2.977094,2.695797,2.977094,2.695797,0.175571,1.000000,1.000000
11630.000000,2.984346,2.689981,0.725135,-0.581655,0.000000,3.000000,0.000000,1.000000,0.000000,0.622027,1.039003,-0.620580,0.833311,-0.451308,0.000000,0.000000,1.000000,2.000000,1.217108,3.858378,2.984346,2.689981,2.984346,2.689981,0.175571,1.000000,1.000000
11640.000000,2.991446,2.683802,0.710002,-0.617878,0.000000,3.000000,0.000000,1.000000,0.000000,0.566083,1.034254,-0.644694,0.808735,-0.752136,0.000000,0.000000,1.000000,2.000000,1.217108,3.858378,2.991446,2.683802,2.991446,2.683802,0.175571,1.000000,1.000000
11650.000000,2.998159,2.677582,0.671369,-0.622028,0.000000,3.000000,0.000000,1.000000,0.000000,0.557159,1.023672,-0.664733,0.778481,-1.008047,0.000000,0.000000,1.000000,2.000000,1.217108,3.858378,2.998159,2.677582,2.998159,2.677582,0.175571,1.000000,1.000000
11660.000000,3.004705,2.671246,0.654608,-0.633550,0.000000,3.000000,0.000000,1.000000,0.000000,0.480006,0.981125,-0.656756,0.728887,-0.997977,0.000000,0.000000,1.000000,2.000000,1.217108,3.858378,3.004705,2.671246,3.004705,2.671246,0.175571,1.000000,1.000000
11670.000000,3.011397,2.664603,0.669123,-0.664351,0.000000,3.000000,0.000000,1.000000,0.000000,0.516886,0.963811,-0.659055,0.703262,-0.766206,0.000000,0.000000,1.000000,2.000000,1.217108,3.858378,3.011397,2.664603,3.011397,2.664603,0.175571,1.000000,1.000000
11680.000000,3.017866,2.658066,0.646912,-0.653682,0.000000,3.000000,0.000000,1.000000,0.000000,0.617705,0.942915,-0.653270,0.679946,-0.411914,0.000000,0.000000,1.000000,2.000000,1.217108,3.858378,3.017866,2.658066,3.017866,2.658066,0.175571,1.000000,1.000000
11690.000000,3.024084,2.651915,0.621802,-0.615099,0.000000,3.000000,0.000000,1.000000,0.000000,0.766230,0.919671,-0.643176,0.657358,0.257214,0.000000,0.000000,1.000000,2.000000,1.217108,3.858378,3.024084,2.651915,3.024084,2.651915,0.175571,1.000000,1.000000
11700.000000,3.030180,2.646134,0.609622,-0.578049,0.000000,3.000000,0.000000,1.000000,0.000000,0.766230,0.874634,-0.605574,0.631082,0.256553,0.000000,0.000000,1.000000,2.000000,1.217108,3.858378,3.030180,2.646134,3.030180,2.646134,0.175571,1.000000,1.000000
11710.000000,3.035989,2.640425,0.580946,-0.570946,0.000000,3.000000,0.000000,1.000000,0.000000,0.685014,0.840107,-0.569402,0.617706,-0.074954,0.000000,0.000000,1.000000,2.000000,1.217108,3.858378,3.035989,2.640425,3.035989,2.640425,0.175571,1.000000,1.000000
11720.000000,3.041541,2.634709,0.555149,-0.571616,0.000000,3.000000,0.000000,1.000000,0.000000,0.624175,0.814542,-0.563549,0.588125,-1.305316,0.000000,0.000000,1.000000,2.000000,1.217108,3.858378,3.041541,2.634709,3.041541,2.634709,0.175571,1.000000,1.000000
11730.000000,3.046816,2.629163,0.527481,-0.554555,0.000000,3.000000,0.000000,1.000000,0.000000,0.624175,0.796828,-0.565188,0.561691,-1.418820,0.000000,0.000000,1.000000,2.000000,1.217108,3.858378,3.046816,2.629163,3.046816,2.629163,0.175571,1.000000,1.000000
11740.000000,3.051898,2.623766,0.508233,-0.539708,0.000000,3.000000,0.000000,1.000000,0.000000,0.476666,0.765354,-0.548531,0.533742,-0.792312,0.000000,0.000000,1.000000,2.000000,1.217108,3.858378,3.051898,2.623766,3.051898,2.623766,0.175571,1.000000,1.000000
11750.000000,3.056809,2.618424,0.491095,-0.534228,0.000000,3.000000,0.000000,1.000000,0.000000,0.476666,0.741340,-0.533723,0.514514,-0.786078,0.000000,0.000000,1.000000,2.000000,1.217108,3.858378,3.056809,2.618424,3.056809,2.618424,0.175571,1.000000,1.000000
11760.000000,3.061584,2.613113,0.477532,-0.531111,0.000000,3.000000,0.000000,1.000000,0.000000,0.688674,0.725654,-0.528557,0.497194,-0.779941,0.000000,0.000000,1.000000,2.000000,1.217108,3.858378,3.061584,2.613113,3.061584,2.613113,0.175571,1.000000,1.000000
11770.000000,3.066124,2.608016,0.454022,-0.509648,0.000000,3.000000,0.000000,1.000000,0.000000,0.542819,0.714223,-0.526039,0.483113,-1.531512,0.000000,0.000000,1.000000,2.000000,1.217108,3.858378,3.066124,2.608016,3.066124,2.608016,0.175571,1.000000,1.000000
11780.000000,3.070410,2.603117,0.428522,-0.489966,0.000000,3.000000,0.000000,1.000000,0.000000,0.554001,0.682552,-0.505520,0.458613,-1.251329,0.000000,0.000000,1.000000,2.000000,1.217108,3.858378,3.070410,2.603117,3.070410,2.603117,0.175571,1.000000,1.000000
11790.000000,3.074474,2.598433,0.406377,-0.468399,0.000000,3.000000,0.000000,1.000000,0.000000,0.635949,0.650921,-0.487033,0.431853,-1.106196,0.000000,0.000000,1.000000,2.000000,1.217108,3.858378,3.074474,2.598433,3.074474,2.598433,0.175571,1.000000,1.000000
11800.000000,3.078343,2.593878,0.386959,-0.455475,0.000000,3.000000,0.000000,1.000000,0.000000,0.834768,0.620113,-0.466523,0.408529,-1.094081,0.000000,0.000000,1.000000,2.000000,1.217108,3.858378,3.078343,2.593878,3.078343,2.593878,0.175571,1.000000,1.000000
11810.000000,3.081944,2.589457,0.360079,-0.442150,0.000000,3.000000,0.000000,1.000000,0.000000,0.598463,0.597658,-0.454584,0.388005,-0.137061,0.000000,0.000000,1.000000,2.000000,1.217108,3.858378,3.081944,2.589457,3.081944,2.589457,0.175571,1.000000,1.000000
11820.000000,3.085448,2.585116,0.350358,-0.434083,0.000000,3.000000,0.000000,1.000000,0.000000,0.598463,0.570222,-0.442020,0.360238,-0.136874,0.000000,0.000000,1.000000,2.000000,1.217108,3.858378,3.085448,2.585116,3.085448,2.585116,0.175571,1.000000,1.000000
11830.000000,3.088911,2.580909,0.346353,-0.420703,0.000000,3.000000,0.000000,1.000000,0.000000,0.598463,0.557834,-0.434305,0.350083,-0.136686,0.000000,0.000000,1.000000,2.000000,1.217108,3.858378,3.088911,2.580909,3.088911,2.580909,0.175571,1.000000,1.000000
11840.000000,3.092290,2.576884,0.337917,-0.402479,0.000000,3.000000,0.000000,1.000000,0.000000,0.398024,0.544933,-0.421063,0.345915,-1.153577,0.000000,0.000000,1.000000,2.000000,1.217108,3.858378,3.092290,2.576884,3.092290,2.576884,0.175571,1.000000,1.000000
11850.000000,3.095433,2.573122,0.314243,-0.376153,0.000000,3.000000,0.000000,1.000000,0.000000,0.418673,0.525526,-0.403119,0.337153,-1.141533,0.000000,0.000000,1.000000,2.000000,1.217108,3.858378,3.095433,2.573122,3.095433,2.573122,0.175571,1.000000,1.000000
11860.000000,3.098403,2.569602,0.297062,-0.352033,0.000000,3.000000,0.000000,1.000000,0.000000,0.418673,0.490143,-0.377054,0.313162,-1.128636,0.000000,0.000000,1.000000,2.000000,1.217108,3.858378,3.098403,2.569602,3.098403,2.569602,0.175571,1.000000,1.000000
11870.000000,3.101171,2.566280,0.276782,-0.332165,0.000000,3.000000,0.000000,1.000000,0.000000,0.390160,0.460622,-0.353199,0.295674,-1.238354,0.000000,0.000000,1.000000,2.000000,1.217108,3.858378,3.101171,2.566280,3.101171,2.566280,0.175571,1.000000,1.000000
11880.000000,3.103730,2.563012,0.255933,-0.326856,0.000000,3.000000,0.000000,1.000000,0.000000,0.483816,0.432368,-0.333973,0.274597,-1.223191,0.000000,0.000000,1.000000,2.000000,1.217108,3.858378,3.103730,2.563012,3.103730,2.563012,0.175571,1.000000,1.000000
11890.000000,3.106012,2.559867,0.228160,-0.314458,0.000000,3.000000,0.000000,1.000000,0.000000,0.517917,0.415134,-0.329364,0.252696,-0.619770,0.000000,0.000000,1.000000,2.000000,1.217108,3.858378,3.106012,2.559867,3.106012,2.559867,0.175571,1.000000,1.000000
11900.000000,3.108101,2.556896,0.208902,-0.297119,0.000000,3.000000,0.000000,1.000000,0.000000,0.517917,0.388511,-0.317376,0.224084,-0.541830,0.000000,0.000000,1.000000,2.000000,1.217108,3.858378,3.108101,2.556896,3.108101,2.556896,0.175571,1.000000,1.000000
11910.000000,3.110049,2.553997,0.194797,-0.289972,0.000000,3.000000,0.000000,1.000000,0.000000,0.517917,0.363207,-0.300201,0.204448,-0.538907,0.000000,0.000000,1.000000,2.000000,1.217108,3.858378,3.110049,2.553997,3.110049,2.553997,0.175571,1.000000,1.000000
11920.000000,3.111880,2.551165,0.183116,-0.283157,0.000000,3.000000,0.000000,1.000000,0.000000,0.337526,0.349327,-0.292927,0.190324,-1.337253,0.000000,0.000000,1.000000,2.000000,1.217108,3.858378,3.111880,2.551165,3.111880,2.551165,0.175571,1.000000,1.000000
11930.000000,3.113563,2.548446,0.168278,-0.271872,0.000000,3.000000,0.000000,1.000000,0.000000,0.330259,0.337209,-0.285843,0.178895,-1.319590,0.000000,0.000000,1.000000,2.000000,1.217108,3.858378,3.113563,2.548446,3.113563,2.548446,0.175571,1.000000,1.000000
11940.000000,3.115038,2.545815,0.147525,-0.263090,0.000000,3.000000,0.000000,1.000000,0.000000,0.367865,0.319737,-0.274298,0.164295,-1.275034,0.000000,0.000000,1.000000,2.000000,1.217108,3.858378,3.115038,2.545815,3.115038,2.545815,0.175571,1.000000,1.000000
11950.000000,3.116374,2.543278,0.133540,-0.253695,0.000000,3.000000,0.000000,1.000000,0.000000,0.367865,0.301629,-0.265246,0.143613,-1.258965,0.000000,0.000000,1.000000,2.000000,1.217108,3.858378,3.116374,2.543278,3.116374,2.543278,0.175571,1.000000,1.000000
11960.000000,3.117680,2.540787,0.130594,-0.249098,0.000000,3.000000,0.000000,1.000000,0.000000,0.379970,0.286695,-0.255763,0.129535,-1.126703,0.000000,0.000000,1.000000,2.000000,1.217108,3.858378,3.117680,2.540787,3.117680,2.540787,0.175571,1.000000,1.000000
11970.000000,3.118840,2.538453,0.116072,-0.233448,0.000000,3.000000,0.000000,1.000000,0.000000,0.401621,0.281255,-0.251248,0.126406,-1.059572,0.000000,0.000000,1.000000,2.000000,1.217108,3.858378,3.118840,2.538453,3.118840,2.538453,0.175571,1.000000,1.000000
11980.000000,3.119821,2.536219,0.098055,-0.223399,0.000000,3.000000,0.000000,1.000000,0.000000,0.401621,0.260712,-0.235392,0.112078,-1.048452,0.000000,0.000000,1.000000,2.000000,1.217108,3.858378,3.119821,2.536219,3.119821,2.536219,0.175571,1.000000,1.000000
11990.000000,3.120642,2.534079,0.082122,-0.214029,0.000000,3.000000,0.000000,1.000000,0.000000,0.401621,0.243971,-0.225002,0.094319,-1.037562,0.000000,0.000000,1.000000,2.000000,1.217108,3.858378,3.120642,2.534079,3.120642,2.534079,0.175571,1.000000,1.000000
12000.000000,3.121339,2.531983,0.069682,-0.209601,0.000000,3.000000,0.000000,1.000000,0.000000,0.339794,0.229244,-0.215351,0.078591,-1.117132,0.000000,0.000000,1.000000,2.000000,1.217108,3.858378,3.121339,2.531983,3.121339,2.531983,0.175571,1.000000,1.000000
12010.000000,3.121869,2.530011,0.053058,-0.197186,0.000000,3.000000,0.000000,1.000000,0.000000,0.339794,0.220880,-0.210734,0.066176,-1.104778,0.000000,0.000000,1.000000,2.000000,1.217108,3.858378,3.121869,2.530011,3.121869,2.530011,0.175571,1.000000,1.000000
12020.000000,3.122285,2.528154,0.041574,-0.185636,0.000000,3.000000,0.000000,1.000000,0.000000,0.363546,0.204199,-0.198086,0.049593,-1.389268,0.000000,0.000000,1.000000,2.000000,1.217108,3.858378,3.122285,2.528154,3.122285,2.528154,0.175571,1.000000,1.000000
12030.000000,3.122589,2.526381,0.030340,-0.177337,0.000000,3.000000,0.000000,1.000000,0.000000,0.345140,0.190235,-0.186394,0.038032,-1.655496,0.000000,0.000000,1.000000,2.000000,1.217108,3.858378,3.122589,2.526381,3.122589,2.526381,0.175571,1.000000,1.000000
12040.000000,3.122645,2.524537,0.005595,-0.184398,0.000000,3.000000,0.000000,1.000000,0.000000,0.363546,0.179914,-0.177907,0.026798,-1.519500,0.000000,0.000000,1.000000,2.000000,1.217108,3.858378,3.122645,2.524537,3.122645,2.524537,0.175571,1.000000,1.000000
12050.000000,3.122444,2.522641,-0.020068,-0.189565,0.000000,3.000000,0.000000,1.000000,0.000000,0.301689,0.184483,-0.184472,0.001979,-1.496733,0.000000,0.000000,1.000000,2.000000,1.217108,3.858378,3.122444,2.522641,3.122444,2.522641,0.175571,1.000000,1.000000
12060.000000,3.122255,2.520881,-0.018881,-0.176050,0.000000,3.000000,0.000000,1.000000,0.000000,0.207420,0.190624,-0.189157,-0.023599,-1.646358,0.000000,0.000000,1.000000,2.000000,1.217108,3.858378,3.122255,2.520881,3.122255,2.520881,0.175571,1.000000,1.000000
12070.000000,3.122119,2.519355,-0.013568,-0.152623,0.000000,3.000000,0.000000,1.000000,0.000000,0.207420,0.177059,-0.175678,-0.022072,-1.654987,0.000000,0.000000,1.000000,2.000000,1.217108,3.858378,3.122119,2.519355,3.122119,2.519355,0.175571,1.000000,1.000000
12080.000000,3.121995,2.518018,-0.012395,-0.133703,0.000000,3.000000,0.000000,1.000000,0.000000,0.207420,0.153225,-0.152355,-0.016309,-1.636870,0.000000,0.000000,1.000000,2.000000,1.217108,3.858378,3.121995,2.518018,3.121995,2.518018,0.175571,1.000000,1.000000
12090.000000,3.121878,2.516836,-0.011748,-0.118162,0.000000,3.000000,0.000000,1.000000,0.000000,0.241463,0.134277,-0.133454,-0.014839,-1.515396,0.000000,0.000000,1.000000,2.000000,1.217108,3.858378,3.121878,2.516836,3.121878,2.516836,0.175571,1.000000,1.000000
12100.000000,3.121792,2.515764,-0.008597,-0.107262,0.000000,3.000000,0.000000,1.000000,0.000000,0.279196,0.118745,-0.117924,-0.013936,-1.492752,0.000000,0.000000,1.000000,2.000000,1.217108,3.858378,3.121792,2.515764,3.121792,2.515764,0.175571,1.000000,1.000000
12110.000000,3.121723,2.514823,-0.006836,-0.094023,0.000000,3.000000,0.000000,1.000000,0.000000,0.279196,0.107606,-0.107080,-0.010625,-1.470775,0.000000,0.000000,1.000000,2.000000,1.217108,3.858378,3.121723,2.514823,3.121723,2.514823,0.175571,1.000000,1.000000
12120.000000,3.121658,2.513997,-0.006507,-0.082637,0.000000,3.000000,0.000000,1.000000,0.000000,0.248272,0.094272,-0.093879,-0.008591,-1.478432,0.000000,0.000000,1.000000,2.000000,1.217108,3.858378,3.121658,2.513997,3.121658,2.513997,0.175571,1.000000,1.000000
12130.000000,3.121594,2.513293,-0.006390,-0.070414,0.000000,3.000000,0.000000,1.000000,0.000000,0.187417,0.082893,-0.082503,-0.008032,-1.710825,0.000000,0.000000,1.000000,2.000000,1.217108,3.858378,3.121594,2.513293,3.121594,2.513293,0.175571,1.000000,1.000000
12140.000000,3.121517,2.512663,-0.007709,-0.062933,0.000000,3.000000,0.000000,1.000000,0.000000,0.182738,0.070703,-0.070284,-0.007689,-1.696003,0.000000,0.000000,1.000000,2.000000,1.217108,3.858378,3.121517,2.512663,3.121517,2.512663,0.175571,1.000000,1.000000
12150.000000,3.121411,2.512138,-0.010687,-0.052490,0.000000,3.000000,0.000000,1.000000,0.000000,0.111443,0.063403,-0.062781,-0.008857,-1.813998,0.000000,0.000000,1.000000,2.000000,1.217108,3.858378,3.121411,2.512138,3.121411,2.512138,0.175571,1.000000,1.000000
12160.000000,3.121251,2.511697,-0.015965,-0.044190,0.000000,3.000000,0.000000,1.000000,0.000000,0.111443,0.053567,-0.052287,-0.011642,-1.775246,0.000000,0.000000,1.000000,2.000000,1.217108,3.858378,3.121251,2.511697,3.121251,2.511697,0.175571,1.000000,1.000000
12170.000000,3.121059,2.511332,-0.019227,-0.036500,0.000000,3.000000,0.000000,1.000000,0.000000,0.088265,0.046986,-0.043880,-0.016798,-1.744251,0.000000,0.000000,1.000000,2.000000,1.217108,3.858378,3.121059,2.511332,3.121059,2.511332,0.175571,1.000000,1.000000
12180.000000,3.120818,2.511039,-0.024054,-0.029223,0.000000,3.000000,0.000000,1.000000,0.000000,0.088265,0.041254,-0.036102,-0.019964,-1.714318,0.000000,0.000000,1.000000,2.000000,1.217108,3.858378,3.120818,2.511039,3.120818,2.511039,0.175571,1.000000,1.000000
12190.000000,3.120520,2.510791,-0.029798,-0.024797,0.000000,3.000000,0.000000,1.000000,0.000000,0.109444,0.037849,-0.028709,-0.024665,-1.645460,0.000000,0.000000,1.000000,2.000000,1.217108,3.858378,3.120520,2.510791,3.120520,2.510791,0.175571,1.000000,1.000000
12200.000000,3.120172,2.510610,-0.034787,-0.018175,0.000000,3.000000,0.000000,1.000000,0.000000,0.109444,0.038766,-0.024170,-0.030309,-1.618797,0.000000,0.000000,1.000000,2.000000,1.217108,3.858378,3.120172,2.510610,3.120172,2.510610,0.175571,1.000000,1.000000
12210.000000,3.119780,2.510468,-0.039219,-0.014154,0.000000,3.000000,0.000000,1.000000,0.000000,0.140096,0.039248,-0.017457,-0.035152,-1.574172,0.000000,0.000000,1.000000,2.000000,1.217108,3.858378,3.119780,2.510468,3.119780,2.510468,0.175571,1.000000,1.000000
12220.000000,3.119360,2.510364,-0.041961,-0.010411,0.000000,3.000000,0.000000,1.000000,0.000000,0.140203,0.041695,-0.013336,-0.039505,-1.541912,0.000000,0.000000,1.000000,2.000000,1.217108,3.858378,3.119360,2.510364,3.119360,2.510364,0.175571,1.000000,1.000000
12230.000000,3.118876,2.510288,-0.048483,-0.007589,0.000000,3.000000,0.000000,1.000000,0.000000,0.140203,0.043233,-0.009497,-0.042177,-1.518475,0.000000,0.000000,1.000000,2.000000,1.217108,3.858378,3.118876,2.510288,3.118876,2.510288,0.175571,1.000000,1.000000
12240.000000,3.118336,2.510242,-0.053900,-0.004588,0.000000,3.000000,0.000000,1.000000,0.000000,0.106397,0.049074,-0.006485,-0.048643,-1.576270,0.000000,0.000000,1.000000,2.000000,1.217108,3.858378,3.118336,2.510242,3.118336,2.510242,0.175571,1.000000,1.000000
12250.000000,3.117764,2.510228,-0.057258,-0.001439,0.000000,3.000000,0.000000,1.000000,0.000000,0.071486,0.054094,-0.003328,-0.053992,-1.662610,0.000000,0.000000,1.000000,2.000000,1.217108,3.858378,3.117764,2.510228,3.117764,2.510228,0.175571,1.000000,1.000000
12260.000000,3.117136,2.510238,-0.062783,0.001060,0.000000,3.000000,0.000000,1.000000,0.000000,0.071486,0.057276,-0.000080,-0.057276,-1.616066,0.000000,0.000000,1.000000,2.000000,1.217108,3.858378,3.117136,2.510238,3.117136,2.510238,0.175571,1.000000,1.000000
12270.000000,3.116446,2.510289,-0.068997,0.005114,0.000000,3.000000,0.000000,1.000000,0.000000,0.074081,0.062791,0.002568,-0.062739,-1.571083,0.000000,0.000000,1.000000,2.000000,1.217108,3.858378,3.116446,2.510289,3.116446,2.510289,0.175571,1.000000,1.000000
12280.000000,3.115677,2.510338,-0.076887,0.004832,0.000000,3.000000,0.000000,1.000000,0.000000,0.074081,0.069186,0.006810,-0.068850,-1.546758,0.000000,0.000000,1.000000,2.000000,1.217108,3.858378,3.115677,2.510338,3.115677,2.510338,0.175571,1.000000,1.000000
12290.000000,3.114833,2.510370,-0.084454,0.003249,0.000000,3.000000,0.000000,1.000000,0.000000,0.063340,0.077039,0.006799,-0.076738,-1.559304,0.000000,0.000000,1.000000,2.000000,1.217108,3.858378,3.114833,2.510370,3.114833,2.510370,0.175571,1.000000,1.000000
12300.000000,3.113893,2.510412,-0.093974,0.004124,0.000000,3.000000,0.000000,1.000000,0.000000,0.060429,0.084517,0.005483,-0.084339,-1.569514,0.000000,0.000000,1.000000,2.000000,1.217108,3.858378,3.113893,2.510412,3.113893,2.510412,0.175571,1.000000,1.000000
12310.000000,3.112854,2.510445,-0.103917,0.003314,0.000000,3.000000,0.000000,1.000000,0.000000,0.061572,0.094065,0.006638,-0.093830,-1.507874,0.000000,0.000000,1.000000,2.000000,1.217108,3.858378,3.112854,2.510445,3.112854,2.510445,0.175571,1.000000,1.000000
12320.000000,3.111664,2.510465,-0.118961,0.002022,0.000000,3.000000,0.000000,1.000000,0.000000,0.159378,0.103970,0.006038,-0.103794,-1.154048,0.000000,0.000000,1.000000,2.000000,1.217108,3.858378,3.111664,2.510465,3.111664,2.510465,0.175571,1.000000,1.000000
12330.000000,3.110313,2.510475,-0.135091,0.001052,0.000000,3.000000,0.000000,1.000000,0.000000,0.274479,0.118978,0.005016,-0.118872,-1.016202,0.000000,0.000000,1.000000,2.000000,1.217108,3.858378,3.110313,2.510475,3.110313,2.510475,0.175571,1.000000,1.000000
12340.000000,3.108813,2.510537,-0.149963,0.006199,0.000000,3.000000,0.000000,1.000000,0.000000,0.274479,0.135095,0.004388,-0.135023,-0.942695,0.000000,0.000000,1.000000,2.000000,1.217108,3.858378,3.108813,2.510537,3.108813,2.510537,0.175571,1.000000,1.000000
12350.000000,3.107173,2.510689,-0.164062,0.015139,0.000000,3.000000,0.000000,1.000000,0.000000,0.274479,0.150091,0.009891,-0.149765,-0.933883,0.000000,0.000000,1.000000,2.000000,1.217108,3.858378,3.107173,2.510689,3.107173,2.510689,0.175571,1.000000,1.000000
12360.000000,3.105377,2.510881,-0.179571,0.019208,0.000000,3.000000,0.000000,1.000000,0.000000,0.220865,0.164759,0.019158,-0.163641,-0.925234,0.000000,0.000000,1.000000,2.000000,1.217108,3.858378,3.105377,2.510881,3.105377,2.510881,0.175571,1.000000,1.000000
12370.000000,3.103515,2.511034,-0.186177,0.015255,0.000000,3.000000,0.000000,1.000000,0.000000,0.209272,0.180595,0.023539,-0.179054,-1.105729,0.000000,0.000000,1.000000,2.000000,1.217108,3.858378,3.103515,2.511034,3.103515,2.511034,0.175571,1.000000,1.000000
12380.000000,3.101571,2.511161,-0.194372,0.012697,0.000000,3.000000,0.000000,1.000000,0.000000,0.209272,0.186801,0.019687,-0.185761,-1.093624,0.000000,0.000000,1.000000,2.000000,1.217108,3.858378,3.101571,2.511161,3.101571,2.511161,0.175571,1.000000,1.000000
12390.000000,3.099543,2.511276,-0.202874,0.011534,0.000000,3.000000,0.000000,1.000000,0.000000,0.228630,0.194786,0.017322,-0.194014,-1.096637,0.000000,0.000000,1.000000,2.000000,1.217108,3.858378,3.099543,2.511276,3.099543,2.511276,0.175571,1.000000,1.000000
12400.000000,3.097435,2.511341,-0.210760,0.006532,0.000000,3.000000,0.000000,1.000000,0.000000,0.176346,0.203201,0.016524,-0.202528,-1.223743,0.000000,0.000000,1.000000,2.000000,1.217108,3.858378,3.097435,2.511341,3.097435,2.511341,0.175571,1.000000,1.000000
12410.000000,3.095308,2.511336,-0.212728,-0.000539,0.000000,3.000000,0.000000,1.000000,0.000000,0.140145,0.210861,0.012108,-0.210513,-1.270301,0.000000,0.000000,1.000000,2.000000,1.217108,3.858378,3.095308,2.511336,3.095308,2.511336,0.175571,1.000000,1.000000
12420.000000,3.093136,2.511228,-0.217203,-0.010753,0.000000,3.000000,0.000000,1.000000,0.000000,0.134963,0.212729,0.005472,-0.212659,-1.265498,0.000000,0.000000,1.000000,2.000000,1.217108,3.858378,3.093136,2.511228,3.093136,2.511228,0.175571,1.000000,1.000000
12430.000000,3.090853,2.511072,-0.228274,-0.015615,0.000000,3.000000,0.000000,1.000000,0.000000,0.172415,0.217469,-0.004491,-0.217422,-1.165727,0.000000,0.000000,1.000000,2.000000,1.217108,3.858378,3.090853,2.511072,3.090853,2.511072,0.175571,1.000000,1.000000
12440.000000,3.088513,2.510982,-0.233960,-0.009049,0.000000,3.000000,0.000000,1.000000,0.000000,0.173313,0.228808,-0.009300,-0.228619,-1.150285,0.000000,0.000000,1.000000,2.000000,1.217108,3.858378,3.088513,2.510982,3.088513,2.510982,0.175571,1.000000,1.000000
12450.000000,3.086254,2.511009,-0.225894,0.002706,0.000000,3.000000,0.000000,1.000000,0.000000,0.173313,0.234135,-0.003093,-0.234115,-1.137191,0.000000,0.000000,1.000000,2.000000,1.217108,3.858378,3.086254,2.511009,3.086254,2.511009,0.175571,1.000000,1.000000
12460.000000,3.084004,2.511092,-0.225028,0.008312,0.000000,3.000000,0.000000,1.000000,0.000000,0.185760,0.225910,0.007914,-0.225772,-1.096208,0.000000,0.000000,1.000000,2.000000,1.217108,3.858378,3.084004,2.511092,3.084004,2.511092,0.175571,1.000000,1.000000
12470.000000,3.081732,2.511178,-0.227210,0.008613,0.000000,3.000000,0.000000,1.000000,0.000000,0.313476,0.225181,0.013364,-0.224784,-0.786636,0.000000,0.000000,1.000000,2.000000,1.217108,3.858378,3.081732,2.511178,3.081732,2.511178,0.175571,1.000000,1.000000
12480.000000,3.079275,2.511211,-0.245668,0.003332,0.000000,3.000000,0.000000,1.000000,0.000000,0.388142,0.227373,0.014094,-0.226935,-0.624471,0.000000,0.000000,1.000000,2.000000,1.217108,3.858378,3.079275,2.511211,3.079275,2.511211,0.175571,1.000000,1.000000
12490.000000,3.076789,2.511185,-0.248641,-0.002592,0.000000,3.000000,0.000000,1.000000,0.000000,0.393584,0.245690,0.009962,-0.245488,-0.530953,0.000000,0.000000,1.000000,2.000000,1.217108,3.858378,3.076789,2.511185,3.076789,2.511185,0.175571,1.000000,1.000000
12500.000000,3.074286,2.511072,-0.250294,-0.011321,0.000000,3.000000,0.000000,1.000000,0.000000,0.393584,0.248655,0.004808,-0.248608,-0.528146,0.000000,0.000000,1.000000,2.000000,1.217108,3.858378,3.074286,2.511072,3.074286,2.511072,0.175571,1.000000,1.000000
12510.000000,3.071760,2.510858,-0.252558,-0.021416,0.000000,3.000000,0.000000,1.000000,0.000000,0.434213,0.250550,-0.003590,-0.250524,-0.525369,0.000000,0.000000,1.000000,2.000000,1.217108,3.858378,3.071760,2.510858,3.071760,2.510858,0.175571,1.000000,1.000000
12520.000000,3.069225,2.510673,-0.253563,-0.018476,0.000000,3.000000,0.000000,1.000000,0.000000,0.381722,0.253465,-0.013981,-0.253079,-0.627769,0.000000,0.000000,1.000000,2.000000,1.217108,3.858378,3.069225,2.510673,3.069225,2.510673,0.175571,1.000000,1.000000
12530.000000,3.066861,2.510579,-0.236425,-0.009385,0.000000,3.000000,0.000000,1.000000,0.000000,0.332303,0.254235,-0.011855,-0.253958,-0.736782,0.000000,0.000000,1.000000,2.000000,1.217108,3.858378,3.066861,2.510579,3.066861,2.510579,0.175571,1.000000,1.000000
12540.000000,3.064705,2.510575,-0.215603,-0.000481,0.000000,3.000000,0.000000,1.000000,0.000000,0.332303,0.236611,-0.004008,-0.236577,-0.731388,0.000000,0.000000,1.000000,2.000000,1.217108,3.858378,3.064705,2.510575,3.064705,2.510575,0.175571,1.000000,1.000000
12550.000000,3.062621,2.510659,-0.208411,0.008460,0.000000,3.000000,0.000000,1.000000,0.000000,0.305744,0.215604,0.004081,-0.215565,-0.756325,0.000000,0.000000,1.000000,2.000000,1.217108,3.858378,3.062621,2.510659,3.062621,2.510659,0.175571,1.000000,1.000000
12560.000000,3.060580,2.510796,-0.204019,0.013655,0.000000,3.000000,0.000000,1.000000,0.000000,0.141154,0.208582,0.012974,-0.208179,-1.162124,0.000000,0.000000,1.000000,2.000000,1.217108,3.858378,3.060580,2.510796,3.060580,2.510796,0.175571,1.000000,1.000000
12570.000000,3.058693,2.510901,-0.188774,0.010514,0.000000,3.000000,0.000000,1.000000,0.000000,0.235140,0.204476,0.018434,-0.203643,-1.118860,0.000000,0.000000,1.000000,2.000000,1.217108,3.858378,3.058693,2.510901,3.058693,2.510901,0.175571,1.000000,1.000000
12580.000000,3.056892,2.510981,-0.180078,0.008007,0.000000,3.000000,0.000000,1.000000,0.000000,0.357963,0.189067,0.015244,-0.188451,-0.281058,0.000000,0.000000,1.000000,2.000000,1.217108,3.858378,3.056892,2.510981,3.056892,2.510981,0.175571,1.000000,1.000000
12590.000000,3.055193,2.511055,-0.169923,0.007417,0.000000,3.000000,0.000000,1.000000,0.000000,0.378596,0.180256,0.012631,-0.179813,-0.202619,0.000000,0.000000,1.000000,2.000000,1.217108,3.858378,3.055193,2.511055,3.055193,2.511055,0.175571,1.000000,1.000000
12600.000000,3.053597,2.511155,-0.159609,0.009938,0.000000,3.000000,0.000000,1.000000,0.000000,0.378596,0.170085,0.011681,-0.169683,-0.202209,0.000000,0.000000,1.000000,2.000000,1.217108,3.858378,3.053597,2.511155,3.053597,2.511155,0.175571,1.000000,1.000000
12610.000000,3.052023,2.511257,-0.157366,0.010231,0.000000,3.000000,0.000000,1.000000,0.000000,0.299153,0.159918,0.013714,-0.159329,-0.470929,0.000000,0.000000,1.000000,2.000000,1.217108,3.858378,3.052023,2.511257,3.052023,2.511257,0.175571,1.000000,1.000000
12620.000000,3.050491,2.511336,-0.153177,0.007887,0.000000,3.000000,0.000000,1.000000,0.000000,0.233763,0.157699,0.013655,-0.157106,-1.238720,0.000000,0.000000,1.000000,2.000000,1.217108,3.858378,3.050491,2.511336,3.050491,2.511336,0.175571,1.000000,1.000000
12630.000000,3.049109,2.511428,-0.138259,0.009220,0.000000,3.000000,0.000000,1.000000,0.000000,0.091361,0.153380,0.011001,-0.152985,-1.256678,0.000000,0.000000,1.000000,2.000000,1.217108,3.858378,3.049109,2.511428,3.049109,2.511428,0.175571,1.000000,1.000000
12640.000000,3.047907,2.511561,-0.120222,0.013336,0.000000,3.000000,0.000000,1.000000,0.000000,0.091361,0.138566,0.011988,-0.138047,-1.241067,0.000000,0.000000,1.000000,2.000000,1.217108,3.858378,3.047907,2.511561,3.047907,2.511561,0.175571,1.000000,1.000000
12650.000000,3.046829,2.511719,-0.107789,0.015807,0.000000,3.000000,0.000000,1.000000,0.000000,0.091361,0.120959,0.015866,-0.119914,-1.225838,0.000000,0.000000,1.000000,2.000000,1.217108,3.858378,3.046829,2.511719,3.046829,2.511719,0.175571,1.000000,1.000000
12660.000000,3.045821,2.511873,-0.100803,0.015351,0.000000,3.000000,0.000000,1.000000,0.000000,0.055854,0.108941,0.018247,-0.107402,-1.294426,0.000000,0.000000,1.000000,2.000000,1.217108,3.858378,3.045821,2.511873,3.045821,2.511873,0.175571,1.000000,1.000000
12670.000000,3.044953,2.511974,-0.086741,0.010065,0.000000,3.000000,0.000000,1.000000,0.000000,0.048054,0.101965,0.017746,-0.100409,-1.295845,0.000000,0.000000,1.000000,2.000000,1.217108,3.858378,3.044953,2.511974,3.044953,2.511974,0.175571,1.000000,1.000000
12680.000000,3.044240,2.512070,-0.071280,0.009599,0.000000,3.000000,0.000000,1.000000,0.000000,0.169004,0.087323,0.012204,-0.086466,-1.012885,0.000000,0.000000,1.000000,2.000000,1.217108,3.858378,3.044240,2.512070,3.044240,2.512070,0.175571,1.000000,1.000000
12690.000000,3.043664,2.512151,-0.057618,0.008133,0.000000,3.000000,0.000000,1.000000,0.000000,0.169004,0.071924,0.011419,-0.071011,-0.907448,0.000000,0.000000,1.000000,2.000000,1.217108,3.858378,3.043664,2.512151,3.043664,2.512151,0.175571,1.000000,1.000000
12700.000000,3.043206,2.512231,-0.045795,0.008011,0.000000,3.000000,0.000000,1.000000,0.000000,0.153219,0.058189,0.009628,-0.057387,-0.851104,0.000000,0.000000,1.000000,2.000000,1.217108,3.858378,3.043206,2.512231,3.043206,2.512231,0.175571,1.000000,1.000000
12710.000000,3.042891,2.512286,-0.031577,0.005503,0.000000,3.000000,0.000000,1.000000,0.000000,0.153219,0.046491,0.009183,-0.045575,-0.843914,0.000000,0.000000,1.000000,2.000000,1.217108,3.858378,3.042891,2.512286,3.042891,2.512286,0.175571,1.000000,1.000000
12720.000000,3.042891,2.512286,0.000000,0.000000,0.000000,3.000000,0.000000,1.000000,0.000000,0.126677,0.032053,0.006293,-0.031429,-0.937255,0.000000,0.000000,1.000000,2.000000,1.217108,3.858378,3.042891,2.512286,3.042891,2.512286,0.175571,1.000000,1.000000
12730.000000,3.042891,2.512286,0.000000,0.000000,0.000000,3.000000,0.000000,1.000000,0.000000,0.077615,0.019681,0.003864,-0.019298,-1.182129,0.000000,0.000000,1.000000,2.000000,1.217108,3.858378,3.042891,2.512286,3.042891,2.512286,0.175571,1.000000,1.000000
12740.000000,3.042891,2.512286,0.000000,0.000000,0.000000,3.000000,0.000000,1.000000,0.000000,0.077615,0.011167,0.000410,-0.011159,-1.168304,0.000000,0.000000,1.000000,2.000000,1.217108,3.858378,3.042891,2.512286,3.042891,2.512286,0.175571,1.000000,1.000000
12750.000000,3.042891,2.512286,0.000000,0.000000,0.000000,3.000000,0.000000,1.000000,0.000000,0.065335,0.004729,-0.002365,-0.004095,-1.214749,0.000000,0.000000,1.000000,2.000000,1.217108,3.858378,3.042891,2.512286,3.042891,2.512286,0.175571,1.000000,1.000000
12760.000000,3.042891,2.512286,0.000000,0.000000,0.000000,3.000000,0.000000,1.000000,0.000000,0.063672,0.006104,-0.006032,0.000932,-1.146795,0.000000,0.000000,1.000000,2.000000,1.217108,3.858378,3.042891,2.512286,3.042891,2.512286,0.175571,1.000000,1.000000
12770.000000,3.042891,2.512286,0.000000,0.000000,0.000000,3.000000,0.000000,1.000000,0.000000,0.073674,0.012491,-0.012209,0.002640,-1.126246,0.000000,0.000000,1.000000,2.000000,1.217108,3.858378,3.042891,2.512286,3.042891,2.512286,0.175571,1.000000,1.000000
12780.000000,3.042891,2.512286,0.000000,0.000000,0.000000,3.000000,0.000000,1.000000,0.000000,0.086156,0.017463,-0.017310,0.002310,-1.100547,0.000000,0.000000,1.000000,2.000000,1.217108,3.858378,3.042891,2.512286,3.042891,2.512286,0.175571,1.000000,1.000000
12790.000000,3.042887,2.511902,-0.000360,-0.038433,0.000000,3.000000,0.000000,1.000000,0.000000,0.139207,0.026330,-0.026330,0.000040,-1.051748,0.000000,0.000000,1.000000,2.000000,1.217108,3.858378,3.042887,2.511902,3.042887,2.511902,0.175571,1.000000,1.000000
12800.000000,3.042891,2.511391,0.000433,-0.051067,0.000000,3.000000,0.000000,1.000000,0.000000,0.181732,0.038434,-0.038411,-0.001354,-0.837876,0.000000,0.000000,1.000000,2.000000,1.217108,3.858378,3.042891,2.511391,3.042891,2.511391,0.175571,1.000000,1.000000
12810.000000,3.042894,2.510770,0.000281,-0.062112,0.000000,3.000000,0.000000,1.000000,0.000000,0.241046,0.051069,-0.051062,-0.000831,-0.768666,0.000000,0.000000,1.000000,2.000000,1.217108,3.858378,3.042894,2.510770,3.042894,2.510770,0.175571,1.000000,1.000000
12820.000000,3.042831,2.509936,-0.006334,-0.083447,0.000000,3.000000,0.000000,1.000000,0.000000,0.235890,0.062113,-0.062101,-0.001200,-0.503075,0.000000,0.000000,1.000000,2.000000,1.217108,3.858378,3.042831,2.509936,3.042831,2.509936,0.175571,1.000000,1.000000
12830.000000,3.042716,2.508852,-0.011455,-0.108356,0.000000,3.000000,0.000000,1.000000,0.000000,0.284349,0.083687,-0.083273,-0.008319,-0.272654,0.000000,0.000000,1.000000,2.000000,1.217108,3.858378,3.042716,2.508852,3.042716,2.508852,0.175571,1.000000,1.000000
12840.000000,3.042532,2.507457,-0.018412,-0.139441,0.000000,3.000000,0.000000,1.000000,0.000000,0.284349,0.108960,-0.108048,-0.014068,-0.271912,0.000000,0.000000,1.000000,2.000000,1.217108,3.858378,3.042532,2.507457,3.042532,2.507457,0.175571,1.000000,1.000000
12850.000000,3.042146,2.505771,-0.038627,-0.168639,0.000000,3.000000,0.000000,1.000000,0.000000,0.284349,0.140651,-0.138962,-0.021734,-0.285602,0.000000,0.000000,1.000000,2.000000,1.217108,3.858378,3.042146,2.505771,3.042146,2.505771,0.175571,1.000000,1.000000
12860.000000,3.041551,2.503736,-0.059524,-0.203555,0.000000,3.000000,0.000000,1.000000,0.000000,0.130251,0.173006,-0.167756,-0.042295,-0.861529,0.000000,0.000000,1.000000,2.000000,1.217108,3.858378,3.041551,2.503736,3.041551,2.503736,0.175571,1.000000,1.000000
12870.000000,3.040817,2.501389,-0.073409,-0.234618,0.000000,3.000000,0.000000,1.000000,0.000000,0.229935,0.212079,-0.202447,-0.063191,-0.484576,0.000000,0.000000,1.000000,2.000000,1.217108,3.858378,3.040817,2.501389,3.040817,2.501389,0.175571,1.000000,1.000000
12880.000000,3.039942,2.498722,-0.087506,-0.266757,0.000000,3.000000,0.000000,1.000000,0.000000,0.229935,0.245834,-0.233560,-0.076710,-0.482237,0.000000,0.000000,1.000000,2.000000,1.217108,3.858378,3.039942,2.498722,3.039942,2.498722,0.175571,1.000000,1.000000
12890.000000,3.039405,2.496256,-0.053645,-0.246567,0.000000,3.000000,0.000000,1.000000,0.000000,0.410430,0.280743,-0.265748,-0.090525,0.281807,0.000000,0.000000,1.000000,2.000000,1.217108,3.858378,3.039405,2.496256,3.039405,2.496256,0.175571,1.000000,1.000000
12900.000000,3.038947,2.493720,-0.045773,-0.253575,0.000000,3.000000,0.000000,1.000000,0.000000,0.410430,0.311892,-0.293363,-0.105900,0.281014,0.000000,0.000000,1.000000,2.000000,1.217108,3.858378,3.038947,2.493720,3.038947,2.493720,0.175571,1.000000,1.000000
12910.000000,3.038665,2.491077,-0.028254,-0.264327,0.000000,3.000000,0.000000,1.000000,0.000000,0.759325,0.337200,-0.316860,-0.115341,0.709243,0.000000,0.000000,1.000000,2.000000,1.217108,3.858378,3.038665,2.491077,3.038665,2.491077,0.175571,1.000000,1.000000
12920.000000,3.038478,2.488250,-0.018635,-0.282714,0.000000,3.000000,0.000000,1.000000,0.000000,0.766544,0.354063,-0.337176,-0.108040,0.954509,0.000000,0.000000,1.000000,2.000000,1.217108,3.858378,3.038478,2.488250,3.038478,2.488250,0.175571,1.000000,1.000000
12930.000000,3.038225,2.485204,-0.025353,-0.304577,0.000000,3.000000,0.000000,1.000000,0.000000,0.766544,0.367364,-0.354229,-0.097355,0.945476,0.000000,0.000000,1.000000,2.000000,1.217108,3.858378,3.038225,2.485204,3.038225,2.485204,0.175571,1.000000,1.000000
12940.000000,3.037870,2.481972,-0.035469,-0.323230,0.000000,3.000000,0.000000,1.000000,0.000000,0.672070,0.373761,-0.362738,-0.090104,0.927705,0.000000,0.000000,1.000000,2.000000,1.217108,3.858378,3.037870,2.481972,3.037870,2.481972,0.175571,1.000000,1.000000
12950.000000,3.037433,2.478626,-0.043675,-0.334598,0.000000,3.000000,0.000000,1.000000,0.000000,0.709400,0.373841,-0.364690,-0.082206,1.010209,0.000000,0.000000,1.000000,2.000000,1.217108,3.858378,3.037433,2.478626,3.037433,2.478626,0.175571,1.000000,1.000000
12960.000000,3.036958,2.475171,-0.047492,-0.345457,0.000000,3.000000,0.000000,1.000000,0.000000,0.709400,0.375050,-0.366544,-0.079425,1.000096,0.000000,0.000000,1.000000,2.000000,1.217108,3.858378,3.036958,2.475171,3.036958,2.475171,0.175571,1.000000,1.000000
12970.000000,3.036479,2.471623,-0.047993,-0.354801,0.000000,3.000000,0.000000,1.000000,0.000000,0.709400,0.374704,-0.367682,-0.072202,0.990183,0.000000,0.000000,1.000000,2.000000,1.217108,3.858378,3.036479,2.471623,3.036479,2.471623,0.175571,1.000000,1.000000
12980.000000,3.036158,2.468103,-0.032060,-0.352015,0.000000,3.000000,0.000000,1.000000,0.000000,0.536623,0.358032,-0.354641,-0.049157,-0.035220,0.000000,0.000000,1.000000,2.000000,1.217108,3.858378,3.036158,2.468103,3.036158,2.468103,0.175571,1.000000,1.000000
12990.000000,3.035949,2.464613,-0.020831,-0.348975,0.000000,3.000000,0.000000,1.000000,0.000000,0.143155,0.353472,-0.351868,-0.033629,-1.018673,0.000000,0.000000,1.000000,2.000000,1.217108,3.858378,3.035949,2.464613,3.035949,2.464613,0.175571,1.000000,1.000000
13000.000000,3.035733,2.461200,-0.021674,-0.341248,0.000000,3.000000,0.000000,1.000000,0.000000,0.143155,0.349596,-0.348857,-0.022716,-1.008390,0.000000,0.000000,1.000000,2.000000,1.217108,3.858378,3.035733,2.461200,3.035733,2.461200,0.175571,1.000000,1.000000
13010.000000,3.035514,2.457921,-0.021874,-0.327974,0.000000,3.000000,0.000000,1.000000,0.000000,0.099375,0.341936,-0.341120,-0.023598,-1.107759,0.000000,0.000000,1.000000,2.000000,1.217108,3.858378,3.035514,2.457921,3.035514,2.457921,0.175571,1.000000,1.000000
13020.000000,3.035387,2.454671,-0.012674,-0.325002,0.000000,3.000000,0.000000,1.000000,0.000000,0.061328,0.328702,-0.327865,-0.023450,-1.189373,0.000000,0.000000,1.000000,2.000000,1.217108,3.858378,3.035387,2.454671,3.035387,2.454671,0.175571,1.000000,1.000000
13030.000000,3.035329,2.451426,-0.005857,-0.324494,0.000000,3.000000,0.000000,1.000000,0.000000,0.292393,0.325249,-0.324960,-0.013709,-0.600430,0.000000,0.000000,1.000000,2.000000,1.217108,3.858378,3.035329,2.451426,3.035329,2.451426,0.175571,1.000000,1.000000
13040.000000,3.035333,2.448190,0.000470,-0.323538,0.000000,3.000000,0.000000,1.000000,0.000000,0.687976,0.324547,-0.324485,-0.006349,0.396945,0.000000,0.000000,1.000000,2.000000,1.217108,3.858378,3.035333,2.448190,3.035333,2.448190,0.175571,1.000000,1.000000
13050.000000,3.035310,2.445065,-0.002320,-0.312492,0.000000,3.000000,0.000000,1.000000,0.000000,0.960216,0.323539,-0.323539,0.000237,0.494253,0.000000,0.000000,1.000000,2.000000,1.217108,3.858378,3.035310,2.445065,3.035310,2.445065,0.175571,1.000000,1.000000
13060.000000,3.035243,2.442061,-0.006706,-0.300482,0.000000,3.000000,0.000000,1.000000,0.000000,0.800816,0.312501,-0.312490,-0.002611,1.145712,0.000000,0.000000,1.000000,2.000000,1.217108,3.858378,3.035243,2.442061,3.035243,2.442061,0.175571,1.000000,1.000000
13070.000000,3.035438,2.439379,0.019503,-0.268201,0.000000,3.000000,0.000000,1.000000,0.000000,0.800816,0.300557,-0.300472,-0.007118,1.132721,0.000000,0.000000,1.000000,2.000000,1.217108,3.858378,3.035438,2.439379,3.035438,2.439379,0.175571,1.000000,1.000000
13080.000000,3.035820,2.436882,0.038174,-0.249704,0.000000,3.000000,0.000000,1.000000,0.000000,0.800816,0.268909,-0.268232,0.019065,1.074412,0.000000,0.000000,1.000000,2.000000,1.217108,3.858378,3.035820,2.436882,3.035820,2.436882,0.175571,1.000000,1.000000
13090.000000,3.036103,2.434374,0.028264,-0.250806,0.000000,3.000000,0.000000,1.000000,0.000000,0.732697,0.252605,-0.249745,0.037899,0.465746,0.000000,0.000000,1.000000,2.000000,1.217108,3.858378,3.036103,2.434374,3.036103,2.434374,0.175571,1.000000,1.000000
13100.000000,3.036181,2.431748,0.007879,-0.262602,0.000000,3.000000,0.000000,1.000000,0.000000,0.576406,0.252394,-0.250825,0.028095,0.036758,0.000000,0.000000,1.000000,2.000000,1.217108,3.858378,3.036181,2.431748,3.036181,2.431748,0.175571,1.000000,1.000000
13110.000000,3.036157,2.429134,-0.002427,-0.261346,0.000000,3.000000,0.000000,1.000000,0.000000,0.584107,0.262720,-0.262610,0.007600,0.059359,0.000000,0.000000,1.000000,2.000000,1.217108,3.858378,3.036157,2.429134,3.036157,2.429134,0.175571,1.000000,1.000000
13120.000000,3.036097,2.426659,-0.006010,-0.247492,0.000000,3.000000,0.000000,1.000000,0.000000,0.584107,0.261357,-0.261341,-0.002916,0.059324,0.000000,0.000000,1.000000,2.000000,1.217108,3.858378,3.036097,2.426659,3.036097,2.426659,0.175571,1.000000,1.000000
13130.000000,3.036074,2.424341,-0.002246,-0.231772,0.000000,3.000000,0.000000,1.000000,0.000000,0.572557,0.247565,-0.247477,-0.006615,0.059289,0.000000,0.000000,1.000000,2.000000,1.217108,3.858378,3.036074,2.424341,3.036074,2.424341,0.175571,1.000000,1.000000
13140.000000,3.036094,2.422114,0.001960,-0.222775,0.000000,3.000000,0.000000,1.000000,0.000000,0.452988,0.231783,-0.231768,-0.002683,-0.257564,0.000000,0.000000,1.000000,2.000000,1.217108,3.858378,3.036094,2.422114,3.036094,2.422114,0.175571,1.000000,1.000000
13150.000000,3.036138,2.419928,0.004413,-0.218567,0.000000,3.000000,0.000000,1.000000,0.000000,0.282999,0.222784,-0.222777,0.001799,-0.708494,0.000000,0.000000,1.000000,2.000000,1.217108,3.858378,3.036138,2.419928,3.036138,2.419928,0.175571,1.000000,1.000000
13160.000000,3.036178,2.417775,0.003956,-0.215328,0.000000,3.000000,0.000000,1.000000,0.000000,0.246039,0.218612,-0.218564,0.004551,-0.655270,0.000000,0.000000,1.000000,2.000000,1.217108,3.858378,3.036178,2.417775,3.036178,2.417775,0.175571,1.000000,1.000000
13170.000000,3.036153,2.415687,-0.002421,-0.208753,0.000000,3.000000,0.000000,1.000000,0.000000,0.272487,0.215364,-0.215324,0.004173,-0.651000,0.000000,0.000000,1.000000,2.000000,1.217108,3.858378,3.036153,2.415687,3.036153,2.415687,0.175571,1.000000,1.000000
13180.000000,3.036064,2.413653,-0.008954,-0.203413,0.000000,3.000000,0.000000,1.000000,0.000000,0.232714,0.208767,-0.208755,-0.002263,-0.610496,0.000000,0.000000,1.000000,2.000000,1.217108,3.858378,3.036064,2.413653,3.036064,2.413653,0.175571,1.000000,1.000000
13190.000000,3.035942,2.411684,-0.012208,-0.196874,0.000000,3.000000,0.000000,1.000000,0.000000,0.291724,0.203610,-0.203413,-0.008972,-0.245455,0.000000,0.000000,1.000000,2.000000,1.217108,3.858378,3.035942,2.411684,3.035942,2.411684,0.175571,1.000000,1.000000
13200.000000,3.035786,2.409808,-0.015598,-0.187629,0.000000,3.000000,0.000000,1.000000,0.000000,0.317472,0.197252,-0.196861,-0.012401,-0.244854,0.000000,0.000000,1.000000,2.000000,1.217108,3.858378,3.035786,2.409808,3.035786,2.409808,0.175571,1.000000,1.000000
13210.000000,3.035697,2.408047,-0.008831,-0.176045,0.000000,3.000000,0.000000,1.000000,0.000000,0.317472,0.188277,-0.187605,-0.015886,-0.257673,0.000000,0.000000,1.000000,2.000000,1.217108,3.858378,3.035697,2.408047,3.035697,2.408047,0.175571,1.000000,1.000000
13220.000000,3.035677,2.406358,-0.002017,-0.168930,0.000000,3.000000,0.000000,1.000000,0.000000,0.317472,0.176267,-0.176034,-0.009065,-0.442006,0.000000,0.000000,1.000000,2.000000,1.217108,3.858378,3.035677,2.406358,3.035677,2.406358,0.175571,1.000000,1.000000
13230.000000,3.035629,2.404726,-0.004811,-0.163256,0.000000,3.000000,0.000000,1.000000,0.000000,0.230660,0.168942,-0.168929,-0.002119,-0.940334,0.000000,0.000000,1.000000,2.000000,1.217108,3.858378,3.035629,2.404726,3.035629,2.404726,0.175571,1.000000,1.000000
13240.000000,3.035543,2.403161,-0.008584,-0.156496,0.000000,3.000000,0.000000,1.000000,0.000000,0.159830,0.163327,-0.163258,-0.004748,-1.056023,0.000000,0.000000,1.000000,2.000000,1.217108,3.858378,3.035543,2.403161,3.035543,2.403161,0.175571,1.000000,1.000000
13250.000000,3.035434,2.401716,-0.010883,-0.144493,0.000000,3.000000,0.000000,1.000000,0.000000,0.191271,0.156732,-0.156505,-0.008429,-0.897360,0.000000,0.000000,1.000000,2.000000,1.217108,3.858378,3.035434,2.401716,3.035434,2.401716,0.175571,1.000000,1.000000
13260.000000,3.035097,2.400195,-0.033742,-0.152123,0.000000,3.000000,0.000000,1.000000,0.000000,0.180396,0.144902,-0.144507,-0.010690,-0.889371,0.000000,0.000000,1.000000,2.000000,1.217108,3.858378,3.035097,2.400195,3.035097,2.400195,0.175571,1.000000,1.000000
13270.000000,3.034585,2.398673,-0.051269,-0.152189,0.000000,3.000000,0.000000,1.000000,0.000000,0.180396,0.155820,-0.152189,-0.033446,-0.881523,0.000000,0.000000,1.000000,2.000000,1.217108,3.858378,3.034585,2.398673,3.034585,2.398673,0.175571,1.000000,1.000000
13280.000000,3.034097,2.397366,-0.048786,-0.130699,0.000000,3.000000,0.000000,1.000000,0.000000,0.133574,0.160593,-0.152325,-0.050864,-0.910544,0.000000,0.000000,1.000000,2.000000,1.217108,3.858378,3.034097,2.397366,3.034097,2.397366,0.175571,1.000000,1.000000
13290.000000,3.033681,2.396347,-0.041615,-0.101855,0.000000,3.000000,0.000000,1.000000,0.000000,0.139077,0.139507,-0.130819,-0.048463,-0.800036,0.000000,0.000000,1.000000,2.000000,1.217108,3.858378,3.033681,2.396347,3.033681,2.396347,0.175571,1.000000,1.000000
13300.000000,3.033289,2.395591,-0.039207,-0.075682,0.000000,3.000000,0.000000,1.000000,0.000000,0.220207,0.110029,-0.101913,-0.041474,-0.548117,0.000000,0.000000,1.000000,2.000000,1.217108,3.858378,3.033289,2.395591,3.033289,2.395591,0.175571,1.000000,1.000000
13310.000000,3.032904,2.395053,-0.038443,-0.053746,0.000000,3.000000,0.000000,1.000000,0.000000,0.222797,0.085235,-0.075659,-0.039251,-0.545126,0.000000,0.000000,1.000000,2.000000,1.217108,3.858378,3.032904,2.395053,3.032904,2.395053,0.175571,1.000000,1.000000
13320.000000,3.032476,2.394696,-0.042866,-0.035702,0.000000,3.000000,0.000000,1.000000,0.000000,0.222797,0.066079,-0.053651,-0.038575,-0.542167,0.000000,0.000000,1.000000,2.000000,1.217108,3.858378,3.032476,2.394696,3.032476,2.394696,0.175571,1.000000,1.000000
13330.000000,3.032020,2.394489,-0.045611,-0.020706,0.000000,3.000000,0.000000,1.000000,0.000000,0.173591,0.055787,-0.035559,-0.042985,-0.780469,0.000000,0.000000,1.000000,2.000000,1.217108,3.858378,3.032020,2.394489,3.032020,2.394489,0.175571,1.000000,1.000000
13340.000000,3.031532,2.394479,-0.048729,-0.001074,0.000000,3.000000,0.000000,1.000000,0.000000,0.122925,0.050091,-0.020525,-0.045693,-0.940562,0.000000,0.000000,1.000000,2.000000,1.217108,3.858378,3.031532,2.394479,3.031532,2.394479,0.175571,1.000000,1.000000
13350.000000,3.030984,2.394653,-0.054846,0.017474,0.000000,3.000000,0.000000,1.000000,0.000000,0.128711,0.048741,-0.000826,-0.048734,-1.089079,0.000000,0.000000,1.000000,2.000000,1.217108,3.858378,3.030984,2.394653,3.030984,2.394653,0.175571,1.000000,1.000000
13360.000000,3.030342,2.395020,-0.064198,0.036652,0.000000,3.000000,0.000000,1.000000,0.000000,0.128711,0.057562,0.017812,-0.054737,-1.010233,0.000000,0.000000,1.000000,2.000000,1.217108,3.858378,3.030342,2.395020,3.030342,2.395020,0.175571,1.000000,1.000000
13370.000000,3.029600,2.395556,-0.074160,0.053585,0.000000,3.000000,0.000000,1.000000,0.000000,0.139443,0.073924,0.037106,-0.063937,-0.979176,0.000000,0.000000,1.000000,2.000000,1.217108,3.858378,3.029600,2.395556,3.029600,2.395556,0.175571,1.000000,1.000000
13380.000000,3.028735,2.396241,-0.086538,0.068496,0.000000,3.000000,0.000000,1.000000,0.000000,0.139443,0.091493,0.054186,-0.073722,-0.854749,0.000000,0.000000,1.000000,2.000000,1.217108,3.858378,3.028735,2.396241,3.028735,2.396241,0.175571,1.000000,1.000000
13390.000000,3.027752,2.397057,-0.098261,0.081601,0.000000,3.000000,0.000000,1.000000,0.000000,0.287715,0.110365,0.069253,-0.085933,-0.254244,0.000000,0.000000,1.000000,2.000000,1.217108,3.858378,3.027752,2.397057,3.027752,2.397057,0.175571,1.000000,1.000000
13400.000000,3.026650,2.398013,-0.110259,0.095579,0.000000,3.000000,0.000000,1.000000,0.000000,0.307753,0.127726,0.082430,-0.097566,-0.165422,0.000000,0.000000,1.000000,2.000000,1.217108,3.858378,3.026650,2.398013,3.026650,2.398013,0.175571,1.000000,1.000000
13410.000000,3.025501,2.399094,-0.114882,0.108119,0.000000,3.000000,0.000000,1.000000,0.000000,0.307753,0.145919,0.096409,-0.109534,-0.165149,0.000000,0.000000,1.000000,2.000000,1.217108,3.858378,3.025501,2.399094,3.025501,2.399094,0.175571,1.000000,1.000000
13420.000000,3.024295,2.400290,-0.120603,0.119620,0.000000,3.000000,0.000000,1.000000,0.000000,0.300751,0.157758,0.108917,-0.114126,-0.197487,0.000000,0.000000,1.000000,2.000000,1.217108,3.858378,3.024295,2.400290,3.024295,2.400290,0.175571,1.000000,1.000000
13430.000000,3.023038,2.401555,-0.125663,0.126508,0.000000,3.000000,0.000000,1.000000,0.000000,0.218050,0.169865,0.120522,-0.119702,-0.491074,0.000000,0.000000,1.000000,2.000000,1.217108,3.858378,3.023038,2.401555,3.023038,2.401555,0.175571,1.000000,1.000000
13440.000000,3.021722,2.402861,-0.131638,0.130599,0.000000,3.000000,0.000000,1.000000,0.000000,0.152612,0.178312,0.127648,-0.124504,-0.675754,0.000000,0.000000,1.000000,2.000000,1.217108,3.858378,3.021722,2.402861,3.021722,2.402861,0.175571,1.000000,1.000000
13450.000000,3.020354,2.404218,-0.136769,0.135657,0.000000,3.000000,0.000000,1.000000,0.000000,0.152612,0.185431,0.132023,-0.130210,-0.671214,0.000000,0.000000,1.000000,2.000000,1.217108,3.858378,3.020354,2.404218,3.020354,2.404218,0.175571,1.000000,1.000000
13460.000000,3.018956,2.405619,-0.139831,0.140176,0.000000,3.000000,0.000000,1.000000,0.000000,0.365329,0.192635,0.137327,-0.135092,0.009347,0.000000,0.000000,1.000000,2.000000,1.217108,3.858378,3.018956,2.405619,3.018956,2.405619,0.175571,1.000000,1.000000
13470.000000,3.017589,2.407045,-0.136699,0.142527,0.000000,3.000000,0.000000,1.000000,0.000000,0.422008,0.197994,0.141892,-0.138089,0.009346,0.000000,0.000000,1.000000,2.000000,1.217108,3.858378,3.017589,2.407045,3.017589,2.407045,0.175571,1.000000,1.000000
13480.000000,3.016318,2.408479,-0.127096,0.143472,0.000000,3.000000,0.000000,1.000000,0.000000,0.422008,0.197486,0.144040,-0.135105,0.009346,0.000000,0.000000,1.000000,2.000000,1.217108,3.858378,3.016318,2.408479,3.016318,2.408479,0.175571,1.000000,1.000000
13490.000000,3.015146,2.409906,-0.117183,0.142659,0.000000,3.000000,0.000000,1.000000,0.000000,0.341397,0.191670,0.144705,-0.125690,-0.418483,0.000000,0.000000,1.000000,2.000000,1.217108,3.858378,3.015146,2.409906,3.015146,2.409906,0.175571,1.000000,1.000000
13500.000000,3.014019,2.411339,-0.112660,0.143320,0.000000,3.000000,0.000000,1.000000,0.000000,0.230784,0.184617,0.143805,-0.115774,-0.755984,0.000000,0.000000,1.000000,2.000000,1.217108,3.858378,3.014019,2.411339,3.014019,2.411339,0.175571,1.000000,1.000000
13510.000000,3.012892,2.412723,-0.112759,0.138319,0.000000,3.000000,0.000000,1.000000,0.000000,0.099869,0.182299,0.144561,-0.111064,-1.151560,0.000000,0.000000,1.000000,2.000000,1.217108,3.858378,3.012892,2.412723,3.012892,2.412723,0.175571,1.000000,1.000000
13520.000000,3.011743,2.414028,-0.114863,0.130593,0.000000,3.000000,0.000000,1.000000,0.000000,0.082082,0.178456,0.139791,-0.110929,-1.192192,0.000000,0.000000,1.000000,2.000000,1.217108,3.858378,3.011743,2.414028,3.011743,2.414028,0.175571,1.000000,1.000000
13530.000000,3.010597,2.415262,-0.114638,0.123331,0.000000,3.000000,0.000000,1.000000,0.000000,0.229081,0.173920,0.132282,-0.112914,-0.729119,0.000000,0.000000,1.000000,2.000000,1.217108,3.858378,3.010597,2.415262,3.010597,2.415262,0.175571,1.000000,1.000000
13540.000000,3.009488,2.416445,-0.110931,0.118374,0.000000,3.000000,0.000000,1.000000,0.000000,0.325638,0.168381,0.125055,-0.112754,-0.477357,0.000000,0.000000,1.000000,2.000000,1.217108,3.858378,3.009488,2.416445,3.009488,2.416445,0.175571,1.000000,1.000000
13550.000000,3.008457,2.417587,-0.103051,0.114164,0.000000,3.000000,0.000000,1.000000,0.000000,0.329365,0.162228,0.119964,-0.109210,-0.475086,0.000000,0.000000,1.000000,2.000000,1.217108,3.858378,3.008457,2.417587,3.008457,2.417587,0.175571,1.000000,1.000000
13560.000000,3.007530,2.418716,-0.092750,0.112925,0.000000,3.000000,0.000000,1.000000,0.000000,0.235687,0.153795,0.115529,-0.101519,-0.472838,0.000000,0.000000,1.000000,2.000000,1.217108,3.858378,3.007530,2.418716,3.007530,2.418716,0.175571,1.000000,1.000000
13570.000000,3.006721,2.419812,-0.080914,0.109587,0.000000,3.000000,0.000000,1.000000,0.000000,0.232547,0.146132,0.114114,-0.091283,-0.531397,0.000000,0.000000,1.000000,2.000000,1.217108,3.858378,3.006721,2.419812,3.006721,2.419812,0.175571,1.000000,1.000000
13580.000000,3.006011,2.420887,-0.070961,0.107527,0.000000,3.000000,0.000000,1.000000,0.000000,0.213179,0.136222,0.110629,-0.079483,-0.770115,0.000000,0.000000,1.000000,2.000000,1.217108,3.858378,3.006011,2.420887,3.006011,2.420887,0.175571,1.000000,1.000000
13590.000000,3.005383,2.421917,-0.062791,0.102993,0.000000,3.000000,0.000000,1.000000,0.000000,0.087792,0.128831,0.108489,-0.069481,-1.156795,0.000000,0.000000,1.000000,2.000000,1.217108,3.858378,3.005383,2.421917,3.005383,2.421917,0.175571,1.000000,1.000000
13600.000000,3.004805,2.422906,-0.057772,0.098896,0.000000,3.000000,0.000000,1.000000,0.000000,0.153565,0.120624,0.103904,-0.061272,-0.937955,0.000000,0.000000,1.000000,2.000000,1.217108,3.858378,3.004805,2.422906,3.004805,2.422906,0.175571,1.000000,1.000000
13610.000000,3.004267,2.423798,-0.053875,0.089205,0.000000,3.000000,0.000000,1.000000,0.000000,0.178754,0.114534,0.099780,-0.056232,-0.894981,0.000000,0.000000,1.000000,2.000000,1.217108,3.858378,3.004267,2.423798,3.004267,2.423798,0.175571,1.000000,1.000000
13620.000000,3.003774,2.424546,-0.049269,0.074788,0.000000,3.000000,0.000000,1.000000,0.000000,0.178754,0.104211,0.090051,-0.052448,-0.887034,0.000000,0.000000,1.000000,2.000000,1.217108,3.858378,3.003774,2.424546,3.003774,2.424546,0.175571,1.000000,1.000000
13630.000000,3.003358,2.425174,-0.041544,0.062756,0.000000,3.000000,0.000000,1.000000,0.000000,0.178779,0.089558,0.075573,-0.048057,-1.029056,0.000000,0.000000,1.000000,2.000000,1.217108,3.858378,3.003358,2.425174,3.003358,2.425174,0.175571,1.000000,1.000000
13640.000000,3.003060,2.425676,-0.029807,0.050255,0.000000,3.000000,0.000000,1.000000,0.000000,0.225585,0.075261,0.063412,-0.040535,-0.454559,0.000000,0.000000,1.000000,2.000000,1.217108,3.858378,3.003060,2.425676,3.003060,2.425676,0.175571,1.000000,1.000000
13650.000000,3.002856,2.426083,-0.020479,0.040658,0.000000,3.000000,0.000000,1.000000,0.000000,0.225585,0.058430,0.050711,-0.029024,-0.452500,0.000000,0.000000,1.000000,2.000000,1.217108,3.858378,3.002856,2.426083,3.002856,2.426083,0.175571,1.000000,1.000000
13660.000000,3.002702,2.426385,-0.015368,0.030177,0.000000,3.000000,0.000000,1.000000,0.000000,0.225332,0.045525,0.040950,-0.019889,-0.450460,0.000000,0.000000,1.000000,2.000000,1.217108,3.858378,3.002702,2.426385,3.002702,2.426385,0.175571,1.000000,1.000000
13670.000000,3.002702,2.426385,0.000000,0.000000,0.000000,3.000000,0.000000,1.000000,0.000000,0.189860,0.033865,0.030377,-0.014969,-0.612682,0.000000,0.000000,1.000000,2.000000,1.217108,3.858378,3.002702,2.426385,3.002702,2.426385,0.175571,1.000000,1.000000
13680.000000,3.002702,2.426385,0.000000,0.000000,0.000000,3.000000,0.000000,1.000000,0.000000,0.271767,0.026446,0.023231,-0.012637,-0.219191,0.000000,0.000000,1.000000,2.000000,1.217108,3.858378,3.002702,2.426385,3.002702,2.426385,0.175571,1.000000,1.000000
13690.000000,3.002702,2.426385,0.000000,0.000000,0.000000,3.000000,0.000000,1.000000,0.000000,0.300409,0.021734,0.018189,-0.011895,-0.139611,0.000000,0.000000,1.000000,2.000000,1.217108,3.858378,3.002702,2.426385,3.002702,2.426385,0.175571,1.000000,1.000000
13700.000000,3.002702,2.426385,0.000000,0.000000,0.000000,3.000000,0.000000,1.000000,0.000000,0.300409,0.016292,0.013785,-0.008682,-0.139416,0.000000,0.000000,1.000000,2.000000,1.217108,3.858378,3.002702,2.426385,3.002702,2.426385,0.175571,1.000000,1.000000
13710.000000,3.002702,2.426385,0.000000,0.000000,0.000000,3.000000,0.000000,1.000000,0.000000,0.236945,0.013845,0.013044,-0.004642,-0.474089,0.000000,0.000000,1.000000,2.000000,1.217108,3.858378,3.002702,2.426385,3.002702,2.426385,0.175571,1.000000,1.000000
13720.000000,3.002702,2.426385,0.000000,0.000000,0.000000,3.000000,0.000000,1.000000,0.000000,0.086512,0.010203,0.009972,-0.002161,-1.143150,0.000000,0.000000,1.000000,2.000000,1.217108,3.858378,3.002702,2.426385,3.002702,2.426385,0.175571,1.000000,1.000000
13730.000000,3.002702,2.426385,0.000000,0.000000,0.000000,3.000000,0.000000,1.000000,0.000000,0.049781,0.008110,0.008085,-0.000637,-1.249831,0.000000,0.000000,1.000000,2.000000,1.217108,3.858378,3.002702,2.426385,3.002702,2.426385,0.175571,1.000000,1.000000
13740.000000,3.002702,2.426385,0.000000,0.000000,0.000000,3.000000,0.000000,1.000000,0.000000,0.137400,0.005722,0.005619,-0.001081,-1.174639,0.000000,0.000000,1.000000,2.000000,1.217108,3.858378,3.002702,2.426385,3.002702,2.426385,0.175571,1.000000,1.000000
13750.000000,3.002702,2.426385,0.000000,0.000000,0.000000,3.000000,0.000000,1.000000,0.000000,0.099576,0.004321,0.004104,-0.001353,-1.160988,0.000000,0.000000,1.000000,2.000000,1.217108,3.858378,3.002702,2.426385,3.002702,2.426385,0.175571,1.000000,1.000000
13760.000000,3.002702,2.426385,0.000000,0.000000,0.000000,3.000000,0.000000,1.000000,0.000000,0.054972,0.002653,0.002520,-0.000831,-1.162314,0.000000,0.000000,1.000000,2.000000,1.217108,3.858378,3.002702,2.426385,3.002702,2.426385,0.175571,1.000000,1.000000
13770.000000,3.002702,2.426385,0.000000,0.000000,0.000000,3.000000,0.000000,1.000000,0.000000,0.054972,0.001629,0.001547,-0.000510,-1.148946,0.000000,0.000000,1.000000,2.000000,1.217108,3.858378,3.002702,2.426385,3.002702,2.426385,0.175571,1.000000,1.000000
13780.000000,3.002702,2.426385,0.000000,0.000000,0.000000,3.000000,0.000000,1.000000,0.000000,0.052108,0.001045,0.000296,-0.001002,-1.157174,0.000000,0.000000,1.000000,2.000000,1.217108,3.858378,3.002702,2.426385,3.002702,2.426385,0.175571,1.000000,1.000000
13790.000000,3.002702,2.426385,0.000000,0.000000,0.000000,3.000000,0.000000,1.000000,0.000000,0.055800,0.000642,0.000182,-0.000615,-1.083125,0.000000,0.000000,1.000000,2.000000,1.217108,3.858378,3.002702,2.426385,3.002702,2.426385,0.175571,1.000000,1.000000
13800.000000,3.002702,2.426385,0.000000,0.000000,0.000000,3.000000,0.000000,1.000000,0.000000,0.060273,0.001197,-0.000543,-0.001067,-1.046176,0.000000,0.000000,1.000000,2.000000,1.217108,3.858378,3.002702,2.426385,3.002702,2.426385,0.175571,1.000000,1.000000
13810.000000,3.002702,2.426385,0.000000,0.000000,0.000000,3.000000,0.000000,1.000000,0.000000,0.060273,0.001175,0.000975,-0.000655,-1.035334,0.000000,0.000000,1.000000,2.000000,1.217108,3.858378,3.002702,2.426385,3.002702,2.426385,0.175571,1.000000,1.000000
13820.000000,3.002702,2.426385,0.000000,0.000000,0.000000,3.000000,0.000000,1.000000,0.000000,0.054438,0.000721,0.000599,-0.000402,-1.053865,0.000000,0.000000,1.000000,2.000000,1.217108,3.858378,3.002702,2.426385,3.002702,2.426385,0.175571,1.000000,1.000000
13830.000000,3.002702,2.426385,0.000000,0.000000,0.000000,3.000000,0.000000,1.000000,0.000000,0.030457,0.001694,0.001676,-0.000247,-1.152329,0.000000,0.000000,1.000000,2.000000,1.217108,3.858378,3.002702,2.426385,3.002702,2.426385,0.175571,1.000000,1.000000
13840.000000,3.002702,2.426385,0.000000,0.000000,0.000000,3.000000,0.000000,1.000000,0.000000,0.030457,0.001040,0.001029,-0.000152,-1.139188,0.000000,0.000000,1.000000,2.000000,1.217108,3.858378,3.002702,2.426385,3.002702,2.426385,0.175571,1.000000,1.000000
13850.000000,3.002702,2.426385,0.000000,0.000000,0.000000,3.000000,0.000000,1.000000,0.000000,0.038856,0.000639,0.000632,-0.000093,-1.078461,0.000000,0.000000,1.000000,2.000000,1.217108,3.858378,3.002702,2.426385,3.002702,2.426385,0.175571,1.000000,1.000000
13860.000000,3.002702,2.426385,0.000000,0.000000,0.000000,3.000000,0.000000,1.000000,0.000000,0.073800,0.002466,0.002351,-0.000746,-0.912555,0.000000,0.000000,1.000000,2.000000,1.217108,3.858378,3.002702,2.426385,3.002702,2.426385,0.175571,1.000000,1.000000
13870.000000,3.002702,2.426385,0.000000,0.000000,0.000000,3.000000,0.000000,1.000000,0.000000,0.073800,0.004086,0.004060,-0.000458,-0.904294,0.000000,0.000000,1.000000,2.000000,1.217108,3.858378,3.002702,2.426385,3.002702,2.426385,0.175571,1.000000,1.000000
13880.000000,3.002702,2.426385,0.000000,0.000000,0.000000,3.000000,0.000000,1.000000,0.000000,0.073800,0.004474,0.004456,0.000408,-0.896182,0.000000,0.000000,1.000000,2.000000,1.217108,3.858378,3.002702,2.426385,3.002702,2.426385,0.175571,1.000000,1.000000
13890.000000,3.002702,2.426385,0.000000,0.000000,0.000000,3.000000,0.000000,1.000000,0.000000,0.054786,0.006666,0.006661,0.000250,-0.976550,0.000000,0.000000,1.000000,2.000000,1.217108,3.858378,3.002702,2.426385,3.002702,2.426385,0.175571,1.000000,1.000000
13900.000000,3.002702,2.426385,0.000000,0.000000,0.000000,3.000000,0.000000,1.000000,0.000000,0.044785,0.008528,0.008015,0.002911,-0.988283,0.000000,0.000000,1.000000,2.000000,1.217108,3.858378,3.002702,2.426385,3.002702,2.426385,0.175571,1.000000,1.000000
13910.000000,3.002702,2.426385,0.000000,0.000000,0.000000,3.000000,0.000000,1.000000,0.000000,0.044785,0.009396,0.008847,0.003166,-0.978601,0.000000,0.000000,1.000000,2.000000,1.217108,3.858378,3.002702,2.426385,3.002702,2.426385,0.175571,1.000000,1.000000
13920.000000,3.002702,2.426385,0.000000,0.000000,0.000000,3.000000,0.000000,1.000000,0.000000,0.033895,0.009557,0.009357,0.001944,-1.020373,0.000000,0.000000,1.000000,2.000000,1.217108,3.858378,3.002702,2.426385,3.002702,2.426385,0.175571,1.000000,1.000000
13930.000000,3.002702,2.426385,0.000000,0.000000,0.000000,3.000000,0.000000,1.000000,0.000000,0.017816,0.009744,0.009671,0.001194,-1.098934,0.000000,0.000000,1.000000,2.000000,1.217108,3.858378,3.002702,2.426385,3.002702,2.426385,0.175571,1.000000,1.000000
13940.000000,3.002702,2.426385,0.000000,0.000000,0.000000,3.000000,0.000000,1.000000,0.000000,0.042028,0.010087,0.009863,0.002111,-0.904430,0.000000,0.000000,1.000000,2.000000,1.217108,3.858378,3.002702,2.426385,3.002702,2.426385,0.175571,1.000000,1.000000
13950.000000,3.002702,2.426385,0.000000,0.000000,0.000000,3.000000,0.000000,1.000000,0.000000,0.049832,0.011960,0.011944,0.000607,-0.657917,0.000000,0.000000,1.000000,2.000000,1.217108,3.858378,3.002702,2.426385,3.002702,2.426385,0.175571,1.000000,1.000000
13960.000000,3.002702,2.426385,0.000000,0.000000,0.000000,3.000000,0.000000,1.000000,0.000000,0.070959,0.015929,0.015839,-0.001695,-0.653612,0.000000,0.000000,1.000000,2.000000,1.217108,3.858378,3.002702,2.426385,3.002702,2.426385,0.175571,1.000000,1.000000
13970.000000,3.002702,2.426385,0.000000,0.000000,0.000000,3.000000,0.000000,1.000000,0.000000,0.087025,0.019039,0.018884,-0.002419,-0.649364,0.000000,0.000000,1.000000,2.000000,1.217108,3.858378,3.002702,2.426385,3.002702,2.426385,0.175571,1.000000,1.000000
13980.000000,3.002788,2.426792,0.008620,0.040728,0.000000,3.000000,0.000000,1.000000,0.000000,0.098685,0.024680,0.024680,-0.000107,-0.834658,0.000000,0.000000,1.000000,2.000000,1.217108,3.858378,3.002788,2.426792,3.002788,2.426792,0.175571,1.000000,1.000000
13990.000000,3.003011,2.427377,0.022279,0.058496,0.000000,3.000000,0.000000,1.000000,0.000000,0.094702,0.041630,0.040669,0.008895,-0.871878,0.000000,0.000000,1.000000,2.000000,1.217108,3.858378,3.003011,2.427377,3.003011,2.427377,0.175571,1.000000,1.000000
14000.000000,3.003351,2.428091,0.034050,0.071418,0.000000,3.000000,0.000000,1.000000,0.000000,0.094702,0.062595,0.058337,0.022694,-0.864334,0.000000,0.000000,1.000000,2.000000,1.217108,3.858378,3.003351,2.428091,3.003351,2.428091,0.175571,1.000000,1.000000
14010.000000,3.003674,2.428878,0.032250,0.078658,0.000000,3.000000,0.000000,1.000000,0.000000,0.090517,0.079120,0.071148,0.034613,-0.757298,0.000000,0.000000,1.000000,2.000000,1.217108,3.858378,3.003674,2.428878,3.003674,2.428878,0.175571,1.000000,1.000000
14020.000000,3.003958,2.429695,0.028375,0.081771,0.000000,3.000000,0.000000,1.000000,0.000000,0.090517,0.085013,0.078359,0.032970,-0.690932,0.000000,0.000000,1.000000,2.000000,1.217108,3.858378,3.003958,2.429695,3.003958,2.429695,0.175571,1.000000,1.000000
14030.000000,3.004197,2.430551,0.023987,0.085596,0.000000,3.000000,0.000000,1.000000,0.000000,0.179499,0.086554,0.081479,0.029204,-0.152596,0.000000,0.000000,1.000000,2.000000,1.217108,3.858378,3.004197,2.430551,3.004197,2.430551,0.175571,1.000000,1.000000
14040.000000,3.004391,2.431411,0.019337,0.085943,0.000000,3.000000,0.000000,1.000000,0.000000,0.179499,0.088893,0.085357,0.024824,-0.152364,0.000000,0.000000,1.000000,2.000000,1.217108,3.858378,3.004391,2.431411,3.004391,2.431411,0.175571,1.000000,1.000000
14050.000000,3.004515,2.432233,0.012428,0.082197,0.000000,3.000000,0.000000,1.000000,0.000000,0.179499,0.088091,0.085775,0.020067,-0.152132,0.000000,0.000000,1.000000,2.000000,1.217108,3.858378,3.004515,2.432233,3.004515,2.432233,0.175571,1.000000,1.000000
14060.000000,3.004610,2.433058,0.009507,0.082536,0.000000,3.000000,0.000000,1.000000,0.000000,0.142949,0.083131,0.082107,0.013010,-0.452075,0.000000,0.000000,1.000000,2.000000,1.217108,3.858378,3.004610,2.433058,3.004610,2.433058,0.175571,1.000000,1.000000
14070.000000,3.004693,2.433919,0.008256,0.086034,0.000000,3.000000,0.000000,1.000000,0.000000,0.175362,0.083082,0.082471,0.010056,-0.339925,0.000000,0.000000,1.000000,2.000000,1.217108,3.858378,3.004693,2.433919,3.004693,2.433919,0.175571,1.000000,1.000000
14080.000000,3.004732,2.434767,0.003967,0.084884,0.000000,3.000000,0.000000,1.000000,0.000000,0.175362,0.086429,0.085966,0.008932,-0.338772,0.000000,0.000000,1.000000,2.000000,1.217108,3.858378,3.004732,2.434767,3.004732,2.434767,0.175571,1.000000,1.000000
14090.000000,3.004732,2.435596,-0.000057,0.082846,0.000000,3.000000,0.000000,1.000000,0.000000,0.175362,0.084976,0.084841,0.004795,-0.337627,0.000000,0.000000,1.000000,2.000000,1.217108,3.858378,3.004732,2.435596,3.004732,2.435596,0.175571,1.000000,1.000000
14100.000000,3.004714,2.436405,-0.001743,0.080945,0.000000,3.000000,0.000000,1.000000,0.000000,0.089142,0.082846,0.082841,0.000876,-0.694102,0.000000,0.000000,1.000000,2.000000,1.217108,3.858378,3.004714,2.436405,3.004714,2.436405,0.175571,1.000000,1.000000
14110.000000,3.004674,2.437190,-0.004029,0.078460,0.000000,3.000000,0.000000,1.000000,0.000000,0.073368,0.080964,0.080960,-0.000841,-0.789943,0.000000,0.000000,1.000000,2.000000,1.217108,3.858378,3.004674,2.437190,3.004674,2.437190,0.175571,1.000000,1.000000
14120.000000,3.004551,2.437933,-0.012292,0.074264,0.000000,3.000000,0.000000,1.000000,0.000000,0.075608,0.078564,0.078496,-0.003273,-0.836081,0.000000,0.000000,1.000000,2.000000,1.217108,3.858378,3.004551,2.437933,3.004551,2.437933,0.175571,1.000000,1.000000
14130.000000,3.004418,2.438637,-0.013264,0.070413,0.000000,3.000000,0.000000,1.000000,0.000000,0.181258,0.075274,0.074366,-0.011660,-0.454570,0.000000,0.000000,1.000000,2.000000,1.217108,3.858378,3.004418,2.438637,3.004418,2.438637,0.175571,1.000000,1.000000
14140.000000,3.004313,2.439311,-0.010495,0.067410,0.000000,3.000000,0.000000,1.000000,0.000000,0.200161,0.071651,0.070522,-0.012673,-0.447579,0.000000,0.000000,1.000000,2.000000,1.217108,3.858378,3.004313,2.439311,3.004313,2.439311,0.175571,1.000000,1.000000
14150.000000,3.004259,2.439973,-0.005406,0.066254,0.000000,3.000000,0.000000,1.000000,0.000000,0.200161,0.068222,0.067507,-0.009849,-0.445583,0.000000,0.000000,1.000000,2.000000,1.217108,3.858378,3.004259,2.439973,3.004259,2.439973,0.175571,1.000000,1.000000
14160.000000,3.004284,2.440662,0.002513,0.068882,0.000000,3.000000,0.000000,1.000000,0.000000,0.184748,0.066475,0.066310,-0.004669,-0.499263,0.000000,0.000000,1.000000,2.000000,1.217108,3.858378,3.004284,2.440662,3.004284,2.440662,0.175571,1.000000,1.000000
14170.000000,3.004420,2.441453,0.013561,0.079068,0.000000,3.000000,0.000000,1.000000,0.000000,0.094263,0.068928,0.068847,0.003337,-0.823271,0.000000,0.000000,1.000000,2.000000,1.217108,3.858378,3.004420,2.441453,3.004420,2.441453,0.175571,1.000000,1.000000
14180.000000,3.004748,2.442411,0.032781,0.095871,0.000000,3.000000,0.000000,1.000000,0.000000,0.102681,0.080222,0.078909,0.014456,-0.784338,0.000000,0.000000,1.000000,2.000000,1.217108,3.858378,3.004748,2.442411,3.004748,2.442411,0.175571,1.000000,1.000000
14190.000000,3.004983,2.443255,0.023499,0.084365,0.000000,3.000000,0.000000,1.000000,0.000000,0.174764,0.101321,0.095555,0.033690,-0.367928,0.000000,0.000000,1.000000,2.000000,1.217108,3.858378,3.004983,2.443255,3.004983,2.443255,0.175571,1.000000,1.000000
14200.000000,3.005099,2.443930,0.011624,0.067469,0.000000,3.000000,0.000000,1.000000,0.000000,0.174764,0.087577,0.084186,0.024132,-0.366578,0.000000,0.000000,1.000000,2.000000,1.217108,3.858378,3.005099,2.443930,3.005099,2.443930,0.175571,1.000000,1.000000
14210.000000,3.005101,2.444462,0.000173,0.053157,0.000000,3.000000,0.000000,1.000000,0.000000,0.154865,0.068463,0.067392,0.012060,-0.365238,0.000000,0.000000,1.000000,2.000000,1.217108,3.858378,3.005101,2.444462,3.005101,2.444462,0.175571,1.000000,1.000000
14220.000000,3.005060,2.444892,-0.004100,0.043079,0.000000,3.000000,0.000000,1.000000,0.000000,0.168735,0.053157,0.053155,0.000512,-0.371817,0.000000,0.000000,1.000000,2.000000,1.217108,3.858378,3.005060,2.444892,3.005060,2.444892,0.175571,1.000000,1.000000
14230.000000,3.005007,2.445235,-0.005318,0.034285,0.000000,3.000000,0.000000,1.000000,0.000000,0.168735,0.043274,0.043105,-0.003821,-0.370439,0.000000,0.000000,1.000000,2.000000,1.217108,3.858378,3.005007,2.445235,3.005007,2.445235,0.175571,1.000000,1.000000
14240.000000,3.005007,2.445235,0.000000,0.000000,0.000000,3.000000,0.000000,1.000000,0.000000,0.168735,0.034695,0.034317,-0.005103,-0.369070,0.000000,0.000000,1.000000,2.000000,1.217108,3.858378,3.005007,2.445235,3.005007,2.445235,0.175571,1.000000,1.000000
14250.000000,3.005007,2.445235,0.000000,0.000000,0.000000,3.000000,0.000000,1.000000,0.000000,0.104602,0.029515,0.028922,-0.005891,-0.631968,0.000000,0.000000,1.000000,2.000000,1.217108,3.858378,3.005007,2.445235,3.005007,2.445235,0.175571,1.000000,1.000000
14260.000000,3.005007,2.445235,0.000000,0.000000,0.000000,3.000000,0.000000,1.000000,0.000000,0.085063,0.024568,0.024300,-0.003617,-0.860400,0.000000,0.000000,1.000000,2.000000,1.217108,3.858378,3.005007,2.445235,3.005007,2.445235,0.175571,1.000000,1.000000
14270.000000,3.005007,2.445235,0.000000,0.000000,0.000000,3.000000,0.000000,1.000000,0.000000,0.080443,0.022308,0.022117,-0.002910,-0.853053,0.000000,0.000000,1.000000,2.000000,1.217108,3.858378,3.005007,2.445235,3.005007,2.445235,0.175571,1.000000,1.000000
14280.000000,3.005007,2.445235,0.000000,0.000000,0.000000,3.000000,0.000000,1.000000,0.000000,0.075176,0.018898,0.018814,-0.001787,-0.834747,0.000000,0.000000,1.000000,2.000000,1.217108,3.858378,3.005007,2.445235,3.005007,2.445235,0.175571,1.000000,1.000000
14290.000000,3.005007,2.445235,0.000000,0.000000,0.000000,3.000000,0.000000,1.000000,0.000000,0.075176,0.018127,0.018094,-0.001097,-0.827830,0.000000,0.000000,1.000000,2.000000,1.217108,3.858378,3.005007,2.445235,3.005007,2.445235,0.175571,1.000000,1.000000
14300.000000,3.005007,2.445235,0.000000,0.000000,0.000000,3.000000,0.000000,1.000000,0.000000,0.071363,0.018359,0.018306,0.001394,-0.842064,0.000000,0.000000,1.000000,2.000000,1.217108,3.858378,3.005007,2.445235,3.005007,2.445235,0.175571,1.000000,1.000000
14310.000000,3.005007,2.445235,0.000000,0.000000,0.000000,3.000000,0.000000,1.000000,0.000000,0.051851,0.019733,0.019091,0.004992,-0.891959,0.000000,0.000000,1.000000,2.000000,1.217108,3.858378,3.005007,2.445235,3.005007,2.445235,0.175571,1.000000,1.000000
14320.000000,3.005007,2.445235,0.000000,0.000000,0.000000,3.000000,0.000000,1.000000,0.000000,0.048676,0.020179,0.018264,0.008579,-0.915579,0.000000,0.000000,1.000000,2.000000,1.217108,3.858378,3.005007,2.445235,3.005007,2.445235,0.175571,1.000000,1.000000
14330.000000,3.005007,2.445235,0.000000,0.000000,0.000000,3.000000,0.000000,1.000000,0.000000,0.039821,0.016880,0.015794,0.005957,-0.949757,0.000000,0.000000,1.000000,2.000000,1.217108,3.858378,3.005007,2.445235,3.005007,2.445235,0.175571,1.000000,1.000000
14340.000000,3.005007,2.445235,0.000000,0.000000,0.000000,3.000000,0.000000,1.000000,0.000000,0.039821,0.011598,0.011006,0.003658,-0.940813,0.000000,0.000000,1.000000,2.000000,1.217108,3.858378,3.005007,2.445235,3.005007,2.445235,0.175571,1.000000,1.000000
14350.000000,3.005007,2.445235,0.000000,0.000000,0.000000,3.000000,0.000000,1.000000,0.000000,0.037914,0.006299,0.006103,0.001556,-0.940214,0.000000,0.000000,1.000000,2.000000,1.217108,3.858378,3.005007,2.445235,3.005007,2.445235,0.175571,1.000000,1.000000
14360.000000,3.005007,2.445235,0.000000,0.000000,0.000000,3.000000,0.000000,1.000000,0.000000,0.028035,0.003287,0.003093,-0.001112,-0.978717,0.000000,0.000000,1.000000,2.000000,1.217108,3.858378,3.005007,2.445235,3.005007,2.445235,0.175571,1.000000,1.000000
14370.000000,3.005007,2.445235,0.000000,0.000000,0.000000,3.000000,0.000000,1.000000,0.000000,0.027487,0.002018,0.001899,-0.000683,-0.993735,0.000000,0.000000,1.000000,2.000000,1.217108,3.858378,3.005007,2.445235,3.005007,2.445235,0.175571,1.000000,1.000000
14380.000000,3.005007,2.445235,0.000000,0.000000,0.000000,3.000000,0.000000,1.000000,0.000000,0.036068,0.003492,-0.001451,-0.003176,-0.959323,0.000000,0.000000,1.000000,2.000000,1.217108,3.858378,3.005007,2.445235,3.005007,2.445235,0.175571,1.000000,1.000000
14390.000000,3.005007,2.445235,0.000000,0.000000,0.000000,3.000000,0.000000,1.000000,0.000000,0.036068,0.005785,-0.004162,-0.004018,-0.950198,0.000000,0.000000,1.000000,2.000000,1.217108,3.858378,3.005007,2.445235,3.005007,2.445235,0.175571,1.000000,1.000000
14400.000000,3.005007,2.445235,0.000000,0.000000,0.000000,3.000000,0.000000,1.000000,0.000000,0.036233,0.008687,-0.007789,-0.003846,-0.897748,0.000000,0.000000,1.000000,2.000000,1.217108,3.858378,3.005007,2.445235,3.005007,2.445235,0.175571,1.000000,1.000000
14410.000000,3.005007,2.445235,0.000000,0.000000,0.000000,3.000000,0.000000,1.000000,0.000000,0.040021,0.012362,-0.011979,-0.003051,-0.856167,0.000000,0.000000,1.000000,2.000000,1.217108,3.858378,3.005007,2.445235,3.005007,2.445235,0.175571,1.000000,1.000000
14420.000000,3.005007,2.445235,0.000000,0.000000,0.000000,3.000000,0.000000,1.000000,0.000000,0.043008,0.017615,-0.017169,-0.003941,-0.800521,0.000000,0.000000,1.000000,2.000000,1.217108,3.858378,3.005007,2.445235,3.005007,2.445235,0.175571,1.000000,1.000000
14430.000000,3.005007,2.445235,0.000000,0.000000,0.000000,3.000000,0.000000,1.000000,0.000000,0.056790,0.023182,-0.022972,-0.003109,-0.793365,0.000000,0.000000,1.000000,2.000000,1.217108,3.858378,3.005007,2.445235,3.005007,2.445235,0.175571,1.000000,1.000000
14440.000000,3.004905,2.444847,-0.010236,-0.038821,0.000000,3.000000,0.000000,1.000000,0.000000,0.056790,0.029640,-0.029152,-0.005355,-0.787114,0.000000,0.000000,1.000000,2.000000,1.217108,3.858378,3.004905,2.444847,3.004905,2.444847,0.175571,1.000000,1.000000
14450.000000,3.004737,2.444341,-0.016728,-0.050623,0.000000,3.000000,0.000000,1.000000,0.000000,0.056790,0.040148,-0.038835,-0.010181,-0.781682,0.000000,0.000000,1.000000,2.000000,1.217108,3.858378,3.004737,2.444341,3.004737,2.444341,0.175571,1.000000,1.000000
14460.000000,3.004447,2.443619,-0.029065,-0.072220,0.000000,3.000000,0.000000,1.000000,0.000000,0.076123,0.053315,-0.050669,-0.016590,-0.692704,0.000000,0.000000,1.000000,2.000000,1.217108,3.858378,3.004447,2.443619,3.004447,2.443619,0.175571,1.000000,1.000000
14470.000000,3.004010,2.442634,-0.043662,-0.098501,0.000000,3.000000,0.000000,1.000000,0.000000,0.169927,0.077849,-0.072327,-0.028797,0.004992,0.000000,0.000000,1.000000,2.000000,1.217108,3.858378,3.004010,2.442634,3.004010,2.442634,0.175571,1.000000,1.000000
14480.000000,3.003406,2.441351,-0.060371,-0.128290,0.000000,3.000000,0.000000,1.000000,0.000000,0.205737,0.107744,-0.098711,-0.043185,0.242694,0.000000,0.000000,1.000000,2.000000,1.217108,3.858378,3.003406,2.441351,3.003406,2.441351,0.175571,1.000000,1.000000
14490.000000,3.003104,2.440264,-0.030201,-0.108644,0.000000,3.000000,0.000000,1.000000,0.000000,0.205737,0.141785,-0.128649,-0.059601,0.242106,0.000000,0.000000,1.000000,2.000000,1.217108,3.858378,3.003104,2.440264,3.003104,2.440264,0.175571,1.000000,1.000000
14500.000000,3.002734,2.439037,-0.037041,-0.122790,0.000000,3.000000,0.000000,1.000000,0.000000,0.298786,0.176078,-0.156845,-0.080020,0.804349,0.000000,0.000000,1.000000,2.000000,1.217108,3.858378,3.002734,2.439037,3.002734,2.439037,0.175571,1.000000,1.000000
14510.000000,3.002249,2.437579,-0.048469,-0.145734,0.000000,3.000000,0.000000,1.000000,0.000000,0.337152,0.216705,-0.189204,-0.105654,0.944897,0.000000,0.000000,1.000000,2.000000,1.217108,3.858378,3.002249,2.437579,3.002249,2.437579,0.175571,1.000000,1.000000
14520.000000,3.001623,2.435812,-0.062630,-0.176724,0.000000,3.000000,0.000000,1.000000,0.000000,0.337152,0.264965,-0.228700,-0.133800,0.936043,0.000000,0.000000,1.000000,2.000000,1.217108,3.858378,3.001623,2.435812,3.001623,2.435812,0.175571,1.000000,1.000000
14530.000000,3.000950,2.433789,-0.067306,-0.202331,0.000000,3.000000,0.000000,1.000000,0.000000,0.472391,0.315525,-0.271924,-0.160043,0.758467,0.000000,0.000000,1.000000,2.000000,1.217108,3.858378,3.000950,2.433789,3.000950,2.433789,0.175571,1.000000,1.000000
14540.000000,3.000300,2.431543,-0.064926,-0.224619,0.000000,3.000000,0.000000,1.000000,0.000000,0.472391,0.358355,-0.310893,-0.178223,1.156630,0.000000,0.000000,1.000000,2.000000,1.217108,3.858378,3.000300,2.431543,3.000300,2.431543,0.175571,1.000000,1.000000
14550.000000,2.999731,2.429146,-0.056918,-0.239645,0.000000,3.000000,0.000000,1.000000,0.000000,0.472391,0.400396,-0.350522,-0.193522,1.143392,0.000000,0.000000,1.000000,2.000000,1.217108,3.858378,2.999731,2.429146,2.999731,2.429146,0.175571,1.000000,1.000000
14560.000000,2.999233,2.426605,-0.049848,-0.254072,0.000000,3.000000,0.000000,1.000000,0.000000,0.420650,0.436777,-0.385322,-0.205672,1.130453,0.000000,0.000000,1.000000,2.000000,1.217108,3.858378,2.999233,2.426605,2.999233,2.426605,0.175571,1.000000,1.000000
14570.000000,2.998745,2.423977,-0.048761,-0.262812,0.000000,3.000000,0.000000,1.000000,0.000000,0.457731,0.480500,-0.425008,-0.224161,1.893668,0.000000,0.000000,1.000000,2.000000,1.217108,3.858378,2.998745,2.423977,2.998745,2.423977,0.175571,1.000000,1.000000
14580.000000,2.998231,2.421205,-0.051414,-0.277216,0.000000,3.000000,0.000000,1.000000,0.000000,0.539568,0.518557,-0.456572,-0.245853,2.361670,0.000000,0.000000,1.000000,2.000000,1.217108,3.858378,2.998231,2.421205,2.998231,2.421205,0.175571,1.000000,1.000000
14590.000000,2.997739,2.418239,-0.049195,-0.296641,0.000000,3.000000,0.000000,1.000000,0.000000,0.539568,0.559442,-0.491000,-0.268132,2.307128,0.000000,0.000000,1.000000,2.000000,1.217108,3.858378,2.997739,2.418239,2.997739,2.418239,0.175571,1.000000,1.000000
14600.000000,2.997242,2.414970,-0.049720,-0.326853,0.000000,3.000000,0.000000,1.000000,0.000000,0.536400,0.584590,-0.517372,-0.272162,2.230078,0.000000,0.000000,1.000000,2.000000,1.217108,3.858378,2.997242,2.414970,2.997242,2.414970,0.175571,1.000000,1.000000
14610.000000,2.996722,2.411386,-0.052003,-0.358416,0.000000,3.000000,0.000000,1.000000,0.000000,0.569956,0.599223,-0.538799,-0.262229,2.312774,0.000000,0.000000,1.000000,2.000000,1.217108,3.858378,2.996722,2.411386,2.996722,2.411386,0.175571,1.000000,1.000000
14620.000000,2.996123,2.407480,-0.059962,-0.390610,0.000000,3.000000,0.000000,1.000000,0.000000,0.569956,0.613029,-0.559151,-0.251305,2.260443,0.000000,0.000000,1.000000,2.000000,1.217108,3.858378,2.996123,2.407480,2.996123,2.407480,0.175571,1.000000,1.000000
14630.000000,2.995465,2.403391,-0.065758,-0.408913,0.000000,3.000000,0.000000,1.000000,0.000000,0.569956,0.640344,-0.588004,-0.253558,2.206604,0.000000,0.000000,1.000000,2.000000,1.217108,3.858378,2.995465,2.403391,2.995465,2.403391,0.175571,1.000000,1.000000
14640.000000,2.994706,2.399154,-0.075898,-0.423694,0.000000,3.000000,0.000000,1.000000,0.000000,0.595218,0.668189,-0.613570,-0.264592,2.216054,0.000000,0.000000,1.000000,2.000000,1.217108,3.858378,2.994706,2.399154,2.994706,2.399154,0.175571,1.000000,1.000000
14650.000000,2.994066,2.394898,-0.064047,-0.425631,0.000000,3.000000,0.000000,1.000000,0.000000,0.595218,0.697217,-0.637773,-0.281706,2.167963,0.000000,0.000000,1.000000,2.000000,1.217108,3.858378,2.994066,2.394898,2.994066,2.394898,0.175571,1.000000,1.000000
14660.000000,2.993622,2.390519,-0.044413,-0.437906,0.000000,3.000000,0.000000,1.000000,0.000000,0.548674,0.690253,-0.636931,-0.266021,2.028810,0.000000,0.000000,1.000000,2.000000,1.217108,3.858378,2.993622,2.390519,2.993622,2.390519,0.175571,1.000000,1.000000
14670.000000,2.993250,2.385936,-0.037153,-0.458342,0.000000,3.000000,0.000000,1.000000,0.000000,0.552193,0.682823,-0.640340,-0.237090,2.004220,0.000000,0.000000,1.000000,2.000000,1.217108,3.858378,2.993250,2.385936,2.993250,2.385936,0.175571,1.000000,1.000000
14680.000000,2.992767,2.380985,-0.048283,-0.495052,0.000000,3.000000,0.000000,1.000000,0.000000,0.753560,0.700991,-0.662060,-0.230356,2.559400,0.000000,0.000000,1.000000,2.000000,1.217108,3.858378,2.992767,2.380985,2.992767,2.380985,0.175571,1.000000,1.000000
14690.000000,2.992168,2.375759,-0.059964,-0.522561,0.000000,3.000000,0.000000,1.000000,0.000000,0.800298,0.746993,-0.705491,-0.245521,2.495467,0.000000,0.000000,1.000000,2.000000,1.217108,3.858378,2.992168,2.375759,2.992168,2.375759,0.175571,1.000000,1.000000
14700.000000,2.991609,2.370321,-0.055914,-0.543862,0.000000,3.000000,0.000000,1.000000,0.000000,0.953640,0.765521,-0.724962,-0.245871,2.434650,0.000000,0.000000,1.000000,2.000000,1.217108,3.858378,2.991609,2.370321,2.991609,2.370321,0.175571,1.000000,1.000000
14710.000000,2.991016,2.364624,-0.059284,-0.569703,0.000000,3.000000,0.000000,1.000000,0.000000,0.795103,0.776822,-0.740842,-0.233679,1.429181,0.000000,0.000000,1.000000,2.000000,1.217108,3.858378,2.991016,2.364624,2.991016,2.364624,0.175571,1.000000,1.000000
14720.000000,2.990289,2.358512,-0.072699,-0.611131,0.000000,3.000000,0.000000,1.000000,0.000000,0.410542,0.795180,-0.761714,-0.228261,0.136472,0.000000,0.000000,1.000000,2.000000,1.217108,3.858378,2.990289,2.358512,2.990289,2.358512,0.175571,1.000000,1.000000
14730.000000,2.989564,2.352037,-0.072460,-0.647569,0.000000,3.000000,0.000000,1.000000,0.000000,0.367774,0.828611,-0.796120,-0.229759,-0.006670,0.000000,0.000000,1.000000,2.000000,1.217108,3.858378,2.989564,2.352037,2.989564,2.352037,0.175571,1.000000,1.000000
14740.000000,2.988891,2.345427,-0.067287,-0.661008,0.000000,3.000000,0.000000,1.000000,0.000000,0.417064,0.855452,-0.826404,-0.221029,0.161005,0.000000,0.000000,1.000000,2.000000,1.217108,3.858378,2.988891,2.345427,2.988891,2.345427,0.175571,1.000000,1.000000
14750.000000,2.988050,2.338576,-0.084141,-0.685058,0.000000,3.000000,0.000000,1.000000,0.000000,0.422410,0.874733,-0.846307,-0.221184,0.179011,0.000000,0.000000,1.000000,2.000000,1.217108,3.858378,2.988050,2.338576,2.988050,2.338576,0.175571,1.000000,1.000000
14760.000000,2.987186,2.331521,-0.086370,-0.705551,0.000000,3.000000,0.000000,1.000000,0.000000,0.422410,0.893039,-0.863761,-0.226792,0.178691,0.000000,0.000000,1.000000,2.000000,1.217108,3.858378,2.987186,2.331521,2.987186,2.331521,0.175571,1.000000,1.000000
14770.000000,2.986444,2.324567,-0.074242,-0.695365,0.000000,3.000000,0.000000,1.000000,0.000000,0.502914,0.904073,-0.877095,-0.219208,0.169200,0.000000,0.000000,1.000000,2.000000,1.217108,3.858378,2.986444,2.324567,2.986444,2.324567,0.175571,1.000000,1.000000
14780.000000,2.985751,2.317481,-0.069274,-0.708638,0.000000,3.000000,0.000000,1.000000,0.000000,0.598606,0.899469,-0.873506,-0.214551,0.139001,0.000000,0.000000,1.000000,2.000000,1.217108,3.858378,2.985751,2.317481,2.985751,2.317481,0.175571,1.000000,1.000000
14790.000000,2.985232,2.310212,-0.051878,-0.726886,0.000000,3.000000,0.000000,1.000000,0.000000,0.583842,0.916053,-0.890929,-0.213070,1.720166,0.000000,0.000000,1.000000,2.000000,1.217108,3.858378,2.985232,2.310212,2.985232,2.310212,0.175571,1.000000,1.000000
14800.000000,2.984666,2.302711,-0.056605,-0.750020,0.000000,3.000000,0.000000,1.000000,0.000000,0.583842,0.946029,-0.922563,-0.209403,1.691048,0.000000,0.000000,1.000000,2.000000,1.217108,3.858378,2.984666,2.302711,2.984666,2.302711,0.175571,1.000000,1.000000
14810.000000,2.984189,2.295049,-0.047685,-0.766287,0.000000,3.000000,0.000000,1.000000,0.000000,0.659446,0.967645,-0.944603,-0.209909,1.662900,0.000000,0.000000,1.000000,2.000000,1.217108,3.858378,2.984189,2.295049,2.984189,2.295049,0.175571,1.000000,1.000000
14820.000000,2.983711,2.287130,-0.047801,-0.791859,0.000000,3.000000,0.000000,1.000000,0.000000,0.659446,0.963332,-0.945050,-0.186784,1.371948,0.000000,0.000000,1.000000,2.000000,1.217108,3.858378,2.983711,2.287130,2.983711,2.287130,0.175571,1.000000,1.000000
14830.000000,2.983247,2.278765,-0.046403,-0.836491,0.000000,3.000000,0.000000,1.000000,0.000000,0.623761,0.959560,-0.945980,-0.160868,0.802379,0.000000,0.000000,1.000000,2.000000,1.217108,3.858378,2.983247,2.278765,2.983247,2.278765,0.175571,1.000000,1.000000
14840.000000,2.982704,2.270091,-0.054337,-0.867449,0.000000,3.000000,0.000000,1.000000,0.000000,0.526221,0.974119,-0.964869,-0.133926,0.461277,0.000000,0.000000,1.000000,2.000000,1.217108,3.858378,2.982704,2.270091,2.982704,2.270091,0.175571,1.000000,1.000000
14850.000000,2.981998,2.261379,-0.070596,-0.871164,0.000000,3.000000,0.000000,1.000000,0.000000,0.526221,0.992524,-0.984972,-0.122209,0.459157,0.000000,0.000000,1.000000,2.000000,1.217108,3.858378,2.981998,2.261379,2.981998,2.261379,0.175571,1.000000,1.000000
14860.000000,2.981098,2.252316,-0.090034,-0.906325,0.000000,3.000000,0.000000,1.000000,0.000000,0.441163,0.966743,-0.960678,-0.108122,0.077558,0.000000,0.000000,1.000000,2.000000,1.217108,3.858378,2.981098,2.252316,2.981098,2.252316,0.175571,1.000000,1.000000
14870.000000,2.980132,2.242908,-0.096556,-0.940811,0.000000,3.000000,0.000000,1.000000,0.000000,0.476138,0.957804,-0.954266,-0.082241,0.284579,0.000000,0.000000,1.000000,2.000000,1.217108,3.858378,2.980132,2.242908,2.980132,2.242908,0.175571,1.000000,1.000000
14880.000000,2.979325,2.233212,-0.080680,-0.969646,0.000000,3.000000,0.000000,1.000000,0.000000,0.548161,0.958470,-0.956872,-0.055321,1.097490,0.000000,0.000000,1.000000,2.000000,1.217108,3.858378,2.979325,2.233212,2.979325,2.233212,0.175571,1.000000,1.000000
14890.000000,2.978655,2.223586,-0.067031,-0.962573,0.000000,3.000000,0.000000,1.000000,0.000000,0.767123,0.977267,-0.976791,-0.030521,2.289822,0.000000,0.000000,1.000000,2.000000,1.217108,3.858378,2.978655,2.223586,2.978655,2.223586,0.175571,1.000000,1.000000
14900.000000,2.978202,2.213877,-0.045279,-0.970835,0.000000,3.000000,0.000000,1.000000,0.000000,0.767123,0.964904,-0.964814,-0.013225,2.396439,0.000000,0.000000,1.000000,2.000000,1.217108,3.858378,2.978202,2.213877,2.978202,2.213877,0.175571,1.000000,1.000000
14910.000000,2.977824,2.203971,-0.037789,-0.990646,0.000000,3.000000,0.000000,1.000000,0.000000,0.767123,0.971890,-0.971853,0.008423,2.340299,0.000000,0.000000,1.000000,2.000000,1.217108,3.858378,2.977824,2.203971,2.977824,2.203971,0.175571,1.000000,1.000000
14920.000000,2.977380,2.193726,-0.044426,-1.024473,0.000000,3.000000,0.000000,1.000000,0.000000,0.866936,0.991367,-0.991223,0.016889,2.265820,0.000000,0.000000,1.000000,2.000000,1.217108,3.858378,2.977380,2.193726,2.977380,2.193726,0.175571,1.000000,1.000000
14930.000000,2.976965,2.183447,-0.041534,-1.027920,0.000000,3.000000,0.000000,1.000000,0.000000,0.866936,1.025436,-1.025360,0.012438,1.650501,0.000000,0.000000,1.000000,2.000000,1.217108,3.858378,2.976965,2.183447,2.976965,2.183447,0.175571,1.000000,1.000000
14940.000000,2.976595,2.172949,-0.036945,-1.049821,0.000000,3.000000,0.000000,1.000000,0.000000,0.866936,1.028759,-1.028656,0.014530,1.552441,0.000000,0.000000,1.000000,2.000000,1.217108,3.858378,2.976595,2.172949,2.976595,2.172949,0.175571,1.000000,1.000000
14950.000000,2.976357,2.162108,-0.023786,-1.084075,0.000000,3.000000,0.000000,1.000000,0.000000,0.635246,1.050471,-1.050307,0.018571,0.093061,0.000000,0.000000,1.000000,2.000000,1.217108,3.858378,2.976357,2.162108,2.976357,2.162108,0.175571,1.000000,1.000000
14960.000000,2.976223,2.150945,-0.013504,-1.116302,0.000000,3.000000,0.000000,1.000000,0.000000,0.460726,1.084336,-1.083881,0.031392,0.081112,0.000000,0.000000,1.000000,2.000000,1.217108,3.858378,2.976223,2.150945,2.976223,2.150945,0.175571,1.000000,1.000000
14970.000000,2.976106,2.139770,-0.011678,-1.117512,0.000000,3.000000,0.000000,1.000000,0.000000,0.658712,1.116384,-1.115618,0.041332,0.619799,0.000000,0.000000,1.000000,2.000000,1.217108,3.858378,2.976106,2.139770,2.976106,2.139770,0.175571,1.000000,1.000000
14980.000000,2.976005,2.128345,-0.010056,-1.142474,0.000000,3.000000,0.000000,1.000000,0.000000,0.553255,1.117573,-1.116786,0.041921,1.086912,0.000000,0.000000,1.000000,2.000000,1.217108,3.858378,2.976005,2.128345,2.976005,2.128345,0.175571,1.000000,1.000000
14990.000000,2.976012,2.116756,0.000703,-1.158861,0.000000,3.000000,0.000000,1.000000,0.000000,0.720700,1.142519,-1.141710,0.042971,1.214847,0.000000,0.000000,1.000000,2.000000,1.217108,3.858378,2.976012,2.116756,2.976012,2.116756,0.175571,1.000000,1.000000
15000.000000,2.976163,2.104907,0.015111,-1.184952,0.000000,3.000000,0.000000,1.000000,0.000000,0.720700,1.158861,-1.157668,0.052577,1.200251,0.000000,0.000000,1.000000,2.000000,1.217108,3.858378,2.976163,2.104907,2.976163,2.104907,0.175571,1.000000,1.000000
15010.000000,2.976393,2.093010,0.023020,-1.189744,0.000000,3.000000,0.000000,1.000000,0.000000,0.676443,1.185049,-1.183167,0.066747,1.186002,0.000000,0.000000,1.000000,2.000000,1.217108,3.858378,2.976393,2.093010,2.976393,2.093010,0.175571,1.000000,1.000000
15020.000000,2.976633,2.080902,0.023928,-1.210790,0.000000,3.000000,0.000000,1.000000,0.000000,0.676443,1.189967,-1.187702,0.073379,0.068992,0.000000,0.000000,1.000000,2.000000,1.217108,3.858378,2.976633,2.080902,2.976633,2.080902,0.175571,1.000000,1.000000
15030.000000,2.976428,2.069132,-0.020475,-1.176955,0.000000,3.000000,0.000000,1.000000,0.000000,0.552463,1.211026,-1.208805,0.073315,-0.039882,0.000000,0.000000,1.000000,2.000000,1.217108,3.858378,2.976428,2.069132,2.976428,2.069132,0.175571,1.000000,1.000000
15040.000000,2.976081,2.057240,-0.034669,-1.189250,0.000000,3.000000,0.000000,1.000000,0.000000,0.459480,1.214961,-1.213257,0.064316,-0.039866,0.000000,0.000000,1.000000,2.000000,1.217108,3.858378,2.976081,2.057240,2.976081,2.057240,0.175571,1.000000,1.000000
15050.000000,2.975688,2.045532,-0.039386,-1.170781,0.000000,3.000000,0.000000,1.000000,0.000000,0.600854,1.234273,-1.233001,0.056033,1.380184,0.000000,0.000000,1.000000,2.000000,1.217108,3.858378,2.975688,2.045532,2.975688,2.045532,0.175571,1.000000,1.000000
15060.000000,2.975349,2.033726,-0.033845,-1.180546,0.000000,3.000000,0.000000,1.000000,0.000000,0.600854,1.221505,-1.220263,0.055083,1.361376,0.000000,0.000000,1.000000,2.000000,1.217108,3.858378,2.975349,2.033726,2.975349,2.033726,0.175571,1.000000,1.000000
15070.000000,2.975462,2.021432,0.011325,-1.229469,0.000000,3.000000,0.000000,1.000000,0.000000,0.526478,1.228170,-1.226834,0.057256,1.206667,0.000000,0.000000,1.000000,2.000000,1.217108,3.858378,2.975462,2.021432,2.975462,2.021432,0.175571,1.000000,1.000000
15080.000000,2.975341,2.009150,-0.012079,-1.228196,0.000000,3.000000,0.000000,1.000000,0.000000,0.518297,1.229521,-1.228253,0.055834,1.335337,0.000000,0.000000,1.000000,2.000000,1.217108,3.858378,2.975341,2.009150,2.975341,2.009150,0.175571,1.000000,1.000000
15090.000000,2.974962,1.997103,-0.037976,-1.204721,0.000000,3.000000,0.000000,1.000000,0.000000,0.518297,1.228256,-1.227815,0.032904,1.317724,0.000000,0.000000,1.000000,2.000000,1.217108,3.858378,2.974962,1.997103,2.974962,1.997103,0.175571,1.000000,1.000000
15100.000000,2.974437,1.984976,-0.052498,-1.212617,0.000000,3.000000,0.000000,1.000000,0.000000,0.614727,1.205319,-1.205302,0.006417,0.881478,0.000000,0.000000,1.000000,2.000000,1.217108,3.858378,2.974437,1.984976,2.974437,1.984976,0.175571,1.000000,1.000000
15110.000000,2.973971,1.972737,-0.046534,-1.223902,0.000000,3.000000,0.000000,1.000000,0.000000,1.005031,1.213753,-1.213723,-0.008467,2.730266,0.000000,0.000000,1.000000,2.000000,1.217108,3.858378,2.973971,1.972737,2.973971,1.972737,0.175571,1.000000,1.000000
15120.000000,2.973597,1.960382,-0.037432,-1.235595,0.000000,3.000000,0.000000,1.000000,0.000000,1.005031,1.224786,-1.224782,-0.003131,2.657633,0.000000,0.000000,1.000000,2.000000,1.217108,3.858378,2.973597,1.960382,2.973597,1.960382,0.175571,1.000000,1.000000
15130.000000,2.973239,1.948093,-0.035730,-1.228885,0.000000,3.000000,0.000000,1.000000,0.000000,0.905534,1.236162,-1.236152,0.004970,2.588765,0.000000,0.000000,1.000000,2.000000,1.217108,3.858378,2.973239,1.948093,2.973239,1.948093,0.175571,1.000000,1.000000
15140.000000,2.972838,1.935873,-0.040114,-1.221969,0.000000,3.000000,0.000000,1.000000,0.000000,0.647540,1.229404,-1.229394,0.005120,1.799211,0.000000,0.000000,1.000000,2.000000,1.217108,3.858378,2.972838,1.935873,2.972838,1.935873,0.175571,1.000000,1.000000
15150.000000,2.972354,1.923626,-0.048411,-1.224742,0.000000,3.000000,0.000000,1.000000,0.000000,0.647540,1.222628,-1.222628,-0.000303,1.767380,0.000000,0.000000,1.000000,2.000000,1.217108,3.858378,2.972354,1.923626,2.972354,1.923626,0.175571,1.000000,1.000000
15160.000000,2.971779,1.911133,-0.057454,-1.249230,0.000000,3.000000,0.000000,1.000000,0.000000,0.485328,1.225699,-1.225670,-0.008457,0.928654,0.000000,0.000000,1.000000,2.000000,1.217108,3.858378,2.971779,1.911133,2.971779,1.911133,0.175571,1.000000,1.000000
15170.000000,2.971351,1.898792,-0.042801,-1.234156,0.000000,3.000000,0.000000,1.000000,0.000000,0.452869,1.250550,-1.250436,-0.016911,0.405129,0.000000,0.000000,1.000000,2.000000,1.217108,3.858378,2.971351,1.898792,2.971351,1.898792,0.175571,1.000000,1.000000
15180.000000,2.971258,1.886692,-0.009311,-1.209940,0.000000,3.000000,0.000000,1.000000,0.000000,0.532897,1.234898,-1.234893,-0.003490,0.403492,0.000000,0.000000,1.000000,2.000000,1.217108,3.858378,2.971258,1.886692,2.971258,1.886692,0.175571,1.000000,1.000000
15190.000000,2.971068,1.874620,-0.019044,-1.207206,0.000000,3.000000,0.000000,1.000000,0.000000,0.736018,1.209976,-1.209648,0.028185,0.325161,0.000000,0.000000,1.000000,2.000000,1.217108,3.858378,2.971068,1.874620,2.971068,1.874620,0.175571,1.000000,1.000000
15200.000000,2.970685,1.862392,-0.038302,-1.222816,0.000000,3.000000,0.000000,1.000000,0.000000,0.477025,1.207356,-1.207232,0.017306,-0.128852,0.000000,0.000000,1.000000,2.000000,1.217108,3.858378,2.970685,1.862392,2.970685,1.862392,0.175571,1.000000,1.000000
15210.000000,2.970191,1.850238,-0.049400,-1.215423,0.000000,3.000000,0.000000,1.000000,0.000000,0.477025,1.223416,-1.223413,-0.002471,-0.128686,0.000000,0.000000,1.000000,2.000000,1.217108,3.858378,2.970191,1.850238,2.970191,1.850238,0.175571,1.000000,1.000000
15220.000000,2.969790,1.838118,-0.039999,-1.212005,0.000000,3.000000,0.000000,1.000000,0.000000,0.333972,1.216426,-1.216339,-0.014613,-0.640723,0.000000,0.000000,1.000000,2.000000,1.217108,3.858378,2.969790,1.838118,2.969790,1.838118,0.175571,1.000000,1.000000
15230.000000,2.969532,1.826128,-0.025811,-1.199001,0.000000,3.000000,0.000000,1.000000,0.000000,0.443585,1.212665,-1.212649,-0.006215,-0.235382,0.000000,0.000000,1.000000,2.000000,1.217108,3.858378,2.969532,1.826128,2.969532,1.826128,0.175571,1.000000,1.000000
15240.000000,2.969323,1.814193,-0.020888,-1.193519,0.000000,3.000000,0.000000,1.000000,0.000000,0.465803,1.199279,-1.199261,0.006523,-0.187975,0.000000,0.000000,1.000000,2.000000,1.217108,3.858378,2.969323,1.814193,2.969323,1.814193,0.175571,1.000000,1.000000
15250.000000,2.969003,1.802602,-0.031992,-1.159032,0.000000,3.000000,0.000000,1.000000,0.000000,0.465803,1.193702,-1.193658,0.010209,-0.187622,0.000000,0.000000,1.000000,2.000000,1.217108,3.858378,2.969003,1.802602,2.969003,1.802602,0.175571,1.000000,1.000000
15260.000000,2.968485,1.791155,-0.051826,-1.144770,0.000000,3.000000,0.000000,1.000000,0.000000,0.448786,1.159474,-1.159469,-0.003382,-0.217301,0.000000,0.000000,1.000000,2.000000,1.217108,3.858378,2.968485,1.791155,2.968485,1.791155,0.175571,1.000000,1.000000
15270.000000,2.968164,1.780140,-0.032067,-1.101434,0.000000,3.000000,0.000000,1.000000,0.000000,0.695599,1.145942,-1.145673,-0.024823,0.199212,0.000000,0.000000,1.000000,2.000000,1.217108,3.858378,2.968164,1.780140,2.968164,1.780140,0.175571,1.000000,1.000000
15280.000000,2.968412,1.769671,0.024721,-1.046958,0.000000,3.000000,0.000000,1.000000,0.000000,0.843084,1.101900,-1.101874,-0.007659,1.136944,0.000000,0.000000,1.000000,2.000000,1.217108,3.858378,2.968412,1.769671,2.968412,1.769671,0.175571,1.000000,1.000000
15290.000000,2.968925,1.759721,0.051382,-0.994988,0.000000,3.000000,0.000000,1.000000,0.000000,0.843084,1.047250,-1.046195,0.046994,1.124151,0.000000,0.000000,1.000000,2.000000,1.217108,3.858378,2.968925,1.759721,2.968925,1.759721,0.175571,1.000000,1.000000
15300.000000,2.969485,1.749949,0.055976,-0.977150,0.000000,3.000000,0.000000,1.000000,0.000000,0.843084,0.996314,-0.993689,0.072279,1.111642,0.000000,0.000000,1.000000,2.000000,1.217108,3.858378,2.969485,1.749949,2.969485,1.749949,0.175571,1.000000,1.000000
15310.000000,2.969790,1.740229,0.030503,-0.972086,0.000000,3.000000,0.000000,1.000000,0.000000,0.777925,0.978752,-0.975844,0.075397,0.875786,0.000000,0.000000,1.000000,2.000000,1.217108,3.858378,2.969790,1.740229,2.969790,1.740229,0.175571,1.000000,1.000000
15320.000000,2.969792,1.730658,0.000181,-0.957050,0.000000,3.000000,0.000000,1.000000,0.000000,0.584799,0.972564,-0.971429,0.046983,0.205694,0.000000,0.000000,1.000000,2.000000,1.217108,3.858378,2.969792,1.730658,2.969792,1.730658,0.175571,1.000000,1.000000
15330.000000,2.969570,1.721422,-0.022199,-0.923619,0.000000,3.000000,0.000000,1.000000,0.000000,1.222612,0.957050,-0.956942,0.014373,2.409870,0.000000,0.000000,1.000000,2.000000,1.217108,3.858378,2.969570,1.721422,2.969570,1.721422,0.175571,1.000000,1.000000
15340.000000,2.969306,1.712749,-0.026401,-0.867253,0.000000,3.000000,0.000000,1.000000,0.000000,1.255435,0.923885,-0.923841,-0.009097,2.684195,0.000000,0.000000,1.000000,2.000000,1.217108,3.858378,2.969306,1.712749,2.969306,1.712749,0.175571,1.000000,1.000000
15350.000000,2.969250,1.704485,-0.005573,-0.826409,0.000000,3.000000,0.000000,1.000000,0.000000,1.019539,0.867655,-0.867533,-0.014546,2.613961,0.000000,0.000000,1.000000,2.000000,1.217108,3.858378,2.969250,1.704485,2.969250,1.704485,0.175571,1.000000,1.000000
15360.000000,2.969520,1.696601,0.026978,-0.788402,0.000000,3.000000,0.000000,1.000000,0.000000,0.825955,0.826428,-0.826418,0.004165,2.386069,0.000000,0.000000,1.000000,2.000000,1.217108,3.858378,2.969520,1.696601,2.969520,1.696601,0.175571,1.000000,1.000000
15370.000000,2.969995,1.688991,0.047426,-0.761057,0.000000,3.000000,0.000000,1.000000,0.000000,0.910355,0.788863,-0.788088,0.034954,2.324984,0.000000,0.000000,1.000000,2.000000,1.217108,3.858378,2.969995,1.688991,2.969995,1.688991,0.175571,1.000000,1.000000
15380.000000,2.970388,1.681799,0.039325,-0.719142,0.000000,3.000000,0.000000,1.000000,0.000000,0.910355,0.762533,-0.760629,0.053858,1.515149,0.000000,0.000000,1.000000,2.000000,1.217108,3.858378,2.970388,1.681799,2.970388,1.681799,0.175571,1.000000,1.000000
15390.000000,2.970707,1.675003,0.031948,-0.679628,0.000000,3.000000,0.000000,1.000000,0.000000,0.934602,0.720217,-0.718907,0.043408,2.391133,0.000000,0.000000,1.000000,2.000000,1.217108,3.858378,2.970707,1.675003,2.970707,1.675003,0.175571,1.000000,1.000000
15400.000000,2.970931,1.668174,0.022423,-0.682896,0.000000,3.000000,0.000000,1.000000,0.000000,0.934602,0.680379,-0.679551,0.033545,2.335239,0.000000,0.000000,1.000000,2.000000,1.217108,3.858378,2.970931,1.668174,2.970931,1.668174,0.175571,1.000000,1.000000
15410.000000,2.971014,1.661534,0.008229,-0.663971,0.000000,3.000000,0.000000,1.000000,0.000000,0.934602,0.683264,-0.682865,0.023354,2.255674,0.000000,0.000000,1.000000,2.000000,1.217108,3.858378,2.971014,1.661534,2.971014,1.661534,0.175571,1.000000,1.000000
15420.000000,2.970951,1.655076,-0.006217,-0.645811,0.000000,3.000000,0.000000,1.000000,0.000000,0.539087,0.664022,-0.663964,0.008825,0.939882,0.000000,0.000000,1.000000,2.000000,1.217108,3.858378,2.970951,1.655076,2.970951,1.655076,0.175571,1.000000,1.000000
15430.000000,2.970614,1.648619,-0.033684,-0.645764,0.000000,3.000000,0.000000,1.000000,0.000000,0.856396,0.645841,-0.645816,-0.005610,0.820238,0.000000,0.000000,1.000000,2.000000,1.217108,3.858378,2.970614,1.648619,2.970614,1.648619,0.175571,1.000000,1.000000
15440.000000,2.970116,1.642265,-0.049848,-0.635323,0.000000,3.000000,0.000000,1.000000,0.000000,0.996077,0.646642,-0.645796,-0.033084,1.065210,0.000000,0.000000,1.000000,2.000000,1.217108,3.858378,2.970116,1.642265,2.970116,1.642265,0.175571,1.000000,1.000000
15450.000000,2.969713,1.636270,-0.040302,-0.599535,0.000000,3.000000,0.000000,1.000000,0.000000,0.996788,0.637276,-0.635315,-0.049953,1.058070,0.000000,0.000000,1.000000,2.000000,1.217108,3.858378,2.969713,1.636270,2.969713,1.636270,0.175571,1.000000,1.000000
15460.000000,2.969296,1.630781,-0.041750,-0.548874,0.000000,3.000000,0.000000,1.000000,0.000000,0.626178,0.600888,-0.599439,-0.041700,1.046981,0.000000,0.000000,1.000000,2.000000,1.217108,3.858378,2.969296,1.630781,2.969296,1.630781,0.175571,1.000000,1.000000
15470.000000,2.968889,1.626081,-0.040649,-0.470044,0.000000,3.000000,0.000000,1.000000,0.000000,0.637367,0.550460,-0.548625,-0.044904,1.044958,0.000000,0.000000,1.000000,2.000000,1.217108,3.858378,2.968889,1.626081,2.968889,1.626081,0.175571,1.000000,1.000000
15480.000000,2.968391,1.621799,-0.049814,-0.428192,0.000000,3.000000,0.000000,1.000000,0.000000,0.863398,0.471798,-0.469666,-0.044803,1.947797,0.000000,0.000000,1.000000,2.000000,1.217108,3.858378,2.968391,1.621799,2.968391,1.621799,0.175571,1.000000,1.000000
15490.000000,2.967733,1.617607,-0.065762,-0.419158,0.000000,3.000000,0.000000,1.000000,0.000000,0.863398,0.410910,-0.409409,-0.035091,1.937199,0.000000,0.000000,1.000000,2.000000,1.217108,3.858378,2.967733,1.617607,2.967733,1.617607,0.175571,1.000000,1.000000
15500.000000,2.967123,1.613605,-0.061024,-0.400196,0.000000,3.000000,0.000000,1.000000,0.000000,0.876238,0.388825,-0.387458,-0.032575,1.900349,0.000000,0.000000,1.000000,2.000000,1.217108,3.858378,2.967123,1.613605,2.967123,1.613605,0.175571,1.000000,1.000000
15510.000000,2.966661,1.609865,-0.046194,-0.373990,0.000000,3.000000,0.000000,1.000000,0.000000,0.876238,0.374344,-0.373327,-0.027583,1.451072,0.000000,0.000000,1.000000,2.000000,1.217108,3.858378,2.966661,1.609865,2.966661,1.609865,0.175571,1.000000,1.000000
15520.000000,2.966209,1.606207,-0.045188,-0.365851,0.000000,3.000000,0.000000,1.000000,0.000000,1.086121,0.355382,-0.354836,-0.019693,1.364906,0.000000,0.000000,1.000000,2.000000,1.217108,3.858378,2.966209,1.606207,2.966209,1.606207,0.175571,1.000000,1.000000
15530.000000,2.965702,1.602636,-0.050743,-0.357096,0.000000,3.000000,0.000000,1.000000,0.000000,1.086121,0.345476,-0.344791,-0.021742,1.346509,0.000000,0.000000,1.000000,2.000000,1.217108,3.858378,2.965702,1.602636,2.965702,1.602636,0.175571,1.000000,1.000000
15540.000000,2.965369,1.599490,-0.033294,-0.314549,0.000000,3.000000,0.000000,1.000000,0.000000,1.086121,0.332481,-0.331427,-0.026446,1.328601,0.000000,0.000000,1.000000,2.000000,1.217108,3.858378,2.965369,1.599490,2.965369,1.599490,0.175571,1.000000,1.000000
15550.000000,2.964946,1.596593,-0.042274,-0.289771,0.000000,3.000000,0.000000,1.000000,0.000000,1.023214,0.316306,-0.314063,-0.037606,0.907693,0.000000,0.000000,1.000000,2.000000,1.217108,3.858378,2.964946,1.596593,2.964946,1.596593,0.175571,1.000000,1.000000
15560.000000,2.964502,1.593867,-0.044460,-0.272561,0.000000,3.000000,0.000000,1.000000,0.000000,0.919081,0.292839,-0.289007,-0.047215,0.806998,0.000000,0.000000,1.000000,2.000000,1.217108,3.858378,2.964502,1.593867,2.964502,1.593867,0.175571,1.000000,1.000000
15570.000000,2.964163,1.591329,-0.033871,-0.253861,0.000000,3.000000,0.000000,1.000000,0.000000,0.566219,0.276164,-0.271661,-0.049668,0.483647,0.000000,0.000000,1.000000,2.000000,1.217108,3.858378,2.964163,1.591329,2.964163,1.591329,0.175571,1.000000,1.000000
15580.000000,2.963923,1.588847,-0.024007,-0.248178,0.000000,3.000000,0.000000,1.000000,0.000000,0.491594,0.256110,-0.253159,-0.038768,0.101102,0.000000,0.000000,1.000000,2.000000,1.217108,3.858378,2.963923,1.588847,2.963923,1.588847,0.175571,1.000000,1.000000
15590.000000,2.963698,1.586504,-0.022437,-0.234289,0.000000,3.000000,0.000000,1.000000,0.000000,0.491594,0.249336,-0.247687,-0.028628,-0.346704,0.000000,0.000000,1.000000,2.000000,1.217108,3.858378,2.963698,1.586504,2.963698,1.586504,0.175571,1.000000,1.000000
15600.000000,2.963462,1.584331,-0.023626,-0.217298,0.000000,3.000000,0.000000,1.000000,0.000000,0.252741,0.235361,-0.233860,-0.026539,-0.877112,0.000000,0.000000,1.000000,2.000000,1.217108,3.858378,2.963462,1.584331,2.963462,1.584331,0.175571,1.000000,1.000000
15610.000000,2.963254,1.582308,-0.020786,-0.202249,0.000000,3.000000,0.000000,1.000000,0.000000,0.480309,0.218579,-0.216864,-0.027323,-0.091136,0.000000,0.000000,1.000000,2.000000,1.217108,3.858378,2.963254,1.582308,2.963254,1.582308,0.175571,1.000000,1.000000
15620.000000,2.963148,1.580393,-0.010579,-0.191561,0.000000,3.000000,0.000000,1.000000,0.000000,0.703682,0.203314,-0.201850,-0.024359,0.173490,0.000000,0.000000,1.000000,2.000000,1.217108,3.858378,2.963148,1.580393,2.963148,1.580393,0.175571,1.000000,1.000000
15630.000000,2.963155,1.578563,0.000638,-0.182923,0.000000,3.000000,0.000000,1.000000,0.000000,0.703682,0.191853,-0.191322,-0.014267,0.173189,0.000000,0.000000,1.000000,2.000000,1.217108,3.858378,2.963155,1.578563,2.963155,1.578563,0.175571,1.000000,1.000000
15640.000000,2.963104,1.576876,-0.005045,-0.168721,0.000000,3.000000,0.000000,1.000000,0.000000,0.699539,0.182924,-0.182895,-0.003246,0.159890,0.000000,0.000000,1.000000,2.000000,1.217108,3.858378,2.963104,1.576876,2.963104,1.576876,0.175571,1.000000,1.000000
15650.000000,2.962913,1.575385,-0.019180,-0.149133,0.000000,3.000000,0.000000,1.000000,0.000000,0.648418,0.168796,-0.168562,-0.008886,-0.001579,0.000000,0.000000,1.000000,2.000000,1.217108,3.858378,2.962913,1.575385,2.962913,1.575385,0.175571,1.000000,1.000000
15660.000000,2.962613,1.573994,-0.029979,-0.139111,0.000000,3.000000,0.000000,1.000000,0.000000,0.515027,0.150361,-0.148640,-0.022688,-0.051233,0.000000,0.000000,1.000000,2.000000,1.217108,3.858378,2.962613,1.573994,2.962613,1.573994,0.175571,1.000000,1.000000
15670.000000,2.962335,1.572634,-0.027754,-0.135980,0.000000,3.000000,0.000000,1.000000,0.000000,0.515027,0.142304,-0.138370,-0.033230,-0.051207,0.000000,0.000000,1.000000,2.000000,1.217108,3.858378,2.962335,1.572634,2.962335,1.572634,0.175571,1.000000,1.000000
15680.000000,2.962132,1.571288,-0.020279,-0.134567,0.000000,3.000000,0.000000,1.000000,0.000000,0.513447,0.138783,-0.135335,-0.030743,-0.068214,0.000000,0.000000,1.000000,2.000000,1.217108,3.858378,2.962132,1.571288,2.962132,1.571288,0.175571,1.000000,1.000000
15690.000000,2.961940,1.570062,-0.019298,-0.122666,0.000000,3.000000,0.000000,1.000000,0.000000,0.389225,0.136086,-0.134126,-0.023012,-0.241662,0.000000,0.000000,1.000000,2.000000,1.217108,3.858378,2.961940,1.570062,2.961940,1.570062,0.175571,1.000000,1.000000
15700.000000,2.961698,1.568959,-0.024180,-0.110260,0.000000,3.000000,0.000000,1.000000,0.000000,0.130129,0.124175,-0.122262,-0.021711,-1.675603,0.000000,0.000000,1.000000,2.000000,1.217108,3.858378,2.961698,1.568959,2.961698,1.568959,0.175571,1.000000,1.000000
15710.000000,2.961433,1.567966,-0.026510,-0.099377,0.000000,3.000000,0.000000,1.000000,0.000000,0.130129,0.112881,-0.109743,-0.026427,-1.647962,0.000000,0.000000,1.000000,2.000000,1.217108,3.858378,2.961433,1.567966,2.961433,1.567966,0.175571,1.000000,1.000000
15720.000000,2.961209,1.567053,-0.022409,-0.091281,0.000000,3.000000,0.000000,1.000000,0.000000,0.207600,0.102852,-0.098786,-0.028633,-1.200286,0.000000,0.000000,1.000000,2.000000,1.217108,3.858378,2.961209,1.567053,2.961209,1.567053,0.175571,1.000000,1.000000
15730.000000,2.960988,1.566235,-0.022040,-0.081785,0.000000,3.000000,0.000000,1.000000,0.000000,0.292502,0.093992,-0.090749,-0.024474,-0.717960,0.000000,0.000000,1.000000,2.000000,1.217108,3.858378,2.960988,1.566235,2.960988,1.566235,0.175571,1.000000,1.000000
15740.000000,2.960748,1.565547,-0.024029,-0.068825,0.000000,3.000000,0.000000,1.000000,0.000000,0.292502,0.084703,-0.081235,-0.023988,-0.712837,0.000000,0.000000,1.000000,2.000000,1.217108,3.858378,2.960748,1.565547,2.960748,1.565547,0.175571,1.000000,1.000000
15750.000000,2.960425,1.565014,-0.032339,-0.053216,0.000000,3.000000,0.000000,1.000000,0.000000,0.292502,0.072899,-0.068197,-0.025757,-0.707786,0.000000,0.000000,1.000000,2.000000,1.217108,3.858378,2.960425,1.565014,2.960425,1.565014,0.175571,1.000000,1.000000
15760.000000,2.959988,1.564596,-0.043697,-0.041868,0.000000,3.000000,0.000000,1.000000,0.000000,0.203341,0.062271,-0.052341,-0.033736,-1.084260,0.000000,0.000000,1.000000,2.000000,1.217108,3.858378,2.959988,1.564596,2.959988,1.564596,0.175571,1.000000,1.000000
15770.000000,2.959528,1.564281,-0.045955,-0.031507,0.000000,3.000000,0.000000,1.000000,0.000000,0.198374,0.060517,-0.040642,-0.044839,-1.007168,0.000000,0.000000,1.000000,2.000000,1.217108,3.858378,2.959528,1.564281,2.959528,1.564281,0.175571,1.000000,1.000000
15780.000000,2.959061,1.564023,-0.046673,-0.025722,0.000000,3.000000,0.000000,1.000000,0.000000,0.198374,0.055718,-0.030188,-0.046831,-0.997115,0.000000,0.000000,1.000000,2.000000,1.217108,3.858378,2.959061,1.564023,2.959061,1.564023,0.175571,1.000000,1.000000
15790.000000,2.958569,1.563835,-0.049286,-0.018900,0.000000,3.000000,0.000000,1.000000,0.000000,0.191725,0.053291,-0.024424,-0.047365,-1.038982,0.000000,0.000000,1.000000,2.000000,1.217108,3.858378,2.958569,1.563835,2.958569,1.563835,0.175571,1.000000,1.000000
15800.000000,2.957996,1.563745,-0.057232,-0.008959,0.000000,3.000000,0.000000,1.000000,0.000000,0.110721,0.052786,-0.017613,-0.049761,-1.656944,0.000000,0.000000,1.000000,2.000000,1.217108,3.858378,2.957996,1.563745,2.957996,1.563745,0.175571,1.000000,1.000000
15810.000000,2.957326,1.563774,-0.067061,0.002927,0.000000,3.000000,0.000000,1.000000,0.000000,0.110721,0.057928,-0.007543,-0.057435,-1.629910,0.000000,0.000000,1.000000,2.000000,1.217108,3.858378,2.957326,1.563774,2.957326,1.563774,0.175571,1.000000,1.000000
15820.000000,2.956489,1.563972,-0.083650,0.019817,0.000000,3.000000,0.000000,1.000000,0.000000,0.097041,0.067125,0.004528,-0.066972,-1.590905,0.000000,0.000000,1.000000,2.000000,1.217108,3.858378,2.956489,1.563972,2.956489,1.563972,0.175571,1.000000,1.000000
15830.000000,2.955453,1.564338,-0.103603,0.036568,0.000000,3.000000,0.000000,1.000000,0.000000,0.131140,0.085965,0.021753,-0.083167,-1.470721,0.000000,0.000000,1.000000,2.000000,1.217108,3.858378,2.955453,1.564338,2.955453,1.564338,0.175571,1.000000,1.000000
15840.000000,2.954785,1.564314,-0.066863,-0.002420,0.000000,3.000000,0.000000,1.000000,0.000000,0.131140,0.109868,0.038872,-0.102761,-1.449383,0.000000,0.000000,1.000000,2.000000,1.217108,3.858378,2.954785,1.564314,2.954785,1.564314,0.175571,1.000000,1.000000
15850.000000,2.954044,1.564267,-0.074083,-0.004706,0.000000,3.000000,0.000000,1.000000,0.000000,0.115728,0.131439,0.051345,-0.120995,-1.503016,0.000000,0.000000,1.000000,2.000000,1.217108,3.858378,2.954044,1.564267,2.954044,1.564267,0.175571,1.000000,1.000000
15860.000000,2.953204,1.564166,-0.083960,-0.010111,0.000000,3.000000,0.000000,1.000000,0.000000,0.108791,0.144095,0.055733,-0.132880,-1.501197,0.000000,0.000000,1.000000,2.000000,1.217108,3.858378,2.953204,1.564166,2.953204,1.564166,0.175571,1.000000,1.000000
15870.000000,2.952263,1.563992,-0.094101,-0.017380,0.000000,3.000000,0.000000,1.000000,0.000000,0.197433,0.161397,0.061698,-0.149139,-1.203628,0.000000,0.000000,1.000000,2.000000,1.217108,3.858378,2.952263,1.563992,2.952263,1.563992,0.175571,1.000000,1.000000
15880.000000,2.951287,1.563814,-0.097651,-0.017829,0.000000,3.000000,0.000000,1.000000,0.000000,0.204776,0.184719,0.071903,-0.170150,-1.166661,0.000000,0.000000,1.000000,2.000000,1.217108,3.858378,2.951287,1.563814,2.951287,1.563814,0.175571,1.000000,1.000000
15890.000000,2.950274,1.563645,-0.101225,-0.016851,0.000000,3.000000,0.000000,1.000000,0.000000,0.204776,0.213560,0.090599,-0.193390,-1.153193,0.000000,0.000000,1.000000,2.000000,1.217108,3.858378,2.950274,1.563645,2.950274,1.563645,0.175571,1.000000,1.000000
15900.000000,2.949172,1.563442,-0.110249,-0.020278,0.000000,3.000000,0.000000,1.000000,0.000000,0.226009,0.227198,0.098153,-0.204902,-1.183139,0.000000,0.000000,1.000000,2.000000,1.217108,3.858378,2.949172,1.563442,2.949172,1.563442,0.175571,1.000000,1.000000
15910.000000,2.947972,1.563231,-0.119958,-0.021073,0.000000,3.000000,0.000000,1.000000,0.000000,0.274926,0.243605,0.104100,-0.220242,-1.106572,0.000000,0.000000,1.000000,2.000000,1.217108,3.858378,2.947972,1.563231,2.947972,1.563231,0.175571,1.000000,1.000000
15920.000000,2.946685,1.563029,-0.128698,-0.020278,0.000000,3.000000,0.000000,1.000000,0.000000,0.177369,0.256532,0.107097,-0.233107,-0.909270,0.000000,0.000000,1.000000,2.000000,1.217108,3.858378,2.946685,1.563029,2.946685,1.563029,0.175571,1.000000,1.000000
15930.000000,2.945276,1.562803,-0.140905,-0.022585,0.000000,3.000000,0.000000,1.000000,0.000000,0.177369,0.264311,0.106975,-0.241696,-0.901069,0.000000,0.000000,1.000000,2.000000,1.217108,3.858378,2.945276,1.562803,2.945276,1.562803,0.175571,1.000000,1.000000
15940.000000,2.943723,1.562561,-0.155279,-0.024190,0.000000,3.000000,0.000000,1.000000,0.000000,0.368868,0.278120,0.108862,-0.255930,-0.504472,0.000000,0.000000,1.000000,2.000000,1.217108,3.858378,2.943723,1.562561,2.943723,1.562561,0.175571,1.000000,1.000000
15950.000000,2.942040,1.562394,-0.168367,-0.016659,0.000000,3.000000,0.000000,1.000000,0.000000,0.418350,0.294773,0.111329,-0.272941,-0.393530,0.000000,0.000000,1.000000,2.000000,1.217108,3.858378,2.942040,1.562394,2.942040,1.562394,0.175571,1.000000,1.000000
15960.000000,2.940114,1.562418,-0.192618,0.002328,0.000000,3.000000,0.000000,1.000000,0.000000,0.418350,0.303596,0.108919,-0.283386,-0.391986,0.000000,0.000000,1.000000,2.000000,1.217108,3.858378,2.940114,1.562418,2.940114,1.562418,0.175571,1.000000,1.000000
15970.000000,2.937789,1.562740,-0.232445,0.032269,0.000000,3.000000,0.000000,1.000000,0.000000,0.346845,0.321622,0.110056,-0.302206,-0.390454,0.000000,0.000000,1.000000,2.000000,1.217108,3.858378,2.937789,1.562740,2.937789,1.562740,0.175571,1.000000,1.000000
15980.000000,2.935225,1.563272,-0.256377,0.053206,0.000000,3.000000,0.000000,1.000000,0.000000,0.335490,0.335807,0.115988,-0.315140,-0.414822,0.000000,0.000000,1.000000,2.000000,1.217108,3.858378,2.935225,1.563272,2.935225,1.563272,0.175571,1.000000,1.000000
15990.000000,2.932670,1.563851,-0.255574,0.057855,0.000000,3.000000,0.000000,1.000000,0.000000,0.346343,0.347189,0.123556,-0.324460,-0.553129,0.000000,0.000000,1.000000,2.000000,1.217108,3.858378,2.932670,1.563851,2.932670,1.563851,0.175571,1.000000,1.000000
16000.000000,2.930148,1.564422,-0.252193,0.057111,0.000000,3.000000,0.000000,1.000000,0.000000,0.334047,0.353475,0.131473,-0.328115,-0.833791,0.000000,0.000000,1.000000,2.000000,1.217108,3.858378,2.930148,1.564422,2.930148,1.564422,0.175571,1.000000,1.000000
16010.000000,2.927881,1.564964,-0.226672,0.054215,0.000000,3.000000,0.000000,1.000000,0.000000,0.272075,0.365760,0.141569,-0.337252,-0.887270,0.000000,0.000000,1.000000,2.000000,1.217108,3.858378,2.927881,1.564964,2.927881,1.564964,0.175571,1.000000,1.000000
16020.000000,2.925592,1.565407,-0.228869,0.044298,0.000000,3.000000,0.000000,1.000000,0.000000,0.121893,0.377919,0.164777,-0.340105,-1.362622,0.000000,0.000000,1.000000,2.000000,1.217108,3.858378,2.925592,1.565407,2.925592,1.565407,0.175571,1.000000,1.000000
16030.000000,2.923198,1.565821,-0.239433,0.041352,0.000000,3.000000,0.000000,1.000000,0.000000,0.086136,0.402944,0.174448,-0.363224,-1.457390,0.000000,0.000000,1.000000,2.000000,1.217108,3.858378,2.923198,1.565821,2.923198,1.565821,0.175571,1.000000,1.000000
16040.000000,2.920567,1.566297,-0.263067,0.047641,0.000000,3.000000,0.000000,1.000000,0.000000,0.172462,0.422391,0.179731,-0.382245,-1.160670,0.000000,0.000000,1.000000,2.000000,1.217108,3.858378,2.920567,1.566297,2.920567,1.566297,0.175571,1.000000,1.000000
16050.000000,2.917861,1.566734,-0.270604,0.043714,0.000000,3.000000,0.000000,1.000000,0.000000,0.300058,0.452656,0.190826,-0.410466,-1.010619,0.000000,0.000000,1.000000,2.000000,1.217108,3.858378,2.917861,1.566734,2.917861,1.566734,0.175571,1.000000,1.000000
16060.000000,2.915209,1.567121,-0.265245,0.038642,0.000000,3.000000,0.000000,1.000000,0.000000,0.382354,0.456331,0.185862,-0.416765,-0.444113,0.000000,0.000000,1.000000,2.000000,1.217108,3.858378,2.915209,1.567121,2.915209,1.567121,0.175571,1.000000,1.000000
16070.000000,2.912558,1.567584,-0.265098,0.046318,0.000000,3.000000,0.000000,1.000000,0.000000,0.413431,0.458600,0.187394,-0.418565,-0.366791,0.000000,0.000000,1.000000,2.000000,1.217108,3.858378,2.912558,1.567584,2.912558,1.567584,0.175571,1.000000,1.000000
16080.000000,2.909797,1.568171,-0.276123,0.058706,0.000000,3.000000,0.000000,1.000000,0.000000,0.413431,0.450661,0.187026,-0.410021,-0.365449,0.000000,0.000000,1.000000,2.000000,1.217108,3.858378,2.909797,1.568171,2.909797,1.568171,0.175571,1.000000,1.000000
16090.000000,2.906924,1.568924,-0.287294,0.075277,0.000000,3.000000,0.000000,1.000000,0.000000,0.413431,0.440219,0.180912,-0.401328,-0.364117,0.000000,0.000000,1.000000,2.000000,1.217108,3.858378,2.906924,1.568924,2.906924,1.568924,0.175571,1.000000,1.000000
16100.000000,2.903942,1.569776,-0.298141,0.085192,0.000000,3.000000,0.000000,1.000000,0.000000,0.317038,0.418921,0.169961,-0.382894,-0.680318,0.000000,0.000000,1.000000,2.000000,1.217108,3.858378,2.903942,1.569776,2.903942,1.569776,0.175571,1.000000,1.000000
16110.000000,2.901061,1.570590,-0.288102,0.081433,0.000000,3.000000,0.000000,1.000000,0.000000,0.485624,0.403397,0.158658,-0.370886,-0.427151,0.000000,0.000000,1.000000,2.000000,1.217108,3.858378,2.901061,1.570590,2.901061,1.570590,0.175571,1.000000,1.000000
16120.000000,2.898297,1.571410,-0.276401,0.081970,0.000000,3.000000,0.000000,1.000000,0.000000,0.532304,0.380823,0.145830,-0.351795,0.479017,0.000000,0.000000,1.000000,2.000000,1.217108,3.858378,2.898297,1.571410,2.898297,1.571410,0.175571,1.000000,1.000000
16130.000000,2.895632,1.572231,-0.266503,0.082168,0.000000,3.000000,0.000000,1.000000,0.000000,0.561287,0.358451,0.137299,-0.331113,0.762242,0.000000,0.000000,1.000000,2.000000,1.217108,3.858378,2.895632,1.572231,2.895632,1.572231,0.175571,1.000000,1.000000
16140.000000,2.893000,1.573013,-0.263200,0.078157,0.000000,3.000000,0.000000,1.000000,0.000000,0.561287,0.340393,0.130752,-0.314278,0.756470,0.000000,0.000000,1.000000,2.000000,1.217108,3.858378,2.893000,1.573013,2.893000,1.573013,0.175571,1.000000,1.000000
16150.000000,2.890042,1.574061,-0.295807,0.104797,0.000000,3.000000,0.000000,1.000000,0.000000,0.536149,0.327725,0.120845,-0.304631,0.750785,0.000000,0.000000,1.000000,2.000000,1.217108,3.858378,2.890042,1.574061,2.890042,1.574061,0.175571,1.000000,1.000000
16160.000000,2.887299,1.574886,-0.274317,0.082549,0.000000,3.000000,0.000000,1.000000,0.000000,0.451604,0.313822,0.108219,-0.294572,-0.247789,0.000000,0.000000,1.000000,2.000000,1.217108,3.858378,2.887299,1.574886,2.887299,1.574886,0.175571,1.000000,1.000000
16170.000000,2.884861,1.575547,-0.243767,0.066074,0.000000,3.000000,0.000000,1.000000,0.000000,0.451604,0.286468,0.086074,-0.273232,-0.247176,0.000000,0.000000,1.000000,2.000000,1.217108,3.858378,2.884861,1.575547,2.884861,1.575547,0.175571,1.000000,1.000000
16180.000000,2.882632,1.576153,-0.222982,0.060632,0.000000,3.000000,0.000000,1.000000,0.000000,0.174432,0.252563,0.069205,-0.242896,-1.200218,0.000000,0.000000,1.000000,2.000000,1.217108,3.858378,2.882632,1.576153,2.882632,1.576153,0.175571,1.000000,1.000000
16190.000000,2.880528,1.576818,-0.210323,0.066480,0.000000,3.000000,0.000000,1.000000,0.000000,0.220471,0.231078,0.063428,-0.222203,-1.029164,0.000000,0.000000,1.000000,2.000000,1.217108,3.858378,2.880528,1.576818,2.880528,1.576818,0.175571,1.000000,1.000000
16200.000000,2.878489,1.577545,-0.203948,0.072694,0.000000,3.000000,0.000000,1.000000,0.000000,0.241327,0.220580,0.069039,-0.209497,-0.948584,0.000000,0.000000,1.000000,2.000000,1.217108,3.858378,2.878489,1.577545,2.878489,1.577545,0.175571,1.000000,1.000000
16210.000000,2.876600,1.578248,-0.188877,0.070232,0.000000,3.000000,0.000000,1.000000,0.000000,0.234961,0.216516,0.075102,-0.203074,-0.939662,0.000000,0.000000,1.000000,2.000000,1.217108,3.858378,2.876600,1.578248,2.876600,1.578248,0.175571,1.000000,1.000000
16220.000000,2.874860,1.578910,-0.174035,0.066275,0.000000,3.000000,0.000000,1.000000,0.000000,0.227327,0.201512,0.072282,-0.188102,-0.978741,0.000000,0.000000,1.000000,2.000000,1.217108,3.858378,2.874860,1.578910,2.874860,1.578910,0.175571,1.000000,1.000000
16230.000000,2.873251,1.579614,-0.160876,0.070344,0.000000,3.000000,0.000000,1.000000,0.000000,0.103440,0.186227,0.067934,-0.173394,-1.387704,0.000000,0.000000,1.000000,2.000000,1.217108,3.858378,2.873251,1.579614,2.873251,1.579614,0.175571,1.000000,1.000000
16240.000000,2.871742,1.580387,-0.150820,0.077332,0.000000,3.000000,0.000000,1.000000,0.000000,0.271211,0.175583,0.071806,-0.160228,-0.593971,0.000000,0.000000,1.000000,2.000000,1.217108,3.858378,2.871742,1.580387,2.871742,1.580387,0.175571,1.000000,1.000000
16250.000000,2.870358,1.581184,-0.138467,0.079652,0.000000,3.000000,0.000000,1.000000,0.000000,0.271211,0.169490,0.078764,-0.150077,-0.590460,0.000000,0.000000,1.000000,2.000000,1.217108,3.858378,2.870358,1.581184,2.870358,1.581184,0.175571,1.000000,1.000000
16260.000000,2.869097,1.582001,-0.126101,0.081739,0.000000,3.000000,0.000000,1.000000,0.000000,0.256449,0.159742,0.081073,-0.137640,-0.586991,0.000000,0.000000,1.000000,2.000000,1.217108,3.858378,2.869097,1.582001,2.869097,1.582001,0.175571,1.000000,1.000000
16270.000000,2.867960,1.582825,-0.113683,0.082427,0.000000,3.000000,0.000000,1.000000,0.000000,0.187034,0.150276,0.083145,-0.125179,-0.816345,0.000000,0.000000,1.000000,2.000000,1.217108,3.858378,2.867960,1.582825,2.867960,1.582825,0.175571,1.000000,1.000000
16280.000000,2.866934,1.583674,-0.102605,0.084900,0.000000,3.000000,0.000000,1.000000,0.000000,0.187034,0.140421,0.083763,-0.112703,-0.809728,0.000000,0.000000,1.000000,2.000000,1.217108,3.858378,2.866934,1.583674,2.866934,1.583674,0.175571,1.000000,1.000000
16290.000000,2.866038,1.584533,-0.089556,0.085875,0.000000,3.000000,0.000000,1.000000,0.000000,0.098750,0.133176,0.086105,-0.101596,-1.298573,0.000000,0.000000,1.000000,2.000000,1.217108,3.858378,2.866038,1.584533,2.866038,1.584533,0.175571,1.000000,1.000000
16300.000000,2.865272,1.585392,-0.076683,0.085894,0.000000,3.000000,0.000000,1.000000,0.000000,0.098750,0.124076,0.086889,-0.088573,-1.281910,0.000000,0.000000,1.000000,2.000000,1.217108,3.858378,2.865272,1.585392,2.865272,1.585392,0.175571,1.000000,1.000000
16310.000000,2.864661,1.586193,-0.061100,0.080116,0.000000,3.000000,0.000000,1.000000,0.000000,0.164261,0.115143,0.086716,-0.075751,-0.972432,0.000000,0.000000,1.000000,2.000000,1.217108,3.858378,2.864661,1.586193,2.864661,1.586193,0.175571,1.000000,1.000000
16320.000000,2.864166,1.586978,-0.049504,0.078527,0.000000,3.000000,0.000000,1.000000,0.000000,0.164261,0.100756,0.080721,-0.060297,-0.963058,0.000000,0.000000,1.000000,2.000000,1.217108,3.858378,2.864166,1.586978,2.864166,1.586978,0.175571,1.000000,1.000000
16330.000000,2.863741,1.587767,-0.042445,0.078831,0.000000,3.000000,0.000000,1.000000,0.000000,0.164261,0.092829,0.079004,-0.048740,-0.953863,0.000000,0.000000,1.000000,2.000000,1.217108,3.858378,2.863741,1.587767,2.863741,1.587767,0.175571,1.000000,1.000000
16340.000000,2.863402,1.588518,-0.033959,0.075128,0.000000,3.000000,0.000000,1.000000,0.000000,0.096589,0.089532,0.079257,-0.041644,-1.151410,0.000000,0.000000,1.000000,2.000000,1.217108,3.858378,2.863402,1.588518,2.863402,1.588518,0.175571,1.000000,1.000000
16350.000000,2.863184,1.589169,-0.021756,0.065089,0.000000,3.000000,0.000000,1.000000,0.000000,0.186500,0.082447,0.075488,-0.033152,-0.717871,0.000000,0.000000,1.000000,2.000000,1.217108,3.858378,2.863184,1.589169,2.863184,1.589169,0.175571,1.000000,1.000000
16360.000000,2.863056,1.589706,-0.012808,0.053713,0.000000,3.000000,0.000000,1.000000,0.000000,0.260147,0.068629,0.065322,-0.021044,-0.277662,0.000000,0.000000,1.000000,2.000000,1.217108,3.858378,2.863056,1.589706,2.863056,1.589706,0.175571,1.000000,1.000000
16370.000000,2.862983,1.590173,-0.007296,0.046729,0.000000,3.000000,0.000000,1.000000,0.000000,0.260147,0.055219,0.053847,-0.012232,-0.276892,0.000000,0.000000,1.000000,2.000000,1.217108,3.858378,2.862983,1.590173,2.862983,1.590173,0.175571,1.000000,1.000000
16380.000000,2.862923,1.590617,-0.005981,0.044384,0.000000,3.000000,0.000000,1.000000,0.000000,0.260147,0.047295,0.046801,-0.006821,-0.276127,0.000000,0.000000,1.000000,2.000000,1.217108,3.858378,2.862923,1.590617,2.862923,1.590617,0.175571,1.000000,1.000000
16390.000000,2.862844,1.591073,-0.007947,0.045536,0.000000,3.000000,0.000000,1.000000,0.000000,0.215428,0.044785,0.044438,-0.005567,-0.411409,0.000000,0.000000,1.000000,2.000000,1.217108,3.858378,2.862844,1.591073,2.862844,1.591073,0.175571,1.000000,1.000000
16400.000000,2.862752,1.591470,-0.009129,0.039697,0.000000,3.000000,0.000000,1.000000,0.000000,0.215428,0.046225,0.045603,-0.007554,-0.409721,0.000000,0.000000,1.000000,2.000000,1.217108,3.858378,2.862752,1.591470,2.862752,1.591470,0.175571,1.000000,1.000000
16410.000000,2.862675,1.591785,-0.007760,0.031546,0.000000,3.000000,0.000000,1.000000,0.000000,0.240112,0.040733,0.039777,-0.008774,-0.598886,0.000000,0.000000,1.000000,2.000000,1.217108,3.858378,2.862675,1.591785,2.862675,1.591785,0.175571,1.000000,1.000000
16420.000000,2.862675,1.591785,0.000000,0.000000,0.000000,3.000000,0.000000,1.000000,0.000000,0.240112,0.032486,0.031619,-0.007455,-0.744068,0.000000,0.000000,1.000000,2.000000,1.217108,3.858378,2.862675,1.591785,2.862675,1.591785,0.175571,1.000000,1.000000
16430.000000,2.862675,1.591785,0.000000,0.000000,0.000000,3.000000,0.000000,1.000000,0.000000,0.218198,0.027908,0.027265,-0.005956,-0.895507,0.000000,0.000000,1.000000,2.000000,1.217108,3.858378,2.862675,1.591785,2.862675,1.591785,0.175571,1.000000,1.000000
16440.000000,2.862675,1.591785,0.000000,0.000000,0.000000,3.000000,0.000000,1.000000,0.000000,0.166974,0.025617,0.025246,-0.004346,-0.952600,0.000000,0.000000,1.000000,2.000000,1.217108,3.858378,2.862675,1.591785,2.862675,1.591785,0.175571,1.000000,1.000000
16450.000000,2.862675,1.591785,0.000000,0.000000,0.000000,3.000000,0.000000,1.000000,0.000000,0.156545,0.026043,0.025315,-0.006115,-0.974389,0.000000,0.000000,1.000000,2.000000,1.217108,3.858378,2.862675,1.591785,2.862675,1.591785,0.175571,1.000000,1.000000
16460.000000,2.862675,1.591785,0.000000,0.000000,0.000000,3.000000,0.000000,1.000000,0.000000,0.123325,0.025743,0.025357,-0.004444,-1.103611,0.000000,0.000000,1.000000,2.000000,1.217108,3.858378,2.862675,1.591785,2.862675,1.591785,0.175571,1.000000,1.000000
16470.000000,2.862675,1.591785,0.000000,0.000000,0.000000,3.000000,0.000000,1.000000,0.000000,0.069034,0.026909,0.026691,-0.003418,-1.311052,0.000000,0.000000,1.000000,2.000000,1.217108,3.858378,2.862675,1.591785,2.862675,1.591785,0.175571,1.000000,1.000000
16480.000000,2.862675,1.591785,0.000000,0.000000,0.000000,3.000000,0.000000,1.000000,0.000000,0.062043,0.028064,0.027510,-0.005545,-1.310359,0.000000,0.000000,1.000000,2.000000,1.217108,3.858378,2.862675,1.591785,2.862675,1.591785,0.175571,1.000000,1.000000
16490.000000,2.862426,1.591978,-0.024877,0.019263,0.000000,3.000000,0.000000,1.000000,0.000000,0.051413,0.027070,0.013620,-0.023394,-1.351220,0.000000,0.000000,1.000000,2.000000,1.217108,3.858378,2.862426,1.591978,2.862426,1.591978,0.175571,1.000000,1.000000
16500.000000,2.862203,1.592292,-0.022329,0.031401,0.000000,3.000000,0.000000,1.000000,0.000000,0.070731,0.031463,0.019485,-0.024703,-1.223870,0.000000,0.000000,1.000000,2.000000,1.217108,3.858378,2.862203,1.592292,2.862203,1.592292,0.175571,1.000000,1.000000
16510.000000,2.862029,1.592739,-0.017390,0.044759,0.000000,3.000000,0.000000,1.000000,0.000000,0.070731,0.038531,0.031591,-0.022061,-1.209058,0.000000,0.000000,1.000000,2.000000,1.217108,3.858378,2.862029,1.592739,2.862029,1.592739,0.175571,1.000000,1.000000
16520.000000,2.861892,1.593315,-0.013756,0.057539,0.000000,3.000000,0.000000,1.000000,0.000000,0.065492,0.048019,0.044912,-0.016992,-1.225209,0.000000,0.000000,1.000000,2.000000,1.217108,3.858378,2.861892,1.593315,2.861892,1.593315,0.175571,1.000000,1.000000
16530.000000,2.861755,1.594014,-0.013656,0.069945,0.000000,3.000000,0.000000,1.000000,0.000000,0.085885,0.059160,0.057671,-0.013190,-1.228134,0.000000,0.000000,1.000000,2.000000,1.217108,3.858378,2.861755,1.594014,2.861755,1.594014,0.175571,1.000000,1.000000
16540.000000,2.861612,1.594809,-0.014256,0.079529,0.000000,3.000000,0.000000,1.000000,0.000000,0.088265,0.071266,0.070084,-0.012924,-1.210041,0.000000,0.000000,1.000000,2.000000,1.217108,3.858378,2.861612,1.594809,2.861612,1.594809,0.175571,1.000000,1.000000
16550.000000,2.861466,1.595703,-0.014619,0.089345,0.000000,3.000000,0.000000,1.000000,0.000000,0.097035,0.080796,0.079669,-0.013449,-1.099380,0.000000,0.000000,1.000000,2.000000,1.217108,3.858378,2.861466,1.595703,2.861466,1.595703,0.175571,1.000000,1.000000
16560.000000,2.861290,1.596696,-0.017618,0.099275,0.000000,3.000000,0.000000,1.000000,0.000000,0.154909,0.090533,0.089480,-0.013772,-0.753205,0.000000,0.000000,1.000000,2.000000,1.217108,3.858378,2.861290,1.596696,2.861290,1.596696,0.175571,1.000000,1.000000
16570.000000,2.861095,1.597736,-0.019511,0.104052,0.000000,3.000000,0.000000,1.000000,0.000000,0.204803,0.100826,0.099429,-0.016728,-0.625084,0.000000,0.000000,1.000000,2.000000,1.217108,3.858378,2.861095,1.597736,2.861095,1.597736,0.175571,1.000000,1.000000
16580.000000,2.860901,1.598832,-0.019421,0.109597,0.000000,3.000000,0.000000,1.000000,0.000000,0.233936,0.105865,0.104229,-0.018542,-0.621197,0.000000,0.000000,1.000000,2.000000,1.217108,3.858378,2.860901,1.598832,2.860901,1.598832,0.175571,1.000000,1.000000
16590.000000,2.860748,1.599976,-0.015286,0.114351,0.000000,3.000000,0.000000,1.000000,0.000000,0.233936,0.111304,0.109793,-0.018278,-0.627574,0.000000,0.000000,1.000000,2.000000,1.217108,3.858378,2.860748,1.599976,2.860748,1.599976,0.175571,1.000000,1.000000
16600.000000,2.860662,1.601149,-0.008539,0.117330,0.000000,3.000000,0.000000,1.000000,0.000000,0.194100,0.115368,0.114518,-0.013980,-0.798235,0.000000,0.000000,1.000000,2.000000,1.217108,3.858378,2.860662,1.601149,2.860662,1.601149,0.175571,1.000000,1.000000
16610.000000,2.860633,1.602354,-0.002946,0.120484,0.000000,3.000000,0.000000,1.000000,0.000000,0.146746,0.117640,0.117419,-0.007205,-0.959885,0.000000,0.000000,1.000000,2.000000,1.217108,3.858378,2.860633,1.602354,2.860633,1.602354,0.175571,1.000000,1.000000
16620.000000,2.860623,1.603604,-0.000953,0.125020,0.000000,3.000000,0.000000,1.000000,0.000000,0.110085,0.120520,0.120509,-0.001667,-1.058639,0.000000,0.000000,1.000000,2.000000,1.217108,3.858378,2.860623,1.603604,2.860623,1.603604,0.175571,1.000000,1.000000
16630.000000,2.860646,1.604876,0.002279,0.127173,0.000000,3.000000,0.000000,1.000000,0.000000,0.141485,0.125023,0.125023,0.000355,-0.839329,0.000000,0.000000,1.000000,2.000000,1.217108,3.858378,2.860646,1.604876,2.860646,1.604876,0.175571,1.000000,1.000000
16640.000000,2.860703,1.606161,0.005644,0.128511,0.000000,3.000000,0.000000,1.000000,0.000000,0.141485,0.127193,0.127140,0.003665,-0.832336,0.000000,0.000000,1.000000,2.000000,1.217108,3.858378,2.860703,1.606161,2.860703,1.606161,0.175571,1.000000,1.000000
16650.000000,2.860753,1.607467,0.005009,0.130609,0.000000,3.000000,0.000000,1.000000,0.000000,0.138289,0.128635,0.128440,0.007075,-0.825458,0.000000,0.000000,1.000000,2.000000,1.217108,3.858378,2.860753,1.607467,2.860753,1.607467,0.175571,1.000000,1.000000
16660.000000,2.860765,1.608792,0.001167,0.132515,0.000000,3.000000,0.000000,1.000000,0.000000,0.191828,0.130705,0.130547,0.006412,-0.990592,0.000000,0.000000,1.000000,2.000000,1.217108,3.858378,2.860765,1.608792,2.860765,1.608792,0.175571,1.000000,1.000000
16670.000000,2.860780,1.610116,0.001517,0.132407,0.000000,3.000000,0.000000,1.000000,0.000000,0.163102,0.132520,0.132495,0.002558,-0.980866,0.000000,0.000000,1.000000,2.000000,1.217108,3.858378,2.860780,1.610116,2.860780,1.610116,0.175571,1.000000,1.000000
16680.000000,2.860790,1.611420,0.001053,0.130370,0.000000,3.000000,0.000000,1.000000,0.000000,0.119299,0.132415,0.132382,0.002949,-1.091047,0.000000,0.000000,1.000000,2.000000,1.217108,3.858378,2.860790,1.611420,2.860790,1.611420,0.175571,1.000000,1.000000
16690.000000,2.860785,1.612645,-0.000510,0.122563,0.000000,3.000000,0.000000,1.000000,0.000000,0.154217,0.130375,0.130351,0.002500,-0.829678,0.000000,0.000000,1.000000,2.000000,1.217108,3.858378,2.860785,1.612645,2.860785,1.612645,0.175571,1.000000,1.000000
16700.000000,2.860743,1.613836,-0.004266,0.119046,0.000000,3.000000,0.000000,1.000000,0.000000,0.171835,0.122564,0.122561,0.000846,-0.645769,0.000000,0.000000,1.000000,2.000000,1.217108,3.858378,2.860743,1.613836,2.860743,1.613836,0.175571,1.000000,1.000000
16710.000000,2.860677,1.614991,-0.006607,0.115574,0.000000,3.000000,0.000000,1.000000,0.000000,0.241424,0.119122,0.119086,-0.002927,-0.403998,0.000000,0.000000,1.000000,2.000000,1.217108,3.858378,2.860677,1.614991,2.860677,1.614991,0.175571,1.000000,1.000000
16720.000000,2.860616,1.616093,-0.005997,0.110193,0.000000,3.000000,0.000000,1.000000,0.000000,0.244061,0.115763,0.115644,-0.005244,-0.289775,0.000000,0.000000,1.000000,2.000000,1.217108,3.858378,2.860616,1.616093,2.860616,1.616093,0.175571,1.000000,1.000000
16730.000000,2.860629,1.617137,0.001284,0.104364,0.000000,3.000000,0.000000,1.000000,0.000000,0.244061,0.110356,0.110260,-0.004598,-0.288937,0.000000,0.000000,1.000000,2.000000,1.217108,3.858378,2.860629,1.617137,2.860629,1.617137,0.175571,1.000000,1.000000
16740.000000,2.860830,1.618323,0.020020,0.118650,0.000000,3.000000,0.000000,1.000000,0.000000,0.198307,0.104372,0.104337,0.002691,-0.404189,0.000000,0.000000,1.000000,2.000000,1.217108,3.858378,2.860830,1.618323,2.860830,1.618323,0.175571,1.000000,1.000000
16750.000000,2.861110,1.619643,0.028007,0.131957,0.000000,3.000000,0.000000,1.000000,0.000000,0.175158,0.120327,0.118365,0.021642,-0.506692,0.000000,0.000000,1.000000,2.000000,1.217108,3.858378,2.861110,1.619643,2.861110,1.619643,0.175571,1.000000,1.000000
16760.000000,2.861296,1.620905,0.018659,0.126186,0.000000,3.000000,0.000000,1.000000,0.000000,0.175158,0.134897,0.131557,0.029831,-0.504135,0.000000,0.000000,1.000000,2.000000,1.217108,3.858378,2.861296,1.620905,2.861296,1.620905,0.175571,1.000000,1.000000
16770.000000,2.861399,1.622026,0.010283,0.112141,0.000000,3.000000,0.000000,1.000000,0.000000,0.158298,0.127558,0.125918,0.020384,-0.884712,0.000000,0.000000,1.000000,2.000000,1.217108,3.858378,2.861399,1.622026,2.861399,1.622026,0.175571,1.000000,1.000000
16780.000000,2.861486,1.622964,0.008717,0.093752,0.000000,3.000000,0.000000,1.000000,0.000000,0.094796,0.112611,0.111989,0.011826,-0.914516,0.000000,0.000000,1.000000,2.000000,1.217108,3.858378,2.861486,1.622964,2.861486,1.622964,0.175571,1.000000,1.000000
16790.000000,2.861578,1.623788,0.009193,0.082474,0.000000,3.000000,0.000000,1.000000,0.000000,0.110323,0.094156,0.093622,0.010019,-0.781556,0.000000,0.000000,1.000000,2.000000,1.217108,3.858378,2.861578,1.623788,2.861578,1.623788,0.175571,1.000000,1.000000
16800.000000,2.861612,1.624550,0.003327,0.076121,0.000000,3.000000,0.000000,1.000000,0.000000,0.117853,0.082985,0.082345,0.010287,-0.750621,0.000000,0.000000,1.000000,2.000000,1.217108,3.858378,2.861612,1.624550,2.861612,1.624550,0.175571,1.000000,1.000000
16810.000000,2.861636,1.625285,0.002466,0.073566,0.000000,3.000000,0.000000,1.000000,0.000000,0.141638,0.076194,0.076075,0.004248,-0.650788,0.000000,0.000000,1.000000,2.000000,1.217108,3.858378,2.861636,1.625285,2.861636,1.625285,0.175571,1.000000,1.000000
16820.000000,2.861642,1.625966,0.000564,0.068059,0.000000,3.000000,0.000000,1.000000,0.000000,0.155807,0.073608,0.073534,0.003298,-0.566476,0.000000,0.000000,1.000000,2.000000,1.217108,3.858378,2.861642,1.625966,2.861642,1.625966,0.175571,1.000000,1.000000
16830.000000,2.861656,1.626580,0.001430,0.061431,0.000000,3.000000,0.000000,1.000000,0.000000,0.162058,0.068061,0.068048,0.001336,-0.563282,0.000000,0.000000,1.000000,2.000000,1.217108,3.858378,2.861656,1.626580,2.861656,1.626580,0.175571,1.000000,1.000000
16840.000000,2.861648,1.627153,-0.000820,0.057326,0.000000,3.000000,0.000000,1.000000,0.000000,0.175732,0.061448,0.061409,0.002199,-0.771740,0.000000,0.000000,1.000000,2.000000,1.217108,3.858378,2.861648,1.627153,2.861648,1.627153,0.175571,1.000000,1.000000
16850.000000,2.861613,1.627701,-0.003555,0.054784,0.000000,3.000000,0.000000,1.000000,0.000000,0.156773,0.057332,0.057332,-0.000029,-0.835436,0.000000,0.000000,1.000000,2.000000,1.217108,3.858378,2.861613,1.627701,2.861613,1.627701,0.175571,1.000000,1.000000
16860.000000,2.861596,1.628214,-0.001701,0.051311,0.000000,3.000000,0.000000,1.000000,0.000000,0.139234,0.054899,0.054829,-0.002775,-0.838016,0.000000,0.000000,1.000000,2.000000,1.217108,3.858378,2.861596,1.628214,2.861596,1.628214,0.175571,1.000000,1.000000
16870.000000,2.861605,1.628654,0.000924,0.043961,0.000000,3.000000,0.000000,1.000000,0.000000,0.128192,0.051339,0.051329,-0.001014,-0.831045,0.000000,0.000000,1.000000,2.000000,1.217108,3.858378,2.861605,1.628654,2.861605,1.628654,0.175571,1.000000,1.000000
16880.000000,2.861610,1.629068,0.000447,0.041384,0.000000,3.000000,0.000000,1.000000,0.000000,0.112785,0.043971,0.043947,0.001445,-0.824189,0.000000,0.000000,1.000000,2.000000,1.217108,3.858378,2.861610,1.629068,2.861610,1.629068,0.175571,1.000000,1.000000
16890.000000,2.861590,1.629459,-0.001922,0.039127,0.000000,3.000000,0.000000,1.000000,0.000000,0.076349,0.041386,0.041377,0.000887,-0.901536,0.000000,0.000000,1.000000,2.000000,1.217108,3.858378,2.861590,1.629459,2.861590,1.629459,0.175571,1.000000,1.000000
16900.000000,2.861577,1.629830,-0.001322,0.037108,0.000000,3.000000,0.000000,1.000000,0.000000,0.073020,0.039174,0.039144,-0.001523,-0.930941,0.000000,0.000000,1.000000,2.000000,1.217108,3.858378,2.861577,1.629830,2.861577,1.629830,0.175571,1.000000,1.000000
16910.000000,2.861568,1.630163,-0.000946,0.033251,0.000000,3.000000,0.000000,1.000000,0.000000,0.073020,0.037131,0.037119,-0.000935,-1.027566,0.000000,0.000000,1.000000,2.000000,1.217108,3.858378,2.861568,1.630163,2.861568,1.630163,0.175571,1.000000,1.000000
16920.000000,2.861567,1.630491,-0.000052,0.032853,0.000000,3.000000,0.000000,1.000000,0.000000,0.065278,0.033264,0.033259,-0.000574,-1.070770,0.000000,0.000000,1.000000,2.000000,1.217108,3.858378,2.861567,1.630491,2.861567,1.630491,0.175571,1.000000,1.000000
16930.000000,2.861566,1.630798,-0.000157,0.030639,0.000000,3.000000,0.000000,1.000000,0.000000,0.033703,0.032853,0.032852,0.000337,-1.212015,0.000000,0.000000,1.000000,2.000000,1.217108,3.858378,2.861566,1.630798,2.861566,1.630798,0.175571,1.000000,1.000000
16940.000000,2.861566,1.630798,0.000000,0.000000,0.000000,3.000000,0.000000,1.000000,0.000000,0.047463,0.030639,0.030639,0.000207,-1.092632,0.000000,0.000000,1.000000,2.000000,1.217108,3.858378,2.861566,1.630798,2.861566,1.630798,0.175571,1.000000,1.000000
16950.000000,2.861566,1.630798,0.000000,0.000000,0.000000,3.000000,0.000000,1.000000,0.000000,0.091031,0.029307,0.029280,-0.001252,-0.790321,0.000000,0.000000,1.000000,2.000000,1.217108,3.858378,2.861566,1.630798,2.861566,1.630798,0.175571,1.000000,1.000000
16960.000000,2.861566,1.630798,0.000000,0.000000,0.000000,3.000000,0.000000,1.000000,0.000000,0.091031,0.024528,0.024520,0.000610,-0.784118,0.000000,0.000000,1.000000,2.000000,1.217108,3.858378,2.861566,1.630798,2.861566,1.630798,0.175571,1.000000,1.000000
16970.000000,2.861566,1.630798,0.000000,0.000000,0.000000,3.000000,0.000000,1.000000,0.000000,0.091031,0.022909,0.022906,0.000375,-0.778012,0.000000,0.000000,1.000000,2.000000,1.217108,3.858378,2.861566,1.630798,2.861566,1.630798,0.175571,1.000000,1.000000
16980.000000,2.861566,1.630798,0.000000,0.000000,0.000000,3.000000,0.000000,1.000000,0.000000,0.068200,0.019958,0.019953,-0.000459,-0.963476,0.000000,0.000000,1.000000,2.000000,1.217108,3.858378,2.861566,1.630798,2.861566,1.630798,0.175571,1.000000,1.000000
16990.000000,2.861566,1.630798,0.000000,0.000000,0.000000,3.000000,0.000000,1.000000,0.000000,0.033284,0.019802,0.019448,-0.003728,-1.173853,0.000000,0.000000,1.000000,2.000000,1.217108,3.858378,2.861566,1.630798,2.861566,1.630798,0.175571,1.000000,1.000000
17000.000000,2.861566,1.630798,0.000000,0.000000,0.000000,3.000000,0.000000,1.000000,0.000000,0.031625,0.017085,0.016520,-0.004357,-1.155581,0.000000,0.000000,1.000000,2.000000,1.217108,3.858378,2.861566,1.630798,2.861566,1.630798,0.175571,1.000000,1.000000
17010.000000,2.861566,1.630798,0.000000,0.000000,0.000000,3.000000,0.000000,1.000000,0.000000,0.031625,0.013389,0.012760,-0.004054,-1.142367,0.000000,0.000000,1.000000,2.000000,1.217108,3.858378,2.861566,1.630798,2.861566,1.630798,0.175571,1.000000,1.000000
17020.000000,2.861566,1.630798,0.000000,0.000000,0.000000,3.000000,0.000000,1.000000,0.000000,0.028394,0.009476,0.009143,-0.002489,-1.134066,0.000000,0.000000,1.000000,2.000000,1.217108,3.858378,2.861566,1.630798,2.861566,1.630798,0.175571,1.000000,1.000000
17030.000000,2.861566,1.630798,0.000000,0.000000,0.000000,3.000000,0.000000,1.000000,0.000000,0.032047,0.005030,0.004960,-0.000839,-1.064477,0.000000,0.000000,1.000000,2.000000,1.217108,3.858378,2.861566,1.630798,2.861566,1.630798,0.175571,1.000000,1.000000
17040.000000,2.861566,1.630798,0.000000,0.000000,0.000000,3.000000,0.000000,1.000000,0.000000,0.032533,0.002397,0.002391,0.000174,-1.053255,0.000000,0.000000,1.000000,2.000000,1.217108,3.858378,2.861566,1.630798,2.861566,1.630798,0.175571,1.000000,1.000000
17050.000000,2.861566,1.630798,0.000000,0.000000,0.000000,3.000000,0.000000,1.000000,0.000000,0.039847,0.001001,0.000814,-0.000582,-0.993807,0.000000,0.000000,1.000000,2.000000,1.217108,3.858378,2.861566,1.630798,2.861566,1.630798,0.175571,1.000000,1.000000
17060.000000,2.861566,1.630798,0.000000,0.000000,0.000000,3.000000,0.000000,1.000000,0.000000,0.039847,0.001303,-0.000809,0.001021,-0.984018,0.000000,0.000000,1.000000,2.000000,1.217108,3.858378,2.861566,1.630798,2.861566,1.630798,0.175571,1.000000,1.000000
17070.000000,2.861566,1.630798,0.000000,0.000000,0.000000,3.000000,0.000000,1.000000,0.000000,0.037834,0.002789,-0.002459,0.001316,-0.984452,0.000000,0.000000,1.000000,2.000000,1.217108,3.858378,2.861566,1.630798,2.861566,1.630798,0.175571,1.000000,1.000000
17080.000000,2.861566,1.630798,0.000000,0.000000,0.000000,3.000000,0.000000,1.000000,0.000000,0.021172,0.001713,-0.001510,0.000808,-1.080366,0.000000,0.000000,1.000000,2.000000,1.217108,3.858378,2.861566,1.630798,2.861566,1.630798,0.175571,1.000000,1.000000
17090.000000,2.861566,1.630798,0.000000,0.000000,0.000000,3.000000,0.000000,1.000000,0.000000,0.023360,0.001052,-0.000927,0.000496,-1.053273,0.000000,0.000000,1.000000,2.000000,1.217108,3.858378,2.861566,1.630798,2.861566,1.630798,0.175571,1.000000,1.000000
17100.000000,2.861566,1.630798,0.000000,0.000000,0.000000,3.000000,0.000000,1.000000,0.000000,0.032893,0.000646,-0.000569,0.000305,-0.972540,0.000000,0.000000,1.000000,2.000000,1.217108,3.858378,2.861566,1.630798,2.861566,1.630798,0.175571,1.000000,1.000000
17110.000000,2.861566,1.630798,0.000000,0.000000,0.000000,3.000000,0.000000,1.000000,0.000000,0.032893,0.000396,-0.000350,0.000187,-0.963163,0.000000,0.000000,1.000000,2.000000,1.217108,3.858378,2.861566,1.630798,2.861566,1.630798,0.175571,1.000000,1.000000
17120.000000,2.861566,1.630798,0.000000,0.000000,0.000000,3.000000,0.000000,1.000000,0.000000,0.032893,0.001100,0.001094,0.000115,-0.953966,0.000000,0.000000,1.000000,2.000000,1.217108,3.858378,2.861566,1.630798,2.861566,1.630798,0.175571,1.000000,1.000000
17130.000000,2.861566,1.630798,0.000000,0.000000,0.000000,3.000000,0.000000,1.000000,0.000000,0.019523,0.002742,0.002634,0.000760,-1.050506,0.000000,0.000000,1.000000,2.000000,1.217108,3.858378,2.861566,1.630798,2.861566,1.630798,0.175571,1.000000,1.000000
17140.000000,2.861566,1.630798,0.000000,0.000000,0.000000,3.000000,0.000000,1.000000,0.000000,0.018249,0.003762,0.003580,0.001156,-1.068366,0.000000,0.000000,1.000000,2.000000,1.217108,3.858378,2.861566,1.630798,2.861566,1.630798,0.175571,1.000000,1.000000
17150.000000,2.861566,1.630798,0.000000,0.000000,0.000000,3.000000,0.000000,1.000000,0.000000,0.018249,0.004390,0.004161,0.001399,-1.057061,0.000000,0.000000,1.000000,2.000000,1.217108,3.858378,2.861566,1.630798,2.861566,1.630798,0.175571,1.000000,1.000000
17160.000000,2.861566,1.630798,0.000000,0.000000,0.000000,3.000000,0.000000,1.000000,0.000000,0.022731,0.004464,0.003863,0.002238,-1.013514,0.000000,0.000000,1.000000,2.000000,1.217108,3.858378,2.861566,1.630798,2.861566,1.630798,0.175571,1.000000,1.000000
17170.000000,2.861566,1.630798,0.000000,0.000000,0.000000,3.000000,0.000000,1.000000,0.000000,0.026745,0.005175,0.004989,0.001374,-0.907535,0.000000,0.000000,1.000000,2.000000,1.217108,3.858378,2.861566,1.630798,2.861566,1.630798,0.175571,1.000000,1.000000
17180.000000,2.861566,1.630798,0.000000,0.000000,0.000000,3.000000,0.000000,1.000000,0.000000,0.025858,0.004452,0.004372,0.000844,-0.895208,0.000000,0.000000,1.000000,2.000000,1.217108,3.858378,2.861566,1.630798,2.861566,1.630798,0.175571,1.000000,1.000000
17190.000000,2.861566,1.630798,0.000000,0.000000,0.000000,3.000000,0.000000,1.000000,0.000000,0.027291,0.005318,0.004647,0.002586,-0.887257,0.000000,0.000000,1.000000,2.000000,1.217108,3.858378,2.861566,1.630798,2.861566,1.630798,0.175571,1.000000,1.000000
17200.000000,2.861566,1.630798,0.000000,0.000000,0.000000,3.000000,0.000000,1.000000,0.000000,0.024133,0.005327,0.004816,0.002277,-0.919134,0.000000,0.000000,1.000000,2.000000,1.217108,3.858378,2.861566,1.630798,2.861566,1.630798,0.175571,1.000000,1.000000
17210.000000,2.861566,1.630798,0.000000,0.000000,0.000000,3.000000,0.000000,1.000000,0.000000,0.019447,0.004489,0.004265,0.001398,-0.924271,0.000000,0.000000,1.000000,2.000000,1.217108,3.858378,2.861566,1.630798,2.861566,1.630798,0.175571,1.000000,1.000000
17220.000000,2.861566,1.630798,0.000000,0.000000,0.000000,3.000000,0.000000,1.000000,0.000000,0.020789,0.004020,0.003927,0.000858,-0.906947,0.000000,0.000000,1.000000,2.000000,1.217108,3.858378,2.861566,1.630798,2.861566,1.630798,0.175571,1.000000,1.000000
17230.000000,2.861566,1.630798,0.000000,0.000000,0.000000,3.000000,0.000000,1.000000,0.000000,0.025343,0.002468,0.002411,0.000527,-0.898787,0.000000,0.000000,1.000000,2.000000,1.217108,3.858378,2.861566,1.630798,2.861566,1.630798,0.175571,1.000000,1.000000
17240.000000,2.861566,1.630798,0.000000,0.000000,0.000000,3.000000,0.000000,1.000000,0.000000,0.025776,0.002363,0.002135,0.001013,-0.896977,0.000000,0.000000,1.000000,2.000000,1.217108,3.858378,2.861566,1.630798,2.861566,1.630798,0.175571,1.000000,1.000000
17250.000000,2.861566,1.630798,0.000000,0.000000,0.000000,3.000000,0.000000,1.000000,0.000000,0.012204,0.001966,0.001965,-0.000067,-0.961670,0.000000,0.000000,1.000000,2.000000,1.217108,3.858378,2.861566,1.630798,2.861566,1.630798,0.175571,1.000000,1.000000
17260.000000,2.861566,1.630798,0.000000,0.000000,0.000000,3.000000,0.000000,1.000000,0.000000,0.012574,0.001207,0.001207,-0.000041,-0.946073,0.000000,0.000000,1.000000,2.000000,1.217108,3.858378,2.861566,1.630798,2.861566,1.630798,0.175571,1.000000,1.000000
17270.000000,2.861566,1.630798,0.000000,0.000000,0.000000,3.000000,0.000000,1.000000,0.000000,0.012636,0.000741,0.000741,-0.000025,-0.929679,0.000000,0.000000,1.000000,2.000000,1.217108,3.858378,2.861566,1.630798,2.861566,1.630798,0.175571,1.000000,1.000000
17280.000000,2.861566,1.630798,0.000000,0.000000,0.000000,3.000000,0.000000,1.000000,0.000000,0.012636,0.000455,0.000455,-0.000016,-0.921107,0.000000,0.000000,1.000000,2.000000,1.217108,3.858378,2.861566,1.630798,2.861566,1.630798,0.175571,1.000000,1.000000
17290.000000,2.861566,1.630798,0.000000,0.000000,0.000000,3.000000,0.000000,1.000000,0.000000,0.012636,0.000279,0.000279,-0.000010,-0.912692,0.000000,0.000000,1.000000,2.000000,1.217108,3.858378,2.861566,1.630798,2.861566,1.630798,0.175571,1.000000,1.000000
17300.000000,2.861566,1.630798,0.000000,0.000000,0.000000,3.000000,0.000000,1.000000,0.000000,0.008727,0.000172,0.000171,-0.000006,-0.932156,0.000000,0.000000,1.000000,2.000000,1.217108,3.858378,2.861566,1.630798,2.861566,1.630798,0.175571,1.000000,1.000000
17310.000000,2.861566,1.630798,0.000000,0.000000,0.000000,3.000000,0.000000,1.000000,0.000000,0.009135,0.000105,0.000105,-0.000004,-0.931613,0.000000,0.000000,1.000000,2.000000,1.217108,3.858378,2.861566,1.630798,2.861566,1.630798,0.175571,1.000000,1.000000
17320.000000,2.861566,1.630798,0.000000,0.000000,0.000000,3.000000,0.000000,1.000000,0.000000,0.009921,0.000065,0.000065,-0.000002,-0.918098,0.000000,0.000000,1.000000,2.000000,1.217108,3.858378,2.861566,1.630798,2.861566,1.630798,0.175571,1.000000,1.000000
17330.000000,2.861566,1.630798,0.000000,0.000000,0.000000,3.000000,0.000000,1.000000,0.000000,0.009921,0.000040,0.000040,-0.000001,-0.909738,0.000000,0.000000,1.000000,2.000000,1.217108,3.858378,2.861566,1.630798,2.861566,1.630798,0.175571,1.000000,1.000000
17340.000000,2.861566,1.630798,0.000000,0.000000,0.000000,3.000000,0.000000,1.000000,0.000000,0.009822,0.000024,0.000024,-0.000001,-0.901528,0.000000,0.000000,1.000000,2.000000,1.217108,3.858378,2.861566,1.630798,2.861566,1.630798,0.175571,1.000000,1.000000
17350.000000,2.861566,1.630798,0.000000,0.000000,0.000000,3.000000,0.000000,1.000000,0.000000,0.009417,0.000015,0.000015,-0.000001,-0.902995,0.000000,0.000000,1.000000,2.000000,1.217108,3.858378,2.861566,1.630798,2.861566,1.630798,0.175571,1.000000,1.000000
17360.000000,2.861566,1.630798,0.000000,0.000000,0.000000,3.000000,0.000000,1.000000,0.000000,0.008971,0.000009,0.000009,-0.000000,-0.894122,0.000000,0.000000,1.000000,2.000000,1.217108,3.858378,2.861566,1.630798,2.861566,1.630798,0.175571,1.000000,1.000000
17370.000000,2.861566,1.630798,0.000000,0.000000,0.000000,3.000000,0.000000,1.000000,0.000000,0.006601,0.000006,0.000006,-0.000000,-0.885801,0.000000,0.000000,1.000000,2.000000,1.217108,3.858378,2.861566,1.630798,2.861566,1.630798,0.175571,1.000000,1.000000
17380.000000,2.861566,1.630798,0.000000,0.000000,0.000000,3.000000,0.000000,1.000000,0.000000,0.007155,0.000003,0.000003,-0.000000,-0.878015,0.000000,0.000000,1.000000,2.000000,1.217108,3.858378,2.861566,1.630798,2.861566,1.630798,0.175571,1.000000,1.000000
17390.000000,2.861566,1.630798,0.000000,0.000000,0.000000,3.000000,0.000000,1.000000,0.000000,0.007855,0.000002,0.000002,-0.000000,-0.872753,0.000000,0.000000,1.000000,2.000000,1.217108,3.858378,2.861566,1.630798,2.861566,1.630798,0.175571,1.000000,1.000000
17400.000000,2.861566,1.630798,0.000000,0.000000,0.000000,3.000000,0.000000,1.000000,0.000000,0.006988,0.000001,0.000001,-0.000000,-0.871962,0.000000,0.000000,1.000000,2.000000,1.217108,3.858378,2.861566,1.630798,2.861566,1.630798,0.175571,1.000000,1.000000
17410.000000,2.861566,1.630798,0.000000,0.000000,0.000000,3.000000,0.000000,1.000000,0.000000,0.006216,0.000001,0.000001,-0.000000,-0.863676,0.000000,0.000000,1.000000,2.000000,1.217108,3.858378,2.861566,1.630798,2.861566,1.630798,0.175571,1.000000,1.000000
17420.000000,2.861566,1.630798,0.000000,0.000000,0.000000,3.000000,0.000000,1.000000,0.000000,0.005528,0.000000,0.000000,-0.000000,-0.856273,0.000000,0.000000,1.000000,2.000000,1.217108,3.858378,2.861566,1.630798,2.861566,1.630798,0.175571,1.000000,1.000000
17430.000000,2.861566,1.630798,0.000000,0.000000,0.000000,3.000000,0.000000,1.000000,0.000000,0.004915,0.000000,0.000000,-0.000000,-0.851312,0.000000,0.000000,1.000000,2.000000,1.217108,3.858378,2.861566,1.630798,2.861566,1.630798,0.175571,1.000000,1.000000
17440.000000,2.861566,1.630798,0.000000,0.000000,0.000000,3.000000,0.000000,1.000000,0.000000,0.004767,0.000000,0.000000,-0.000000,-0.844132,0.000000,0.000000,1.000000,2.000000,1.217108,3.858378,2.861566,1.630798,2.861566,1.630798,0.175571,1.000000,1.000000
17450.000000,2.861566,1.630798,0.000000,0.000000,0.000000,3.000000,0.000000,1.000000,0.000000,0.004238,0.000000,0.000000,-0.000000,-0.835587,0.000000,0.000000,1.000000,2.000000,1.217108,3.858378,2.861566,1.630798,2.861566,1.630798,0.175571,1.000000,1.000000
17460.000000,2.861566,1.630798,0.000000,0.000000,0.000000,3.000000,0.000000,1.000000,0.000000,0.003768,0.000000,0.000000,-0.000000,-0.828656,0.000000,0.000000,1.000000,2.000000,1.217108,3.858378,2.861566,1.630798,2.861566,1.630798,0.175571,1.000000,1.000000
17470.000000,2.861566,1.630798,0.000000,0.000000,0.000000,3.000000,0.000000,1.000000,0.000000,0.003349,0.000000,0.000000,-0.000000,-0.821839,0.000000,0.000000,1.000000,2.000000,1.217108,3.858378,2.861566,1.630798,2.861566,1.630798,0.175571,1.000000,1.000000
17480.000000,2.861566,1.630798,0.000000,0.000000,0.000000,3.000000,0.000000,1.000000,0.000000,0.002977,0.000000,0.000000,-0.000000,-0.819775,0.000000,0.000000,1.000000,2.000000,1.217108,3.858378,2.861566,1.630798,2.861566,1.630798,0.175571,1.000000,1.000000
17490.000000,2.861566,1.630798,0.000000,0.000000,0.000000,3.000000,0.000000,1.000000,0.000000,0.002647,0.000000,0.000000,-0.000000,-0.811272,0.000000,0.000000,1.000000,2.000000,1.217108,3.858378,2.861566,1.630798,2.861566,1.630798,0.175571,1.000000,1.000000
17500.000000,2.861566,1.630798,0.000000,0.000000,0.000000,3.000000,0.000000,1.000000,0.000000,0.002353,0.000000,0.000000,-0.000000,-0.792849,0.000000,0.000000,1.000000,2.000000,1.217108,3.858378,2.861566,1.630798,2.861566,1.630798,0.175571,1.000000,1.000000
17510.000000,2.861566,1.630798,0.000000,0.000000,0.000000,3.000000,0.000000,1.000000,0.000000,0.008017,0.000950,0.000654,-0.000689,-0.786607,0.000000,0.000000,1.000000,2.000000,1.217108,3.858378,2.861566,1.630798,2.861566,1.630798,0.175571,1.000000,1.000000
17520.000000,2.861566,1.630798,0.000000,0.000000,0.000000,3.000000,0.000000,1.000000,0.000000,0.006459,0.000584,0.000402,-0.000423,-0.760430,0.000000,0.000000,1.000000,2.000000,1.217108,3.858378,2.861566,1.630798,2.861566,1.630798,0.175571,1.000000,1.000000
17530.000000,2.861566,1.630798,0.000000,0.000000,0.000000,3.000000,0.000000,1.000000,0.000000,0.014511,0.001309,0.000901,-0.000949,-0.754686,0.000000,0.000000,1.000000,2.000000,1.217108,3.858378,2.861566,1.630798,2.861566,1.630798,0.175571,1.000000,1.000000
17540.000000,2.861566,1.630798,0.000000,0.000000,0.000000,3.000000,0.000000,1.000000,0.000000,0.007391,0.000803,0.000553,-0.000583,-0.749027,0.000000,0.000000,1.000000,2.000000,1.217108,3.858378,2.861566,1.630798,2.861566,1.630798,0.175571,1.000000,1.000000
17550.000000,2.861566,1.630798,0.000000,0.000000,0.000000,3.000000,0.000000,1.000000,0.000000,0.002056,0.000493,0.000340,-0.000358,-0.755996,0.000000,0.000000,1.000000,2.000000,1.217108,3.858378,2.861566,1.630798,2.861566,1.630798,0.175571,1.000000,1.000000
17560.000000,2.861566,1.630798,0.000000,0.000000,0.000000,3.000000,0.000000,1.000000,0.000000,0.010649,0.001253,0.000863,-0.000909,-0.750318,0.000000,0.000000,1.000000,2.000000,1.217108,3.858378,2.861566,1.630798,2.861566,1.630798,0.175571,1.000000,1.000000
17570.000000,2.861566,1.630798,0.000000,0.000000,0.000000,3.000000,0.000000,1.000000,0.000000,0.004316,0.000769,0.000530,-0.000558,-0.749834,0.000000,0.000000,1.000000,2.000000,1.217108,3.858378,2.861566,1.630798,2.861566,1.630798,0.175571,1.000000,1.000000
17580.000000,2.861566,1.630798,0.000000,0.000000,0.000000,3.000000,0.000000,1.000000,0.000000,0.001969,0.000472,0.000325,-0.000343,-0.741980,0.000000,0.000000,1.000000,2.000000,1.217108,3.858378,2.861566,1.630798,2.861566,1.630798,0.175571,1.000000,1.000000
17590.000000,2.861566,1.630798,0.000000,0.000000,0.000000,3.000000,0.000000,1.000000,0.000000,0.003916,0.000290,0.000200,-0.000210,-0.736510,0.000000,0.000000,1.000000,2.000000,1.217108,3.858378,2.861566,1.630798,2.861566,1.630798,0.175571,1.000000,1.000000
17600.000000,2.861566,1.630798,0.000000,0.000000,0.000000,3.000000,0.000000,1.000000,0.000000,0.005318,0.000178,0.000123,-0.000129,-0.731120,0.000000,0.000000,1.000000,2.000000,1.217108,3.858378,2.861566,1.630798,2.861566,1.630798,0.175571,1.000000,1.000000
17610.000000,2.861566,1.630798,0.000000,0.000000,0.000000,3.000000,0.000000,1.000000,0.000000,0.005856,0.000109,0.000075,-0.000079,-0.731080,0.000000,0.000000,1.000000,2.000000,1.217108,3.858378,2.861566,1.630798,2.861566,1.630798,0.175571,1.000000,1.000000
17620.000000,2.861566,1.630798,0.000000,0.000000,0.000000,3.000000,0.000000,1.000000,0.000000,0.005898,0.000067,0.000046,-0.000049,-0.725768,0.000000,0.000000,1.000000,2.000000,1.217108,3.858378,2.861566,1.630798,2.861566,1.630798,0.175571,1.000000,1.000000
17630.000000,2.861566,1.630798,0.000000,0.000000,0.000000,3.000000,0.000000,1.000000,0.000000,0.005196,0.000041,0.000028,-0.000030,-0.724235,0.000000,0.000000,1.000000,2.000000,1.217108,3.858378,2.861566,1.630798,2.861566,1.630798,0.175571,1.000000,1.000000
17640.000000,2.861566,1.630798,0.000000,0.000000,0.000000,3.000000,0.000000,1.000000,0.000000,0.004858,0.000025,0.000017,-0.000018,-0.730112,0.000000,0.000000,1.000000,2.000000,1.217108,3.858378,2.861566,1.630798,2.861566,1.630798,0.175571,1.000000,1.000000
17650.000000,2.861566,1.630798,0.000000,0.000000,0.000000,3.000000,0.000000,1.000000,0.000000,0.004871,0.000016,0.000011,-0.000011,-0.715331,0.000000,0.000000,1.000000,2.000000,1.217108,3.858378,2.861566,1.630798,2.861566,1.630798,0.175571,1.000000,1.000000
17660.000000,2.861566,1.630798,0.000000,0.000000,0.000000,3.000000,0.000000,1.000000,0.000000,0.004428,0.000010,0.000007,-0.000007,-0.705501,0.000000,0.000000,1.000000,2.000000,1.217108,3.858378,2.861566,1.630798,2.861566,1.630798,0.175571,1.000000,1.000000
17670.000000,2.861566,1.630798,0.000000,0.000000,0.000000,3.000000,0.000000,1.000000,0.000000,0.003997,0.000006,0.000004,-0.000004,-0.700554,0.000000,0.000000,1.000000,2.000000,1.217108,3.858378,2.861566,1.630798,2.861566,1.630798,0.175571,1.000000,1.000000
17680.000000,2.861566,1.630798,0.000000,0.000000,0.000000,3.000000,0.000000,1.000000,0.000000,0.003590,0.000004,0.000002,-0.000003,-0.697871,0.000000,0.000000,1.000000,2.000000,1.217108,3.858378,2.861566,1.630798,2.861566,1.630798,0.175571,1.000000,1.000000
17690.000000,2.861566,1.630798,0.000000,0.000000,0.000000,3.000000,0.000000,1.000000,0.000000,0.003214,0.000002,0.000002,-0.000002,-0.701634,0.000000,0.000000,1.000000,2.000000,1.217108,3.858378,2.861566,1.630798,2.861566,1.630798,0.175571,1.000000,1.000000
17700.000000,2.861566,1.630798,0.000000,0.000000,0.000000,3.000000,0.000000,1.000000,0.000000,0.002871,0.000001,0.000001,-0.000001,-0.689494,0.000000,0.000000,1.000000,2.000000,1.217108,3.858378,2.861566,1.630798,2.861566,1.630798,0.175571,1.000000,1.000000
17710.000000,2.861566,1.630798,0.000000,0.000000,0.000000,3.000000,0.000000,1.000000,0.000000,0.002560,0.000001,0.000001,-0.000001,-0.683065,0.000000,0.000000,1.000000,2.000000,1.217108,3.858378,2.861566,1.630798,2.861566,1.630798,0.175571,1.000000,1.000000
17720.000000,2.861566,1.630798,0.000000,0.000000,0.000000,3.000000,0.000000,1.000000,0.000000,0.002281,0.000001,0.000000,-0.000000,-0.678426,0.000000,0.000000,1.000000,2.000000,1.217108,3.858378,2.861566,1.630798,2.861566,1.630798,0.175571,1.000000,1.000000
17730.000000,2.861566,1.630798,0.000000,0.000000,0.000000,3.000000,0.000000,1.000000,0.000000,0.002031,0.000000,0.000000,-0.000000,-0.673850,0.000000,0.000000,1.000000,2.000000,1.217108,3.858378,2.861566,1.630798,2.861566,1.630798,0.175571,1.000000,1.000000
17740.000000,2.861566,1.630798,0.000000,0.000000,0.000000,3.000000,0.000000,1.000000,0.000000,0.001807,0.000000,0.000000,-0.000000,-0.679878,0.000000,0.000000,1.000000,2.000000,1.217108,3.858378,2.861566,1.630798,2.861566,1.630798,0.175571,1.000000,1.000000
17750.000000,2.861566,1.630798,0.000000,0.000000,0.000000,3.000000,0.000000,1.000000,0.000000,0.001608,0.000000,0.000000,-0.000000,-0.675282,0.000000,0.000000,1.000000,2.000000,1.217108,3.858378,2.861566,1.630798,2.861566,1.630798,0.175571,1.000000,1.000000
17760.000000,2.861566,1.630798,0.000000,0.000000,0.000000,3.000000,0.000000,1.000000,0.000000,0.001430,0.000000,0.000000,-0.000000,-0.670307,0.000000,0.000000,1.000000,2.000000,1.217108,3.858378,2.861566,1.630798,2.861566,1.630798,0.175571,1.000000,1.000000
17770.000000,2.861566,1.630798,0.000000,0.000000,0.000000,3.000000,0.000000,1.000000,0.000000,0.001271,0.000000,0.000000,-0.000000,-0.663925,0.000000,0.000000,1.000000,2.000000,1.217108,3.858378,2.861566,1.630798,2.861566,1.630798,0.175571,1.000000,1.000000
17780.000000,2.861566,1.630798,0.000000,0.000000,0.000000,3.000000,0.000000,1.000000,0.000000,0.001130,0.000000,0.000000,-0.000000,-0.659541,0.000000,0.000000,1.000000,2.000000,1.217108,3.858378,2.861566,1.630798,2.861566,1.630798,0.175571,1.000000,1.000000
17790.000000,2.861566,1.630798,0.000000,0.000000,0.000000,3.000000,0.000000,1.000000,0.000000,0.001005,0.000000,0.000000,-0.000000,-0.655216,0.000000,0.000000,1.000000,2.000000,1.217108,3.858378,2.861566,1.630798,2.861566,1.630798,0.175571,1.000000,1.000000
17800.000000,2.861566,1.630798,0.000000,0.000000,0.000000,3.000000,0.000000,1.000000,0.000000,0.000893,0.000000,0.000000,-0.000000,-0.652291,0.000000,0.000000,1.000000,2.000000,1.217108,3.858378,2.861566,1.630798,2.861566,1.630798,0.175571,1.000000,1.000000
17810.000000,2.861566,1.630798,0.000000,0.000000,0.000000,3.000000,0.000000,1.000000,0.000000,0.000794,0.000000,0.000000,-0.000000,-0.647572,0.000000,0.000000,1.000000,2.000000,1.217108,3.858378,2.861566,1.630798,2.861566,1.630798,0.175571,1.000000,1.000000
17820.000000,2.861566,1.630798,0.000000,0.000000,0.000000,3.000000,0.000000,1.000000,0.000000,0.000706,0.000000,0.000000,-0.000000,-0.643401,0.000000,0.000000,1.000000,2.000000,1.217108,3.858378,2.861566,1.630798,2.861566,1.630798,0.175571,1.000000,1.000000
17830.000000,2.861566,1.630798,0.000000,0.000000,0.000000,3.000000,0.000000,1.000000,0.000000,0.000628,0.000000,0.000000,-0.000000,-0.641872,0.000000,0.000000,1.000000,2.000000,1.217108,3.858378,2.861566,1.630798,2.861566,1.630798,0.175571,1.000000,1.000000
17840.000000,2.861566,1.630798,0.000000,0.000000,0.000000,3.000000,0.000000,1.000000,0.000000,0.000558,0.000000,0.000000,-0.000000,-0.637045,0.000000,0.000000,1.000000,2.000000,1.217108,3.858378,2.861566,1.630798,2.861566,1.630798,0.175571,1.000000,1.000000
17850.000000,2.861566,1.630798,0.000000,0.000000,0.000000,3.000000,0.000000,1.000000,0.000000,0.000496,0.000000,0.000000,-0.000000,-0.623856,0.000000,0.000000,1.000000,2.000000,1.217108,3.858378,2.861566,1.630798,2.861566,1.630798,0.175571,1.000000,1.000000
17860.000000,2.861566,1.630798,0.000000,0.000000,0.000000,3.000000,0.000000,1.000000,0.000000,0.006522,0.000950,0.000654,-0.000689,-0.619985,0.000000,0.000000,1.000000,2.000000,1.217108,3.858378,2.861566,1.630798,2.861566,1.630798,0.175571,1.000000,1.000000
17870.000000,2.861566,1.630798,0.000000,0.000000,0.000000,3.000000,0.000000,1.000000,0.000000,0.006830,0.000584,0.000402,-0.000423,-0.616161,0.000000,0.000000,1.000000,2.000000,1.217108,3.858378,2.861566,1.630798,2.861566,1.630798,0.175571,1.000000,1.000000
17880.000000,2.861566,1.630798,0.000000,0.000000,0.000000,3.000000,0.000000,1.000000,0.000000,0.002927,0.000358,0.000247,-0.000260,-0.615809,0.000000,0.000000,1.000000,2.000000,1.217108,3.858378,2.861566,1.630798,2.861566,1.630798,0.175571,1.000000,1.000000
17890.000000,2.861566,1.630798,0.000000,0.000000,0.000000,3.000000,0.000000,1.000000,0.000000,0.000917,0.000220,0.000151,-0.000160,-0.618458,0.000000,0.000000,1.000000,2.000000,1.217108,3.858378,2.861566,1.630798,2.861566,1.630798,0.175571,1.000000,1.000000
17900.000000,2.861566,1.630798,0.000000,0.000000,0.000000,3.000000,0.000000,1.000000,0.000000,0.001098,0.000135,0.000093,-0.000098,-0.616820,0.000000,0.000000,1.000000,2.000000,1.217108,3.858378,2.861566,1.630798,2.861566,1.630798,0.175571,1.000000,1.000000
17910.000000,2.861566,1.630798,0.000000,0.000000,0.000000,3.000000,0.000000,1.000000,0.000000,0.001832,0.000083,0.000057,-0.000060,-0.607722,0.000000,0.000000,1.000000,2.000000,1.217108,3.858378,2.861566,1.630798,2.861566,1.630798,0.175571,1.000000,1.000000
17920.000000,2.861566,1.630798,0.000000,0.000000,0.000000,3.000000,0.000000,1.000000,0.000000,0.002154,0.000051,0.000035,-0.000037,-0.603233,0.000000,0.000000,1.000000,2.000000,1.217108,3.858378,2.861566,1.630798,2.861566,1.630798,0.175571,1.000000,1.000000
17930.000000,2.861566,1.630798,0.000000,0.000000,0.000000,3.000000,0.000000,1.000000,0.000000,0.002237,0.000031,0.000022,-0.000023,-0.599612,0.000000,0.000000,1.000000,2.000000,1.217108,3.858378,2.861566,1.630798,2.861566,1.630798,0.175571,1.000000,1.000000
17940.000000,2.861566,1.630798,0.000000,0.000000,0.000000,3.000000,0.000000,1.000000,0.000000,0.002186,0.000019,0.000013,-0.000014,-0.596722,0.000000,0.000000,1.000000,2.000000,1.217108,3.858378,2.861566,1.630798,2.861566,1.630798,0.175571,1.000000,1.000000
17950.000000,2.861566,1.630798,0.000000,0.000000,0.000000,3.000000,0.000000,1.000000,0.000000,0.002065,0.000012,0.000008,-0.000009,-0.595273,0.000000,0.000000,1.000000,2.000000,1.217108,3.858378,2.861566,1.630798,2.861566,1.630798,0.175571,1.000000,1.000000
17960.000000,2.861566,1.630798,0.000000,0.000000,0.000000,3.000000,0.000000,1.000000,0.000000,0.001910,0.000007,0.000005,-0.000005,-0.591747,0.000000,0.000000,1.000000,2.000000,1.217108,3.858378,2.861566,1.630798,2.861566,1.630798,0.175571,1.000000,1.000000
17970.000000,2.861566,1.630798,0.000000,0.000000,0.000000,3.000000,0.000000,1.000000,0.000000,0.001744,0.000004,0.000003,-0.000003,-0.589620,0.000000,0.000000,1.000000,2.000000,1.217108,3.858378,2.861566,1.630798,2.861566,1.630798,0.175571,1.000000,1.000000
17980.000000,2.861566,1.630798,0.000000,0.000000,0.000000,3.000000,0.000000,1.000000,0.000000,0.001578,0.000003,0.000002,-0.000002,-0.592547,0.000000,0.000000,1.000000,2.000000,1.217108,3.858378,2.861566,1.630798,2.861566,1.630798,0.175571,1.000000,1.000000
17990.000000,2.861566,1.630798,0.000000,0.000000,0.000000,3.000000,0.000000,1.000000,0.000000,0.001420,0.000002,0.000001,-0.000001,-0.582380,0.000000,0.000000,1.000000,2.000000,1.217108,3.858378,2.861566,1.630798,2.861566,1.630798,0.175571,1.000000,1.000000
18000.000000,2.861566,1.630798,0.000000,0.000000,0.000000,3.000000,0.000000,1.000000,0.000000,0.001273,0.000001,0.000001,-0.000001,-0.573620,0.000000,0.000000,1.000000,2.000000,1.217108,3.858378,2.861566,1.630798,2.861566,1.630798,0.175571,1.000000,1.000000
18010.000000,2.861566,1.630798,0.000000,0.000000,0.000000,3.000000,0.000000,1.000000,0.000000,0.001138,0.000001,0.000000,-0.000000,-0.569641,0.000000,0.000000,1.000000,2.000000,1.217108,3.858378,2.861566,1.630798,2.861566,1.630798,0.175571,1.000000,1.000000
18020.000000,2.861566,1.630798,0.000000,0.000000,0.000000,3.000000,0.000000,1.000000,0.000000,0.001016,0.000000,0.000000,-0.000000,-0.566412,0.000000,0.000000,1.000000,2.000000,1.217108,3.858378,2.861566,1.630798,2.861566,1.630798,0.175571,1.000000,1.000000
18030.000000,2.861566,1.630798,0.000000,0.000000,0.000000,3.000000,0.000000,1.000000,0.000000,0.000905,0.000000,0.000000,-0.000000,-0.565520,0.000000,0.000000,1.000000,2.000000,1.217108,3.858378,2.861566,1.630798,2.861566,1.630798,0.175571,1.000000,1.000000
18040.000000,2.861566,1.630798,0.000000,0.000000,0.000000,3.000000,0.000000,1.000000,0.000000,0.000806,0.000000,0.000000,-0.000000,-0.568142,0.000000,0.000000,1.000000,2.000000,1.217108,3.858378,2.861566,1.630798,2.861566,1.630798,0.175571,1.000000,1.000000
18050.000000,2.861566,1.630798,0.000000,0.000000,0.000000,3.000000,0.000000,1.000000,0.000000,0.000717,0.000000,0.000000,-0.000000,-0.566821,0.000000,0.000000,1.000000,2.000000,1.217108,3.858378,2.861566,1.630798,2.861566,1.630798,0.175571,1.000000,1.000000
18060.000000,2.861566,1.630798,0.000000,0.000000,0.000000,3.000000,0.000000,1.000000,0.000000,0.000638,0.000000,0.000000,-0.000000,-0.562362,0.000000,0.000000,1.000000,2.000000,1.217108,3.858378,2.861566,1.630798,2.861566,1.630798,0.175571,1.000000,1.000000
18070.000000,2.861566,1.630798,0.000000,0.000000,0.000000,3.000000,0.000000,1.000000,0.000000,0.000568,0.000000,0.000000,-0.000000,-0.555666,0.000000,0.000000,1.000000,2.000000,1.217108,3.858378,2.861566,1.630798,2.861566,1.630798,0.175571,1.000000,1.000000
18080.000000,2.861566,1.630798,0.000000,0.000000,0.000000,3.000000,0.000000,1.000000,0.000000,0.000505,0.000000,0.000000,-0.000000,-0.552564,0.000000,0.000000,1.000000,2.000000,1.217108,3.858378,2.861566,1.630798,2.861566,1.630798,0.175571,1.000000,1.000000
18090.000000,2.861566,1.630798,0.000000,0.000000,0.000000,3.000000,0.000000,1.000000,0.000000,0.000449,0.000000,0.000000,-0.000000,-0.549525,0.000000,0.000000,1.000000,2.000000,1.217108,3.858378,2.861566,1.630798,2.861566,1.630798,0.175571,1.000000,1.000000
18100.000000,2.861566,1.630798,0.000000,0.000000,0.000000,3.000000,0.000000,1.000000,0.000000,0.000399,0.000000,0.000000,-0.000000,-0.546902,0.000000,0.000000,1.000000,2.000000,1.217108,3.858378,2.861566,1.630798,2.861566,1.630798,0.175571,1.000000,1.000000
18110.000000,2.861566,1.630798,0.000000,0.000000,0.000000,3.000000,0.000000,1.000000,0.000000,0.000355,0.000000,0.000000,-0.000000,-0.534489,0.000000,0.000000,1.000000,2.000000,1.217108,3.858378,2.861566,1.630798,2.861566,1.630798,0.175571,1.000000,1.000000
18120.000000,2.861566,1.630798,0.000000,0.000000,0.000000,3.000000,0.000000,1.000000,0.000000,0.000315,0.000000,0.000000,-0.000000,-0.529708,0.000000,0.000000,1.000000,2.000000,1.217108,3.858378,2.861566,1.630798,2.861566,1.630798,0.175571,1.000000,1.000000
18130.000000,2.861566,1.630798,0.000000,0.000000,0.000000,3.000000,0.000000,1.000000,0.000000,0.000280,0.000000,0.000000,-0.000000,-0.526914,0.000000,0.000000,1.000000,2.000000,1.217108,3.858378,2.861566,1.630798,2.861566,1.630798,0.175571,1.000000,1.000000
18140.000000,2.861566,1.630798,0.000000,0.000000,0.000000,3.000000,0.000000,1.000000,0.000000,0.000249,0.000000,0.000000,-0.000000,-0.530624,0.000000,0.000000,1.000000,2.000000,1.217108,3.858378,2.861566,1.630798,2.861566,1.630798,0.175571,1.000000,1.000000
18150.000000,2.861566,1.630798,0.000000,0.000000,0.000000,3.000000,0.000000,1.000000,0.000000,0.000222,0.000000,0.000000,-0.000000,-0.531561,0.000000,0.000000,1.000000,2.000000,1.217108,3.858378,2.861566,1.630798,2.861566,1.630798,0.175571,1.000000,1.000000
18160.000000,2.861566,1.630798,0.000000,0.000000,0.000000,3.000000,0.000000,1.000000,0.000000,0.000197,0.000000,0.000000,-0.000000,-0.522585,0.000000,0.000000,1.000000,2.000000,1.217108,3.858378,2.861566,1.630798,2.861566,1.630798,0.175571,1.000000,1.000000
18170.000000,2.861566,1.630798,0.000000,0.000000,0.000000,3.000000,0.000000,1.000000,0.000000,0.000175,0.000000,0.000000,-0.000000,-0.519865,0.000000,0.000000,1.000000,2.000000,1.217108,3.858378,2.861566,1.630798,2.861566,1.630798,0.175571,1.000000,1.000000
18180.000000,2.861566,1.630798,0.000000,0.000000,0.000000,3.000000,0.000000,1.000000,0.000000,0.000156,0.000000,0.000000,-0.000000,-0.517174,0.000000,0.000000,1.000000,2.000000,1.217108,3.858378,2.861566,1.630798,2.861566,1.630798,0.175571,1.000000,1.000000
18190.000000,2.861566,1.630798,0.000000,0.000000,0.000000,3.000000,0.000000,1.000000,0.000000,0.000138,0.000000,0.000000,-0.000000,-0.521181,0.000000,0.000000,1.000000,2.000000,1.217108,3.858378,2.861566,1.630798,2.861566,1.630798,0.175571,1.000000,1.000000
18200.000000,2.861566,1.630798,0.000000,0.000000,0.000000,3.000000,0.000000,1.000000,0.000000,0.000123,0.000000,0.000000,-0.000000,-0.515296,0.000000,0.000000,1.000000,2.000000,1.217108,3.858378,2.861566,1.630798,2.861566,1.630798,0.175571,1.000000,1.000000
18210.000000,2.861566,1.630798,0.000000,0.000000,0.000000,3.000000,0.000000,1.000000,0.000000,0.000109,0.000000,0.000000,-0.000000,-0.512651,0.000000,0.000000,1.000000,2.000000,1.217108,3.858378,2.861566,1.630798,2.861566,1.630798,0.175571,1.000000,1.000000
18220.000000,2.861566,1.630798,0.000000,0.000000,0.000000,3.000000,0.000000,1.000000,0.000000,0.000097,0.000000,0.000000,-0.000000,-0.511373,0.000000,0.000000,1.000000,2.000000,1.217108,3.858378,2.861566,1.630798,2.861566,1.630798,0.175571,1.000000,1.000000
18230.000000,2.861566,1.630798,0.000000,0.000000,0.000000,3.000000,0.000000,1.000000,0.000000,0.000086,0.000000,0.000000,-0.000000,-0.507521,0.000000,0.000000,1.000000,2.000000,1.217108,3.858378,2.861566,1.630798,2.861566,1.630798,0.175571,1.000000,1.000000
18240.000000,2.861566,1.630798,0.000000,0.000000,0.000000,3.000000,0.000000,1.000000,0.000000,0.000077,0.000000,0.000000,-0.000000,-0.501949,0.000000,0.000000,1.000000,2.000000,1.217108,3.858378,2.861566,1.630798,2.861566,1.630798,0.175571,1.000000,1.000000
18250.000000,2.861566,1.630798,0.000000,0.000000,0.000000,3.000000,0.000000,1.000000,0.000000,0.000068,0.000000,0.000000,-0.000000,-0.495658,0.000000,0.000000,1.000000,2.000000,1.217108,3.858378,2.861566,1.630798,2.861566,1.630798,0.175571,1.000000,1.000000
18260.000000,2.861566,1.630798,0.000000,0.000000,0.000000,3.000000,0.000000,1.000000,0.000000,0.000061,0.000000,0.000000,-0.000000,-0.493211,0.000000,0.000000,1.000000,2.000000,1.217108,3.858378,2.861566,1.630798,2.861566,1.630798,0.175571,1.000000,1.000000
18270.000000,2.861566,1.630798,0.000000,0.000000,0.000000,3.000000,0.000000,1.000000,0.000000,0.000054,0.000000,0.000000,-0.000000,-0.490788,0.000000,0.000000,1.000000,2.000000,1.217108,3.858378,2.861566,1.630798,2.861566,1.630798,0.175571,1.000000,1.000000
18280.000000,2.861566,1.630798,0.000000,0.000000,0.000000,3.000000,0.000000,1.000000,0.000000,0.000048,0.000000,0.000000,-0.000000,-0.500707,0.000000,0.000000,1.000000,2.000000,1.217108,3.858378,2.861566,1.630798,2.861566,1.630798,0.175571,1.000000,1.000000
18290.000000,2.861566,1.630798,0.000000,0.000000,0.000000,3.000000,0.000000,1.000000,0.000000,0.000043,0.000000,0.000000,-0.000000,-0.496855,0.000000,0.000000,1.000000,2.000000,1.217108,3.858378,2.861566,1.630798,2.861566,1.630798,0.175571,1.000000,1.000000
18300.000000,2.861566,1.630798,0.000000,0.000000,0.000000,3.000000,0.000000,1.000000,0.000000,0.000038,0.000000,0.000000,-0.000000,-0.494396,0.000000,0.000000,1.000000,2.000000,1.217108,3.858378,2.861566,1.630798,2.861566,1.630798,0.175571,1.000000,1.000000
18310.000000,2.861566,1.630798,0.000000,0.000000,0.000000,3.000000,0.000000,1.000000,0.000000,0.000034,0.000000,0.000000,-0.000000,-0.492410,0.000000,0.000000,1.000000,2.000000,1.217108,3.858378,2.861566,1.630798,2.861566,1.630798,0.175571,1.000000,1.000000
18320.000000,2.861566,1.630798,0.000000,0.000000,0.000000,3.000000,0.000000,1.000000,0.000000,0.000030,0.000000,0.000000,-0.000000,-0.484611,0.000000,0.000000,1.000000,2.000000,1.217108,3.858378,2.861566,1.630798,2.861566,1.630798,0.175571,1.000000,1.000000
18330.000000,2.861566,1.630798,0.000000,0.000000,0.000000,3.000000,0.000000,1.000000,0.000000,0.007617,0.000950,0.000654,-0.000689,-0.482272,0.000000,0.000000,1.000000,2.000000,1.217108,3.858378,2.861566,1.630798,2.861566,1.630798,0.175571,1.000000,1.000000
18340.000000,2.861566,1.630798,0.000000,0.000000,0.000000,3.000000,0.000000,1.000000,0.000000,0.007168,0.000584,0.000402,-0.000423,-0.479955,0.000000,0.000000,1.000000,2.000000,1.217108,3.858378,2.861566,1.630798,2.861566,1.630798,0.175571,1.000000,1.000000
18350.000000,2.861566,1.630798,0.000000,0.000000,0.000000,3.000000,0.000000,1.000000,0.000000,0.003254,0.000358,0.000247,-0.000260,-0.477849,0.000000,0.000000,1.000000,2.000000,1.217108,3.858378,2.861566,1.630798,2.861566,1.630798,0.175571,1.000000,1.000000
18360.000000,2.861566,1.630798,0.000000,0.000000,0.000000,3.000000,0.000000,1.000000,0.000000,0.000917,0.000220,0.000151,-0.000160,-0.477130,0.000000,0.000000,1.000000,2.000000,1.217108,3.858378,2.861566,1.630798,2.861566,1.630798,0.175571,1.000000,1.000000
18370.000000,2.861566,1.630798,0.000000,0.000000,0.000000,3.000000,0.000000,1.000000,0.000000,0.000840,0.000135,0.000093,-0.000098,-0.474862,0.000000,0.000000,1.000000,2.000000,1.217108,3.858378,2.861566,1.630798,2.861566,1.630798,0.175571,1.000000,1.000000
18380.000000,2.861566,1.630798,0.000000,0.000000,0.000000,3.000000,0.000000,1.000000,0.000000,0.001602,0.000083,0.000057,-0.000060,-0.473197,0.000000,0.000000,1.000000,2.000000,1.217108,3.858378,2.861566,1.630798,2.861566,1.630798,0.175571,1.000000,1.000000
18390.000000,2.861566,1.630798,0.000000,0.000000,0.000000,3.000000,0.000000,1.000000,0.000000,0.001949,0.000051,0.000035,-0.000037,-0.478163,0.000000,0.000000,1.000000,2.000000,1.217108,3.858378,2.861566,1.630798,2.861566,1.630798,0.175571,1.000000,1.000000
18400.000000,2.861566,1.630798,0.000000,0.000000,0.000000,3.000000,0.000000,1.000000,0.000000,0.002055,0.000031,0.000022,-0.000023,-0.470279,0.000000,0.000000,1.000000,2.000000,1.217108,3.858378,2.861566,1.630798,2.861566,1.630798,0.175571,1.000000,1.000000
18410.000000,2.861566,1.630798,0.000000,0.000000,0.000000,3.000000,0.000000,1.000000,0.000000,0.002025,0.000019,0.000013,-0.000014,-0.468076,0.000000,0.000000,1.000000,2.000000,1.217108,3.858378,2.861566,1.630798,2.861566,1.630798,0.175571,1.000000,1.000000
18420.000000,2.861566,1.630798,0.000000,0.000000,0.000000,3.000000,0.000000,1.000000,0.000000,0.001922,0.000012,0.000008,-0.000009,-0.462230,0.000000,0.000000,1.000000,2.000000,1.217108,3.858378,2.861566,1.630798,2.861566,1.630798,0.175571,1.000000,1.000000
18430.000000,2.861566,1.630798,0.000000,0.000000,0.000000,3.000000,0.000000,1.000000,0.000000,0.001783,0.000007,0.000005,-0.000005,-0.460101,0.000000,0.000000,1.000000,2.000000,1.217108,3.858378,2.861566,1.630798,2.861566,1.630798,0.175571,1.000000,1.000000
18440.000000,2.861566,1.630798,0.000000,0.000000,0.000000,3.000000,0.000000,1.000000,0.000000,0.001630,0.000004,0.000003,-0.000003,-0.455111,0.000000,0.000000,1.000000,2.000000,1.217108,3.858378,2.861566,1.630798,2.861566,1.630798,0.175571,1.000000,1.000000
18450.000000,2.861566,1.630798,0.000000,0.000000,0.000000,3.000000,0.000000,1.000000,0.000000,0.001477,0.000003,0.000002,-0.000002,-0.453047,0.000000,0.000000,1.000000,2.000000,1.217108,3.858378,2.861566,1.630798,2.861566,1.630798,0.175571,1.000000,1.000000
18460.000000,2.861566,1.630798,0.000000,0.000000,0.000000,3.000000,0.000000,1.000000,0.000000,0.001331,0.000002,0.000001,-0.000001,-0.451205,0.000000,0.000000,1.000000,2.000000,1.217108,3.858378,2.861566,1.630798,2.861566,1.630798,0.175571,1.000000,1.000000
18470.000000,2.861566,1.630798,0.000000,0.000000,0.000000,3.000000,0.000000,1.000000,0.000000,0.001193,0.000001,0.000001,-0.000001,-0.449066,0.000000,0.000000,1.000000,2.000000,1.217108,3.858378,2.861566,1.630798,2.861566,1.630798,0.175571,1.000000,1.000000
18480.000000,2.861566,1.630798,0.000000,0.000000,0.000000,3.000000,0.000000,1.000000,0.000000,0.001067,0.000001,0.000000,-0.000000,-0.447057,0.000000,0.000000,1.000000,2.000000,1.217108,3.858378,2.861566,1.630798,2.861566,1.630798,0.175571,1.000000,1.000000
18490.000000,2.861566,1.630798,0.000000,0.000000,0.000000,3.000000,0.000000,1.000000,0.000000,0.000953,0.000000,0.000000,-0.000000,-0.446441,0.000000,0.000000,1.000000,2.000000,1.217108,3.858378,2.861566,1.630798,2.861566,1.630798,0.175571,1.000000,1.000000
18500.000000,2.861566,1.630798,0.000000,0.000000,0.000000,3.000000,0.000000,1.000000,0.000000,0.000849,0.000000,0.000000,-0.000000,-0.458829,0.000000,0.000000,1.000000,2.000000,1.217108,3.858378,2.861566,1.630798,2.861566,1.630798,0.175571,1.000000,1.000000
18510.000000,2.861566,1.630798,0.000000,0.000000,0.000000,3.000000,0.000000,1.000000,0.000000,0.000756,0.000000,0.000000,-0.000000,-0.452372,0.000000,0.000000,1.000000,2.000000,1.217108,3.858378,2.861566,1.630798,2.861566,1.630798,0.175571,1.000000,1.000000
18520.000000,2.861566,1.630798,0.000000,0.000000,0.000000,3.000000,0.000000,1.000000,0.000000,0.000673,0.000000,0.000000,-0.000000,-0.434832,0.000000,0.000000,1.000000,2.000000,1.217108,3.858378,2.861566,1.630798,2.861566,1.630798,0.175571,1.000000,1.000000
18530.000000,2.861566,1.630798,0.000000,0.000000,0.000000,3.000000,0.000000,1.000000,0.000000,0.000599,0.000000,0.000000,-0.000000,-0.432947,0.000000,0.000000,1.000000,2.000000,1.217108,3.858378,2.861566,1.630798,2.861566,1.630798,0.175571,1.000000,1.000000
18540.000000,2.861566,1.630798,0.000000,0.000000,0.000000,3.000000,0.000000,1.000000,0.000000,0.000533,0.000000,0.000000,-0.000000,-0.431079,0.000000,0.000000,1.000000,2.000000,1.217108,3.858378,2.861566,1.630798,2.861566,1.630798,0.175571,1.000000,1.000000
18550.000000,2.861566,1.630798,0.000000,0.000000,0.000000,3.000000,0.000000,1.000000,0.000000,0.000474,0.000000,0.000000,-0.000000,-0.441336,0.000000,0.000000,1.000000,2.000000,1.217108,3.858378,2.861566,1.630798,2.861566,1.630798,0.175571,1.000000,1.000000
18560.000000,2.861566,1.630798,0.000000,0.000000,0.000000,3.000000,0.000000,1.000000,0.000000,0.000421,0.000000,0.000000,-0.000000,-0.437895,0.000000,0.000000,1.000000,2.000000,1.217108,3.858378,2.861566,1.630798,2.861566,1.630798,0.175571,1.000000,1.000000
18570.000000,2.861566,1.630798,0.000000,0.000000,0.000000,3.000000,0.000000,1.000000,0.000000,0.000375,0.000000,0.000000,-0.000000,-0.435984,0.000000,0.000000,1.000000,2.000000,1.217108,3.858378,2.861566,1.630798,2.861566,1.630798,0.175571,1.000000,1.000000
18580.000000,2.861566,1.630798,0.000000,0.000000,0.000000,3.000000,0.000000,1.000000,0.000000,0.000333,0.000000,0.000000,-0.000000,-0.435090,0.000000,0.000000,1.000000,2.000000,1.217108,3.858378,2.861566,1.630798,2.861566,1.630798,0.175571,1.000000,1.000000
18590.000000,2.861566,1.630798,0.000000,0.000000,0.000000,3.000000,0.000000,1.000000,0.000000,0.000296,0.000000,0.000000,-0.000000,-0.434314,0.000000,0.000000,1.000000,2.000000,1.217108,3.858378,2.861566,1.630798,2.861566,1.630798,0.175571,1.000000,1.000000
18600.000000,2.861566,1.630798,0.000000,0.000000,0.000000,3.000000,0.000000,1.000000,0.000000,0.000263,0.000000,0.000000,-0.000000,-0.432434,0.000000,0.000000,1.000000,2.000000,1.217108,3.858378,2.861566,1.630798,2.861566,1.630798,0.175571,1.000000,1.000000
18610.000000,2.861566,1.630798,0.000000,0.000000,0.000000,3.000000,0.000000,1.000000,0.000000,0.000234,0.000000,0.000000,-0.000000,-0.424110,0.000000,0.000000,1.000000,2.000000,1.217108,3.858378,2.861566,1.630798,2.861566,1.630798,0.175571,1.000000,1.000000
18620.000000,2.861566,1.630798,0.000000,0.000000,0.000000,3.000000,0.000000,1.000000,0.000000,0.000208,0.000000,0.000000,-0.000000,-0.422317,0.000000,0.000000,1.000000,2.000000,1.217108,3.858378,2.861566,1.630798,2.861566,1.630798,0.175571,1.000000,1.000000
18630.000000,2.861566,1.630798,0.000000,0.000000,0.000000,3.000000,0.000000,1.000000,0.000000,0.000185,0.000000,0.000000,-0.000000,-0.420539,0.000000,0.000000,1.000000,2.000000,1.217108,3.858378,2.861566,1.630798,2.861566,1.630798,0.175571,1.000000,1.000000
18640.000000,2.861566,1.630798,0.000000,0.000000,0.000000,3.000000,0.000000,1.000000,0.000000,0.000164,0.000000,0.000000,-0.000000,-0.428858,0.000000,0.000000,1.000000,2.000000,1.217108,3.858378,2.861566,1.630798,2.861566,1.630798,0.175571,1.000000,1.000000
18650.000000,2.861566,1.630798,0.000000,0.000000,0.000000,3.000000,0.000000,1.000000,0.000000,0.000146,0.000000,0.000000,-0.000000,-0.426432,0.000000,0.000000,1.000000,2.000000,1.217108,3.858378,2.861566,1.630798,2.861566,1.630798,0.175571,1.000000,1.000000
18660.000000,2.861566,1.630798,0.000000,0.000000,0.000000,3.000000,0.000000,1.000000,0.000000,0.000130,0.000000,0.000000,-0.000000,-0.424620,0.000000,0.000000,1.000000,2.000000,1.217108,3.858378,2.861566,1.630798,2.861566,1.630798,0.175571,1.000000,1.000000
18670.000000,2.861566,1.630798,0.000000,0.000000,0.000000,3.000000,0.000000,1.000000,0.000000,0.000115,0.000000,0.000000,-0.000000,-0.422823,0.000000,0.000000,1.000000,2.000000,1.217108,3.858378,2.861566,1.630798,2.861566,1.630798,0.175571,1.000000,1.000000
18680.000000,2.861566,1.630798,0.000000,0.000000,0.000000,3.000000,0.000000,1.000000,0.000000,0.000103,0.000000,0.000000,-0.000000,-0.417761,0.000000,0.000000,1.000000,2.000000,1.217108,3.858378,2.861566,1.630798,2.861566,1.630798,0.175571,1.000000,1.000000
18690.000000,2.861566,1.630798,0.000000,0.000000,0.000000,3.000000,0.000000,1.000000,0.000000,0.000091,0.000000,0.000000,-0.000000,-0.416021,0.000000,0.000000,1.000000,2.000000,1.217108,3.858378,2.861566,1.630798,2.861566,1.630798,0.175571,1.000000,1.000000
18700.000000,2.861566,1.630798,0.000000,0.000000,0.000000,3.000000,0.000000,1.000000,0.000000,0.000081,0.000000,0.000000,-0.000000,-0.414296,0.000000,0.000000,1.000000,2.000000,1.217108,3.858378,2.861566,1.630798,2.861566,1.630798,0.175571,1.000000,1.000000
18710.000000,2.861566,1.630798,0.000000,0.000000,0.000000,3.000000,0.000000,1.000000,0.000000,0.000072,0.000000,0.000000,-0.000000,-0.421420,0.000000,0.000000,1.000000,2.000000,1.217108,3.858378,2.861566,1.630798,2.861566,1.630798,0.175571,1.000000,1.000000
18720.000000,2.861566,1.630798,0.000000,0.000000,0.000000,3.000000,0.000000,1.000000,0.000000,0.000064,0.000000,0.000000,-0.000000,-0.419650,0.000000,0.000000,1.000000,2.000000,1.217108,3.858378,2.861566,1.630798,2.861566,1.630798,0.175571,1.000000,1.000000
18730.000000,2.861566,1.630798,0.000000,0.000000,0.000000,3.000000,0.000000,1.000000,0.000000,0.000057,0.000000,0.000000,-0.000000,-0.406066,0.000000,0.000000,1.000000,2.000000,1.217108,3.858378,2.861566,1.630798,2.861566,1.630798,0.175571,1.000000,1.000000
18740.000000,2.861566,1.630798,0.000000,0.000000,0.000000,3.000000,0.000000,1.000000,0.000000,0.000051,0.000000,0.000000,-0.000000,-0.404422,0.000000,0.000000,1.000000,2.000000,1.217108,3.858378,2.861566,1.630798,2.861566,1.630798,0.175571,1.000000,1.000000
18750.000000,2.861566,1.630798,0.000000,0.000000,0.000000,3.000000,0.000000,1.000000,0.000000,0.000045,0.000000,0.000000,-0.000000,-0.402792,0.000000,0.000000,1.000000,2.000000,1.217108,3.858378,2.861566,1.630798,2.861566,1.630798,0.175571,1.000000,1.000000
18760.000000,2.861566,1.630798,0.000000,0.000000,0.000000,3.000000,0.000000,1.000000,0.000000,0.000040,0.000000,0.000000,-0.000000,-0.413744,0.000000,0.000000,1.000000,2.000000,1.217108,3.858378,2.861566,1.630798,2.861566,1.630798,0.175571,1.000000,1.000000
18770.000000,2.861566,1.630798,0.000000,0.000000,0.000000,3.000000,0.000000,1.000000,0.000000,0.007992,0.000950,0.000654,-0.000689,-0.412038,0.000000,0.000000,1.000000,2.000000,1.217108,3.858378,2.861566,1.630798,2.861566,1.630798,0.175571,1.000000,1.000000
18780.000000,2.861566,1.630798,0.000000,0.000000,0.000000,3.000000,0.000000,1.000000,0.000000,0.007160,0.000584,0.000402,-0.000423,-0.409373,0.000000,0.000000,1.000000,2.000000,1.217108,3.858378,2.861566,1.630798,2.861566,1.630798,0.175571,1.000000,1.000000
18790.000000,2.861566,1.630798,0.000000,0.000000,0.000000,3.000000,0.000000,1.000000,0.000000,0.003247,0.000358,0.000247,-0.000260,-0.398817,0.000000,0.000000,1.000000,2.000000,1.217108,3.858378,2.861566,1.630798,2.861566,1.630798,0.175571,1.000000,1.000000
18800.000000,2.861566,1.630798,0.000000,0.000000,0.000000,3.000000,0.000000,1.000000,0.000000,0.000917,0.000220,0.000151,-0.000160,-0.392009,0.000000,0.000000,1.000000,2.000000,1.217108,3.858378,2.861566,1.630798,2.861566,1.630798,0.175571,1.000000,1.000000
18810.000000,2.861566,1.630798,0.000000,0.000000,0.000000,3.000000,0.000000,1.000000,0.000000,0.000845,0.000135,0.000093,-0.000098,-0.390476,0.000000,0.000000,1.000000,2.000000,1.217108,3.858378,2.861566,1.630798,2.861566,1.630798,0.175571,1.000000,1.000000
18820.000000,2.861566,1.630798,0.000000,0.000000,0.000000,3.000000,0.000000,1.000000,0.000000,0.001607,0.000083,0.000057,-0.000060,-0.391308,0.000000,0.000000,1.000000,2.000000,1.217108,3.858378,2.861566,1.630798,2.861566,1.630798,0.175571,1.000000,1.000000
18830.000000,2.861566,1.630798,0.000000,0.000000,0.000000,3.000000,0.000000,1.000000,0.000000,0.001954,0.000051,0.000035,-0.000037,-0.394298,0.000000,0.000000,1.000000,2.000000,1.217108,3.858378,2.861566,1.630798,2.861566,1.630798,0.175571,1.000000,1.000000
18840.000000,2.861566,1.630798,0.000000,0.000000,0.000000,3.000000,0.000000,1.000000,0.000000,0.002059,0.000031,0.000022,-0.000023,-0.402477,0.000000,0.000000,1.000000,2.000000,1.217108,3.858378,2.861566,1.630798,2.861566,1.630798,0.175571,1.000000,1.000000
18850.000000,2.861566,1.630798,0.000000,0.000000,0.000000,3.000000,0.000000,1.000000,0.000000,0.002028,0.000019,0.000013,-0.000014,-0.394968,0.000000,0.000000,1.000000,2.000000,1.217108,3.858378,2.861566,1.630798,2.861566,1.630798,0.175571,1.000000,1.000000
18860.000000,2.861566,1.630798,0.000000,0.000000,0.000000,3.000000,0.000000,1.000000,0.000000,0.001925,0.000012,0.000008,-0.000009,-0.386925,0.000000,0.000000,1.000000,2.000000,1.217108,3.858378,2.861566,1.630798,2.861566,1.630798,0.175571,1.000000,1.000000
18870.000000,2.861566,1.630798,0.000000,0.000000,0.000000,3.000000,0.000000,1.000000,0.000000,0.001785,0.000007,0.000005,-0.000005,-0.385432,0.000000,0.000000,1.000000,2.000000,1.217108,3.858378,2.861566,1.630798,2.861566,1.630798,0.175571,1.000000,1.000000
18880.000000,2.861566,1.630798,0.000000,0.000000,0.000000,3.000000,0.000000,1.000000,0.000000,0.001633,0.000004,0.000003,-0.000003,-0.387804,0.000000,0.000000,1.000000,2.000000,1.217108,3.858378,2.861566,1.630798,2.861566,1.630798,0.175571,1.000000,1.000000
18890.000000,2.861566,1.630798,0.000000,0.000000,0.000000,3.000000,0.000000,1.000000,0.000000,0.001480,0.000003,0.000002,-0.000002,-0.391300,0.000000,0.000000,1.000000,2.000000,1.217108,3.858378,2.861566,1.630798,2.861566,1.630798,0.175571,1.000000,1.000000
18900.000000,2.861566,1.630798,0.000000,0.000000,0.000000,3.000000,0.000000,1.000000,0.000000,0.001333,0.000002,0.000001,-0.000001,-0.387405,0.000000,0.000000,1.000000,2.000000,1.217108,3.858378,2.861566,1.630798,2.861566,1.630798,0.175571,1.000000,1.000000
18910.000000,2.861566,1.630798,0.000000,0.000000,0.000000,3.000000,0.000000,1.000000,0.000000,0.001195,0.000001,0.000001,-0.000001,-0.383548,0.000000,0.000000,1.000000,2.000000,1.217108,3.858378,2.861566,1.630798,2.861566,1.630798,0.175571,1.000000,1.000000
18920.000000,2.861566,1.630798,0.000000,0.000000,0.000000,3.000000,0.000000,1.000000,0.000000,0.001069,0.000001,0.000000,-0.000000,-0.380489,0.000000,0.000000,1.000000,2.000000,1.217108,3.858378,2.861566,1.630798,2.861566,1.630798,0.175571,1.000000,1.000000
18930.000000,2.861566,1.630798,0.000000,0.000000,0.000000,3.000000,0.000000,1.000000,0.000000,0.000954,0.000000,0.000000,-0.000000,-0.376701,0.000000,0.000000,1.000000,2.000000,1.217108,3.858378,2.861566,1.630798,2.861566,1.630798,0.175571,1.000000,1.000000
18940.000000,2.861566,1.630798,0.000000,0.000000,0.000000,3.000000,0.000000,1.000000,0.000000,0.000850,0.000000,0.000000,-0.000000,-0.372951,0.000000,0.000000,1.000000,2.000000,1.217108,3.858378,2.861566,1.630798,2.861566,1.630798,0.175571,1.000000,1.000000
18950.000000,2.861566,1.630798,0.000000,0.000000,0.000000,3.000000,0.000000,1.000000,0.000000,0.000757,0.000000,0.000000,-0.000000,-0.368992,0.000000,0.000000,1.000000,2.000000,1.217108,3.858378,2.861566,1.630798,2.861566,1.630798,0.175571,1.000000,1.000000
18960.000000,2.861566,1.630798,0.000000,0.000000,0.000000,3.000000,0.000000,1.000000,0.000000,0.000674,0.000000,0.000000,-0.000000,-0.361954,0.000000,0.000000,1.000000,2.000000,1.217108,3.858378,2.861566,1.630798,2.861566,1.630798,0.175571,1.000000,1.000000
18970.000000,2.861566,1.630798,0.000000,0.000000,0.000000,3.000000,0.000000,1.000000,0.000000,0.000600,0.000000,0.000000,-0.000000,-0.355710,0.000000,0.000000,1.000000,2.000000,1.217108,3.858378,2.861566,1.630798,2.861566,1.630798,0.175571,1.000000,1.000000
18980.000000,2.861566,1.630798,0.000000,0.000000,0.000000,3.000000,0.000000,1.000000,0.000000,0.000534,0.000000,0.000000,-0.000000,-0.352169,0.000000,0.000000,1.000000,2.000000,1.217108,3.858378,2.861566,1.630798,2.861566,1.630798,0.175571,1.000000,1.000000
18990.000000,2.861566,1.630798,0.000000,0.000000,0.000000,3.000000,0.000000,1.000000,0.000000,0.000475,0.000000,0.000000,-0.000000,-0.348262,0.000000,0.000000,1.000000,2.000000,1.217108,3.858378,2.861566,1.630798,2.861566,1.630798,0.175571,1.000000,1.000000
19000.000000,2.861566,1.630798,0.000000,0.000000,0.000000,3.000000,0.000000,1.000000,0.000000,0.000422,0.000000,0.000000,-0.000000,-0.344795,0.000000,0.000000,1.000000,2.000000,1.217108,3.858378,2.861566,1.630798,2.861566,1.630798,0.175571,1.000000,1.000000
19010.000000,2.861566,1.630798,0.000000,0.000000,0.000000,3.000000,0.000000,1.000000,0.000000,0.000375,0.000000,0.000000,-0.000000,-0.341592,0.000000,0.000000,1.000000,2.000000,1.217108,3.858378,2.861566,1.630798,2.861566,1.630798,0.175571,1.000000,1.000000
19020.000000,2.861566,1.630798,0.000000,0.000000,0.000000,3.000000,0.000000,1.000000,0.000000,0.000334,0.000000,0.000000,-0.000000,-0.338942,0.000000,0.000000,1.000000,2.000000,1.217108,3.858378,2.861566,1.630798,2.861566,1.630798,0.175571,1.000000,1.000000
19030.000000,2.861566,1.630798,0.000000,0.000000,0.000000,3.000000,0.000000,1.000000,0.000000,0.000296,0.000000,0.000000,-0.000000,-0.335568,0.000000,0.000000,1.000000,2.000000,1.217108,3.858378,2.861566,1.630798,2.861566,1.630798,0.175571,1.000000,1.000000
19040.000000,2.861566,1.630798,0.000000,0.000000,0.000000,3.000000,0.000000,1.000000,0.000000,0.000264,0.000000,0.000000,-0.000000,-0.332751,0.000000,0.000000,1.000000,2.000000,1.217108,3.858378,2.861566,1.630798,2.861566,1.630798,0.175571,1.000000,1.000000
19050.000000,2.861566,1.630798,0.000000,0.000000,0.000000,3.000000,0.000000,1.000000,0.000000,0.000234,0.000000,0.000000,-0.000000,-0.323210,0.000000,0.000000,1.000000,2.000000,1.217108,3.858378,2.861566,1.630798,2.861566,1.630798,0.175571,1.000000,1.000000
19060.000000,2.861566,1.630798,0.000000,0.000000,0.000000,3.000000,0.000000,1.000000,0.000000,0.011194,0.000950,0.000654,0.000689,-0.287409,0.000000,0.000000,1.000000,2.000000,1.217108,3.858378,2.861566,1.630798,2.861566,1.630798,0.175571,1.000000,1.000000
19070.000000,2.861566,1.630798,0.000000,0.000000,0.000000,3.000000,0.000000,1.000000,0.000000,0.007689,0.000584,0.000402,0.000423,-0.283285,0.000000,0.000000,1.000000,2.000000,1.217108,3.858378,2.861566,1.630798,2.861566,1.630798,0.175571,1.000000,1.000000
19080.000000,2.861566,1.630798,0.000000,0.000000,0.000000,3.000000,0.000000,1.000000,0.000000,0.003275,0.000358,0.000247,0.000260,-0.280465,0.000000,0.000000,1.000000,2.000000,1.217108,3.858378,2.861566,1.630798,2.861566,1.630798,0.175571,1.000000,1.000000
19090.000000,2.861566,1.630798,0.000000,0.000000,0.000000,3.000000,0.000000,1.000000,0.000000,0.000917,0.000220,0.000151,0.000160,-0.296267,0.000000,0.000000,1.000000,2.000000,1.217108,3.858378,2.861566,1.630798,2.861566,1.630798,0.175571,1.000000,1.000000
19100.000000,2.861566,1.630798,0.000000,0.000000,0.000000,3.000000,0.000000,1.000000,0.000000,0.000823,0.000135,0.000093,0.000098,-0.284905,0.000000,0.000000,1.000000,2.000000,1.217108,3.858378,2.861566,1.630798,2.861566,1.630798,0.175571,1.000000,1.000000
19110.000000,2.861566,1.630798,0.000000,0.000000,0.000000,3.000000,0.000000,1.000000,0.000000,0.011925,0.000950,0.000711,-0.000629,-0.268327,0.000000,0.000000,1.000000,2.000000,1.217108,3.858378,2.861566,1.630798,2.861566,1.630798,0.175571,1.000000,1.000000
19120.000000,2.861566,1.630798,0.000000,0.000000,0.000000,3.000000,0.000000,1.000000,0.000000,0.007740,0.000583,0.000437,-0.000386,-0.265655,0.000000,0.000000,1.000000,2.000000,1.217108,3.858378,2.861566,1.630798,2.861566,1.630798,0.175571,1.000000,1.000000
19130.000000,2.861566,1.630798,0.000000,0.000000,0.000000,3.000000,0.000000,1.000000,0.000000,0.003184,0.000358,0.000268,-0.000237,-0.264199,0.000000,0.000000,1.000000,2.000000,1.217108,3.858378,2.861566,1.630798,2.861566,1.630798,0.175571,1.000000,1.000000
19140.000000,2.861566,1.630798,0.000000,0.000000,0.000000,3.000000,0.000000,1.000000,0.000000,0.002015,0.000220,0.000165,-0.000146,-0.300345,0.000000,0.000000,1.000000,2.000000,1.217108,3.858378,2.861566,1.630798,2.861566,1.630798,0.175571,1.000000,1.000000
19150.000000,2.861566,1.630798,0.000000,0.000000,0.000000,3.000000,0.000000,1.000000,0.000000,0.001912,0.000135,0.000101,-0.000089,-0.297355,0.000000,0.000000,1.000000,2.000000,1.217108,3.858378,2.861566,1.630798,2.861566,1.630798,0.175571,1.000000,1.000000
19160.000000,2.861566,1.630798,0.000000,0.000000,0.000000,3.000000,0.000000,1.000000,0.000000,0.001775,0.000083,0.000062,-0.000055,-0.294395,0.000000,0.000000,1.000000,2.000000,1.217108,3.858378,2.861566,1.630798,2.861566,1.630798,0.175571,1.000000,1.000000
19170.000000,2.861566,1.630798,0.000000,0.000000,0.000000,3.000000,0.000000,1.000000,0.000000,0.001993,0.000051,0.000038,-0.000034,-0.301180,0.000000,0.000000,1.000000,2.000000,1.217108,3.858378,2.861566,1.630798,2.861566,1.630798,0.175571,1.000000,1.000000
19180.000000,2.861566,1.630798,0.000000,0.000000,0.000000,3.000000,0.000000,1.000000,0.000000,0.002094,0.000031,0.000023,-0.000021,-0.295945,0.000000,0.000000,1.000000,2.000000,1.217108,3.858378,2.861566,1.630798,2.861566,1.630798,0.175571,1.000000,1.000000
19190.000000,2.861566,1.630798,0.000000,0.000000,0.000000,3.000000,0.000000,1.000000,0.000000,0.002060,0.000019,0.000014,-0.000013,-0.292116,0.000000,0.000000,1.000000,2.000000,1.217108,3.858378,2.861566,1.630798,2.861566,1.630798,0.175571,1.000000,1.000000
19200.000000,2.861566,1.630798,0.000000,0.000000,0.000000,3.000000,0.000000,1.000000,0.000000,0.001952,0.000012,0.000009,-0.000008,-0.284889,0.000000,0.000000,1.000000,2.000000,1.217108,3.858378,2.861566,1.630798,2.861566,1.630798,0.175571,1.000000,1.000000
19210.000000,2.861566,1.630798,0.000000,0.000000,0.000000,3.000000,0.000000,1.000000,0.000000,0.001810,0.000007,0.000005,-0.000005,-0.282053,0.000000,0.000000,1.000000,2.000000,1.217108,3.858378,2.861566,1.630798,2.861566,1.630798,0.175571,1.000000,1.000000
19220.000000,2.861566,1.630798,0.000000,0.000000,0.000000,3.000000,0.000000,1.000000,0.000000,0.001655,0.000004,0.000003,-0.000003,-0.281809,0.000000,0.000000,1.000000,2.000000,1.217108,3.858378,2.861566,1.630798,2.861566,1.630798,0.175571,1.000000,1.000000
19230.000000,2.861566,1.630798,0.000000,0.000000,0.000000,3.000000,0.000000,1.000000,0.000000,0.001499,0.000003,0.000002,-0.000002,-0.279004,0.000000,0.000000,1.000000,2.000000,1.217108,3.858378,2.861566,1.630798,2.861566,1.630798,0.175571,1.000000,1.000000
19240.000000,2.861566,1.630798,0.000000,0.000000,0.000000,3.000000,0.000000,1.000000,0.000000,0.001350,0.000002,0.000001,-0.000001,-0.272539,0.000000,0.000000,1.000000,2.000000,1.217108,3.858378,2.861566,1.630798,2.861566,1.630798,0.175571,1.000000,1.000000
19250.000000,2.861566,1.630798,0.000000,0.000000,0.000000,3.000000,0.000000,1.000000,0.000000,0.001210,0.000001,0.000001,-0.000001,-0.269826,0.000000,0.000000,1.000000,2.000000,1.217108,3.858378,2.861566,1.630798,2.861566,1.630798,0.175571,1.000000,1.000000
19260.000000,2.861566,1.630798,0.000000,0.000000,0.000000,3.000000,0.000000,1.000000,0.000000,0.001082,0.000001,0.000000,-0.000000,-0.267140,0.000000,0.000000,1.000000,2.000000,1.217108,3.858378,2.861566,1.630798,2.861566,1.630798,0.175571,1.000000,1.000000
19270.000000,2.861566,1.630798,0.000000,0.000000,0.000000,3.000000,0.000000,1.000000,0.000000,0.000966,0.000000,0.000000,-0.000000,-0.265824,0.000000,0.000000,1.000000,2.000000,1.217108,3.858378,2.861566,1.630798,2.861566,1.630798,0.175571,1.000000,1.000000
19280.000000,2.861566,1.630798,0.000000,0.000000,0.000000,3.000000,0.000000,1.000000,0.000000,0.000861,0.000000,0.000000,-0.000000,-0.263178,0.000000,0.000000,1.000000,2.000000,1.217108,3.858378,2.861566,1.630798,2.861566,1.630798,0.175571,1.000000,1.000000
19290.000000,2.861566,1.630798,0.000000,0.000000,0.000000,3.000000,0.000000,1.000000,0.000000,0.000767,0.000000,0.000000,-0.000000,-0.259133,0.000000,0.000000,1.000000,2.000000,1.217108,3.858378,2.861566,1.630798,2.861566,1.630798,0.175571,1.000000,1.000000
19300.000000,2.861566,1.630798,0.000000,0.000000,0.000000,3.000000,0.000000,1.000000,0.000000,0.000683,0.000000,0.000000,-0.000000,-0.256553,0.000000,0.000000,1.000000,2.000000,1.217108,3.858378,2.861566,1.630798,2.861566,1.630798,0.175571,1.000000,1.000000
19310.000000,2.861566,1.630798,0.000000,0.000000,0.000000,3.000000,0.000000,1.000000,0.000000,0.000607,0.000000,0.000000,-0.000000,-0.250064,0.000000,0.000000,1.000000,2.000000,1.217108,3.858378,2.861566,1.630798,2.861566,1.630798,0.175571,1.000000,1.000000
19320.000000,2.861566,1.630798,0.000000,0.000000,0.000000,3.000000,0.000000,1.000000,0.000000,0.000540,0.000000,0.000000,-0.000000,-0.243458,0.000000,0.000000,1.000000,2.000000,1.217108,3.858378,2.861566,1.630798,2.861566,1.630798,0.175571,1.000000,1.000000
19330.000000,2.861566,1.630798,0.000000,0.000000,0.000000,3.000000,0.000000,1.000000,0.000000,0.000481,0.000000,0.000000,-0.000000,-0.240574,0.000000,0.000000,1.000000,2.000000,1.217108,3.858378,2.861566,1.630798,2.861566,1.630798,0.175571,1.000000,1.000000
19340.000000,2.861566,1.630798,0.000000,0.000000,0.000000,3.000000,0.000000,1.000000,0.000000,0.000427,0.000000,0.000000,-0.000000,-0.238179,0.000000,0.000000,1.000000,2.000000,1.217108,3.858378,2.861566,1.630798,2.861566,1.630798,0.175571,1.000000,1.000000
19350.000000,2.861566,1.630798,0.000000,0.000000,0.000000,3.000000,0.000000,1.000000,0.000000,0.000380,0.000000,0.000000,-0.000000,-0.243858,0.000000,0.000000,1.000000,2.000000,1.217108,3.858378,2.861566,1.630798,2.861566,1.630798,0.175571,1.000000,1.000000
19360.000000,2.861566,1.630798,0.000000,0.000000,0.000000,3.000000,0.000000,1.000000,0.000000,0.000338,0.000000,0.000000,-0.000000,-0.241578,0.000000,0.000000,1.000000,2.000000,1.217108,3.858378,2.861566,1.630798,2.861566,1.630798,0.175571,1.000000,1.000000
19370.000000,2.861566,1.630798,0.000000,0.000000,0.000000,3.000000,0.000000,1.000000,0.000000,0.000300,0.000000,0.000000,-0.000000,-0.242285,0.000000,0.000000,1.000000,2.000000,1.217108,3.858378,2.861566,1.630798,2.861566,1.630798,0.175571,1.000000,1.000000
19380.000000,2.861566,1.630798,0.000000,0.000000,0.000000,3.000000,0.000000,1.000000,0.000000,0.000267,0.000000,0.000000,-0.000000,-0.239873,0.000000,0.000000,1.000000,2.000000,1.217108,3.858378,2.861566,1.630798,2.861566,1.630798,0.175571,1.000000,1.000000
19390.000000,2.861566,1.630798,0.000000,0.000000,0.000000,3.000000,0.000000,1.000000,0.000000,0.000237,0.000000,0.000000,-0.000000,-0.237485,0.000000,0.000000,1.000000,2.000000,1.217108,3.858378,2.861566,1.630798,2.861566,1.630798,0.175571,1.000000,1.000000
19400.000000,2.861566,1.630798,0.000000,0.000000,0.000000,3.000000,0.000000,1.000000,0.000000,0.000211,0.000000,0.000000,-0.000000,-0.238959,0.000000,0.000000,1.000000,2.000000,1.217108,3.858378,2.861566,1.630798,2.861566,1.630798,0.175571,1.000000,1.000000
19410.000000,2.861566,1.630798,0.000000,0.000000,0.000000,3.000000,0.000000,1.000000,0.000000,0.000187,0.000000,0.000000,-0.000000,-0.235845,0.000000,0.000000,1.000000,2.000000,1.217108,3.858378,2.861566,1.630798,2.861566,1.630798,0.175571,1.000000,1.000000
19420.000000,2.861566,1.630798,0.000000,0.000000,0.000000,3.000000,0.000000,1.000000,0.000000,0.000167,0.000000,0.000000,-0.000000,-0.229996,0.000000,0.000000,1.000000,2.000000,1.217108,3.858378,2.861566,1.630798,2.861566,1.630798,0.175571,1.000000,1.000000
19430.000000,2.861566,1.630798,0.000000,0.000000,0.000000,3.000000,0.000000,1.000000,0.000000,0.000148,0.000000,0.000000,-0.000000,-0.217398,0.000000,0.000000,1.000000,2.000000,1.217108,3.858378,2.861566,1.630798,2.861566,1.630798,0.175571,1.000000,1.000000
19440.000000,2.861566,1.630798,0.000000,0.000000,0.000000,3.000000,0.000000,1.000000,0.000000,0.000132,0.000000,0.000000,-0.000000,-0.215234,0.000000,0.000000,1.000000,2.000000,1.217108,3.858378,2.861566,1.630798,2.861566,1.630798,0.175571,1.000000,1.000000
19450.000000,2.861566,1.630798,0.000000,0.000000,0.000000,3.000000,0.000000,1.000000,0.000000,0.000117,0.000000,0.000000,-0.000000,-0.215170,0.000000,0.000000,1.000000,2.000000,1.217108,3.858378,2.861566,1.630798,2.861566,1.630798,0.175571,1.000000,1.000000
19460.000000,2.861566,1.630798,0.000000,0.000000,0.000000,3.000000,0.000000,1.000000,0.000000,0.000104,0.000000,0.000000,-0.000000,-0.217351,0.000000,0.000000,1.000000,2.000000,1.217108,3.858378,2.861566,1.630798,2.861566,1.630798,0.175571,1.000000,1.000000
19470.000000,2.861566,1.630798,0.000000,0.000000,0.000000,3.000000,0.000000,1.000000,0.000000,0.000092,0.000000,0.000000,-0.000000,-0.217202,0.000000,0.000000,1.000000,2.000000,1.217108,3.858378,2.861566,1.630798,2.861566,1.630798,0.175571,1.000000,1.000000
19480.000000,2.861566,1.630798,0.000000,0.000000,0.000000,3.000000,0.000000,1.000000,0.000000,0.000082,0.000000,0.000000,-0.000000,-0.221742,0.000000,0.000000,1.000000,2.000000,1.217108,3.858378,2.861566,1.630798,2.861566,1.630798,0.175571,1.000000,1.000000
19490.000000,2.861566,1.630798,0.000000,0.000000,0.000000,3.000000,0.000000,1.000000,0.000000,0.000073,0.000000,0.000000,-0.000000,-0.219535,0.000000,0.000000,1.000000,2.000000,1.217108,3.858378,2.861566,1.630798,2.861566,1.630798,0.175571,1.000000,1.000000
19500.000000,2.861566,1.630798,0.000000,0.000000,0.000000,3.000000,0.000000,1.000000,0.000000,0.000065,0.000000,0.000000,-0.000000,-0.222988,0.000000,0.000000,1.000000,2.000000,1.217108,3.858378,2.861566,1.630798,2.861566,1.630798,0.175571,1.000000,1.000000
19510.000000,2.861566,1.630798,0.000000,0.000000,0.000000,3.000000,0.000000,1.000000,0.000000,0.000058,0.000000,0.000000,-0.000000,-0.216656,0.000000,0.000000,1.000000,2.000000,1.217108,3.858378,2.861566,1.630798,2.861566,1.630798,0.175571,1.000000,1.000000
19520.000000,2.861566,1.630798,0.000000,0.000000,0.000000,3.000000,0.000000,1.000000,0.000000,0.000051,0.000000,0.000000,-0.000000,-0.211697,0.000000,0.000000,1.000000,2.000000,1.217108,3.858378,2.861566,1.630798,2.861566,1.630798,0.175571,1.000000,1.000000
19530.000000,2.861566,1.630798,0.000000,0.000000,0.000000,3.000000,0.000000,1.000000,0.000000,0.000046,0.000000,0.000000,-0.000000,-0.201565,0.000000,0.000000,1.000000,2.000000,1.217108,3.858378,2.861566,1.630798,2.861566,1.630798,0.175571,1.000000,1.000000
19540.000000,2.861566,1.630798,0.000000,0.000000,0.000000,3.000000,0.000000,1.000000,0.000000,0.000041,0.000000,0.000000,-0.000000,-0.199558,0.000000,0.000000,1.000000,2.000000,1.217108,3.858378,2.861566,1.630798,2.861566,1.630798,0.175571,1.000000,1.000000
19550.000000,2.861566,1.630798,0.000000,0.000000,0.000000,3.000000,0.000000,1.000000,0.000000,0.000036,0.000000,0.000000,-0.000000,-0.199374,0.000000,0.000000,1.000000,2.000000,1.217108,3.858378,2.861566,1.630798,2.861566,1.630798,0.175571,1.000000,1.000000
19560.000000,2.861566,1.630798,0.000000,0.000000,0.000000,3.000000,0.000000,1.000000,0.000000,0.000032,0.000000,0.000000,-0.000000,-0.204427,0.000000,0.000000,1.000000,2.000000,1.217108,3.858378,2.861566,1.630798,2.861566,1.630798,0.175571,1.000000,1.000000
19570.000000,2.861566,1.630798,0.000000,0.000000,0.000000,3.000000,0.000000,1.000000,0.000000,0.000028,0.000000,0.000000,-0.000000,-0.201338,0.000000,0.000000,1.000000,2.000000,1.217108,3.858378,2.861566,1.630798,2.861566,1.630798,0.175571,1.000000,1.000000
19580.000000,2.861566,1.630798,0.000000,0.000000,0.000000,3.000000,0.000000,1.000000,0.000000,0.008102,0.000950,0.000654,0.000689,-0.197716,0.000000,0.000000,1.000000,2.000000,1.217108,3.858378,2.861566,1.630798,2.861566,1.630798,0.175571,1.000000,1.000000
19590.000000,2.861566,1.630798,0.000000,0.000000,0.000000,3.000000,0.000000,1.000000,0.000000,0.007178,0.000584,0.000402,0.000423,-0.195043,0.000000,0.000000,1.000000,2.000000,1.217108,3.858378,2.861566,1.630798,2.861566,1.630798,0.175571,1.000000,1.000000
19600.000000,2.861566,1.630798,0.000000,0.000000,0.000000,3.000000,0.000000,1.000000,0.000000,0.003264,0.000358,0.000247,0.000260,-0.165851,0.000000,0.000000,1.000000,2.000000,1.217108,3.858378,2.861566,1.630798,2.861566,1.630798,0.175571,1.000000,1.000000
19610.000000,2.861566,1.630798,0.000000,0.000000,0.000000,3.000000,0.000000,1.000000,0.000000,0.000917,0.000220,0.000151,0.000160,-0.164094,0.000000,0.000000,1.000000,2.000000,1.217108,3.858378,2.861566,1.630798,2.861566,1.630798,0.175571,1.000000,1.000000
19620.000000,2.861566,1.630798,0.000000,0.000000,0.000000,3.000000,0.000000,1.000000,0.000000,0.000832,0.000135,0.000093,0.000098,-0.162460,0.000000,0.000000,1.000000,2.000000,1.217108,3.858378,2.861566,1.630798,2.861566,1.630798,0.175571,1.000000,1.000000
19630.000000,2.861566,1.630798,0.000000,0.000000,0.000000,3.000000,0.000000,1.000000,0.000000,0.001595,0.000083,0.000057,0.000060,-0.162614,0.000000,0.000000,1.000000,2.000000,1.217108,3.858378,2.861566,1.630798,2.861566,1.630798,0.175571,1.000000,1.000000
19640.000000,2.861566,1.630798,0.000000,0.000000,0.000000,3.000000,0.000000,1.000000,0.000000,0.001943,0.000051,0.000035,0.000037,-0.160921,0.000000,0.000000,1.000000,2.000000,1.217108,3.858378,2.861566,1.630798,2.861566,1.630798,0.175571,1.000000,1.000000
19650.000000,2.861566,1.630798,0.000000,0.000000,0.000000,3.000000,0.000000,1.000000,0.000000,0.009798,0.000949,0.000676,-0.000667,-0.159319,0.000000,0.000000,1.000000,2.000000,1.217108,3.858378,2.861566,1.630798,2.861566,1.630798,0.175571,1.000000,1.000000
19660.000000,2.861566,1.630798,0.000000,0.000000,0.000000,3.000000,0.000000,1.000000,0.000000,0.009938,0.001105,0.001069,0.000280,-0.161749,0.000000,0.000000,1.000000,2.000000,1.217108,3.858378,2.861566,1.630798,2.861566,1.630798,0.175571,1.000000,1.000000
19670.000000,2.861566,1.630798,0.000000,0.000000,0.000000,3.000000,0.000000,1.000000,0.000000,0.005893,0.000679,0.000656,0.000172,-0.160139,0.000000,0.000000,1.000000,2.000000,1.217108,3.858378,2.861566,1.630798,2.861566,1.630798,0.175571,1.000000,1.000000
19680.000000,2.861566,1.630798,0.000000,0.000000,0.000000,3.000000,0.000000,1.000000,0.000000,0.001736,0.000417,0.000403,0.000106,-0.170125,0.000000,0.000000,1.000000,2.000000,1.217108,3.858378,2.861566,1.630798,2.861566,1.630798,0.175571,1.000000,1.000000
19690.000000,2.861566,1.630798,0.000000,0.000000,0.000000,3.000000,0.000000,1.000000,0.000000,0.001066,0.000256,0.000247,0.000065,-0.168450,0.000000,0.000000,1.000000,2.000000,1.217108,3.858378,2.861566,1.630798,2.861566,1.630798,0.175571,1.000000,1.000000
19700.000000,2.861566,1.630798,0.000000,0.000000,0.000000,3.000000,0.000000,1.000000,0.000000,0.002297,0.000157,0.000152,0.000040,-0.153831,0.000000,0.000000,1.000000,2.000000,1.217108,3.858378,2.861566,1.630798,2.861566,1.630798,0.175571,1.000000,1.000000
19710.000000,2.861566,1.630798,0.000000,0.000000,0.000000,3.000000,0.000000,1.000000,0.000000,0.002915,0.000096,0.000093,0.000024,-0.152299,0.000000,0.000000,1.000000,2.000000,1.217108,3.858378,2.861566,1.630798,2.861566,1.630798,0.175571,1.000000,1.000000
19720.000000,2.861566,1.630798,0.000000,0.000000,0.000000,3.000000,0.000000,1.000000,0.000000,0.003127,0.000059,0.000057,0.000015,-0.150783,0.000000,0.000000,1.000000,2.000000,1.217108,3.858378,2.861566,1.630798,2.861566,1.630798,0.175571,1.000000,1.000000
19730.000000,2.861566,1.630798,0.000000,0.000000,0.000000,3.000000,0.000000,1.000000,0.000000,0.003109,0.000036,0.000035,0.000009,-0.160605,0.000000,0.000000,1.000000,2.000000,1.217108,3.858378,2.861566,1.630798,2.861566,1.630798,0.175571,1.000000,1.000000
19740.000000,2.861566,1.630798,0.000000,0.000000,0.000000,3.000000,0.000000,1.000000,0.000000,0.002965,0.000022,0.000022,0.000006,-0.163864,0.000000,0.000000,1.000000,2.000000,1.217108,3.858378,2.861566,1.630798,2.861566,1.630798,0.175571,1.000000,1.000000
19750.000000,2.861566,1.630798,0.000000,0.000000,0.000000,3.000000,0.000000,1.000000,0.000000,0.002760,0.000014,0.000013,0.000003,-0.162328,0.000000,0.000000,1.000000,2.000000,1.217108,3.858378,2.861566,1.630798,2.861566,1.630798,0.175571,1.000000,1.000000
