I0,I1,I2,I3,I4,I5,I6,I7,I8,I9,I10,I11,I12,I13,I14,I15,I16,I17,I18,I19,I20,I21,I22,I23,I24,I25,I26,I27
10.000000,6.000000,1.000000,0.000000,0.000000,0.000000,0.000000,0.000000,0.000000,0.000000,0.000000,0.000000,0.000000,0.000000,-0.940658,0.000000,0.000000,0.000000,65535.000000,0.000000,0.000000,6.000000,1.000000,6.000000,1.000000,0.000000,0.000000,1.000000
20.000000,6.000000,1.000000,0.000000,0.000000,0.000000,0.000000,0.000000,0.000000,0.000000,0.015596,0.000950,0.000654,0.000689,-0.931883,0.000000,0.000000,0.000000,65535.000000,0.000000,0.000000,6.000000,1.000000,6.000000,1.000000,0.000000,0.000000,1.000000
30.000000,6.000000,1.000000,0.000000,0.000000,0.000000,0.000000,0.000000,0.000000,0.000000,0.007843,0.000584,0.000402,0.000423,-0.945499,0.000000,0.000000,0.000000,65535.000000,0.000000,0.000000,6.000000,1.000000,6.000000,1.000000,0.000000,0.000000,1.000000
150.000000,6.000000,1.000000,0.000000,0.000000,0.000000,0.000000,0.000000,0.000000,0.000000,0.001325,0.000002,0.000001,0.000001,-0.858497,0.000000,0.000000,0.000000,65535.000000,0.000000,0.000000,6.000000,1.000000,6.000000,1.000000,0.000000,0.000000,1.000000
160.000000,6.000000,1.000000,0.000000,0.000000,0.000000,0.000000,0.000000,0.000000,0.000000,0.001188,0.000001,0.000001,0.000001,-0.851001,0.000000,0.000000,0.000000,65535.000000,0.000000,0.000000,6.000000,1.000000,6.000000,1.000000,0.000000,0.000000,1.000000
170.000000,6.000000,1.000000,0.000000,0.000000,0.000000,0.000000,0.000000,0.000000,0.000000,0.001063,0.000001,0.000000,0.000000,-0.843813,0.000000,0.000000,0.000000,65535.000000,0.000000,0.000000,6.000000,1.000000,6.000000,1.000000,0.000000,0.000000,1.000000
180.000000,6.000000,1.000000,0.000000,0.000000,0.000000,0.000000,0.000000,0.000000,0.000000,0.000949,0.000000,0.000000,0.000000,-0.837348,0.000000,0.000000,0.000000,65535.000000,0.000000,0.000000,6.000000,1.000000,6.000000,1.000000,0.000000,0.000000,1.000000
190.000000,6.000000,1.000000,0.000000,0.000000,0.000000,0.000000,0.000000,0.000000,0.000000,0.000846,0.000000,0.000000,0.000000,-0.829557,0.000000,0.000000,0.000000,65535.000000,0.000000,0.000000,6.000000,1.000000,6.000000,1.000000,0.000000,0.000000,1.000000
200.000000,6.000000,1.000000,0.000000,0.000000,0.000000,0.000000,0.000000,0.000000,0.000000,0.000753,0.000000,0.000000,0.000000,-0.822726,0.000000,0.000000,0.000000,65535.000000,0.000000,0.000000,6.000000,1.000000,6.000000,1.000000,0.000000,0.000000,1.000000
210.000000,6.000000,1.000000,0.000000,0.000000,0.000000,0.000000,0.000000,0.000000,0.000000,0.000670,0.000000,0.000000,0.000000,-0.816360,0.000000,0.000000,0.000000,65535.000000,0.000000,0.000000,6.000000,1.000000,6.000000,1.000000,0.000000,0.000000,1.000000
220.000000,6.000000,1.000000,0.000000,0.000000,0.000000,0.000000,0.000000,0.000000,0.000000,0.000597,0.000000,0.000000,0.000000,-0.810471,0.000000,0.000000,0.000000,65535.000000,0.000000,0.000000,6.000000,1.000000,6.000000,1.000000,0.000000,0.000000,1.000000
230.000000,6.000000,1.000000,0.000000,0.000000,0.000000,0.000000,0.000000,0.000000,0.000000,0.000531,0.000000,0.000000,0.000000,-0.803949,0.000000,0.000000,0.000000,65535.000000,0.000000,0.000000,6.000000,1.000000,6.000000,1.000000,0.000000,0.000000,1.000000
240.000000,6.000000,1.000000,0.000000,0.000000,0.000000,0.000000,0.000000,0.000000,0.000000,0.000472,0.000000,0.000000,0.000000,-0.797850,0.000000,0.000000,0.000000,65535.000000,0.000000,0.000000,6.000000,1.000000,6.000000,1.000000,0.000000,0.000000,1.000000
250.000000,6.000000,1.000000,0.000000,0.000000,0.000000,0.000000,0.000000,0.000000,0.000000,0.000420,0.000000,0.000000,0.000000,-0.791529,0.000000,0.000000,0.000000,65535.000000,0.000000,0.000000,6.000000,1.000000,6.000000,1.000000,0.000000,0.000000,1.000000
260.000000,6.000000,1.000000,0.000000,0.000000,0.000000,0.000000,0.000000,0.000000,0.000000,0.000373,0.000000,0.000000,0.000000,-0.785307,0.000000,0.000000,0.000000,65535.000000,0.000000,0.000000,6.000000,1.000000,6.000000,1.000000,0.000000,0.000000,1.000000
270.000000,6.000000,1.000000,0.000000,0.000000,0.000000,0.000000,0.000000,0.000000,0.000000,0.000332,0.000000,0.000000,0.000000,-0.777432,0.000000,0.000000,0.000000,65535.000000,0.000000,0.000000,6.000000,1.000000,6.000000,1.000000,0.000000,0.000000,1.000000
280.000000,6.000000,1.000000,0.000000,0.000000,0.000000,0.000000,0.000000,0.000000,0.000000,0.000295,0.000000,0.000000,0.000000,-0.771428,0.000000,0.000000,0.000000,65535.000000,0.000000,0.000000,6.000000,1.000000,6.000000,1.000000,0.000000,0.000000,1.000000
290.000000,6.000000,1.000000,0.000000,0.000000,0.000000,0.000000,0.000000,0.000000,0.000000,0.000262,0.000000,0.000000,0.000000,-0.765190,0.000000,0.000000,0.000000,65535.000000,0.000000,0.000000,6.000000,1.000000,6.000000,1.000000,0.000000,0.000000,1.000000
300.000000,6.000000,1.000000,0.000000,0.000000,0.000000,0.000000,0.000000,0.000000,0.000000,0.000233,0.000000,0.000000,0.000000,-0.757055,0.000000,0.000000,0.000000,65535.000000,0.000000,0.000000,6.000000,1.000000,6.000000,1.000000,0.000000,0.000000,1.000000
310.000000,6.000000,1.000000,0.000000,0.000000,0.000000,0.000000,0.000000,0.000000,0.000000,0.000207,0.000000,0.000000,0.000000,-0.751361,0.000000,0.000000,0.000000,65535.000000,0.000000,0.000000,6.000000,1.000000,6.000000,1.000000,0.000000,0.000000,1.000000
320.000000,6.000000,1.000000,0.000000,0.000000,0.000000,0.000000,0.000000,0.000000,0.000000,0.000184,0.000000,0.000000,0.000000,-0.745772,0.000000,0.000000,0.000000,65535.000000,0.000000,0.000000,6.000000,1.000000,6.000000,1.000000,0.000000,0.000000,1.000000
330.000000,6.000000,1.000000,0.000000,0.000000,0.000000,0.000000,0.000000,0.000000,0.000000,0.000164,0.000000,0.000000,0.000000,-0.744220,0.000000,0.000000,0.000000,65535.000000,0.000000,0.000000,6.000000,1.000000,6.000000,1.000000,0.000000,0.000000,1.000000
340.000000,6.000000,1.000000,0.000000,0.000000,0.000000,0.000000,0.000000,0.000000,0.000000,0.000145,0.000000,0.000000,0.000000,-0.738792,0.000000,0.000000,0.000000,65535.000000,0.000000,0.000000,6.000000,1.000000,6.000000,1.000000,0.000000,0.000000,1.000000
350.000000,6.000000,1.000000,0.000000,0.000000,0.000000,0.000000,0.000000,0.000000,0.000000,0.000129,0.000000,0.000000,0.000000,-0.734896,0.000000,0.000000,0.000000,65535.000000,0.000000,0.000000,6.000000,1.000000,6.000000,1.000000,0.000000,0.000000,1.000000
360.000000,6.000000,1.000000,0.000000,0.000000,0.000000,0.000000,0.000000,0.000000,0.000000,0.000115,0.000000,0.000000,0.000000,-0.729529,0.000000,0.000000,0.000000,65535.000000,0.000000,0.000000,6.000000,1.000000,6.000000,1.000000,0.000000,0.000000,1.000000
370.000000,6.000000,1.000000,0.000000,0.000000,0.000000,0.000000,0.000000,0.000000,0.000000,0.000102,0.000000,0.000000,0.000000,-0.724240,0.000000,0.000000,0.000000,65535.000000,0.000000,0.000000,6.000000,1.000000,6.000000,1.000000,0.000000,0.000000,1.000000
380.000000,6.000000,1.000000,0.000000,0.000000,0.000000,0.000000,0.000000,0.000000,0.000000,0.000091,0.000000,0.000000,0.000000,-0.713135,0.000000,0.000000,0.000000,65535.000000,0.000000,0.000000,6.000000,1.000000,6.000000,1.000000,0.000000,0.000000,1.000000
390.000000,6.000000,1.000000,0.000000,0.000000,0.000000,0.000000,0.000000,0.000000,0.000000,0.000081,0.000000,0.000000,0.000000,-0.707929,0.000000,0.000000,0.000000,65535.000000,0.000000,0.000000,6.000000,1.000000,6.000000,1.000000,0.000000,0.000000,1.000000
400.000000,6.000000,1.000000,0.000000,0.000000,0.000000,0.000000,0.000000,0.000000,0.000000,0.000072,0.000000,0.000000,0.000000,-0.702948,0.000000,0.000000,0.000000,65535.000000,0.000000,0.000000,6.000000,1.000000,6.000000,1.000000,0.000000,0.000000,1.000000
410.000000,6.000000,1.000000,0.000000,0.000000,0.000000,0.000000,0.000000,0.000000,0.000000,0.000064,0.000000,0.000000,0.000000,-0.700004,0.000000,0.000000,0.000000,65535.000000,0.000000,0.000000,6.000000,1.000000,6.000000,1.000000,0.000000,0.000000,1.000000
420.000000,6.000000,1.000000,0.000000,0.000000,0.000000,0.000000,0.000000,0.000000,0.000000,0.000057,0.000000,0.000000,0.000000,-0.698028,0.000000,0.000000,0.000000,65535.000000,0.000000,0.000000,6.000000,1.000000,6.000000,1.000000,0.000000,0.000000,1.000000
430.000000,6.000000,1.000000,0.000000,0.000000,0.000000,0.000000,0.000000,0.000000,0.000000,0.000050,0.000000,0.000000,0.000000,-0.693185,0.000000,0.000000,0.000000,65535.000000,0.000000,0.000000,6.000000,1.000000,6.000000,1.000000,0.000000,0.000000,1.000000
440.000000,6.000000,1.000000,0.000000,0.000000,0.000000,0.000000,0.000000,0.000000,0.000000,0.000045,0.000000,0.000000,0.000000,-0.689255,0.000000,0.000000,0.000000,65535.000000,0.000000,0.000000,6.000000,1.000000,6.000000,1.000000,0.000000,0.000000,1.000000
450.000000,6.000000,1.000000,0.000000,0.000000,0.000000,0.000000,0.000000,0.000000,0.000000,0.000040,0.000000,0.000000,0.000000,-0.684700,0.000000,0.000000,0.000000,65535.000000,0.000000,0.000000,6.000000,1.000000,6.000000,1.000000,0.000000,0.000000,1.000000
460.000000,6.000000,1.000000,0.000000,0.000000,0.000000,0.000000,0.000000,0.000000,0.000000,0.000035,0.000000,0.000000,0.000000,-0.677792,0.000000,0.000000,0.000000,65535.000000,0.000000,0.000000,6.000000,1.000000,6.000000,1.000000,0.000000,0.000000,1.000000
470.000000,6.000000,1.000000,0.000000,0.000000,0.000000,0.000000,0.000000,0.000000,0.000000,0.000031,0.000000,0.000000,0.000000,-0.673224,0.000000,0.000000,0.000000,65535.000000,0.000000,0.000000,6.000000,1.000000,6.000000,1.000000,0.000000,0.000000,1.000000
480.000000,6.000000,1.000000,0.000000,0.000000,0.000000,0.000000,0.000000,0.000000,0.000000,0.000028,0.000000,0.000000,0.000000,-0.668846,0.000000,0.000000,0.000000,65535.000000,0.000000,0.000000,6.000000,1.000000,6.000000,1.000000,0.000000,0.000000,1.000000
490.000000,6.000000,1.000000,0.000000,0.000000,0.000000,0.000000,0.000000,0.000000,0.000000,0.000025,0.000000,0.000000,0.000000,-0.665086,0.000000,0.000000,0.000000,65535.000000,0.000000,0.000000,6.000000,1.000000,6.000000,1.000000,0.000000,0.000000,1.000000
500.000000,6.000000,1.000000,0.000000,0.000000,0.000000,0.000000,0.000000,0.000000,0.000000,0.000022,0.000000,0.000000,0.000000,-0.660687,0.000000,0.000000,0.000000,65535.000000,0.000000,0.000000,6.000000,1.000000,6.000000,1.000000,0.000000,0.000000,1.000000
510.000000,6.000000,1.000000,0.000000,0.000000,0.000000,0.000000,0.000000,0.000000,0.000000,0.000020,0.000000,0.000000,0.000000,-0.656509,0.000000,0.000000,0.000000,65535.000000,0.000000,0.000000,6.000000,1.000000,6.000000,1.000000,0.000000,0.000000,1.000000
520.000000,6.000000,1.000000,0.000000,0.000000,0.000000,0.000000,0.000000,0.000000,0.000000,0.000017,0.000000,0.000000,0.000000,-0.652223,0.000000,0.000000,0.000000,65535.000000,0.000000,0.000000,6.000000,1.000000,6.000000,1.000000,0.000000,0.000000,1.000000
530.000000,6.000000,1.000000,0.000000,0.000000,0.000000,0.000000,0.000000,0.000000,0.000000,0.000016,0.000000,0.000000,0.000000,-0.647839,0.000000,0.000000,0.000000,65535.000000,0.000000,0.000000,6.000000,1.000000,6.000000,1.000000,0.000000,0.000000,1.000000
540.000000,6.000000,1.000000,0.000000,0.000000,0.000000,0.000000,0.000000,0.000000,0.000000,0.000014,0.000000,0.000000,0.000000,-0.642917,0.000000,0.000000,0.000000,65535.000000,0.000000,0.000000,6.000000,1.000000,6.000000,1.000000,0.000000,0.000000,1.000000
550.000000,6.000000,1.000000,0.000000,0.000000,0.000000,0.000000,0.000000,0.000000,0.000000,0.000012,0.000000,0.000000,0.000000,-0.637585,0.000000,0.000000,0.000000,65535.000000,0.000000,0.000000,6.000000,1.000000,6.000000,1.000000,0.000000,0.000000,1.000000
560.000000,6.000000,1.000000,0.000000,0.000000,0.000000,0.000000,0.000000,0.000000,0.000000,0.000011,0.000000,0.000000,0.000000,-0.633541,0.000000,0.000000,0.000000,65535.000000,0.000000,0.000000,6.000000,1.000000,6.000000,1.000000,0.000000,0.000000,1.000000
570.000000,6.000000,1.000000,0.000000,0.000000,0.000000,0.000000,0.000000,0.000000,0.000000,0.000010,0.000000,0.000000,0.000000,-0.630026,0.000000,0.000000,0.000000,65535.000000,0.000000,0.000000,6.000000,1.000000,6.000000,1.000000,0.000000,0.000000,1.000000
580.000000,6.000000,1.000000,0.000000,0.000000,0.000000,0.000000,0.000000,0.000000,0.000000,0.000009,0.000000,0.000000,0.000000,-0.625937,0.000000,0.000000,0.000000,65535.000000,0.000000,0.000000,6.000000,1.000000,6.000000,1.000000,0.000000,0.000000,1.000000
590.000000,6.000000,1.000000,0.000000,0.000000,0.000000,0.000000,0.000000,0.000000,0.000000,0.000008,0.000000,0.000000,0.000000,-0.622040,0.000000,0.000000,0.000000,65535.000000,0.000000,0.000000,6.000000,1.000000,6.000000,1.000000,0.000000,0.000000,1.000000
600.000000,6.000000,1.000000,0.000000,0.000000,0.000000,0.000000,0.000000,0.000000,0.000000,0.000007,0.000000,0.000000,0.000000,-0.618020,0.000000,0.000000,0.000000,65535.000000,0.000000,0.000000,6.000000,1.000000,6.000000,1.000000,0.000000,0.000000,1.000000
610.000000,6.000000,1.000000,0.000000,0.000000,0.000000,0.000000,0.000000,0.000000,0.000000,0.000006,0.000000,0.000000,0.000000,-0.614220,0.000000,0.000000,0.000000,65535.000000,0.000000,0.000000,6.000000,1.000000,6.000000,1.000000,0.000000,0.000000,1.000000
620.000000,6.000000,1.000000,0.000000,0.000000,0.000000,0.000000,0.000000,0.000000,0.000000,0.000005,0.000000,0.000000,0.000000,-0.611799,0.000000,0.000000,0.000000,65535.000000,0.000000,0.000000,6.000000,1.000000,6.000000,1.000000,0.000000,0.000000,1.000000
630.000000,6.000000,1.000000,0.000000,0.000000,0.000000,0.000000,0.000000,0.000000,0.000000,0.000005,0.000000,0.000000,0.000000,-0.609058,0.000000,0.000000,0.000000,65535.000000,0.000000,0.000000,6.000000,1.000000,6.000000,1.000000,0.000000,0.000000,1.000000
640.000000,6.000000,1.000000,0.000000,0.000000,0.000000,0.000000,0.000000,0.000000,0.000000,0.000004,0.000000,0.000000,0.000000,-0.605367,0.000000,0.000000,0.000000,65535.000000,0.000000,0.000000,6.000000,1.000000,6.000000,1.000000,0.000000,0.000000,1.000000
650.000000,6.000000,1.000000,0.000000,0.000000,0.000000,0.000000,0.000000,0.000000,0.000000,0.000004,0.000000,0.000000,0.000000,-0.601721,0.000000,0.000000,0.000000,65535.000000,0.000000,0.000000,6.000000,1.000000,6.000000,1.000000,0.000000,0.000000,1.000000
660.000000,6.000000,1.000000,0.000000,0.000000,0.000000,0.000000,0.000000,0.000000,0.000000,0.000003,0.000000,0.000000,0.000000,-0.601384,0.000000,0.000000,0.000000,65535.000000,0.000000,0.000000,6.000000,1.000000,6.000000,1.000000,0.000000,0.000000,1.000000
670.000000,6.000000,1.000000,0.000000,0.000000,0.000000,0.000000,0.000000,0.000000,0.000000,0.000003,0.000000,0.000000,0.000000,-0.595164,0.000000,0.000000,0.000000,65535.000000,0.000000,0.000000,6.000000,1.000000,6.000000,1.000000,0.000000,0.000000,1.000000
680.000000,6.000000,1.000000,0.000000,0.000000,0.000000,0.000000,0.000000,0.000000,0.000000,0.000003,0.000000,0.000000,0.000000,-0.591639,0.000000,0.000000,0.000000,65535.000000,0.000000,0.000000,6.000000,1.000000,6.000000,1.000000,0.000000,0.000000,1.000000
690.000000,6.000000,1.000000,0.000000,0.000000,0.000000,0.000000,0.000000,0.000000,0.000000,0.000002,0.000000,0.000000,0.000000,-0.587418,0.000000,0.000000,0.000000,65535.000000,0.000000,0.000000,6.000000,1.000000,6.000000,1.000000,0.000000,0.000000,1.000000
700.000000,6.000000,1.000000,0.000000,0.000000,0.000000,0.000000,0.000000,0.000000,0.000000,0.000002,0.000000,0.000000,0.000000,-0.583985,0.000000,0.000000,0.000000,65535.000000,0.000000,0.000000,6.000000,1.000000,6.000000,1.000000,0.000000,0.000000,1.000000
710.000000,6.000000,1.000000,0.000000,0.000000,0.000000,0.000000,0.000000,0.000000,0.000000,0.000002,0.000000,0.000000,0.000000,-0.581889,0.000000,0.000000,0.000000,65535.000000,0.000000,0.000000,6.000000,1.000000,6.000000,1.000000,0.000000,0.000000,1.000000
720.000000,6.000000,1.000000,0.000000,0.000000,0.000000,0.000000,0.000000,0.000000,0.000000,0.000002,0.000000,0.000000,0.000000,-0.577765,0.000000,0.000000,0.000000,65535.000000,0.000000,0.000000,6.000000,1.000000,6.000000,1.000000,0.000000,0.000000,1.000000
730.000000,6.000000,1.000000,0.000000,0.000000,0.000000,0.000000,0.000000,0.000000,0.000000,0.000001,0.000000,0.000000,0.000000,-0.574443,0.000000,0.000000,0.000000,65535.000000,0.000000,0.000000,6.000000,1.000000,6.000000,1.000000,0.000000,0.000000,1.000000
740.000000,6.000000,1.000000,0.000000,0.000000,0.000000,0.000000,0.000000,0.000000,0.000000,0.000001,0.000000,0.000000,0.000000,-0.571159,0.000000,0.000000,0.000000,65535.000000,0.000000,0.000000,6.000000,1.000000,6.000000,1.000000,0.000000,0.000000,1.000000
750.000000,6.000000,1.000000,0.000000,0.000000,0.000000,0.000000,0.000000,0.000000,0.000000,0.000001,0.000000,0.000000,0.000000,-0.568850,0.000000,0.000000,0.000000,65535.000000,0.000000,0.000000,6.000000,1.000000,6.000000,1.000000,0.000000,0.000000,1.000000
760.000000,6.000000,1.000000,0.000000,0.000000,0.000000,0.000000,0.000000,0.000000,0.000000,0.000001,0.000000,0.000000,0.000000,-0.564227,0.000000,0.000000,0.000000,65535.000000,0.000000,0.000000,6.000000,1.000000,6.000000,1.000000,0.000000,0.000000,1.000000
770.000000,6.000000,1.000000,0.000000,0.000000,0.000000,0.000000,0.000000,0.000000,0.000000,0.000001,0.000000,0.000000,0.000000,-0.561058,0.000000,0.000000,0.000000,65535.000000,0.000000,0.000000,6.000000,1.000000,6.000000,1.000000,0.000000,0.000000,1.000000
780.000000,6.000000,1.000000,0.000000,0.000000,0.000000,0.000000,0.000000,0.000000,0.000000,0.000001,0.000000,0.000000,0.000000,-0.557924,0.000000,0.000000,0.000000,65535.000000,0.000000,0.000000,6.000000,1.000000,6.000000,1.000000,0.000000,0.000000,1.000000
790.000000,6.000000,1.000000,0.000000,0.000000,0.000000,0.000000,0.000000,0.000000,0.000000,0.000001,0.000000,0.000000,0.000000,-0.555710,0.000000,0.000000,0.000000,65535.000000,0.000000,0.000000,6.000000,1.000000,6.000000,1.000000,0.000000,0.000000,1.000000
800.000000,6.000000,1.000000,0.000000,0.000000,0.000000,0.000000,0.000000,0.000000,0.000000,0.000001,0.000000,0.000000,0.000000,-0.552405,0.000000,0.000000,0.000000,65535.000000,0.000000,0.000000,6.000000,1.000000,6.000000,1.000000,0.000000,0.000000,1.000000
810.000000,6.000000,1.000000,0.000000,0.000000,0.000000,0.000000,0.000000,0.000000,0.000000,0.000001,0.000000,0.000000,0.000000,-0.544216,0.000000,0.000000,0.000000,65535.000000,0.000000,0.000000,6.000000,1.000000,6.000000,1.000000,0.000000,0.000000,1.000000
820.000000,6.000000,1.000000,0.000000,0.000000,0.000000,0.000000,0.000000,0.000000,0.000000,0.000001,0.000000,0.000000,0.000000,-0.541268,0.000000,0.000000,0.000000,65535.000000,0.000000,0.000000,6.000000,1.000000,6.000000,1.000000,0.000000,0.000000,1.000000
830.000000,6.000000,1.000000,0.000000,0.000000,0.000000,0.000000,0.000000,0.000000,0.000000,0.000000,0.000000,0.000000,0.000000,-0.538351,0.000000,0.000000,0.000000,65535.000000,0.000000,0.000000,6.000000,1.000000,6.000000,1.000000,0.000000,0.000000,1.000000
840.000000,6.000000,1.000000,0.000000,0.000000,0.000000,0.000000,0.000000,0.000000,0.000000,0.000000,0.000000,0.000000,0.000000,-0.539851,0.000000,0.000000,0.000000,65535.000000,0.000000,0.000000,6.000000,1.000000,6.000000,1.000000,0.000000,0.000000,1.000000
850.000000,6.000000,1.000000,0.000000,0.000000,0.000000,0.000000,0.000000,0.000000,0.000000,0.000000,0.000000,0.000000,0.000000,-0.539174,0.000000,0.000000,0.000000,65535.000000,0.000000,0.000000,6.000000,1.000000,6.000000,1.000000,0.000000,0.000000,1.000000
860.000000,6.000000,1.000000,0.000000,0.000000,0.000000,0.000000,0.000000,0.000000,0.000000,0.000000,0.000000,0.000000,0.000000,-0.536279,0.000000,0.000000,0.000000,65535.000000,0.000000,0.000000,6.000000,1.000000,6.000000,1.000000,0.000000,0.000000,1.000000
870.000000,6.000000,1.000000,0.000000,0.000000,0.000000,0.000000,0.000000,0.000000,0.000000,0.000000,0.000000,0.000000,0.000000,-0.533416,0.000000,0.000000,0.000000,65535.000000,0.000000,0.000000,6.000000,1.000000,6.000000,1.000000,0.000000,0.000000,1.000000
880.000000,6.000000,1.000000,0.000000,0.000000,0.000000,0.000000,0.000000,0.000000,0.000000,0.000000,0.000000,0.000000,0.000000,-0.527189,0.000000,0.000000,0.000000,65535.000000,0.000000,0.000000,6.000000,1.000000,6.000000,1.000000,0.000000,0.000000,1.000000
890.000000,6.000000,1.000000,0.000000,0.000000,0.000000,0.000000,0.000000,0.000000,0.000000,0.000000,0.000000,0.000000,0.000000,-0.524040,0.000000,0.000000,0.000000,65535.000000,0.000000,0.000000,6.000000,1.000000,6.000000,1.000000,0.000000,0.000000,1.000000
900.000000,6.000000,1.000000,0.000000,0.000000,0.000000,0.000000,0.000000,0.000000,0.000000,0.000000,0.000000,0.000000,0.000000,-0.521306,0.000000,0.000000,0.000000,65535.000000,0.000000,0.000000,6.000000,1.000000,6.000000,1.000000,0.000000,0.000000,1.000000
910.000000,6.000000,1.000000,0.000000,0.000000,0.000000,0.000000,0.000000,0.000000,0.000000,0.000000,0.000000,0.000000,0.000000,-0.517170,0.000000,0.000000,0.000000,65535.000000,0.000000,0.000000,6.000000,1.000000,6.000000,1.000000,0.000000,0.000000,1.000000
920.000000,6.000000,1.000000,0.000000,0.000000,0.000000,0.000000,0.000000,0.000000,0.000000,0.000000,0.000000,0.000000,0.000000,-0.514507,0.000000,0.000000,0.000000,65535.000000,0.000000,0.000000,6.000000,1.000000,6.000000,1.000000,0.000000,0.000000,1.000000
930.000000,6.000000,1.000000,0.000000,0.000000,0.000000,0.000000,0.000000,0.000000,0.000000,0.000000,0.000000,0.000000,0.000000,-0.511870,0.000000,0.000000,0.000000,65535.000000,0.000000,0.000000,6.000000,1.000000,6.000000,1.000000,0.000000,0.000000,1.000000
940.000000,6.000000,1.000000,0.000000,0.000000,0.000000,0.000000,0.000000,0.000000,0.000000,0.000000,0.000000,0.000000,0.000000,-0.513434,0.000000,0.000000,0.000000,65535.000000,0.000000,0.000000,6.000000,1.000000,6.000000,1.000000,0.000000,0.000000,1.000000
950.000000,6.000000,1.000000,0.000000,0.000000,0.000000,0.000000,0.000000,0.000000,0.000000,0.000000,0.000000,0.000000,0.000000,-0.510219,0.000000,0.000000,0.000000,65535.000000,0.000000,0.000000,6.000000,1.000000,6.000000,1.000000,0.000000,0.000000,1.000000
960.000000,6.000000,1.000000,0.000000,0.000000,0.000000,0.000000,0.000000,0.000000,0.000000,0.000000,0.000000,0.000000,0.000000,-0.507466,0.000000,0.000000,0.000000,65535.000000,0.000000,0.000000,6.000000,1.000000,6.000000,1.000000,0.000000,0.000000,1.000000
970.000000,6.000000,1.000000,0.000000,0.000000,0.000000,0.000000,0.000000,0.000000,0.000000,0.000000,0.000000,0.000000,0.000000,-0.504722,0.000000,0.000000,0.000000,65535.000000,0.000000,0.000000,6.000000,1.000000,6.000000,1.000000,0.000000,0.000000,1.000000
980.000000,6.000000,1.000000,0.000000,0.000000,0.000000,0.000000,0.000000,0.000000,0.000000,0.000000,0.000000,0.000000,0.000000,-0.502185,0.000000,0.000000,0.000000,65535.000000,0.000000,0.000000,6.000000,1.000000,6.000000,1.000000,0.000000,0.000000,1.000000
990.000000,6.000000,1.000000,0.000000,0.000000,0.000000,0.000000,0.000000,0.000000,0.000000,0.000000,0.000000,0.000000,0.000000,-0.501614,0.000000,0.000000,0.000000,65535.000000,0.000000,0.000000,6.000000,1.000000,6.000000,1.000000,0.000000,0.000000,1.000000
1000.000000,6.000000,1.000000,0.000000,0.000000,0.000000,0.000000,0.000000,0.000000,0.000000,0.000000,0.000000,0.000000,0.000000,-0.499501,0.000000,0.000000,0.000000,65535.000000,0.000000,0.000000,6.000000,1.000000,6.000000,1.000000,0.000000,0.000000,1.000000
1010.000000,6.000000,1.000000,0.000000,0.000000,0.000000,0.000000,0.000000,0.000000,0.000000,0.000000,0.000000,0.000000,0.000000,-0.496318,0.000000,0.000000,0.000000,65535.000000,0.000000,0.000000,6.000000,1.000000,6.000000,1.000000,0.000000,0.000000,1.000000
1020.000000,6.000000,1.000000,0.000000,0.000000,0.000000,0.000000,0.000000,0.000000,0.000000,0.000000,0.000000,0.000000,0.000000,-0.493864,0.000000,0.000000,0.000000,65535.000000,0.000000,0.000000,6.000000,1.000000,6.000000,1.000000,0.000000,0.000000,1.000000
1030.000000,6.000000,1.000000,0.000000,0.000000,0.000000,0.000000,0.000000,0.000000,0.000000,0.000000,0.000000,0.000000,0.000000,-0.492607,0.000000,0.000000,0.000000,65535.000000,0.000000,0.000000,6.000000,1.000000,6.000000,1.000000,0.000000,0.000000,1.000000
1040.000000,6.000000,1.000000,0.000000,0.000000,0.000000,0.000000,0.000000,0.000000,0.000000,0.000000,0.000000,0.000000,0.000000,-0.487718,0.000000,0.000000,0.000000,65535.000000,0.000000,0.000000,6.000000,1.000000,6.000000,1.000000,0.000000,0.000000,1.000000
1050.000000,6.000000,1.000000,0.000000,0.000000,0.000000,0.000000,0.000000,0.000000,0.000000,0.000000,0.000000,0.000000,0.000000,-0.485348,0.000000,0.000000,0.000000,65535.000000,0.000000,0.000000,6.000000,1.000000,6.000000,1.000000,0.000000,0.000000,1.000000
1060.000000,6.000000,1.000000,0.000000,0.000000,0.000000,0.000000,0.000000,0.000000,0.000000,0.000000,0.000000,0.000000,0.000000,-0.483308,0.000000,0.000000,0.000000,65535.000000,0.000000,0.000000,6.000000,1.000000,6.000000,1.000000,0.000000,0.000000,1.000000
1070.000000,6.000000,1.000000,0.000000,0.000000,0.000000,0.000000,0.000000,0.000000,0.000000,0.000000,0.000000,0.000000,0.000000,-0.482438,0.000000,0.000000,0.000000,65535.000000,0.000000,0.000000,6.000000,1.000000,6.000000,1.000000,0.000000,0.000000,1.000000
1080.000000,6.000000,1.000000,0.000000,0.000000,0.000000,0.000000,0.000000,0.000000,0.000000,0.000000,0.000000,0.000000,0.000000,-0.478394,0.000000,0.000000,0.000000,65535.000000,0.000000,0.000000,6.000000,1.000000,6.000000,1.000000,0.000000,0.000000,1.000000
1090.000000,6.000000,1.000000,0.000000,0.000000,0.000000,0.000000,0.000000,0.000000,0.000000,0.000000,0.000000,0.000000,0.000000,-0.476114,0.000000,0.000000,0.000000,65535.000000,0.000000,0.000000,6.000000,1.000000,6.000000,1.000000,0.000000,0.000000,1.000000
1100.000000,6.000000,1.000000,0.000000,0.000000,0.000000,0.000000,0.000000,0.000000,0.000000,0.000000,0.000000,0.000000,0.000000,-0.473856,0.000000,0.000000,0.000000,65535.000000,0.000000,0.000000,6.000000,1.000000,6.000000,1.000000,0.000000,0.000000,1.000000
1110.000000,6.000000,1.000000,0.000000,0.000000,0.000000,0.000000,0.000000,0.000000,0.000000,0.000000,0.000000,0.000000,0.000000,-0.472036,0.000000,0.000000,0.000000,65535.000000,0.000000,0.000000,6.000000,1.000000,6.000000,1.000000,0.000000,0.000000,1.000000
1120.000000,6.000000,1.000000,0.000000,0.000000,0.000000,0.000000,0.000000,0.000000,0.000000,0.000000,0.000000,0.000000,0.000000,-0.469702,0.000000,0.000000,0.000000,65535.000000,0.000000,0.000000,6.000000,1.000000,6.000000,1.000000,0.000000,0.000000,1.000000
1130.000000,6.000000,1.000000,0.000000,0.000000,0.000000,0.000000,0.000000,0.000000,0.000000,0.000000,0.000000,0.000000,0.000000,-0.467504,0.000000,0.000000,0.000000,65535.000000,0.000000,0.000000,6.000000,1.000000,6.000000,1.000000,0.000000,0.000000,1.000000
1140.000000,6.000000,1.000000,0.000000,0.000000,0.000000,0.000000,0.000000,0.000000,0.000000,0.000000,0.000000,0.000000,0.000000,-0.466828,0.000000,0.000000,0.000000,65535.000000,0.000000,0.000000,6.000000,1.000000,6.000000,1.000000,0.000000,0.000000,1.000000
1150.000000,6.000000,1.000000,0.000000,0.000000,0.000000,0.000000,0.000000,0.000000,0.000000,0.000000,0.000000,0.000000,0.000000,-0.464646,0.000000,0.000000,0.000000,65535.000000,0.000000,0.000000,6.000000,1.000000,6.000000,1.000000,0.000000,0.000000,1.000000
1160.000000,6.000000,1.000000,0.000000,0.000000,0.000000,0.000000,0.000000,0.000000,0.000000,0.000000,0.000000,0.000000,0.000000,-0.462495,0.000000,0.000000,0.000000,65535.000000,0.000000,0.000000,6.000000,1.000000,6.000000,1.000000,0.000000,0.000000,1.000000
1170.000000,6.000000,1.000000,0.000000,0.000000,0.000000,0.000000,0.000000,0.000000,0.000000,0.000000,0.000000,0.000000,0.000000,-0.461042,0.000000,0.000000,0.000000,65535.000000,0.000000,0.000000,6.000000,1.000000,6.000000,1.000000,0.000000,0.000000,1.000000
1180.000000,6.000000,1.000000,0.000000,0.000000,0.000000,0.000000,0.000000,0.000000,0.000000,0.000000,0.000000,0.000000,0.000000,-0.456850,0.000000,0.000000,0.000000,65535.000000,0.000000,0.000000,6.000000,1.000000,6.000000,1.000000,0.000000,0.000000,1.000000
1190.000000,6.000000,1.000000,0.000000,0.000000,0.000000,0.000000,0.000000,0.000000,0.000000,0.000000,0.000000,0.000000,0.000000,-0.454770,0.000000,0.000000,0.000000,65535.000000,0.000000,0.000000,6.000000,1.000000,6.000000,1.000000,0.000000,0.000000,1.000000
1200.000000,6.000000,1.000000,0.000000,0.000000,0.000000,0.000000,0.000000,0.000000,0.000000,0.000000,0.000000,0.000000,0.000000,-0.452709,0.000000,0.000000,0.000000,65535.000000,0.000000,0.000000,6.000000,1.000000,6.000000,1.000000,0.000000,0.000000,1.000000
1210.000000,6.000000,1.000000,0.000000,0.000000,0.000000,0.000000,0.000000,0.000000,0.000000,0.000000,0.000000,0.000000,0.000000,-0.454329,0.000000,0.000000,0.000000,65535.000000,0.000000,0.000000,6.000000,1.000000,6.000000,1.000000,0.000000,0.000000,1.000000
1220.000000,6.000000,1.000000,0.000000,0.000000,0.000000,0.000000,0.000000,0.000000,0.000000,0.000000,0.000000,0.000000,0.000000,-0.448947,0.000000,0.000000,0.000000,65535.000000,0.000000,0.000000,6.000000,1.000000,6.000000,1.000000,0.000000,0.000000,1.000000
1230.000000,6.000000,1.000000,0.000000,0.000000,0.000000,0.000000,0.000000,0.000000,0.000000,0.000000,0.000000,0.000000,0.000000,-0.445616,0.000000,0.000000,0.000000,65535.000000,0.000000,0.000000,6.000000,1.000000,6.000000,1.000000,0.000000,0.000000,1.000000
1240.000000,6.000000,1.000000,0.000000,0.000000,0.000000,0.000000,0.000000,0.000000,0.000000,0.000000,0.000000,0.000000,0.000000,-0.443637,0.000000,0.000000,0.000000,65535.000000,0.000000,0.000000,6.000000,1.000000,6.000000,1.000000,0.000000,0.000000,1.000000
1250.000000,6.000000,1.000000,0.000000,0.000000,0.000000,0.000000,0.000000,0.000000,0.000000,0.000000,0.000000,0.000000,0.000000,-0.441856,0.000000,0.000000,0.000000,65535.000000,0.000000,0.000000,6.000000,1.000000,6.000000,1.000000,0.000000,0.000000,1.000000
1260.000000,6.000000,1.000000,0.000000,0.000000,0.000000,0.000000,0.000000,0.000000,0.000000,0.000000,0.000000,0.000000,0.000000,-0.439765,0.000000,0.000000,0.000000,65535.000000,0.000000,0.000000,6.000000,1.000000,6.000000,1.000000,0.000000,0.000000,1.000000
1270.000000,6.000000,1.000000,0.000000,0.000000,0.000000,0.000000,0.000000,0.000000,0.000000,0.000000,0.000000,0.000000,0.000000,-0.437044,0.000000,0.000000,0.000000,65535.000000,0.000000,0.000000,6.000000,1.000000,6.000000,1.000000,0.000000,0.000000,1.000000
1280.000000,6.000000,1.000000,0.000000,0.000000,0.000000,0.000000,0.000000,0.000000,0.000000,0.000000,0.000000,0.000000,0.000000,-0.435140,0.000000,0.000000,0.000000,65535.000000,0.000000,0.000000,6.000000,1.000000,6.000000,1.000000,0.000000,0.000000,1.000000
1290.000000,6.000000,1.000000,0.000000,0.000000,0.000000,0.000000,0.000000,0.000000,0.000000,0.000000,0.000000,0.000000,0.000000,-0.434224,0.000000,0.000000,0.000000,65535.000000,0.000000,0.000000,6.000000,1.000000,6.000000,1.000000,0.000000,0.000000,1.000000
1300.000000,6.000000,1.000000,0.000000,0.000000,0.000000,0.000000,0.000000,0.000000,0.000000,0.000000,0.000000,0.000000,0.000000,-0.432460,0.000000,0.000000,0.000000,65535.000000,0.000000,0.000000,6.000000,1.000000,6.000000,1.000000,0.000000,0.000000,1.000000
1310.000000,6.000000,1.000000,0.000000,0.000000,0.000000,0.000000,0.000000,0.000000,0.000000,0.000000,0.000000,0.000000,0.000000,-0.430665,0.000000,0.000000,0.000000,65535.000000,0.000000,0.000000,6.000000,1.000000,6.000000,1.000000,0.000000,0.000000,1.000000
1320.000000,6.000000,1.000000,0.000000,0.000000,0.000000,0.000000,0.000000,0.000000,0.000000,0.000000,0.000000,0.000000,0.000000,-0.428817,0.000000,0.000000,0.000000,65535.000000,0.000000,0.000000,6.000000,1.000000,6.000000,1.000000,0.000000,0.000000,1.000000
1330.000000,6.000000,1.000000,0.000000,0.000000,0.000000,0.000000,0.000000,0.000000,0.000000,0.000000,0.000000,0.000000,0.000000,-0.426984,0.000000,0.000000,0.000000,65535.000000,0.000000,0.000000,6.000000,1.000000,6.000000,1.000000,0.000000,0.000000,1.000000
1340.000000,6.000000,1.000000,0.000000,0.000000,0.000000,0.000000,0.000000,0.000000,0.000000,0.000000,0.000000,0.000000,0.000000,-0.428444,0.000000,0.000000,0.000000,65535.000000,0.000000,0.000000,6.000000,1.000000,6.000000,1.000000,0.000000,0.000000,1.000000
1350.000000,6.000000,1.000000,0.000000,0.000000,0.000000,0.000000,0.000000,0.000000,0.000000,0.000000,0.000000,0.000000,0.000000,-0.428542,0.000000,0.000000,0.000000,65535.000000,0.000000,0.000000,6.000000,1.000000,6.000000,1.000000,0.000000,0.000000,1.000000
1360.000000,6.000000,1.000000,0.000000,0.000000,0.000000,0.000000,0.000000,0.000000,0.000000,0.000000,0.000000,0.000000,0.000000,-0.426642,0.000000,0.000000,0.000000,65535.000000,0.000000,0.000000,6.000000,1.000000,6.000000,1.000000,0.000000,0.000000,1.000000
1370.000000,6.000000,1.000000,0.000000,0.000000,0.000000,0.000000,0.000000,0.000000,0.000000,0.000000,0.000000,0.000000,0.000000,-0.422354,0.000000,0.000000,0.000000,65535.000000,0.000000,0.000000,6.000000,1.000000,6.000000,1.000000,0.000000,0.000000,1.000000
1380.000000,6.000000,1.000000,0.000000,0.000000,0.000000,0.000000,0.000000,0.000000,0.000000,0.000000,0.000000,0.000000,0.000000,-0.420576,0.000000,0.000000,0.000000,65535.000000,0.000000,0.000000,6.000000,1.000000,6.000000,1.000000,0.000000,0.000000,1.000000
1390.000000,6.000000,1.000000,0.000000,0.000000,0.000000,0.000000,0.000000,0.000000,0.000000,0.000000,0.000000,0.000000,0.000000,-0.417050,0.000000,0.000000,0.000000,65535.000000,0.000000,0.000000,6.000000,1.000000,6.000000,1.000000,0.000000,0.000000,1.000000
1400.000000,6.000000,1.000000,0.000000,0.000000,0.000000,0.000000,0.000000,0.000000,0.000000,0.000000,0.000000,0.000000,0.000000,-0.413893,0.000000,0.000000,0.000000,65535.000000,0.000000,0.000000,6.000000,1.000000,6.000000,1.000000,0.000000,0.000000,1.000000
1410.000000,6.000000,1.000000,0.000000,0.000000,0.000000,0.000000,0.000000,0.000000,0.000000,0.000000,0.000000,0.000000,0.000000,-0.412186,0.000000,0.000000,0.000000,65535.000000,0.000000,0.000000,6.000000,1.000000,6.000000,1.000000,0.000000,0.000000,1.000000
1420.000000,6.000000,1.000000,0.000000,0.000000,0.000000,0.000000,0.000000,0.000000,0.000000,0.000000,0.000000,0.000000,0.000000,-0.410649,0.000000,0.000000,0.000000,65535.000000,0.000000,0.000000,6.000000,1.000000,6.000000,1.000000,0.000000,0.000000,1.000000
1430.000000,6.000000,1.000000,0.000000,0.000000,0.000000,0.000000,0.000000,0.000000,0.000000,0.000000,0.000000,0.000000,0.000000,-0.411464,0.000000,0.000000,0.000000,65535.000000,0.000000,0.000000,6.000000,1.000000,6.000000,1.000000,0.000000,0.000000,1.000000
1440.000000,6.000000,1.000000,0.000000,0.000000,0.000000,0.000000,0.000000,0.000000,0.000000,0.000000,0.000000,0.000000,0.000000,-0.408840,0.000000,0.000000,0.000000,65535.000000,0.000000,0.000000,6.000000,1.000000,6.000000,1.000000,0.000000,0.000000,1.000000
1450.000000,6.000000,1.000000,0.000000,0.000000,0.000000,0.000000,0.000000,0.000000,0.000000,0.000000,0.000000,0.000000,0.000000,-0.407174,0.000000,0.000000,0.000000,65535.000000,0.000000,0.000000,6.000000,1.000000,6.000000,1.000000,0.000000,0.000000,1.000000
1460.000000,6.000000,1.000000,0.000000,0.000000,0.000000,0.000000,0.000000,0.000000,0.000000,0.000000,0.000000,0.000000,0.000000,-0.405625,0.000000,0.000000,0.000000,65535.000000,0.000000,0.000000,6.000000,1.000000,6.000000,1.000000,0.000000,0.000000,1.000000
1470.000000,6.000000,1.000000,0.000000,0.000000,0.000000,0.000000,0.000000,0.000000,0.000000,0.000000,0.000000,0.000000,0.000000,-0.403575,0.000000,0.000000,0.000000,65535.000000,0.000000,0.000000,6.000000,1.000000,6.000000,1.000000,0.000000,0.000000,1.000000
1480.000000,6.000000,1.000000,0.000000,0.000000,0.000000,0.000000,0.000000,0.000000,0.000000,0.000000,0.000000,0.000000,0.000000,-0.401951,0.000000,0.000000,0.000000,65535.000000,0.000000,0.000000,6.000000,1.000000,6.000000,1.000000,0.000000,0.000000,1.000000
1490.000000,6.000000,1.000000,0.000000,0.000000,0.000000,0.000000,0.000000,0.000000,0.000000,0.000000,0.000000,0.000000,0.000000,-0.400340,0.000000,0.000000,0.000000,65535.000000,0.000000,0.000000,6.000000,1.000000,6.000000,1.000000,0.000000,0.000000,1.000000
1500.000000,6.000000,1.000000,0.000000,0.000000,0.000000,0.000000,0.000000,0.000000,0.000000,0.000000,0.000000,0.000000,0.000000,-0.401720,0.000000,0.000000,0.000000,65535.000000,0.000000,0.000000,6.000000,1.000000,6.000000,1.000000,0.000000,0.000000,1.000000
1510.000000,6.000000,1.000000,0.000000,0.000000,0.000000,0.000000,0.000000,0.000000,0.000000,0.000000,0.000000,0.000000,0.000000,-0.400111,0.000000,0.000000,0.000000,65535.000000,0.000000,0.000000,6.000000,1.000000,6.000000,1.000000,0.000000,0.000000,1.000000
1520.000000,6.000000,1.000000,0.000000,0.000000,0.000000,0.000000,0.000000,0.000000,0.000000,0.000000,0.000000,0.000000,0.000000,-0.398689,0.000000,0.000000,0.000000,65535.000000,0.000000,0.000000,6.000000,1.000000,6.000000,1.000000,0.000000,0.000000,1.000000
1530.000000,6.000000,1.000000,0.000000,0.000000,0.000000,0.000000,0.000000,0.000000,0.000000,0.000000,0.000000,0.000000,0.000000,-0.396372,0.000000,0.000000,0.000000,65535.000000,0.000000,0.000000,6.000000,1.000000,6.000000,1.000000,0.000000,0.000000,1.000000
1540.000000,6.000000,1.000000,0.000000,0.000000,0.000000,0.000000,0.000000,0.000000,0.000000,0.000000,0.000000,0.000000,0.000000,-0.394806,0.000000,0.000000,0.000000,65535.000000,0.000000,0.000000,6.000000,1.000000,6.000000,1.000000,0.000000,0.000000,1.000000
1550.000000,6.000000,1.000000,0.000000,0.000000,0.000000,0.000000,0.000000,0.000000,0.000000,0.000000,0.000000,0.000000,0.000000,-0.393252,0.000000,0.000000,0.000000,65535.000000,0.000000,0.000000,6.000000,1.000000,6.000000,1.000000,0.000000,0.000000,1.000000
1560.000000,6.000000,1.000000,0.000000,0.000000,0.000000,0.000000,0.000000,0.000000,0.000000,0.000000,0.000000,0.000000,0.000000,-0.389959,0.000000,0.000000,0.000000,65535.000000,0.000000,0.000000,6.000000,1.000000,6.000000,1.000000,0.000000,0.000000,1.000000
1570.000000,6.000000,1.000000,0.000000,0.000000,0.000000,0.000000,0.000000,0.000000,0.000000,0.000000,0.000000,0.000000,0.000000,-0.388443,0.000000,0.000000,0.000000,65535.000000,0.000000,0.000000,6.000000,1.000000,6.000000,1.000000,0.000000,0.000000,1.000000
1580.000000,6.000000,1.000000,0.000000,0.000000,0.000000,0.000000,0.000000,0.000000,0.000000,0.000000,0.000000,0.000000,0.000000,-0.387018,0.000000,0.000000,0.000000,65535.000000,0.000000,0.000000,6.000000,1.000000,6.000000,1.000000,0.000000,0.000000,1.000000
1590.000000,6.000000,1.000000,0.000000,0.000000,0.000000,0.000000,0.000000,0.000000,0.000000,0.000000,0.000000,0.000000,0.000000,-0.387404,0.000000,0.000000,0.000000,65535.000000,0.000000,0.000000,6.000000,1.000000,6.000000,1.000000,0.000000,0.000000,1.000000
1600.000000,6.000000,1.000000,0.000000,0.000000,0.000000,0.000000,0.000000,0.000000,0.000000,0.000000,0.000000,0.000000,0.000000,-0.384484,0.000000,0.000000,0.000000,65535.000000,0.000000,0.000000,6.000000,1.000000,6.000000,1.000000,0.000000,0.000000,1.000000
1610.000000,6.000000,1.000000,0.000000,0.000000,0.000000,0.000000,0.000000,0.000000,0.000000,0.000000,0.000000,0.000000,0.000000,-0.381438,0.000000,0.000000,0.000000,65535.000000,0.000000,0.000000,6.000000,1.000000,6.000000,1.000000,0.000000,0.000000,1.000000
1620.000000,6.000000,1.000000,0.000000,0.000000,0.000000,0.000000,0.000000,0.000000,0.000000,0.000000,0.000000,0.000000,0.000000,-0.379987,0.000000,0.000000,0.000000,65535.000000,0.000000,0.000000,6.000000,1.000000,6.000000,1.000000,0.000000,0.000000,1.000000
1630.000000,6.000000,1.000000,0.000000,0.000000,0.000000,0.000000,0.000000,0.000000,0.000000,0.000000,0.000000,0.000000,0.000000,-0.377469,0.000000,0.000000,0.000000,65535.000000,0.000000,0.000000,6.000000,1.000000,6.000000,1.000000,0.000000,0.000000,1.000000
1640.000000,6.000000,1.000000,0.000000,0.000000,0.000000,0.000000,0.000000,0.000000,0.000000,0.000000,0.000000,0.000000,0.000000,-0.376048,0.000000,0.000000,0.000000,65535.000000,0.000000,0.000000,6.000000,1.000000,6.000000,1.000000,0.000000,0.000000,1.000000
1650.000000,6.000000,1.000000,0.000000,0.000000,0.000000,0.000000,0.000000,0.000000,0.000000,0.000000,0.000000,0.000000,0.000000,-0.379262,0.000000,0.000000,0.000000,65535.000000,0.000000,0.000000,6.000000,1.000000,6.000000,1.000000,0.000000,0.000000,1.000000
1660.000000,6.000000,1.000000,0.000000,0.000000,0.000000,0.000000,0.000000,0.000000,0.000000,0.000000,0.000000,0.000000,0.000000,-0.377951,0.000000,0.000000,0.000000,65535.000000,0.000000,0.000000,6.000000,1.000000,6.000000,1.000000,0.000000,0.000000,1.000000
1670.000000,6.000000,1.000000,0.000000,0.000000,0.000000,0.000000,0.000000,0.000000,0.000000,0.000000,0.000000,0.000000,0.000000,-0.376526,0.000000,0.000000,0.000000,65535.000000,0.000000,0.000000,6.000000,1.000000,6.000000,1.000000,0.000000,0.000000,1.000000
1680.000000,6.000000,1.000000,0.000000,0.000000,0.000000,0.000000,0.000000,0.000000,0.000000,0.000000,0.000000,0.000000,0.000000,-0.376117,0.000000,0.000000,0.000000,65535.000000,0.000000,0.000000,6.000000,1.000000,6.000000,1.000000,0.000000,0.000000,1.000000
1690.000000,6.000000,1.000000,0.000000,0.000000,0.000000,0.000000,0.000000,0.000000,0.000000,0.000000,0.000000,0.000000,0.000000,-0.372654,0.000000,0.000000,0.000000,65535.000000,0.000000,0.000000,6.000000,1.000000,6.000000,1.000000,0.000000,0.000000,1.000000
1700.000000,6.000000,1.000000,0.000000,0.000000,0.000000,0.000000,0.000000,0.000000,0.000000,0.000000,0.000000,0.000000,0.000000,-0.369215,0.000000,0.000000,0.000000,65535.000000,0.000000,0.000000,6.000000,1.000000,6.000000,1.000000,0.000000,0.000000,1.000000
1710.000000,6.000000,1.000000,0.000000,0.000000,0.000000,0.000000,0.000000,0.000000,0.000000,0.000000,0.000000,0.000000,0.000000,-0.367856,0.000000,0.000000,0.000000,65535.000000,0.000000,0.000000,6.000000,1.000000,6.000000,1.000000,0.000000,0.000000,1.000000
1720.000000,6.000000,1.000000,0.000000,0.000000,0.000000,0.000000,0.000000,0.000000,0.000000,0.000000,0.000000,0.000000,0.000000,-0.366506,0.000000,0.000000,0.000000,65535.000000,0.000000,0.000000,6.000000,1.000000,6.000000,1.000000,0.000000,0.000000,1.000000
1730.000000,6.000000,1.000000,0.000000,0.000000,0.000000,0.000000,0.000000,0.000000,0.000000,0.000000,0.000000,0.000000,0.000000,-0.369534,0.000000,0.000000,0.000000,65535.000000,0.000000,0.000000,6.000000,1.000000,6.000000,1.000000,0.000000,0.000000,1.000000
1740.000000,6.000000,1.000000,0.000000,0.000000,0.000000,0.000000,0.000000,0.000000,0.000000,0.000000,0.000000,0.000000,0.000000,-0.370173,0.000000,0.000000,0.000000,65535.000000,0.000000,0.000000,6.000000,1.000000,6.000000,1.000000,0.000000,0.000000,1.000000
1750.000000,6.000000,1.000000,0.000000,0.000000,0.000000,0.000000,0.000000,0.000000,0.000000,0.000000,0.000000,0.000000,0.000000,-0.363668,0.000000,0.000000,0.000000,65535.000000,0.000000,0.000000,6.000000,1.000000,6.000000,1.000000,0.000000,0.000000,1.000000
1760.000000,6.000000,1.000000,0.000000,0.000000,0.000000,0.000000,0.000000,0.000000,0.000000,0.000000,0.000000,0.000000,0.000000,-0.362349,0.000000,0.000000,0.000000,65535.000000,0.000000,0.000000,6.000000,1.000000,6.000000,1.000000,0.000000,0.000000,1.000000
1770.000000,6.000000,1.000000,0.000000,0.000000,0.000000,0.000000,0.000000,0.000000,0.000000,0.000000,0.000000,0.000000,0.000000,-0.361040,0.000000,0.000000,0.000000,65535.000000,0.000000,0.000000,6.000000,1.000000,6.000000,1.000000,0.000000,0.000000,1.000000
1780.000000,6.000000,1.000000,0.000000,0.000000,0.000000,0.000000,0.000000,0.000000,0.000000,0.000000,0.000000,0.000000,0.000000,-0.360563,0.000000,0.000000,0.000000,65535.000000,0.000000,0.000000,6.000000,1.000000,6.000000,1.000000,0.000000,0.000000,1.000000
1790.000000,6.000000,1.000000,0.000000,0.000000,0.000000,0.000000,0.000000,0.000000,0.000000,0.000000,0.000000,0.000000,0.000000,-0.359267,0.000000,0.000000,0.000000,65535.000000,0.000000,0.000000,6.000000,1.000000,6.000000,1.000000,0.000000,0.000000,1.000000
1800.000000,6.000000,1.000000,0.000000,0.000000,0.000000,0.000000,0.000000,0.000000,0.000000,0.000000,0.000000,0.000000,0.000000,-0.358727,0.000000,0.000000,0.000000,65535.000000,0.000000,0.000000,6.000000,1.000000,6.000000,1.000000,0.000000,0.000000,1.000000
1810.000000,6.000000,1.000000,0.000000,0.000000,0.000000,0.000000,0.000000,0.000000,0.000000,0.000000,0.000000,0.000000,0.000000,-0.359356,0.000000,0.000000,0.000000,65535.000000,0.000000,0.000000,6.000000,1.000000,6.000000,1.000000,0.000000,0.000000,1.000000
1820.000000,6.000000,1.000000,0.000000,0.000000,0.000000,0.000000,0.000000,0.000000,0.000000,0.000000,0.000000,0.000000,0.000000,-0.358068,0.000000,0.000000,0.000000,65535.000000,0.000000,0.000000,6.000000,1.000000,6.000000,1.000000,0.000000,0.000000,1.000000
1830.000000,6.000000,1.000000,0.000000,0.000000,0.000000,0.000000,0.000000,0.000000,0.000000,0.000000,0.000000,0.000000,0.000000,-0.357330,0.000000,0.000000,0.000000,65535.000000,0.000000,0.000000,6.000000,1.000000,6.000000,1.000000,0.000000,0.000000,1.000000
1840.000000,6.000000,1.000000,0.000000,0.000000,0.000000,0.000000,0.000000,0.000000,0.000000,0.000000,0.000000,0.000000,0.000000,-0.353892,0.000000,0.000000,0.000000,65535.000000,0.000000,0.000000,6.000000,1.000000,6.000000,1.000000,0.000000,0.000000,1.000000
1850.000000,6.000000,1.000000,0.000000,0.000000,0.000000,0.000000,0.000000,0.000000,0.000000,0.000000,0.000000,0.000000,0.000000,-0.352642,0.000000,0.000000,0.000000,65535.000000,0.000000,0.000000,6.000000,1.000000,6.000000,1.000000,0.000000,0.000000,1.000000
1860.000000,6.000000,1.000000,0.000000,0.000000,0.000000,0.000000,0.000000,0.000000,0.000000,0.000000,0.000000,0.000000,0.000000,-0.351604,0.000000,0.000000,0.000000,65535.000000,0.000000,0.000000,6.000000,1.000000,6.000000,1.000000,0.000000,0.000000,1.000000
1870.000000,6.000000,1.000000,0.000000,0.000000,0.000000,0.000000,0.000000,0.000000,0.000000,0.000000,0.000000,0.000000,0.000000,-0.353456,0.000000,0.000000,0.000000,65535.000000,0.000000,0.000000,6.000000,1.000000,6.000000,1.000000,0.000000,0.000000,1.000000
1880.000000,6.000000,1.000000,0.000000,0.000000,0.000000,0.000000,0.000000,0.000000,0.000000,0.000000,0.000000,0.000000,0.000000,-0.352210,0.000000,0.000000,0.000000,65535.000000,0.000000,0.000000,6.000000,1.000000,6.000000,1.000000,0.000000,0.000000,1.000000
1890.000000,6.000000,1.000000,0.000000,0.000000,0.000000,0.000000,0.000000,0.000000,0.000000,0.000000,0.000000,0.000000,0.000000,-0.351417,0.000000,0.000000,0.000000,65535.000000,0.000000,0.000000,6.000000,1.000000,6.000000,1.000000,0.000000,0.000000,1.000000
1900.000000,6.000000,1.000000,0.000000,0.000000,0.000000,0.000000,0.000000,0.000000,0.000000,0.000000,0.000000,0.000000,0.000000,-0.351568,0.000000,0.000000,0.000000,65535.000000,0.000000,0.000000,6.000000,1.000000,6.000000,1.000000,0.000000,0.000000,1.000000
1910.000000,6.000000,1.000000,0.000000,0.000000,0.000000,0.000000,0.000000,0.000000,0.000000,0.000000,0.000000,0.000000,0.000000,-0.344954,0.000000,0.000000,0.000000,65535.000000,0.000000,0.000000,6.000000,1.000000,6.000000,1.000000,0.000000,0.000000,1.000000
1920.000000,6.000000,1.000000,0.000000,0.000000,0.000000,0.000000,0.000000,0.000000,0.000000,0.000000,0.000000,0.000000,0.000000,-0.343398,0.000000,0.000000,0.000000,65535.000000,0.000000,0.000000,6.000000,1.000000,6.000000,1.000000,0.000000,0.000000,1.000000
1930.000000,6.000000,1.000000,0.000000,0.000000,0.000000,0.000000,0.000000,0.000000,0.000000,0.000000,0.000000,0.000000,0.000000,-0.342221,0.000000,0.000000,0.000000,65535.000000,0.000000,0.000000,6.000000,1.000000,6.000000,1.000000,0.000000,0.000000,1.000000
1940.000000,6.000000,1.000000,0.000000,0.000000,0.000000,0.000000,0.000000,0.000000,0.000000,0.000000,0.000000,0.000000,0.000000,-0.343403,0.000000,0.000000,0.000000,65535.000000,0.000000,0.000000,6.000000,1.000000,6.000000,1.000000,0.000000,0.000000,1.000000
1950.000000,6.000000,1.000000,0.000000,0.000000,0.000000,0.000000,0.000000,0.000000,0.000000,0.000000,0.000000,0.000000,0.000000,-0.346344,0.000000,0.000000,0.000000,65535.000000,0.000000,0.000000,6.000000,1.000000,6.000000,1.000000,0.000000,0.000000,1.000000
1960.000000,6.000000,1.000000,0.000000,0.000000,0.000000,0.000000,0.000000,0.000000,0.000000,0.000000,0.000000,0.000000,0.000000,-0.345148,0.000000,0.000000,0.000000,65535.000000,0.000000,0.000000,6.000000,1.000000,6.000000,1.000000,0.000000,0.000000,1.000000
1970.000000,6.000000,1.000000,0.000000,0.000000,0.000000,0.000000,0.000000,0.000000,0.000000,0.000000,0.000000,0.000000,0.000000,-0.345573,0.000000,0.000000,0.000000,65535.000000,0.000000,0.000000,6.000000,1.000000,6.000000,1.000000,0.000000,0.000000,1.000000
1980.000000,6.000000,1.000000,0.000000,0.000000,0.000000,0.000000,0.000000,0.000000,0.000000,0.000000,0.000000,0.000000,0.000000,-0.339688,0.000000,0.000000,0.000000,65535.000000,0.000000,0.000000,6.000000,1.000000,6.000000,1.000000,0.000000,0.000000,1.000000
1990.000000,6.000000,1.000000,0.000000,0.000000,0.000000,0.000000,0.000000,0.000000,0.000000,0.000000,0.000000,0.000000,0.000000,-0.336896,0.000000,0.000000,0.000000,65535.000000,0.000000,0.000000,6.000000,1.000000,6.000000,1.000000,0.000000,0.000000,1.000000
2000.000000,6.000000,1.000000,0.000000,0.000000,0.000000,0.000000,0.000000,0.000000,0.000000,0.000000,0.000000,0.000000,0.000000,-0.335764,0.000000,0.000000,0.000000,65535.000000,0.000000,0.000000,6.000000,1.000000,6.000000,1.000000,0.000000,0.000000,1.000000
2010.000000,6.000000,1.000000,0.000000,0.000000,0.000000,0.000000,0.000000,0.000000,0.000000,0.000000,0.000000,0.000000,0.000000,-0.337526,0.000000,0.000000,0.000000,65535.000000,0.000000,0.000000,6.000000,1.000000,6.000000,1.000000,0.000000,0.000000,1.000000
2020.000000,6.000000,1.000000,0.000000,0.000000,0.000000,0.000000,0.000000,0.000000,0.000000,0.000000,0.000000,0.000000,0.000000,-0.337210,0.000000,0.000000,0.000000,65535.000000,0.000000,0.000000,6.000000,1.000000,6.000000,1.000000,0.000000,0.000000,1.000000
2030.000000,6.000000,1.000000,0.000000,0.000000,0.000000,0.000000,0.000000,0.000000,0.000000,0.000000,0.000000,0.000000,0.000000,-0.333405,0.000000,0.000000,0.000000,65535.000000,0.000000,0.000000,6.000000,1.000000,6.000000,1.000000,0.000000,0.000000,1.000000
2040.000000,6.000000,1.000000,0.000000,0.000000,0.000000,0.000000,0.000000,0.000000,0.000000,0.000000,0.000000,0.000000,0.000000,-0.332009,0.000000,0.000000,0.000000,65535.000000,0.000000,0.000000,6.000000,1.000000,6.000000,1.000000,0.000000,0.000000,1.000000
2050.000000,6.000000,1.000000,0.000000,0.000000,0.000000,0.000000,0.000000,0.000000,0.000000,0.000000,0.000000,0.000000,0.000000,-0.330909,0.000000,0.000000,0.000000,65535.000000,0.000000,0.000000,6.000000,1.000000,6.000000,1.000000,0.000000,0.000000,1.000000
2060.000000,6.000000,1.000000,0.000000,0.000000,0.000000,0.000000,0.000000,0.000000,0.000000,0.000000,0.000000,0.000000,0.000000,-0.327324,0.000000,0.000000,0.000000,65535.000000,0.000000,0.000000,6.000000,1.000000,6.000000,1.000000,0.000000,0.000000,1.000000
2070.000000,6.000000,1.000000,0.000000,0.000000,0.000000,0.000000,0.000000,0.000000,0.000000,0.000000,0.000000,0.000000,0.000000,-0.326255,0.000000,0.000000,0.000000,65535.000000,0.000000,0.000000,6.000000,1.000000,6.000000,1.000000,0.000000,0.000000,1.000000
2080.000000,6.000000,1.000000,0.000000,0.000000,0.000000,0.000000,0.000000,0.000000,0.000000,0.000000,0.000000,0.000000,0.000000,-0.325544,0.000000,0.000000,0.000000,65535.000000,0.000000,0.000000,6.000000,1.000000,6.000000,1.000000,0.000000,0.000000,1.000000
2090.000000,6.000000,1.000000,0.000000,0.000000,0.000000,0.000000,0.000000,0.000000,0.000000,0.000000,0.000000,0.000000,0.000000,-0.331780,0.000000,0.000000,0.000000,65535.000000,0.000000,0.000000,6.000000,1.000000,6.000000,1.000000,0.000000,0.000000,1.000000
2100.000000,6.000000,1.000000,0.000000,0.000000,0.000000,0.000000,0.000000,0.000000,0.000000,0.000000,0.000000,0.000000,0.000000,-0.325904,0.000000,0.000000,0.000000,65535.000000,0.000000,0.000000,6.000000,1.000000,6.000000,1.000000,0.000000,0.000000,1.000000
2110.000000,6.000000,1.000000,0.000000,0.000000,0.000000,0.000000,0.000000,0.000000,0.000000,0.000000,0.000000,0.000000,0.000000,-0.324721,0.000000,0.000000,0.000000,65535.000000,0.000000,0.000000,6.000000,1.000000,6.000000,1.000000,0.000000,0.000000,1.000000
2120.000000,6.000000,1.000000,0.000000,0.000000,0.000000,0.000000,0.000000,0.000000,0.000000,0.000000,0.000000,0.000000,0.000000,-0.323668,0.000000,0.000000,0.000000,65535.000000,0.000000,0.000000,6.000000,1.000000,6.000000,1.000000,0.000000,0.000000,1.000000
2130.000000,6.000000,1.000000,0.000000,0.000000,0.000000,0.000000,0.000000,0.000000,0.000000,0.000000,0.000000,0.000000,0.000000,-0.318389,0.000000,0.000000,0.000000,65535.000000,0.000000,0.000000,6.000000,1.000000,6.000000,1.000000,0.000000,0.000000,1.000000
2140.000000,6.000000,1.000000,0.000000,0.000000,0.000000,0.000000,0.000000,0.000000,0.000000,0.000000,0.000000,0.000000,0.000000,-0.317378,0.000000,0.000000,0.000000,65535.000000,0.000000,0.000000,6.000000,1.000000,6.000000,1.000000,0.000000,0.000000,1.000000
2150.000000,6.000000,1.000000,0.000000,0.000000,0.000000,0.000000,0.000000,0.000000,0.000000,0.000000,0.000000,0.000000,0.000000,-0.313284,0.000000,0.000000,0.000000,65535.000000,0.000000,0.000000,6.000000,1.000000,6.000000,1.000000,0.000000,0.000000,1.000000
2160.000000,6.000000,1.000000,0.000000,0.000000,0.000000,0.000000,0.000000,0.000000,0.000000,0.000000,0.000000,0.000000,0.000000,-0.312305,0.000000,0.000000,0.000000,65535.000000,0.000000,0.000000,6.000000,1.000000,6.000000,1.000000,0.000000,0.000000,1.000000
2170.000000,6.000000,1.000000,0.000000,0.000000,0.000000,0.000000,0.000000,0.000000,0.000000,0.000000,0.000000,0.000000,0.000000,-0.311332,0.000000,0.000000,0.000000,65535.000000,0.000000,0.000000,6.000000,1.000000,6.000000,1.000000,0.000000,0.000000,1.000000
2180.000000,6.000000,1.000000,0.000000,0.000000,0.000000,0.000000,0.000000,0.000000,0.000000,0.000000,0.000000,0.000000,0.000000,-0.311264,0.000000,0.000000,0.000000,65535.000000,0.000000,0.000000,6.000000,1.000000,6.000000,1.000000,0.000000,0.000000,1.000000
2190.000000,6.000000,1.000000,0.000000,0.000000,0.000000,0.000000,0.000000,0.000000,0.000000,0.000000,0.000000,0.000000,0.000000,-0.320938,0.000000,0.000000,0.000000,65535.000000,0.000000,0.000000,6.000000,1.000000,6.000000,1.000000,0.000000,0.000000,1.000000
2200.000000,6.000000,1.000000,0.000000,0.000000,0.000000,0.000000,0.000000,0.000000,0.000000,0.000000,0.000000,0.000000,0.000000,-0.316012,0.000000,0.000000,0.000000,65535.000000,0.000000,0.000000,6.000000,1.000000,6.000000,1.000000,0.000000,0.000000,1.000000
2210.000000,6.000000,1.000000,0.000000,0.000000,0.000000,0.000000,0.000000,0.000000,0.000000,0.000000,0.000000,0.000000,0.000000,-0.315016,0.000000,0.000000,0.000000,65535.000000,0.000000,0.000000,6.000000,1.000000,6.000000,1.000000,0.000000,0.000000,1.000000
2220.000000,6.000000,1.000000,0.000000,0.000000,0.000000,0.000000,0.000000,0.000000,0.000000,0.000000,0.000000,0.000000,0.000000,-0.314025,0.000000,0.000000,0.000000,65535.000000,0.000000,0.000000,6.000000,1.000000,6.000000,1.000000,0.000000,0.000000,1.000000
2230.000000,6.000000,1.000000,0.000000,0.000000,0.000000,0.000000,0.000000,0.000000,0.000000,0.000000,0.000000,0.000000,0.000000,-0.312677,0.000000,0.000000,0.000000,65535.000000,0.000000,0.000000,6.000000,1.000000,6.000000,1.000000,0.000000,0.000000,1.000000
2240.000000,6.000000,1.000000,0.000000,0.000000,0.000000,0.000000,0.000000,0.000000,0.000000,0.000000,0.000000,0.000000,0.000000,-0.311702,0.000000,0.000000,0.000000,65535.000000,0.000000,0.000000,6.000000,1.000000,6.000000,1.000000,0.000000,0.000000,1.000000
2250.000000,6.000000,1.000000,0.000000,0.000000,0.000000,0.000000,0.000000,0.000000,0.000000,0.000000,0.000000,0.000000,0.000000,-0.309515,0.000000,0.000000,0.000000,65535.000000,0.000000,0.000000,6.000000,1.000000,6.000000,1.000000,0.000000,0.000000,1.000000
2260.000000,6.000000,1.000000,0.000000,0.000000,0.000000,0.000000,0.000000,0.000000,0.000000,0.000000,0.000000,0.000000,0.000000,-0.308559,0.000000,0.000000,0.000000,65535.000000,0.000000,0.000000,6.000000,1.000000,6.000000,1.000000,0.000000,0.000000,1.000000
2270.000000,6.000000,1.000000,0.000000,0.000000,0.000000,0.000000,0.000000,0.000000,0.000000,0.000000,0.000000,0.000000,0.000000,-0.307609,0.000000,0.000000,0.000000,65535.000000,0.000000,0.000000,6.000000,1.000000,6.000000,1.000000,0.000000,0.000000,1.000000
2280.000000,6.000000,1.000000,0.000000,0.000000,0.000000,0.000000,0.000000,0.000000,0.000000,0.000000,0.000000,0.000000,0.000000,-0.308179,0.000000,0.000000,0.000000,65535.000000,0.000000,0.000000,6.000000,1.000000,6.000000,1.000000,0.000000,0.000000,1.000000
2290.000000,6.000000,1.000000,0.000000,0.000000,0.000000,0.000000,0.000000,0.000000,0.000000,0.000000,0.000000,0.000000,0.000000,-0.307457,0.000000,0.000000,0.000000,65535.000000,0.000000,0.000000,6.000000,1.000000,6.000000,1.000000,0.000000,0.000000,1.000000
2300.000000,6.000000,1.000000,0.000000,0.000000,0.000000,0.000000,0.000000,0.000000,0.000000,0.000000,0.000000,0.000000,0.000000,-0.308482,0.000000,0.000000,0.000000,65535.000000,0.000000,0.000000,6.000000,1.000000,6.000000,1.000000,0.000000,0.000000,1.000000
2310.000000,6.000000,1.000000,0.000000,0.000000,0.000000,0.000000,0.000000,0.000000,0.000000,0.000000,0.000000,0.000000,0.000000,-0.307533,0.000000,0.000000,0.000000,65535.000000,0.000000,0.000000,6.000000,1.000000,6.000000,1.000000,0.000000,0.000000,1.000000
2320.000000,6.000000,1.000000,0.000000,0.000000,0.000000,0.000000,0.000000,0.000000,0.000000,0.000000,0.000000,0.000000,0.000000,-0.302308,0.000000,0.000000,0.000000,65535.000000,0.000000,0.000000,6.000000,1.000000,6.000000,1.000000,0.000000,0.000000,1.000000
2330.000000,6.000000,1.000000,0.000000,0.000000,0.000000,0.000000,0.000000,0.000000,0.000000,0.000000,0.000000,0.000000,0.000000,-0.299388,0.000000,0.000000,0.000000,65535.000000,0.000000,0.000000,6.000000,1.000000,6.000000,1.000000,0.000000,0.000000,1.000000
2340.000000,6.000000,1.000000,0.000000,0.000000,0.000000,0.000000,0.000000,0.000000,0.000000,0.000000,0.000000,0.000000,0.000000,-0.298494,0.000000,0.000000,0.000000,65535.000000,0.000000,0.000000,6.000000,1.000000,6.000000,1.000000,0.000000,0.000000,1.000000
2350.000000,6.000000,1.000000,0.000000,0.000000,0.000000,0.000000,0.000000,0.000000,0.000000,0.000000,0.000000,0.000000,0.000000,-0.297604,0.000000,0.000000,0.000000,65535.000000,0.000000,0.000000,6.000000,1.000000,6.000000,1.000000,0.000000,0.000000,1.000000
2360.000000,6.000000,1.000000,0.000000,0.000000,0.000000,0.000000,0.000000,0.000000,0.000000,0.000000,0.000000,0.000000,0.000000,-0.303223,0.000000,0.000000,0.000000,65535.000000,0.000000,0.000000,6.000000,1.000000,6.000000,1.000000,0.000000,0.000000,1.000000
2370.000000,6.000000,1.000000,0.000000,0.000000,0.000000,0.000000,0.000000,0.000000,0.000000,0.000000,0.000000,0.000000,0.000000,-0.302019,0.000000,0.000000,0.000000,65535.000000,0.000000,0.000000,6.000000,1.000000,6.000000,1.000000,0.000000,0.000000,1.000000
2380.000000,6.000000,1.000000,0.000000,0.000000,0.000000,0.000000,0.000000,0.000000,0.000000,0.000000,0.000000,0.000000,0.000000,-0.301108,0.000000,0.000000,0.000000,65535.000000,0.000000,0.000000,6.000000,1.000000,6.000000,1.000000,0.000000,0.000000,1.000000
2390.000000,6.000000,1.000000,0.000000,0.000000,0.000000,0.000000,0.000000,0.000000,0.000000,0.000000,0.000000,0.000000,0.000000,-0.300238,0.000000,0.000000,0.000000,65535.000000,0.000000,0.000000,6.000000,1.000000,6.000000,1.000000,0.000000,0.000000,1.000000
2400.000000,6.000000,1.000000,0.000000,0.000000,0.000000,0.000000,0.000000,0.000000,0.000000,0.000000,0.000000,0.000000,0.000000,-0.297287,0.000000,0.000000,0.000000,65535.000000,0.000000,0.000000,6.000000,1.000000,6.000000,1.000000,0.000000,0.000000,1.000000
2410.000000,6.000000,1.000000,0.000000,0.000000,0.000000,0.000000,0.000000,0.000000,0.000000,0.000000,0.000000,0.000000,0.000000,-0.295267,0.000000,0.000000,0.000000,65535.000000,0.000000,0.000000,6.000000,1.000000,6.000000,1.000000,0.000000,0.000000,1.000000
2420.000000,6.000000,1.000000,0.000000,0.000000,0.000000,0.000000,0.000000,0.000000,0.000000,0.000000,0.000000,0.000000,0.000000,-0.294397,0.000000,0.000000,0.000000,65535.000000,0.000000,0.000000,6.000000,1.000000,6.000000,1.000000,0.000000,0.000000,1.000000
2430.000000,6.000000,1.000000,0.000000,0.000000,0.000000,0.000000,0.000000,0.000000,0.000000,0.000000,0.000000,0.000000,0.000000,-0.298246,0.000000,0.000000,0.000000,65535.000000,0.000000,0.000000,6.000000,1.000000,6.000000,1.000000,0.000000,0.000000,1.000000
2440.000000,6.000000,1.000000,0.000000,0.000000,0.000000,0.000000,0.000000,0.000000,0.000000,0.000000,0.000000,0.000000,0.000000,-0.297358,0.000000,0.000000,0.000000,65535.000000,0.000000,0.000000,6.000000,1.000000,6.000000,1.000000,0.000000,0.000000,1.000000
2450.000000,6.000000,1.000000,0.000000,0.000000,0.000000,0.000000,0.000000,0.000000,0.000000,0.000000,0.000000,0.000000,0.000000,-0.295078,0.000000,0.000000,0.000000,65535.000000,0.000000,0.000000,6.000000,1.000000,6.000000,1.000000,0.000000,0.000000,1.000000
2460.000000,6.000000,1.000000,0.000000,0.000000,0.000000,0.000000,0.000000,0.000000,0.000000,0.000000,0.000000,0.000000,0.000000,-0.293422,0.000000,0.000000,0.000000,65535.000000,0.000000,0.000000,6.000000,1.000000,6.000000,1.000000,0.000000,0.000000,1.000000
2470.000000,6.000000,1.000000,0.000000,0.000000,0.000000,0.000000,0.000000,0.000000,0.000000,0.000000,0.000000,0.000000,0.000000,-0.291745,0.000000,0.000000,0.000000,65535.000000,0.000000,0.000000,6.000000,1.000000,6.000000,1.000000,0.000000,0.000000,1.000000
2480.000000,6.000000,1.000000,0.000000,0.000000,0.000000,0.000000,0.000000,0.000000,0.000000,0.000000,0.000000,0.000000,0.000000,-0.290896,0.000000,0.000000,0.000000,65535.000000,0.000000,0.000000,6.000000,1.000000,6.000000,1.000000,0.000000,0.000000,1.000000
2490.000000,6.000000,1.000000,0.000000,0.000000,0.000000,0.000000,0.000000,0.000000,0.000000,0.000000,0.000000,0.000000,0.000000,-0.277237,0.000000,0.000000,0.000000,65535.000000,0.000000,0.000000,6.000000,1.000000,6.000000,1.000000,0.000000,0.000000,1.000000
2500.000000,6.000000,1.000000,0.000000,0.000000,0.000000,0.000000,0.000000,0.000000,0.000000,0.000000,0.000000,0.000000,0.000000,-0.275351,0.000000,0.000000,0.000000,65535.000000,0.000000,0.000000,6.000000,1.000000,6.000000,1.000000,0.000000,0.000000,1.000000
2510.000000,6.000000,1.000000,0.000000,0.000000,0.000000,0.000000,0.000000,0.000000,0.000000,0.000000,0.000000,0.000000,0.000000,-0.209211,0.000000,0.000000,0.000000,65535.000000,0.000000,0.000000,6.000000,1.000000,6.000000,1.000000,0.000000,0.000000,1.000000
2520.000000,6.000000,1.000000,0.000000,0.000000,0.000000,0.000000,0.000000,0.000000,0.000000,0.014296,0.001901,0.001308,-0.001379,-0.180269,0.000000,0.000000,0.000000,65535.000000,0.000000,0.000000,6.000000,1.000000,6.000000,1.000000,0.000000,0.000000,1.000000
2530.000000,6.000000,1.000000,0.000000,0.000000,0.000000,0.000000,0.000000,0.000000,0.000000,0.022077,0.003068,0.002112,-0.002225,-0.107008,0.000000,0.000000,0.000000,65535.000000,0.000000,0.000000,6.000000,1.000000,6.000000,1.000000,0.000000,0.000000,1.000000
2540.000000,6.000000,1.000000,0.000000,0.000000,0.000000,0.000000,0.000000,0.000000,0.000000,0.024488,0.002942,0.002605,-0.001366,-0.073536,0.000000,0.000000,0.000000,65535.000000,0.000000,0.000000,6.000000,1.000000,6.000000,1.000000,0.000000,0.000000,1.000000
2550.000000,6.000000,1.000000,0.000000,0.000000,0.000000,0.000000,0.000000,0.000000,0.000000,0.025076,0.003876,0.003562,-0.001528,-0.073482,0.000000,0.000000,0.000000,65535.000000,0.000000,0.000000,6.000000,1.000000,6.000000,1.000000,0.000000,0.000000,1.000000
2560.000000,6.000000,1.000000,0.000000,0.000000,0.000000,0.000000,0.000000,0.000000,0.000000,0.021486,0.003523,0.003496,0.000440,-0.108445,0.000000,0.000000,0.000000,65535.000000,0.000000,0.000000,6.000000,1.000000,6.000000,1.000000,0.000000,0.000000,1.000000
2570.000000,6.000000,1.000000,0.000000,0.000000,0.000000,0.000000,0.000000,0.000000,0.000000,0.017447,0.003465,0.003455,0.000270,-0.175214,0.000000,0.000000,0.000000,65535.000000,0.000000,0.000000,6.000000,1.000000,6.000000,1.000000,0.000000,0.000000,1.000000
2580.000000,6.000000,1.000000,0.000000,0.000000,0.000000,0.000000,0.000000,0.000000,0.000000,0.020956,0.006049,0.006047,0.000166,-0.133641,0.000000,0.000000,0.000000,65535.000000,0.000000,0.000000,6.000000,1.000000,6.000000,1.000000,0.000000,0.000000,1.000000
2590.000000,6.000000,1.000000,0.000000,0.000000,0.000000,0.000000,0.000000,0.000000,0.000000,0.020956,0.005022,0.005021,0.000102,-0.133462,0.000000,0.000000,0.000000,65535.000000,0.000000,0.000000,6.000000,1.000000,6.000000,1.000000,0.000000,0.000000,1.000000
2600.000000,6.000000,1.000000,0.000000,0.000000,0.000000,0.000000,0.000000,0.000000,0.000000,0.021325,0.007699,0.007663,0.000752,-0.135775,0.000000,0.000000,0.000000,65535.000000,0.000000,0.000000,6.000000,1.000000,6.000000,1.000000,0.000000,0.000000,1.000000
2610.000000,6.000000,1.000000,0.000000,0.000000,0.000000,0.000000,0.000000,0.000000,0.000000,0.021681,0.008643,0.008630,0.000462,-0.150181,0.000000,0.000000,0.000000,65535.000000,0.000000,0.000000,6.000000,1.000000,6.000000,1.000000,0.000000,0.000000,1.000000
2620.000000,6.000000,1.000000,0.000000,0.000000,0.000000,0.000000,0.000000,0.000000,0.000000,0.032972,0.010819,0.010533,-0.002474,0.030850,0.000000,0.000000,0.000000,65535.000000,0.000000,0.000000,6.000000,1.000000,6.000000,1.000000,0.000000,0.000000,1.000000
2630.000000,6.000000,1.000000,0.000000,0.000000,0.000000,0.000000,0.000000,0.000000,0.000000,0.044825,0.014127,0.013664,-0.003587,0.119745,0.000000,0.000000,0.000000,65535.000000,0.000000,0.000000,6.000000,1.000000,6.000000,1.000000,0.000000,0.000000,1.000000
2640.000000,6.000000,1.000000,0.000000,0.000000,0.000000,0.000000,0.000000,0.000000,0.000000,0.082240,0.017426,0.016895,-0.004270,0.544605,0.000000,0.000000,0.000000,65535.000000,0.000000,0.000000,6.000000,1.000000,6.000000,1.000000,0.000000,0.000000,1.000000
2650.000000,6.000000,1.000000,0.000000,0.000000,0.000000,0.000000,0.000000,0.000000,0.000000,0.085682,0.019452,0.018878,-0.004690,0.575686,0.000000,0.000000,0.000000,65535.000000,0.000000,0.000000,6.000000,1.000000,6.000000,1.000000,0.000000,0.000000,1.000000
2660.000000,6.000000,1.000000,0.000000,0.000000,0.000000,0.000000,0.000000,0.000000,0.000000,0.085682,0.019824,0.018788,-0.006326,0.572388,0.000000,0.000000,0.000000,65535.000000,0.000000,0.000000,6.000000,1.000000,6.000000,1.000000,0.000000,0.000000,1.000000
2670.000000,6.000000,1.000000,0.000000,0.000000,0.000000,0.000000,0.000000,0.000000,0.000000,0.083517,0.024653,0.023312,-0.008020,0.531448,0.000000,0.000000,0.000000,65535.000000,0.000000,0.000000,6.000000,1.000000,6.000000,1.000000,0.000000,0.000000,1.000000
2680.000000,5.999911,1.000299,-0.008909,0.029890,0.000000,0.000000,0.000000,0.000000,0.000000,0.081066,0.028455,0.027398,-0.007681,0.504231,0.000000,0.000000,0.000000,65535.000000,0.000000,0.000000,5.999911,1.000299,5.999911,1.000299,0.000000,0.000000,1.000000
2690.000000,5.999835,1.000607,-0.007578,0.030775,0.000000,0.000000,0.000000,0.000000,0.000000,0.089619,0.031190,0.029907,-0.008852,0.608619,0.000000,0.000000,0.000000,65535.000000,0.000000,0.000000,5.999835,1.000607,5.999835,1.000607,0.000000,0.000000,1.000000
2700.000000,5.999753,1.000933,-0.008140,0.032625,0.000000,0.000000,0.000000,0.000000,0.000000,0.089619,0.031695,0.030794,-0.007503,0.602560,0.000000,0.000000,0.000000,65535.000000,0.000000,0.000000,5.999753,1.000933,5.999753,1.000933,0.000000,0.000000,1.000000
2710.000000,5.999648,1.001316,-0.010566,0.038334,0.000000,0.000000,0.000000,0.000000,0.000000,0.086505,0.033625,0.032646,-0.008053,0.548181,0.000000,0.000000,0.000000,65535.000000,0.000000,0.000000,5.999648,1.001316,5.999648,1.001316,0.000000,0.000000,1.000000
2720.000000,5.999541,1.001735,-0.010652,0.041850,0.000000,0.000000,0.000000,0.000000,0.000000,0.075437,0.039764,0.038363,-0.010459,0.527778,0.000000,0.000000,0.000000,65535.000000,0.000000,0.000000,5.999541,1.001735,5.999541,1.001735,0.000000,0.000000,1.000000
2730.000000,5.999448,1.002175,-0.009310,0.044014,0.000000,0.000000,0.000000,0.000000,0.000000,0.075437,0.043184,0.041874,-0.010558,0.522524,0.000000,0.000000,0.000000,65535.000000,0.000000,0.000000,5.999448,1.002175,5.999448,1.002175,0.000000,0.000000,1.000000
2740.000000,5.999329,1.002635,-0.011937,0.045991,0.000000,0.000000,0.000000,0.000000,0.000000,0.103998,0.044988,0.044029,-0.009239,0.700538,0.000000,0.000000,0.000000,65535.000000,0.000000,0.000000,5.999329,1.002635,5.999329,1.002635,0.000000,0.000000,1.000000
2750.000000,5.999186,1.003166,-0.014284,0.053083,0.000000,0.000000,0.000000,0.000000,0.000000,0.126624,0.047515,0.046007,-0.011877,0.780916,0.000000,0.000000,0.000000,65535.000000,0.000000,0.000000,5.999186,1.003166,5.999186,1.003166,0.000000,0.000000,1.000000
2760.000000,5.999035,1.003773,-0.015099,0.060695,0.000000,0.000000,0.000000,0.000000,0.000000,0.158933,0.054971,0.053109,-0.014185,1.102072,0.000000,0.000000,0.000000,65535.000000,0.000000,0.000000,5.999035,1.003773,5.999035,1.003773,0.000000,0.000000,1.000000
2770.000000,5.998865,1.004426,-0.017045,0.065348,0.000000,0.000000,0.000000,0.000000,0.000000,0.158933,0.062545,0.060741,-0.014913,1.090047,0.000000,0.000000,0.000000,65535.000000,0.000000,0.000000,5.998865,1.004426,5.998865,1.004426,0.000000,0.000000,1.000000
2780.000000,5.998668,1.005121,-0.019676,0.069491,0.000000,0.000000,0.000000,0.000000,0.000000,0.145069,0.067535,0.065427,-0.016739,0.955799,0.000000,0.000000,0.000000,65535.000000,0.000000,0.000000,5.998668,1.005121,5.998668,1.005121,0.000000,0.000000,1.000000
2790.000000,5.998427,1.005893,-0.024080,0.077248,0.000000,0.000000,0.000000,0.000000,0.000000,0.070508,0.072223,0.069613,-0.019238,0.307747,0.000000,0.000000,0.000000,65535.000000,0.000000,0.000000,5.998427,1.005893,5.998427,1.005893,0.000000,0.000000,1.000000
2800.000000,5.998152,1.006746,-0.027472,0.085283,0.000000,0.000000,0.000000,0.000000,0.000000,0.145350,0.080914,0.077417,-0.023530,0.704296,0.000000,0.000000,0.000000,65535.000000,0.000000,0.000000,5.998152,1.006746,5.998152,1.006746,0.000000,0.000000,1.000000
2810.000000,5.997822,1.007655,-0.033015,0.090843,0.000000,0.000000,0.000000,0.000000,0.000000,0.145350,0.089599,0.085480,-0.026855,0.697285,0.000000,0.000000,0.000000,65535.000000,0.000000,0.000000,5.997822,1.007655,5.997822,1.007655,0.000000,0.000000,1.000000
2820.000000,5.997437,1.008616,-0.038552,0.096183,0.000000,0.000000,0.000000,0.000000,0.000000,0.145350,0.096656,0.091085,-0.032342,0.640020,0.000000,0.000000,0.000000,65535.000000,0.000000,0.000000,5.997437,1.008616,5.997437,1.008616,0.000000,0.000000,1.000000
2830.000000,5.997037,1.009657,-0.039934,0.104052,0.000000,0.000000,0.000000,0.000000,0.000000,0.119916,0.103621,0.096489,-0.037780,0.741678,0.000000,0.000000,0.000000,65535.000000,0.000000,0.000000,5.997037,1.009657,5.997037,1.009657,0.000000,0.000000,1.000000
2840.000000,5.996553,1.010830,-0.048452,0.117317,0.000000,0.000000,0.000000,0.000000,0.000000,0.137336,0.111452,0.104386,-0.039050,0.737560,0.000000,0.000000,0.000000,65535.000000,0.000000,0.000000,5.996553,1.010830,5.996553,1.010830,0.000000,0.000000,1.000000
2850.000000,5.995968,1.012065,-0.058493,0.123453,0.000000,0.000000,0.000000,0.000000,0.000000,0.165167,0.126928,0.117741,-0.047413,0.730218,0.000000,0.000000,0.000000,65535.000000,0.000000,0.000000,5.995968,1.012065,5.995968,1.012065,0.000000,0.000000,1.000000
2860.000000,5.995308,1.013324,-0.065990,0.125915,0.000000,0.000000,0.000000,0.000000,0.000000,0.199724,0.136609,0.123978,-0.057372,0.981305,0.000000,0.000000,0.000000,65535.000000,0.000000,0.000000,5.995308,1.013324,5.995308,1.013324,0.000000,0.000000,1.000000
2870.000000,5.994609,1.014631,-0.069900,0.130724,0.000000,0.000000,0.000000,0.000000,0.000000,0.273349,0.142160,0.126498,-0.064866,1.469046,0.000000,0.000000,0.000000,65535.000000,0.000000,0.000000,5.994609,1.014631,5.994609,1.014631,0.000000,0.000000,1.000000
2880.000000,5.993865,1.016026,-0.074435,0.139538,0.000000,0.000000,0.000000,0.000000,0.000000,0.306562,0.148238,0.131318,-0.068778,1.643429,0.000000,0.000000,0.000000,65535.000000,0.000000,0.000000,5.993865,1.016026,5.993865,1.016026,0.000000,0.000000,1.000000
2890.000000,5.993043,1.017508,-0.082129,0.148148,0.000000,0.000000,0.000000,0.000000,0.000000,0.288293,0.158149,0.140165,-0.073247,1.717725,0.000000,0.000000,0.000000,65535.000000,0.000000,0.000000,5.993043,1.017508,5.993043,1.017508,0.000000,0.000000,1.000000
2900.000000,5.992188,1.019068,-0.085552,0.156033,0.000000,0.000000,0.000000,0.000000,0.000000,0.280582,0.169390,0.148868,-0.080817,1.688689,0.000000,0.000000,0.000000,65535.000000,0.000000,0.000000,5.992188,1.019068,5.992188,1.019068,0.000000,0.000000,1.000000
2910.000000,5.991318,1.020736,-0.086986,0.166789,0.000000,0.000000,0.000000,0.000000,0.000000,0.268826,0.177948,0.156829,-0.084086,1.641881,0.000000,0.000000,0.000000,65535.000000,0.000000,0.000000,5.991318,1.020736,5.991318,1.020736,0.000000,0.000000,1.000000
2920.000000,5.990385,1.022522,-0.093377,0.178602,0.000000,0.000000,0.000000,0.000000,0.000000,0.184239,0.188109,0.167605,-0.085404,1.053274,0.000000,0.000000,0.000000,65535.000000,0.000000,0.000000,5.990385,1.022522,5.990385,1.022522,0.000000,0.000000,1.000000
2930.000000,5.989344,1.024354,-0.104098,0.183217,0.000000,0.000000,0.000000,0.000000,0.000000,0.232649,0.201539,0.179455,-0.091727,1.042285,0.000000,0.000000,0.000000,65535.000000,0.000000,0.000000,5.989344,1.024354,5.989344,1.024354,0.000000,0.000000,1.000000
2940.000000,5.988175,1.026287,-0.116835,0.193265,0.000000,0.000000,0.000000,0.000000,0.000000,0.155453,0.210724,0.184114,-0.102503,0.521619,0.000000,0.000000,0.000000,65535.000000,0.000000,0.000000,5.988175,1.026287,5.988175,1.026287,0.000000,0.000000,1.000000
2950.000000,5.986887,1.028347,-0.128773,0.205994,0.000000,0.000000,0.000000,0.000000,0.000000,0.230759,0.225836,0.194172,-0.115322,1.068125,0.000000,0.000000,0.000000,65535.000000,0.000000,0.000000,5.986887,1.028347,5.986887,1.028347,0.000000,0.000000,1.000000
2960.000000,5.985579,1.030563,-0.130854,0.221572,0.000000,0.000000,0.000000,0.000000,0.000000,0.423470,0.242932,0.206889,-0.127329,2.438549,0.000000,0.000000,0.000000,65535.000000,0.000000,0.000000,5.985579,1.030563,5.985579,1.030563,0.000000,0.000000,1.000000
2970.000000,5.984303,1.032840,-0.127585,0.227739,0.000000,0.000000,0.000000,0.000000,0.000000,0.570216,0.257327,0.222549,-0.129187,3.289850,0.000000,0.000000,0.000000,65535.000000,0.000000,0.000000,5.984303,1.032840,5.984303,1.032840,0.000000,0.000000,1.000000
2980.000000,5.982903,1.035081,-0.140041,0.224155,0.000000,0.000000,0.000000,0.000000,0.000000,0.575412,0.261042,0.228892,-0.125503,3.184964,0.000000,0.000000,0.000000,65535.000000,0.000000,0.000000,5.982903,1.035081,5.982903,1.035081,0.000000,0.000000,1.000000
2990.000000,5.981357,1.037287,-0.154556,0.220559,0.000000,0.000000,0.000000,0.000000,0.000000,0.575412,0.264305,0.225591,-0.137716,3.086560,0.000000,0.000000,0.000000,65535.000000,0.000000,0.000000,5.981357,1.037287,5.981357,1.037287,0.000000,0.000000,1.000000
3000.000000,5.979791,1.039563,-0.156618,0.227621,0.000000,0.000000,0.000000,0.000000,0.000000,0.536871,0.269322,0.222255,-0.152108,2.773825,0.000000,0.000000,0.000000,65535.000000,0.000000,0.000000,5.979791,1.039563,5.979791,1.039563,0.000000,0.000000,1.000000
3010.000000,5.978321,1.041896,-0.146973,0.233327,0.000000,0.000000,0.000000,0.000000,0.000000,0.286993,0.276298,0.229366,-0.154051,1.183558,0.000000,0.000000,0.000000,65535.000000,0.000000,0.000000,5.978321,1.041896,5.978321,1.041896,0.000000,0.000000,1.000000
3020.000000,5.976826,1.044263,-0.149505,0.236622,0.000000,0.000000,0.000000,0.000000,0.000000,0.139660,0.275758,0.235041,-0.144216,0.208172,0.000000,0.000000,0.000000,65535.000000,0.000000,0.000000,5.976826,1.044263,5.976826,1.044263,0.000000,0.000000,1.000000
3030.000000,5.975205,1.046621,-0.162101,0.235845,0.000000,0.000000,0.000000,0.000000,0.000000,0.387917,0.279896,0.238525,-0.146449,1.845182,0.000000,0.000000,0.000000,65535.000000,0.000000,0.000000,5.975205,1.046621,5.975205,1.046621,0.000000,0.000000,1.000000
3040.000000,5.973444,1.049046,-0.176116,0.242482,0.000000,0.000000,0.000000,0.000000,0.000000,0.367625,0.286181,0.238048,-0.158848,2.396427,0.000000,0.000000,0.000000,65535.000000,0.000000,0.000000,5.973444,1.049046,5.973444,1.049046,0.000000,0.000000,1.000000
3050.000000,5.971723,1.051528,-0.172173,0.248152,0.000000,0.000000,0.000000,0.000000,0.000000,0.367625,0.299690,0.244951,-0.172665,2.340288,0.000000,0.000000,0.000000,65535.000000,0.000000,0.000000,5.971723,1.051528,5.971723,1.051528,0.000000,0.000000,1.000000
3060.000000,5.970026,1.054070,-0.169707,0.254301,0.000000,0.000000,0.000000,0.000000,0.000000,0.372237,0.302031,0.250498,-0.168741,2.286719,0.000000,0.000000,0.000000,65535.000000,0.000000,0.000000,5.970026,1.054070,5.970026,1.054070,0.000000,0.000000,1.000000
3070.000000,5.968191,1.056701,-0.183502,0.263056,0.000000,0.000000,0.000000,0.000000,0.000000,0.320925,0.305728,0.256521,-0.166332,1.247080,0.000000,0.000000,0.000000,65535.000000,0.000000,0.000000,5.968191,1.056701,5.968191,1.056701,0.000000,0.000000,1.000000
3080.000000,5.966111,1.059468,-0.207929,0.276733,0.000000,0.000000,0.000000,0.000000,0.000000,0.135680,0.320736,0.265453,-0.180017,0.072658,0.000000,0.000000,0.000000,65535.000000,0.000000,0.000000,5.966111,1.059468,5.966111,1.059468,0.000000,0.000000,1.000000
3090.000000,5.963870,1.062360,-0.224140,0.289207,0.000000,0.000000,0.000000,0.000000,0.000000,0.211973,0.346144,0.279442,-0.204273,0.557620,0.000000,0.000000,0.000000,65535.000000,0.000000,0.000000,5.963870,1.062360,5.963870,1.062360,0.000000,0.000000,1.000000
3100.000000,5.961559,1.065331,-0.231074,0.297108,0.000000,0.000000,0.000000,0.000000,0.000000,0.211973,0.365895,0.291957,-0.220545,0.554525,0.000000,0.000000,0.000000,65535.000000,0.000000,0.000000,5.961559,1.065331,5.961559,1.065331,0.000000,0.000000,1.000000
3110.000000,5.959142,1.068330,-0.241646,0.299829,0.000000,0.000000,0.000000,0.000000,0.000000,0.211973,0.376389,0.299641,-0.227779,0.551464,0.000000,0.000000,0.000000,65535.000000,0.000000,0.000000,5.959142,1.068330,5.959142,1.068330,0.000000,0.000000,1.000000
3120.000000,5.956499,1.071426,-0.264364,0.309597,0.000000,0.000000,0.000000,0.000000,0.000000,0.277240,0.385084,0.302397,-0.238424,1.174766,0.000000,0.000000,0.000000,65535.000000,0.000000,0.000000,5.956499,1.071426,5.956499,1.071426,0.000000,0.000000,1.000000
3130.000000,5.953778,1.074524,-0.272023,0.309786,0.000000,0.000000,0.000000,0.000000,0.000000,0.277240,0.407110,0.312594,-0.260814,1.161112,0.000000,0.000000,0.000000,65535.000000,0.000000,0.000000,5.953778,1.074524,5.953778,1.074524,0.000000,0.000000,1.000000
3140.000000,5.951068,1.077638,-0.271020,0.311454,0.000000,0.000000,0.000000,0.000000,0.000000,0.497190,0.412267,0.312966,-0.268358,2.239312,0.000000,0.000000,0.000000,65535.000000,0.000000,0.000000,5.951068,1.077638,5.951068,1.077638,0.000000,0.000000,1.000000
3150.000000,5.948372,1.080771,-0.269600,0.313245,0.000000,0.000000,0.000000,0.000000,0.000000,0.513087,0.412863,0.314504,-0.267475,2.190217,0.000000,0.000000,0.000000,65535.000000,0.000000,0.000000,5.948372,1.080771,5.948372,1.080771,0.000000,0.000000,1.000000
3160.000000,5.945559,1.083898,-0.281323,0.312725,0.000000,0.000000,0.000000,0.000000,0.000000,0.481497,0.413287,0.316102,-0.266244,2.143229,0.000000,0.000000,0.000000,65535.000000,0.000000,0.000000,5.945559,1.083898,5.945559,1.083898,0.000000,0.000000,1.000000
3170.000000,5.942765,1.086833,-0.279313,0.293567,0.000000,0.000000,0.000000,0.000000,0.000000,0.380033,0.420642,0.315775,-0.277895,1.478394,0.000000,0.000000,0.000000,65535.000000,0.000000,0.000000,5.942765,1.086833,5.942765,1.086833,0.000000,0.000000,1.000000
3180.000000,5.940000,1.089627,-0.276497,0.279374,0.000000,0.000000,0.000000,0.000000,0.000000,0.303932,0.405212,0.296601,-0.276088,0.991860,0.000000,0.000000,0.000000,65535.000000,0.000000,0.000000,5.940000,1.089627,5.940000,1.089627,0.000000,0.000000,1.000000
3190.000000,5.937148,1.092417,-0.285232,0.279027,0.000000,0.000000,0.000000,0.000000,0.000000,0.303932,0.393065,0.282211,-0.273600,0.982109,0.000000,0.000000,0.000000,65535.000000,0.000000,0.000000,5.937148,1.092417,5.937148,1.092417,0.000000,0.000000,1.000000
3200.000000,5.934185,1.095243,-0.296299,0.282529,0.000000,0.000000,0.000000,0.000000,0.000000,0.303932,0.399016,0.281881,-0.282412,0.972548,0.000000,0.000000,0.000000,65535.000000,0.000000,0.000000,5.934185,1.095243,5.934185,1.095243,0.000000,0.000000,1.000000
3210.000000,5.931271,1.097965,-0.291392,0.272215,0.000000,0.000000,0.000000,0.000000,0.000000,0.247817,0.409409,0.285604,-0.293337,0.618708,0.000000,0.000000,0.000000,65535.000000,0.000000,0.000000,5.931271,1.097965,5.931271,1.097965,0.000000,0.000000,1.000000
3220.000000,5.928267,1.100705,-0.300389,0.274031,0.000000,0.000000,0.000000,0.000000,0.000000,0.097829,0.398760,0.275459,-0.288327,-0.318340,0.000000,0.000000,0.000000,65535.000000,0.000000,0.000000,5.928267,1.100705,5.928267,1.100705,0.000000,0.000000,1.000000
3230.000000,5.925152,1.103482,-0.311452,0.277695,0.000000,0.000000,0.000000,0.000000,0.000000,0.069362,0.406604,0.277735,-0.296968,-0.494448,0.000000,0.000000,0.000000,65535.000000,0.000000,0.000000,5.925152,1.103482,5.925152,1.103482,0.000000,0.000000,1.000000
3240.000000,5.922020,1.106252,-0.313191,0.276943,0.000000,0.000000,0.000000,0.000000,0.000000,0.068544,0.417273,0.281750,-0.307788,-0.497162,0.000000,0.000000,0.000000,65535.000000,0.000000,0.000000,5.922020,1.106252,5.922020,1.106252,0.000000,0.000000,1.000000
3250.000000,5.918955,1.108947,-0.306467,0.269517,0.000000,0.000000,0.000000,0.000000,0.000000,0.123453,0.418074,0.280944,-0.309607,-0.146375,0.000000,0.000000,0.000000,65535.000000,0.000000,0.000000,5.918955,1.108947,5.918955,1.108947,0.000000,0.000000,1.000000
3260.000000,5.915731,1.111666,-0.322397,0.271935,0.000000,0.000000,0.000000,0.000000,0.000000,0.319156,0.408119,0.273252,-0.303142,1.100511,0.000000,0.000000,0.000000,65535.000000,0.000000,0.000000,5.915731,1.111666,5.915731,1.111666,0.000000,0.000000,1.000000
3270.000000,5.912451,1.114415,-0.328012,0.274836,0.000000,0.000000,0.000000,0.000000,0.000000,0.383676,0.421768,0.275726,-0.319161,1.492724,0.000000,0.000000,0.000000,65535.000000,0.000000,0.000000,5.912451,1.114415,5.912451,1.114415,0.000000,0.000000,1.000000
3280.000000,5.909204,1.117207,-0.324658,0.279240,0.000000,0.000000,0.000000,0.000000,0.000000,0.383676,0.427933,0.278553,-0.324861,1.470748,0.000000,0.000000,0.000000,65535.000000,0.000000,0.000000,5.909204,1.117207,5.909204,1.117207,0.000000,0.000000,1.000000
3290.000000,5.905982,1.120042,-0.322293,0.283505,0.000000,0.000000,0.000000,0.000000,0.000000,0.383633,0.428226,0.282906,-0.321468,1.449142,0.000000,0.000000,0.000000,65535.000000,0.000000,0.000000,5.905982,1.120042,5.905982,1.120042,0.000000,0.000000,1.000000
3300.000000,5.902745,1.122823,-0.323631,0.278084,0.000000,0.000000,0.000000,0.000000,0.000000,0.322442,0.429240,0.287542,-0.318696,1.051478,0.000000,0.000000,0.000000,65535.000000,0.000000,0.000000,5.902745,1.122823,5.902745,1.122823,0.000000,0.000000,1.000000
3310.000000,5.899511,1.125528,-0.323371,0.270568,0.000000,0.000000,0.000000,0.000000,0.000000,0.322442,0.426694,0.282537,-0.319751,1.040526,0.000000,0.000000,0.000000,65535.000000,0.000000,0.000000,5.899511,1.125528,5.899511,1.125528,0.000000,0.000000,1.000000
3320.000000,5.896171,1.128335,-0.334017,0.280692,0.000000,0.000000,0.000000,0.000000,0.000000,0.322442,0.421634,0.274885,-0.319709,1.029800,0.000000,0.000000,0.000000,65535.000000,0.000000,0.000000,5.896171,1.128335,5.896171,1.128335,0.000000,0.000000,1.000000
3330.000000,5.892822,1.131193,-0.334951,0.285746,0.000000,0.000000,0.000000,0.000000,0.000000,0.242174,0.436298,0.284579,-0.330712,0.515626,0.000000,0.000000,0.000000,65535.000000,0.000000,0.000000,5.892822,1.131193,5.892822,1.131193,0.000000,0.000000,1.000000
3340.000000,5.889438,1.134067,-0.338353,0.287410,0.000000,0.000000,0.000000,0.000000,0.000000,0.131323,0.440276,0.289223,-0.331954,-0.185083,0.000000,0.000000,0.000000,65535.000000,0.000000,0.000000,5.889438,1.134067,5.889438,1.134067,0.000000,0.000000,1.000000
3350.000000,5.885934,1.137000,-0.350389,0.293277,0.000000,0.000000,0.000000,0.000000,0.000000,0.343163,0.443945,0.290766,-0.335473,1.257077,0.000000,0.000000,0.000000,65535.000000,0.000000,0.000000,5.885934,1.137000,5.885934,1.137000,0.000000,0.000000,1.000000
3360.000000,5.882209,1.139997,-0.372497,0.299732,0.000000,0.000000,0.000000,0.000000,0.000000,0.344902,0.456929,0.296947,-0.347284,2.004488,0.000000,0.000000,0.000000,65535.000000,0.000000,0.000000,5.882209,1.139997,5.882209,1.139997,0.000000,0.000000,1.000000
3370.000000,5.878481,1.142965,-0.372794,0.296764,0.000000,0.000000,0.000000,0.000000,0.000000,0.344902,0.478115,0.304014,-0.369011,1.965059,0.000000,0.000000,0.000000,65535.000000,0.000000,0.000000,5.878481,1.142965,5.878481,1.142965,0.000000,0.000000,1.000000
3380.000000,5.874773,1.145935,-0.370816,0.297073,0.000000,0.000000,0.000000,0.000000,0.000000,0.338428,0.476491,0.301156,-0.369255,1.927152,0.000000,0.000000,0.000000,65535.000000,0.000000,0.000000,5.874773,1.145935,5.874773,1.145935,0.000000,0.000000,1.000000
3390.000000,5.870988,1.148901,-0.378514,0.296555,0.000000,0.000000,0.000000,0.000000,0.000000,0.525751,0.475138,0.301364,-0.367337,3.619771,0.000000,0.000000,0.000000,65535.000000,0.000000,0.000000,5.870988,1.148901,5.870988,1.148901,0.000000,0.000000,1.000000
3400.000000,5.867101,1.151890,-0.388678,0.298934,0.000000,0.000000,0.000000,0.000000,0.000000,0.525751,0.480851,0.300838,-0.375120,3.493198,0.000000,0.000000,0.000000,65535.000000,0.000000,0.000000,5.867101,1.151890,5.867101,1.151890,0.000000,0.000000,1.000000
3410.000000,5.863152,1.154907,-0.394970,0.301655,0.000000,0.000000,0.000000,0.000000,0.000000,0.525751,0.490338,0.303131,-0.385413,3.375177,0.000000,0.000000,0.000000,65535.000000,0.000000,0.000000,5.863152,1.154907,5.863152,1.154907,0.000000,0.000000,1.000000
3420.000000,5.859113,1.157984,-0.403828,0.307697,0.000000,0.000000,0.000000,0.000000,0.000000,0.396566,0.496988,0.305848,-0.391733,2.667322,0.000000,0.000000,0.000000,65535.000000,0.000000,0.000000,5.859113,1.157984,5.859113,1.157984,0.000000,0.000000,1.000000
3430.000000,5.855069,1.161066,-0.404412,0.308181,0.000000,0.000000,0.000000,0.000000,0.000000,0.396566,0.507695,0.312096,-0.400438,2.597957,0.000000,0.000000,0.000000,65535.000000,0.000000,0.000000,5.855069,1.161066,5.855069,1.161066,0.000000,0.000000,1.000000
3440.000000,5.850895,1.164146,-0.417389,0.308050,0.000000,0.000000,0.000000,0.000000,0.000000,0.426677,0.508453,0.312661,-0.400958,1.831841,0.000000,0.000000,0.000000,65535.000000,0.000000,0.000000,5.850895,1.164146,5.850895,1.164146,0.000000,0.000000,1.000000
3450.000000,5.846638,1.167090,-0.425784,0.294347,0.000000,0.000000,0.000000,0.000000,0.000000,0.591839,0.518757,0.313008,-0.413685,2.555274,0.000000,0.000000,0.000000,65535.000000,0.000000,0.000000,5.846638,1.167090,5.846638,1.167090,0.000000,0.000000,1.000000
3460.000000,5.842303,1.169978,-0.433487,0.288872,0.000000,0.000000,0.000000,0.000000,0.000000,0.615384,0.517622,0.299482,-0.422188,2.758593,0.000000,0.000000,0.000000,65535.000000,0.000000,0.000000,5.842303,1.169978,5.842303,1.169978,0.000000,0.000000,1.000000
3470.000000,5.837833,1.172895,-0.446990,0.291696,0.000000,0.000000,0.000000,0.000000,0.000000,0.733746,0.520920,0.293794,-0.430166,3.470273,0.000000,0.000000,0.000000,65535.000000,0.000000,0.000000,5.837833,1.172895,5.837833,1.172895,0.000000,0.000000,1.000000
3480.000000,5.833184,1.175843,-0.464882,0.294759,0.000000,0.000000,0.000000,0.000000,0.000000,0.733746,0.533748,0.296189,-0.444026,3.425099,0.000000,0.000000,0.000000,65535.000000,0.000000,0.000000,5.833184,1.175843,5.833184,1.175843,0.000000,0.000000,1.000000
3490.000000,5.828501,1.178829,-0.468335,0.298627,0.000000,0.000000,0.000000,0.000000,0.000000,0.733746,0.550452,0.298969,-0.462185,3.392479,0.000000,0.000000,0.000000,65535.000000,0.000000,0.000000,5.828501,1.178829,5.828501,1.178829,0.000000,0.000000,1.000000
3500.000000,5.824245,1.181300,-0.425585,0.247103,0.000000,0.000000,0.000000,0.000000,0.000000,0.675684,0.555442,0.302638,-0.465753,3.281059,0.000000,0.000000,0.000000,65535.000000,0.000000,0.000000,5.824245,1.181300,5.824245,1.181300,0.000000,0.000000,1.000000
3510.000000,5.819801,1.183778,-0.444403,0.247776,0.000000,0.000000,0.000000,0.000000,0.000000,0.845740,0.575472,0.309471,-0.485176,3.176725,0.000000,0.000000,0.000000,65535.000000,0.000000,0.000000,5.819801,1.183778,5.819801,1.183778,0.000000,0.000000,1.000000
3520.000000,5.815212,1.186257,-0.458848,0.247894,0.000000,0.000000,0.000000,0.000000,0.000000,0.845740,0.595973,0.313666,-0.506752,2.980211,0.000000,0.000000,0.000000,65535.000000,0.000000,0.000000,5.815212,1.186257,5.815212,1.186257,0.000000,0.000000,1.000000
3530.000000,5.810799,1.188555,-0.441369,0.229829,0.000000,0.000000,0.000000,0.000000,0.000000,0.845740,0.592415,0.303157,-0.508971,3.076452,0.000000,0.000000,0.000000,65535.000000,0.000000,0.000000,5.810799,1.188555,5.810799,1.188555,0.000000,0.000000,1.000000
3540.000000,5.806575,1.190811,-0.422329,0.225594,0.000000,0.000000,0.000000,0.000000,0.000000,0.754245,0.554777,0.275769,-0.481383,2.984542,0.000000,0.000000,0.000000,65535.000000,0.000000,0.000000,5.806575,1.190811,5.806575,1.190811,0.000000,0.000000,1.000000
3550.000000,5.802259,1.193194,-0.431587,0.238298,0.000000,0.000000,0.000000,0.000000,0.000000,0.754202,0.524109,0.262878,-0.453416,2.709538,0.000000,0.000000,0.000000,65535.000000,0.000000,0.000000,5.802259,1.193194,5.802259,1.193194,0.000000,0.000000,1.000000
3560.000000,5.797610,1.195730,-0.464921,0.253638,0.000000,0.000000,0.000000,0.000000,0.000000,0.738562,0.518110,0.261505,-0.447272,2.133419,0.000000,0.000000,0.000000,65535.000000,0.000000,0.000000,5.797610,1.195730,5.797610,1.195730,0.000000,0.000000,1.000000
3570.000000,5.793016,1.198165,-0.459455,0.243492,0.000000,0.000000,0.000000,0.000000,0.000000,0.555132,0.531158,0.260663,-0.462800,0.854446,0.000000,0.000000,0.000000,65535.000000,0.000000,0.000000,5.793016,1.198165,5.793016,1.198165,0.000000,0.000000,1.000000
3580.000000,5.788367,1.200573,-0.464874,0.240804,0.000000,0.000000,0.000000,0.000000,0.000000,0.492848,0.519988,0.249023,-0.456481,1.161796,0.000000,0.000000,0.000000,65535.000000,0.000000,0.000000,5.788367,1.200573,5.788367,1.200573,0.000000,0.000000,1.000000
3590.000000,5.783679,1.202906,-0.468831,0.233275,0.000000,0.000000,0.000000,0.000000,0.000000,0.564265,0.523540,0.245802,-0.462251,1.148440,0.000000,0.000000,0.000000,65535.000000,0.000000,0.000000,5.783679,1.202906,5.783679,1.202906,0.000000,0.000000,1.000000
3600.000000,5.778882,1.205241,-0.479745,0.233486,0.000000,0.000000,0.000000,0.000000,0.000000,0.550949,0.523660,0.237936,-0.466483,1.135388,0.000000,0.000000,0.000000,65535.000000,0.000000,0.000000,5.778882,1.205241,5.778882,1.205241,0.000000,0.000000,1.000000
3610.000000,5.774043,1.207520,-0.483881,0.227889,0.000000,0.000000,0.000000,0.000000,0.000000,0.450217,0.533546,0.238340,-0.477352,0.718240,0.000000,0.000000,0.000000,65535.000000,0.000000,0.000000,5.774043,1.207520,5.774043,1.207520,0.000000,0.000000,1.000000
3620.000000,5.769211,1.209754,-0.483149,0.223427,0.000000,0.000000,0.000000,0.000000,0.000000,0.395480,0.534859,0.233354,-0.481269,0.468043,0.000000,0.000000,0.000000,65535.000000,0.000000,0.000000,5.769211,1.209754,5.769211,1.209754,0.000000,0.000000,1.000000
3630.000000,5.764369,1.212024,-0.484278,0.226966,0.000000,0.000000,0.000000,0.000000,0.000000,0.422326,0.532309,0.229639,-0.480228,0.574176,0.000000,0.000000,0.000000,65535.000000,0.000000,0.000000,5.764369,1.212024,5.764369,1.212024,0.000000,0.000000,1.000000
3640.000000,5.759375,1.214280,-0.499408,0.225627,0.000000,0.000000,0.000000,0.000000,0.000000,0.721320,0.534826,0.233900,-0.480967,2.443546,0.000000,0.000000,0.000000,65535.000000,0.000000,0.000000,5.759375,1.214280,5.759375,1.214280,0.000000,0.000000,1.000000
3650.000000,5.754393,1.216433,-0.498134,0.215304,0.000000,0.000000,0.000000,0.000000,0.000000,0.721320,0.548011,0.233245,-0.495896,3.010421,0.000000,0.000000,0.000000,65535.000000,0.000000,0.000000,5.754393,1.216433,5.754393,1.216433,0.000000,0.000000,1.000000
3660.000000,5.749406,1.218509,-0.498708,0.207633,0.000000,0.000000,0.000000,0.000000,0.000000,0.791609,0.542672,0.223029,-0.494723,2.922358,0.000000,0.000000,0.000000,65535.000000,0.000000,0.000000,5.749406,1.218509,5.749406,1.218509,0.000000,0.000000,1.000000
3670.000000,5.744432,1.220506,-0.497353,0.199682,0.000000,0.000000,0.000000,0.000000,0.000000,0.791609,0.540204,0.215449,-0.495381,2.839300,0.000000,0.000000,0.000000,65535.000000,0.000000,0.000000,5.744432,1.220506,5.744432,1.220506,0.000000,0.000000,1.000000
3680.000000,5.739420,1.222465,-0.501184,0.195850,0.000000,0.000000,0.000000,0.000000,0.000000,0.747884,0.535941,0.206868,-0.494407,2.017826,0.000000,0.000000,0.000000,65535.000000,0.000000,0.000000,5.739420,1.222465,5.739420,1.222465,0.000000,0.000000,1.000000
3690.000000,5.734417,1.224306,-0.500321,0.184162,0.000000,0.000000,0.000000,0.000000,0.000000,0.567967,0.538092,0.202255,-0.498634,1.000879,0.000000,0.000000,0.000000,65535.000000,0.000000,0.000000,5.734417,1.224306,5.734417,1.224306,0.000000,0.000000,1.000000
3700.000000,5.729164,1.225926,-0.525373,0.161981,0.000000,0.000000,0.000000,0.000000,0.000000,0.156773,0.533138,0.190916,-0.497783,-0.669842,0.000000,0.000000,0.000000,65535.000000,0.000000,0.000000,5.729164,1.225926,5.729164,1.225926,0.000000,0.000000,1.000000
3710.000000,5.723460,1.227285,-0.570350,0.135864,0.000000,0.000000,0.000000,0.000000,0.000000,0.179602,0.549777,0.170216,-0.522763,-0.570131,0.000000,0.000000,0.000000,65535.000000,0.000000,0.000000,5.723460,1.227285,5.723460,1.227285,0.000000,0.000000,1.000000
3720.000000,5.717339,1.228586,-0.612145,0.130128,0.000000,0.000000,0.000000,0.000000,0.000000,0.229981,0.586309,0.146384,-0.567741,-0.362496,0.000000,0.000000,0.000000,65535.000000,0.000000,0.000000,5.717339,1.228586,5.717339,1.228586,0.000000,0.000000,1.000000
3730.000000,5.711208,1.229869,-0.613034,0.128280,0.000000,0.000000,0.000000,0.000000,0.000000,0.229981,0.625824,0.143527,-0.609143,-0.361185,0.000000,0.000000,0.000000,65535.000000,0.000000,0.000000,5.711208,1.229869,5.711208,1.229869,0.000000,0.000000,1.000000
3740.000000,5.704064,1.231634,-0.714425,0.176535,0.000000,0.000000,0.000000,0.000000,0.000000,0.514092,0.626312,0.143082,-0.609750,0.817715,0.000000,0.000000,0.000000,65535.000000,0.000000,0.000000,5.704064,1.231634,5.704064,1.231634,0.000000,0.000000,1.000000
3750.000000,5.696895,1.233513,-0.716882,0.187821,0.000000,0.000000,0.000000,0.000000,0.000000,0.622373,0.634007,0.112713,-0.623908,1.254034,0.000000,0.000000,0.000000,65535.000000,0.000000,0.000000,5.696895,1.233513,5.696895,1.233513,0.000000,0.000000,1.000000
3760.000000,5.689945,1.235398,-0.695025,0.188571,0.000000,0.000000,0.000000,0.000000,0.000000,0.622373,0.619310,0.095375,-0.611922,1.238487,0.000000,0.000000,0.000000,65535.000000,0.000000,0.000000,5.689945,1.235398,5.689945,1.235398,0.000000,0.000000,1.000000
3770.000000,5.683858,1.236998,-0.608704,0.159997,0.000000,0.000000,0.000000,0.000000,0.000000,0.984173,0.604127,0.108937,-0.594224,2.706540,0.000000,0.000000,0.000000,65535.000000,0.000000,0.000000,5.683858,1.236998,5.683858,1.236998,0.000000,0.000000,1.000000
3780.000000,5.678330,1.238257,-0.552800,0.125889,0.000000,0.000000,0.000000,0.000000,0.000000,1.211822,0.581609,0.130348,-0.566814,4.307431,0.000000,0.000000,0.000000,65535.000000,0.000000,0.000000,5.678330,1.238257,5.678330,1.238257,0.000000,0.000000,1.000000
3790.000000,5.671998,1.240221,-0.633192,0.196353,0.000000,0.000000,0.000000,0.000000,0.000000,1.211822,0.582253,0.142841,-0.564460,5.198355,0.000000,0.000000,0.000000,65535.000000,0.000000,0.000000,5.671998,1.240221,5.671998,1.240221,0.000000,0.000000,1.000000
3800.000000,5.665326,1.242368,-0.667196,0.214780,0.000000,0.000000,0.000000,0.000000,0.000000,1.169479,0.596616,0.149857,-0.577489,4.941235,0.000000,0.000000,0.000000,65535.000000,0.000000,0.000000,5.665326,1.242368,5.665326,1.242368,0.000000,0.000000,1.000000
3810.000000,5.659021,1.244368,-0.630522,0.199987,0.000000,0.000000,0.000000,0.000000,0.000000,1.169479,0.611785,0.152856,-0.592382,4.708352,0.000000,0.000000,0.000000,65535.000000,0.000000,0.000000,5.659021,1.244368,5.659021,1.244368,0.000000,0.000000,1.000000
3820.000000,5.653062,1.246216,-0.595862,0.184722,0.000000,0.000000,0.000000,0.000000,0.000000,0.591342,0.597148,0.159932,-0.575333,2.036134,0.000000,0.000000,0.000000,65535.000000,0.000000,0.000000,5.653062,1.246216,5.653062,1.246216,0.000000,0.000000,1.000000
3830.000000,5.647600,1.247706,-0.546213,0.149062,0.000000,0.000000,0.000000,0.000000,0.000000,0.468865,0.593528,0.173435,-0.567622,0.954632,0.000000,0.000000,0.000000,65535.000000,0.000000,0.000000,5.647600,1.247706,5.647600,1.247706,0.000000,0.000000,1.000000
3840.000000,5.641950,1.249372,-0.565057,0.166566,0.000000,0.000000,0.000000,0.000000,0.000000,0.360144,0.585110,0.175838,-0.558063,-0.366838,0.000000,0.000000,0.000000,65535.000000,0.000000,0.000000,5.641950,1.249372,5.641950,1.249372,0.000000,0.000000,1.000000
3850.000000,5.636378,1.251122,-0.557189,0.174993,0.000000,0.000000,0.000000,0.000000,0.000000,0.347111,0.589096,0.179277,-0.561154,-0.147121,0.000000,0.000000,0.000000,65535.000000,0.000000,0.000000,5.636378,1.251122,5.636378,1.251122,0.000000,0.000000,1.000000
3860.000000,5.630769,1.253012,-0.560840,0.188981,0.000000,0.000000,0.000000,0.000000,0.000000,0.611753,0.584022,0.186622,-0.553402,0.779917,0.000000,0.000000,0.000000,65535.000000,0.000000,0.000000,5.630769,1.253012,5.630769,1.253012,0.000000,0.000000,1.000000
3870.000000,5.625152,1.255134,-0.561753,0.212263,0.000000,0.000000,0.000000,0.000000,0.000000,0.703915,0.591824,0.198328,-0.557603,1.094870,0.000000,0.000000,0.000000,65535.000000,0.000000,0.000000,5.625152,1.255134,5.625152,1.255134,0.000000,0.000000,1.000000
3880.000000,5.619514,1.257381,-0.563816,0.224718,0.000000,0.000000,0.000000,0.000000,0.000000,0.703915,0.600518,0.219909,-0.558804,1.083001,0.000000,0.000000,0.000000,65535.000000,0.000000,0.000000,5.619514,1.257381,5.619514,1.257381,0.000000,0.000000,1.000000
3890.000000,5.613867,1.259543,-0.564657,0.216137,0.000000,0.000000,0.000000,0.000000,0.000000,0.703915,0.606948,0.231851,-0.560920,1.071386,0.000000,0.000000,0.000000,65535.000000,0.000000,0.000000,5.613867,1.259543,5.613867,1.259543,0.000000,0.000000,1.000000
3900.000000,5.608163,1.261633,-0.570398,0.208993,0.000000,0.000000,0.000000,0.000000,0.000000,0.616386,0.604610,0.224136,-0.561530,0.402999,0.000000,0.000000,0.000000,65535.000000,0.000000,0.000000,5.608163,1.261633,5.608163,1.261633,0.000000,0.000000,1.000000
3910.000000,5.602526,1.263656,-0.563716,0.202305,0.000000,0.000000,0.000000,0.000000,0.000000,0.319794,0.607480,0.218745,-0.566729,-0.291511,0.000000,0.000000,0.000000,65535.000000,0.000000,0.000000,5.602526,1.263656,5.602526,1.263656,0.000000,0.000000,1.000000
3920.000000,5.596692,1.265720,-0.583391,0.206400,0.000000,0.000000,0.000000,0.000000,0.000000,0.407835,0.598918,0.213472,-0.559583,-0.138279,0.000000,0.000000,0.000000,65535.000000,0.000000,0.000000,5.596692,1.265720,5.596692,1.265720,0.000000,0.000000,1.000000
3930.000000,5.590791,1.267626,-0.590018,0.190602,0.000000,0.000000,0.000000,0.000000,0.000000,0.834605,0.618827,0.219394,-0.578630,1.917247,0.000000,0.000000,0.000000,65535.000000,0.000000,0.000000,5.590791,1.267626,5.590791,1.267626,0.000000,0.000000,1.000000
3940.000000,5.584964,1.269476,-0.582710,0.185044,0.000000,0.000000,0.000000,0.000000,0.000000,0.879876,0.620040,0.204057,-0.585500,3.133055,0.000000,0.000000,0.000000,65535.000000,0.000000,0.000000,5.584964,1.269476,5.584964,1.269476,0.000000,0.000000,1.000000
3950.000000,5.579224,1.271490,-0.573998,0.201350,0.000000,0.000000,0.000000,0.000000,0.000000,0.879876,0.611386,0.197257,-0.578690,3.037784,0.000000,0.000000,0.000000,65535.000000,0.000000,0.000000,5.579224,1.271490,5.579224,1.271490,0.000000,0.000000,1.000000
3960.000000,5.573348,1.273512,-0.587621,0.202259,0.000000,0.000000,0.000000,0.000000,0.000000,0.873830,0.608289,0.211401,-0.570373,2.948137,0.000000,0.000000,0.000000,65535.000000,0.000000,0.000000,5.573348,1.273512,5.573348,1.273512,0.000000,0.000000,1.000000
3970.000000,5.567399,1.275640,-0.594968,0.212713,0.000000,0.000000,0.000000,0.000000,0.000000,0.806314,0.621455,0.210925,-0.584566,2.372649,0.000000,0.000000,0.000000,65535.000000,0.000000,0.000000,5.567399,1.275640,5.567399,1.275640,0.000000,0.000000,1.000000
3980.000000,5.561112,1.277901,-0.628685,0.226153,0.000000,0.000000,0.000000,0.000000,0.000000,0.806314,0.631850,0.221101,-0.591902,2.317605,0.000000,0.000000,0.000000,65535.000000,0.000000,0.000000,5.561112,1.277901,5.561112,1.277901,0.000000,0.000000,1.000000
3990.000000,5.554570,1.280251,-0.654227,0.234972,0.000000,0.000000,0.000000,0.000000,0.000000,0.715733,0.668124,0.235200,-0.625356,1.927125,0.000000,0.000000,0.000000,65535.000000,0.000000,0.000000,5.554570,1.280251,5.554570,1.280251,0.000000,0.000000,1.000000
4000.000000,5.547932,1.282607,-0.663756,0.235572,0.000000,0.000000,0.000000,0.000000,0.000000,0.739744,0.695144,0.244511,-0.650722,1.975731,0.000000,0.000000,0.000000,65535.000000,0.000000,0.000000,5.547932,1.282607,5.547932,1.282607,0.000000,0.000000,1.000000
4010.000000,5.541574,1.284786,-0.635859,0.217932,0.000000,0.000000,0.000000,0.000000,0.000000,0.944714,0.704320,0.245649,-0.660094,3.174948,0.000000,0.000000,0.000000,65535.000000,0.000000,0.000000,5.541574,1.284786,5.541574,1.284786,0.000000,0.000000,1.000000
4020.000000,5.535290,1.286745,-0.628361,0.195870,0.000000,0.000000,0.000000,0.000000,0.000000,0.944714,0.672169,0.228682,-0.632072,3.077153,0.000000,0.000000,0.000000,65535.000000,0.000000,0.000000,5.535290,1.286745,5.535290,1.286745,0.000000,0.000000,1.000000
4030.000000,5.528884,1.288457,-0.640606,0.171277,0.000000,0.000000,0.000000,0.000000,0.000000,1.108098,0.658181,0.207797,-0.624518,3.783065,0.000000,0.000000,0.000000,65535.000000,0.000000,0.000000,5.528884,1.288457,5.528884,1.288457,0.000000,0.000000,1.000000
4040.000000,5.522398,1.290079,-0.648530,0.162182,0.000000,0.000000,0.000000,0.000000,0.000000,1.108098,0.663108,0.183852,-0.637111,3.645033,0.000000,0.000000,0.000000,65535.000000,0.000000,0.000000,5.522398,1.290079,5.522398,1.290079,0.000000,0.000000,1.000000
4050.000000,5.516101,1.291671,-0.629774,0.159220,0.000000,0.000000,0.000000,0.000000,0.000000,1.222918,0.668501,0.173729,-0.645532,3.516719,0.000000,0.000000,0.000000,65535.000000,0.000000,0.000000,5.516101,1.291671,5.516101,1.291671,0.000000,0.000000,1.000000
4060.000000,5.509778,1.293356,-0.632340,0.168463,0.000000,0.000000,0.000000,0.000000,0.000000,1.232936,0.649589,0.168822,-0.627268,3.491248,0.000000,0.000000,0.000000,65535.000000,0.000000,0.000000,5.509778,1.293356,5.509778,1.293356,0.000000,0.000000,1.000000
4070.000000,5.503366,1.295099,-0.641101,0.174318,0.000000,0.000000,0.000000,0.000000,0.000000,1.308422,0.654396,0.177586,-0.629839,3.373358,0.000000,0.000000,0.000000,65535.000000,0.000000,0.000000,5.503366,1.295099,5.503366,1.295099,0.000000,0.000000,1.000000
4080.000000,5.496806,1.296864,-0.656101,0.176489,0.000000,0.000000,0.000000,0.000000,0.000000,1.541098,0.664377,0.184275,-0.638310,2.504750,0.000000,0.000000,0.000000,65535.000000,0.000000,0.000000,5.496806,1.296864,5.496806,1.296864,0.000000,0.000000,1.000000
4090.000000,5.490222,1.298564,-0.658306,0.170020,0.000000,0.000000,0.000000,0.000000,0.000000,1.077774,0.679424,0.187074,-0.653162,1.397399,0.000000,0.000000,0.000000,65535.000000,0.000000,0.000000,5.490222,1.298564,5.490222,1.298564,0.000000,0.000000,1.000000
4100.000000,5.483638,1.300261,-0.658415,0.169719,0.000000,0.000000,0.000000,0.000000,0.000000,1.335988,0.679907,0.180941,-0.655388,2.394193,0.000000,0.000000,0.000000,65535.000000,0.000000,0.000000,5.483638,1.300261,5.483638,1.300261,0.000000,0.000000,1.000000
4110.000000,5.477177,1.301999,-0.646129,0.173748,0.000000,0.000000,0.000000,0.000000,0.000000,1.120400,0.679938,0.181101,-0.655376,2.432223,0.000000,0.000000,0.000000,65535.000000,0.000000,0.000000,5.477177,1.301999,5.477177,1.301999,0.000000,0.000000,1.000000
4120.000000,5.470691,1.303666,-0.648627,0.166704,0.000000,0.000000,0.000000,0.000000,0.000000,1.120400,0.669082,0.185125,-0.642962,2.374414,0.000000,0.000000,0.000000,65535.000000,0.000000,0.000000,5.470691,1.303666,5.470691,1.303666,0.000000,0.000000,1.000000
4130.000000,5.464254,1.305197,-0.643705,0.153061,0.000000,0.000000,0.000000,0.000000,0.000000,0.744755,0.669707,0.177782,-0.645678,1.640093,0.000000,0.000000,0.000000,65535.000000,0.000000,0.000000,5.464254,1.305197,5.464254,1.305197,0.000000,0.000000,1.000000
4140.000000,5.457619,1.306686,-0.663506,0.148925,0.000000,0.000000,0.000000,0.000000,0.000000,0.744755,0.661652,0.163460,-0.641143,1.613601,0.000000,0.000000,0.000000,65535.000000,0.000000,0.000000,5.457619,1.306686,5.457619,1.306686,0.000000,0.000000,1.000000
4150.000000,5.451012,1.308242,-0.660679,0.155632,0.000000,0.000000,0.000000,0.000000,0.000000,0.414592,0.680014,0.159246,-0.661105,-0.014414,0.000000,0.000000,0.000000,65535.000000,0.000000,0.000000,5.451012,1.308242,5.451012,1.308242,0.000000,0.000000,1.000000
4160.000000,5.444414,1.309880,-0.659823,0.163832,0.000000,0.000000,0.000000,0.000000,0.000000,0.317715,0.678762,0.165818,-0.658197,-0.347724,0.000000,0.000000,0.000000,65535.000000,0.000000,0.000000,5.444414,1.309880,5.444414,1.309880,0.000000,0.000000,1.000000
4170.000000,5.437795,1.311517,-0.661949,0.163691,0.000000,0.000000,0.000000,0.000000,0.000000,0.447236,0.679859,0.174432,-0.657101,0.198429,0.000000,0.000000,0.000000,65535.000000,0.000000,0.000000,5.437795,1.311517,5.437795,1.311517,0.000000,0.000000,1.000000
4180.000000,5.430868,1.313079,-0.692703,0.156218,0.000000,0.000000,0.000000,0.000000,0.000000,0.447236,0.681888,0.174488,-0.659185,0.216794,0.000000,0.000000,0.000000,65535.000000,0.000000,0.000000,5.430868,1.313079,5.430868,1.313079,0.000000,0.000000,1.000000
4190.000000,5.423903,1.314613,-0.696418,0.153315,0.000000,0.000000,0.000000,0.000000,0.000000,0.772568,0.710099,0.167325,-0.690104,0.617885,0.000000,0.000000,0.000000,65535.000000,0.000000,0.000000,5.423903,1.314613,5.423903,1.314613,0.000000,0.000000,1.000000
4200.000000,5.417061,1.316177,-0.684274,0.156442,0.000000,0.000000,0.000000,0.000000,0.000000,0.860346,0.713094,0.164236,-0.693924,0.614087,0.000000,0.000000,0.000000,65535.000000,0.000000,0.000000,5.417061,1.316177,5.417061,1.316177,0.000000,0.000000,1.000000
4210.000000,5.410204,1.317703,-0.685634,0.152573,0.000000,0.000000,0.000000,0.000000,0.000000,0.860346,0.701930,0.166919,-0.681794,0.610335,0.000000,0.000000,0.000000,65535.000000,0.000000,0.000000,5.410204,1.317703,5.410204,1.317703,0.000000,0.000000,1.000000
4220.000000,5.403210,1.319203,-0.699415,0.150023,0.000000,0.000000,0.000000,0.000000,0.000000,0.327866,0.702405,0.162678,-0.683307,-0.717550,0.000000,0.000000,0.000000,65535.000000,0.000000,0.000000,5.403210,1.319203,5.403210,1.319203,0.000000,0.000000,1.000000
4230.000000,5.396076,1.320808,-0.713464,0.160530,0.000000,0.000000,0.000000,0.000000,0.000000,0.342971,0.715324,0.159420,-0.697333,-0.673313,0.000000,0.000000,0.000000,65535.000000,0.000000,0.000000,5.396076,1.320808,5.396076,1.320808,0.000000,0.000000,1.000000
4240.000000,5.389160,1.322371,-0.691608,0.156287,0.000000,0.000000,0.000000,0.000000,0.000000,0.393659,0.731301,0.169196,-0.711459,-0.535099,0.000000,0.000000,0.000000,65535.000000,0.000000,0.000000,5.389160,1.322371,5.389160,1.322371,0.000000,0.000000,1.000000
4250.000000,5.382548,1.323807,-0.661113,0.143540,0.000000,0.000000,0.000000,0.000000,0.000000,0.505382,0.734011,0.184357,-0.710482,0.130314,0.000000,0.000000,0.000000,65535.000000,0.000000,0.000000,5.382548,1.323807,5.382548,1.323807,0.000000,0.000000,1.000000
4260.000000,5.375932,1.325067,-0.661597,0.126086,0.000000,0.000000,0.000000,0.000000,0.000000,0.650503,0.714135,0.181890,-0.690582,0.990214,0.000000,0.000000,0.000000,65535.000000,0.000000,0.000000,5.375932,1.325067,5.375932,1.325067,0.000000,0.000000,1.000000
4270.000000,5.369216,1.326257,-0.671612,0.118996,0.000000,0.000000,0.000000,0.000000,0.000000,0.696388,0.711773,0.165982,-0.692150,1.109444,0.000000,0.000000,0.000000,65535.000000,0.000000,0.000000,5.369216,1.326257,5.369216,1.326257,0.000000,0.000000,1.000000
4280.000000,5.362386,1.327556,-0.683029,0.129820,0.000000,0.000000,0.000000,0.000000,0.000000,0.711434,0.706117,0.148364,-0.690355,1.199526,0.000000,0.000000,0.000000,65535.000000,0.000000,0.000000,5.362386,1.327556,5.362386,1.327556,0.000000,0.000000,1.000000
4290.000000,5.355733,1.328796,-0.665268,0.124077,0.000000,0.000000,0.000000,0.000000,0.000000,0.717963,0.695256,0.140163,-0.680981,1.194077,0.000000,0.000000,0.000000,65535.000000,0.000000,0.000000,5.355733,1.328796,5.355733,1.328796,0.000000,0.000000,1.000000
4300.000000,5.348907,1.330024,-0.682535,0.122798,0.000000,0.000000,0.000000,0.000000,0.000000,1.010395,0.676740,0.133165,-0.663508,1.179973,0.000000,0.000000,0.000000,65535.000000,0.000000,0.000000,5.348907,1.330024,5.348907,1.330024,0.000000,0.000000,1.000000
4310.000000,5.341989,1.331281,-0.691859,0.125682,0.000000,0.000000,0.000000,0.000000,0.000000,0.985634,0.693493,0.130831,-0.681041,0.488006,0.000000,0.000000,0.000000,65535.000000,0.000000,0.000000,5.341989,1.331281,5.341989,1.331281,0.000000,0.000000,1.000000
4320.000000,5.334908,1.332717,-0.708107,0.143641,0.000000,0.000000,0.000000,0.000000,0.000000,0.622374,0.703182,0.133324,-0.690427,0.008511,0.000000,0.000000,0.000000,65535.000000,0.000000,0.000000,5.334908,1.332717,5.334908,1.332717,0.000000,0.000000,1.000000
4330.000000,5.327887,1.334168,-0.702120,0.145035,0.000000,0.000000,0.000000,0.000000,0.000000,0.451089,0.722529,0.151210,-0.706529,-0.510398,0.000000,0.000000,0.000000,65535.000000,0.000000,0.000000,5.327887,1.334168,5.327887,1.334168,0.000000,0.000000,1.000000
4340.000000,5.320701,1.335595,-0.718602,0.142762,0.000000,0.000000,0.000000,0.000000,0.000000,0.338665,0.716943,0.152378,-0.700563,-0.752771,0.000000,0.000000,0.000000,65535.000000,0.000000,0.000000,5.320701,1.335595,5.320701,1.335595,0.000000,0.000000,1.000000
4350.000000,5.313543,1.336954,-0.715763,0.135908,0.000000,0.000000,0.000000,0.000000,0.000000,0.245844,0.732646,0.151133,-0.716888,-0.995128,0.000000,0.000000,0.000000,65535.000000,0.000000,0.000000,5.313543,1.336954,5.313543,1.336954,0.000000,0.000000,1.000000
4360.000000,5.306439,1.338261,-0.710376,0.130639,0.000000,0.000000,0.000000,0.000000,0.000000,0.418092,0.728552,0.145789,-0.713816,-0.521733,0.000000,0.000000,0.000000,65535.000000,0.000000,0.000000,5.306439,1.338261,5.306439,1.338261,0.000000,0.000000,1.000000
4370.000000,5.299515,1.339513,-0.692384,0.125251,0.000000,0.000000,0.000000,0.000000,0.000000,0.425181,0.722289,0.140545,-0.708483,-0.499896,0.000000,0.000000,0.000000,65535.000000,0.000000,0.000000,5.299515,1.339513,5.299515,1.339513,0.000000,0.000000,1.000000
4380.000000,5.292660,1.340828,-0.685512,0.131430,0.000000,0.000000,0.000000,0.000000,0.000000,0.425181,0.703622,0.134054,-0.690733,-0.497407,0.000000,0.000000,0.000000,65535.000000,0.000000,0.000000,5.292660,1.340828,5.292660,1.340828,0.000000,0.000000,1.000000
4390.000000,5.285930,1.342260,-0.673074,0.143263,0.000000,0.000000,0.000000,0.000000,0.000000,0.380706,0.697998,0.139228,-0.683971,-0.617531,0.000000,0.000000,0.000000,65535.000000,0.000000,0.000000,5.285930,1.342260,5.285930,1.342260,0.000000,0.000000,1.000000
4400.000000,5.279027,1.343778,-0.690201,0.151812,0.000000,0.000000,0.000000,0.000000,0.000000,0.204225,0.688152,0.150255,-0.671548,-1.096525,0.000000,0.000000,0.000000,65535.000000,0.000000,0.000000,5.279027,1.343778,5.279027,1.343778,0.000000,0.000000,1.000000
4410.000000,5.271917,1.345341,-0.711065,0.156227,0.000000,0.000000,0.000000,0.000000,0.000000,0.204225,0.706699,0.158335,-0.688734,-1.084620,0.000000,0.000000,0.000000,65535.000000,0.000000,0.000000,5.271917,1.345341,5.271917,1.345341,0.000000,0.000000,1.000000
4420.000000,5.264808,1.346974,-0.710884,0.163352,0.000000,0.000000,0.000000,0.000000,0.000000,0.227097,0.728025,0.162641,-0.709625,-1.009768,0.000000,0.000000,0.000000,65535.000000,0.000000,0.000000,5.264808,1.346974,5.264808,1.346974,0.000000,0.000000,1.000000
4430.000000,5.257844,1.348656,-0.696378,0.168217,0.000000,0.000000,0.000000,0.000000,0.000000,0.468703,0.729411,0.169865,-0.709356,-0.337153,0.000000,0.000000,0.000000,65535.000000,0.000000,0.000000,5.257844,1.348656,5.257844,1.348656,0.000000,0.000000,1.000000
4440.000000,5.250783,1.350247,-0.706165,0.159053,0.000000,0.000000,0.000000,0.000000,0.000000,0.684026,0.716408,0.174955,-0.694716,0.388552,0.000000,0.000000,0.000000,65535.000000,0.000000,0.000000,5.250783,1.350247,5.250783,1.350247,0.000000,0.000000,1.000000
4450.000000,5.243704,1.351620,-0.707918,0.137336,0.000000,0.000000,0.000000,0.000000,0.000000,0.726424,0.723856,0.166958,-0.704338,0.998276,0.000000,0.000000,0.000000,65535.000000,0.000000,0.000000,5.243704,1.351620,5.243704,1.351620,0.000000,0.000000,1.000000
4460.000000,5.236579,1.352865,-0.712435,0.124500,0.000000,0.000000,0.000000,0.000000,0.000000,1.203945,0.721116,0.146346,-0.706110,2.259443,0.000000,0.000000,0.000000,65535.000000,0.000000,0.000000,5.236579,1.352865,5.236579,1.352865,0.000000,0.000000,1.000000
4470.000000,5.229638,1.353943,-0.694166,0.107750,0.000000,0.000000,0.000000,0.000000,0.000000,1.203945,0.723231,0.134345,-0.710644,2.381615,0.000000,0.000000,0.000000,65535.000000,0.000000,0.000000,5.229638,1.353943,5.229638,1.353943,0.000000,0.000000,1.000000
4480.000000,5.222614,1.355078,-0.702357,0.113521,0.000000,0.000000,0.000000,0.000000,0.000000,1.203945,0.702479,0.116508,-0.692750,2.326159,0.000000,0.000000,0.000000,65535.000000,0.000000,0.000000,5.222614,1.355078,5.222614,1.355078,0.000000,0.000000,1.000000
4490.000000,5.215650,1.356355,-0.696444,0.127718,0.000000,0.000000,0.000000,0.000000,0.000000,0.867500,0.711472,0.121258,-0.701063,1.702480,0.000000,0.000000,0.000000,65535.000000,0.000000,0.000000,5.215650,1.356355,5.215650,1.356355,0.000000,0.000000,1.000000
4500.000000,5.208838,1.357815,-0.681249,0.145993,0.000000,0.000000,0.000000,0.000000,0.000000,0.867500,0.708058,0.134642,-0.695138,1.673953,0.000000,0.000000,0.000000,65535.000000,0.000000,0.000000,5.208838,1.357815,5.208838,1.357815,0.000000,0.000000,1.000000
4510.000000,5.202227,1.359492,-0.661017,0.167683,0.000000,0.000000,0.000000,0.000000,0.000000,0.727337,0.696716,0.152674,-0.679783,0.769841,0.000000,0.000000,0.000000,65535.000000,0.000000,0.000000,5.202227,1.359492,5.202227,1.359492,0.000000,0.000000,1.000000
4520.000000,5.195495,1.361143,-0.673251,0.165063,0.000000,0.000000,0.000000,0.000000,0.000000,0.727337,0.681954,0.174213,-0.659326,0.763954,0.000000,0.000000,0.000000,65535.000000,0.000000,0.000000,5.195495,1.361143,5.195495,1.361143,0.000000,0.000000,1.000000
4530.000000,5.188791,1.362704,-0.670408,0.156119,0.000000,0.000000,0.000000,0.000000,0.000000,0.638560,0.693190,0.171736,-0.671580,-0.002826,0.000000,0.000000,0.000000,65535.000000,0.000000,0.000000,5.188791,1.362704,5.188791,1.362704,0.000000,0.000000,1.000000
4540.000000,5.182147,1.364132,-0.664447,0.142797,0.000000,0.000000,0.000000,0.000000,0.000000,0.654346,0.688346,0.163019,-0.668764,0.333327,0.000000,0.000000,0.000000,65535.000000,0.000000,0.000000,5.182147,1.364132,5.182147,1.364132,0.000000,0.000000,1.000000
4550.000000,5.175463,1.365566,-0.668373,0.143432,0.000000,0.000000,0.000000,0.000000,0.000000,0.501946,0.679618,0.149816,-0.662900,0.502362,0.000000,0.000000,0.000000,65535.000000,0.000000,0.000000,5.175463,1.365566,5.175463,1.365566,0.000000,0.000000,1.000000
4560.000000,5.168569,1.367079,-0.689372,0.151255,0.000000,0.000000,0.000000,0.000000,0.000000,0.673865,0.683590,0.150214,-0.666881,1.139222,0.000000,0.000000,0.000000,65535.000000,0.000000,0.000000,5.168569,1.367079,5.168569,1.367079,0.000000,0.000000,1.000000
4570.000000,5.161642,1.368743,-0.692752,0.166417,0.000000,0.000000,0.000000,0.000000,0.000000,0.673865,0.705770,0.157655,-0.687936,1.126377,0.000000,0.000000,0.000000,65535.000000,0.000000,0.000000,5.161642,1.368743,5.161642,1.368743,0.000000,0.000000,1.000000
4580.000000,5.154610,1.370457,-0.703140,0.171398,0.000000,0.000000,0.000000,0.000000,0.000000,0.673865,0.712460,0.172692,-0.691214,1.113819,0.000000,0.000000,0.000000,65535.000000,0.000000,0.000000,5.154610,1.370457,5.154610,1.370457,0.000000,0.000000,1.000000
4590.000000,5.147565,1.372147,-0.704534,0.169051,0.000000,0.000000,0.000000,0.000000,0.000000,0.547027,0.723729,0.177999,-0.701499,0.485814,0.000000,0.000000,0.000000,65535.000000,0.000000,0.000000,5.147565,1.372147,5.147565,1.372147,0.000000,0.000000,1.000000
4600.000000,5.140450,1.373822,-0.711449,0.167495,0.000000,0.000000,0.000000,0.000000,0.000000,0.709201,0.724532,0.175369,-0.702988,0.483463,0.000000,0.000000,0.000000,65535.000000,0.000000,0.000000,5.140450,1.373822,5.140450,1.373822,0.000000,0.000000,1.000000
4610.000000,5.133451,1.375520,-0.699912,0.169749,0.000000,0.000000,0.000000,0.000000,0.000000,0.773468,0.730900,0.173100,-0.710106,0.481135,0.000000,0.000000,0.000000,65535.000000,0.000000,0.000000,5.133451,1.375520,5.133451,1.375520,0.000000,0.000000,1.000000
4620.000000,5.126645,1.377291,-0.680644,0.177083,0.000000,0.000000,0.000000,0.000000,0.000000,0.525358,0.720202,0.174979,-0.698623,-0.369190,0.000000,0.000000,0.000000,65535.000000,0.000000,0.000000,5.126645,1.377291,5.126645,1.377291,0.000000,0.000000,1.000000
4630.000000,5.119902,1.379148,-0.674305,0.185706,0.000000,0.000000,0.000000,0.000000,0.000000,0.233000,0.703303,0.182674,-0.679165,-1.170849,0.000000,0.000000,0.000000,65535.000000,0.000000,0.000000,5.119902,1.379148,5.119902,1.379148,0.000000,0.000000,1.000000
4640.000000,5.113076,1.381089,-0.682656,0.194170,0.000000,0.000000,0.000000,0.000000,0.000000,0.197128,0.699410,0.191325,-0.672732,-1.254261,0.000000,0.000000,0.000000,65535.000000,0.000000,0.000000,5.113076,1.381089,5.113076,1.381089,0.000000,0.000000,1.000000
4650.000000,5.106377,1.383109,-0.669910,0.201995,0.000000,0.000000,0.000000,0.000000,0.000000,0.197128,0.709733,0.199253,-0.681190,-1.238709,0.000000,0.000000,0.000000,65535.000000,0.000000,0.000000,5.106377,1.383109,5.106377,1.383109,0.000000,0.000000,1.000000
4660.000000,5.099862,1.385474,-0.651441,0.236463,0.000000,0.000000,0.000000,0.000000,0.000000,0.246272,0.699701,0.206738,-0.668461,-1.089298,0.000000,0.000000,0.000000,65535.000000,0.000000,0.000000,5.099862,1.385474,5.099862,1.385474,0.000000,0.000000,1.000000
4670.000000,5.093400,1.387873,-0.646193,0.239897,0.000000,0.000000,0.000000,0.000000,0.000000,0.252995,0.693030,0.241429,-0.649617,-1.059434,0.000000,0.000000,0.000000,65535.000000,0.000000,0.000000,5.093400,1.387873,5.093400,1.387873,0.000000,0.000000,1.000000
4680.000000,5.086868,1.390221,-0.653238,0.234761,0.000000,0.000000,0.000000,0.000000,0.000000,0.252995,0.689286,0.245064,-0.644251,-1.048317,0.000000,0.000000,0.000000,65535.000000,0.000000,0.000000,5.086868,1.390221,5.086868,1.390221,0.000000,0.000000,1.000000
4690.000000,5.080259,1.392426,-0.660895,0.220523,0.000000,0.000000,0.000000,0.000000,0.000000,0.231785,0.694142,0.240100,-0.651295,-1.095437,0.000000,0.000000,0.000000,65535.000000,0.000000,0.000000,5.080259,1.392426,5.080259,1.392426,0.000000,0.000000,1.000000
4700.000000,5.073535,1.394520,-0.672358,0.209459,0.000000,0.000000,0.000000,0.000000,0.000000,0.199494,0.696716,0.225930,-0.659067,-1.170417,0.000000,0.000000,0.000000,65535.000000,0.000000,0.000000,5.073535,1.394520,5.073535,1.394520,0.000000,0.000000,1.000000
4710.000000,5.066850,1.396530,-0.668507,0.200970,0.000000,0.000000,0.000000,0.000000,0.000000,0.199494,0.704229,0.214612,-0.670731,-1.156863,0.000000,0.000000,0.000000,65535.000000,0.000000,0.000000,5.066850,1.396530,5.066850,1.396530,0.000000,0.000000,1.000000
4720.000000,5.060099,1.398629,-0.675083,0.209844,0.000000,0.000000,0.000000,0.000000,0.000000,0.250841,0.698062,0.206355,-0.666865,-1.004433,0.000000,0.000000,0.000000,65535.000000,0.000000,0.000000,5.060099,1.398629,5.060099,1.398629,0.000000,0.000000,1.000000
4730.000000,5.053370,1.400723,-0.672879,0.209426,0.000000,0.000000,0.000000,0.000000,0.000000,0.259849,0.706946,0.215024,-0.673451,-0.970230,0.000000,0.000000,0.000000,65535.000000,0.000000,0.000000,5.053370,1.400723,5.053370,1.400723,0.000000,0.000000,1.000000
4740.000000,5.046461,1.402928,-0.690999,0.220531,0.000000,0.000000,0.000000,0.000000,0.000000,0.259849,0.704717,0.214459,-0.671292,-0.960898,0.000000,0.000000,0.000000,65535.000000,0.000000,0.000000,5.046461,1.402928,5.046461,1.402928,0.000000,0.000000,1.000000
4750.000000,5.039451,1.405208,-0.700991,0.227951,0.000000,0.000000,0.000000,0.000000,0.000000,0.258673,0.725337,0.225888,-0.689266,-0.954955,0.000000,0.000000,0.000000,65535.000000,0.000000,0.000000,5.039451,1.405208,5.039451,1.405208,0.000000,0.000000,1.000000
4760.000000,5.032358,1.407619,-0.709246,0.241099,0.000000,0.000000,0.000000,0.000000,0.000000,0.263068,0.737123,0.234214,-0.698924,-0.933823,0.000000,0.000000,0.000000,65535.000000,0.000000,0.000000,5.032358,1.407619,5.032358,1.407619,0.000000,0.000000,1.000000
4770.000000,5.025444,1.409961,-0.691478,0.234195,0.000000,0.000000,0.000000,0.000000,0.000000,0.263068,0.749105,0.247831,-0.706921,-0.925175,0.000000,0.000000,0.000000,65535.000000,0.000000,0.000000,5.025444,1.409961,5.025444,1.409961,0.000000,0.000000,1.000000
4780.000000,5.018632,1.412285,-0.681107,0.232414,0.000000,0.000000,0.000000,0.000000,0.000000,0.263068,0.730061,0.241144,-0.689085,-0.916686,0.000000,0.000000,0.000000,65535.000000,0.000000,0.000000,5.018632,1.412285,5.018632,1.412285,0.000000,0.000000,1.000000
4790.000000,5.011741,1.414632,-0.689159,0.234703,0.000000,0.000000,0.000000,0.000000,0.000000,0.237032,0.719669,0.239002,-0.678823,-0.979337,0.000000,0.000000,0.000000,65535.000000,0.000000,0.000000,5.011741,1.414632,5.011741,1.414632,0.000000,0.000000,1.000000
4800.000000,5.004818,1.417089,-0.692211,0.245688,0.000000,0.000000,0.000000,0.000000,0.000000,0.201703,0.728029,0.240957,-0.686998,-1.064735,0.000000,0.000000,0.000000,65535.000000,0.000000,0.000000,5.004818,1.417089,5.004818,1.417089,0.000000,0.000000,1.000000
4810.000000,4.997972,1.419635,-0.684662,0.254592,0.000000,0.000000,0.000000,0.000000,0.000000,0.310949,0.734519,0.251971,-0.689949,-0.756686,0.000000,0.000000,0.000000,65535.000000,0.000000,0.000000,4.997972,1.419635,4.997972,1.419635,0.000000,0.000000,1.000000
4820.000000,4.991064,1.422214,-0.690796,0.257976,0.000000,0.000000,0.000000,0.000000,0.000000,0.522740,0.730465,0.261351,-0.682111,-0.171940,0.000000,0.000000,0.000000,65535.000000,0.000000,0.000000,4.991064,1.422214,4.991064,1.422214,0.000000,0.000000,1.000000
4830.000000,4.984105,1.424841,-0.695951,0.262691,0.000000,0.000000,0.000000,0.000000,0.000000,0.609043,0.737394,0.264493,-0.688327,0.038114,0.000000,0.000000,0.000000,65535.000000,0.000000,0.000000,4.984105,1.424841,4.984105,1.424841,0.000000,0.000000,1.000000
4840.000000,4.977074,1.427449,-0.703046,0.260744,0.000000,0.000000,0.000000,0.000000,0.000000,0.500520,0.743878,0.269040,-0.693522,0.038100,0.000000,0.000000,0.000000,65535.000000,0.000000,0.000000,4.977074,1.427449,4.977074,1.427449,0.000000,0.000000,1.000000
4850.000000,4.970193,1.429965,-0.688135,0.251604,0.000000,0.000000,0.000000,0.000000,0.000000,0.609043,0.749841,0.266597,-0.700847,-0.035817,0.000000,0.000000,0.000000,65535.000000,0.000000,0.000000,4.970193,1.429965,4.970193,1.429965,0.000000,0.000000,1.000000
4860.000000,4.963361,1.432410,-0.683149,0.244526,0.000000,0.000000,0.000000,0.000000,0.000000,0.458739,0.732689,0.257247,-0.686045,-0.359320,0.000000,0.000000,0.000000,65535.000000,0.000000,0.000000,4.963361,1.432410,4.963361,1.432410,0.000000,0.000000,1.000000
4870.000000,4.956405,1.434881,-0.695610,0.247080,0.000000,0.000000,0.000000,0.000000,0.000000,0.296260,0.725593,0.250197,-0.681093,-0.818352,0.000000,0.000000,0.000000,65535.000000,0.000000,0.000000,4.956405,1.434881,4.956405,1.434881,0.000000,0.000000,1.000000
4880.000000,4.949228,1.437400,-0.717721,0.251901,0.000000,0.000000,0.000000,0.000000,0.000000,0.426574,0.738188,0.253719,-0.693216,-0.440316,0.000000,0.000000,0.000000,65535.000000,0.000000,0.000000,4.949228,1.437400,4.949228,1.437400,0.000000,0.000000,1.000000
4890.000000,4.941985,1.439872,-0.724284,0.247191,0.000000,0.000000,0.000000,0.000000,0.000000,0.426574,0.760643,0.259153,-0.715135,-0.438384,0.000000,0.000000,0.000000,65535.000000,0.000000,0.000000,4.941985,1.439872,4.941985,1.439872,0.000000,0.000000,1.000000
4900.000000,4.934847,1.442377,-0.713840,0.250510,0.000000,0.000000,0.000000,0.000000,0.000000,0.426574,0.765305,0.254639,-0.721700,-0.436468,0.000000,0.000000,0.000000,65535.000000,0.000000,0.000000,4.934847,1.442377,4.934847,1.442377,0.000000,0.000000,1.000000
4910.000000,4.927773,1.444986,-0.707333,0.260864,0.000000,0.000000,0.000000,0.000000,0.000000,0.689059,0.756520,0.257755,-0.711256,0.293160,0.000000,0.000000,0.000000,65535.000000,0.000000,0.000000,4.927773,1.444986,4.927773,1.444986,0.000000,0.000000,1.000000
4920.000000,4.920597,1.447681,-0.717642,0.269532,0.000000,0.000000,0.000000,0.000000,0.000000,0.988364,0.753904,0.267519,-0.704843,1.365274,0.000000,0.000000,0.000000,65535.000000,0.000000,0.000000,4.920597,1.447681,4.920597,1.447681,0.000000,0.000000,1.000000
4930.000000,4.913466,1.450305,-0.713105,0.262468,0.000000,0.000000,0.000000,0.000000,0.000000,0.752921,0.766588,0.275477,-0.715381,1.504323,0.000000,0.000000,0.000000,65535.000000,0.000000,0.000000,4.913466,1.450305,4.913466,1.450305,0.000000,0.000000,1.000000
4940.000000,4.906291,1.452934,-0.717429,0.262831,0.000000,0.000000,0.000000,0.000000,0.000000,0.752921,0.759873,0.268587,-0.710822,1.482006,0.000000,0.000000,0.000000,65535.000000,0.000000,0.000000,4.906291,1.452934,4.906291,1.452934,0.000000,0.000000,1.000000
4950.000000,4.899180,1.455638,-0.711153,0.270448,0.000000,0.000000,0.000000,0.000000,0.000000,0.759976,0.764058,0.269590,-0.714916,1.042434,0.000000,0.000000,0.000000,65535.000000,0.000000,0.000000,4.899180,1.455638,4.899180,1.455638,0.000000,0.000000,1.000000
4960.000000,4.892072,1.458516,-0.710763,0.287797,0.000000,0.000000,0.000000,0.000000,0.000000,0.759976,0.760843,0.277403,-0.708469,0.140952,0.000000,0.000000,0.000000,65535.000000,0.000000,0.000000,4.892072,1.458516,4.892072,1.458516,0.000000,0.000000,1.000000
4970.000000,4.884857,1.461446,-0.721557,0.292966,0.000000,0.000000,0.000000,0.000000,0.000000,0.276917,0.766819,0.294631,-0.707957,-0.930172,0.000000,0.000000,0.000000,65535.000000,0.000000,0.000000,4.884857,1.461446,4.884857,1.461446,0.000000,0.000000,1.000000
4980.000000,4.877403,1.464320,-0.745354,0.287412,0.000000,0.000000,0.000000,0.000000,0.000000,0.136862,0.778764,0.299974,-0.718672,-1.325962,0.000000,0.000000,0.000000,65535.000000,0.000000,0.000000,4.877403,1.464320,4.877403,1.464320,0.000000,0.000000,1.000000
4990.000000,4.869963,1.467062,-0.744079,0.274166,0.000000,0.000000,0.000000,0.000000,0.000000,0.147088,0.798848,0.294750,-0.742482,-1.278724,0.000000,0.000000,0.000000,65535.000000,0.000000,0.000000,4.869963,1.467062,4.869963,1.467062,0.000000,0.000000,1.000000
5000.000000,4.862690,1.469762,-0.727266,0.270028,0.000000,0.000000,0.000000,0.000000,0.000000,0.275540,0.792982,0.281729,-0.741248,-0.892752,0.000000,0.000000,0.000000,65535.000000,0.000000,0.000000,4.862690,1.469762,4.862690,1.469762,0.000000,0.000000,1.000000
5010.000000,4.855523,1.472442,-0.716743,0.268021,0.000000,0.000000,0.000000,0.000000,0.000000,0.275540,0.775778,0.277006,-0.724637,-0.884844,0.000000,0.000000,0.000000,65535.000000,0.000000,0.000000,4.855523,1.472442,4.855523,1.472442,0.000000,0.000000,1.000000
5020.000000,4.848135,1.475230,-0.738715,0.278789,0.000000,0.000000,0.000000,0.000000,0.000000,0.337593,0.765216,0.274105,-0.714438,-0.695407,0.000000,0.000000,0.000000,65535.000000,0.000000,0.000000,4.848135,1.475230,4.848135,1.475230,0.000000,0.000000,1.000000
5030.000000,4.840677,1.478108,-0.745882,0.287765,0.000000,0.000000,0.000000,0.000000,0.000000,0.500037,0.789572,0.284755,-0.736436,-0.355361,0.000000,0.000000,0.000000,65535.000000,0.000000,0.000000,4.840677,1.478108,4.840677,1.478108,0.000000,0.000000,1.000000
5040.000000,4.833193,1.481149,-0.748406,0.304119,0.000000,0.000000,0.000000,0.000000,0.000000,0.500037,0.799467,0.293256,-0.743740,-0.354102,0.000000,0.000000,0.000000,65535.000000,0.000000,0.000000,4.833193,1.481149,4.833193,1.481149,0.000000,0.000000,1.000000
5050.000000,4.826008,1.484156,-0.718428,0.300653,0.000000,0.000000,0.000000,0.000000,0.000000,0.500037,0.807837,0.309598,-0.746156,-0.357176,0.000000,0.000000,0.000000,65535.000000,0.000000,0.000000,4.826008,1.484156,4.826008,1.484156,0.000000,0.000000,1.000000
5060.000000,4.818799,1.487135,-0.720880,0.297927,0.000000,0.000000,0.000000,0.000000,0.000000,0.336865,0.778801,0.306548,-0.715933,-0.698916,0.000000,0.000000,0.000000,65535.000000,0.000000,0.000000,4.818799,1.487135,4.818799,1.487135,0.000000,0.000000,1.000000
5070.000000,4.811398,1.490018,-0.740189,0.288308,0.000000,0.000000,0.000000,0.000000,0.000000,0.101013,0.780018,0.304675,-0.718054,-1.393596,0.000000,0.000000,0.000000,65535.000000,0.000000,0.000000,4.811398,1.490018,4.811398,1.490018,0.000000,0.000000,1.000000
5080.000000,4.803853,1.492876,-0.754492,0.285856,0.000000,0.000000,0.000000,0.000000,0.000000,0.152815,0.794356,0.295674,-0.737278,-1.222381,0.000000,0.000000,0.000000,65535.000000,0.000000,0.000000,4.803853,1.492876,4.803853,1.492876,0.000000,0.000000,1.000000
5090.000000,4.796470,1.495808,-0.738242,0.293158,0.000000,0.000000,0.000000,0.000000,0.000000,0.152815,0.806828,0.292764,-0.751839,-1.207604,0.000000,0.000000,0.000000,65535.000000,0.000000,0.000000,4.796470,1.495808,4.796470,1.495808,0.000000,0.000000,1.000000
5100.000000,4.789207,1.498841,-0.726315,0.303308,0.000000,0.000000,0.000000,0.000000,0.000000,0.151520,0.794319,0.298828,-0.735965,-1.197034,0.000000,0.000000,0.000000,65535.000000,0.000000,0.000000,4.789207,1.498841,4.789207,1.498841,0.000000,0.000000,1.000000
5110.000000,4.781906,1.501959,-0.730154,0.311790,0.000000,0.000000,0.000000,0.000000,0.000000,0.524944,0.787101,0.308440,-0.724150,-0.389650,0.000000,0.000000,0.000000,65535.000000,0.000000,0.000000,4.781906,1.501959,4.781906,1.501959,0.000000,0.000000,1.000000
5120.000000,4.774422,1.505121,-0.748390,0.316158,0.000000,0.000000,0.000000,0.000000,0.000000,0.530880,0.793938,0.316958,-0.727925,0.145338,0.000000,0.000000,0.000000,65535.000000,0.000000,0.000000,4.774422,1.505121,4.774422,1.505121,0.000000,0.000000,1.000000
5130.000000,4.767075,1.508247,-0.734661,0.312629,0.000000,0.000000,0.000000,0.000000,0.000000,0.608423,0.812430,0.321534,-0.746096,0.145127,0.000000,0.000000,0.000000,65535.000000,0.000000,0.000000,4.767075,1.508247,4.767075,1.508247,0.000000,0.000000,1.000000
5140.000000,4.759985,1.511306,-0.709015,0.305893,0.000000,0.000000,0.000000,0.000000,0.000000,0.750124,0.798414,0.317802,-0.732439,1.047428,0.000000,0.000000,0.000000,65535.000000,0.000000,0.000000,4.759985,1.511306,4.759985,1.511306,0.000000,0.000000,1.000000
5150.000000,4.753000,1.514386,-0.698531,0.308045,0.000000,0.000000,0.000000,0.000000,0.000000,0.824845,0.772187,0.310930,-0.706821,1.831135,0.000000,0.000000,0.000000,65535.000000,0.000000,0.000000,4.753000,1.514386,4.753000,1.514386,0.000000,0.000000,1.000000
5160.000000,4.745877,1.517561,-0.712253,0.317503,0.000000,0.000000,0.000000,0.000000,0.000000,0.747187,0.763438,0.313908,-0.695917,1.798175,0.000000,0.000000,0.000000,65535.000000,0.000000,0.000000,4.745877,1.517561,4.745877,1.517561,0.000000,0.000000,1.000000
5170.000000,4.738790,1.520701,-0.708705,0.313978,0.000000,0.000000,0.000000,0.000000,0.000000,0.839546,0.779815,0.324241,-0.709211,1.793354,0.000000,0.000000,0.000000,65535.000000,0.000000,0.000000,4.738790,1.520701,4.738790,1.520701,0.000000,0.000000,1.000000
5180.000000,4.731745,1.523781,-0.704499,0.307965,0.000000,0.000000,0.000000,0.000000,0.000000,0.996144,0.775141,0.320772,-0.705655,1.797279,0.000000,0.000000,0.000000,65535.000000,0.000000,0.000000,4.731745,1.523781,4.731745,1.523781,0.000000,0.000000,1.000000
5190.000000,4.724868,1.526767,-0.687726,0.298676,0.000000,0.000000,0.000000,0.000000,0.000000,0.966718,0.768870,0.313408,-0.702094,1.765516,0.000000,0.000000,0.000000,65535.000000,0.000000,0.000000,4.724868,1.526767,4.724868,1.526767,0.000000,0.000000,1.000000
5200.000000,4.718160,1.529811,-0.670775,0.304362,0.000000,0.000000,0.000000,0.000000,0.000000,0.964890,0.749783,0.302345,-0.686121,1.728348,0.000000,0.000000,0.000000,65535.000000,0.000000,0.000000,4.718160,1.529811,4.718160,1.529811,0.000000,0.000000,1.000000
5210.000000,4.711622,1.532883,-0.653772,0.307222,0.000000,0.000000,0.000000,0.000000,0.000000,0.859347,0.736597,0.307328,-0.669421,0.875936,0.000000,0.000000,0.000000,65535.000000,0.000000,0.000000,4.711622,1.532883,4.711622,1.532883,0.000000,0.000000,1.000000
5220.000000,4.705132,1.536035,-0.649030,0.315192,0.000000,0.000000,0.000000,0.000000,0.000000,0.718208,0.722359,0.310387,-0.652275,0.359646,0.000000,0.000000,0.000000,65535.000000,0.000000,0.000000,4.705132,1.536035,4.705132,1.536035,0.000000,0.000000,1.000000
5230.000000,4.698631,1.539291,-0.650140,0.325601,0.000000,0.000000,0.000000,0.000000,0.000000,0.834448,0.721516,0.318808,-0.647261,0.701890,0.000000,0.000000,0.000000,65535.000000,0.000000,0.000000,4.698631,1.539291,4.698631,1.539291,0.000000,0.000000,1.000000
5240.000000,4.692095,1.542730,-0.653574,0.343886,0.000000,0.000000,0.000000,0.000000,0.000000,0.901499,0.727116,0.329213,-0.648318,0.995154,0.000000,0.000000,0.000000,65535.000000,0.000000,0.000000,4.692095,1.542730,4.692095,1.542730,0.000000,0.000000,1.000000
5250.000000,4.685641,1.546221,-0.645406,0.349098,0.000000,0.000000,0.000000,0.000000,0.000000,0.740999,0.738523,0.347377,-0.651725,1.440233,0.000000,0.000000,0.000000,65535.000000,0.000000,0.000000,4.685641,1.546221,4.685641,1.546221,0.000000,0.000000,1.000000
5260.000000,4.679165,1.549843,-0.647633,0.362212,0.000000,0.000000,0.000000,0.000000,0.000000,0.780178,0.733770,0.352642,-0.643477,1.762618,0.000000,0.000000,0.000000,65535.000000,0.000000,0.000000,4.679165,1.549843,4.679165,1.549843,0.000000,0.000000,1.000000
5270.000000,4.672692,1.553573,-0.647283,0.373000,0.000000,0.000000,0.000000,0.000000,0.000000,0.780178,0.742042,0.366343,-0.645305,1.732057,0.000000,0.000000,0.000000,65535.000000,0.000000,0.000000,4.672692,1.553573,4.672692,1.553573,0.000000,0.000000,1.000000
5280.000000,4.666340,1.557288,-0.635154,0.371457,0.000000,0.000000,0.000000,0.000000,0.000000,0.759618,0.747064,0.378026,-0.644360,1.263490,0.000000,0.000000,0.000000,65535.000000,0.000000,0.000000,4.666340,1.557288,4.666340,1.557288,0.000000,0.000000,1.000000
5290.000000,4.660256,1.560906,-0.608431,0.361841,0.000000,0.000000,0.000000,0.000000,0.000000,0.749081,0.735800,0.376694,-0.632062,0.168799,0.000000,0.000000,0.000000,65535.000000,0.000000,0.000000,4.660256,1.560906,4.660256,1.560906,0.000000,0.000000,1.000000
5300.000000,4.654422,1.564814,-0.583393,0.390842,0.000000,0.000000,0.000000,0.000000,0.000000,0.650007,0.707897,0.366063,-0.605900,0.078786,0.000000,0.000000,0.000000,65535.000000,0.000000,0.000000,4.654422,1.564814,4.654422,1.564814,0.000000,0.000000,1.000000
5310.000000,4.648686,1.569138,-0.573588,0.432328,0.000000,0.000000,0.000000,0.000000,0.000000,0.802045,0.702214,0.393556,-0.581566,0.811378,0.000000,0.000000,0.000000,65535.000000,0.000000,0.000000,4.648686,1.569138,4.648686,1.569138,0.000000,0.000000,1.000000
5320.000000,4.642847,1.573638,-0.583870,0.450085,0.000000,0.000000,0.000000,0.000000,0.000000,1.137485,0.718269,0.433335,-0.572828,2.166397,0.000000,0.000000,0.000000,65535.000000,0.000000,0.000000,4.642847,1.573638,4.642847,1.573638,0.000000,0.000000,1.000000
5330.000000,4.637182,1.578027,-0.566464,0.438856,0.000000,0.000000,0.000000,0.000000,0.000000,1.137485,0.737211,0.449908,-0.584006,2.120414,0.000000,0.000000,0.000000,65535.000000,0.000000,0.000000,4.637182,1.578027,4.637182,1.578027,0.000000,0.000000,1.000000
5340.000000,4.631583,1.582292,-0.559894,0.426509,0.000000,0.000000,0.000000,0.000000,0.000000,1.137485,0.716572,0.438495,-0.566744,2.076343,0.000000,0.000000,0.000000,65535.000000,0.000000,0.000000,4.631583,1.582292,4.631583,1.582292,0.000000,0.000000,1.000000
5350.000000,4.625910,1.586541,-0.567329,0.424869,0.000000,0.000000,0.000000,0.000000,0.000000,0.421079,0.703841,0.426907,-0.559591,0.135594,0.000000,0.000000,0.000000,65535.000000,0.000000,0.000000,4.625910,1.586541,4.625910,1.586541,0.000000,0.000000,1.000000
5360.000000,4.620093,1.590790,-0.581677,0.424942,0.000000,0.000000,0.000000,0.000000,0.000000,0.344038,0.708785,0.426334,-0.566228,-0.413479,0.000000,0.000000,0.000000,65535.000000,0.000000,0.000000,4.620093,1.590790,4.620093,1.590790,0.000000,0.000000,1.000000
5370.000000,4.614416,1.594930,-0.567709,0.413926,0.000000,0.000000,0.000000,0.000000,0.000000,0.305777,0.720364,0.427291,-0.579954,-0.836315,0.000000,0.000000,0.000000,65535.000000,0.000000,0.000000,4.614416,1.594930,4.614416,1.594930,0.000000,0.000000,1.000000
5380.000000,4.608880,1.599108,-0.553550,0.417829,0.000000,0.000000,0.000000,0.000000,0.000000,0.435733,0.702587,0.416757,-0.565634,-0.556709,0.000000,0.000000,0.000000,65535.000000,0.000000,0.000000,4.608880,1.599108,4.608880,1.599108,0.000000,0.000000,1.000000
5390.000000,4.603445,1.603402,-0.543482,0.429456,0.000000,0.000000,0.000000,0.000000,0.000000,0.450413,0.693541,0.420757,-0.551328,-0.553624,0.000000,0.000000,0.000000,65535.000000,0.000000,0.000000,4.603445,1.603402,4.603445,1.603402,0.000000,0.000000,1.000000
5400.000000,4.598078,1.607827,-0.536701,0.442418,0.000000,0.000000,0.000000,0.000000,0.000000,0.450413,0.692680,0.432372,-0.541165,-0.550573,0.000000,0.000000,0.000000,65535.000000,0.000000,0.000000,4.598078,1.607827,4.598078,1.607827,0.000000,0.000000,1.000000
5410.000000,4.592804,1.612314,-0.527427,0.448769,0.000000,0.000000,0.000000,0.000000,0.000000,0.368545,0.695544,0.445391,-0.534236,-0.782201,0.000000,0.000000,0.000000,65535.000000,0.000000,0.000000,4.592804,1.612314,4.592804,1.612314,0.000000,0.000000,1.000000
5420.000000,4.587619,1.616859,-0.518506,0.454524,0.000000,0.000000,0.000000,0.000000,0.000000,0.195552,0.692512,0.451423,-0.525157,-1.272396,0.000000,0.000000,0.000000,65535.000000,0.000000,0.000000,4.587619,1.616859,4.587619,1.616859,0.000000,0.000000,1.000000
5430.000000,4.582582,1.621425,-0.503681,0.456522,0.000000,0.000000,0.000000,0.000000,0.000000,0.073638,0.689522,0.456435,-0.516825,-1.601826,0.000000,0.000000,0.000000,65535.000000,0.000000,0.000000,4.582582,1.621425,4.582582,1.621425,0.000000,0.000000,1.000000
5440.000000,4.577634,1.626078,-0.494809,0.465337,0.000000,0.000000,0.000000,0.000000,0.000000,0.248502,0.679785,0.457549,-0.502748,-1.081791,0.000000,0.000000,0.000000,65535.000000,0.000000,0.000000,4.577634,1.626078,4.577634,1.626078,0.000000,0.000000,1.000000
5450.000000,4.572771,1.630775,-0.486276,0.469716,0.000000,0.000000,0.000000,0.000000,0.000000,0.276246,0.679246,0.466084,-0.494105,-0.991922,0.000000,0.000000,0.000000,65535.000000,0.000000,0.000000,4.572771,1.630775,4.572771,1.630775,0.000000,0.000000,1.000000
5460.000000,4.567889,1.635562,-0.488212,0.478664,0.000000,0.000000,0.000000,0.000000,0.000000,0.276246,0.676090,0.470671,-0.485352,-0.982170,0.000000,0.000000,0.000000,65535.000000,0.000000,0.000000,4.567889,1.635562,4.567889,1.635562,0.000000,0.000000,1.000000
5470.000000,4.563051,1.640326,-0.483794,0.476400,0.000000,0.000000,0.000000,0.000000,0.000000,0.274604,0.683718,0.480029,-0.486870,-0.977315,0.000000,0.000000,0.000000,65535.000000,0.000000,0.000000,4.563051,1.640326,4.563051,1.640326,0.000000,0.000000,1.000000
5480.000000,4.558255,1.645051,-0.479539,0.472555,0.000000,0.000000,0.000000,0.000000,0.000000,0.191590,0.678980,0.477924,-0.482288,-1.202629,0.000000,0.000000,0.000000,65535.000000,0.000000,0.000000,4.558255,1.645051,4.558255,1.645051,0.000000,0.000000,1.000000
5490.000000,4.553534,1.649707,-0.472133,0.465584,0.000000,0.000000,0.000000,0.000000,0.000000,0.283381,0.673251,0.474015,-0.478097,-0.925249,0.000000,0.000000,0.000000,65535.000000,0.000000,0.000000,4.553534,1.649707,4.553534,1.649707,0.000000,0.000000,1.000000
5500.000000,4.548831,1.654373,-0.470345,0.466543,0.000000,0.000000,0.000000,0.000000,0.000000,0.237605,0.663082,0.467035,-0.470698,-0.746201,0.000000,0.000000,0.000000,65535.000000,0.000000,0.000000,4.548831,1.654373,4.548831,1.654373,0.000000,0.000000,1.000000
5510.000000,4.544110,1.659083,-0.472070,0.470995,0.000000,0.000000,0.000000,0.000000,0.000000,0.240415,0.662485,0.467983,-0.468912,-0.740668,0.000000,0.000000,0.000000,65535.000000,0.000000,0.000000,4.544110,1.659083,4.544110,1.659083,0.000000,0.000000,1.000000
5520.000000,4.539392,1.663858,-0.471832,0.477591,0.000000,0.000000,0.000000,0.000000,0.000000,0.540090,0.666848,0.472491,-0.470573,0.533944,0.000000,0.000000,0.000000,65535.000000,0.000000,0.000000,4.539392,1.663858,4.539392,1.663858,0.000000,0.000000,1.000000
5530.000000,4.534730,1.668597,-0.466135,0.473820,0.000000,0.000000,0.000000,0.000000,0.000000,0.575585,0.671356,0.479184,-0.470214,0.694817,0.000000,0.000000,0.000000,65535.000000,0.000000,0.000000,4.534730,1.668597,4.534730,1.668597,0.000000,0.000000,1.000000
5540.000000,4.530078,1.673301,-0.465135,0.470437,0.000000,0.000000,0.000000,0.000000,0.000000,0.575585,0.664670,0.475443,-0.464479,0.773498,0.000000,0.000000,0.000000,65535.000000,0.000000,0.000000,4.530078,1.673301,4.530078,1.673301,0.000000,0.000000,1.000000
5550.000000,4.525362,1.678061,-0.471575,0.476056,0.000000,0.000000,0.000000,0.000000,0.000000,0.535453,0.661560,0.471837,-0.463715,0.767555,0.000000,0.000000,0.000000,65535.000000,0.000000,0.000000,4.525362,1.678061,4.525362,1.678061,0.000000,0.000000,1.000000
5560.000000,4.520600,1.682889,-0.476274,0.482730,0.000000,0.000000,0.000000,0.000000,0.000000,0.511418,0.670084,0.477474,-0.470139,0.320603,0.000000,0.000000,0.000000,65535.000000,0.000000,0.000000,4.520600,1.682889,4.520600,1.682889,0.000000,0.000000,1.000000
5570.000000,4.515917,1.687598,-0.468320,0.470923,0.000000,0.000000,0.000000,0.000000,0.000000,0.570543,0.678133,0.484206,-0.474772,0.350509,0.000000,0.000000,0.000000,65535.000000,0.000000,0.000000,4.515917,1.687598,4.515917,1.687598,0.000000,0.000000,1.000000
5580.000000,4.511236,1.692269,-0.468119,0.467080,0.000000,0.000000,0.000000,0.000000,0.000000,0.570543,0.664148,0.472638,-0.466589,0.349283,0.000000,0.000000,0.000000,65535.000000,0.000000,0.000000,4.511236,1.692269,4.511236,1.692269,0.000000,0.000000,1.000000
5590.000000,4.506531,1.696932,-0.470437,0.466305,0.000000,0.000000,0.000000,0.000000,0.000000,0.539683,0.661286,0.468807,-0.466389,0.133640,0.000000,0.000000,0.000000,65535.000000,0.000000,0.000000,4.506531,1.696932,4.506531,1.696932,0.000000,0.000000,1.000000
5600.000000,4.501742,1.701654,-0.478888,0.472232,0.000000,0.000000,0.000000,0.000000,0.000000,0.432217,0.662383,0.468417,-0.468334,-0.541486,0.000000,0.000000,0.000000,65535.000000,0.000000,0.000000,4.501742,1.701654,4.501742,1.701654,0.000000,0.000000,1.000000
5610.000000,4.496842,1.706434,-0.490063,0.477987,0.000000,0.000000,0.000000,0.000000,0.000000,0.201647,0.672560,0.474720,-0.476422,-1.226076,0.000000,0.000000,0.000000,65535.000000,0.000000,0.000000,4.496842,1.706434,4.496842,1.706434,0.000000,0.000000,1.000000
5620.000000,4.491927,1.711209,-0.491462,0.477547,0.000000,0.000000,0.000000,0.000000,0.000000,0.140743,0.684568,0.481207,-0.486901,-1.391245,0.000000,0.000000,0.000000,65535.000000,0.000000,0.000000,4.491927,1.711209,4.491927,1.711209,0.000000,0.000000,1.000000
5630.000000,4.487093,1.715963,-0.483422,0.475307,0.000000,0.000000,0.000000,0.000000,0.000000,0.210621,0.685263,0.481264,-0.487822,-1.163625,0.000000,0.000000,0.000000,65535.000000,0.000000,0.000000,4.487093,1.715963,4.487093,1.715963,0.000000,0.000000,1.000000
5640.000000,4.482228,1.720756,-0.486528,0.479376,0.000000,0.000000,0.000000,0.000000,0.000000,0.225142,0.677948,0.479337,-0.479426,-1.107798,0.000000,0.000000,0.000000,65535.000000,0.000000,0.000000,4.482228,1.720756,4.482228,1.720756,0.000000,0.000000,1.000000
5650.000000,4.477304,1.725497,-0.492424,0.474075,0.000000,0.000000,0.000000,0.000000,0.000000,0.225142,0.683016,0.483388,-0.482543,-1.095648,0.000000,0.000000,0.000000,65535.000000,0.000000,0.000000,4.477304,1.725497,4.477304,1.725497,0.000000,0.000000,1.000000
5660.000000,4.472265,1.730262,-0.503851,0.476527,0.000000,0.000000,0.000000,0.000000,0.000000,0.222673,0.683541,0.478024,-0.488592,-1.091051,0.000000,0.000000,0.000000,65535.000000,0.000000,0.000000,4.472265,1.730262,4.472265,1.730262,0.000000,0.000000,1.000000
5670.000000,4.467228,1.735113,-0.503632,0.485025,0.000000,0.000000,0.000000,0.000000,0.000000,0.397189,0.693501,0.479964,-0.500578,-0.561696,0.000000,0.000000,0.000000,65535.000000,0.000000,0.000000,4.467228,1.735113,4.467228,1.735113,0.000000,0.000000,1.000000
5680.000000,4.462263,1.740029,-0.496581,0.491599,0.000000,0.000000,0.000000,0.000000,0.000000,0.803498,0.699210,0.487698,-0.501044,0.650371,0.000000,0.000000,0.000000,65535.000000,0.000000,0.000000,4.462263,1.740029,4.462263,1.740029,0.000000,0.000000,1.000000
5690.000000,4.457311,1.744865,-0.495146,0.483650,0.000000,0.000000,0.000000,0.000000,0.000000,0.825791,0.698758,0.493755,-0.494437,0.712137,0.000000,0.000000,0.000000,65535.000000,0.000000,0.000000,4.457311,1.744865,4.457311,1.744865,0.000000,0.000000,1.000000
5700.000000,4.452137,1.749707,-0.517486,0.484164,0.000000,0.000000,0.000000,0.000000,0.000000,0.825791,0.692162,0.485698,-0.493138,0.707096,0.000000,0.000000,0.000000,65535.000000,0.000000,0.000000,4.452137,1.749707,4.452137,1.749707,0.000000,0.000000,1.000000
5710.000000,4.446796,1.754564,-0.534029,0.485720,0.000000,0.000000,0.000000,0.000000,0.000000,0.784751,0.708665,0.485985,-0.515776,0.009734,0.000000,0.000000,0.000000,65535.000000,0.000000,0.000000,4.446796,1.754564,4.446796,1.754564,0.000000,0.000000,1.000000
5720.000000,4.441364,1.759531,-0.543279,0.496673,0.000000,0.000000,0.000000,0.000000,0.000000,0.519635,0.721880,0.487469,-0.532433,-0.223475,0.000000,0.000000,0.000000,65535.000000,0.000000,0.000000,4.441364,1.759531,4.441364,1.759531,0.000000,0.000000,1.000000
5730.000000,4.436011,1.764446,-0.535247,0.491547,0.000000,0.000000,0.000000,0.000000,0.000000,0.519635,0.736095,0.498848,-0.541282,-0.222977,0.000000,0.000000,0.000000,65535.000000,0.000000,0.000000,4.436011,1.764446,4.436011,1.764446,0.000000,0.000000,1.000000
5740.000000,4.430511,1.769418,-0.550001,0.497188,0.000000,0.000000,0.000000,0.000000,0.000000,0.519635,0.726710,0.494059,-0.532929,-0.222480,0.000000,0.000000,0.000000,65535.000000,0.000000,0.000000,4.430511,1.769418,4.430511,1.769418,0.000000,0.000000,1.000000
5750.000000,4.424787,1.774468,-0.572447,0.504993,0.000000,0.000000,0.000000,0.000000,0.000000,0.491354,0.741416,0.499623,-0.547790,-0.309462,0.000000,0.000000,0.000000,65535.000000,0.000000,0.000000,4.424787,1.774468,4.424787,1.774468,0.000000,0.000000,1.000000
5760.000000,4.418671,1.779691,-0.611597,0.522355,0.000000,0.000000,0.000000,0.000000,0.000000,0.834582,0.763356,0.506965,-0.570700,0.181167,0.000000,0.000000,0.000000,65535.000000,0.000000,0.000000,4.418671,1.779691,4.418671,1.779691,0.000000,0.000000,1.000000
5770.000000,4.412360,1.784922,-0.631086,0.523047,0.000000,0.000000,0.000000,0.000000,0.000000,0.729517,0.804304,0.523904,-0.610271,0.180839,0.000000,0.000000,0.000000,65535.000000,0.000000,0.000000,4.412360,1.784922,4.412360,1.784922,0.000000,0.000000,1.000000
5780.000000,4.405707,1.790287,-0.665282,0.536566,0.000000,0.000000,0.000000,0.000000,0.000000,0.631100,0.819663,0.523836,-0.630431,0.793767,0.000000,0.000000,0.000000,65535.000000,0.000000,0.000000,4.405707,1.790287,4.405707,1.790287,0.000000,0.000000,1.000000
5790.000000,4.399342,1.795237,-0.636596,0.494980,0.000000,0.000000,0.000000,0.000000,0.000000,0.668084,0.854694,0.536225,-0.665556,0.787510,0.000000,0.000000,0.000000,65535.000000,0.000000,0.000000,4.399342,1.795237,4.399342,1.795237,0.000000,0.000000,1.000000
5800.000000,4.393042,1.799939,-0.629996,0.470187,0.000000,0.000000,0.000000,0.000000,0.000000,0.668084,0.889004,0.550375,-0.698152,0.781351,0.000000,0.000000,0.000000,65535.000000,0.000000,0.000000,4.393042,1.799939,4.393042,1.799939,0.000000,0.000000,1.000000
5810.000000,4.386637,1.804418,-0.640438,0.447881,0.000000,0.000000,0.000000,0.000000,0.000000,0.595411,0.923569,0.562333,-0.732640,-0.085590,0.000000,0.000000,0.000000,65535.000000,0.000000,0.000000,4.386637,1.804418,4.386637,1.804418,0.000000,0.000000,1.000000
5820.000000,4.380112,1.808694,-0.652483,0.427636,0.000000,0.000000,0.000000,0.000000,0.000000,0.549547,0.943701,0.556591,-0.762087,-0.571079,0.000000,0.000000,0.000000,65535.000000,0.000000,0.000000,4.380112,1.808694,4.380112,1.808694,0.000000,0.000000,1.000000
5830.000000,4.373772,1.812620,-0.634016,0.392540,0.000000,0.000000,0.000000,0.000000,0.000000,0.262833,0.964587,0.551757,-0.791197,-0.567833,0.000000,0.000000,0.000000,65535.000000,0.000000,0.000000,4.373772,1.812620,4.373772,1.812620,0.000000,0.000000,1.000000
5840.000000,4.367260,1.816592,-0.651269,0.397246,0.000000,0.000000,0.000000,0.000000,0.000000,0.574661,0.976289,0.549443,-0.807002,0.181330,0.000000,0.000000,0.000000,65535.000000,0.000000,0.000000,4.367260,1.816592,4.367260,1.816592,0.000000,0.000000,1.000000
5850.000000,4.360535,1.820684,-0.672416,0.409159,0.000000,0.000000,0.000000,0.000000,0.000000,0.580690,1.015606,0.569612,-0.840831,0.181001,0.000000,0.000000,0.000000,65535.000000,0.000000,0.000000,4.360535,1.820684,4.360535,1.820684,0.000000,0.000000,1.000000
5860.000000,4.353481,1.824939,-0.705396,0.425533,0.000000,0.000000,0.000000,0.000000,0.000000,0.723243,1.027044,0.571528,-0.853331,0.421106,0.000000,0.000000,0.000000,65535.000000,0.000000,0.000000,4.353481,1.824939,4.353481,1.824939,0.000000,0.000000,1.000000
5870.000000,4.346212,1.829144,-0.726887,0.420493,0.000000,0.000000,0.000000,0.000000,0.000000,1.087337,1.053787,0.579247,-0.880306,1.625749,0.000000,0.000000,0.000000,65535.000000,0.000000,0.000000,4.346212,1.829144,4.346212,1.829144,0.000000,0.000000,1.000000
5880.000000,4.338423,1.833371,-0.778908,0.422699,0.000000,0.000000,0.000000,0.000000,0.000000,1.845729,1.080638,0.580715,-0.911344,4.049765,0.000000,0.000000,0.000000,65535.000000,0.000000,0.000000,4.338423,1.833371,4.338423,1.833371,0.000000,0.000000,1.000000
5890.000000,4.330020,1.837781,-0.840311,0.440985,0.000000,0.000000,0.000000,0.000000,0.000000,2.488683,1.140282,0.592085,-0.974515,6.788404,0.000000,0.000000,0.000000,65535.000000,0.000000,0.000000,4.330020,1.837781,4.330020,1.837781,0.000000,0.000000,1.000000
5900.000000,4.320907,1.842306,-0.911309,0.452510,0.000000,0.000000,0.000000,0.000000,0.000000,2.652267,1.176472,0.591869,-1.016749,8.395723,0.000000,0.000000,0.000000,65535.000000,0.000000,0.000000,4.320907,1.842306,4.320907,1.842306,0.000000,0.000000,1.000000
5910.000000,4.311535,1.846520,-0.937158,0.421433,0.000000,0.000000,0.000000,0.000000,0.000000,2.652267,1.221968,0.588465,-1.070941,7.961663,0.000000,0.000000,0.000000,65535.000000,0.000000,0.000000,4.311535,1.846520,4.311535,1.846520,0.000000,0.000000,1.000000
5920.000000,4.302599,1.850161,-0.893526,0.364039,0.000000,0.000000,0.000000,0.000000,0.000000,2.595047,1.237834,0.563477,-1.102147,7.373983,0.000000,0.000000,0.000000,65535.000000,0.000000,0.000000,4.302599,1.850161,4.302599,1.850161,0.000000,0.000000,1.000000
5930.000000,4.294379,1.853214,-0.822039,0.305306,0.000000,0.000000,0.000000,0.000000,0.000000,1.948795,1.206386,0.527853,-1.084775,5.971887,0.000000,0.000000,0.000000,65535.000000,0.000000,0.000000,4.294379,1.853214,4.294379,1.853214,0.000000,0.000000,1.000000
5940.000000,4.286462,1.855952,-0.791693,0.273833,0.000000,0.000000,0.000000,0.000000,0.000000,1.669818,1.136475,0.481773,-1.029306,4.298686,0.000000,0.000000,0.000000,65535.000000,0.000000,0.000000,4.286462,1.855952,4.286462,1.855952,0.000000,0.000000,1.000000
5950.000000,4.278457,1.858658,-0.800530,0.270583,0.000000,0.000000,0.000000,0.000000,0.000000,1.668478,1.115596,0.463948,-1.014547,3.461268,0.000000,0.000000,0.000000,65535.000000,0.000000,0.000000,4.278457,1.858658,4.278457,1.858658,0.000000,0.000000,1.000000
5960.000000,4.270144,1.861668,-0.831319,0.300981,0.000000,0.000000,0.000000,0.000000,0.000000,1.171156,1.140158,0.471976,-1.037882,0.857085,0.000000,0.000000,0.000000,65535.000000,0.000000,0.000000,4.270144,1.861668,4.270144,1.861668,0.000000,0.000000,1.000000
5970.000000,4.261844,1.864797,-0.830010,0.312941,0.000000,0.000000,0.000000,0.000000,0.000000,1.356092,1.180470,0.499803,-1.069442,1.253491,0.000000,0.000000,0.000000,65535.000000,0.000000,0.000000,4.261844,1.864797,4.261844,1.864797,0.000000,0.000000,1.000000
5980.000000,4.253100,1.868094,-0.874318,0.329714,0.000000,0.000000,0.000000,0.000000,0.000000,1.356092,1.186172,0.512964,-1.069519,1.237958,0.000000,0.000000,0.000000,65535.000000,0.000000,0.000000,4.253100,1.868094,4.253100,1.868094,0.000000,0.000000,1.000000
5990.000000,4.243762,1.871558,-0.933891,0.346411,0.000000,0.000000,0.000000,0.000000,0.000000,1.356092,1.241362,0.534129,-1.120574,1.222806,0.000000,0.000000,0.000000,65535.000000,0.000000,0.000000,4.243762,1.871558,4.243762,1.871558,0.000000,0.000000,1.000000
6000.000000,4.233947,1.874996,-0.981488,0.343788,0.000000,0.000000,0.000000,0.000000,0.000000,1.089828,1.284366,0.534694,-1.167775,0.629158,0.000000,0.000000,0.000000,65535.000000,0.000000,0.000000,4.233947,1.874996,4.233947,1.874996,0.000000,0.000000,1.000000
6010.000000,4.224502,1.877838,-0.944511,0.284190,0.000000,0.000000,0.000000,0.000000,0.000000,0.501820,1.310768,0.517377,-1.204339,-0.673220,0.000000,0.000000,0.000000,65535.000000,0.000000,0.000000,4.224502,1.877838,4.224502,1.877838,0.000000,0.000000,1.000000
6020.000000,4.215379,1.880278,-0.912270,0.244024,0.000000,0.000000,0.000000,0.000000,0.000000,0.503737,1.295260,0.487771,-1.199907,-0.661703,0.000000,0.000000,0.000000,65535.000000,0.000000,0.000000,4.215379,1.880278,4.215379,1.880278,0.000000,0.000000,1.000000
6030.000000,4.206090,1.882711,-0.928875,0.243226,0.000000,0.000000,0.000000,0.000000,0.000000,0.896189,1.281740,0.470247,-1.192361,0.216097,0.000000,0.000000,0.000000,65535.000000,0.000000,0.000000,4.206090,1.882711,4.206090,1.882711,0.000000,0.000000,1.000000
6040.000000,4.196620,1.885289,-0.946998,0.257823,0.000000,0.000000,0.000000,0.000000,0.000000,1.150957,1.292521,0.464067,-1.206338,0.427019,0.000000,0.000000,0.000000,65535.000000,0.000000,0.000000,4.196620,1.885289,4.196620,1.885289,0.000000,0.000000,1.000000
6050.000000,4.187301,1.887969,-0.931912,0.268056,0.000000,0.000000,0.000000,0.000000,0.000000,1.150838,1.337203,0.494293,-1.242492,0.425202,0.000000,0.000000,0.000000,65535.000000,0.000000,0.000000,4.187301,1.887969,4.187301,1.887969,0.000000,0.000000,1.000000
6060.000000,4.177629,1.891072,-0.967223,0.310241,0.000000,0.000000,0.000000,0.000000,0.000000,0.633756,1.346430,0.520049,-1.241943,0.372851,0.000000,0.000000,0.000000,65535.000000,0.000000,0.000000,4.177629,1.891072,4.177629,1.891072,0.000000,0.000000,1.000000
6070.000000,4.167364,1.894688,-1.026477,0.361623,0.000000,0.000000,0.000000,0.000000,0.000000,0.633160,1.366521,0.539788,-1.255392,0.350336,0.000000,0.000000,0.000000,65535.000000,0.000000,0.000000,4.167364,1.894688,4.167364,1.894688,0.000000,0.000000,1.000000
6080.000000,4.156411,1.898825,-1.095314,0.413724,0.000000,0.000000,0.000000,0.000000,0.000000,0.597397,1.396024,0.555179,-1.280882,0.135955,0.000000,0.000000,0.000000,65535.000000,0.000000,0.000000,4.156411,1.898825,4.156411,1.898825,0.000000,0.000000,1.000000
6090.000000,4.144965,1.903236,-1.144537,0.441035,0.000000,0.000000,0.000000,0.000000,0.000000,0.694692,1.438917,0.574443,-1.319280,0.503693,0.000000,0.000000,0.000000,65535.000000,0.000000,0.000000,4.144965,1.903236,4.144965,1.903236,0.000000,0.000000,1.000000
6100.000000,4.133459,1.907516,-1.150585,0.428032,0.000000,0.000000,0.000000,0.000000,0.000000,0.710388,1.452567,0.568606,-1.336652,0.555058,0.000000,0.000000,0.000000,65535.000000,0.000000,0.000000,4.133459,1.907516,4.133459,1.907516,0.000000,0.000000,1.000000
6110.000000,4.122371,1.911264,-1.108813,0.374790,1.000000,1.000000,1.000000,3.000000,2.000000,1.911580,1.442523,0.546704,-1.334911,2.328387,0.000000,0.000000,0.000000,65535.000000,0.000000,0.000000,4.122371,1.911264,4.122371,1.911264,0.000000,0.000000,1.000000
6120.000000,4.112008,1.914269,-1.036360,0.300495,1.000000,1.000000,1.000000,3.000000,2.000000,2.524720,1.402122,0.507740,-1.306961,2.275355,1.000000,0.000000,1.000000,5.000000,4.122371,1.911264,4.000000,2.000000,4.000000,2.000000,0.022849,1.000000,1.000000
6130.000000,3.990469,2.002553,-0.953160,0.255328,1.000000,1.000000,1.000000,3.000000,2.000000,1.658514,1.352280,0.468770,-1.268431,1.857379,0.000000,0.000000,1.000000,5.000000,4.122371,1.911264,3.990469,2.002553,3.990469,2.002553,0.022849,1.000000,1.000000
6140.000000,3.981376,2.005205,-0.909265,0.265227,1.000000,1.000000,1.000000,3.000000,2.000000,2.268016,1.298281,0.455309,-1.215824,3.170933,0.000000,0.000000,1.000000,5.000000,4.122371,1.911264,3.981376,2.005205,3.981376,2.005205,0.022849,1.000000,1.000000
6150.000000,3.972218,2.008259,-0.915828,0.305376,1.000000,1.000000,1.000000,3.000000,2.000000,2.584193,1.289847,0.488262,-1.193862,3.741793,0.000000,0.000000,1.000000,5.000000,4.122371,1.911264,3.972218,2.008259,3.972218,2.008259,0.022849,1.000000,1.000000
6160.000000,3.962419,2.011964,-0.979912,0.370482,1.000000,1.000000,1.000000,3.000000,2.000000,2.584193,1.309884,0.527467,-1.198989,3.606702,0.000000,0.000000,1.000000,5.000000,4.122371,1.911264,3.962419,2.011964,3.962419,2.011964,0.022849,1.000000,1.000000
6170.000000,3.952160,2.016329,-1.025869,0.436536,1.000000,1.000000,1.000000,3.000000,2.000000,2.584193,1.295040,0.519482,-1.186283,3.481026,0.000000,0.000000,1.000000,5.000000,4.122371,1.911264,3.952160,2.016329,3.952160,2.016329,0.022849,1.000000,1.000000
6180.000000,3.941895,2.019961,-1.026547,0.363165,1.000000,1.000000,1.000000,3.000000,2.000000,2.510832,1.191183,0.465511,-1.096456,3.217521,0.000000,0.000000,1.000000,5.000000,4.122371,1.911264,3.941895,2.019961,3.941895,2.019961,0.022849,1.000000,1.000000
6190.000000,3.931699,2.022457,-1.019559,0.249647,1.000000,1.000000,1.000000,3.000000,2.000000,1.947059,1.141819,0.386576,-1.074388,1.901683,0.000000,0.000000,1.000000,5.000000,4.122371,1.911264,3.931699,2.022457,3.931699,2.022457,0.022849,1.000000,1.000000
6200.000000,3.920697,2.024336,-1.100171,0.187884,1.000000,1.000000,1.000000,3.000000,2.000000,2.806747,1.140059,0.313904,-1.095992,3.347959,0.000000,0.000000,1.000000,5.000000,4.122371,1.911264,3.920697,2.024336,3.920697,2.024336,0.022849,1.000000,1.000000
6210.000000,3.908732,2.026096,-1.196524,0.175985,1.000000,1.000000,1.000000,3.000000,2.000000,2.948173,1.171718,0.235262,-1.147857,3.239397,0.000000,0.000000,1.000000,5.000000,4.122371,1.911264,3.908732,2.026096,3.908732,2.026096,0.022849,1.000000,1.000000
6220.000000,3.896551,2.028070,-1.218064,0.197381,1.000000,1.000000,1.000000,3.000000,2.000000,2.515683,1.191295,0.170620,-1.179013,3.287660,0.000000,0.000000,1.000000,5.000000,4.122371,1.911264,3.896551,2.028070,3.896551,2.028070,0.022849,1.000000,1.000000
6230.000000,3.884374,2.030419,-1.217773,0.234889,0.000000,1.000000,0.000000,3.000000,2.000000,2.629076,1.170259,0.162988,-1.158853,3.182911,0.000000,0.000000,1.000000,5.000000,4.122371,1.911264,3.884374,2.030419,3.884374,2.030419,0.022849,1.000000,1.000000
6240.000000,3.871566,2.033387,-1.280727,0.296874,0.000000,1.000000,0.000000,3.000000,2.000000,2.629076,1.149038,0.189051,-1.133379,3.084632,0.000000,0.000000,1.000000,5.000000,4.122371,1.911264,3.871566,2.033387,3.871566,2.033387,0.022849,1.000000,1.000000
6250.000000,3.858028,2.037052,-1.353870,0.366443,0.000000,1.000000,0.000000,3.000000,2.000000,1.673743,1.180325,0.229915,-1.157716,2.376501,0.000000,0.000000,1.000000,5.000000,4.122371,1.911264,3.858028,2.037052,3.858028,2.037052,0.022849,1.000000,1.000000
6260.000000,3.844773,2.041409,-1.325513,0.435668,0.000000,1.000000,0.000000,3.000000,2.000000,1.248230,1.201473,0.261547,-1.172659,1.040743,0.000000,0.000000,1.000000,5.000000,4.122371,1.911264,3.844773,2.041409,3.844773,2.041409,0.022849,1.000000,1.000000
6270.000000,3.831834,2.046203,-1.293843,0.479451,0.000000,1.000000,0.000000,3.000000,2.000000,1.316190,1.175653,0.328729,-1.128759,0.793448,0.000000,0.000000,1.000000,5.000000,4.122371,1.911264,3.831834,2.046203,3.831834,2.046203,0.022849,1.000000,1.000000
6280.000000,3.819049,2.051233,-1.278470,0.502989,0.000000,1.000000,0.000000,3.000000,2.000000,1.808628,1.118174,0.348389,-1.062515,2.903023,0.000000,0.000000,1.000000,5.000000,4.122371,1.911264,3.819049,2.051233,3.819049,2.051233,0.022849,1.000000,1.000000
6290.000000,3.806799,2.056438,-1.225049,0.520496,0.000000,1.000000,0.000000,3.000000,2.000000,2.296010,1.040984,0.319243,-0.990824,3.419523,0.000000,0.000000,1.000000,5.000000,4.122371,1.911264,3.806799,2.056438,3.806799,2.056438,0.022849,1.000000,1.000000
6300.000000,3.795278,2.061608,-1.152087,0.517036,0.000000,1.000000,0.000000,3.000000,2.000000,2.761801,0.968181,0.250971,-0.935087,3.306349,0.000000,0.000000,1.000000,5.000000,4.122371,1.911264,3.795278,2.061608,3.795278,2.061608,0.022849,1.000000,1.000000
6310.000000,3.784106,2.066444,-1.117187,0.483612,0.000000,1.000000,0.000000,3.000000,2.000000,2.761801,0.912407,0.235222,-0.881565,3.200426,0.000000,0.000000,1.000000,5.000000,4.122371,1.911264,3.784106,2.066444,3.784106,2.066444,0.022849,1.000000,1.000000
6320.000000,3.773771,2.070842,-1.033572,0.439734,0.000000,1.000000,0.000000,3.000000,2.000000,2.441763,0.870087,0.269385,-0.827334,2.089090,0.000000,0.000000,1.000000,5.000000,4.122371,1.911264,3.773771,2.070842,3.773771,2.070842,0.022849,1.000000,1.000000
6330.000000,3.764455,2.074716,-0.931555,0.387444,0.000000,1.000000,0.000000,3.000000,2.000000,1.968609,0.876618,0.294287,-0.825744,0.942099,0.000000,0.000000,1.000000,5.000000,4.122371,1.911264,3.764455,2.074716,3.764455,2.074716,0.022849,1.000000,1.000000
6340.000000,3.755693,2.078328,-0.876237,0.361185,0.000000,1.000000,0.000000,3.000000,2.000000,1.970529,0.851096,0.301726,-0.795818,1.274686,0.000000,0.000000,1.000000,5.000000,4.122371,1.911264,3.755693,2.078328,3.755693,2.078328,0.022849,1.000000,1.000000
6350.000000,3.747040,2.082030,-0.865304,0.370134,0.000000,1.000000,0.000000,3.000000,0.000000,1.970529,0.870965,0.332463,-0.805014,1.258627,0.000000,0.000000,1.000000,5.000000,4.122371,1.911264,3.747040,2.082030,3.747040,2.082030,0.022849,1.000000,1.000000
6360.000000,3.738280,2.086028,-0.875967,0.399801,0.000000,1.000000,0.000000,3.000000,0.000000,1.817926,0.934071,0.391899,-0.847882,1.035086,0.000000,0.000000,1.000000,5.000000,4.122371,1.911264,3.738280,2.086028,3.738280,2.086028,0.022849,1.000000,1.000000
6370.000000,3.729578,2.090276,-0.870166,0.424779,0.000000,1.000000,0.000000,3.000000,0.000000,1.147948,0.997611,0.451944,-0.889368,-0.023994,0.000000,0.000000,1.000000,5.000000,4.122371,1.911264,3.729578,2.090276,3.729578,2.090276,0.022849,1.000000,1.000000
6380.000000,3.721163,2.094305,-0.841536,0.402975,0.000000,1.000000,0.000000,3.000000,0.000000,1.528152,0.968311,0.450867,-0.856939,0.577961,0.000000,0.000000,1.000000,5.000000,4.122371,1.911264,3.721163,2.094305,3.721163,2.094305,0.022849,1.000000,1.000000
6390.000000,3.712622,2.098053,-0.854072,0.374744,0.000000,1.000000,0.000000,3.000000,0.000000,1.542286,0.933045,0.427307,-0.829447,0.596884,0.000000,0.000000,1.000000,5.000000,4.122371,1.911264,3.712622,2.098053,3.712622,2.098053,0.022849,1.000000,1.000000
6400.000000,3.703873,2.101995,-0.874935,0.394284,0.000000,1.000000,0.000000,3.000000,0.000000,1.542286,0.932670,0.397793,-0.843584,0.593338,0.000000,0.000000,1.000000,5.000000,4.122371,1.911264,3.703873,2.101995,3.703873,2.101995,0.022849,1.000000,1.000000
6410.000000,3.695031,2.106363,-0.884200,0.436715,0.000000,1.000000,0.000000,3.000000,0.000000,1.424449,0.959672,0.416310,-0.864671,0.400533,0.000000,0.000000,1.000000,5.000000,4.122371,1.911264,3.695031,2.106363,3.695031,2.106363,0.022849,1.000000,1.000000
6420.000000,3.686070,2.111235,-0.896079,0.487215,0.000000,1.000000,0.000000,3.000000,0.000000,0.738341,0.986169,0.457773,-0.873483,-0.708966,0.000000,0.000000,1.000000,5.000000,4.122371,1.911264,3.686070,2.111235,3.686070,2.111235,0.022849,1.000000,1.000000
6430.000000,3.677595,2.115978,-0.847573,0.474334,0.000000,1.000000,0.000000,3.000000,0.000000,1.167546,1.019969,0.508093,-0.884408,-0.006558,0.000000,0.000000,1.000000,5.000000,4.122371,1.911264,3.677595,2.115978,3.677595,2.115978,0.022849,1.000000,1.000000
6440.000000,3.669026,2.121015,-0.856853,0.503732,0.000000,1.000000,0.000000,3.000000,0.000000,1.778556,1.039947,0.542915,-0.886980,0.987705,0.000000,0.000000,1.000000,5.000000,4.122371,1.911264,3.669026,2.121015,3.669026,2.121015,0.022849,1.000000,1.000000
6450.000000,3.660383,2.126459,-0.864290,0.544329,0.000000,1.000000,0.000000,3.000000,0.000000,1.864722,1.057738,0.569529,-0.891316,0.978035,0.000000,0.000000,1.000000,5.000000,4.122371,1.911264,3.660383,2.126459,3.660383,2.126459,0.022849,1.000000,1.000000
6460.000000,3.651328,2.132498,-0.905527,0.603906,0.000000,1.000000,0.000000,3.000000,0.000000,1.548837,1.050472,0.585871,-0.871922,0.968553,0.000000,0.000000,1.000000,5.000000,4.122371,1.911264,3.651328,2.132498,3.651328,2.132498,0.022849,1.000000,1.000000
6470.000000,3.642077,2.138770,-0.925086,0.627267,0.000000,1.000000,0.000000,3.000000,0.000000,0.981764,1.077106,0.618148,-0.882071,0.342391,0.000000,0.000000,1.000000,5.000000,4.122371,1.911264,3.642077,2.138770,3.642077,2.138770,0.022849,1.000000,1.000000
6480.000000,3.632990,2.144825,-0.908675,0.605507,0.000000,1.000000,0.000000,3.000000,0.000000,0.981764,1.090035,0.630770,-0.888991,0.327081,0.000000,0.000000,1.000000,5.000000,4.122371,1.911264,3.632990,2.144825,3.632990,2.144825,0.022849,1.000000,1.000000
6490.000000,3.624294,2.150891,-0.869606,0.606581,0.000000,1.000000,0.000000,3.000000,0.000000,0.898095,1.091938,0.628052,-0.893241,-0.488256,0.000000,0.000000,1.000000,5.000000,4.122371,1.911264,3.624294,2.150891,3.624294,2.150891,0.022849,1.000000,1.000000
6500.000000,3.615744,2.156964,-0.855051,0.607287,0.000000,1.000000,0.000000,3.000000,0.000000,1.127720,1.060262,0.627692,-0.854493,0.303261,0.000000,0.000000,1.000000,5.000000,4.122371,1.911264,3.615744,2.156964,3.615744,2.156964,0.022849,1.000000,1.000000
6510.000000,3.607192,2.163034,-0.855160,0.606982,0.000000,1.000000,0.000000,3.000000,0.000000,1.127720,1.048766,0.627471,-0.840351,0.302344,0.000000,0.000000,1.000000,5.000000,4.122371,1.911264,3.607192,2.163034,3.607192,2.163034,0.022849,1.000000,1.000000
6520.000000,3.598399,2.169077,-0.879286,0.604339,0.000000,1.000000,0.000000,3.000000,0.000000,0.928451,1.048678,0.626026,-0.841318,0.301431,0.000000,0.000000,1.000000,5.000000,4.122371,1.911264,3.598399,2.169077,3.598399,2.169077,0.022849,1.000000,1.000000
6530.000000,3.589802,2.175054,-0.859738,0.597637,0.000000,1.000000,0.000000,3.000000,0.000000,1.037499,1.066944,0.623177,-0.866037,0.520399,0.000000,0.000000,1.000000,5.000000,4.122371,1.911264,3.589802,2.175054,3.589802,2.175054,0.022849,1.000000,1.000000
6540.000000,3.581230,2.181054,-0.857218,0.600010,0.000000,1.000000,0.000000,3.000000,0.000000,1.037499,1.047053,0.616847,-0.846061,0.517702,0.000000,0.000000,1.000000,5.000000,4.122371,1.911264,3.581230,2.181054,3.581230,2.181054,0.022849,1.000000,1.000000
6550.000000,3.572570,2.187009,-0.865974,0.595483,0.000000,1.000000,0.000000,3.000000,0.000000,1.057987,1.046343,0.620158,-0.842757,0.234142,0.000000,0.000000,1.000000,5.000000,4.122371,1.911264,3.572570,2.187009,3.572570,2.187009,0.022849,1.000000,1.000000
6560.000000,3.563212,2.193316,-0.935743,0.630689,0.000000,1.000000,0.000000,3.000000,0.000000,1.057987,1.050957,0.615648,-0.851756,0.069358,0.000000,0.000000,1.000000,5.000000,4.122371,1.911264,3.563212,2.193316,3.563212,2.193316,0.022849,1.000000,1.000000
6570.000000,3.553735,2.199664,-0.947713,0.634885,0.000000,1.000000,0.000000,3.000000,0.000000,1.305580,1.088953,0.624001,-0.892435,0.140526,0.000000,0.000000,1.000000,5.000000,4.122371,1.911264,3.553735,2.199664,3.553735,2.199664,0.022849,1.000000,1.000000
6580.000000,3.543947,2.206373,-0.978838,0.670897,0.000000,1.000000,0.000000,3.000000,0.000000,1.305580,1.090181,0.619971,-0.896734,0.140329,0.000000,0.000000,1.000000,5.000000,4.122371,1.911264,3.543947,2.206373,3.543947,2.206373,0.022849,1.000000,1.000000
6590.000000,3.534026,2.213331,-0.992061,0.695813,0.000000,1.000000,0.000000,3.000000,0.000000,1.155793,1.108563,0.638431,-0.906266,-0.089902,0.000000,0.000000,1.000000,5.000000,4.122371,1.911264,3.534026,2.213331,3.534026,2.213331,0.022849,1.000000,1.000000
6600.000000,3.524522,2.220273,-0.950412,0.694178,0.000000,1.000000,0.000000,3.000000,0.000000,1.437576,1.114695,0.652383,-0.903847,0.417453,0.000000,0.000000,1.000000,5.000000,4.122371,1.911264,3.524522,2.220273,3.524522,2.220273,0.022849,1.000000,1.000000
6610.000000,3.515509,2.227323,-0.901375,0.704925,0.000000,1.000000,0.000000,3.000000,0.000000,1.466982,1.094521,0.659641,-0.873412,0.468396,0.000000,0.000000,1.000000,5.000000,4.122371,1.911264,3.515509,2.227323,3.515509,2.227323,0.022849,1.000000,1.000000
6620.000000,3.506663,2.234613,-0.884581,0.729083,0.000000,1.000000,0.000000,3.000000,0.000000,1.466982,1.070799,0.673257,-0.832668,0.466210,0.000000,0.000000,1.000000,5.000000,4.122371,1.911264,3.506663,2.234613,3.506663,2.234613,0.022849,1.000000,1.000000
6630.000000,3.497774,2.242109,-0.888862,0.749560,0.000000,1.000000,0.000000,3.000000,0.000000,0.901508,1.082146,0.701244,-0.824194,0.125410,0.000000,0.000000,1.000000,5.000000,4.122371,1.911264,3.497774,2.242109,3.497774,2.242109,0.022849,1.000000,1.000000
6640.000000,3.488708,2.249754,-0.906647,0.764535,0.000000,1.000000,0.000000,3.000000,0.000000,0.791279,1.128046,0.740018,-0.851387,-1.001361,0.000000,0.000000,1.000000,5.000000,4.122371,1.911264,3.488708,2.249754,3.488708,2.249754,0.022849,1.000000,1.000000
6650.000000,3.479768,2.257327,-0.893978,0.757206,0.000000,1.000000,0.000000,3.000000,0.000000,1.252432,1.194112,0.783453,-0.901170,-0.591672,0.000000,0.000000,1.000000,5.000000,4.122371,1.911264,3.479768,2.257327,3.479768,2.257327,0.022849,1.000000,1.000000
6660.000000,3.471124,2.264678,-0.864348,0.735098,0.000000,1.000000,0.000000,3.000000,0.000000,1.307974,1.171562,0.770213,-0.882797,-0.588189,0.000000,0.000000,1.000000,5.000000,4.122371,1.911264,3.471124,2.264678,3.471124,2.264678,0.022849,1.000000,1.000000
6670.000000,3.462513,2.271892,-0.861156,0.721479,0.000000,1.000000,0.000000,3.000000,0.000000,1.214176,1.134666,0.748344,-0.852905,1.006149,0.000000,0.000000,1.000000,5.000000,4.122371,1.911264,3.462513,2.271892,3.462513,2.271892,0.022849,1.000000,1.000000
6680.000000,3.453669,2.279150,-0.884402,0.725736,0.000000,1.000000,0.000000,3.000000,0.000000,1.214176,1.123441,0.734917,-0.849716,0.996117,0.000000,0.000000,1.000000,5.000000,4.122371,1.911264,3.453669,2.279150,3.453669,2.279150,0.022849,1.000000,1.000000
6690.000000,3.444776,2.286513,-0.889317,0.736299,0.000000,1.000000,0.000000,3.000000,0.000000,1.214176,1.144054,0.739104,-0.873261,0.986282,0.000000,0.000000,1.000000,5.000000,4.122371,1.911264,3.444776,2.286513,3.444776,2.286513,0.022849,1.000000,1.000000
6700.000000,3.435909,2.294010,-0.886627,0.749731,0.000000,1.000000,0.000000,3.000000,0.000000,0.976700,1.154566,0.748871,-0.878757,-0.537642,0.000000,0.000000,1.000000,5.000000,4.122371,1.911264,3.435909,2.294010,3.435909,2.294010,0.022849,1.000000,1.000000
6710.000000,3.426958,2.301596,-0.895092,0.758616,0.000000,1.000000,0.000000,3.000000,0.000000,1.103408,1.161122,0.761410,-0.876618,0.285758,0.000000,0.000000,1.000000,5.000000,4.122371,1.911264,3.426958,2.301596,3.426958,2.301596,0.022849,1.000000,1.000000
6720.000000,3.417598,2.309377,-0.936002,0.778061,0.000000,1.000000,0.000000,3.000000,0.000000,0.961674,1.173323,0.770418,-0.884954,0.457711,0.000000,0.000000,1.000000,5.000000,4.122371,1.911264,3.417598,2.309377,3.417598,2.309377,0.022849,1.000000,1.000000
6730.000000,3.408169,2.317055,-0.942903,0.767791,0.000000,1.000000,0.000000,3.000000,0.000000,0.961674,1.217160,0.791650,-0.924537,0.455623,0.000000,0.000000,1.000000,5.000000,4.122371,1.911264,3.408169,2.317055,3.408169,2.317055,0.022849,1.000000,1.000000
6740.000000,3.398838,2.324594,-0.933115,0.753974,0.000000,1.000000,0.000000,3.000000,0.000000,0.813534,1.215964,0.783097,-0.930230,-0.078041,0.000000,0.000000,1.000000,5.000000,4.122371,1.911264,3.398838,2.324594,3.398838,2.324594,0.022849,1.000000,1.000000
6750.000000,3.389699,2.331995,-0.913847,0.740075,0.000000,1.000000,0.000000,3.000000,0.000000,0.884543,1.199658,0.769994,-0.919940,0.223586,0.000000,0.000000,1.000000,5.000000,4.122371,1.911264,3.389699,2.331995,3.389699,2.331995,0.022849,1.000000,1.000000
6760.000000,3.380517,2.339446,-0.918226,0.745024,0.000000,1.000000,0.000000,3.000000,0.000000,0.884543,1.175937,0.755407,-0.901214,0.223087,0.000000,0.000000,1.000000,5.000000,4.122371,1.911264,3.380517,2.339446,3.380517,2.339446,0.022849,1.000000,1.000000
6770.000000,3.371509,2.346792,-0.900861,0.734625,0.000000,1.000000,0.000000,3.000000,0.000000,0.741472,1.182455,0.759535,-0.906260,0.009725,0.000000,0.000000,1.000000,5.000000,4.122371,1.911264,3.371509,2.346792,3.371509,2.346792,0.022849,1.000000,1.000000
6780.000000,3.362675,2.354076,-0.883364,0.728421,0.000000,1.000000,0.000000,3.000000,0.000000,0.594790,1.162421,0.747677,-0.890058,-0.702821,0.000000,0.000000,1.000000,5.000000,4.122371,1.911264,3.362675,2.354076,3.362675,2.354076,0.022849,1.000000,1.000000
6790.000000,3.354192,2.361122,-0.848253,0.704609,0.000000,1.000000,0.000000,3.000000,0.000000,0.670850,1.144958,0.739741,-0.873906,-0.523794,0.000000,0.000000,1.000000,5.000000,4.122371,1.911264,3.354192,2.361122,3.354192,2.361122,0.022849,1.000000,1.000000
6800.000000,3.345659,2.368239,-0.853313,0.711719,0.000000,1.000000,0.000000,3.000000,0.000000,0.670850,1.102727,0.714588,-0.839864,-0.520790,0.000000,0.000000,1.000000,5.000000,4.122371,1.911264,3.345659,2.368239,3.345659,2.368239,0.022849,1.000000,1.000000
6810.000000,3.337180,2.375283,-0.847889,0.704396,0.000000,1.000000,0.000000,3.000000,0.000000,0.576739,1.111165,0.721387,-0.845155,-1.294175,0.000000,0.000000,1.000000,5.000000,4.122371,1.911264,3.337180,2.375283,3.337180,2.375283,0.022849,1.000000,1.000000
6820.000000,3.328674,2.382327,-0.850682,0.704407,0.000000,1.000000,0.000000,3.000000,0.000000,0.596603,1.102311,0.714440,-0.839443,-1.277623,0.000000,0.000000,1.000000,5.000000,4.122371,1.911264,3.328674,2.382327,3.328674,2.382327,0.022849,1.000000,1.000000
6830.000000,3.320325,2.389291,-0.834872,0.696356,0.000000,1.000000,0.000000,3.000000,0.000000,0.564192,1.104467,0.715409,-0.841450,-1.264023,0.000000,0.000000,1.000000,5.000000,4.122371,1.911264,3.320325,2.389291,3.320325,2.389291,0.022849,1.000000,1.000000
6840.000000,3.311947,2.396361,-0.837835,0.707029,0.000000,1.000000,0.000000,3.000000,0.000000,0.477672,1.087162,0.707498,-0.825450,-1.417771,0.000000,0.000000,1.000000,5.000000,4.122371,1.911264,3.311947,2.396361,3.311947,2.396361,0.022849,1.000000,1.000000
6850.000000,3.303633,2.403406,-0.831363,0.704554,0.000000,1.000000,0.000000,3.000000,0.000000,0.396603,1.096293,0.717689,-0.828723,-1.554364,0.000000,0.000000,1.000000,5.000000,4.122371,1.911264,3.303633,2.403406,3.303633,2.403406,0.022849,1.000000,1.000000
6860.000000,3.295301,2.410487,-0.833170,0.708099,0.000000,1.000000,0.000000,3.000000,0.000000,0.396603,1.089753,0.714132,-0.823150,-1.530550,0.000000,0.000000,1.000000,5.000000,4.122371,1.911264,3.295301,2.410487,3.295301,2.410487,0.022849,1.000000,1.000000
6870.000000,3.287009,2.417468,-0.829214,0.698037,0.000000,1.000000,0.000000,3.000000,0.000000,0.347699,1.093424,0.716528,-0.825932,-1.601881,0.000000,0.000000,1.000000,5.000000,4.122371,1.911264,3.287009,2.417468,3.287009,2.417468,0.022849,1.000000,1.000000
6880.000000,3.278679,2.424393,-0.832960,0.692511,0.000000,1.000000,0.000000,3.000000,0.000000,0.287913,1.083906,0.705568,-0.822815,-1.689787,0.000000,0.000000,1.000000,5.000000,4.122371,1.911264,3.278679,2.424393,3.278679,2.424393,0.022849,1.000000,1.000000
6890.000000,3.270509,2.431158,-0.816999,0.676470,0.000000,1.000000,0.000000,3.000000,0.000000,0.287913,1.083233,0.699494,-0.827105,-1.661680,0.000000,0.000000,1.000000,5.000000,4.122371,1.911264,3.270509,2.431158,3.270509,2.431158,0.022849,1.000000,1.000000
6900.000000,3.262244,2.437927,-0.826590,0.676932,0.000000,1.000000,0.000000,3.000000,0.000000,0.280068,1.060706,0.682679,-0.811817,-1.649119,0.000000,0.000000,1.000000,5.000000,4.122371,1.911264,3.262244,2.437927,3.262244,2.437927,0.022849,1.000000,1.000000
6910.000000,3.253783,2.444661,-0.846066,0.673416,0.000000,1.000000,0.000000,3.000000,0.000000,0.550312,1.068405,0.682822,-0.821731,-1.622338,0.000000,0.000000,1.000000,5.000000,4.122371,1.911264,3.253783,2.444661,3.253783,2.444661,0.022849,1.000000,1.000000
6920.000000,3.245208,2.451391,-0.857506,0.673036,0.000000,1.000000,0.000000,3.000000,0.000000,0.648625,1.081350,0.678985,-0.841603,-0.296457,0.000000,0.000000,1.000000,5.000000,4.122371,1.911264,3.245208,2.451391,3.245208,2.451391,0.022849,1.000000,1.000000
6930.000000,3.236928,2.457878,-0.828017,0.648609,0.000000,1.000000,0.000000,3.000000,0.000000,1.028438,1.090089,0.678592,-0.853116,-0.192445,0.000000,0.000000,1.000000,5.000000,4.122371,1.911264,3.236928,2.457878,3.236928,2.457878,0.022849,1.000000,1.000000
6940.000000,3.228671,2.464328,-0.825696,0.645029,0.000000,1.000000,0.000000,3.000000,0.000000,1.151850,1.051811,0.654144,-0.823653,0.126295,0.000000,0.000000,1.000000,5.000000,4.122371,1.911264,3.228671,2.464328,3.228671,2.464328,0.022849,1.000000,1.000000
6950.000000,3.220236,2.470835,-0.843484,0.650754,0.000000,1.000000,0.000000,3.000000,0.000000,1.161555,1.047777,0.649600,-0.822105,0.311633,0.000000,0.000000,1.000000,5.000000,4.122371,1.911264,3.220236,2.470835,3.220236,2.470835,0.022849,1.000000,1.000000
6960.000000,3.211557,2.477353,-0.867880,0.651748,0.000000,1.000000,0.000000,3.000000,0.000000,1.161555,1.065338,0.654661,-0.840454,0.310664,0.000000,0.000000,1.000000,5.000000,4.122371,1.911264,3.211557,2.477353,3.211557,2.477353,0.022849,1.000000,1.000000
6970.000000,3.203036,2.483564,-0.852132,0.621159,0.000000,1.000000,0.000000,3.000000,0.000000,0.871412,1.085353,0.655806,-0.864818,0.095833,0.000000,0.000000,1.000000,5.000000,4.122371,1.911264,3.203036,2.483564,3.203036,2.483564,0.022849,1.000000,1.000000
6980.000000,3.194662,2.489625,-0.837400,0.606012,0.000000,1.000000,0.000000,3.000000,0.000000,0.996250,1.054498,0.625760,-0.848759,0.095742,0.000000,0.000000,1.000000,5.000000,4.122371,1.911264,3.194662,2.489625,3.194662,2.489625,0.022849,1.000000,1.000000
6990.000000,3.186316,2.495703,-0.834608,0.607816,0.000000,1.000000,0.000000,3.000000,0.000000,0.996250,1.033678,0.610583,-0.834074,-0.291488,0.000000,0.000000,1.000000,5.000000,4.122371,1.911264,3.186316,2.495703,3.186316,2.495703,0.022849,1.000000,1.000000
7000.000000,3.177804,2.501932,-0.851113,0.622918,0.000000,1.000000,0.000000,3.000000,0.000000,0.547135,1.032478,0.612386,-0.831260,-1.169382,0.000000,0.000000,1.000000,5.000000,4.122371,1.911264,3.177804,2.501932,3.177804,2.501932,0.022849,1.000000,1.000000
7010.000000,3.169301,2.508134,-0.850318,0.620250,0.000000,1.000000,0.000000,3.000000,0.000000,0.424694,1.054713,0.627886,-0.847455,-1.393995,0.000000,0.000000,1.000000,5.000000,4.122371,1.911264,3.169301,2.508134,3.169301,2.508134,0.022849,1.000000,1.000000
7020.000000,3.160973,2.514248,-0.832847,0.611398,0.000000,1.000000,0.000000,3.000000,0.000000,0.932656,1.052497,0.625627,-0.846369,-0.109102,0.000000,0.000000,1.000000,5.000000,4.122371,1.911264,3.160973,2.514248,3.160973,2.514248,0.022849,1.000000,1.000000
7030.000000,3.152939,2.520359,-0.803415,0.611053,0.000000,1.000000,0.000000,3.000000,0.000000,1.239575,1.033171,0.616389,-0.829160,0.453012,0.000000,0.000000,1.000000,5.000000,4.122371,1.911264,3.152939,2.520359,3.152939,2.520359,0.022849,1.000000,1.000000
7040.000000,3.144752,2.526728,-0.818641,0.636925,0.000000,1.000000,0.000000,3.000000,0.000000,1.239575,1.009387,0.614643,-0.800672,0.450967,0.000000,0.000000,1.000000,5.000000,4.122371,1.911264,3.144752,2.526728,3.144752,2.526728,0.022849,1.000000,1.000000
7050.000000,3.136537,2.533109,-0.821521,0.638054,0.000000,1.000000,0.000000,3.000000,0.000000,0.936838,1.037230,0.639085,-0.816956,0.435236,0.000000,0.000000,1.000000,5.000000,4.122371,1.911264,3.136537,2.533109,3.136537,2.533109,0.022849,1.000000,1.000000
7060.000000,3.128326,2.539502,-0.821065,0.639378,0.000000,1.000000,0.000000,3.000000,0.000000,0.800677,1.040197,0.639046,-0.820750,0.041090,0.000000,0.000000,1.000000,5.000000,4.122371,1.911264,3.128326,2.539502,3.128326,2.539502,0.022849,1.000000,1.000000
7070.000000,3.120272,2.545865,-0.805466,0.636257,0.000000,1.000000,0.000000,3.000000,0.000000,0.773417,1.040650,0.640330,-0.820323,-0.012038,0.000000,0.000000,1.000000,5.000000,4.122371,1.911264,3.120272,2.545865,3.120272,2.545865,0.022849,1.000000,1.000000
7080.000000,3.112226,2.552230,-0.804543,0.636470,0.000000,1.000000,0.000000,3.000000,0.000000,0.789164,1.026449,0.637847,-0.804207,0.045610,0.000000,0.000000,1.000000,5.000000,4.122371,1.911264,3.112226,2.552230,3.112226,2.552230,0.022849,1.000000,1.000000
7090.000000,3.104011,2.558600,-0.821522,0.637021,0.000000,1.000000,0.000000,3.000000,0.000000,0.789164,1.025858,0.638940,-0.802583,0.045590,0.000000,0.000000,1.000000,5.000000,4.122371,1.911264,3.104011,2.558600,3.104011,2.558600,0.022849,1.000000,1.000000
7100.000000,3.095469,2.564959,-0.854228,0.635939,0.000000,1.000000,0.000000,3.000000,0.000000,0.879609,1.039564,0.639611,-0.819507,-1.011670,0.000000,0.000000,1.000000,5.000000,4.122371,1.911264,3.095469,2.564959,3.095469,2.564959,0.022849,1.000000,1.000000
7110.000000,3.086851,2.571209,-0.861818,0.624943,0.000000,1.000000,0.000000,3.000000,0.000000,0.474359,1.064953,0.638060,-0.852645,-1.359141,0.000000,0.000000,1.000000,5.000000,4.122371,1.911264,3.086851,2.571209,3.086851,2.571209,0.022849,1.000000,1.000000
7120.000000,3.078247,2.577360,-0.860346,0.615143,0.000000,1.000000,0.000000,3.000000,0.000000,0.871210,1.064558,0.626640,-0.860585,-0.671514,0.000000,0.000000,1.000000,5.000000,4.122371,1.911264,3.078247,2.577360,3.078247,2.577360,0.022849,1.000000,1.000000
7130.000000,3.069745,2.583344,-0.850250,0.598352,0.000000,1.000000,0.000000,3.000000,0.000000,1.038237,1.057637,0.615703,-0.859946,-0.157543,0.000000,0.000000,1.000000,5.000000,4.122371,1.911264,3.069745,2.583344,3.069745,2.583344,0.022849,1.000000,1.000000
7140.000000,3.061082,2.589431,-0.866263,0.608766,0.000000,1.000000,0.000000,3.000000,0.000000,1.038237,1.039688,0.597865,-0.850592,-0.157295,0.000000,0.000000,1.000000,5.000000,4.122371,1.911264,3.061082,2.589431,3.061082,2.589431,0.022849,1.000000,1.000000
7150.000000,3.052426,2.595654,-0.865602,0.622237,0.000000,1.000000,0.000000,3.000000,0.000000,1.038237,1.058776,0.607849,-0.866907,-0.157048,0.000000,0.000000,1.000000,5.000000,4.122371,1.911264,3.052426,2.595654,3.052426,2.595654,0.022849,1.000000,1.000000
7160.000000,3.043665,2.601916,-0.876079,0.626183,0.000000,1.000000,0.000000,3.000000,0.000000,0.814805,1.066042,0.621829,-0.865895,-0.632444,0.000000,0.000000,1.000000,5.000000,4.122371,1.911264,3.043665,2.601916,3.043665,2.601916,0.022849,1.000000,1.000000
7170.000000,3.034977,2.608066,-0.868825,0.615048,0.000000,1.000000,0.000000,3.000000,0.000000,0.738539,1.076856,0.627796,-0.874924,-0.803701,0.000000,0.000000,1.000000,5.000000,4.122371,1.911264,3.034977,2.608066,3.034977,2.608066,0.022849,1.000000,1.000000
7180.000000,3.026050,2.614205,-0.892707,0.613847,0.000000,1.000000,0.000000,3.000000,0.000000,0.559691,1.064491,0.619030,-0.865992,-1.185243,0.000000,0.000000,1.000000,5.000000,4.122371,1.911264,3.026050,2.614205,3.026050,2.614205,0.022849,1.000000,1.000000
7190.000000,3.016818,2.620214,-0.923145,0.600890,0.000000,1.000000,0.000000,3.000000,0.000000,1.058320,1.083390,0.619535,-0.888769,0.081213,0.000000,0.000000,1.000000,5.000000,4.122371,1.911264,3.016818,2.620214,3.016818,2.620214,0.022849,1.000000,1.000000
7200.000000,3.007339,2.626014,-0.947962,0.580066,0.000000,1.000000,0.000000,3.000000,0.000000,1.058320,1.101483,0.606761,-0.919297,0.407432,0.000000,0.000000,1.000000,5.000000,4.122371,1.911264,3.007339,2.626014,3.007339,2.626014,0.022849,1.000000,1.000000
7210.000000,2.997936,2.631551,-0.940292,0.553677,0.000000,1.000000,0.000000,3.000000,0.000000,0.985816,1.111354,0.583870,-0.945623,0.405777,0.000000,0.000000,1.000000,5.000000,4.122371,1.911264,2.997936,2.631551,2.997936,2.631551,0.022849,1.000000,1.000000
7220.000000,2.988580,2.637084,-0.935575,0.553288,0.000000,1.000000,0.000000,3.000000,0.000000,1.009920,1.091195,0.553459,-0.940420,0.384963,0.000000,0.000000,1.000000,5.000000,4.122371,1.911264,2.988580,2.637084,2.988580,2.637084,0.022849,1.000000,1.000000
7230.000000,2.979168,2.642761,-0.941207,0.567745,0.000000,1.000000,0.000000,3.000000,0.000000,1.017568,1.086935,0.550488,-0.937225,0.383485,0.000000,0.000000,1.000000,5.000000,4.122371,1.911264,2.979168,2.642761,2.979168,2.642761,0.022849,1.000000,1.000000
7240.000000,2.970054,2.648072,-0.911381,0.531072,0.000000,1.000000,0.000000,3.000000,0.000000,1.017568,1.099184,0.565020,-0.942845,0.382018,0.000000,0.000000,1.000000,5.000000,4.122371,1.911264,2.970054,2.648072,2.970054,2.648072,0.022849,1.000000,1.000000
7250.000000,2.960955,2.653306,-0.909919,0.523365,0.000000,1.000000,0.000000,3.000000,0.000000,0.723788,1.128505,0.581793,-0.966975,-0.872319,0.000000,0.000000,1.000000,5.000000,4.122371,1.911264,2.960955,2.653306,2.960955,2.653306,0.022849,1.000000,1.000000
7260.000000,2.951633,2.658523,-0.932184,0.521730,0.000000,1.000000,0.000000,3.000000,0.000000,0.228320,1.124503,0.575736,-0.965937,-1.978143,0.000000,0.000000,1.000000,5.000000,4.122371,1.911264,2.951633,2.658523,2.951633,2.658523,0.022849,1.000000,1.000000
7270.000000,2.942106,2.663588,-0.952665,0.506503,0.000000,1.000000,0.000000,3.000000,0.000000,0.240976,1.135271,0.568746,-0.982532,-1.911979,0.000000,0.000000,1.000000,5.000000,4.122371,1.911264,2.942106,2.663588,2.942106,2.663588,0.022849,1.000000,1.000000
7280.000000,2.932550,2.668468,-0.955583,0.488025,0.000000,1.000000,0.000000,3.000000,0.000000,0.240976,1.150158,0.556603,-1.006507,-1.876073,0.000000,0.000000,1.000000,5.000000,4.122371,1.911264,2.932550,2.668468,2.932550,2.668468,0.022849,1.000000,1.000000
7290.000000,2.923048,2.673175,-0.950225,0.470666,0.000000,1.000000,0.000000,3.000000,0.000000,0.515689,1.150345,0.542605,-1.014334,-0.895136,0.000000,0.000000,1.000000,5.000000,4.122371,1.911264,2.923048,2.673175,2.923048,2.673175,0.022849,1.000000,1.000000
7300.000000,2.913638,2.677706,-0.940983,0.453108,0.000000,1.000000,0.000000,3.000000,0.000000,0.652666,1.128648,0.518309,-1.002598,-0.278810,0.000000,0.000000,1.000000,5.000000,4.122371,1.911264,2.913638,2.677706,2.913638,2.677706,0.022849,1.000000,1.000000
7310.000000,2.904324,2.681968,-0.931437,0.426207,0.000000,1.000000,0.000000,3.000000,0.000000,0.953727,1.109713,0.497503,-0.991945,-0.264298,0.000000,0.000000,1.000000,5.000000,4.122371,1.911264,2.904324,2.681968,2.904324,2.681968,0.022849,1.000000,1.000000
7320.000000,2.894883,2.686091,-0.944093,0.412308,0.000000,1.000000,0.000000,3.000000,0.000000,1.029821,1.086696,0.468372,-0.980579,-0.263601,0.000000,0.000000,1.000000,5.000000,4.122371,1.911264,2.894883,2.686091,2.894883,2.686091,0.022849,1.000000,1.000000
7330.000000,2.885558,2.689948,-0.932470,0.385667,0.000000,1.000000,0.000000,3.000000,0.000000,1.119087,1.092489,0.455719,-0.992901,-0.297251,0.000000,0.000000,1.000000,5.000000,4.122371,1.911264,2.885558,2.689948,2.885558,2.689948,0.022849,1.000000,1.000000
7340.000000,2.875558,2.694011,-1.000037,0.406329,0.000000,1.000000,0.000000,3.000000,0.000000,0.579961,1.072895,0.430940,-0.982545,-0.269282,0.000000,0.000000,1.000000,5.000000,4.122371,1.911264,2.875558,2.694011,2.875558,2.694011,0.022849,1.000000,1.000000
7350.000000,2.865512,2.697802,-1.004622,0.379081,0.000000,1.000000,0.000000,3.000000,0.000000,0.579961,1.079434,0.403950,-1.001000,-0.268558,0.000000,0.000000,1.000000,5.000000,4.122371,1.911264,2.865512,2.697802,2.865512,2.697802,0.022849,1.000000,1.000000
7360.000000,2.855448,2.701377,-1.006385,0.357512,0.000000,1.000000,0.000000,3.000000,0.000000,0.684974,1.073764,0.376910,-1.005439,-0.267838,0.000000,0.000000,1.000000,5.000000,4.122371,1.911264,2.855448,2.701377,2.855448,2.701377,0.022849,1.000000,1.000000
7370.000000,2.845493,2.704625,-0.995472,0.324798,0.000000,1.000000,0.000000,3.000000,0.000000,0.690531,1.068001,0.356382,-1.006786,-0.292501,0.000000,0.000000,1.000000,5.000000,4.122371,1.911264,2.845493,2.704625,2.845493,2.704625,0.022849,1.000000,1.000000
7380.000000,2.835324,2.707618,-1.016930,0.299253,0.000000,1.000000,0.000000,3.000000,0.000000,0.690531,1.047119,0.323497,-0.995895,-0.209140,0.000000,0.000000,1.000000,5.000000,4.122371,1.911264,2.835324,2.707618,2.835324,2.707618,0.022849,1.000000,1.000000
7390.000000,2.825075,2.710485,-1.024908,0.286775,0.000000,1.000000,0.000000,3.000000,0.000000,1.093226,1.060047,0.297417,-1.017469,0.049939,0.000000,0.000000,1.000000,5.000000,4.122371,1.911264,2.825075,2.710485,2.825075,2.710485,0.022849,1.000000,1.000000
7400.000000,2.814544,2.713234,-1.053026,0.274892,0.000000,1.000000,0.000000,3.000000,0.000000,1.093226,1.047756,0.273553,-1.011415,0.049914,0.000000,0.000000,1.000000,5.000000,4.122371,1.911264,2.814544,2.713234,2.814544,2.713234,0.022849,1.000000,1.000000
7410.000000,2.803788,2.715744,-1.075625,0.250989,0.000000,1.000000,0.000000,3.000000,0.000000,1.058959,1.045190,0.242545,-1.016659,-0.010291,0.000000,0.000000,1.000000,5.000000,4.122371,1.911264,2.803788,2.715744,2.803788,2.715744,0.022849,1.000000,1.000000
7420.000000,2.792851,2.717985,-1.093677,0.224061,0.000000,1.000000,0.000000,3.000000,0.000000,0.810592,1.050812,0.210421,-1.029529,-0.812634,0.000000,0.000000,1.000000,5.000000,4.122371,1.911264,2.792851,2.717985,2.792851,2.717985,0.022849,1.000000,1.000000
7430.000000,2.781970,2.719998,-1.088113,0.201331,0.000000,1.000000,0.000000,3.000000,0.000000,0.673030,1.065529,0.186117,-1.049148,-1.381822,0.000000,0.000000,1.000000,5.000000,4.122371,1.911264,2.781970,2.719998,2.781970,2.719998,0.022849,1.000000,1.000000
7440.000000,2.770861,2.722148,-1.110947,0.214965,0.000000,1.000000,0.000000,3.000000,0.000000,1.019368,1.070107,0.175120,-1.055681,-1.024581,0.000000,0.000000,1.000000,5.000000,4.122371,1.911264,2.770861,2.722148,2.770861,2.722148,0.022849,1.000000,1.000000
7450.000000,2.759887,2.724328,-1.097418,0.217992,0.000000,1.000000,0.000000,3.000000,0.000000,0.535165,1.077324,0.174256,-1.063138,-0.473914,0.000000,0.000000,1.000000,5.000000,4.122371,1.911264,2.759887,2.724328,2.759887,2.724328,0.022849,1.000000,1.000000
7460.000000,2.748887,2.726416,-1.099940,0.208855,0.000000,1.000000,0.000000,3.000000,0.000000,0.677690,1.057632,0.171763,-1.043592,-0.182580,0.000000,0.000000,1.000000,5.000000,4.122371,1.911264,2.748887,2.726416,2.748887,2.726416,0.022849,1.000000,1.000000
7470.000000,2.737857,2.728482,-1.102995,0.206573,0.000000,1.000000,0.000000,3.000000,0.000000,0.853389,1.063185,0.165652,-1.050201,0.409856,0.000000,0.000000,1.000000,5.000000,4.122371,1.911264,2.737857,2.728482,2.737857,2.728482,0.022849,1.000000,1.000000
7480.000000,2.727002,2.730443,-1.085539,0.196079,0.000000,1.000000,0.000000,3.000000,0.000000,0.853389,1.072499,0.169097,-1.059084,0.408181,0.000000,0.000000,1.000000,5.000000,4.122371,1.911264,2.727002,2.730443,2.727002,2.730443,0.022849,1.000000,1.000000
7490.000000,2.716652,2.732358,-1.034984,0.191501,0.000000,1.000000,0.000000,3.000000,0.000000,0.853389,1.078922,0.179717,-1.063849,0.406520,0.000000,0.000000,1.000000,5.000000,4.122371,1.911264,2.716652,2.732358,2.716652,2.732358,0.022849,1.000000,1.000000
7500.000000,2.706414,2.734378,-1.023811,0.202087,0.000000,1.000000,0.000000,3.000000,0.000000,0.713269,1.052551,0.194743,-1.034378,0.311519,0.000000,0.000000,1.000000,5.000000,4.122371,1.911264,2.706414,2.734378,2.706414,2.734378,0.022849,1.000000,1.000000
7510.000000,2.696030,2.736332,-1.038417,0.195365,0.000000,1.000000,0.000000,3.000000,0.000000,0.713269,1.043565,0.205277,-1.023176,0.310550,0.000000,0.000000,1.000000,5.000000,4.122371,1.911264,2.696030,2.736332,2.696030,2.736332,0.022849,1.000000,1.000000
7520.000000,2.685349,2.738081,-1.068074,0.174938,0.000000,1.000000,0.000000,3.000000,0.000000,0.820996,1.056635,0.199315,-1.037666,0.782627,0.000000,0.000000,1.000000,5.000000,4.122371,1.911264,2.685349,2.738081,2.685349,2.738081,0.022849,1.000000,1.000000
7530.000000,2.674639,2.739711,-1.071024,0.162967,0.000000,1.000000,0.000000,3.000000,0.000000,0.900219,1.082306,0.179952,-1.067241,0.776544,0.000000,0.000000,1.000000,5.000000,4.122371,1.911264,2.674639,2.739711,2.674639,2.739711,0.022849,1.000000,1.000000
7540.000000,2.663896,2.741516,-1.074323,0.180525,0.000000,1.000000,0.000000,3.000000,0.000000,1.043856,1.083351,0.168064,-1.070236,0.770554,0.000000,0.000000,1.000000,5.000000,4.122371,1.911264,2.663896,2.741516,2.663896,2.741516,0.022849,1.000000,1.000000
7550.000000,2.653030,2.743480,-1.086608,0.196397,0.000000,1.000000,0.000000,3.000000,0.000000,1.043856,1.089385,0.185625,-1.073453,-0.199015,0.000000,0.000000,1.000000,5.000000,4.122371,1.911264,2.653030,2.743480,2.653030,2.743480,0.022849,1.000000,1.000000
7560.000000,2.642027,2.745528,-1.100225,0.204772,0.000000,1.000000,0.000000,3.000000,0.000000,0.624515,1.104214,0.200987,-1.085768,-0.981726,0.000000,0.000000,1.000000,5.000000,4.122371,1.911264,2.642027,2.745528,2.642027,2.745528,0.022849,1.000000,1.000000
7570.000000,2.631294,2.747455,-1.073312,0.192720,0.000000,1.000000,0.000000,3.000000,0.000000,0.624515,1.119119,0.208457,-1.099533,-1.808339,0.000000,0.000000,1.000000,5.000000,4.122371,1.911264,2.631294,2.747455,2.631294,2.747455,0.022849,1.000000,1.000000
7580.000000,2.620727,2.749310,-1.056762,0.185502,0.000000,1.000000,0.000000,3.000000,0.000000,0.428652,1.090477,0.195379,-1.072831,-0.869248,0.000000,0.000000,1.000000,5.000000,4.122371,1.911264,2.620727,2.749310,2.620727,2.749310,0.022849,1.000000,1.000000
7590.000000,2.610032,2.751162,-1.069438,0.185151,0.000000,1.000000,0.000000,3.000000,0.000000,0.449126,1.072920,0.187349,-1.056436,-0.861749,0.000000,0.000000,1.000000,5.000000,4.122371,1.911264,2.610032,2.751162,2.610032,2.751162,0.022849,1.000000,1.000000
7600.000000,2.599053,2.753011,-1.097902,0.184884,0.000000,1.000000,0.000000,3.000000,0.000000,0.449126,1.085347,0.186998,-1.069116,-0.854380,0.000000,0.000000,1.000000,5.000000,4.122371,1.911264,2.599053,2.753011,2.599053,2.753011,0.022849,1.000000,1.000000
7610.000000,2.587878,2.754743,-1.117483,0.173234,0.000000,1.000000,0.000000,3.000000,0.000000,0.449126,1.113360,0.186783,-1.097580,-0.850747,0.000000,0.000000,1.000000,5.000000,4.122371,1.911264,2.587878,2.754743,2.587878,2.754743,0.022849,1.000000,1.000000
7620.000000,2.576583,2.756346,-1.129570,0.160283,0.000000,1.000000,0.000000,3.000000,0.000000,0.641426,1.130831,0.175529,-1.117125,0.017073,0.000000,0.000000,1.000000,5.000000,4.122371,1.911264,2.576583,2.756346,2.576583,2.756346,0.022849,1.000000,1.000000
7630.000000,2.565419,2.757787,-1.116334,0.144117,0.000000,1.000000,0.000000,3.000000,0.000000,0.702163,1.140885,0.163385,-1.129125,0.051219,0.000000,0.000000,1.000000,5.000000,4.122371,1.911264,2.565419,2.757787,2.565419,2.757787,0.022849,1.000000,1.000000
7640.000000,2.554282,2.759236,-1.113715,0.144925,0.000000,1.000000,0.000000,3.000000,0.000000,1.182045,1.125598,0.148078,-1.115815,0.302809,0.000000,0.000000,1.000000,5.000000,4.122371,1.911264,2.554282,2.759236,2.554282,2.759236,0.022849,1.000000,1.000000
7650.000000,2.543306,2.760699,-1.097620,0.146239,0.000000,1.000000,0.000000,3.000000,0.000000,1.182045,1.123104,0.149147,-1.113157,0.301894,0.000000,0.000000,1.000000,5.000000,4.122371,1.911264,2.543306,2.760699,2.543306,2.760699,0.022849,1.000000,1.000000
7660.000000,2.532044,2.762168,-1.126159,0.146924,0.000000,1.000000,0.000000,3.000000,0.000000,1.182045,1.107319,0.150458,-1.097050,-0.228403,0.000000,0.000000,1.000000,5.000000,4.122371,1.911264,2.532044,2.762168,2.532044,2.762168,0.022849,1.000000,1.000000
7670.000000,2.520581,2.763528,-1.146367,0.136008,0.000000,1.000000,0.000000,3.000000,0.000000,0.735850,1.135703,0.149954,-1.125760,0.173672,0.000000,0.000000,1.000000,5.000000,4.122371,1.911264,2.520581,2.763528,2.520581,2.763528,0.022849,1.000000,1.000000
7680.000000,2.509177,2.764870,-1.140304,0.134207,0.000000,1.000000,0.000000,3.000000,0.000000,0.735850,1.154407,0.137868,-1.146145,0.173370,0.000000,0.000000,1.000000,5.000000,4.122371,1.911264,2.509177,2.764870,2.509177,2.764870,0.022849,1.000000,1.000000
7690.000000,2.498017,2.766122,-1.116053,0.125139,0.000000,1.000000,0.000000,3.000000,0.000000,0.735850,1.148174,0.136336,-1.140051,0.173070,0.000000,0.000000,1.000000,5.000000,4.122371,1.911264,2.498017,2.766122,2.498017,2.766122,0.022849,1.000000,1.000000
7700.000000,2.486799,2.767402,-1.121789,0.128023,0.000000,1.000000,0.000000,3.000000,0.000000,1.110613,1.123047,0.128853,-1.115631,1.500896,0.000000,0.000000,1.000000,5.000000,4.122371,1.911264,2.486799,2.767402,2.486799,2.767402,0.022849,1.000000,1.000000
7710.000000,2.475387,2.768634,-1.141208,0.123241,0.000000,1.000000,0.000000,3.000000,0.000000,1.110613,1.129070,0.132109,-1.121315,1.478681,0.000000,0.000000,1.000000,5.000000,4.122371,1.911264,2.475387,2.768634,2.475387,2.768634,0.022849,1.000000,1.000000
7720.000000,2.463669,2.769755,-1.171789,0.112116,0.000000,1.000000,0.000000,3.000000,0.000000,1.110613,1.147843,0.128220,-1.140659,1.473342,0.000000,0.000000,1.000000,5.000000,4.122371,1.911264,2.463669,2.769755,2.463669,2.769755,0.022849,1.000000,1.000000
7730.000000,2.452005,2.770752,-1.166375,0.099712,0.000000,1.000000,0.000000,3.000000,0.000000,0.965170,1.177140,0.118635,-1.171147,1.451928,0.000000,0.000000,1.000000,5.000000,4.122371,1.911264,2.452005,2.770752,2.452005,2.770752,0.022849,1.000000,1.000000
7740.000000,2.440424,2.771733,-1.158135,0.098054,0.000000,1.000000,0.000000,3.000000,0.000000,0.589395,1.170629,0.106863,-1.165741,-0.486406,0.000000,0.000000,1.000000,5.000000,4.122371,1.911264,2.440424,2.771733,2.440424,2.771733,0.022849,1.000000,1.000000
7750.000000,2.428915,2.772723,-1.150898,0.099040,0.000000,1.000000,0.000000,3.000000,0.000000,0.589395,1.162279,0.104214,-1.157597,-0.484049,0.000000,0.000000,1.000000,5.000000,4.122371,1.911264,2.428915,2.772723,2.428915,2.772723,0.022849,1.000000,1.000000
7760.000000,2.417002,2.773896,-1.191301,0.117219,0.000000,1.000000,0.000000,3.000000,0.000000,0.606362,1.155152,0.103241,-1.150529,-1.241207,0.000000,0.000000,1.000000,5.000000,4.122371,1.911264,2.417002,2.773896,2.417002,2.773896,0.022849,1.000000,1.000000
7770.000000,2.405041,2.775108,-1.196095,0.121181,0.000000,1.000000,0.000000,3.000000,0.000000,0.109156,1.197054,0.120309,-1.190993,-2.544855,0.000000,0.000000,1.000000,5.000000,4.122371,1.911264,2.405041,2.775108,2.405041,2.775108,0.022849,1.000000,1.000000
7780.000000,2.393147,2.776285,-1.189444,0.117732,0.000000,1.000000,0.000000,3.000000,0.000000,0.189290,1.202218,0.123592,-1.195848,-2.271550,0.000000,0.000000,1.000000,5.000000,4.122371,1.911264,2.393147,2.776285,2.393147,2.776285,0.022849,1.000000,1.000000
7790.000000,2.381541,2.777428,-1.160546,0.114323,0.000000,1.000000,0.000000,3.000000,0.000000,0.550568,1.195256,0.120373,-1.189179,-1.282406,0.000000,0.000000,1.000000,5.000000,4.122371,1.911264,2.381541,2.777428,2.381541,2.777428,0.022849,1.000000,1.000000
7800.000000,2.370154,2.778667,-1.138712,0.123872,0.000000,1.000000,0.000000,3.000000,0.000000,0.947725,1.166163,0.117089,-1.160270,-0.032671,0.000000,0.000000,1.000000,5.000000,4.122371,1.911264,2.370154,2.778667,2.370154,2.778667,0.022849,1.000000,1.000000
7810.000000,2.358686,2.780014,-1.146799,0.134664,0.000000,1.000000,0.000000,3.000000,0.000000,0.772606,1.145430,0.126849,-1.138385,0.289752,0.000000,0.000000,1.000000,5.000000,4.122371,1.911264,2.358686,2.780014,2.358686,2.780014,0.022849,1.000000,1.000000
7820.000000,2.346877,2.781450,-1.180921,0.143619,0.000000,1.000000,0.000000,3.000000,0.000000,0.772606,1.154679,0.138729,-1.146315,0.288914,0.000000,0.000000,1.000000,5.000000,4.122371,1.911264,2.346877,2.781450,2.346877,2.781450,0.022849,1.000000,1.000000
7830.000000,2.334975,2.782923,-1.190142,0.147302,0.000000,1.000000,0.000000,3.000000,0.000000,0.890517,1.189622,0.149949,-1.180133,0.638777,0.000000,0.000000,1.000000,5.000000,4.122371,1.911264,2.334975,2.782923,2.334975,2.782923,0.022849,1.000000,1.000000
7840.000000,2.323164,2.784414,-1.181139,0.149137,0.000000,1.000000,0.000000,3.000000,0.000000,0.890517,1.199224,0.154876,-1.189181,0.634718,0.000000,0.000000,1.000000,5.000000,4.122371,1.911264,2.323164,2.784414,2.323164,2.784414,0.022849,1.000000,1.000000
7850.000000,2.311527,2.785868,-1.163734,0.145447,0.000000,1.000000,0.000000,3.000000,0.000000,0.890517,1.190517,0.155938,-1.180260,0.630711,0.000000,0.000000,1.000000,5.000000,4.122371,1.911264,2.311527,2.785868,2.311527,2.785868,0.022849,1.000000,1.000000
7860.000000,2.299742,2.787392,-1.178491,0.152326,0.000000,1.000000,0.000000,3.000000,0.000000,0.374496,1.172788,0.150702,-1.163066,-1.151620,0.000000,0.000000,1.000000,5.000000,4.122371,1.911264,2.299742,2.787392,2.299742,2.787392,0.022849,1.000000,1.000000
7870.000000,2.287929,2.789103,-1.181261,0.171082,0.000000,1.000000,0.000000,3.000000,0.000000,0.349199,1.188295,0.155992,-1.178012,-1.428088,0.000000,0.000000,1.000000,5.000000,4.122371,1.911264,2.287929,2.789103,2.287929,2.789103,0.022849,1.000000,1.000000
7880.000000,2.276106,2.790878,-1.182310,0.177573,0.000000,1.000000,0.000000,3.000000,0.000000,0.349199,1.193586,0.172979,-1.180985,-1.407960,0.000000,0.000000,1.000000,5.000000,4.122371,1.911264,2.276106,2.790878,2.276106,2.790878,0.022849,1.000000,1.000000
7890.000000,2.264393,2.792540,-1.171268,0.166200,0.000000,1.000000,0.000000,3.000000,0.000000,0.234743,1.195571,0.178829,-1.182121,-1.823732,0.000000,0.000000,1.000000,5.000000,4.122371,1.911264,2.264393,2.792540,2.264393,2.792540,0.022849,1.000000,1.000000
7900.000000,2.252892,2.794283,-1.150036,0.174232,0.000000,1.000000,0.000000,3.000000,0.000000,0.634750,1.183001,0.167374,-1.171101,-0.325687,0.000000,0.000000,1.000000,5.000000,4.122371,1.911264,2.252892,2.794283,2.252892,2.794283,0.022849,1.000000,1.000000
7910.000000,2.241494,2.795922,-1.139864,0.163914,0.000000,1.000000,0.000000,3.000000,0.000000,0.634750,1.163159,0.175388,-1.149860,-0.324629,0.000000,0.000000,1.000000,5.000000,4.122371,1.911264,2.241494,2.795922,2.241494,2.795922,0.022849,1.000000,1.000000
7920.000000,2.230026,2.797511,-1.146800,0.158888,0.000000,1.000000,0.000000,3.000000,0.000000,0.634750,1.151589,0.165915,-1.139575,-0.323577,0.000000,0.000000,1.000000,5.000000,4.122371,1.911264,2.230026,2.797511,2.230026,2.797511,0.022849,1.000000,1.000000
7930.000000,2.218710,2.799051,-1.131635,0.154060,0.000000,1.000000,0.000000,3.000000,0.000000,0.523015,1.157755,0.162062,-1.146356,-0.615907,0.000000,0.000000,1.000000,5.000000,4.122371,1.911264,2.218710,2.799051,2.218710,2.799051,0.022849,1.000000,1.000000
7940.000000,2.207314,2.800632,-1.139597,0.158085,0.000000,1.000000,0.000000,3.000000,0.000000,0.722714,1.142074,0.157079,-1.131220,0.399965,0.000000,0.000000,1.000000,5.000000,4.122371,1.911264,2.207314,2.800632,2.207314,2.800632,0.022849,1.000000,1.000000
7950.000000,2.196028,2.802234,-1.128591,0.160228,0.000000,1.000000,0.000000,3.000000,0.000000,0.775919,1.150509,0.161216,-1.139158,0.398370,0.000000,0.000000,1.000000,5.000000,4.122371,1.911264,2.196028,2.802234,2.196028,2.802234,0.022849,1.000000,1.000000
7960.000000,2.184707,2.803891,-1.132052,0.165662,0.000000,1.000000,0.000000,3.000000,0.000000,1.133921,1.139908,0.163102,-1.128179,0.296318,0.000000,0.000000,1.000000,5.000000,4.122371,1.911264,2.184707,2.803891,2.184707,2.803891,0.022849,1.000000,1.000000
7970.000000,2.173616,2.805648,-1.109134,0.175720,0.000000,1.000000,0.000000,3.000000,0.000000,0.790054,1.144109,0.167531,-1.131777,-0.729694,0.000000,0.000000,1.000000,5.000000,4.122371,1.911264,2.173616,2.805648,2.173616,2.805648,0.022849,1.000000,1.000000
7980.000000,2.162603,2.807719,-1.101262,0.207132,0.000000,1.000000,0.000000,3.000000,0.000000,0.448522,1.122968,0.175484,-1.109172,-1.581580,0.000000,0.000000,1.000000,5.000000,4.122371,1.911264,2.162603,2.807719,2.162603,2.807719,0.022849,1.000000,1.000000
7990.000000,2.151700,2.810114,-1.090319,0.239475,0.000000,1.000000,0.000000,3.000000,0.000000,0.454890,1.120572,0.205883,-1.101496,-1.539667,0.000000,0.000000,1.000000,5.000000,4.122371,1.911264,2.151700,2.810114,2.151700,2.810114,0.022849,1.000000,1.000000
8000.000000,2.140898,2.812674,-1.080182,0.255959,0.000000,1.000000,0.000000,3.000000,0.000000,0.454890,1.116308,0.238287,-1.090579,-1.516298,0.000000,0.000000,1.000000,5.000000,4.122371,1.911264,2.140898,2.812674,2.140898,2.812674,0.022849,1.000000,1.000000
8010.000000,2.130366,2.815230,-1.053282,0.255634,0.000000,1.000000,0.000000,3.000000,0.000000,0.420709,1.110094,0.254911,-1.080430,-1.753104,0.000000,0.000000,1.000000,5.000000,4.122371,1.911264,2.130366,2.815230,2.130366,2.815230,0.022849,1.000000,1.000000
8020.000000,2.119654,2.817723,-1.071152,0.249279,0.000000,1.000000,0.000000,3.000000,0.000000,0.224742,1.083859,0.254651,-1.053520,-2.087991,0.000000,0.000000,1.000000,5.000000,4.122371,1.911264,2.119654,2.817723,2.119654,2.817723,0.022849,1.000000,1.000000
8030.000000,2.108965,2.820369,-1.068952,0.264547,0.000000,1.000000,0.000000,3.000000,0.000000,0.091477,1.099776,0.247949,-1.071461,-2.395480,0.000000,0.000000,1.000000,5.000000,4.122371,1.911264,2.108965,2.820369,2.108965,2.820369,0.022849,1.000000,1.000000
8040.000000,2.098267,2.823372,-1.069728,0.300335,0.000000,1.000000,0.000000,3.000000,0.000000,0.112171,1.101200,0.262807,-1.069381,-2.286042,0.000000,0.000000,1.000000,5.000000,4.122371,1.911264,2.098267,2.823372,2.098267,2.823372,0.022849,1.000000,1.000000
8050.000000,2.088152,2.826735,-1.011491,0.336302,0.000000,1.000000,0.000000,3.000000,0.000000,0.112171,1.111089,0.298753,-1.070171,-2.234900,0.000000,0.000000,1.000000,5.000000,4.122371,1.911264,2.088152,2.826735,2.088152,2.826735,0.022849,1.000000,1.000000
8060.000000,2.078544,2.830298,-0.960796,0.356316,0.000000,1.000000,0.000000,3.000000,0.000000,0.108203,1.065933,0.334563,-1.012067,-2.196231,0.000000,0.000000,1.000000,5.000000,4.122371,1.911264,2.078544,2.830298,2.078544,2.830298,0.022849,1.000000,1.000000
8070.000000,2.069109,2.833956,-0.943503,0.365802,0.000000,1.000000,0.000000,3.000000,0.000000,0.228177,1.024739,0.353279,-0.961916,-1.848112,0.000000,0.000000,1.000000,5.000000,4.122371,1.911264,2.069109,2.833956,2.069109,2.833956,0.022849,1.000000,1.000000
8080.000000,2.059678,2.837810,-0.943168,0.385378,0.000000,1.000000,0.000000,3.000000,0.000000,0.228177,1.011934,0.362154,-0.944909,-1.814544,0.000000,0.000000,1.000000,5.000000,4.122371,1.911264,2.059678,2.837810,2.059678,2.837810,0.022849,1.000000,1.000000
8090.000000,2.050402,2.841787,-0.927625,0.397712,0.000000,1.000000,0.000000,3.000000,0.000000,0.570279,1.018863,0.381342,-0.944807,-0.926225,0.000000,0.000000,1.000000,5.000000,4.122371,1.911264,2.050402,2.841787,2.050402,2.841787,0.022849,1.000000,1.000000
8100.000000,2.041199,2.845844,-0.920267,0.405650,0.000000,1.000000,0.000000,3.000000,0.000000,0.668294,1.009289,0.393124,-0.929579,-0.672841,0.000000,0.000000,1.000000,5.000000,4.122371,1.911264,2.041199,2.845844,2.041199,2.845844,0.022849,1.000000,1.000000
8110.000000,2.032048,2.849967,-0.915121,0.412322,0.000000,1.000000,0.000000,3.000000,0.000000,0.668294,1.005705,0.401012,-0.922297,-0.668340,0.000000,0.000000,1.000000,5.000000,4.122371,1.911264,2.032048,2.849967,2.032048,2.849967,0.022849,1.000000,1.000000
8120.000000,2.022941,2.854371,-0.910650,0.440374,0.000000,1.000000,0.000000,3.000000,0.000000,0.664058,1.003721,0.407818,-0.917137,-0.674710,0.000000,0.000000,1.000000,5.000000,4.122371,1.911264,2.022941,2.854371,2.022941,2.854371,0.022849,1.000000,1.000000
8130.000000,2.014238,2.858925,-0.870294,0.455451,0.000000,1.000000,0.000000,3.000000,0.000000,0.431219,1.011540,0.434895,-0.913279,-1.261105,0.000000,0.000000,1.000000,5.000000,4.122371,1.911264,2.014238,2.858925,2.014238,2.858925,0.022849,1.000000,1.000000
8140.000000,2.005551,2.863545,-0.868715,0.462016,0.000000,1.000000,0.000000,3.000000,0.000000,0.292575,0.982266,0.448904,-0.873689,-1.592007,0.000000,0.000000,1.000000,5.000000,4.122371,1.911264,2.005551,2.863545,2.005551,2.863545,0.022849,1.000000,1.000000
8150.000000,1.996736,2.868336,-0.881488,0.479135,0.000000,1.000000,0.000000,3.000000,0.000000,0.667237,0.983933,0.455542,-0.872127,-0.624163,0.000000,0.000000,1.000000,5.000000,4.122371,1.911264,1.996736,2.868336,1.996736,2.868336,0.022849,1.000000,1.000000
8160.000000,1.988002,2.873646,-0.873369,0.530934,0.000000,1.000000,0.000000,3.000000,0.000000,1.189311,1.003290,0.472703,-0.884954,0.214043,0.000000,0.000000,1.000000,5.000000,4.122371,1.911264,1.988002,2.873646,1.988002,2.873646,0.022849,1.000000,1.000000
8170.000000,1.979622,2.879154,-0.838025,0.550831,0.000000,1.000000,0.000000,3.000000,0.000000,0.899896,1.022089,0.523802,-0.877665,0.818299,0.000000,0.000000,1.000000,5.000000,4.122371,1.911264,1.979622,2.879154,1.979622,2.879154,0.022849,1.000000,1.000000
8180.000000,1.971450,2.884577,-0.817243,0.542267,0.000000,1.000000,0.000000,3.000000,0.000000,1.001686,1.002846,0.543401,-0.842862,0.811650,0.000000,0.000000,1.000000,5.000000,4.122371,1.911264,1.971450,2.884577,1.971450,2.884577,0.022849,1.000000,1.000000
8190.000000,1.963562,2.889928,-0.788791,0.535096,0.000000,1.000000,0.000000,3.000000,0.000000,1.185621,0.980785,0.535807,-0.821492,0.679875,0.000000,0.000000,1.000000,5.000000,4.122371,1.911264,1.963562,2.889928,1.963562,2.889928,0.022849,1.000000,1.000000
8200.000000,1.955937,2.895593,-0.762502,0.566562,0.000000,1.000000,0.000000,3.000000,0.000000,1.408659,0.953163,0.528528,-0.793207,0.234273,0.000000,0.000000,1.000000,5.000000,4.122371,1.911264,1.955937,2.895593,1.955937,2.895593,0.022849,1.000000,1.000000
8210.000000,1.948631,2.901585,-0.730624,0.599190,0.000000,1.000000,0.000000,3.000000,0.000000,1.274263,0.949949,0.558733,-0.768258,0.968559,0.000000,0.000000,1.000000,5.000000,4.122371,1.911264,1.948631,2.901585,1.948631,2.901585,0.022849,1.000000,1.000000
8220.000000,1.941569,2.907729,-0.706199,0.614405,0.000000,1.000000,0.000000,3.000000,0.000000,1.050832,0.944902,0.590364,-0.737774,1.640124,0.000000,0.000000,1.000000,5.000000,4.122371,1.911264,1.941569,2.907729,1.941569,2.907729,0.022849,1.000000,1.000000
8230.000000,1.934798,2.913916,-0.677077,0.618671,0.000000,1.000000,0.000000,3.000000,0.000000,1.050832,0.936061,0.605860,-0.713543,1.613632,0.000000,0.000000,1.000000,5.000000,4.122371,1.911264,1.934798,2.913916,1.934798,2.913916,0.022849,1.000000,1.000000
8240.000000,1.928103,2.920267,-0.669461,0.635075,0.000000,1.000000,0.000000,3.000000,0.000000,1.050832,0.917162,0.610794,-0.684191,1.557071,0.000000,0.000000,1.000000,5.000000,4.122371,1.911264,1.928103,2.920267,1.928103,2.920267,0.022849,1.000000,1.000000
8250.000000,1.921350,2.926853,-0.675323,0.658650,0.000000,1.000000,0.000000,3.000000,0.000000,0.482994,0.922767,0.627563,-0.676507,-0.639515,0.000000,0.000000,1.000000,5.000000,4.122371,1.911264,1.921350,2.926853,1.921350,2.926853,0.022849,1.000000,1.000000
8260.000000,1.914482,2.933719,-0.686840,0.686529,0.000000,1.000000,0.000000,3.000000,0.000000,0.525899,0.943335,0.651599,-0.682129,-0.490348,0.000000,0.000000,1.000000,5.000000,4.122371,1.911264,1.914482,2.933719,1.914482,2.933719,0.022849,1.000000,1.000000
8270.000000,1.907717,2.940658,-0.676462,0.693969,0.000000,1.000000,0.000000,3.000000,0.000000,0.525899,0.971118,0.679441,-0.693852,-0.487953,0.000000,0.000000,1.000000,5.000000,4.122371,1.911264,1.907717,2.940658,1.907717,2.940658,0.022849,1.000000,1.000000
8280.000000,1.901026,2.947653,-0.669105,0.699455,0.000000,1.000000,0.000000,3.000000,0.000000,0.523432,0.969121,0.686722,-0.683818,-0.494402,0.000000,0.000000,1.000000,5.000000,4.122371,1.911264,1.901026,2.947653,1.901026,2.947653,0.022849,1.000000,1.000000
8290.000000,1.894454,2.954646,-0.657188,0.699320,0.000000,1.000000,0.000000,3.000000,0.000000,0.497940,0.967956,0.691848,-0.676968,-0.289248,0.000000,0.000000,1.000000,5.000000,4.122371,1.911264,1.894454,2.954646,1.894454,2.954646,0.022849,1.000000,1.000000
8300.000000,1.888008,2.961674,-0.644598,0.702828,0.000000,1.000000,0.000000,3.000000,0.000000,0.497940,0.959659,0.691723,-0.665180,-0.288413,0.000000,0.000000,1.000000,5.000000,4.122371,1.911264,1.888008,2.961674,1.888008,2.961674,0.022849,1.000000,1.000000
8310.000000,1.881822,2.968699,-0.618596,0.702466,0.000000,1.000000,0.000000,3.000000,0.000000,0.464443,0.953663,0.694918,-0.653117,-0.434201,0.000000,0.000000,1.000000,5.000000,4.122371,1.911264,1.881822,2.968699,1.881822,2.968699,0.022849,1.000000,1.000000
8320.000000,1.875966,2.975594,-0.585611,0.689469,0.000000,1.000000,0.000000,3.000000,0.000000,0.443607,0.936012,0.694263,-0.627789,-0.751987,0.000000,0.000000,1.000000,5.000000,4.122371,1.911264,1.875966,2.975594,1.875966,2.975594,0.022849,1.000000,1.000000
8330.000000,1.870520,2.982174,-0.544552,0.657995,0.000000,1.000000,0.000000,3.000000,0.000000,0.626091,0.904603,0.680776,-0.595694,0.195552,0.000000,0.000000,1.000000,5.000000,4.122371,1.911264,1.870520,2.982174,1.870520,2.982174,0.022849,1.000000,1.000000
8340.000000,1.865381,2.988596,-0.513999,0.642282,0.000000,1.000000,0.000000,3.000000,0.000000,0.626091,0.854105,0.648942,-0.555310,0.195170,0.000000,0.000000,1.000000,5.000000,4.122371,1.911264,1.865381,2.988596,1.865381,2.988596,0.022849,1.000000,1.000000
8350.000000,1.860505,2.994994,-0.487526,0.639792,0.000000,1.000000,0.000000,3.000000,0.000000,0.626091,0.822630,0.633322,-0.525000,0.194790,0.000000,0.000000,1.000000,5.000000,4.122371,1.911264,1.860505,2.994994,1.860505,2.994994,0.022849,1.000000,1.000000
8360.000000,1.855636,3.001544,-0.486956,0.654940,0.000000,1.000000,0.000000,3.000000,0.000000,0.387197,0.804373,0.631581,-0.498118,-0.785578,0.000000,0.000000,1.000000,5.000000,4.122371,1.911264,1.855636,3.001544,1.855636,3.001544,0.022849,1.000000,1.000000
8370.000000,1.850853,3.008200,-0.478223,0.665662,0.000000,1.000000,0.000000,3.000000,0.000000,0.281213,0.816133,0.647523,-0.496776,-1.420983,0.000000,0.000000,1.000000,5.000000,4.122371,1.911264,1.850853,3.008200,1.850853,3.008200,0.022849,1.000000,1.000000
8380.000000,1.846147,3.015060,-0.470675,0.685957,0.000000,1.000000,0.000000,3.000000,0.000000,0.327001,0.819636,0.659274,-0.486992,-1.699965,0.000000,0.000000,1.000000,5.000000,4.122371,1.911264,1.846147,3.015060,1.846147,3.015060,0.022849,1.000000,1.000000
8390.000000,1.841532,3.022060,-0.461467,0.699983,0.000000,1.000000,0.000000,3.000000,0.000000,0.327001,0.831908,0.680228,-0.478917,-1.629457,0.000000,0.000000,1.000000,5.000000,4.122371,1.911264,1.841532,3.022060,1.841532,3.022060,0.022849,1.000000,1.000000
8400.000000,1.837019,3.029107,-0.451298,0.704697,0.000000,1.000000,0.000000,3.000000,0.000000,0.519731,0.838408,0.694403,-0.469823,-0.243224,0.000000,0.000000,1.000000,5.000000,4.122371,1.911264,1.837019,3.029107,1.837019,3.029107,0.022849,1.000000,1.000000
8410.000000,1.832674,3.036109,-0.434483,0.700227,0.000000,1.000000,0.000000,3.000000,0.000000,0.602816,0.836820,0.698526,-0.460793,-0.017850,0.000000,0.000000,1.000000,5.000000,4.122371,1.911264,1.832674,3.036109,1.832674,3.036109,0.022849,1.000000,1.000000
8420.000000,1.828370,3.043207,-0.430448,0.709804,0.000000,1.000000,0.000000,3.000000,0.000000,0.602816,0.824071,0.693207,-0.445598,-0.017846,0.000000,0.000000,1.000000,5.000000,4.122371,1.911264,1.828370,3.043207,1.828370,3.043207,0.022849,1.000000,1.000000
8430.000000,1.824149,3.050497,-0.422072,0.728985,0.000000,1.000000,0.000000,3.000000,0.000000,0.602816,0.830125,0.702371,-0.442472,-0.017843,0.000000,0.000000,1.000000,5.000000,4.122371,1.911264,1.824149,3.050497,1.824149,3.050497,0.022849,1.000000,1.000000
8440.000000,1.820057,3.058043,-0.409227,0.754577,0.000000,1.000000,0.000000,3.000000,0.000000,0.602553,0.842356,0.721737,-0.434349,-0.631293,0.000000,0.000000,1.000000,5.000000,4.122371,1.911264,1.820057,3.058043,1.820057,3.058043,0.022849,1.000000,1.000000
8450.000000,1.815950,3.065432,-0.410670,0.738978,0.000000,1.000000,0.000000,3.000000,0.000000,0.596532,0.858401,0.748021,-0.421091,-0.925407,0.000000,0.000000,1.000000,5.000000,4.122371,1.911264,1.815950,3.065432,1.815950,3.065432,0.022849,1.000000,1.000000
8460.000000,1.811785,3.072654,-0.416547,0.722193,0.000000,1.000000,0.000000,3.000000,0.000000,0.619547,0.845422,0.733410,-0.420532,-0.037990,0.000000,0.000000,1.000000,5.000000,4.122371,1.911264,1.811785,3.072654,1.811785,3.072654,0.022849,1.000000,1.000000
8470.000000,1.807674,3.079699,-0.411013,0.704482,0.000000,1.000000,0.000000,3.000000,0.000000,0.785086,0.833711,0.717243,-0.425014,0.855963,0.000000,0.000000,1.000000,5.000000,4.122371,1.911264,1.807674,3.079699,1.807674,3.079699,0.022849,1.000000,1.000000
8480.000000,1.803548,3.086779,-0.412647,0.708009,0.000000,1.000000,0.000000,3.000000,0.000000,0.785086,0.815614,0.699465,-0.419494,0.848692,0.000000,0.000000,1.000000,5.000000,4.122371,1.911264,1.803548,3.086779,1.803548,3.086779,0.022849,1.000000,1.000000
8490.000000,1.799372,3.093896,-0.417561,0.711664,0.000000,1.000000,0.000000,3.000000,0.000000,0.764751,0.819484,0.702289,-0.422309,0.500719,0.000000,0.000000,1.000000,5.000000,4.122371,1.911264,1.799372,3.093896,1.799372,3.093896,0.022849,1.000000,1.000000
8500.000000,1.795178,3.101137,-0.419440,0.724123,0.000000,1.000000,0.000000,3.000000,0.000000,0.381991,0.825120,0.705331,-0.428172,-1.129052,0.000000,0.000000,1.000000,5.000000,4.122371,1.911264,1.795178,3.101137,1.795178,3.101137,0.022849,1.000000,1.000000
8510.000000,1.790981,3.108400,-0.419725,0.726269,0.000000,1.000000,0.000000,3.000000,0.000000,0.230567,0.836830,0.717666,-0.430394,-1.894313,0.000000,0.000000,1.000000,5.000000,4.122371,1.911264,1.790981,3.108400,1.790981,3.108400,0.022849,1.000000,1.000000
8520.000000,1.786835,3.115687,-0.414583,0.728693,0.000000,1.000000,0.000000,3.000000,0.000000,0.215640,0.838830,0.720006,-0.430380,-1.898838,0.000000,0.000000,1.000000,5.000000,4.122371,1.911264,1.786835,3.115687,1.786835,3.115687,0.022849,1.000000,1.000000
8530.000000,1.782817,3.122857,-0.401832,0.717040,0.000000,1.000000,0.000000,3.000000,0.000000,0.536002,0.838375,0.722752,-0.424857,-1.302198,0.000000,0.000000,1.000000,5.000000,4.122371,1.911264,1.782817,3.122857,1.782817,3.122857,0.022849,1.000000,1.000000
8540.000000,1.778703,3.130065,-0.411359,0.720839,0.000000,1.000000,0.000000,3.000000,0.000000,0.748126,0.821958,0.711353,-0.411816,-0.420906,0.000000,0.000000,1.000000,5.000000,4.122371,1.911264,1.778703,3.130065,1.778703,3.130065,0.022849,1.000000,1.000000
8550.000000,1.774479,3.137339,-0.422353,0.727363,0.000000,1.000000,0.000000,3.000000,0.000000,0.763646,0.829955,0.714821,-0.421730,-0.419140,0.000000,0.000000,1.000000,5.000000,4.122371,1.911264,1.774479,3.137339,1.774479,3.137339,0.022849,1.000000,1.000000
8560.000000,1.770175,3.144744,-0.430433,0.740499,0.000000,1.000000,0.000000,3.000000,0.000000,0.763646,0.841094,0.720877,-0.433331,-0.417389,0.000000,0.000000,1.000000,5.000000,4.122371,1.911264,1.770175,3.144744,1.770175,3.144744,0.022849,1.000000,1.000000
8570.000000,1.765913,3.152096,-0.426162,0.735208,0.000000,1.000000,0.000000,3.000000,0.000000,0.632413,0.856511,0.733754,-0.441833,-0.529938,0.000000,0.000000,1.000000,5.000000,4.122371,1.911264,1.765913,3.152096,1.765913,3.152096,0.022849,1.000000,1.000000
8580.000000,1.761703,3.159362,-0.421043,0.726579,0.000000,1.000000,0.000000,3.000000,0.000000,0.632413,0.849791,0.728576,-0.437404,-0.013272,0.000000,0.000000,1.000000,5.000000,4.122371,1.911264,1.761703,3.159362,1.761703,3.159362,0.022849,1.000000,1.000000
8590.000000,1.757533,3.166453,-0.416965,0.709095,0.000000,1.000000,0.000000,3.000000,0.000000,0.959046,0.839759,0.720162,-0.431927,0.440707,0.000000,0.000000,1.000000,5.000000,4.122371,1.911264,1.757533,3.166453,1.757533,3.166453,0.022849,1.000000,1.000000
8600.000000,1.753298,3.173520,-0.423506,0.706652,0.000000,1.000000,0.000000,3.000000,0.000000,0.959046,0.822603,0.702566,-0.427874,0.438771,0.000000,0.000000,1.000000,5.000000,4.122371,1.911264,1.753298,3.173520,1.753298,3.173520,0.022849,1.000000,1.000000
8610.000000,1.748887,3.180717,-0.441112,0.719755,0.000000,1.000000,0.000000,3.000000,0.000000,0.959046,0.823841,0.699613,-0.435036,0.436852,0.000000,0.000000,1.000000,5.000000,4.122371,1.911264,1.748887,3.180717,1.748887,3.180717,0.022849,1.000000,1.000000
8620.000000,1.744346,3.188042,-0.454075,0.732526,0.000000,1.000000,0.000000,3.000000,0.000000,0.656235,0.844172,0.712193,-0.453219,-0.564189,0.000000,0.000000,1.000000,5.000000,4.122371,1.911264,1.744346,3.188042,1.744346,3.188042,0.022849,1.000000,1.000000
8630.000000,1.739772,3.195321,-0.457476,0.727814,0.000000,1.000000,0.000000,3.000000,0.000000,0.459038,0.861846,0.725151,-0.465762,-1.242824,0.000000,0.000000,1.000000,5.000000,4.122371,1.911264,1.739772,3.195321,1.739772,3.195321,0.022849,1.000000,1.000000
8640.000000,1.735064,3.202582,-0.470725,0.726101,0.000000,1.000000,0.000000,3.000000,0.000000,0.231599,0.859649,0.720677,-0.468639,-1.878723,0.000000,0.000000,1.000000,5.000000,4.122371,1.911264,1.735064,3.202582,1.735064,3.202582,0.022849,1.000000,1.000000
8650.000000,1.730317,3.209689,-0.474733,0.710745,0.000000,1.000000,0.000000,3.000000,0.000000,0.300970,0.865335,0.718583,-0.482123,-1.642909,0.000000,0.000000,1.000000,5.000000,4.122371,1.911264,1.730317,3.209689,1.730317,3.209689,0.022849,1.000000,1.000000
8660.000000,1.725360,3.216907,-0.495696,0.721754,0.000000,1.000000,0.000000,3.000000,0.000000,0.907698,0.854711,0.702905,-0.486266,0.110697,0.000000,0.000000,1.000000,5.000000,4.122371,1.911264,1.725360,3.216907,1.725360,3.216907,0.022849,1.000000,1.000000
8670.000000,1.720054,3.224285,-0.530602,0.737800,0.000000,1.000000,0.000000,3.000000,0.000000,1.207424,0.875582,0.713560,-0.507421,0.110575,0.000000,0.000000,1.000000,5.000000,4.122371,1.911264,1.720054,3.224285,1.720054,3.224285,0.022849,1.000000,1.000000
8680.000000,1.714561,3.231748,-0.549265,0.746340,0.000000,1.000000,0.000000,3.000000,0.000000,1.039309,0.908784,0.728607,-0.543157,0.110453,0.000000,0.000000,1.000000,5.000000,4.122371,1.911264,1.714561,3.231748,1.714561,3.231748,0.022849,1.000000,1.000000
8690.000000,1.709170,3.239063,-0.539177,0.731456,0.000000,1.000000,0.000000,3.000000,0.000000,0.466638,0.926669,0.736538,-0.562341,-0.625026,0.000000,0.000000,1.000000,5.000000,4.122371,1.911264,1.709170,3.239063,1.709170,3.239063,0.022849,1.000000,1.000000
8700.000000,1.703732,3.246239,-0.543783,0.717634,0.000000,1.000000,0.000000,3.000000,0.000000,0.466638,0.908702,0.721780,-0.552063,-0.621140,0.000000,0.000000,1.000000,5.000000,4.122371,1.911264,1.703732,3.246239,1.703732,3.246239,0.022849,1.000000,1.000000
8710.000000,1.698047,3.253233,-0.568505,0.699396,0.000000,1.000000,0.000000,3.000000,0.000000,0.662734,0.900388,0.708139,-0.556092,0.237044,0.000000,0.000000,1.000000,5.000000,4.122371,1.911264,1.698047,3.253233,1.698047,3.253233,0.022849,1.000000,1.000000
8720.000000,1.692070,3.260180,-0.597632,0.694697,0.000000,1.000000,0.000000,3.000000,0.000000,0.662734,0.901306,0.689950,-0.579933,0.236482,0.000000,0.000000,1.000000,5.000000,4.122371,1.911264,1.692070,3.260180,1.692070,3.260180,0.022849,1.000000,1.000000
8730.000000,1.686131,3.266948,-0.593952,0.676789,0.000000,1.000000,0.000000,3.000000,0.000000,0.669442,0.916389,0.685324,-0.608358,0.235923,0.000000,0.000000,1.000000,5.000000,4.122371,1.911264,1.686131,3.266948,1.686131,3.266948,0.022849,1.000000,1.000000
8740.000000,1.680091,3.273661,-0.603998,0.671237,0.000000,1.000000,0.000000,3.000000,0.000000,0.669442,0.900457,0.667436,-0.604442,0.129936,0.000000,0.000000,1.000000,5.000000,4.122371,1.911264,1.680091,3.273661,1.680091,3.273661,0.022849,1.000000,1.000000
8750.000000,1.673868,3.280227,-0.622322,0.656643,0.000000,1.000000,0.000000,3.000000,0.000000,0.669442,0.902980,0.661687,-0.614445,-0.046750,0.000000,0.000000,1.000000,5.000000,4.122371,1.911264,1.673868,3.280227,1.673868,3.280227,0.022849,1.000000,1.000000
8760.000000,1.667381,3.286797,-0.648714,0.656942,0.000000,1.000000,0.000000,3.000000,0.000000,0.572080,0.904690,0.647035,-0.632305,-0.014911,0.000000,0.000000,1.000000,5.000000,4.122371,1.911264,1.667381,3.286797,1.667381,3.286797,0.022849,1.000000,1.000000
8770.000000,1.660909,3.293209,-0.647163,0.641219,0.000000,1.000000,0.000000,3.000000,0.000000,0.572080,0.923257,0.647198,-0.658435,-0.014909,0.000000,0.000000,1.000000,5.000000,4.122371,1.911264,1.660909,3.293209,1.660909,3.293209,0.022849,1.000000,1.000000
8780.000000,1.654219,3.299675,-0.669044,0.646623,0.000000,1.000000,0.000000,3.000000,0.000000,0.572080,0.911034,0.631597,-0.656558,-0.014906,0.000000,0.000000,1.000000,5.000000,4.122371,1.911264,1.654219,3.299675,1.654219,3.299675,0.022849,1.000000,1.000000
8790.000000,1.647386,3.306154,-0.683255,0.647825,0.000000,1.000000,0.000000,3.000000,0.000000,0.418310,0.930452,0.637065,-0.678152,-0.827081,0.000000,0.000000,1.000000,5.000000,4.122371,1.911264,1.647386,3.306154,1.647386,3.306154,0.022849,1.000000,1.000000
8800.000000,1.640476,3.312635,-0.690994,0.648111,0.000000,1.000000,0.000000,3.000000,0.000000,0.396768,0.941549,0.639114,-0.691410,-0.828528,0.000000,0.000000,1.000000,5.000000,4.122371,1.911264,1.640476,3.312635,1.640476,3.312635,0.022849,1.000000,1.000000
8810.000000,1.633626,3.319023,-0.684990,0.638814,0.000000,1.000000,0.000000,3.000000,0.000000,0.396768,0.947376,0.640372,-0.698172,-0.821713,0.000000,0.000000,1.000000,5.000000,4.122371,1.911264,1.633626,3.319023,1.633626,3.319023,0.022849,1.000000,1.000000
8820.000000,1.626681,3.325438,-0.694547,0.641482,0.000000,1.000000,0.000000,3.000000,0.000000,0.401731,0.936640,0.631985,-0.691296,-0.641832,0.000000,0.000000,1.000000,5.000000,4.122371,1.911264,1.626681,3.325438,1.626681,3.325438,0.022849,1.000000,1.000000
8830.000000,1.619641,3.331836,-0.703965,0.639786,0.000000,1.000000,0.000000,3.000000,0.000000,0.401731,0.945460,0.635340,-0.700170,-0.637735,0.000000,0.000000,1.000000,5.000000,4.122371,1.911264,1.619641,3.331836,1.619641,3.331836,0.022849,1.000000,1.000000
8840.000000,1.612461,3.338224,-0.717968,0.638856,0.000000,1.000000,0.000000,3.000000,0.000000,0.350768,0.951259,0.634130,-0.709065,-1.084339,0.000000,0.000000,1.000000,5.000000,4.122371,1.911264,1.612461,3.338224,1.612461,3.338224,0.022849,1.000000,1.000000
8850.000000,1.605383,3.344433,-0.707788,0.620817,0.000000,1.000000,0.000000,3.000000,0.000000,0.451983,0.961049,0.633386,-0.722798,-0.330927,0.000000,0.000000,1.000000,5.000000,4.122371,1.911264,1.605383,3.344433,1.605383,3.344433,0.022849,1.000000,1.000000
8860.000000,1.598398,3.350546,-0.698507,0.611331,0.000000,1.000000,0.000000,3.000000,0.000000,0.476431,0.941476,0.615265,-0.712619,-0.199043,0.000000,0.000000,1.000000,5.000000,4.122371,1.911264,1.598398,3.350546,1.598398,3.350546,0.022849,1.000000,1.000000
8870.000000,1.591364,3.356749,-0.703450,0.620292,0.000000,1.000000,0.000000,3.000000,0.000000,0.619414,0.928244,0.605447,-0.703613,-0.198647,0.000000,0.000000,1.000000,5.000000,4.122371,1.911264,1.591364,3.356749,1.591364,3.356749,0.022849,1.000000,1.000000
8880.000000,1.584150,3.363139,-0.721375,0.639051,0.000000,1.000000,0.000000,3.000000,0.000000,0.818292,0.937872,0.613813,-0.709111,-0.345530,0.000000,0.000000,1.000000,5.000000,4.122371,1.911264,1.584150,3.363139,1.584150,3.363139,0.022849,1.000000,1.000000
8890.000000,1.576825,3.369552,-0.732469,0.641255,0.000000,1.000000,0.000000,3.000000,0.000000,0.780168,0.963726,0.632688,-0.726962,-0.344339,0.000000,0.000000,1.000000,5.000000,4.122371,1.911264,1.576825,3.369552,1.576825,3.369552,0.022849,1.000000,1.000000
8900.000000,1.569494,3.375905,-0.733141,0.635343,0.000000,1.000000,0.000000,3.000000,0.000000,0.436058,0.973508,0.635772,-0.737233,-1.372078,0.000000,0.000000,1.000000,5.000000,4.122371,1.911264,1.569494,3.375905,1.569494,3.375905,0.022849,1.000000,1.000000
8910.000000,1.562195,3.382127,-0.729939,0.622141,0.000000,1.000000,0.000000,3.000000,0.000000,0.241987,0.970132,0.630469,-0.737336,-1.983668,0.000000,0.000000,1.000000,5.000000,4.122371,1.911264,1.562195,3.382127,1.562195,3.382127,0.022849,1.000000,1.000000
8920.000000,1.554564,3.388419,-0.763103,0.629215,0.000000,1.000000,0.000000,3.000000,0.000000,0.637032,0.959098,0.617400,-0.733953,-1.241851,0.000000,0.000000,1.000000,5.000000,4.122371,1.911264,1.554564,3.388419,1.554564,3.388419,0.022849,1.000000,1.000000
8930.000000,1.546890,3.394698,-0.767325,0.627963,0.000000,1.000000,0.000000,3.000000,0.000000,0.629241,0.989059,0.624422,-0.767029,-0.910042,0.000000,0.000000,1.000000,5.000000,4.122371,1.911264,1.546890,3.394698,1.546890,3.394698,0.022849,1.000000,1.000000
8940.000000,1.539261,3.400996,-0.762968,0.629814,0.000000,1.000000,0.000000,3.000000,0.000000,0.568546,0.991527,0.622846,-0.771485,-0.088091,0.000000,0.000000,1.000000,5.000000,4.122371,1.911264,1.539261,3.400996,1.539261,3.400996,0.022849,1.000000,1.000000
8950.000000,1.531593,3.407140,-0.766795,0.614410,0.000000,1.000000,0.000000,3.000000,0.000000,0.568546,0.989336,0.624495,-0.767327,-0.088013,0.000000,0.000000,1.000000,5.000000,4.122371,1.911264,1.531593,3.407140,1.531593,3.407140,0.022849,1.000000,1.000000
8960.000000,1.523679,3.413073,-0.791341,0.593242,0.000000,1.000000,0.000000,3.000000,0.000000,0.669134,0.982585,0.609152,-0.770978,0.394727,0.000000,0.000000,1.000000,5.000000,4.122371,1.911264,1.523679,3.413073,1.523679,3.413073,0.022849,1.000000,1.000000
8970.000000,1.515697,3.418718,-0.798190,0.564556,0.000000,1.000000,0.000000,3.000000,0.000000,0.757125,0.989018,0.587955,-0.795277,0.832031,0.000000,0.000000,1.000000,5.000000,4.122371,1.911264,1.515697,3.418718,1.515697,3.418718,0.022849,1.000000,1.000000
8980.000000,1.507491,3.424304,-0.820658,0.558591,0.000000,1.000000,0.000000,3.000000,0.000000,0.757125,0.977666,0.559238,-0.801925,0.825158,0.000000,0.000000,1.000000,5.000000,4.122371,1.911264,1.507491,3.424304,1.507491,3.424304,0.022849,1.000000,1.000000
8990.000000,1.499210,3.429850,-0.828048,0.554551,0.000000,1.000000,0.000000,3.000000,0.000000,0.713477,0.992725,0.552728,-0.824618,0.818399,0.000000,0.000000,1.000000,5.000000,4.122371,1.911264,1.499210,3.429850,1.499210,3.429850,0.022849,1.000000,1.000000
9000.000000,1.490985,3.435475,-0.822560,0.562525,0.000000,1.000000,0.000000,3.000000,0.000000,0.871261,0.996589,0.548077,-0.832347,0.256417,0.000000,0.000000,1.000000,5.000000,4.122371,1.911264,1.490985,3.435475,1.490985,3.435475,0.022849,1.000000,1.000000
9010.000000,1.482840,3.441046,-0.814515,0.557100,0.000000,1.000000,0.000000,3.000000,0.000000,0.868985,0.996514,0.556343,-0.826754,0.098793,0.000000,0.000000,1.000000,5.000000,4.122371,1.911264,1.482840,3.441046,1.482840,3.441046,0.022849,1.000000,1.000000
9020.000000,1.474533,3.446592,-0.830667,0.554555,0.000000,1.000000,0.000000,3.000000,0.000000,0.302880,0.986811,0.552259,-0.817806,-1.844861,0.000000,0.000000,1.000000,5.000000,4.122371,1.911264,1.474533,3.446592,1.474533,3.446592,0.022849,1.000000,1.000000
9030.000000,1.466066,3.452156,-0.846655,0.556437,0.000000,1.000000,0.000000,3.000000,0.000000,0.242699,0.998769,0.551060,-0.832990,-2.009662,0.000000,0.000000,1.000000,5.000000,4.122371,1.911264,1.466066,3.452156,1.466066,3.452156,0.022849,1.000000,1.000000
9040.000000,1.457484,3.457743,-0.858235,0.558709,0.000000,1.000000,0.000000,3.000000,0.000000,0.251562,1.013137,0.553595,-0.848516,-1.940869,0.000000,0.000000,1.000000,5.000000,4.122371,1.911264,1.457484,3.457743,1.457484,3.457743,0.022849,1.000000,1.000000
9050.000000,1.449041,3.463179,-0.844357,0.543593,0.000000,1.000000,0.000000,3.000000,0.000000,0.251562,1.024071,0.555806,-0.860118,-1.903880,0.000000,0.000000,1.000000,5.000000,4.122371,1.911264,1.449041,3.463179,1.449041,3.463179,0.022849,1.000000,1.000000
9060.000000,1.440560,3.468539,-0.848046,0.535986,0.000000,1.000000,0.000000,3.000000,0.000000,0.478101,1.004207,0.540153,-0.846562,-1.125031,0.000000,0.000000,1.000000,5.000000,4.122371,1.911264,1.440560,3.468539,1.440560,3.468539,0.022849,1.000000,1.000000
9070.000000,1.431962,3.473920,-0.859826,0.538084,0.000000,1.000000,0.000000,3.000000,0.000000,0.793959,1.003227,0.531850,-0.850646,-0.195953,0.000000,0.000000,1.000000,5.000000,4.122371,1.911264,1.431962,3.473920,1.431962,3.473920,0.022849,1.000000,1.000000
9080.000000,1.423426,3.479281,-0.853639,0.536120,0.000000,1.000000,0.000000,3.000000,0.000000,0.793959,1.014315,0.533295,-0.862804,-0.195569,0.000000,0.000000,1.000000,5.000000,4.122371,1.911264,1.423426,3.479281,1.423426,3.479281,0.022849,1.000000,1.000000
9090.000000,1.414952,3.484599,-0.847386,0.531825,0.000000,1.000000,0.000000,3.000000,0.000000,0.855674,1.008030,0.531565,-0.856483,0.076126,0.000000,0.000000,1.000000,5.000000,4.122371,1.911264,1.414952,3.484599,1.414952,3.484599,0.022849,1.000000,1.000000
9100.000000,1.406362,3.489901,-0.858953,0.530157,0.000000,1.000000,0.000000,3.000000,0.000000,0.855674,1.000450,0.527886,-0.849845,0.076067,0.000000,0.000000,1.000000,5.000000,4.122371,1.911264,1.406362,3.489901,1.406362,3.489901,0.022849,1.000000,1.000000
9110.000000,1.397791,3.495172,-0.857132,0.527080,0.000000,1.000000,0.000000,3.000000,0.000000,0.792720,1.009390,0.526936,-0.860933,-0.074166,0.000000,0.000000,1.000000,5.000000,4.122371,1.911264,1.397791,3.495172,1.397791,3.495172,0.022849,1.000000,1.000000
9120.000000,1.389079,3.500611,-0.871163,0.543948,0.000000,1.000000,0.000000,3.000000,0.000000,0.343861,1.006225,0.524389,-0.858781,-1.623081,0.000000,0.000000,1.000000,5.000000,4.122371,1.911264,1.389079,3.500611,1.389079,3.500611,0.022849,1.000000,1.000000
9130.000000,1.380330,3.506100,-0.874931,0.548918,0.000000,1.000000,0.000000,3.000000,0.000000,0.343861,1.027037,0.540490,-0.873313,-1.597132,0.000000,0.000000,1.000000,5.000000,4.122371,1.911264,1.380330,3.506100,1.380330,3.506100,0.022849,1.000000,1.000000
9140.000000,1.371454,3.511601,-0.887564,0.550127,0.000000,1.000000,0.000000,3.000000,0.000000,0.343861,1.032867,0.543834,-0.878100,-1.572000,0.000000,0.000000,1.000000,5.000000,4.122371,1.911264,1.371454,3.511601,1.371454,3.511601,0.022849,1.000000,1.000000
9150.000000,1.362471,3.517080,-0.898374,0.547835,0.000000,1.000000,0.000000,3.000000,0.000000,0.257396,1.044226,0.543924,-0.891378,-1.839387,0.000000,0.000000,1.000000,5.000000,4.122371,1.911264,1.362471,3.517080,1.362471,3.517080,0.022849,1.000000,1.000000
9160.000000,1.353264,3.522564,-0.920620,0.548380,0.000000,1.000000,0.000000,3.000000,0.000000,0.240189,1.052235,0.541363,-0.902288,-1.858736,0.000000,0.000000,1.000000,5.000000,4.122371,1.911264,1.353264,3.522564,1.353264,3.522564,0.022849,1.000000,1.000000
9170.000000,1.344101,3.527902,-0.916335,0.533848,0.000000,1.000000,0.000000,3.000000,0.000000,0.585874,1.071569,0.542407,-0.924151,-0.679143,0.000000,0.000000,1.000000,5.000000,4.122371,1.911264,1.344101,3.527902,1.344101,3.527902,0.022849,1.000000,1.000000
9180.000000,1.335048,3.533100,-0.905347,0.519817,0.000000,1.000000,0.000000,3.000000,0.000000,0.701028,1.060502,0.529309,-0.918965,-0.289394,0.000000,0.000000,1.000000,5.000000,4.122371,1.911264,1.335048,3.533100,1.335048,3.533100,0.022849,1.000000,1.000000
9190.000000,1.326002,3.538119,-0.904606,0.501821,0.000000,1.000000,0.000000,3.000000,0.000000,0.701028,1.043965,0.516033,-0.907509,-0.288558,0.000000,0.000000,1.000000,5.000000,4.122371,1.911264,1.326002,3.538119,1.326002,3.538119,0.022849,1.000000,1.000000
9200.000000,1.316873,3.542928,-0.912829,0.480948,0.000000,1.000000,0.000000,3.000000,0.000000,0.701028,1.034474,0.498068,-0.906678,-0.287727,0.000000,0.000000,1.000000,5.000000,4.122371,1.911264,1.316873,3.542928,1.316873,3.542928,0.022849,1.000000,1.000000
9210.000000,1.307668,3.547486,-0.920544,0.455834,0.000000,1.000000,0.000000,3.000000,0.000000,0.608792,1.031779,0.477878,-0.914440,-0.603480,0.000000,0.000000,1.000000,5.000000,4.122371,1.911264,1.307668,3.547486,1.307668,3.547486,0.022849,1.000000,1.000000
9220.000000,1.298264,3.551918,-0.940352,0.443133,0.000000,1.000000,0.000000,3.000000,0.000000,0.421001,1.027223,0.454360,-0.921273,-1.243740,0.000000,0.000000,1.000000,5.000000,4.122371,1.911264,1.298264,3.551918,1.298264,3.551918,0.022849,1.000000,1.000000
9230.000000,1.288751,3.556250,-0.951275,0.433229,0.000000,1.000000,0.000000,3.000000,0.000000,0.195843,1.039533,0.442536,-0.940633,-1.992824,0.000000,0.000000,1.000000,5.000000,4.122371,1.911264,1.288751,3.556250,1.288751,3.556250,0.022849,1.000000,1.000000
9240.000000,1.278923,3.560481,-0.982862,0.423147,0.000000,1.000000,0.000000,3.000000,0.000000,0.106732,1.045280,0.432005,-0.951831,-2.248537,0.000000,0.000000,1.000000,5.000000,4.122371,1.911264,1.278923,3.560481,1.278923,3.560481,0.022849,1.000000,1.000000
9250.000000,1.269165,3.564516,-0.975833,0.403441,0.000000,1.000000,0.000000,3.000000,0.000000,0.106057,1.070080,0.421614,-0.983521,-2.201298,0.000000,0.000000,1.000000,5.000000,4.122371,1.911264,1.269165,3.564516,1.269165,3.564516,0.022849,1.000000,1.000000
9260.000000,1.259397,3.568461,-0.976791,0.394516,0.000000,1.000000,0.000000,3.000000,0.000000,0.033492,1.055942,0.402803,-0.976096,-2.390455,0.000000,0.000000,1.000000,5.000000,4.122371,1.911264,1.259397,3.568461,1.259397,3.568461,0.022849,1.000000,1.000000
9270.000000,1.249318,3.572361,-1.007861,0.389968,0.000000,1.000000,0.000000,3.000000,0.000000,0.050465,1.053453,0.393870,-0.977051,-2.278873,0.000000,0.000000,1.000000,5.000000,4.122371,1.911264,1.249318,3.572361,1.249318,3.572361,0.022849,1.000000,1.000000
9280.000000,1.239026,3.576273,-1.029257,0.391234,0.000000,1.000000,0.000000,3.000000,0.000000,0.107679,1.080675,0.389694,-1.007967,-2.047467,0.000000,0.000000,1.000000,5.000000,4.122371,1.911264,1.239026,3.576273,1.239026,3.576273,0.022849,1.000000,1.000000
9290.000000,1.228758,3.579996,-1.026747,0.372291,0.000000,1.000000,0.000000,3.000000,0.000000,0.149641,1.101106,0.393672,-1.028327,-1.872693,0.000000,0.000000,1.000000,5.000000,4.122371,1.911264,1.228758,3.579996,1.228758,3.579996,0.022849,1.000000,1.000000
9300.000000,1.218329,3.583210,-1.042879,0.321422,0.000000,1.000000,0.000000,3.000000,0.000000,0.831305,1.092158,0.377142,-1.024975,0.312937,0.000000,0.000000,1.000000,5.000000,4.122371,1.911264,1.218329,3.583210,1.218329,3.583210,0.022849,1.000000,1.000000
9310.000000,1.207477,3.585529,-1.085236,0.231904,0.000000,1.000000,0.000000,3.000000,0.000000,1.470960,1.091288,0.325775,-1.041528,2.333231,0.000000,0.000000,1.000000,5.000000,4.122371,1.911264,1.207477,3.585529,1.207477,3.585529,0.022849,1.000000,1.000000
9320.000000,1.195654,3.586846,-1.182280,0.131704,0.000000,1.000000,0.000000,3.000000,0.000000,1.784306,1.109738,0.234046,-1.084777,2.758172,0.000000,0.000000,1.000000,5.000000,4.122371,1.911264,1.195654,3.586846,1.195654,3.586846,0.022849,1.000000,1.000000
9330.000000,1.183172,3.587465,-1.248196,0.061914,0.000000,1.000000,0.000000,3.000000,0.000000,1.588205,1.189593,0.131274,-1.182328,3.261697,0.000000,0.000000,1.000000,5.000000,4.122371,1.911264,1.183172,3.587465,1.183172,3.587465,0.022849,1.000000,1.000000
9340.000000,1.169702,3.587308,-1.347057,-0.015697,0.000000,1.000000,0.000000,3.000000,0.000000,1.588205,1.249731,0.057050,-1.248428,3.158571,0.000000,0.000000,1.000000,5.000000,4.122371,1.911264,1.169702,3.587308,1.169702,3.587308,0.022849,1.000000,1.000000
9350.000000,1.155399,3.586480,-1.430300,-0.082872,0.000000,1.000000,0.000000,3.000000,0.000000,1.588205,1.347148,-0.025161,-1.346913,3.031952,0.000000,0.000000,1.000000,5.000000,4.122371,1.911264,1.155399,3.586480,1.155399,3.586480,0.022849,1.000000,1.000000
9360.000000,1.139979,3.584936,-1.542002,-0.154353,0.000000,1.000000,0.000000,3.000000,0.000000,1.104663,1.432699,-0.096575,-1.429440,1.990542,0.000000,0.000000,1.000000,5.000000,4.122371,1.911264,1.139979,3.584936,1.139979,3.584936,0.022849,1.000000,1.000000
9370.000000,1.124010,3.582803,-1.596852,-0.213254,0.000000,1.000000,0.000000,3.000000,0.000000,1.165234,1.549708,-0.172480,-1.540080,1.068712,0.000000,0.000000,1.000000,5.000000,4.122371,1.911264,1.124010,3.582803,1.124010,3.582803,0.022849,1.000000,1.000000
9380.000000,1.108510,3.581703,-1.549995,-0.110061,0.000000,1.000000,0.000000,3.000000,0.000000,0.979737,1.611029,-0.236750,-1.593538,0.379484,0.000000,0.000000,1.000000,5.000000,4.122371,1.911264,1.108510,3.581703,1.108510,3.581703,0.022849,1.000000,1.000000
9390.000000,1.092616,3.580913,-1.589389,-0.078995,0.000000,1.000000,0.000000,3.000000,0.000000,1.032308,1.644320,-0.217985,-1.629807,0.683427,0.000000,0.000000,1.000000,5.000000,4.122371,1.911264,1.092616,3.580913,1.092616,3.580913,0.022849,1.000000,1.000000
9400.000000,1.076578,3.580309,-1.603805,-0.060391,0.000000,1.000000,0.000000,3.000000,0.000000,1.035690,1.679028,-0.192724,-1.667930,0.922495,0.000000,0.000000,1.000000,5.000000,4.122371,1.911264,1.076578,3.580309,1.076578,3.580309,0.022849,1.000000,1.000000
9410.000000,1.060244,3.579265,-1.633441,-0.104425,0.000000,1.000000,0.000000,3.000000,0.000000,1.366258,1.700062,-0.185065,-1.689959,2.586531,0.000000,0.000000,1.000000,5.000000,4.122371,1.911264,1.060244,3.579265,1.060244,3.579265,0.022849,1.000000,1.000000
9420.000000,1.043927,3.578219,-1.631638,-0.104587,0.000000,1.000000,0.000000,3.000000,0.000000,1.366258,1.724325,-0.224196,-1.709688,2.970772,0.000000,0.000000,1.000000,5.000000,4.122371,1.911264,1.043927,3.578219,1.043927,3.578219,0.022849,1.000000,1.000000
9430.000000,1.028046,3.577457,-1.588116,-0.076220,0.000000,1.000000,0.000000,3.000000,0.000000,1.366258,1.731372,-0.233175,-1.715599,3.179970,0.000000,0.000000,1.000000,5.000000,4.122371,1.911264,1.028046,3.577457,1.028046,3.577457,0.022849,1.000000,1.000000
9440.000000,1.012125,3.576668,-1.592099,-0.078837,0.000000,1.000000,0.000000,3.000000,0.000000,1.192770,1.711159,-0.223641,-1.696481,3.081869,0.000000,0.000000,1.000000,5.000000,4.122371,1.911264,1.012125,3.576668,1.012125,3.576668,0.022849,1.000000,1.000000
9450.000000,0.996199,3.575475,-1.592577,-0.119328,0.000000,1.000000,0.000000,3.000000,0.000000,1.192770,1.736656,-0.240685,-1.719897,2.989640,0.000000,0.000000,1.000000,5.000000,4.122371,1.911264,0.996199,3.575475,0.996199,3.575475,0.022849,1.000000,1.000000
9460.000000,0.979322,3.573432,-1.687728,-0.204249,0.000000,1.000000,0.000000,3.000000,0.000000,1.096368,1.719428,-0.259001,-1.699809,1.248536,0.000000,0.000000,1.000000,5.000000,4.122371,1.911264,0.979322,3.573432,0.979322,3.573432,0.022849,1.000000,1.000000
9470.000000,0.962314,3.571390,-1.700807,-0.204281,0.000000,1.000000,0.000000,3.000000,0.000000,1.224796,1.770587,-0.297725,-1.745376,2.386598,0.000000,0.000000,1.000000,5.000000,4.122371,1.911264,0.962314,3.571390,0.962314,3.571390,0.022849,1.000000,1.000000
9480.000000,0.944817,3.568887,-1.749740,-0.250233,0.000000,1.000000,0.000000,3.000000,0.000000,2.875484,1.765520,-0.280939,-1.743025,5.060069,0.000000,0.000000,1.000000,5.000000,4.122371,1.911264,0.944817,3.568887,0.944817,3.568887,0.022849,1.000000,1.000000
9490.000000,0.927183,3.566153,-1.763354,-0.273411,0.000000,1.000000,0.000000,3.000000,0.000000,3.048952,1.747478,-0.266052,-1.727107,5.217302,0.000000,0.000000,1.000000,5.000000,4.122371,1.911264,0.927183,3.566153,0.927183,3.566153,0.022849,1.000000,1.000000
9500.000000,0.910049,3.564099,-1.713402,-0.205396,0.000000,1.000000,0.000000,3.000000,0.000000,3.048952,1.719310,-0.251678,-1.700790,4.958351,0.000000,0.000000,1.000000,5.000000,4.122371,1.911264,0.910049,3.564099,0.910049,3.564099,0.022849,1.000000,1.000000
9510.000000,0.892910,3.562704,-1.713861,-0.139545,0.000000,1.000000,0.000000,3.000000,0.000000,3.499139,1.721071,-0.232385,-1.705310,5.090798,0.000000,0.000000,1.000000,5.000000,4.122371,1.911264,0.892910,3.562704,0.892910,3.562704,0.022849,1.000000,1.000000
9520.000000,0.877213,3.563994,-1.569715,0.129081,0.000000,1.000000,0.000000,3.000000,0.000000,4.391732,1.654433,-0.118477,-1.650185,4.843955,0.000000,0.000000,1.000000,5.000000,4.122371,1.911264,0.877213,3.563994,0.877213,3.563994,0.022849,1.000000,1.000000
9530.000000,0.862430,3.567219,-1.478358,0.322507,0.000000,1.000000,0.000000,3.000000,0.000000,2.513889,1.539816,0.045672,-1.539139,6.210985,0.000000,0.000000,1.000000,5.000000,4.122371,1.911264,0.862430,3.567219,0.862430,3.567219,0.022849,1.000000,1.000000
9540.000000,0.847719,3.571686,-1.471058,0.446598,0.000000,1.000000,0.000000,3.000000,0.000000,2.513889,1.429479,0.187022,-1.417192,5.847438,0.000000,0.000000,1.000000,5.000000,4.122371,1.911264,0.847719,3.571686,0.847719,3.571686,0.022849,1.000000,1.000000
9550.000000,0.832386,3.576601,-1.533282,0.491518,0.000000,1.000000,0.000000,3.000000,0.000000,2.513889,1.414665,0.267269,-1.389188,5.524097,0.000000,0.000000,1.000000,5.000000,4.122371,1.911264,0.832386,3.576601,0.832386,3.576601,0.022849,1.000000,1.000000
9560.000000,0.816228,3.581650,-1.615855,0.504953,0.000000,1.000000,0.000000,3.000000,0.000000,2.058816,1.474321,0.281866,-1.447126,3.962415,0.000000,0.000000,1.000000,5.000000,4.122371,1.911264,0.816228,3.581650,0.816228,3.581650,0.022849,1.000000,1.000000
9570.000000,0.800250,3.586555,-1.597803,0.490483,0.000000,1.000000,0.000000,3.000000,0.000000,1.859744,1.548569,0.262696,-1.526125,3.300134,0.000000,0.000000,1.000000,5.000000,4.122371,1.911264,0.800250,3.586555,0.800250,3.586555,0.022849,1.000000,1.000000
9580.000000,0.784696,3.590974,-1.555361,0.441860,0.000000,1.000000,0.000000,3.000000,0.000000,1.582798,1.546812,0.246346,-1.527069,2.381150,0.000000,0.000000,1.000000,5.000000,4.122371,1.911264,0.784696,3.590974,0.784696,3.590974,0.022849,1.000000,1.000000
9590.000000,0.769578,3.594660,-1.511806,0.368635,0.000000,1.000000,0.000000,3.000000,0.000000,1.260937,1.554773,0.236962,-1.536610,1.163278,0.000000,0.000000,1.000000,5.000000,4.122371,1.911264,0.769578,3.594660,0.769578,3.594660,0.022849,1.000000,1.000000
9600.000000,0.754812,3.597685,-1.476601,0.302511,0.000000,1.000000,0.000000,3.000000,0.000000,1.476318,1.555015,0.207647,-1.541089,2.238969,0.000000,0.000000,1.000000,5.000000,4.122371,1.911264,0.754812,3.597685,0.754812,3.597685,0.022849,1.000000,1.000000
9610.000000,0.739613,3.601142,-1.519862,0.345704,0.000000,1.000000,0.000000,3.000000,0.000000,2.402935,1.563183,0.185722,-1.552111,3.727823,0.000000,0.000000,1.000000,5.000000,4.122371,1.911264,0.739613,3.601142,0.739613,3.601142,0.022849,1.000000,1.000000
9620.000000,0.725253,3.603780,-1.436092,0.263760,0.000000,1.000000,0.000000,3.000000,0.000000,2.720512,1.558682,0.165064,-1.549918,4.180107,0.000000,0.000000,1.000000,5.000000,4.122371,1.911264,0.725253,3.603780,0.725253,3.603780,0.022849,1.000000,1.000000
9630.000000,0.711912,3.606565,-1.334058,0.278517,0.000000,1.000000,0.000000,3.000000,0.000000,2.720512,1.551903,0.165465,-1.543057,4.411839,0.000000,0.000000,1.000000,5.000000,4.122371,1.911264,0.711912,3.606565,0.711912,3.606565,0.022849,1.000000,1.000000
9640.000000,0.699062,3.609878,-1.284959,0.331261,0.000000,1.000000,0.000000,3.000000,0.000000,2.699224,1.516485,0.243565,-1.496797,4.225241,0.000000,0.000000,1.000000,5.000000,4.122371,1.911264,0.699062,3.609878,0.699062,3.609878,0.022849,1.000000,1.000000
9650.000000,0.686202,3.613380,-1.286041,0.350265,0.000000,1.000000,0.000000,3.000000,0.000000,2.178246,1.518972,0.335352,-1.481491,3.435769,0.000000,0.000000,1.000000,5.000000,4.122371,1.911264,0.686202,3.613380,0.686202,3.613380,0.022849,1.000000,1.000000
9660.000000,0.672426,3.616823,-1.377560,0.344311,0.000000,1.000000,0.000000,3.000000,0.000000,1.381278,1.509504,0.345913,-1.469335,0.974368,0.000000,0.000000,1.000000,5.000000,4.122371,1.911264,0.672426,3.616823,0.672426,3.616823,0.022849,1.000000,1.000000
9670.000000,0.657749,3.619276,-1.467714,0.245264,0.000000,1.000000,0.000000,3.000000,0.000000,2.607673,1.562812,0.307909,-1.532179,1.617503,0.000000,0.000000,1.000000,5.000000,4.122371,1.911264,0.657749,3.619276,0.657749,3.619276,0.022849,1.000000,1.000000
9680.000000,0.642104,3.621371,-1.564516,0.209504,0.000000,1.000000,0.000000,3.000000,0.000000,3.706907,1.621686,0.199524,-1.609365,4.004885,0.000000,0.000000,1.000000,5.000000,4.122371,1.911264,0.642104,3.621371,0.642104,3.621371,0.022849,1.000000,1.000000
9690.000000,0.627379,3.623996,-1.472474,0.262512,0.000000,1.000000,0.000000,3.000000,0.000000,3.706907,1.680083,0.125779,-1.675368,5.149319,0.000000,0.000000,1.000000,5.000000,4.122371,1.911264,0.627379,3.623996,0.627379,3.623996,0.022849,1.000000,1.000000
9700.000000,0.614684,3.627049,-1.269529,0.305319,0.000000,1.000000,0.000000,3.000000,0.000000,3.706907,1.597389,0.181906,-1.586997,4.896908,0.000000,0.000000,1.000000,5.000000,4.122371,1.911264,0.614684,3.627049,0.614684,3.627049,0.022849,1.000000,1.000000
9710.000000,0.603452,3.630260,-1.123252,0.321067,0.000000,1.000000,0.000000,3.000000,0.000000,2.928270,1.438867,0.272633,-1.412802,4.400105,0.000000,0.000000,1.000000,5.000000,4.122371,1.911264,0.603452,3.630260,0.603452,3.630260,0.022849,1.000000,1.000000
9720.000000,0.592424,3.633216,-1.102795,0.295622,1.000000,2.000000,1.000000,3.000000,2.000000,1.992528,1.321659,0.322451,-1.281721,1.871556,0.000000,0.000000,1.000000,5.000000,4.122371,1.911264,0.592424,3.633216,0.592424,3.633216,0.022849,1.000000,1.000000
9730.000000,0.581228,3.635615,-1.119513,0.239919,1.000000,2.000000,1.000000,3.000000,2.000000,1.377916,1.303197,0.311822,-1.265341,1.029257,1.000000,0.000000,1.000000,2.000000,0.592424,3.633216,1.000000,3.500000,1.000000,3.500000,0.183865,2.000000,1.000000
9740.000000,0.988478,3.502439,-1.152242,0.243890,1.000000,2.000000,1.000000,3.000000,2.000000,1.942490,1.313921,0.271276,-1.285612,0.224304,0.000000,0.000000,1.000000,2.000000,0.592424,3.633216,0.988478,3.502439,0.988478,3.502439,0.183865,2.000000,1.000000
9750.000000,0.977609,3.504552,-1.086894,0.211288,1.000000,2.000000,1.000000,3.000000,2.000000,1.942490,1.277661,0.222828,-1.258080,0.939774,0.000000,0.000000,1.000000,2.000000,0.592424,3.633216,0.977609,3.504552,0.977609,3.504552,0.183865,2.000000,1.000000
9760.000000,0.966684,3.506446,-1.092510,0.189432,1.000000,2.000000,1.000000,3.000000,2.000000,1.858387,1.189312,0.183921,-1.175004,0.931016,0.000000,0.000000,1.000000,2.000000,0.592424,3.633216,0.966684,3.506446,0.966684,3.506446,0.183865,2.000000,1.000000
9770.000000,0.955297,3.507914,-1.138672,0.146775,1.000000,2.000000,1.000000,3.000000,2.000000,1.112930,1.186445,0.159379,-1.175692,0.153766,0.000000,0.000000,1.000000,2.000000,0.592424,3.633216,0.955297,3.507914,0.955297,3.507914,0.183865,2.000000,1.000000
9780.000000,0.943144,3.508984,-1.215304,0.107020,1.000000,2.000000,1.000000,3.000000,2.000000,1.112704,1.239191,0.127299,-1.232635,0.153530,0.000000,0.000000,1.000000,2.000000,0.592424,3.633216,0.943144,3.508984,0.943144,3.508984,0.183865,2.000000,1.000000
9790.000000,0.931001,3.509843,-1.214314,0.085854,1.000000,2.000000,1.000000,3.000000,2.000000,0.713184,1.324193,0.096480,-1.320674,-0.572884,0.000000,0.000000,1.000000,2.000000,0.592424,3.633216,0.931001,3.509843,0.931001,3.509843,0.183865,2.000000,1.000000
9800.000000,0.919424,3.510560,-1.157651,0.071682,1.000000,2.000000,1.000000,3.000000,2.000000,0.896002,1.326105,0.099802,-1.322344,-0.236247,0.000000,0.000000,1.000000,2.000000,0.592424,3.633216,0.919424,3.510560,0.919424,3.510560,0.183865,2.000000,1.000000
9810.000000,0.908246,3.511294,-1.117791,0.073490,1.000000,2.000000,1.000000,3.000000,2.000000,0.896002,1.299233,0.126702,-1.293041,-0.235689,0.000000,0.000000,1.000000,2.000000,0.592424,3.633216,0.908246,3.511294,0.908246,3.511294,0.183865,2.000000,1.000000
9820.000000,0.896707,3.512245,-1.153879,0.095034,1.000000,2.000000,1.000000,3.000000,2.000000,0.428994,1.295699,0.157612,-1.286077,-1.098390,0.000000,0.000000,1.000000,2.000000,0.592424,3.633216,0.896707,3.512245,0.896707,3.512245,0.183865,2.000000,1.000000
9830.000000,0.884575,3.513289,-1.213291,0.104482,1.000000,2.000000,1.000000,3.000000,2.000000,0.569075,1.350015,0.172011,-1.339012,-0.746807,0.000000,0.000000,1.000000,2.000000,0.592424,3.633216,0.884575,3.513289,0.884575,3.513289,0.183865,2.000000,1.000000
9840.000000,0.872423,3.514232,-1.215174,0.094264,0.000000,2.000000,0.000000,3.000000,2.000000,0.585199,1.396478,0.165150,-1.386678,-0.741265,0.000000,0.000000,1.000000,2.000000,0.592424,3.633216,0.872423,3.514232,0.872423,3.514232,0.183865,2.000000,1.000000
9850.000000,0.860681,3.514890,-1.174195,0.065838,0.000000,2.000000,0.000000,3.000000,2.000000,0.615604,1.402235,0.164863,-1.392510,-0.735806,0.000000,0.000000,1.000000,2.000000,0.592424,3.633216,0.860681,3.514890,0.860681,3.514890,0.183865,2.000000,1.000000
9860.000000,0.848845,3.515357,-1.183628,0.046629,0.000000,2.000000,0.000000,3.000000,2.000000,0.615604,1.351610,0.158145,-1.342326,-0.808304,0.000000,0.000000,1.000000,2.000000,0.592424,3.633216,0.848845,3.515357,0.848845,3.515357,0.183865,2.000000,1.000000
9870.000000,0.836702,3.515696,-1.214257,0.033920,0.000000,2.000000,0.000000,3.000000,2.000000,0.427372,1.337364,0.138972,-1.330124,-1.307812,0.000000,0.000000,1.000000,2.000000,0.592424,3.633216,0.836702,3.515696,0.836702,3.515696,0.183865,2.000000,1.000000
9880.000000,0.824268,3.515856,-1.243389,0.016004,0.000000,2.000000,0.000000,3.000000,2.000000,0.405908,1.332602,0.108881,-1.328146,-1.051251,0.000000,0.000000,1.000000,2.000000,0.592424,3.633216,0.824268,3.515856,0.824268,3.515856,0.183865,2.000000,1.000000
9890.000000,0.811822,3.515918,-1.244604,0.006165,0.000000,2.000000,0.000000,3.000000,2.000000,0.735115,1.334519,0.085826,-1.331757,-0.300611,0.000000,0.000000,1.000000,2.000000,0.592424,3.633216,0.811822,3.515918,0.811822,3.515918,0.183865,2.000000,1.000000
9900.000000,0.799517,3.516053,-1.230485,0.013557,0.000000,2.000000,0.000000,3.000000,2.000000,0.735115,1.314319,0.067090,-1.312606,-0.299709,0.000000,0.000000,1.000000,2.000000,0.592424,3.633216,0.799517,3.516053,0.799517,3.516053,0.183865,2.000000,1.000000
9910.000000,0.787069,3.516089,-1.244820,0.003598,0.000000,2.000000,0.000000,3.000000,2.000000,0.735115,1.285396,0.052970,-1.284304,-0.298812,0.000000,0.000000,1.000000,2.000000,0.592424,3.633216,0.787069,3.516089,0.787069,3.516089,0.183865,2.000000,1.000000
9920.000000,0.774213,3.515799,-1.285623,-0.029084,0.000000,2.000000,0.000000,3.000000,2.000000,0.498732,1.267143,0.023364,-1.266927,-0.864001,0.000000,0.000000,1.000000,2.000000,0.592424,3.633216,0.774213,3.515799,0.774213,3.515799,0.183865,2.000000,1.000000
9930.000000,0.761376,3.515396,-1.283648,-0.040269,0.000000,2.000000,0.000000,3.000000,2.000000,0.498732,1.261906,-0.018366,-1.261772,-0.856592,0.000000,0.000000,1.000000,2.000000,0.592424,3.633216,0.761376,3.515396,0.761376,3.515396,0.183865,2.000000,1.000000
9940.000000,0.748506,3.514822,-1.287069,-0.057446,0.000000,2.000000,0.000000,3.000000,2.000000,0.541940,1.235196,-0.042026,-1.234481,-1.266918,0.000000,0.000000,1.000000,2.000000,0.592424,3.633216,0.748506,3.514822,0.748506,3.514822,0.183865,2.000000,1.000000
9950.000000,0.735758,3.514162,-1.274738,-0.065917,0.000000,2.000000,0.000000,3.000000,2.000000,0.541940,1.218570,-0.061133,-1.217036,-1.124947,0.000000,0.000000,1.000000,2.000000,0.592424,3.633216,0.735758,3.514162,0.735758,3.514162,0.183865,2.000000,1.000000
9960.000000,0.723019,3.513238,-1.273944,-0.092404,0.000000,2.000000,0.000000,3.000000,0.000000,0.541940,1.213968,-0.082678,-1.211149,-1.112420,0.000000,0.000000,1.000000,2.000000,0.592424,3.633216,0.723019,3.513238,0.723019,3.513238,0.183865,2.000000,1.000000
9970.000000,0.710796,3.512391,-1.222239,-0.084702,0.000000,2.000000,0.000000,3.000000,0.000000,0.989688,1.222411,-0.112917,-1.217185,-0.503240,0.000000,0.000000,1.000000,2.000000,0.592424,3.633216,0.710796,3.512391,0.710796,3.512391,0.183865,2.000000,1.000000
9980.000000,0.699028,3.511662,-1.176816,-0.072941,0.000000,2.000000,0.000000,3.000000,0.000000,0.989688,1.199842,-0.124941,-1.193319,-0.500718,0.000000,0.000000,1.000000,2.000000,0.592424,3.633216,0.699028,3.511662,0.699028,3.511662,0.183865,2.000000,1.000000
9990.000000,0.687382,3.510949,-1.164665,-0.071251,0.000000,2.000000,0.000000,3.000000,0.000000,0.960111,1.179075,-0.131016,-1.171773,-0.498221,0.000000,0.000000,1.000000,2.000000,0.592424,3.633216,0.687382,3.510949,0.687382,3.510949,0.183865,2.000000,1.000000
10000.000000,0.675537,3.510290,-1.184511,-0.065971,0.000000,2.000000,0.000000,3.000000,0.000000,0.668112,1.166843,-0.126894,-1.159922,-0.788840,0.000000,0.000000,1.000000,2.000000,0.592424,3.633216,0.675537,3.510290,0.675537,3.510290,0.183865,2.000000,1.000000
10010.000000,0.663619,3.509689,-1.191722,-0.060085,0.000000,2.000000,0.000000,3.000000,0.000000,0.495714,1.186347,-0.120439,-1.180217,-1.153322,0.000000,0.000000,1.000000,2.000000,0.592424,3.633216,0.663619,3.509689,0.663619,3.509689,0.183865,2.000000,1.000000
10020.000000,0.651679,3.509150,-1.194040,-0.053883,0.000000,2.000000,0.000000,3.000000,0.000000,0.715696,1.193235,-0.113204,-1.187853,-0.842533,0.000000,0.000000,1.000000,2.000000,0.592424,3.633216,0.651679,3.509150,0.651679,3.509150,0.183865,2.000000,1.000000
10030.000000,0.639716,3.508584,-1.196263,-0.056616,0.000000,2.000000,0.000000,3.000000,0.000000,1.154126,1.195255,-0.106798,-1.190474,-0.345676,0.000000,0.000000,1.000000,2.000000,0.592424,3.633216,0.639716,3.508584,0.639716,3.508584,0.183865,2.000000,1.000000
10040.000000,0.627775,3.507970,-1.194094,-0.061371,0.000000,2.000000,0.000000,3.000000,0.000000,1.300193,1.197602,-0.107445,-1.192773,-0.041997,0.000000,0.000000,1.000000,2.000000,0.592424,3.633216,0.627775,3.507970,0.627775,3.507970,0.183865,2.000000,1.000000
10050.000000,0.616093,3.507234,-1.168219,-0.073596,0.000000,2.000000,0.000000,3.000000,0.000000,1.300193,1.195670,-0.108497,-1.190737,-0.041980,0.000000,0.000000,1.000000,2.000000,0.592424,3.633216,0.616093,3.507234,0.616093,3.507234,0.183865,2.000000,1.000000
10060.000000,0.604483,3.506483,-1.161034,-0.075109,0.000000,2.000000,0.000000,3.000000,0.000000,1.300193,1.170535,-0.116993,-1.164673,-0.041962,0.000000,0.000000,1.000000,2.000000,0.592424,3.633216,0.604483,3.506483,0.604483,3.506483,0.183865,2.000000,1.000000
10070.000000,0.592949,3.505839,-1.153340,-0.064383,0.000000,2.000000,0.000000,3.000000,0.000000,1.130977,1.163460,-0.116322,-1.157631,-0.280380,0.000000,0.000000,1.000000,2.000000,0.592424,3.633216,0.592949,3.505839,0.592949,3.505839,0.183865,2.000000,1.000000
10080.000000,0.581456,3.505230,-1.149329,-0.060941,0.000000,2.000000,0.000000,3.000000,0.000000,1.054066,1.155135,-0.102825,-1.150550,-0.387640,0.000000,0.000000,1.000000,2.000000,0.592424,3.633216,0.581456,3.505230,0.581456,3.505230,0.183865,2.000000,1.000000
10090.000000,0.570180,3.504597,-1.127591,-0.063319,0.000000,2.000000,0.000000,3.000000,0.000000,1.054066,1.150944,-0.096501,-1.146891,-0.386141,0.000000,0.000000,1.000000,2.000000,0.592424,3.633216,0.570180,3.504597,0.570180,3.504597,0.183865,2.000000,1.000000
10100.000000,0.559192,3.504066,-1.098783,-0.053049,0.000000,2.000000,0.000000,3.000000,0.000000,1.054066,1.129367,-0.095234,-1.125345,-0.384655,0.000000,0.000000,1.000000,2.000000,0.592424,3.633216,0.559192,3.504066,0.559192,3.504066,0.183865,2.000000,1.000000
10110.000000,0.548589,3.503385,-1.060359,-0.068148,0.000000,2.000000,0.000000,3.000000,0.000000,1.010292,1.100062,-0.082681,-1.096951,-0.446378,0.000000,0.000000,1.000000,2.000000,0.592424,3.633216,0.548589,3.503385,0.548589,3.503385,0.183865,2.000000,1.000000
10120.000000,0.538184,3.502497,-1.040478,-0.088768,0.000000,2.000000,0.000000,3.000000,0.000000,0.891337,1.062546,-0.096563,-1.058149,-0.616242,0.000000,0.000000,1.000000,2.000000,0.592424,3.633216,0.538184,3.502497,0.538184,3.502497,0.183865,2.000000,1.000000
10130.000000,0.527859,3.501416,-1.032541,-0.108116,0.000000,2.000000,0.000000,3.000000,0.000000,0.739322,1.044258,-0.116208,-1.037772,-0.832728,0.000000,0.000000,1.000000,2.000000,0.592424,3.633216,0.527859,3.501416,0.527859,3.501416,0.183865,2.000000,1.000000
10140.000000,0.517395,3.500189,-1.046351,-0.122738,0.000000,2.000000,0.000000,3.000000,0.000000,0.870958,1.038186,-0.134813,-1.029395,-0.232162,0.000000,0.000000,1.000000,2.000000,0.592424,3.633216,0.517395,3.500189,0.517395,3.500189,0.183865,2.000000,1.000000
10150.000000,0.506879,3.499022,-1.051612,-0.116626,0.000000,2.000000,0.000000,3.000000,0.000000,0.870958,1.053525,-0.149507,-1.042863,-0.231624,0.000000,0.000000,1.000000,2.000000,0.592424,3.633216,0.506879,3.499022,0.506879,3.499022,0.183865,2.000000,1.000000
10160.000000,0.496333,3.497949,-1.054583,-0.107358,0.000000,2.000000,0.000000,3.000000,0.000000,1.174291,1.058060,-0.142828,-1.048375,-0.231088,0.000000,0.000000,1.000000,2.000000,0.592424,3.633216,0.496333,3.497949,0.496333,3.497949,0.183865,2.000000,1.000000
10170.000000,0.486075,3.496989,-1.025787,-0.095960,0.000000,2.000000,0.000000,3.000000,0.000000,1.109265,1.060033,-0.132185,-1.051759,-0.616076,0.000000,0.000000,1.000000,2.000000,0.592424,3.633216,0.486075,3.496989,0.486075,3.496989,0.183865,2.000000,1.000000
10180.000000,0.475925,3.496084,-1.015013,-0.090508,0.000000,2.000000,0.000000,3.000000,0.000000,0.776448,1.030266,-0.117799,-1.023509,-0.781420,0.000000,0.000000,1.000000,2.000000,0.592424,3.633216,0.475925,3.496084,0.475925,3.496084,0.183865,2.000000,1.000000
10190.000000,0.465839,3.495105,-1.008569,-0.097941,0.000000,2.000000,0.000000,3.000000,0.000000,0.439258,1.019040,-0.110274,-1.013056,-1.277130,0.000000,0.000000,1.000000,2.000000,0.592424,3.633216,0.465839,3.495105,0.465839,3.495105,0.183865,2.000000,1.000000
10200.000000,0.455916,3.494001,-0.992360,-0.110311,0.000000,2.000000,0.000000,3.000000,0.000000,0.242397,1.013313,-0.116122,-1.006638,-1.551514,0.000000,0.000000,1.000000,2.000000,0.592424,3.633216,0.455916,3.494001,0.455916,3.494001,0.183865,2.000000,1.000000
10210.000000,0.446321,3.492917,-0.959488,-0.108486,0.000000,2.000000,0.000000,3.000000,0.000000,0.159424,0.998472,-0.127563,-0.990290,-1.649367,0.000000,0.000000,1.000000,2.000000,0.592424,3.633216,0.446321,3.492917,0.446321,3.492917,0.183865,2.000000,1.000000
10220.000000,0.437035,3.492042,-0.928605,-0.087492,0.000000,2.000000,0.000000,3.000000,0.000000,0.582944,0.965601,-0.124775,-0.957506,-1.002126,0.000000,0.000000,1.000000,2.000000,0.592424,3.633216,0.437035,3.492042,0.437035,3.492042,0.183865,2.000000,1.000000
10230.000000,0.427757,3.491166,-0.927766,-0.087574,0.000000,2.000000,0.000000,3.000000,0.000000,0.755411,0.932718,-0.102781,-0.927037,-0.514958,0.000000,0.000000,1.000000,2.000000,0.592424,3.633216,0.427757,3.491166,0.427757,3.491166,0.183865,2.000000,1.000000
10240.000000,0.418471,3.490233,-0.928669,-0.093253,0.000000,2.000000,0.000000,3.000000,0.000000,0.666135,0.931890,-0.102362,-0.926251,-0.512318,0.000000,0.000000,1.000000,2.000000,0.592424,3.633216,0.418471,3.490233,0.418471,3.490233,0.183865,2.000000,1.000000
10250.000000,0.409537,3.489228,-0.893344,-0.100549,0.000000,2.000000,0.000000,3.000000,0.000000,0.911154,0.933339,-0.107338,-0.927147,-0.509704,0.000000,0.000000,1.000000,2.000000,0.592424,3.633216,0.409537,3.489228,0.409537,3.489228,0.183865,2.000000,1.000000
10260.000000,0.400641,3.488052,-0.889583,-0.117585,0.000000,2.000000,0.000000,3.000000,0.000000,0.911154,0.898985,-0.113011,-0.891854,-0.609718,0.000000,0.000000,1.000000,2.000000,0.592424,3.633216,0.400641,3.488052,0.400641,3.488052,0.183865,2.000000,1.000000
10270.000000,0.391753,3.486604,-0.888850,-0.144756,0.000000,2.000000,0.000000,3.000000,0.000000,0.768202,0.897321,-0.128270,-0.888105,-0.713597,0.000000,0.000000,1.000000,2.000000,0.592424,3.633216,0.391753,3.486604,0.391753,3.486604,0.183865,2.000000,1.000000
10280.000000,0.383208,3.485137,-0.854454,-0.146694,0.000000,2.000000,0.000000,3.000000,0.000000,0.454406,0.900560,-0.154649,-0.887182,-1.178191,0.000000,0.000000,1.000000,2.000000,0.592424,3.633216,0.383208,3.485137,0.383208,3.485137,0.183865,2.000000,1.000000
10290.000000,0.375410,3.484067,-0.779855,-0.107047,0.000000,2.000000,0.000000,3.000000,0.000000,0.860175,0.866955,-0.155799,-0.852841,-0.835204,0.000000,0.000000,1.000000,2.000000,0.592424,3.633216,0.375410,3.484067,0.375410,3.484067,0.183865,2.000000,1.000000
10300.000000,0.368034,3.483211,-0.737575,-0.085595,0.000000,2.000000,0.000000,3.000000,0.000000,0.905062,0.787168,-0.115288,-0.778680,-0.371273,0.000000,0.000000,1.000000,2.000000,0.592424,3.633216,0.368034,3.483211,0.368034,3.483211,0.183865,2.000000,1.000000
10310.000000,0.360992,3.482318,-0.704150,-0.089346,0.000000,2.000000,0.000000,3.000000,0.000000,0.845601,0.742525,-0.093685,-0.736592,-0.287115,0.000000,0.000000,1.000000,2.000000,0.592424,3.633216,0.360992,3.482318,0.360992,3.482318,0.183865,2.000000,1.000000
10320.000000,0.354053,3.481382,-0.693978,-0.093539,0.000000,2.000000,0.000000,3.000000,0.000000,0.845601,0.709796,-0.096777,-0.703167,-0.286293,0.000000,0.000000,1.000000,2.000000,0.592424,3.633216,0.354053,3.481382,0.354053,3.481382,0.183865,2.000000,1.000000
10330.000000,0.347417,3.480425,-0.663597,-0.095719,0.000000,2.000000,0.000000,3.000000,0.000000,0.845601,0.700253,-0.100638,-0.692984,-0.296992,0.000000,0.000000,1.000000,2.000000,0.592424,3.633216,0.347417,3.480425,0.347417,3.480425,0.183865,2.000000,1.000000
10340.000000,0.340995,3.479409,-0.642136,-0.101571,0.000000,2.000000,0.000000,3.000000,0.000000,0.714322,0.670465,-0.102354,-0.662606,-0.871508,0.000000,0.000000,1.000000,2.000000,0.592424,3.633216,0.340995,3.479409,0.340995,3.479409,0.183865,2.000000,1.000000
10350.000000,0.334614,3.478130,-0.638108,-0.127947,0.000000,2.000000,0.000000,3.000000,0.000000,0.406708,0.650119,-0.107334,-0.641198,-1.250929,0.000000,0.000000,1.000000,2.000000,0.592424,3.633216,0.334614,3.478130,0.334614,3.478130,0.183865,2.000000,1.000000
10360.000000,0.328362,3.476802,-0.625262,-0.132766,0.000000,2.000000,0.000000,3.000000,0.000000,0.401117,0.650809,-0.133289,-0.637013,-1.241211,0.000000,0.000000,1.000000,2.000000,0.592424,3.633216,0.328362,3.476802,0.328362,3.476802,0.183865,2.000000,1.000000
10370.000000,0.322563,3.475673,-0.579871,-0.112911,0.000000,2.000000,0.000000,3.000000,0.000000,0.534847,0.639202,-0.138104,-0.624105,-0.986732,0.000000,0.000000,1.000000,2.000000,0.592424,3.633216,0.322563,3.475673,0.322563,3.475673,0.183865,2.000000,1.000000
10380.000000,0.317327,3.474785,-0.523609,-0.088780,0.000000,2.000000,0.000000,3.000000,0.000000,0.534847,0.590762,-0.117508,-0.578957,-0.977081,0.000000,0.000000,1.000000,2.000000,0.592424,3.633216,0.317327,3.474785,0.317327,3.474785,0.183865,2.000000,1.000000
10390.000000,0.312720,3.474165,-0.460700,-0.062006,0.000000,2.000000,0.000000,3.000000,0.000000,0.432355,0.531082,-0.092431,-0.522976,-0.967618,0.000000,0.000000,1.000000,2.000000,0.592424,3.633216,0.312720,3.474165,0.312720,3.474165,0.183865,2.000000,1.000000
10400.000000,0.308408,3.473533,-0.431147,-0.063165,0.000000,2.000000,0.000000,3.000000,0.000000,0.432355,0.464854,-0.064604,-0.460343,-1.012994,0.000000,0.000000,1.000000,2.000000,0.592424,3.633216,0.308408,3.473533,0.308408,3.473533,0.183865,2.000000,1.000000
10410.000000,0.304382,3.472876,-0.402683,-0.065776,0.000000,2.000000,0.000000,3.000000,0.000000,0.325611,0.435750,-0.065182,-0.430847,-1.085408,0.000000,0.000000,1.000000,2.000000,0.592424,3.633216,0.304382,3.472876,0.304382,3.472876,0.183865,2.000000,1.000000
10420.000000,0.300488,3.472163,-0.389353,-0.071290,0.000000,2.000000,0.000000,3.000000,0.000000,0.336897,0.408019,-0.067500,-0.402397,-1.041393,0.000000,0.000000,1.000000,2.000000,0.592424,3.633216,0.300488,3.472163,0.300488,3.472163,0.183865,2.000000,1.000000
10430.000000,0.296538,3.471324,-0.394964,-0.083894,0.000000,2.000000,0.000000,3.000000,0.000000,0.336897,0.395826,-0.072848,-0.389065,-1.030650,0.000000,0.000000,1.000000,2.000000,0.592424,3.633216,0.296538,3.471324,0.296538,3.471324,0.183865,2.000000,1.000000
10440.000000,0.292712,3.470428,-0.382587,-0.089537,0.000000,2.000000,0.000000,3.000000,0.000000,0.284460,0.403775,-0.085291,-0.394664,-1.148303,0.000000,0.000000,1.000000,2.000000,0.592424,3.633216,0.292712,3.470428,0.292712,3.470428,0.183865,2.000000,1.000000
10450.000000,0.289204,3.469558,-0.350881,-0.087047,0.000000,2.000000,0.000000,3.000000,0.000000,0.261043,0.392924,-0.090969,-0.382249,-1.225920,0.000000,0.000000,1.000000,2.000000,0.592424,3.633216,0.289204,3.469558,0.289204,3.469558,0.183865,2.000000,1.000000
10460.000000,0.285925,3.468707,-0.327908,-0.085110,0.000000,2.000000,0.000000,3.000000,0.000000,0.562879,0.361518,-0.088567,-0.350501,-0.311031,0.000000,0.000000,1.000000,2.000000,0.592424,3.633216,0.285925,3.468707,0.285925,3.468707,0.183865,2.000000,1.000000
10470.000000,0.282745,3.467867,-0.317915,-0.083992,0.000000,2.000000,0.000000,3.000000,0.000000,0.608102,0.338774,-0.086438,-0.327561,-0.194671,0.000000,0.000000,1.000000,2.000000,0.592424,3.633216,0.282745,3.467867,0.282745,3.467867,0.183865,2.000000,1.000000
10480.000000,0.279682,3.466982,-0.306301,-0.088488,0.000000,2.000000,0.000000,3.000000,0.000000,0.608102,0.328823,-0.085130,-0.317612,-0.194293,0.000000,0.000000,1.000000,2.000000,0.592424,3.633216,0.279682,3.466982,0.279682,3.466982,0.183865,2.000000,1.000000
10490.000000,0.276593,3.465821,-0.308901,-0.116087,0.000000,2.000000,0.000000,3.000000,0.000000,0.473399,0.318826,-0.089562,-0.305989,-0.594130,0.000000,0.000000,1.000000,2.000000,0.592424,3.633216,0.276593,3.465821,0.276593,3.465821,0.183865,2.000000,1.000000
10500.000000,0.273606,3.464628,-0.298741,-0.119310,0.000000,2.000000,0.000000,3.000000,0.000000,0.473399,0.329994,-0.117143,-0.308502,-0.712647,0.000000,0.000000,1.000000,2.000000,0.592424,3.633216,0.273606,3.464628,0.273606,3.464628,0.183865,2.000000,1.000000
10510.000000,0.270895,3.463564,-0.271059,-0.106376,0.000000,2.000000,0.000000,3.000000,0.000000,0.473399,0.321684,-0.120340,-0.298327,-0.707599,0.000000,0.000000,1.000000,2.000000,0.592424,3.633216,0.270895,3.463564,0.270895,3.463564,0.183865,2.000000,1.000000
10520.000000,0.268459,3.462651,-0.243662,-0.091374,0.000000,2.000000,0.000000,3.000000,0.000000,0.443611,0.291185,-0.107255,-0.270712,-0.771258,0.000000,0.000000,1.000000,2.000000,0.592424,3.633216,0.268459,3.462651,0.268459,3.462651,0.183865,2.000000,1.000000
10530.000000,0.266329,3.461880,-0.213004,-0.077076,0.000000,2.000000,0.000000,3.000000,0.000000,0.443611,0.260231,-0.092024,-0.243417,-0.765350,0.000000,0.000000,1.000000,2.000000,0.592424,3.633216,0.266329,3.461880,0.266329,3.461880,0.183865,2.000000,1.000000
10540.000000,0.264463,3.461190,-0.186592,-0.068985,0.000000,2.000000,0.000000,3.000000,0.000000,0.427005,0.226520,-0.077438,-0.212873,-0.799276,0.000000,0.000000,1.000000,2.000000,0.592424,3.633216,0.264463,3.461190,0.264463,3.461190,0.183865,2.000000,1.000000
10550.000000,0.262849,3.460543,-0.161422,-0.064649,0.000000,2.000000,0.000000,3.000000,0.000000,0.217766,0.198936,-0.069137,-0.186536,-1.213323,0.000000,0.000000,1.000000,2.000000,0.592424,3.633216,0.262849,3.460543,0.262849,3.460543,0.183865,2.000000,1.000000
10560.000000,0.261478,3.459905,-0.137054,-0.063841,0.000000,2.000000,0.000000,3.000000,0.000000,0.262495,0.173887,-0.064694,-0.161404,-1.074921,0.000000,0.000000,1.000000,2.000000,0.592424,3.633216,0.261478,3.459905,0.261478,3.459905,0.183865,2.000000,1.000000
10570.000000,0.260340,3.459298,-0.113843,-0.060697,0.000000,2.000000,0.000000,3.000000,0.000000,0.262495,0.151194,-0.063929,-0.137013,-1.063478,0.000000,0.000000,1.000000,2.000000,0.592424,3.633216,0.260340,3.459298,0.260340,3.459298,0.183865,2.000000,1.000000
10580.000000,0.259461,3.458769,-0.087847,-0.052937,0.000000,2.000000,0.000000,3.000000,0.000000,0.262495,0.129013,-0.060842,-0.113765,-1.052276,0.000000,0.000000,1.000000,2.000000,0.592424,3.633216,0.259461,3.458769,0.259461,3.458769,0.183865,2.000000,1.000000
10590.000000,0.258832,3.458333,-0.062914,-0.043614,0.000000,2.000000,0.000000,3.000000,0.000000,0.137580,0.102564,-0.053059,-0.087773,-1.345325,0.000000,0.000000,1.000000,2.000000,0.592424,3.633216,0.258832,3.458333,0.258832,3.458333,0.183865,2.000000,1.000000
10600.000000,0.258411,3.457967,-0.042087,-0.036590,0.000000,2.000000,0.000000,3.000000,0.000000,0.120700,0.076552,-0.043700,-0.062854,-1.412355,0.000000,0.000000,1.000000,2.000000,0.592424,3.633216,0.258411,3.457967,0.258411,3.457967,0.183865,2.000000,1.000000
10610.000000,0.258146,3.457618,-0.026552,-0.034892,0.000000,2.000000,0.000000,3.000000,0.000000,0.125969,0.055768,-0.036645,-0.042039,-1.421621,0.000000,0.000000,1.000000,2.000000,0.592424,3.633216,0.258146,3.457618,0.258146,3.457618,0.183865,2.000000,1.000000
10620.000000,0.257975,3.457240,-0.017026,-0.037774,0.000000,2.000000,0.000000,3.000000,0.000000,0.125969,0.043846,-0.034931,-0.026501,-1.364767,0.000000,0.000000,1.000000,2.000000,0.592424,3.633216,0.257975,3.457240,0.257975,3.457240,0.183865,2.000000,1.000000
10630.000000,0.257919,3.456871,-0.005644,-0.036942,0.000000,2.000000,0.000000,3.000000,0.000000,0.144074,0.041434,-0.037803,-0.016961,-1.314587,0.000000,0.000000,1.000000,2.000000,0.592424,3.633216,0.257919,3.456871,0.257919,3.456871,0.183865,2.000000,1.000000
10640.000000,0.257953,3.456487,0.003407,-0.038394,0.000000,2.000000,0.000000,3.000000,0.000000,0.144074,0.037371,-0.036950,-0.005589,-1.297513,0.000000,0.000000,1.000000,2.000000,0.592424,3.633216,0.257953,3.456487,0.257953,3.456487,0.183865,2.000000,1.000000
10650.000000,0.258015,3.456094,0.006188,-0.039284,0.000000,2.000000,0.000000,3.000000,0.000000,0.140463,0.038545,-0.038389,0.003461,-1.289650,0.000000,0.000000,1.000000,2.000000,0.592424,3.633216,0.258015,3.456094,0.258015,3.456094,0.183865,2.000000,1.000000
10660.000000,0.258114,3.455728,0.009955,-0.036569,0.000000,2.000000,0.000000,3.000000,0.000000,0.219387,0.039769,-0.039273,0.006261,-1.341619,0.000000,0.000000,1.000000,2.000000,0.592424,3.633216,0.258114,3.455728,0.258114,3.455728,0.183865,2.000000,1.000000
10670.000000,0.258251,3.455392,0.013660,-0.033597,0.000000,2.000000,0.000000,3.000000,0.000000,0.202876,0.037900,-0.036544,0.010048,-1.323840,0.000000,0.000000,1.000000,2.000000,0.592424,3.633216,0.258251,3.455392,0.258251,3.455392,0.183865,2.000000,1.000000
10680.000000,0.258369,3.455062,0.011811,-0.033065,0.000000,2.000000,0.000000,3.000000,0.000000,0.079847,0.036268,-0.033560,0.013751,-1.412402,0.000000,0.000000,1.000000,2.000000,0.592424,3.633216,0.258369,3.455062,0.258369,3.455062,0.183865,2.000000,1.000000
10690.000000,0.258455,3.454741,0.008618,-0.032077,0.000000,2.000000,0.000000,3.000000,0.000000,0.049018,0.035111,-0.033036,0.011890,-1.439547,0.000000,0.000000,1.000000,2.000000,0.592424,3.633216,0.258455,3.454741,0.258455,3.454741,0.183865,2.000000,1.000000
10700.000000,0.258522,3.454439,0.006656,-0.030164,0.000000,2.000000,0.000000,3.000000,0.000000,0.049018,0.033215,-0.032061,0.008679,-1.419098,0.000000,0.000000,1.000000,2.000000,0.592424,3.633216,0.258522,3.454439,0.258522,3.454439,0.183865,2.000000,1.000000
10710.000000,0.258522,3.454439,0.000000,0.000000,0.000000,2.000000,0.000000,3.000000,0.000000,0.054488,0.030890,-0.030153,0.006707,-1.393488,0.000000,0.000000,1.000000,2.000000,0.592424,3.633216,0.258522,3.454439,0.258522,3.454439,0.183865,2.000000,1.000000
10720.000000,0.258522,3.454439,0.000000,0.000000,0.000000,2.000000,0.000000,3.000000,0.000000,0.062630,0.027718,-0.027019,0.006186,-1.368243,0.000000,0.000000,1.000000,2.000000,0.592424,3.633216,0.258522,3.454439,0.258522,3.454439,0.183865,2.000000,1.000000
10730.000000,0.258522,3.454439,0.000000,0.000000,0.000000,2.000000,0.000000,3.000000,0.000000,0.057290,0.024206,-0.023786,0.004488,-1.349757,0.000000,0.000000,1.000000,2.000000,0.592424,3.633216,0.258522,3.454439,0.258522,3.454439,0.183865,2.000000,1.000000
10740.000000,0.258522,3.454439,0.000000,0.000000,0.000000,2.000000,0.000000,3.000000,0.000000,0.052905,0.020029,-0.019839,0.002755,-1.338905,0.000000,0.000000,1.000000,2.000000,0.592424,3.633216,0.258522,3.454439,0.258522,3.454439,0.183865,2.000000,1.000000
10750.000000,0.258522,3.454439,0.000000,0.000000,0.000000,2.000000,0.000000,3.000000,0.000000,0.037875,0.016396,-0.016106,0.003070,-1.314711,0.000000,0.000000,1.000000,2.000000,0.592424,3.633216,0.258522,3.454439,0.258522,3.454439,0.183865,2.000000,1.000000
10760.000000,0.258522,3.454439,0.000000,0.000000,0.000000,2.000000,0.000000,3.000000,0.000000,0.037875,0.010414,-0.009889,0.003264,-1.297634,0.000000,0.000000,1.000000,2.000000,0.592424,3.633216,0.258522,3.454439,0.258522,3.454439,0.183865,2.000000,1.000000
10770.000000,0.258522,3.454439,0.000000,0.000000,0.000000,2.000000,0.000000,3.000000,0.000000,0.032879,0.007245,-0.006726,0.002693,-1.296470,0.000000,0.000000,1.000000,2.000000,0.592424,3.633216,0.258522,3.454439,0.258522,3.454439,0.183865,2.000000,1.000000
10780.000000,0.258522,3.454439,0.000000,0.000000,0.000000,2.000000,0.000000,3.000000,0.000000,0.030525,0.003192,-0.002167,0.002343,-1.315207,0.000000,0.000000,1.000000,2.000000,0.592424,3.633216,0.258522,3.454439,0.258522,3.454439,0.183865,2.000000,1.000000
10790.000000,0.258522,3.454439,0.000000,0.000000,0.000000,2.000000,0.000000,3.000000,0.000000,0.030172,0.000980,0.000632,0.000749,-1.299620,0.000000,0.000000,1.000000,2.000000,0.592424,3.633216,0.258522,3.454439,0.258522,3.454439,0.183865,2.000000,1.000000
10800.000000,0.258522,3.454439,0.000000,0.000000,0.000000,2.000000,0.000000,3.000000,0.000000,0.026186,0.003040,0.003005,0.000460,-1.294946,0.000000,0.000000,1.000000,2.000000,0.592424,3.633216,0.258522,3.454439,0.258522,3.454439,0.183865,2.000000,1.000000
10810.000000,0.258522,3.454439,0.000000,0.000000,0.000000,2.000000,0.000000,3.000000,0.000000,0.026186,0.003339,0.003154,-0.001096,-1.256452,0.000000,0.000000,1.000000,2.000000,0.592424,3.633216,0.258522,3.454439,0.258522,3.454439,0.183865,2.000000,1.000000
10820.000000,0.258522,3.454439,0.000000,0.000000,0.000000,2.000000,0.000000,3.000000,0.000000,0.020283,0.002927,0.002591,-0.001362,-1.240124,0.000000,0.000000,1.000000,2.000000,0.592424,3.633216,0.258522,3.454439,0.258522,3.454439,0.183865,2.000000,1.000000
10830.000000,0.258522,3.454439,0.000000,0.000000,0.000000,2.000000,0.000000,3.000000,0.000000,0.017610,0.003648,0.002899,-0.002215,-1.224918,0.000000,0.000000,1.000000,2.000000,0.592424,3.633216,0.258522,3.454439,0.258522,3.454439,0.183865,2.000000,1.000000
10840.000000,0.258522,3.454439,0.000000,0.000000,0.000000,2.000000,0.000000,3.000000,0.000000,0.014649,0.002240,0.001780,-0.001360,-1.226160,0.000000,0.000000,1.000000,2.000000,0.592424,3.633216,0.258522,3.454439,0.258522,3.454439,0.183865,2.000000,1.000000
10850.000000,0.258522,3.454439,0.000000,0.000000,0.000000,2.000000,0.000000,3.000000,0.000000,0.008579,0.001586,0.000439,-0.001524,-1.221692,0.000000,0.000000,1.000000,2.000000,0.592424,3.633216,0.258522,3.454439,0.258522,3.454439,0.183865,2.000000,1.000000
10860.000000,0.258522,3.454439,0.000000,0.000000,0.000000,2.000000,0.000000,3.000000,0.000000,0.008593,0.001129,-0.001039,0.000443,-1.208627,0.000000,0.000000,1.000000,2.000000,0.592424,3.633216,0.258522,3.454439,0.258522,3.454439,0.183865,2.000000,1.000000
10870.000000,0.258522,3.454439,0.000000,0.000000,0.000000,2.000000,0.000000,3.000000,0.000000,0.009989,0.003649,-0.003255,0.001650,-1.189793,0.000000,0.000000,1.000000,2.000000,0.592424,3.633216,0.258522,3.454439,0.258522,3.454439,0.183865,2.000000,1.000000
10880.000000,0.258522,3.454439,0.000000,0.000000,0.000000,2.000000,0.000000,3.000000,0.000000,0.018061,0.005198,-0.004615,0.002392,-1.154348,0.000000,0.000000,1.000000,2.000000,0.592424,3.633216,0.258522,3.454439,0.258522,3.454439,0.183865,2.000000,1.000000
10890.000000,0.258522,3.454439,0.000000,0.000000,0.000000,2.000000,0.000000,3.000000,0.000000,0.030223,0.006897,-0.005451,0.004226,-1.120115,0.000000,0.000000,1.000000,2.000000,0.592424,3.633216,0.258522,3.454439,0.258522,3.454439,0.183865,2.000000,1.000000
10900.000000,0.258522,3.454439,0.000000,0.000000,0.000000,2.000000,0.000000,3.000000,0.000000,0.030223,0.008580,-0.007926,0.003284,-1.107695,0.000000,0.000000,1.000000,2.000000,0.592424,3.633216,0.258522,3.454439,0.258522,3.454439,0.183865,2.000000,1.000000
10910.000000,0.258522,3.454439,0.000000,0.000000,0.000000,2.000000,0.000000,3.000000,0.000000,0.035492,0.008576,-0.008138,0.002706,-1.085024,0.000000,0.000000,1.000000,2.000000,0.592424,3.633216,0.258522,3.454439,0.258522,3.454439,0.183865,2.000000,1.000000
10920.000000,0.258522,3.454439,0.000000,0.000000,0.000000,2.000000,0.000000,3.000000,0.000000,0.035492,0.009861,-0.009576,0.002351,-1.073366,0.000000,0.000000,1.000000,2.000000,0.592424,3.633216,0.258522,3.454439,0.258522,3.454439,0.183865,2.000000,1.000000
10930.000000,0.258522,3.454439,0.000000,0.000000,0.000000,2.000000,0.000000,3.000000,0.000000,0.034007,0.009806,-0.009805,0.000065,-1.063705,0.000000,0.000000,1.000000,2.000000,0.592424,3.633216,0.258522,3.454439,0.258522,3.454439,0.183865,2.000000,1.000000
10940.000000,0.258522,3.454439,0.000000,0.000000,0.000000,2.000000,0.000000,3.000000,0.000000,0.049693,0.011926,-0.011909,-0.000650,-1.009884,0.000000,0.000000,1.000000,2.000000,0.592424,3.633216,0.258522,3.454439,0.258522,3.454439,0.183865,2.000000,1.000000
10950.000000,0.258522,3.454439,0.000000,0.000000,0.000000,2.000000,0.000000,3.000000,0.000000,0.050095,0.014717,-0.014509,-0.002467,-0.999778,0.000000,0.000000,1.000000,2.000000,0.592424,3.633216,0.258522,3.454439,0.258522,3.454439,0.183865,2.000000,1.000000
10960.000000,0.258522,3.454439,0.000000,0.000000,0.000000,2.000000,0.000000,3.000000,0.000000,0.050095,0.017552,-0.017413,-0.002204,-0.989878,0.000000,0.000000,1.000000,2.000000,0.592424,3.633216,0.258522,3.454439,0.258522,3.454439,0.183865,2.000000,1.000000
10970.000000,0.258455,3.454138,-0.006665,-0.030116,0.000000,2.000000,0.000000,3.000000,0.000000,0.056251,0.022633,-0.022468,-0.002732,-0.956958,0.000000,0.000000,1.000000,2.000000,0.592424,3.633216,0.258455,3.454138,0.258455,3.454138,0.183865,2.000000,1.000000
10980.000000,0.258365,3.453764,-0.009025,-0.037436,0.000000,2.000000,0.000000,3.000000,0.000000,0.075299,0.030844,-0.030151,-0.006502,-0.924628,0.000000,0.000000,1.000000,2.000000,0.592424,3.633216,0.258365,3.453764,0.258365,3.453764,0.183865,2.000000,1.000000
10990.000000,0.258281,3.453351,-0.008419,-0.041285,0.000000,2.000000,0.000000,3.000000,0.000000,0.077789,0.038509,-0.037486,-0.008817,-0.914568,0.000000,0.000000,1.000000,2.000000,0.592424,3.633216,0.258281,3.453351,0.258281,3.453351,0.183865,2.000000,1.000000
11000.000000,0.258214,3.452888,-0.006702,-0.046272,0.000000,2.000000,0.000000,3.000000,0.000000,0.092023,0.042135,-0.041335,-0.008171,-0.906271,0.000000,0.000000,1.000000,2.000000,0.592424,3.633216,0.258214,3.452888,0.258214,3.452888,0.183865,2.000000,1.000000
11010.000000,0.258157,3.452369,-0.005665,-0.051952,0.000000,2.000000,0.000000,3.000000,0.000000,0.112452,0.046755,-0.046315,-0.006396,-0.898124,0.000000,0.000000,1.000000,2.000000,0.592424,3.633216,0.258157,3.452369,0.258157,3.452369,0.183865,2.000000,1.000000
11020.000000,0.258120,3.451762,-0.003677,-0.060684,0.000000,2.000000,0.000000,3.000000,0.000000,0.146161,0.052260,-0.051990,-0.005305,-0.838197,0.000000,0.000000,1.000000,2.000000,0.592424,3.633216,0.258120,3.451762,0.258120,3.451762,0.183865,2.000000,1.000000
11030.000000,0.258089,3.451082,-0.003165,-0.068004,0.000000,2.000000,0.000000,3.000000,0.000000,0.243688,0.060796,-0.060708,-0.003258,-0.766345,0.000000,0.000000,1.000000,2.000000,0.592424,3.633216,0.258089,3.451082,0.258089,3.451082,0.183865,2.000000,1.000000
11040.000000,0.258094,3.450324,0.000546,-0.075793,0.000000,2.000000,0.000000,3.000000,0.000000,0.253330,0.068077,-0.068024,-0.002689,-0.760511,0.000000,0.000000,1.000000,2.000000,0.592424,3.633216,0.258094,3.450324,0.258094,3.450324,0.183865,2.000000,1.000000
11050.000000,0.258088,3.449486,-0.000661,-0.083822,0.000000,2.000000,0.000000,3.000000,0.000000,0.206037,0.075795,-0.075787,0.001106,-0.636212,0.000000,0.000000,1.000000,2.000000,0.592424,3.633216,0.258088,3.449486,0.258088,3.449486,0.183865,2.000000,1.000000
11060.000000,0.258080,3.448513,-0.000750,-0.097262,0.000000,2.000000,0.000000,3.000000,0.000000,0.238124,0.083825,-0.083825,-0.000010,-0.550990,0.000000,0.000000,1.000000,2.000000,0.592424,3.633216,0.258080,3.448513,0.258080,3.448513,0.183865,2.000000,1.000000
11070.000000,0.258107,3.447438,0.002681,-0.107502,0.000000,2.000000,0.000000,3.000000,0.000000,0.238124,0.097265,-0.097265,-0.000006,-0.547967,0.000000,0.000000,1.000000,2.000000,0.592424,3.633216,0.258107,3.447438,0.258107,3.447438,0.183865,2.000000,1.000000
11080.000000,0.258175,3.446215,0.006798,-0.122306,0.000000,2.000000,0.000000,3.000000,0.000000,0.233121,0.107535,-0.107480,0.003443,-0.548190,0.000000,0.000000,1.000000,2.000000,0.592424,3.633216,0.258175,3.446215,0.258175,3.446215,0.183865,2.000000,1.000000
11090.000000,0.258219,3.444895,0.004434,-0.132019,0.000000,2.000000,0.000000,3.000000,0.000000,0.184311,0.122495,-0.122257,0.007628,-0.680615,0.000000,0.000000,1.000000,2.000000,0.592424,3.633216,0.258219,3.444895,0.258219,3.444895,0.183865,2.000000,1.000000
11100.000000,0.258206,3.443398,-0.001306,-0.149728,0.000000,2.000000,0.000000,3.000000,0.000000,0.220317,0.132094,-0.131985,0.005373,-0.564615,0.000000,0.000000,1.000000,2.000000,0.592424,3.633216,0.258206,3.443398,0.258206,3.443398,0.183865,2.000000,1.000000
11110.000000,0.258207,3.441785,0.000083,-0.161291,0.000000,2.000000,0.000000,3.000000,0.000000,0.224119,0.149733,-0.149733,-0.000147,-0.553612,0.000000,0.000000,1.000000,2.000000,0.592424,3.633216,0.258207,3.441785,0.258207,3.441785,0.183865,2.000000,1.000000
11120.000000,0.258238,3.440029,0.003096,-0.175599,0.000000,2.000000,0.000000,3.000000,0.000000,0.224119,0.161291,-0.161285,0.001288,-0.550561,0.000000,0.000000,1.000000,2.000000,0.592424,3.633216,0.258238,3.440029,0.258238,3.440029,0.183865,2.000000,1.000000
11130.000000,0.258233,3.438172,-0.000472,-0.185657,0.000000,2.000000,0.000000,3.000000,0.000000,0.217979,0.175626,-0.175575,0.004237,-0.660498,0.000000,0.000000,1.000000,2.000000,0.592424,3.633216,0.258233,3.438172,0.258233,3.438172,0.183865,2.000000,1.000000
11140.000000,0.258268,3.436182,0.003437,-0.199065,0.000000,2.000000,0.000000,3.000000,0.000000,0.093008,0.185658,-0.185657,0.000534,-0.877021,0.000000,0.000000,1.000000,2.000000,0.592424,3.633216,0.258268,3.436182,0.258268,3.436182,0.183865,2.000000,1.000000
11150.000000,0.258302,3.434037,0.003461,-0.214487,0.000000,2.000000,0.000000,3.000000,0.000000,0.309935,0.199094,-0.199044,0.004463,-0.541038,0.000000,0.000000,1.000000,2.000000,0.592424,3.633216,0.258302,3.434037,0.258302,3.434037,0.183865,2.000000,1.000000
11160.000000,0.258334,3.431653,0.003136,-0.238352,0.000000,2.000000,0.000000,3.000000,0.000000,0.484594,0.214515,-0.214461,0.004808,0.038096,0.000000,0.000000,1.000000,2.000000,0.592424,3.633216,0.258334,3.431653,0.258334,3.431653,0.183865,2.000000,1.000000
11170.000000,0.258364,3.429176,0.003012,-0.247770,0.000000,2.000000,0.000000,3.000000,0.000000,0.488871,0.238372,-0.238320,0.005020,0.047513,0.000000,0.000000,1.000000,2.000000,0.592424,3.633216,0.258364,3.429176,0.258364,3.429176,0.183865,2.000000,1.000000
11180.000000,0.258424,3.426588,0.006010,-0.258803,0.000000,2.000000,0.000000,3.000000,0.000000,0.488871,0.247789,-0.247735,0.005150,0.047490,0.000000,0.000000,1.000000,2.000000,0.592424,3.633216,0.258424,3.426588,0.258424,3.426588,0.183865,2.000000,1.000000
11190.000000,0.258519,3.423919,0.009538,-0.266882,0.000000,2.000000,0.000000,3.000000,0.000000,0.536614,0.258873,-0.258750,0.007987,0.278461,0.000000,0.000000,1.000000,2.000000,0.592424,3.633216,0.258519,3.423919,0.258519,3.423919,0.183865,2.000000,1.000000
11200.000000,0.258617,3.421142,0.009739,-0.277711,0.000000,2.000000,0.000000,3.000000,0.000000,0.536614,0.267053,-0.266822,0.011108,0.277687,0.000000,0.000000,1.000000,2.000000,0.592424,3.633216,0.258617,3.421142,0.258617,3.421142,0.183865,2.000000,1.000000
11210.000000,0.258726,3.418285,0.010940,-0.285685,0.000000,2.000000,0.000000,3.000000,0.000000,0.536614,0.277882,-0.277666,0.010956,0.276918,0.000000,0.000000,1.000000,2.000000,0.592424,3.633216,0.258726,3.418285,0.258726,3.418285,0.183865,2.000000,1.000000
11220.000000,0.258900,3.415228,0.017427,-0.305680,0.000000,2.000000,0.000000,3.000000,0.000000,0.519165,0.285895,-0.285633,0.012241,-0.183747,0.000000,0.000000,1.000000,2.000000,0.592424,3.633216,0.258900,3.415228,0.258900,3.415228,0.183865,2.000000,1.000000
11230.000000,0.259139,3.411970,0.023914,-0.325848,0.000000,2.000000,0.000000,3.000000,0.000000,0.431671,0.306176,-0.305572,0.019234,-0.455245,0.000000,0.000000,1.000000,2.000000,0.592424,3.633216,0.259139,3.411970,0.259139,3.411970,0.183865,2.000000,1.000000
11240.000000,0.259406,3.408483,0.026689,-0.348674,0.000000,2.000000,0.000000,3.000000,0.000000,0.391750,0.326724,-0.325665,0.026285,-0.444302,0.000000,0.000000,1.000000,2.000000,0.592424,3.633216,0.259406,3.408483,0.259406,3.408483,0.183865,2.000000,1.000000
11250.000000,0.259660,3.404981,0.025383,-0.350210,0.000000,2.000000,0.000000,3.000000,0.000000,0.391750,0.349694,-0.348470,0.029235,-0.442335,0.000000,0.000000,1.000000,2.000000,0.592424,3.633216,0.259660,3.404981,0.259660,3.404981,0.183865,2.000000,1.000000
11260.000000,0.259921,3.401443,0.026145,-0.353764,0.000000,2.000000,0.000000,3.000000,0.000000,0.378272,0.351128,-0.350042,0.027600,-0.462550,0.000000,0.000000,1.000000,2.000000,0.592424,3.633216,0.259921,3.401443,0.259921,3.401443,0.183865,2.000000,1.000000
11270.000000,0.260145,3.397648,0.022321,-0.379483,0.000000,2.000000,0.000000,3.000000,0.000000,0.550631,0.354729,-0.353624,0.027975,-0.282435,0.000000,0.000000,1.000000,2.000000,0.592424,3.633216,0.260145,3.397648,0.260145,3.397648,0.183865,2.000000,1.000000
11280.000000,0.260260,3.393447,0.011577,-0.420103,0.000000,2.000000,0.000000,3.000000,0.000000,0.550631,0.380139,-0.379376,0.024070,-0.186786,0.000000,0.000000,1.000000,2.000000,0.592424,3.633216,0.260260,3.393447,0.260260,3.393447,0.183865,2.000000,1.000000
11290.000000,0.260466,3.389173,0.020538,-0.427467,0.000000,2.000000,0.000000,3.000000,0.000000,0.550631,0.420262,-0.420049,0.013400,-0.186437,0.000000,0.000000,1.000000,2.000000,0.592424,3.633216,0.260466,3.389173,0.260466,3.389173,0.183865,2.000000,1.000000
11300.000000,0.260791,3.384970,0.032488,-0.420296,0.000000,2.000000,0.000000,3.000000,0.000000,0.477517,0.427960,-0.427357,0.022703,-0.298974,0.000000,0.000000,1.000000,2.000000,0.592424,3.633216,0.260791,3.384970,0.260791,3.384970,0.183865,2.000000,1.000000
11310.000000,0.261432,3.381038,0.064142,-0.393201,0.000000,2.000000,0.000000,3.000000,0.000000,0.256833,0.421550,-0.420069,0.035307,-0.673075,0.000000,0.000000,1.000000,2.000000,0.592424,3.633216,0.261432,3.381038,0.261432,3.381038,0.183865,2.000000,1.000000
11320.000000,0.262346,3.377096,0.091415,-0.394237,0.000000,2.000000,0.000000,3.000000,0.000000,0.201711,0.398399,-0.392695,0.067172,-0.761066,0.000000,0.000000,1.000000,2.000000,0.592424,3.633216,0.262346,3.377096,0.262346,3.377096,0.183865,2.000000,1.000000
11330.000000,0.263273,3.372920,0.092629,-0.417540,0.000000,2.000000,0.000000,3.000000,0.000000,0.429023,0.404696,-0.393552,0.094318,-0.367311,0.000000,0.000000,1.000000,2.000000,0.592424,3.633216,0.263273,3.372920,0.263273,3.372920,0.183865,2.000000,1.000000
11340.000000,0.264130,3.368452,0.085772,-0.446850,0.000000,2.000000,0.000000,3.000000,0.000000,0.667929,0.427691,-0.416977,0.095133,0.045804,0.000000,0.000000,1.000000,2.000000,0.592424,3.633216,0.264130,3.368452,0.264130,3.368452,0.183865,2.000000,1.000000
11350.000000,0.265038,3.363815,0.090774,-0.463680,0.000000,2.000000,0.000000,3.000000,0.000000,0.706519,0.455007,-0.446407,0.088051,0.069661,0.000000,0.000000,1.000000,2.000000,0.592424,3.633216,0.265038,3.363815,0.265038,3.363815,0.183865,2.000000,1.000000
11360.000000,0.266117,3.358936,0.107914,-0.487911,0.000000,2.000000,0.000000,3.000000,0.000000,0.706519,0.472482,-0.463168,0.093353,0.069613,0.000000,0.000000,1.000000,2.000000,0.592424,3.633216,0.266117,3.358936,0.266117,3.358936,0.183865,2.000000,1.000000
11370.000000,0.267230,3.354012,0.111301,-0.492354,0.000000,2.000000,0.000000,3.000000,0.000000,0.363983,0.499702,-0.487199,0.111083,-0.201350,0.000000,0.000000,1.000000,2.000000,0.592424,3.633216,0.267230,3.354012,0.267230,3.354012,0.183865,2.000000,1.000000
11380.000000,0.268425,3.348937,0.119496,-0.507564,0.000000,2.000000,0.000000,3.000000,0.000000,0.558128,0.504778,-0.491486,0.115076,0.353665,0.000000,0.000000,1.000000,2.000000,0.592424,3.633216,0.268425,3.348937,0.268425,3.348937,0.183865,2.000000,1.000000
11390.000000,0.269671,3.343794,0.124620,-0.514273,0.000000,2.000000,0.000000,3.000000,0.000000,0.757227,0.521441,-0.506549,0.123732,0.352418,0.000000,0.000000,1.000000,2.000000,0.592424,3.633216,0.269671,3.343794,0.269671,3.343794,0.183865,2.000000,1.000000
11400.000000,0.270908,3.338441,0.123619,-0.535334,0.000000,2.000000,0.000000,3.000000,0.000000,0.846667,0.529157,-0.513180,0.129046,0.351179,0.000000,0.000000,1.000000,2.000000,0.592424,3.633216,0.270908,3.338441,0.270908,3.338441,0.183865,2.000000,1.000000
11410.000000,0.272050,3.332757,0.114277,-0.568390,0.000000,2.000000,0.000000,3.000000,0.000000,0.794271,0.549422,-0.534262,0.128174,0.229647,0.000000,0.000000,1.000000,2.000000,0.592424,3.633216,0.272050,3.332757,0.272050,3.332757,0.183865,2.000000,1.000000
11420.000000,0.273293,3.326914,0.124246,-0.584274,0.000000,2.000000,0.000000,3.000000,0.000000,0.882635,0.579764,-0.567488,0.118677,0.458280,0.000000,0.000000,1.000000,2.000000,0.592424,3.633216,0.273293,3.326914,0.273293,3.326914,0.183865,2.000000,1.000000
11430.000000,0.274754,3.321070,0.146120,-0.584376,0.000000,2.000000,0.000000,3.000000,0.000000,0.701564,0.597338,-0.583309,0.128700,0.634752,0.000000,0.000000,1.000000,2.000000,0.592424,3.633216,0.274754,3.321070,0.274754,3.321070,0.183865,2.000000,1.000000
11440.000000,0.276516,3.315303,0.176177,-0.576718,0.000000,2.000000,0.000000,3.000000,0.000000,0.701564,0.602367,-0.583209,0.150707,0.630744,0.000000,0.000000,1.000000,2.000000,0.592424,3.633216,0.276516,3.315303,0.276516,3.315303,0.183865,2.000000,1.000000
11450.000000,0.278516,3.309843,0.199972,-0.546036,0.000000,2.000000,0.000000,3.000000,0.000000,0.580273,0.603027,-0.575297,0.180763,0.570283,0.000000,0.000000,1.000000,2.000000,0.592424,3.633216,0.278516,3.309843,0.278516,3.309843,0.183865,2.000000,1.000000
11460.000000,0.281059,3.304566,0.254322,-0.527710,0.000000,2.000000,0.000000,3.000000,0.000000,0.580273,0.581502,-0.544270,0.204731,0.567046,0.000000,0.000000,1.000000,2.000000,0.592424,3.633216,0.281059,3.304566,0.281059,3.304566,0.183865,2.000000,1.000000
11470.000000,0.284160,3.299455,0.310128,-0.511091,0.000000,2.000000,0.000000,3.000000,0.000000,0.995795,0.585796,-0.525219,0.259426,0.668060,0.000000,0.000000,1.000000,2.000000,0.592424,3.633216,0.284160,3.299455,0.284160,3.299455,0.183865,2.000000,1.000000
11480.000000,0.287684,3.294324,0.352424,-0.513088,0.000000,2.000000,0.000000,3.000000,0.000000,1.012551,0.597824,-0.507634,0.315756,0.663622,0.000000,0.000000,1.000000,2.000000,0.592424,3.633216,0.287684,3.294324,0.287684,3.294324,0.183865,2.000000,1.000000
11490.000000,0.291274,3.289270,0.358939,-0.505426,0.000000,2.000000,0.000000,3.000000,0.000000,1.012551,0.622465,-0.509267,0.357924,0.659243,0.000000,0.000000,1.000000,2.000000,0.592424,3.633216,0.291274,3.289270,0.291274,3.289270,0.183865,2.000000,1.000000
11500.000000,0.295050,3.284257,0.377659,-0.501259,0.000000,2.000000,0.000000,3.000000,0.000000,0.774277,0.619913,-0.502419,0.363137,0.517740,0.000000,0.000000,1.000000,2.000000,0.592424,3.633216,0.295050,3.284257,0.295050,3.284257,0.183865,2.000000,1.000000
11510.000000,0.299192,3.279377,0.414220,-0.488084,0.000000,2.000000,0.000000,3.000000,0.000000,0.774277,0.627604,-0.498868,0.380812,0.634938,0.000000,0.000000,1.000000,2.000000,0.592424,3.633216,0.299192,3.279377,0.299192,3.279377,0.183865,2.000000,1.000000
11520.000000,0.303933,3.274472,0.474038,-0.490508,0.000000,2.000000,0.000000,3.000000,0.000000,1.053055,0.640159,-0.485566,0.417169,0.895484,0.000000,0.000000,1.000000,2.000000,0.592424,3.633216,0.303933,3.274472,0.303933,3.274472,0.183865,2.000000,1.000000
11530.000000,0.308856,3.269560,0.492337,-0.491168,0.000000,2.000000,0.000000,3.000000,0.000000,1.096375,0.682137,-0.486558,0.478092,0.887528,0.000000,0.000000,1.000000,2.000000,0.592424,3.633216,0.308856,3.269560,0.308856,3.269560,0.183865,2.000000,1.000000
11540.000000,0.313905,3.264514,0.504913,-0.504596,0.000000,2.000000,0.000000,3.000000,0.000000,1.096375,0.695443,-0.485858,0.497577,0.853392,0.000000,0.000000,1.000000,2.000000,0.592424,3.633216,0.313905,3.264514,0.313905,3.264514,0.183865,2.000000,1.000000
11550.000000,0.319201,3.259388,0.529586,-0.512628,0.000000,2.000000,0.000000,3.000000,0.000000,0.955005,0.713831,-0.498514,0.510919,0.505231,0.000000,0.000000,1.000000,2.000000,0.592424,3.633216,0.319201,3.259388,0.319201,3.259388,0.183865,2.000000,1.000000
11560.000000,0.324932,3.254100,0.573078,-0.528782,0.000000,2.000000,0.000000,3.000000,0.000000,1.016801,0.737054,-0.506284,0.535654,0.892044,0.000000,0.000000,1.000000,2.000000,0.592424,3.633216,0.324932,3.254100,0.324932,3.254100,0.183865,2.000000,1.000000
11570.000000,0.330898,3.248786,0.596628,-0.531352,0.000000,2.000000,0.000000,3.000000,0.000000,1.016801,0.779762,-0.522177,0.579103,0.884149,0.000000,0.000000,1.000000,2.000000,0.592424,3.633216,0.330898,3.248786,0.330898,3.248786,0.183865,2.000000,1.000000
11580.000000,0.337175,3.243389,0.627631,-0.539763,0.000000,2.000000,0.000000,3.000000,0.000000,1.016801,0.798937,-0.524085,0.603023,0.876392,0.000000,0.000000,1.000000,2.000000,0.592424,3.633216,0.337175,3.243389,0.337175,3.243389,0.183865,2.000000,1.000000
11590.000000,0.343781,3.237950,0.660654,-0.543835,0.000000,2.000000,0.000000,3.000000,0.000000,0.567958,0.827807,-0.531144,0.634942,0.189274,0.000000,0.000000,1.000000,2.000000,0.592424,3.633216,0.343781,3.237950,0.343781,3.237950,0.183865,2.000000,1.000000
11600.000000,0.350978,3.232520,0.719658,-0.543017,0.000000,2.000000,0.000000,3.000000,0.000000,0.645210,0.855698,-0.533516,0.669015,0.465209,0.000000,0.000000,1.000000,2.000000,0.592424,3.633216,0.350978,3.232520,0.350978,3.232520,0.183865,2.000000,1.000000
11610.000000,0.358623,3.227302,0.764517,-0.521783,0.000000,2.000000,0.000000,3.000000,0.000000,0.645210,0.901540,-0.531046,0.728536,0.463052,0.000000,0.000000,1.000000,2.000000,0.592424,3.633216,0.358623,3.227302,0.358623,3.227302,0.183865,2.000000,1.000000
11620.000000,0.366703,3.222203,0.808043,-0.509968,0.000000,2.000000,0.000000,3.000000,0.000000,0.645210,0.925605,-0.508595,0.773353,0.460916,0.000000,0.000000,1.000000,2.000000,0.592424,3.633216,0.366703,3.222203,0.366703,3.222203,0.183865,2.000000,1.000000
11630.000000,0.374230,3.217823,0.752693,-0.437954,0.000000,2.000000,0.000000,3.000000,0.000000,0.490109,0.955511,-0.494809,0.817414,0.078529,0.000000,0.000000,1.000000,2.000000,0.592424,3.633216,0.374230,3.217823,0.374230,3.217823,0.183865,2.000000,1.000000
11640.000000,0.381593,3.213639,0.736307,-0.418356,0.000000,2.000000,0.000000,3.000000,0.000000,0.322321,0.967610,-0.491579,0.833439,-0.362588,0.000000,0.000000,1.000000,2.000000,0.592424,3.633216,0.381593,3.213639,0.381593,3.213639,0.183865,2.000000,1.000000
11650.000000,0.389023,3.209640,0.743001,-0.399954,0.000000,2.000000,0.000000,3.000000,0.000000,0.417568,0.981844,-0.499409,0.845346,-0.204650,0.000000,0.000000,1.000000,2.000000,0.592424,3.633216,0.389023,3.209640,0.389023,3.209640,0.183865,2.000000,1.000000
11660.000000,0.397021,3.205710,0.799723,-0.392965,0.000000,2.000000,0.000000,3.000000,0.000000,0.417568,0.984060,-0.485244,0.856103,-0.182019,0.000000,0.000000,1.000000,2.000000,0.592424,3.633216,0.397021,3.205710,0.397021,3.205710,0.183865,2.000000,1.000000
11670.000000,0.405710,3.201717,0.868988,-0.399336,0.000000,2.000000,0.000000,3.000000,0.000000,0.453192,1.019853,-0.470658,0.904754,0.084404,0.000000,0.000000,1.000000,2.000000,0.592424,3.633216,0.405710,3.201717,0.405710,3.201717,0.183865,2.000000,1.000000
11680.000000,0.414950,3.197760,0.923997,-0.395700,0.000000,2.000000,0.000000,3.000000,0.000000,0.453192,1.064414,-0.462357,0.958751,0.084333,0.000000,0.000000,1.000000,2.000000,0.592424,3.633216,0.414950,3.197760,0.414950,3.197760,0.183865,2.000000,1.000000
11690.000000,0.424459,3.194015,0.950880,-0.374552,0.000000,2.000000,0.000000,3.000000,0.000000,0.453192,1.082369,-0.436325,0.990527,0.084262,0.000000,0.000000,1.000000,2.000000,0.592424,3.633216,0.424459,3.194015,0.424459,3.194015,0.183865,2.000000,1.000000
11700.000000,0.434231,3.190400,0.977146,-0.361498,0.000000,2.000000,0.000000,3.000000,0.000000,0.407303,1.074041,-0.396134,0.998319,-0.223461,0.000000,0.000000,1.000000,2.000000,0.592424,3.633216,0.434231,3.190400,0.434231,3.190400,0.183865,2.000000,1.000000
11710.000000,0.444466,3.186474,1.023498,-0.392612,0.000000,2.000000,0.000000,3.000000,0.000000,0.682858,1.081344,-0.373419,1.014822,-0.222962,0.000000,0.000000,1.000000,2.000000,0.592424,3.633216,0.444466,3.186474,0.444466,3.186474,0.183865,2.000000,1.000000
11720.000000,0.454611,3.182565,1.014513,-0.390852,0.000000,2.000000,0.000000,3.000000,0.000000,0.635408,1.096217,-0.375829,1.029779,-0.222466,0.000000,0.000000,1.000000,2.000000,0.592424,3.633216,0.454611,3.182565,0.454611,3.182565,0.183865,2.000000,1.000000
11730.000000,0.464449,3.178612,0.983842,-0.395315,0.000000,2.000000,0.000000,3.000000,0.000000,0.682858,1.087199,-0.375345,1.020352,0.154827,0.000000,0.000000,1.000000,2.000000,0.592424,3.633216,0.464449,3.178612,0.464449,3.178612,0.183865,2.000000,1.000000
11740.000000,0.474546,3.174701,1.009649,-0.391077,0.000000,2.000000,0.000000,3.000000,0.000000,0.565931,1.060292,-0.380282,0.989750,0.154587,0.000000,0.000000,1.000000,2.000000,0.592424,3.633216,0.474546,3.174701,0.474546,3.174701,0.183865,2.000000,1.000000
11750.000000,0.485074,3.170933,1.052825,-0.376837,0.000000,2.000000,0.000000,3.000000,0.000000,0.565931,1.082743,-0.376771,1.015074,0.154348,0.000000,0.000000,1.000000,2.000000,0.592424,3.633216,0.485074,3.170933,0.485074,3.170933,0.183865,2.000000,1.000000
11760.000000,0.495905,3.167266,1.083091,-0.366615,0.000000,2.000000,0.000000,3.000000,0.000000,0.814494,1.118233,-0.363494,1.057506,1.414827,0.000000,0.000000,1.000000,2.000000,0.592424,3.633216,0.495905,3.167266,0.495905,3.167266,0.183865,2.000000,1.000000
11770.000000,0.506355,3.163690,1.044985,-0.357608,0.000000,2.000000,0.000000,3.000000,0.000000,0.830637,1.143457,-0.352724,1.087694,1.452898,0.000000,0.000000,1.000000,2.000000,0.592424,3.633216,0.506355,3.163690,0.506355,3.163690,0.183865,2.000000,1.000000
11780.000000,0.516859,3.160175,1.050433,-0.351524,0.000000,2.000000,0.000000,3.000000,0.000000,0.830637,1.104480,-0.343495,1.049709,1.432070,0.000000,0.000000,1.000000,2.000000,0.592424,3.633216,0.516859,3.160175,0.516859,3.160175,0.183865,2.000000,1.000000
11790.000000,0.527841,3.156787,1.098188,-0.338761,0.000000,2.000000,0.000000,3.000000,0.000000,0.798094,1.107690,-0.336519,1.055335,0.911554,0.000000,0.000000,1.000000,2.000000,0.592424,3.633216,0.527841,3.156787,0.527841,3.156787,0.183865,2.000000,1.000000
11800.000000,0.539180,3.153604,1.133955,-0.318354,0.000000,2.000000,0.000000,3.000000,0.000000,0.718802,1.149251,-0.323077,1.102905,0.813167,0.000000,0.000000,1.000000,2.000000,0.592424,3.633216,0.539180,3.153604,0.539180,3.153604,0.183865,2.000000,1.000000
11810.000000,0.550397,3.150328,1.121656,-0.327562,0.000000,2.000000,0.000000,3.000000,0.000000,0.718802,1.177796,-0.302393,1.138315,0.806602,0.000000,0.000000,1.000000,2.000000,0.592424,3.633216,0.550397,3.150328,0.550397,3.150328,0.183865,2.000000,1.000000
11820.000000,0.561388,3.146600,1.099069,-0.372813,0.000000,2.000000,0.000000,3.000000,0.000000,0.806103,1.168508,-0.311283,1.126283,0.860533,0.000000,0.000000,1.000000,2.000000,0.592424,3.633216,0.561388,3.146600,0.561388,3.146600,0.183865,2.000000,1.000000
11830.000000,0.572157,3.142344,1.076967,-0.425544,0.000000,2.000000,0.000000,3.000000,0.000000,0.806103,1.160578,-0.356650,1.104420,0.853184,0.000000,0.000000,1.000000,2.000000,0.592424,3.633216,0.572157,3.142344,0.572157,3.142344,0.183865,2.000000,1.000000
11840.000000,0.582909,3.137744,1.075128,-0.460075,0.000000,2.000000,0.000000,3.000000,0.000000,0.806103,1.157992,-0.410674,1.082725,0.845959,0.000000,0.000000,1.000000,2.000000,0.592424,3.633216,0.582909,3.137744,0.582909,3.137744,0.183865,2.000000,1.000000
11850.000000,0.593599,3.133100,1.069077,-0.464344,0.000000,2.000000,0.000000,3.000000,0.000000,0.600852,1.169431,-0.445808,1.081121,0.465740,0.000000,0.000000,1.000000,2.000000,0.592424,3.633216,0.593599,3.133100,0.593599,3.133100,0.183865,2.000000,1.000000
11860.000000,0.604426,3.128448,1.082632,-0.465207,0.000000,2.000000,0.000000,3.000000,0.000000,0.622573,1.165565,-0.449716,1.075312,0.310160,0.000000,0.000000,1.000000,2.000000,0.592424,3.633216,0.604426,3.128448,0.604426,3.128448,0.183865,2.000000,1.000000
11870.000000,0.615307,3.123828,1.088131,-0.462062,0.000000,2.000000,0.000000,3.000000,0.000000,0.622573,1.178350,-0.450153,1.088977,0.309200,0.000000,0.000000,1.000000,2.000000,0.592424,3.633216,0.615307,3.123828,0.615307,3.123828,0.183865,2.000000,1.000000
11880.000000,0.626187,3.119245,1.088025,-0.458277,0.000000,2.000000,0.000000,3.000000,0.000000,0.792960,1.182172,-0.446496,1.094611,0.843718,0.000000,0.000000,1.000000,2.000000,0.592424,3.633216,0.626187,3.119245,0.626187,3.119245,0.183865,2.000000,1.000000
11890.000000,0.636804,3.114737,1.061661,-0.450775,0.000000,2.000000,0.000000,3.000000,0.000000,0.939391,1.180600,-0.442287,1.094623,1.697456,0.000000,0.000000,1.000000,2.000000,0.592424,3.633216,0.636804,3.114737,0.636804,3.114737,0.183865,2.000000,1.000000
11900.000000,0.647467,3.110179,1.066373,-0.455782,0.000000,2.000000,0.000000,3.000000,0.000000,0.939391,1.153396,-0.434469,1.068438,1.669095,0.000000,0.000000,1.000000,2.000000,0.592424,3.633216,0.647467,3.110179,0.647467,3.110179,0.183865,2.000000,1.000000
11910.000000,0.658402,3.105644,1.093446,-0.453478,0.000000,2.000000,0.000000,3.000000,0.000000,0.924925,1.159693,-0.438174,1.073728,1.641667,0.000000,0.000000,1.000000,2.000000,0.592424,3.633216,0.658402,3.105644,0.658402,3.105644,0.183865,2.000000,1.000000
11920.000000,0.669422,3.100818,1.101967,-0.482646,0.000000,2.000000,0.000000,3.000000,0.000000,0.717573,1.183751,-0.434561,1.101101,0.570304,0.000000,0.000000,1.000000,2.000000,0.592424,3.633216,0.669422,3.100818,0.669422,3.100818,0.183865,2.000000,1.000000
11930.000000,0.680101,3.095902,1.067969,-0.491538,0.000000,2.000000,0.000000,3.000000,0.000000,0.823515,1.203029,-0.463092,1.110326,0.478417,0.000000,0.000000,1.000000,2.000000,0.592424,3.633216,0.680101,3.095902,0.680101,3.095902,0.183865,2.000000,1.000000
11940.000000,0.690693,3.090811,1.059182,-0.509187,0.000000,2.000000,0.000000,3.000000,0.000000,0.660818,1.175656,-0.472104,1.076701,-0.431149,0.000000,0.000000,1.000000,2.000000,0.592424,3.633216,0.690693,3.090811,0.690693,3.090811,0.183865,2.000000,1.000000
11950.000000,0.701163,3.085454,1.046957,-0.535604,0.000000,2.000000,0.000000,3.000000,0.000000,0.497629,1.175218,-0.489414,1.068462,-0.650018,0.000000,0.000000,1.000000,2.000000,0.592424,3.633216,0.701163,3.085454,0.701163,3.085454,0.183865,2.000000,1.000000
11960.000000,0.711579,3.079768,1.041606,-0.568664,0.000000,2.000000,0.000000,3.000000,0.000000,0.366070,1.176006,-0.515090,1.057200,-0.942074,0.000000,0.000000,1.000000,2.000000,0.592424,3.633216,0.711579,3.079768,0.711579,3.079768,0.183865,2.000000,1.000000
11970.000000,0.721856,3.074027,1.027712,-0.574121,0.000000,2.000000,0.000000,3.000000,0.000000,0.913523,1.186727,-0.548520,1.052353,0.491827,0.000000,0.000000,1.000000,2.000000,0.592424,3.633216,0.721856,3.074027,0.721856,3.074027,0.183865,2.000000,1.000000
11980.000000,0.731941,3.067970,1.008488,-0.605663,0.000000,2.000000,0.000000,3.000000,0.000000,0.623683,1.177203,-0.554652,1.038348,0.489417,0.000000,0.000000,1.000000,2.000000,0.592424,3.633216,0.731941,3.067970,0.731941,3.067970,0.183865,2.000000,1.000000
11990.000000,0.741829,3.061648,0.988816,-0.632258,0.000000,2.000000,0.000000,3.000000,0.000000,0.834333,1.176383,-0.585895,1.020099,0.937693,0.000000,0.000000,1.000000,2.000000,0.592424,3.633216,0.741829,3.061648,0.741829,3.061648,0.183865,2.000000,1.000000
12000.000000,0.751659,3.055092,0.982984,-0.655587,0.000000,2.000000,0.000000,3.000000,0.000000,1.015338,1.173673,-0.612275,1.001312,2.038004,0.000000,0.000000,1.000000,2.000000,0.592424,3.633216,0.751659,3.055092,0.751659,3.055092,0.183865,2.000000,1.000000
12010.000000,0.761451,3.048353,0.979263,-0.673923,0.000000,2.000000,0.000000,3.000000,0.000000,1.015338,1.181547,-0.635669,0.995981,1.997260,0.000000,0.000000,1.000000,2.000000,0.592424,3.633216,0.761451,3.048353,0.761451,3.048353,0.183865,2.000000,1.000000
12020.000000,0.771448,3.041387,0.999630,-0.696566,0.000000,2.000000,0.000000,3.000000,0.000000,1.002270,1.188751,-0.653959,0.992707,1.908101,0.000000,0.000000,1.000000,2.000000,0.592424,3.633216,0.771448,3.041387,0.771448,3.041387,0.183865,2.000000,1.000000
12030.000000,0.781825,3.034110,1.037706,-0.727674,0.000000,2.000000,0.000000,3.000000,0.000000,0.581962,1.218386,-0.676310,1.013444,0.243358,0.000000,0.000000,1.000000,2.000000,0.592424,3.633216,0.781825,3.034110,0.781825,3.034110,0.183865,2.000000,1.000000
12040.000000,0.791884,3.027042,1.005900,-0.706792,0.000000,2.000000,0.000000,3.000000,0.000000,1.176605,1.267416,-0.708353,1.050990,1.774101,0.000000,0.000000,1.000000,2.000000,0.592424,3.633216,0.791884,3.027042,0.791884,3.027042,0.183865,2.000000,1.000000
12050.000000,0.801410,3.020353,0.952627,-0.668945,0.000000,2.000000,0.000000,3.000000,0.000000,1.188228,1.301713,-0.740457,1.070597,1.743145,0.000000,0.000000,1.000000,2.000000,0.592424,3.633216,0.801410,3.020353,0.801410,3.020353,0.183865,2.000000,1.000000
12060.000000,0.810896,3.013514,0.948581,-0.683927,0.000000,2.000000,0.000000,3.000000,0.000000,1.188228,1.241289,-0.706522,1.020600,1.713250,0.000000,0.000000,1.000000,2.000000,0.592424,3.633216,0.810896,3.013514,0.810896,3.013514,0.183865,2.000000,1.000000
12070.000000,0.820434,3.006520,0.953874,-0.699378,0.000000,2.000000,0.000000,3.000000,0.000000,0.377811,1.209617,-0.694191,0.990591,-1.009793,0.000000,0.000000,1.000000,2.000000,0.592424,3.633216,0.820434,3.006520,0.820434,3.006520,0.183865,2.000000,1.000000
12080.000000,0.830158,2.999289,0.972341,-0.723098,0.000000,2.000000,0.000000,3.000000,0.000000,1.120850,1.200907,-0.692508,0.981127,0.766164,0.000000,0.000000,1.000000,2.000000,0.592424,3.633216,0.830158,2.999289,0.830158,2.999289,0.183865,2.000000,1.000000
12090.000000,0.839816,2.992159,0.965838,-0.713002,0.000000,2.000000,0.000000,3.000000,0.000000,1.120850,1.211742,-0.701942,0.987723,1.180134,0.000000,0.000000,1.000000,2.000000,0.592424,3.633216,0.839816,2.992159,0.839816,2.992159,0.183865,2.000000,1.000000
12100.000000,0.849546,2.985385,0.973016,-0.677366,0.000000,2.000000,0.000000,3.000000,0.000000,1.120850,1.200506,-0.691379,0.981433,1.166355,0.000000,0.000000,1.000000,2.000000,0.592424,3.633216,0.849546,2.985385,0.849546,2.985385,0.183865,2.000000,1.000000
12110.000000,0.859116,2.978787,0.956926,-0.659838,0.000000,2.000000,0.000000,3.000000,0.000000,1.215258,1.185574,-0.655452,0.987911,2.582874,0.000000,0.000000,1.000000,2.000000,0.592424,3.633216,0.859116,2.978787,0.859116,2.978787,0.183865,2.000000,1.000000
12120.000000,0.868797,2.971808,0.968098,-0.697880,0.000000,2.000000,0.000000,3.000000,0.000000,1.686898,1.162365,-0.638627,0.971209,4.031621,0.000000,0.000000,1.000000,2.000000,0.592424,3.633216,0.868797,2.971808,0.868797,2.971808,0.183865,2.000000,1.000000
12130.000000,0.878609,2.964354,0.981226,-0.745385,0.000000,2.000000,0.000000,3.000000,0.000000,1.686898,1.193419,-0.676710,0.983012,3.875230,0.000000,0.000000,1.000000,2.000000,0.592424,3.633216,0.878609,2.964354,0.878609,2.964354,0.183865,2.000000,1.000000
12140.000000,0.888460,2.956361,0.985141,-0.799266,0.000000,2.000000,0.000000,3.000000,0.000000,1.786494,1.232235,-0.722992,0.997841,3.127603,0.000000,0.000000,1.000000,2.000000,0.592424,3.633216,0.888460,2.956361,0.888460,2.956361,0.183865,2.000000,1.000000
12150.000000,0.897894,2.948292,0.943352,-0.806880,0.000000,2.000000,0.000000,3.000000,0.000000,1.867740,1.268594,-0.774307,1.004878,2.383754,0.000000,0.000000,1.000000,2.000000,0.592424,3.633216,0.897894,2.948292,0.897894,2.948292,0.183865,2.000000,1.000000
12160.000000,0.907126,2.940459,0.923271,-0.783316,0.000000,2.000000,0.000000,3.000000,0.000000,1.712642,1.241357,-0.781607,0.964395,2.170299,0.000000,0.000000,1.000000,2.000000,0.592424,3.633216,0.907126,2.940459,0.907126,2.940459,0.183865,2.000000,1.000000
12170.000000,0.916230,2.932870,0.910408,-0.758932,0.000000,2.000000,0.000000,3.000000,0.000000,1.283643,1.210790,-0.758612,0.943674,1.331446,0.000000,0.000000,1.000000,2.000000,0.592424,3.633216,0.916230,2.932870,0.916230,2.932870,0.183865,2.000000,1.000000
12180.000000,0.925476,2.925260,0.924530,-0.761025,0.000000,2.000000,0.000000,3.000000,0.000000,1.272802,1.185252,-0.735334,0.929573,1.735802,0.000000,0.000000,1.000000,2.000000,0.592424,3.633216,0.925476,2.925260,0.925476,2.925260,0.183865,2.000000,1.000000
12190.000000,0.935313,2.917044,0.983685,-0.821566,0.000000,2.000000,0.000000,3.000000,0.000000,1.272802,1.197462,-0.738051,0.942972,1.706156,0.000000,0.000000,1.000000,2.000000,0.592424,3.633216,0.935313,2.917044,0.935313,2.917044,0.183865,2.000000,1.000000
12200.000000,0.944756,2.908978,0.944322,-0.806621,0.000000,2.000000,0.000000,3.000000,0.000000,0.978499,1.208590,-0.748224,0.949131,0.836139,0.000000,0.000000,1.000000,2.000000,0.592424,3.633216,0.944756,2.908978,0.944756,2.908978,0.183865,2.000000,1.000000
12210.000000,0.953645,2.901168,0.888937,-0.780946,0.000000,2.000000,0.000000,3.000000,0.000000,0.665826,1.209340,-0.763630,0.937749,0.250891,0.000000,0.000000,1.000000,2.000000,0.592424,3.633216,0.953645,2.901168,0.953645,2.901168,0.183865,2.000000,1.000000
12220.000000,0.962471,2.893358,0.882545,-0.781051,0.000000,2.000000,0.000000,3.000000,0.000000,0.735866,1.178402,-0.759350,0.901121,0.477046,0.000000,0.000000,1.000000,2.000000,0.592424,3.633216,0.962471,2.893358,0.962471,2.893358,0.183865,2.000000,1.000000
12230.000000,0.971423,2.885666,0.895190,-0.769187,0.000000,2.000000,0.000000,3.000000,0.000000,0.735866,1.179344,-0.764573,0.897931,0.474779,0.000000,0.000000,1.000000,2.000000,0.592424,3.633216,0.971423,2.885666,0.971423,2.885666,0.183865,2.000000,1.000000
12240.000000,0.980772,2.878114,0.934920,-0.755143,0.000000,2.000000,0.000000,3.000000,0.000000,0.797374,1.180260,-0.752733,0.909069,-0.090775,0.000000,0.000000,1.000000,2.000000,0.592424,3.633216,0.980772,2.878114,0.980772,2.878114,0.183865,2.000000,1.000000
12250.000000,0.990155,2.870742,0.938360,-0.737290,0.000000,2.000000,0.000000,3.000000,0.000000,0.816377,1.201798,-0.738266,0.948304,-0.730680,0.000000,0.000000,1.000000,2.000000,0.592424,3.633216,0.990155,2.870742,0.990155,2.870742,0.183865,2.000000,1.000000
12260.000000,0.999537,2.863394,0.938110,-0.734724,0.000000,2.000000,0.000000,3.000000,0.000000,0.638415,1.193364,-0.720878,0.951027,-0.643240,0.000000,0.000000,1.000000,2.000000,0.592424,3.633216,0.999537,2.863394,0.999537,2.863394,0.183865,2.000000,1.000000
12270.000000,1.008913,2.856279,0.937653,-0.711483,0.000000,2.000000,0.000000,3.000000,0.000000,1.002295,1.191583,-0.719362,0.949941,0.081757,0.000000,0.000000,1.000000,2.000000,0.592424,3.633216,1.008913,2.856279,1.008913,2.856279,0.183865,2.000000,1.000000
12280.000000,1.018414,2.849460,0.950061,-0.681943,0.000000,2.000000,0.000000,3.000000,0.000000,1.100476,1.177030,-0.696841,0.948585,0.273865,0.000000,0.000000,1.000000,2.000000,0.592424,3.633216,1.018414,2.849460,1.018414,2.849460,0.183865,2.000000,1.000000
12290.000000,1.027983,2.842913,0.956960,-0.654668,0.000000,2.000000,0.000000,3.000000,0.000000,1.100476,1.169471,-0.666657,0.960849,0.273117,0.000000,0.000000,1.000000,2.000000,0.592424,3.633216,1.027983,2.842913,1.027983,2.842913,0.183865,2.000000,1.000000
12300.000000,1.037820,2.836429,0.983640,-0.648417,0.000000,2.000000,0.000000,3.000000,0.000000,0.704160,1.159467,-0.637656,0.968379,0.213890,0.000000,0.000000,1.000000,2.000000,0.592424,3.633216,1.037820,2.836429,1.037820,2.836429,0.183865,2.000000,1.000000
12310.000000,1.048522,2.829339,1.070228,-0.709023,0.000000,2.000000,0.000000,3.000000,0.000000,0.704160,1.178131,-0.629663,0.995749,-0.467142,0.000000,0.000000,1.000000,2.000000,0.592424,3.633216,1.048522,2.829339,1.048522,2.829339,0.183865,2.000000,1.000000
12320.000000,1.059218,2.822359,1.069587,-0.698005,0.000000,2.000000,0.000000,3.000000,0.000000,0.606572,1.184939,-0.618867,1.010486,-0.502939,0.000000,0.000000,1.000000,2.000000,0.592424,3.633216,1.059218,2.822359,1.059218,2.822359,0.183865,2.000000,1.000000
12330.000000,1.069719,2.815730,1.050118,-0.662862,0.000000,2.000000,0.000000,3.000000,0.000000,0.604462,1.184012,-0.613547,1.012642,-0.764032,0.000000,0.000000,1.000000,2.000000,0.592424,3.633216,1.069719,2.815730,1.069719,2.815730,0.183865,2.000000,1.000000
12340.000000,1.080949,2.809231,1.122990,-0.649957,0.000000,2.000000,0.000000,3.000000,0.000000,0.534981,1.144899,-0.578877,0.987773,-0.918411,0.000000,0.000000,1.000000,2.000000,0.592424,3.633216,1.080949,2.809231,1.080949,2.809231,0.183865,2.000000,1.000000
12350.000000,1.092262,2.802961,1.131361,-0.627000,0.000000,2.000000,0.000000,3.000000,0.000000,0.654352,1.172439,-0.547776,1.036607,-0.714554,0.000000,0.000000,1.000000,2.000000,0.592424,3.633216,1.092262,2.802961,1.092262,2.802961,0.183865,2.000000,1.000000
12360.000000,1.103270,2.796824,1.100762,-0.613637,0.000000,2.000000,0.000000,3.000000,0.000000,0.675981,1.187701,-0.541765,1.056941,-0.565914,0.000000,0.000000,1.000000,2.000000,0.592424,3.633216,1.103270,2.796824,1.103270,2.796824,0.183865,2.000000,1.000000
12370.000000,1.113727,2.790906,1.045650,-0.591861,0.000000,2.000000,0.000000,3.000000,0.000000,0.811095,1.187806,-0.555085,1.050126,-0.326263,0.000000,0.000000,1.000000,2.000000,0.592424,3.633216,1.113727,2.790906,1.113727,2.790906,0.183865,2.000000,1.000000
12380.000000,1.124145,2.785048,1.041793,-0.585762,0.000000,2.000000,0.000000,3.000000,0.000000,0.819863,1.145001,-0.545598,1.006652,-0.203605,0.000000,0.000000,1.000000,2.000000,0.592424,3.633216,1.124145,2.785048,1.124145,2.785048,0.183865,2.000000,1.000000
12390.000000,1.134221,2.779551,1.007671,-0.549669,0.000000,2.000000,0.000000,3.000000,0.000000,0.675837,1.144870,-0.543699,1.007531,-0.002794,0.000000,0.000000,1.000000,2.000000,0.592424,3.633216,1.134221,2.779551,1.134221,2.779551,0.183865,2.000000,1.000000
12400.000000,1.144545,2.774233,1.032408,-0.531802,0.000000,2.000000,0.000000,3.000000,0.000000,0.922278,1.147840,-0.543841,1.010828,1.243441,0.000000,0.000000,1.000000,2.000000,0.592424,3.633216,1.144545,2.774233,1.144545,2.774233,0.183865,2.000000,1.000000
12410.000000,1.154775,2.769237,1.022916,-0.499635,0.000000,2.000000,0.000000,3.000000,0.000000,1.032868,1.161327,-0.526919,1.034909,1.299824,0.000000,0.000000,1.000000,2.000000,0.592424,3.633216,1.154775,2.769237,1.154775,2.769237,0.183865,2.000000,1.000000
12420.000000,1.164976,2.764405,1.020103,-0.483203,0.000000,2.000000,0.000000,3.000000,0.000000,1.032868,1.138416,-0.495592,1.024880,1.283129,0.000000,0.000000,1.000000,2.000000,0.592424,3.633216,1.164976,2.764405,1.164976,2.764405,0.183865,2.000000,1.000000
12430.000000,1.175388,2.759823,1.041251,-0.458252,0.000000,2.000000,0.000000,3.000000,0.000000,1.021066,1.128758,-0.480284,1.021480,0.738895,0.000000,0.000000,1.000000,2.000000,0.592424,3.633216,1.175388,2.759823,1.175388,2.759823,0.183865,2.000000,1.000000
12440.000000,1.186315,2.755443,1.092745,-0.437930,0.000000,2.000000,0.000000,3.000000,0.000000,0.871257,1.137628,-0.457799,1.041450,0.226137,0.000000,0.000000,1.000000,2.000000,0.592424,3.633216,1.186315,2.755443,1.186315,2.755443,0.183865,2.000000,1.000000
12450.000000,1.197127,2.751229,1.081191,-0.421393,0.000000,2.000000,0.000000,3.000000,0.000000,0.801217,1.177231,-0.440723,1.091622,0.225626,0.000000,0.000000,1.000000,2.000000,0.592424,3.633216,1.197127,2.751229,1.197127,2.751229,0.183865,2.000000,1.000000
12460.000000,1.207911,2.747349,1.078354,-0.388047,0.000000,2.000000,0.000000,3.000000,0.000000,0.661410,1.160408,-0.426966,1.079002,-0.548100,0.000000,0.000000,1.000000,2.000000,0.592424,3.633216,1.207911,2.747349,1.207911,2.747349,0.183865,2.000000,1.000000
12470.000000,1.218779,2.743875,1.086767,-0.347346,0.000000,2.000000,0.000000,3.000000,0.000000,0.401589,1.146049,-0.394313,1.076079,-1.219455,0.000000,0.000000,1.000000,2.000000,0.592424,3.633216,1.218779,2.743875,1.218779,2.743875,0.183865,2.000000,1.000000
12480.000000,1.229935,2.740623,1.115626,-0.325286,0.000000,2.000000,0.000000,3.000000,0.000000,0.398288,1.140926,-0.353983,1.084623,-1.211772,0.000000,0.000000,1.000000,2.000000,0.592424,3.633216,1.229935,2.740623,1.229935,2.740623,0.183865,2.000000,1.000000
12490.000000,1.241144,2.737518,1.120915,-0.310481,0.000000,2.000000,0.000000,3.000000,0.000000,0.511746,1.162082,-0.333146,1.113305,-1.046933,0.000000,0.000000,1.000000,2.000000,0.592424,3.633216,1.241144,2.737518,1.241144,2.737518,0.183865,2.000000,1.000000
12500.000000,1.251952,2.734239,1.080754,-0.327848,0.000000,2.000000,0.000000,3.000000,0.000000,0.369045,1.163121,-0.319043,1.118509,-0.977322,0.000000,0.000000,1.000000,2.000000,0.592424,3.633216,1.251952,2.734239,1.251952,2.734239,0.183865,2.000000,1.000000
12510.000000,1.262627,2.731175,1.067559,-0.306411,0.000000,2.000000,0.000000,3.000000,0.000000,0.612715,1.129386,-0.335899,1.078279,-0.455441,0.000000,0.000000,1.000000,2.000000,0.592424,3.633216,1.262627,2.731175,1.262627,2.731175,0.183865,2.000000,1.000000
12520.000000,1.273805,2.728579,1.117771,-0.259623,0.000000,2.000000,0.000000,3.000000,0.000000,0.689705,1.110662,-0.314191,1.065295,0.165312,0.000000,0.000000,1.000000,2.000000,0.592424,3.633216,1.273805,2.728579,1.273805,2.728579,0.183865,2.000000,1.000000
12530.000000,1.285255,2.726456,1.144976,-0.212278,0.000000,2.000000,0.000000,3.000000,0.000000,1.044148,1.147526,-0.267496,1.115913,0.932152,0.000000,0.000000,1.000000,2.000000,0.592424,3.633216,1.285255,2.726456,1.285255,2.726456,0.183865,2.000000,1.000000
12540.000000,1.297059,2.724616,1.180486,-0.184019,0.000000,2.000000,0.000000,3.000000,0.000000,1.044148,1.164487,-0.219853,1.143545,0.923534,0.000000,0.000000,1.000000,2.000000,0.592424,3.633216,1.297059,2.724616,1.297059,2.724616,0.183865,2.000000,1.000000
12550.000000,1.308972,2.722952,1.191286,-0.166428,0.000000,2.000000,0.000000,3.000000,0.000000,0.965393,1.194743,-0.192563,1.179123,1.085779,0.000000,0.000000,1.000000,2.000000,0.592424,3.633216,1.308972,2.722952,1.308972,2.722952,0.183865,2.000000,1.000000
12560.000000,1.320975,2.721269,1.200244,-0.168235,0.000000,2.000000,0.000000,3.000000,0.000000,1.009413,1.202855,-0.175806,1.189938,1.257579,0.000000,0.000000,1.000000,2.000000,0.592424,3.633216,1.320975,2.721269,1.320975,2.721269,0.183865,2.000000,1.000000
12570.000000,1.332630,2.719494,1.165491,-0.177517,0.000000,2.000000,0.000000,3.000000,0.000000,1.009413,1.211977,-0.179257,1.198647,1.241945,0.000000,0.000000,1.000000,2.000000,0.592424,3.633216,1.332630,2.719494,1.332630,2.719494,0.183865,2.000000,1.000000
12580.000000,1.344382,2.717879,1.175275,-0.161525,0.000000,2.000000,0.000000,3.000000,0.000000,1.455898,1.178933,-0.191189,1.163327,1.245550,0.000000,0.000000,1.000000,2.000000,0.592424,3.633216,1.344382,2.717879,1.344382,2.717879,0.183865,2.000000,1.000000
12590.000000,1.356398,2.716513,1.201522,-0.136581,0.000000,2.000000,0.000000,3.000000,0.000000,1.455898,1.186323,-0.179543,1.172657,1.230212,0.000000,0.000000,1.000000,2.000000,0.592424,3.633216,1.356398,2.716513,1.356398,2.716513,0.183865,2.000000,1.000000
12600.000000,1.368449,2.715159,1.205163,-0.135406,0.000000,2.000000,0.000000,3.000000,0.000000,1.185089,1.209260,-0.156690,1.199065,0.445324,0.000000,0.000000,1.000000,2.000000,0.592424,3.633216,1.368449,2.715159,1.368449,2.715159,0.183865,2.000000,1.000000
12610.000000,1.380450,2.714051,1.200054,-0.110751,0.000000,2.000000,0.000000,3.000000,0.000000,0.911234,1.212746,-0.154435,1.202873,-0.150682,0.000000,0.000000,1.000000,2.000000,0.592424,3.633216,1.380450,2.714051,1.380450,2.714051,0.183865,2.000000,1.000000
12620.000000,1.392977,2.713702,1.252685,-0.034909,0.000000,2.000000,0.000000,3.000000,0.000000,0.911234,1.205154,-0.128189,1.198317,-0.150455,0.000000,0.000000,1.000000,2.000000,0.592424,3.633216,1.392977,2.713702,1.392977,2.713702,0.183865,2.000000,1.000000
12630.000000,1.406277,2.714111,1.330069,0.040881,0.000000,2.000000,0.000000,3.000000,0.000000,0.781076,1.253171,-0.053193,1.252042,-0.439687,0.000000,0.000000,1.000000,2.000000,0.592424,3.633216,1.406277,2.714111,1.406277,2.714111,0.183865,2.000000,1.000000
12640.000000,1.420473,2.715028,1.419631,0.091648,0.000000,2.000000,0.000000,3.000000,0.000000,0.592370,1.330697,0.021641,1.330521,-0.854096,0.000000,0.000000,1.000000,2.000000,0.592424,3.633216,1.420473,2.715028,1.420473,2.715028,0.183865,2.000000,1.000000
12650.000000,1.434638,2.716033,1.416428,0.100528,0.000000,2.000000,0.000000,3.000000,0.000000,0.730825,1.422586,0.072169,1.420754,-0.537693,0.000000,0.000000,1.000000,2.000000,0.592424,3.633216,1.434638,2.716033,1.434638,2.716033,0.183865,2.000000,1.000000
12660.000000,1.448559,2.716812,1.392100,0.077858,0.000000,2.000000,0.000000,3.000000,0.000000,0.748771,1.419991,0.082912,1.417568,0.028658,0.000000,0.000000,1.000000,2.000000,0.592424,3.633216,1.448559,2.716812,1.448559,2.716812,0.183865,2.000000,1.000000
12670.000000,1.462434,2.717474,1.387487,0.066275,0.000000,2.000000,0.000000,3.000000,0.000000,0.731930,1.394275,0.062684,1.392865,0.028649,0.000000,0.000000,1.000000,2.000000,0.592424,3.633216,1.462434,2.717474,1.462434,2.717474,0.183865,2.000000,1.000000
12680.000000,1.475801,2.717592,1.336771,0.011763,0.000000,2.000000,0.000000,3.000000,0.000000,0.459684,1.389069,0.053535,1.388037,-0.530307,0.000000,0.000000,1.000000,2.000000,0.592424,3.633216,1.475801,2.717592,1.475801,2.717592,0.183865,2.000000,1.000000
12690.000000,1.488707,2.717272,1.290543,-0.032027,0.000000,2.000000,0.000000,3.000000,0.000000,0.685405,1.336823,0.000813,1.336823,-0.527506,0.000000,0.000000,1.000000,2.000000,0.592424,3.633216,1.488707,2.717272,1.488707,2.717272,0.183865,2.000000,1.000000
12700.000000,1.501474,2.716755,1.276655,-0.051681,0.000000,2.000000,0.000000,3.000000,0.000000,0.893431,1.290940,-0.043335,1.290213,-0.584818,0.000000,0.000000,1.000000,2.000000,0.592424,3.633216,1.501474,2.716755,1.501474,2.716755,0.183865,2.000000,1.000000
12710.000000,1.514375,2.716209,1.290103,-0.054552,0.000000,2.000000,0.000000,3.000000,0.000000,0.893431,1.277701,-0.064553,1.276069,-0.632964,0.000000,0.000000,1.000000,2.000000,0.592424,3.633216,1.514375,2.716209,1.514375,2.716209,0.183865,2.000000,1.000000
12720.000000,1.527871,2.715975,1.349665,-0.023433,0.000000,2.000000,0.000000,3.000000,0.000000,0.857045,1.291256,-0.068422,1.289442,0.000814,0.000000,0.000000,1.000000,2.000000,0.592424,3.633216,1.527871,2.715975,1.527871,2.715975,0.183865,2.000000,1.000000
12730.000000,1.541642,2.716188,1.377033,0.021296,0.000000,2.000000,0.000000,3.000000,0.000000,0.667613,1.349869,-0.037432,1.349350,0.341925,0.000000,0.000000,1.000000,2.000000,0.592424,3.633216,1.541642,2.716188,1.541642,2.716188,0.183865,2.000000,1.000000
12740.000000,1.555260,2.716293,1.361820,0.010461,0.000000,2.000000,0.000000,3.000000,0.000000,0.697589,1.377198,0.008420,1.377172,0.340759,0.000000,0.000000,1.000000,2.000000,0.592424,3.633216,1.555260,2.716293,1.555260,2.716293,0.183865,2.000000,1.000000
12750.000000,1.568833,2.716329,1.357307,0.003593,0.000000,2.000000,0.000000,3.000000,0.000000,0.843823,1.361860,-0.002026,1.361859,0.573381,0.000000,0.000000,1.000000,2.000000,0.592424,3.633216,1.568833,2.716329,1.568833,2.716329,0.183865,2.000000,1.000000
12760.000000,1.582763,2.716413,1.393051,0.008494,0.000000,2.000000,0.000000,3.000000,0.000000,0.843823,1.357312,-0.009095,1.357281,0.570110,0.000000,0.000000,1.000000,2.000000,0.592424,3.633216,1.582763,2.716413,1.582763,2.716413,0.183865,2.000000,1.000000
12770.000000,1.597000,2.716933,1.423617,0.051967,0.000000,2.000000,0.000000,3.000000,0.000000,0.489085,1.393077,-0.004276,1.393071,-0.578184,0.000000,0.000000,1.000000,2.000000,0.592424,3.633216,1.597000,2.716933,1.597000,2.716933,0.183865,2.000000,1.000000
12780.000000,1.611677,2.717895,1.467724,0.096135,0.000000,2.000000,0.000000,3.000000,0.000000,0.489085,1.424565,0.039900,1.424006,-0.574857,0.000000,0.000000,1.000000,2.000000,0.592424,3.633216,1.611677,2.717895,1.611677,2.717895,0.183865,2.000000,1.000000
12790.000000,1.626193,2.718794,1.451573,0.089943,0.000000,2.000000,0.000000,3.000000,0.000000,0.993023,1.470869,0.083380,1.468504,1.257334,0.000000,0.000000,1.000000,2.000000,0.592424,3.633216,1.626193,2.718794,1.626193,2.718794,0.183865,2.000000,1.000000
12800.000000,1.640652,2.719518,1.445925,0.072408,0.000000,2.000000,0.000000,3.000000,0.000000,1.053641,1.454357,0.075402,1.452401,1.360741,0.000000,0.000000,1.000000,2.000000,0.592424,3.633216,1.640652,2.719518,1.640652,2.719518,0.183865,2.000000,1.000000
12810.000000,1.655174,2.720079,1.452244,0.056107,0.000000,2.000000,0.000000,3.000000,0.000000,1.053641,1.447737,0.056110,1.446649,1.342455,0.000000,0.000000,1.000000,2.000000,0.592424,3.633216,1.655174,2.720079,1.655174,2.720079,0.183865,2.000000,1.000000
12820.000000,1.670189,2.720733,1.501479,0.065397,0.000000,2.000000,0.000000,3.000000,0.000000,1.044353,1.453327,0.040340,1.452767,0.689395,0.000000,0.000000,1.000000,2.000000,0.592424,3.633216,1.670189,2.720733,1.670189,2.720733,0.183865,2.000000,1.000000
12830.000000,1.685169,2.721406,1.497988,0.067288,0.000000,2.000000,0.000000,3.000000,0.000000,1.044353,1.502903,0.051592,1.502017,0.485843,0.000000,0.000000,1.000000,2.000000,0.592424,3.633216,1.685169,2.721406,1.685169,2.721406,0.183865,2.000000,1.000000
12840.000000,1.699861,2.721695,1.469233,0.028935,0.000000,2.000000,0.000000,3.000000,0.000000,1.415866,1.499499,0.055230,1.498481,1.250013,0.000000,0.000000,1.000000,2.000000,0.592424,3.633216,1.699861,2.721695,1.699861,2.721695,0.183865,2.000000,1.000000
12850.000000,1.714150,2.721758,1.428841,0.006249,0.000000,2.000000,0.000000,3.000000,0.000000,1.415866,1.469518,0.016247,1.469428,1.234566,0.000000,0.000000,1.000000,2.000000,0.592424,3.633216,1.714150,2.721758,1.714150,2.721758,0.183865,2.000000,1.000000
12860.000000,1.728644,2.721737,1.449460,-0.002036,0.000000,2.000000,0.000000,3.000000,0.000000,1.415866,1.428855,-0.005726,1.428843,1.219495,0.000000,0.000000,1.000000,2.000000,0.592424,3.633216,1.728644,2.721737,1.728644,2.721737,0.183865,2.000000,1.000000
12870.000000,1.743609,2.721852,1.496474,0.011447,0.000000,2.000000,0.000000,3.000000,0.000000,1.358630,1.449461,-0.011367,1.449417,0.429470,0.000000,0.000000,1.000000,2.000000,0.592424,3.633216,1.743609,2.721852,1.743609,2.721852,0.183865,2.000000,1.000000
12880.000000,1.758690,2.722025,1.508114,0.017322,0.000000,2.000000,0.000000,3.000000,0.000000,0.907425,1.496517,0.003489,1.496513,-0.232496,0.000000,0.000000,1.000000,2.000000,0.592424,3.633216,1.758690,2.722025,1.758690,2.722025,0.183865,2.000000,1.000000
12890.000000,1.773465,2.722094,1.477466,0.006860,0.000000,2.000000,0.000000,3.000000,0.000000,0.356640,1.508214,0.006722,1.508198,-1.555680,0.000000,0.000000,1.000000,2.000000,0.592424,3.633216,1.773465,2.722094,1.773465,2.722094,0.183865,2.000000,1.000000
12900.000000,1.788065,2.722123,1.460020,0.002903,0.000000,2.000000,0.000000,3.000000,0.000000,0.660447,1.477482,-0.007649,1.477462,-0.865673,0.000000,0.000000,1.000000,2.000000,0.592424,3.633216,1.788065,2.722123,1.788065,2.722123,0.183865,2.000000,1.000000
12910.000000,1.802861,2.722126,1.479625,0.000281,0.000000,2.000000,0.000000,3.000000,0.000000,0.663556,1.460023,-0.012547,1.459969,-0.820521,0.000000,0.000000,1.000000,2.000000,0.592424,3.633216,1.802861,2.722126,1.802861,2.722126,0.183865,2.000000,1.000000
12920.000000,1.818699,2.722422,1.583740,0.029597,0.000000,2.000000,0.000000,3.000000,0.000000,0.663556,1.479625,-0.014246,1.479557,-0.813836,0.000000,0.000000,1.000000,2.000000,0.592424,3.633216,1.818699,2.722422,1.818699,2.722422,0.183865,2.000000,1.000000
12930.000000,1.834372,2.722593,1.567305,0.017132,0.000000,2.000000,0.000000,3.000000,0.000000,0.573605,1.584017,0.014805,1.583948,-0.998833,0.000000,0.000000,1.000000,2.000000,0.592424,3.633216,1.834372,2.722593,1.834372,2.722593,0.183865,2.000000,1.000000
12940.000000,1.849712,2.722465,1.534007,-0.012862,0.000000,2.000000,0.000000,3.000000,0.000000,0.530344,1.567399,0.001894,1.567398,-1.090345,0.000000,0.000000,1.000000,2.000000,0.592424,3.633216,1.849712,2.722465,1.849712,2.722465,0.183865,2.000000,1.000000
12950.000000,1.864944,2.722204,1.523165,-0.026063,0.000000,2.000000,0.000000,3.000000,0.000000,0.531946,1.534061,-0.028278,1.533800,-1.074766,0.000000,0.000000,1.000000,2.000000,0.592424,3.633216,1.864944,2.722204,1.864944,2.722204,0.183865,2.000000,1.000000
12960.000000,1.880644,2.722024,1.570083,-0.017947,0.000000,2.000000,0.000000,3.000000,0.000000,0.531946,1.523388,-0.041569,1.522821,-1.063326,0.000000,0.000000,1.000000,2.000000,0.592424,3.633216,1.880644,2.722024,1.880644,2.722024,0.183865,2.000000,1.000000
12970.000000,1.896638,2.722189,1.599325,0.016422,0.000000,2.000000,0.000000,3.000000,0.000000,0.685889,1.570185,-0.032720,1.569844,-0.681247,0.000000,0.000000,1.000000,2.000000,0.592424,3.633216,1.896638,2.722189,1.896638,2.722189,0.183865,2.000000,1.000000
12980.000000,1.912743,2.722400,1.610549,0.021103,0.000000,2.000000,0.000000,3.000000,0.000000,0.783535,1.599409,0.003462,1.599406,-0.441331,0.000000,0.000000,1.000000,2.000000,0.592424,3.633216,1.912743,2.722400,1.912743,2.722400,0.183865,2.000000,1.000000
12990.000000,1.928486,2.722212,1.574338,-0.018744,0.000000,2.000000,0.000000,3.000000,0.000000,0.945881,1.610687,0.008668,1.610664,-0.043244,0.000000,0.000000,1.000000,2.000000,0.592424,3.633216,1.928486,2.722212,1.928486,2.722212,0.183865,2.000000,1.000000
13000.000000,1.944442,2.721772,1.595560,-0.044017,0.000000,2.000000,0.000000,3.000000,0.000000,1.275000,1.574450,-0.030661,1.574151,0.765018,0.000000,0.000000,1.000000,2.000000,0.592424,3.633216,1.944442,2.721772,1.944442,2.721772,0.183865,2.000000,1.000000
13010.000000,1.961118,2.721585,1.667593,-0.018684,0.000000,2.000000,0.000000,3.000000,0.000000,1.316018,1.596167,-0.056771,1.595157,0.858981,0.000000,0.000000,1.000000,2.000000,0.592424,3.633216,1.961118,2.721585,1.961118,2.721585,0.183865,2.000000,1.000000
13020.000000,1.978397,2.721907,1.727922,0.032186,0.000000,2.000000,0.000000,3.000000,0.000000,1.316018,1.667698,-0.034858,1.667334,0.851658,0.000000,0.000000,1.000000,2.000000,0.592424,3.633216,1.978397,2.721907,1.978397,2.721907,0.183865,2.000000,1.000000
13030.000000,1.995341,2.722142,1.694413,0.023504,0.000000,2.000000,0.000000,3.000000,0.000000,1.807353,1.728222,0.010001,1.728193,2.544461,0.000000,0.000000,1.000000,2.000000,0.592424,3.633216,1.995341,2.722142,1.995341,2.722142,0.183865,2.000000,1.000000
13040.000000,2.011967,2.722459,1.662586,0.031650,0.000000,2.000000,0.000000,3.000000,0.000000,2.037839,1.694576,-0.006290,1.694564,3.678860,0.000000,0.000000,1.000000,2.000000,0.592424,3.633216,2.011967,2.722459,2.011967,2.722459,0.183865,2.000000,1.000000
13050.000000,2.028224,2.722945,1.625635,0.048690,0.000000,2.000000,0.000000,3.000000,0.000000,2.037839,1.662887,0.000718,1.662887,3.548195,0.000000,0.000000,1.000000,2.000000,0.592424,3.633216,2.028224,2.722945,2.028224,2.722945,0.183865,2.000000,1.000000
13060.000000,2.044857,2.723808,1.663371,0.086281,0.000000,2.000000,0.000000,3.000000,0.000000,0.972686,1.626364,0.022685,1.626206,1.345994,0.000000,0.000000,1.000000,2.000000,0.592424,3.633216,2.044857,2.723808,2.044857,2.723808,0.183865,2.000000,1.000000
13070.000000,2.061610,2.724657,1.675214,0.084895,0.000000,2.000000,0.000000,3.000000,0.000000,0.972686,1.665608,0.064959,1.664340,1.328099,0.000000,0.000000,1.000000,2.000000,0.592424,3.633216,2.061610,2.724657,2.061610,2.724657,0.183865,2.000000,1.000000
13080.000000,2.078189,2.725182,1.657972,0.052511,0.000000,2.000000,0.000000,3.000000,0.000000,0.805407,1.677364,0.066708,1.676037,0.675462,0.000000,0.000000,1.000000,2.000000,0.592424,3.633216,2.078189,2.725182,2.078189,2.725182,0.183865,2.000000,1.000000
13090.000000,2.094271,2.725408,1.608150,0.022581,0.000000,2.000000,0.000000,3.000000,0.000000,0.496909,1.658804,0.036379,1.658405,-0.739348,0.000000,0.000000,1.000000,2.000000,0.592424,3.633216,2.094271,2.725408,2.094271,2.725408,0.183865,2.000000,1.000000
13100.000000,2.110752,2.725953,1.648089,0.054477,0.000000,2.000000,0.000000,3.000000,0.000000,1.205305,1.608309,0.007944,1.608289,-0.200127,0.000000,0.000000,1.000000,2.000000,0.592424,3.633216,2.110752,2.725953,2.110752,2.725953,0.183865,2.000000,1.000000
13110.000000,2.127270,2.726741,1.651850,0.078849,0.000000,2.000000,0.000000,3.000000,0.000000,1.249547,1.648989,0.039552,1.648515,-0.199727,0.000000,0.000000,1.000000,2.000000,0.592424,3.633216,2.127270,2.726741,2.127270,2.726741,0.183865,2.000000,1.000000
13120.000000,2.144065,2.727775,1.679448,0.103344,0.000000,2.000000,0.000000,3.000000,0.000000,0.881627,1.653730,0.062885,1.652534,-0.340217,0.000000,0.000000,1.000000,2.000000,0.592424,3.633216,2.144065,2.727775,2.144065,2.727775,0.183865,2.000000,1.000000
13130.000000,2.161054,2.728984,1.698937,0.120962,0.000000,2.000000,0.000000,3.000000,0.000000,0.752042,1.682624,0.084408,1.680506,-0.638748,0.000000,0.000000,1.000000,2.000000,0.592424,3.633216,2.161054,2.728984,2.161054,2.728984,0.183865,2.000000,1.000000
13140.000000,2.178525,2.730520,1.747097,0.153601,0.000000,2.000000,0.000000,3.000000,0.000000,1.291258,1.703238,0.097623,1.700438,0.521182,0.000000,0.000000,1.000000,2.000000,0.592424,3.633216,2.178525,2.730520,2.178525,2.730520,0.183865,2.000000,1.000000
13150.000000,2.195755,2.731843,1.723021,0.132333,0.000000,2.000000,0.000000,3.000000,0.000000,1.494033,1.753836,0.127327,1.749208,0.750567,0.000000,0.000000,1.000000,2.000000,0.592424,3.633216,2.195755,2.731843,2.195755,2.731843,0.183865,2.000000,1.000000
13160.000000,2.212965,2.732800,1.721005,0.095665,0.000000,2.000000,0.000000,3.000000,0.000000,1.320456,1.728095,0.108274,1.724700,0.993127,0.000000,0.000000,1.000000,2.000000,0.592424,3.633216,2.212965,2.732800,2.212965,2.732800,0.183865,2.000000,1.000000
13170.000000,2.230149,2.733525,1.718322,0.072478,0.000000,2.000000,0.000000,3.000000,0.000000,1.320456,1.723662,0.074331,1.722058,0.983351,0.000000,0.000000,1.000000,2.000000,0.592424,3.633216,2.230149,2.733525,2.230149,2.733525,0.183865,2.000000,1.000000
13180.000000,2.247770,2.734143,1.762107,0.061789,0.000000,2.000000,0.000000,3.000000,0.000000,1.113295,1.719850,0.052182,1.719058,0.182964,0.000000,0.000000,1.000000,2.000000,0.592424,3.633216,2.247770,2.734143,2.247770,2.734143,0.183865,2.000000,1.000000
13190.000000,2.265688,2.734671,1.791796,0.052807,0.000000,2.000000,0.000000,3.000000,0.000000,0.766350,1.763190,0.041199,1.762709,-0.665641,0.000000,0.000000,1.000000,2.000000,0.592424,3.633216,2.265688,2.734671,2.265688,2.734671,0.183865,2.000000,1.000000
13200.000000,2.283561,2.735152,1.787278,0.048081,0.000000,2.000000,0.000000,3.000000,0.000000,0.766350,1.792574,0.033147,1.792268,-0.661235,0.000000,0.000000,1.000000,2.000000,0.592424,3.633216,2.283561,2.735152,2.283561,2.735152,0.183865,2.000000,1.000000
13210.000000,2.301143,2.735704,1.758216,0.055214,0.000000,2.000000,0.000000,3.000000,0.000000,0.763185,1.787925,0.030166,1.787670,-0.656887,0.000000,0.000000,1.000000,2.000000,0.592424,3.633216,2.301143,2.735704,2.301143,2.735704,0.183865,2.000000,1.000000
13220.000000,2.318930,2.736490,1.778751,0.078617,0.000000,2.000000,0.000000,3.000000,0.000000,0.673843,1.759082,0.038803,1.758654,-0.853519,0.000000,0.000000,1.000000,2.000000,0.592424,3.633216,2.318930,2.736490,2.318930,2.736490,0.183865,2.000000,1.000000
13230.000000,2.336711,2.737436,1.778136,0.094576,0.000000,2.000000,0.000000,3.000000,0.000000,0.733338,1.780488,0.061117,1.779439,-0.703271,0.000000,0.000000,1.000000,2.000000,0.592424,3.633216,2.336711,2.737436,2.336711,2.737436,0.183865,2.000000,1.000000
13240.000000,2.354235,2.738330,1.752398,0.089456,0.000000,2.000000,0.000000,3.000000,0.000000,0.800488,1.780649,0.074163,1.779104,-0.535530,0.000000,0.000000,1.000000,2.000000,0.592424,3.633216,2.354235,2.738330,2.354235,2.738330,0.183865,2.000000,1.000000
13250.000000,2.371325,2.739284,1.709004,0.095380,0.000000,2.000000,0.000000,3.000000,0.000000,1.061469,1.754679,0.067126,1.753395,0.104127,0.000000,0.000000,1.000000,2.000000,0.592424,3.633216,2.371325,2.739284,2.371325,2.739284,0.183865,2.000000,1.000000
13260.000000,2.388728,2.740294,1.740247,0.100991,0.000000,2.000000,0.000000,3.000000,0.000000,1.352338,1.711664,0.074581,1.710038,0.665425,0.000000,0.000000,1.000000,2.000000,0.592424,3.633216,2.388728,2.740294,2.388728,2.740294,0.183865,2.000000,1.000000
13270.000000,2.406225,2.741377,1.749671,0.108268,0.000000,2.000000,0.000000,3.000000,0.000000,1.376068,1.743175,0.080468,1.741317,0.792189,0.000000,0.000000,1.000000,2.000000,0.592424,3.633216,2.406225,2.741377,2.406225,2.741377,0.183865,2.000000,1.000000
13280.000000,2.423558,2.742620,1.733322,0.124306,0.000000,2.000000,0.000000,3.000000,0.000000,1.376068,1.753017,0.086699,1.750872,0.785956,0.000000,0.000000,1.000000,2.000000,0.592424,3.633216,2.423558,2.742620,2.423558,2.742620,0.183865,2.000000,1.000000
13290.000000,2.440508,2.744147,1.695027,0.152684,0.000000,2.000000,0.000000,3.000000,0.000000,1.341703,1.737773,0.103609,1.734682,0.774058,0.000000,0.000000,1.000000,2.000000,0.592424,3.633216,2.440508,2.744147,2.440508,2.744147,0.183865,2.000000,1.000000
13300.000000,2.457521,2.745959,1.701278,0.181172,0.000000,2.000000,0.000000,3.000000,0.000000,1.131187,1.701890,0.135582,1.696481,0.891403,0.000000,0.000000,1.000000,2.000000,0.592424,3.633216,2.457521,2.745959,2.457521,2.745959,0.183865,2.000000,1.000000
13310.000000,2.474511,2.747766,1.698984,0.180752,0.000000,2.000000,0.000000,3.000000,0.000000,0.935604,1.710897,0.167644,1.702664,1.108872,0.000000,0.000000,1.000000,2.000000,0.592424,3.633216,2.474511,2.747766,2.474511,2.747766,0.183865,2.000000,1.000000
13320.000000,2.491391,2.749288,1.687968,0.152188,0.000000,2.000000,0.000000,3.000000,0.000000,1.065245,1.708572,0.168357,1.700257,1.192171,0.000000,0.000000,1.000000,2.000000,0.592424,3.633216,2.491391,2.749288,2.491391,2.749288,0.183865,2.000000,1.000000
13330.000000,2.507858,2.750745,1.646700,0.145687,0.000000,2.000000,0.000000,3.000000,0.000000,1.065245,1.694815,0.138700,1.689129,1.178111,0.000000,0.000000,1.000000,2.000000,0.592424,3.633216,2.507858,2.750745,2.507858,2.750745,0.183865,2.000000,1.000000
13340.000000,2.524125,2.752224,1.626750,0.147902,0.000000,2.000000,0.000000,3.000000,0.000000,1.065245,1.653132,0.132267,1.647833,1.164379,0.000000,0.000000,1.000000,2.000000,0.592424,3.633216,2.524125,2.752224,2.524125,2.752224,0.183865,2.000000,1.000000
13350.000000,2.540497,2.753743,1.637181,0.151907,0.000000,2.000000,0.000000,3.000000,0.000000,0.675666,1.633459,0.133551,1.627991,0.167732,0.000000,0.000000,1.000000,2.000000,0.592424,3.633216,2.540497,2.753743,2.540497,2.753743,0.183865,2.000000,1.000000
13360.000000,2.557011,2.755094,1.651381,0.135155,0.000000,2.000000,0.000000,3.000000,0.000000,0.675497,1.644213,0.136302,1.638554,0.102670,0.000000,0.000000,1.000000,2.000000,0.592424,3.633216,2.557011,2.755094,2.557011,2.755094,0.183865,2.000000,1.000000
13370.000000,2.573185,2.756282,1.617455,0.118762,0.000000,2.000000,0.000000,3.000000,0.000000,0.675497,1.656902,0.119018,1.652622,-0.182392,0.000000,0.000000,1.000000,2.000000,0.592424,3.633216,2.573185,2.756282,2.573185,2.756282,0.183865,2.000000,1.000000
13380.000000,2.589350,2.757470,1.616509,0.118817,0.000000,2.000000,0.000000,3.000000,0.000000,0.591586,1.621809,0.103172,1.618524,-0.468966,0.000000,0.000000,1.000000,2.000000,0.592424,3.633216,2.589350,2.757470,2.589350,2.757470,0.183865,2.000000,1.000000
13390.000000,2.605551,2.758755,1.620028,0.128537,0.000000,2.000000,0.000000,3.000000,0.000000,0.816508,1.620870,0.103256,1.617577,0.492723,0.000000,0.000000,1.000000,2.000000,0.592424,3.633216,2.605551,2.758755,2.605551,2.758755,0.183865,2.000000,1.000000
13400.000000,2.621590,2.759782,1.603918,0.102609,0.000000,2.000000,0.000000,3.000000,0.000000,0.816508,1.625120,0.113776,1.621132,0.490304,0.000000,0.000000,1.000000,2.000000,0.592424,3.633216,2.621590,2.759782,2.621590,2.759782,0.183865,2.000000,1.000000
13410.000000,2.637419,2.760627,1.582966,0.084533,0.000000,2.000000,0.000000,3.000000,0.000000,0.816508,1.607196,0.089485,1.604703,0.457285,0.000000,0.000000,1.000000,2.000000,0.592424,3.633216,2.637419,2.760627,2.637419,2.760627,0.183865,2.000000,1.000000
13420.000000,2.653175,2.761487,1.575541,0.086003,0.000000,2.000000,0.000000,3.000000,0.000000,0.730922,1.585222,0.071954,1.583588,0.333574,0.000000,0.000000,1.000000,2.000000,0.592424,3.633216,2.653175,2.761487,2.653175,2.761487,0.183865,2.000000,1.000000
13430.000000,2.668994,2.762477,1.581913,0.098985,0.000000,2.000000,0.000000,3.000000,0.000000,0.945844,1.577886,0.074275,1.576137,0.770602,0.000000,0.000000,1.000000,2.000000,0.592424,3.633216,2.668994,2.762477,2.668994,2.762477,0.183865,2.000000,1.000000
13440.000000,2.684955,2.763544,1.596071,0.106721,0.000000,2.000000,0.000000,3.000000,0.000000,0.945844,1.585007,0.087476,1.582591,0.764703,0.000000,0.000000,1.000000,2.000000,0.592424,3.633216,2.684955,2.763544,2.684955,2.763544,0.183865,2.000000,1.000000
13450.000000,2.700562,2.764484,1.560731,0.094037,0.000000,2.000000,0.000000,3.000000,0.000000,0.970608,1.599635,0.093619,1.596893,0.831698,0.000000,0.000000,1.000000,2.000000,0.592424,3.633216,2.700562,2.764484,2.700562,2.764484,0.183865,2.000000,1.000000
13460.000000,2.716126,2.765254,1.556363,0.076981,0.000000,2.000000,0.000000,3.000000,0.000000,1.014526,1.563561,0.079072,1.561560,0.824831,0.000000,0.000000,1.000000,2.000000,0.592424,3.633216,2.716126,2.765254,2.716126,2.765254,0.183865,2.000000,1.000000
13470.000000,2.731531,2.766053,1.540516,0.079850,0.000000,2.000000,0.000000,3.000000,0.000000,1.243653,1.558266,0.060326,1.557098,0.800803,0.000000,0.000000,1.000000,2.000000,0.592424,3.633216,2.731531,2.766053,2.731531,2.766053,0.183865,2.000000,1.000000
13480.000000,2.746777,2.766913,1.524602,0.086065,0.000000,2.000000,0.000000,3.000000,0.000000,1.174779,1.542584,0.063864,1.541262,0.268768,0.000000,0.000000,1.000000,2.000000,0.592424,3.633216,2.746777,2.766913,2.746777,2.766913,0.183865,2.000000,1.000000
13490.000000,2.761753,2.767812,1.497567,0.089855,0.000000,2.000000,0.000000,3.000000,0.000000,0.898042,1.527030,0.071924,1.525335,-0.463862,0.000000,0.000000,1.000000,2.000000,0.592424,3.633216,2.761753,2.767812,2.761753,2.767812,0.183865,2.000000,1.000000
13500.000000,2.776721,2.768711,1.496868,0.089894,0.000000,2.000000,0.000000,3.000000,0.000000,1.223634,1.500261,0.076219,1.498323,0.407988,0.000000,0.000000,1.000000,2.000000,0.592424,3.633216,2.776721,2.768711,2.776721,2.768711,0.183865,2.000000,1.000000
13510.000000,2.791534,2.769683,1.481238,0.097188,0.000000,2.000000,0.000000,3.000000,0.000000,1.343364,1.499565,0.076893,1.497592,1.333489,0.000000,0.000000,1.000000,2.000000,0.592424,3.633216,2.791534,2.769683,2.791534,2.769683,0.183865,2.000000,1.000000
13520.000000,2.806586,2.770893,1.505263,0.121028,0.000000,2.000000,0.000000,3.000000,0.000000,1.343364,1.484423,0.085158,1.481979,1.315923,0.000000,0.000000,1.000000,2.000000,0.592424,3.633216,2.806586,2.770893,2.806586,2.770893,0.183865,2.000000,1.000000
13530.000000,2.821468,2.772247,1.488204,0.135439,0.000000,2.000000,0.000000,3.000000,0.000000,1.245864,1.510121,0.109206,1.506167,1.458841,0.000000,0.000000,1.000000,2.000000,0.592424,3.633216,2.821468,2.772247,2.821468,2.772247,0.183865,2.000000,1.000000
13540.000000,2.835985,2.773470,1.451687,0.122296,0.000000,2.000000,0.000000,3.000000,0.000000,1.245864,1.494354,0.122663,1.489312,1.437844,0.000000,0.000000,1.000000,2.000000,0.592424,3.633216,2.835985,2.773470,2.835985,2.773470,0.183865,2.000000,1.000000
13550.000000,2.850306,2.774491,1.432098,0.102040,0.000000,2.000000,0.000000,3.000000,0.000000,1.077895,1.456829,0.108681,1.452770,0.586998,0.000000,0.000000,1.000000,2.000000,0.592424,3.633216,2.850306,2.774491,2.850306,2.774491,0.183865,2.000000,1.000000
13560.000000,2.864879,2.775420,1.457260,0.092981,0.000000,2.000000,0.000000,3.000000,0.000000,0.630447,1.435729,0.087011,1.433090,-1.233309,0.000000,0.000000,1.000000,2.000000,0.592424,3.633216,2.864879,2.775420,2.864879,2.775420,0.183865,2.000000,1.000000
13570.000000,2.879261,2.776348,1.438231,0.092764,0.000000,2.000000,0.000000,3.000000,0.000000,0.972485,1.460224,0.076323,1.458228,-0.316905,0.000000,0.000000,1.000000,2.000000,0.592424,3.633216,2.879261,2.776348,2.879261,2.776348,0.183865,2.000000,1.000000
13580.000000,2.893698,2.777424,1.443628,0.107579,0.000000,2.000000,0.000000,3.000000,0.000000,1.121713,1.441220,0.076303,1.439198,0.082171,0.000000,0.000000,1.000000,2.000000,0.592424,3.633216,2.893698,2.777424,2.893698,2.777424,0.183865,2.000000,1.000000
13590.000000,2.908002,2.778599,1.430414,0.117486,0.000000,2.000000,0.000000,3.000000,0.000000,1.121713,1.447631,0.091338,1.444746,0.082104,0.000000,0.000000,1.000000,2.000000,0.592424,3.633216,2.908002,2.778599,2.908002,2.778599,0.183865,2.000000,1.000000
13600.000000,2.922364,2.779811,1.436206,0.121196,0.000000,2.000000,0.000000,3.000000,0.000000,1.121713,1.435230,0.101878,1.431610,0.082036,0.000000,0.000000,1.000000,2.000000,0.592424,3.633216,2.922364,2.779811,2.922364,2.779811,0.183865,2.000000,1.000000
13610.000000,2.936734,2.781016,1.437062,0.120490,0.000000,2.000000,0.000000,3.000000,0.000000,1.004686,1.441310,0.107041,1.437330,0.126792,0.000000,0.000000,1.000000,2.000000,0.592424,3.633216,2.936734,2.781016,2.936734,2.781016,0.183865,2.000000,1.000000
13620.000000,2.951172,2.782206,1.443736,0.119019,0.000000,2.000000,0.000000,3.000000,0.000000,0.848082,1.442104,0.107595,1.438085,0.126631,0.000000,0.000000,1.000000,2.000000,0.592424,3.633216,2.951172,2.782206,2.951172,2.782206,0.183865,2.000000,1.000000
13630.000000,2.965423,2.783378,1.425100,0.117178,0.000000,2.000000,0.000000,3.000000,0.000000,0.848082,1.448633,0.105972,1.444752,0.126471,0.000000,0.000000,1.000000,2.000000,0.592424,3.633216,2.965423,2.783378,2.965423,2.783378,0.183865,2.000000,1.000000
13640.000000,2.979538,2.784607,1.411549,0.122960,0.000000,2.000000,0.000000,3.000000,0.000000,0.672482,1.429910,0.104321,1.426099,-0.295946,0.000000,0.000000,1.000000,2.000000,0.592424,3.633216,2.979538,2.784607,2.979538,2.784607,0.183865,2.000000,1.000000
13650.000000,2.993322,2.785962,1.378331,0.135506,0.000000,2.000000,0.000000,3.000000,0.000000,0.672482,1.416894,0.110504,1.412578,-0.367871,0.000000,0.000000,1.000000,2.000000,0.592424,3.633216,2.993322,2.785962,2.993322,2.785962,0.183865,2.000000,1.000000
13660.000000,3.007162,2.787488,1.384058,0.152519,0.000000,2.000000,0.000000,3.000000,0.000000,0.643822,1.384976,0.123460,1.379462,-1.426988,0.000000,0.000000,1.000000,2.000000,0.592424,3.633216,3.007162,2.787488,3.007162,2.787488,0.183865,2.000000,1.000000
13670.000000,3.021190,2.789095,1.402733,0.160730,0.000000,2.000000,0.000000,3.000000,0.000000,0.703136,1.392436,0.140574,1.385322,-1.084590,0.000000,0.000000,1.000000,2.000000,0.592424,3.633216,3.021190,2.789095,3.021190,2.789095,0.183865,2.000000,1.000000
13680.000000,3.035065,2.790385,1.387578,0.128987,0.000000,2.000000,0.000000,3.000000,0.000000,0.859668,1.411911,0.148465,1.404084,-0.843435,0.000000,0.000000,1.000000,2.000000,0.592424,3.633216,3.035065,2.790385,3.035065,2.790385,0.183865,2.000000,1.000000
13690.000000,3.048573,2.791487,1.350731,0.110251,0.000000,2.000000,0.000000,3.000000,0.000000,0.854522,1.393560,0.116018,1.388722,-0.147555,0.000000,0.000000,1.000000,2.000000,0.592424,3.633216,3.048573,2.791487,3.048573,2.791487,0.183865,2.000000,1.000000
13700.000000,3.061798,2.792583,1.322554,0.109611,0.000000,2.000000,0.000000,3.000000,0.000000,1.027514,1.355223,0.097405,1.351718,0.166391,0.000000,0.000000,1.000000,2.000000,0.592424,3.633216,3.061798,2.792583,3.061798,2.792583,0.183865,2.000000,1.000000
13710.000000,3.075057,2.793807,1.325834,0.122330,0.000000,2.000000,0.000000,3.000000,0.000000,1.027514,1.327088,0.097752,1.323483,0.166114,0.000000,0.000000,1.000000,2.000000,0.592424,3.633216,3.075057,2.793807,3.075057,2.793807,0.183865,2.000000,1.000000
13720.000000,3.088630,2.795260,1.357378,0.145333,0.000000,2.000000,0.000000,3.000000,0.000000,0.785301,1.331465,0.111050,1.326826,0.094956,0.000000,0.000000,1.000000,2.000000,0.592424,3.633216,3.088630,2.795260,3.088630,2.795260,0.183865,2.000000,1.000000
13730.000000,3.101698,2.796441,1.306795,0.118062,0.000000,2.000000,0.000000,3.000000,0.000000,1.008088,1.365136,0.134263,1.358518,0.062145,0.000000,0.000000,1.000000,2.000000,0.592424,3.633216,3.101698,2.796441,3.101698,2.796441,0.183865,2.000000,1.000000
13740.000000,3.114656,2.797388,1.295735,0.094748,0.000000,2.000000,0.000000,3.000000,0.000000,0.993730,1.312117,0.107953,1.307669,-0.681474,0.000000,0.000000,1.000000,2.000000,0.592424,3.633216,3.114656,2.797388,3.114656,2.797388,0.183865,2.000000,1.000000
13750.000000,3.127633,2.798350,1.297744,0.096158,0.000000,2.000000,0.000000,3.000000,0.000000,0.642103,1.299195,0.084602,1.296437,-1.289055,0.000000,0.000000,1.000000,2.000000,0.592424,3.633216,3.127633,2.798350,3.127633,2.798350,0.183865,2.000000,1.000000
13760.000000,3.140759,2.799440,1.312649,0.109049,0.000000,2.000000,0.000000,3.000000,0.000000,0.452797,1.301301,0.085312,1.298502,-1.822796,0.000000,0.000000,1.000000,2.000000,0.592424,3.633216,3.140759,2.799440,3.140759,2.799440,0.183865,2.000000,1.000000
13770.000000,3.153928,2.800743,1.316886,0.130259,0.000000,2.000000,0.000000,3.000000,0.000000,0.845485,1.317170,0.097524,1.313555,-0.957869,0.000000,0.000000,1.000000,2.000000,0.592424,3.633216,3.153928,2.800743,3.153928,2.800743,0.183865,2.000000,1.000000
13780.000000,3.167042,2.801984,1.311333,0.124173,0.000000,2.000000,0.000000,3.000000,0.000000,0.633409,1.323313,0.118761,1.317973,-0.678263,0.000000,0.000000,1.000000,2.000000,0.592424,3.633216,3.167042,2.801984,3.167042,2.801984,0.183865,2.000000,1.000000
13790.000000,3.179937,2.802978,1.289553,0.099381,0.000000,2.000000,0.000000,3.000000,0.000000,0.892639,1.317199,0.112173,1.312414,1.153676,0.000000,0.000000,1.000000,2.000000,0.592424,3.633216,3.179937,2.802978,3.179937,2.802978,0.183865,2.000000,1.000000
13800.000000,3.192981,2.803888,1.304411,0.091040,0.000000,2.000000,0.000000,3.000000,0.000000,0.892639,1.293377,0.087847,1.290390,1.140505,0.000000,0.000000,1.000000,2.000000,0.592424,3.633216,3.192981,2.803888,3.192981,2.803888,0.183865,2.000000,1.000000
13810.000000,3.205937,2.804824,1.295548,0.093577,0.000000,2.000000,0.000000,3.000000,0.000000,0.476966,1.307584,0.080108,1.305128,-0.829075,0.000000,0.000000,1.000000,2.000000,0.592424,3.633216,3.205937,2.804824,3.205937,2.804824,0.183865,2.000000,1.000000
13820.000000,3.218892,2.805818,1.295570,0.099383,0.000000,2.000000,0.000000,3.000000,0.000000,0.717923,1.298923,0.083206,1.296256,-1.046656,0.000000,0.000000,1.000000,2.000000,0.592424,3.633216,3.218892,2.805818,3.218892,2.805818,0.183865,2.000000,1.000000
13830.000000,3.231792,2.806926,1.290001,0.110826,0.000000,2.000000,0.000000,3.000000,0.000000,0.717923,1.299376,0.089035,1.296323,-1.035804,0.000000,0.000000,1.000000,2.000000,0.592424,3.633216,3.231792,2.806926,3.231792,2.806926,0.183865,2.000000,1.000000
13840.000000,3.244666,2.807954,1.287394,0.102775,0.000000,2.000000,0.000000,3.000000,0.000000,0.668948,1.294753,0.100464,1.290849,-1.427666,0.000000,0.000000,1.000000,2.000000,0.592424,3.633216,3.244666,2.807954,3.244666,2.807954,0.183865,2.000000,1.000000
13850.000000,3.257318,2.808855,1.265155,0.090151,0.000000,2.000000,0.000000,3.000000,0.000000,0.902005,1.291490,0.092434,1.288178,-0.460970,0.000000,0.000000,1.000000,2.000000,0.592424,3.633216,3.257318,2.808855,3.257318,2.808855,0.183865,2.000000,1.000000
13860.000000,3.270081,2.809652,1.276358,0.079675,0.000000,2.000000,0.000000,3.000000,0.000000,1.051992,1.268362,0.079653,1.265859,0.138658,0.000000,0.000000,1.000000,2.000000,0.592424,3.633216,3.270081,2.809652,3.270081,2.809652,0.183865,2.000000,1.000000
13870.000000,3.283002,2.810531,1.292029,0.087877,0.000000,2.000000,0.000000,3.000000,0.000000,1.156524,1.278843,0.069188,1.276970,0.426572,0.000000,0.000000,1.000000,2.000000,0.592424,3.633216,3.283002,2.810531,3.283002,2.810531,0.183865,2.000000,1.000000
13880.000000,3.295894,2.811432,1.289271,0.090079,0.000000,2.000000,0.000000,3.000000,0.000000,1.164009,1.295014,0.076502,1.292752,0.424759,0.000000,0.000000,1.000000,2.000000,0.592424,3.633216,3.295894,2.811432,3.295894,2.811432,0.183865,2.000000,1.000000
13890.000000,3.308311,2.812062,1.241648,0.063058,0.000000,2.000000,0.000000,3.000000,0.000000,1.164009,1.292414,0.078376,1.290036,0.422960,0.000000,0.000000,1.000000,2.000000,0.592424,3.633216,3.308311,2.812062,3.308311,2.812062,0.183865,2.000000,1.000000
13900.000000,3.320518,2.812526,1.220694,0.046344,0.000000,2.000000,0.000000,3.000000,0.000000,1.008635,1.243248,0.051394,1.242185,-0.965770,0.000000,0.000000,1.000000,2.000000,0.592424,3.633216,3.320518,2.812526,3.320518,2.812526,0.183865,2.000000,1.000000
13910.000000,3.332741,2.812873,1.222333,0.034763,0.000000,2.000000,0.000000,3.000000,0.000000,0.811855,1.221573,0.034827,1.221077,-0.956523,0.000000,0.000000,1.000000,2.000000,0.592424,3.633216,3.332741,2.812873,3.332741,2.812873,0.183865,2.000000,1.000000
13920.000000,3.345216,2.813159,1.247450,0.028523,0.000000,2.000000,0.000000,3.000000,0.000000,0.477048,1.222827,0.024001,1.222591,-1.751907,0.000000,0.000000,1.000000,2.000000,0.592424,3.633216,3.345216,2.813159,3.345216,2.813159,0.183865,2.000000,1.000000
13930.000000,3.357555,2.813418,1.233906,0.025953,0.000000,2.000000,0.000000,3.000000,0.000000,0.854404,1.247776,0.018008,1.247646,-1.088947,0.000000,0.000000,1.000000,2.000000,0.592424,3.633216,3.357555,2.813418,3.357555,2.813418,0.183865,2.000000,1.000000
13940.000000,3.369893,2.813741,1.233794,0.032334,0.000000,2.000000,0.000000,3.000000,0.000000,0.861893,1.234179,0.015636,1.234080,-1.077205,0.000000,0.000000,1.000000,2.000000,0.592424,3.633216,3.369893,2.813741,3.369893,2.813741,0.183865,2.000000,1.000000
13950.000000,3.382133,2.814194,1.224002,0.045264,0.000000,2.000000,0.000000,3.000000,0.000000,0.824203,1.234218,0.022031,1.234021,0.385869,0.000000,0.000000,1.000000,2.000000,0.592424,3.633216,3.382133,2.814194,3.382133,2.814194,0.183865,2.000000,1.000000
13960.000000,3.394451,2.814688,1.231808,0.049402,0.000000,2.000000,0.000000,3.000000,0.000000,0.824203,1.224839,0.035117,1.224335,0.384385,0.000000,0.000000,1.000000,2.000000,0.592424,3.633216,3.394451,2.814688,3.394451,2.814688,0.183865,2.000000,1.000000
13970.000000,3.406584,2.815053,1.213282,0.036510,0.000000,2.000000,0.000000,3.000000,0.000000,0.910948,1.232798,0.039226,1.232174,0.778072,0.000000,0.000000,1.000000,2.000000,0.592424,3.633216,3.406584,2.815053,3.406584,2.815053,0.183865,2.000000,1.000000
13980.000000,3.418872,2.815312,1.228814,0.025879,0.000000,2.000000,0.000000,3.000000,0.000000,0.910948,1.213831,0.026048,1.213551,0.772059,0.000000,0.000000,1.000000,2.000000,0.592424,3.633216,3.418872,2.815312,3.418872,2.815312,0.183865,2.000000,1.000000
13990.000000,3.431248,2.815552,1.237624,0.023954,0.000000,2.000000,0.000000,3.000000,0.000000,0.910948,1.229087,0.014685,1.228999,0.766138,0.000000,0.000000,1.000000,2.000000,0.592424,3.633216,3.431248,2.815552,3.431248,2.815552,0.183865,2.000000,1.000000
14000.000000,3.443905,2.815849,1.265704,0.029697,0.000000,2.000000,0.000000,3.000000,0.000000,0.940814,1.237856,0.012288,1.237795,-1.027576,0.000000,0.000000,1.000000,2.000000,0.592424,3.633216,3.443905,2.815849,3.443905,2.815849,0.183865,2.000000,1.000000
14010.000000,3.456322,2.816065,1.241701,0.021665,0.000000,2.000000,0.000000,3.000000,0.000000,0.727007,1.266052,0.016704,1.265942,-1.017114,0.000000,0.000000,1.000000,2.000000,0.592424,3.633216,3.456322,2.816065,3.456322,2.816065,0.183865,2.000000,1.000000
14020.000000,3.468429,2.815981,1.210727,-0.008405,0.000000,2.000000,0.000000,3.000000,0.000000,0.373246,1.241890,0.007639,1.241867,-1.366624,0.000000,0.000000,1.000000,2.000000,0.592424,3.633216,3.468429,2.815981,3.468429,2.815981,0.183865,2.000000,1.000000
14030.000000,3.480587,2.815774,1.215778,-0.020680,0.000000,2.000000,0.000000,3.000000,0.000000,0.373246,1.210756,-0.022787,1.210542,-1.348181,0.000000,0.000000,1.000000,2.000000,0.592424,3.633216,3.480587,2.815774,3.480587,2.815774,0.183865,2.000000,1.000000
14040.000000,3.493072,2.815542,1.248465,-0.023194,0.000000,2.000000,0.000000,3.000000,0.000000,0.358651,1.215954,-0.035581,1.215433,-1.359799,0.000000,0.000000,1.000000,2.000000,0.592424,3.633216,3.493072,2.815542,3.493072,2.815542,0.183865,2.000000,1.000000
14050.000000,3.505432,2.815386,1.236014,-0.015624,0.000000,2.000000,0.000000,3.000000,0.000000,0.518203,1.248681,-0.038857,1.248076,-0.823521,0.000000,0.000000,1.000000,2.000000,0.592424,3.633216,3.505432,2.815386,3.505432,2.815386,0.183865,2.000000,1.000000
14060.000000,3.517701,2.815352,1.226892,-0.003421,0.000000,2.000000,0.000000,3.000000,0.000000,0.845611,1.236112,-0.031055,1.235722,0.589036,0.000000,0.000000,1.000000,2.000000,0.592424,3.633216,3.517701,2.815352,3.517701,2.815352,0.183865,2.000000,1.000000
14070.000000,3.529871,2.815494,1.217037,0.014173,0.000000,2.000000,0.000000,3.000000,0.000000,0.845611,1.226897,-0.018413,1.226759,0.585583,0.000000,0.000000,1.000000,2.000000,0.592424,3.633216,3.529871,2.815494,3.529871,2.815494,0.183865,2.000000,1.000000
14080.000000,3.542078,2.815675,1.220724,0.018147,0.000000,2.000000,0.000000,3.000000,0.000000,0.630200,1.217119,-0.000184,1.217119,-0.027393,0.000000,0.000000,1.000000,2.000000,0.592424,3.633216,3.542078,2.815675,3.542078,2.815675,0.183865,2.000000,1.000000
14090.000000,3.554247,2.815795,1.216879,0.011996,0.000000,2.000000,0.000000,3.000000,0.000000,0.630200,1.220858,0.004467,1.220850,-0.027386,0.000000,0.000000,1.000000,2.000000,0.592424,3.633216,3.554247,2.815795,3.554247,2.815795,0.183865,2.000000,1.000000
14100.000000,3.566420,2.815848,1.217311,0.005282,0.000000,2.000000,0.000000,3.000000,0.000000,0.567322,1.216938,-0.001183,1.216938,-0.513432,0.000000,0.000000,1.000000,2.000000,0.592424,3.633216,3.566420,2.815848,3.566420,2.815848,0.183865,2.000000,1.000000
14110.000000,3.578588,2.815972,1.216760,0.012400,0.000000,2.000000,0.000000,3.000000,0.000000,0.560019,1.217323,-0.008577,1.217293,-0.547902,0.000000,0.000000,1.000000,2.000000,0.592424,3.633216,3.578588,2.815972,3.578588,2.815972,0.183865,2.000000,1.000000
14120.000000,3.590904,2.816132,1.231594,0.016008,0.000000,2.000000,0.000000,3.000000,0.000000,0.612592,1.216823,-0.001995,1.216821,-0.428353,0.000000,0.000000,1.000000,2.000000,0.592424,3.633216,3.590904,2.816132,3.590904,2.816132,0.183865,2.000000,1.000000
14130.000000,3.602913,2.816159,1.200888,0.002718,0.000000,2.000000,0.000000,3.000000,0.000000,0.612592,1.231698,0.002046,1.231696,-0.426524,0.000000,0.000000,1.000000,2.000000,0.592424,3.633216,3.602913,2.816159,3.602913,2.816159,0.183865,2.000000,1.000000
14140.000000,3.614790,2.815934,1.187705,-0.022508,0.000000,2.000000,0.000000,3.000000,0.000000,0.635726,1.200891,-0.009866,1.200851,-0.707966,0.000000,0.000000,1.000000,2.000000,0.592424,3.633216,3.614790,2.815934,3.614790,2.815934,0.183865,2.000000,1.000000
14150.000000,3.626621,2.815551,1.183056,-0.038331,0.000000,2.000000,0.000000,3.000000,0.000000,0.635726,1.187918,-0.034190,1.187426,-0.702984,0.000000,0.000000,1.000000,2.000000,0.592424,3.633216,3.626621,2.815551,3.626621,2.815551,0.183865,2.000000,1.000000
14160.000000,3.638594,2.815145,1.197364,-0.040607,0.000000,2.000000,0.000000,3.000000,0.000000,0.635726,1.183677,-0.049779,1.182629,-0.851006,0.000000,0.000000,1.000000,2.000000,0.592424,3.633216,3.638594,2.815145,3.638594,2.815145,0.183865,2.000000,1.000000
14170.000000,3.650468,2.814860,1.187407,-0.028462,0.000000,2.000000,0.000000,3.000000,0.000000,0.300452,1.198052,-0.052154,1.196917,-1.937360,0.000000,0.000000,1.000000,2.000000,0.592424,3.633216,3.650468,2.814860,3.650468,2.814860,0.183865,2.000000,1.000000
14180.000000,3.662412,2.814677,1.194347,-0.018339,0.000000,2.000000,0.000000,3.000000,0.000000,0.410696,1.187748,-0.039873,1.187078,-1.373558,0.000000,0.000000,1.000000,2.000000,0.592424,3.633216,3.662412,2.814677,3.662412,2.814677,0.183865,2.000000,1.000000
14190.000000,3.674447,2.814442,1.203530,-0.023476,0.000000,2.000000,0.000000,3.000000,0.000000,0.694826,1.194487,-0.029062,1.194134,0.079842,0.000000,0.000000,1.000000,2.000000,0.592424,3.633216,3.674447,2.814442,3.674447,2.814442,0.183865,2.000000,1.000000
14200.000000,3.686642,2.814159,1.219524,-0.028320,0.000000,2.000000,0.000000,3.000000,0.000000,0.736840,1.203759,-0.033546,1.203291,0.249375,0.000000,0.000000,1.000000,2.000000,0.592424,3.633216,3.686642,2.814159,3.686642,2.814159,0.183865,2.000000,1.000000
14210.000000,3.698585,2.813798,1.194233,-0.036021,0.000000,2.000000,0.000000,3.000000,0.000000,0.736840,1.219853,-0.038262,1.219253,0.248753,0.000000,0.000000,1.000000,2.000000,0.592424,3.633216,3.698585,2.813798,3.698585,2.813798,0.183865,2.000000,1.000000
14220.000000,3.710290,2.813278,1.170484,-0.052029,0.000000,2.000000,0.000000,3.000000,0.000000,1.101613,1.194776,-0.045737,1.193900,1.823466,0.000000,0.000000,1.000000,2.000000,0.592424,3.633216,3.710290,2.813278,3.710290,2.813278,0.183865,2.000000,1.000000
14230.000000,3.721896,2.812697,1.160639,-0.058160,0.000000,2.000000,0.000000,3.000000,0.000000,1.101613,1.171640,-0.060794,1.170062,1.790778,0.000000,0.000000,1.000000,2.000000,0.592424,3.633216,3.721896,2.812697,3.721896,2.812697,0.183865,2.000000,1.000000
14240.000000,3.733593,2.812044,1.169720,-0.065269,0.000000,2.000000,0.000000,3.000000,0.000000,1.101613,1.162095,-0.065460,1.160250,1.759242,0.000000,0.000000,1.000000,2.000000,0.592424,3.633216,3.733593,2.812044,3.733593,2.812044,0.183865,2.000000,1.000000
14250.000000,3.745133,2.811343,1.153941,-0.070082,0.000000,2.000000,0.000000,3.000000,0.000000,0.595085,1.171540,-0.070941,1.169390,-0.585737,0.000000,0.000000,1.000000,2.000000,0.592424,3.633216,3.745133,2.811343,3.745133,2.811343,0.183865,2.000000,1.000000
14260.000000,3.756769,2.810592,1.163588,-0.075131,0.000000,2.000000,0.000000,3.000000,0.000000,0.788043,1.156067,-0.074961,1.153634,0.895161,0.000000,0.000000,1.000000,2.000000,0.592424,3.633216,3.756769,2.810592,3.756769,2.810592,0.183865,2.000000,1.000000
14270.000000,3.768561,2.809664,1.179209,-0.092740,0.000000,2.000000,0.000000,3.000000,0.000000,0.987592,1.166011,-0.080047,1.163260,1.507670,0.000000,0.000000,1.000000,2.000000,0.592424,3.633216,3.768561,2.809664,3.768561,2.809664,0.183865,2.000000,1.000000
14280.000000,3.780524,2.808549,1.196334,-0.111532,0.000000,2.000000,0.000000,3.000000,0.000000,0.987592,1.182850,-0.097562,1.178820,1.485254,0.000000,0.000000,1.000000,2.000000,0.592424,3.633216,3.780524,2.808549,3.780524,2.808549,0.183865,2.000000,1.000000
14290.000000,3.792393,2.807342,1.186883,-0.120758,0.000000,2.000000,0.000000,3.000000,0.000000,0.793926,1.201522,-0.115513,1.195956,0.466900,0.000000,0.000000,1.000000,2.000000,0.592424,3.633216,3.792393,2.807342,3.792393,2.807342,0.183865,2.000000,1.000000
14300.000000,3.804217,2.806102,1.182428,-0.123999,0.000000,2.000000,0.000000,3.000000,0.000000,0.504099,1.193010,-0.124573,1.186489,-0.732693,0.000000,0.000000,1.000000,2.000000,0.592424,3.633216,3.804217,2.806102,3.804217,2.806102,0.183865,2.000000,1.000000
14310.000000,3.816041,2.804948,1.182309,-0.115312,0.000000,2.000000,0.000000,3.000000,0.000000,0.431326,1.188912,-0.127518,1.182054,-1.341573,0.000000,0.000000,1.000000,2.000000,0.592424,3.633216,3.816041,2.804948,3.816041,2.804948,0.183865,2.000000,1.000000
14320.000000,3.828202,2.803837,1.216091,-0.111150,0.000000,2.000000,0.000000,3.000000,0.000000,0.773278,1.187919,-0.117550,1.182088,-1.323795,0.000000,0.000000,1.000000,2.000000,0.592424,3.633216,3.828202,2.803837,3.828202,2.803837,0.183865,2.000000,1.000000
14330.000000,3.840177,2.802666,1.197568,-0.117097,0.000000,2.000000,0.000000,3.000000,0.000000,0.773278,1.221160,-0.113393,1.215884,-1.554638,0.000000,0.000000,1.000000,2.000000,0.592424,3.633216,3.840177,2.802666,3.840177,2.802666,0.183865,2.000000,1.000000
14340.000000,3.851784,2.801279,1.160697,-0.138694,0.000000,2.000000,0.000000,3.000000,0.000000,0.555108,1.203279,-0.119345,1.197346,-1.479979,0.000000,0.000000,1.000000,2.000000,0.592424,3.633216,3.851784,2.801279,3.851784,2.801279,0.183865,2.000000,1.000000
14350.000000,3.863143,2.799695,1.135909,-0.158465,0.000000,2.000000,0.000000,3.000000,0.000000,0.528626,1.168954,-0.140664,1.160460,-1.458374,0.000000,0.000000,1.000000,2.000000,0.592424,3.633216,3.863143,2.799695,3.863143,2.799695,0.183865,2.000000,1.000000
14360.000000,3.874667,2.797895,1.152349,-0.179986,0.000000,2.000000,0.000000,3.000000,0.000000,0.481301,1.146909,-0.159643,1.135744,-1.666621,0.000000,0.000000,1.000000,2.000000,0.592424,3.633216,3.874667,2.797895,3.874667,2.797895,0.183865,2.000000,1.000000
14370.000000,3.886098,2.796040,1.143112,-0.185464,0.000000,2.000000,0.000000,3.000000,0.000000,0.685737,1.166320,-0.180454,1.152275,-0.758045,0.000000,0.000000,1.000000,2.000000,0.592424,3.633216,3.886098,2.796040,3.886098,2.796040,0.183865,2.000000,1.000000
14380.000000,3.897651,2.794176,1.155327,-0.186427,0.000000,2.000000,0.000000,3.000000,0.000000,1.136191,1.158060,-0.185382,1.143126,1.006464,0.000000,0.000000,1.000000,2.000000,0.592424,3.633216,3.897651,2.794176,3.897651,2.794176,0.183865,2.000000,1.000000
14390.000000,3.909313,2.792371,1.166183,-0.180449,0.000000,2.000000,0.000000,3.000000,0.000000,1.136191,1.170271,-0.185791,1.155429,1.112013,0.000000,0.000000,1.000000,2.000000,0.592424,3.633216,3.909313,2.792371,3.909313,2.792371,0.183865,2.000000,1.000000
14400.000000,3.920979,2.790623,1.166655,-0.174802,0.000000,2.000000,0.000000,3.000000,0.000000,1.292089,1.180061,-0.178845,1.166430,1.640978,0.000000,0.000000,1.000000,2.000000,0.592424,3.633216,3.920979,2.790623,3.920979,2.790623,0.183865,2.000000,1.000000
14410.000000,3.932560,2.788790,1.158037,-0.183267,0.000000,2.000000,0.000000,3.000000,0.000000,1.292089,1.179678,-0.172618,1.166981,1.614459,0.000000,0.000000,1.000000,2.000000,0.592424,3.633216,3.932560,2.788790,3.932560,2.788790,0.183865,2.000000,1.000000
14420.000000,3.944212,2.786845,1.165231,-0.194496,0.000000,2.000000,0.000000,3.000000,0.000000,1.292089,1.172449,-0.181224,1.158358,1.588783,0.000000,0.000000,1.000000,2.000000,0.592424,3.633216,3.944212,2.786845,3.944212,2.786845,0.183865,2.000000,1.000000
14430.000000,3.955700,2.784873,1.148797,-0.197209,0.000000,2.000000,0.000000,3.000000,0.000000,0.790631,1.181352,-0.193051,1.165471,0.194380,0.000000,0.000000,1.000000,2.000000,0.592424,3.633216,3.955700,2.784873,3.955700,2.784873,0.183865,2.000000,1.000000
14440.000000,3.967038,2.782836,1.133823,-0.203693,0.000000,2.000000,0.000000,3.000000,0.000000,0.790631,1.165601,-0.195079,1.149160,-0.021965,0.000000,0.000000,1.000000,2.000000,0.592424,3.633216,3.967038,2.782836,3.967038,2.782836,0.183865,2.000000,1.000000
14450.000000,3.978098,2.780750,1.105947,-0.208614,0.000000,2.000000,0.000000,3.000000,0.000000,0.750296,1.151974,-0.200904,1.134320,-0.790718,0.000000,0.000000,1.000000,2.000000,0.592424,3.633216,3.978098,2.780750,3.978098,2.780750,0.183865,2.000000,1.000000
14460.000000,3.989545,2.778677,1.144667,-0.207286,0.000000,2.000000,0.000000,3.000000,0.000000,0.810704,1.125450,-0.205135,1.106597,-1.318376,0.000000,0.000000,1.000000,2.000000,0.592424,3.633216,3.989545,2.778677,3.989545,2.778677,0.183865,2.000000,1.000000
14470.000000,4.001173,2.776517,1.162817,-0.216032,0.000000,2.000000,0.000000,3.000000,0.000000,1.109891,1.163284,-0.203153,1.145408,0.563079,0.000000,0.000000,1.000000,2.000000,0.592424,3.633216,4.001173,2.776517,4.001173,2.776517,0.183865,2.000000,1.000000
14480.000000,4.012726,2.774194,1.155318,-0.232330,0.000000,2.000000,0.000000,3.000000,0.000000,1.109891,1.182714,-0.211095,1.163723,0.562347,0.000000,0.000000,1.000000,2.000000,0.592424,3.633216,4.012726,2.774194,4.012726,2.774194,0.183865,2.000000,1.000000
14490.000000,4.023840,2.771622,1.111363,-0.257135,0.000000,2.000000,0.000000,3.000000,0.000000,1.109891,1.178446,-0.227094,1.156358,0.559199,0.000000,0.000000,1.000000,2.000000,0.592424,3.633216,4.023840,2.771622,4.023840,2.771622,0.183865,2.000000,1.000000
14500.000000,4.034730,2.768692,1.088985,-0.293098,0.000000,2.000000,0.000000,3.000000,0.000000,0.940330,1.140722,-0.251964,1.112547,0.020783,0.000000,0.000000,1.000000,2.000000,0.592424,3.633216,4.034730,2.768692,4.034730,2.768692,0.183865,2.000000,1.000000
14510.000000,4.045806,2.765584,1.107660,-0.310724,0.000000,2.000000,0.000000,3.000000,0.000000,0.940330,1.127738,-0.287516,1.090472,0.020778,0.000000,0.000000,1.000000,2.000000,0.592424,3.633216,4.045806,2.765584,4.045806,2.765584,0.183865,2.000000,1.000000
14520.000000,4.057192,2.762322,1.138583,-0.326227,0.000000,2.000000,0.000000,3.000000,0.000000,0.940330,1.150417,-0.304766,1.109314,-0.201171,0.000000,0.000000,1.000000,2.000000,0.592424,3.633216,4.057192,2.762322,4.057192,2.762322,0.183865,2.000000,1.000000
14530.000000,4.068271,2.759003,1.107872,-0.331894,0.000000,2.000000,0.000000,3.000000,0.000000,0.650446,1.184397,-0.320590,1.140183,-0.828440,0.000000,0.000000,1.000000,2.000000,0.592424,3.633216,4.068271,2.759003,4.068271,2.759003,0.183865,2.000000,1.000000
14540.000000,4.079237,2.755604,1.096616,-0.339854,0.000000,2.000000,0.000000,3.000000,0.000000,0.650446,1.156518,-0.326381,1.109508,-0.861286,0.000000,0.000000,1.000000,2.000000,0.592424,3.633216,4.079237,2.755604,4.079237,2.755604,0.183865,2.000000,1.000000
14550.000000,4.090470,2.752115,1.123241,-0.348898,0.000000,2.000000,0.000000,3.000000,0.000000,0.649787,1.148071,-0.334517,1.098256,-0.049999,0.000000,0.000000,1.000000,2.000000,0.592424,3.633216,4.090470,2.752115,4.090470,2.752115,0.183865,2.000000,1.000000
14560.000000,4.102345,2.748597,1.187561,-0.351814,0.000000,2.000000,0.000000,3.000000,0.000000,0.775444,1.176180,-0.342783,1.125122,0.316295,0.000000,0.000000,1.000000,2.000000,0.592424,3.633216,4.102345,2.748597,4.102345,2.748597,0.183865,2.000000,1.000000
14570.000000,4.114173,2.744931,1.182793,-0.366598,0.000000,2.000000,0.000000,3.000000,0.000000,0.909512,1.238578,-0.343933,1.189868,1.150525,0.000000,0.000000,1.000000,2.000000,0.592424,3.633216,4.114173,2.744931,4.114173,2.744931,0.183865,2.000000,1.000000
14580.000000,4.125690,2.741174,1.151704,-0.375745,0.000000,2.000000,0.000000,3.000000,0.000000,1.074739,1.238303,-0.357724,1.185507,1.137426,0.000000,0.000000,1.000000,2.000000,0.592424,3.633216,4.125690,2.741174,4.125690,2.741174,0.183865,2.000000,1.000000
14590.000000,4.136767,2.737267,1.107621,-0.390620,0.000000,2.000000,0.000000,3.000000,0.000000,1.138252,1.211448,-0.366846,1.154569,0.707449,0.000000,0.000000,1.000000,2.000000,0.592424,3.633216,4.136767,2.737267,4.136767,2.737267,0.183865,2.000000,1.000000
14600.000000,4.147672,2.732919,1.090458,-0.434845,0.000000,2.000000,0.000000,3.000000,0.000000,1.138252,1.174482,-0.381606,1.110759,0.485982,0.000000,0.000000,1.000000,2.000000,0.592424,3.633216,4.147672,2.732919,4.147672,2.732919,0.183865,2.000000,1.000000
14610.000000,4.158629,2.728278,1.095727,-0.464102,0.000000,2.000000,0.000000,3.000000,0.000000,1.450101,1.173963,-0.425343,1.094199,1.556890,0.000000,0.000000,1.000000,2.000000,0.592424,3.633216,4.158629,2.728278,4.158629,2.728278,0.183865,2.000000,1.000000
14620.000000,4.169589,2.723526,1.095976,-0.475191,0.000000,2.000000,0.000000,3.000000,0.000000,1.450101,1.189962,-0.454161,1.099885,1.532999,0.000000,0.000000,1.000000,2.000000,0.592424,3.633216,4.169589,2.723526,4.169589,2.723526,0.183865,2.000000,1.000000
14630.000000,4.180534,2.718852,1.094544,-0.467388,0.000000,2.000000,0.000000,3.000000,0.000000,1.450101,1.194558,-0.465967,1.099929,1.485190,0.000000,0.000000,1.000000,2.000000,0.592424,3.633216,4.180534,2.718852,4.180534,2.718852,0.183865,2.000000,1.000000
14640.000000,4.191545,2.714177,1.101093,-0.467501,0.000000,2.000000,0.000000,3.000000,0.000000,1.059537,1.190159,-0.459476,1.097889,-0.405179,0.000000,0.000000,1.000000,2.000000,0.592424,3.633216,4.191545,2.714177,4.191545,2.714177,0.183865,2.000000,1.000000
14650.000000,4.202505,2.709440,1.095986,-0.473696,0.000000,2.000000,0.000000,3.000000,0.000000,0.825170,1.196229,-0.460071,1.104218,-0.741415,0.000000,0.000000,1.000000,2.000000,0.592424,3.633216,4.202505,2.709440,4.202505,2.709440,0.183865,2.000000,1.000000
14660.000000,4.213576,2.704486,1.107120,-0.495458,0.000000,2.000000,0.000000,3.000000,0.000000,0.658736,1.193974,-0.466324,1.099143,-1.275101,0.000000,0.000000,1.000000,2.000000,0.592424,3.633216,4.213576,2.704486,4.213576,2.704486,0.183865,2.000000,1.000000
14670.000000,4.224608,2.699390,1.103152,-0.509540,0.000000,2.000000,0.000000,3.000000,0.000000,0.611580,1.212927,-0.487828,1.110503,-1.410922,0.000000,0.000000,1.000000,2.000000,0.592424,3.633216,4.224608,2.699390,4.224608,2.699390,0.183865,2.000000,1.000000
14680.000000,4.235527,2.694322,1.091904,-0.506850,0.000000,2.000000,0.000000,3.000000,0.000000,0.405697,1.215144,-0.502340,1.106449,-2.051419,0.000000,0.000000,1.000000,2.000000,0.592424,3.633216,4.235527,2.694322,4.235527,2.694322,0.183865,2.000000,1.000000
14690.000000,4.246306,2.689343,1.077905,-0.497844,0.000000,2.000000,0.000000,3.000000,0.000000,0.488027,1.203807,-0.500128,1.094999,-1.741606,0.000000,0.000000,1.000000,2.000000,0.592424,3.633216,4.246306,2.689343,4.246306,2.689343,0.183865,2.000000,1.000000
14700.000000,4.257142,2.684202,1.083589,-0.514112,0.000000,2.000000,0.000000,3.000000,0.000000,0.652219,1.187319,-0.490919,1.081076,-0.484475,0.000000,0.000000,1.000000,2.000000,0.592424,3.633216,4.257142,2.684202,4.257142,2.684202,0.183865,2.000000,1.000000
14710.000000,4.267920,2.678808,1.077835,-0.539439,0.000000,2.000000,0.000000,3.000000,0.000000,0.706063,1.199365,-0.506855,1.087002,0.460228,0.000000,0.000000,1.000000,2.000000,0.592424,3.633216,4.267920,2.678808,4.267920,2.678808,0.183865,2.000000,1.000000
14720.000000,4.278614,2.673242,1.069285,-0.556547,0.000000,2.000000,0.000000,3.000000,0.000000,0.706063,1.205289,-0.531687,1.081680,0.458117,0.000000,0.000000,1.000000,2.000000,0.592424,3.633216,4.278614,2.673242,4.278614,2.673242,0.183865,2.000000,1.000000
14730.000000,4.289023,2.667696,1.040926,-0.554685,0.000000,2.000000,0.000000,3.000000,0.000000,0.706063,1.205452,-0.549551,1.072898,0.456026,0.000000,0.000000,1.000000,2.000000,0.592424,3.633216,4.289023,2.667696,4.289023,2.667696,0.183865,2.000000,1.000000
14740.000000,4.299519,2.661961,1.049544,-0.573434,0.000000,2.000000,0.000000,3.000000,0.000000,0.494060,1.179492,-0.548743,1.044070,-0.749426,0.000000,0.000000,1.000000,2.000000,0.592424,3.633216,4.299519,2.661961,4.299519,2.661961,0.183865,2.000000,1.000000
14750.000000,4.310010,2.655980,1.049197,-0.598115,0.000000,2.000000,0.000000,3.000000,0.000000,0.818849,1.195980,-0.567874,1.052563,0.543397,0.000000,0.000000,1.000000,2.000000,0.592424,3.633216,4.310010,2.655980,4.310010,2.655980,0.183865,2.000000,1.000000
14760.000000,4.320374,2.649766,1.036356,-0.621366,0.000000,2.000000,0.000000,3.000000,0.000000,1.118809,1.207707,-0.592705,1.052263,0.540458,0.000000,0.000000,1.000000,2.000000,0.592424,3.633216,4.320374,2.649766,4.320374,2.649766,0.183865,2.000000,1.000000
14770.000000,4.330237,2.643456,0.986285,-0.631081,0.000000,2.000000,0.000000,3.000000,0.000000,1.118809,1.208358,-0.615802,1.039671,0.537549,0.000000,0.000000,1.000000,2.000000,0.592424,3.633216,4.330237,2.643456,4.330237,2.643456,0.183865,2.000000,1.000000
14780.000000,4.340068,2.636903,0.983160,-0.655268,0.000000,2.000000,0.000000,3.000000,0.000000,1.066208,1.170906,-0.625404,0.989894,-0.365827,0.000000,0.000000,1.000000,2.000000,0.592424,3.633216,4.340068,2.636903,4.340068,2.636903,0.183865,2.000000,1.000000
14790.000000,4.350051,2.630247,0.998275,-0.665586,0.000000,2.000000,0.000000,3.000000,0.000000,0.425021,1.181516,-0.649619,0.986902,-1.425663,0.000000,0.000000,1.000000,2.000000,0.592424,3.633216,4.350051,2.630247,4.350051,2.630247,0.183865,2.000000,1.000000
14800.000000,4.360119,2.623654,1.006817,-0.659247,0.000000,2.000000,0.000000,3.000000,0.000000,0.469653,1.199816,-0.660561,1.001608,-0.849757,0.000000,0.000000,1.000000,2.000000,0.592424,3.633216,4.360119,2.623654,4.360119,2.623654,0.183865,2.000000,1.000000
14810.000000,4.369915,2.617343,0.979658,-0.631152,0.000000,2.000000,0.000000,3.000000,0.000000,0.473961,1.203448,-0.655503,1.009259,-0.842589,0.000000,0.000000,1.000000,2.000000,0.592424,3.633216,4.369915,2.617343,4.369915,2.617343,0.183865,2.000000,1.000000
14820.000000,4.379467,2.611089,0.955120,-0.625379,0.000000,2.000000,0.000000,3.000000,0.000000,0.473961,1.165368,-0.628191,0.981560,-0.845104,0.000000,0.000000,1.000000,2.000000,0.592424,3.633216,4.379467,2.611089,4.379467,2.611089,0.183865,2.000000,1.000000
14830.000000,4.388811,2.604713,0.934416,-0.637632,0.000000,2.000000,0.000000,3.000000,0.000000,0.452762,1.141645,-0.622543,0.956971,-1.215213,0.000000,0.000000,1.000000,2.000000,0.592424,3.633216,4.388811,2.604713,4.388811,2.604713,0.183865,2.000000,1.000000
14840.000000,4.397998,2.598102,0.918707,-0.661112,0.000000,2.000000,0.000000,3.000000,0.000000,0.478971,1.131242,-0.634777,0.936358,-0.740934,0.000000,0.000000,1.000000,2.000000,0.592424,3.633216,4.397998,2.598102,4.397998,2.598102,0.183865,2.000000,1.000000
14850.000000,4.406872,2.591509,0.887420,-0.659249,0.000000,2.000000,0.000000,3.000000,0.000000,0.478971,1.131853,-0.657990,0.920946,-0.735479,0.000000,0.000000,1.000000,2.000000,0.592424,3.633216,4.406872,2.591509,4.406872,2.591509,0.183865,2.000000,1.000000
14860.000000,4.415638,2.584838,0.876580,-0.667134,0.000000,2.000000,0.000000,3.000000,0.000000,0.879645,1.105497,-0.656542,0.889425,0.594012,0.000000,0.000000,1.000000,2.000000,0.592424,3.633216,4.415638,2.584838,4.415638,2.584838,0.183865,2.000000,1.000000
14870.000000,4.424463,2.578198,0.882486,-0.663983,0.000000,2.000000,0.000000,3.000000,0.000000,0.981097,1.101572,-0.664811,0.878343,0.600123,0.000000,0.000000,1.000000,2.000000,0.592424,3.633216,4.424463,2.578198,4.424463,2.578198,0.183865,2.000000,1.000000
14880.000000,4.433451,2.571621,0.898824,-0.657735,0.000000,2.000000,0.000000,3.000000,0.000000,0.981097,1.104379,-0.662038,0.883945,0.596539,0.000000,0.000000,1.000000,2.000000,0.592424,3.633216,4.433451,2.571621,4.433451,2.571621,0.183865,2.000000,1.000000
14890.000000,4.442480,2.565236,0.902908,-0.638488,0.000000,2.000000,0.000000,3.000000,0.000000,0.943730,1.113778,-0.656410,0.899792,0.272181,0.000000,0.000000,1.000000,2.000000,0.592424,3.633216,4.442480,2.565236,4.442480,2.565236,0.183865,2.000000,1.000000
14900.000000,4.451347,2.558867,0.886688,-0.636926,0.000000,2.000000,0.000000,3.000000,0.000000,0.610412,1.105853,-0.637907,0.903319,-1.775240,0.000000,0.000000,1.000000,2.000000,0.592424,3.633216,4.451347,2.558867,4.451347,2.558867,0.183865,2.000000,1.000000
14910.000000,4.459879,2.552416,0.853248,-0.645109,0.000000,2.000000,0.000000,3.000000,0.000000,0.521816,1.091737,-0.635705,0.887563,-1.662689,0.000000,0.000000,1.000000,2.000000,0.592424,3.633216,4.459879,2.552416,4.459879,2.552416,0.183865,2.000000,1.000000
14920.000000,4.468254,2.545712,0.837487,-0.670418,0.000000,2.000000,0.000000,3.000000,0.000000,0.590955,1.069672,-0.643513,0.854453,-1.635469,0.000000,0.000000,1.000000,2.000000,0.592424,3.633216,4.468254,2.545712,4.468254,2.545712,0.183865,2.000000,1.000000
14930.000000,4.476333,2.538950,0.807899,-0.676189,0.000000,2.000000,0.000000,3.000000,0.000000,0.749826,1.072774,-0.668588,0.838948,0.211967,0.000000,0.000000,1.000000,2.000000,0.592424,3.633216,4.476333,2.538950,4.476333,2.538950,0.183865,2.000000,1.000000
14940.000000,4.484370,2.531996,0.803686,-0.695332,0.000000,2.000000,0.000000,3.000000,0.000000,0.775372,1.053533,-0.673517,0.810129,0.342868,0.000000,0.000000,1.000000,2.000000,0.592424,3.633216,4.484370,2.531996,4.484370,2.531996,0.183865,2.000000,1.000000
14950.000000,4.492266,2.524961,0.789616,-0.703602,0.000000,2.000000,0.000000,3.000000,0.000000,0.775372,1.062731,-0.691590,0.806908,0.341696,0.000000,0.000000,1.000000,2.000000,0.592424,3.633216,4.492266,2.524961,4.492266,2.524961,0.183865,2.000000,1.000000
14960.000000,4.500097,2.517699,0.783070,-0.726165,0.000000,2.000000,0.000000,3.000000,0.000000,0.669134,1.057615,-0.698762,0.793902,0.189546,0.000000,0.000000,1.000000,2.000000,0.592424,3.633216,4.500097,2.517699,4.500097,2.517699,0.183865,2.000000,1.000000
14970.000000,4.507662,2.510426,0.756550,-0.727244,0.000000,2.000000,0.000000,3.000000,0.000000,1.109679,1.067949,-0.720830,0.787985,0.189187,0.000000,0.000000,1.000000,2.000000,0.592424,3.633216,4.507662,2.510426,4.507662,2.510426,0.183865,2.000000,1.000000
14980.000000,4.515270,2.503015,0.760747,-0.741177,0.000000,2.000000,0.000000,3.000000,0.000000,0.929803,1.049405,-0.721949,0.761605,-0.493114,0.000000,0.000000,1.000000,2.000000,0.592424,3.633216,4.515270,2.503015,4.515270,2.503015,0.183865,2.000000,1.000000
14990.000000,4.522981,2.495486,0.771129,-0.752807,0.000000,2.000000,0.000000,3.000000,0.000000,0.803379,1.062111,-0.736375,0.765397,-0.711621,0.000000,0.000000,1.000000,2.000000,0.592424,3.633216,4.522981,2.495486,4.522981,2.495486,0.183865,2.000000,1.000000
15000.000000,4.530667,2.487907,0.768592,-0.757954,0.000000,2.000000,0.000000,3.000000,0.000000,1.214655,1.077664,-0.748504,0.775307,0.742036,0.000000,0.000000,1.000000,2.000000,0.592424,3.633216,4.530667,2.487907,4.530667,2.487907,0.183865,2.000000,1.000000
15010.000000,4.538195,2.480436,0.752786,-0.747140,0.000000,2.000000,0.000000,3.000000,0.000000,1.061002,1.079457,-0.753334,0.773121,0.870283,0.000000,0.000000,1.000000,2.000000,0.592424,3.633216,4.538195,2.480436,4.538195,2.480436,0.183865,2.000000,1.000000
15020.000000,4.545674,2.472920,0.747925,-0.751564,0.000000,2.000000,0.000000,3.000000,0.000000,0.941833,1.060615,-0.742560,0.757303,0.862767,0.000000,0.000000,1.000000,2.000000,0.592424,3.633216,4.545674,2.472920,4.545674,2.472920,0.183865,2.000000,1.000000
15030.000000,4.553146,2.465320,0.747162,-0.760028,0.000000,2.000000,0.000000,3.000000,0.000000,0.840490,1.060302,-0.747068,0.752416,0.758870,0.000000,0.000000,1.000000,2.000000,0.592424,3.633216,4.553146,2.465320,4.553146,2.465320,0.183865,2.000000,1.000000
15040.000000,4.560570,2.457692,0.742388,-0.762757,0.000000,2.000000,0.000000,3.000000,0.000000,0.768738,1.065783,-0.755069,0.752173,0.465183,0.000000,0.000000,1.000000,2.000000,0.592424,3.633216,4.560570,2.457692,4.560570,2.457692,0.183865,2.000000,1.000000
15050.000000,4.567773,2.450233,0.720380,-0.745882,0.000000,2.000000,0.000000,3.000000,0.000000,0.768738,1.064395,-0.757365,0.747888,0.463026,0.000000,0.000000,1.000000,2.000000,0.592424,3.633216,4.567773,2.450233,4.567773,2.450233,0.183865,2.000000,1.000000
15060.000000,4.574881,2.442772,0.710774,-0.746161,0.000000,2.000000,0.000000,3.000000,0.000000,0.620117,1.036961,-0.740456,0.725957,-0.164149,0.000000,0.000000,1.000000,2.000000,0.592424,3.633216,4.574881,2.442772,4.574881,2.442772,0.183865,2.000000,1.000000
15070.000000,4.581987,2.435206,0.710626,-0.756539,0.000000,2.000000,0.000000,3.000000,0.000000,0.549589,1.030512,-0.740542,0.716627,-0.419480,0.000000,0.000000,1.000000,2.000000,0.592424,3.633216,4.581987,2.435206,4.581987,2.435206,0.183865,2.000000,1.000000
15080.000000,4.589159,2.427431,0.717120,-0.777551,0.000000,2.000000,0.000000,3.000000,0.000000,0.708868,1.037950,-0.751062,0.716412,-0.605029,0.000000,0.000000,1.000000,2.000000,0.592424,3.633216,4.589159,2.427431,4.589159,2.427431,0.183865,2.000000,1.000000
15090.000000,4.596228,2.419718,0.706925,-0.771256,0.000000,2.000000,0.000000,3.000000,0.000000,0.360433,1.057755,-0.772569,0.722484,-2.463719,0.000000,0.000000,1.000000,2.000000,0.592424,3.633216,4.596228,2.419718,4.596228,2.419718,0.183865,2.000000,1.000000
15100.000000,4.603320,2.412047,0.709270,-0.767139,0.000000,2.000000,0.000000,3.000000,0.000000,0.402222,1.046221,-0.767456,0.711048,-2.144269,0.000000,0.000000,1.000000,2.000000,0.592424,3.633216,4.603320,2.412047,4.603320,2.412047,0.183865,2.000000,1.000000
15110.000000,4.610581,2.404324,0.726067,-0.772289,0.000000,2.000000,0.000000,3.000000,0.000000,0.402222,1.044780,-0.764970,0.711609,-2.099211,0.000000,0.000000,1.000000,2.000000,0.592424,3.633216,4.610581,2.404324,4.610581,2.404324,0.183865,2.000000,1.000000
15120.000000,4.617938,2.396458,0.735699,-0.786552,0.000000,2.000000,0.000000,3.000000,0.000000,0.402222,1.060001,-0.771949,0.726428,-2.056009,0.000000,0.000000,1.000000,2.000000,0.592424,3.633216,4.617938,2.396458,4.617938,2.396458,0.183865,2.000000,1.000000
15130.000000,4.625073,2.388697,0.713549,-0.776162,0.000000,2.000000,0.000000,3.000000,0.000000,0.449319,1.076994,-0.787357,0.734837,-2.048189,0.000000,0.000000,1.000000,2.000000,0.592424,3.633216,4.625073,2.388697,4.625073,2.388697,0.183865,2.000000,1.000000
15140.000000,4.631998,2.380966,0.692412,-0.773035,0.000000,2.000000,0.000000,3.000000,0.000000,0.432923,1.054315,-0.777189,0.712429,-2.007040,0.000000,0.000000,1.000000,2.000000,0.592424,3.633216,4.631998,2.380966,4.631998,2.380966,0.183865,2.000000,1.000000
15150.000000,4.638776,2.373174,0.677853,-0.779219,0.000000,2.000000,0.000000,3.000000,0.000000,0.370557,1.037794,-0.774218,0.691089,-1.967512,0.000000,0.000000,1.000000,2.000000,0.592424,3.633216,4.638776,2.373174,4.638776,2.373174,0.183865,2.000000,1.000000
15160.000000,4.645574,2.365158,0.679732,-0.801616,0.000000,2.000000,0.000000,3.000000,0.000000,0.270707,1.032796,-0.780899,0.675918,-1.803977,0.000000,0.000000,1.000000,2.000000,0.592424,3.633216,4.645574,2.365158,4.645574,2.365158,0.183865,2.000000,1.000000
15170.000000,4.652102,2.357196,0.652824,-0.796207,0.000000,2.000000,0.000000,3.000000,0.000000,0.292003,1.051011,-0.803973,0.676942,-1.679891,0.000000,0.000000,1.000000,2.000000,0.592424,3.633216,4.652102,2.357196,4.652102,2.357196,0.183865,2.000000,1.000000
15180.000000,4.658472,2.349222,0.637006,-0.797358,0.000000,2.000000,0.000000,3.000000,0.000000,0.357855,1.029623,-0.798514,0.650000,-1.206432,0.000000,0.000000,1.000000,2.000000,0.592424,3.633216,4.658472,2.349222,4.658472,2.349222,0.183865,2.000000,1.000000
15190.000000,4.664636,2.341283,0.616422,-0.793902,0.000000,2.000000,0.000000,3.000000,0.000000,0.357855,1.020567,-0.799088,0.634835,-1.192037,0.000000,0.000000,1.000000,2.000000,0.592424,3.633216,4.664636,2.341283,4.664636,2.341283,0.183865,2.000000,1.000000
15200.000000,4.670568,2.333253,0.593231,-0.803054,0.000000,2.000000,0.000000,3.000000,0.000000,0.449245,1.005115,-0.794860,0.615185,-0.717846,0.000000,0.000000,1.000000,2.000000,0.592424,3.633216,4.670568,2.333253,4.670568,2.333253,0.183865,2.000000,1.000000
15210.000000,4.676280,2.325104,0.571189,-0.814859,0.000000,2.000000,0.000000,3.000000,0.000000,0.449245,0.998408,-0.803387,0.592781,-0.712725,0.000000,0.000000,1.000000,2.000000,0.592424,3.633216,4.676280,2.325104,4.676280,2.325104,0.183865,2.000000,1.000000
15220.000000,4.682024,2.316935,0.574338,-0.816934,0.000000,2.000000,0.000000,3.000000,0.000000,0.541846,0.995114,-0.815164,0.570753,-0.844510,0.000000,0.000000,1.000000,2.000000,0.592424,3.633216,4.682024,2.316935,4.682024,2.316935,0.183865,2.000000,1.000000
15230.000000,4.687878,2.308785,0.585359,-0.814983,0.000000,2.000000,0.000000,3.000000,0.000000,0.541846,0.998622,-0.817816,0.573082,-1.541328,0.000000,0.000000,1.000000,2.000000,0.592424,3.633216,4.687878,2.308785,4.687878,2.308785,0.183865,2.000000,1.000000
15240.000000,4.693755,2.300643,0.587738,-0.814128,0.000000,2.000000,0.000000,3.000000,0.000000,0.467571,1.003415,-0.816827,0.582783,-1.008705,0.000000,0.000000,1.000000,2.000000,0.592424,3.633216,4.693755,2.300643,4.693755,2.300643,0.183865,2.000000,1.000000
15250.000000,4.699493,2.292663,0.573844,-0.798057,0.000000,2.000000,0.000000,3.000000,0.000000,0.502641,1.004111,-0.816874,0.583914,-0.937984,0.000000,0.000000,1.000000,2.000000,0.592424,3.633216,4.699493,2.292663,4.699493,2.292663,0.183865,2.000000,1.000000
15260.000000,4.705230,2.284651,0.573672,-0.801220,0.000000,2.000000,0.000000,3.000000,0.000000,0.502641,0.982950,-0.801201,0.569445,-0.929259,0.000000,0.000000,1.000000,2.000000,0.592424,3.633216,4.705230,2.284651,4.705230,2.284651,0.183865,2.000000,1.000000
15270.000000,4.711021,2.276647,0.579053,-0.800357,0.000000,2.000000,0.000000,3.000000,0.000000,0.719573,0.985420,-0.804663,0.568832,-0.532587,0.000000,0.000000,1.000000,2.000000,0.592424,3.633216,4.711021,2.276647,4.711021,2.276647,0.183865,2.000000,1.000000
15280.000000,4.716861,2.268678,0.583978,-0.796864,0.000000,2.000000,0.000000,3.000000,0.000000,0.776909,0.987863,-0.803517,0.574659,0.360824,0.000000,0.000000,1.000000,2.000000,0.592424,3.633216,4.716861,2.268678,4.716861,2.268678,0.183865,2.000000,1.000000
15290.000000,4.722583,2.260812,0.572184,-0.786662,0.000000,2.000000,0.000000,3.000000,0.000000,0.776909,0.987939,-0.799543,0.580305,0.359525,0.000000,0.000000,1.000000,2.000000,0.592424,3.633216,4.722583,2.260812,4.722583,2.260812,0.183865,2.000000,1.000000
15300.000000,4.728228,2.252896,0.564509,-0.791545,0.000000,2.000000,0.000000,3.000000,0.000000,0.589872,0.972745,-0.789252,0.568607,-0.325402,0.000000,0.000000,1.000000,2.000000,0.592424,3.633216,4.728228,2.252896,4.728228,2.252896,0.183865,2.000000,1.000000
15310.000000,4.733799,2.244844,0.557049,-0.805265,0.000000,2.000000,0.000000,3.000000,0.000000,0.433786,0.972221,-0.794709,0.560046,-0.940242,0.000000,0.000000,1.000000,2.000000,0.592424,3.633216,4.733799,2.244844,4.733799,2.244844,0.183865,2.000000,1.000000
15320.000000,4.739386,2.236517,0.558713,-0.832710,0.000000,2.000000,0.000000,3.000000,0.000000,0.447117,0.979160,-0.809182,0.551343,-0.662274,0.000000,0.000000,1.000000,2.000000,0.592424,3.633216,4.739386,2.236517,4.739386,2.236517,0.183865,2.000000,1.000000
15330.000000,4.744901,2.228207,0.551519,-0.830981,0.000000,2.000000,0.000000,3.000000,0.000000,0.447117,1.002779,-0.837041,0.552203,-0.657912,0.000000,0.000000,1.000000,2.000000,0.592424,3.633216,4.744901,2.228207,4.744901,2.228207,0.183865,2.000000,1.000000
15340.000000,4.750544,2.220167,0.564292,-0.803989,0.000000,2.000000,0.000000,3.000000,0.000000,0.613640,0.997348,-0.835174,0.545149,0.051845,0.000000,0.000000,1.000000,2.000000,0.592424,3.633216,4.750544,2.220167,4.750544,2.220167,0.183865,2.000000,1.000000
15350.000000,4.756212,2.212360,0.566855,-0.780733,0.000000,2.000000,0.000000,3.000000,0.000000,0.613640,0.982255,-0.807858,0.558740,0.051818,0.000000,0.000000,1.000000,2.000000,0.592424,3.633216,4.756212,2.212360,4.756212,2.212360,0.183865,2.000000,1.000000
15360.000000,4.761823,2.204385,0.561052,-0.797432,0.000000,2.000000,0.000000,3.000000,0.000000,0.717063,0.964815,-0.784543,0.561570,0.051791,0.000000,0.000000,1.000000,2.000000,0.592424,3.633216,4.761823,2.204385,4.761823,2.204385,0.183865,2.000000,1.000000
15370.000000,4.767222,2.196336,0.539924,-0.804974,0.000000,2.000000,0.000000,3.000000,0.000000,0.706658,0.975027,-0.801632,0.555036,-0.380454,0.000000,0.000000,1.000000,2.000000,0.592424,3.633216,4.767222,2.196336,4.767222,2.196336,0.183865,2.000000,1.000000
15380.000000,4.772558,2.188092,0.533637,-0.824394,0.000000,2.000000,0.000000,3.000000,0.000000,0.600959,0.969278,-0.809507,0.533103,-0.831992,0.000000,0.000000,1.000000,2.000000,0.592424,3.633216,4.772558,2.188092,4.772558,2.188092,0.183865,2.000000,1.000000
15390.000000,4.777865,2.179791,0.530706,-0.830027,0.000000,2.000000,0.000000,3.000000,0.000000,0.479382,0.982036,-0.829390,0.525839,-1.547819,0.000000,0.000000,1.000000,2.000000,0.592424,3.633216,4.777865,2.179791,4.777865,2.179791,0.183865,2.000000,1.000000
15400.000000,4.783101,2.171483,0.523501,-0.830838,0.000000,2.000000,0.000000,3.000000,0.000000,0.367609,0.985187,-0.835056,0.522758,-1.908660,0.000000,0.000000,1.000000,2.000000,0.592424,3.633216,4.783101,2.171483,4.783101,2.171483,0.183865,2.000000,1.000000
15410.000000,4.788247,2.163283,0.514630,-0.819958,0.000000,2.000000,0.000000,3.000000,0.000000,0.361629,0.982011,-0.835917,0.515352,-1.893048,0.000000,0.000000,1.000000,2.000000,0.592424,3.633216,4.788247,2.163283,4.788247,2.163283,0.183865,2.000000,1.000000
15420.000000,4.793453,2.155035,0.520627,-0.824753,0.000000,2.000000,0.000000,3.000000,0.000000,0.314756,0.968078,-0.825324,0.505980,-2.017077,0.000000,0.000000,1.000000,2.000000,0.592424,3.633216,4.793453,2.155035,4.793453,2.155035,0.183865,2.000000,1.000000
15430.000000,4.798678,2.146729,0.522468,-0.830640,0.000000,2.000000,0.000000,3.000000,0.000000,0.186399,0.975331,-0.830597,0.511254,-2.405975,0.000000,0.000000,1.000000,2.000000,0.592424,3.633216,4.798678,2.146729,4.798678,2.146729,0.183865,2.000000,1.000000
15440.000000,4.803882,2.138265,0.520383,-0.846423,0.000000,2.000000,0.000000,3.000000,0.000000,0.033102,0.981293,-0.836451,0.513113,-2.850836,0.000000,0.000000,1.000000,2.000000,0.592424,3.633216,4.803882,2.138265,4.803882,2.138265,0.183865,2.000000,1.000000
15450.000000,4.808850,2.130095,0.496821,-0.816972,0.000000,2.000000,0.000000,3.000000,0.000000,0.153226,0.993594,-0.851821,0.511498,-2.382723,0.000000,0.000000,1.000000,2.000000,0.592424,3.633216,4.808850,2.130095,4.808850,2.130095,0.183865,2.000000,1.000000
15460.000000,4.813785,2.122042,0.493485,-0.805296,0.000000,2.000000,0.000000,3.000000,0.000000,0.410916,0.956177,-0.822005,0.488449,-1.504805,0.000000,0.000000,1.000000,2.000000,0.592424,3.633216,4.813785,2.122042,4.813785,2.122042,0.183865,2.000000,1.000000
15470.000000,4.818707,2.113989,0.492271,-0.805273,0.000000,2.000000,0.000000,3.000000,0.000000,0.506154,0.944473,-0.810240,0.485326,-1.255006,0.000000,0.000000,1.000000,2.000000,0.592424,3.633216,4.818707,2.113989,4.818707,2.113989,0.183865,2.000000,1.000000
15480.000000,4.823632,2.105813,0.492480,-0.817597,0.000000,2.000000,0.000000,3.000000,0.000000,0.506154,0.943819,-0.810213,0.484097,-1.239435,0.000000,0.000000,1.000000,2.000000,0.592424,3.633216,4.823632,2.105813,4.823632,2.105813,0.183865,2.000000,1.000000
15490.000000,4.828382,2.097640,0.474946,-0.817304,0.000000,2.000000,0.000000,3.000000,0.000000,0.506154,0.954464,-0.822626,0.484032,-1.258111,0.000000,0.000000,1.000000,2.000000,0.592424,3.633216,4.828382,2.097640,4.828382,2.097640,0.183865,2.000000,1.000000
15500.000000,4.832983,2.089614,0.460200,-0.802607,0.000000,2.000000,0.000000,3.000000,0.000000,0.362873,0.945283,-0.822398,0.466071,-1.590468,0.000000,0.000000,1.000000,2.000000,0.592424,3.633216,4.832983,2.089614,4.832983,2.089614,0.183865,2.000000,1.000000
15510.000000,4.837614,2.081806,0.463019,-0.780836,0.000000,2.000000,0.000000,3.000000,0.000000,0.233661,0.925182,-0.807864,0.450907,-1.964975,0.000000,0.000000,1.000000,2.000000,0.592424,3.633216,4.837614,2.081806,4.837614,2.081806,0.183865,2.000000,1.000000
15520.000000,4.842262,2.074026,0.464857,-0.777939,0.000000,2.000000,0.000000,3.000000,0.000000,0.534610,0.907795,-0.786510,0.453314,-1.458620,0.000000,0.000000,1.000000,2.000000,0.592424,3.633216,4.842262,2.074026,4.842262,2.074026,0.183865,2.000000,1.000000
15530.000000,4.846702,2.066302,0.444004,-0.772454,0.000000,2.000000,0.000000,3.000000,0.000000,0.581180,0.906246,-0.783866,0.454792,-0.828313,0.000000,0.000000,1.000000,2.000000,0.592424,3.633216,4.846702,2.066302,4.846702,2.066302,0.183865,2.000000,1.000000
15540.000000,4.850997,2.058514,0.429505,-0.778803,0.000000,2.000000,0.000000,3.000000,0.000000,0.631933,0.890968,-0.778318,0.433642,-0.821501,0.000000,0.000000,1.000000,2.000000,0.592424,3.633216,4.850997,2.058514,4.850997,2.058514,0.183865,2.000000,1.000000
15550.000000,4.855218,2.050886,0.422166,-0.762810,0.000000,2.000000,0.000000,3.000000,0.000000,0.683541,0.889387,-0.784724,0.418588,-0.048093,0.000000,0.000000,1.000000,2.000000,0.592424,3.633216,4.855218,2.050886,4.855218,2.050886,0.183865,2.000000,1.000000
15560.000000,4.859287,2.043474,0.406837,-0.741173,0.000000,2.000000,0.000000,3.000000,0.000000,0.630888,0.871839,-0.769031,0.410724,0.099141,0.000000,0.000000,1.000000,2.000000,0.592424,3.633216,4.859287,2.043474,4.859287,2.043474,0.183865,2.000000,1.000000
15570.000000,4.863081,2.036403,0.379481,-0.707086,0.000000,2.000000,0.000000,3.000000,0.000000,0.630888,0.845490,-0.747619,0.394867,0.099042,0.000000,0.000000,1.000000,2.000000,0.592424,3.633216,4.863081,2.036403,4.863081,2.036403,0.183865,2.000000,1.000000
15580.000000,4.866701,2.029439,0.361981,-0.696407,0.000000,2.000000,0.000000,3.000000,0.000000,0.562109,0.802481,-0.713536,0.367209,-0.325048,0.000000,0.000000,1.000000,2.000000,0.592424,3.633216,4.866701,2.029439,4.866701,2.029439,0.183865,2.000000,1.000000
15590.000000,4.870266,2.022590,0.356496,-0.684921,0.000000,2.000000,0.000000,3.000000,0.000000,0.562109,0.784865,-0.703077,0.348848,-0.968089,0.000000,0.000000,1.000000,2.000000,0.592424,3.633216,4.870266,2.022590,4.870266,2.022590,0.183865,2.000000,1.000000
15600.000000,4.873777,2.015937,0.351159,-0.665294,0.000000,2.000000,0.000000,3.000000,0.000000,0.441063,0.772144,-0.692076,0.342400,-1.281820,0.000000,0.000000,1.000000,2.000000,0.592424,3.633216,4.873777,2.015937,4.873777,2.015937,0.183865,2.000000,1.000000
15610.000000,4.877170,2.009560,0.339242,-0.637733,0.000000,2.000000,0.000000,3.000000,0.000000,0.442390,0.752282,-0.672891,0.336373,-1.261355,0.000000,0.000000,1.000000,2.000000,0.592424,3.633216,4.877170,2.009560,4.877170,2.009560,0.183865,2.000000,1.000000
15620.000000,4.880428,2.003344,0.325839,-0.621558,0.000000,2.000000,0.000000,3.000000,0.000000,0.442390,0.722349,-0.645409,0.324401,-1.245627,0.000000,0.000000,1.000000,2.000000,0.592424,3.633216,4.880428,2.003344,4.880428,2.003344,0.183865,2.000000,1.000000
15630.000000,4.883446,1.997297,0.301814,-0.604710,0.000000,2.000000,0.000000,3.000000,0.000000,0.384533,0.701787,-0.629190,0.310846,-1.416698,0.000000,0.000000,1.000000,2.000000,0.592424,3.633216,4.883446,1.997297,4.883446,1.997297,0.183865,2.000000,1.000000
15640.000000,4.886053,1.991170,0.260728,-0.612686,0.000000,2.000000,0.000000,3.000000,0.000000,0.610918,0.675845,-0.612034,0.286670,0.156911,0.000000,0.000000,1.000000,2.000000,0.592424,3.633216,4.886053,1.991170,4.886053,1.991170,0.183865,2.000000,1.000000
15650.000000,4.888410,1.985303,0.235712,-0.586730,0.000000,2.000000,0.000000,3.000000,0.000000,0.914862,0.665855,-0.619165,0.244944,1.520675,0.000000,0.000000,1.000000,2.000000,0.592424,3.633216,4.888410,1.985303,4.888410,1.985303,0.183865,2.000000,1.000000
15660.000000,4.890698,1.979796,0.228774,-0.550676,0.000000,2.000000,0.000000,3.000000,0.000000,0.914862,0.632307,-0.592795,0.220014,1.497874,0.000000,0.000000,1.000000,2.000000,0.592424,3.633216,4.890698,1.979796,4.890698,1.979796,0.183865,2.000000,1.000000
15670.000000,4.892886,1.974535,0.218806,-0.526122,0.000000,2.000000,0.000000,3.000000,0.000000,0.856566,0.596307,-0.556976,0.212978,1.854939,0.000000,0.000000,1.000000,2.000000,0.592424,3.633216,4.892886,1.974535,4.892886,1.974535,0.183865,2.000000,1.000000
15680.000000,4.894965,1.969430,0.207904,-0.510514,0.000000,2.000000,0.000000,3.000000,0.000000,0.856566,0.569808,-0.532366,0.203143,1.821124,0.000000,0.000000,1.000000,2.000000,0.592424,3.633216,4.894965,1.969430,4.894965,1.969430,0.183865,2.000000,1.000000
15690.000000,4.897029,1.964500,0.206371,-0.492962,0.000000,2.000000,0.000000,3.000000,0.000000,0.812907,0.551225,-0.516602,0.192280,1.566076,0.000000,0.000000,1.000000,2.000000,0.592424,3.633216,4.897029,1.964500,4.897029,1.964500,0.183865,2.000000,1.000000
15700.000000,4.899022,1.959710,0.199299,-0.479035,0.000000,2.000000,0.000000,3.000000,0.000000,0.499437,0.534416,-0.499071,0.191124,-0.274541,0.000000,0.000000,1.000000,2.000000,0.592424,3.633216,4.899022,1.959710,4.899022,1.959710,0.183865,2.000000,1.000000
15710.000000,4.900886,1.955173,0.186372,-0.453653,0.000000,2.000000,0.000000,3.000000,0.000000,0.499437,0.518839,-0.485037,0.184211,-0.273788,0.000000,0.000000,1.000000,2.000000,0.592424,3.633216,4.900886,1.955173,4.900886,1.955173,0.183865,2.000000,1.000000
15720.000000,4.902735,1.950926,0.184909,-0.424763,0.000000,2.000000,0.000000,3.000000,0.000000,0.723280,0.490445,-0.459409,0.171695,0.617853,0.000000,0.000000,1.000000,2.000000,0.592424,3.633216,4.902735,1.950926,4.902735,1.950926,0.183865,2.000000,1.000000
15730.000000,4.904485,1.947102,0.174988,-0.382413,0.000000,2.000000,0.000000,3.000000,0.000000,0.723280,0.463265,-0.430589,0.170903,0.614055,0.000000,0.000000,1.000000,2.000000,0.592424,3.633216,4.904485,1.947102,4.904485,1.947102,0.183865,2.000000,1.000000
15740.000000,4.905967,1.943394,0.148153,-0.370797,0.000000,2.000000,0.000000,3.000000,0.000000,0.723280,0.420548,-0.388033,0.162145,0.610304,0.000000,0.000000,1.000000,2.000000,0.592424,3.633216,4.905967,1.943394,4.905967,1.943394,0.183865,2.000000,1.000000
15750.000000,4.907219,1.939827,0.125215,-0.356711,0.000000,2.000000,0.000000,3.000000,0.000000,0.661860,0.399299,-0.375642,0.135400,0.591417,0.000000,0.000000,1.000000,2.000000,0.592424,3.633216,4.907219,1.939827,4.907219,1.939827,0.183865,2.000000,1.000000
15760.000000,4.908318,1.936319,0.109858,-0.350731,0.000000,2.000000,0.000000,3.000000,0.000000,0.670105,0.378050,-0.360837,0.112775,0.710913,0.000000,0.000000,1.000000,2.000000,0.592424,3.633216,4.908318,1.936319,4.908318,1.936319,0.183865,2.000000,1.000000
15770.000000,4.909142,1.932869,0.082508,-0.345062,0.000000,2.000000,0.000000,3.000000,0.000000,0.780128,0.367534,-0.354364,0.097504,1.431789,0.000000,0.000000,1.000000,2.000000,0.592424,3.633216,4.909142,1.932869,4.909142,1.932869,0.183865,2.000000,1.000000
15780.000000,4.909821,1.929500,0.067815,-0.336902,0.000000,2.000000,0.000000,3.000000,0.000000,0.786306,0.354789,-0.347773,0.070207,1.444029,0.000000,0.000000,1.000000,2.000000,0.592424,3.633216,4.909821,1.929500,4.909821,1.929500,0.183865,2.000000,1.000000
15790.000000,4.910432,1.926326,0.061142,-0.317395,0.000000,2.000000,0.000000,3.000000,0.000000,0.914786,0.343660,-0.339146,0.055514,1.423453,0.000000,0.000000,1.000000,2.000000,0.592424,3.633216,4.910432,1.926326,4.910432,1.926326,0.183865,2.000000,1.000000
15800.000000,4.910984,1.923323,0.055182,-0.300295,0.000000,2.000000,0.000000,3.000000,0.000000,0.975462,0.323230,-0.319456,0.049250,1.327084,0.000000,0.000000,1.000000,2.000000,0.592424,3.633216,4.910984,1.923323,4.910984,1.923323,0.183865,2.000000,1.000000
15810.000000,4.911425,1.920501,0.044166,-0.282232,0.000000,2.000000,0.000000,3.000000,0.000000,0.975462,0.305323,-0.302132,0.044025,1.309686,0.000000,0.000000,1.000000,2.000000,0.592424,3.633216,4.911425,1.920501,4.911425,1.920501,0.183865,2.000000,1.000000
15820.000000,4.911872,1.917877,0.044715,-0.262357,0.000000,2.000000,0.000000,3.000000,0.000000,0.789357,0.285666,-0.283645,0.033924,-0.273863,0.000000,0.000000,1.000000,2.000000,0.592424,3.633216,4.911872,1.917877,4.911872,1.917877,0.183865,2.000000,1.000000
15830.000000,4.912391,1.915443,0.051814,-0.243351,0.000000,2.000000,0.000000,3.000000,0.000000,0.545129,0.266141,-0.263788,0.035305,-1.050373,0.000000,0.000000,1.000000,2.000000,0.592424,3.633216,4.912391,1.915443,4.912391,1.915443,0.183865,2.000000,1.000000
15840.000000,4.912839,1.913064,0.044815,-0.237959,0.000000,2.000000,0.000000,3.000000,0.000000,0.426851,0.248806,-0.245054,0.043045,-0.980109,0.000000,0.000000,1.000000,2.000000,0.592424,3.633216,4.912839,1.913064,4.912839,1.913064,0.183865,2.000000,1.000000
15850.000000,4.913106,1.910765,0.026686,-0.229917,0.000000,2.000000,0.000000,3.000000,0.000000,0.426851,0.242143,-0.239440,0.036080,-0.970587,0.000000,0.000000,1.000000,2.000000,0.592424,3.633216,4.913106,1.910765,4.913106,1.910765,0.183865,2.000000,1.000000
15860.000000,4.913315,1.908667,0.020947,-0.209747,0.000000,2.000000,0.000000,3.000000,0.000000,0.567424,0.231461,-0.230758,0.018017,-1.491535,0.000000,0.000000,1.000000,2.000000,0.592424,3.633216,4.913315,1.908667,4.913315,1.908667,0.183865,2.000000,1.000000
15870.000000,4.913498,1.906772,0.018255,-0.189489,0.000000,2.000000,0.000000,3.000000,0.000000,0.505693,0.210790,-0.210380,0.013130,-1.127326,0.000000,0.000000,1.000000,2.000000,0.592424,3.633216,4.913498,1.906772,4.913498,1.906772,0.183865,2.000000,1.000000
15880.000000,4.913649,1.905014,0.015114,-0.175795,0.000000,2.000000,0.000000,3.000000,0.000000,0.586258,0.190366,-0.190018,0.011508,-1.110724,0.000000,0.000000,1.000000,2.000000,0.592424,3.633216,4.913649,1.905014,4.913649,1.905014,0.183865,2.000000,1.000000
15890.000000,4.913767,1.903379,0.011773,-0.163499,0.000000,2.000000,0.000000,3.000000,0.000000,0.472521,0.176443,-0.176206,0.009134,-1.098511,0.000000,0.000000,1.000000,2.000000,0.592424,3.633216,4.913767,1.903379,4.913767,1.903379,0.183865,2.000000,1.000000
15900.000000,4.913860,1.901813,0.009307,-0.156610,0.000000,2.000000,0.000000,3.000000,0.000000,0.294708,0.163922,-0.163801,0.006298,-1.247360,0.000000,0.000000,1.000000,2.000000,0.592424,3.633216,4.913860,1.901813,4.913860,1.901813,0.183865,2.000000,1.000000
15910.000000,4.913905,1.900282,0.004524,-0.153154,0.000000,2.000000,0.000000,3.000000,0.000000,0.294708,0.156886,-0.156838,0.003867,-1.231978,0.000000,0.000000,1.000000,2.000000,0.592424,3.633216,4.913905,1.900282,4.913905,1.900282,0.183865,2.000000,1.000000
15920.000000,4.913912,1.898804,0.000663,-0.147799,0.000000,2.000000,0.000000,3.000000,0.000000,0.294708,0.153221,-0.153217,-0.001072,-1.216970,0.000000,0.000000,1.000000,2.000000,0.592424,3.633216,4.913912,1.898804,4.913912,1.898804,0.183865,2.000000,1.000000
15930.000000,4.913764,1.897295,-0.014722,-0.150869,0.000000,2.000000,0.000000,3.000000,0.000000,0.216300,0.147801,-0.147723,-0.004794,-1.634661,0.000000,0.000000,1.000000,2.000000,0.592424,3.633216,4.913764,1.897295,4.913764,1.897295,0.183865,2.000000,1.000000
15940.000000,4.913421,1.895731,-0.034403,-0.156379,0.000000,2.000000,0.000000,3.000000,0.000000,0.112677,0.151586,-0.150237,-0.020176,-2.161659,0.000000,0.000000,1.000000,2.000000,0.592424,3.633216,4.913421,1.895731,4.913421,1.895731,0.183865,2.000000,1.000000
15950.000000,4.913107,1.894342,-0.031359,-0.138924,0.000000,2.000000,0.000000,3.000000,0.000000,0.063277,0.160119,-0.155053,-0.039959,-2.376533,0.000000,0.000000,1.000000,2.000000,0.592424,3.633216,4.913107,1.894342,4.913107,1.894342,0.183865,2.000000,1.000000
15960.000000,4.912933,1.893143,-0.017390,-0.119920,0.000000,2.000000,0.000000,3.000000,0.000000,0.117567,0.142419,-0.137728,-0.036253,-2.227699,0.000000,0.000000,1.000000,2.000000,0.592424,3.633216,4.912933,1.893143,4.912933,1.893143,0.183865,2.000000,1.000000
15970.000000,4.912816,1.892112,-0.011751,-0.103122,0.000000,2.000000,0.000000,3.000000,0.000000,0.117696,0.121175,-0.119239,-0.021570,-2.179107,0.000000,0.000000,1.000000,2.000000,0.592424,3.633216,4.912816,1.892112,4.912816,1.892112,0.183865,2.000000,1.000000
15980.000000,4.912732,1.891210,-0.008381,-0.090194,0.000000,2.000000,0.000000,3.000000,0.000000,0.117696,0.103789,-0.102654,-0.015312,-2.132589,0.000000,0.000000,1.000000,2.000000,0.592424,3.633216,4.912732,1.891210,4.912732,1.891210,0.183865,2.000000,1.000000
15990.000000,4.912715,1.890448,-0.001680,-0.076207,0.000000,2.000000,0.000000,3.000000,0.000000,0.080806,0.090582,-0.089853,-0.011469,-2.211178,0.000000,0.000000,1.000000,2.000000,0.592424,3.633216,4.912715,1.890448,4.912715,1.890448,0.183865,2.000000,1.000000
16000.000000,4.912739,1.889771,0.002439,-0.067620,0.000000,2.000000,0.000000,3.000000,0.000000,0.041836,0.076226,-0.076105,-0.004285,-2.164014,0.000000,0.000000,1.000000,2.000000,0.592424,3.633216,4.912739,1.889771,4.912739,1.889771,0.183865,2.000000,1.000000
16010.000000,4.912746,1.889186,0.000664,-0.058567,0.000000,2.000000,0.000000,3.000000,0.000000,0.096118,0.067664,-0.067664,0.000126,-2.029822,0.000000,0.000000,1.000000,2.000000,0.592424,3.633216,4.912746,1.889186,4.912746,1.889186,0.183865,2.000000,1.000000
16020.000000,4.912747,1.888689,0.000131,-0.049715,0.000000,2.000000,0.000000,3.000000,0.000000,0.176354,0.058571,-0.058556,-0.001301,-1.644925,0.000000,0.000000,1.000000,2.000000,0.592424,3.633216,4.912747,1.888689,4.912747,1.888689,0.183865,2.000000,1.000000
16030.000000,4.912744,1.888311,-0.000399,-0.037740,0.000000,2.000000,0.000000,3.000000,0.000000,0.213045,0.049715,-0.049692,-0.001488,-1.476635,0.000000,0.000000,1.000000,2.000000,0.592424,3.633216,4.912744,1.888311,4.912744,1.888311,0.183865,2.000000,1.000000
16040.000000,4.912744,1.888311,0.000000,0.000000,0.000000,2.000000,0.000000,3.000000,0.000000,0.213045,0.037742,-0.037708,-0.001603,-1.455127,0.000000,0.000000,1.000000,2.000000,0.592424,3.633216,4.912744,1.888311,4.912744,1.888311,0.183865,2.000000,1.000000
16050.000000,4.912744,1.888311,0.000000,0.000000,0.000000,2.000000,0.000000,3.000000,0.000000,0.204584,0.028632,-0.028386,-0.003741,-1.465560,0.000000,0.000000,1.000000,2.000000,0.592424,3.633216,4.912744,1.888311,4.912744,1.888311,0.183865,2.000000,1.000000
16060.000000,4.912744,1.888311,0.000000,0.000000,0.000000,2.000000,0.000000,3.000000,0.000000,0.060190,0.018155,-0.018084,-0.001608,-1.964302,0.000000,0.000000,1.000000,2.000000,0.592424,3.633216,4.912744,1.888311,4.912744,1.888311,0.183865,2.000000,1.000000
16070.000000,4.912744,1.888311,0.000000,0.000000,0.000000,2.000000,0.000000,3.000000,0.000000,0.090235,0.008544,-0.008486,-0.000987,-1.805722,0.000000,0.000000,1.000000,2.000000,0.592424,3.633216,4.912744,1.888311,4.912744,1.888311,0.183865,2.000000,1.000000
16080.000000,4.912744,1.888311,0.000000,0.000000,0.000000,2.000000,0.000000,3.000000,0.000000,0.112225,0.001463,0.001332,-0.000606,-1.761930,0.000000,0.000000,1.000000,2.000000,0.592424,3.633216,4.912744,1.888311,4.912744,1.888311,0.183865,2.000000,1.000000
16090.000000,4.912744,1.888311,0.000000,0.000000,0.000000,2.000000,0.000000,3.000000,0.000000,0.128445,0.013291,0.013248,-0.001061,-1.669940,0.000000,0.000000,1.000000,2.000000,0.592424,3.633216,4.912744,1.888311,4.912744,1.888311,0.183865,2.000000,1.000000
16100.000000,4.912725,1.888623,-0.001826,0.031201,0.000000,2.000000,0.000000,3.000000,0.000000,0.128445,0.023221,0.023182,-0.001341,-1.579058,0.000000,0.000000,1.000000,2.000000,0.592424,3.633216,4.912725,1.888623,4.912725,1.888623,0.183865,2.000000,1.000000
16110.000000,4.912701,1.889004,-0.002424,0.038098,0.000000,2.000000,0.000000,3.000000,0.000000,0.137458,0.031255,0.031244,-0.000823,-1.484125,0.000000,0.000000,1.000000,2.000000,0.592424,3.633216,4.912701,1.889004,4.912701,1.889004,0.183865,2.000000,1.000000
16120.000000,4.912680,1.889447,-0.002136,0.044318,0.000000,2.000000,0.000000,3.000000,0.000000,0.137458,0.038175,0.038157,-0.001195,-1.460261,0.000000,0.000000,1.000000,2.000000,0.592424,3.633216,4.912680,1.889447,4.912680,1.889447,0.183865,2.000000,1.000000
16130.000000,4.912640,1.889922,-0.003979,0.047421,0.000000,2.000000,0.000000,3.000000,0.000000,0.123495,0.044370,0.044364,-0.000734,-1.507008,0.000000,0.000000,1.000000,2.000000,0.592424,3.633216,4.912640,1.889922,4.912640,1.889922,0.183865,2.000000,1.000000
16140.000000,4.912595,1.890435,-0.004481,0.051310,0.000000,2.000000,0.000000,3.000000,0.000000,0.070083,0.047587,0.047521,-0.002518,-1.694588,0.000000,0.000000,1.000000,2.000000,0.592424,3.633216,4.912595,1.890435,4.912595,1.890435,0.183865,2.000000,1.000000
16150.000000,4.912588,1.890986,-0.000722,0.055129,0.000000,2.000000,0.000000,3.000000,0.000000,0.056417,0.051505,0.051422,-0.002925,-1.666323,0.000000,0.000000,1.000000,2.000000,0.592424,3.633216,4.912588,1.890986,4.912588,1.890986,0.183865,2.000000,1.000000
16160.000000,4.912609,1.891620,0.002036,0.063384,0.000000,2.000000,0.000000,3.000000,0.000000,0.091001,0.055134,0.055126,0.000961,-1.462065,0.000000,0.000000,1.000000,2.000000,0.592424,3.633216,4.912609,1.891620,4.912609,1.891620,0.183865,2.000000,1.000000
16170.000000,4.912625,1.892297,0.001674,0.067734,0.000000,2.000000,0.000000,3.000000,0.000000,0.091403,0.063416,0.063288,0.004037,-1.440976,0.000000,0.000000,1.000000,2.000000,0.592424,3.633216,4.912625,1.892297,4.912625,1.892297,0.183865,2.000000,1.000000
16180.000000,4.912640,1.893027,0.001412,0.073020,0.000000,2.000000,0.000000,3.000000,0.000000,0.091403,0.067755,0.067645,0.003857,-1.420487,0.000000,0.000000,1.000000,2.000000,0.592424,3.633216,4.912640,1.893027,4.912640,1.893027,0.183865,2.000000,1.000000
16190.000000,4.912652,1.893816,0.001215,0.078880,0.000000,2.000000,0.000000,3.000000,0.000000,0.082248,0.073034,0.072937,0.003747,-1.452413,0.000000,0.000000,1.000000,2.000000,0.592424,3.633216,4.912652,1.893816,4.912652,1.893816,0.183865,2.000000,1.000000
16200.000000,4.912599,1.894672,-0.005245,0.085555,0.000000,2.000000,0.000000,3.000000,0.000000,0.082248,0.078890,0.078804,0.003679,-1.431600,0.000000,0.000000,1.000000,2.000000,0.592424,3.633216,4.912599,1.894672,4.912599,1.894672,0.183865,2.000000,1.000000
16210.000000,4.912539,1.895615,-0.005952,0.094336,0.000000,2.000000,0.000000,3.000000,0.000000,0.180714,0.085716,0.085677,-0.002566,-1.359186,0.000000,0.000000,1.000000,2.000000,0.592424,3.633216,4.912539,1.895615,4.912539,1.895615,0.183865,2.000000,1.000000
16220.000000,4.912487,1.896691,-0.005285,0.107616,0.000000,2.000000,0.000000,3.000000,0.000000,0.203931,0.094523,0.094477,-0.002954,-1.340942,0.000000,0.000000,1.000000,2.000000,0.592424,3.633216,4.912487,1.896691,4.912487,1.896691,0.183865,2.000000,1.000000
16230.000000,4.912395,1.897874,-0.009102,0.118252,0.000000,2.000000,0.000000,3.000000,0.000000,0.136335,0.107746,0.107731,-0.001814,-1.323181,0.000000,0.000000,1.000000,2.000000,0.592424,3.633216,4.912395,1.897874,4.912395,1.897874,0.183865,2.000000,1.000000
16240.000000,4.912309,1.899136,-0.008685,0.126183,0.000000,2.000000,0.000000,3.000000,0.000000,0.104632,0.118602,0.118486,-0.005249,-1.372953,0.000000,0.000000,1.000000,2.000000,0.592424,3.633216,4.912309,1.899136,4.912309,1.899136,0.183865,2.000000,1.000000
16250.000000,4.912224,1.900472,-0.008459,0.133671,0.000000,2.000000,0.000000,3.000000,0.000000,0.126801,0.126481,0.126398,-0.004602,-1.298834,0.000000,0.000000,1.000000,2.000000,0.592424,3.633216,4.912224,1.900472,4.912224,1.900472,0.183865,2.000000,1.000000
16260.000000,4.912159,1.901915,-0.006466,0.144218,0.000000,2.000000,0.000000,3.000000,0.000000,0.163316,0.133939,0.133873,-0.004204,-1.282164,0.000000,0.000000,1.000000,2.000000,0.592424,3.633216,4.912159,1.901915,4.912159,1.901915,0.183865,2.000000,1.000000
16270.000000,4.912105,1.903487,-0.005473,0.157232,0.000000,2.000000,0.000000,3.000000,0.000000,0.139327,0.144363,0.144350,-0.001892,-1.265917,0.000000,0.000000,1.000000,2.000000,0.592424,3.633216,4.912105,1.903487,4.912105,1.903487,0.183865,2.000000,1.000000
16280.000000,4.912035,1.905132,-0.006940,0.164501,0.000000,2.000000,0.000000,3.000000,0.000000,0.236037,0.157327,0.157326,-0.000472,-0.978921,0.000000,0.000000,1.000000,2.000000,0.592424,3.633216,4.912035,1.905132,4.912035,1.905132,0.183865,2.000000,1.000000
16290.000000,4.911984,1.906836,-0.005094,0.170362,0.000000,2.000000,0.000000,3.000000,0.000000,0.240085,0.164647,0.164639,-0.001669,-0.959413,0.000000,0.000000,1.000000,2.000000,0.592424,3.633216,4.911984,1.906836,4.911984,1.906836,0.183865,2.000000,1.000000
16300.000000,4.912012,1.908643,0.002827,0.180717,0.000000,2.000000,0.000000,3.000000,0.000000,0.240085,0.170438,0.170437,0.000354,-0.950287,0.000000,0.000000,1.000000,2.000000,0.592424,3.633216,4.912012,1.908643,4.912012,1.908643,0.183865,2.000000,1.000000
16310.000000,4.911994,1.910497,-0.001759,0.185466,0.000000,2.000000,0.000000,3.000000,0.000000,0.309635,0.180740,0.180540,0.008489,-0.839496,0.000000,0.000000,1.000000,2.000000,0.592424,3.633216,4.911994,1.910497,4.911994,1.910497,0.183865,2.000000,1.000000
16320.000000,4.912042,1.912489,0.004755,0.199135,0.000000,2.000000,0.000000,3.000000,0.000000,0.342439,0.185474,0.185435,0.003834,-0.773612,0.000000,0.000000,1.000000,2.000000,0.592424,3.633216,4.912042,1.912489,4.912042,1.912489,0.183865,2.000000,1.000000
16330.000000,4.912283,1.914719,0.024062,0.223037,0.000000,2.000000,0.000000,3.000000,0.000000,0.432972,0.199191,0.198908,0.010625,-0.446468,0.000000,0.000000,1.000000,2.000000,0.592424,3.633216,4.912283,1.914719,4.912283,1.914719,0.183865,2.000000,1.000000
16340.000000,4.912432,1.916927,0.014893,0.220743,0.000000,2.000000,0.000000,3.000000,0.000000,0.432972,0.224331,0.222228,0.030649,-0.444481,0.000000,0.000000,1.000000,2.000000,0.592424,3.633216,4.912432,1.916927,4.912432,1.916927,0.183865,2.000000,1.000000
16350.000000,4.912486,1.919001,0.005403,0.207432,0.000000,2.000000,0.000000,3.000000,0.000000,0.432447,0.221245,0.220190,0.021576,-0.443857,0.000000,0.000000,1.000000,2.000000,0.592424,3.633216,4.912486,1.919001,4.912486,1.919001,0.183865,2.000000,1.000000
16360.000000,4.912482,1.921033,-0.000391,0.203175,0.000000,2.000000,0.000000,3.000000,0.000000,0.340303,0.207503,0.207163,0.011869,-0.639510,0.000000,0.000000,1.000000,2.000000,0.592424,3.633216,4.912482,1.921033,4.912482,1.921033,0.183865,2.000000,1.000000
16370.000000,4.912460,1.922974,-0.002205,0.194067,0.000000,2.000000,0.000000,3.000000,0.000000,0.200887,0.203175,0.203090,0.005909,-1.143458,0.000000,0.000000,1.000000,2.000000,0.592424,3.633216,4.912460,1.922974,4.912460,1.922974,0.183865,2.000000,1.000000
16380.000000,4.912482,1.924886,0.002216,0.191254,0.000000,2.000000,0.000000,3.000000,0.000000,0.091466,0.194080,0.194046,0.003628,-1.296735,0.000000,0.000000,1.000000,2.000000,0.592424,3.633216,4.912482,1.924886,4.912482,1.924886,0.183865,2.000000,1.000000
16390.000000,4.912456,1.926746,-0.002570,0.186038,0.000000,2.000000,0.000000,3.000000,0.000000,0.110112,0.191267,0.191110,0.007742,-1.233153,0.000000,0.000000,1.000000,2.000000,0.592424,3.633216,4.912456,1.926746,4.912456,1.926746,0.183865,2.000000,1.000000
16400.000000,4.912361,1.928508,-0.009514,0.176181,0.000000,2.000000,0.000000,3.000000,0.000000,0.110112,0.186056,0.186037,0.002686,-1.218117,0.000000,0.000000,1.000000,2.000000,0.592424,3.633216,4.912361,1.928508,4.912361,1.928508,0.183865,2.000000,1.000000
16410.000000,4.912313,1.930206,-0.004808,0.169727,0.000000,2.000000,0.000000,3.000000,0.000000,0.206707,0.176438,0.176379,-0.004555,-1.076170,0.000000,0.000000,1.000000,2.000000,0.592424,3.633216,4.912313,1.930206,4.912313,1.930206,0.183865,2.000000,1.000000
16420.000000,4.912341,1.931910,0.002794,0.170477,0.000000,2.000000,0.000000,3.000000,0.000000,0.242477,0.169795,0.169795,-0.000039,-0.953400,0.000000,0.000000,1.000000,2.000000,0.592424,3.633216,4.912341,1.931910,4.912341,1.931910,0.183865,2.000000,1.000000
16430.000000,4.912328,1.933532,-0.001255,0.162185,0.000000,2.000000,0.000000,3.000000,0.000000,0.151362,0.170500,0.170332,0.007558,-0.944387,0.000000,0.000000,1.000000,2.000000,0.592424,3.633216,4.912328,1.933532,4.912328,1.933532,0.183865,2.000000,1.000000
16440.000000,4.912237,1.935023,-0.009114,0.149088,0.000000,2.000000,0.000000,3.000000,0.000000,0.164089,0.162190,0.162157,0.003262,-0.935973,0.000000,0.000000,1.000000,2.000000,0.592424,3.633216,4.912237,1.935023,4.912237,1.935023,0.183865,2.000000,1.000000
16450.000000,4.912195,1.936423,-0.004220,0.140012,0.000000,2.000000,0.000000,3.000000,0.000000,0.164089,0.149366,0.149286,-0.004890,-0.968172,0.000000,0.000000,1.000000,2.000000,0.592424,3.633216,4.912195,1.936423,4.912195,1.936423,0.183865,2.000000,1.000000
16460.000000,4.912115,1.937726,-0.007991,0.130320,0.000000,2.000000,0.000000,3.000000,0.000000,0.160585,0.140076,0.140075,-0.000245,-0.874005,0.000000,0.000000,1.000000,2.000000,0.592424,3.633216,4.912115,1.937726,4.912115,1.937726,0.183865,2.000000,1.000000
16470.000000,4.911998,1.938930,-0.011631,0.120400,0.000000,2.000000,0.000000,3.000000,0.000000,0.160585,0.130565,0.130494,-0.004286,-0.866425,0.000000,0.000000,1.000000,2.000000,0.592424,3.633216,4.911998,1.938930,4.911998,1.938930,0.183865,2.000000,1.000000
16480.000000,4.911913,1.940114,-0.008477,0.118392,0.000000,2.000000,0.000000,3.000000,0.000000,0.160585,0.120961,0.120686,-0.008146,-0.858975,0.000000,0.000000,1.000000,2.000000,0.592424,3.633216,4.911913,1.940114,4.911913,1.940114,0.183865,2.000000,1.000000
16490.000000,4.911871,1.941241,-0.004253,0.112647,0.000000,2.000000,0.000000,3.000000,0.000000,0.221622,0.118695,0.118590,-0.005002,-0.476724,0.000000,0.000000,1.000000,2.000000,0.592424,3.633216,4.911871,1.941241,4.911871,1.941241,0.183865,2.000000,1.000000
16500.000000,4.911687,1.942177,-0.018400,0.093595,0.000000,2.000000,0.000000,3.000000,0.000000,0.245044,0.112727,0.112722,-0.001003,-0.438553,0.000000,0.000000,1.000000,2.000000,0.592424,3.633216,4.911687,1.942177,4.911687,1.942177,0.183865,2.000000,1.000000
16510.000000,4.911463,1.943030,-0.022368,0.085313,0.000000,2.000000,0.000000,3.000000,0.000000,0.255728,0.095387,0.094073,-0.015780,-0.436636,0.000000,0.000000,1.000000,2.000000,0.592424,3.633216,4.911463,1.943030,4.911463,1.943030,0.183865,2.000000,1.000000
16520.000000,4.911283,1.943860,-0.018027,0.083024,0.000000,2.000000,0.000000,3.000000,0.000000,0.261869,0.088197,0.085893,-0.020028,-0.699676,0.000000,0.000000,1.000000,2.000000,0.592424,3.633216,4.911283,1.943860,4.911283,1.943860,0.183865,2.000000,1.000000
16530.000000,4.911178,1.944671,-0.010559,0.081093,0.000000,2.000000,0.000000,3.000000,0.000000,0.261869,0.084959,0.083487,-0.015744,-0.728881,0.000000,0.000000,1.000000,2.000000,0.592424,3.633216,4.911178,1.944671,4.911178,1.944671,0.183865,2.000000,1.000000
16540.000000,4.911158,1.945511,-0.001949,0.083951,0.000000,2.000000,0.000000,3.000000,0.000000,0.257698,0.081777,0.081356,-0.008288,-0.723602,0.000000,0.000000,1.000000,2.000000,0.592424,3.633216,4.911158,1.945511,4.911158,1.945511,0.183865,2.000000,1.000000
16550.000000,4.911172,1.946334,0.001406,0.082380,0.000000,2.000000,0.000000,3.000000,0.000000,0.151481,0.083974,0.083973,0.000425,-0.809211,0.000000,0.000000,1.000000,2.000000,0.592424,3.633216,4.911172,1.946334,4.911172,1.946334,0.183865,2.000000,1.000000
16560.000000,4.911175,1.947076,0.000274,0.074124,0.000000,2.000000,0.000000,3.000000,0.000000,0.151481,0.082392,0.082309,0.003708,-0.821945,0.000000,0.000000,1.000000,2.000000,0.592424,3.633216,4.911175,1.947076,4.911175,1.947076,0.183865,2.000000,1.000000
16570.000000,4.911172,1.947701,-0.000242,0.062517,0.000000,2.000000,0.000000,3.000000,0.000000,0.151481,0.074125,0.074090,0.002276,-0.815237,0.000000,0.000000,1.000000,2.000000,0.592424,3.633216,4.911172,1.947701,4.911172,1.947701,0.183865,2.000000,1.000000
16580.000000,4.911202,1.948223,0.002942,0.052210,0.000000,2.000000,0.000000,3.000000,0.000000,0.120850,0.062517,0.062501,0.001398,-1.037591,0.000000,0.000000,1.000000,2.000000,0.592424,3.633216,4.911202,1.948223,4.911202,1.948223,0.183865,2.000000,1.000000
16590.000000,4.911216,1.948687,0.001403,0.046446,0.000000,2.000000,0.000000,3.000000,0.000000,0.120850,0.052292,0.052115,0.004305,-1.026925,0.000000,0.000000,1.000000,2.000000,0.592424,3.633216,4.911216,1.948687,4.911216,1.948687,0.183865,2.000000,1.000000
16600.000000,4.911207,1.949090,-0.000866,0.040252,0.000000,2.000000,0.000000,3.000000,0.000000,0.134922,0.046467,0.046392,0.002643,-1.116227,0.000000,0.000000,1.000000,2.000000,0.592424,3.633216,4.911207,1.949090,4.911207,1.949090,0.183865,2.000000,1.000000
16610.000000,4.911185,1.949428,-0.002181,0.033831,0.000000,2.000000,0.000000,3.000000,0.000000,0.119209,0.040262,0.040261,0.000244,-1.103893,0.000000,0.000000,1.000000,2.000000,0.592424,3.633216,4.911185,1.949428,4.911185,1.949428,0.183865,2.000000,1.000000
16620.000000,4.911185,1.949428,0.000000,0.000000,0.000000,2.000000,0.000000,3.000000,0.000000,0.076581,0.033902,0.033879,-0.001229,-1.154323,0.000000,0.000000,1.000000,2.000000,0.592424,3.633216,4.911185,1.949428,4.911185,1.949428,0.183865,2.000000,1.000000
16630.000000,4.911185,1.949428,0.000000,0.000000,0.000000,2.000000,0.000000,3.000000,0.000000,0.060742,0.027999,0.027999,-0.000065,-1.196715,0.000000,0.000000,1.000000,2.000000,0.592424,3.633216,4.911185,1.949428,4.911185,1.949428,0.183865,2.000000,1.000000
16640.000000,4.911185,1.949428,0.000000,0.000000,0.000000,2.000000,0.000000,3.000000,0.000000,0.083021,0.021780,0.021771,0.000649,-1.162546,0.000000,0.000000,1.000000,2.000000,0.592424,3.633216,4.911185,1.949428,4.911185,1.949428,0.183865,2.000000,1.000000
16650.000000,4.911185,1.949428,0.000000,0.000000,0.000000,2.000000,0.000000,3.000000,0.000000,0.083153,0.019413,0.019255,0.002467,-1.081704,0.000000,0.000000,1.000000,2.000000,0.592424,3.633216,4.911185,1.949428,4.911185,1.949428,0.183865,2.000000,1.000000
16660.000000,4.911185,1.949428,0.000000,0.000000,0.000000,2.000000,0.000000,3.000000,0.000000,0.076134,0.016550,0.016402,0.002204,-1.070116,0.000000,0.000000,1.000000,2.000000,0.592424,3.633216,4.911185,1.949428,4.911185,1.949428,0.183865,2.000000,1.000000
16670.000000,4.911185,1.949428,0.000000,0.000000,0.000000,2.000000,0.000000,3.000000,0.000000,0.074378,0.011703,0.011380,0.002732,-1.076205,0.000000,0.000000,1.000000,2.000000,0.592424,3.633216,4.911185,1.949428,4.911185,1.949428,0.183865,2.000000,1.000000
16680.000000,4.911185,1.949428,0.000000,0.000000,0.000000,2.000000,0.000000,3.000000,0.000000,0.046934,0.009257,0.008950,0.002367,-1.154732,0.000000,0.000000,1.000000,2.000000,0.592424,3.633216,4.911185,1.949428,4.911185,1.949428,0.183865,2.000000,1.000000
16690.000000,4.911185,1.949428,0.000000,0.000000,0.000000,2.000000,0.000000,3.000000,0.000000,0.043482,0.007369,0.006804,0.002832,-1.169016,0.000000,0.000000,1.000000,2.000000,0.592424,3.633216,4.911185,1.949428,4.911185,1.949428,0.183865,2.000000,1.000000
16700.000000,4.911185,1.949428,0.000000,0.000000,0.000000,2.000000,0.000000,3.000000,0.000000,0.038692,0.006310,0.005486,0.003117,-1.155495,0.000000,0.000000,1.000000,2.000000,0.592424,3.633216,4.911185,1.949428,4.911185,1.949428,0.183865,2.000000,1.000000
16710.000000,4.911185,1.949428,0.000000,0.000000,0.000000,2.000000,0.000000,3.000000,0.000000,0.037661,0.005660,0.004023,0.003982,-1.142282,0.000000,0.000000,1.000000,2.000000,0.592424,3.633216,4.911185,1.949428,4.911185,1.949428,0.183865,2.000000,1.000000
16720.000000,4.911185,1.949428,0.000000,0.000000,0.000000,2.000000,0.000000,3.000000,0.000000,0.029944,0.004425,0.003124,0.003134,-1.109280,0.000000,0.000000,1.000000,2.000000,0.592424,3.633216,4.911185,1.949428,4.911185,1.949428,0.183865,2.000000,1.000000
16730.000000,4.911185,1.949428,0.000000,0.000000,0.000000,2.000000,0.000000,3.000000,0.000000,0.037523,0.004749,0.002572,0.003992,-1.073987,0.000000,0.000000,1.000000,2.000000,0.592424,3.633216,4.911185,1.949428,4.911185,1.949428,0.183865,2.000000,1.000000
16740.000000,4.911185,1.949428,0.000000,0.000000,0.000000,2.000000,0.000000,3.000000,0.000000,0.037523,0.003839,0.000271,0.003830,-1.062564,0.000000,0.000000,1.000000,2.000000,0.592424,3.633216,4.911185,1.949428,4.911185,1.949428,0.183865,2.000000,1.000000
16750.000000,4.911185,1.949428,0.000000,0.000000,0.000000,2.000000,0.000000,3.000000,0.000000,0.035605,0.004446,-0.000488,0.004419,-1.062189,0.000000,0.000000,1.000000,2.000000,0.592424,3.633216,4.911185,1.949428,4.911185,1.949428,0.183865,2.000000,1.000000
16760.000000,4.911185,1.949428,0.000000,0.000000,0.000000,2.000000,0.000000,3.000000,0.000000,0.031445,0.006170,0.000355,0.006160,-1.098542,0.000000,0.000000,1.000000,2.000000,0.592424,3.633216,4.911185,1.949428,4.911185,1.949428,0.183865,2.000000,1.000000
16770.000000,4.911185,1.949428,0.000000,0.000000,0.000000,2.000000,0.000000,3.000000,0.000000,0.031445,0.009299,0.000218,0.009296,-1.078559,0.000000,0.000000,1.000000,2.000000,0.592424,3.633216,4.911185,1.949428,4.911185,1.949428,0.183865,2.000000,1.000000
16780.000000,4.911185,1.949428,0.000000,0.000000,0.000000,2.000000,0.000000,3.000000,0.000000,0.069487,0.012683,0.001442,0.012601,-0.896941,0.000000,0.000000,1.000000,2.000000,0.592424,3.633216,4.911185,1.949428,4.911185,1.949428,0.183865,2.000000,1.000000
16790.000000,4.911185,1.949428,0.000000,0.000000,0.000000,2.000000,0.000000,3.000000,0.000000,0.071235,0.016387,0.003502,0.016008,-0.882696,0.000000,0.000000,1.000000,2.000000,0.592424,3.633216,4.911185,1.949428,4.911185,1.949428,0.183865,2.000000,1.000000
16800.000000,4.911185,1.949428,0.000000,0.000000,0.000000,2.000000,0.000000,3.000000,0.000000,0.071235,0.019235,0.004113,0.018790,-0.874965,0.000000,0.000000,1.000000,2.000000,0.592424,3.633216,4.911185,1.949428,4.911185,1.949428,0.183865,2.000000,1.000000
16810.000000,4.911467,1.949545,0.028125,0.011666,0.000000,2.000000,0.000000,3.000000,0.000000,0.093598,0.023470,0.006451,0.022566,-0.895811,0.000000,0.000000,1.000000,2.000000,0.592424,3.633216,4.911467,1.949545,4.911467,1.949545,0.183865,2.000000,1.000000
16820.000000,4.911817,1.949724,0.035009,0.017931,0.000000,2.000000,0.000000,3.000000,0.000000,0.110838,0.030448,0.011157,0.028330,-0.838025,0.000000,0.000000,1.000000,2.000000,0.592424,3.633216,4.911817,1.949724,4.911817,1.949724,0.183865,2.000000,1.000000
16830.000000,4.912243,1.949949,0.042673,0.022489,0.000000,2.000000,0.000000,3.000000,0.000000,0.135281,0.039334,0.017318,0.035316,-0.767717,0.000000,0.000000,1.000000,2.000000,0.592424,3.633216,4.912243,1.949949,4.912243,1.949949,0.183865,2.000000,1.000000
16840.000000,4.912745,1.950176,0.050192,0.022692,0.000000,2.000000,0.000000,3.000000,0.000000,0.166113,0.048237,0.021756,0.043052,-0.688924,0.000000,0.000000,1.000000,2.000000,0.592424,3.633216,4.912745,1.950176,4.912745,1.950176,0.183865,2.000000,1.000000
16850.000000,4.913314,1.950423,0.056881,0.024725,0.000000,2.000000,0.000000,3.000000,0.000000,0.177219,0.055084,0.021863,0.050559,-0.607562,0.000000,0.000000,1.000000,2.000000,0.592424,3.633216,4.913314,1.950423,4.913314,1.950423,0.183865,2.000000,1.000000
16860.000000,4.913959,1.950689,0.064479,0.026541,0.000000,2.000000,0.000000,3.000000,0.000000,0.159957,0.062022,0.023892,0.057236,-0.603889,0.000000,0.000000,1.000000,2.000000,0.592424,3.633216,4.913959,1.950689,4.913959,1.950689,0.183865,2.000000,1.000000
16870.000000,4.914658,1.950984,0.069849,0.029534,0.000000,2.000000,0.000000,3.000000,0.000000,0.198831,0.069728,0.025792,0.064782,-0.600260,0.000000,0.000000,1.000000,2.000000,0.592424,3.633216,4.914658,1.950984,4.914658,1.950984,0.183865,2.000000,1.000000
16880.000000,4.915451,1.951318,0.079344,0.033364,0.000000,2.000000,0.000000,3.000000,0.000000,0.197833,0.075836,0.028921,0.070105,-0.599679,0.000000,0.000000,1.000000,2.000000,0.592424,3.633216,4.915451,1.951318,4.915451,1.951318,0.183865,2.000000,1.000000
16890.000000,4.916365,1.951721,0.091355,0.040318,0.000000,2.000000,0.000000,3.000000,0.000000,0.175210,0.086073,0.032805,0.079577,-0.639306,0.000000,0.000000,1.000000,2.000000,0.592424,3.633216,4.916365,1.951721,4.916365,1.951721,0.183865,2.000000,1.000000
16900.000000,4.917373,1.952174,0.100782,0.045285,0.000000,2.000000,0.000000,3.000000,0.000000,0.168707,0.099857,0.039769,0.091596,-0.652432,0.000000,0.000000,1.000000,2.000000,0.592424,3.633216,4.917373,1.952174,4.917373,1.952174,0.183865,2.000000,1.000000
16910.000000,4.918411,1.952618,0.103798,0.044483,0.000000,2.000000,0.000000,3.000000,0.000000,0.168707,0.110489,0.044700,0.101043,-0.648199,0.000000,0.000000,1.000000,2.000000,0.592424,3.633216,4.918411,1.952618,4.918411,1.952618,0.183865,2.000000,1.000000
16920.000000,4.919495,1.953059,0.108378,0.044083,0.000000,2.000000,0.000000,3.000000,0.000000,0.164736,0.112928,0.043802,0.104087,-0.654712,0.000000,0.000000,1.000000,2.000000,0.592424,3.633216,4.919495,1.953059,4.919495,1.953059,0.183865,2.000000,1.000000
16930.000000,4.920551,1.953523,0.105679,0.046359,0.000000,2.000000,0.000000,3.000000,0.000000,0.140505,0.117000,0.043250,0.108713,-0.715602,0.000000,0.000000,1.000000,2.000000,0.592424,3.633216,4.920551,1.953523,4.920551,1.953523,0.183865,2.000000,1.000000
16940.000000,4.921565,1.954012,0.101314,0.048917,0.000000,2.000000,0.000000,3.000000,0.000000,0.115111,0.115400,0.045528,0.106039,-0.778856,0.000000,0.000000,1.000000,2.000000,0.592424,3.633216,4.921565,1.954012,4.921565,1.954012,0.183865,2.000000,1.000000
16950.000000,4.922531,1.954522,0.096624,0.051023,0.000000,2.000000,0.000000,3.000000,0.000000,0.099898,0.112505,0.048236,0.101640,-0.820031,0.000000,0.000000,1.000000,2.000000,0.592424,3.633216,4.922531,1.954522,4.922531,1.954522,0.183865,2.000000,1.000000
16960.000000,4.923461,1.955052,0.093068,0.052957,0.000000,2.000000,0.000000,3.000000,0.000000,0.086695,0.109268,0.050552,0.096871,-0.842917,0.000000,0.000000,1.000000,2.000000,0.592424,3.633216,4.923461,1.955052,4.923461,1.955052,0.183865,2.000000,1.000000
16970.000000,4.924322,1.955574,0.086056,0.052193,0.000000,2.000000,0.000000,3.000000,0.000000,0.062952,0.107080,0.052629,0.093254,-0.900116,0.000000,0.000000,1.000000,2.000000,0.592424,3.633216,4.924322,1.955574,4.924322,1.955574,0.183865,2.000000,1.000000
16980.000000,4.925091,1.956124,0.076891,0.055023,0.000000,2.000000,0.000000,3.000000,0.000000,0.031905,0.100646,0.051941,0.086208,-0.976024,0.000000,0.000000,1.000000,2.000000,0.592424,3.633216,4.925091,1.956124,4.925091,1.956124,0.183865,2.000000,1.000000
16990.000000,4.925804,1.956692,0.071233,0.056798,0.000000,2.000000,0.000000,3.000000,0.000000,0.030133,0.094550,0.054790,0.077057,-0.971331,0.000000,0.000000,1.000000,2.000000,0.592424,3.633216,4.925804,1.956692,4.925804,1.956692,0.183865,2.000000,1.000000
17000.000000,4.926447,1.957264,0.064304,0.057227,0.000000,2.000000,0.000000,3.000000,0.000000,0.032626,0.091105,0.056540,0.071438,-0.955174,0.000000,0.000000,1.000000,2.000000,0.592424,3.633216,4.926447,1.957264,4.926447,1.957264,0.183865,2.000000,1.000000
17010.000000,4.927048,1.957813,0.060092,0.054836,0.000000,2.000000,0.000000,3.000000,0.000000,0.053381,0.086081,0.056959,0.064541,-0.890110,0.000000,0.000000,1.000000,2.000000,0.592424,3.633216,4.927048,1.957813,4.927048,1.957813,0.183865,2.000000,1.000000
17020.000000,4.927602,1.958353,0.055454,0.053997,0.000000,2.000000,0.000000,3.000000,0.000000,0.053381,0.081352,0.054600,0.060307,-0.882249,0.000000,0.000000,1.000000,2.000000,0.592424,3.633216,4.927602,1.958353,4.927602,1.958353,0.183865,2.000000,1.000000
17030.000000,4.928094,1.958868,0.049144,0.051531,0.000000,2.000000,0.000000,3.000000,0.000000,0.053381,0.077400,0.053806,0.055639,-0.874525,0.000000,0.000000,1.000000,2.000000,0.592424,3.633216,4.928094,1.958868,4.928094,1.958868,0.183865,2.000000,1.000000
17040.000000,4.928546,1.959369,0.045230,0.050052,0.000000,2.000000,0.000000,3.000000,0.000000,0.044348,0.071208,0.051355,0.049327,-0.904795,0.000000,0.000000,1.000000,2.000000,0.592424,3.633216,4.928546,1.959369,4.928546,1.959369,0.183865,2.000000,1.000000
17050.000000,4.928967,1.959867,0.042103,0.049818,0.000000,2.000000,0.000000,3.000000,0.000000,0.041114,0.067460,0.049851,0.045451,-0.891931,0.000000,0.000000,1.000000,2.000000,0.592424,3.633216,4.928967,1.959867,4.928967,1.959867,0.183865,2.000000,1.000000
17060.000000,4.929356,1.960363,0.038825,0.049647,0.000000,2.000000,0.000000,3.000000,0.000000,0.104785,0.065227,0.049581,0.042382,-0.757433,0.000000,0.000000,1.000000,2.000000,0.592424,3.633216,4.929356,1.960363,4.929356,1.960363,0.183865,2.000000,1.000000
17070.000000,4.929710,1.960845,0.035480,0.048196,0.000000,2.000000,0.000000,3.000000,0.000000,0.104249,0.063025,0.049416,0.039119,-0.537241,0.000000,0.000000,1.000000,2.000000,0.592424,3.633216,4.929710,1.960845,4.929710,1.960845,0.183865,2.000000,1.000000
17080.000000,4.930161,1.961404,0.045104,0.055867,0.000000,2.000000,0.000000,3.000000,0.000000,0.105596,0.059847,0.048006,0.035737,-0.534367,0.000000,0.000000,1.000000,2.000000,0.592424,3.633216,4.930161,1.961404,4.930161,1.961404,0.183865,2.000000,1.000000
17090.000000,4.930760,1.962135,0.059852,0.073101,0.000000,2.000000,0.000000,3.000000,0.000000,0.105596,0.071802,0.055645,0.045378,-0.531524,0.000000,0.000000,1.000000,2.000000,0.592424,3.633216,4.930760,1.962135,4.930760,1.962135,0.183865,2.000000,1.000000
17100.000000,4.931250,1.962768,0.048961,0.063344,0.000000,2.000000,0.000000,3.000000,0.000000,0.083792,0.094477,0.072766,0.060259,-0.649663,0.000000,0.000000,1.000000,2.000000,0.592424,3.633216,4.931250,1.962768,4.931250,1.962768,0.183865,2.000000,1.000000
17110.000000,4.931618,1.963276,0.036793,0.050774,0.000000,2.000000,0.000000,3.000000,0.000000,0.097765,0.080060,0.062997,0.049406,-0.645466,0.000000,0.000000,1.000000,2.000000,0.592424,3.633216,4.931618,1.963276,4.931618,1.963276,0.183865,2.000000,1.000000
17120.000000,4.931870,1.963667,0.025255,0.039066,0.000000,2.000000,0.000000,3.000000,0.000000,0.097765,0.062704,0.050456,0.037228,-0.641322,0.000000,0.000000,1.000000,2.000000,0.592424,3.633216,4.931870,1.963667,4.931870,1.963667,0.183865,2.000000,1.000000
17130.000000,4.932025,1.963959,0.015458,0.029221,0.000000,2.000000,0.000000,3.000000,0.000000,0.097644,0.046519,0.038831,0.025615,-0.662259,0.000000,0.000000,1.000000,2.000000,0.592424,3.633216,4.932025,1.963959,4.932025,1.963959,0.183865,2.000000,1.000000
17140.000000,4.932025,1.963959,0.000000,0.000000,0.000000,2.000000,0.000000,3.000000,0.000000,0.054640,0.033057,0.029076,0.015728,-0.787886,0.000000,0.000000,1.000000,2.000000,0.592424,3.633216,4.932025,1.963959,4.932025,1.963959,0.183865,2.000000,1.000000
17150.000000,4.932025,1.963959,0.000000,0.000000,0.000000,2.000000,0.000000,3.000000,0.000000,0.054640,0.022080,0.020470,0.008278,-0.781721,0.000000,0.000000,1.000000,2.000000,0.592424,3.633216,4.932025,1.963959,4.932025,1.963959,0.183865,2.000000,1.000000
17160.000000,4.932025,1.963959,0.000000,0.000000,0.000000,2.000000,0.000000,3.000000,0.000000,0.046246,0.012290,0.011914,0.003015,-0.845438,0.000000,0.000000,1.000000,2.000000,0.592424,3.633216,4.932025,1.963959,4.932025,1.963959,0.183865,2.000000,1.000000
17170.000000,4.932025,1.963959,0.000000,0.000000,0.000000,2.000000,0.000000,3.000000,0.000000,0.052118,0.005357,0.005353,-0.000217,-0.810542,0.000000,0.000000,1.000000,2.000000,0.592424,3.633216,4.932025,1.963959,4.932025,1.963959,0.183865,2.000000,1.000000
17180.000000,4.932025,1.963959,0.000000,0.000000,0.000000,2.000000,0.000000,3.000000,0.000000,0.056050,0.001982,0.001978,-0.000133,-0.782179,0.000000,0.000000,1.000000,2.000000,0.592424,3.633216,4.932025,1.963959,4.932025,1.963959,0.183865,2.000000,1.000000
17190.000000,4.932025,1.963959,0.000000,0.000000,0.000000,2.000000,0.000000,3.000000,0.000000,0.056050,0.001074,-0.000748,-0.000771,-0.776103,0.000000,0.000000,1.000000,2.000000,0.592424,3.633216,4.932025,1.963959,4.932025,1.963959,0.183865,2.000000,1.000000
17200.000000,4.932025,1.963959,0.000000,0.000000,0.000000,2.000000,0.000000,3.000000,0.000000,0.048375,0.001830,-0.001768,-0.000473,-0.798345,0.000000,0.000000,1.000000,2.000000,0.592424,3.633216,4.932025,1.963959,4.932025,1.963959,0.183865,2.000000,1.000000
17210.000000,4.932025,1.963959,0.000000,0.000000,0.000000,2.000000,0.000000,3.000000,0.000000,0.021777,0.002412,-0.002394,-0.000291,-0.845711,0.000000,0.000000,1.000000,2.000000,0.592424,3.633216,4.932025,1.963959,4.932025,1.963959,0.183865,2.000000,1.000000
17220.000000,4.932025,1.963959,0.000000,0.000000,0.000000,2.000000,0.000000,3.000000,0.000000,0.049975,0.002185,-0.002124,0.000511,-0.758561,0.000000,0.000000,1.000000,2.000000,0.592424,3.633216,4.932025,1.963959,4.932025,1.963959,0.183865,2.000000,1.000000
17230.000000,4.932025,1.963959,0.000000,0.000000,0.000000,2.000000,0.000000,3.000000,0.000000,0.051862,0.001341,-0.001304,0.000314,-0.735381,0.000000,0.000000,1.000000,2.000000,0.592424,3.633216,4.932025,1.963959,4.932025,1.963959,0.183865,2.000000,1.000000
17240.000000,4.932025,1.963959,0.000000,0.000000,0.000000,2.000000,0.000000,3.000000,0.000000,0.051862,0.001537,-0.001455,-0.000497,-0.730007,0.000000,0.000000,1.000000,2.000000,0.592424,3.633216,4.932025,1.963959,4.932025,1.963959,0.183865,2.000000,1.000000
17250.000000,4.932025,1.963959,0.000000,0.000000,0.000000,2.000000,0.000000,3.000000,0.000000,0.042142,0.000944,-0.000893,-0.000305,-0.747762,0.000000,0.000000,1.000000,2.000000,0.592424,3.633216,4.932025,1.963959,4.932025,1.963959,0.183865,2.000000,1.000000
17260.000000,4.932025,1.963959,0.000000,0.000000,0.000000,2.000000,0.000000,3.000000,0.000000,0.023550,0.000580,-0.000549,-0.000187,-0.841114,0.000000,0.000000,1.000000,2.000000,0.592424,3.633216,4.932025,1.963959,4.932025,1.963959,0.183865,2.000000,1.000000
17270.000000,4.932025,1.963959,0.000000,0.000000,0.000000,2.000000,0.000000,3.000000,0.000000,0.026611,0.000356,-0.000337,-0.000115,-0.818662,0.000000,0.000000,1.000000,2.000000,0.592424,3.633216,4.932025,1.963959,4.932025,1.963959,0.183865,2.000000,1.000000
17280.000000,4.932025,1.963959,0.000000,0.000000,0.000000,2.000000,0.000000,3.000000,0.000000,0.026611,0.000219,-0.000207,-0.000071,-0.812008,0.000000,0.000000,1.000000,2.000000,0.592424,3.633216,4.932025,1.963959,4.932025,1.963959,0.183865,2.000000,1.000000
17290.000000,4.932025,1.963959,0.000000,0.000000,0.000000,2.000000,0.000000,3.000000,0.000000,0.025323,0.002020,-0.001435,-0.001422,-0.808659,0.000000,0.000000,1.000000,2.000000,0.592424,3.633216,4.932025,1.963959,4.932025,1.963959,0.183865,2.000000,1.000000
17300.000000,4.932025,1.963959,0.000000,0.000000,0.000000,2.000000,0.000000,3.000000,0.000000,0.012568,0.001241,-0.000881,-0.000873,-0.843043,0.000000,0.000000,1.000000,2.000000,0.592424,3.633216,4.932025,1.963959,4.932025,1.963959,0.183865,2.000000,1.000000
17310.000000,4.932025,1.963959,0.000000,0.000000,0.000000,2.000000,0.000000,3.000000,0.000000,0.014385,0.000762,-0.000541,-0.000536,-0.818443,0.000000,0.000000,1.000000,2.000000,0.592424,3.633216,4.932025,1.963959,4.932025,1.963959,0.183865,2.000000,1.000000
17320.000000,4.932025,1.963959,0.000000,0.000000,0.000000,2.000000,0.000000,3.000000,0.000000,0.014385,0.000468,-0.000332,-0.000329,-0.811792,0.000000,0.000000,1.000000,2.000000,0.592424,3.633216,4.932025,1.963959,4.932025,1.963959,0.183865,2.000000,1.000000
17330.000000,4.932025,1.963959,0.000000,0.000000,0.000000,2.000000,0.000000,3.000000,0.000000,0.014385,0.000287,-0.000204,-0.000202,-0.805249,0.000000,0.000000,1.000000,2.000000,0.592424,3.633216,4.932025,1.963959,4.932025,1.963959,0.183865,2.000000,1.000000
17340.000000,4.932025,1.963959,0.000000,0.000000,0.000000,2.000000,0.000000,3.000000,0.000000,0.010680,0.000176,-0.000125,-0.000124,-0.810337,0.000000,0.000000,1.000000,2.000000,0.592424,3.633216,4.932025,1.963959,4.932025,1.963959,0.183865,2.000000,1.000000
17350.000000,4.932025,1.963959,0.000000,0.000000,0.000000,2.000000,0.000000,3.000000,0.000000,0.011504,0.000108,-0.000077,-0.000076,-0.803515,0.000000,0.000000,1.000000,2.000000,0.592424,3.633216,4.932025,1.963959,4.932025,1.963959,0.183865,2.000000,1.000000
17360.000000,4.932025,1.963959,0.000000,0.000000,0.000000,2.000000,0.000000,3.000000,0.000000,0.011504,0.000066,-0.000047,-0.000047,-0.797104,0.000000,0.000000,1.000000,2.000000,0.592424,3.633216,4.932025,1.963959,4.932025,1.963959,0.183865,2.000000,1.000000
17370.000000,4.932025,1.963959,0.000000,0.000000,0.000000,2.000000,0.000000,3.000000,0.000000,0.011252,0.000041,-0.000029,-0.000029,-0.792122,0.000000,0.000000,1.000000,2.000000,0.592424,3.633216,4.932025,1.963959,4.932025,1.963959,0.183865,2.000000,1.000000
17380.000000,4.932025,1.963959,0.000000,0.000000,0.000000,2.000000,0.000000,3.000000,0.000000,0.008230,0.000025,-0.000018,-0.000018,-0.798224,0.000000,0.000000,1.000000,2.000000,0.592424,3.633216,4.932025,1.963959,4.932025,1.963959,0.183865,2.000000,1.000000
17390.000000,4.932025,1.963959,0.000000,0.000000,0.000000,2.000000,0.000000,3.000000,0.000000,0.008764,0.000015,-0.000011,-0.000011,-0.792061,0.000000,0.000000,1.000000,2.000000,0.592424,3.633216,4.932025,1.963959,4.932025,1.963959,0.183865,2.000000,1.000000
17400.000000,4.932025,1.963959,0.000000,0.000000,0.000000,2.000000,0.000000,3.000000,0.000000,0.008764,0.000009,-0.000007,-0.000007,-0.793943,0.000000,0.000000,1.000000,2.000000,0.592424,3.633216,4.932025,1.963959,4.932025,1.963959,0.183865,2.000000,1.000000
17410.000000,4.932025,1.963959,0.000000,0.000000,0.000000,2.000000,0.000000,3.000000,0.000000,0.008764,0.000006,-0.000004,-0.000004,-0.777382,0.000000,0.000000,1.000000,2.000000,0.592424,3.633216,4.932025,1.963959,4.932025,1.963959,0.183865,2.000000,1.000000
17420.000000,4.932025,1.963959,0.000000,0.000000,0.000000,2.000000,0.000000,3.000000,0.000000,0.007699,0.000004,-0.000003,-0.000003,-0.771380,0.000000,0.000000,1.000000,2.000000,0.592424,3.633216,4.932025,1.963959,4.932025,1.963959,0.183865,2.000000,1.000000
17430.000000,4.932025,1.963959,0.000000,0.000000,0.000000,2.000000,0.000000,3.000000,0.000000,0.007262,0.000002,-0.000002,-0.000002,-0.765993,0.000000,0.000000,1.000000,2.000000,0.592424,3.633216,4.932025,1.963959,4.932025,1.963959,0.183865,2.000000,1.000000
17440.000000,4.932025,1.963959,0.000000,0.000000,0.000000,2.000000,0.000000,3.000000,0.000000,0.007961,0.000001,-0.000001,-0.000001,-0.766450,0.000000,0.000000,1.000000,2.000000,0.592424,3.633216,4.932025,1.963959,4.932025,1.963959,0.183865,2.000000,1.000000
17450.000000,4.932025,1.963959,0.000000,0.000000,0.000000,2.000000,0.000000,3.000000,0.000000,0.007961,0.000001,-0.000001,-0.000001,-0.760614,0.000000,0.000000,1.000000,2.000000,0.592424,3.633216,4.932025,1.963959,4.932025,1.963959,0.183865,2.000000,1.000000
17460.000000,4.932025,1.963959,0.000000,0.000000,0.000000,2.000000,0.000000,3.000000,0.000000,0.007961,0.000001,-0.000000,-0.000000,-0.757031,0.000000,0.000000,1.000000,2.000000,0.592424,3.633216,4.932025,1.963959,4.932025,1.963959,0.183865,2.000000,1.000000
17470.000000,4.932025,1.963959,0.000000,0.000000,0.000000,2.000000,0.000000,3.000000,0.000000,0.007135,0.000000,-0.000000,-0.000000,-0.748889,0.000000,0.000000,1.000000,2.000000,0.592424,3.633216,4.932025,1.963959,4.932025,1.963959,0.183865,2.000000,1.000000
17480.000000,4.932025,1.963959,0.000000,0.000000,0.000000,2.000000,0.000000,3.000000,0.000000,0.006373,0.000000,-0.000000,-0.000000,-0.742618,0.000000,0.000000,1.000000,2.000000,0.592424,3.633216,4.932025,1.963959,4.932025,1.963959,0.183865,2.000000,1.000000
17490.000000,4.932025,1.963959,0.000000,0.000000,0.000000,2.000000,0.000000,3.000000,0.000000,0.006571,0.000000,-0.000000,-0.000000,-0.737139,0.000000,0.000000,1.000000,2.000000,0.592424,3.633216,4.932025,1.963959,4.932025,1.963959,0.183865,2.000000,1.000000
17500.000000,4.932025,1.963959,0.000000,0.000000,0.000000,2.000000,0.000000,3.000000,0.000000,0.006999,0.000000,-0.000000,-0.000000,-0.732538,0.000000,0.000000,1.000000,2.000000,0.592424,3.633216,4.932025,1.963959,4.932025,1.963959,0.183865,2.000000,1.000000
17510.000000,4.932025,1.963959,0.000000,0.000000,0.000000,2.000000,0.000000,3.000000,0.000000,0.007483,0.000000,-0.000000,-0.000000,-0.727873,0.000000,0.000000,1.000000,2.000000,0.592424,3.633216,4.932025,1.963959,4.932025,1.963959,0.183865,2.000000,1.000000
17520.000000,4.932025,1.963959,0.000000,0.000000,0.000000,2.000000,0.000000,3.000000,0.000000,0.007483,0.000000,-0.000000,-0.000000,-0.722608,0.000000,0.000000,1.000000,2.000000,0.592424,3.633216,4.932025,1.963959,4.932025,1.963959,0.183865,2.000000,1.000000
17530.000000,4.932025,1.963959,0.000000,0.000000,0.000000,2.000000,0.000000,3.000000,0.000000,0.006827,0.000000,-0.000000,-0.000000,-0.715084,0.000000,0.000000,1.000000,2.000000,0.592424,3.633216,4.932025,1.963959,4.932025,1.963959,0.183865,2.000000,1.000000
17540.000000,4.932025,1.963959,0.000000,0.000000,0.000000,2.000000,0.000000,3.000000,0.000000,0.006293,0.000000,-0.000000,-0.000000,-0.710001,0.000000,0.000000,1.000000,2.000000,0.592424,3.633216,4.932025,1.963959,4.932025,1.963959,0.183865,2.000000,1.000000
17550.000000,4.932025,1.963959,0.000000,0.000000,0.000000,2.000000,0.000000,3.000000,0.000000,0.005885,0.000000,-0.000000,-0.000000,-0.704991,0.000000,0.000000,1.000000,2.000000,0.592424,3.633216,4.932025,1.963959,4.932025,1.963959,0.183865,2.000000,1.000000
17560.000000,4.932025,1.963959,0.000000,0.000000,0.000000,2.000000,0.000000,3.000000,0.000000,0.005002,0.000000,-0.000000,-0.000000,-0.704760,0.000000,0.000000,1.000000,2.000000,0.592424,3.633216,4.932025,1.963959,4.932025,1.963959,0.183865,2.000000,1.000000
17570.000000,4.932025,1.963959,0.000000,0.000000,0.000000,2.000000,0.000000,3.000000,0.000000,0.004650,0.000000,-0.000000,-0.000000,-0.695940,0.000000,0.000000,1.000000,2.000000,0.592424,3.633216,4.932025,1.963959,4.932025,1.963959,0.183865,2.000000,1.000000
17580.000000,4.932025,1.963959,0.000000,0.000000,0.000000,2.000000,0.000000,3.000000,0.000000,0.004133,0.000000,-0.000000,-0.000000,-0.672774,0.000000,0.000000,1.000000,2.000000,0.592424,3.633216,4.932025,1.963959,4.932025,1.963959,0.183865,2.000000,1.000000
17590.000000,4.932025,1.963959,0.000000,0.000000,0.000000,2.000000,0.000000,3.000000,0.000000,0.003674,0.000000,-0.000000,-0.000000,-0.668274,0.000000,0.000000,1.000000,2.000000,0.592424,3.633216,4.932025,1.963959,4.932025,1.963959,0.183865,2.000000,1.000000
17600.000000,4.932025,1.963959,0.000000,0.000000,0.000000,2.000000,0.000000,3.000000,0.000000,0.003266,0.000000,-0.000000,-0.000000,-0.663833,0.000000,0.000000,1.000000,2.000000,0.592424,3.633216,4.932025,1.963959,4.932025,1.963959,0.183865,2.000000,1.000000
17610.000000,4.932025,1.963959,0.000000,0.000000,0.000000,2.000000,0.000000,3.000000,0.000000,0.002903,0.000000,-0.000000,-0.000000,-0.677090,0.000000,0.000000,1.000000,2.000000,0.592424,3.633216,4.932025,1.963959,4.932025,1.963959,0.183865,2.000000,1.000000
17620.000000,4.932025,1.963959,0.000000,0.000000,0.000000,2.000000,0.000000,3.000000,0.000000,0.007870,0.000950,-0.000654,-0.000689,-0.672532,0.000000,0.000000,1.000000,2.000000,0.592424,3.633216,4.932025,1.963959,4.932025,1.963959,0.183865,2.000000,1.000000
17630.000000,4.932025,1.963959,0.000000,0.000000,0.000000,2.000000,0.000000,3.000000,0.000000,0.007935,0.000584,-0.000402,-0.000423,-0.669477,0.000000,0.000000,1.000000,2.000000,0.592424,3.633216,4.932025,1.963959,4.932025,1.963959,0.183865,2.000000,1.000000
17640.000000,4.932025,1.963959,0.000000,0.000000,0.000000,2.000000,0.000000,3.000000,0.000000,0.004570,0.000358,-0.000247,-0.000260,-0.668439,0.000000,0.000000,1.000000,2.000000,0.592424,3.633216,4.932025,1.963959,4.932025,1.963959,0.183865,2.000000,1.000000
17650.000000,4.932025,1.963959,0.000000,0.000000,0.000000,2.000000,0.000000,3.000000,0.000000,0.001812,0.000220,-0.000151,-0.000160,-0.663996,0.000000,0.000000,1.000000,2.000000,0.592424,3.633216,4.932025,1.963959,4.932025,1.963959,0.183865,2.000000,1.000000
17660.000000,4.932025,1.963959,0.000000,0.000000,0.000000,2.000000,0.000000,3.000000,0.000000,0.001611,0.000135,-0.000093,-0.000098,-0.659612,0.000000,0.000000,1.000000,2.000000,0.592424,3.633216,4.932025,1.963959,4.932025,1.963959,0.183865,2.000000,1.000000
17670.000000,4.932025,1.963959,0.000000,0.000000,0.000000,2.000000,0.000000,3.000000,0.000000,0.001432,0.000083,-0.000057,-0.000060,-0.656885,0.000000,0.000000,1.000000,2.000000,0.592424,3.633216,4.932025,1.963959,4.932025,1.963959,0.183865,2.000000,1.000000
17680.000000,4.932025,1.963959,0.000000,0.000000,0.000000,2.000000,0.000000,3.000000,0.000000,0.001273,0.000051,-0.000035,-0.000037,-0.652594,0.000000,0.000000,1.000000,2.000000,0.592424,3.633216,4.932025,1.963959,4.932025,1.963959,0.183865,2.000000,1.000000
17690.000000,4.932025,1.963959,0.000000,0.000000,0.000000,2.000000,0.000000,3.000000,0.000000,0.001325,0.000031,-0.000022,-0.000023,-0.646755,0.000000,0.000000,1.000000,2.000000,0.592424,3.633216,4.932025,1.963959,4.932025,1.963959,0.183865,2.000000,1.000000
17700.000000,4.932025,1.963959,0.000000,0.000000,0.000000,2.000000,0.000000,3.000000,0.000000,0.001376,0.000019,-0.000013,-0.000014,-0.642595,0.000000,0.000000,1.000000,2.000000,0.592424,3.633216,4.932025,1.963959,4.932025,1.963959,0.183865,2.000000,1.000000
17710.000000,4.932025,1.963959,0.000000,0.000000,0.000000,2.000000,0.000000,3.000000,0.000000,0.001345,0.000012,-0.000008,-0.000009,-0.641871,0.000000,0.000000,1.000000,2.000000,0.592424,3.633216,4.932025,1.963959,4.932025,1.963959,0.183865,2.000000,1.000000
17720.000000,4.932025,1.963959,0.000000,0.000000,0.000000,2.000000,0.000000,3.000000,0.000000,0.001270,0.000007,-0.000005,-0.000005,-0.635785,0.000000,0.000000,1.000000,2.000000,0.592424,3.633216,4.932025,1.963959,4.932025,1.963959,0.183865,2.000000,1.000000
17730.000000,4.932025,1.963959,0.000000,0.000000,0.000000,2.000000,0.000000,3.000000,0.000000,0.001175,0.000004,-0.000003,-0.000003,-0.628477,0.000000,0.000000,1.000000,2.000000,0.592424,3.633216,4.932025,1.963959,4.932025,1.963959,0.183865,2.000000,1.000000
17740.000000,4.932025,1.963959,0.000000,0.000000,0.000000,2.000000,0.000000,3.000000,0.000000,0.001072,0.000003,-0.000002,-0.000002,-0.622789,0.000000,0.000000,1.000000,2.000000,0.592424,3.633216,4.932025,1.963959,4.932025,1.963959,0.183865,2.000000,1.000000
17750.000000,4.932025,1.963959,0.000000,0.000000,0.000000,2.000000,0.000000,3.000000,0.000000,0.000970,0.000002,-0.000001,-0.000001,-0.618931,0.000000,0.000000,1.000000,2.000000,0.592424,3.633216,4.932025,1.963959,4.932025,1.963959,0.183865,2.000000,1.000000
17760.000000,4.932025,1.963959,0.000000,0.000000,0.000000,2.000000,0.000000,3.000000,0.000000,0.000873,0.000001,-0.000001,-0.000001,-0.617713,0.000000,0.000000,1.000000,2.000000,0.592424,3.633216,4.932025,1.963959,4.932025,1.963959,0.183865,2.000000,1.000000
17770.000000,4.932025,1.963959,0.000000,0.000000,0.000000,2.000000,0.000000,3.000000,0.000000,0.000783,0.000001,-0.000000,-0.000000,-0.611886,0.000000,0.000000,1.000000,2.000000,0.592424,3.633216,4.932025,1.963959,4.932025,1.963959,0.183865,2.000000,1.000000
17780.000000,4.932025,1.963959,0.000000,0.000000,0.000000,2.000000,0.000000,3.000000,0.000000,0.000700,0.000000,-0.000000,-0.000000,-0.608161,0.000000,0.000000,1.000000,2.000000,0.592424,3.633216,4.932025,1.963959,4.932025,1.963959,0.183865,2.000000,1.000000
17790.000000,4.932025,1.963959,0.000000,0.000000,0.000000,2.000000,0.000000,3.000000,0.000000,0.000624,0.000000,-0.000000,-0.000000,-0.606310,0.000000,0.000000,1.000000,2.000000,0.592424,3.633216,4.932025,1.963959,4.932025,1.963959,0.183865,2.000000,1.000000
17800.000000,4.932025,1.963959,0.000000,0.000000,0.000000,2.000000,0.000000,3.000000,0.000000,0.000557,0.000000,-0.000000,-0.000000,-0.599160,0.000000,0.000000,1.000000,2.000000,0.592424,3.633216,4.932025,1.963959,4.932025,1.963959,0.183865,2.000000,1.000000
17810.000000,4.932025,1.963959,0.000000,0.000000,0.000000,2.000000,0.000000,3.000000,0.000000,0.000496,0.000000,-0.000000,-0.000000,-0.595588,0.000000,0.000000,1.000000,2.000000,0.592424,3.633216,4.932025,1.963959,4.932025,1.963959,0.183865,2.000000,1.000000
17820.000000,4.932025,1.963959,0.000000,0.000000,0.000000,2.000000,0.000000,3.000000,0.000000,0.000441,0.000000,-0.000000,-0.000000,-0.594818,0.000000,0.000000,1.000000,2.000000,0.592424,3.633216,4.932025,1.963959,4.932025,1.963959,0.183865,2.000000,1.000000
17830.000000,4.932025,1.963959,0.000000,0.000000,0.000000,2.000000,0.000000,3.000000,0.000000,0.000392,0.000000,-0.000000,-0.000000,-0.592409,0.000000,0.000000,1.000000,2.000000,0.592424,3.633216,4.932025,1.963959,4.932025,1.963959,0.183865,2.000000,1.000000
17840.000000,4.932025,1.963959,0.000000,0.000000,0.000000,2.000000,0.000000,3.000000,0.000000,0.000349,0.000000,-0.000000,-0.000000,-0.583358,0.000000,0.000000,1.000000,2.000000,0.592424,3.633216,4.932025,1.963959,4.932025,1.963959,0.183865,2.000000,1.000000
17850.000000,4.932025,1.963959,0.000000,0.000000,0.000000,2.000000,0.000000,3.000000,0.000000,0.000310,0.000000,-0.000000,-0.000000,-0.579972,0.000000,0.000000,1.000000,2.000000,0.592424,3.633216,4.932025,1.963959,4.932025,1.963959,0.183865,2.000000,1.000000
17860.000000,4.932025,1.963959,0.000000,0.000000,0.000000,2.000000,0.000000,3.000000,0.000000,0.000276,0.000000,-0.000000,-0.000000,-0.577900,0.000000,0.000000,1.000000,2.000000,0.592424,3.633216,4.932025,1.963959,4.932025,1.963959,0.183865,2.000000,1.000000
17870.000000,4.932025,1.963959,0.000000,0.000000,0.000000,2.000000,0.000000,3.000000,0.000000,0.000245,0.000000,-0.000000,-0.000000,-0.578083,0.000000,0.000000,1.000000,2.000000,0.592424,3.633216,4.932025,1.963959,4.932025,1.963959,0.183865,2.000000,1.000000
17880.000000,4.932025,1.963959,0.000000,0.000000,0.000000,2.000000,0.000000,3.000000,0.000000,0.000218,0.000000,-0.000000,-0.000000,-0.574757,0.000000,0.000000,1.000000,2.000000,0.592424,3.633216,4.932025,1.963959,4.932025,1.963959,0.183865,2.000000,1.000000
17890.000000,4.932025,1.963959,0.000000,0.000000,0.000000,2.000000,0.000000,3.000000,0.000000,0.000194,0.000000,-0.000000,-0.000000,-0.564715,0.000000,0.000000,1.000000,2.000000,0.592424,3.633216,4.932025,1.963959,4.932025,1.963959,0.183865,2.000000,1.000000
17900.000000,4.932025,1.963959,0.000000,0.000000,0.000000,2.000000,0.000000,3.000000,0.000000,0.000172,0.000000,-0.000000,-0.000000,-0.561541,0.000000,0.000000,1.000000,2.000000,0.592424,3.633216,4.932025,1.963959,4.932025,1.963959,0.183865,2.000000,1.000000
17910.000000,4.932025,1.963959,0.000000,0.000000,0.000000,2.000000,0.000000,3.000000,0.000000,0.000153,0.000000,-0.000000,-0.000000,-0.558402,0.000000,0.000000,1.000000,2.000000,0.592424,3.633216,4.932025,1.963959,4.932025,1.963959,0.183865,2.000000,1.000000
17920.000000,4.932025,1.963959,0.000000,0.000000,0.000000,2.000000,0.000000,3.000000,0.000000,0.000136,0.000000,-0.000000,-0.000000,-0.569154,0.000000,0.000000,1.000000,2.000000,0.592424,3.633216,4.932025,1.963959,4.932025,1.963959,0.183865,2.000000,1.000000
17930.000000,4.932025,1.963959,0.000000,0.000000,0.000000,2.000000,0.000000,3.000000,0.000000,0.000121,0.000000,-0.000000,-0.000000,-0.564984,0.000000,0.000000,1.000000,2.000000,0.592424,3.633216,4.932025,1.963959,4.932025,1.963959,0.183865,2.000000,1.000000
17940.000000,4.932025,1.963959,0.000000,0.000000,0.000000,2.000000,0.000000,3.000000,0.000000,0.000108,0.000000,-0.000000,-0.000000,-0.558075,0.000000,0.000000,1.000000,2.000000,0.592424,3.633216,4.932025,1.963959,4.932025,1.963959,0.183865,2.000000,1.000000
17950.000000,4.932025,1.963959,0.000000,0.000000,0.000000,2.000000,0.000000,3.000000,0.000000,0.000096,0.000000,-0.000000,-0.000000,-0.549003,0.000000,0.000000,1.000000,2.000000,0.592424,3.633216,4.932025,1.963959,4.932025,1.963959,0.183865,2.000000,1.000000
17960.000000,4.932025,1.963959,0.000000,0.000000,0.000000,2.000000,0.000000,3.000000,0.000000,0.000085,0.000000,-0.000000,-0.000000,-0.546002,0.000000,0.000000,1.000000,2.000000,0.592424,3.633216,4.932025,1.963959,4.932025,1.963959,0.183865,2.000000,1.000000
17970.000000,4.932025,1.963959,0.000000,0.000000,0.000000,2.000000,0.000000,3.000000,0.000000,0.000076,0.000000,-0.000000,-0.000000,-0.543034,0.000000,0.000000,1.000000,2.000000,0.592424,3.633216,4.932025,1.963959,4.932025,1.963959,0.183865,2.000000,1.000000
17980.000000,4.932025,1.963959,0.000000,0.000000,0.000000,2.000000,0.000000,3.000000,0.000000,0.000067,0.000000,-0.000000,-0.000000,-0.543732,0.000000,0.000000,1.000000,2.000000,0.592424,3.633216,4.932025,1.963959,4.932025,1.963959,0.183865,2.000000,1.000000
17990.000000,4.932025,1.963959,0.000000,0.000000,0.000000,2.000000,0.000000,3.000000,0.000000,0.000060,0.000000,-0.000000,-0.000000,-0.543633,0.000000,0.000000,1.000000,2.000000,0.592424,3.633216,4.932025,1.963959,4.932025,1.963959,0.183865,2.000000,1.000000
18000.000000,4.932025,1.963959,0.000000,0.000000,0.000000,2.000000,0.000000,3.000000,0.000000,0.000053,0.000000,-0.000000,-0.000000,-0.540691,0.000000,0.000000,1.000000,2.000000,0.592424,3.633216,4.932025,1.963959,4.932025,1.963959,0.183865,2.000000,1.000000
18010.000000,4.932025,1.963959,0.000000,0.000000,0.000000,2.000000,0.000000,3.000000,0.000000,0.000047,0.000000,-0.000000,-0.000000,-0.541726,0.000000,0.000000,1.000000,2.000000,0.592424,3.633216,4.932025,1.963959,4.932025,1.963959,0.183865,2.000000,1.000000
18020.000000,4.932025,1.963959,0.000000,0.000000,0.000000,2.000000,0.000000,3.000000,0.000000,0.000042,0.000000,-0.000000,-0.000000,-0.536130,0.000000,0.000000,1.000000,2.000000,0.592424,3.633216,4.932025,1.963959,4.932025,1.963959,0.183865,2.000000,1.000000
18030.000000,4.932025,1.963959,0.000000,0.000000,0.000000,2.000000,0.000000,3.000000,0.000000,0.000037,0.000000,-0.000000,-0.000000,-0.533268,0.000000,0.000000,1.000000,2.000000,0.592424,3.633216,4.932025,1.963959,4.932025,1.963959,0.183865,2.000000,1.000000
18040.000000,4.932025,1.963959,0.000000,0.000000,0.000000,2.000000,0.000000,3.000000,0.000000,0.000033,0.000000,-0.000000,-0.000000,-0.530437,0.000000,0.000000,1.000000,2.000000,0.592424,3.633216,4.932025,1.963959,4.932025,1.963959,0.183865,2.000000,1.000000
18050.000000,4.932025,1.963959,0.000000,0.000000,0.000000,2.000000,0.000000,3.000000,0.000000,0.000029,0.000000,-0.000000,-0.000000,-0.528374,0.000000,0.000000,1.000000,2.000000,0.592424,3.633216,4.932025,1.963959,4.932025,1.963959,0.183865,2.000000,1.000000
18060.000000,4.932025,1.963959,0.000000,0.000000,0.000000,2.000000,0.000000,3.000000,0.000000,0.000026,0.000000,-0.000000,-0.000000,-0.524570,0.000000,0.000000,1.000000,2.000000,0.592424,3.633216,4.932025,1.963959,4.932025,1.963959,0.183865,2.000000,1.000000
18070.000000,4.932025,1.963959,0.000000,0.000000,0.000000,2.000000,0.000000,3.000000,0.000000,0.000023,0.000000,-0.000000,-0.000000,-0.521830,0.000000,0.000000,1.000000,2.000000,0.592424,3.633216,4.932025,1.963959,4.932025,1.963959,0.183865,2.000000,1.000000
18080.000000,4.932025,1.963959,0.000000,0.000000,0.000000,2.000000,0.000000,3.000000,0.000000,0.000021,0.000000,-0.000000,-0.000000,-0.517651,0.000000,0.000000,1.000000,2.000000,0.592424,3.633216,4.932025,1.963959,4.932025,1.963959,0.183865,2.000000,1.000000
18090.000000,4.932025,1.963959,0.000000,0.000000,0.000000,2.000000,0.000000,3.000000,0.000000,0.000018,0.000000,-0.000000,-0.000000,-0.514983,0.000000,0.000000,1.000000,2.000000,0.592424,3.633216,4.932025,1.963959,4.932025,1.963959,0.183865,2.000000,1.000000
18100.000000,4.932025,1.963959,0.000000,0.000000,0.000000,2.000000,0.000000,3.000000,0.000000,0.000016,0.000000,-0.000000,-0.000000,-0.511705,0.000000,0.000000,1.000000,2.000000,0.592424,3.633216,4.932025,1.963959,4.932025,1.963959,0.183865,2.000000,1.000000
18110.000000,4.932025,1.963959,0.000000,0.000000,0.000000,2.000000,0.000000,3.000000,0.000000,0.000015,0.000000,-0.000000,-0.000000,-0.507381,0.000000,0.000000,1.000000,2.000000,0.592424,3.633216,4.932025,1.963959,4.932025,1.963959,0.183865,2.000000,1.000000
18120.000000,4.932025,1.963959,0.000000,0.000000,0.000000,2.000000,0.000000,3.000000,0.000000,0.000013,0.000000,-0.000000,-0.000000,-0.504308,0.000000,0.000000,1.000000,2.000000,0.592424,3.633216,4.932025,1.963959,4.932025,1.963959,0.183865,2.000000,1.000000
18130.000000,4.932025,1.963959,0.000000,0.000000,0.000000,2.000000,0.000000,3.000000,0.000000,0.000011,0.000000,-0.000000,-0.000000,-0.501775,0.000000,0.000000,1.000000,2.000000,0.592424,3.633216,4.932025,1.963959,4.932025,1.963959,0.183865,2.000000,1.000000
18140.000000,4.932025,1.963959,0.000000,0.000000,0.000000,2.000000,0.000000,3.000000,0.000000,0.000010,0.000000,-0.000000,-0.000000,-0.499946,0.000000,0.000000,1.000000,2.000000,0.592424,3.633216,4.932025,1.963959,4.932025,1.963959,0.183865,2.000000,1.000000
18150.000000,4.932025,1.963959,0.000000,0.000000,0.000000,2.000000,0.000000,3.000000,0.000000,0.000009,0.000000,-0.000000,-0.000000,-0.499949,0.000000,0.000000,1.000000,2.000000,0.592424,3.633216,4.932025,1.963959,4.932025,1.963959,0.183865,2.000000,1.000000
18160.000000,4.932025,1.963959,0.000000,0.000000,0.000000,2.000000,0.000000,3.000000,0.000000,0.000008,0.000000,-0.000000,-0.000000,-0.502814,0.000000,0.000000,1.000000,2.000000,0.592424,3.633216,4.932025,1.963959,4.932025,1.963959,0.183865,2.000000,1.000000
18170.000000,4.932025,1.963959,0.000000,0.000000,0.000000,2.000000,0.000000,3.000000,0.000000,0.000007,0.000000,-0.000000,-0.000000,-0.500296,0.000000,0.000000,1.000000,2.000000,0.592424,3.633216,4.932025,1.963959,4.932025,1.963959,0.183865,2.000000,1.000000
18180.000000,4.932025,1.963959,0.000000,0.000000,0.000000,2.000000,0.000000,3.000000,0.000000,0.000006,0.000000,-0.000000,-0.000000,-0.494523,0.000000,0.000000,1.000000,2.000000,0.592424,3.633216,4.932025,1.963959,4.932025,1.963959,0.183865,2.000000,1.000000
18190.000000,4.932025,1.963959,0.000000,0.000000,0.000000,2.000000,0.000000,3.000000,0.000000,0.000006,0.000000,-0.000000,-0.000000,-0.492087,0.000000,0.000000,1.000000,2.000000,0.592424,3.633216,4.932025,1.963959,4.932025,1.963959,0.183865,2.000000,1.000000
18200.000000,4.932025,1.963959,0.000000,0.000000,0.000000,2.000000,0.000000,3.000000,0.000000,0.000005,0.000000,-0.000000,-0.000000,-0.488899,0.000000,0.000000,1.000000,2.000000,0.592424,3.633216,4.932025,1.963959,4.932025,1.963959,0.183865,2.000000,1.000000
18210.000000,4.932025,1.963959,0.000000,0.000000,0.000000,2.000000,0.000000,3.000000,0.000000,0.000004,0.000000,-0.000000,-0.000000,-0.485122,0.000000,0.000000,1.000000,2.000000,0.592424,3.633216,4.932025,1.963959,4.932025,1.963959,0.183865,2.000000,1.000000
18220.000000,4.932025,1.963959,0.000000,0.000000,0.000000,2.000000,0.000000,3.000000,0.000000,0.000004,0.000000,-0.000000,-0.000000,-0.481945,0.000000,0.000000,1.000000,2.000000,0.592424,3.633216,4.932025,1.963959,4.932025,1.963959,0.183865,2.000000,1.000000
18230.000000,4.932025,1.963959,0.000000,0.000000,0.000000,2.000000,0.000000,3.000000,0.000000,0.000004,0.000000,-0.000000,-0.000000,-0.477327,0.000000,0.000000,1.000000,2.000000,0.592424,3.633216,4.932025,1.963959,4.932025,1.963959,0.183865,2.000000,1.000000
18240.000000,4.932025,1.963959,0.000000,0.000000,0.000000,2.000000,0.000000,3.000000,0.000000,0.000003,0.000000,-0.000000,-0.000000,-0.473421,0.000000,0.000000,1.000000,2.000000,0.592424,3.633216,4.932025,1.963959,4.932025,1.963959,0.183865,2.000000,1.000000
18250.000000,4.932025,1.963959,0.000000,0.000000,0.000000,2.000000,0.000000,3.000000,0.000000,0.000003,0.000000,-0.000000,-0.000000,-0.471189,0.000000,0.000000,1.000000,2.000000,0.592424,3.633216,4.932025,1.963959,4.932025,1.963959,0.183865,2.000000,1.000000
18260.000000,4.932025,1.963959,0.000000,0.000000,0.000000,2.000000,0.000000,3.000000,0.000000,0.000002,0.000000,-0.000000,-0.000000,-0.469703,0.000000,0.000000,1.000000,2.000000,0.592424,3.633216,4.932025,1.963959,4.932025,1.963959,0.183865,2.000000,1.000000
18270.000000,4.932025,1.963959,0.000000,0.000000,0.000000,2.000000,0.000000,3.000000,0.000000,0.000002,0.000000,-0.000000,-0.000000,-0.471739,0.000000,0.000000,1.000000,2.000000,0.592424,3.633216,4.932025,1.963959,4.932025,1.963959,0.183865,2.000000,1.000000
18280.000000,4.932025,1.963959,0.000000,0.000000,0.000000,2.000000,0.000000,3.000000,0.000000,0.000002,0.000000,-0.000000,-0.000000,-0.469965,0.000000,0.000000,1.000000,2.000000,0.592424,3.633216,4.932025,1.963959,4.932025,1.963959,0.183865,2.000000,1.000000
18290.000000,4.932025,1.963959,0.000000,0.000000,0.000000,2.000000,0.000000,3.000000,0.000000,0.000002,0.000000,-0.000000,-0.000000,-0.466358,0.000000,0.000000,1.000000,2.000000,0.592424,3.633216,4.932025,1.963959,4.932025,1.963959,0.183865,2.000000,1.000000
18300.000000,4.932025,1.963959,0.000000,0.000000,0.000000,2.000000,0.000000,3.000000,0.000000,0.000002,0.000000,-0.000000,-0.000000,-0.462644,0.000000,0.000000,1.000000,2.000000,0.592424,3.633216,4.932025,1.963959,4.932025,1.963959,0.183865,2.000000,1.000000
18310.000000,4.932025,1.963959,0.000000,0.000000,0.000000,2.000000,0.000000,3.000000,0.000000,0.000001,0.000000,-0.000000,-0.000000,-0.460511,0.000000,0.000000,1.000000,2.000000,0.592424,3.633216,4.932025,1.963959,4.932025,1.963959,0.183865,2.000000,1.000000
18320.000000,4.932025,1.963959,0.000000,0.000000,0.000000,2.000000,0.000000,3.000000,0.000000,0.000001,0.000000,-0.000000,-0.000000,-0.458964,0.000000,0.000000,1.000000,2.000000,0.592424,3.633216,4.932025,1.963959,4.932025,1.963959,0.183865,2.000000,1.000000
18330.000000,4.932025,1.963959,0.000000,0.000000,0.000000,2.000000,0.000000,3.000000,0.000000,0.000001,0.000000,-0.000000,-0.000000,-0.459844,0.000000,0.000000,1.000000,2.000000,0.592424,3.633216,4.932025,1.963959,4.932025,1.963959,0.183865,2.000000,1.000000
18340.000000,4.932025,1.963959,0.000000,0.000000,0.000000,2.000000,0.000000,3.000000,0.000000,0.000001,0.000000,-0.000000,-0.000000,-0.457737,0.000000,0.000000,1.000000,2.000000,0.592424,3.633216,4.932025,1.963959,4.932025,1.963959,0.183865,2.000000,1.000000
18350.000000,4.932025,1.963959,0.000000,0.000000,0.000000,2.000000,0.000000,3.000000,0.000000,0.000001,0.000000,-0.000000,-0.000000,-0.457077,0.000000,0.000000,1.000000,2.000000,0.592424,3.633216,4.932025,1.963959,4.932025,1.963959,0.183865,2.000000,1.000000
18360.000000,4.932025,1.963959,0.000000,0.000000,0.000000,2.000000,0.000000,3.000000,0.000000,0.000001,0.000000,-0.000000,-0.000000,-0.459815,0.000000,0.000000,1.000000,2.000000,0.592424,3.633216,4.932025,1.963959,4.932025,1.963959,0.183865,2.000000,1.000000
18370.000000,4.932025,1.963959,0.000000,0.000000,0.000000,2.000000,0.000000,3.000000,0.000000,0.000001,0.000000,-0.000000,-0.000000,-0.455933,0.000000,0.000000,1.000000,2.000000,0.592424,3.633216,4.932025,1.963959,4.932025,1.963959,0.183865,2.000000,1.000000
18380.000000,4.932025,1.963959,0.000000,0.000000,0.000000,2.000000,0.000000,3.000000,0.000000,0.000001,0.000000,-0.000000,-0.000000,-0.451808,0.000000,0.000000,1.000000,2.000000,0.592424,3.633216,4.932025,1.963959,4.932025,1.963959,0.183865,2.000000,1.000000
18390.000000,4.932025,1.963959,0.000000,0.000000,0.000000,2.000000,0.000000,3.000000,0.000000,0.000001,0.000000,-0.000000,-0.000000,-0.444594,0.000000,0.000000,1.000000,2.000000,0.592424,3.633216,4.932025,1.963959,4.932025,1.963959,0.183865,2.000000,1.000000
18400.000000,4.932025,1.963959,0.000000,0.000000,0.000000,2.000000,0.000000,3.000000,0.000000,0.000000,0.000000,-0.000000,-0.000000,-0.442624,0.000000,0.000000,1.000000,2.000000,0.592424,3.633216,4.932025,1.963959,4.932025,1.963959,0.183865,2.000000,1.000000
18410.000000,4.932025,1.963959,0.000000,0.000000,0.000000,2.000000,0.000000,3.000000,0.000000,0.000000,0.000000,-0.000000,-0.000000,-0.440672,0.000000,0.000000,1.000000,2.000000,0.592424,3.633216,4.932025,1.963959,4.932025,1.963959,0.183865,2.000000,1.000000
18420.000000,4.932025,1.963959,0.000000,0.000000,0.000000,2.000000,0.000000,3.000000,0.000000,0.000000,0.000000,-0.000000,-0.000000,-0.443568,0.000000,0.000000,1.000000,2.000000,0.592424,3.633216,4.932025,1.963959,4.932025,1.963959,0.183865,2.000000,1.000000
18430.000000,4.932025,1.963959,0.000000,0.000000,0.000000,2.000000,0.000000,3.000000,0.000000,0.000000,0.000000,-0.000000,-0.000000,-0.441608,0.000000,0.000000,1.000000,2.000000,0.592424,3.633216,4.932025,1.963959,4.932025,1.963959,0.183865,2.000000,1.000000
18440.000000,4.932025,1.963959,0.000000,0.000000,0.000000,2.000000,0.000000,3.000000,0.000000,0.000000,0.000000,-0.000000,-0.000000,-0.440517,0.000000,0.000000,1.000000,2.000000,0.592424,3.633216,4.932025,1.963959,4.932025,1.963959,0.183865,2.000000,1.000000
18450.000000,4.932025,1.963959,0.000000,0.000000,0.000000,2.000000,0.000000,3.000000,0.000000,0.000000,0.000000,-0.000000,-0.000000,-0.432295,0.000000,0.000000,1.000000,2.000000,0.592424,3.633216,4.932025,1.963959,4.932025,1.963959,0.183865,2.000000,1.000000
18460.000000,4.932025,1.963959,0.000000,0.000000,0.000000,2.000000,0.000000,3.000000,0.000000,0.000000,0.000000,-0.000000,-0.000000,-0.430188,0.000000,0.000000,1.000000,2.000000,0.592424,3.633216,4.932025,1.963959,4.932025,1.963959,0.183865,2.000000,1.000000
18470.000000,4.932025,1.963959,0.000000,0.000000,0.000000,2.000000,0.000000,3.000000,0.000000,0.000000,0.000000,-0.000000,-0.000000,-0.428343,0.000000,0.000000,1.000000,2.000000,0.592424,3.633216,4.932025,1.963959,4.932025,1.963959,0.183865,2.000000,1.000000
18480.000000,4.932025,1.963959,0.000000,0.000000,0.000000,2.000000,0.000000,3.000000,0.000000,0.000000,0.000000,-0.000000,-0.000000,-0.426894,0.000000,0.000000,1.000000,2.000000,0.592424,3.633216,4.932025,1.963959,4.932025,1.963959,0.183865,2.000000,1.000000
18490.000000,4.932025,1.963959,0.000000,0.000000,0.000000,2.000000,0.000000,3.000000,0.000000,0.000000,0.000000,-0.000000,-0.000000,-0.424826,0.000000,0.000000,1.000000,2.000000,0.592424,3.633216,4.932025,1.963959,4.932025,1.963959,0.183865,2.000000,1.000000
18500.000000,4.932025,1.963959,0.000000,0.000000,0.000000,2.000000,0.000000,3.000000,0.000000,0.000000,0.000000,-0.000000,-0.000000,-0.422820,0.000000,0.000000,1.000000,2.000000,0.592424,3.633216,4.932025,1.963959,4.932025,1.963959,0.183865,2.000000,1.000000
18510.000000,4.932025,1.963959,0.000000,0.000000,0.000000,2.000000,0.000000,3.000000,0.000000,0.000000,0.000000,-0.000000,-0.000000,-0.421038,0.000000,0.000000,1.000000,2.000000,0.592424,3.633216,4.932025,1.963959,4.932025,1.963959,0.183865,2.000000,1.000000
18520.000000,4.932025,1.963959,0.000000,0.000000,0.000000,2.000000,0.000000,3.000000,0.000000,0.000000,0.000000,-0.000000,-0.000000,-0.420693,0.000000,0.000000,1.000000,2.000000,0.592424,3.633216,4.932025,1.963959,4.932025,1.963959,0.183865,2.000000,1.000000
18530.000000,4.932025,1.963959,0.000000,0.000000,0.000000,2.000000,0.000000,3.000000,0.000000,0.000000,0.000000,-0.000000,-0.000000,-0.418929,0.000000,0.000000,1.000000,2.000000,0.592424,3.633216,4.932025,1.963959,4.932025,1.963959,0.183865,2.000000,1.000000
18540.000000,4.932025,1.963959,0.000000,0.000000,0.000000,2.000000,0.000000,3.000000,0.000000,0.000000,0.000000,-0.000000,-0.000000,-0.415910,0.000000,0.000000,1.000000,2.000000,0.592424,3.633216,4.932025,1.963959,4.932025,1.963959,0.183865,2.000000,1.000000
18550.000000,4.932025,1.963959,0.000000,0.000000,0.000000,2.000000,0.000000,3.000000,0.000000,0.000000,0.000000,-0.000000,-0.000000,-0.414186,0.000000,0.000000,1.000000,2.000000,0.592424,3.633216,4.932025,1.963959,4.932025,1.963959,0.183865,2.000000,1.000000
18560.000000,4.932025,1.963959,0.000000,0.000000,0.000000,2.000000,0.000000,3.000000,0.000000,0.000000,0.000000,-0.000000,-0.000000,-0.412475,0.000000,0.000000,1.000000,2.000000,0.592424,3.633216,4.932025,1.963959,4.932025,1.963959,0.183865,2.000000,1.000000
18570.000000,4.932025,1.963959,0.000000,0.000000,0.000000,2.000000,0.000000,3.000000,0.000000,0.000000,0.000000,-0.000000,-0.000000,-0.416823,0.000000,0.000000,1.000000,2.000000,0.592424,3.633216,4.932025,1.963959,4.932025,1.963959,0.183865,2.000000,1.000000
18580.000000,4.932025,1.963959,0.000000,0.000000,0.000000,2.000000,0.000000,3.000000,0.000000,0.000000,0.000000,-0.000000,-0.000000,-0.408793,0.000000,0.000000,1.000000,2.000000,0.592424,3.633216,4.932025,1.963959,4.932025,1.963959,0.183865,2.000000,1.000000
18590.000000,4.932025,1.963959,0.000000,0.000000,0.000000,2.000000,0.000000,3.000000,0.000000,0.000000,0.000000,-0.000000,-0.000000,-0.407127,0.000000,0.000000,1.000000,2.000000,0.592424,3.633216,4.932025,1.963959,4.932025,1.963959,0.183865,2.000000,1.000000
18600.000000,4.932025,1.963959,0.000000,0.000000,0.000000,2.000000,0.000000,3.000000,0.000000,0.000000,0.000000,-0.000000,-0.000000,-0.406093,0.000000,0.000000,1.000000,2.000000,0.592424,3.633216,4.932025,1.963959,4.932025,1.963959,0.183865,2.000000,1.000000
18610.000000,4.932025,1.963959,0.000000,0.000000,0.000000,2.000000,0.000000,3.000000,0.000000,0.000000,0.000000,-0.000000,-0.000000,-0.404449,0.000000,0.000000,1.000000,2.000000,0.592424,3.633216,4.932025,1.963959,4.932025,1.963959,0.183865,2.000000,1.000000
18620.000000,4.932025,1.963959,0.000000,0.000000,0.000000,2.000000,0.000000,3.000000,0.000000,0.000000,0.000000,-0.000000,-0.000000,-0.402818,0.000000,0.000000,1.000000,2.000000,0.592424,3.633216,4.932025,1.963959,4.932025,1.963959,0.183865,2.000000,1.000000
18630.000000,4.932025,1.963959,0.000000,0.000000,0.000000,2.000000,0.000000,3.000000,0.000000,0.000000,0.000000,-0.000000,-0.000000,-0.401382,0.000000,0.000000,1.000000,2.000000,0.592424,3.633216,4.932025,1.963959,4.932025,1.963959,0.183865,2.000000,1.000000
18640.000000,4.932025,1.963959,0.000000,0.000000,0.000000,2.000000,0.000000,3.000000,0.000000,0.000000,0.000000,-0.000000,-0.000000,-0.408857,0.000000,0.000000,1.000000,2.000000,0.592424,3.633216,4.932025,1.963959,4.932025,1.963959,0.183865,2.000000,1.000000
18650.000000,4.932025,1.963959,0.000000,0.000000,0.000000,2.000000,0.000000,3.000000,0.000000,0.000000,0.000000,-0.000000,-0.000000,-0.401520,0.000000,0.000000,1.000000,2.000000,0.592424,3.633216,4.932025,1.963959,4.932025,1.963959,0.183865,2.000000,1.000000
18660.000000,4.932025,1.963959,0.000000,0.000000,0.000000,2.000000,0.000000,3.000000,0.000000,0.000000,0.000000,-0.000000,-0.000000,-0.396570,0.000000,0.000000,1.000000,2.000000,0.592424,3.633216,4.932025,1.963959,4.932025,1.963959,0.183865,2.000000,1.000000
18670.000000,4.932025,1.963959,0.000000,0.000000,0.000000,2.000000,0.000000,3.000000,0.000000,0.000000,0.000000,-0.000000,-0.000000,-0.393096,0.000000,0.000000,1.000000,2.000000,0.592424,3.633216,4.932025,1.963959,4.932025,1.963959,0.183865,2.000000,1.000000
18680.000000,4.932025,1.963959,0.000000,0.000000,0.000000,2.000000,0.000000,3.000000,0.000000,0.000000,0.000000,-0.000000,-0.000000,-0.391555,0.000000,0.000000,1.000000,2.000000,0.592424,3.633216,4.932025,1.963959,4.932025,1.963959,0.183865,2.000000,1.000000
18690.000000,4.932025,1.963959,0.000000,0.000000,0.000000,2.000000,0.000000,3.000000,0.000000,0.000000,0.000000,-0.000000,-0.000000,-0.393527,0.000000,0.000000,1.000000,2.000000,0.592424,3.633216,4.932025,1.963959,4.932025,1.963959,0.183865,2.000000,1.000000
18700.000000,4.932025,1.963959,0.000000,0.000000,0.000000,2.000000,0.000000,3.000000,0.000000,0.000000,0.000000,-0.000000,-0.000000,-0.392290,0.000000,0.000000,1.000000,2.000000,0.592424,3.633216,4.932025,1.963959,4.932025,1.963959,0.183865,2.000000,1.000000
18710.000000,4.932025,1.963959,0.000000,0.000000,0.000000,2.000000,0.000000,3.000000,0.000000,0.000000,0.000000,-0.000000,-0.000000,-0.391298,0.000000,0.000000,1.000000,2.000000,0.592424,3.633216,4.932025,1.963959,4.932025,1.963959,0.183865,2.000000,1.000000
18720.000000,4.932025,1.963959,0.000000,0.000000,0.000000,2.000000,0.000000,3.000000,0.000000,0.000000,0.000000,-0.000000,-0.000000,-0.389772,0.000000,0.000000,1.000000,2.000000,0.592424,3.633216,4.932025,1.963959,4.932025,1.963959,0.183865,2.000000,1.000000
18730.000000,4.932025,1.963959,0.000000,0.000000,0.000000,2.000000,0.000000,3.000000,0.000000,0.000000,0.000000,-0.000000,-0.000000,-0.388257,0.000000,0.000000,1.000000,2.000000,0.592424,3.633216,4.932025,1.963959,4.932025,1.963959,0.183865,2.000000,1.000000
18740.000000,4.932025,1.963959,0.000000,0.000000,0.000000,2.000000,0.000000,3.000000,0.000000,0.000000,0.000000,-0.000000,-0.000000,-0.386792,0.000000,0.000000,1.000000,2.000000,0.592424,3.633216,4.932025,1.963959,4.932025,1.963959,0.183865,2.000000,1.000000
18750.000000,4.932025,1.963959,0.000000,0.000000,0.000000,2.000000,0.000000,3.000000,0.000000,0.000000,0.000000,-0.000000,-0.000000,-0.386433,0.000000,0.000000,1.000000,2.000000,0.592424,3.633216,4.932025,1.963959,4.932025,1.963959,0.183865,2.000000,1.000000
18760.000000,4.932025,1.963959,0.000000,0.000000,0.000000,2.000000,0.000000,3.000000,0.000000,0.000000,0.000000,-0.000000,-0.000000,-0.386859,0.000000,0.000000,1.000000,2.000000,0.592424,3.633216,4.932025,1.963959,4.932025,1.963959,0.183865,2.000000,1.000000
18770.000000,4.932025,1.963959,0.000000,0.000000,0.000000,2.000000,0.000000,3.000000,0.000000,0.000000,0.000000,-0.000000,-0.000000,-0.385367,0.000000,0.000000,1.000000,2.000000,0.592424,3.633216,4.932025,1.963959,4.932025,1.963959,0.183865,2.000000,1.000000
18780.000000,4.932025,1.963959,0.000000,0.000000,0.000000,2.000000,0.000000,3.000000,0.000000,0.000000,0.000000,-0.000000,-0.000000,-0.382148,0.000000,0.000000,1.000000,2.000000,0.592424,3.633216,4.932025,1.963959,4.932025,1.963959,0.183865,2.000000,1.000000
18790.000000,4.932025,1.963959,0.000000,0.000000,0.000000,2.000000,0.000000,3.000000,0.000000,0.000000,0.000000,-0.000000,-0.000000,-0.380692,0.000000,0.000000,1.000000,2.000000,0.592424,3.633216,4.932025,1.963959,4.932025,1.963959,0.183865,2.000000,1.000000
18800.000000,4.932025,1.963959,0.000000,0.000000,0.000000,2.000000,0.000000,3.000000,0.000000,0.000000,0.000000,-0.000000,-0.000000,-0.372057,0.000000,0.000000,1.000000,2.000000,0.592424,3.633216,4.932025,1.963959,4.932025,1.963959,0.183865,2.000000,1.000000
18810.000000,4.932025,1.963959,0.000000,0.000000,0.000000,2.000000,0.000000,3.000000,0.000000,0.000000,0.000000,-0.000000,-0.000000,-0.370677,0.000000,0.000000,1.000000,2.000000,0.592424,3.633216,4.932025,1.963959,4.932025,1.963959,0.183865,2.000000,1.000000
18820.000000,4.932025,1.963959,0.000000,0.000000,0.000000,2.000000,0.000000,3.000000,0.000000,0.000000,0.000000,-0.000000,-0.000000,-0.369465,0.000000,0.000000,1.000000,2.000000,0.592424,3.633216,4.932025,1.963959,4.932025,1.963959,0.183865,2.000000,1.000000
18830.000000,4.932025,1.963959,0.000000,0.000000,0.000000,2.000000,0.000000,3.000000,0.000000,0.000000,0.000000,-0.000000,-0.000000,-0.378646,0.000000,0.000000,1.000000,2.000000,0.592424,3.633216,4.932025,1.963959,4.932025,1.963959,0.183865,2.000000,1.000000
18840.000000,4.932025,1.963959,0.000000,0.000000,0.000000,2.000000,0.000000,3.000000,0.000000,0.000000,0.000000,-0.000000,-0.000000,-0.369314,0.000000,0.000000,1.000000,2.000000,0.592424,3.633216,4.932025,1.963959,4.932025,1.963959,0.183865,2.000000,1.000000
18850.000000,4.932025,1.963959,0.000000,0.000000,0.000000,2.000000,0.000000,3.000000,0.000000,0.000000,0.000000,-0.000000,-0.000000,-0.366924,0.000000,0.000000,1.000000,2.000000,0.592424,3.633216,4.932025,1.963959,4.932025,1.963959,0.183865,2.000000,1.000000
18860.000000,4.932025,1.963959,0.000000,0.000000,0.000000,2.000000,0.000000,3.000000,0.000000,0.000000,0.000000,-0.000000,-0.000000,-0.365581,0.000000,0.000000,1.000000,2.000000,0.592424,3.633216,4.932025,1.963959,4.932025,1.963959,0.183865,2.000000,1.000000
18870.000000,4.932025,1.963959,0.000000,0.000000,0.000000,2.000000,0.000000,3.000000,0.000000,0.000000,0.000000,-0.000000,-0.000000,-0.367429,0.000000,0.000000,1.000000,2.000000,0.592424,3.633216,4.932025,1.963959,4.932025,1.963959,0.183865,2.000000,1.000000
18880.000000,4.932025,1.963959,0.000000,0.000000,0.000000,2.000000,0.000000,3.000000,0.000000,0.000000,0.000000,-0.000000,-0.000000,-0.366083,0.000000,0.000000,1.000000,2.000000,0.592424,3.633216,4.932025,1.963959,4.932025,1.963959,0.183865,2.000000,1.000000
